landmark_id,first_frame_idx,last_frame_idx,slots_seen,creation_depth_m
0,0,3,LAE,18.361485070430966
1,0,1,LAE,7.6453067642822665
2,0,3,LAE,16.016648409037774
3,0,34,LAE,17.09710543594135
4,0,1,LAE,18.97658059267396
5,0,10,LAE,18.91942653219378
6,0,1,LAE,47.723881886129185
7,0,15,LAE,18.620176985625772
8,0,16,LAE,19.340879725442377
9,0,2,LAE,0.7142498868893019
10,0,1,LAE,10.417823181860886
11,0,2,LAE,1.155138609731181
12,0,1,LAE,13.358560184029244
13,0,10,LAE,33.245964229632676
14,0,1,LAE,0.5979574147333002
15,0,2,LAE,13.954631534816567
16,0,1,LAE,1.1718994737460142
17,0,4,LAE,28.529898144552327
18,0,7,LAE,12.96177338599521
19,0,9,LAE,13.286004972044262
20,0,4,LAE,25.359090230583696
21,0,3,LAE,16.228969183464272
22,0,16,LAE,43.05536410821754
23,0,4,LAE,15.043398281191841
24,0,7,LAE,16.92592964166692
25,0,7,LAE,14.482985949350601
26,0,1,LAE,8.510624968805526
27,0,1,LAE,0.7007442337997619
28,0,7,LAE,19.052748880395864
29,0,4,LAE,3.4725645167928514
30,0,2,LAE,20.260932153334483
31,0,3,LAE,12.198766409133151
32,0,1,LAE,3.8895820969839767
33,0,5,LAE,2.6603086889393963
34,0,1,LAE,0.6079278911175788
35,0,2,LAE,0.8993943382173905
36,0,1,LAE,0.6754638072501824
37,0,4,LAE,16.227990116921106
38,0,1,LAE,0.8932312508110951
39,0,4,LAE,20.392920663392033
40,0,2,LAE,1.0646365837702527
41,0,3,LAE,25.11990390465206
42,0,4,LAE,20.750361288819192
43,0,4,LAE,16.42238849849632
44,0,7,LAE,13.758940650498714
45,0,6,LAE,10.753457327384803
46,0,1,LAE,22.25340937097738
47,0,4,LAE,57.26119482056324
48,0,1,LAE,25.918751403510374
49,0,1,LAE,21.444230578917765
50,0,15,LAE,18.746951672721426
51,0,2,LAE,0.7157293614278555
52,0,1,LAE,1.056439264571714
53,0,5,LAE,14.421654348633844
54,0,1,LAE,1.1818864337811126
55,0,1,LAE,17.998265760891098
56,0,6,LAE,5.321737338654326
57,0,3,LAE,11.399121645012832
58,0,10,LAE,20.50930505191201
59,0,2,LAE,21.448903666512866
60,0,2,LAE,1.079662521114402
61,0,4,LAE,13.316051366327402
62,0,11,LAE,13.275019582161576
63,0,1,LAE,39.37101646842923
64,0,1,LAE,28.31427575399498
65,0,7,LAE,27.590546974794574
66,0,1,LAE,18.577542404695983
67,0,1,LAE,12.385155583469885
68,0,1,LAE,0.5429102031346522
69,0,2,LAE,17.405197625998298
70,0,1,LAE,0.8414203170699076
71,0,24,LAE,18.64530398621579
72,0,1,LAE,5.058373716465332
73,0,2,LAE,20.306228377334154
74,0,4,LAE,11.16464630860376
75,0,1,LAE,15.73535383151525
76,0,1,LAE,1.0656617158449495
77,0,1,LAE,22.234970124344724
78,0,7,LAE,43.70588694412508
79,0,2,LAE,0.6074769979324502
80,0,6,LAE,11.415772268587485
81,0,10,LAE,30.632362697909134
82,0,2,LAE,0.8894492915107328
83,0,3,LAE,20.874407968401126
84,0,47,LAE,32.41242022913837
85,0,1,LAE,10.257738011883996
86,0,10,LAE,18.013198868231164
87,0,1,LAE,17.72077604842059
88,0,3,LAE,12.263515274164847
89,0,9,LAE,18.095814997043263
90,0,2,LAE,1.3841518523877379
91,0,2,LAE,0.8781349519047316
92,0,2,LAE,2.1975313638283978
93,0,1,LAE,56.15303341098009
94,0,3,LAE,1.878726044162986
95,0,1,LAE,0.6104422478157043
96,0,1,LAE,27.91973924507482
97,0,20,LAE,19.877816947356976
98,0,4,LAE,11.474858235296127
99,0,8,LAE,14.047399646888634
100,0,6,LAE,18.408584849094268
101,0,2,LAE,1.1082149372830485
102,0,2,LAE,16.072274299493024
103,0,2,LAE,0.9108420448505068
104,0,2,LAE,1.0650398585860519
105,0,3,LAE,18.65342112259404
106,0,2,LAE,38.19521172225942
107,0,7,LAE,10.383169398403805
108,0,2,LAE,22.33160428102071
109,0,5,LAE,17.523326961493055
110,0,4,LAE,1.5449653632444669
111,0,5,LAE,10.627577291277646
112,0,2,LAE,1.5550782063975055
113,0,2,LAE,14.00563865378567
114,0,10,LAE,11.372431742397604
115,0,3,LAE,46.398334075289455
116,0,2,LAE,14.79304366699875
117,0,3,LAE,12.146777973290751
118,0,2,LAE,10.139152444075116
119,0,2,LAE,1.8444717225821863
120,0,5,LAE,2.660547229001259
121,0,6,LAE,21.879026930601462
122,0,2,LAE,15.890474099825813
123,0,14,LAE,15.247367204181582
124,0,2,LAE,1.307105496494107
125,0,2,LAE,0.7160047401955774
126,0,2,LAE,16.862741500691207
127,0,6,LAE,11.499652182130395
128,0,5,LAE,27.438238491911473
129,0,2,LAE,0.8926485177558758
130,0,7,LAE,41.88286690751638
131,0,2,LAE,25.495067157006822
132,0,4,LAE,14.652175672276433
133,0,2,LAE,15.259169928078304
134,0,2,LAE,3.0937261746706737
135,0,2,LAE,1.1998701028492649
136,0,6,LAE,25.19671380155071
137,0,2,LAE,0.7745873008334836
138,0,4,LAE,15.997212835801692
139,0,10,LAE,11.120956246703422
140,0,2,LAE,1.295227472671634
141,0,2,LAE,12.271070238921393
142,0,2,LAE,0.6532405652507602
143,0,5,LAE,18.233305213354917
144,0,2,LAE,36.94046138250949
145,0,2,LAE,18.967420895505143
146,0,2,LAE,47.16138951369533
147,0,3,LAE,1.098185349426767
148,1,2,LAE,1.2863243835800842
149,1,2,LAE,0.7584453004386619
150,1,8,LAE,17.258642332345165
151,1,6,LAE,30.95744841770626
152,1,2,LAE,0.7173524916583834
153,1,14,LAE,18.84055455606347
154,1,2,LAE,0.6402609517746192
155,1,4,LAE,15.629761772572696
156,1,13,LAE,16.58876633128736
157,1,3,LAE,14.428965193641243
158,1,2,LAE,1.0971460672968443
159,1,2,LAE,0.9928694443276415
160,1,16,LAE,20.55451208017918
161,1,2,LAE,16.96537083251529
162,1,7,LAE,22.145009529029927
163,1,6,LAE,16.515308801776033
164,1,2,LAE,22.481087490287628
165,1,5,LAE,22.283786094606143
166,1,2,LAE,19.9224254401375
167,1,4,LAE,4.372966698711712
168,1,8,LAE,13.29494103698144
169,1,2,LAE,9.43052785970967
170,1,2,LAE,11.29889999409658
171,1,5,LAE,13.997376583283481
172,1,2,LAE,25.719896965600007
173,1,3,LAE,14.634798120268716
174,1,2,LAE,15.007767155289523
175,1,2,LAE,13.272841824840144
176,1,10,LAE,13.576168985522706
177,1,2,LAE,2.046968455371443
178,1,2,LAE,33.243467503802535
179,1,10,LAE,15.553466123897758
180,1,2,LAE,1.107275470430158
181,0,8,LAE,15.799274909637294
182,0,7,LAE,23.47056641310489
183,0,3,LAE,10.622136785035039
184,0,5,LAE,5.399296540431032
185,0,3,LAE,1.4649962821369664
186,0,4,LAE,14.669792890226018
187,0,3,LAE,17.03826583066679
188,0,3,LAE,25.236505327409265
189,0,3,LAE,30.35180543968198
190,0,5,LAE,16.548252324631456
191,0,5,LAE,15.851933869420298
192,0,15,LAE,11.4392239418284
193,0,3,LAE,1.0799940301159383
194,0,3,LAE,16.112217988361266
195,1,3,LAE,11.424727972434763
196,1,10,LAE,20.83851824468348
197,1,5,LAE,15.909353751750867
198,1,11,LAE,16.455178012172418
199,1,3,LAE,18.45122400034907
200,1,3,LAE,1.571234150795752
201,1,5,LAE,17.292612911009876
202,1,4,LAE,2.6308136663899826
203,1,8,LAE,12.622855134561267
204,1,5,LAE,2.5388536832359465
205,1,3,LAE,45.817082525793815
206,1,7,LAE,17.71047817382993
207,1,3,LAE,15.88097777774211
208,1,3,LAE,29.867442319446575
209,1,3,LAE,30.54502942579304
210,1,6,LAE,4.03684075834195
211,1,5,LAE,14.963899808086595
212,1,3,LAE,19.914154375503717
213,1,3,LAE,11.963699445763744
214,2,6,LAE,17.27028434808489
215,2,10,LAE,12.022057228742792
216,2,5,LAE,1.7711368048001987
217,2,3,LAE,24.321227756890174
218,2,4,LAE,16.46736854544717
219,2,6,LAE,28.58842955973197
220,2,13,LAE,17.51056143300984
221,2,3,LAE,22.1168148893395
222,2,3,LAE,31.952754058633687
223,2,8,LAE,9.63227884458549
224,2,11,LAE,13.265195309225174
225,2,11,LAE,15.986963619295546
226,2,3,LAE,11.418849935037173
227,2,10,LAE,16.71296572084024
228,2,3,LAE,11.632425123456914
229,2,3,LAE,13.07574927697716
230,2,3,LAE,33.19792365440961
231,2,4,LAE,10.222786423878393
232,2,3,LAE,16.987367600722198
233,2,3,LAE,36.48392282977339
234,2,4,LAE,1.507068800617723
235,2,4,LAE,11.952493870465085
236,2,3,LAE,19.079207803011194
237,2,3,LAE,1.7852627682203792
238,2,3,LAE,11.745720240264882
239,2,4,LAE,1.9066535907726063
240,0,16,LAE,33.19565212449917
241,0,4,LAE,53.34709692405463
242,0,7,LAE,19.675045996206045
243,0,4,LAE,19.06266750232858
244,0,8,LAE,15.734541522936114
245,0,4,LAE,27.880027388330593
246,0,7,LAE,13.465236377031113
247,0,4,LAE,40.75177661103546
248,0,4,LAE,15.794025110316444
249,0,4,LAE,5.761985916597175
250,1,4,LAE,3.2346876989396205
251,1,4,LAE,19.231846654230043
252,1,4,LAE,2.446703146301687
253,1,8,LAE,22.825380742895735
254,1,9,LAE,19.861742940351654
255,1,6,LAE,14.577424127196679
256,1,4,LAE,16.664657861843548
257,1,4,LAE,10.245692303473147
258,1,4,LAE,10.054623754239252
259,1,4,LAE,23.220005507694
260,1,9,LAE,17.00082231981801
261,1,4,LAE,15.517206921667821
262,1,4,LAE,22.2856738731235
263,1,24,LAE,16.03536660052417
264,1,4,LAE,8.62688117853222
265,1,4,LAE,8.57422526466413
266,2,6,LAE,11.755358144769188
267,2,9,LAE,16.34370613970055
268,2,6,LAE,15.737988640453812
269,2,9,LAE,27.4845775682255
270,2,4,LAE,14.91052115358143
271,2,5,LAE,2.7420140024721658
272,2,5,LAE,40.0409890753529
273,2,4,LAE,2.1017791841559745
274,2,4,LAE,5.818895644660078
275,2,4,LAE,19.930955613334977
276,2,4,LAE,37.70555219517706
277,2,4,LAE,21.631015227209378
278,2,4,LAE,19.53902907515539
279,3,4,LAE,17.332612020714144
280,3,12,LAE,13.7940977637832
281,3,8,LAE,23.408099050408556
282,3,9,LAE,17.19484789061533
283,3,7,LAE,34.28254206739014
284,3,8,LAE,14.56612942618305
285,3,4,LAE,21.487336855694142
286,3,8,LAE,10.786054896176566
287,3,4,LAE,21.71620683037847
288,3,5,LAE,13.60650364449707
289,3,4,LAE,22.855815755440513
290,3,4,LAE,18.2630494278532
291,3,4,LAE,11.034032951962361
292,3,5,LAE,16.86650911323314
293,3,4,LAE,21.73912212757891
294,3,4,LAE,12.398089281144156
295,3,4,LAE,20.02394671651294
296,3,5,LAE,11.161084323851725
297,3,4,LAE,14.681381818575728
298,3,8,LAE,10.366579647328246
299,3,4,LAE,4.906755629833917
300,3,5,LAE,1.8543799916445607
301,3,4,LAE,13.219923057505381
302,3,4,LAE,3.0481314393167582
303,3,4,LAE,1.1659581314598146
304,3,6,LAE,26.093294501076777
305,3,4,LAE,15.304268826634091
306,3,4,LAE,21.33237163978543
307,3,10,LAE,16.30119905462129
308,3,4,LAE,25.791543732822664
309,3,4,LAE,28.256711647835438
310,3,4,LAE,17.201029027582752
311,1,7,LAE,14.094208741653985
312,1,8,LAE,31.745252224485665
313,1,26,LAE,15.138102526294697
314,1,5,LAE,17.729383970705154
315,1,5,LAE,5.644877625342369
316,1,5,LAE,17.87333338456254
317,1,10,LAE,33.98633999657392
318,1,5,LAE,54.65622324603761
319,1,5,LAE,30.23726118582604
320,2,10,LAE,55.90015579543898
321,2,6,LAE,11.185907340857455
322,2,5,LAE,21.250210954989814
323,2,5,LAE,8.096686415417881
324,2,6,LAE,12.382324571146038
325,3,6,LAE,17.118024599503165
326,3,5,LAE,11.238412435170424
327,3,9,LAE,10.09128564788605
328,3,11,LAE,15.629513899493084
329,3,7,LAE,23.347453384066807
330,3,5,LAE,26.136680443118067
331,3,7,LAE,11.895611397752486
332,3,5,LAE,29.386477718116712
333,3,5,LAE,11.477708278726254
334,3,5,LAE,10.758642136975027
335,3,5,LAE,17.789496709818636
336,3,5,LAE,11.037903868074109
337,3,5,LAE,11.426187447328216
338,3,8,LAE,26.93304137684443
339,3,5,LAE,20.14358979931428
340,3,7,LAE,59.152646545133244
341,4,6,LAE,20.669869289023676
342,4,8,LAE,12.57736645441878
343,4,5,LAE,11.08009124677137
344,4,5,LAE,16.598591485593563
345,4,5,LAE,7.850673748999092
346,4,5,LAE,6.831749210714407
347,4,5,LAE,11.587933041405122
348,4,5,LAE,15.642697141189469
349,4,5,LAE,17.287426010761017
350,4,5,LAE,22.472527686559186
351,4,5,LAE,29.521606067959276
352,4,5,LAE,18.122655175517135
353,4,5,LAE,12.042082075358302
354,4,5,LAE,17.217651856393903
355,4,5,LAE,12.972040001042638
356,4,5,LAE,29.65562834205796
357,2,6,LAE,19.400028890254358
358,3,6,LAE,25.328308128074884
359,3,6,LAE,11.73675449907117
360,3,6,LAE,18.507948690820413
361,3,7,LAE,30.48420842857538
362,3,6,LAE,18.189777457072193
363,3,6,LAE,8.662407170583503
364,3,6,LAE,16.43890228186346
365,3,8,LAE,9.959901915592084
366,3,9,LAE,17.06144628723868
367,4,6,LAE,22.22038945112557
368,4,6,LAE,37.599547787210675
369,4,8,LAE,11.488645642293372
370,4,7,LAE,32.89206711887093
371,4,7,LAE,11.787339281555937
372,4,9,LAE,13.88915361395403
373,4,6,LAE,27.23289936865387
374,4,6,LAE,26.069951960772432
375,5,6,LAE,37.71405863175397
376,5,9,LAE,14.345234668362176
377,5,6,LAE,16.99548126840854
378,5,6,LAE,2.4443973856547196
379,5,12,LAE,11.94714908656883
380,5,8,LAE,4.013120486676131
381,5,6,LAE,19.522466235476738
382,5,7,LAE,19.88712652049595
383,5,9,LAE,24.714886942407798
384,5,6,LAE,13.991172622300729
385,5,6,LAE,56.43382801477644
386,5,6,LAE,3.070433910824689
387,5,6,LAE,11.746108600272526
388,5,8,LAE,24.15784839284306
389,5,6,LAE,1.6264329150260408
390,5,6,LAE,13.757403691702608
391,5,6,LAE,10.205870337600812
392,5,6,LAE,3.7824045374380413
393,5,6,LAE,1.3974413746347873
394,5,6,LAE,14.886123273494823
395,5,6,LAE,3.044150646037765
396,5,6,LAE,3.293647951929629
397,3,7,LAE,11.896642341734406
398,3,7,LAE,10.370883367063174
399,3,9,LAE,22.31260815379518
400,3,7,LAE,24.077659389736038
401,3,7,LAE,23.62785378000683
402,3,7,LAE,11.13711513756013
403,3,11,LAE,27.56241706285346
404,3,11,LAE,23.938423015938643
405,4,7,LAE,12.434503787389849
406,4,7,LAE,15.389783402258796
407,4,9,LAE,14.1919400698612
408,5,7,LAE,8.917569842183253
409,5,7,LAE,2.530112095120419
410,5,10,LAE,15.191423679313377
411,5,7,LAE,10.847837218909168
412,5,7,LAE,2.859202350861699
413,5,7,LAE,14.169877033692014
414,5,11,LAE,47.78767500586975
415,5,7,LAE,13.413483906639799
416,5,9,LAE,12.658609176539901
417,5,7,LAE,13.456951819097343
418,5,7,LAE,17.113063250713708
419,6,7,LAE,32.84324318146671
420,6,15,LAE,15.192346620620503
421,6,7,LAE,2.494887556785272
422,6,14,LAE,18.30161324229501
423,6,10,LAE,26.169711883370084
424,6,8,LAE,15.127363628706444
425,6,10,LAE,41.79091536758382
426,6,14,LAE,44.39947739184489
427,6,7,LAE,2.4918294251312605
428,6,7,LAE,30.010906199225307
429,6,7,LAE,2.500978098832305
430,6,7,LAE,9.935814353485908
431,6,10,LAE,11.328421585011212
432,6,8,LAE,2.5389572139149457
433,6,17,LAE,36.34771291527219
434,6,7,LAE,20.7117099297936
435,6,10,LAE,43.77648574095023
436,6,9,LAE,13.39389326718449
437,6,9,LAE,18.658578216547212
438,6,7,LAE,13.125369640084795
439,6,7,LAE,2.20286645089856
440,6,7,LAE,49.82857452165513
441,6,8,LAE,2.747963597712186
442,6,7,LAE,12.858683665251908
443,6,7,LAE,36.81954215293938
444,6,7,LAE,2.3104140927328713
445,6,8,LAE,3.7859551759064467
446,5,11,LAE,19.457147841880342
447,5,10,LAE,16.19133813792552
448,5,13,LAE,14.210205208597845
449,5,8,LAE,21.28139938833841
450,5,8,LAE,9.423468401124685
451,5,8,LAE,12.93681743959346
452,6,8,LAE,10.1243887705954
453,6,8,LAE,16.13332215745854
454,6,8,LAE,10.262220276222433
455,6,11,LAE,14.506927811173558
456,6,8,LAE,20.284191232084467
457,6,10,LAE,22.29146507540388
458,6,8,LAE,8.926541598557375
459,6,9,LAE,14.426771221019127
460,6,8,LAE,11.42446486159023
461,6,10,LAE,10.219137462376592
462,6,8,LAE,9.473852937359503
463,6,10,LAE,36.52259606960087
464,6,12,LAE,16.166540253243184
465,6,8,LAE,32.34482281900893
466,7,58,LAE,36.92709184481584
467,7,8,LAE,27.476024008190635
468,7,8,LAE,58.38365521437056
469,7,8,LAE,55.66602056186746
470,7,8,LAE,24.881992167218772
471,7,8,LAE,2.3306262909029463
472,7,9,LAE,59.48701169178767
473,7,10,LAE,16.550898263486033
474,7,13,LAE,13.381387431989339
475,7,8,LAE,8.777278324113745
476,7,8,LAE,1.2141972458422265
477,7,8,LAE,25.655619987917227
478,7,8,LAE,35.963825504137326
479,7,8,LAE,9.999008245746781
480,7,8,LAE,1.4421835524698334
481,7,8,LAE,12.241875701958433
482,7,8,LAE,29.118954955993278
483,7,8,LAE,14.6658530799972
484,7,13,LAE,31.9045399973256
485,7,8,LAE,12.773830465812475
486,7,8,LAE,6.812035627269708
487,7,8,LAE,17.4105946243114
488,7,8,LAE,12.666728550989394
489,7,8,LAE,21.816135856959452
490,7,10,LAE,24.488782546470606
491,7,17,LAE,37.56666321349051
492,5,9,LAE,20.239693309936428
493,5,9,LAE,33.07676238413238
494,5,9,LAE,16.400779377354795
495,5,9,LAE,9.586382538120967
496,5,9,LAE,22.094414190484017
497,5,9,LAE,30.47608159746037
498,6,9,LAE,31.5506464110091
499,6,11,LAE,48.349026137142516
500,6,11,LAE,16.6496932670485
501,6,12,LAE,13.80104782843984
502,6,9,LAE,16.339378536208258
503,6,9,LAE,25.534057169740244
504,7,11,LAE,48.77947365615726
505,7,9,LAE,10.17419986191455
506,7,18,LAE,9.892637717826855
507,7,10,LAE,10.148487574344768
508,7,9,LAE,36.24315882160463
509,7,11,LAE,18.79642389509402
510,7,10,LAE,13.932935008294042
511,7,9,LAE,10.527639069042358
512,7,12,LAE,19.788774698040736
513,7,10,LAE,11.584929578080478
514,7,9,LAE,16.19075428354717
515,7,13,LAE,11.803266367463058
516,8,13,LAE,11.351112553943478
517,8,9,LAE,11.574142302450868
518,8,9,LAE,11.128665549272467
519,8,10,LAE,42.815771040772596
520,8,10,LAE,26.47546297409522
521,8,9,LAE,16.406829259476407
522,8,16,LAE,10.766959170330045
523,8,12,LAE,31.177140178457183
524,8,9,LAE,34.43970362270173
525,8,9,LAE,12.911967066947218
526,8,10,LAE,8.476249601849581
527,8,9,LAE,10.592650474835786
528,8,9,LAE,14.24808612807212
529,8,10,LAE,17.308157026679446
530,8,9,LAE,16.409011918673663
531,8,9,LAE,16.5316708728402
532,8,9,LAE,18.374035976718044
533,8,9,LAE,18.58177727416063
534,8,10,LAE,12.945446309259799
535,8,9,LAE,23.72444345308427
536,8,13,LAE,12.563804656758464
537,8,9,LAE,15.242169377228752
538,8,9,LAE,11.339505570952946
539,6,10,LAE,27.51249299652642
540,6,14,LAE,11.245956486710114
541,6,15,LAE,25.12433006226035
542,6,10,LAE,31.587568420689674
543,6,13,LAE,22.283483869108203
544,6,11,LAE,34.299914062639694
545,6,10,LAE,12.877655678657176
546,7,10,LAE,25.621422149731078
547,7,14,LAE,15.616075138483094
548,7,10,LAE,7.441181608900856
549,7,10,LAE,12.21756901312612
550,7,10,LAE,6.401154958265614
551,7,21,LAE,13.53214669030284
552,7,10,LAE,25.193331390071663
553,8,12,LAE,24.443331238135432
554,8,10,LAE,15.317511979290849
555,8,13,LAE,22.80238674474352
556,8,10,LAE,13.340979806705505
557,8,10,LAE,10.785974613601928
558,8,11,LAE,12.980256614976112
559,8,11,LAE,28.097851441151956
560,8,10,LAE,15.192057802315047
561,8,10,LAE,9.55965328128903
562,8,14,LAE,21.17495375854325
563,8,10,LAE,14.006126595659683
564,8,10,LAE,24.23036908092767
565,8,10,LAE,14.578017861394107
566,9,10,LAE,10.65850708467936
567,9,10,LAE,13.39087208996206
568,9,10,LAE,11.447719683196244
569,9,10,LAE,17.00053116254306
570,9,10,LAE,12.28538897112464
571,9,10,LAE,27.29442460305488
572,9,10,LAE,16.23957912411352
573,9,13,LAE,3.9628250879470954
574,9,10,LAE,16.4092357902758
575,9,10,LAE,41.467227038248296
576,9,10,LAE,18.485959037854837
577,9,12,LAE,27.478662664677096
578,9,10,LAE,46.35481213366144
579,9,10,LAE,1.3281232230508175
580,9,12,LAE,15.649310772893076
581,9,10,LAE,23.503197781554665
582,9,10,LAE,11.055849368527829
583,9,10,LAE,1.9977477151140173
584,9,10,LAE,18.914552378656936
585,9,10,LAE,1.4658080746719184
586,9,10,LAE,31.159905906787703
587,9,14,LAE,12.982678396783202
588,7,11,LAE,17.324593426527606
589,7,11,LAE,16.199218338813726
590,7,11,LAE,21.976830939392723
591,8,11,LAE,12.15262226202853
592,8,11,LAE,14.178143163843178
593,8,11,LAE,9.697089515529676
594,8,11,LAE,12.365716000861362
595,8,14,LAE,26.39397731358468
596,8,11,LAE,22.903213441138895
597,9,11,LAE,19.422577565284634
598,9,12,LAE,22.597696883329785
599,9,11,LAE,14.46595040289789
600,9,11,LAE,36.47503581874402
601,9,11,LAE,12.058883195817149
602,9,11,LAE,15.36068625291237
603,9,11,LAE,14.700140152585217
604,9,13,LAE,11.176756704662898
605,10,11,LAE,1.2046507452686115
606,10,11,LAE,14.693133489913013
607,10,18,LAE,20.45618977786593
608,10,11,LAE,10.308323708795351
609,10,11,LAE,15.162059431670633
610,10,14,LAE,10.715281693426645
611,10,11,LAE,21.689798360575615
612,10,15,LAE,16.45040678521555
613,10,11,LAE,9.265258709706924
614,10,12,LAE,29.514810372769297
615,10,11,LAE,13.757957154796905
616,10,11,LAE,2.782012155244406
617,10,17,LAE,14.178425262339776
618,10,11,LAE,13.557999798096658
619,10,11,LAE,34.749948703820166
620,10,14,LAE,32.97119645595765
621,10,12,LAE,4.512704993635399
622,8,13,LAE,14.914664972218128
623,8,12,LAE,12.55425538637925
624,8,12,LAE,27.12429364138334
625,9,12,LAE,15.921635592487823
626,9,12,LAE,14.781195703210662
627,9,12,LAE,18.05311264897895
628,9,13,LAE,15.356551832174029
629,9,16,LAE,20.528301473971954
630,10,12,LAE,12.049585814627097
631,10,12,LAE,12.370397554425399
632,10,12,LAE,22.547157229084043
633,10,12,LAE,9.025957633230728
634,11,12,LAE,14.549069908694273
635,11,15,LAE,14.21747275012768
636,11,12,LAE,18.612343787183345
637,11,14,LAE,23.925398542312106
638,11,12,LAE,21.1575761474784
639,11,13,LAE,31.359893790661843
640,11,12,LAE,15.796307263325222
641,11,12,LAE,1.3279827309910657
642,11,22,LAE,13.743549412051248
643,11,12,LAE,19.01404270126947
644,11,14,LAE,21.24675349227932
645,11,14,LAE,18.640945504640804
646,11,14,LAE,10.096184478035326
647,11,12,LAE,13.813272648880071
648,11,12,LAE,10.126911168583817
649,11,13,LAE,14.882968644287697
650,11,14,LAE,9.305304014402408
651,11,13,LAE,21.475108247673504
652,11,16,LAE,14.224154833789354
653,9,16,LAE,14.993059652502366
654,9,14,LAE,24.319426769324163
655,9,13,LAE,15.775836680819529
656,9,13,LAE,47.824083442031565
657,9,13,LAE,13.22207120505411
658,9,13,LAE,58.224148840520094
659,9,17,LAE,17.86900812693973
660,9,13,LAE,19.179256584315045
661,10,20,LAE,20.493652634706617
662,10,13,LAE,13.633795378517618
663,10,13,LAE,10.343331133145591
664,10,17,LAE,14.895783284079364
665,10,15,LAE,11.601425197911585
666,10,13,LAE,21.488568969134917
667,10,16,LAE,20.152198795306333
668,10,13,LAE,10.781009132770158
669,11,16,LAE,22.643996693613012
670,11,13,LAE,16.25137819773311
671,11,14,LAE,24.375007512448946
672,11,17,LAE,14.418533854374484
673,11,15,LAE,45.13598090742288
674,11,17,LAE,28.652467406689684
675,11,13,LAE,21.505762673421703
676,12,13,LAE,12.601212620799588
677,12,14,LAE,37.14237066999916
678,12,15,LAE,11.605503576108614
679,12,14,LAE,10.595896660125607
680,12,13,LAE,11.8919084806009
681,12,15,LAE,21.276184253632394
682,12,15,LAE,16.83143898883476
683,12,14,LAE,12.736137090101833
684,12,16,LAE,27.76102014191962
685,12,13,LAE,12.608891234853665
686,12,13,LAE,20.39346707760153
687,12,13,LAE,12.305953980966269
688,12,13,LAE,34.9652123192793
689,12,18,LAE,18.774946192802833
690,12,17,LAE,13.347252599399434
691,12,13,LAE,1.973610119273347
692,12,13,LAE,10.418007232051353
693,10,14,LAE,15.462550500395734
694,10,14,LAE,7.3487090951536524
695,10,14,LAE,9.985600269032075
696,11,14,LAE,14.516424695065705
697,11,14,LAE,27.883584416384164
698,11,14,LAE,17.40961161852806
699,12,14,LAE,14.38057021243445
700,12,16,LAE,14.370149928350648
701,12,14,LAE,27.657348358527813
702,12,16,LAE,36.917003248100286
703,13,14,LAE,2.3775995472457847
704,13,18,LAE,16.746886300151935
705,13,15,LAE,4.709825312439731
706,13,15,LAE,9.913552681050543
707,13,15,LAE,8.326972540312568
708,13,14,LAE,26.02738879547437
709,13,14,LAE,22.075829210817815
710,13,14,LAE,40.76275958529763
711,13,14,LAE,16.16103164280871
712,13,14,LAE,22.005071749293716
713,13,17,LAE,18.677696725762775
714,13,31,LAE,13.204926013671546
715,13,14,LAE,11.389582630963096
716,13,17,LAE,16.080521612485253
717,13,14,LAE,12.319394103015966
718,13,15,LAE,9.595835154911207
719,13,15,LAE,2.2305545852026922
720,13,14,LAE,26.876736092287665
721,13,14,LAE,13.87270256096017
722,13,14,LAE,20.49033781327007
723,13,16,LAE,14.180552099235975
724,13,26,LAE,14.233358753580783
725,13,14,LAE,21.708043008113027
726,13,14,LAE,12.726084653062234
727,13,14,LAE,13.550479989646082
728,11,19,LAE,16.064385737611712
729,11,16,LAE,14.265592226073602
730,11,15,LAE,14.756324921278896
731,11,17,LAE,17.077569234290582
732,11,18,LAE,11.93974324206778
733,12,15,LAE,25.367064318911716
734,12,15,LAE,16.867100027478514
735,13,15,LAE,15.511095075370251
736,13,15,LAE,20.242354792529063
737,13,15,LAE,17.923612493771206
738,13,23,LAE,11.630832860614507
739,13,15,LAE,25.97180886894194
740,13,15,LAE,12.738409541412674
741,13,15,LAE,35.282624829925176
742,13,15,LAE,28.837612408196957
743,13,15,LAE,9.97543132524571
744,13,15,LAE,11.468876821320025
745,13,15,LAE,50.89190822512014
746,13,15,LAE,20.354578973777464
747,13,15,LAE,32.62870407852615
748,14,17,LAE,14.476848544941632
749,14,16,LAE,18.4352273902728
750,14,16,LAE,20.878740630703096
751,14,25,LAE,11.351851477448388
752,14,15,LAE,28.850425795315893
753,14,15,LAE,13.693898234020567
754,14,15,LAE,11.653849803769925
755,14,15,LAE,1.772447342698541
756,14,15,LAE,1.7484912685617064
757,14,17,LAE,15.5128355400067
758,14,17,LAE,33.93819923995509
759,14,15,LAE,16.635309447503197
760,14,16,LAE,13.352546072929805
761,14,17,LAE,13.223818564753484
762,14,15,LAE,10.126477009190936
763,14,19,LAE,12.003314411274461
764,14,19,LAE,16.841172638090285
765,12,25,LAE,35.80029858680949
766,12,18,LAE,15.911784365797589
767,13,16,LAE,6.055294882273969
768,13,18,LAE,15.261660576373949
769,13,17,LAE,14.850198808796259
770,13,16,LAE,12.947191942377632
771,13,16,LAE,17.69112888704125
772,14,18,LAE,15.341735283262434
773,14,16,LAE,58.07967600587806
774,14,16,LAE,5.499267323661153
775,14,17,LAE,7.436442072797173
776,14,16,LAE,22.232081589587875
777,14,16,LAE,28.713316841812368
778,14,16,LAE,36.893682234545636
779,14,16,LAE,12.881876292882357
780,15,16,LAE,11.670007391705187
781,15,18,LAE,20.230688725817824
782,15,16,LAE,33.45816376622272
783,15,19,LAE,22.43800827354248
784,15,16,LAE,19.956164977424482
785,15,16,LAE,12.44556411264963
786,15,16,LAE,12.583387038657328
787,15,16,LAE,13.308144841263415
788,15,18,LAE,11.024031594264772
789,15,16,LAE,10.72301786888531
790,15,16,LAE,16.977574282770696
791,15,16,LAE,25.90994409742617
792,15,16,LAE,11.14145052083673
793,15,17,LAE,16.48131996936292
794,15,16,LAE,22.01478190546616
795,15,16,LAE,13.210607635754249
796,15,16,LAE,14.238314757262934
797,15,20,LAE,30.58853166445874
798,15,16,LAE,14.596544061314697
799,15,22,LAE,19.18204346246694
800,15,19,LAE,16.82316082044311
801,15,17,LAE,13.318875833279817
802,13,18,LAE,13.99307946980228
803,14,17,LAE,33.6636630061122
804,14,17,LAE,10.052767390920353
805,14,22,LAE,11.62036824702521
806,14,19,LAE,15.28066304323246
807,15,17,LAE,12.604175955474755
808,15,21,LAE,21.559734171496604
809,15,17,LAE,30.305163143273464
810,15,21,LAE,8.663862813434477
811,15,17,LAE,35.07644657576141
812,15,17,LAE,12.765161668608068
813,15,17,LAE,33.23202515088368
814,15,17,LAE,15.629390060542226
815,15,17,LAE,20.686646105788874
816,15,17,LAE,11.725545105332271
817,16,17,LAE,32.66680433518456
818,16,17,LAE,11.879463237373384
819,16,17,LAE,13.956338925355357
820,16,19,LAE,11.776844420205876
821,16,17,LAE,26.761739025501466
822,16,23,LAE,26.550229741148577
823,16,17,LAE,26.745902609122773
824,16,17,LAE,16.33152131970049
825,16,37,LAE,12.53867138629648
826,16,25,LAE,11.666074027093181
827,16,26,LAE,12.814213199909691
828,16,17,LAE,29.520909169645048
829,16,17,LAE,8.902325297112634
830,16,19,LAE,12.198760851570814
831,14,19,LAE,21.20757163801722
832,15,26,LAE,16.97827735996858
833,15,20,LAE,11.0451529860788
834,16,18,LAE,16.20586919664123
835,16,18,LAE,8.625208458229485
836,16,21,LAE,12.398805312200235
837,17,18,LAE,20.41717893218175
838,17,18,LAE,55.33903203156195
839,17,19,LAE,9.948904118580945
840,17,18,LAE,11.973878507800693
841,17,21,LAE,14.945738945630653
842,17,20,LAE,17.604511552284972
843,17,20,LAE,31.154967865060367
844,17,21,LAE,21.223545198530203
845,17,18,LAE,13.473986490664492
846,17,18,LAE,13.097558813716011
847,17,20,LAE,10.064650949934007
848,17,20,LAE,12.517881720995051
849,17,18,LAE,7.849592553211523
850,17,18,LAE,21.497136233082088
851,17,18,LAE,8.539598598545748
852,17,18,LAE,12.754778880150537
853,17,22,LAE,16.653808131324702
854,17,18,LAE,12.702455500122452
855,15,19,LAE,15.679691248971665
856,15,19,LAE,1.9520273958089487
857,15,26,LAE,16.855647670770196
858,15,23,LAE,10.970082504923408
859,16,20,LAE,17.31813216626928
860,16,19,LAE,15.750627991296449
861,16,19,LAE,31.466025359414864
862,16,21,LAE,14.310694647576021
863,16,19,LAE,13.047982862712676
864,17,19,LAE,22.376945768813105
865,17,29,LAE,10.353332418041395
866,17,21,LAE,8.691736250620945
867,17,20,LAE,10.759849066381344
868,17,19,LAE,20.991526090016297
869,17,32,LAE,11.409472274522182
870,18,19,LAE,8.787867484799184
871,18,19,LAE,18.263570538171813
872,18,19,LAE,6.446788765428033
873,18,19,LAE,30.743222955761645
874,18,26,LAE,10.394433380001837
875,18,22,LAE,19.120352168162864
876,18,25,LAE,10.357296389072504
877,18,19,LAE,32.193624187656475
878,18,20,LAE,14.182841658571856
879,18,19,LAE,10.687456415584872
880,18,21,LAE,15.113450537287278
881,18,19,LAE,7.4414261469909775
882,18,19,LAE,9.041566680437322
883,18,19,LAE,9.289368382483522
884,18,19,LAE,21.01151101920066
885,18,19,LAE,11.124840893809289
886,18,20,LAE,9.789247669069571
887,18,19,LAE,30.0563660773979
888,18,22,LAE,24.759547024637573
889,18,21,LAE,13.11732859664671
890,18,19,LAE,10.277220546712822
891,18,20,LAE,10.727799707569638
892,18,19,LAE,19.201679431804088
893,18,19,LAE,14.732616138122658
894,18,19,LAE,9.78196356655177
895,16,20,LAE,36.95073867115317
896,17,20,LAE,13.596722247515837
897,17,20,LAE,13.041985281960537
898,17,21,LAE,23.14564734920631
899,17,31,LAE,51.680996380202245
900,18,20,LAE,24.539607821396093
901,18,20,LAE,35.61547656971885
902,18,20,LAE,12.394273859944212
903,18,21,LAE,22.10590702188539
904,18,20,LAE,11.129912614235757
905,18,22,LAE,25.03704824542742
906,18,20,LAE,10.707931329436772
907,18,20,LAE,11.128427467070004
908,19,20,LAE,25.366015014192744
909,19,29,LAE,22.03041416214729
910,19,22,LAE,45.9675589178801
911,19,20,LAE,12.01000901728988
912,19,20,LAE,26.88553586692476
913,19,22,LAE,30.821982094389107
914,19,20,LAE,11.415632437650288
915,19,20,LAE,47.76153004114557
916,19,20,LAE,33.40013146160037
917,19,20,LAE,19.052032366801583
918,19,21,LAE,11.497505394377738
919,19,20,LAE,5.954509286460883
920,19,20,LAE,13.999944973278941
921,19,20,LAE,21.536919129732155
922,19,27,LAE,16.47746376256157
923,19,20,LAE,9.449721703083481
924,19,20,LAE,25.903117714374748
925,19,21,LAE,12.311288395322986
926,19,23,LAE,13.281404374120504
927,19,20,LAE,45.872276032835664
928,19,21,LAE,27.296050104145056
929,19,22,LAE,5.957527854849424
930,19,20,LAE,21.046895534178553
931,19,20,LAE,12.67845032674897
932,19,20,LAE,17.17375855174838
933,19,25,LAE,9.381799436332178
934,17,21,LAE,19.927556172415187
935,17,28,LAE,10.32189838399912
936,17,21,LAE,14.314769518451058
937,18,22,LAE,10.105374220320892
938,18,23,LAE,21.696025286890443
939,19,22,LAE,6.061454734634673
940,19,22,LAE,16.36081161483367
941,19,21,LAE,38.78191726095125
942,19,21,LAE,12.20829151285289
943,19,21,LAE,37.340921217318716
944,19,21,LAE,11.025143869839715
945,20,21,LAE,11.235377452158426
946,20,21,LAE,42.54088002106137
947,20,26,LAE,9.332943529411
948,20,21,LAE,13.541607021378557
949,20,21,LAE,11.640219315489912
950,20,24,LAE,12.63889923066086
951,20,25,LAE,8.244032509015442
952,20,21,LAE,11.227148960687705
953,20,24,LAE,18.47450983066485
954,20,21,LAE,9.424843724591215
955,20,21,LAE,10.411047139109023
956,20,25,LAE,6.47961205582721
957,20,22,LAE,16.193108256246713
958,20,21,LAE,2.559713626473114
959,20,21,LAE,22.697499024754304
960,20,22,LAE,11.617082230082353
961,20,21,LAE,16.083702687581095
962,20,22,LAE,10.056954167292618
963,20,21,LAE,14.574701237632835
964,20,21,LAE,14.333601702163707
965,20,23,LAE,19.866009986292106
966,20,21,LAE,12.136092387973617
967,19,26,LAE,34.282542824342954
968,19,22,LAE,27.240845814643485
969,19,22,LAE,27.116011663418195
970,19,26,LAE,21.342426223526665
971,19,22,LAE,23.608703261724646
972,19,22,LAE,31.553151463654128
973,19,22,LAE,11.705107154055726
974,20,26,LAE,9.724214771980433
975,20,23,LAE,16.551487746558248
976,20,25,LAE,11.207594616078577
977,20,22,LAE,10.12108298901671
978,21,22,LAE,8.608884942503122
979,21,23,LAE,5.196041389259971
980,21,22,LAE,14.032891085994542
981,21,22,LAE,8.755762087728387
982,21,24,LAE,19.025930310748596
983,21,22,LAE,14.013591708244231
984,21,22,LAE,40.63222274828814
985,21,22,LAE,8.015235139312392
986,21,31,LAE,13.780277654323253
987,21,22,LAE,10.578182957260912
988,21,22,LAE,5.69574455592383
989,21,22,LAE,12.706258115915684
990,21,31,LAE,9.855167238672625
991,21,22,LAE,8.67336575640363
992,21,22,LAE,12.299846133939045
993,21,22,LAE,10.83177220098308
994,21,28,LAE,13.282297905944018
995,21,22,LAE,12.030110008962524
996,19,26,LAE,10.716373648941968
997,19,23,LAE,11.093415120479646
998,19,24,LAE,10.07756621005029
999,20,23,LAE,15.68228287340878
1000,20,23,LAE,10.25717655752071
1001,21,23,LAE,11.744100999331732
1002,21,23,LAE,12.180291365560956
1003,21,23,LAE,19.68035878358182
1004,21,23,LAE,12.413658321698895
1005,21,30,LAE,11.414955049264368
1006,21,23,LAE,29.153443393152777
1007,22,29,LAE,50.01682574312654
1008,22,26,LAE,19.156284212327865
1009,22,25,LAE,16.0570892566846
1010,22,26,LAE,10.757036661867534
1011,22,23,LAE,7.925688450555636
1012,22,23,LAE,9.236380227610521
1013,22,23,LAE,38.82864496311091
1014,22,23,LAE,18.146462717556982
1015,22,23,LAE,15.378741423701413
1016,22,23,LAE,16.0850260366777
1017,22,28,LAE,8.00382109702032
1018,22,23,LAE,9.459983948248151
1019,22,23,LAE,15.143983445266626
1020,22,24,LAE,9.321471581924646
1021,22,23,LAE,10.524579198909828
1022,22,23,LAE,6.651333294048655
1023,20,24,LAE,19.795568977869642
1024,20,24,LAE,9.286162856556468
1025,21,29,LAE,8.402560336633526
1026,22,24,LAE,24.33332949118753
1027,22,27,LAE,34.27729735242819
1028,22,24,LAE,12.6432070533429
1029,22,24,LAE,8.99375407752478
1030,22,24,LAE,11.403758250690586
1031,23,24,LAE,23.445912842929367
1032,23,28,LAE,7.768390481055286
1033,23,26,LAE,15.301383249600791
1034,23,24,LAE,8.42298157647333
1035,23,33,LAE,12.029517803053887
1036,23,24,LAE,8.452058701601866
1037,23,25,LAE,11.346839057970605
1038,23,24,LAE,9.934541256906657
1039,23,25,LAE,8.366195033937595
1040,23,24,LAE,17.38684422382617
1041,23,24,LAE,13.018792499245214
1042,23,24,LAE,9.271397259980859
1043,23,24,LAE,8.827674549728195
1044,23,24,LAE,45.35772761626269
1045,23,24,LAE,15.521122693841418
1046,23,24,LAE,2.0902729499921184
1047,22,29,LAE,10.246340851384751
1048,22,25,LAE,10.290153270816285
1049,22,25,LAE,9.21284591726446
1050,22,28,LAE,11.649393652692156
1051,22,25,LAE,20.11514937043536
1052,23,25,LAE,18.723486793252967
1053,23,25,LAE,23.042750603870644
1054,23,25,LAE,19.884847584916162
1055,23,28,LAE,41.07688485779258
1056,24,29,LAE,8.406475308067137
1057,24,25,LAE,12.190221847733987
1058,24,25,LAE,37.644226576900344
1059,24,29,LAE,7.539213483401832
1060,24,25,LAE,9.649981047081221
1061,24,25,LAE,9.913926357395042
1062,24,25,LAE,4.928730407455633
1063,24,25,LAE,20.173195263651113
1064,24,25,LAE,6.118588142311047
1065,24,25,LAE,46.08237965794684
1066,24,25,LAE,7.996614907777441
1067,24,25,LAE,7.827264195345645
1068,24,25,LAE,8.804007742534527
1069,24,25,LAE,7.983084334296743
1070,24,25,LAE,17.71062119824773
1071,24,25,LAE,32.42127490150258
1072,24,29,LAE,10.983312191158227
1073,24,25,LAE,4.830487723440726
1074,23,26,LAE,15.45101283817384
1075,23,26,LAE,9.095382023301115
1076,24,26,LAE,12.21682348991185
1077,24,27,LAE,7.352789510991602
1078,24,26,LAE,9.570032544407399
1079,24,27,LAE,9.360951587239864
1080,24,26,LAE,9.176485361548963
1081,24,26,LAE,9.618719614888027
1082,24,26,LAE,8.786635303255407
1083,24,26,LAE,12.07210535369545
1084,24,26,LAE,7.245047407609716
1085,25,26,LAE,3.7219112736260582
1086,25,26,LAE,2.2370809956810422
1087,25,26,LAE,7.667667318389423
1088,25,26,LAE,27.120719359093812
1089,25,26,LAE,7.017045262375424
1090,25,26,LAE,17.810511159052574
1091,25,28,LAE,44.84067030481813
1092,25,28,LAE,7.7141071048251195
1093,25,36,LAE,7.995345464714012
1094,25,26,LAE,12.162409149093511
1095,25,26,LAE,17.5752855466745
1096,25,29,LAE,7.373999475776862
1097,25,29,LAE,11.79089094217033
1098,25,26,LAE,10.690933911223906
1099,25,28,LAE,6.815374749521646
1100,25,28,LAE,7.027028036924039
1101,25,34,LAE,47.53574192921779
1102,25,31,LAE,7.8741536535907
1103,25,26,LAE,9.798023642151282
1104,25,26,LAE,2.387608526661288
1105,25,29,LAE,8.466959649328992
1106,25,26,LAE,5.313999763232059
1107,25,28,LAE,8.26696015144591
1108,23,27,LAE,9.771823158604949
1109,24,27,LAE,10.6413072687358
1110,24,27,LAE,13.3099112780985
1111,25,29,LAE,6.518293054684363
1112,25,27,LAE,11.304778905256292
1113,25,34,LAE,7.252077161079105
1114,25,27,LAE,10.107038900720616
1115,25,27,LAE,50.75974898461907
1116,25,28,LAE,7.098567978630081
1117,25,27,LAE,7.408191989269256
1118,25,27,LAE,9.725800983306188
1119,25,27,LAE,11.65862430856373
1120,25,27,LAE,8.771483412828676
1121,26,29,LAE,6.697588270207572
1122,26,27,LAE,6.687715848490633
1123,26,32,LAE,9.077475729485736
1124,26,27,LAE,7.483519041720103
1125,26,27,LAE,6.890276538479947
1126,26,27,LAE,9.543386343323249
1127,26,27,LAE,8.939089538205506
1128,26,29,LAE,6.512961473072439
1129,26,33,LAE,7.610244370648821
1130,26,27,LAE,2.4802105492316295
1131,26,27,LAE,50.29556077514518
1132,26,27,LAE,6.626909010220474
1133,26,29,LAE,6.7530965871746025
1134,26,27,LAE,5.705456220251265
1135,26,27,LAE,6.326355142447734
1136,26,30,LAE,19.85511461818098
1137,24,28,LAE,12.6850252440892
1138,24,28,LAE,6.952870126293366
1139,25,28,LAE,8.571093246222285
1140,25,28,LAE,6.944232439915635
1141,26,29,LAE,7.777815465888207
1142,26,35,LAE,6.84536904970904
1143,26,30,LAE,6.670938798632559
1144,26,33,LAE,7.1301826394813155
1145,26,28,LAE,6.959509831256024
1146,26,28,LAE,7.032509165577435
1147,26,29,LAE,9.964580752759117
1148,27,28,LAE,11.345859350367089
1149,27,28,LAE,5.597186092865048
1150,27,28,LAE,5.810474258449549
1151,27,29,LAE,9.392247982997842
1152,27,28,LAE,6.69114804438342
1153,27,29,LAE,5.984328377863857
1154,27,29,LAE,21.406020086380895
1155,27,28,LAE,5.954685919949209
1156,27,28,LAE,7.509433390890442
1157,27,28,LAE,6.2570211397207816
1158,27,28,LAE,5.998100216814986
1159,27,28,LAE,7.05826612754214
1160,27,33,LAE,43.274599917932086
1161,27,28,LAE,6.067864535998253
1162,27,28,LAE,11.206757052168133
1163,27,28,LAE,7.722848950668589
1164,27,30,LAE,9.997417417685812
1165,27,28,LAE,8.605534196281457
1166,27,28,LAE,5.889800585939101
1167,27,28,LAE,22.040666922446384
1168,25,29,LAE,8.192625243480917
1169,26,29,LAE,6.986830453920989
1170,26,32,LAE,5.200306940648959
1171,27,29,LAE,28.268415819467936
1172,27,29,LAE,9.430065062898322
1173,27,29,LAE,7.517928735947275
1174,27,46,LAE,15.896648475688908
1175,27,29,LAE,18.028988940736344
1176,28,29,LAE,10.392230370226793
1177,28,31,LAE,6.652085621566646
1178,28,29,LAE,6.831190216923613
1179,28,29,LAE,10.443651401397249
1180,28,29,LAE,6.04523059310925
1181,28,29,LAE,6.618191629189297
1182,28,29,LAE,5.59064417638277
1183,28,30,LAE,7.678338407172216
1184,28,29,LAE,6.31595925610949
1185,28,30,LAE,6.925942892280283
1186,28,29,LAE,9.83025436440547
1187,26,30,LAE,14.73105340470293
1188,27,31,LAE,5.7730273160942245
1189,28,34,LAE,54.50097796959981
1190,28,32,LAE,36.69802814641598
1191,28,30,LAE,6.555468214335748
1192,28,32,LAE,6.88051785892445
1193,28,30,LAE,7.134646803787928
1194,28,37,LAE,6.807198071736993
1195,28,30,LAE,9.053366559578096
1196,29,30,LAE,19.4450461555624
1197,29,34,LAE,6.626107802099021
1198,29,30,LAE,46.25720622034124
1199,29,30,LAE,17.797017363106953
1200,29,30,LAE,6.17842655745874
1201,29,33,LAE,30.630100773915753
1202,29,30,LAE,34.45600425305096
1203,29,31,LAE,16.951020974935478
1204,29,30,LAE,7.369923919318196
1205,29,30,LAE,31.936981495350203
1206,29,30,LAE,22.234773869890365
1207,29,30,LAE,1.7150948231897345
1208,29,30,LAE,5.8684473373699815
1209,29,32,LAE,10.05753261020744
1210,29,30,LAE,8.551987644461631
1211,29,31,LAE,20.873111112031495
1212,27,31,LAE,7.182088661806074
1213,27,31,LAE,11.424749436686321
1214,27,33,LAE,9.929633612085722
1215,27,35,LAE,6.619106535518727
1216,28,31,LAE,5.240611879765069
1217,29,35,LAE,8.897625449090395
1218,29,31,LAE,6.835097456455038
1219,29,31,LAE,7.816381596797752
1220,29,31,LAE,3.9787760439650564
1221,29,32,LAE,5.564170654402561
1222,29,32,LAE,36.27630773853704
1223,30,31,LAE,49.690552086385786
1224,30,37,LAE,5.47921674942039
1225,30,31,LAE,3.9357059135835994
1226,30,31,LAE,8.262123763970573
1227,30,33,LAE,7.119858219100488
1228,30,34,LAE,5.067671809782827
1229,30,31,LAE,7.391162467855998
1230,30,31,LAE,2.4530192233197554
1231,30,34,LAE,7.3389134322622915
1232,30,33,LAE,7.0491252711570676
1233,30,33,LAE,7.654926129374404
1234,30,34,LAE,6.105548239837643
1235,30,31,LAE,5.56755393834036
1236,30,36,LAE,4.035316118873606
1237,30,32,LAE,5.129197592850292
1238,30,31,LAE,51.33722593229994
1239,30,31,LAE,24.125847060607583
1240,30,31,LAE,6.449041795132802
1241,30,31,LAE,4.893223887337129
1242,30,31,LAE,6.98627792465888
1243,28,32,LAE,5.820861582210008
1244,29,37,LAE,5.819609028974705
1245,29,34,LAE,8.456595648340555
1246,30,33,LAE,8.483781579095924
1247,30,32,LAE,5.045259419914835
1248,30,32,LAE,10.48016308890007
1249,30,34,LAE,4.753779013076447
1250,30,32,LAE,8.441580822843228
1251,30,32,LAE,6.058790740102528
1252,31,32,LAE,5.406121159221964
1253,31,32,LAE,8.37979174041743
1254,31,35,LAE,4.47175297676415
1255,31,34,LAE,3.3757856390374426
1256,31,34,LAE,7.525146070862853
1257,31,34,LAE,6.710430480903139
1258,31,38,LAE,5.293753810772788
1259,31,32,LAE,6.931143507518081
1260,31,35,LAE,4.688650761757324
1261,31,36,LAE,5.211471134287859
1262,31,32,LAE,5.016795213230061
1263,30,33,LAE,56.907192779068275
1264,30,38,LAE,5.708282050073793
1265,31,33,LAE,1.3854577079912422
1266,31,33,LAE,6.422338491475412
1267,31,33,LAE,7.946141552276364
1268,31,34,LAE,6.786239615595798
1269,31,33,LAE,6.497585054343796
1270,32,33,LAE,1.7083769526713497
1271,32,33,LAE,4.983747240063004
1272,32,33,LAE,4.164913066741638
1273,32,33,LAE,2.416989229274664
1274,32,33,LAE,5.487171061207369
1275,32,37,LAE,7.507013047882886
1276,32,33,LAE,4.62363084605584
1277,32,33,LAE,2.587640180677967
1278,32,33,LAE,3.5893831614798923
1279,32,33,LAE,2.7471974852566086
1280,32,37,LAE,7.179533714896211
1281,32,35,LAE,4.304455840506651
1282,32,33,LAE,1.837885863721363
1283,32,33,LAE,4.125382613927752
1284,32,33,LAE,8.963268829133103
1285,32,37,LAE,4.110699955661502
1286,32,33,LAE,2.5653568942008373
1287,32,33,LAE,5.269817803275526
1288,32,33,LAE,2.6959638526457157
1289,32,33,LAE,4.100352720785384
1290,30,35,LAE,5.23461422243426
1291,30,37,LAE,5.609838281884217
1292,31,45,LAE,10.451864350608007
1293,31,34,LAE,4.464413913832441
1294,32,34,LAE,2.7688444883281944
1295,32,34,LAE,2.166125318603717
1296,32,36,LAE,3.8633528801708525
1297,32,34,LAE,5.200635742837657
1298,32,34,LAE,4.451387417054911
1299,32,34,LAE,7.216069725124214
1300,32,43,LAE,6.999505087571718
1301,32,34,LAE,4.135296791491824
1302,32,36,LAE,4.214121828765193
1303,32,35,LAE,3.8077137043157587
1304,32,43,LAE,6.506747414705882
1305,33,34,LAE,3.334873355447458
1306,33,34,LAE,3.485628511296167
1307,33,35,LAE,3.3984190748619674
1308,33,34,LAE,5.565409876208317
1309,33,34,LAE,4.255612653894101
1310,33,34,LAE,3.3834732940606362
1311,33,34,LAE,4.41509846616454
1312,33,39,LAE,4.303114658360409
1313,33,34,LAE,2.5001507298742056
1314,33,34,LAE,3.7392161647607307
1315,33,35,LAE,35.312404680122526
1316,33,34,LAE,3.9756684595591762
1317,33,34,LAE,3.5440790985792003
1318,33,34,LAE,3.558470099954971
1319,33,34,LAE,2.1197095058671636
1320,33,35,LAE,2.8357697526636247
1321,33,34,LAE,3.6468270042326316
1322,32,35,LAE,7.746104723284367
1323,32,35,LAE,7.225979257720107
1324,33,36,LAE,3.5260172539520176
1325,33,35,LAE,3.3382943279792956
1326,33,35,LAE,4.07554273000015
1327,34,35,LAE,3.5011487561888917
1328,34,36,LAE,3.2717548064536657
1329,34,35,LAE,3.1856333638273395
1330,34,35,LAE,1.931148299484232
1331,34,35,LAE,3.5038366767627034
1332,34,35,LAE,2.8805566533722087
1333,34,43,LAE,6.23130832695014
1334,34,40,LAE,6.599358051404458
1335,34,35,LAE,1.4926409946905088
1336,34,36,LAE,4.300347429630829
1337,34,36,LAE,3.6561391228895586
1338,34,35,LAE,6.549940300967841
1339,34,36,LAE,1.9999633121722529
1340,34,37,LAE,6.317499030781528
1341,34,35,LAE,3.3630189136164663
1342,34,35,LAE,2.413997303792497
1343,34,38,LAE,3.7854113059205337
1344,34,35,LAE,3.49471443785452
1345,34,35,LAE,1.6333062372245892
1346,34,35,LAE,3.1055610267820866
1347,34,35,LAE,3.1600849800052253
1348,34,35,LAE,2.0840252861730213
1349,34,40,LAE,6.231857312130825
1350,34,35,LAE,4.1481560264144735
1351,34,40,LAE,6.138413674044888
1352,34,35,LAE,2.999295781078585
1353,34,40,LAE,6.266563055598356
1354,34,37,LAE,6.050281988878965
1355,34,43,LAE,6.028445027129854
1356,34,35,LAE,2.3302049951945354
1357,34,37,LAE,6.415646871860064
1358,34,35,LAE,3.059473437993844
1359,34,40,LAE,6.118757198763838
1360,34,35,LAE,3.1857982831361915
1361,34,35,LAE,2.756302143775818
1362,34,37,LAE,6.3096993060517494
1363,34,38,LAE,3.7640464502687374
1364,34,35,LAE,3.2095606097184386
1365,34,35,LAE,2.741618475966687
1366,34,35,LAE,3.3595469750882807
1367,34,35,LAE,3.2060465973822403
1368,34,35,LAE,3.0921162405673224
1369,34,37,LAE,3.108828953655266
1370,34,38,LAE,23.661340293158247
1371,34,37,LAE,5.9793414436410375
1372,34,35,LAE,6.116243403387521
1373,34,46,LAE,18.873659832104618
1374,34,35,LAE,3.11353314844299
1375,34,36,LAE,3.116292008358211
1376,34,35,LAE,6.1098176212439315
1377,34,35,LAE,5.300295696954358
1378,34,35,LAE,6.361818409919717
1379,34,35,LAE,2.777754155295948
1380,32,41,LAE,7.380522351129518
1381,33,37,LAE,6.602113404638442
1382,34,38,LAE,3.8654432679442734
1383,34,40,LAE,6.225016976316519
1384,34,37,LAE,3.901048367638809
1385,34,36,LAE,3.0229527335588613
1386,34,36,LAE,3.0358017331224065
1387,35,36,LAE,2.732167009534986
1388,35,43,LAE,5.515040418635003
1389,35,36,LAE,2.586553647909689
1390,35,36,LAE,2.5295168197816453
1391,35,36,LAE,2.799021333800173
1392,35,36,LAE,1.4692352761584855
1393,35,36,LAE,1.68271096297254
1394,35,36,LAE,5.595953648399883
1395,35,36,LAE,2.5285625416712176
1396,35,38,LAE,19.676949997562076
1397,35,36,LAE,2.718249999060862
1398,35,57,LAE,17.496499819516856
1399,35,36,LAE,2.5409308295671056
1400,35,37,LAE,2.8389795566476783
1401,35,36,LAE,1.8955623375657717
1402,35,36,LAE,2.158918031410738
1403,35,36,LAE,1.8895174222311266
1404,35,43,LAE,5.927078963521356
1405,35,37,LAE,2.4471993179628595
1406,35,37,LAE,2.4671569366695536
1407,35,36,LAE,2.5767590912885128
1408,35,36,LAE,3.2762677166804237
1409,33,37,LAE,6.11664020847351
1410,33,48,LAE,9.040613695305927
1411,34,37,LAE,6.2337656713817715
1412,34,37,LAE,5.647577607742843
1413,34,37,LAE,5.523367139098587
1414,34,37,LAE,5.742025716315169
1415,34,37,LAE,5.393148497051423
1416,34,37,LAE,6.109045603460824
1417,34,64,LAE,17.73323125806605
1418,35,40,LAE,5.877931417369798
1419,35,43,LAE,5.7986972180648895
1420,35,37,LAE,5.515436175321618
1421,35,44,LAE,10.152244406766693
1422,35,37,LAE,3.186055427900983
1423,35,41,LAE,5.2109418964537975
1424,35,49,LAE,13.72726581652176
1425,35,42,LAE,18.40702105254408
1426,35,37,LAE,3.86956636218941
1427,35,37,LAE,2.4899735273271166
1428,36,38,LAE,2.9536652605085485
1429,36,37,LAE,2.6116259970001847
1430,36,37,LAE,2.123346202927351
1431,36,37,LAE,1.7776073964547445
1432,36,37,LAE,2.841196532556644
1433,36,37,LAE,30.233878778112697
1434,36,37,LAE,2.1291543092522147
1435,36,37,LAE,2.890548285420971
1436,36,37,LAE,2.689484052872739
1437,36,42,LAE,5.394529690624698
1438,36,37,LAE,2.0873356916529526
1439,36,43,LAE,5.094115635533375
1440,36,39,LAE,5.401641887867937
1441,36,37,LAE,5.2604849420412565
1442,36,43,LAE,5.2379819751272345
1443,36,37,LAE,1.7914327888313588
1444,36,37,LAE,2.438257517548334
1445,36,37,LAE,5.090903022729396
1446,35,40,LAE,17.087233807246264
1447,35,47,LAE,9.031058775895236
1448,35,38,LAE,14.523403849034668
1449,36,38,LAE,41.3979186733909
1450,36,40,LAE,5.042986081925468
1451,37,38,LAE,2.319269561754369
1452,37,38,LAE,2.276850403066431
1453,37,39,LAE,26.73753295146658
1454,37,38,LAE,2.831445819641196
1455,37,38,LAE,51.42867143351681
1456,35,43,LAE,5.833258322616694
1457,35,39,LAE,19.759624240438356
1458,35,42,LAE,20.841978534984516
1459,35,44,LAE,8.729172627957807
1460,37,39,LAE,3.6033953436516084
1461,37,48,LAE,7.634738374140604
1462,37,48,LAE,7.849266709165663
1463,37,40,LAE,4.801760422011101
1464,37,45,LAE,7.391112573492389
1465,37,48,LAE,7.593737219204364
1466,37,56,LAE,12.107036832794927
1467,37,56,LAE,12.784592602517115
1468,37,39,LAE,40.22705123387783
1469,37,39,LAE,5.044867713461687
1470,37,39,LAE,5.209624612408639
1471,37,43,LAE,4.689599179063441
1472,37,42,LAE,7.614392148462627
1473,37,41,LAE,4.696757834772247
1474,37,41,LAE,53.05929986344698
1475,38,39,LAE,1.73410657054937
1476,38,40,LAE,3.115285321998945
1477,38,39,LAE,3.1011289974451355
1478,38,39,LAE,1.7273886156305285
1479,38,39,LAE,1.689808553972783
1480,38,39,LAE,1.7936106684144306
1481,38,39,LAE,2.353890900757748
1482,38,39,LAE,1.9913140512942868
1483,38,39,LAE,1.7224559867914326
1484,38,40,LAE,3.256932624411102
1485,37,40,LAE,4.98936763421884
1486,37,40,LAE,4.754776623668263
1487,37,54,LAE,12.606741673695813
1488,37,40,LAE,4.6957268900991584
1489,37,40,LAE,4.801084116899017
1490,37,43,LAE,4.873125698331843
1491,38,40,LAE,4.364011179032837
1492,39,42,LAE,4.232850880174147
1493,39,40,LAE,1.80964857654559
1494,39,40,LAE,1.7667090169913156
1495,39,41,LAE,3.064535567684616
1496,39,51,LAE,10.962163366693447
1497,39,40,LAE,1.4313979075260848
1498,39,43,LAE,3.7282199994578495
1499,39,43,LAE,3.6995079914380935
1500,39,44,LAE,6.089029922971425
1501,39,40,LAE,1.4447980351270266
1502,39,43,LAE,3.719967059770709
1503,39,41,LAE,2.566912487479997
1504,39,40,LAE,2.357509502251844
1505,39,42,LAE,3.7120070690393554
1506,39,41,LAE,3.618030029030461
1507,39,40,LAE,3.8392568405075247
1508,39,40,LAE,1.5864176590280075
1509,39,50,LAE,10.607655607291006
1510,39,40,LAE,3.9713276107312216
1511,39,40,LAE,1.9448620980296278
1512,39,40,LAE,3.6963607309167785
1513,39,41,LAE,2.5025901249356792
1514,39,43,LAE,3.8200391834387815
1515,39,41,LAE,2.818624923076482
1516,39,43,LAE,41.6601639744113
1517,39,40,LAE,1.9642647962906157
1518,39,40,LAE,2.0221875829781895
1519,39,40,LAE,1.6566610985459314
1520,39,40,LAE,1.3411970278059553
1521,39,43,LAE,3.82249697084016
1522,39,46,LAE,7.168263516609586
1523,39,40,LAE,2.0165667615519585
1524,39,40,LAE,3.899317482013232
1525,39,40,LAE,1.68034876588775
1526,39,41,LAE,3.5424043579177207
1527,39,43,LAE,3.5877603282777732
1528,39,47,LAE,6.6472771960474315
1529,39,43,LAE,6.642295299141985
1530,39,42,LAE,2.7537875060072783
1531,39,42,LAE,3.6374071343245116
1532,39,40,LAE,3.7177549725943733
1533,39,48,LAE,8.18806322494993
1534,39,42,LAE,3.013229988639134
1535,39,43,LAE,3.498888843001349
1536,39,64,LAE,16.590980643159146
1537,39,52,LAE,9.275035149902742
1538,39,43,LAE,3.652860786972189
1539,39,58,LAE,15.578546665497182
1540,39,51,LAE,12.016597909518945
1541,39,46,LAE,6.321318597999999
1542,39,43,LAE,6.2439553549282385
1543,39,40,LAE,1.2691461493507121
1544,39,43,LAE,6.10085091375916
1545,39,40,LAE,1.803561247817855
1546,37,42,LAE,4.627005977397872
1547,39,41,LAE,2.8614906256730723
1548,39,43,LAE,3.8267565723383603
1549,39,41,LAE,3.0893997061588245
1550,39,41,LAE,2.8057058233069077
1551,39,41,LAE,3.796693605747066
1552,39,41,LAE,4.449828774333823
1553,39,41,LAE,2.775452949813096
1554,39,42,LAE,3.7517060353253373
1555,39,57,LAE,9.901704494097974
1556,39,47,LAE,7.556864598115941
1557,39,44,LAE,6.3056809239854275
1558,39,42,LAE,3.7588728224094323
1559,39,43,LAE,3.767081309449307
1560,39,42,LAE,3.978648029962677
1561,39,42,LAE,3.9039035223367224
1562,39,53,LAE,13.624010289599864
1563,40,60,LAE,16.565552057829205
1564,40,43,LAE,2.9975981197456503
1565,40,48,LAE,6.106808751351845
1566,40,44,LAE,12.28043294739245
1567,40,47,LAE,6.161917193813752
1568,40,55,LAE,15.391160850484535
1569,40,42,LAE,3.2635792497853453
1570,40,43,LAE,2.954128792581247
1571,40,46,LAE,7.433284599488609
1572,40,41,LAE,2.5133905556664278
1573,40,41,LAE,1.5295208762948078
1574,40,48,LAE,6.474650190903888
1575,40,42,LAE,3.4585092004000804
1576,40,41,LAE,2.371348085405845
1577,40,46,LAE,5.910415372765465
1578,40,43,LAE,2.994086539142231
1579,40,43,LAE,2.942714942619589
1580,40,41,LAE,1.7939942361104477
1581,40,41,LAE,3.9868147471025828
1582,40,41,LAE,3.091484151203546
1583,40,41,LAE,2.95943979772733
1584,40,43,LAE,2.9542500900941246
1585,40,43,LAE,2.9125529664534477
1586,40,43,LAE,3.2423424654878104
1587,40,46,LAE,10.455689815959428
1588,40,42,LAE,2.641222786221761
1589,40,43,LAE,2.907516619102332
1590,40,43,LAE,2.887845722429992
1591,40,41,LAE,3.6118554558870337
1592,40,41,LAE,2.2531712394150007
1593,40,42,LAE,4.442965900442363
1594,40,41,LAE,1.6718684449035186
1595,40,43,LAE,3.085802226470499
1596,40,41,LAE,2.1008390725383275
1597,40,41,LAE,3.5848299785975954
1598,40,44,LAE,3.5282617602892263
1599,40,45,LAE,3.5895633117357053
1600,40,48,LAE,5.8234173898915795
1601,40,45,LAE,4.801809709632815
1602,40,45,LAE,10.611628867107168
1603,40,43,LAE,3.10095809638616
1604,40,44,LAE,6.233498381397721
1605,40,41,LAE,3.5810984963187704
1606,40,41,LAE,3.602359717691418
1607,40,43,LAE,3.0130624497219496
1608,40,43,LAE,3.034657938446464
1609,40,41,LAE,5.464174502845698
1610,40,42,LAE,3.1062001701731385
1611,40,47,LAE,6.1276519982423405
1612,40,43,LAE,2.8710794788222094
1613,40,49,LAE,13.276581705969358
1614,40,41,LAE,3.1096152800241668
1615,40,42,LAE,2.9820210585237823
1616,40,42,LAE,2.79403228840774
1617,40,41,LAE,1.7857005904830479
1618,40,41,LAE,3.1030638981665972
1619,40,43,LAE,3.263323759181284
1620,40,43,LAE,3.351695413994123
1621,40,46,LAE,6.254410573571108
1622,40,43,LAE,3.1516224390871295
1623,40,46,LAE,12.787827733685447
1624,40,42,LAE,2.8464328513511474
1625,40,44,LAE,4.2791835660833994
1626,40,42,LAE,5.160455562046859
1627,40,48,LAE,6.086429225657751
1628,40,52,LAE,18.031830760848276
1629,40,41,LAE,3.3044610654199844
1630,40,41,LAE,2.085488238857459
1631,40,47,LAE,5.90653554727236
1632,40,48,LAE,6.202896219151102
1633,40,44,LAE,5.402152587067181
1634,40,43,LAE,3.0496937028023225
1635,40,54,LAE,8.668290340322784
1636,40,47,LAE,6.543903444103766
1637,39,43,LAE,6.749355523483698
1638,39,52,LAE,14.931109121269431
1639,39,42,LAE,47.06569207549421
1640,40,55,LAE,15.198267435879469
1641,40,43,LAE,2.8940539085702035
1642,40,43,LAE,3.230739215614255
1643,40,52,LAE,9.439231543433507
1644,40,63,LAE,15.526256809746751
1645,40,42,LAE,3.897416963636876
1646,41,47,LAE,5.288623413340766
1647,41,47,LAE,5.534613375245073
1648,41,44,LAE,5.26393795148905
1649,41,45,LAE,5.566633072466745
1650,41,43,LAE,2.8192984760249873
1651,41,43,LAE,6.001651970310508
1652,41,42,LAE,3.0097273026507274
1653,41,54,LAE,8.547469410944853
1654,41,45,LAE,5.383828317424192
1655,41,42,LAE,4.796947603242571
1656,41,42,LAE,2.8581795524540614
1657,41,45,LAE,6.014303218414547
1658,41,42,LAE,2.4903042425311543
1659,41,45,LAE,5.358440584141576
1660,41,42,LAE,1.6369572971893749
1661,41,42,LAE,4.968015021583751
1662,41,42,LAE,2.519755459909698
1663,41,42,LAE,2.635671842503761
1664,41,43,LAE,2.6772236971106738
1665,41,44,LAE,3.4768842468523795
1666,41,42,LAE,4.151553601333192
1667,41,44,LAE,4.775815042451193
1668,41,48,LAE,5.499232646592326
1669,41,46,LAE,16.93705914810146
1670,41,48,LAE,5.683043768515512
1671,41,42,LAE,1.5547841012171244
1672,41,46,LAE,5.565192122923446
1673,41,45,LAE,6.4880477510539825
1674,41,47,LAE,5.077187773828949
1675,41,48,LAE,5.500355425048963
1676,41,42,LAE,15.44513108876961
1677,41,43,LAE,2.5461406100464505
1678,41,42,LAE,18.076535175171465
1679,41,42,LAE,3.9602870788567803
1680,41,42,LAE,5.054781705042201
1681,41,45,LAE,3.7125193669676837
1682,41,43,LAE,4.680663367115004
1683,41,43,LAE,5.1248987181454915
1684,41,42,LAE,3.3968846959564236
1685,41,43,LAE,2.663742753953464
1686,41,43,LAE,4.788587289981241
1687,41,43,LAE,2.693757660458139
1688,41,56,LAE,10.778454904858865
1689,41,47,LAE,19.94315350403113
1690,41,43,LAE,2.8715478040442752
1691,41,42,LAE,3.7878620818728663
1692,41,43,LAE,2.710441643315963
1693,41,42,LAE,4.012559800559814
1694,41,42,LAE,3.284860052093186
1695,41,42,LAE,1.4905468873559895
1696,41,43,LAE,2.721269929225984
1697,41,43,LAE,2.611329071225557
1698,41,42,LAE,2.729291269525123
1699,41,42,LAE,2.3607463892095617
1700,41,42,LAE,4.751657674168839
1701,41,42,LAE,2.5127915495809794
1702,41,43,LAE,3.6472504975612052
1703,41,43,LAE,3.7329219218336807
1704,41,45,LAE,5.37797901201697
1705,41,43,LAE,2.4635924165859255
1706,41,42,LAE,4.931777951240984
1707,41,42,LAE,7.960550575971303
1708,41,43,LAE,5.582261328797002
1709,41,42,LAE,15.465282942056282
1710,41,45,LAE,5.095425632887589
1711,41,42,LAE,5.323129863266099
1712,41,48,LAE,8.522446205537355
1713,41,42,LAE,4.9596212909942565
1714,41,43,LAE,20.383536185873975
1715,41,42,LAE,17.95153577961383
1716,41,45,LAE,5.381819117497864
1717,41,43,LAE,5.183820318486053
1718,41,46,LAE,14.175209896184107
1719,41,42,LAE,10.522570250390725
1720,41,44,LAE,3.5118866603486243
1721,41,42,LAE,1.7448299195498393
1722,41,42,LAE,2.593070535460069
1723,41,45,LAE,9.049617937561749
1724,41,46,LAE,4.1070691332840665
1725,41,48,LAE,5.5714781255425105
1726,41,43,LAE,2.6471822175183353
1727,41,44,LAE,2.8469252772232156
1728,41,47,LAE,5.690392348300129
1729,41,48,LAE,5.302489965527499
1730,41,44,LAE,4.3797837090564355
1731,41,42,LAE,1.6497761948432792
1732,41,42,LAE,2.8087995740343525
1733,41,44,LAE,10.966191935673656
1734,41,42,LAE,1.736026673991802
1735,41,43,LAE,2.587025778957435
1736,41,48,LAE,5.4533399734269405
1737,41,42,LAE,4.686328377695506
1738,41,42,LAE,3.2849766702749257
1739,41,43,LAE,3.6072432037016653
1740,41,42,LAE,2.6031346434631315
1741,41,43,LAE,2.7867458268105945
1742,41,43,LAE,2.985106622501862
1743,41,42,LAE,3.8360658803105814
1744,41,44,LAE,2.8803433390209725
1745,41,43,LAE,4.920391764385033
1746,41,55,LAE,15.864797686553462
1747,41,47,LAE,5.06280232161464
1748,41,55,LAE,12.738719655721914
1749,41,42,LAE,2.5427037955381824
1750,41,42,LAE,4.562658002246143
1751,41,43,LAE,2.563499237880021
1752,41,42,LAE,3.1327054663964673
1753,41,47,LAE,5.275959547892733
1754,41,42,LAE,3.0178061927998523
1755,41,50,LAE,8.232266066366503
1756,41,45,LAE,14.3451414781273
1757,41,44,LAE,4.974760003586469
1758,41,43,LAE,7.034637613017752
1759,41,45,LAE,6.7687782438434105
1760,41,43,LAE,5.24272655458688
1761,41,45,LAE,5.602504785426008
1762,41,43,LAE,5.625909840811407
1763,41,43,LAE,13.847226984689796
1764,41,55,LAE,13.897039383472704
1765,41,49,LAE,8.617111365375486
1766,41,55,LAE,11.578665981932067
1767,41,43,LAE,4.291118638236958
1768,41,43,LAE,3.0953665200430724
1769,41,55,LAE,39.68835714714588
1770,41,46,LAE,3.748185509596667
1771,41,43,LAE,2.8986831066773937
1772,41,43,LAE,5.299867312702193
1773,42,50,LAE,8.098143122654177
1774,42,44,LAE,3.0250031782356226
1775,42,43,LAE,2.740467451492788
1776,42,43,LAE,2.1531789630250833
1777,42,45,LAE,5.601139141074503
1778,42,47,LAE,5.193360089114176
1779,42,51,LAE,11.638621258962155
1780,42,43,LAE,2.070723003663212
1781,42,45,LAE,4.890933002027118
1782,42,43,LAE,9.468772206250252
1783,42,45,LAE,6.484611520406613
1784,42,43,LAE,4.348270868219866
1785,42,43,LAE,2.087157548759538
1786,42,43,LAE,4.984959950641406
1787,42,43,LAE,2.715802958826623
1788,42,46,LAE,3.2762802147100603
1789,42,44,LAE,5.107817821988005
1790,42,47,LAE,5.409014870662773
1791,42,43,LAE,4.462205594272747
1792,42,43,LAE,2.025656547702394
1793,42,43,LAE,2.2070428662512174
1794,42,43,LAE,3.5426400149556834
1795,42,43,LAE,2.153068136556461
1796,42,46,LAE,4.571838416065183
1797,42,43,LAE,4.676992481122226
1798,42,43,LAE,4.459212243737577
1799,42,46,LAE,4.791112784860994
1800,42,43,LAE,4.501531048991167
1801,42,43,LAE,2.3917274513783044
1802,42,43,LAE,4.951861540775788
1803,42,44,LAE,2.881764306257099
1804,42,43,LAE,1.978809003784311
1805,42,45,LAE,5.568624130619256
1806,42,43,LAE,2.514130693862453
1807,42,43,LAE,5.139576742869502
1808,42,43,LAE,2.338492592506557
1809,42,46,LAE,5.044619484885838
1810,42,43,LAE,13.706338553609628
1811,42,43,LAE,2.0438106862674164
1812,42,58,LAE,13.084053139241234
1813,42,43,LAE,2.1092409000669243
1814,42,43,LAE,4.815444849609356
1815,42,43,LAE,1.9661175837982938
1816,42,48,LAE,5.1168021898596905
1817,42,47,LAE,4.4847299076245655
1818,42,43,LAE,3.4961348159071557
1819,42,44,LAE,4.08213903673613
1820,42,43,LAE,2.0027503037059993
1821,42,43,LAE,2.3547342193631025
1822,42,47,LAE,5.047839350839099
1823,42,44,LAE,2.5930674616852873
1824,42,44,LAE,6.123301246212977
1825,42,46,LAE,3.4661050216779854
1826,41,60,LAE,15.194661563068054
1827,41,54,LAE,8.911126036635576
1828,42,56,LAE,9.230757256693911
1829,42,57,LAE,10.19037900048742
1830,42,48,LAE,12.724889066744728
1831,42,44,LAE,5.479458310126275
1832,42,44,LAE,4.487193464963914
1833,42,48,LAE,7.905075186809579
1834,42,44,LAE,2.989361661560201
1835,42,46,LAE,5.231065135922223
1836,42,51,LAE,11.611595019703563
1837,42,47,LAE,5.458333771997477
1838,42,48,LAE,5.275549019923504
1839,42,47,LAE,4.963234381687203
1840,42,44,LAE,3.2338399570339944
1841,43,44,LAE,1.9525959301185956
1842,43,44,LAE,2.0029509398968472
1843,43,44,LAE,1.9986039821847374
1844,43,44,LAE,1.9697846444688034
1845,43,45,LAE,4.239813213690367
1846,43,45,LAE,2.4783466207642584
1847,43,45,LAE,5.2148570618961685
1848,43,47,LAE,4.672263372633094
1849,43,44,LAE,1.4542615649577895
1850,43,44,LAE,3.8351395325409285
1851,43,44,LAE,1.9655932434518537
1852,43,49,LAE,4.746432095099528
1853,43,44,LAE,4.917694285382947
1854,43,44,LAE,2.0791184645993304
1855,43,45,LAE,4.951971380881324
1856,43,44,LAE,4.855111243665703
1857,43,44,LAE,2.1883390908617772
1858,43,44,LAE,1.963540909104991
1859,43,44,LAE,2.4094605964134526
1860,43,44,LAE,2.139159711171557
1861,43,44,LAE,2.1231347483560477
1862,43,44,LAE,14.463924820195277
1863,43,44,LAE,1.9870342990807939
1864,43,44,LAE,2.165561234313886
1865,43,47,LAE,4.568685811190775
1866,43,60,LAE,13.88214190715756
1867,43,47,LAE,4.744065449251746
1868,43,44,LAE,2.0229204539344754
1869,43,46,LAE,4.8552266744689545
1870,43,46,LAE,4.042004155568715
1871,43,48,LAE,4.423565420308293
1872,43,44,LAE,2.0230075675999615
1873,43,46,LAE,4.175149379500229
1874,43,44,LAE,9.783765227993914
1875,43,44,LAE,1.9503224367276222
1876,43,44,LAE,2.049757968755223
1877,43,45,LAE,4.237875128365048
1878,43,44,LAE,2.1614276628312
1879,43,47,LAE,12.860636586874387
1880,43,44,LAE,1.9992353239771685
1881,43,48,LAE,4.2769600799963445
1882,43,44,LAE,1.5863495012702085
1883,43,45,LAE,4.712631066524223
1884,43,48,LAE,4.240447505013942
1885,43,44,LAE,2.252288336231438
1886,43,44,LAE,4.790182778867566
1887,43,46,LAE,5.478277036428419
1888,43,47,LAE,3.9026687783781773
1889,43,44,LAE,2.0400790454433224
1890,43,44,LAE,1.9944779183007781
1891,43,44,LAE,2.429374168532154
1892,42,46,LAE,17.201871555102947
1893,42,45,LAE,7.442609546275999
1894,42,53,LAE,9.659363568843649
1895,42,46,LAE,3.2807599040390376
1896,42,47,LAE,7.648450605782039
1897,43,49,LAE,4.721851168157668
1898,43,46,LAE,5.8653644413899
1899,43,52,LAE,7.322519664349343
1900,43,56,LAE,13.780063763796662
1901,43,45,LAE,4.389912123267973
1902,44,48,LAE,3.6500615497743696
1903,44,48,LAE,3.667879287067921
1904,44,46,LAE,2.244776260694192
1905,44,48,LAE,9.00410953117948
1906,44,47,LAE,3.652274328134041
1907,44,48,LAE,4.690873620910131
1908,44,46,LAE,3.7493900903395194
1909,44,45,LAE,2.3560268879102044
1910,44,46,LAE,4.632168118016328
1911,44,45,LAE,4.820005498396511
1912,44,49,LAE,6.957425422486697
1913,44,45,LAE,5.890539721679322
1914,44,45,LAE,12.858880650230226
1915,44,46,LAE,10.285718845976307
1916,44,46,LAE,5.372030723083915
1917,44,56,LAE,10.472726647399446
1918,44,48,LAE,6.237948340083662
1919,44,51,LAE,9.70759859001624
1920,44,48,LAE,3.638360313892668
1921,44,46,LAE,4.450934646418888
1922,44,45,LAE,8.341355450341695
1923,44,50,LAE,14.060649385527801
1924,44,45,LAE,2.244181696438298
1925,44,45,LAE,4.2077787346834645
1926,44,46,LAE,9.412935707389247
1927,44,45,LAE,2.1443064481631953
1928,44,45,LAE,2.0825863467315564
1929,44,46,LAE,5.628606008859716
1930,44,46,LAE,2.5987545738365774
1931,44,59,LAE,10.036961122302914
1932,44,52,LAE,11.780484120719992
1933,44,48,LAE,3.7196646248492304
1934,44,50,LAE,11.26307818551636
1935,44,45,LAE,12.34811646932862
1936,44,45,LAE,2.354419046198257
1937,44,45,LAE,5.6310640118254955
1938,44,45,LAE,3.634279143511805
1939,44,45,LAE,5.725230551518076
1940,44,46,LAE,4.583002736439735
1941,44,49,LAE,4.937181261823803
1942,44,53,LAE,12.718066695672997
1943,44,55,LAE,8.321056917496861
1944,44,45,LAE,5.0294751864217035
1945,44,45,LAE,4.4649193051990395
1946,44,48,LAE,4.349303693280757
1947,44,46,LAE,2.4744564173787285
1948,44,45,LAE,2.0937283683031014
1949,44,45,LAE,2.4710919173225325
1950,44,46,LAE,4.614206862244305
1951,44,45,LAE,5.265529338036803
1952,44,48,LAE,3.721087962707868
1953,44,48,LAE,3.6076704814049316
1954,44,45,LAE,5.262429171776481
1955,44,46,LAE,4.901942108058165
1956,44,47,LAE,6.991406165073732
1957,44,50,LAE,9.254654017223963
1958,44,46,LAE,9.961671450143433
1959,44,53,LAE,7.16165006163929
1960,44,49,LAE,7.0199305281493345
1961,44,45,LAE,2.321745428837889
1962,44,45,LAE,2.148692163275885
1963,44,45,LAE,1.6179916554265352
1964,44,45,LAE,4.884700972872904
1965,44,48,LAE,6.4382160271644056
1966,44,46,LAE,4.077792334784211
1967,44,46,LAE,14.41384092247393
1968,44,48,LAE,7.088365359399711
1969,44,45,LAE,2.3286808703976405
1970,44,46,LAE,4.123333553364415
1971,44,48,LAE,4.398629124898905
1972,44,45,LAE,3.408464296571122
1973,44,63,LAE,13.775124720027582
1974,44,45,LAE,4.463208978135343
1975,44,45,LAE,4.6817179418369275
1976,44,45,LAE,2.1250869227223976
1977,44,46,LAE,3.2893168858120756
1978,44,58,LAE,8.8409051505952
1979,44,46,LAE,5.803270414809704
1980,44,45,LAE,11.43688961233666
1981,44,45,LAE,2.5405614874155504
1982,42,49,LAE,13.981800298366819
1983,42,50,LAE,9.547262918807707
1984,42,46,LAE,5.146485290976149
1985,43,49,LAE,5.570174500077975
1986,43,48,LAE,4.6406696351779795
1987,44,47,LAE,3.709746499337341
1988,44,46,LAE,5.8547009414212
1989,44,50,LAE,4.814612094609041
1990,44,46,LAE,3.966098061715202
1991,44,47,LAE,9.582909751435674
1992,45,47,LAE,2.59246627040039
1993,45,46,LAE,11.663780674795827
1994,45,48,LAE,3.769717287501016
1995,45,49,LAE,15.113265756664251
1996,45,54,LAE,8.943090058800719
1997,45,46,LAE,4.80527446748858
1998,45,55,LAE,7.994155337384126
1999,45,53,LAE,6.678290970312415
2000,45,52,LAE,10.07515941260343
2001,45,61,LAE,13.15725974290726
2002,45,48,LAE,3.2110788159444623
2003,45,50,LAE,6.492597301876921
2004,45,52,LAE,6.604191125756124
2005,45,46,LAE,3.0466564506360556
2006,45,56,LAE,13.409179750152697
2007,45,47,LAE,4.004165896883355
2008,45,46,LAE,1.9452356836084441
2009,45,48,LAE,3.1773997744110716
2010,45,47,LAE,3.153185541109372
2011,45,46,LAE,3.6334589735487146
2012,45,47,LAE,4.191498121926329
2013,45,53,LAE,13.19899881455373
2014,45,46,LAE,3.480402629517013
2015,45,46,LAE,2.072093979881027
2016,45,51,LAE,6.654127735287853
2017,45,46,LAE,2.1195700072072574
2018,45,46,LAE,3.3642537890374378
2019,45,47,LAE,2.974983651122804
2020,45,48,LAE,3.201638712047745
2021,45,46,LAE,3.8671017360062567
2022,45,48,LAE,3.238656326947079
2023,45,46,LAE,1.6265881833144702
2024,45,46,LAE,4.543521481894904
2025,45,49,LAE,3.471894818909082
2026,45,55,LAE,12.250614204078255
2027,45,46,LAE,10.464152384020675
2028,45,46,LAE,1.866626359676664
2029,45,46,LAE,10.359462397536351
2030,45,48,LAE,3.817452617962566
2031,45,47,LAE,3.217970331555474
2032,45,47,LAE,2.739069991194699
2033,45,46,LAE,1.785973518616701
2034,45,47,LAE,2.703660887085553
2035,45,46,LAE,1.967693473328572
2036,45,52,LAE,6.369452392402742
2037,45,46,LAE,2.4665838949105257
2038,45,46,LAE,3.765363993387932
2039,45,47,LAE,2.8933223061196798
2040,45,46,LAE,4.15407105463885
2041,45,49,LAE,4.103135145208297
2042,45,48,LAE,3.0246812499688125
2043,45,48,LAE,3.917073527600662
2044,45,48,LAE,2.758851907995399
2045,45,46,LAE,3.1086417626076566
2046,45,46,LAE,1.8163113732721343
2047,45,46,LAE,3.7112143292485937
2048,45,55,LAE,13.225522389137842
2049,45,51,LAE,6.637041299160109
2050,45,46,LAE,11.576212194635389
2051,45,55,LAE,7.9542883166449805
2052,45,46,LAE,3.2234033171602956
2053,45,47,LAE,3.662472872734294
2054,45,46,LAE,1.9502716462720917
2055,45,46,LAE,2.394779949871836
2056,45,48,LAE,3.953275296967253
2057,45,46,LAE,2.2200336795858466
2058,45,46,LAE,2.9006540664039897
2059,45,48,LAE,3.662987840914981
2060,45,47,LAE,4.0082819976569235
2061,45,47,LAE,6.906960996412838
2062,45,51,LAE,6.918811191746146
2063,45,52,LAE,6.36247990441051
2064,45,47,LAE,3.7260832006197786
2065,45,60,LAE,13.91486792335438
2066,45,46,LAE,2.768872121237959
2067,45,47,LAE,3.2294953213613327
2068,45,46,LAE,7.707670459408224
2069,45,49,LAE,11.75599818478501
2070,45,52,LAE,6.303052559079262
2071,45,46,LAE,5.52166696474305
2072,45,46,LAE,2.849603235917418
2073,44,50,LAE,13.759749276865286
2074,44,47,LAE,6.29165558730789
2075,44,47,LAE,6.635275388444479
2076,44,48,LAE,5.991013170804492
2077,44,52,LAE,11.279740425049296
2078,45,47,LAE,4.504227304248055
2079,45,48,LAE,5.14575032133552
2080,45,48,LAE,6.516402512331171
2081,45,48,LAE,6.556392967412902
2082,45,48,LAE,6.8734231522133395
2083,45,48,LAE,6.598019960347783
2084,45,47,LAE,3.660167093563948
2085,45,50,LAE,6.5449520060262065
2086,45,54,LAE,7.004641817829677
2087,45,48,LAE,5.77429822048091
2088,45,47,LAE,5.834651424352744
2089,45,48,LAE,6.772823124279404
2090,46,49,LAE,3.2472170910878755
2091,46,48,LAE,4.4031316147664255
2092,46,47,LAE,5.080209972879498
2093,46,49,LAE,4.114333570034986
2094,46,53,LAE,5.825189256670591
2095,46,49,LAE,12.244374642905576
2096,46,47,LAE,1.767843633587071
2097,46,48,LAE,6.285157747357539
2098,46,49,LAE,3.8140006499883508
2099,46,54,LAE,6.276642284627144
2100,46,48,LAE,3.44025799679659
2101,46,47,LAE,1.7725263521713164
2102,46,48,LAE,2.274058590992937
2103,46,47,LAE,2.3934560429676863
2104,46,49,LAE,3.8939469300926772
2105,46,47,LAE,3.0910464843342527
2106,46,49,LAE,3.21411773343907
2107,46,48,LAE,3.4934443640146324
2108,46,51,LAE,6.026915003606741
2109,46,47,LAE,3.0520048457510285
2110,46,49,LAE,5.608609093074683
2111,46,51,LAE,6.08347640352717
2112,46,58,LAE,9.306908226669067
2113,46,52,LAE,6.216240904577788
2114,46,52,LAE,6.182624689598291
2115,46,49,LAE,3.8573174545419384
2116,46,53,LAE,6.22991712506338
2117,46,47,LAE,2.207864086210847
2118,46,47,LAE,3.3144869741567518
2119,46,47,LAE,7.292322606403703
2120,46,49,LAE,3.9282064995640935
2121,46,48,LAE,3.597703337153655
2122,46,47,LAE,2.974659404829835
2123,46,50,LAE,5.863016067222976
2124,46,48,LAE,3.2575724923087073
2125,46,48,LAE,2.9593011136973963
2126,46,63,LAE,13.494449772152121
2127,46,47,LAE,11.706196736682847
2128,46,47,LAE,2.2512423848795864
2129,46,48,LAE,2.5154698380933995
2130,46,47,LAE,3.226904983137116
2131,46,49,LAE,5.890081864113668
2132,46,47,LAE,2.6412759640773262
2133,46,51,LAE,5.878137111610379
2134,46,47,LAE,2.936089157859864
2135,46,53,LAE,6.205914070017372
2136,46,50,LAE,5.434279570318319
2137,46,52,LAE,6.038486248204253
2138,46,50,LAE,5.0208144328627435
2139,46,47,LAE,1.8600112119804342
2140,46,48,LAE,3.2038340595617893
2141,46,47,LAE,11.82380823770239
2142,46,54,LAE,6.10204727888744
2143,46,47,LAE,3.2856767783696434
2144,46,47,LAE,14.468696222117995
2145,46,47,LAE,3.1383930768836117
2146,46,51,LAE,6.051960788128399
2147,46,49,LAE,3.133459619216358
2148,46,51,LAE,9.211139300763314
2149,46,47,LAE,2.999520201939294
2150,46,48,LAE,4.032903194457332
2151,46,49,LAE,3.656740795412763
2152,46,47,LAE,2.9134381684072057
2153,46,47,LAE,9.484767679639885
2154,46,47,LAE,2.5773876254863133
2155,46,47,LAE,1.92683007485914
2156,46,47,LAE,3.6323950206137905
2157,46,47,LAE,2.0986551626540653
2158,46,47,LAE,2.5054998806982733
2159,46,48,LAE,2.9557081149071713
2160,46,51,LAE,6.1541033436938015
2161,45,49,LAE,6.383396725159236
2162,45,48,LAE,5.878770165161828
2163,45,48,LAE,6.089514065170771
2164,45,52,LAE,12.123435354457635
2165,46,48,LAE,3.3367292188220707
2166,46,48,LAE,10.961090939167672
2167,46,48,LAE,3.5561980256969883
2168,46,48,LAE,5.888334750177151
2169,46,52,LAE,6.467924671742858
2170,46,48,LAE,7.626594689674126
2171,46,48,LAE,7.449326552248403
2172,46,48,LAE,12.48451343320555
2173,46,48,LAE,3.030448746953804
2174,46,48,LAE,9.77194927821002
2175,46,49,LAE,3.1525338691147504
2176,47,52,LAE,5.44577157418356
2177,47,49,LAE,4.106957984719624
2178,47,49,LAE,3.3140507034368047
2179,47,48,LAE,2.061157516297688
2180,47,49,LAE,3.7960825296573733
2181,47,49,LAE,3.962798104652393
2182,47,48,LAE,5.169026829441349
2183,47,48,LAE,4.804833942259548
2184,47,52,LAE,5.643582499596519
2185,47,49,LAE,4.426733924574732
2186,47,48,LAE,2.0588598161325726
2187,47,53,LAE,5.326266654534755
2188,47,51,LAE,6.024682412799393
2189,47,49,LAE,4.849702110220044
2190,47,48,LAE,5.506622740377135
2191,47,51,LAE,5.242621016407414
2192,47,51,LAE,12.80108013691454
2193,47,49,LAE,4.901539552466713
2194,47,48,LAE,2.8143051104129366
2195,47,52,LAE,5.699830246653653
2196,47,50,LAE,5.264174365854972
2197,47,49,LAE,4.729583812848584
2198,47,51,LAE,5.41804257797177
2199,47,50,LAE,5.452634427309838
2200,47,48,LAE,3.2131655218295
2201,47,53,LAE,12.213355192107406
2202,47,49,LAE,3.664037956438157
2203,47,48,LAE,2.011669172077688
2204,47,50,LAE,5.415363652141319
2205,47,48,LAE,4.155905059898102
2206,47,50,LAE,5.627648569755681
2207,47,50,LAE,5.578607586868549
2208,47,53,LAE,11.273567423617797
2209,47,49,LAE,5.379161975083333
2210,47,48,LAE,1.80733790514875
2211,47,48,LAE,1.6309996230112191
2212,47,49,LAE,4.56210155389423
2213,47,48,LAE,2.1044458976447142
2214,47,48,LAE,1.8989053468534725
2215,47,48,LAE,2.977203203815031
2216,47,49,LAE,2.051315830705084
2217,47,49,LAE,4.745299275679482
2218,47,48,LAE,3.4153831379490374
2219,47,49,LAE,2.571268729270819
2220,47,49,LAE,3.276414496850394
2221,47,51,LAE,6.343618124261456
2222,47,48,LAE,2.573671152473553
2223,47,53,LAE,5.656511437854654
2224,47,49,LAE,3.5513699534799703
2225,47,48,LAE,3.036186340580385
2226,47,48,LAE,2.303731009898272
2227,47,48,LAE,3.09287360577264
2228,47,48,LAE,2.089620620838508
2229,47,51,LAE,9.412185851643942
2230,47,48,LAE,5.15791887880172
2231,47,48,LAE,3.0021401796693303
2232,47,48,LAE,2.9624115900074455
2233,47,48,LAE,13.536369219997724
2234,47,48,LAE,14.324882476484282
2235,47,57,LAE,6.611891372741944
2236,47,48,LAE,1.7978509166067276
2237,47,48,LAE,12.235292074548122
2238,47,48,LAE,8.707940563370602
2239,47,48,LAE,2.0636197467294086
2240,47,48,LAE,5.413730800001166
2241,47,48,LAE,6.5217917206249725
2242,47,48,LAE,2.0770259386377714
2243,47,49,LAE,2.584934293697624
2244,47,50,LAE,4.836889189786749
2245,47,48,LAE,4.834811741705186
2246,47,48,LAE,2.504829335376938
2247,47,48,LAE,4.770037895776899
2248,47,57,LAE,5.760607396481893
2249,46,50,LAE,5.659119001009178
2250,46,49,LAE,6.5895585428256025
2251,46,49,LAE,5.656277931070113
2252,47,50,LAE,5.403861999851231
2253,47,52,LAE,5.077853279028957
2254,47,49,LAE,5.660354425280974
2255,47,49,LAE,6.893912940968943
2256,47,52,LAE,5.918018110511878
2257,47,49,LAE,5.043968209565772
2258,47,49,LAE,3.78858951189641
2259,48,49,LAE,3.7010491890320036
2260,48,49,LAE,4.2260846053754495
2261,48,49,LAE,3.7002016571497833
2262,48,50,LAE,5.248586212125246
2263,48,51,LAE,4.29713276747964
2264,48,49,LAE,2.291779148588022
2265,48,49,LAE,5.104884582759795
2266,48,49,LAE,4.599898869342753
2267,48,52,LAE,5.303142472919017
2268,48,50,LAE,4.808655801559837
2269,48,54,LAE,5.082120209316806
2270,48,49,LAE,2.374494553537811
2271,48,49,LAE,3.369014777293838
2272,48,57,LAE,7.91555486344493
2273,48,49,LAE,2.0312421794432396
2274,48,51,LAE,3.1573528839134477
2275,48,49,LAE,3.2807362662591317
2276,48,49,LAE,4.109967567362577
2277,48,49,LAE,2.9728518851547885
2278,48,51,LAE,5.596437956197759
2279,48,49,LAE,3.5768886099841666
2280,48,49,LAE,8.812938946342543
2281,48,50,LAE,13.380452243928332
2282,48,49,LAE,6.547833785583611
2283,48,52,LAE,6.0452043452058986
2284,48,50,LAE,3.5618499844549536
2285,48,50,LAE,4.950621695246607
2286,48,54,LAE,10.279165184047212
2287,48,49,LAE,3.37376997531332
2288,48,49,LAE,3.078341549649186
2289,48,51,LAE,4.754512285524607
2290,48,49,LAE,3.356315059933164
2291,48,49,LAE,6.354720691494412
2292,48,49,LAE,2.913777938002792
2293,48,49,LAE,2.9391885672372777
2294,48,49,LAE,6.157582894441111
2295,48,50,LAE,11.188088538929332
2296,48,50,LAE,4.892034319967998
2297,48,50,LAE,5.202061743221631
2298,48,51,LAE,26.53281035372022
2299,48,51,LAE,4.651675500558624
2300,48,49,LAE,4.782730275881851
2301,48,57,LAE,6.09356801802178
2302,48,49,LAE,3.8190941353920307
2303,48,49,LAE,5.558965649174362
2304,48,50,LAE,4.980665288036825
2305,48,49,LAE,2.370736073308532
2306,48,49,LAE,4.9064745546276365
2307,48,49,LAE,6.338842350512366
2308,48,49,LAE,32.99079126231997
2309,48,49,LAE,4.20104294810097
2310,48,49,LAE,11.104281536008704
2311,48,49,LAE,2.1996159245948688
2312,46,50,LAE,6.260759410499437
2313,47,52,LAE,10.19765429485013
2314,47,52,LAE,5.586992139220582
2315,48,50,LAE,6.299479254191268
2316,48,52,LAE,4.856407303490053
2317,48,50,LAE,5.051733171428581
2318,48,52,LAE,5.995576704448487
2319,48,55,LAE,7.629469144676293
2320,48,51,LAE,8.15391577616258
2321,49,50,LAE,3.351952447695866
2322,49,52,LAE,5.790416650412674
2323,49,52,LAE,5.379183170213668
2324,49,52,LAE,4.697786555555089
2325,49,50,LAE,4.524738836962627
2326,49,50,LAE,4.648328853847317
2327,49,51,LAE,3.103071455065694
2328,49,50,LAE,4.219340802675167
2329,49,51,LAE,4.6806472475860526
2330,49,51,LAE,5.033558994766166
2331,49,52,LAE,4.968711080055614
2332,49,50,LAE,4.483159750164894
2333,49,52,LAE,5.417518585879871
2334,49,57,LAE,5.697220888049638
2335,49,50,LAE,10.787239755441249
2336,49,52,LAE,5.454141870377573
2337,49,50,LAE,4.500275149404568
2338,49,50,LAE,4.530515645558455
2339,49,50,LAE,12.313191441765177
2340,49,56,LAE,10.037610546556317
2341,49,50,LAE,2.4898228509665192
2342,49,50,LAE,4.040605311689401
2343,49,50,LAE,4.388043282033014
2344,49,50,LAE,2.607066905993709
2345,49,50,LAE,3.1560192933273736
2346,49,50,LAE,7.141385787220278
2347,49,50,LAE,2.9131543298676417
2348,49,55,LAE,12.90897965051056
2349,49,52,LAE,7.766208586231398
2350,49,50,LAE,4.138739070943413
2351,49,50,LAE,2.0887227185049393
2352,49,50,LAE,4.32318772294895
2353,49,50,LAE,3.1586670461590454
2354,49,56,LAE,7.224972051655194
2355,49,50,LAE,4.091285644560648
2356,49,51,LAE,4.711589148053598
2357,49,50,LAE,3.842486837012783
2358,49,51,LAE,5.082612808911981
2359,49,50,LAE,18.858263086203785
2360,49,50,LAE,12.25050956618604
2361,49,59,LAE,8.217942678844766
2362,49,50,LAE,9.028925862174505
2363,49,50,LAE,4.6360037106151974
2364,47,51,LAE,9.707289086403934
2365,47,51,LAE,12.54741025165819
2366,48,51,LAE,5.026299191349282
2367,49,51,LAE,4.405573833336465
2368,49,52,LAE,14.590846353819238
2369,49,51,LAE,9.038805208631917
2370,49,51,LAE,5.254700633065258
2371,49,51,LAE,4.385498078846968
2372,49,51,LAE,4.555331637839266
2373,49,52,LAE,4.467850214435883
2374,49,51,LAE,4.922763747496258
2375,50,52,LAE,3.9291059566828626
2376,50,51,LAE,4.176351147515961
2377,50,51,LAE,3.175507599097323
2378,50,51,LAE,4.535073093942812
2379,50,51,LAE,3.4368329924194785
2380,50,51,LAE,2.6420441233641943
2381,50,53,LAE,4.148756609376278
2382,50,51,LAE,1.8186077247136814
2383,50,51,LAE,4.720895850338352
2384,50,52,LAE,3.041287090597411
2385,50,51,LAE,3.4929776182972145
2386,50,51,LAE,3.144086985874807
2387,50,51,LAE,4.274259692117636
2388,50,51,LAE,4.482094488266238
2389,50,51,LAE,3.8364817930162243
2390,50,51,LAE,4.738239043067514
2391,50,51,LAE,3.1010167785258016
2392,50,51,LAE,9.51246271300097
2393,50,52,LAE,3.8437376669759247
2394,50,51,LAE,2.6995287008020714
2395,50,51,LAE,3.219637549442802
2396,50,51,LAE,4.322378388057592
2397,50,52,LAE,4.67584986828652
2398,50,51,LAE,2.8484185080545705
2399,50,51,LAE,2.6806510461359023
2400,50,51,LAE,4.050602546077015
2401,50,51,LAE,4.090140651801435
2402,50,51,LAE,3.7443131942010672
2403,50,51,LAE,2.534345982949523
2404,50,51,LAE,1.681499685193384
2405,50,51,LAE,4.068204013385259
2406,50,51,LAE,4.594977510817668
2407,50,53,LAE,3.8661493820519133
2408,50,51,LAE,3.273387595084041
2409,50,51,LAE,11.623396306078746
2410,50,51,LAE,5.580102683582176
2411,50,51,LAE,1.8041544652564219
2412,50,51,LAE,3.9214892205023206
2413,50,52,LAE,3.9490057914821945
2414,50,51,LAE,2.3900366457003104
2415,50,51,LAE,3.7781990803995034
2416,50,52,LAE,4.9824682318683085
2417,50,51,LAE,2.390630746905046
2418,50,51,LAE,2.121000761264719
2419,50,51,LAE,4.079455242630559
2420,50,53,LAE,4.909619560486666
2421,50,55,LAE,5.599445741372462
2422,48,52,LAE,4.198231743133243
2423,49,55,LAE,11.179411703357744
2424,49,52,LAE,4.511556262457752
2425,50,52,LAE,12.186512043001587
2426,50,52,LAE,4.240913928366277
2427,50,52,LAE,4.171887781153833
2428,50,52,LAE,6.316678543872527
2429,50,52,LAE,4.527627227801451
2430,50,52,LAE,6.708842506968477
2431,51,57,LAE,4.604271616955105
2432,51,53,LAE,5.268861955038812
2433,51,53,LAE,3.4140780187649633
2434,51,55,LAE,9.34211623221628
2435,51,54,LAE,5.668300143583407
2436,51,54,LAE,5.427445653363447
2437,51,55,LAE,22.464737439136123
2438,51,52,LAE,2.0621573131539663
2439,51,53,LAE,3.1901180422352677
2440,51,52,LAE,3.3158608203646347
2441,51,52,LAE,3.3129472910968722
2442,51,52,LAE,2.468166740176042
2443,51,52,LAE,5.097893795594351
2444,51,52,LAE,9.896319995693329
2445,51,54,LAE,4.536131259167479
2446,51,52,LAE,2.156232289083134
2447,51,52,LAE,3.001797518757919
2448,51,53,LAE,3.3978759365329974
2449,51,52,LAE,2.3808788005885995
2450,51,52,LAE,3.3164923293928554
2451,51,52,LAE,4.152976004652724
2452,51,52,LAE,4.960223026415347
2453,51,52,LAE,4.639908362020417
2454,51,55,LAE,13.693603869664658
2455,51,54,LAE,3.3249676038307023
2456,51,54,LAE,5.597475445892982
2457,51,52,LAE,9.39092990485545
2458,51,52,LAE,3.5324548871536785
2459,51,52,LAE,3.0076814659938402
2460,51,52,LAE,8.763025853747244
2461,51,54,LAE,5.787515387906902
2462,51,52,LAE,3.255473570422846
2463,51,52,LAE,12.045912660390771
2464,51,56,LAE,8.763042405202707
2465,51,55,LAE,6.367457490952241
2466,51,52,LAE,2.9440164320047155
2467,51,52,LAE,3.4606004672867505
2468,51,58,LAE,12.458311354214972
2469,51,53,LAE,5.189932103722228
2470,51,52,LAE,3.3317247872666944
2471,51,54,LAE,3.256842175149526
2472,51,58,LAE,6.130248852027034
2473,51,52,LAE,4.244295060003034
2474,51,52,LAE,2.9184420025918802
2475,51,52,LAE,7.429868028488176
2476,51,52,LAE,2.852949472128543
2477,51,57,LAE,4.729049900048688
2478,51,56,LAE,4.603345278778129
2479,51,52,LAE,5.375830384397128
2480,51,63,LAE,8.59407102416847
2481,51,54,LAE,3.596476960958139
2482,51,52,LAE,4.639569799276764
2483,51,52,LAE,5.4162796582901676
2484,51,53,LAE,3.5284286773775393
2485,51,53,LAE,3.3089068383694755
2486,51,52,LAE,3.622863582322035
2487,51,52,LAE,5.979302069201335
2488,51,54,LAE,3.924464574304675
2489,51,54,LAE,5.628933567592577
2490,51,54,LAE,6.32538388135647
2491,51,54,LAE,6.447168229912493
2492,51,53,LAE,11.416340762796159
2493,51,53,LAE,4.993673744455305
2494,52,54,LAE,2.8833654915274654
2495,52,55,LAE,3.3067745053595936
2496,52,63,LAE,8.4537216560128
2497,52,54,LAE,3.589012309308326
2498,52,54,LAE,3.364541291255814
2499,52,55,LAE,7.982652389974351
2500,52,57,LAE,6.729176731785989
2501,52,57,LAE,8.24669321807533
2502,52,53,LAE,2.833045666454346
2503,52,63,LAE,8.102122811723422
2504,52,54,LAE,3.078717562996895
2505,52,53,LAE,7.434481794613636
2506,52,54,LAE,2.79545288229162
2507,52,55,LAE,14.75751655890927
2508,52,54,LAE,8.46213009153356
2509,52,54,LAE,9.516448384090939
2510,52,54,LAE,3.133772304036433
2511,52,54,LAE,4.729131279973471
2512,52,53,LAE,4.4839240586810405
2513,52,53,LAE,2.476985733044443
2514,52,54,LAE,2.663565742854421
2515,52,53,LAE,2.758805389479897
2516,52,53,LAE,3.091686760335687
2517,52,54,LAE,3.834735662020587
2518,52,53,LAE,3.5074932154612934
2519,52,53,LAE,3.9555919896168086
2520,52,55,LAE,7.482572785404159
2521,52,53,LAE,4.15782151119108
2522,52,53,LAE,2.8806161466516613
2523,52,54,LAE,3.3880518616832114
2524,52,55,LAE,5.660983696201963
2525,52,53,LAE,2.5558958231165128
2526,52,54,LAE,2.64179789551295
2527,52,54,LAE,4.566156368660506
2528,52,53,LAE,8.448777589515895
2529,52,53,LAE,11.220174330156494
2530,52,55,LAE,5.329516073699513
2531,52,53,LAE,6.849337181513923
2532,52,64,LAE,9.073284041297635
2533,52,54,LAE,6.931014513584169
2534,52,54,LAE,6.732405144795473
2535,52,56,LAE,12.053758781194016
2536,52,53,LAE,5.6049682943494075
2537,52,55,LAE,4.039345638160301
2538,52,53,LAE,2.8015885723389133
2539,52,53,LAE,2.6388279878634515
2540,52,54,LAE,6.244339341804371
2541,52,54,LAE,5.340231374818735
2542,52,53,LAE,5.5690953381182835
2543,52,53,LAE,4.648990143100517
2544,52,53,LAE,8.559954197253989
2545,52,54,LAE,5.5731352837625705
2546,52,54,LAE,8.426523877882202
2547,50,55,LAE,10.78639913000556
2548,51,54,LAE,5.141769600637619
2549,51,54,LAE,12.947544130799285
2550,51,54,LAE,6.536646546666637
2551,52,54,LAE,5.184512854998365
2552,52,54,LAE,9.84667293135675
2553,52,54,LAE,5.238860068551415
2554,52,54,LAE,5.491316716537702
2555,53,54,LAE,2.604306738316271
2556,53,55,LAE,4.64666922154764
2557,53,54,LAE,4.030171122364941
2558,53,54,LAE,1.8810670246400287
2559,53,55,LAE,2.64879001613018
2560,53,54,LAE,11.223574873714934
2561,53,54,LAE,4.88648346793104
2562,53,55,LAE,5.44090944134939
2563,53,57,LAE,3.417968356073928
2564,53,54,LAE,3.445046672995411
2565,53,54,LAE,4.402940332747516
2566,53,55,LAE,4.922607452938351
2567,53,54,LAE,4.258168021297124
2568,53,56,LAE,7.009856140851738
2569,53,54,LAE,3.808689136228386
2570,53,55,LAE,5.836435434381368
2571,53,54,LAE,3.6815612872109167
2572,53,54,LAE,3.5669488976691217
2573,53,54,LAE,3.5403557226516313
2574,53,54,LAE,5.173448213454916
2575,53,54,LAE,2.3234520583949054
2576,53,55,LAE,4.781498027477223
2577,53,54,LAE,2.5530767320585745
2578,53,55,LAE,5.184600092598515
2579,53,54,LAE,4.887910923938639
2580,53,59,LAE,6.352029575020277
2581,53,61,LAE,7.857255783826951
2582,53,54,LAE,4.825842113228192
2583,53,55,LAE,5.199808684242278
2584,53,55,LAE,4.889848388806457
2585,53,55,LAE,5.108197306977939
2586,53,54,LAE,3.535299363219171
2587,53,55,LAE,9.90781297661102
2588,53,57,LAE,4.239272995197353
2589,53,55,LAE,3.9907537471405052
2590,53,54,LAE,3.8252001962268856
2591,53,62,LAE,6.986146976680443
2592,53,54,LAE,2.746711740333233
2593,53,54,LAE,3.490021325884135
2594,53,54,LAE,4.236916478758683
2595,53,54,LAE,3.5898104926761993
2596,53,56,LAE,5.084210853114317
2597,53,54,LAE,4.344186164522399
2598,53,54,LAE,5.26543950784553
2599,53,55,LAE,3.9027062429854635
2600,53,55,LAE,5.103774664063921
2601,53,54,LAE,2.0215466215030484
2602,53,56,LAE,9.43990566249725
2603,53,55,LAE,6.478692415827207
2604,53,56,LAE,11.109311109098815
2605,53,55,LAE,9.633191289741994
2606,53,55,LAE,3.401235008582925
2607,53,54,LAE,5.351978672846483
2608,53,54,LAE,2.8111947978238714
2609,53,54,LAE,5.9906712951259316
2610,53,54,LAE,5.942509889690746
2611,53,55,LAE,3.174229754317821
2612,53,54,LAE,13.416024540213895
2613,53,55,LAE,5.4264258348225605
2614,53,54,LAE,4.890404629597578
2615,53,54,LAE,3.7652132122697055
2616,53,54,LAE,5.42293471789354
2617,53,54,LAE,5.440824562997994
2618,53,54,LAE,5.921104097588612
2619,53,58,LAE,5.175306325189207
2620,53,54,LAE,2.1412993369230704
2621,53,55,LAE,5.6103446428708565
2622,53,54,LAE,5.375406540561476
2623,53,56,LAE,5.045212343617005
2624,53,54,LAE,2.2999127174680805
2625,51,58,LAE,10.87735460987394
2626,53,60,LAE,9.818299433786969
2627,53,55,LAE,7.388271351320101
2628,53,55,LAE,5.215218202192099
2629,53,55,LAE,4.706199856913625
2630,53,55,LAE,3.7454850416617442
2631,54,55,LAE,3.6714584619994355
2632,54,55,LAE,2.339124346567577
2633,54,57,LAE,4.691546865928908
2634,54,57,LAE,3.8180410910627525
2635,54,55,LAE,13.327970608423218
2636,54,55,LAE,4.895469348274517
2637,54,55,LAE,4.883949433615967
2638,54,55,LAE,2.173819482956679
2639,54,55,LAE,4.911690351097572
2640,54,55,LAE,12.14474721074213
2641,54,59,LAE,4.8253534110100595
2642,54,55,LAE,5.138018224885977
2643,54,55,LAE,2.0332352214334253
2644,54,55,LAE,1.9585845353724574
2645,54,55,LAE,1.8510897843858922
2646,54,58,LAE,4.063462117814459
2647,54,55,LAE,4.611770663960747
2648,54,56,LAE,3.002280033405506
2649,54,55,LAE,4.068725645273384
2650,54,61,LAE,6.086900918301672
2651,54,55,LAE,3.8855272928237325
2652,54,55,LAE,3.0062344871441744
2653,54,55,LAE,6.817423505347523
2654,54,55,LAE,9.93179245157605
2655,54,57,LAE,5.506546229165054
2656,54,56,LAE,12.296540780246854
2657,54,55,LAE,2.9725245217372303
2658,54,58,LAE,4.684004337700223
2659,54,55,LAE,3.1088664058709097
2660,54,56,LAE,3.164557040598496
2661,54,57,LAE,11.788984891248562
2662,54,57,LAE,4.51253830657302
2663,54,57,LAE,2.9074630292172716
2664,54,57,LAE,2.8086554111083992
2665,54,60,LAE,10.309205520583614
2666,54,59,LAE,4.653233557981971
2667,54,56,LAE,4.489861380112223
2668,54,57,LAE,4.811282871556676
2669,55,57,LAE,2.370406118911359
2670,55,57,LAE,2.320797640864186
2671,55,56,LAE,2.591096223973907
2672,55,56,LAE,2.369232081739337
2673,55,57,LAE,4.120414161492366
2674,55,57,LAE,2.3630205849196964
2675,55,57,LAE,2.961866933116932
2676,55,56,LAE,2.518602582472992
2677,55,57,LAE,2.352186410513317
2678,55,57,LAE,2.50170141857866
2679,55,57,LAE,3.9766652882370472
2680,55,57,LAE,3.5711149572005145
2681,55,59,LAE,4.432360626151277
2682,55,56,LAE,4.525024604464067
2683,55,57,LAE,2.4070135400223376
2684,55,59,LAE,4.426834796769596
2685,55,57,LAE,2.3333084834726963
2686,55,56,LAE,1.881063468459696
2687,55,56,LAE,9.491272561275835
2688,55,56,LAE,2.37750877314332
2689,55,56,LAE,4.576214375840993
2690,55,59,LAE,4.171585245611718
2691,55,57,LAE,3.5893050635740056
2692,55,61,LAE,5.729847808304378
2693,55,57,LAE,2.427087327153515
2694,55,56,LAE,5.672708436407549
2695,55,56,LAE,9.088541696875563
2696,55,56,LAE,3.9105573703071106
2697,55,59,LAE,8.83226676228401
2698,53,64,LAE,8.976383868109872
2699,54,59,LAE,6.705087849570795
2700,55,57,LAE,4.424879272525286
2701,55,57,LAE,2.34586713672579
2702,56,57,LAE,7.120816471589401
2703,56,57,LAE,1.782509142686495
2704,56,57,LAE,1.982156297486051
2705,56,57,LAE,1.7618659591471013
2706,56,57,LAE,2.832779537867188
2707,56,57,LAE,1.7490802544021185
2708,56,57,LAE,3.32530787565182
2709,56,57,LAE,2.74055795365061
2710,56,58,LAE,4.248206253008638
2711,56,57,LAE,2.5091129460556556
2712,56,57,LAE,1.8191042859596256
2713,56,57,LAE,1.8037966953310183
2714,56,57,LAE,4.080207180633609
2715,56,57,LAE,3.3875897806093622
2716,56,58,LAE,3.5004406108386834
2717,56,57,LAE,1.7821531124535122
2718,56,59,LAE,3.6905155159218594
2719,56,57,LAE,3.064074681144802
2720,56,57,LAE,1.9670030742080338
2721,56,57,LAE,4.42211865158499
2722,56,57,LAE,3.756850739415001
2723,56,57,LAE,2.2999240583900096
2724,56,57,LAE,1.6781894511863873
2725,56,57,LAE,3.273966657533235
2726,56,57,LAE,3.4473755078112243
2727,56,57,LAE,1.756013968983632
2728,56,57,LAE,2.2261912752023116
2729,56,58,LAE,3.1644012230770944
2730,56,60,LAE,3.324659219974291
2731,56,57,LAE,2.8191172272683334
2732,56,57,LAE,3.0496833683179467
2733,56,58,LAE,7.326620453491931
2734,56,59,LAE,8.461346749105932
2735,56,61,LAE,5.363211930744699
2736,56,59,LAE,3.4099249108308913
2737,56,57,LAE,2.6269286780430234
2738,56,58,LAE,2.267058805717925
2739,56,57,LAE,1.9041700978953597
2740,56,60,LAE,5.3315134312043275
2741,56,58,LAE,8.644676487664183
2742,56,58,LAE,11.822215644024258
2743,56,58,LAE,14.054002126191554
2744,56,58,LAE,5.663524204122053
2745,56,58,LAE,3.736970311757193
2746,56,58,LAE,7.665999756503943
2747,57,59,LAE,6.6650676661669275
2748,57,59,LAE,2.5431827168913297
2749,57,59,LAE,2.8693661376103354
2750,57,58,LAE,4.230435501425365
2751,57,58,LAE,3.4596139991903754
2752,57,62,LAE,4.60543277266239
2753,57,59,LAE,2.879513383575427
2754,57,58,LAE,3.3999853966434532
2755,57,58,LAE,9.865937592878282
2756,57,59,LAE,2.9238774449380984
2757,57,60,LAE,3.1886479398686243
2758,57,58,LAE,8.31117463068845
2759,57,59,LAE,3.100296865444626
2760,57,61,LAE,3.971175213578297
2761,57,59,LAE,2.8554021035385837
2762,57,58,LAE,2.7573769457447352
2763,57,58,LAE,2.824688736922671
2764,57,59,LAE,2.3627401579011913
2765,57,60,LAE,3.209399294503262
2766,57,58,LAE,2.8015727667695978
2767,57,60,LAE,3.318340927804402
2768,57,60,LAE,3.0478159723383595
2769,57,59,LAE,2.81823905092874
2770,57,58,LAE,5.047704356207227
2771,57,59,LAE,2.773808397077894
2772,57,59,LAE,2.816547894375639
2773,57,58,LAE,2.803243178177618
2774,57,58,LAE,4.233496050675649
2775,57,58,LAE,4.7151984680137335
2776,57,59,LAE,2.705938872444607
2777,57,58,LAE,2.907166610796797
2778,57,61,LAE,5.300341264697446
2779,57,59,LAE,3.7211852045518103
2780,57,58,LAE,2.8992369890867358
2781,57,63,LAE,6.915912076062878
2782,57,58,LAE,2.5538394234174846
2783,57,61,LAE,8.895272658865569
2784,57,59,LAE,6.775038147652974
2785,57,58,LAE,2.7730483598207627
2786,57,58,LAE,2.6143811767016603
2787,57,58,LAE,3.1182010019183317
2788,57,61,LAE,6.146055498084777
2789,57,58,LAE,2.520278365635471
2790,57,58,LAE,3.144256703899242
2791,57,58,LAE,7.450723483978397
2792,57,58,LAE,2.7325366351336564
2793,57,58,LAE,2.774633318333993
2794,57,60,LAE,3.375219039565926
2795,57,60,LAE,3.8040537310300433
2796,58,59,LAE,6.252701855938408
2797,58,59,LAE,3.8516340547994115
2798,58,59,LAE,3.251787932903031
2799,58,59,LAE,2.380056273609952
2800,58,60,LAE,2.5714076689125887
2801,58,59,LAE,2.328322671191414
2802,58,59,LAE,5.378515131318455
2803,58,59,LAE,2.344801726478058
2804,58,60,LAE,5.785012536881847
2805,58,63,LAE,4.866642303952659
2806,58,59,LAE,4.147709644898748
2807,58,59,LAE,2.195005870693345
2808,58,62,LAE,5.176508724559386
2809,58,60,LAE,5.5420999687975545
2810,58,59,LAE,5.788100075162061
2811,58,59,LAE,4.681384966014319
2812,58,62,LAE,4.497689703968696
2813,58,59,LAE,5.270279686980658
2814,58,59,LAE,4.40372485612033
2815,58,59,LAE,2.4819334273479936
2816,58,59,LAE,2.1914599313975005
2817,58,60,LAE,5.591315497992254
2818,58,60,LAE,5.2746079961550185
2819,58,59,LAE,4.383772042528722
2820,58,59,LAE,5.678973657807778
2821,58,61,LAE,5.1574279217410455
2822,58,59,LAE,2.7372688468018955
2823,58,61,LAE,2.9274068693421693
2824,58,60,LAE,5.52639930964294
2825,58,60,LAE,4.803140835501723
2826,58,59,LAE,4.8402494510329905
2827,58,63,LAE,5.343987601379042
2828,58,60,LAE,2.6107290467554214
2829,58,59,LAE,4.359031763105149
2830,58,59,LAE,2.3618897207039318
2831,58,60,LAE,5.061054775748798
2832,58,60,LAE,5.373283204964046
2833,58,60,LAE,3.420561895664313
2834,58,60,LAE,5.944897076661978
2835,58,60,LAE,5.7800257011226535
2836,58,60,LAE,2.798672523575814
2837,58,63,LAE,5.381823462032623
2838,58,59,LAE,2.326117342776185
2839,58,59,LAE,11.304341668568286
2840,58,59,LAE,5.727288440394084
2841,58,59,LAE,4.2949948122919634
2842,58,60,LAE,2.9307639678634
2843,58,59,LAE,2.3115000868230635
2844,58,60,LAE,2.578219070104205
2845,58,59,LAE,5.347823752329622
2846,58,60,LAE,4.869509118278294
2847,59,61,LAE,2.6458788176090713
2848,59,61,LAE,2.954430721479612
2849,59,63,LAE,3.90316536925672
2850,59,62,LAE,3.7684204667570285
2851,59,60,LAE,3.8531056561793666
2852,59,61,LAE,3.324741036053224
2853,59,60,LAE,4.536872009340767
2854,59,62,LAE,3.5496633394687636
2855,59,61,LAE,2.6826830371627475
2856,59,60,LAE,3.487218474574479
2857,59,61,LAE,3.1313125620642555
2858,59,60,LAE,4.267686307539606
2859,59,60,LAE,4.471261525225246
2860,59,62,LAE,3.4741174042577123
2861,59,61,LAE,3.5130395337734246
2862,59,60,LAE,3.062797609284438
2863,59,61,LAE,2.7887213315925408
2864,59,61,LAE,2.633912210381454
2865,59,60,LAE,4.8606121460900855
2866,59,60,LAE,5.370238773036595
2867,59,63,LAE,4.9678551906189785
2868,59,61,LAE,3.4417584235721708
2869,59,60,LAE,2.35685346010221
2870,59,60,LAE,7.381543483041798
2871,59,63,LAE,4.7449722585376914
2872,59,60,LAE,4.213413949711739
2873,59,62,LAE,4.052914372911905
2874,59,60,LAE,3.7051244102941396
2875,59,63,LAE,4.777293695080681
2876,59,63,LAE,4.748382869680941
2877,59,60,LAE,6.0236529756399735
2878,59,62,LAE,3.868802228469221
2879,59,61,LAE,4.59502982883051
2880,59,61,LAE,4.698700943054921
2881,59,63,LAE,4.652447802077287
2882,59,60,LAE,5.336939354713192
2883,59,63,LAE,4.574894288760102
2884,59,63,LAE,4.62335929466896
2885,59,61,LAE,3.499776877777824
2886,59,60,LAE,5.1667184539031235
2887,59,61,LAE,3.7316642832462645
2888,59,60,LAE,7.36440741106199
2889,59,62,LAE,3.2810031959198107
2890,59,63,LAE,4.078128795888743
2891,59,60,LAE,5.556420065964255
2892,59,60,LAE,2.345850710658611
2893,59,60,LAE,2.897918712690231
2894,59,61,LAE,3.1646341043563004
2895,59,60,LAE,1.859967834729656
2896,59,60,LAE,2.4510187428447097
2897,59,61,LAE,4.991091236247887
2898,59,63,LAE,4.812777209706011
2899,59,60,LAE,2.2861846007618607
2900,59,60,LAE,4.886649676705408
2901,59,62,LAE,4.583160555864311
2902,59,61,LAE,3.0375162569522005
2903,59,60,LAE,6.749330306795182
2904,59,60,LAE,4.275295282524597
2905,59,62,LAE,7.492519524285504
2906,59,62,LAE,4.701167527654044
2907,59,60,LAE,4.7962204850133165
2908,59,60,LAE,2.856452581793502
2909,59,62,LAE,3.6962515032722996
2910,59,60,LAE,4.831819957424406
2911,59,60,LAE,2.7093944058316195
2912,59,60,LAE,3.6359261504278853
2913,59,60,LAE,4.841180721412953
2914,59,60,LAE,5.344672556084156
2915,59,61,LAE,2.6108024481852676
2916,59,60,LAE,4.29702578243725
2917,59,60,LAE,4.495547766482846
2918,59,60,LAE,7.8625591681723925
2919,59,60,LAE,5.9078529629141014
2920,59,60,LAE,5.12846387786306
2921,59,60,LAE,3.6119163847213116
2922,59,63,LAE,3.8269705703320622
2923,58,63,LAE,6.544681905446336
2924,60,62,LAE,3.002740748768919
2925,60,61,LAE,5.024846908090289
2926,60,62,LAE,2.840369443479222
2927,60,61,LAE,10.656799455525112
2928,60,61,LAE,8.33528002536445
2929,60,63,LAE,4.121063163868999
2930,60,61,LAE,6.196827416932686
2931,60,62,LAE,2.7600696346979934
2932,60,63,LAE,3.7172401721045234
2933,60,61,LAE,2.961860483618011
2934,60,61,LAE,7.059243968470036
2935,60,61,LAE,5.161401685056147
2936,60,61,LAE,6.156649944817503
2937,60,61,LAE,4.510700020757226
2938,60,62,LAE,2.4434104717965948
2939,60,63,LAE,4.14646133446258
2940,60,65,LAE,10.076094565976968
2941,60,61,LAE,2.0574726524988987
2942,60,63,LAE,3.56330844074412
2943,60,64,LAE,4.936300381805547
2944,60,61,LAE,5.156748522653905
2945,60,61,LAE,2.5135484803417127
2946,60,61,LAE,5.8944910201645095
2947,60,62,LAE,4.059128023653991
2948,60,61,LAE,2.3298737245700236
2949,60,63,LAE,4.008736817899892
2950,60,63,LAE,3.821757904940958
2951,60,62,LAE,3.632118325129694
2952,60,63,LAE,7.3116082471320105
2953,60,63,LAE,3.8673060108062116
2954,60,62,LAE,2.6194440401225587
2955,60,62,LAE,7.947162276498256
2956,60,62,LAE,3.858325643110915
2957,60,61,LAE,1.6432548811485894
2958,60,63,LAE,4.148150056824524
2959,60,61,LAE,3.095652557334464
2960,60,61,LAE,2.6112843730716513
2961,60,61,LAE,2.1214536642709265
2962,60,61,LAE,4.867093419506938
2963,60,61,LAE,4.450037679260528
2964,60,61,LAE,1.890086812219366
2965,60,62,LAE,5.957952145679543
2966,60,61,LAE,2.184221294278352
2967,60,61,LAE,3.2525246414495426
2968,60,61,LAE,2.328502191565116
2969,60,63,LAE,8.349932278289714
2970,60,61,LAE,5.709268723809108
2971,60,61,LAE,3.8828833568963406
2972,60,62,LAE,4.960347579558336
2973,61,63,LAE,2.81534780836539
2974,61,62,LAE,2.585923058744506
2975,61,62,LAE,4.673602312091457
2976,61,63,LAE,3.001682932996497
2977,61,62,LAE,2.2981148864462235
2978,61,62,LAE,4.7404909114251845
2979,61,62,LAE,1.9160018073797365
2980,61,63,LAE,2.5422767913450075
2981,61,62,LAE,3.637989601720499
2982,61,62,LAE,2.2040018295730133
2983,61,63,LAE,5.167940088996436
2984,61,62,LAE,5.192518203782863
2985,61,62,LAE,3.9230089003780226
2986,61,62,LAE,3.6172132705516504
2987,61,62,LAE,5.527625792721575
2988,61,62,LAE,4.076345511416053
2989,61,62,LAE,2.294765937031359
2990,61,62,LAE,2.0745037214903133
2991,61,63,LAE,5.199881046286757
2992,61,62,LAE,6.326226585214496
2993,61,62,LAE,2.854710266090115
2994,61,62,LAE,4.958433887950554
2995,61,62,LAE,2.0953888519881696
2996,61,62,LAE,3.484772304200902
2997,61,62,LAE,2.3753685801590176
2998,61,62,LAE,2.743912308254968
2999,61,62,LAE,2.148623465161856
3000,61,62,LAE,4.188215236060189
3001,60,63,LAE,4.45016788632209
3002,61,63,LAE,8.399326058722902
3003,61,64,LAE,8.798333123643785
3004,62,66,LAE,7.935672069420083
3005,62,63,LAE,5.952665335302894
3006,62,63,LAE,8.124296452736477
3007,62,63,LAE,3.0412981035753606
3008,62,63,LAE,4.225164039164666
3009,62,63,LAE,3.108000673064668
3010,62,63,LAE,6.520434847061936
3011,62,63,LAE,3.83032820082696
3012,62,63,LAE,5.768372256959062
3013,62,64,LAE,2.6159985584063143
3014,62,63,LAE,6.462078312984902
3015,62,63,LAE,2.630479596715732
3016,62,63,LAE,3.102156259744859
3017,62,64,LAE,3.9626266262922583
3018,62,63,LAE,3.1675570807773026
3019,62,63,LAE,3.7075365134995777
3020,62,63,LAE,2.9456704150801425
3021,62,63,LAE,3.5859071105604157
3022,62,66,LAE,8.13107430988646
3023,62,63,LAE,5.2254921244176975
3024,62,63,LAE,9.984138879431143
3025,62,63,LAE,2.580208175913261
3026,62,63,LAE,4.501649172883944
3027,62,64,LAE,3.355493421476623
3028,62,63,LAE,3.3853330870888465
3029,62,64,LAE,3.4801909999013656
3030,62,63,LAE,2.2739668397262847
3031,62,63,LAE,9.048072947962437
3032,62,63,LAE,2.2454938349749174
3033,62,63,LAE,3.2806286045835793
3034,62,64,LAE,4.516542465375634
3035,62,63,LAE,3.040690235104492
3036,62,63,LAE,2.584577178255341
3037,62,63,LAE,2.6577143309561815
3038,62,64,LAE,7.108057994244568
3039,62,63,LAE,3.8889401232111886
3040,62,64,LAE,4.902524440065584
3041,61,64,LAE,9.842067678906563
3042,62,71,LAE,8.246134349257533
3043,62,64,LAE,5.82040952042038
3044,62,66,LAE,10.484516570062395
3045,63,64,LAE,8.53517185479074
3046,63,64,LAE,4.917520594215109
3047,63,65,LAE,6.979796594228559
3048,63,64,LAE,5.6452193680096
3049,63,64,LAE,4.232351663283707
3050,63,64,LAE,6.473936862212395
3051,63,64,LAE,6.710642307664074
3052,63,64,LAE,8.537392137273883
3053,63,67,LAE,7.566761669184186
3054,63,64,LAE,11.16899592842383
3055,63,65,LAE,3.295227339824449
3056,63,64,LAE,4.354726538157946
3057,63,65,LAE,7.522504809600973
3058,63,64,LAE,4.757347066448135
3059,63,64,LAE,2.839843262118585
3060,63,64,LAE,7.824529666196564
3061,63,64,LAE,4.898966836007329
3062,63,66,LAE,3.6398403226402727
3063,63,64,LAE,6.374840294047878
3064,63,65,LAE,3.843105000505764
3065,63,65,LAE,7.588832504993143
3066,63,64,LAE,5.191815123855443
3067,63,64,LAE,4.223473911106602
3068,63,64,LAE,8.535187910204455
3069,63,65,LAE,7.6132658523482934
3070,63,64,LAE,4.188179065897835
3071,63,64,LAE,4.729362943024419
3072,63,64,LAE,8.090190990574344
3073,63,64,LAE,8.511589189852888
3074,63,64,LAE,2.440368151642579
3075,63,64,LAE,3.4411374528463123
3076,63,65,LAE,8.247102327660143
3077,64,65,LAE,3.093830790950279
3078,64,65,LAE,8.104005886917827
3079,64,66,LAE,6.320192232781116
3080,64,65,LAE,7.239055403600163
3081,64,65,LAE,8.08996384047278
3082,64,66,LAE,7.896000624360778
3083,64,65,LAE,9.144715757900652
3084,64,65,LAE,4.991766447654297
3085,64,65,LAE,7.712696415402627
3086,64,65,LAE,7.158127874833187
3087,64,66,LAE,6.374171235577977
3088,64,65,LAE,6.278216998903974
3089,64,65,LAE,6.573212292237195
3090,64,65,LAE,6.198017872169984
3091,64,67,LAE,2.33452526807235
3092,63,66,LAE,8.024725250867576
3093,64,66,LAE,7.393541504982586
3094,64,66,LAE,6.586937799217642
3095,64,66,LAE,7.278867604292182
3096,65,66,LAE,7.144580386296679
3097,65,66,LAE,7.398143334950251
3098,65,66,LAE,7.200738266863726
3099,65,72,LAE,5.087617805702261
3100,65,66,LAE,4.533104196032835
3101,65,66,LAE,2.3955262875860175
3102,65,66,LAE,6.552867492938949
3103,65,66,LAE,6.9897455315263155
3104,65,67,LAE,2.4666694380466923
3105,65,66,LAE,5.483465759348357
3106,65,67,LAE,2.4236526805969376
3107,65,66,LAE,3.9068423130934358
3108,65,66,LAE,2.4450285024893703
3109,65,67,LAE,2.4371057982047524
3110,65,66,LAE,2.41556824963922
3111,65,66,LAE,4.253320604637096
3112,65,66,LAE,6.680907822927571
3113,65,66,LAE,6.723459405179756
3114,65,66,LAE,4.212945355050678
3115,65,66,LAE,7.081659755816622
3116,65,67,LAE,7.8064406873010155
3117,65,67,LAE,6.360577666200915
3118,66,67,LAE,5.666913034966256
3119,66,67,LAE,1.8976301220719392
3120,66,67,LAE,1.9152112226761733
3121,66,67,LAE,5.956574282260187
3122,66,67,LAE,1.8820422260283003
3123,67,68,LAE,6.441121085310208
3124,67,68,LAE,5.379296537535999
3125,68,71,LAE,5.858000182385967
3126,69,70,LAE,3.7105926477679865
3127,69,70,LAE,5.531055388481583
3128,69,70,LAE,2.6985541186611344
3129,69,70,LAE,2.0344395110868176
3130,73,74,LAE,2.7474457256093134
3131,76,77,LAE,45.356483638633435
3132,76,95,LAE,35.49580433379146
3133,76,77,LAE,15.689551304727091
3134,76,78,LAE,14.053063259775918
3135,76,77,LAE,41.49424482894248
3136,76,77,LAE,42.14761880949327
3137,76,77,LAE,57.93590449775158
3138,77,78,LAE,40.458174725512656
3139,77,78,LAE,23.157210232095757
3140,77,78,LAE,28.11748095077427
3141,77,79,LAE,51.70925658318417
3142,78,79,LAE,38.5668458266842
3143,78,79,LAE,49.0470151965117
3144,78,79,LAE,3.3353834166385856
3145,78,80,LAE,47.70006252069625
3146,78,83,LAE,19.650280964002707
3147,79,93,LAE,23.332879893533605
3148,79,80,LAE,2.8201075724019558
3149,79,88,LAE,56.31631226034019
3150,79,80,LAE,39.7858019220173
3151,79,80,LAE,20.372130016463235
3152,79,93,LAE,48.49822921914161
3153,78,81,LAE,9.22390812041802
3154,80,85,LAE,16.925733384331927
3155,80,81,LAE,13.060942877338338
3156,80,81,LAE,14.861807608201564
3157,80,83,LAE,39.44167700499176
3158,80,81,LAE,33.41485961971391
3159,78,82,LAE,43.55119610135287
3160,80,82,LAE,13.51022876058271
3161,80,101,LAE,49.52177777496755
3162,81,87,LAE,39.37620076911881
3163,81,95,LAE,40.314093188443664
3164,81,102,LAE,41.98806764032698
3165,81,107,LAE,37.887689371703175
3166,79,85,LAE,44.943570411241986
3167,80,85,LAE,31.11662897987931
3168,80,88,LAE,34.90979065923831
3169,80,83,LAE,26.962087794095428
3170,80,86,LAE,16.97580099198851
3171,80,85,LAE,44.030879867738825
3172,80,83,LAE,52.0471157075804
3173,82,83,LAE,3.4015902013314236
3174,82,83,LAE,43.103721229654944
3175,82,83,LAE,2.6887648788721434
3176,82,89,LAE,15.959913218257656
3177,82,111,LAE,28.897699945051162
3178,82,83,LAE,1.8120694538968816
3179,82,83,LAE,44.65407946683279
3180,82,83,LAE,16.945464320875494
3181,82,83,LAE,29.648740070962887
3182,82,83,LAE,8.105580256850741
3183,82,113,LAE,26.22516568772463
3184,82,83,LAE,7.114936052515193
3185,82,83,LAE,1.525502569606458
3186,82,83,LAE,7.700442984549694
3187,82,88,LAE,30.455952555632248
3188,82,83,LAE,1.9939815825337728
3189,82,100,LAE,37.44259605527277
3190,82,83,LAE,15.074013360094106
3191,82,83,LAE,12.669324122902092
3192,82,84,LAE,16.780878657975247
3193,82,83,LAE,1.9482507134528022
3194,80,84,LAE,49.50064085129227
3195,81,84,LAE,51.20667996093502
3196,82,86,LAE,40.27382352185395
3197,82,87,LAE,21.230289152770837
3198,82,84,LAE,43.638474207180266
3199,82,84,LAE,15.749390166707315
3200,83,84,LAE,35.528157244041026
3201,83,88,LAE,29.46042186364679
3202,83,92,LAE,35.701413199160285
3203,83,87,LAE,16.418219021826427
3204,83,88,LAE,28.747145460987625
3205,83,84,LAE,29.69417065761322
3206,83,84,LAE,30.224403813405925
3207,83,84,LAE,11.975276340766534
3208,83,85,LAE,42.0168528933074
3209,83,94,LAE,38.40714277170579
3210,83,84,LAE,41.23925929671563
3211,83,84,LAE,42.22514540075195
3212,83,90,LAE,20.604141528129443
3213,83,87,LAE,46.21425133324731
3214,83,87,LAE,17.112098082404906
3215,83,84,LAE,20.012358322347303
3216,83,84,LAE,30.850209257088903
3217,82,85,LAE,15.781399934136305
3218,83,86,LAE,35.36333471980848
3219,83,85,LAE,11.02609690044869
3220,83,87,LAE,35.86372696333485
3221,83,85,LAE,52.351299283524284
3222,83,89,LAE,6.951264829034071
3223,83,87,LAE,16.6148290467514
3224,83,87,LAE,33.502363135021
3225,83,85,LAE,30.239572324691597
3226,83,88,LAE,49.842315379266964
3227,83,85,LAE,27.023064934023243
3228,84,92,LAE,16.90940921212632
3229,84,85,LAE,32.95081704792353
3230,84,91,LAE,17.87775236868008
3231,84,95,LAE,26.386247214276146
3232,84,91,LAE,37.05935102878262
3233,84,85,LAE,8.93180830045123
3234,84,85,LAE,40.248349847605446
3235,84,85,LAE,14.634329243123327
3236,84,85,LAE,18.917953141603526
3237,84,86,LAE,57.85538939028343
3238,84,91,LAE,27.870983591843753
3239,84,90,LAE,39.25676247096008
3240,84,91,LAE,31.091644977252184
3241,84,85,LAE,40.15014814557205
3242,84,91,LAE,54.900788580533536
3243,84,89,LAE,15.21520372891162
3244,84,88,LAE,27.6898657017095
3245,84,85,LAE,32.97913866759298
3246,84,85,LAE,24.59510125890541
3247,84,85,LAE,7.511492657899488
3248,84,85,LAE,2.030007376743287
3249,84,85,LAE,25.625047031915557
3250,82,86,LAE,13.319187565913387
3251,83,87,LAE,17.77985561043152
3252,84,87,LAE,17.007575729352677
3253,84,90,LAE,12.89799453840092
3254,84,87,LAE,36.79391275930318
3255,84,91,LAE,47.51648641538625
3256,84,86,LAE,26.69508089800079
3257,84,86,LAE,59.539756466436216
3258,85,91,LAE,26.685449869274247
3259,85,88,LAE,28.69898813329844
3260,85,86,LAE,16.899061090967738
3261,85,86,LAE,25.082044388224563
3262,85,101,LAE,29.31760752819174
3263,85,87,LAE,47.806721334844475
3264,85,89,LAE,26.52196768448652
3265,85,86,LAE,2.8016528910200003
3266,85,86,LAE,30.500129069191726
3267,85,86,LAE,14.847393452238054
3268,85,91,LAE,45.47681683499079
3269,85,90,LAE,40.45840827991456
3270,85,99,LAE,50.56305330478935
3271,83,91,LAE,16.614852985736164
3272,83,87,LAE,15.970868075718792
3273,84,95,LAE,45.99653041743385
3274,84,91,LAE,27.69783039928048
3275,84,93,LAE,16.81518086973442
3276,84,87,LAE,16.233664611057982
3277,84,90,LAE,26.798421788285413
3278,84,91,LAE,29.5676079415367
3279,84,92,LAE,15.134721922111638
3280,84,87,LAE,25.978655759638322
3281,85,87,LAE,11.077116443478594
3282,85,88,LAE,35.74843165668142
3283,85,91,LAE,47.05050533373796
3284,85,88,LAE,10.575421404331363
3285,85,93,LAE,42.335966440901124
3286,85,87,LAE,14.393145909165725
3287,85,87,LAE,23.402827786878586
3288,85,87,LAE,16.70318266878661
3289,85,90,LAE,15.6350767596553
3290,85,87,LAE,20.865620964433027
3291,85,90,LAE,15.02744408507968
3292,85,87,LAE,10.038004676707384
3293,86,92,LAE,16.0757971399295
3294,86,87,LAE,14.269067819056314
3295,86,88,LAE,15.582984461106042
3296,86,88,LAE,8.703717377440071
3297,86,88,LAE,34.84782701142405
3298,86,87,LAE,59.56942972779732
3299,86,88,LAE,52.08281520043051
3300,86,87,LAE,15.577061490589703
3301,86,89,LAE,30.30696758906635
3302,86,87,LAE,16.644045981930166
3303,86,88,LAE,31.941454678630535
3304,86,87,LAE,24.102236210895942
3305,86,87,LAE,52.82801369065742
3306,86,87,LAE,39.03862852186314
3307,86,88,LAE,35.524467181725946
3308,86,87,LAE,25.001117512446147
3309,86,90,LAE,16.0591129881107
3310,86,87,LAE,48.522792929021406
3311,86,93,LAE,37.11903740805771
3312,86,88,LAE,29.000775974451514
3313,86,89,LAE,28.494317430845502
3314,86,87,LAE,27.11840355982535
3315,86,91,LAE,12.008373543709064
3316,86,87,LAE,52.512002017615934
3317,86,91,LAE,14.145172659458371
3318,86,91,LAE,38.24525158778763
3319,86,87,LAE,26.596640126364687
3320,86,88,LAE,15.339957394738354
3321,86,87,LAE,10.574673528476362
3322,86,87,LAE,13.76549528590448
3323,86,87,LAE,10.196373400982623
3324,86,89,LAE,46.02141880152447
3325,86,90,LAE,44.58325763285785
3326,86,87,LAE,31.13731888783438
3327,86,87,LAE,28.59507867615713
3328,84,88,LAE,16.737165088888247
3329,84,88,LAE,33.366943227001705
3330,84,91,LAE,40.96654922492693
3331,84,93,LAE,58.310025284304714
3332,85,88,LAE,20.678719263987087
3333,85,88,LAE,12.217497922045217
3334,85,94,LAE,9.477709012198384
3335,85,88,LAE,42.59706750248103
3336,85,91,LAE,23.88522032572468
3337,85,88,LAE,15.464940821839845
3338,85,89,LAE,21.488466946570394
3339,86,92,LAE,36.88700735549015
3340,86,88,LAE,18.177053410195487
3341,86,88,LAE,56.64024845457985
3342,86,88,LAE,28.423402938139382
3343,86,88,LAE,7.233844433659756
3344,86,89,LAE,16.383437676435815
3345,86,90,LAE,30.303493956781395
3346,86,88,LAE,10.379350062970394
3347,86,92,LAE,40.024689220516706
3348,86,89,LAE,22.127747671376557
3349,86,88,LAE,31.088213715648692
3350,86,88,LAE,15.222898286526393
3351,86,93,LAE,20.157381751096093
3352,86,88,LAE,12.59657573248931
3353,86,88,LAE,12.687457283094004
3354,86,88,LAE,16.627178368575905
3355,86,88,LAE,10.191507068565937
3356,86,89,LAE,26.827286407455986
3357,86,88,LAE,29.581301281446283
3358,86,88,LAE,28.141274512766536
3359,86,98,LAE,29.721495734487842
3360,86,88,LAE,20.327116517670696
3361,86,88,LAE,12.760680844478896
3362,86,88,LAE,22.337045813860655
3363,86,88,LAE,10.032432530672905
3364,86,88,LAE,48.71218314534647
3365,86,88,LAE,20.52814437384416
3366,87,88,LAE,13.904784449832594
3367,87,89,LAE,38.903859754817496
3368,87,91,LAE,19.39434480027508
3369,87,88,LAE,24.33191214258008
3370,87,88,LAE,33.608463308804026
3371,87,88,LAE,14.504285118252213
3372,87,88,LAE,10.501520852821367
3373,87,91,LAE,35.818956804124454
3374,87,88,LAE,14.764313812062843
3375,87,91,LAE,51.79090790871095
3376,87,90,LAE,18.36700289920894
3377,87,88,LAE,18.375215268700753
3378,87,88,LAE,12.031294562986263
3379,87,88,LAE,19.04601074683577
3380,87,95,LAE,25.324893279021097
3381,87,90,LAE,7.036093584035538
3382,87,91,LAE,16.882096047719962
3383,87,88,LAE,38.2951454303574
3384,87,88,LAE,38.58877154300372
3385,87,90,LAE,38.05542121993364
3386,87,88,LAE,15.645990893583997
3387,85,96,LAE,34.37286150457723
3388,85,91,LAE,32.932734041040526
3389,86,89,LAE,10.00053512557582
3390,86,90,LAE,12.75178630164332
3391,86,89,LAE,50.769714826073944
3392,86,90,LAE,19.469010927435725
3393,86,89,LAE,31.468977814840517
3394,86,92,LAE,36.94178698088021
3395,86,89,LAE,24.845945389760917
3396,86,89,LAE,37.08732021888716
3397,87,89,LAE,44.65693911619006
3398,87,93,LAE,22.040094228529394
3399,87,91,LAE,42.36992677811479
3400,87,89,LAE,31.041872227378267
3401,87,91,LAE,14.144672353963067
3402,87,93,LAE,16.89272799595732
3403,87,93,LAE,29.236168849932408
3404,87,89,LAE,14.314785615293822
3405,87,90,LAE,49.63842178120204
3406,87,89,LAE,17.998178659250538
3407,87,92,LAE,39.20891854586922
3408,87,89,LAE,21.740674045567896
3409,87,89,LAE,27.052625600306733
3410,87,92,LAE,38.032618798954466
3411,87,90,LAE,14.319198386092795
3412,88,101,LAE,31.863308774351317
3413,88,99,LAE,21.612017952592456
3414,88,91,LAE,35.79018143428219
3415,88,89,LAE,9.274797584810452
3416,88,93,LAE,16.19044804474488
3417,88,89,LAE,27.654820797324536
3418,88,89,LAE,29.4322428641619
3419,88,89,LAE,29.01449970458673
3420,88,90,LAE,24.486098910932114
3421,88,89,LAE,20.756151200995358
3422,88,89,LAE,5.777679857237503
3423,88,91,LAE,15.304408724875938
3424,88,89,LAE,23.823537094966923
3425,88,91,LAE,15.584237717561733
3426,88,89,LAE,11.559589006691555
3427,88,89,LAE,14.481424430364017
3428,88,89,LAE,8.165639669917734
3429,88,89,LAE,10.847517750721627
3430,88,95,LAE,59.72695852309977
3431,88,89,LAE,9.433535563855395
3432,88,92,LAE,24.514441629572037
3433,88,91,LAE,23.41227546700191
3434,88,89,LAE,11.29713769914689
3435,88,91,LAE,21.524083824105023
3436,88,89,LAE,51.508711197951655
3437,88,89,LAE,35.58437940953132
3438,86,90,LAE,7.873376754590213
3439,86,100,LAE,21.129580513831915
3440,87,94,LAE,32.36700165718666
3441,87,91,LAE,10.993037505228093
3442,87,93,LAE,38.4169539417519
3443,87,90,LAE,42.845188772053696
3444,87,90,LAE,14.405532539059854
3445,87,96,LAE,21.552530437520552
3446,87,93,LAE,33.59099099807515
3447,87,96,LAE,17.222877880148776
3448,87,92,LAE,47.9775911642022
3449,88,90,LAE,12.939092988381708
3450,88,90,LAE,36.19881334794755
3451,88,90,LAE,37.94505868452124
3452,88,94,LAE,46.179001604961215
3453,88,91,LAE,35.50499589018321
3454,88,105,LAE,26.856791969617284
3455,88,90,LAE,43.8578440741152
3456,88,90,LAE,36.95710084206807
3457,89,90,LAE,35.46250307258323
3458,89,90,LAE,13.16575877536008
3459,89,96,LAE,14.312835412403054
3460,89,90,LAE,26.713567327221583
3461,89,90,LAE,18.022822245253348
3462,89,90,LAE,36.075734644115805
3463,89,91,LAE,42.753764596618026
3464,89,91,LAE,35.9714507301643
3465,89,91,LAE,19.9421581143633
3466,89,90,LAE,22.78411239393455
3467,89,90,LAE,18.21228446767957
3468,89,90,LAE,38.08155503201152
3469,89,91,LAE,47.097355099018124
3470,89,94,LAE,15.673684698898445
3471,89,90,LAE,48.99178509655346
3472,89,93,LAE,20.24081757285262
3473,89,90,LAE,5.439968204494911
3474,89,104,LAE,32.5586603453546
3475,89,92,LAE,44.96830261341722
3476,89,96,LAE,28.67639227120789
3477,89,90,LAE,7.705607825779608
3478,89,90,LAE,29.79425340539364
3479,89,91,LAE,7.858795083673699
3480,89,90,LAE,13.774717065233757
3481,89,93,LAE,14.588386216313264
3482,87,91,LAE,44.73008521693306
3483,87,91,LAE,25.57226707239875
3484,87,91,LAE,13.36894403747454
3485,87,91,LAE,34.55427108303963
3486,88,91,LAE,51.37017071073008
3487,88,91,LAE,59.56681066810512
3488,88,91,LAE,14.581725480600147
3489,88,91,LAE,8.403495545987377
3490,88,91,LAE,27.825568589280802
3491,88,94,LAE,15.195304199580924
3492,88,93,LAE,41.20184115586104
3493,88,91,LAE,10.166162817247887
3494,89,91,LAE,47.2327114701045
3495,89,91,LAE,44.691841815489965
3496,89,91,LAE,6.8237457419302805
3497,89,91,LAE,9.2339644601198
3498,89,92,LAE,7.36123459852905
3499,89,93,LAE,13.571886807095385
3500,89,92,LAE,7.398175661168864
3501,89,97,LAE,42.63484935432238
3502,89,91,LAE,13.855835356246091
3503,89,94,LAE,22.802621215767175
3504,89,94,LAE,9.305411745838052
3505,89,93,LAE,6.7032582797491775
3506,89,91,LAE,14.36220599731535
3507,89,105,LAE,36.879078235431585
3508,89,93,LAE,10.703994706916363
3509,90,91,LAE,7.810586798213615
3510,90,91,LAE,22.495384700256746
3511,90,92,LAE,2.9588596784146564
3512,90,91,LAE,40.815810179282664
3513,90,94,LAE,37.82950660321556
3514,90,91,LAE,8.792769511554852
3515,90,94,LAE,13.864608371761296
3516,90,91,LAE,27.910993153647052
3517,90,91,LAE,13.94128511122468
3518,90,91,LAE,34.14703504675245
3519,90,91,LAE,6.458339218668749
3520,90,91,LAE,57.64347774925151
3521,90,91,LAE,5.850963429033603
3522,90,91,LAE,48.709584536203955
3523,90,91,LAE,8.22769029602434
3524,90,91,LAE,23.5059635155738
3525,90,95,LAE,38.82541471335744
3526,90,96,LAE,32.025912823964255
3527,90,91,LAE,21.69713268998201
3528,90,91,LAE,32.83838181965437
3529,90,91,LAE,12.669306043392467
3530,90,93,LAE,7.447359773522939
3531,88,92,LAE,26.56751860319544
3532,88,94,LAE,17.094153153239095
3533,88,92,LAE,4.31062278156021
3534,88,92,LAE,22.510921166158116
3535,89,93,LAE,12.04068320512504
3536,89,92,LAE,11.498777990516441
3537,89,93,LAE,23.000833765719534
3538,89,92,LAE,14.052630975659737
3539,89,102,LAE,26.829762806831134
3540,89,98,LAE,37.25195733014799
3541,90,92,LAE,6.508942190117422
3542,90,113,LAE,31.480265091230898
3543,90,92,LAE,51.42666302505064
3544,90,97,LAE,9.917391971605847
3545,90,92,LAE,34.68688011180216
3546,90,92,LAE,33.36757634240625
3547,90,92,LAE,29.58478021202057
3548,90,99,LAE,35.40658758383711
3549,90,92,LAE,9.595397759612341
3550,91,92,LAE,9.644272634882576
3551,91,92,LAE,14.295609421929857
3552,91,92,LAE,29.462550662934255
3553,91,92,LAE,18.305017146480967
3554,91,97,LAE,12.272838375639074
3555,91,98,LAE,15.064908186784752
3556,91,92,LAE,8.047496234908666
3557,91,92,LAE,29.970092612421066
3558,91,97,LAE,13.679503644331534
3559,91,96,LAE,55.74832059758503
3560,91,92,LAE,2.4354691201376326
3561,91,92,LAE,6.505935118070115
3562,91,92,LAE,14.913117675436629
3563,91,94,LAE,12.651010020702447
3564,91,97,LAE,54.09488816127121
3565,91,100,LAE,29.108259858096456
3566,91,92,LAE,8.913397807334901
3567,89,93,LAE,12.856177978244686
3568,89,93,LAE,15.580014277526038
3569,90,101,LAE,52.38854798854967
3570,90,93,LAE,30.84734823655839
3571,90,93,LAE,34.660208924948684
3572,90,93,LAE,27.61982692640346
3573,90,96,LAE,26.67469787563884
3574,90,94,LAE,7.38553045150154
3575,90,93,LAE,40.60135926937602
3576,91,93,LAE,6.4145944021436225
3577,91,99,LAE,39.15155241755691
3578,91,94,LAE,27.881376077701017
3579,91,97,LAE,25.112686919698408
3580,91,101,LAE,30.895024348757936
3581,91,93,LAE,41.51059393668343
3582,91,95,LAE,16.653745207477492
3583,91,93,LAE,23.200966215381417
3584,92,93,LAE,6.6916594622386345
3585,92,96,LAE,27.928940324115544
3586,92,93,LAE,9.171601749379644
3587,92,100,LAE,32.28992972010454
3588,92,93,LAE,15.319943363875236
3589,92,93,LAE,33.518536575620686
3590,92,93,LAE,14.935005959942417
3591,92,95,LAE,11.428871005918687
3592,92,94,LAE,7.9768253429247515
3593,92,94,LAE,9.677030843351478
3594,92,94,LAE,7.56596605751963
3595,92,93,LAE,42.91648502230756
3596,92,94,LAE,7.192084060121304
3597,92,98,LAE,39.794402348280876
3598,92,93,LAE,38.9970375300437
3599,92,93,LAE,8.89283411115828
3600,92,93,LAE,40.508542797402846
3601,92,93,LAE,27.14470821090531
3602,92,93,LAE,47.73497237209737
3603,92,95,LAE,15.26627344602327
3604,92,94,LAE,8.464827866879371
3605,92,96,LAE,13.256813996618085
3606,92,93,LAE,14.516965899384216
3607,92,94,LAE,24.04949859614568
3608,92,96,LAE,47.140240879563805
3609,90,96,LAE,43.89817634031649
3610,90,94,LAE,27.82339382637444
3611,90,94,LAE,14.5156433581155
3612,90,94,LAE,41.81085810533754
3613,90,94,LAE,25.796092031842814
3614,91,97,LAE,28.920745746058834
3615,91,95,LAE,28.913067055156148
3616,91,94,LAE,52.61380966721839
3617,91,102,LAE,34.13488349781727
3618,91,100,LAE,37.77338330138348
3619,91,108,LAE,28.029326448577084
3620,91,98,LAE,47.42268590997917
3621,92,95,LAE,11.788740058999442
3622,92,97,LAE,47.92744031328587
3623,92,94,LAE,15.68530585878817
3624,92,94,LAE,12.787041011445188
3625,92,95,LAE,53.43994290812179
3626,92,94,LAE,37.53277894865803
3627,92,94,LAE,31.41038386035034
3628,92,97,LAE,50.04735658477379
3629,92,94,LAE,8.35194476607984
3630,92,98,LAE,49.41746007573936
3631,92,94,LAE,15.082522804525611
3632,92,95,LAE,32.2927994401001
3633,92,94,LAE,39.61646409669445
3634,92,113,LAE,20.976723297610768
3635,92,97,LAE,10.037809013659789
3636,92,94,LAE,29.824867512093995
3637,93,94,LAE,14.118845019846729
3638,93,98,LAE,14.599849743221565
3639,93,94,LAE,14.740915347466794
3640,93,94,LAE,14.06397354238381
3641,93,94,LAE,49.307434146233945
3642,93,96,LAE,21.93284628880171
3643,93,94,LAE,24.52580030069495
3644,93,94,LAE,5.470725768056045
3645,93,94,LAE,22.259396573867978
3646,93,97,LAE,41.56843759213494
3647,91,95,LAE,27.52133807478673
3648,91,103,LAE,26.825701741943952
3649,91,95,LAE,19.952351475451735
3650,91,95,LAE,22.32381353404821
3651,92,95,LAE,21.940873338501273
3652,92,99,LAE,22.79296565015417
3653,92,95,LAE,30.113421773884358
3654,92,95,LAE,20.577902901834165
3655,92,95,LAE,10.52770167850487
3656,93,95,LAE,22.3059418982819
3657,93,95,LAE,53.81447056951879
3658,93,100,LAE,28.29673617901944
3659,93,95,LAE,22.502799863959545
3660,93,98,LAE,29.702292198199338
3661,93,100,LAE,30.44461599541734
3662,93,97,LAE,16.704816745217162
3663,93,95,LAE,24.338854027174335
3664,93,96,LAE,48.622385331199006
3665,93,100,LAE,15.674228644086549
3666,94,96,LAE,5.567761139936349
3667,94,97,LAE,4.337772107460687
3668,94,98,LAE,15.238908327626355
3669,94,101,LAE,33.452178882005
3670,94,98,LAE,22.088279899507288
3671,94,95,LAE,41.77264221338973
3672,94,97,LAE,13.359035593329596
3673,94,99,LAE,11.83449819558509
3674,94,99,LAE,43.57502916184001
3675,94,95,LAE,44.24879332154883
3676,94,106,LAE,9.457007090059212
3677,94,97,LAE,19.937715395258895
3678,94,95,LAE,6.931102450777577
3679,94,95,LAE,5.687145467139384
3680,94,98,LAE,23.66566178803024
3681,94,102,LAE,15.957807780414782
3682,94,95,LAE,19.407308465475186
3683,94,95,LAE,19.869101880725914
3684,94,95,LAE,4.535189119939071
3685,94,95,LAE,35.367470114954926
3686,94,95,LAE,31.884541762578134
3687,94,95,LAE,12.703930437896041
3688,92,96,LAE,17.567462523880756
3689,92,104,LAE,25.310295862926285
3690,93,96,LAE,30.775582257228347
3691,93,96,LAE,32.84958934632548
3692,93,99,LAE,38.31224233075803
3693,93,96,LAE,32.724622950394256
3694,93,97,LAE,14.244835127696721
3695,93,96,LAE,20.478091370199213
3696,93,103,LAE,41.5846703308679
3697,93,100,LAE,18.118183835863338
3698,93,97,LAE,20.377177826451494
3699,93,96,LAE,9.316472198235816
3700,93,96,LAE,15.02324790617273
3701,93,96,LAE,33.79435310025317
3702,93,97,LAE,14.984722693553126
3703,94,98,LAE,8.262688551622821
3704,94,98,LAE,11.544895314772647
3705,94,98,LAE,27.729662865831507
3706,94,96,LAE,15.40659748410728
3707,94,96,LAE,6.886828681128571
3708,94,96,LAE,15.748207272367758
3709,94,96,LAE,41.201547505118
3710,94,96,LAE,7.119765106253373
3711,95,96,LAE,26.17592491514178
3712,95,96,LAE,25.65952393935762
3713,95,96,LAE,8.367190909313765
3714,95,96,LAE,25.06911189984447
3715,95,96,LAE,9.512716236480724
3716,95,96,LAE,17.149587693288414
3717,95,101,LAE,12.20131749527366
3718,95,96,LAE,5.065728651142851
3719,95,98,LAE,7.33136852859389
3720,95,96,LAE,32.00988715105984
3721,95,96,LAE,13.607387776417342
3722,95,97,LAE,16.235123319731365
3723,95,96,LAE,15.015614365912793
3724,95,96,LAE,8.889236423330688
3725,93,97,LAE,4.546181171741038
3726,93,97,LAE,10.03747605478199
3727,93,97,LAE,13.80617157336357
3728,93,97,LAE,27.1871692763472
3729,93,102,LAE,31.06130612837365
3730,93,97,LAE,12.331399956921066
3731,93,103,LAE,53.712556568199474
3732,94,101,LAE,26.120233957852868
3733,94,101,LAE,15.926710931068001
3734,94,97,LAE,28.554853416930797
3735,94,99,LAE,29.70963612376302
3736,94,102,LAE,32.17168704337134
3737,94,97,LAE,27.298225792241897
3738,95,97,LAE,11.835830927637888
3739,95,97,LAE,28.429216145497048
3740,95,100,LAE,22.931075709270974
3741,95,99,LAE,21.150958185337185
3742,95,97,LAE,21.17875136386386
3743,95,97,LAE,29.22553548665773
3744,96,97,LAE,16.018021902440207
3745,96,97,LAE,5.82398040658535
3746,96,112,LAE,59.9140695626275
3747,96,97,LAE,45.67768416062641
3748,96,97,LAE,10.079550376472895
3749,96,97,LAE,9.45850917320474
3750,96,97,LAE,25.07642450732694
3751,96,97,LAE,6.781304467125622
3752,96,97,LAE,4.769137858416378
3753,96,101,LAE,32.97987134877127
3754,96,97,LAE,7.301959615206594
3755,96,99,LAE,54.27131526872776
3756,96,97,LAE,14.326266991469163
3757,96,109,LAE,28.487201512692483
3758,96,105,LAE,27.351738360269053
3759,94,98,LAE,30.54194444939752
3760,94,98,LAE,15.766324619069032
3761,94,98,LAE,50.87068189279641
3762,94,113,LAE,30.745832165339504
3763,95,101,LAE,37.92779594086963
3764,95,101,LAE,28.006732064459953
3765,95,102,LAE,43.224607698946265
3766,95,98,LAE,22.476907621447587
3767,95,113,LAE,24.456020382403576
3768,96,98,LAE,17.48221216497613
3769,96,98,LAE,12.172977311615327
3770,96,98,LAE,20.38840454963581
3771,96,98,LAE,14.97033967455981
3772,96,98,LAE,40.56005507129357
3773,96,98,LAE,24.85277230903285
3774,97,98,LAE,19.40763448966338
3775,97,98,LAE,46.85002509548854
3776,97,113,LAE,25.64220633495404
3777,97,98,LAE,11.623570608261677
3778,97,98,LAE,18.20201682321512
3779,97,98,LAE,3.2498748975844527
3780,97,98,LAE,30.337477248946442
3781,97,98,LAE,15.821996699251057
3782,97,100,LAE,8.982371982309568
3783,97,98,LAE,34.65415788295396
3784,97,98,LAE,15.502599954227552
3785,97,102,LAE,16.472776041944545
3786,97,100,LAE,44.451849054159574
3787,97,98,LAE,28.70667180616731
3788,97,98,LAE,17.89470400832935
3789,97,112,LAE,30.37721157387745
3790,97,98,LAE,24.53901199838884
3791,97,98,LAE,14.14333093697685
3792,97,101,LAE,20.49866945309555
3793,97,100,LAE,18.50629820664102
3794,97,100,LAE,14.943501716118597
3795,97,102,LAE,25.069488367334777
3796,97,98,LAE,8.834870970353643
3797,97,98,LAE,2.8449774139232944
3798,97,112,LAE,19.266539804516295
3799,97,98,LAE,13.611840033575843
3800,95,103,LAE,26.538480641219575
3801,96,101,LAE,21.99115037278658
3802,96,99,LAE,40.23740847835076
3803,97,101,LAE,43.787213087679525
3804,97,99,LAE,27.745281383478698
3805,97,100,LAE,19.282596254842257
3806,97,102,LAE,21.741785507522668
3807,97,102,LAE,36.95712918440605
3808,97,99,LAE,14.598702194545014
3809,98,99,LAE,16.899362864289404
3810,98,101,LAE,3.886423552567907
3811,98,113,LAE,2.7640963530312566
3812,98,99,LAE,28.618945770503082
3813,98,99,LAE,6.545556881496278
3814,98,105,LAE,8.534312017951606
3815,98,102,LAE,2.8903019417970195
3816,98,99,LAE,18.13347046021616
3817,98,113,LAE,25.89665604342105
3818,98,100,LAE,47.31038334215366
3819,98,99,LAE,35.296630671879946
3820,98,99,LAE,2.767533246899784
3821,98,102,LAE,23.588968659911266
3822,98,99,LAE,28.20279970363145
3823,98,100,LAE,19.544013630153035
3824,98,99,LAE,10.115192262425907
3825,98,99,LAE,38.4618023023769
3826,98,103,LAE,26.964652840206114
3827,98,105,LAE,18.08239443205354
3828,96,100,LAE,25.940791179882034
3829,96,100,LAE,10.90480853459578
3830,96,100,LAE,31.838914926748615
3831,96,100,LAE,30.02755530703692
3832,96,103,LAE,41.348258949939954
3833,96,100,LAE,34.96213449788654
3834,97,100,LAE,17.4488792820208
3835,97,103,LAE,34.32383429826472
3836,97,100,LAE,6.021760363421464
3837,98,101,LAE,15.970298101242902
3838,98,101,LAE,48.71024284638827
3839,98,103,LAE,21.361899052347763
3840,98,111,LAE,10.651441243492798
3841,98,100,LAE,28.831032628916454
3842,98,106,LAE,45.26087960732361
3843,99,100,LAE,2.349637367552613
3844,99,100,LAE,2.4313958612360946
3845,99,105,LAE,7.999981164601421
3846,99,100,LAE,9.558673690689567
3847,99,100,LAE,22.144872061210464
3848,99,100,LAE,21.02183099065545
3849,99,100,LAE,29.004006136280477
3850,99,100,LAE,2.8813668489442086
3851,99,100,LAE,42.88807443343655
3852,99,100,LAE,2.79021460358491
3853,99,105,LAE,13.317846003320241
3854,99,100,LAE,3.698171945150562
3855,99,100,LAE,3.6144137241649816
3856,99,104,LAE,2.1394557369493463
3857,99,100,LAE,14.708472117592123
3858,99,100,LAE,30.198894724508484
3859,99,100,LAE,11.444798635142343
3860,99,100,LAE,2.6676458288233507
3861,99,102,LAE,2.785785796491598
3862,99,100,LAE,6.11346419417531
3863,99,100,LAE,6.6854558086353775
3864,99,112,LAE,12.429694724359814
3865,99,104,LAE,6.891255710234799
3866,99,113,LAE,30.427539263089628
3867,97,108,LAE,36.59601241864072
3868,98,107,LAE,54.045237506750055
3869,98,105,LAE,12.662496149664527
3870,98,113,LAE,30.291356567273606
3871,98,105,LAE,43.912399429096276
3872,98,105,LAE,17.850849385438426
3873,99,103,LAE,16.720690366291105
3874,99,101,LAE,16.975224035817888
3875,99,101,LAE,11.231608407748386
3876,99,102,LAE,12.038159362485084
3877,99,101,LAE,48.41833416211226
3878,99,103,LAE,8.090846323608547
3879,99,101,LAE,32.75149488380814
3880,99,107,LAE,10.284638666456178
3881,99,113,LAE,35.80054730282988
3882,100,103,LAE,19.039291381620142
3883,100,101,LAE,38.296856661280664
3884,100,102,LAE,40.92367715639974
3885,100,101,LAE,8.212845914735858
3886,100,101,LAE,12.858527053931931
3887,100,101,LAE,15.271973646980722
3888,100,113,LAE,18.408122201303847
3889,100,101,LAE,13.579108611530819
3890,100,101,LAE,11.80301359742518
3891,100,103,LAE,5.325618404378696
3892,100,101,LAE,21.54214553027606
3893,100,101,LAE,19.104671488017438
3894,100,105,LAE,28.147890757224896
3895,100,101,LAE,10.089780770241353
3896,100,101,LAE,23.487122255525616
3897,100,101,LAE,21.83417476748491
3898,100,103,LAE,20.452016641830568
3899,100,106,LAE,23.411838746361344
3900,100,113,LAE,15.329625196993291
3901,100,101,LAE,20.294463771189832
3902,100,101,LAE,6.285675530013176
3903,100,101,LAE,19.989273352249494
3904,100,101,LAE,13.305812420200697
3905,100,101,LAE,9.587339632478717
3906,100,108,LAE,13.479178270807251
3907,98,102,LAE,30.588237775295024
3908,98,102,LAE,21.45130039452238
3909,99,102,LAE,3.0665328608726123
3910,99,102,LAE,36.807739574830116
3911,99,103,LAE,6.552419362330494
3912,99,102,LAE,25.444926059891205
3913,99,113,LAE,49.03131375181673
3914,99,102,LAE,32.67613156886693
3915,99,102,LAE,18.33754695450703
3916,99,102,LAE,23.581618966310568
3917,99,113,LAE,33.4956729976253
3918,100,102,LAE,18.392316288710873
3919,100,106,LAE,20.409954693607908
3920,100,102,LAE,20.83393757789841
3921,100,102,LAE,39.41976604438988
3922,101,102,LAE,8.502451771604697
3923,101,106,LAE,3.7513456071142963
3924,101,113,LAE,1.4393528272566427
3925,101,102,LAE,1.6891411362216708
3926,101,113,LAE,1.5205161448389406
3927,101,112,LAE,25.12999719422983
3928,101,102,LAE,7.9775973105147555
3929,101,102,LAE,3.2684371314267726
3930,101,111,LAE,31.06052295006127
3931,101,102,LAE,2.4328882200125332
3932,101,103,LAE,1.6819004057647695
3933,101,107,LAE,4.570740229981148
3934,101,102,LAE,30.974162992499128
3935,101,103,LAE,24.91753098147841
3936,101,110,LAE,35.089715313046206
3937,101,103,LAE,12.443828419645218
3938,101,102,LAE,2.3911757127481272
3939,99,113,LAE,51.53174215658637
3940,99,103,LAE,30.98248741821643
3941,99,105,LAE,29.791805491187176
3942,100,106,LAE,7.450498038913542
3943,100,103,LAE,10.670031671077991
3944,100,103,LAE,21.398728993054707
3945,100,103,LAE,2.399757561411175
3946,100,111,LAE,30.73222827469418
3947,100,111,LAE,18.774949939466392
3948,101,103,LAE,8.0589929058381
3949,101,109,LAE,23.963581265963516
3950,101,103,LAE,14.161249636488838
3951,101,103,LAE,11.383695223771142
3952,101,105,LAE,5.803212230785674
3953,101,103,LAE,21.92666545316503
3954,101,112,LAE,3.4272316602893036
3955,101,112,LAE,47.163765548191876
3956,101,106,LAE,19.45071693830163
3957,101,106,LAE,2.8374231705435173
3958,101,110,LAE,2.9537194463255174
3959,101,106,LAE,12.921406092086436
3960,102,105,LAE,38.161230319926744
3961,102,113,LAE,1.7463664374896546
3962,102,110,LAE,33.39712177519894
3963,102,104,LAE,1.3800746519648506
3964,102,103,LAE,10.0636812491876
3965,102,103,LAE,22.20599799565251
3966,102,103,LAE,9.492717236573741
3967,102,103,LAE,2.391996764192605
3968,102,103,LAE,11.674828535862206
3969,102,112,LAE,11.35303238537277
3970,102,103,LAE,34.418140467005124
3971,102,113,LAE,7.705798437437434
3972,102,107,LAE,1.7643429008398472
3973,102,103,LAE,23.847619965349992
3974,102,103,LAE,1.825593197139486
3975,102,113,LAE,2.587811863526321
3976,102,103,LAE,46.22611688669437
3977,102,112,LAE,36.51923003926464
3978,102,107,LAE,5.063072609021814
3979,102,103,LAE,8.729379935026708
3980,102,103,LAE,1.2657217303496782
3981,102,106,LAE,2.9379315272640314
3982,100,105,LAE,9.90841555219301
3983,100,104,LAE,11.67764848395492
3984,101,113,LAE,2.662436939413126
3985,101,113,LAE,25.478663508708614
3986,101,104,LAE,1.434416991023551
3987,101,104,LAE,19.299269495540447
3988,101,104,LAE,9.736277333741523
3989,101,112,LAE,8.850815460494177
3990,101,104,LAE,45.17241467854543
3991,101,108,LAE,10.50999611687615
3992,101,104,LAE,2.64463253440553
3993,102,104,LAE,2.9690322137935627
3994,102,104,LAE,2.9668797630194654
3995,102,110,LAE,7.346980335786134
3996,102,104,LAE,2.8723183097009453
3997,102,104,LAE,29.353168170285002
3998,102,104,LAE,3.0159796359356292
3999,102,106,LAE,8.383038974159723
4000,102,104,LAE,30.349377491174888
4001,102,104,LAE,12.593889886916891
4002,102,113,LAE,26.964755448921466
4003,102,104,LAE,3.1512847744289045
4004,102,113,LAE,24.643012955879716
4005,102,110,LAE,1.5428359212870237
4006,102,104,LAE,2.552962806048516
4007,103,104,LAE,24.301355311962233
4008,103,104,LAE,3.6529724593998005
4009,103,113,LAE,22.93878147804475
4010,103,113,LAE,18.682902701867146
4011,103,107,LAE,22.610632570119215
4012,103,113,LAE,30.799508621218155
4013,103,110,LAE,42.24000596722657
4014,103,104,LAE,2.876431929421783
4015,103,104,LAE,11.500021298701276
4016,103,111,LAE,26.268702664300072
4017,103,105,LAE,6.680816010872637
4018,103,104,LAE,11.222569889833503
4019,103,110,LAE,23.558376588354207
4020,103,113,LAE,1.2184906101607447
4021,103,104,LAE,32.40614852712412
4022,103,112,LAE,19.79725529722075
4023,103,111,LAE,11.307507648422998
4024,103,104,LAE,5.533146470496206
4025,101,105,LAE,2.5034138497556113
4026,101,105,LAE,32.566158020585455
4027,101,109,LAE,39.75493126321278
4028,101,105,LAE,25.105996661514123
4029,102,107,LAE,2.219236524205066
4030,102,111,LAE,2.4121689881616915
4031,102,113,LAE,25.18896332522507
4032,102,105,LAE,3.6946439261591815
4033,102,110,LAE,2.900446608862195
4034,102,105,LAE,1.1811063605553644
4035,103,109,LAE,25.62346151829217
4036,103,113,LAE,26.979057608356108
4037,103,105,LAE,1.9082276926774246
4038,103,108,LAE,11.762759363539699
4039,103,111,LAE,20.021210234132823
4040,104,110,LAE,11.764941227690278
4041,104,113,LAE,0.5475058574855283
4042,104,105,LAE,7.277641669438259
4043,104,113,LAE,0.7472002446647431
4044,104,113,LAE,1.328386349940635
4045,104,113,LAE,2.078291156824041
4046,104,109,LAE,3.1485115734830877
4047,104,112,LAE,1.1583837754804742
4048,104,107,LAE,8.237912433501942
4049,104,105,LAE,2.917063870470704
4050,104,105,LAE,2.8760778998264005
4051,104,108,LAE,2.5642755992439925
4052,104,105,LAE,15.437154164936139
4053,104,112,LAE,19.251908304274973
4054,104,110,LAE,44.65053021007576
4055,104,112,LAE,27.6098231016385
4056,104,105,LAE,1.834152164180975
4057,104,105,LAE,5.001075545460171
4058,104,105,LAE,33.04474391602126
4059,104,113,LAE,2.94108941804985
4060,104,105,LAE,5.089150005266962
4061,104,111,LAE,14.270387790776764
4062,104,105,LAE,33.18681582155315
4063,104,113,LAE,1.0628331468223746
4064,104,113,LAE,19.43400366513238
4065,104,105,LAE,12.146401701944885
4066,104,109,LAE,18.162730791761103
4067,104,113,LAE,30.989669013672778
4068,104,105,LAE,18.090818526816378
4069,104,107,LAE,36.050569541971655
4070,104,105,LAE,4.921349179067002
4071,104,111,LAE,2.633504213905635
4072,104,113,LAE,19.81808599991405
4073,102,107,LAE,2.291546000547933
4074,102,106,LAE,3.2869275095818518
4075,102,110,LAE,6.53068575012961
4076,102,113,LAE,2.216238101294149
4077,103,113,LAE,2.6372900347645563
4078,103,107,LAE,0.9748209408702223
4079,103,107,LAE,23.039580635089035
4080,103,110,LAE,1.0073812779758713
4081,103,113,LAE,13.367116239073274
4082,103,113,LAE,25.463252588127162
4083,103,106,LAE,2.464169945455811
4084,103,108,LAE,1.1552797536846684
4085,103,106,LAE,2.7437281090741013
4086,103,113,LAE,33.16148927948959
4087,104,113,LAE,1.0332548893299431
4088,104,109,LAE,9.499370219832143
4089,104,110,LAE,3.0372039947789493
4090,104,106,LAE,4.639644307194892
4091,104,113,LAE,30.224374522815253
4092,104,106,LAE,26.676453186419522
4093,104,106,LAE,5.324536575731264
4094,104,106,LAE,0.9879150067896039
4095,104,106,LAE,1.7273450502130545
4096,104,113,LAE,0.8743386097776179
4097,104,113,LAE,0.9781654693959055
4098,104,113,LAE,32.49740521545959
4099,104,113,LAE,20.095545502916274
4100,104,108,LAE,0.6135711488175707
4101,104,112,LAE,1.0765989375148142
4102,104,113,LAE,0.7425616977473235
4103,104,108,LAE,9.105456788948713
4104,104,106,LAE,2.1451036583959158
4105,105,106,LAE,3.3053990465276217
4106,105,106,LAE,3.1204812576921523
4107,105,113,LAE,3.502326185678762
4108,105,112,LAE,16.291880102635574
4109,105,113,LAE,2.9091545869155917
4110,105,107,LAE,26.47096156164075
4111,105,106,LAE,0.8373995246793596
4112,105,109,LAE,2.953680737921898
4113,105,111,LAE,1.0578161800415409
4114,105,112,LAE,0.5139026810466479
4115,105,113,LAE,2.3936969001641284
4116,105,113,LAE,2.353355740353709
4117,105,106,LAE,58.669140544041966
4118,105,106,LAE,1.823957984776541
4119,105,106,LAE,0.9481237168168035
4120,105,109,LAE,7.759382059933916
4121,105,110,LAE,6.835599956192873
4122,105,106,LAE,59.65292341016112
4123,105,107,LAE,0.6676344264928565
4124,105,106,LAE,0.975560696876467
4125,105,106,LAE,2.026557739194766
4126,105,112,LAE,0.9791037482093344
4127,105,106,LAE,1.332408804639074
4128,103,111,LAE,2.4099449751710895
4129,103,107,LAE,10.066713077235297
4130,103,113,LAE,24.714919336159628
4131,104,113,LAE,0.6350999059387488
4132,104,108,LAE,0.8799109119653797
4133,104,111,LAE,1.4462811442928873
4134,104,113,LAE,0.6298597154541403
4135,104,107,LAE,0.7864980475846366
4136,104,109,LAE,0.9870152038468333
4137,104,111,LAE,2.478384400445225
4138,104,108,LAE,3.1567326885624807
4139,104,107,LAE,0.7570440361695743
4140,104,110,LAE,29.51393370896818
4141,104,109,LAE,16.335350139840617
4142,104,107,LAE,2.4104600956102926
4143,105,113,LAE,3.832121255451999
4144,105,107,LAE,0.7869816695602434
4145,105,111,LAE,22.602076003356522
4146,105,111,LAE,34.23578940572125
4147,105,107,LAE,1.9812441759505852
4148,105,108,LAE,9.027191083047864
4149,105,107,LAE,51.748353755831964
4150,105,112,LAE,10.090689534011911
4151,105,107,LAE,17.65273585112989
4152,105,108,LAE,40.88299772396834
4153,105,107,LAE,36.99307471494483
4154,105,107,LAE,20.096732292663233
4155,105,109,LAE,2.1464816538715064
4156,105,113,LAE,2.726300695916919
4157,105,113,LAE,0.5887051233028489
4158,106,109,LAE,8.204209974401033
4159,106,107,LAE,0.7007237435238522
4160,106,111,LAE,1.7561516710136156
4161,106,109,LAE,2.251618314129457
4162,106,113,LAE,2.9915273685563912
4163,106,112,LAE,23.96017803392788
4164,106,113,LAE,2.653064333230226
4165,106,107,LAE,19.244554316157075
4166,106,108,LAE,6.265069726621925
4167,106,109,LAE,0.9353562043446517
4168,106,113,LAE,35.80930460249021
4169,104,112,LAE,1.2627747941491032
4170,104,108,LAE,12.52122128655427
4171,104,108,LAE,2.5055044428357394
4172,104,108,LAE,24.82968302126345
4173,104,113,LAE,18.116193688663767
4174,105,108,LAE,22.16870648470655
4175,105,113,LAE,13.482878469532576
4176,105,111,LAE,26.80208846030415
4177,105,108,LAE,1.5857878187902434
4178,105,111,LAE,0.6235954170927934
4179,105,108,LAE,39.41074252981856
4180,106,108,LAE,2.526818431965219
4181,106,110,LAE,2.697254904957137
4182,106,112,LAE,18.015675071896062
4183,106,108,LAE,3.400778070380659
4184,106,109,LAE,16.92846018064123
4185,107,108,LAE,5.311888088477625
4186,107,113,LAE,0.7303776669051122
4187,107,112,LAE,2.5371000558844905
4188,107,112,LAE,1.2266380272979385
4189,107,108,LAE,3.9963211477177265
4190,107,110,LAE,0.7898232288906474
4191,107,111,LAE,0.8329703854211123
4192,107,112,LAE,32.79664791089716
4193,107,111,LAE,4.371137884475178
4194,107,112,LAE,2.011305981656055
4195,107,113,LAE,2.659587095715475
4196,107,113,LAE,0.5599597549862099
4197,107,113,LAE,12.38668811538747
4198,107,112,LAE,19.266786525053956
4199,107,108,LAE,2.868711679580054
4200,107,112,LAE,4.476035128076005
4201,107,113,LAE,0.722932563112545
4202,105,112,LAE,28.551656420796203
4203,105,109,LAE,0.7799542073634488
4204,105,111,LAE,5.062439115590591
4205,106,112,LAE,31.346107208846796
4206,106,109,LAE,35.54297361720146
4207,106,109,LAE,11.587369967943234
4208,106,111,LAE,1.047581495024825
4209,106,109,LAE,5.771282942908331
4210,106,113,LAE,1.1633804037642925
4211,106,109,LAE,0.9234263491066091
4212,106,109,LAE,20.76381361168657
4213,107,113,LAE,0.6109855837993962
4214,107,111,LAE,34.78388838594213
4215,107,111,LAE,18.5088438174038
4216,107,113,LAE,2.528474842095167
4217,107,109,LAE,1.2077907998151924
4218,107,113,LAE,18.3501444298919
4219,107,113,LAE,3.153380145256159
4220,107,111,LAE,31.536287039150242
4221,107,112,LAE,1.1950149763675422
4222,108,112,LAE,2.593886550224628
4223,108,112,LAE,11.469197444152687
4224,108,112,LAE,34.41574052153039
4225,108,109,LAE,36.70941263718537
4226,108,112,LAE,2.174362243510662
4227,108,113,LAE,1.0352395001778103
4228,108,109,LAE,30.41984624388679
4229,108,110,LAE,1.451854284606185
4230,108,113,LAE,1.229869343342441
4231,108,113,LAE,1.1890299476863124
4232,108,112,LAE,0.9729611926598973
4233,108,113,LAE,15.059294714606116
4234,108,113,LAE,10.223452368968733
4235,108,113,LAE,20.537800935720266
4236,108,112,LAE,29.554900118584577
4237,106,110,LAE,1.9510249067600285
4238,106,110,LAE,2.477166613321056
4239,107,112,LAE,0.8846116679378507
4240,107,110,LAE,9.405675418243682
4241,107,111,LAE,49.62686955130342
4242,107,110,LAE,1.1234728629378703
4243,108,110,LAE,2.5940618477240625
4244,108,110,LAE,33.90083231861153
4245,108,113,LAE,0.6098614249527219
4246,108,113,LAE,2.5471891864362055
4247,108,113,LAE,17.76921021880306
4248,108,113,LAE,0.5405659618613398
4249,108,110,LAE,2.329610425536053
4250,108,111,LAE,4.871684462384926
4251,108,113,LAE,0.5489722853785743
4252,108,113,LAE,0.8014310457046737
4253,108,111,LAE,2.9125714004580283
4254,108,110,LAE,0.869413305263601
4255,108,113,LAE,0.7695392531803086
4256,108,110,LAE,8.508401523810825
4257,109,113,LAE,25.092723382267458
4258,109,111,LAE,0.5804882521198069
4259,109,111,LAE,21.168266432988798
4260,109,110,LAE,10.31290083620368
4261,109,110,LAE,3.405295275472315
4262,109,110,LAE,54.93797349000033
4263,109,110,LAE,25.156302961977246
4264,109,112,LAE,0.6697403631103314
4265,109,111,LAE,30.446757552693427
4266,109,111,LAE,0.9972397782816903
4267,109,112,LAE,0.8480400052384308
4268,107,113,LAE,12.113061630094652
4269,107,111,LAE,4.890098751889826
4270,107,111,LAE,8.662497517919126
4271,107,111,LAE,0.7417659304544532
4272,107,113,LAE,2.5732636745394433
4273,107,111,LAE,3.76172407027856
4274,107,111,LAE,5.492867842149442
4275,108,111,LAE,2.6702034861540445
4276,108,112,LAE,0.5574313001370811
4277,108,111,LAE,0.9401861418562726
4278,108,111,LAE,21.56796393767399
4279,108,112,LAE,0.6667117421938786
4280,108,113,LAE,31.562647864628385
4281,108,111,LAE,5.582227123527873
4282,108,111,LAE,9.829020461574382
4283,108,113,LAE,6.088743028696743
4284,108,111,LAE,6.076775621860771
4285,108,111,LAE,18.652966361648414
4286,108,111,LAE,0.6088810985879634
4287,108,111,LAE,1.80687510652245
4288,108,111,LAE,1.0115533354138464
4289,109,111,LAE,2.3570892912715813
4290,109,112,LAE,52.19294010802186
4291,109,113,LAE,15.9907653008409
4292,109,111,LAE,0.8642866920998118
4293,109,111,LAE,0.61736427584789
4294,109,112,LAE,0.6650723621462268
4295,109,111,LAE,1.0440315020103461
4296,109,112,LAE,28.095479069277605
4297,109,113,LAE,0.7017038538664842
4298,109,113,LAE,18.75664745732255
4299,109,112,LAE,41.04822700038199
4300,109,113,LAE,0.6751942586406501
4301,109,111,LAE,29.239562380375418
4302,110,113,LAE,39.82964102246584
4303,110,111,LAE,0.5754917481672487
4304,110,111,LAE,0.7892950496768797
4305,110,113,LAE,1.01392728725512
4306,110,111,LAE,13.379062582288393
4307,110,111,LAE,2.782670671464386
4308,110,112,LAE,4.424476755524818
4309,110,112,LAE,1.0185480968935288
4310,110,111,LAE,10.225005850103628
4311,110,113,LAE,1.0105581904522911
4312,108,112,LAE,0.6372122782905152
4313,108,112,LAE,0.7257436601638668
4314,108,112,LAE,35.28260798141307
4315,108,113,LAE,12.393955233210352
4316,109,112,LAE,46.54424094328872
4317,109,113,LAE,2.8105309407889063
4318,109,112,LAE,10.153500251702827
4319,109,112,LAE,2.063817266564605
4320,109,112,LAE,42.286125677624156
4321,109,112,LAE,51.643212860650166
4322,109,112,LAE,37.320250979340564
4323,109,112,LAE,0.800460319789559
4324,109,113,LAE,1.124081379336901
4325,109,112,LAE,4.854094391701821
4326,110,112,LAE,9.831156070471552
4327,110,113,LAE,2.330146442587647
4328,110,112,LAE,2.5507073617154625
4329,110,112,LAE,10.327596153328916
4330,110,112,LAE,6.076797822306098
4331,110,112,LAE,19.57559386676784
4332,110,112,LAE,2.7582026108616615
4333,110,112,LAE,1.029654304210287
4334,110,113,LAE,1.3713366669251184
4335,110,112,LAE,3.096966460261374
4336,111,112,LAE,0.6733471254848205
4337,111,112,LAE,37.534685096623306
4338,111,112,LAE,2.108930922130231
4339,111,112,LAE,2.0753299709862403
4340,111,112,LAE,10.01797139389342
4341,111,113,LAE,2.1333087371839645
4342,111,112,LAE,27.25244528824094
4343,111,112,LAE,32.797543702526454
4344,109,113,LAE,0.588720267294422
4345,109,113,LAE,12.356984575388646
4346,110,113,LAE,0.6452252094127544
4347,110,113,LAE,0.6133234438284233
4348,110,113,LAE,2.72319847691652
4349,110,113,LAE,1.427284530391322
4350,110,113,LAE,3.133309679299266
4351,110,113,LAE,0.6549888338918052
4352,110,113,LAE,1.183197660890052
4353,110,113,LAE,43.868000342130514
4354,110,113,LAE,4.9370069598779125
4355,110,113,LAE,0.9691328508651983
4356,111,113,LAE,14.125321168150663
4357,111,113,LAE,2.0716455280483768
4358,111,113,LAE,0.6581948824035473
4359,111,113,LAE,3.4846900920700605
4360,111,113,LAE,34.08681675493942
4361,111,113,LAE,21.493091014715464
4362,111,113,LAE,28.96088393909812
4363,111,113,LAE,14.40054856819139
4364,112,113,LAE,2.3205298374584293
4365,112,113,LAE,0.5623258123271943
4366,112,113,LAE,8.8178220282669
4367,112,113,LAE,0.8118831888625575
4368,112,113,LAE,0.642353729453082
4369,112,113,LAE,35.017271652704835
4370,112,113,LAE,30.85524518599282
4371,112,113,LAE,1.2369946173338777
4372,112,113,LAE,11.839133623941324
4373,112,113,LAE,1.2785242732962279
4374,112,113,LAE,23.236549395071673
4375,112,113,LAE,19.00112740275295
4376,112,113,LAE,0.7479873713881963
4377,112,113,LAE,42.46500323535096
4378,112,113,LAE,1.752669300093774
4379,112,113,LAE,6.241488917644267
4380,112,113,LAE,50.90852973945603
