landmark_id,first_frame_idx,last_frame_idx,slots_seen,creation_depth_m
0,0,3,LAE|MAE|SAE,0.7581890323096987
1,0,3,LAE|MAE|SAE,3.091910112135404
2,0,5,LAE|MAE|SAE,4.880338052974411
3,0,4,MAE|SAE,1.0565236621581524
4,0,8,LAE|MAE|SAE,3.1327736743693015
5,0,8,LAE|MAE|SAE,4.9879386576212585
6,0,10,MAE|SAE,3.807614389485892
7,0,10,LAE|MAE|SAE,5.0678874908607865
8,0,22,LAE|MAE|SAE,5.592140747341202
9,0,10,LAE|MAE|SAE,3.1682835417339104
10,0,3,LAE|MAE|SAE,0.679223948155024
11,0,24,LAE|MAE|SAE,5.1279474785817545
12,0,27,LAE|MAE|SAE,6.686550240530468
13,0,11,LAE|MAE|SAE,1.0605508616275474
14,0,8,LAE|MAE|SAE,4.284784400877777
15,0,4,LAE|MAE|SAE,6.691372675707865
16,0,8,LAE|MAE|SAE,3.570786632725407
17,0,8,LAE|MAE|SAE,4.661241845718157
18,0,9,LAE|MAE|SAE,0.9442246176792704
19,0,4,LAE|MAE|SAE,10.315023530872853
20,0,6,LAE|MAE|SAE,0.8688065914606498
21,0,7,LAE|MAE|SAE,3.601739951621556
22,0,10,LAE|MAE|SAE,3.2259376008610574
23,0,32,LAE|MAE|SAE,5.664558852584315
24,0,8,LAE|MAE|SAE,1.2636995196018865
25,0,22,LAE|MAE|SAE,10.733719979097001
26,0,1,MAE|SAE,1.1734072691796464
27,0,4,LAE|MAE|SAE,5.157557969977452
28,0,7,LAE|MAE|SAE,11.074545339597185
29,0,1,MAE|SAE,0.9548726284372865
30,0,8,LAE|MAE|SAE,4.204207202380026
31,0,11,LAE|MAE|SAE,5.56273283744069
32,0,20,LAE|MAE|SAE,5.20398049630302
33,0,11,LAE|MAE|SAE,1.0643453585741791
34,0,6,MAE|SAE,5.133793624084735
35,0,27,LAE|MAE|SAE,5.772791007602943
36,0,5,LAE|MAE|SAE,7.789390677508088
37,0,7,LAE|MAE|SAE,7.093799132984114
38,0,7,LAE|MAE|SAE,1.1525466513558085
39,0,3,LAE|MAE|SAE,0.9090675206843133
40,0,1,MAE|SAE,5.559904132409696
41,0,13,LAE|MAE|SAE,7.039084517571374
42,0,27,LAE|MAE|SAE,5.5694364662073585
43,0,32,LAE|MAE|SAE,6.9254402038569385
44,0,15,LAE|MAE|SAE,11.164282999109542
45,0,6,LAE|MAE|SAE,6.579611542505049
46,0,3,LAE|MAE|SAE,0.7497034646914378
47,0,14,LAE|MAE|SAE,6.140257178628708
48,0,1,MAE|SAE,4.550021525321756
49,0,3,LAE|MAE|SAE,4.9844290741193715
50,0,11,LAE|MAE|SAE,1.326853649104731
51,0,11,LAE|MAE|SAE,4.43387521362968
52,0,22,LAE|MAE|SAE,13.110937870637423
53,0,13,LAE|MAE|SAE,7.97726085382224
54,0,11,LAE|MAE|SAE,5.483039458142689
55,0,10,LAE|MAE|SAE,7.569433290353849
56,0,9,LAE|MAE|SAE,4.520841148369952
57,0,26,LAE|MAE|SAE,8.625254283802196
58,0,3,LAE|MAE|SAE,3.440014305584085
59,0,7,LAE|MAE|SAE,2.9705781079905815
60,0,1,MAE|SAE,1.9617058792174369
61,0,13,LAE|MAE|SAE,10.947487801510482
62,0,4,MAE|SAE,7.005341229748318
63,0,6,MAE|SAE,4.9774324470625375
64,0,3,LAE|MAE|SAE,5.012658874862163
65,0,8,LAE|MAE|SAE,6.660895637048911
66,0,11,LAE|MAE|SAE,0.9808206716625744
67,0,1,MAE|SAE,1.3939860142120983
68,0,9,LAE|MAE|SAE,1.4415628118860633
69,0,3,LAE|MAE|SAE,1.1331738084903837
70,0,14,LAE|MAE|SAE,9.42283331290099
71,0,7,LAE|MAE|SAE,4.028190162306396
72,0,26,LAE|MAE|SAE,7.288466671794089
73,0,8,MAE|SAE,1.0777523418440373
74,0,1,MAE|SAE,4.542390070840954
75,0,6,LAE|MAE|SAE,5.329533901063749
76,0,46,LAE|MAE|SAE,7.544350802916724
77,0,13,MAE|SAE,7.263866420717576
78,0,9,LAE|MAE|SAE,5.18515365892702
79,0,6,MAE|SAE,3.1875441146475043
80,0,24,LAE|MAE|SAE,6.2640509731986675
81,0,8,LAE|MAE|SAE,3.325257192833875
82,0,5,MAE|SAE,5.119634534497547
83,0,2,MAE|SAE,11.076541967249023
84,0,28,LAE|MAE|SAE,5.429358949337948
85,0,10,LAE|MAE|SAE,1.2496921788531685
86,0,7,LAE|MAE|SAE,1.032460875515693
87,0,6,LAE|MAE|SAE,7.007519407210141
88,0,7,LAE|MAE|SAE,0.9108441151497105
89,0,10,LAE|MAE|SAE,6.307957666637886
90,0,8,LAE|MAE|SAE,4.108284253693674
91,0,9,MAE|SAE,5.750989750519174
92,0,22,LAE|MAE|SAE,7.012128838107155
93,0,2,MAE|SAE,49.710800783160735
94,0,11,LAE|MAE|SAE,1.5113704786508164
95,0,7,LAE|MAE|SAE,3.1786984712026753
96,0,1,MAE|SAE,4.915509927018122
97,0,7,LAE|MAE|SAE,4.4397957059761275
98,0,4,MAE|SAE,6.2070334314260345
99,0,8,LAE|MAE|SAE,4.919291297848739
100,0,1,MAE|SAE,12.585423174539766
101,0,1,MAE|SAE,6.950089732543695
102,0,18,LAE|MAE|SAE,3.7451669656703825
103,0,8,LAE|MAE|SAE,7.328137988963147
104,0,1,MAE|SAE,17.45130076647238
105,0,22,LAE|MAE|SAE,7.080334027300943
106,0,2,MAE|SAE,1.3295849258568142
107,0,15,LAE|MAE|SAE,11.123862394177133
108,0,1,MAE|SAE,3.118128442377724
109,0,4,MAE|SAE,1.0938349784703942
110,0,8,MAE|SAE,6.687625889913197
111,0,1,MAE|SAE,17.17492642467919
112,0,1,MAE|SAE,0.8914631629531543
113,0,21,LAE|MAE|SAE,7.046116849759359
114,0,1,MAE|SAE,5.391475470012319
115,0,13,LAE|MAE|SAE,7.688640040299412
116,0,5,MAE|SAE,4.231343270698891
117,0,5,MAE|SAE,6.85936428554929
118,0,9,LAE|MAE|SAE,0.8874539785462219
119,0,4,LAE|MAE|SAE,7.7943855956111205
120,0,3,LAE|MAE|SAE,3.2464196897437443
121,0,7,LAE|MAE|SAE,8.150746313060623
122,0,1,MAE|SAE,1.511991676336824
123,0,20,LAE|MAE|SAE,11.633076474775251
124,0,2,MAE|SAE,1.2933177068474306
125,0,6,MAE|SAE,1.4063980416638002
126,0,7,LAE|MAE|SAE,4.865435312096329
127,0,3,LAE|MAE|SAE,4.8036327762417095
128,0,19,LAE|MAE|SAE,6.619283682316253
129,0,15,LAE|MAE|SAE,7.137236681320693
130,0,7,LAE|MAE|SAE,4.136889936260385
131,0,23,LAE|MAE|SAE,6.701737552452507
132,0,5,MAE|SAE,6.095313552829769
133,0,9,LAE|MAE|SAE,5.708677994868736
134,0,5,MAE|SAE,6.812497925316242
135,0,3,LAE|MAE|SAE,7.123343553119601
136,0,8,LAE|MAE|SAE,4.551420132684413
137,0,1,MAE|SAE,4.360652309978763
138,0,1,MAE|SAE,7.165366655291536
139,0,2,MAE|SAE,0.6357367515387164
140,0,16,LAE|MAE|SAE,7.79676294346529
141,0,14,LAE|MAE|SAE,5.34258484616459
142,0,22,LAE|MAE|SAE,8.639840277436328
143,0,1,MAE|SAE,7.467413231222343
144,0,2,MAE|SAE,6.661712148929858
145,0,1,MAE|SAE,4.9959909994354215
146,0,1,MAE|SAE,3.522981839821698
147,0,5,MAE|SAE,5.364331606997326
148,0,2,MAE|SAE,6.245967797776763
149,0,1,MAE|SAE,0.8264280293244117
150,0,11,LAE|MAE|SAE,9.500426107484579
151,0,4,MAE,0.675340577878832
152,0,7,LAE|MAE,3.2902929200036777
153,0,2,MAE,0.9476955351516858
154,0,6,LAE|MAE,0.7867736072502779
155,0,26,LAE|MAE|SAE,5.578915814192383
156,0,22,LAE|MAE,8.168827319167761
157,0,6,MAE|SAE,6.350563401425975
158,0,3,LAE|MAE,7.112545428281386
159,0,3,LAE|MAE,1.4867612885980899
160,0,8,LAE|MAE|SAE,3.478738448816761
161,0,2,MAE,0.8819897478513254
162,0,4,LAE|MAE,6.121971172593012
163,0,14,LAE|MAE,6.022729078150243
164,0,11,LAE|MAE,5.774821269727213
165,0,2,MAE,0.8661540131070716
166,0,7,LAE|MAE|SAE,3.4052479945475795
167,0,3,LAE|MAE,7.562606614080115
168,0,34,LAE|MAE,5.607369711682622
169,0,5,MAE|SAE,1.331655991827043
170,0,2,MAE,0.7258329123952811
171,0,2,MAE,1.0509500352587722
172,0,10,MAE,8.902427294186436
173,0,19,LAE|MAE|SAE,7.209091275842432
174,0,10,LAE|MAE,5.2773882492960515
175,0,7,LAE|MAE,6.627347818022531
176,0,6,LAE|MAE|SAE,15.061959033872975
177,0,3,LAE|MAE,5.394597581644924
178,0,7,LAE|MAE|SAE,1.0733383314507137
179,0,2,MAE,1.2061740247549781
180,0,4,LAE|MAE,7.414731588006788
181,0,7,LAE|MAE,10.62235236347437
182,0,4,LAE|MAE,4.0408070504927025
183,0,3,LAE|MAE,0.6957274876118099
184,0,5,MAE|SAE,3.7594366308680414
185,0,12,LAE|MAE,4.342370996187511
186,0,3,LAE|MAE,7.063969875182278
187,0,2,MAE,0.8869274626819557
188,0,18,LAE|MAE|SAE,7.910630367872438
189,0,15,LAE|MAE,7.693989732486684
190,0,23,LAE|MAE,9.185959800008165
191,0,19,LAE|MAE,8.746581955474673
192,0,2,MAE,0.7717158225424584
193,0,5,MAE|SAE,3.379160270020253
194,0,11,LAE|MAE,8.835695465075716
195,0,10,LAE|MAE,9.051881089233166
196,0,14,LAE|MAE|SAE,10.558238358037684
197,0,8,LAE|MAE,7.1158049368524985
198,0,6,MAE,1.0322971188933698
199,0,2,MAE,0.7680103166668228
200,0,2,MAE,5.392351685141111
201,0,5,LAE|MAE|SAE,1.5400728947172055
202,0,2,MAE,0.7608914756578876
203,0,7,LAE|MAE,10.361899965638539
204,0,14,LAE|MAE,7.28061617764774
205,0,8,LAE|MAE,7.020431603667537
206,0,4,LAE|MAE,1.5748052004119881
207,1,8,LAE|MAE|SAE,5.665470321014332
208,1,4,MAE|SAE,7.685074348732481
209,1,2,MAE|SAE,3.4152284244354254
210,1,9,LAE|MAE|SAE,0.9018936835218435
211,1,2,MAE|SAE,5.546540753362801
212,1,2,MAE|SAE,0.7008980192916232
213,1,18,LAE|MAE|SAE,3.814425905754316
214,1,5,LAE|MAE|SAE,1.0871103342998898
215,1,4,MAE|SAE,6.970243333503502
216,1,2,MAE|SAE,1.1292361498128791
217,1,8,LAE|MAE|SAE,3.4602923089241555
218,1,2,MAE|SAE,1.479527721771419
219,1,24,LAE|MAE|SAE,6.948620501049722
220,1,5,LAE|MAE|SAE,4.568130831207968
221,1,18,MAE|SAE,7.387968631009415
222,1,5,MAE|SAE,7.102441968331523
223,1,7,LAE|MAE|SAE,9.281548519838644
224,1,6,MAE|SAE,42.854050297483866
225,1,3,LAE|MAE|SAE,1.224923866543078
226,1,8,LAE|MAE|SAE,3.8728014596725044
227,1,7,LAE|MAE|SAE,4.055198637968756
228,1,4,MAE|SAE,0.9779064230858988
229,1,20,LAE|MAE|SAE,6.9232895946005
230,1,5,LAE|MAE|SAE,3.6545103658650104
231,1,10,LAE|MAE|SAE,4.814174624154859
232,1,2,MAE|SAE,3.74702814854918
233,1,11,LAE|MAE|SAE,8.319414445364362
234,1,5,MAE|SAE,6.697901577164694
235,1,18,LAE|MAE|SAE,6.9619841260488
236,1,8,LAE|MAE|SAE,3.3372696188795246
237,1,16,LAE|MAE|SAE,7.01746914671645
238,1,3,LAE|MAE|SAE,2.9847761309945056
239,1,2,MAE|SAE,7.3019233966261865
240,1,6,LAE|MAE|SAE,7.988386534863469
241,1,17,LAE|MAE|SAE,8.077803861297129
242,1,8,MAE|SAE,5.4711934417638455
243,1,7,LAE|MAE|SAE,3.308281867256336
244,1,5,MAE|SAE,6.844395587538417
245,1,2,MAE|SAE,10.395175080851377
246,1,10,LAE|MAE|SAE,3.448269970354099
247,1,6,MAE|SAE,3.9672198097092846
248,1,10,LAE|MAE|SAE,1.4875150101797714
249,1,8,MAE|SAE,6.761328391493328
250,1,5,MAE|SAE,0.8437121978829879
251,0,7,LAE|MAE,5.846273797474071
252,0,3,LAE|MAE,0.7611111710024607
253,0,16,LAE|MAE,7.342081005428102
254,0,9,LAE|MAE|SAE,4.701762273541194
255,0,11,LAE|MAE,11.055413801659753
256,0,3,LAE|MAE,11.82794195550889
257,0,11,LAE|MAE|SAE,1.0595491224556808
258,0,7,LAE|MAE,6.581259936871962
259,0,7,LAE|MAE,9.800429277618033
260,0,4,LAE|MAE,6.839053702062157
261,0,11,LAE|MAE,6.940412959718296
262,0,6,LAE|MAE,0.8788865331844369
263,0,4,LAE|MAE,3.8073524873322797
264,0,3,LAE|MAE,0.8689893330335181
265,0,3,LAE|MAE,7.914956262073596
266,0,10,LAE|MAE|SAE,4.291404850310128
267,2,11,LAE|MAE,6.80882300778579
268,2,14,LAE|MAE,9.55928711559596
269,2,11,LAE|MAE|SAE,5.7096833448214666
270,2,40,LAE|MAE|SAE,5.517331517555075
271,2,17,LAE|MAE|SAE,7.127126772646273
272,2,3,LAE|MAE,6.251524300598309
273,2,3,LAE|MAE,5.642210276449663
274,2,4,LAE|MAE,8.915602390042276
275,2,3,LAE|MAE,5.604512916188329
276,2,3,LAE|MAE,0.8597854066952153
277,2,4,LAE|MAE,8.807856377161073
278,2,8,LAE|MAE,4.319176316781549
279,2,3,LAE|MAE,7.3661576174176915
280,2,9,LAE|MAE|SAE,4.752738321369097
281,2,22,LAE|MAE|SAE,6.021986911603979
282,2,3,LAE|MAE,2.851331366706629
283,2,11,LAE|MAE,8.481654242175193
284,2,13,LAE|MAE|SAE,6.404129859499679
285,2,3,LAE|MAE,0.604227262311128
286,2,11,LAE|MAE|SAE,6.203456884873909
287,2,15,LAE|MAE,7.956233710327591
288,2,7,LAE|MAE,9.059838039687248
289,2,3,LAE|MAE,1.477170150756353
290,2,3,LAE|MAE,8.293253266911615
291,2,10,LAE|MAE|SAE,4.701098747894494
292,0,8,MAE,4.449097767189835
293,0,7,LAE|MAE|SAE,1.3096893769792113
294,0,6,MAE|SAE,3.378973207381707
295,0,4,MAE,4.513846362581367
296,0,10,LAE|MAE,4.818808967642623
297,0,7,LAE|MAE,0.8619005332422155
298,0,6,MAE,4.263195449220607
299,0,5,MAE|SAE,3.486470023812453
300,0,19,LAE|MAE|SAE,7.035985181817761
301,0,4,MAE,3.585310719798503
302,0,4,MAE,5.096962795449278
303,0,20,LAE|MAE|SAE,7.22055701761713
304,0,8,LAE|MAE|SAE,3.6722850370576716
305,0,4,MAE,4.907272842352531
306,0,7,LAE|MAE,1.0711128991747623
307,0,4,MAE,1.574103524010157
308,0,13,LAE|MAE|SAE,2.3519929699523883
309,0,4,MAE,0.7901201654035351
310,0,10,MAE,11.452757883841288
311,0,4,MAE,0.7393121289858722
312,0,4,MAE,1.2080235149833152
313,0,4,MAE,0.8052109660162803
314,0,4,MAE,6.191461230514524
315,0,10,MAE|SAE,3.4617080210324254
316,1,9,MAE|SAE,8.460859252286973
317,1,6,MAE|SAE,0.7674211254510801
318,1,4,MAE|SAE,0.7219402718856989
319,1,18,LAE|MAE|SAE,6.367796683339892
320,1,4,MAE|SAE,7.20966282373325
321,1,20,LAE|MAE|SAE,5.615801326893328
322,1,4,MAE|SAE,0.6325171867513505
323,1,4,MAE|SAE,3.733708615409785
324,1,4,MAE|SAE,1.700434663018556
325,1,4,MAE|SAE,0.6540029167435636
326,1,13,LAE|MAE|SAE,3.8139543061946584
327,1,5,MAE|SAE,3.9254977894726983
328,1,4,MAE|SAE,11.11438270866086
329,1,8,LAE|MAE|SAE,5.729099591455333
330,2,4,MAE,9.874686144799536
331,2,4,MAE,12.347857857070153
332,2,4,MAE,4.806498738610051
333,2,4,MAE,6.706809680888949
334,2,9,MAE|SAE,5.169272703987252
335,2,8,MAE|SAE,4.618669374404125
336,2,9,MAE|SAE,8.380735041454928
337,2,5,MAE|SAE,40.233889166033585
338,2,4,MAE,0.9735655866739541
339,2,8,MAE,1.1213687484867152
340,2,8,LAE|MAE,0.8812496898954049
341,2,4,MAE,0.9202598781316862
342,2,4,MAE,11.342225640345204
343,3,28,LAE|MAE|SAE,6.418727662963476
344,3,20,LAE|MAE,5.7249473862906815
345,3,7,LAE|MAE,4.360372239729874
346,3,6,LAE|MAE,1.008880026771781
347,3,4,LAE|MAE,1.2290440814107222
348,3,4,LAE|MAE,0.9037542510057743
349,3,15,LAE|MAE|SAE,5.588980185961762
350,3,4,LAE|MAE,0.8460644240086092
351,3,7,LAE|MAE,8.229617340315372
352,3,4,LAE|MAE,5.8232935087242215
353,3,7,LAE|MAE|SAE,1.334942295370858
354,3,7,LAE|MAE,9.527902198730262
355,3,6,LAE|MAE,7.281465285174129
356,3,4,LAE|MAE,4.37057589200424
357,3,28,LAE|MAE|SAE,3.072263010585298
358,3,4,LAE|MAE,5.425512457365894
359,3,4,LAE|MAE,9.385737773281306
360,3,8,LAE|MAE|SAE,5.5448022842416815
361,1,5,SAE,5.461308740209439
362,1,5,SAE,19.194330041941903
363,1,17,SAE,6.290066897904454
364,1,5,SAE,4.81673508114471
365,1,9,SAE,5.818361550610042
366,1,5,SAE,0.873778642785855
367,1,5,SAE,2.924721847003617
368,1,5,SAE,4.163902518250122
369,1,17,SAE,4.51741492206673
370,1,5,SAE,4.284092691278387
371,1,20,MAE|SAE,3.231479495229734
372,1,5,SAE,0.6898532130972882
373,1,5,SAE,3.6350205753915503
374,1,13,SAE,8.303163218909095
375,1,9,LAE|MAE|SAE,3.404518339786927
376,1,9,SAE,6.840868207896403
377,1,5,SAE,35.81917466042404
378,1,5,SAE,9.08204531812995
379,1,10,LAE|MAE|SAE,2.4840368995693165
380,1,13,MAE|SAE,7.863456041770486
381,1,10,MAE|SAE,3.3465324755699575
382,1,9,SAE,3.381189456781595
383,1,9,SAE,35.01204232668528
384,2,6,MAE|SAE,7.543140329395064
385,2,13,MAE|SAE,5.646089824329306
386,2,9,MAE|SAE,1.2308888825420243
387,2,5,MAE|SAE,6.907952898779863
388,2,5,MAE|SAE,11.490659604836475
389,4,14,LAE|MAE|SAE,6.228937581628883
390,4,5,MAE|SAE,1.369615123106749
391,4,11,LAE|MAE|SAE,1.0167798362938352
392,4,9,MAE|SAE,3.9239693069923756
393,4,7,LAE|MAE|SAE,0.9976033231551811
394,4,8,LAE|MAE|SAE,3.4443178692096788
395,4,12,MAE|SAE,6.914678240825108
396,4,5,MAE|SAE,3.4580912869172318
397,4,9,LAE|MAE|SAE,6.65142537658187
398,4,9,LAE|MAE|SAE,0.9158321606412744
399,4,10,LAE|MAE|SAE,12.102093178691497
400,4,5,MAE|SAE,5.7857682516524305
401,4,5,MAE|SAE,4.156260794208227
402,2,10,MAE,5.497048930516976
403,2,6,MAE,0.9055629626665086
404,2,8,MAE,0.921566564516093
405,2,7,LAE|MAE,10.212418036442479
406,3,10,LAE|MAE|SAE,11.004514863068776
407,3,6,LAE|MAE,1.2054283946446986
408,3,8,LAE|MAE,3.563750720501429
409,3,14,LAE|MAE,6.699150681717679
410,3,12,LAE|MAE|SAE,6.886983858359728
411,3,11,LAE|MAE,7.482770604472079
412,3,11,LAE|MAE,5.614663340950061
413,3,9,LAE|MAE|SAE,1.104318081651446
414,3,9,LAE|MAE|SAE,3.4762158092995676
415,3,6,LAE|MAE,3.7347296293927403
416,4,6,MAE,7.179576579077155
417,4,6,MAE,3.07764670927914
418,4,8,MAE,3.4958033788650296
419,4,6,MAE,5.834316502422426
420,4,8,LAE|MAE,5.45607511946134
421,4,9,MAE|SAE,7.3412655475655395
422,5,10,LAE|MAE|SAE,23.94123603898567
423,5,11,LAE|MAE|SAE,1.1503967479913964
424,5,8,LAE|MAE|SAE,3.7903486409308274
425,5,13,MAE|SAE,10.843250183527017
426,5,8,MAE|SAE,3.2689520782541974
427,5,9,LAE|MAE|SAE,1.1618865434891936
428,5,6,MAE|SAE,3.1626088704837665
429,5,7,LAE|MAE|SAE,5.364400516799915
430,3,7,LAE,32.22098666484426
431,3,7,LAE,1.5579654552176923
432,3,7,LAE,11.988969574112785
433,3,10,LAE|MAE,8.211091086922957
434,3,24,LAE|MAE|SAE,5.464284278448697
435,3,7,LAE,9.004633310479159
436,3,14,LAE|MAE,8.222757052717627
437,3,19,LAE|MAE|SAE,5.942979001706636
438,3,14,LAE|MAE,6.330202457084523
439,3,7,LAE,27.396709068087596
440,4,7,LAE|MAE,0.9527892627835975
441,4,7,LAE|MAE,0.8445918133622582
442,4,7,LAE|MAE,4.205056449381616
443,4,7,LAE|MAE,5.075685922385559
444,4,13,LAE|MAE|SAE,8.999280045562584
445,6,7,LAE|MAE,6.424943743290107
446,6,14,LAE|MAE|SAE,1.6630199265732701
447,6,11,LAE|MAE,4.3739353802890975
448,6,8,LAE|MAE,6.8489375730104705
449,6,10,LAE|MAE,8.134725545732326
450,6,11,LAE|MAE,2.0978899763988132
451,6,7,LAE|MAE,0.6799505750301612
452,6,8,LAE|MAE,1.1141918606881123
453,6,7,LAE|MAE,1.09672575555518
454,6,7,LAE|MAE,0.952343736909953
455,6,7,LAE|MAE,1.2835784042450815
456,6,8,LAE|MAE,0.8810833790458039
457,6,7,LAE|MAE,0.8802419913638064
458,6,8,LAE|MAE,6.153195067039659
459,6,11,LAE|MAE,2.0126644857333864
460,6,7,LAE|MAE,0.7672374048515643
461,6,7,LAE|MAE,0.6597888573917208
462,6,10,LAE|MAE,2.8682010520889327
463,6,10,LAE|MAE|SAE,1.0143444640843804
464,6,11,LAE|MAE,4.823135573908294
465,6,14,LAE|MAE|SAE,6.635772273762874
466,6,7,LAE|MAE,10.689209009848119
467,6,7,LAE|MAE,9.728621344900871
468,6,11,LAE|MAE,6.996275312822039
469,6,11,LAE|MAE,0.9557463847484698
470,6,14,LAE|MAE,7.952395440600251
471,6,9,LAE|MAE|SAE,19.798549345681415
472,6,8,LAE|MAE,0.7642009844284784
473,6,7,LAE|MAE,1.682535001814389
474,6,16,LAE|MAE|SAE,6.477896550431288
475,6,8,LAE|MAE,6.1200464599956375
476,6,7,LAE|MAE,7.318188541514871
477,6,7,LAE|MAE,4.272751019929306
478,4,22,LAE|MAE,12.699640976150551
479,4,11,LAE|MAE,1.8032431591825258
480,4,10,MAE|SAE,5.957735197027371
481,5,8,MAE|SAE,0.8499800824248621
482,5,17,LAE|MAE|SAE,5.550607942040824
483,5,9,MAE|SAE,5.073203826506231
484,5,19,LAE|MAE|SAE,9.206648603560977
485,5,11,LAE|MAE|SAE,0.981644618821421
486,5,9,MAE|SAE,1.4258132675365425
487,5,8,MAE|SAE,4.795437107197639
488,5,12,MAE|SAE,6.4796520537772935
489,5,13,MAE|SAE,5.249561286707033
490,6,10,MAE,8.649941819955588
491,6,8,MAE,1.3214680651238901
492,6,11,LAE|MAE,4.500976466025161
493,6,8,MAE,0.7894434337509258
494,6,11,LAE|MAE,5.655001821168689
495,6,10,MAE,0.9142842822903949
496,6,12,MAE,8.428843179599044
497,6,10,MAE,36.04437595419831
498,6,11,LAE|MAE,1.344380902271552
499,6,8,MAE,4.774642896392943
500,6,8,MAE,8.975483917230966
501,6,10,MAE,11.480331523317432
502,6,8,MAE,6.213709155472175
503,7,8,LAE|MAE,0.7137865915242589
504,7,10,LAE|MAE,0.7785315926247088
505,7,9,LAE|MAE|SAE,1.6136968125672673
506,7,8,LAE|MAE,3.6439788199573386
507,7,11,LAE|MAE|SAE,1.0738695894004398
508,7,10,LAE|MAE,6.394622422585294
509,7,8,LAE|MAE,3.4945955996854274
510,7,8,LAE|MAE,2.9679293644160514
511,7,10,LAE|MAE,4.735327415836599
512,7,10,LAE|MAE,1.3333682398201054
513,7,8,LAE|MAE,5.369232957368902
514,7,14,LAE|MAE,1.8122510841966337
515,7,20,LAE|MAE,8.752129488639888
516,7,8,LAE|MAE,0.7014540412027567
517,7,11,LAE|MAE,6.390529497776608
518,7,8,LAE|MAE,0.7335063510587557
519,7,11,LAE|MAE,4.503684347306893
520,7,13,LAE|MAE|SAE,5.393768820787816
521,7,18,LAE|MAE|SAE,6.682323091626125
522,7,11,LAE|MAE,10.750779641528627
523,5,13,SAE,3.6938806561889432
524,5,9,SAE,1.4708942900820976
525,5,9,SAE,3.8691512487025808
526,5,9,SAE,4.876257832005975
527,5,9,SAE,19.85152452639791
528,5,9,SAE,6.995295558905368
529,5,9,SAE,8.195973731422432
530,5,17,SAE,9.0570949918525
531,5,9,SAE,2.3537031764010803
532,5,9,SAE,2.982430414067602
533,5,13,SAE,4.864776726458566
534,5,17,SAE,7.464572023925135
535,5,9,SAE,9.959446696716714
536,5,13,SAE,3.077747461056195
537,5,17,SAE,3.8930284184358763
538,5,9,SAE,3.1886695511324517
539,5,9,SAE,4.719411219854748
540,5,9,SAE,4.520404957422961
541,5,9,SAE,3.989779824304566
542,5,9,SAE,7.478335958588147
543,5,9,SAE,10.15704069719892
544,5,13,SAE,5.318496861077749
545,5,9,SAE,5.676195022183261
546,5,9,SAE,8.792635810049989
547,5,9,SAE,5.336985282250845
548,5,13,SAE,6.060617859291515
549,5,9,SAE,6.308495413610357
550,5,9,SAE,8.122963732601972
551,6,10,MAE|SAE,7.7991440060730595
552,6,24,LAE|MAE|SAE,5.483025412719636
553,8,10,MAE|SAE,2.976055529779632
554,8,11,LAE|MAE|SAE,0.819459545925502
555,8,11,LAE|MAE|SAE,0.8245176373084918
556,8,9,MAE|SAE,1.0037347094159745
557,8,9,MAE|SAE,0.713553604399484
558,8,9,MAE|SAE,6.293067803787146
559,8,10,MAE|SAE,6.082626729980264
560,8,9,MAE|SAE,3.04959504716644
561,8,9,MAE|SAE,0.9633426183348299
562,8,27,LAE|MAE|SAE,5.521161451289512
563,8,17,MAE|SAE,6.793395151319302
564,8,9,MAE|SAE,0.7090637910254443
565,8,23,LAE|MAE|SAE,7.752100559019827
566,8,13,LAE|MAE|SAE,0.9919674750615611
567,8,12,LAE|MAE|SAE,6.350139026258046
568,8,11,LAE|MAE|SAE,2.911659758514872
569,8,9,MAE|SAE,5.098154575946717
570,8,9,MAE|SAE,0.7189333351431721
571,6,10,MAE,25.213799845233694
572,6,11,LAE|MAE,6.047882270344301
573,6,10,MAE,4.908027952560637
574,6,10,MAE,7.384125204114506
575,7,15,LAE|MAE|SAE,6.542696040893352
576,7,10,LAE|MAE,1.3883689669754096
577,7,23,LAE|MAE|SAE,6.657161242738397
578,7,10,LAE|MAE,5.194161765769282
579,7,14,LAE|MAE|SAE,5.952176537622987
580,7,12,LAE|MAE,6.878834346654974
581,7,11,LAE|MAE,1.346550023559144
582,7,10,LAE|MAE,2.2373792621222606
583,7,14,LAE|MAE,1.4878000398892999
584,7,10,LAE|MAE,3.4451259369309453
585,7,20,LAE|MAE|SAE,6.601963185055644
586,7,10,LAE|MAE,5.080330583806887
587,8,10,MAE,3.4807030644490515
588,8,10,MAE,6.68068177868307
589,8,11,LAE|MAE,8.297345287610861
590,8,12,LAE|MAE,6.376488217817048
591,8,16,LAE|MAE|SAE,5.27591484404345
592,8,11,LAE|MAE,5.255645648516381
593,8,10,MAE,1.3736789535467036
594,8,22,LAE|MAE,10.276772403428689
595,8,10,MAE,4.745578477503684
596,8,23,LAE|MAE|SAE,6.879767054701935
597,8,10,MAE,6.557120852235102
598,8,14,MAE,5.672651311321847
599,9,10,MAE|SAE,1.2682338283622971
600,9,14,LAE|MAE|SAE,5.559107078376938
601,9,10,MAE|SAE,1.600927769564882
602,9,10,MAE|SAE,1.3454586217551596
603,9,10,MAE|SAE,5.961744554668207
604,9,20,LAE|MAE|SAE,9.717167770228716
605,9,10,MAE|SAE,0.9732576105226023
606,9,10,MAE|SAE,0.7095596655111673
607,7,11,LAE,8.326771770385763
608,7,11,LAE,3.789283956088627
609,7,11,LAE,9.853476940058083
610,7,12,LAE|MAE,11.69266837519713
611,8,18,LAE|MAE,2.2050780224608046
612,8,14,LAE|MAE,6.459004800475628
613,8,11,LAE|MAE,0.7620674770163413
614,10,17,LAE|MAE|SAE,8.352978192887155
615,10,11,LAE|MAE,7.361971753279244
616,10,11,LAE|MAE,11.10052952610087
617,10,18,LAE|MAE|SAE,7.1888221307500135
618,10,11,LAE|MAE,3.851281401672267
619,10,11,LAE|MAE,1.4642624436505995
620,10,12,LAE|MAE,11.339039221463702
621,10,11,LAE|MAE,5.710908567550534
622,10,11,LAE|MAE,5.588458796138136
623,10,11,LAE|MAE,4.70176262588786
624,10,11,LAE|MAE,1.3843970537768358
625,10,13,LAE|MAE|SAE,6.905041356431341
626,10,13,LAE|MAE|SAE,6.712560856385252
627,10,12,LAE|MAE,1.8103058232976972
628,10,18,LAE|MAE|SAE,5.374535391932935
629,10,14,LAE|MAE,2.8234771722657968
630,10,36,LAE|MAE|SAE,7.0384674206845
631,10,20,LAE|MAE|SAE,5.121217103276318
632,10,18,LAE|MAE|SAE,2.2306355194997023
633,10,11,LAE|MAE,5.429761718191309
634,10,11,LAE|MAE,10.142916952942393
635,10,11,LAE|MAE,1.719269026485676
636,10,11,LAE|MAE,1.3312256747351514
637,10,12,LAE|MAE,4.726883283812807
638,10,19,LAE|MAE,3.3902907414066212
639,10,15,LAE|MAE|SAE,3.315177683801728
640,10,11,LAE|MAE,1.0063747131552754
641,10,14,LAE|MAE,1.8059815288547558
642,8,12,MAE,1.6505304709437971
643,8,12,MAE,8.268076049336866
644,9,12,MAE|SAE,5.090922215201266
645,9,12,MAE|SAE,12.473011289442978
646,9,15,LAE|MAE|SAE,8.788620770787668
647,9,14,MAE|SAE,5.19256482543936
648,9,35,LAE|MAE|SAE,6.415981876258951
649,9,12,MAE|SAE,7.149076829938552
650,10,16,MAE,5.792401001870448
651,10,12,MAE,7.29320633860756
652,10,12,MAE,5.501921260715139
653,10,16,LAE|MAE,1.49236573946915
654,10,17,LAE|MAE|SAE,5.185807374996462
655,10,20,LAE|MAE,7.3116964440718615
656,10,12,MAE,8.34225170444128
657,10,12,MAE,6.526938742612217
658,10,12,MAE,1.4360186621715998
659,10,22,LAE|MAE,4.8005890103738595
660,10,17,MAE|SAE,6.378670131326708
661,10,12,MAE,6.84691400656065
662,10,22,MAE|SAE,5.869767260573271
663,10,12,MAE,10.963473724193175
664,10,15,LAE|MAE,1.6582763196388743
665,10,12,MAE,5.382380123461268
666,10,13,MAE|SAE,8.020107336651833
667,10,12,MAE,1.5106711422340635
668,10,12,MAE,14.5488955863397
669,10,12,MAE,2.0690965453865067
670,10,22,LAE|MAE|SAE,7.0038910638042395
671,10,12,MAE,1.102305925392021
672,10,24,MAE|SAE,6.3582861777987
673,10,12,MAE,1.4012938976627731
674,10,12,MAE,4.938545563023823
675,10,12,MAE,6.645792992703666
676,11,12,LAE|MAE,7.626468108779375
677,11,13,LAE|MAE|SAE,1.5326890834728673
678,11,12,LAE|MAE,7.491956812351679
679,11,13,LAE|MAE|SAE,1.2316927208353237
680,11,12,LAE|MAE,1.2709796776196678
681,11,13,LAE|MAE|SAE,8.270657451370566
682,11,14,LAE|MAE,1.3190888233052485
683,11,12,LAE|MAE,7.091015333922725
684,11,12,LAE|MAE,10.519142305137542
685,11,13,LAE|MAE|SAE,1.5431956805915021
686,11,26,LAE|MAE|SAE,4.900023804298617
687,11,18,LAE|MAE,7.835666862793075
688,11,13,LAE|MAE|SAE,1.3672713829678613
689,11,16,LAE|MAE|SAE,6.9815181908808315
690,11,14,LAE|MAE,7.2118661522387715
691,11,24,LAE|MAE|SAE,5.485932583727912
692,11,14,LAE|MAE|SAE,4.9250246439577285
693,11,16,LAE|MAE,12.283373097377853
694,11,26,LAE|MAE|SAE,8.347208185673207
695,11,12,LAE|MAE,0.7707796183031065
696,11,12,LAE|MAE,5.650430940784212
697,9,17,MAE|SAE,7.667614994148316
698,9,13,SAE,2.7117170995646283
699,9,13,SAE,3.036837610591452
700,9,13,SAE,8.184297315225493
701,9,16,MAE|SAE,4.745631233381817
702,9,13,SAE,3.3642927124203696
703,9,17,SAE,8.88109894654874
704,9,13,SAE,3.5103308194159
705,9,21,SAE,3.444140706066225
706,9,17,SAE,3.306864466842478
707,9,13,SAE,2.318142495553433
708,9,13,SAE,8.548918758954068
709,9,13,SAE,3.8324583062348587
710,9,17,SAE,5.262561224818084
711,9,17,SAE,3.0541783007125995
712,9,13,SAE,3.1338957404905643
713,9,16,MAE|SAE,6.637117369257084
714,10,14,MAE|SAE,7.668008065326793
715,10,13,MAE|SAE,3.17603349310181
716,10,13,MAE|SAE,1.4082441773467513
717,10,13,MAE|SAE,5.037442645644508
718,12,13,MAE|SAE,1.1530085390743792
719,12,19,LAE|MAE|SAE,50.85489427161853
720,12,15,LAE|MAE|SAE,6.323695237172028
721,12,22,LAE|MAE|SAE,7.294750511682078
722,12,13,MAE|SAE,5.91469518981509
723,12,17,MAE|SAE,6.040998318316299
724,12,13,MAE|SAE,1.056244212248038
725,12,13,MAE|SAE,6.464219362019353
726,12,26,LAE|MAE|SAE,6.8178371771478465
727,12,13,MAE|SAE,1.0868388020212734
728,12,13,MAE|SAE,46.75807509409021
729,12,14,MAE|SAE,47.574464420525445
730,12,14,MAE|SAE,4.7192837266358145
731,12,18,LAE|MAE|SAE,6.12557206400698
732,12,26,MAE|SAE,6.446400340152612
733,12,14,MAE|SAE,5.535297304704482
734,12,16,MAE|SAE,10.839078514347262
735,12,13,MAE|SAE,6.832309042643726
736,12,17,MAE|SAE,2.607230164447398
737,12,13,MAE|SAE,2.002722019049082
738,10,14,MAE,2.879634492766334
739,10,15,LAE|MAE,6.349251959655618
740,11,14,LAE|MAE,2.130776813647487
741,11,15,LAE|MAE,2.0022873721292775
742,11,22,LAE|MAE,4.42526064402865
743,11,18,LAE|MAE|SAE,9.833860360314306
744,11,16,LAE|MAE,3.905681624230851
745,11,18,LAE|MAE,3.115049383653206
746,11,20,LAE|MAE,6.052180395583144
747,11,15,LAE|MAE,5.973511873423467
748,11,43,LAE|MAE|SAE,7.278376385312161
749,12,16,LAE|MAE,6.424515888129968
750,12,15,LAE|MAE,1.405624784015035
751,12,14,MAE,0.8458983298669303
752,12,14,MAE,4.005282743741141
753,12,14,MAE,9.76626844851049
754,12,14,MAE,2.776020210902223
755,12,14,MAE,7.650958462605586
756,12,16,LAE|MAE,2.0812020807097253
757,12,14,MAE,1.0721272002889037
758,12,15,LAE|MAE,7.376752551577146
759,12,18,LAE|MAE,1.767165110355161
760,12,14,MAE,17.894347269003855
761,12,14,MAE,0.8201065774986148
762,12,14,MAE,5.83350731641168
763,12,14,MAE,4.463181971097991
764,12,14,MAE,1.1062989267036023
765,12,14,MAE,3.8024666501964464
766,12,17,LAE|MAE|SAE,7.020588099379127
767,12,16,MAE,3.532941615050273
768,12,28,LAE|MAE|SAE,5.5737383121485315
769,12,14,MAE,1.4843069001128737
770,13,18,MAE|SAE,5.882592978953814
771,13,14,MAE|SAE,4.630797296413399
772,13,17,MAE|SAE,9.715521681719505
773,13,20,LAE|MAE|SAE,6.767146884457115
774,13,15,LAE|MAE|SAE,1.7742422876809365
775,13,14,MAE|SAE,1.2328351012981296
776,13,14,MAE|SAE,10.392076080974158
777,13,16,MAE|SAE,9.35599790488123
778,13,26,LAE|MAE|SAE,13.95504140400364
779,13,14,MAE|SAE,23.792724343222584
780,13,14,MAE|SAE,10.460802542732287
781,13,14,MAE|SAE,0.9559249736548034
782,13,14,MAE|SAE,1.5061303125598722
783,13,14,MAE|SAE,2.9395488908727714
784,11,16,LAE|MAE,8.001701990367124
785,11,19,LAE,7.895943884223098
786,11,38,LAE|MAE,6.061591271987667
787,11,15,LAE,8.16906571621221
788,12,15,LAE|MAE,9.213679956240956
789,14,15,LAE|MAE,1.0697200962380553
790,14,16,LAE|MAE,1.2663458868734034
791,14,16,LAE|MAE,1.988172638534482
792,14,15,LAE|MAE,0.9587654751844886
793,14,16,LAE|MAE,4.163331266302314
794,14,15,LAE|MAE,0.9736576750787469
795,14,16,LAE|MAE,6.279104653267872
796,14,20,LAE|MAE|SAE,5.126709266178078
797,14,16,LAE|MAE,1.2712373638642838
798,14,15,LAE|MAE,0.985237138331253
799,14,18,LAE|MAE,4.969592786135841
800,14,16,LAE|MAE,6.3775151269448855
801,14,15,LAE|MAE,0.978496928826195
802,14,17,LAE|MAE|SAE,5.808120593896057
803,14,15,LAE|MAE,0.8750664502807382
804,14,34,LAE|MAE|SAE,5.085085876236514
805,14,16,LAE|MAE,5.833728246915301
806,14,15,LAE|MAE,5.42020192539511
807,14,15,LAE|MAE,1.0714840227371558
808,14,18,LAE|MAE|SAE,1.360285579919546
809,14,18,LAE|MAE,10.241655264125454
810,14,15,LAE|MAE,6.5070118419601135
811,14,15,LAE|MAE,6.639089410166448
812,14,15,LAE|MAE,1.2329936655944742
813,14,19,LAE|MAE,6.1049891101543725
814,14,15,LAE|MAE,0.9533273793826978
815,14,19,LAE|MAE,2.3721710366472255
816,12,16,MAE,3.424518084432782
817,13,16,MAE|SAE,8.684792402477571
818,13,16,MAE|SAE,4.2126461294274655
819,13,16,MAE|SAE,5.179638416849616
820,13,24,MAE|SAE,4.173223485084679
821,13,16,MAE|SAE,4.026974176389255
822,13,17,MAE|SAE,2.8285426958280317
823,14,17,MAE|SAE,3.1585064988053326
824,14,23,LAE|MAE|SAE,6.686951705192138
825,14,22,LAE|MAE,3.5553897222640773
826,14,16,MAE,0.9452373474249788
827,14,26,MAE|SAE,7.902573809504664
828,14,16,MAE,10.190756959636628
829,14,16,MAE,1.4157981834852331
830,14,16,MAE,5.384132610412232
831,14,16,MAE,1.5988995490232518
832,14,16,MAE,1.8500493463948553
833,14,24,MAE|SAE,8.813462551834927
834,14,16,MAE,1.4543329060264834
835,14,19,LAE|MAE,6.26188324668054
836,14,16,MAE,7.350562360291043
837,14,17,MAE|SAE,10.58131152963738
838,14,32,LAE|MAE,7.89951811053646
839,14,16,MAE,1.1930508423650918
840,14,27,LAE|MAE|SAE,6.459734079884682
841,14,16,MAE,1.217731318792082
842,14,34,LAE|MAE,6.40605332108832
843,15,26,LAE|MAE,3.102205587002202
844,15,19,LAE|MAE,5.514707561300303
845,15,18,LAE|MAE,1.1999739413273327
846,15,30,LAE|MAE|SAE,4.676775266362398
847,15,16,LAE|MAE,4.6879233689055395
848,15,24,LAE|MAE|SAE,7.097181252806461
849,15,16,LAE|MAE,0.8706864946555799
850,15,19,LAE|MAE,1.169321242625309
851,15,16,LAE|MAE,1.143947062160539
852,15,16,LAE|MAE,6.688453455499049
853,15,16,LAE|MAE,7.076796790536206
854,15,16,LAE|MAE,0.8530479542805088
855,15,16,LAE|MAE,1.140068550522236
856,15,19,LAE|MAE,3.301283041264249
857,15,16,LAE|MAE,0.7992662471087141
858,15,21,LAE|MAE|SAE,10.764428371730157
859,15,17,LAE|MAE|SAE,1.0126075783139634
860,15,18,LAE|MAE,5.698927820655873
861,15,17,LAE|MAE|SAE,1.1281647156858416
862,15,16,LAE|MAE,0.8863943743908329
863,15,19,LAE|MAE,5.474442466118488
864,15,18,LAE|MAE|SAE,6.578526404537909
865,15,16,LAE|MAE,1.6523798092049264
866,15,18,LAE|MAE,6.352769447324239
867,15,16,LAE|MAE,5.403241028815483
868,15,16,LAE|MAE,6.494743994006552
869,15,16,LAE|MAE,5.546468606783079
870,15,16,LAE|MAE,1.1834893371998065
871,15,18,LAE|MAE,6.058432422306949
872,15,16,LAE|MAE,1.353828719920448
873,15,16,LAE|MAE,4.74489560392932
874,15,19,LAE|MAE,1.1244602873550962
875,15,27,LAE|MAE|SAE,8.211242783492649
876,15,24,LAE|MAE|SAE,4.467308938696776
877,15,16,LAE|MAE,1.4740342001862026
878,15,18,LAE|MAE,6.4249609134312715
879,15,16,LAE|MAE,0.9513389459844607
880,13,17,SAE,2.841151338239685
881,13,17,SAE,3.2099680656561818
882,13,20,MAE|SAE,3.0429655040050516
883,13,17,SAE,7.2559572464817705
884,13,17,SAE,3.562016194488407
885,13,20,MAE|SAE,5.366204931484835
886,13,17,SAE,2.7185997137766815
887,13,17,SAE,2.8035778186257847
888,16,22,MAE|SAE,1.4602551495253817
889,16,19,LAE|MAE|SAE,5.1708784777544725
890,16,22,LAE|MAE|SAE,2.940620375874923
891,16,20,MAE|SAE,3.633617946411694
892,16,17,MAE|SAE,9.463892767156766
893,16,17,MAE|SAE,24.859154048489675
894,16,38,LAE|MAE|SAE,4.661327748141951
895,16,20,MAE|SAE,19.371917237241426
896,16,17,MAE|SAE,2.3025920518672147
897,16,17,MAE|SAE,0.8913499958652701
898,16,18,MAE|SAE,6.481271963793213
899,16,18,MAE|SAE,54.96811819179239
900,14,18,MAE,4.585278633843833
901,15,18,LAE|MAE,1.4305141162852277
902,15,18,LAE|MAE,6.069075815770296
903,15,18,LAE|MAE,2.3896393936734506
904,15,23,LAE|MAE,5.908993554244036
905,15,19,LAE|MAE,4.89595923485438
906,15,18,LAE|MAE,1.5104891473150877
907,15,30,LAE|MAE,5.862089577857972
908,15,18,LAE|MAE,1.1196693822857218
909,15,28,LAE|MAE,4.890104006281456
910,15,19,LAE|MAE,4.055960782193698
911,15,18,LAE|MAE,7.306578630320365
912,15,29,LAE|MAE|SAE,6.689532888612512
913,15,18,LAE|MAE,4.725720356555028
914,15,20,LAE|MAE,5.331446412845054
915,15,27,LAE|MAE,4.660752673884231
916,15,18,LAE|MAE,1.9002447953743415
917,15,27,LAE|MAE|SAE,2.5514736044902193
918,15,18,LAE|MAE,10.223492665585596
919,15,23,LAE|MAE,6.709522312701127
920,15,22,LAE|MAE,2.5229074175888413
921,16,18,MAE,9.879179048054038
922,16,19,LAE|MAE,1.3001593706225725
923,16,18,MAE,1.2294988875449055
924,16,18,MAE,1.169400812974202
925,16,28,LAE|MAE|SAE,4.551276457534519
926,16,18,MAE,1.0203162177816236
927,16,18,MAE,2.745321740149035
928,16,19,LAE|MAE,0.9795983463728224
929,16,18,MAE,4.2669653016372395
930,16,18,MAE,0.9718739572847176
931,16,18,MAE,1.4620886883153161
932,16,19,LAE|MAE,1.1967418116915811
933,16,18,MAE,6.0384838844261814
934,16,18,MAE,6.339590029773866
935,16,18,MAE,5.567707707224066
936,16,19,LAE|MAE,1.1198288837955142
937,17,18,MAE|SAE,3.7170750337559717
938,17,19,LAE|MAE|SAE,1.0288770936464977
939,17,19,LAE|MAE|SAE,5.391133098179454
940,17,18,MAE|SAE,6.176652536801163
941,17,26,LAE|MAE|SAE,2.421821579200166
942,17,22,MAE|SAE,5.964650276594923
943,17,35,LAE|MAE|SAE,4.491771061056872
944,17,18,MAE|SAE,0.7853036805188394
945,17,19,LAE|MAE|SAE,1.6914430591619005
946,17,18,MAE|SAE,1.0020775019472314
947,17,20,MAE|SAE,49.065202778717946
948,15,19,LAE,2.556255204777016
949,15,19,LAE,1.0861775366980049
950,15,25,LAE|MAE|SAE,2.5158663347421544
951,15,19,LAE,11.131260307327064
952,15,19,LAE,7.3188803693079745
953,15,19,LAE,6.972605857822692
954,16,19,LAE|MAE,1.0136378299443227
955,16,24,LAE|MAE,10.51865459471697
956,16,19,LAE|MAE,3.2913555366226275
957,18,20,LAE|MAE,0.8506247879987858
958,18,20,LAE|MAE,0.9003424849969198
959,18,20,LAE|MAE,1.6642831635496573
960,18,31,LAE|MAE|SAE,6.767392031640487
961,18,19,LAE|MAE,1.2468101586198483
962,18,19,LAE|MAE,1.249195962218556
963,18,27,LAE|MAE,4.378529170618717
964,18,19,LAE|MAE,0.886708252822175
965,18,19,LAE|MAE,5.365139273828897
966,18,35,LAE|MAE|SAE,6.13912335981659
967,18,20,LAE|MAE,11.205036846122303
968,18,19,LAE|MAE,0.6883885142789309
969,18,19,LAE|MAE,4.10609131748434
970,18,19,LAE|MAE,5.027744802013779
971,18,19,LAE|MAE,5.769729830490638
972,18,19,LAE|MAE,1.4316127507383671
973,18,19,LAE|MAE,1.0793538056622822
974,18,19,LAE|MAE,0.9438489861137656
975,18,32,LAE|MAE,11.916015057735342
976,18,19,LAE|MAE,3.416627106357581
977,18,19,LAE|MAE,0.851142469938115
978,18,19,LAE|MAE,7.164541781450118
979,18,20,LAE|MAE,3.0639078139721905
980,18,19,LAE|MAE,1.015608336696679
981,18,23,LAE|MAE,1.4818495954933255
982,18,20,LAE|MAE,1.0535594152345449
983,18,19,LAE|MAE,3.756455905287615
984,18,19,LAE|MAE,0.8274487432636143
985,18,19,LAE|MAE,0.9163748888876855
986,18,20,LAE|MAE,1.617593788156157
987,18,19,LAE|MAE,4.4858992051300035
988,18,19,LAE|MAE,1.2061212144732687
989,18,20,LAE|MAE,4.055194335339586
990,18,20,LAE|MAE,1.176852786389167
991,18,19,LAE|MAE,0.9200619161021326
992,16,28,MAE,4.750271603862087
993,16,20,MAE,5.415265352197389
994,16,20,MAE,4.435425135407683
995,17,20,MAE|SAE,1.3785626391921944
996,17,20,MAE|SAE,1.294483306739956
997,17,21,MAE|SAE,9.439710485250757
998,17,20,MAE|SAE,6.4448646281760045
999,17,24,LAE|MAE|SAE,4.4895848585565306
1000,18,27,LAE|MAE,2.982630036383723
1001,18,20,MAE,1.3430446391132647
1002,18,20,MAE,1.0434177886792442
1003,18,20,MAE,6.610831743259284
1004,18,20,MAE,4.01446305365179
1005,18,20,MAE,1.4663288572053823
1006,18,20,MAE,1.0995404453450235
1007,18,23,LAE|MAE,6.572101289691112
1008,18,22,MAE,10.307946934155902
1009,18,26,MAE,6.325767827985266
1010,18,34,LAE|MAE,4.180578117660627
1011,18,20,MAE,2.846212054413518
1012,18,20,MAE,4.396471804820553
1013,18,20,MAE,1.1030499663487787
1014,19,20,LAE|MAE,1.816804055919187
1015,19,24,LAE|MAE,6.629767746571657
1016,19,20,LAE|MAE,0.984588931083186
1017,19,20,LAE|MAE,1.6678030455738186
1018,19,20,LAE|MAE,4.0220745938198785
1019,19,20,LAE|MAE,1.374408158544072
1020,19,21,LAE|MAE|SAE,5.147416361577355
1021,19,23,LAE|MAE,1.953643826076952
1022,19,20,LAE|MAE,3.8528607819837437
1023,19,20,LAE|MAE,1.0297172943221193
1024,19,20,LAE|MAE,0.7782647989109411
1025,19,22,LAE|MAE,6.025040460219906
1026,19,30,LAE|MAE|SAE,4.344156443646109
1027,19,20,LAE|MAE,4.7853202252966165
1028,19,20,LAE|MAE,8.855386769492723
1029,19,24,LAE|MAE|SAE,1.468922182822292
1030,19,20,LAE|MAE,7.0144135526976905
1031,19,26,LAE|MAE|SAE,3.504193634912503
1032,17,21,SAE,8.795768954813521
1033,17,21,SAE,2.64548136091988
1034,17,21,SAE,1.744830577609233
1035,17,21,SAE,7.249530809703785
1036,17,21,SAE,2.0049492974349183
1037,18,21,MAE|SAE,4.962944575900777
1038,20,21,MAE|SAE,1.197008298742413
1039,20,21,MAE|SAE,1.0306080379152538
1040,20,22,MAE|SAE,1.1130035429937968
1041,20,21,MAE|SAE,4.947536848392515
1042,20,21,MAE|SAE,1.5822477840765197
1043,20,21,MAE|SAE,0.9148593391274306
1044,20,21,MAE|SAE,1.0105597443616172
1045,20,21,MAE|SAE,3.0525697320061114
1046,18,22,MAE,5.664200341094816
1047,18,27,LAE|MAE,6.367425113964042
1048,18,22,MAE,5.467459730170703
1049,18,22,MAE,4.892294348149754
1050,18,22,MAE,9.681923712759966
1051,19,33,LAE|MAE|SAE,4.828068838397044
1052,19,30,LAE|MAE,4.322957877387181
1053,19,22,LAE|MAE,6.252402913220092
1054,19,23,LAE|MAE,9.149657762041725
1055,19,22,LAE|MAE,9.636105274141974
1056,19,30,LAE|MAE,9.757183456147814
1057,20,24,LAE|MAE,1.263526188641045
1058,20,24,MAE,1.2319107862351881
1059,20,23,LAE|MAE,8.998908347798872
1060,20,22,MAE,1.2956323168557093
1061,20,26,MAE,7.369954602981236
1062,20,22,MAE,2.647221248052831
1063,20,26,MAE,4.582752762823467
1064,20,22,MAE,0.899370085732668
1065,20,23,LAE|MAE,1.2099615985149426
1066,20,22,MAE,2.6309118991594542
1067,20,28,LAE|MAE,5.411378681326813
1068,20,38,MAE,9.066063084634727
1069,20,22,MAE,1.3747357434926801
1070,20,22,MAE,7.1201963162693716
1071,20,22,MAE,9.843830809461195
1072,20,22,MAE,3.6329140509831217
1073,20,22,MAE,4.2280104762317485
1074,20,34,LAE|MAE,4.305134470333306
1075,21,22,MAE|SAE,3.498017290771177
1076,21,22,MAE|SAE,6.789750097206476
1077,21,25,LAE|MAE|SAE,4.855061593991063
1078,21,22,MAE|SAE,4.556772795062965
1079,21,22,MAE|SAE,5.681289225030696
1080,21,24,LAE|MAE|SAE,4.276603971182773
1081,21,22,MAE|SAE,1.4480145014273558
1082,21,30,MAE|SAE,5.910082130506656
1083,21,34,LAE|MAE|SAE,5.300436862493845
1084,21,23,LAE|MAE|SAE,2.7459985792772352
1085,19,23,LAE,2.0690775935087427
1086,19,24,LAE|MAE,4.241537583325535
1087,19,23,LAE,2.89340317505686
1088,19,23,LAE,7.229618327047526
1089,19,23,LAE,6.024499730147099
1090,22,23,LAE|MAE,2.5719708102229446
1091,22,26,LAE|MAE,2.321192718056075
1092,22,24,LAE|MAE,4.117403150701834
1093,22,23,LAE|MAE,1.0332925824368566
1094,22,24,LAE|MAE,1.3149645471512983
1095,22,24,LAE|MAE,3.722086239301244
1096,22,23,LAE|MAE,2.3838137012854816
1097,22,23,LAE|MAE,0.9865178436688817
1098,22,24,LAE|MAE,5.925959450505032
1099,22,23,LAE|MAE,2.2498872015523723
1100,22,35,LAE|MAE,6.443048225067136
1101,22,24,LAE|MAE,0.8983492443331929
1102,22,23,LAE|MAE,12.464335128129
1103,22,25,LAE|MAE|SAE,9.360414295414108
1104,22,23,LAE|MAE,2.5008871742552397
1105,22,26,LAE|MAE,4.677240711067296
1106,22,23,LAE|MAE,5.396646809159303
1107,22,23,LAE|MAE,4.0936448591896415
1108,22,23,LAE|MAE,1.699397487876289
1109,22,23,LAE|MAE,2.305878576149522
1110,22,23,LAE|MAE,5.5867381647579455
1111,22,23,LAE|MAE,2.3514777770583484
1112,22,23,LAE|MAE,4.797285680338685
1113,22,23,LAE|MAE,3.9058119998000533
1114,22,28,LAE|MAE,4.0072887838539035
1115,22,24,LAE|MAE,3.2627958466182263
1116,22,23,LAE|MAE,8.539026429940419
1117,22,82,LAE|MAE|SAE,10.184778912226188
1118,22,23,LAE|MAE,1.0375419456902808
1119,20,24,MAE,4.447555501284203
1120,20,24,MAE,8.112814557421896
1121,20,32,MAE,4.5361667822962914
1122,20,26,MAE,5.565264301264751
1123,21,24,MAE|SAE,6.668279609287231
1124,22,26,MAE,1.6100750566238573
1125,22,24,MAE,1.185822719972663
1126,22,24,MAE,1.523349979132155
1127,22,35,LAE|MAE,3.943447079310999
1128,22,26,MAE,6.487516235584154
1129,22,34,MAE,4.719433464236851
1130,22,24,MAE,1.5599257073674397
1131,22,24,MAE,1.1106599401420216
1132,22,24,MAE,2.0081080736020933
1133,22,34,LAE|MAE,5.069056436908848
1134,22,24,MAE,3.558280410445503
1135,22,28,MAE,3.885288878312916
1136,22,38,LAE|MAE,8.103071031251806
1137,22,24,MAE,9.149273653420167
1138,22,24,MAE,1.143899400399873
1139,22,28,MAE,4.168885848504295
1140,22,28,MAE,6.611699522265506
1141,23,28,LAE|MAE,1.5334606203545258
1142,23,27,LAE|MAE,2.2833179525454006
1143,23,24,LAE|MAE,2.9508509526251623
1144,23,24,LAE|MAE,1.0699436218385554
1145,23,24,LAE|MAE,1.5720289011402144
1146,23,32,LAE|MAE,4.825704593131064
1147,23,24,LAE|MAE,3.601149641039884
1148,23,24,LAE|MAE,2.683017806021831
1149,23,25,LAE|MAE|SAE,1.4370507650597963
1150,23,24,LAE|MAE,1.554462877932584
1151,23,24,LAE|MAE,1.8000690334875318
1152,23,24,LAE|MAE,1.2947008980455035
1153,23,24,LAE|MAE,4.788297451663048
1154,23,24,LAE|MAE,0.8968080078790674
1155,23,26,LAE|MAE,3.027179242602747
1156,23,24,LAE|MAE,1.007985076149158
1157,23,24,LAE|MAE,1.392149926923914
1158,23,24,LAE|MAE,4.447931390887823
1159,23,25,LAE|MAE|SAE,7.679569801600453
1160,23,24,LAE|MAE,3.971174950001484
1161,23,24,LAE|MAE,1.030556007821662
1162,23,24,LAE|MAE,4.57783799724484
1163,23,25,LAE|MAE|SAE,1.2174738898895698
1164,21,25,SAE,6.218793642018481
1165,21,25,SAE,5.408872210828086
1166,21,25,SAE,6.488253849540654
1167,22,25,MAE|SAE,8.337806844577974
1168,24,26,MAE|SAE,1.2465651021055715
1169,22,31,LAE|MAE,7.79894063242679
1170,22,26,MAE,3.866126411826363
1171,22,26,MAE,3.3666401119110723
1172,22,34,LAE|MAE|SAE,5.433098346259314
1173,22,27,LAE|MAE,5.5668472043801005
1174,22,32,LAE|MAE,4.349182697981442
1175,22,26,MAE,7.592209318298307
1176,22,30,MAE,9.149625355123971
1177,22,26,MAE,4.769437955248268
1178,22,26,MAE,7.39354500178605
1179,22,28,LAE|MAE,5.63877847613115
1180,23,26,LAE|MAE,1.5755198887838942
1181,23,30,LAE|MAE,1.651085307926476
1182,23,26,LAE|MAE,1.6808672795757205
1183,23,26,LAE|MAE,5.668941813212146
1184,23,26,LAE|MAE,0.9027664229485095
1185,23,26,LAE|MAE,5.037994021782302
1186,23,36,LAE|MAE,8.86475168120501
1187,23,26,LAE|MAE,1.6854481148521474
1188,23,28,LAE|MAE,1.6480509594126815
1189,23,26,LAE|MAE,6.728317695324289
1190,23,26,LAE|MAE,2.9319954867761173
1191,24,26,MAE,4.000621706892444
1192,24,28,MAE,1.4772374951955198
1193,24,26,MAE,1.1774320581548365
1194,24,26,MAE,0.865196009113424
1195,24,28,MAE,4.832180090747111
1196,24,26,MAE,3.975359891397665
1197,24,26,MAE,0.9534889165453149
1198,24,26,MAE,1.1616321575354975
1199,24,28,MAE,4.684255104493353
1200,24,32,LAE|MAE,4.1912761847199675
1201,24,26,MAE,3.366567743979962
1202,24,26,MAE,1.1667057686984152
1203,24,30,MAE,4.091417629004123
1204,24,34,MAE|SAE,4.305307913456618
1205,24,26,MAE,0.9333960960778891
1206,24,26,MAE,4.1470511403715165
1207,24,32,LAE|MAE,5.1813092130266005
1208,25,27,LAE|MAE|SAE,7.159641167201904
1209,25,26,MAE|SAE,0.9976330692118989
1210,25,26,MAE|SAE,18.966136078666082
1211,25,26,MAE|SAE,1.2872662140835238
1212,25,35,LAE|MAE|SAE,4.929657172673084
1213,23,27,LAE,9.086049961226465
1214,23,27,LAE,3.875376286696452
1215,23,27,LAE,1.980305435080965
1216,24,36,LAE|MAE,4.703533414893618
1217,24,27,LAE|MAE,2.879702801921392
1218,24,27,LAE|MAE,3.8704731228860587
1219,24,27,LAE|MAE,3.125805282279071
1220,24,28,LAE|MAE,4.364746429830792
1221,26,27,LAE|MAE,3.331585203284262
1222,26,27,LAE|MAE,3.057104840375182
1223,26,28,LAE|MAE,3.282035149368924
1224,26,28,LAE|MAE,3.430614507685631
1225,26,28,LAE|MAE,2.1942654469289877
1226,26,27,LAE|MAE,1.0755916801867902
1227,26,28,LAE|MAE,0.9960334261850844
1228,26,28,LAE|MAE,1.2964915269559893
1229,26,30,LAE|MAE,1.2971941069803523
1230,26,27,LAE|MAE,1.3153245025713756
1231,26,27,LAE|MAE,6.170478913318509
1232,26,28,LAE|MAE,2.9106702754309466
1233,26,27,LAE|MAE,5.391123333051373
1234,26,27,LAE|MAE,1.3068470001953032
1235,26,27,LAE|MAE,3.673119816070763
1236,26,28,LAE|MAE,4.627771604541378
1237,26,31,LAE|MAE,3.2612657269520384
1238,26,34,LAE|MAE,5.637565692179621
1239,26,27,LAE|MAE,4.763371583528226
1240,26,32,LAE|MAE,3.2966827393895484
1241,26,34,LAE|MAE,4.397557012046779
1242,26,36,LAE|MAE,3.2648785249781223
1243,26,27,LAE|MAE,1.2885829778533127
1244,26,27,LAE|MAE,3.1555793472140197
1245,24,28,MAE,8.803767067003783
1246,24,28,MAE,3.7282044046732
1247,24,28,MAE,1.6044863027867131
1248,24,32,MAE,5.203015277038484
1249,24,32,LAE|MAE,8.121578169845662
1250,24,28,MAE,3.6607186332280386
1251,24,32,MAE,8.170961414091305
1252,24,28,MAE,1.7949318269185208
1253,26,30,MAE,3.026071445032914
1254,26,28,MAE,7.950131878348955
1255,26,34,LAE|MAE,4.147813034509208
1256,26,32,MAE,3.2279019439340186
1257,26,32,MAE,6.412041494514996
1258,26,32,LAE|MAE,3.6756091180448736
1259,26,28,MAE,9.247064303952643
1260,26,30,MAE,7.498555891780556
1261,26,36,MAE,8.110929257696839
1262,26,28,MAE,3.113157291480078
1263,26,28,MAE,0.9325704095490602
1264,26,28,MAE,1.1608294028945618
1265,26,28,MAE,1.4442938911070347
1266,26,29,MAE|SAE,1.2012724668124386
1267,26,28,MAE,3.498489427035727
1268,26,32,LAE|MAE,3.7930857341427164
1269,27,28,LAE|MAE,0.9919535840044454
1270,27,32,LAE|MAE,7.034452646404821
1271,27,30,LAE|MAE,1.0667008735492305
1272,27,28,LAE|MAE,1.21704205642045
1273,27,28,LAE|MAE,0.895097864102769
1274,27,28,LAE|MAE,1.220351920629037
1275,27,38,LAE|MAE,3.288139087347931
1276,27,34,LAE|MAE,3.1268041649517433
1277,27,34,LAE|MAE,9.82613233496639
1278,27,28,LAE|MAE,1.1930644011493485
1279,27,30,LAE|MAE,2.422405897456652
1280,27,29,LAE|MAE|SAE,1.487231683321594
1281,27,28,LAE|MAE,8.57720842990612
1282,27,29,LAE|MAE|SAE,0.9052552950697796
1283,27,30,LAE|MAE,3.092741362175351
1284,27,28,LAE|MAE,3.03963000931895
1285,27,30,LAE|MAE,6.059631975931782
1286,27,28,LAE|MAE,0.9308217970957937
1287,27,28,LAE|MAE,1.1888693097063157
1288,27,28,LAE|MAE,1.1493723725317964
1289,27,30,LAE|MAE,3.1546777418975074
1290,27,28,LAE|MAE,1.1722186808431134
1291,27,28,LAE|MAE,1.1633602607071576
1292,27,28,LAE|MAE,3.9699048565879185
1293,27,30,LAE|MAE,3.2222597773675994
1294,27,29,LAE|MAE|SAE,1.0457977654696795
1295,27,32,LAE|MAE,4.74521639219636
1296,27,28,LAE|MAE,4.363604961411922
1297,27,29,LAE|MAE|SAE,1.2179735904884519
1298,27,28,LAE|MAE,1.5761242950062413
1299,25,29,SAE,8.284096868310021
1300,25,29,SAE,5.81226959260097
1301,26,29,MAE|SAE,1.3450247258438306
1302,28,31,LAE|MAE|SAE,4.447286658620929
1303,28,29,MAE|SAE,0.804861951825744
1304,28,30,MAE|SAE,2.981124598151444
1305,28,34,MAE|SAE,5.936371993444025
1306,28,32,LAE|MAE|SAE,2.887026329851691
1307,28,31,LAE|MAE|SAE,1.1861280103314429
1308,26,34,MAE,4.771163028815021
1309,26,36,MAE,3.365617308657116
1310,26,34,LAE|MAE,4.224042716675409
1311,27,30,LAE|MAE,1.2087874671542296
1312,27,30,LAE|MAE,5.92988771117462
1313,27,30,LAE|MAE,9.802140178133005
1314,27,30,LAE|MAE,1.3133764964333468
1315,27,34,LAE|MAE,4.389645965923089
1316,27,36,LAE|MAE,11.515364921389825
1317,27,30,LAE|MAE,2.6556589497301615
1318,27,30,LAE|MAE,2.5494555621179766
1319,27,30,LAE|MAE,3.3379588502684507
1320,27,30,LAE|MAE,2.68508451911325
1321,28,30,MAE,0.9960437242688982
1322,28,31,LAE|MAE,4.143933035132191
1323,28,36,LAE|MAE,3.2050302693321333
1324,28,34,MAE,4.418231803949519
1325,28,34,LAE|MAE,5.995646227722034
1326,28,36,LAE|MAE,2.777309116670834
1327,28,30,MAE,4.860941288781856
1328,28,32,MAE,2.994360696965087
1329,28,30,MAE,2.872712000984163
1330,28,30,MAE,1.3433959840527832
1331,28,30,MAE,1.0266898304002614
1332,28,69,LAE|MAE|SAE,8.122547673249782
1333,28,58,LAE|MAE|SAE,7.783853443931706
1334,28,32,MAE,4.140961897503661
1335,28,32,MAE,8.37037553673513
1336,28,30,MAE,0.953922355699585
1337,28,32,MAE,4.349154442517596
1338,28,30,MAE,3.1949611279717716
1339,28,30,MAE,4.386069759492626
1340,28,38,MAE,5.371687206716492
1341,28,30,MAE,3.965545893673733
1342,28,35,LAE|MAE,6.715342675907115
1343,28,30,MAE,3.2682691005885562
1344,28,30,MAE,4.758932578477657
1345,28,34,MAE,4.040464216025507
1346,28,36,MAE,2.7413599422833808
1347,28,33,LAE|MAE|SAE,4.489254554443704
1348,28,32,MAE,3.995120767295139
1349,29,30,MAE|SAE,1.002809575023707
1350,29,32,MAE|SAE,2.820672819384799
1351,29,30,MAE|SAE,5.171656253647036
1352,29,82,LAE|MAE|SAE,9.872470063582991
1353,29,30,MAE|SAE,2.46844715040552
1354,27,34,LAE|MAE,6.13065837605606
1355,27,31,LAE,5.795568370235752
1356,27,35,LAE,5.977724054141081
1357,28,32,LAE|MAE,4.682860255472113
1358,28,31,LAE|MAE,6.6862382359381005
1359,30,32,LAE|MAE,4.332923232285613
1360,30,35,LAE|MAE,2.552162704212619
1361,30,32,LAE|MAE,4.203435404984677
1362,30,34,LAE|MAE,4.101863449781645
1363,30,31,LAE|MAE,2.9449144616799865
1364,30,31,LAE|MAE,5.24685367252293
1365,30,34,LAE|MAE,2.836922598501022
1366,30,31,LAE|MAE,1.5247539606531155
1367,30,34,LAE|MAE,4.069150866883886
1368,30,32,LAE|MAE,3.003896185847013
1369,30,32,LAE|MAE,4.17289850507763
1370,30,35,LAE|MAE,3.9444663301767693
1371,30,39,LAE|MAE,2.8479444014052904
1372,30,36,LAE|MAE,2.7908520159091337
1373,30,32,LAE|MAE,2.687933680093777
1374,30,32,LAE|MAE,2.946480455677486
1375,30,31,LAE|MAE,2.2646563230063848
1376,30,32,LAE|MAE,4.3909236739566415
1377,30,36,LAE|MAE,6.857848338054663
1378,30,39,LAE|MAE|SAE,2.778047040130963
1379,30,34,LAE|MAE,7.297992797246356
1380,30,32,LAE|MAE,2.1032160266334503
1381,30,36,LAE|MAE,2.951033441810476
1382,30,35,LAE|MAE,3.7166902673045605
1383,28,34,MAE,8.409315975090234
1384,28,58,LAE|MAE|SAE,8.607393525338843
1385,28,32,MAE,7.569926672614425
1386,28,38,LAE|MAE,4.550235108531349
1387,29,32,MAE|SAE,5.52588211629783
1388,30,32,MAE,2.81111158644534
1389,30,36,MAE,2.5253301611493124
1390,30,36,LAE|MAE,3.7296596170686795
1391,30,36,MAE|SAE,2.8134290028489333
1392,30,32,MAE,8.015323155356986
1393,30,32,MAE,4.223082839009219
1394,30,34,MAE,3.7315770362830856
1395,30,36,LAE|MAE,2.7803941349311376
1396,30,32,MAE,4.569530420260856
1397,30,32,MAE,2.732454877014556
1398,30,32,MAE,4.642915855913124
1399,30,34,MAE|SAE,4.128489592586446
1400,30,32,MAE,4.194791542103043
1401,30,32,MAE,2.842983435679406
1402,30,38,LAE|MAE,7.884519347738517
1403,30,32,MAE,2.4980663625855195
1404,30,32,MAE,2.8503929435673765
1405,30,32,MAE,3.979636633099129
1406,30,36,MAE,2.8118048685873607
1407,30,32,MAE,2.774774843128551
1408,30,34,MAE,7.399175519900914
1409,30,34,MAE,4.288612496885848
1410,30,32,MAE,4.180426497163708
1411,30,32,MAE,2.1030833737574373
1412,30,32,MAE,1.062936416762845
1413,31,32,LAE|MAE,0.7807750974250107
1414,31,32,LAE|MAE,1.5390765840727492
1415,31,32,LAE|MAE,1.0278063470916854
1416,31,32,LAE|MAE,2.494749280538552
1417,31,32,LAE|MAE,3.4138504014832445
1418,31,34,LAE|MAE,3.6039680085189065
1419,31,36,LAE|MAE,2.6651549286463396
1420,31,32,LAE|MAE,0.769019015081203
1421,31,35,LAE|MAE,1.970714149558429
1422,31,32,LAE|MAE,3.779321630871661
1423,31,32,LAE|MAE,6.561205600969706
1424,31,32,LAE|MAE,1.005818527403646
1425,31,38,LAE|MAE,1.9543225082272453
1426,31,32,LAE|MAE,0.8626417425260015
1427,31,32,LAE|MAE,1.0879470841184253
1428,31,32,LAE|MAE,3.6941383895282196
1429,31,32,LAE|MAE,2.4032147417177043
1430,31,34,LAE|MAE,4.180736421841622
1431,31,32,LAE|MAE,3.884867685735288
1432,31,32,LAE|MAE,0.9575540646624002
1433,31,34,LAE|MAE,1.057511347359484
1434,31,32,LAE|MAE,8.032656457902977
1435,31,34,LAE|MAE,2.4752884307087073
1436,31,69,LAE|MAE|SAE,8.13205086913214
1437,31,32,LAE|MAE,7.234552520634871
1438,31,32,LAE|MAE,7.033918931249386
1439,31,32,LAE|MAE,0.9362988628843077
1440,31,32,LAE|MAE,4.03558688094544
1441,31,32,LAE|MAE,0.9219153392327915
1442,31,32,LAE|MAE,2.211369285001072
1443,31,32,LAE|MAE,2.2745193112816486
1444,31,32,LAE|MAE,2.588567089090824
1445,31,35,LAE|MAE,3.5334023532638974
1446,31,32,LAE|MAE,1.0374471832261782
1447,31,32,LAE|MAE,0.860476534910608
1448,31,32,LAE|MAE,3.272470956423774
1449,31,32,LAE|MAE,7.695302887308189
1450,31,32,LAE|MAE,1.8946871522509787
1451,31,32,LAE|MAE,2.444300937893035
1452,29,33,SAE,3.5334263582695478
1453,29,33,SAE,6.140235079777292
1454,32,59,LAE|MAE|SAE,7.724400516819782
1455,32,33,MAE|SAE,3.866806838954518
1456,32,34,MAE|SAE,3.7257126960719495
1457,32,33,MAE|SAE,1.892694042790213
1458,30,35,LAE|MAE,2.8949233614149055
1459,30,36,MAE,7.636426544873041
1460,30,82,LAE|MAE|SAE,9.8742298925914
1461,30,94,LAE|MAE|SAE,24.773772912764986
1462,30,35,LAE|MAE,4.522592858389725
1463,30,59,LAE|MAE|SAE,8.526730693539013
1464,30,34,MAE,16.13155457479478
1465,31,35,LAE|MAE,1.9839791201274006
1466,31,95,LAE|MAE|SAE,9.143879161208055
1467,31,36,LAE|MAE,2.5438673775789975
1468,32,35,LAE|MAE,4.586074789555413
1469,32,39,LAE|MAE|SAE,5.258076315683493
1470,32,35,LAE|MAE,3.8747914700069646
1471,32,34,MAE,4.343773609019839
1472,32,34,MAE,7.272724573892156
1473,32,35,LAE|MAE,3.781374625983133
1474,32,37,MAE|SAE,3.3876118665909893
1475,32,58,LAE|MAE|SAE,8.073735571151534
1476,32,34,MAE,8.173956065605402
1477,32,34,MAE,3.845497522143575
1478,32,34,MAE,7.241567312512129
1479,32,36,MAE,6.497121359430655
1480,32,34,MAE,2.605053059446627
1481,32,34,MAE,6.445613910319914
1482,32,70,LAE|MAE|SAE,7.313050369982496
1483,32,34,MAE,6.231976381556035
1484,32,34,MAE,5.032376239169674
1485,33,34,MAE|SAE,4.0350450099086235
1486,33,34,MAE|SAE,3.961750731133158
1487,33,34,MAE|SAE,1.6162902950319868
1488,33,83,LAE|MAE|SAE,9.239030870470721
1489,33,34,MAE|SAE,1.7632625053159403
1490,33,35,LAE|MAE|SAE,4.1722690242178535
1491,31,35,LAE,3.550695266096584
1492,31,35,LAE,5.846349362524806
1493,31,35,LAE,5.513601809122969
1494,31,36,LAE|MAE,2.705977412256753
1495,31,35,LAE,5.776203479455905
1496,32,35,LAE|MAE,3.032587216245848
1497,34,36,LAE|MAE,2.0787276201378075
1498,34,35,LAE|MAE,7.0503618738865175
1499,34,35,LAE|MAE,1.5685987001484043
1500,34,36,LAE|MAE,2.7111758839435898
1501,34,35,LAE|MAE,1.4430375179616572
1502,34,36,LAE|MAE,3.3091024161464913
1503,34,35,LAE|MAE,2.343170634947714
1504,34,36,LAE|MAE,2.2347537470083156
1505,34,36,LAE|MAE,1.6402732029502392
1506,34,35,LAE|MAE,2.139882242073242
1507,34,38,LAE|MAE,1.5080371693463384
1508,34,36,LAE|MAE,1.675040183549775
1509,34,35,LAE|MAE,3.591360158842205
1510,34,36,LAE|MAE,6.857933902916959
1511,34,36,LAE|MAE,2.16929139156844
1512,34,35,LAE|MAE,1.8831648646185075
1513,34,35,LAE|MAE,1.232900736619555
1514,34,35,LAE|MAE,2.108662283736784
1515,34,35,LAE|MAE,2.0824126419204383
1516,34,35,LAE|MAE,1.378488904017072
1517,34,82,LAE|MAE|SAE,9.777756979863717
1518,34,36,LAE|MAE,1.318476085043835
1519,34,36,LAE|MAE,2.2154614610915386
1520,34,35,LAE|MAE,1.8955073602238768
1521,34,35,LAE|MAE,1.9961569778620385
1522,34,35,LAE|MAE,4.130982332127118
1523,34,36,LAE|MAE,1.5852111217910732
1524,34,40,LAE|MAE,3.200160200726933
1525,34,35,LAE|MAE,1.3921673055721757
1526,34,35,LAE|MAE,3.324153678865238
1527,34,35,LAE|MAE,1.2801866274222304
1528,34,36,LAE|MAE,5.5845116293440125
1529,34,35,LAE|MAE,2.0613220683677884
1530,34,35,LAE|MAE,1.8938600084102488
1531,34,36,LAE|MAE,5.96143189964646
1532,32,36,MAE,3.8472304922750773
1533,32,40,MAE,7.476714786421177
1534,32,98,LAE|MAE|SAE,10.72550419475921
1535,32,36,MAE,2.494022654190524
1536,33,37,MAE|SAE,3.494748165170806
1537,33,85,LAE|MAE|SAE,8.392296695741889
1538,34,38,MAE,1.4396738849381068
1539,34,36,MAE,1.525973931984921
1540,34,38,MAE,2.885347851862515
1541,34,36,MAE,2.026781326693832
1542,34,81,LAE|MAE|SAE,9.184953623491957
1543,34,36,MAE,1.3318895380786444
1544,34,36,MAE,1.5807899137446595
1545,34,36,MAE,2.1609477778668977
1546,34,36,MAE,7.16431194505418
1547,34,37,MAE|SAE,2.3581318157888154
1548,34,78,LAE|MAE|SAE,8.95266746733006
1549,34,36,MAE,2.205847300994494
1550,34,46,LAE|MAE|SAE,3.9852395205749134
1551,34,59,LAE|MAE|SAE,7.017248937093809
1552,34,36,MAE,1.4089621742827758
1553,34,36,MAE,1.8414549476636952
1554,34,36,MAE,2.201222687517506
1555,35,36,LAE|MAE,1.2791562775073297
1556,35,36,LAE|MAE,1.416219455082255
1557,35,38,LAE|MAE,1.494573170941042
1558,35,36,LAE|MAE,1.52200652591003
1559,35,39,LAE|MAE,5.009214031308869
1560,35,36,LAE|MAE,3.58132811590298
1561,35,36,LAE|MAE,1.2733480703983315
1562,35,36,LAE|MAE,4.757476120548205
1563,35,36,LAE|MAE,1.3600629789256167
1564,35,36,LAE|MAE,1.0314213299883968
1565,35,36,LAE|MAE,1.646731092931476
1566,35,36,LAE|MAE,2.0725433825842146
1567,35,36,LAE|MAE,2.7812246200662636
1568,35,36,LAE|MAE,1.4261300123768692
1569,35,36,LAE|MAE,2.9430853042233296
1570,35,40,LAE|MAE,1.5570575874437431
1571,35,38,LAE|MAE,1.3271480086789966
1572,35,38,LAE|MAE,1.5877600875141482
1573,35,43,LAE|MAE,3.0130487108389254
1574,35,36,LAE|MAE,1.9924079827494503
1575,33,37,SAE,2.8370999117441973
1576,33,37,SAE,3.909835444865868
1577,34,37,MAE|SAE,15.952960757418198
1578,34,38,MAE,7.722343682020251
1579,35,58,LAE|MAE|SAE,7.29546955253021
1580,35,38,LAE|MAE,1.4754842041343417
1581,35,39,LAE|MAE,1.4714175245869807
1582,35,38,LAE|MAE,1.6201856322805228
1583,36,38,MAE,2.4825126115155505
1584,36,38,MAE,1.0451598851390773
1585,36,40,MAE,1.5862796145015239
1586,36,38,MAE,1.6217398293963436
1587,36,40,MAE,2.2465681177191033
1588,36,40,LAE|MAE,1.3996776828085649
1589,36,38,MAE,1.5544296224004763
1590,36,38,MAE,2.1549927324557863
1591,36,38,MAE,2.2596081497325997
1592,36,38,MAE,3.877873665989421
1593,36,38,MAE,1.1248617447181752
1594,36,40,MAE,1.5945296493912173
1595,36,38,MAE,1.5264978284727493
1596,36,38,MAE,1.4815139622202789
1597,36,38,MAE,7.012560346061692
1598,36,71,LAE|MAE|SAE,7.058713662308112
1599,36,38,MAE,2.0981580145989085
1600,36,38,MAE,1.4795841466921502
1601,37,39,LAE|MAE|SAE,1.752609997593828
1602,37,40,MAE|SAE,1.7500215971761752
1603,37,59,LAE|MAE|SAE,6.78243653651388
1604,35,39,LAE,3.0494474546127486
1605,35,39,LAE,2.9677708768578253
1606,35,39,LAE,3.331944477365231
1607,36,40,LAE|MAE,1.688650334042958
1608,36,39,LAE|MAE,2.0445293085543716
1609,38,40,LAE|MAE,1.0015492587556125
1610,38,39,LAE|MAE,1.204007834216624
1611,38,39,LAE|MAE,1.4067394830227198
1612,38,40,LAE|MAE,0.9101343874558802
1613,38,45,LAE|MAE|SAE,2.795693070168105
1614,38,58,LAE|MAE|SAE,6.611851654331889
1615,38,39,LAE|MAE,0.9375373715207754
1616,38,40,LAE|MAE,1.7852007070264124
1617,38,39,LAE|MAE,0.8476004475075809
1618,38,40,LAE|MAE,1.805037311810169
1619,38,72,LAE|MAE|SAE,8.331754057595848
1620,38,39,LAE|MAE,1.3391643238832849
1621,38,39,LAE|MAE,0.8486978416185772
1622,38,45,LAE|MAE|SAE,2.4752236565741983
1623,38,39,LAE|MAE,1.0642140144117644
1624,36,60,LAE|MAE|SAE,7.353553855422099
1625,36,57,LAE|MAE|SAE,7.225325967925399
1626,36,40,MAE,4.1581589298764765
1627,36,40,MAE,3.396966701123057
1628,36,40,MAE,4.114604770042988
1629,37,40,MAE|SAE,3.0662270214162892
1630,38,40,MAE,1.0963215315650439
1631,38,42,MAE,2.1700023234014982
1632,38,40,MAE,1.1151008082441096
1633,38,40,MAE,1.2403922543029762
1634,38,75,LAE|MAE,8.723302474236268
1635,38,40,MAE,0.999088406636811
1636,38,40,MAE,1.019006491821304
1637,38,40,MAE,1.0738861775442805
1638,38,40,MAE,1.7516765390061824
1639,38,40,MAE,1.7718451379839257
1640,38,40,MAE,0.9441077963755642
1641,38,82,LAE|MAE|SAE,11.644372085862704
1642,38,40,MAE,1.1705042903733893
1643,39,40,LAE|MAE,1.2717932885323724
1644,39,40,LAE|MAE,1.3805900932343316
1645,39,44,LAE|MAE,1.8683333054014326
1646,39,40,LAE|MAE,0.8721588767150323
1647,39,40,LAE|MAE,0.7982722677178994
1648,39,40,LAE|MAE,0.8699707532466574
1649,39,40,LAE|MAE,0.8316821154921443
1650,39,40,LAE|MAE,2.233541623230011
1651,39,42,LAE|MAE,0.9898792020636281
1652,39,40,LAE|MAE,2.082670984388176
1653,39,40,LAE|MAE,1.5693511737168868
1654,39,40,LAE|MAE,3.059918008187667
1655,39,44,LAE|MAE,5.722612788663283
1656,39,40,LAE|MAE,0.7957123580128402
1657,39,40,LAE|MAE,0.8011854913740859
1658,39,43,LAE|MAE,3.283055909504933
1659,39,40,LAE|MAE,0.8273369763911244
1660,39,40,LAE|MAE,0.7952436962526009
1661,39,40,LAE|MAE,0.9338517475364881
1662,39,60,LAE|MAE|SAE,6.65869084210999
1663,39,40,LAE|MAE,0.8181080941641692
1664,39,40,LAE|MAE,0.8587384073312374
1665,39,40,LAE|MAE,0.8194316494588898
1666,39,42,LAE|MAE,2.553833251769086
1667,39,59,LAE|MAE|SAE,6.820598970480491
1668,39,40,LAE|MAE,1.385680113968362
1669,40,41,MAE|SAE,2.3407938748949015
1670,40,77,LAE|MAE|SAE,57.207265900720294
1671,40,59,LAE|MAE|SAE,6.228896765567519
1672,38,75,LAE|MAE,8.702627453575062
1673,39,42,LAE|MAE,3.291469487182524
1674,39,42,LAE|MAE,2.7519899057825365
1675,39,46,LAE|MAE|SAE,2.254639408928064
1676,39,42,LAE|MAE,2.3529599123143
1677,39,42,LAE|MAE,1.7368303132167024
1678,39,43,LAE|MAE,3.352711020094713
1679,39,43,LAE|MAE,3.694422839677275
1680,39,42,LAE|MAE,2.3452587000067306
1681,39,42,LAE|MAE,3.410071494340724
1682,39,43,LAE|MAE,1.913934165025881
1683,40,42,MAE,2.381092416761645
1684,40,42,MAE,2.1485304709323536
1685,40,44,MAE,1.372625843220842
1686,40,69,LAE|MAE|SAE,6.04390143121101
1687,40,46,LAE|MAE|SAE,6.228471461071161
1688,40,70,LAE|MAE|SAE,6.203478451942809
1689,40,42,MAE,0.8894249696329596
1690,40,42,MAE,1.5177496814293694
1691,40,73,LAE|MAE|SAE,8.132824168422003
1692,40,47,LAE|MAE|SAE,40.354327309701816
1693,40,44,LAE|MAE,2.7283834071277395
1694,40,42,MAE,2.1606679509339
1695,40,42,MAE,6.441063752808297
1696,40,42,MAE,2.1260071130827205
1697,40,42,MAE,1.3615755546562163
1698,40,50,LAE|MAE|SAE,3.2058307005340523
1699,40,64,LAE|MAE|SAE,37.13717059367047
1700,40,42,MAE,2.398599671406093
1701,40,59,LAE|MAE|SAE,6.3057454107707125
1702,40,59,LAE|MAE|SAE,6.152656734922337
1703,40,42,MAE,0.8732815720465289
1704,40,61,LAE|MAE|SAE,6.257763268767496
1705,40,42,MAE,4.723754581452463
1706,40,107,LAE|MAE|SAE,14.989867862185434
1707,40,43,LAE|MAE,1.7325361518058973
1708,41,42,MAE|SAE,2.0823100890321684
1709,41,44,MAE|SAE,2.009461710612786
1710,40,43,LAE|MAE,9.274253865864832
1711,40,43,LAE|MAE,2.6661864209203037
1712,40,43,LAE|MAE,2.315361595935569
1713,42,43,LAE|MAE,2.3308836135509585
1714,42,43,LAE|MAE,1.1697018414184037
1715,42,43,LAE|MAE,1.2074240840948565
1716,42,43,LAE|MAE,1.3994590090151957
1717,42,43,LAE|MAE,0.7259936741058163
1718,42,44,LAE|MAE,1.393630806291712
1719,42,46,LAE|MAE,2.1519726653461513
1720,42,44,LAE|MAE,1.4762329014755136
1721,42,44,LAE|MAE,2.854660694678977
1722,42,43,LAE|MAE,1.7567993697716078
1723,42,43,LAE|MAE,2.204313270359584
1724,42,45,LAE|MAE|SAE,2.380396044314708
1725,42,46,LAE|MAE|SAE,2.0263881556407557
1726,42,43,LAE|MAE,1.6343144850661842
1727,42,43,LAE|MAE,1.9155492894220616
1728,42,46,LAE|MAE,1.8385476115900354
1729,42,44,LAE|MAE,1.3372767877404703
1730,42,50,LAE|MAE,2.448307179252267
1731,42,43,LAE|MAE,1.0546910690833293
1732,42,43,LAE|MAE,0.6828653295673204
1733,42,78,LAE|MAE|SAE,7.54538016422813
1734,40,47,LAE|MAE|SAE,2.191901434495388
1735,40,58,LAE|MAE|SAE,6.184225017046511
1736,40,51,LAE|MAE|SAE,3.1748607015954025
1737,40,50,MAE|SAE,3.223482830394456
1738,40,57,LAE|MAE|SAE,6.318651453074432
1739,40,57,LAE|MAE|SAE,6.063060290045846
1740,40,54,MAE|SAE,5.7014220589500955
1741,40,44,MAE,12.839280140936967
1742,40,56,LAE|MAE|SAE,5.584980901433673
1743,42,45,MAE|SAE,1.4861588628352016
1744,42,59,LAE|MAE|SAE,5.538032394563042
1745,42,46,MAE,1.5557864752941328
1746,42,46,MAE|SAE,2.4060023873516534
1747,42,44,MAE,5.796020506559685
1748,42,48,LAE|MAE,2.564840141271251
1749,42,46,MAE,2.3600556584430326
1750,42,46,MAE|SAE,2.7723726243080975
1751,42,46,MAE,2.3489293929059656
1752,42,44,MAE,3.207926603561158
1753,42,44,MAE,1.3466725452910044
1754,42,44,MAE,1.8404074378252853
1755,42,48,MAE|SAE,2.567053558747529
1756,42,59,LAE|MAE|SAE,5.509814320517083
1757,42,49,MAE|SAE,2.6215593546830607
1758,42,44,MAE,1.3358036906865596
1759,42,44,MAE,2.332946030483477
1760,42,50,MAE|SAE,3.4664232697379638
1761,42,44,MAE,13.181553292814591
1762,42,65,LAE|MAE|SAE,46.49387738112595
1763,42,44,MAE,2.798458494657364
1764,42,44,MAE,2.0445965670569457
1765,42,44,MAE,14.786506503266656
1766,42,44,MAE,2.403207154418981
1767,42,45,MAE|SAE,2.457040607188954
1768,43,44,LAE|MAE,1.4649246191379268
1769,43,68,LAE|MAE|SAE,7.444153675425487
1770,43,45,LAE|MAE|SAE,1.5994123630012802
1771,43,45,LAE|MAE|SAE,1.347331640847665
1772,43,52,LAE|MAE|SAE,10.703918081340246
1773,43,44,LAE|MAE,0.7498938024151534
1774,43,45,LAE|MAE|SAE,3.1727977585645903
1775,43,44,LAE|MAE,0.9400467354787676
1776,43,114,LAE|MAE|SAE,14.971249824967506
1777,43,47,LAE|MAE|SAE,1.9267145792825844
1778,43,44,LAE|MAE,2.875875680613568
1779,43,44,LAE|MAE,1.467277581835519
1780,43,44,LAE|MAE,1.3472048230911555
1781,42,55,LAE|MAE|SAE,3.335422065932175
1782,42,50,MAE|SAE,2.810433254024002
1783,42,45,MAE|SAE,2.228145367823463
1784,42,45,MAE|SAE,2.3929033927606795
1785,42,46,MAE|SAE,3.0855893015783136
1786,44,45,MAE|SAE,1.1298700169825078
1787,44,45,MAE|SAE,0.7465256830427063
1788,44,45,MAE|SAE,2.9128725211838624
1789,44,45,MAE|SAE,2.0048155640773087
1790,44,45,MAE|SAE,0.822322244022774
1791,44,45,MAE|SAE,1.6993918902418848
1792,44,46,MAE|SAE,1.7297336341125913
1793,44,45,MAE|SAE,1.9259477499846196
1794,44,46,MAE|SAE,1.0879761006819755
1795,44,45,MAE|SAE,1.322235328923011
1796,44,46,MAE|SAE,1.0422524587220146
1797,44,57,LAE|MAE|SAE,5.368825411991285
1798,44,45,MAE|SAE,1.5588060404481126
1799,44,46,MAE|SAE,2.6606891921751505
1800,44,46,MAE|SAE,1.5547268835551298
1801,44,57,MAE|SAE,59.838600070074904
1802,44,45,MAE|SAE,1.225535686333204
1803,44,49,MAE|SAE,2.6015052962689853
1804,44,45,MAE|SAE,18.461400975379355
1805,44,59,LAE|MAE|SAE,5.6475231940640125
1806,44,70,LAE|MAE|SAE,5.471807713583601
1807,44,67,LAE|MAE|SAE,4.935365641117103
1808,44,46,MAE|SAE,1.5722321519938438
1809,44,45,MAE|SAE,1.4176458674448553
1810,42,46,MAE,56.23342193937574
1811,42,58,LAE|MAE|SAE,5.456490111288248
1812,42,49,MAE|SAE,2.3077902188809998
1813,42,64,LAE|MAE|SAE,5.272358802696406
1814,44,46,MAE,1.71982696355143
1815,44,46,MAE,1.7216618771286203
1816,44,57,LAE|MAE|SAE,24.105157160601966
1817,44,59,LAE|MAE|SAE,5.558717129231875
1818,44,46,MAE,1.6082696153980476
1819,44,58,LAE|MAE|SAE,5.649451876542673
1820,44,56,MAE|SAE,5.239702351016261
1821,44,48,MAE,2.385829603105874
1822,44,48,LAE|MAE,2.4530277586968783
1823,44,67,LAE|MAE|SAE,23.1055456045147
1824,44,48,MAE,1.6016402344265805
1825,44,48,LAE|MAE,2.4135605433392366
1826,44,68,LAE|MAE|SAE,4.851172440091013
1827,44,52,LAE|MAE|SAE,3.5528789603254096
1828,44,46,MAE,1.8207264751088765
1829,44,48,LAE|MAE,2.349278168305049
1830,44,70,LAE|MAE|SAE,5.423067534608335
1831,44,47,LAE|MAE,5.925458478845177
1832,44,62,LAE|MAE|SAE,47.67666875207224
1833,44,67,LAE|MAE|SAE,5.171555578275317
1834,45,50,LAE|MAE|SAE,1.6554549496959592
1835,45,46,MAE|SAE,1.6182872879978674
1836,45,46,MAE|SAE,44.05540908580807
1837,45,46,MAE|SAE,1.8272622140636812
1838,45,56,MAE|SAE,5.300791037983562
1839,45,46,MAE|SAE,1.8520885124861677
1840,45,70,LAE|MAE|SAE,39.047550858392086
1841,45,57,LAE|MAE|SAE,30.617472928741183
1842,45,49,MAE|SAE,2.4961553683902826
1843,45,46,MAE|SAE,1.4273317381125805
1844,45,46,MAE|SAE,1.5994785524674118
1845,45,95,LAE|MAE|SAE,9.812551964806834
1846,45,46,MAE|SAE,1.5023916265639101
1847,45,48,MAE|SAE,2.4718551937832287
1848,44,47,LAE|MAE,4.529970173992511
1849,46,50,LAE|MAE|SAE,2.409278338280921
1850,46,49,LAE|MAE|SAE,8.698147050179584
1851,46,48,LAE|MAE,1.3708810902947695
1852,46,49,LAE|MAE|SAE,5.5184670226516745
1853,46,50,LAE|MAE,2.3403301848066906
1854,46,48,LAE|MAE,2.31400172877027
1855,46,50,LAE|MAE,5.808642022791324
1856,46,49,LAE|MAE|SAE,2.2004519182938544
1857,46,49,LAE|MAE|SAE,4.512185194419238
1858,46,48,LAE|MAE,5.459191987497566
1859,46,49,LAE|MAE|SAE,4.919328582687912
1860,46,47,LAE|MAE,2.414551915093426
1861,46,47,LAE|MAE,1.0569862182914433
1862,44,59,LAE|MAE|SAE,57.900538013473884
1863,44,49,MAE|SAE,2.443251884281991
1864,44,58,LAE|MAE|SAE,3.8334619403329167
1865,44,53,MAE|SAE,3.640428740387548
1866,44,61,LAE|MAE|SAE,4.344916798227759
1867,44,48,MAE,2.3814736322431327
1868,44,48,MAE,2.4061124180936355
1869,44,54,MAE|SAE,37.84277786810611
1870,44,48,MAE,2.4320473688291537
1871,44,57,LAE|MAE|SAE,5.389243113959532
1872,45,49,MAE|SAE,5.473512768115483
1873,45,49,MAE|SAE,5.505156579448609
1874,45,48,MAE|SAE,26.844715854542972
1875,45,49,MAE|SAE,5.522429457238434
1876,45,48,MAE|SAE,3.550979186995328
1877,46,49,MAE|SAE,5.151127127613711
1878,46,50,MAE,4.950575981917162
1879,46,67,LAE|MAE|SAE,5.117842709128143
1880,46,49,MAE|SAE,1.9783845707466854
1881,46,49,MAE|SAE,4.376398212634761
1882,46,51,LAE|MAE|SAE,5.916948819493877
1883,46,49,MAE|SAE,4.601247368402411
1884,46,60,LAE|MAE|SAE,5.271258128319227
1885,46,49,MAE|SAE,4.824848773554131
1886,46,57,LAE|MAE|SAE,5.4586418017457845
1887,46,50,MAE|SAE,5.510915492073763
1888,46,57,LAE|MAE|SAE,23.596230054808487
1889,46,48,MAE,2.196530044075778
1890,46,49,MAE|SAE,4.643226353330037
1891,46,49,MAE|SAE,3.591983333554693
1892,46,51,LAE|MAE|SAE,2.388570453961419
1893,46,49,MAE|SAE,4.877015436680156
1894,46,49,MAE|SAE,5.117323605266612
1895,46,48,MAE,2.2687945833959153
1896,46,49,MAE|SAE,4.729915537531413
1897,46,48,MAE,2.405471530937147
1898,46,49,MAE|SAE,4.941261969216663
1899,46,49,MAE|SAE,5.400409792596826
1900,46,48,MAE,2.3326421264794854
1901,46,50,MAE|SAE,5.512336060723862
1902,46,56,MAE|SAE,5.251919473703622
1903,46,49,MAE|SAE,1.454037663091845
1904,46,49,MAE|SAE,2.398947468214437
1905,46,48,MAE,2.255802864182497
1906,46,70,LAE|MAE|SAE,5.4680555395136095
1907,46,50,MAE,5.701066950174608
1908,46,50,MAE|SAE,3.108002288341704
1909,46,49,MAE|SAE,5.6409480095779365
1910,46,48,MAE,2.2609805414384887
1911,47,66,LAE|MAE|SAE,4.12383632287427
1912,47,48,LAE|MAE,2.1084464212056355
1913,47,48,LAE|MAE,2.1160413496090706
1914,47,49,LAE|MAE|SAE,5.126128328102937
1915,47,51,LAE|MAE|SAE,5.697026205124559
1916,47,48,LAE|MAE,2.1571810450067415
1917,47,49,LAE|MAE|SAE,4.771019686462963
1918,47,48,LAE|MAE,2.249730063452058
1919,47,49,LAE|MAE|SAE,1.3606669663692217
1920,47,49,LAE|MAE|SAE,4.6920191280229675
1921,47,48,LAE|MAE,2.2209293204132896
1922,47,48,LAE|MAE,0.9161630344338786
1923,47,48,LAE|MAE,6.801014433084903
1924,47,50,LAE|MAE,2.234633923336495
1925,45,59,LAE|MAE|SAE,5.521111322841389
1926,45,73,SAE,7.38962432347444
1927,45,49,SAE,2.3420682048255257
1928,45,50,MAE|SAE,5.164929672127688
1929,46,56,LAE|MAE|SAE,5.864974703110378
1930,46,49,MAE|SAE,6.450484201184931
1931,46,60,LAE|MAE|SAE,5.537801167454015
1932,46,49,MAE|SAE,2.2300955305098995
1933,46,49,MAE|SAE,59.10392636447072
1934,46,57,LAE|MAE|SAE,3.888654389277327
1935,46,50,MAE|SAE,3.1100387887315786
1936,46,59,LAE|MAE|SAE,5.693384808216673
1937,46,61,LAE|MAE|SAE,4.844641922310683
1938,46,49,MAE|SAE,5.191605403149266
1939,46,49,MAE|SAE,6.411717585847662
1940,46,49,MAE|SAE,5.191663872062972
1941,46,105,LAE|MAE|SAE,12.307715325409879
1942,46,49,MAE|SAE,2.2822848663271067
1943,46,49,MAE|SAE,50.149366974666584
1944,46,49,MAE|SAE,5.069968693990941
1945,46,50,MAE|SAE,6.034497250065051
1946,46,67,LAE|MAE|SAE,7.669831155541253
1947,46,69,LAE|MAE|SAE,5.206948290948307
1948,46,68,LAE|MAE|SAE,5.038126171646738
1949,46,61,LAE|MAE|SAE,5.969509062403096
1950,46,49,MAE|SAE,2.423953126629256
1951,46,50,MAE|SAE,5.318270176870015
1952,48,49,MAE|SAE,5.562144871401749
1953,48,49,MAE|SAE,2.004073485396134
1954,48,51,LAE|MAE|SAE,1.4853994284046053
1955,48,50,MAE|SAE,2.0809007905509964
1956,48,51,LAE|MAE|SAE,5.478180584321234
1957,48,51,LAE|MAE|SAE,5.613047203547655
1958,48,50,MAE|SAE,5.926684387757574
1959,48,68,LAE|MAE|SAE,4.6571862647272875
1960,48,57,MAE|SAE,51.97633118304665
1961,48,61,LAE|MAE|SAE,5.574652092590184
1962,48,56,LAE|MAE|SAE,41.55445054612431
1963,48,49,MAE|SAE,23.31703671329743
1964,48,50,MAE|SAE,5.402436162419161
1965,48,49,MAE|SAE,1.7861271467903088
1966,48,49,MAE|SAE,4.64005918217637
1967,48,60,LAE|MAE|SAE,23.161266895656013
1968,48,51,LAE|MAE|SAE,2.117205555378943
1969,48,50,MAE|SAE,2.7155292034558673
1970,48,49,MAE|SAE,5.1312808306607645
1971,48,49,MAE|SAE,2.947914950640483
1972,48,49,MAE|SAE,5.586969949029759
1973,48,50,MAE|SAE,5.701319044690763
1974,48,50,MAE|SAE,4.966212763965576
1975,48,50,MAE|SAE,2.149446565309396
1976,48,61,LAE|MAE|SAE,5.12586534388521
1977,48,49,MAE|SAE,32.180053638185115
1978,48,49,MAE|SAE,1.9394638385318688
1979,48,49,MAE|SAE,2.0329836692086447
1980,48,49,MAE|SAE,5.300260384852583
1981,48,49,MAE|SAE,4.643727982839993
1982,48,49,MAE|SAE,0.9179257949093127
1983,48,49,MAE|SAE,2.179334134347444
1984,48,49,MAE|SAE,2.1065906822409044
1985,48,50,MAE|SAE,2.9525535803898553
1986,48,49,MAE|SAE,6.099095382238584
1987,48,49,MAE|SAE,2.008999823743488
1988,48,57,LAE|MAE|SAE,38.310092470015064
1989,48,49,MAE|SAE,5.202519980768832
1990,48,54,MAE|SAE,3.140309109101977
1991,48,49,MAE|SAE,4.162943893859482
1992,48,49,MAE|SAE,4.478063652165281
1993,48,50,MAE|SAE,4.779434961085525
1994,48,50,MAE|SAE,5.266722920561401
1995,48,72,LAE|MAE|SAE,4.3098547087814145
1996,48,49,MAE|SAE,4.761972270247086
1997,48,50,MAE|SAE,5.332040006050455
1998,48,50,MAE|SAE,4.7469689774918935
1999,46,50,MAE,2.3829682085071022
2000,46,71,LAE|MAE|SAE,5.26394312861546
2001,47,50,LAE|MAE,2.298683307702761
2002,48,50,MAE,2.101726247709543
2003,48,50,MAE,5.14833854621121
2004,48,66,LAE|MAE|SAE,5.221950405007713
2005,48,50,MAE,5.410424956929379
2006,48,50,MAE,2.015458888345152
2007,48,51,LAE|MAE,2.117799471003097
2008,49,50,MAE|SAE,2.028368657383709
2009,49,72,LAE|MAE|SAE,4.633473012427266
2010,49,57,MAE|SAE,30.741965707449694
2011,49,50,MAE|SAE,0.9787908896821085
2012,49,50,MAE|SAE,1.2474534013088148
2013,49,59,LAE|MAE|SAE,5.045228125950786
2014,49,54,LAE|MAE|SAE,24.124004278924822
2015,49,81,LAE|MAE|SAE,8.387357512951919
2016,49,50,MAE|SAE,0.8939860569950198
2017,49,50,MAE|SAE,1.6956992969438895
2018,49,59,LAE|MAE|SAE,58.15813994204739
2019,49,50,MAE|SAE,0.8884512818250606
2020,49,51,LAE|MAE|SAE,1.1098778208292408
2021,49,50,MAE|SAE,1.9511913814152886
2022,49,50,MAE|SAE,1.000912579971969
2023,49,62,LAE|MAE|SAE,2.63777999630214
2024,49,50,MAE|SAE,2.124211025352794
2025,49,50,MAE|SAE,2.6802807924038583
2026,49,50,MAE|SAE,1.7887873432841657
2027,49,51,LAE|MAE|SAE,5.447646212637552
2028,49,50,MAE|SAE,1.004487271083235
2029,49,66,LAE|MAE|SAE,3.8467523922042273
2030,49,54,MAE|SAE,1.8944262890556205
2031,49,60,LAE|MAE|SAE,3.7303595335654487
2032,49,50,MAE|SAE,0.9362956611721296
2033,49,50,MAE|SAE,1.8943550193007794
2034,49,50,MAE|SAE,2.0734168988589174
2035,49,50,MAE|SAE,1.5585712594731682
2036,49,101,LAE|MAE|SAE,11.874856701319425
2037,49,50,MAE|SAE,1.996170295549232
2038,49,50,MAE|SAE,4.765024482409656
2039,49,57,LAE|MAE|SAE,2.7356707571464907
2040,49,50,MAE|SAE,5.674723399449602
2041,49,70,LAE|MAE|SAE,4.950776979133218
2042,49,54,MAE|SAE,38.01197410231469
2043,49,71,LAE|MAE|SAE,4.866073154274862
2044,49,50,MAE|SAE,0.8791338964953243
2045,49,50,MAE|SAE,1.9730150273127876
2046,49,68,LAE|MAE|SAE,5.031969812974378
2047,49,66,LAE|MAE|SAE,4.325347176843889
2048,49,50,MAE|SAE,5.126990856009296
2049,49,50,MAE|SAE,0.9642993200280705
2050,49,50,MAE|SAE,1.7270137116876088
2051,49,50,MAE|SAE,0.8437905803436181
2052,49,50,MAE|SAE,1.2935876643737414
2053,49,50,MAE|SAE,0.9500333121869667
2054,48,57,LAE|MAE|SAE,53.97061459798688
2055,48,51,LAE|MAE,5.390194003916091
2056,50,56,LAE|MAE|SAE,44.151277143244975
2057,50,51,LAE|MAE,0.8336112942008491
2058,50,51,LAE|MAE,0.8292499595996319
2059,50,52,LAE|MAE,1.5903315871086812
2060,50,53,LAE|MAE|SAE,1.3050575412391283
2061,50,51,LAE|MAE,0.9071992405382993
2062,50,73,LAE|MAE|SAE,4.251856951452959
2063,50,52,LAE|MAE,1.4768385001445508
2064,48,59,LAE|MAE|SAE,5.3643700845037605
2065,48,67,LAE|MAE|SAE,12.79455370730993
2066,48,57,LAE|MAE|SAE,5.485777335880149
2067,49,52,MAE|SAE,1.9840533247734957
2068,49,92,LAE|MAE|SAE,16.28967890059311
2069,49,61,LAE|MAE|SAE,4.929292520628766
2070,49,62,LAE|MAE|SAE,37.99318353049681
2071,49,62,LAE|MAE|SAE,3.362608973824298
2072,49,58,LAE|MAE|SAE,35.9125187354916
2073,49,56,MAE|SAE,5.442977413597964
2074,49,67,LAE|MAE|SAE,5.196562575542112
2075,49,64,LAE|MAE|SAE,3.455250391390152
2076,49,59,LAE|MAE|SAE,5.33658995909939
2077,49,88,LAE|MAE|SAE,12.078615172833397
2078,49,62,LAE|MAE|SAE,4.661033856987503
2079,50,53,MAE|SAE,1.4369578927979139
2080,50,81,LAE|MAE|SAE,16.158182901826827
2081,50,54,MAE|SAE,1.6779153028607234
2082,50,59,LAE|MAE|SAE,4.729549658004312
2083,50,64,LAE|MAE|SAE,4.1020008909762815
2084,50,57,MAE|SAE,36.37539905488251
2085,50,55,LAE|MAE|SAE,2.61313109564489
2086,50,52,MAE,3.024422103508417
2087,50,58,LAE|MAE|SAE,2.3329235589849646
2088,50,54,MAE|SAE,2.53130485507617
2089,50,55,LAE|MAE|SAE,1.9659077068044875
2090,50,53,MAE|SAE,1.4680180870202102
2091,51,53,LAE|MAE|SAE,1.3547626291633548
2092,51,61,LAE|MAE|SAE,3.8792522860889163
2093,51,60,LAE|MAE|SAE,3.7692274136421724
2094,51,66,LAE|MAE|SAE,3.8784817135164453
2095,51,69,LAE|MAE|SAE,4.166594659211949
2096,49,56,MAE|SAE,4.2766932023764825
2097,49,59,LAE|MAE|SAE,3.5201816691956904
2098,49,61,LAE|MAE|SAE,3.598639627188358
2099,49,68,LAE|MAE|SAE,4.892831377396958
2100,49,69,MAE|SAE,6.812288485437981
2101,49,58,MAE|SAE,5.423550393228073
2102,49,54,MAE|SAE,3.540545588334659
2103,49,56,MAE|SAE,5.249134277052284
2104,49,89,LAE|MAE|SAE,9.444096181028813
2105,49,56,MAE|SAE,5.289916577755273
2106,49,53,SAE,2.6960569181892753
2107,49,56,LAE|MAE|SAE,3.2833702753177634
2108,49,57,LAE|MAE|SAE,5.034446069611088
2109,49,53,SAE,3.8269896901400675
2110,49,56,MAE|SAE,5.169185025205707
2111,49,53,SAE,4.371278794837417
2112,49,53,SAE,2.539125423932352
2113,49,53,SAE,3.1272160730138263
2114,50,57,MAE|SAE,55.79544813986924
2115,50,87,LAE|MAE|SAE,9.687537701194428
2116,50,59,LAE|MAE|SAE,5.237467592515972
2117,50,61,LAE|MAE|SAE,5.05081225661171
2118,50,62,LAE|MAE|SAE,5.057308255240364
2119,50,69,LAE|MAE|SAE,4.0722371043645715
2120,52,70,LAE|MAE|SAE,4.01413713566645
2121,52,67,LAE|MAE|SAE,15.280441427122987
2122,52,54,MAE|SAE,1.6163517211909932
2123,52,72,LAE|MAE|SAE,4.085636746017511
2124,52,53,MAE|SAE,0.8440410463185828
2125,52,53,MAE|SAE,1.026005939546857
2126,52,64,LAE|MAE|SAE,3.147576121195096
2127,52,59,LAE|MAE|SAE,4.389611471184604
2128,52,58,LAE|MAE|SAE,2.9976921839103157
2129,52,53,MAE|SAE,1.2133473375088148
2130,52,53,MAE|SAE,0.83318037881644
2131,52,54,MAE|SAE,0.9569188702766157
2132,52,53,MAE|SAE,1.0803893925447055
2133,52,54,MAE|SAE,1.9387689468160967
2134,52,54,MAE|SAE,1.0541310845900516
2135,52,54,MAE|SAE,1.1178874611235636
2136,52,60,LAE|MAE|SAE,4.4282120469180715
2137,52,80,LAE|MAE|SAE,5.136204405019
2138,52,54,MAE|SAE,1.2741537932529798
2139,52,57,LAE|MAE|SAE,4.062009326186671
2140,52,56,MAE|SAE,4.340767304449324
2141,52,55,LAE|MAE|SAE,1.2260642310646102
2142,52,55,LAE|MAE|SAE,2.0611557900552646
2143,52,53,MAE|SAE,1.1001355475337187
2144,52,69,LAE|MAE|SAE,3.882425031123269
2145,52,64,LAE|MAE|SAE,3.437304603278993
2146,52,54,MAE|SAE,1.0099500768943235
2147,52,54,MAE|SAE,1.581736429963031
2148,52,67,LAE|MAE|SAE,2.8397738417714344
2149,52,54,MAE|SAE,1.8685284308083798
2150,52,53,MAE|SAE,0.7539244460571883
2151,52,53,MAE|SAE,0.966619116818858
2152,52,81,LAE|MAE|SAE,6.232955724259733
2153,52,56,MAE|SAE,3.7836714400435123
2154,52,59,LAE|MAE|SAE,4.377211617104274
2155,52,70,LAE|MAE|SAE,4.359843342476172
2156,52,54,MAE|SAE,1.1895472505162368
2157,52,67,LAE|MAE|SAE,3.829400277414224
2158,52,72,LAE|MAE|SAE,3.857653390594316
2159,52,54,MAE|SAE,2.26561383406144
2160,52,53,MAE|SAE,0.7819245597177561
2161,52,53,MAE|SAE,2.1600437915116086
2162,52,66,LAE|MAE|SAE,3.800439645625387
2163,52,54,MAE|SAE,1.0597186405717245
2164,52,60,LAE|MAE|SAE,2.9280173612852485
2165,52,58,LAE|MAE|SAE,3.7158456826991535
2166,52,60,LAE|MAE|SAE,4.706895364764838
2167,52,58,MAE|SAE,3.8212417414043367
2168,52,105,LAE|MAE|SAE,15.144360659707754
2169,52,55,LAE|MAE|SAE,2.114633815673777
2170,52,77,LAE|MAE|SAE,5.541041010387566
2171,52,59,LAE|MAE|SAE,4.485256557656126
2172,52,54,MAE|SAE,1.1675371888382289
2173,52,53,MAE|SAE,1.4194839741563487
2174,52,72,LAE|MAE|SAE,4.034508903982965
2175,52,59,LAE|MAE|SAE,4.100114372994421
2176,52,58,MAE|SAE,20.4786312141432
2177,52,82,LAE|MAE|SAE,6.104414705688422
2178,52,55,LAE|MAE|SAE,21.01909086357449
2179,52,58,LAE|MAE|SAE,3.051950512855515
2180,52,62,MAE|SAE,8.060485920150645
2181,52,55,LAE|MAE|SAE,2.179014832071002
2182,52,90,LAE|MAE|SAE,7.991712865143799
2183,52,61,LAE|MAE|SAE,4.254055156354135
2184,52,55,LAE|MAE|SAE,1.830099957730345
2185,50,54,MAE,2.4343913989592396
2186,50,67,LAE|MAE|SAE,3.4922638166832956
2187,50,61,LAE|MAE|SAE,4.766643414640396
2188,51,78,LAE|MAE,8.45174550895392
2189,52,54,MAE,1.8773606145699662
2190,52,60,LAE|MAE|SAE,4.273577427537586
2191,52,54,MAE,1.1216548060313523
2192,52,54,MAE,53.2580806065346
2193,52,56,LAE|MAE,4.375553387243853
2194,52,57,LAE|MAE|SAE,4.201479162896513
2195,52,54,MAE,0.8672479049332884
2196,52,60,LAE|MAE|SAE,4.421728152405199
2197,52,69,LAE|MAE|SAE,4.278054016036664
2198,53,54,MAE|SAE,1.2685393659811004
2199,53,60,LAE|MAE|SAE,19.353935881974543
2200,53,54,MAE|SAE,0.9728461283991653
2201,53,54,MAE|SAE,1.400334101833833
2202,53,54,MAE|SAE,0.9309029396128853
2203,53,59,LAE|MAE|SAE,2.4220995205432083
2204,53,54,MAE|SAE,0.93973297183071
2205,53,54,MAE|SAE,0.8580954998923946
2206,53,54,MAE|SAE,1.314996648355732
2207,53,66,LAE|MAE|SAE,3.4002663813700003
2208,53,54,MAE|SAE,1.6116385711889187
2209,53,57,LAE|MAE|SAE,32.96353323386877
2210,53,61,LAE|MAE|SAE,4.451212816560001
2211,53,58,LAE|MAE|SAE,1.9507460843174484
2212,53,54,MAE|SAE,1.4958187405301668
2213,53,61,LAE|MAE|SAE,2.057752754210323
2214,53,59,LAE|MAE|SAE,4.474202477472966
2215,53,59,LAE|MAE|SAE,2.7094852958455915
2216,53,54,MAE|SAE,0.7975704428359942
2217,53,54,MAE|SAE,1.619838606962104
2218,53,59,LAE|MAE|SAE,4.0196786483765266
2219,53,54,MAE|SAE,1.617045859195551
2220,53,54,MAE|SAE,0.9171962066157664
2221,53,63,LAE|MAE|SAE,4.073135897737972
2222,53,56,LAE|MAE|SAE,4.330549473649769
2223,53,54,MAE|SAE,1.608513742101919
2224,53,62,LAE|MAE|SAE,3.5215015233783045
2225,53,58,MAE|SAE,4.092380786661615
2226,53,54,MAE|SAE,0.9397689119023549
2227,53,54,MAE|SAE,2.0963743981869873
2228,53,77,LAE|MAE|SAE,4.729256071193218
2229,53,54,MAE|SAE,0.6870816679458751
2230,53,56,LAE|MAE|SAE,4.099197136839166
2231,53,70,LAE|MAE|SAE,3.970060464716965
2232,53,63,LAE|MAE|SAE,3.935269416629169
2233,53,72,LAE|MAE|SAE,4.421824989264438
2234,53,59,LAE|MAE|SAE,2.6700701253627224
2235,53,54,MAE|SAE,0.7223936233147761
2236,53,57,MAE|SAE,3.8486959685283573
2237,53,54,MAE|SAE,0.8152396083932435
2238,53,98,LAE|MAE|SAE,8.303363183168344
2239,53,61,LAE|MAE|SAE,4.446254241975088
2240,53,54,MAE|SAE,4.337558974014169
2241,53,54,MAE|SAE,0.8359000193645844
2242,53,57,LAE|MAE|SAE,3.6126593280739363
2243,53,54,MAE|SAE,0.7431135547397353
2244,53,56,MAE|SAE,3.9763661620193327
2245,53,70,LAE|MAE|SAE,6.0635873317035225
2246,53,59,LAE|MAE|SAE,8.050217949957291
2247,53,54,MAE|SAE,2.2708826401310436
2248,53,65,LAE|MAE|SAE,3.4230849114797715
2249,53,54,MAE|SAE,1.164145431412055
2250,53,61,MAE|SAE,5.428050710555349
2251,53,62,LAE|MAE|SAE,4.885953951099639
2252,53,62,LAE|MAE|SAE,3.583479751600616
2253,53,64,LAE|MAE|SAE,21.692305839118617
2254,53,72,LAE|MAE|SAE,4.156005844065789
2255,53,58,MAE|SAE,3.607814873815235
2256,53,58,LAE|MAE|SAE,2.1957947452672393
2257,53,54,MAE|SAE,4.30186676671425
2258,53,58,LAE|MAE|SAE,2.8178914442870866
2259,53,65,LAE|MAE|SAE,3.602025497653596
2260,53,60,LAE|MAE|SAE,4.221567608549751
2261,53,61,LAE|MAE|SAE,3.9166645876904336
2262,53,71,LAE|MAE|SAE,6.028924120563868
2263,53,59,LAE|MAE|SAE,4.254440084046781
2264,53,57,LAE|MAE|SAE,4.625593954590189
2265,53,93,LAE|MAE|SAE,12.161572423635203
2266,53,58,LAE|MAE|SAE,4.030713049697476
2267,53,58,LAE|MAE|SAE,4.1572434377471525
2268,53,80,LAE|MAE|SAE,6.2792753508482635
2269,53,58,LAE|MAE|SAE,3.85368210644155
2270,53,55,LAE|MAE|SAE,4.504616339223529
2271,53,55,LAE|MAE|SAE,4.482630120064229
2272,53,55,LAE|MAE|SAE,2.028197521131499
2273,53,54,MAE|SAE,0.8299954909650237
2274,53,57,LAE|MAE|SAE,4.324332067121728
2275,53,61,LAE|MAE|SAE,5.864245838213036
2276,53,54,MAE|SAE,1.1745252417788838
2277,53,85,LAE|MAE|SAE,5.842438788187249
2278,53,72,LAE|MAE|SAE,5.128199865118658
2279,53,96,LAE|MAE|SAE,8.076159611928142
2280,53,73,LAE|MAE|SAE,3.914685191580389
2281,53,62,LAE|MAE|SAE,8.016826351303388
2282,53,83,LAE|MAE|SAE,5.762036283551856
2283,53,62,LAE|MAE|SAE,5.267839857551277
2284,53,63,LAE|MAE|SAE,2.8642396306394358
2285,53,58,MAE|SAE,5.186191774255115
2286,53,60,LAE|MAE|SAE,4.327008699091657
2287,53,59,LAE|MAE|SAE,5.196924440400116
2288,53,56,LAE|MAE|SAE,4.916615975630752
2289,53,59,LAE|MAE|SAE,4.160583439681032
2290,53,57,LAE|MAE|SAE,2.7502361927313452
2291,53,56,LAE|MAE|SAE,4.298038280660498
2292,53,75,LAE|MAE|SAE,6.141873616698466
2293,53,57,LAE|MAE|SAE,4.18794362981628
2294,53,61,LAE|MAE|SAE,3.6032586908792776
2295,53,59,LAE|MAE|SAE,4.362997172299504
2296,53,59,LAE|MAE|SAE,2.6458922369108224
2297,53,59,LAE|MAE|SAE,4.150438987972716
2298,53,58,LAE|MAE|SAE,4.256926064409424
2299,53,58,LAE|MAE|SAE,1.9596095077701425
2300,53,60,LAE|MAE|SAE,1.641691629892833
2301,53,82,LAE|MAE|SAE,5.572852533131717
2302,53,55,LAE|MAE|SAE,3.5491908950023667
2303,53,54,MAE|SAE,1.0177753105280434
2304,53,59,LAE|MAE|SAE,4.0010588391373805
2305,53,59,LAE|MAE|SAE,2.7314036139630806
2306,53,57,LAE|MAE|SAE,4.137481808907074
2307,53,66,LAE|MAE|SAE,4.580205900150993
2308,53,60,LAE|MAE|SAE,2.7837514037116526
2309,53,61,LAE|MAE|SAE,4.0315802747345
2310,53,55,LAE|MAE|SAE,4.290847168226694
2311,53,72,LAE|MAE|SAE,3.561539342014736
2312,53,75,LAE|MAE|SAE,5.649013446555634
2313,53,56,MAE|SAE,2.0771214828592552
2314,53,83,LAE|MAE|SAE,5.993710976401092
2315,53,54,MAE|SAE,4.056930339155188
2316,53,64,LAE|MAE|SAE,2.8362408593890547
2317,53,59,LAE|MAE|SAE,4.223601722205238
2318,53,85,LAE|MAE|SAE,6.680924638166272
2319,53,64,LAE|MAE|SAE,4.313319974053771
2320,53,89,LAE|MAE|SAE,12.516230133468468
2321,53,99,LAE|MAE|SAE,12.709505604806214
2322,53,71,LAE|MAE|SAE,6.29046480923305
2323,53,54,MAE|SAE,2.0466995847023615
2324,53,54,MAE|SAE,2.819730782013546
2325,53,58,LAE|MAE|SAE,4.284473808427366
2326,53,70,LAE|MAE|SAE,4.01285585315794
2327,51,60,LAE|MAE|SAE,5.391573711723611
2328,51,55,LAE,4.248189100534783
2329,52,61,LAE|MAE|SAE,4.486027755034062
2330,54,62,LAE|MAE|SAE,3.484076635957312
2331,54,98,LAE|MAE|SAE,14.788827768637924
2332,54,90,LAE|MAE|SAE,8.788758454264123
2333,54,57,LAE|MAE|SAE,4.1463484390351235
2334,54,61,LAE|MAE|SAE,4.2931366802920525
2335,54,58,LAE|MAE,1.5441718635846657
2336,54,56,LAE|MAE,4.1196055531552815
2337,54,56,LAE|MAE,4.310058647035559
2338,54,56,LAE|MAE,1.8804901505950433
2339,54,74,LAE|MAE|SAE,5.685837519000877
2340,54,56,LAE|MAE,1.8582830376928252
2341,54,71,LAE|MAE|SAE,6.076727777455212
2342,54,57,LAE|MAE|SAE,4.318393189686532
2343,54,59,LAE|MAE,2.166441906991502
2344,54,57,LAE|MAE|SAE,3.998746415881935
2345,54,91,LAE|MAE|SAE,12.665469540627099
2346,54,58,LAE|MAE|SAE,1.881847351364922
2347,54,73,LAE|MAE|SAE,3.688772020446468
2348,54,82,LAE|MAE|SAE,5.726112648798603
2349,54,55,LAE|MAE,23.28100253917051
2350,54,55,LAE|MAE,1.1691098578370636
2351,54,62,LAE|MAE|SAE,3.802618074464161
2352,54,72,LAE|MAE|SAE,3.982832265681177
2353,54,68,LAE|MAE|SAE,4.027319094435925
2354,54,55,LAE|MAE,1.9121880280922687
2355,54,61,LAE|MAE|SAE,4.230295838382597
2356,54,55,LAE|MAE,1.2885032242226846
2357,54,70,LAE|MAE|SAE,4.083927556963336
2358,54,55,LAE|MAE,2.7491557878209503
2359,54,94,LAE|MAE|SAE,7.557971614220833
2360,54,63,LAE|MAE|SAE,3.4789862054828258
2361,54,62,LAE|MAE|SAE,3.9332842591182646
2362,54,68,LAE|MAE|SAE,3.663372602567735
2363,54,57,LAE|MAE|SAE,3.9763551845269576
2364,54,60,LAE|MAE|SAE,4.041379906595417
2365,54,60,LAE|MAE|SAE,4.394838208882105
2366,54,68,LAE|MAE|SAE,3.770045849217738
2367,54,58,LAE|MAE|SAE,4.0795635198976345
2368,54,55,LAE|MAE,2.644073795473821
2369,54,58,LAE|MAE,3.9346889644916296
2370,54,60,LAE|MAE|SAE,3.360872776583866
2371,54,57,LAE|MAE|SAE,4.161745060760206
2372,54,66,LAE|MAE|SAE,3.5319585673313765
2373,54,57,LAE|MAE|SAE,2.620337026676142
2374,52,56,MAE,4.489227760538476
2375,52,57,MAE|SAE,2.547327475407989
2376,52,56,MAE,4.545366333097954
2377,53,56,MAE|SAE,4.4626465914560836
2378,53,56,MAE|SAE,3.475751566884769
2379,53,56,MAE|SAE,4.1459333674620025
2380,53,56,MAE|SAE,4.537430970669187
2381,53,56,MAE|SAE,3.993412332102334
2382,53,56,MAE|SAE,4.505614362811335
2383,53,56,MAE|SAE,4.416293703720019
2384,53,57,MAE|SAE,4.3372959651761
2385,53,71,LAE|MAE|SAE,6.108191866483965
2386,53,57,MAE|SAE,2.2465494747221784
2387,53,57,MAE|SAE,5.030138522650053
2388,53,56,MAE|SAE,4.238753261975042
2389,53,67,LAE|MAE|SAE,27.378192530978346
2390,53,57,MAE|SAE,4.2498500401478525
2391,53,60,LAE|MAE|SAE,3.8572293069601264
2392,53,64,MAE|SAE,4.674568785625436
2393,53,109,LAE|MAE|SAE,13.340302104220504
2394,53,76,LAE|MAE|SAE,4.297120034650591
2395,53,63,LAE|MAE|SAE,2.079874251170896
2396,53,61,LAE|MAE|SAE,7.249205238197065
2397,53,57,MAE|SAE,4.311763956452155
2398,53,58,MAE|SAE,4.376011677300334
2399,54,57,MAE|SAE,20.15275986467208
2400,54,56,MAE,1.8987017860529158
2401,54,63,LAE|MAE|SAE,3.0540402102116917
2402,54,64,MAE|SAE,3.4070803579562687
2403,54,59,LAE|MAE,2.5217098203934922
2404,54,66,LAE|MAE|SAE,3.4153777598802693
2405,54,56,MAE,4.241749935327346
2406,54,68,MAE|SAE,45.79101092357332
2407,54,57,MAE|SAE,3.558560349308076
2408,54,60,LAE|MAE,2.6530879471311644
2409,54,61,LAE|MAE|SAE,3.249803823443288
2410,54,58,MAE,4.069042911575667
2411,54,56,MAE,2.367607649017584
2412,54,67,LAE|MAE|SAE,4.219926807087559
2413,54,56,MAE,3.6513345841186307
2414,54,62,LAE|MAE,1.8349162865650661
2415,54,65,MAE|SAE,4.010453066318533
2416,54,58,MAE,7.849331056356135
2417,54,58,MAE|SAE,6.332213547307577
2418,54,56,MAE,3.9697005882147973
2419,54,58,MAE,8.956425526320293
2420,54,56,MAE,4.024015759307683
2421,54,74,LAE|MAE|SAE,4.864890703128796
2422,54,58,MAE,4.138197964237601
2423,54,95,LAE|MAE|SAE,7.689370635404736
2424,54,72,LAE|MAE|SAE,3.5740998939231114
2425,54,58,MAE,30.869108318903276
2426,54,56,MAE,3.8918983104676763
2427,54,56,MAE,4.228637011036303
2428,54,66,LAE|MAE|SAE,3.332067957502327
2429,54,56,MAE,4.195044119272407
2430,54,58,MAE,3.863853596901648
2431,55,82,LAE|MAE|SAE,5.516986036239976
2432,55,61,LAE|MAE|SAE,8.018365635071067
2433,55,72,LAE|MAE|SAE,3.5152801533334643
2434,55,56,LAE|MAE,4.017701442717065
2435,55,56,LAE|MAE,3.9147402525663386
2436,55,62,LAE|MAE|SAE,3.693434816449789
2437,55,59,LAE|MAE|SAE,4.087537336547286
2438,55,60,LAE|MAE,2.6798488697916865
2439,55,56,LAE|MAE,5.875731297683867
2440,55,60,LAE|MAE,3.2565346600371496
2441,55,81,LAE|MAE|SAE,5.435840578993986
2442,55,56,LAE|MAE,3.4937940302523276
2443,55,60,LAE|MAE|SAE,3.891243479614753
2444,55,62,LAE|MAE|SAE,4.023812323657827
2445,55,57,LAE|MAE|SAE,3.828745363613305
2446,55,98,LAE|MAE|SAE,7.431679120548873
2447,55,62,LAE|MAE|SAE,4.943260462173529
2448,55,56,LAE|MAE,3.751284510031516
2449,55,58,LAE|MAE|SAE,4.227942638241826
2450,55,64,LAE|MAE|SAE,2.7973446658607997
2451,55,57,LAE|MAE|SAE,2.3689675210878356
2452,55,64,LAE|MAE|SAE,2.1705202272813433
2453,55,56,LAE|MAE,1.8034126772985095
2454,55,56,LAE|MAE,4.258681315358894
2455,55,56,LAE|MAE,3.7705024884493907
2456,55,59,LAE|MAE|SAE,4.190157612325583
2457,55,56,LAE|MAE,1.2007443610435886
2458,55,72,LAE|MAE|SAE,4.1797891531848865
2459,55,57,LAE|MAE|SAE,3.8858019129658325
2460,55,58,LAE|MAE|SAE,4.038517186188708
2461,55,57,LAE|MAE|SAE,4.0375974784967035
2462,53,79,LAE|MAE|SAE,7.11269571956133
2463,53,84,LAE|MAE|SAE,9.602839120263631
2464,53,60,MAE|SAE,7.348302781800436
2465,53,73,LAE|MAE|SAE,27.61639470601853
2466,54,57,MAE|SAE,2.475214801438064
2467,54,59,LAE|MAE|SAE,1.6581286136011515
2468,54,95,LAE|MAE|SAE,7.6231336637579465
2469,54,57,MAE|SAE,3.3090231670333656
2470,54,57,MAE|SAE,2.7479856469118307
2471,54,57,MAE|SAE,5.3123420764129525
2472,54,68,LAE|MAE|SAE,5.2577769427378245
2473,54,58,MAE|SAE,1.5747367778843377
2474,54,85,LAE|MAE|SAE,6.7212348123836625
2475,56,59,LAE|MAE|SAE,1.1620815139949767
2476,56,57,MAE|SAE,3.940084558155463
2477,56,57,MAE|SAE,1.7491807606170056
2478,56,57,MAE|SAE,1.2397521230165027
2479,56,67,LAE|MAE|SAE,4.12499827321484
2480,56,57,MAE|SAE,3.669725157770131
2481,56,57,MAE|SAE,4.102370811238208
2482,56,57,MAE|SAE,1.788445570127817
2483,56,57,MAE|SAE,4.123295315403061
2484,56,58,MAE|SAE,2.43439187563104
2485,56,61,LAE|MAE|SAE,2.7847728620776997
2486,56,60,LAE|MAE|SAE,3.6822558620388155
2487,56,57,MAE|SAE,1.0386667441227064
2488,56,58,MAE|SAE,8.14707681193586
2489,56,68,LAE|MAE|SAE,5.650718258079074
2490,56,69,LAE|MAE|SAE,3.753967511541469
2491,56,70,LAE|MAE|SAE,3.7709444629240236
2492,56,58,MAE|SAE,3.9791281179277513
2493,56,69,LAE|MAE|SAE,4.048668193184251
2494,56,57,MAE|SAE,4.202811965668779
2495,56,57,MAE|SAE,3.765947869184784
2496,56,60,LAE|MAE|SAE,3.9594786258852928
2497,56,61,MAE|SAE,5.10557312834986
2498,56,58,MAE|SAE,2.6985421539001315
2499,56,59,LAE|MAE|SAE,2.8520788727096837
2500,56,60,LAE|MAE|SAE,2.300840322883298
2501,56,57,MAE|SAE,2.3319538854368105
2502,56,57,MAE|SAE,4.005077515580059
2503,56,60,MAE|SAE,1.668742359118475
2504,56,72,LAE|MAE|SAE,3.44314871977074
2505,56,70,LAE|MAE|SAE,3.6779302025648026
2506,56,59,LAE|MAE|SAE,1.9119036621037089
2507,56,58,MAE|SAE,4.552631812915932
2508,56,57,MAE|SAE,2.391269352073107
2509,56,57,MAE|SAE,3.712416675976129
2510,56,57,MAE|SAE,4.046355595908536
2511,56,57,MAE|SAE,4.464578950895169
2512,56,57,MAE|SAE,3.929030035594629
2513,56,72,LAE|MAE|SAE,3.432664894657993
2514,54,72,LAE|MAE|SAE,3.6819887949548695
2515,54,59,LAE|MAE,2.7599614275863806
2516,54,59,LAE|MAE,2.679788032820724
2517,55,70,LAE|MAE|SAE,57.6103670267397
2518,55,59,LAE|MAE,2.1075713403336773
2519,55,60,LAE|MAE,4.834352720473546
2520,55,59,LAE|MAE,58.071236206829944
2521,55,80,LAE|MAE|SAE,5.830713499636362
2522,55,59,LAE|MAE,3.7640504877793135
2523,55,89,LAE|MAE|SAE,12.407171667309056
2524,55,58,LAE|MAE,6.209182053791704
2525,55,58,LAE|MAE,3.884104852873482
2526,55,58,LAE|MAE,4.21808948816303
2527,55,60,LAE|MAE,4.989040420878652
2528,55,58,LAE|MAE,5.000737921641421
2529,55,58,LAE|MAE,1.788542881245336
2530,55,80,LAE|MAE|SAE,4.607873946169679
2531,56,59,LAE|MAE,2.6270138446409996
2532,56,58,MAE,1.5028898160144741
2533,56,58,MAE,4.003144617558453
2534,56,58,MAE,2.332634222445792
2535,56,58,MAE,3.718495729309873
2536,56,58,MAE,2.429203663522764
2537,56,58,MAE,3.95736014922272
2538,56,112,LAE|MAE|SAE,12.094345750164775
2539,56,58,MAE,1.565883949744258
2540,56,61,LAE|MAE|SAE,3.8547869569785265
2541,56,58,MAE,3.2031780909042125
2542,56,58,MAE,3.486603809536521
2543,56,61,LAE|MAE|SAE,4.483929642176741
2544,56,64,LAE|MAE,2.4524993731930613
2545,56,58,MAE,4.497359767386114
2546,56,58,MAE,3.7411574649847923
2547,56,58,MAE,4.209659084216485
2548,56,58,MAE,2.744122627554153
2549,56,105,LAE|MAE|SAE,8.388006392177937
2550,56,60,LAE|MAE,3.7325214085387715
2551,57,64,LAE|MAE|SAE,2.971351468262119
2552,57,58,MAE|SAE,8.322159657295938
2553,57,58,MAE|SAE,3.666899345917715
2554,57,65,LAE|MAE|SAE,3.0542120707528633
2555,57,72,LAE|MAE|SAE,3.175831055203819
2556,57,63,LAE|MAE|SAE,3.056548786179775
2557,57,68,LAE|MAE|SAE,2.816016350187355
2558,57,60,LAE|MAE|SAE,1.3090187680844896
2559,57,65,LAE|MAE|SAE,3.337587727694552
2560,57,58,MAE|SAE,3.6504942952647097
2561,57,63,LAE|MAE|SAE,2.349292001861457
2562,57,58,MAE|SAE,3.104232054195088
2563,57,59,LAE|MAE|SAE,1.533696105722116
2564,57,58,MAE|SAE,1.033115582306807
2565,57,67,LAE|MAE|SAE,3.0464466398300076
2566,57,68,LAE|MAE|SAE,3.2766219355883073
2567,57,59,LAE|MAE|SAE,3.4680976258378773
2568,57,60,MAE|SAE,1.7906240548095143
2569,57,63,LAE|MAE|SAE,1.8198770935596247
2570,57,72,LAE|MAE|SAE,3.11729579749633
2571,57,58,MAE|SAE,6.895973186421104
2572,57,60,LAE|MAE|SAE,1.2699346934151774
2573,57,58,MAE|SAE,1.0367161692047222
2574,57,58,MAE|SAE,1.0709914959036055
2575,57,58,MAE|SAE,2.717145769226287
2576,57,58,MAE|SAE,55.51954720090871
2577,57,62,LAE|MAE|SAE,1.506819653161974
2578,57,59,LAE|MAE|SAE,3.148519954126873
2579,57,59,LAE|MAE|SAE,3.7297715818528476
2580,57,58,MAE|SAE,0.9656056028834293
2581,57,63,LAE|MAE|SAE,1.5871886927795467
2582,57,58,MAE|SAE,1.0742696220088914
2583,57,58,MAE|SAE,2.2807028989228084
2584,57,58,MAE|SAE,4.0425013243438555
2585,57,64,LAE|MAE|SAE,3.4051780835352434
2586,57,62,LAE|MAE|SAE,3.9145632341337486
2587,57,58,MAE|SAE,3.320557042313437
2588,57,60,MAE|SAE,2.281890033786437
2589,55,59,LAE,4.214840015960949
2590,55,59,LAE,4.864769906441755
2591,55,66,LAE|MAE,56.015709473593276
2592,55,61,LAE|MAE|SAE,2.33219536949363
2593,55,59,LAE,4.049525328242164
2594,55,61,LAE|MAE|SAE,2.2115124180119556
2595,55,60,LAE|MAE,4.072643279760736
2596,55,59,LAE,3.867826869306072
2597,55,62,LAE|MAE,16.58230496544639
2598,55,76,LAE|MAE|SAE,7.458795510008004
2599,55,59,LAE,2.8641627696329155
2600,55,70,LAE|MAE,3.931854560019418
2601,55,75,LAE|MAE,6.903979018754141
2602,56,59,LAE|MAE,2.3864551558471425
2603,56,61,LAE|MAE|SAE,4.068227862933056
2604,56,137,LAE|MAE|SAE,17.11869479159802
2605,56,60,LAE|MAE,2.9053664724699004
2606,58,59,LAE|MAE,0.9707887842945597
2607,58,59,LAE|MAE,2.335981967694985
2608,58,60,LAE|MAE,3.231369500393862
2609,58,59,LAE|MAE,1.8000006494625138
2610,58,64,LAE|MAE|SAE,3.7130890825696894
2611,58,59,LAE|MAE,0.8936862695712654
2612,58,59,LAE|MAE,0.9060770964811431
2613,58,61,LAE|MAE|SAE,1.1148551786069694
2614,58,61,LAE|MAE|SAE,2.0152324507633304
2615,58,59,LAE|MAE,1.0143454584060236
2616,58,59,LAE|MAE,1.7184715358346205
2617,58,63,LAE|MAE,3.1186973508720883
2618,58,64,LAE|MAE,1.682884994287093
2619,58,63,LAE|MAE|SAE,2.0710804590644645
2620,58,116,LAE|MAE|SAE,25.280887138890897
2621,58,60,LAE|MAE,1.8189603673366566
2622,58,59,LAE|MAE,3.761645826109182
2623,58,61,LAE|MAE|SAE,2.0589023814083878
2624,58,61,LAE|MAE|SAE,2.720478368840544
2625,58,59,LAE|MAE,2.1195893153390704
2626,58,63,LAE|MAE,2.5228953382592536
2627,58,60,LAE|MAE,1.0063666643512323
2628,58,68,LAE|MAE|SAE,3.751281878545417
2629,58,59,LAE|MAE,1.0728791555049644
2630,58,96,LAE|MAE|SAE,7.658380367562144
2631,58,63,LAE|MAE|SAE,3.8863080627524367
2632,58,60,LAE|MAE,3.0511325440687145
2633,58,59,LAE|MAE,1.7285940682795813
2634,58,96,LAE|MAE|SAE,6.340930082625886
2635,58,59,LAE|MAE,3.672682579114296
2636,58,59,LAE|MAE,2.680499123380444
2637,58,59,LAE|MAE,2.44127325916134
2638,58,60,LAE|MAE,3.605388476450893
2639,58,59,LAE|MAE,3.387859809856149
2640,58,75,LAE|MAE|SAE,5.538985897724667
2641,58,59,LAE|MAE,3.525261287606501
2642,58,60,LAE|MAE,2.9593996407632552
2643,58,62,LAE|MAE,3.185681971782125
2644,58,59,LAE|MAE,5.1300118406974
2645,58,60,LAE|MAE,3.1841835455263823
2646,58,63,LAE|MAE,2.908407072006391
2647,58,59,LAE|MAE,0.8718866567300416
2648,58,60,LAE|MAE,2.1827994679581617
2649,56,61,MAE|SAE,3.125579314405632
2650,56,60,MAE,3.866401307162515
2651,56,80,LAE|MAE,5.86120573309713
2652,56,60,MAE,3.13298050184964
2653,57,61,MAE|SAE,3.929586285653936
2654,57,60,MAE|SAE,1.1082269030081595
2655,57,61,MAE|SAE,3.549927572709771
2656,57,60,MAE|SAE,3.9038514640236026
2657,57,80,MAE|SAE,5.3585367811962445
2658,57,70,LAE|MAE|SAE,3.5395616889575847
2659,57,61,MAE|SAE,3.4435579821036315
2660,57,67,LAE|MAE|SAE,48.781214101788784
2661,57,69,MAE|SAE,3.617735508789642
2662,57,77,MAE|SAE,6.816298842900503
2663,57,71,LAE|MAE|SAE,6.611775407953212
2664,57,60,MAE|SAE,1.3188192133311314
2665,57,61,MAE|SAE,2.272675689120273
2666,57,61,MAE|SAE,1.47965300838415
2667,58,82,LAE|MAE|SAE,7.374985670190491
2668,58,63,LAE|MAE|SAE,2.333821942336206
2669,58,61,MAE|SAE,2.0990907814987416
2670,58,63,LAE|MAE,2.878531111795786
2671,58,62,MAE,3.1815435632143703
2672,58,60,MAE,1.7182563351635312
2673,58,62,MAE,1.9488483195411497
2674,58,60,MAE,1.235896570301678
2675,58,61,MAE|SAE,2.8413094652712365
2676,59,72,LAE|MAE|SAE,2.9660729192992337
2677,59,60,LAE|MAE,2.136866674842877
2678,59,70,LAE|MAE|SAE,3.2645495595160146
2679,59,64,LAE|MAE|SAE,1.5551623848349612
2680,59,61,LAE|MAE|SAE,0.9970746035593491
2681,59,61,LAE|MAE|SAE,2.109546261297598
2682,59,61,LAE|MAE|SAE,1.1632542940893924
2683,59,63,LAE|MAE|SAE,1.0969403321111209
2684,59,61,LAE|MAE|SAE,2.7164808809582452
2685,59,60,LAE|MAE,1.6537124940095627
2686,59,61,LAE|MAE|SAE,2.037932041646449
2687,59,63,LAE|MAE|SAE,2.7535605985499445
2688,59,61,LAE|MAE|SAE,1.1656557359784407
2689,59,62,LAE|MAE,1.6083589832431346
2690,59,60,LAE|MAE,1.9114082860996122
2691,59,62,LAE|MAE,2.8223807624633057
2692,59,61,LAE|MAE|SAE,0.9712128092956425
2693,59,62,LAE|MAE|SAE,0.9997917437653474
2694,59,60,LAE|MAE,3.4466798504087244
2695,59,61,LAE|MAE|SAE,1.9224412399981963
2696,59,60,LAE|MAE,0.8636440949691718
2697,59,60,LAE|MAE,0.8487244540139871
2698,59,61,LAE|MAE|SAE,1.9507671768393557
2699,59,63,LAE|MAE|SAE,2.0335993100726855
2700,59,62,LAE|MAE|SAE,1.231282835293495
2701,59,61,LAE|MAE|SAE,1.2022098306398488
2702,59,71,LAE|MAE|SAE,2.891367353475943
2703,59,60,LAE|MAE,0.8087943517451632
2704,59,62,LAE|MAE,1.077263788110353
2705,59,60,LAE|MAE,1.0701810972143055
2706,59,61,LAE|MAE|SAE,1.096949737330504
2707,59,60,LAE|MAE,1.3370477162811558
2708,59,65,LAE|MAE|SAE,2.8954847807358073
2709,59,61,LAE|MAE|SAE,1.937869216262163
2710,59,69,LAE|MAE|SAE,3.2735079189027485
2711,59,60,LAE|MAE,0.9173962864095218
2712,59,60,LAE|MAE,0.8221703258656398
2713,59,63,LAE|MAE|SAE,2.690400873175551
2714,59,60,LAE|MAE,1.0043153757239511
2715,59,61,LAE|MAE|SAE,3.4227776617159926
2716,59,69,LAE|MAE|SAE,2.944718750966734
2717,57,88,MAE|SAE,11.906883411050186
2718,57,61,SAE,2.628935013360222
2719,57,63,LAE|MAE|SAE,1.822580373068337
2720,57,61,SAE,6.141647687991473
2721,57,61,SAE,2.984075942330483
2722,57,61,SAE,6.102829894433382
2723,57,72,LAE|MAE|SAE,2.8183954614004656
2724,57,62,MAE|SAE,1.4855980829726179
2725,57,96,LAE|MAE|SAE,7.399618586952049
2726,58,72,LAE|MAE|SAE,3.021615208265267
2727,58,81,LAE|MAE|SAE,5.51215439767168
2728,58,76,LAE|MAE|SAE,6.139835758851761
2729,58,64,MAE|SAE,4.475038726304909
2730,60,61,MAE|SAE,1.016405239604943
2731,60,62,MAE|SAE,1.123063860454744
2732,60,61,MAE|SAE,1.4035798901785475
2733,60,62,MAE|SAE,1.950280898249556
2734,60,79,LAE|MAE|SAE,3.998565236781642
2735,60,61,MAE|SAE,0.8234878592573893
2736,60,61,MAE|SAE,0.9156045917838624
2737,60,72,LAE|MAE|SAE,2.8082003581662747
2738,60,61,MAE|SAE,0.9302165591509738
2739,60,72,LAE|MAE|SAE,2.913657293164967
2740,60,65,LAE|MAE|SAE,2.5441893513330247
2741,60,62,MAE|SAE,3.3261689375851757
2742,60,63,LAE|MAE|SAE,1.8623515676878668
2743,60,61,MAE|SAE,3.0828072684175085
2744,60,72,LAE|MAE|SAE,2.847643393294887
2745,60,72,LAE|MAE|SAE,2.8462140515312235
2746,60,62,MAE|SAE,0.9637109420000981
2747,60,62,MAE|SAE,2.9771458486720728
2748,60,116,LAE|MAE|SAE,10.924122386792103
2749,60,61,MAE|SAE,1.1478630390948767
2750,60,78,LAE|MAE|SAE,5.152072837236703
2751,60,62,MAE|SAE,1.0489165485081513
2752,60,61,MAE|SAE,1.1431233321799872
2753,60,65,MAE|SAE,2.5722228283321753
2754,60,67,LAE|MAE|SAE,7.218282070729011
2755,60,62,MAE|SAE,1.2601330337721766
2756,60,65,LAE|MAE|SAE,1.8265374470726905
2757,60,75,LAE|MAE|SAE,5.0680137521049495
2758,60,65,LAE|MAE|SAE,2.766379384697714
2759,60,62,MAE|SAE,1.0362698777157546
2760,60,67,LAE|MAE|SAE,19.34708432863882
2761,60,61,MAE|SAE,0.9084813565632096
2762,60,62,MAE|SAE,1.1468109640965545
2763,60,61,MAE|SAE,0.9344260604583554
2764,60,62,MAE|SAE,2.9607318047759614
2765,58,62,MAE,4.685589437522523
2766,59,62,LAE|MAE,1.2067723518633733
2767,59,63,LAE|MAE,3.0428511548726016
2768,59,75,LAE|MAE,6.380136623310485
2769,59,63,LAE|MAE,1.9215509979911178
2770,59,62,LAE|MAE,2.6108870212737365
2771,59,63,LAE|MAE,2.155050900840986
2772,59,76,LAE|MAE|SAE,6.656174225601004
2773,59,83,LAE|MAE|SAE,5.057062998430597
2774,59,67,LAE|MAE,41.64521760651906
2775,60,62,MAE,3.066145789642603
2776,60,62,MAE,1.1282650718012217
2777,60,64,LAE|MAE,1.1497611274492634
2778,60,62,MAE,1.9794625042428822
2779,60,63,LAE|MAE,2.5185820677715145
2780,60,62,MAE,0.9848155432236876
2781,60,62,MAE,1.410731101454877
2782,60,70,LAE|MAE|SAE,3.088635669174324
2783,60,62,MAE,1.0189652976137524
2784,60,63,LAE|MAE,1.0943929460713557
2785,60,66,MAE|SAE,7.820018015973639
2786,60,72,LAE|MAE|SAE,2.9197732763126165
2787,60,62,MAE,1.8563192601477612
2788,61,62,MAE|SAE,0.8852624786819591
2789,61,62,MAE|SAE,1.2140444977433629
2790,61,72,LAE|MAE|SAE,2.7356255543941685
2791,61,64,LAE|MAE|SAE,1.8729234188802553
2792,61,62,MAE|SAE,0.905131070160627
2793,61,68,LAE|MAE|SAE,2.0013033128984925
2794,61,72,LAE|MAE|SAE,2.74298156896131
2795,61,62,MAE|SAE,0.9154551851112792
2796,61,62,MAE|SAE,0.845394967335476
2797,61,63,LAE|MAE|SAE,1.7129330948361412
2798,61,62,MAE|SAE,1.0337484765857146
2799,61,63,LAE|MAE|SAE,1.2399555470899128
2800,61,62,MAE|SAE,0.82677931516557
2801,61,68,LAE|MAE|SAE,34.091570672375084
2802,61,63,LAE|MAE|SAE,0.9362724912291018
2803,61,62,MAE|SAE,0.9805403224792612
2804,61,67,LAE|MAE|SAE,4.366429615254227
2805,61,72,LAE|MAE|SAE,2.724175383969141
2806,61,63,LAE|MAE|SAE,1.0359301636319533
2807,61,62,MAE|SAE,17.563974643349926
2808,61,62,MAE|SAE,1.3232123454939708
2809,61,65,LAE|MAE|SAE,1.7030753875618936
2810,61,62,MAE|SAE,1.1052980061992927
2811,61,66,MAE|SAE,51.376258732854176
2812,61,62,MAE|SAE,0.861989213292859
2813,61,62,MAE|SAE,0.9279290750054903
2814,61,69,LAE|MAE|SAE,2.5797668895775945
2815,61,62,MAE|SAE,0.9876829570225697
2816,61,63,LAE|MAE|SAE,3.332526552925276
2817,61,62,MAE|SAE,2.3880395193682227
2818,61,62,MAE|SAE,0.9460029049202269
2819,59,63,LAE,1.929268817819226
2820,59,63,LAE,2.6356071559596206
2821,59,63,LAE,2.390537182177345
2822,59,82,LAE|MAE|SAE,5.060001775468015
2823,60,70,LAE|MAE|SAE,16.32139220227495
2824,60,83,LAE|MAE|SAE,4.880102303070294
2825,60,70,LAE|MAE|SAE,3.0839682318422197
2826,60,63,LAE|MAE,11.558147843197023
2827,62,67,LAE|MAE,2.2502168987861615
2828,62,87,LAE|MAE|SAE,16.004652367500594
2829,62,63,LAE|MAE,1.5812828603287494
2830,62,120,LAE|MAE|SAE,19.188161441357195
2831,62,70,LAE|MAE|SAE,2.800710487761817
2832,62,69,LAE|MAE|SAE,2.3704020380939825
2833,62,64,LAE|MAE,1.2588637712007857
2834,62,65,LAE|MAE|SAE,2.878002335335207
2835,62,63,LAE|MAE,1.5800248825182603
2836,62,63,LAE|MAE,0.87860603057236
2837,62,63,LAE|MAE,1.7774144001108962
2838,62,63,LAE|MAE,1.2680132372902488
2839,62,63,LAE|MAE,0.7709116964390643
2840,62,65,LAE|MAE|SAE,42.232019705256036
2841,62,67,LAE|MAE|SAE,2.8541786253210453
2842,60,67,LAE|MAE|SAE,2.3051882682978677
2843,60,75,LAE|MAE|SAE,5.105789974508318
2844,61,68,LAE|MAE|SAE,2.4683232713480607
2845,61,65,MAE|SAE,1.820638119786787
2846,61,64,MAE|SAE,2.632179119581768
2847,61,65,MAE|SAE,2.2769535416610536
2848,61,64,MAE|SAE,2.684055570300989
2849,61,72,LAE|MAE|SAE,2.75681455085363
2850,61,64,MAE|SAE,3.119044643466789
2851,61,72,LAE|MAE|SAE,2.726401501045779
2852,61,65,MAE|SAE,2.5897376425559653
2853,61,81,MAE|SAE,4.928665374916158
2854,61,64,MAE|SAE,2.4119406823608336
2855,61,69,MAE|SAE,4.6103878216870555
2856,61,64,MAE|SAE,2.8103464188618936
2857,61,68,MAE|SAE,3.259257198372743
2858,62,68,LAE|MAE,2.407274337013858
2859,62,64,MAE,1.0555090474372806
2860,62,67,LAE|MAE|SAE,2.8562981680929687
2861,62,69,MAE|SAE,4.455332488901745
2862,62,64,MAE,0.9497713412779595
2863,62,66,MAE,2.6375015397381505
2864,63,64,LAE|MAE,1.0564805507908184
2865,63,64,LAE|MAE,51.2888474342801
2866,63,65,LAE|MAE|SAE,0.9302420145442192
2867,63,66,LAE|MAE|SAE,2.9479065102070194
2868,63,82,LAE|MAE|SAE,6.973977429461834
2869,63,64,LAE|MAE,0.9209557753405052
2870,63,100,LAE|MAE|SAE,13.896886416536908
2871,63,69,LAE|MAE|SAE,2.1020978771502676
2872,63,64,LAE|MAE,2.2302951624314193
2873,63,64,LAE|MAE,0.8901228624059626
2874,63,64,LAE|MAE,1.6377585470940696
2875,63,64,LAE|MAE,1.7175834169691602
2876,63,74,LAE|MAE,16.221359839906132
2877,63,66,LAE|MAE|SAE,1.6375866522886566
2878,63,68,LAE|MAE|SAE,2.236627841469773
2879,63,70,LAE|MAE|SAE,2.627017487163478
2880,63,64,LAE|MAE,0.7656349147320733
2881,63,68,LAE|MAE|SAE,2.6099253771914945
2882,63,65,LAE|MAE|SAE,1.4724133722006147
2883,63,70,LAE|MAE|SAE,2.432307717145491
2884,63,65,LAE|MAE|SAE,6.051649688369004
2885,63,69,LAE|MAE|SAE,2.612298357738167
2886,63,72,LAE|MAE|SAE,4.682082727201892
2887,63,70,LAE|MAE|SAE,2.2802388391489967
2888,63,64,LAE|MAE,2.8476544947534372
2889,63,66,LAE|MAE|SAE,41.57192622352504
2890,63,75,LAE|MAE|SAE,7.059963180095971
2891,63,67,LAE|MAE,1.91909173866915
2892,63,72,LAE|MAE|SAE,2.8358944312596495
2893,63,64,LAE|MAE,21.46429195888659
2894,63,69,LAE|MAE|SAE,2.2578798707592687
2895,63,72,LAE|MAE|SAE,2.4827594725505606
2896,63,77,LAE|MAE|SAE,5.504814047663473
2897,63,64,LAE|MAE,1.0495353255143869
2898,63,86,LAE|MAE|SAE,5.059703217250118
2899,63,64,LAE|MAE,1.685897027839647
2900,63,71,LAE|MAE|SAE,2.7349440352643413
2901,63,71,LAE|MAE|SAE,3.9149693256774687
2902,63,72,LAE|MAE|SAE,2.541690999618692
2903,63,70,LAE|MAE|SAE,2.193618405315482
2904,63,70,LAE|MAE|SAE,2.6623872416371324
2905,63,68,LAE|MAE|SAE,2.2196397124876275
2906,63,72,LAE|MAE|SAE,2.764331372367735
2907,63,65,LAE|MAE|SAE,2.8372111093136283
2908,63,68,LAE|MAE|SAE,2.7498341884674136
2909,63,71,LAE|MAE|SAE,2.670241615815073
2910,63,69,LAE|MAE|SAE,2.8049512342539407
2911,63,70,LAE|MAE|SAE,2.7508807421521397
2912,63,64,LAE|MAE,1.152631014373529
2913,63,66,LAE|MAE,2.8025716340368905
2914,63,64,LAE|MAE,0.9946246118358028
2915,63,64,LAE|MAE,2.080992716723562
2916,63,68,LAE|MAE,2.2132113585700512
2917,63,70,LAE|MAE|SAE,3.4667870792282347
2918,63,65,LAE|MAE|SAE,2.414555150991889
2919,63,68,LAE|MAE|SAE,2.7575692370703613
2920,63,68,LAE|MAE,2.9100151166774393
2921,63,68,LAE|MAE|SAE,2.9485034292970953
2922,63,65,LAE|MAE|SAE,1.8049254058079787
2923,63,70,LAE|MAE,14.879872088483781
2924,63,69,LAE|MAE|SAE,4.101264441943924
2925,63,70,LAE|MAE|SAE,2.782085627947247
2926,63,66,LAE|MAE|SAE,1.1029077985738922
2927,61,67,LAE|MAE|SAE,2.731946071838311
2928,62,67,LAE|MAE|SAE,32.596587592849275
2929,62,65,MAE|SAE,2.220510607371024
2930,64,71,LAE|MAE|SAE,2.5154941310233907
2931,64,68,LAE|MAE|SAE,1.3049200873047553
2932,64,69,LAE|MAE|SAE,2.7651538720257585
2933,64,67,LAE|MAE|SAE,2.6675118749953173
2934,64,65,MAE|SAE,0.8254859510934743
2935,64,70,LAE|MAE|SAE,2.4606903719727447
2936,64,65,MAE|SAE,0.985794738536476
2937,64,72,LAE|MAE|SAE,2.610835396017705
2938,64,66,MAE|SAE,2.5874552029326736
2939,64,65,MAE|SAE,0.9451825072577993
2940,64,74,LAE|MAE|SAE,3.019813345429258
2941,64,65,MAE|SAE,3.534550032305017
2942,64,72,LAE|MAE|SAE,2.9455862914159776
2943,64,69,LAE|MAE|SAE,2.8661367483226368
2944,64,71,LAE|MAE|SAE,5.353372430717172
2945,64,71,LAE|MAE|SAE,2.7149011282745517
2946,64,67,LAE|MAE|SAE,2.289961584458517
2947,64,65,MAE|SAE,0.8744703718472338
2948,64,82,LAE|MAE|SAE,4.46022053943064
2949,64,69,MAE|SAE,2.5117330651900422
2950,64,65,MAE|SAE,0.8303425158131446
2951,64,67,LAE|MAE|SAE,1.7577551734807622
2952,64,68,LAE|MAE|SAE,2.466481254726501
2953,64,66,MAE|SAE,2.0231269128358895
2954,64,65,MAE|SAE,2.7322044575382893
2955,64,65,MAE|SAE,0.8918098329793507
2956,64,65,MAE|SAE,1.3283521166685286
2957,64,65,MAE|SAE,0.8582664124704791
2958,64,71,LAE|MAE|SAE,5.544931304187343
2959,64,82,LAE|MAE|SAE,4.827846569116462
2960,64,65,MAE|SAE,2.1976620238346602
2961,64,68,LAE|MAE|SAE,2.4299538016832254
2962,64,67,LAE|MAE|SAE,5.898121100057586
2963,64,70,LAE|MAE|SAE,4.190142188199662
2964,64,65,MAE|SAE,2.3906200278531826
2965,64,66,MAE|SAE,1.536616349303974
2966,64,66,MAE|SAE,2.5023666077455125
2967,64,67,LAE|MAE|SAE,2.35631588414586
2968,64,71,LAE|MAE|SAE,2.5068350468215006
2969,64,81,LAE|MAE|SAE,5.439888487552111
2970,64,66,MAE|SAE,2.2919352177256735
2971,64,66,MAE|SAE,2.54124894675574
2972,64,67,LAE|MAE|SAE,2.4157732645629553
2973,64,72,LAE|MAE|SAE,5.579709843550405
2974,64,67,LAE|MAE|SAE,2.8090206561169295
2975,64,70,MAE|SAE,4.667161723654319
2976,64,66,MAE|SAE,2.130147637071471
2977,64,83,LAE|MAE|SAE,4.368720995806788
2978,64,70,LAE|MAE|SAE,2.6856008029814156
2979,64,68,LAE|MAE|SAE,2.2875310368354342
2980,64,75,LAE|MAE|SAE,7.779513918741769
2981,64,65,MAE|SAE,1.0990746623621463
2982,64,84,LAE|MAE|SAE,8.306488632073373
2983,64,65,MAE|SAE,2.771149931870834
2984,64,68,LAE|MAE|SAE,2.5396262776218883
2985,64,72,LAE|MAE|SAE,2.396449642114085
2986,64,66,MAE|SAE,1.1719917053731113
2987,64,66,MAE|SAE,2.740054971893192
2988,64,65,MAE|SAE,1.3947214401981285
2989,64,71,LAE|MAE|SAE,5.383668607582884
2990,64,68,MAE|SAE,2.5403258857097653
2991,64,65,MAE|SAE,1.9868383599716337
2992,64,68,LAE|MAE|SAE,6.025117471359662
2993,64,66,MAE|SAE,2.005550745356837
2994,64,67,LAE|MAE|SAE,2.75195676243271
2995,64,65,MAE|SAE,1.505293668958458
2996,64,78,LAE|MAE|SAE,5.565404211985587
2997,64,74,LAE|MAE|SAE,5.172059033465002
2998,64,70,LAE|MAE|SAE,2.240394934097705
2999,64,65,MAE|SAE,0.8772291249601623
3000,62,70,MAE,2.8683554044427
3001,63,70,LAE|MAE,2.9136748432562123
3002,63,66,LAE|MAE,2.694652390811918
3003,63,71,LAE|MAE,4.651856902064343
3004,63,69,LAE|MAE|SAE,2.278315085243056
3005,63,67,LAE|MAE,3.200170696156656
3006,63,71,LAE|MAE,2.5939302636481214
3007,63,69,LAE|MAE|SAE,4.5788192074527885
3008,63,66,LAE|MAE,3.9872306083379883
3009,64,66,MAE,4.772115058178844
3010,64,66,MAE,2.066851133226114
3011,64,66,MAE,3.8958685210969057
3012,64,66,MAE,2.781340275086905
3013,64,66,MAE,2.6578203689603423
3014,64,66,MAE,3.187793985270041
3015,64,67,LAE|MAE,2.543227494434875
3016,64,78,LAE|MAE|SAE,6.281934347789825
3017,64,72,LAE|MAE|SAE,2.429579101037242
3018,64,72,LAE|MAE|SAE,4.5089538115429955
3019,64,67,LAE|MAE,2.658648182673466
3020,64,67,LAE|MAE,1.96871427167734
3021,64,66,MAE,2.3839291043004165
3022,65,70,LAE|MAE|SAE,1.9265466000670843
3023,65,66,MAE|SAE,0.8686372921081482
3024,65,81,LAE|MAE|SAE,4.110656067510826
3025,65,66,MAE|SAE,2.517062189750799
3026,65,66,MAE|SAE,2.009025405483427
3027,65,66,MAE|SAE,1.6445491186052648
3028,65,70,LAE|MAE|SAE,1.9546812484770162
3029,65,72,LAE|MAE|SAE,5.602571668679562
3030,65,69,LAE|MAE|SAE,2.2174330625687713
3031,65,67,LAE|MAE|SAE,2.4509681055913815
3032,65,71,LAE|MAE|SAE,2.0054574301928056
3033,65,73,LAE|MAE|SAE,2.2609690747172104
3034,65,67,LAE|MAE|SAE,2.6629750985340355
3035,65,68,LAE|MAE|SAE,2.4350076739228093
3036,65,67,LAE|MAE|SAE,1.1105287605222713
3037,65,70,MAE|SAE,4.263894007118542
3038,65,68,LAE|MAE|SAE,2.767279226498203
3039,65,66,MAE|SAE,2.6774148792788943
3040,65,74,LAE|MAE|SAE,4.826667755380567
3041,65,67,LAE|MAE|SAE,4.323965513864819
3042,65,68,MAE|SAE,1.9600664004177781
3043,65,74,LAE|MAE|SAE,2.7539080711340955
3044,65,67,LAE|MAE|SAE,2.607939096479169
3045,65,66,MAE|SAE,0.9520147990475955
3046,65,67,LAE|MAE|SAE,1.3045356103221935
3047,65,66,MAE|SAE,0.8531246542054278
3048,65,68,LAE|MAE|SAE,2.401960819213132
3049,65,69,MAE|SAE,2.312328822965012
3050,65,66,MAE|SAE,2.0189299866548045
3051,65,77,LAE|MAE|SAE,5.5144833960329
3052,65,71,LAE|MAE|SAE,5.154210913039744
3053,65,69,LAE|MAE|SAE,2.0559884514974
3054,65,68,MAE|SAE,1.1520553822571573
3055,65,66,MAE|SAE,3.3943647456105746
3056,65,69,LAE|MAE|SAE,2.815137622560601
3057,65,74,LAE|MAE|SAE,5.1148491286915085
3058,63,74,LAE|MAE,3.52193225314413
3059,63,70,LAE|MAE,2.0802351339163616
3060,64,67,LAE|MAE,2.4999814900644264
3061,64,69,LAE|MAE|SAE,3.803008260662795
3062,64,67,LAE|MAE,2.578738625184659
3063,64,75,LAE|MAE|SAE,5.706904863968539
3064,66,98,LAE|MAE|SAE,16.76663169323608
3065,66,69,LAE|MAE|SAE,2.024248730271831
3066,66,68,LAE|MAE,1.8304788156424343
3067,66,67,LAE|MAE,1.6409650386414179
3068,66,71,LAE|MAE|SAE,1.8125748911592237
3069,66,68,LAE|MAE,1.3035431373253494
3070,66,67,LAE|MAE,2.3604163065488133
3071,66,67,LAE|MAE,1.8169519666266896
3072,66,74,LAE|MAE|SAE,3.5438724086794826
3073,66,75,LAE|MAE,5.2652117658718245
3074,66,69,LAE|MAE|SAE,2.990451495574182
3075,66,67,LAE|MAE,3.494591809960963
3076,66,67,LAE|MAE,1.2453499271253041
3077,66,68,LAE|MAE,2.3735848382538656
3078,66,67,LAE|MAE,2.0064936467526633
3079,66,72,LAE|MAE|SAE,2.144856592856594
3080,66,67,LAE|MAE,2.5128874012525784
3081,66,68,LAE|MAE,2.202210805190092
3082,66,67,LAE|MAE,2.483311634592283
3083,66,70,LAE|MAE|SAE,1.8526160169251067
3084,66,82,LAE|MAE|SAE,7.443223391904194
3085,66,67,LAE|MAE,0.7773542224382531
3086,66,71,LAE|MAE|SAE,3.5588442294352918
3087,66,71,LAE|MAE,2.5517668356261543
3088,66,68,LAE|MAE,2.5496177293140003
3089,66,72,LAE|MAE|SAE,2.5808728415838362
3090,66,67,LAE|MAE,1.1684984449398415
3091,66,67,LAE|MAE,2.563022433095462
3092,66,67,LAE|MAE,2.475106870653523
3093,66,67,LAE|MAE,1.7535683928551167
3094,66,67,LAE|MAE,2.544428357619687
3095,66,68,LAE|MAE,2.515756440885555
3096,66,70,LAE|MAE|SAE,3.8483658219322545
3097,66,71,LAE|MAE|SAE,5.146032932383223
3098,66,67,LAE|MAE,2.4702545071131263
3099,66,71,LAE|MAE|SAE,2.5237487491028396
3100,64,71,LAE|MAE|SAE,5.312537355381759
3101,64,72,LAE|MAE|SAE,2.240381607970552
3102,65,72,MAE|SAE,4.408672414697462
3103,65,72,LAE|MAE|SAE,1.845740518756541
3104,65,108,LAE|MAE|SAE,13.391296480410048
3105,65,72,MAE|SAE,2.4282013954714543
3106,65,114,MAE|SAE,10.268456588055946
3107,65,84,LAE|MAE|SAE,4.662889708653906
3108,65,70,MAE|SAE,5.246454205344499
3109,65,76,MAE|SAE,5.502349179532829
3110,65,69,MAE|SAE,5.425480603781977
3111,65,72,MAE|SAE,2.263405675218698
3112,65,71,LAE|MAE|SAE,2.251809646107927
3113,65,69,MAE|SAE,2.5392481068274164
3114,65,75,LAE|MAE|SAE,2.7995188785014
3115,65,71,LAE|MAE|SAE,1.9396792000238214
3116,65,80,LAE|MAE|SAE,6.322998812237774
3117,65,71,LAE|MAE|SAE,5.417944268165162
3118,65,73,LAE|MAE|SAE,5.58026593139335
3119,66,68,MAE,2.5253537548465204
3120,66,68,MAE,2.4736147760101974
3121,66,76,LAE|MAE|SAE,4.951097287047793
3122,66,70,MAE|SAE,3.852060081743443
3123,66,68,MAE,47.05933479878584
3124,66,71,LAE|MAE,2.431854740533427
3125,66,71,LAE|MAE|SAE,1.8619577888744772
3126,66,68,MAE,2.498933589219126
3127,66,73,MAE|SAE,4.620834713607426
3128,66,68,MAE,2.2744974277704864
3129,66,71,LAE|MAE|SAE,2.5887704509053986
3130,67,69,LAE|MAE|SAE,1.932433214577212
3131,67,71,LAE|MAE|SAE,1.7634807130724561
3132,67,70,LAE|MAE|SAE,2.354479618566754
3133,67,78,LAE|MAE|SAE,5.378840846269889
3134,67,68,LAE|MAE,1.5690450774237887
3135,67,69,LAE|MAE|SAE,2.310229313006938
3136,67,70,LAE|MAE|SAE,2.4833988304277246
3137,67,72,LAE|MAE|SAE,1.8932737808320248
3138,67,69,LAE|MAE|SAE,1.0936070190075715
3139,67,71,LAE|MAE|SAE,2.0579311558949094
3140,67,69,LAE|MAE|SAE,1.986359353488314
3141,67,71,LAE|MAE,2.313583463228536
3142,67,68,LAE|MAE,2.2499659598244968
3143,67,72,LAE|MAE|SAE,2.3143077969673707
3144,67,68,LAE|MAE,1.0674275497636103
3145,67,68,LAE|MAE,2.26994735345502
3146,67,70,LAE|MAE|SAE,2.2588868071327233
3147,67,72,LAE|MAE|SAE,1.8365756659746963
3148,67,68,LAE|MAE,2.01961475454377
3149,67,70,LAE|MAE,1.852426282409454
3150,67,70,LAE|MAE|SAE,2.030856981087848
3151,67,71,LAE|MAE|SAE,3.8633255993212323
3152,67,68,LAE|MAE,4.142298043517034
3153,67,68,LAE|MAE,2.198535472023402
3154,67,69,LAE|MAE|SAE,1.9752108960816552
3155,67,69,LAE|MAE|SAE,2.114677945191872
3156,67,69,LAE|MAE|SAE,4.133209536550279
3157,67,72,LAE|MAE|SAE,2.642559610157962
3158,67,71,LAE|MAE|SAE,2.270812450146773
3159,67,68,LAE|MAE,1.056320381507673
3160,67,70,LAE|MAE|SAE,2.5098957250223375
3161,67,68,LAE|MAE,2.201452747326302
3162,67,71,LAE|MAE|SAE,1.4322102692372174
3163,67,69,LAE|MAE|SAE,1.2324796333218426
3164,67,71,LAE|MAE|SAE,1.8410801434038533
3165,65,77,MAE|SAE,2.9585163136816943
3166,65,73,MAE|SAE,3.727561209568862
3167,65,76,LAE|MAE|SAE,8.592485242278162
3168,65,76,LAE|MAE|SAE,3.013068726832193
3169,65,75,LAE|MAE|SAE,3.03412286592219
3170,65,76,LAE|MAE|SAE,5.66603332534365
3171,66,69,MAE|SAE,1.9622254220676856
3172,66,69,MAE|SAE,1.864073806006095
3173,66,73,MAE|SAE,3.7586983277258823
3174,66,73,MAE|SAE,3.314375872453134
3175,66,82,LAE|MAE|SAE,4.387596649228393
3176,66,126,LAE|MAE|SAE,18.712885395818383
3177,68,72,LAE|MAE|SAE,31.486848256332774
3178,68,69,MAE|SAE,1.6116172336799963
3179,68,70,MAE|SAE,1.4035550450936973
3180,68,70,MAE|SAE,50.96737038720126
3181,68,70,MAE|SAE,1.6741476202609298
3182,68,69,MAE|SAE,1.4611607461990617
3183,68,70,MAE|SAE,1.5745738157700577
3184,68,69,MAE|SAE,1.546109561939973
3185,68,71,LAE|MAE|SAE,1.874239161953202
3186,68,69,MAE|SAE,2.270085126886653
3187,68,69,MAE|SAE,0.9995490748790706
3188,68,73,LAE|MAE|SAE,1.8069298189523908
3189,68,72,LAE|MAE|SAE,1.7559854074379677
3190,68,74,LAE|MAE|SAE,2.6127576590043198
3191,68,70,MAE|SAE,1.8403593239456293
3192,68,71,LAE|MAE|SAE,2.115458909593994
3193,68,83,LAE|MAE|SAE,3.8174634796719285
3194,68,72,LAE|MAE|SAE,1.886154061031757
3195,68,69,MAE|SAE,2.1047337168436964
3196,68,69,MAE|SAE,1.061160636807273
3197,68,69,MAE|SAE,1.518936637839082
3198,68,114,LAE|MAE|SAE,9.172019187238872
3199,68,70,MAE|SAE,1.613971147166324
3200,68,84,LAE|MAE|SAE,3.961374319350108
3201,68,70,MAE|SAE,1.577730131249621
3202,68,70,MAE|SAE,3.841695990245612
3203,68,71,LAE|MAE|SAE,8.256475526329943
3204,68,70,MAE|SAE,1.1922129843890985
3205,68,70,MAE|SAE,1.591858777132831
3206,68,71,LAE|MAE|SAE,2.350829760341512
3207,68,76,LAE|MAE|SAE,4.741856324416607
3208,68,71,LAE|MAE|SAE,1.954099902979894
3209,68,76,LAE|MAE|SAE,3.6102467370863778
3210,68,70,MAE|SAE,2.119634962876791
3211,68,69,MAE|SAE,1.18616343458539
3212,68,69,MAE|SAE,2.220850084178408
3213,68,73,LAE|MAE|SAE,2.5790834733395016
3214,68,72,LAE|MAE|SAE,1.8118904967071194
3215,68,74,MAE|SAE,2.277668941003871
3216,68,70,MAE|SAE,1.8974909191962726
3217,68,71,LAE|MAE|SAE,1.4568157061891178
3218,68,70,MAE|SAE,1.9906505300340898
3219,68,72,LAE|MAE|SAE,3.983873282824321
3220,68,71,LAE|MAE|SAE,1.6104513042962427
3221,68,69,MAE|SAE,1.9565617718555053
3222,68,71,LAE|MAE|SAE,5.014463848085533
3223,68,75,LAE|MAE|SAE,2.443422411517836
3224,68,70,MAE|SAE,2.0228134329547216
3225,68,69,MAE|SAE,2.0617846645069045
3226,68,71,LAE|MAE|SAE,3.9182237082462663
3227,68,69,MAE|SAE,2.122341358107577
3228,68,69,MAE|SAE,2.2004954083747075
3229,68,69,MAE|SAE,1.9969378130221527
3230,68,70,MAE|SAE,2.4720790455640858
3231,68,70,MAE|SAE,5.148557506990105
3232,68,76,LAE|MAE|SAE,4.87725586268171
3233,68,71,LAE|MAE|SAE,1.5655664092038266
3234,68,69,MAE|SAE,1.6018302357597454
3235,68,69,MAE|SAE,1.9733690902593597
3236,66,77,LAE|MAE|SAE,4.735232361680396
3237,67,71,LAE|MAE,1.8640611419780082
3238,67,71,LAE|MAE,3.9341283324121754
3239,67,76,LAE|MAE|SAE,3.47776793876854
3240,67,71,LAE|MAE,3.4060388536930843
3241,67,70,LAE|MAE,18.814564920205736
3242,67,106,LAE|MAE,11.937819834035716
3243,67,74,LAE|MAE,5.148569367427283
3244,67,81,LAE|MAE|SAE,7.211164188039925
3245,67,75,LAE|MAE,5.535991948413376
3246,67,110,LAE|MAE,9.335699656755391
3247,67,71,LAE|MAE,5.2505140382225335
3248,67,97,LAE|MAE|SAE,6.403487063407327
3249,68,73,LAE|MAE|SAE,2.2044599162048364
3250,68,70,MAE,1.8914480055705438
3251,68,72,LAE|MAE,1.9179860537484172
3252,68,77,LAE|MAE|SAE,5.037293254095477
3253,68,70,MAE,2.4471569843709995
3254,68,71,LAE|MAE,2.1014010307434594
3255,68,70,MAE,4.269077725609417
3256,68,81,LAE|MAE|SAE,3.585705111813798
3257,68,70,MAE,1.8976285312547274
3258,68,71,LAE|MAE,1.7147731361857614
3259,68,114,LAE|MAE|SAE,10.334191622016759
3260,68,74,LAE|MAE|SAE,2.258879954779057
3261,68,78,LAE|MAE|SAE,4.824322395921408
3262,68,70,MAE,1.0474834194625342
3263,68,73,MAE|SAE,3.0098098811082323
3264,69,71,LAE|MAE|SAE,1.4893575840506748
3265,69,72,LAE|MAE|SAE,1.9180686576372743
3266,69,71,LAE|MAE|SAE,1.2187638422033162
3267,69,70,MAE|SAE,2.129362039528751
3268,69,95,LAE|MAE|SAE,38.197525972696354
3269,69,81,LAE|MAE|SAE,3.5044824396835574
3270,69,76,LAE|MAE|SAE,2.7725155512173236
3271,69,70,MAE|SAE,2.6156241867162993
3272,69,70,MAE|SAE,1.0894935952306026
3273,69,74,LAE|MAE|SAE,2.3011622219617993
3274,69,70,MAE|SAE,1.400346856498109
3275,69,71,LAE|MAE|SAE,2.146781718683653
3276,69,70,MAE|SAE,1.5709184504922789
3277,69,71,LAE|MAE|SAE,0.9420751083588302
3278,69,70,MAE|SAE,1.8279859686703672
3279,69,70,MAE|SAE,0.9925322666731484
3280,69,72,LAE|MAE|SAE,4.033534381568136
3281,69,79,LAE|MAE|SAE,4.463607524976455
3282,69,75,LAE|MAE|SAE,4.785057925335683
3283,69,77,LAE|MAE|SAE,3.790691032872602
3284,69,71,LAE|MAE|SAE,2.6033910387293475
3285,69,70,MAE|SAE,1.269816505481152
3286,69,72,MAE|SAE,2.1355896786944983
3287,69,70,MAE|SAE,2.2615738174645283
3288,69,71,LAE|MAE|SAE,2.0264185767837044
3289,69,81,LAE|MAE|SAE,3.7744259220003764
3290,69,70,MAE|SAE,1.9907872200139642
3291,69,74,MAE|SAE,14.884329073436247
3292,69,96,MAE|SAE,5.955325963906834
3293,69,70,MAE|SAE,1.814007276286792
3294,69,71,LAE|MAE|SAE,3.9353535256205046
3295,69,85,LAE|MAE|SAE,16.464711291583814
3296,69,80,LAE|MAE|SAE,4.5973328104342706
3297,69,77,LAE|MAE|SAE,3.8689430664168007
3298,69,72,LAE|MAE|SAE,4.744986824242629
3299,69,72,LAE|MAE|SAE,1.7293305136997323
3300,69,70,MAE|SAE,1.8670424391765155
3301,69,70,MAE|SAE,0.8820660754692226
3302,69,106,LAE|MAE|SAE,10.10997610556264
3303,69,71,LAE|MAE|SAE,1.308860157629661
3304,69,73,MAE|SAE,4.230140810258193
3305,69,71,LAE|MAE|SAE,2.0761665446412323
3306,69,72,LAE|MAE|SAE,2.3759602265981417
3307,69,72,LAE|MAE|SAE,1.533013273213913
3308,69,73,LAE|MAE|SAE,1.534489202171032
3309,69,74,LAE|MAE|SAE,2.3852572050778664
3310,69,70,MAE|SAE,4.138269451572832
3311,69,72,LAE|MAE|SAE,1.7261201879589898
3312,67,72,LAE|MAE,35.05362344743977
3313,67,71,LAE,25.986833260700656
3314,67,71,LAE,4.370102516697885
3315,68,71,LAE|MAE,1.6205925704117232
3316,68,82,LAE|MAE|SAE,4.753795349370148
3317,68,71,LAE|MAE,3.5257881768170565
3318,68,98,LAE|MAE|SAE,6.098203007605064
3319,70,82,LAE|MAE|SAE,2.953675257097508
3320,70,73,LAE|MAE|SAE,1.5092721381592014
3321,70,71,LAE|MAE,1.2334598529831158
3322,70,82,LAE|MAE|SAE,4.351831382490779
3323,70,72,LAE|MAE,1.855986218404841
3324,70,73,LAE|MAE|SAE,2.0022484179855993
3325,70,74,LAE|MAE|SAE,2.2221724057269854
3326,70,78,LAE|MAE|SAE,4.416413279288308
3327,70,71,LAE|MAE,2.145294602841078
3328,70,71,LAE|MAE,1.888998063843181
3329,70,72,LAE|MAE,2.4198958251823894
3330,70,72,LAE|MAE,1.3092440062483601
3331,70,73,LAE|MAE|SAE,1.993637205807677
3332,70,77,LAE|MAE|SAE,2.928878013706517
3333,70,73,LAE|MAE|SAE,1.8318544408171542
3334,70,71,LAE|MAE,1.5666787473519563
3335,70,71,LAE|MAE,1.3393282379957476
3336,70,81,LAE|MAE|SAE,3.4125555653226325
3337,70,76,LAE|MAE|SAE,15.54047814018895
3338,70,71,LAE|MAE,1.5865063008197149
3339,70,71,LAE|MAE,1.0344586188787137
3340,70,76,LAE|MAE|SAE,2.54480300234958
3341,70,72,LAE|MAE,1.8540058201010383
3342,70,77,LAE|MAE|SAE,4.857964617803786
3343,70,71,LAE|MAE,0.9091201532283169
3344,70,75,LAE|MAE|SAE,2.383085249685578
3345,70,71,LAE|MAE,7.62446253866661
3346,70,71,LAE|MAE,3.777135048407077
3347,70,76,LAE|MAE|SAE,4.351986073468083
3348,70,72,LAE|MAE,1.3395464905074448
3349,70,71,LAE|MAE,4.367027289644999
3350,70,72,LAE|MAE,0.9224502769374098
3351,70,71,LAE|MAE,2.0642039885465833
3352,70,71,LAE|MAE,3.1968473651695875
3353,70,73,LAE|MAE|SAE,2.0406305970712038
3354,70,71,LAE|MAE,1.3025041508237436
3355,70,72,LAE|MAE,1.5729355704538535
3356,70,71,LAE|MAE,3.622011329601694
3357,70,71,LAE|MAE,2.269461116254184
3358,70,95,LAE|MAE|SAE,16.90052009357335
3359,70,72,LAE|MAE,5.825409191398101
3360,70,71,LAE|MAE,1.16806671579639
3361,70,73,LAE|MAE|SAE,1.9894178148774704
3362,70,80,LAE|MAE,4.569969199471551
3363,70,71,LAE|MAE,1.0037862194514857
3364,68,74,MAE|SAE,22.75238682140606
3365,68,72,MAE,2.2538347571436748
3366,68,75,LAE|MAE|SAE,14.806978025554182
3367,68,72,MAE,4.507839955047197
3368,68,74,MAE|SAE,2.234598821965175
3369,68,82,MAE|SAE,5.725486458658399
3370,68,88,LAE|MAE|SAE,6.399032009658962
3371,69,73,MAE|SAE,16.764967189643325
3372,69,72,MAE|SAE,4.299828254088181
3373,69,72,MAE|SAE,2.365591828704917
3374,69,74,MAE|SAE,4.600079768428452
3375,69,76,MAE|SAE,4.971253812284833
3376,69,72,MAE|SAE,1.667267058905824
3377,69,74,MAE|SAE,2.459987116576821
3378,69,72,MAE|SAE,1.7277677071450084
3379,69,73,MAE|SAE,3.864892399660681
3380,69,72,MAE|SAE,2.2223939675139777
3381,69,72,MAE|SAE,2.4243960565720464
3382,70,72,MAE,1.2893725160033747
3383,70,73,MAE|SAE,5.848271670652081
3384,70,72,MAE,4.037096892191211
3385,70,82,LAE|MAE|SAE,4.938614329335373
3386,70,96,LAE|MAE|SAE,7.744156823529401
3387,70,72,MAE,2.029391852182958
3388,70,72,MAE,1.2659022182776798
3389,70,83,LAE|MAE|SAE,3.5399884492409424
3390,70,78,LAE|MAE|SAE,2.8671653504524355
3391,70,80,MAE|SAE,8.192661983603443
3392,70,78,LAE|MAE|SAE,5.627767971925803
3393,70,74,MAE,2.793642528052283
3394,70,78,LAE|MAE|SAE,2.2751414402297367
3395,70,73,MAE|SAE,18.686914469298852
3396,70,72,MAE,2.164944993950064
3397,71,72,LAE|MAE,1.0334434029485475
3398,71,89,LAE|MAE|SAE,5.872365392231127
3399,71,74,LAE|MAE|SAE,1.828332183997392
3400,71,72,LAE|MAE,1.2788418864312932
3401,71,72,LAE|MAE,0.9716932084256708
3402,71,72,LAE|MAE,1.29436173188478
3403,71,75,LAE|MAE|SAE,2.031405262020809
3404,71,81,LAE|MAE|SAE,2.158835964491351
3405,71,72,LAE|MAE,2.9857417311432415
3406,71,72,LAE|MAE,0.8322118074792122
3407,71,72,LAE|MAE,1.3606983570854594
3408,71,73,LAE|MAE|SAE,1.1776796027478753
3409,71,80,LAE|MAE|SAE,2.449110287924608
3410,71,72,LAE|MAE,1.0504480544472488
3411,71,73,LAE|MAE|SAE,3.3127621472377453
3412,71,76,LAE|MAE|SAE,2.0345769742454496
3413,71,72,LAE|MAE,1.8506455887325823
3414,71,72,LAE|MAE,1.2703288063620928
3415,71,73,LAE|MAE|SAE,2.0383132270860402
3416,71,75,LAE|MAE|SAE,2.5278541570008373
3417,71,72,LAE|MAE,1.4515729894592713
3418,71,72,LAE|MAE,1.2624028933377351
3419,71,72,LAE|MAE,1.7311445514848045
3420,71,78,LAE|MAE|SAE,2.798092950049816
3421,71,75,LAE|MAE|SAE,2.67398989719552
3422,71,74,LAE|MAE|SAE,2.139249003291438
3423,71,75,LAE|MAE|SAE,2.3762642236597777
3424,71,86,LAE|MAE|SAE,4.471150919928267
3425,71,72,LAE|MAE,1.1287925904242941
3426,71,72,LAE|MAE,2.1364517210497516
3427,71,72,LAE|MAE,1.7017690743038907
3428,71,76,LAE|MAE|SAE,4.14434160107864
3429,71,77,LAE|MAE|SAE,5.058025216681662
3430,71,76,LAE|MAE,2.227382000031319
3431,71,72,LAE|MAE,1.3758524170289876
3432,71,77,LAE|MAE|SAE,1.844603872697201
3433,71,81,LAE|MAE|SAE,19.628074913619876
3434,71,72,LAE|MAE,1.4243140595380952
3435,71,74,LAE|MAE|SAE,3.603327718996492
3436,71,77,LAE|MAE|SAE,2.1703932075205463
3437,69,77,SAE,3.8258724109461744
3438,69,76,MAE|SAE,3.860234571299398
3439,69,75,LAE|MAE|SAE,8.925970882496276
3440,69,73,SAE,2.91532905264204
3441,69,86,LAE|MAE|SAE,7.920634007265904
3442,69,73,SAE,7.489685962391415
3443,69,73,SAE,6.740573840699012
3444,69,74,MAE|SAE,2.1901235285856737
3445,69,74,MAE|SAE,7.201585925699358
3446,70,97,LAE|MAE|SAE,5.8267215056351125
3447,72,74,MAE|SAE,1.6364755052908047
3448,72,73,MAE|SAE,5.7155259767437565
3449,72,78,LAE|MAE|SAE,3.24949268447637
3450,72,79,LAE|MAE|SAE,2.7401460392525943
3451,72,73,MAE|SAE,1.7989313725174436
3452,72,83,LAE|MAE|SAE,2.827905049760848
3453,72,76,LAE|MAE|SAE,1.8769597899221833
3454,72,73,MAE|SAE,1.7689403887064428
3455,72,73,MAE|SAE,2.118803865604679
3456,72,80,LAE|MAE|SAE,5.509327194044647
3457,72,77,MAE|SAE,3.268190696881551
3458,72,98,LAE|MAE|SAE,5.645220872097337
3459,72,73,MAE|SAE,1.9332844536219511
3460,72,74,MAE|SAE,1.7819085754384503
3461,72,80,MAE|SAE,2.727808795770517
3462,72,73,MAE|SAE,6.057415931772423
3463,72,80,LAE|MAE|SAE,2.7342739829201634
3464,72,74,MAE|SAE,1.5609433118247011
3465,72,74,MAE|SAE,4.3502368017930335
3466,72,80,LAE|MAE|SAE,2.664691366035413
3467,72,79,LAE|MAE|SAE,2.380219056498217
3468,72,73,MAE|SAE,1.288941800679638
3469,72,74,MAE|SAE,1.6574078574488775
3470,72,79,LAE|MAE|SAE,2.7693469534372652
3471,72,78,MAE|SAE,3.663337414484348
3472,72,77,MAE|SAE,2.837267419110413
3473,72,74,MAE|SAE,2.6988007278829906
3474,72,78,LAE|MAE|SAE,5.522237376763943
3475,72,73,MAE|SAE,1.81644326371726
3476,72,137,LAE|MAE|SAE,12.000286444454945
3477,72,79,LAE|MAE|SAE,2.8582018423300135
3478,72,73,MAE|SAE,2.766933953824637
3479,72,80,LAE|MAE|SAE,4.068308209971566
3480,72,73,MAE|SAE,1.7218006880998011
3481,72,98,LAE|MAE|SAE,5.70774934012139
3482,72,80,LAE|MAE|SAE,2.950653620008147
3483,72,73,MAE|SAE,3.830912305938494
3484,72,77,LAE|MAE|SAE,2.6312739347873686
3485,72,73,MAE|SAE,1.3977290834791387
3486,72,78,LAE|MAE|SAE,2.151326191006644
3487,72,83,LAE|MAE|SAE,3.176023090299326
3488,72,73,MAE|SAE,1.788163025355244
3489,72,77,LAE|MAE|SAE,2.459567324228999
3490,72,73,MAE|SAE,1.7049429428203566
3491,72,77,MAE|SAE,2.6099459459515995
3492,72,77,LAE|MAE|SAE,1.7280404819734365
3493,72,73,MAE|SAE,1.0067108522875055
3494,72,80,LAE|MAE|SAE,2.4794207297460757
3495,70,74,MAE,5.097532456103714
3496,70,74,MAE,4.302239046540093
3497,70,74,MAE,4.044389419747569
3498,71,74,LAE|MAE,2.031588512316778
3499,71,75,LAE|MAE,2.9055204478393932
3500,71,74,LAE|MAE,4.04229125187046
3501,71,82,LAE|MAE|SAE,5.578031233348207
3502,71,78,LAE|MAE,3.390088935398311
3503,71,74,LAE|MAE,7.32643805415145
3504,71,75,LAE|MAE,5.122054327456473
3505,71,82,LAE|MAE|SAE,6.169871464683853
3506,71,79,LAE|MAE,3.1078662578397593
3507,71,77,LAE|MAE|SAE,3.65191316896192
3508,71,102,LAE|MAE,14.865309439336936
3509,72,76,LAE|MAE,3.215797572881464
3510,72,74,MAE,1.5832704008356284
3511,72,74,MAE,1.5154211611487352
3512,72,74,MAE,2.086720899316663
3513,72,74,MAE,2.0822956592873187
3514,72,79,LAE|MAE|SAE,2.6061546774546245
3515,72,74,MAE,1.5197851669889508
3516,72,76,MAE,2.7271397461247378
3517,72,84,LAE|MAE|SAE,3.1496385095613846
3518,72,80,LAE|MAE|SAE,2.726550595416291
3519,72,76,MAE,4.327029764220181
3520,72,77,LAE|MAE|SAE,4.218805094166263
3521,72,77,LAE|MAE|SAE,1.9981886054337694
3522,72,75,LAE|MAE,2.5334779473080595
3523,72,80,LAE|MAE,4.14631775736765
3524,73,80,LAE|MAE|SAE,5.334004969887032
3525,73,76,MAE|SAE,1.1846844375656778
3526,73,78,LAE|MAE|SAE,1.6260756695292582
3527,73,92,LAE|MAE|SAE,5.302839036323889
3528,73,75,LAE|MAE|SAE,1.3979573323705319
3529,73,74,MAE|SAE,0.9738449804175405
3530,73,75,LAE|MAE|SAE,2.148618763091587
3531,73,76,LAE|MAE|SAE,2.156647824657265
3532,73,74,MAE|SAE,1.5410350267753445
3533,73,74,MAE|SAE,0.8138237178094894
3534,73,74,MAE|SAE,1.0044858039068243
3535,73,74,MAE|SAE,1.7627775661307339
3536,73,76,MAE|SAE,2.0208439407092333
3537,73,76,LAE|MAE|SAE,1.7828118857305018
3538,73,76,LAE|MAE|SAE,3.59583247106968
3539,73,77,LAE|MAE|SAE,1.5718495314836842
3540,73,80,LAE|MAE|SAE,3.0092544059152644
3541,73,74,MAE|SAE,1.3887894582271403
3542,73,78,MAE|SAE,1.767442948456068
3543,73,79,LAE|MAE|SAE,1.6635452467173477
3544,73,75,LAE|MAE|SAE,0.9763845403723509
3545,73,76,LAE|MAE|SAE,3.8559174281055464
3546,73,74,MAE|SAE,4.425248885728716
3547,73,81,LAE|MAE|SAE,2.6289549223226385
3548,73,74,MAE|SAE,2.1451820207792296
3549,73,76,LAE|MAE|SAE,1.4491358598202175
3550,73,74,MAE|SAE,3.063294648256486
3551,73,78,LAE|MAE|SAE,2.9069937450411394
3552,73,80,LAE|MAE|SAE,3.578206982703893
3553,73,74,MAE|SAE,1.4251506246366694
3554,73,76,MAE|SAE,2.0338435809132074
3555,73,76,LAE|MAE|SAE,1.8364593863939116
3556,73,80,LAE|MAE|SAE,2.8286461486143173
3557,73,80,LAE|MAE|SAE,2.8567723815752006
3558,73,74,MAE|SAE,0.9487902407742168
3559,73,74,MAE|SAE,3.602572622791709
3560,73,78,MAE|SAE,1.6179659270521272
3561,73,76,LAE|MAE|SAE,2.7988638942488993
3562,73,75,LAE|MAE|SAE,2.6700822259089843
3563,73,82,LAE|MAE|SAE,7.14336485937286
3564,73,75,LAE|MAE|SAE,2.3400394851372113
3565,73,76,LAE|MAE|SAE,1.690868935224099
3566,73,83,LAE|MAE|SAE,7.122030950922631
3567,73,78,MAE|SAE,5.366293434455578
3568,73,76,LAE|MAE|SAE,1.4657942742521857
3569,73,76,LAE|MAE|SAE,1.6521114540209036
3570,73,75,LAE|MAE|SAE,2.9550747754598072
3571,73,79,LAE|MAE|SAE,1.9645394492456865
3572,73,79,LAE|MAE|SAE,2.1635000054706617
3573,73,74,MAE|SAE,1.7057978777726923
3574,73,79,LAE|MAE|SAE,4.376388105798934
3575,73,74,MAE|SAE,1.1690284570399634
3576,73,82,LAE|MAE|SAE,3.4668282965876176
3577,73,74,MAE|SAE,2.123733275149302
3578,73,77,MAE|SAE,7.5898999589739615
3579,73,76,LAE|MAE|SAE,1.3467041530568993
3580,73,82,LAE|MAE|SAE,3.522075876688207
3581,73,86,LAE|MAE|SAE,2.94677934454289
3582,73,77,LAE|MAE|SAE,1.9987879609204873
3583,73,78,MAE|SAE,5.293431559314145
3584,73,77,MAE|SAE,1.581928960291755
3585,73,96,LAE|MAE|SAE,5.310156872785114
3586,73,78,LAE|MAE|SAE,2.5175640411848264
3587,73,74,MAE|SAE,1.3980441305208409
3588,73,113,LAE|MAE|SAE,8.907159437439557
3589,71,75,LAE,2.660153811603863
3590,71,82,LAE|MAE,5.768247965279945
3591,72,75,LAE|MAE,4.952337356270977
3592,72,80,LAE|MAE,2.4842718234198187
3593,74,78,LAE|MAE|SAE,1.7677253674656963
3594,74,77,LAE|MAE|SAE,1.5111078823571567
3595,74,75,LAE|MAE,1.8354606047352668
3596,74,76,LAE|MAE,1.0129496277907564
3597,74,75,LAE|MAE,1.4050487476187175
3598,74,75,LAE|MAE,1.1034459857012993
3599,74,78,LAE|MAE|SAE,2.365384704793787
3600,74,76,LAE|MAE,2.017491172538874
3601,74,75,LAE|MAE,13.661656105027143
3602,74,80,LAE|MAE|SAE,2.805579701061677
3603,74,75,LAE|MAE,1.152005939711632
3604,74,81,LAE|MAE|SAE,2.608661237065681
3605,74,75,LAE|MAE,1.6545045028344245
3606,74,75,LAE|MAE,1.6660557020971636
3607,74,75,LAE|MAE,1.3035192684899701
3608,74,80,LAE|MAE|SAE,2.469036236976492
3609,74,75,LAE|MAE,1.1670202908518905
3610,74,79,LAE|MAE|SAE,2.0268568558529028
3611,74,76,LAE|MAE,1.91399772004295
3612,74,75,LAE|MAE,1.7704946103136692
3613,74,79,LAE|MAE|SAE,16.55794358080083
3614,74,78,LAE|MAE,1.5413884789923435
3615,74,80,LAE|MAE,4.102318032753061
3616,74,79,LAE|MAE|SAE,6.98274921679434
3617,74,75,LAE|MAE,0.8240697659847007
3618,74,76,LAE|MAE,1.1872245405645643
3619,74,75,LAE|MAE,2.295197804910965
3620,74,81,LAE|MAE|SAE,3.960699599667712
3621,74,98,LAE|MAE|SAE,5.22485290306145
3622,74,81,LAE|MAE|SAE,2.8680288422422016
3623,74,110,LAE|MAE|SAE,12.139549270360662
3624,74,76,LAE|MAE,1.1412538497461315
3625,74,75,LAE|MAE,1.3103197369845165
3626,74,76,LAE|MAE,1.3401228376603902
3627,74,75,LAE|MAE,1.450659713387324
3628,74,76,LAE|MAE,1.4993133558879619
3629,74,79,LAE|MAE,2.844312004145312
3630,74,79,LAE|MAE|SAE,2.1507333276399745
3631,74,80,LAE|MAE|SAE,2.1063289917232106
3632,72,76,MAE,7.510319860932991
3633,72,82,LAE|MAE|SAE,3.720042174199498
3634,72,106,LAE|MAE|SAE,9.119046853981812
3635,73,77,MAE|SAE,2.0940415857304555
3636,73,81,MAE|SAE,20.85399304729275
3637,73,82,MAE|SAE,3.286766334455532
3638,73,77,MAE|SAE,2.102228017456625
3639,73,80,MAE|SAE,2.4942517110865188
3640,73,76,MAE|SAE,2.2280013463269257
3641,73,91,LAE|MAE|SAE,29.10273469709474
3642,73,76,MAE|SAE,3.7448048785422707
3643,73,77,MAE|SAE,3.867767903644417
3644,73,76,MAE|SAE,2.164148169419106
3645,73,83,LAE|MAE|SAE,2.519705339789172
3646,73,76,MAE|SAE,3.517355632142939
3647,73,77,MAE|SAE,4.685067048263779
3648,73,83,LAE|MAE|SAE,2.7543232100377044
3649,73,76,MAE|SAE,5.705741538121201
3650,73,80,MAE|SAE,2.070770650460748
3651,74,79,LAE|MAE|SAE,1.7463594506057118
3652,74,77,MAE|SAE,1.8573464640783974
3653,74,79,LAE|MAE|SAE,2.180745153455364
3654,74,77,MAE|SAE,1.7836976981535393
3655,74,106,LAE|MAE|SAE,9.831788751311041
3656,74,77,MAE|SAE,1.4316761079769307
3657,74,79,LAE|MAE,2.483489197392669
3658,74,76,MAE,1.2495019238718519
3659,74,76,MAE,1.4340944809772502
3660,74,83,LAE|MAE|SAE,4.066238465240096
3661,74,77,MAE|SAE,1.311701687127223
3662,74,80,MAE,3.517085213196338
3663,74,76,MAE,1.5402598574415856
3664,74,83,LAE|MAE|SAE,2.773804994979146
3665,74,76,MAE,1.9459028916078556
3666,74,78,MAE|SAE,1.6461187394348977
3667,74,79,LAE|MAE|SAE,2.119141917957932
3668,74,76,MAE,2.8175981923897497
3669,74,78,MAE,1.9346035358519655
3670,74,79,LAE|MAE,1.9750857734536313
3671,74,77,MAE|SAE,2.0606009695074503
3672,74,77,MAE|SAE,1.668468008872293
3673,75,128,LAE|MAE|SAE,12.174516294590427
3674,75,76,LAE|MAE,1.3006093022945047
3675,75,86,LAE|MAE|SAE,3.8547389443178037
3676,75,77,LAE|MAE|SAE,2.2373080248040473
3677,75,78,LAE|MAE,1.7557022876103454
3678,75,80,LAE|MAE,11.870467738411277
3679,75,76,LAE|MAE,8.926655719974196
3680,75,76,LAE|MAE,1.2945572266013956
3681,75,76,LAE|MAE,1.7550240429515782
3682,75,76,LAE|MAE,1.0752210270124853
3683,75,77,LAE|MAE|SAE,2.583267753571753
3684,75,83,LAE|MAE,4.397995305318311
3685,75,76,LAE|MAE,2.058451735741224
3686,75,97,LAE|MAE|SAE,15.123145958613692
3687,75,76,LAE|MAE,3.087235769438685
3688,75,76,LAE|MAE,1.3047773378177403
3689,75,80,LAE|MAE,2.284694051410081
3690,75,80,LAE|MAE|SAE,2.536954871579235
3691,75,76,LAE|MAE,2.0144656975192223
3692,75,91,LAE|MAE|SAE,6.054779032020798
3693,75,83,LAE|MAE|SAE,3.8828588429591906
3694,75,80,LAE|MAE,2.356151296352509
3695,75,76,LAE|MAE,1.4021844449516656
3696,75,79,LAE|MAE,5.645188517994332
3697,75,76,LAE|MAE,1.633072833291158
3698,75,79,LAE|MAE,2.716906823979774
3699,75,78,LAE|MAE,2.5041127087491186
3700,75,80,LAE|MAE,3.691473793206783
3701,75,80,LAE|MAE,3.311768823248808
3702,75,82,LAE|MAE|SAE,3.181051008716184
3703,75,99,LAE|MAE|SAE,10.589320566839545
3704,75,82,LAE|MAE|SAE,5.151996791464466
3705,73,77,SAE,2.1442252441755945
3706,73,80,MAE|SAE,3.7441477375103482
3707,73,77,SAE,6.7627428628809145
3708,74,77,MAE|SAE,1.9546379736705184
3709,74,77,MAE|SAE,1.9339612152730499
3710,74,77,MAE|SAE,2.743546316811295
3711,74,77,MAE|SAE,1.6096810748904302
3712,74,77,MAE|SAE,1.6235299486218266
3713,74,78,MAE|SAE,9.81687441011825
3714,76,80,LAE|MAE|SAE,2.351245133161564
3715,76,80,LAE|MAE|SAE,2.5320054885576373
3716,76,109,LAE|MAE|SAE,12.290635210974857
3717,76,95,LAE|MAE|SAE,5.13555030151181
3718,76,81,LAE|MAE|SAE,2.313829485658807
3719,76,77,MAE|SAE,4.154132356645479
3720,76,77,MAE|SAE,1.4464527060816583
3721,76,77,MAE|SAE,1.1636550489825703
3722,76,77,MAE|SAE,1.2427019114481719
3723,76,77,MAE|SAE,1.6378789379451446
3724,76,77,MAE|SAE,0.9115074348234247
3725,76,79,LAE|MAE|SAE,1.7386247502361385
3726,76,84,LAE|MAE|SAE,4.299496330909646
3727,76,77,MAE|SAE,1.2737359083939475
3728,76,80,MAE|SAE,2.4913556027099784
3729,76,118,LAE|MAE|SAE,15.341196411429815
3730,76,77,MAE|SAE,0.9266403274237669
3731,76,78,MAE|SAE,3.2653246976977113
3732,76,82,LAE|MAE|SAE,2.368782683712274
3733,76,78,MAE|SAE,1.5203420822491291
3734,76,77,MAE|SAE,1.2032531514885147
3735,76,99,LAE|MAE|SAE,11.560045888984684
3736,76,77,MAE|SAE,0.9763237305571675
3737,76,79,LAE|MAE|SAE,1.5612935664279746
3738,76,77,MAE|SAE,5.847324191195555
3739,76,98,LAE|MAE|SAE,4.957157125936122
3740,76,79,LAE|MAE|SAE,1.4103268069435004
3741,76,77,MAE|SAE,3.704293338005557
3742,76,77,MAE|SAE,1.4727180114698692
3743,74,78,MAE,6.0682839163871725
3744,74,81,MAE|SAE,2.6718596269579287
3745,75,79,LAE|MAE,11.243116348781006
3746,75,78,LAE|MAE,2.9710387612929656
3747,75,80,LAE|MAE,2.5173477146205068
3748,75,79,LAE|MAE,1.8157387899639317
3749,75,79,LAE|MAE,1.7712228962916152
3750,75,78,LAE|MAE,1.5007281623848376
3751,75,83,LAE|MAE,2.3523697040374096
3752,75,85,LAE|MAE|SAE,3.7365843936302037
3753,75,78,LAE|MAE,2.9690978417168146
3754,75,79,LAE|MAE,1.4406803782584248
3755,75,78,LAE|MAE,2.4022788627971456
3756,75,80,LAE|MAE,1.587279515403028
3757,75,78,LAE|MAE,8.094111902247263
3758,75,79,LAE|MAE,3.373955015187604
3759,75,78,LAE|MAE,3.86617170063227
3760,75,82,LAE|MAE,5.27664370733154
3761,75,82,LAE|MAE,10.910476271573925
3762,75,78,LAE|MAE,7.752092563508246
3763,76,79,LAE|MAE,2.0633073991978588
3764,76,80,MAE,1.9416783283797658
3765,76,80,MAE,17.01698630229918
3766,76,133,LAE|MAE|SAE,12.566997576914089
3767,76,83,LAE|MAE|SAE,2.2094501992858273
3768,76,78,MAE,1.321055277392755
3769,76,81,LAE|MAE|SAE,3.2750241724589566
3770,76,78,MAE,1.4599308502115422
3771,76,80,MAE,1.4222905891813722
3772,76,79,LAE|MAE,1.5915358455072597
3773,76,78,MAE,2.6979396586877393
3774,76,98,LAE|MAE|SAE,5.769970387254941
3775,76,79,LAE|MAE,1.5158435766509564
3776,76,78,MAE,1.4959412881886542
3777,76,79,LAE|MAE,1.7990570131133539
3778,76,81,LAE|MAE|SAE,6.569038925303319
3779,77,78,MAE|SAE,2.9934925757431365
3780,77,79,LAE|MAE|SAE,1.8529995972137152
3781,77,79,LAE|MAE|SAE,1.350027178564246
3782,77,79,LAE|MAE|SAE,1.0790884588963165
3783,77,82,LAE|MAE|SAE,1.7926899605648359
3784,77,78,MAE|SAE,1.0786092768116005
3785,77,79,LAE|MAE|SAE,1.84429729571069
3786,77,78,MAE|SAE,3.4389544557446863
3787,77,80,MAE|SAE,14.071152246954277
3788,77,78,MAE|SAE,2.3225557136645927
3789,77,94,LAE|MAE|SAE,4.382336847734307
3790,77,78,MAE|SAE,1.3489293305848042
3791,77,81,MAE|SAE,2.275484524364056
3792,77,102,LAE|MAE|SAE,20.901502382971444
3793,77,79,LAE|MAE|SAE,2.227305109050138
3794,77,87,LAE|MAE|SAE,4.286198638330752
3795,77,83,LAE|MAE|SAE,3.885289557898729
3796,77,78,MAE|SAE,2.2085121729050448
3797,77,81,LAE|MAE|SAE,2.7747353177410248
3798,77,86,MAE|SAE,5.960690594506955
3799,75,79,LAE,4.957944767240524
3800,76,79,LAE|MAE,1.6921255501556027
3801,76,79,LAE|MAE,1.4785699270175359
3802,76,79,LAE|MAE,2.13636075181056
3803,76,79,LAE|MAE,2.82252414585669
3804,78,83,LAE|MAE,1.9992656628527503
3805,78,79,LAE|MAE,1.7277519289222378
3806,78,80,LAE|MAE,1.561279768705761
3807,78,80,LAE|MAE,1.2643979815087507
3808,78,79,LAE|MAE,1.701247609415858
3809,78,80,LAE|MAE,0.8838258361837049
3810,78,80,LAE|MAE,1.528395291481583
3811,78,82,LAE|MAE|SAE,3.7141351642238774
3812,78,81,LAE|MAE|SAE,2.1041410241082823
3813,78,79,LAE|MAE,2.217537914238505
3814,78,80,LAE|MAE,1.3397438465322007
3815,78,80,LAE|MAE,1.7746147443570006
3816,78,79,LAE|MAE,21.474871971928454
3817,78,93,LAE|MAE|SAE,12.558738576770242
3818,78,83,LAE|MAE|SAE,3.6078689625581664
3819,78,82,LAE|MAE,1.9262435715829969
3820,78,80,LAE|MAE,1.6594006825738263
3821,78,79,LAE|MAE,1.7023801370650364
3822,78,88,LAE|MAE|SAE,19.232118100230135
3823,78,82,LAE|MAE|SAE,1.699724715227741
3824,78,86,LAE|MAE,4.872290214328396
3825,78,82,LAE|MAE|SAE,2.846035599969517
3826,78,81,LAE|MAE|SAE,14.227854763192829
3827,78,85,LAE|MAE|SAE,3.796745339728569
3828,78,80,LAE|MAE,1.9597804430811185
3829,78,79,LAE|MAE,0.9239449365980789
3830,78,82,LAE|MAE|SAE,2.582677232406682
3831,78,80,LAE|MAE,1.4474765233298015
3832,78,80,LAE|MAE,2.3333257674187995
3833,78,79,LAE|MAE,2.07745528294615
3834,78,80,LAE|MAE,2.841537621305858
3835,78,80,LAE|MAE,3.0226375455541077
3836,78,89,LAE|MAE|SAE,3.6811730290226143
3837,78,81,LAE|MAE|SAE,2.8533319984917602
3838,78,79,LAE|MAE,1.8678905484530277
3839,78,98,LAE|MAE|SAE,4.467404854101354
3840,78,80,LAE|MAE,1.441686310899383
3841,78,106,LAE|MAE|SAE,12.21674722935206
3842,78,87,LAE|MAE|SAE,10.975760284251916
3843,78,82,LAE|MAE|SAE,2.0238599574025993
3844,76,82,MAE,2.7914167139413553
3845,76,83,LAE|MAE,5.746639974293254
3846,76,89,LAE|MAE|SAE,6.183644275795058
3847,77,84,MAE|SAE,10.283057778379096
3848,77,83,LAE|MAE|SAE,3.422058821814304
3849,77,83,LAE|MAE|SAE,4.975161934437026
3850,77,84,MAE|SAE,3.3843192829499897
3851,77,80,MAE|SAE,6.988483754591813
3852,77,108,LAE|MAE|SAE,8.276514538083099
3853,78,82,MAE,2.4224240638448715
3854,78,80,MAE,1.3109898727385503
3855,78,80,MAE,2.930216186715015
3856,78,82,MAE,2.558079226919825
3857,78,80,MAE,2.715534554151605
3858,78,80,MAE,2.162395891695814
3859,78,80,MAE,1.6289967553359814
3860,78,82,MAE,1.6500336513636669
3861,78,80,MAE,2.000918788921627
3862,78,81,MAE|SAE,2.993429298201245
3863,78,82,MAE|SAE,1.9943967024241391
3864,78,83,LAE|MAE,1.9887536236142214
3865,78,80,MAE,1.9115789575656896
3866,78,81,MAE|SAE,2.360718580303446
3867,78,81,MAE|SAE,3.9875869805970936
3868,78,80,MAE,1.1481387520694961
3869,78,81,MAE|SAE,3.7291685087583506
3870,78,80,MAE,2.2416739902137115
3871,78,80,MAE,2.2846492722984726
3872,78,80,MAE,1.3473802943682773
3873,78,80,MAE,1.5036267543193076
3874,78,80,MAE,3.0548820277031297
3875,78,82,MAE,2.4597970677483634
3876,78,85,MAE|SAE,6.459354401079185
3877,78,106,LAE|MAE|SAE,7.974400427394835
3878,78,92,LAE|MAE|SAE,4.462911631722559
3879,78,81,MAE|SAE,2.4884359793183406
3880,78,92,LAE|MAE|SAE,4.195942904723089
3881,78,91,LAE|MAE|SAE,4.421763323417332
3882,78,82,MAE|SAE,2.463264522057601
3883,78,82,MAE,5.433176628423928
3884,78,80,MAE,3.50414120773446
3885,78,80,MAE,2.6399317817373453
3886,79,80,LAE|MAE,25.200474361229332
3887,79,82,LAE|MAE|SAE,17.168197926808148
3888,79,80,LAE|MAE,1.5865752460624738
3889,79,80,LAE|MAE,1.3674511393708622
3890,79,95,LAE|MAE|SAE,4.363812132691607
3891,79,94,LAE|MAE|SAE,4.287796882639437
3892,79,80,LAE|MAE,1.8730199600250201
3893,79,80,LAE|MAE,1.0346986468280306
3894,79,110,LAE|MAE|SAE,8.083831259778087
3895,79,83,LAE|MAE,1.9171726292505655
3896,79,80,LAE|MAE,1.9852294680035143
3897,79,98,LAE|MAE|SAE,4.340357730462732
3898,79,80,LAE|MAE,2.733001401838968
3899,79,80,LAE|MAE,1.5913701297528773
3900,79,80,LAE|MAE,1.8982349448014142
3901,79,80,LAE|MAE,1.5775494433184587
3902,79,114,LAE|MAE|SAE,7.999005947449477
3903,79,85,LAE|MAE|SAE,3.58467690516666
3904,79,87,LAE|MAE|SAE,3.3537985505764545
3905,79,82,LAE|MAE|SAE,2.5149780362362564
3906,79,82,LAE|MAE,1.9761907209605398
3907,79,83,LAE|MAE|SAE,9.617913575100248
3908,79,81,LAE|MAE|SAE,4.783471948923047
3909,79,80,LAE|MAE,2.1839130168916854
3910,79,80,LAE|MAE,1.634392929965459
3911,77,82,MAE|SAE,1.8676785170389505
3912,77,85,MAE|SAE,2.766096876183063
3913,77,81,SAE,1.957564751251323
3914,77,83,LAE|MAE|SAE,2.2686915873684206
3915,77,81,SAE,31.185723878952086
3916,77,81,SAE,26.215241392812516
3917,77,85,MAE|SAE,2.662620336555711
3918,77,81,SAE,4.825373976693143
3919,77,88,MAE|SAE,21.906204694021536
3920,77,84,MAE|SAE,2.1656440737486604
3921,77,81,SAE,23.687966445577917
3922,77,81,SAE,56.86608952564001
3923,78,88,LAE|MAE|SAE,8.9928028143253
3924,78,81,MAE|SAE,4.717734235378947
3925,78,83,LAE|MAE|SAE,4.537205257493168
3926,78,81,MAE|SAE,4.519885842025054
3927,78,82,MAE|SAE,12.692712824667636
3928,78,81,MAE|SAE,3.8911800738811992
3929,78,81,MAE|SAE,1.7244343405437
3930,78,85,MAE|SAE,2.25494333598173
3931,78,81,MAE|SAE,2.5986072948325902
3932,80,84,MAE|SAE,1.777825482710218
3933,80,81,MAE|SAE,3.4084273771405598
3934,80,81,MAE|SAE,1.960886369161251
3935,80,98,LAE|MAE|SAE,7.910522908849443
3936,80,85,MAE|SAE,3.026096010733383
3937,80,81,MAE|SAE,2.2313993775544207
3938,80,81,MAE|SAE,4.272846258651745
3939,80,81,MAE|SAE,3.278171462786776
3940,80,85,LAE|MAE|SAE,1.9432848703005392
3941,80,93,LAE|MAE|SAE,5.91347550686954
3942,80,84,LAE|MAE|SAE,1.6592666185466565
3943,80,89,LAE|MAE|SAE,3.3507430737016177
3944,80,82,MAE|SAE,2.0598549898283305
3945,80,82,MAE|SAE,2.338028545464898
3946,80,90,LAE|MAE|SAE,14.954160349282521
3947,80,84,MAE|SAE,2.510422607775411
3948,80,88,LAE|MAE|SAE,3.1017424663480138
3949,80,83,LAE|MAE|SAE,1.949387669067333
3950,80,95,LAE|MAE|SAE,4.026767538013248
3951,80,82,MAE|SAE,1.5797302772390214
3952,80,88,LAE|MAE|SAE,7.824850274604958
3953,80,87,LAE|MAE|SAE,3.2726026828247576
3954,80,83,LAE|MAE|SAE,50.59307861674842
3955,78,89,LAE|MAE|SAE,2.567512005128773
3956,78,86,MAE|SAE,3.2546847633765603
3957,78,82,MAE,3.3062791456045737
3958,78,100,LAE|MAE|SAE,8.159573240872227
3959,78,92,MAE|SAE,4.372966251461908
3960,78,82,MAE,2.6371747106406778
3961,78,82,MAE,5.77981170460021
3962,78,82,MAE,5.11016914977298
3963,79,82,LAE|MAE,2.0666999034154436
3964,79,83,LAE|MAE,2.0059132346464903
3965,79,85,LAE|MAE|SAE,2.1050829857531306
3966,79,82,LAE|MAE,1.6302957111340306
3967,79,84,LAE|MAE,1.9653028084540316
3968,79,87,LAE|MAE|SAE,3.106503351368005
3969,79,82,LAE|MAE,2.6905640028396216
3970,79,85,LAE|MAE|SAE,6.079011507065699
3971,79,83,LAE|MAE,1.661100820324103
3972,79,82,LAE|MAE,3.222657048514139
3973,79,82,LAE|MAE,1.7996888443458774
3974,79,95,LAE|MAE,5.182916661608511
3975,79,90,LAE|MAE,3.786526112599383
3976,79,82,LAE|MAE,4.565401179877015
3977,79,83,LAE|MAE,2.273216425043399
3978,79,83,LAE|MAE,2.393255661876333
3979,79,87,LAE|MAE,2.9554144318614526
3980,79,87,LAE|MAE|SAE,2.607553054466647
3981,80,82,MAE,3.0143328650984866
3982,80,82,MAE,1.5950933588299572
3983,80,84,MAE,1.9492149190952321
3984,80,96,LAE|MAE|SAE,4.81839167822159
3985,80,82,MAE,4.6141675972710985
3986,80,87,LAE|MAE|SAE,3.074925655422327
3987,80,82,MAE,3.016943924770512
3988,80,87,LAE|MAE|SAE,2.501948208460206
3989,80,87,LAE|MAE,3.5131569017883617
3990,80,83,LAE|MAE,1.5137941801468917
3991,80,82,MAE,1.703776141316814
3992,80,96,LAE|MAE|SAE,5.241326960533125
3993,80,87,LAE|MAE|SAE,3.375726279151899
3994,80,90,LAE|MAE|SAE,3.5490420317839724
3995,80,85,MAE|SAE,2.0113169656928434
3996,80,82,MAE,5.516774211775751
3997,80,82,MAE,2.3855162606114795
3998,80,85,LAE|MAE|SAE,3.2757183968793795
3999,80,82,MAE,2.2530974660263543
4000,80,89,LAE|MAE|SAE,3.3120916933194713
4001,81,82,MAE|SAE,0.9374399315587354
4002,81,82,MAE|SAE,2.7231049248769015
4003,81,82,MAE|SAE,1.170246901503205
4004,81,82,MAE|SAE,1.0832513896072091
4005,81,84,LAE|MAE|SAE,1.744020286536499
4006,81,85,LAE|MAE|SAE,1.9687828293245875
4007,81,88,LAE|MAE|SAE,2.7731289381667934
4008,81,96,LAE|MAE|SAE,43.82498337187276
4009,81,86,LAE|MAE|SAE,2.0019165698927828
4010,81,83,LAE|MAE|SAE,1.775339255921674
4011,81,82,MAE|SAE,1.3593929881066606
4012,81,82,MAE|SAE,1.3005250255780225
4013,81,82,MAE|SAE,2.12047681218857
4014,81,84,MAE|SAE,1.3824345544874772
4015,81,94,LAE|MAE|SAE,4.182700707947002
4016,81,88,LAE|MAE|SAE,3.0573182338677527
4017,81,85,LAE|MAE|SAE,2.7998635777752487
4018,81,87,LAE|MAE|SAE,9.434192671589447
4019,81,82,MAE|SAE,51.90594406332996
4020,81,96,LAE|MAE|SAE,4.039882722672689
4021,81,86,LAE|MAE|SAE,1.990412524797573
4022,81,84,LAE|MAE|SAE,1.676661121750735
4023,81,94,LAE|MAE|SAE,4.0005454041738355
4024,81,82,MAE|SAE,1.0671775369291678
4025,81,82,MAE|SAE,1.2869038257787835
4026,81,106,LAE|MAE|SAE,21.292590882159633
4027,81,90,LAE|MAE|SAE,2.675103974241374
4028,81,91,LAE|MAE|SAE,3.720928560192297
4029,81,87,LAE|MAE|SAE,2.8491620251516827
4030,81,82,MAE|SAE,2.8894878531589168
4031,81,82,MAE|SAE,1.457292998329688
4032,81,86,LAE|MAE|SAE,2.695069058093759
4033,81,88,LAE|MAE|SAE,2.4303919348928256
4034,81,82,MAE|SAE,2.0694122222537876
4035,81,83,LAE|MAE|SAE,1.4635231454604287
4036,81,88,LAE|MAE|SAE,2.8175607832579073
4037,81,85,LAE|MAE|SAE,11.364576502584342
4038,81,84,LAE|MAE|SAE,1.4088763192931226
4039,81,82,MAE|SAE,2.2115624482708593
4040,81,91,LAE|MAE|SAE,2.7700985256144337
4041,81,82,MAE|SAE,3.3871040897739304
4042,81,84,LAE|MAE|SAE,1.6594679489732238
4043,81,88,MAE|SAE,2.743223000975295
4044,81,88,LAE|MAE|SAE,3.543070233624188
4045,81,85,MAE|SAE,2.3583013519286182
4046,81,98,LAE|MAE|SAE,3.9503828278033226
4047,81,165,LAE|MAE|SAE,59.86427029490632
4048,81,84,LAE|MAE|SAE,1.40690743329676
4049,81,82,MAE|SAE,2.1326045762638377
4050,81,87,LAE|MAE|SAE,5.749718729294494
4051,81,83,LAE|MAE|SAE,4.025690056115096
4052,81,82,MAE|SAE,1.2993730900579639
4053,81,82,MAE|SAE,1.373174305891346
4054,81,85,MAE|SAE,2.9254925134779146
4055,81,85,MAE|SAE,2.397813654507798
4056,81,82,MAE|SAE,2.2336675996032875
4057,81,82,MAE|SAE,4.127015997723242
4058,81,82,MAE|SAE,1.2116252917097754
4059,79,83,LAE,4.20285549101201
4060,79,90,LAE|MAE|SAE,4.589919277013487
4061,79,87,LAE|MAE,3.1991958534094764
4062,79,93,LAE|MAE|SAE,3.695053291233165
4063,79,84,LAE|MAE,3.7687021565009986
4064,80,85,LAE|MAE|SAE,3.2502902405116325
4065,80,83,LAE|MAE,3.6465266362990154
4066,80,86,LAE|MAE,3.579957219682285
4067,80,88,LAE|MAE|SAE,6.380312972838887
4068,80,87,LAE|MAE,4.95782099517872
4069,82,83,LAE|MAE,1.3575582920163507
4070,82,85,LAE|MAE|SAE,2.6880157056564924
4071,82,85,LAE|MAE|SAE,3.0654107093966565
4072,82,88,LAE|MAE|SAE,2.793368847453878
4073,82,90,LAE|MAE|SAE,3.126205371621635
4074,82,83,LAE|MAE,1.3797328394422312
4075,82,87,LAE|MAE|SAE,2.6588075141936964
4076,82,89,LAE|MAE|SAE,2.290946117353298
4077,82,87,LAE|MAE|SAE,2.9285309901796603
4078,82,89,LAE|MAE|SAE,13.589611868781494
4079,82,87,LAE|MAE|SAE,1.9679502577665586
4080,82,83,LAE|MAE,1.5004157171209678
4081,82,87,LAE|MAE|SAE,2.6753104852361327
4082,82,83,LAE|MAE,3.858723921988491
4083,82,85,LAE|MAE|SAE,1.5270930325341885
4084,82,97,LAE|MAE|SAE,5.259432262689833
4085,82,87,LAE|MAE|SAE,2.7008094834791656
4086,82,85,LAE|MAE|SAE,1.6384177885542364
4087,82,84,LAE|MAE,1.2198246216715258
4088,82,88,LAE|MAE|SAE,2.1684294373151096
4089,82,83,LAE|MAE,1.3601270538931813
4090,82,84,LAE|MAE,1.4375344661287512
4091,82,87,LAE|MAE,2.8668907729689272
4092,82,89,LAE|MAE|SAE,2.7207981711755913
4093,82,84,LAE|MAE,1.5535703858813044
4094,82,97,LAE|MAE|SAE,5.032105647142932
4095,82,83,LAE|MAE,1.4128924012734836
4096,82,87,LAE|MAE|SAE,2.6420828764227227
4097,82,87,LAE|MAE|SAE,2.5184024168402694
4098,82,83,LAE|MAE,40.149057195528606
4099,82,84,LAE|MAE,1.6259132121749809
4100,82,102,LAE|MAE|SAE,11.253535846004196
4101,82,87,LAE|MAE,2.5189725413070296
4102,82,93,LAE|MAE|SAE,2.859008432855282
4103,82,98,LAE|MAE|SAE,3.7857846812677076
4104,82,99,LAE|MAE|SAE,10.875071320653214
4105,82,83,LAE|MAE,2.18318522169536
4106,82,85,LAE|MAE|SAE,1.7939194283765703
4107,82,83,LAE|MAE,2.9175087148502667
4108,80,84,MAE,2.9828443420134185
4109,81,96,LAE|MAE|SAE,4.881610666622374
4110,81,84,MAE|SAE,1.8100079086442653
4111,81,88,MAE|SAE,3.0012341770376816
4112,81,89,MAE|SAE,3.371045701784426
4113,81,95,LAE|MAE|SAE,4.354407375150523
4114,81,85,MAE|SAE,2.7781452742598503
4115,81,87,LAE|MAE|SAE,2.248267121482691
4116,81,88,MAE|SAE,2.56136042384378
4117,81,96,MAE|SAE,4.680680958430019
4118,81,87,LAE|MAE|SAE,2.9095093698104155
4119,81,86,MAE|SAE,2.0991926816760964
4120,81,84,MAE|SAE,5.8925665962168
4121,81,84,MAE|SAE,1.52076305014155
4122,81,98,LAE|MAE|SAE,4.8922284240962615
4123,81,89,LAE|MAE|SAE,11.603567030350913
4124,81,98,MAE|SAE,3.763511951688142
4125,81,88,MAE|SAE,9.623614348515714
4126,81,85,MAE|SAE,2.4986617637279207
4127,81,136,LAE|MAE|SAE,11.586419047290542
4128,81,88,LAE|MAE|SAE,4.438444546214634
4129,81,89,MAE|SAE,2.6316817416129035
4130,81,88,LAE|MAE|SAE,2.9560108879913374
4131,81,99,LAE|MAE|SAE,4.794671065929331
4132,81,87,LAE|MAE|SAE,2.694990619299509
4133,81,91,LAE|MAE|SAE,3.389314277299513
4134,81,84,MAE|SAE,2.78676976917727
4135,81,84,MAE|SAE,4.065797181226661
4136,82,85,MAE|SAE,1.5937256998242104
4137,82,84,MAE,1.2846306878044542
4138,82,85,MAE|SAE,3.361677422148399
4139,82,87,LAE|MAE|SAE,3.2205417863095653
4140,82,86,MAE|SAE,2.692679816145305
4141,82,88,LAE|MAE|SAE,2.9675703301202034
4142,82,84,MAE,1.170192479116031
4143,82,86,MAE|SAE,1.990092635211708
4144,82,88,LAE|MAE|SAE,3.2996347571544913
4145,82,90,LAE|MAE|SAE,3.3294627668125445
4146,82,86,MAE,1.9437800981036584
4147,82,91,LAE|MAE|SAE,2.6296189413475513
4148,82,85,MAE|SAE,2.5517291159530155
4149,82,85,MAE|SAE,4.003028820782523
4150,82,89,LAE|MAE|SAE,2.288100282157547
4151,82,84,MAE,2.8559996446620293
4152,82,87,LAE|MAE|SAE,2.814334819084758
4153,82,89,LAE|MAE|SAE,3.0287716132058162
4154,82,85,MAE|SAE,3.4053857341276297
4155,82,88,LAE|MAE|SAE,2.9413540232153257
4156,83,85,LAE|MAE|SAE,2.0506311348919803
4157,83,86,LAE|MAE,1.5656098225929154
4158,83,86,LAE|MAE|SAE,10.545615489383069
4159,83,89,LAE|MAE|SAE,2.638234088191472
4160,83,84,LAE|MAE,2.0875745276206388
4161,83,84,LAE|MAE,1.100503842531174
4162,83,86,LAE|MAE|SAE,2.187095005516543
4163,83,85,LAE|MAE|SAE,2.178063869064796
4164,83,88,LAE|MAE|SAE,2.5269956924536277
4165,83,89,LAE|MAE|SAE,13.994799816677187
4166,83,87,LAE|MAE|SAE,2.5163470465282027
4167,83,86,LAE|MAE|SAE,10.60260963918566
4168,83,100,LAE|MAE|SAE,4.694709704812136
4169,83,84,LAE|MAE,2.037501395083479
4170,83,88,LAE|MAE|SAE,2.350559957370692
4171,83,84,LAE|MAE,1.711452014203051
4172,83,110,LAE|MAE|SAE,16.283537193166254
4173,83,85,LAE|MAE|SAE,2.6673064127119646
4174,83,84,LAE|MAE,2.336391463919519
4175,83,85,LAE|MAE|SAE,2.0667387156020225
4176,83,89,LAE|MAE|SAE,2.727810613903435
4177,83,88,LAE|MAE,2.611622976764817
4178,83,92,LAE|MAE|SAE,3.287948961158535
4179,83,105,LAE|MAE|SAE,7.13879331722151
4180,83,84,LAE|MAE,1.3088796505012519
4181,83,91,LAE|MAE|SAE,12.26626826430988
4182,83,84,LAE|MAE,1.0973524003227597
4183,83,84,LAE|MAE,2.209285431250087
4184,83,84,LAE|MAE,2.002005135771602
4185,83,88,LAE|MAE,2.381350506096797
4186,83,87,LAE|MAE,2.0290957685920024
4187,83,90,LAE|MAE|SAE,2.629514993848713
4188,83,85,LAE|MAE|SAE,3.647150906794761
4189,83,89,LAE|MAE|SAE,2.7495341646237526
4190,83,86,LAE|MAE|SAE,1.4490003462748695
4191,83,89,LAE|MAE|SAE,2.3235462465027537
4192,83,84,LAE|MAE,2.315420078098104
4193,83,85,LAE|MAE|SAE,2.3323240255755566
4194,83,86,LAE|MAE|SAE,2.047062512227522
4195,83,93,LAE|MAE|SAE,5.475488073309478
4196,83,84,LAE|MAE,1.1137298338031658
4197,83,91,LAE|MAE|SAE,3.061554872800304
4198,83,87,LAE|MAE|SAE,1.5240140428956985
4199,83,84,LAE|MAE,0.8151139566290583
4200,83,89,LAE|MAE|SAE,2.5143394848414524
4201,83,88,LAE|MAE,2.534447188291225
4202,83,87,LAE|MAE,2.4314377865188925
4203,83,87,LAE|MAE|SAE,1.7300644842350228
4204,83,84,LAE|MAE,0.8959123134168794
4205,83,95,LAE|MAE|SAE,3.4553321105369785
4206,83,84,LAE|MAE,0.7257052189496858
4207,83,88,LAE|MAE|SAE,2.32756591509789
4208,83,84,LAE|MAE,1.6653218277505246
4209,83,89,LAE|MAE|SAE,2.919135991057758
4210,83,89,LAE|MAE|SAE,2.036183429366205
4211,83,90,LAE|MAE|SAE,2.137350070922954
4212,83,85,LAE|MAE|SAE,3.5352570229168965
4213,83,84,LAE|MAE,2.166591706306026
4214,83,84,LAE|MAE,2.2118854364458236
4215,81,88,MAE|SAE,3.396135870930091
4216,81,88,LAE|MAE|SAE,2.867887941489958
4217,81,85,SAE,2.050018754813351
4218,82,85,MAE|SAE,2.494977612182955
4219,82,86,MAE|SAE,2.228563521620992
4220,82,90,MAE|SAE,3.036169957464781
4221,82,85,MAE|SAE,2.1465810616317746
4222,82,85,MAE|SAE,2.612380084030777
4223,82,85,MAE|SAE,1.899801761617824
4224,82,89,MAE|SAE,3.763644444972068
4225,82,87,LAE|MAE|SAE,2.248916993616092
4226,82,90,LAE|MAE|SAE,3.388177468728355
4227,84,85,MAE|SAE,1.7729848501661525
4228,84,85,MAE|SAE,1.852542037073836
4229,84,85,MAE|SAE,1.3923969793196715
4230,84,88,LAE|MAE|SAE,1.7222081742725897
4231,84,86,MAE|SAE,1.4293143603889285
4232,84,85,MAE|SAE,2.136200804903821
4233,84,86,MAE|SAE,2.2779194532631037
4234,84,88,LAE|MAE|SAE,2.5219472829625085
4235,84,86,MAE|SAE,2.0287471647666533
4236,84,87,LAE|MAE|SAE,2.5658094665016677
4237,84,85,MAE|SAE,1.735852491212211
4238,84,85,MAE|SAE,1.7499452698021842
4239,84,93,LAE|MAE|SAE,5.701247897381994
4240,84,86,MAE|SAE,2.593758777567326
4241,84,85,MAE|SAE,1.675566844359837
4242,84,86,MAE|SAE,1.258832656861092
4243,84,97,LAE|MAE|SAE,4.419051911979698
4244,84,85,MAE|SAE,9.204596034943917
4245,84,90,LAE|MAE|SAE,1.8957970349023778
4246,84,88,LAE|MAE|SAE,2.44365247101595
4247,84,85,MAE|SAE,2.1987193954656803
4248,84,88,LAE|MAE|SAE,1.790188090394448
4249,84,87,LAE|MAE|SAE,2.4375263376190985
4250,84,85,MAE|SAE,1.8162513578395794
4251,84,85,MAE|SAE,1.9571829821141535
4252,84,85,MAE|SAE,2.1468519067257112
4253,84,88,LAE|MAE|SAE,2.700645117054499
4254,84,85,MAE|SAE,1.7588959221004001
4255,84,85,MAE|SAE,1.9491267235927459
4256,84,85,MAE|SAE,1.2098098738194847
4257,84,87,LAE|MAE|SAE,2.46584739647453
4258,84,85,MAE|SAE,1.4707253752209888
4259,84,95,LAE|MAE|SAE,2.9410704132987715
4260,84,89,MAE|SAE,2.591791693069642
4261,84,85,MAE|SAE,1.8841186109869716
4262,84,85,MAE|SAE,1.7756163633862623
4263,84,85,MAE|SAE,2.516594413177621
4264,84,102,LAE|MAE|SAE,5.256096026735584
4265,84,85,MAE|SAE,1.7267941560259688
4266,84,90,LAE|MAE|SAE,2.1832846313600913
4267,84,87,LAE|MAE|SAE,2.399739700799427
4268,84,85,MAE|SAE,2.4918476015261932
4269,84,85,MAE|SAE,0.8971617077909767
4270,84,90,LAE|MAE|SAE,2.0430035191892113
4271,84,91,LAE|MAE|SAE,2.0815488019539807
4272,84,88,LAE|MAE|SAE,4.933966239210535
4273,84,87,LAE|MAE|SAE,2.1658747479376315
4274,84,85,MAE|SAE,1.7306607133123435
4275,84,101,LAE|MAE|SAE,4.767605965516658
4276,84,91,LAE|MAE|SAE,3.091774253357679
4277,84,101,LAE|MAE|SAE,4.479248136894537
4278,84,85,MAE|SAE,2.787666530288114
4279,84,90,LAE|MAE|SAE,2.666369929774153
4280,84,87,LAE|MAE|SAE,1.798991747928003
4281,84,95,LAE|MAE|SAE,3.9986344019777773
4282,84,87,LAE|MAE|SAE,5.42062614815548
4283,84,85,MAE|SAE,2.304431148993958
4284,84,89,LAE|MAE|SAE,2.243479681715131
4285,84,85,MAE|SAE,1.15750234862632
4286,84,85,MAE|SAE,2.56830677230418
4287,84,88,LAE|MAE|SAE,4.968171433393278
4288,84,85,MAE|SAE,3.921045642882896
4289,84,89,MAE|SAE,9.183553324140233
4290,84,94,LAE|MAE|SAE,3.4628902619728072
4291,84,88,MAE|SAE,1.6908454222031803
4292,82,98,MAE,10.48788149777034
4293,82,86,MAE,2.5796223363932387
4294,82,88,MAE,2.6001290659933747
4295,82,86,MAE,6.036842718712405
4296,82,86,MAE,4.720844423817853
4297,82,86,MAE,3.1890411924857607
4298,82,90,LAE|MAE|SAE,3.2282754284395105
4299,82,88,LAE|MAE,3.0831544971218925
4300,83,86,LAE|MAE,2.310629065610642
4301,83,100,LAE|MAE|SAE,13.654354653905378
4302,83,138,LAE|MAE|SAE,11.652440196122509
4303,83,86,LAE|MAE,2.012544042679085
4304,83,90,LAE|MAE,2.9791527638412147
4305,83,86,LAE|MAE,16.620257781322916
4306,83,88,LAE|MAE,2.7645398228755216
4307,83,86,LAE|MAE,2.144400514943022
4308,83,95,LAE|MAE,3.543560699413619
4309,83,95,LAE|MAE,3.9893074948539726
4310,83,86,LAE|MAE,1.6227935820993247
4311,83,86,LAE|MAE,4.8027310646918755
4312,83,89,LAE|MAE|SAE,2.412890166324713
4313,83,90,LAE|MAE,2.852615225498231
4314,83,95,LAE|MAE,3.591824081985994
4315,83,86,LAE|MAE,1.2684721540479043
4316,83,87,LAE|MAE,3.022606790726128
4317,83,86,LAE|MAE,2.1809876883374395
4318,83,86,LAE|MAE,2.2158290918485015
4319,83,86,LAE|MAE,2.2730218736458347
4320,83,102,LAE|MAE|SAE,5.283400323702242
4321,83,86,LAE|MAE,2.1797720563045404
4322,83,103,LAE|MAE,14.15335826041988
4323,83,90,LAE|MAE|SAE,2.8576196043511986
4324,83,86,LAE|MAE,2.316977995964837
4325,83,99,LAE|MAE|SAE,3.4389874818277146
4326,83,98,LAE|MAE|SAE,4.462492473539081
4327,83,86,LAE|MAE,2.083731177075058
4328,83,90,LAE|MAE|SAE,15.847280971898298
4329,83,88,LAE|MAE,2.1325465695184125
4330,83,97,LAE|MAE|SAE,4.065027608310919
4331,84,87,LAE|MAE,1.8510449133096436
4332,84,86,MAE,2.3026842324435894
4333,84,87,LAE|MAE,1.7076004474079334
4334,84,86,MAE,13.131427544520086
4335,84,98,LAE|MAE|SAE,4.431156446877351
4336,84,86,MAE,2.197327023463984
4337,84,89,LAE|MAE|SAE,2.588242647634598
4338,84,93,MAE|SAE,6.728996038686799
4339,84,89,LAE|MAE|SAE,3.504030083962668
4340,84,87,LAE|MAE,1.4940999410285971
4341,84,88,MAE,2.426306753653649
4342,84,89,MAE|SAE,4.545962362264758
4343,84,86,MAE,5.516696478221997
4344,84,87,LAE|MAE,2.1322555282917515
4345,84,89,LAE|MAE|SAE,2.7938519497588024
4346,84,88,MAE,2.479383763975812
4347,84,96,LAE|MAE|SAE,4.087354696341581
4348,84,91,LAE|MAE|SAE,2.791181547300571
4349,84,86,MAE,5.478431201606335
4350,84,87,LAE|MAE,2.710738020827946
4351,84,91,LAE|MAE|SAE,2.5397428383936163
4352,85,86,MAE|SAE,1.7132727941808241
4353,85,86,MAE|SAE,0.9572598336295228
4354,85,87,LAE|MAE|SAE,1.3923607883148854
4355,85,91,LAE|MAE|SAE,2.067256705415892
4356,85,91,LAE|MAE|SAE,2.584949035660181
4357,85,86,MAE|SAE,1.78474014732853
4358,85,95,LAE|MAE|SAE,8.618780882744442
4359,85,91,LAE|MAE|SAE,4.203489504749998
4360,85,89,LAE|MAE|SAE,2.1549553436188056
4361,85,86,MAE|SAE,0.8174855015847358
4362,85,87,LAE|MAE|SAE,1.6584686276874618
4363,85,102,LAE|MAE|SAE,5.383830194117898
4364,85,98,LAE|MAE|SAE,2.8697680018858143
4365,85,89,MAE|SAE,3.2816534752465
4366,85,91,LAE|MAE|SAE,2.81703569399986
4367,85,86,MAE|SAE,11.922218040242255
4368,85,87,LAE|MAE|SAE,2.1250671130138876
4369,85,90,LAE|MAE|SAE,1.6954632624432713
4370,85,88,LAE|MAE|SAE,3.3504208736158576
4371,85,93,LAE|MAE|SAE,2.8560468295258903
4372,85,86,MAE|SAE,10.41360568619279
4373,85,89,MAE|SAE,1.644808429644208
4374,85,101,LAE|MAE|SAE,10.41943367971937
4375,85,86,MAE|SAE,1.4514301714520503
4376,85,86,MAE|SAE,1.656092572820136
4377,85,86,MAE|SAE,8.454108705922827
4378,85,99,LAE|MAE|SAE,5.600208371183392
4379,85,88,MAE|SAE,1.504572085680152
4380,85,86,MAE|SAE,1.9570410237928304
4381,85,89,LAE|MAE|SAE,1.7864131587043781
4382,85,87,LAE|MAE|SAE,5.79239630640759
4383,85,86,MAE|SAE,2.2487266680220808
4384,85,87,LAE|MAE|SAE,2.2104941340873516
4385,85,90,LAE|MAE|SAE,2.653300777417074
4386,85,88,LAE|MAE|SAE,1.9029558905407629
4387,85,87,LAE|MAE|SAE,2.2429321999359573
4388,85,86,MAE|SAE,0.9576575056056088
4389,85,86,MAE|SAE,2.044350486673123
4390,85,87,LAE|MAE|SAE,1.2410144423966245
4391,85,86,MAE|SAE,0.8504647026883958
4392,85,87,LAE|MAE|SAE,1.5466528132702742
4393,85,88,LAE|MAE|SAE,2.2612967295913347
4394,83,87,LAE,1.836108002151865
4395,83,89,LAE|MAE|SAE,2.529021471936528
4396,83,91,LAE,3.3433346480162753
4397,83,89,LAE|MAE|SAE,2.5870841277627092
4398,84,92,LAE|MAE,3.436006363835226
4399,84,90,LAE|MAE|SAE,10.618265524068516
4400,84,87,LAE|MAE,2.2315735998169375
4401,84,89,LAE|MAE|SAE,2.653209009341428
4402,84,87,LAE|MAE,2.112675501129138
4403,84,87,LAE|MAE,5.136275125121889
4404,84,87,LAE|MAE,3.3382802526895876
4405,84,91,LAE|MAE,4.943853064491723
4406,84,87,LAE|MAE,4.679839891359249
4407,84,91,LAE|MAE,5.74939983048182
4408,84,87,LAE|MAE,2.3011519000126652
4409,86,89,LAE|MAE|SAE,2.477912631905166
4410,86,89,LAE|MAE|SAE,2.24883660900053
4411,86,87,LAE|MAE,1.5980136506174956
4412,86,89,LAE|MAE|SAE,9.765810758323335
4413,86,87,LAE|MAE,2.029937069942426
4414,86,104,LAE|MAE|SAE,6.604720278230826
4415,86,91,LAE|MAE,2.5606770793517617
4416,86,96,LAE|MAE|SAE,3.029855179704811
4417,86,87,LAE|MAE,1.864708275535313
4418,86,126,LAE|MAE|SAE,9.843756087095395
4419,86,102,LAE|MAE|SAE,5.062732431221317
4420,86,90,LAE|MAE|SAE,2.4561616524444108
4421,86,102,LAE|MAE|SAE,4.862559152361103
4422,86,88,LAE|MAE,2.151614390802088
4423,86,94,LAE|MAE,13.924997296079827
4424,86,89,LAE|MAE|SAE,8.999037584045654
4425,86,97,LAE|MAE|SAE,3.921462779074146
4426,86,97,LAE|MAE|SAE,3.8337289448969076
4427,86,87,LAE|MAE,1.6888049122481128
4428,86,93,LAE|MAE|SAE,3.7769801227067026
4429,86,145,LAE|MAE|SAE,14.066640235522046
4430,86,89,LAE|MAE|SAE,1.3881895781491833
4431,86,125,LAE|MAE|SAE,8.518174886601543
4432,86,91,LAE|MAE|SAE,2.6857055715167832
4433,86,88,LAE|MAE,1.752156343232624
4434,86,87,LAE|MAE,3.4812786115850227
4435,86,91,LAE|MAE,10.592350626173893
4436,86,90,LAE|MAE,2.7849871780786692
4437,86,88,LAE|MAE,1.7185280774576692
4438,86,98,LAE|MAE|SAE,5.039837830574599
4439,86,88,LAE|MAE,2.3174285007484037
4440,86,97,LAE|MAE|SAE,3.3298591066291445
4441,86,92,LAE|MAE|SAE,3.330888327160931
4442,86,102,LAE|MAE|SAE,5.0106805606467555
4443,86,96,LAE|MAE|SAE,2.9361230261568756
4444,86,97,LAE|MAE|SAE,4.863859062408609
4445,84,88,MAE,5.325350409441591
4446,84,88,MAE,2.7046719854564056
4447,84,88,MAE,4.696673878265223
4448,84,98,LAE|MAE|SAE,4.132403736870553
4449,84,88,MAE,4.8749713552706915
4450,84,114,MAE,6.88944314490807
4451,84,92,MAE|SAE,10.337000706173308
4452,84,88,MAE,2.422835974895896
4453,84,93,MAE|SAE,3.783104737422885
4454,84,88,MAE,8.101655410799976
4455,85,89,MAE|SAE,2.673942322204533
4456,85,92,MAE|SAE,3.343178490797467
4457,85,96,MAE|SAE,13.9689876573637
4458,85,89,MAE|SAE,2.108100841055281
4459,85,95,LAE|MAE|SAE,15.424196393151838
4460,85,122,LAE|MAE|SAE,59.73407200289297
4461,85,89,MAE|SAE,2.410202266486776
4462,85,88,MAE|SAE,1.8009839225010311
4463,85,93,MAE|SAE,4.486292276220174
4464,85,92,LAE|MAE|SAE,2.5854519383230725
4465,85,88,MAE|SAE,2.313832829342069
4466,85,88,MAE|SAE,4.15789685996639
4467,85,96,LAE|MAE|SAE,28.21712112556931
4468,85,88,MAE|SAE,2.184498021039861
4469,86,95,LAE|MAE|SAE,3.3635499068272066
4470,86,89,MAE|SAE,2.6588544691240896
4471,86,88,MAE,3.0000949851292105
4472,86,98,MAE|SAE,4.1861459398263365
4473,86,101,LAE|MAE|SAE,4.841895451156703
4474,86,88,MAE,2.0267223574972046
4475,86,93,MAE|SAE,3.2524226446099984
4476,86,112,LAE|MAE|SAE,6.6896257525936225
4477,86,97,LAE|MAE|SAE,4.020442157956475
4478,86,102,LAE|MAE|SAE,4.799788829535875
4479,86,99,LAE|MAE|SAE,4.027388795293364
4480,86,88,MAE,13.137764611421364
4481,86,88,MAE,1.7992134702080511
4482,86,96,LAE|MAE|SAE,3.2852522435059472
4483,86,88,MAE,1.5706940103001228
4484,86,88,MAE,6.378932970830735
4485,86,92,LAE|MAE|SAE,3.4921412729261894
4486,86,101,LAE|MAE|SAE,4.582301105298952
4487,86,88,MAE,3.941238781414225
4488,86,88,MAE,15.25142417589658
4489,86,88,MAE,1.9633341146558552
4490,86,110,LAE|MAE|SAE,6.3731752754755995
4491,87,89,LAE|MAE|SAE,2.112192808195504
4492,87,101,LAE|MAE|SAE,4.796778699052528
4493,87,114,LAE|MAE|SAE,7.120033938466507
4494,87,88,LAE|MAE,4.685312180350037
4495,87,88,LAE|MAE,7.757297174548725
4496,87,88,LAE|MAE,7.7534515761900415
4497,87,89,LAE|MAE|SAE,1.6620033566314611
4498,87,89,LAE|MAE|SAE,2.260887983130028
4499,87,88,LAE|MAE,0.9743868680776793
4500,87,88,LAE|MAE,1.140188948238364
4501,87,90,LAE|MAE|SAE,2.413665438814316
4502,87,88,LAE|MAE,4.706182076266537
4503,87,91,LAE|MAE|SAE,2.4927511243279827
4504,87,89,LAE|MAE|SAE,2.1428850601193714
4505,87,88,LAE|MAE,5.166860501196549
4506,87,88,LAE|MAE,14.113179027851015
4507,87,91,LAE|MAE,2.6975614544429307
4508,87,88,LAE|MAE,13.67525716019548
4509,87,88,LAE|MAE,1.3942989401824717
4510,87,94,LAE|MAE|SAE,4.324496504784097
4511,87,95,LAE|MAE|SAE,3.5558576677833136
4512,87,90,LAE|MAE|SAE,1.8992289873895842
4513,87,89,LAE|MAE|SAE,2.5863993589485785
4514,87,92,LAE|MAE|SAE,2.589746479664961
4515,87,94,LAE|MAE|SAE,2.795220284181309
4516,87,89,LAE|MAE|SAE,2.3858607363364066
4517,87,88,LAE|MAE,4.728511589574138
4518,87,88,LAE|MAE,1.7866690345946008
4519,87,89,LAE|MAE|SAE,1.862915844794376
4520,85,89,SAE,14.703090527710808
4521,85,89,SAE,2.5832817206475
4522,85,92,LAE|MAE|SAE,4.1547737441018535
4523,85,96,MAE|SAE,4.381557374798358
4524,85,89,SAE,7.142614762348128
4525,85,93,SAE,2.757099335846835
4526,85,114,MAE|SAE,6.700416817730924
4527,85,96,LAE|MAE|SAE,3.6390334422986443
4528,85,100,LAE|MAE|SAE,4.588691677922115
4529,85,117,LAE|MAE|SAE,13.21077215447149
4530,86,89,MAE|SAE,11.224517469907896
4531,86,92,MAE|SAE,4.773076576092241
4532,86,90,MAE|SAE,3.3965265931181934
4533,86,97,MAE|SAE,3.781498563962804
4534,86,90,MAE|SAE,5.255727762538545
4535,86,89,MAE|SAE,1.9968055524326638
4536,88,91,LAE|MAE|SAE,35.53595874021064
4537,88,89,MAE|SAE,1.8834770239573062
4538,88,92,LAE|MAE|SAE,3.1220686534599937
4539,88,96,LAE|MAE|SAE,2.8633003142011373
4540,88,91,LAE|MAE|SAE,7.32133784113783
4541,88,97,LAE|MAE|SAE,3.241812363595487
4542,88,96,LAE|MAE|SAE,2.9681188628626534
4543,88,95,LAE|MAE|SAE,2.62962931207545
4544,88,118,LAE|MAE|SAE,15.43777106235872
4545,88,90,MAE|SAE,1.4687966278252669
4546,88,90,MAE|SAE,15.490821478227767
4547,88,92,MAE|SAE,19.62720686299947
4548,88,102,LAE|MAE|SAE,4.606541539558051
4549,88,90,MAE|SAE,1.8108551476852075
4550,88,89,MAE|SAE,4.621619294854516
4551,88,89,MAE|SAE,1.2661707697274762
4552,88,94,LAE|MAE|SAE,2.5320070507116035
4553,88,95,LAE|MAE|SAE,15.608795496711604
4554,88,99,LAE|MAE|SAE,5.974856691126293
4555,88,94,LAE|MAE|SAE,5.84908012107737
4556,88,91,LAE|MAE|SAE,1.7191900279605032
4557,88,92,MAE|SAE,11.01380363080396
4558,88,137,LAE|MAE|SAE,11.476303434605976
4559,88,99,LAE|MAE|SAE,20.254030991032
4560,88,93,LAE|MAE|SAE,2.7065703285809177
4561,88,91,LAE|MAE|SAE,1.9487001832768753
4562,88,90,MAE|SAE,2.460277306405291
4563,88,90,MAE|SAE,2.371103368039664
4564,88,99,LAE|MAE|SAE,2.92717740095522
4565,88,104,MAE|SAE,7.764119031031346
4566,88,96,LAE|MAE|SAE,3.3917657038023017
4567,88,91,LAE|MAE|SAE,2.322512782792435
4568,88,92,LAE|MAE|SAE,2.053206578587354
4569,88,92,MAE|SAE,7.546708331473929
4570,88,89,MAE|SAE,1.7581211746717949
4571,88,89,MAE|SAE,1.7045287799281503
4572,88,98,LAE|MAE|SAE,2.6974589584414526
4573,86,109,LAE|MAE|SAE,13.857239939434091
4574,86,90,MAE,4.564531149936253
4575,86,90,MAE,3.9000984297359027
4576,86,94,MAE,6.166528458385128
4577,87,91,LAE|MAE,2.412658778681366
4578,87,116,LAE|MAE|SAE,7.465568198374786
4579,87,99,LAE|MAE,5.913122920342145
4580,87,90,LAE|MAE,2.3321548636175136
4581,87,90,LAE|MAE,2.6364582957074827
4582,87,90,LAE|MAE,2.6087798395175197
4583,87,110,LAE|MAE,6.3366152152169635
4584,87,90,LAE|MAE,2.295962401321893
4585,87,92,LAE|MAE,2.6955567371671414
4586,87,90,LAE|MAE,3.8832100429999614
4587,87,105,LAE|MAE|SAE,12.195029850028265
4588,87,90,LAE|MAE,2.385841187148879
4589,87,98,LAE|MAE|SAE,4.316556069550631
4590,87,91,LAE|MAE,2.224236905762863
4591,87,94,LAE|MAE,4.049234769194508
4592,87,90,LAE|MAE,13.867166412875944
4593,87,91,LAE|MAE,2.03351236474443
4594,87,90,LAE|MAE,2.436243405663103
4595,87,91,LAE|MAE,2.6038813263541782
4596,87,94,LAE|MAE|SAE,4.450204424127692
4597,87,93,LAE|MAE|SAE,3.517985268944485
4598,87,91,LAE|MAE,2.694915618051458
4599,87,93,LAE|MAE|SAE,3.979278404922278
4600,87,90,LAE|MAE,2.742976517392269
4601,87,90,LAE|MAE,2.1311588228517957
4602,87,95,LAE|MAE,2.810464760287652
4603,87,94,LAE|MAE,4.471468673937831
4604,88,92,LAE|MAE,6.013410181808448
4605,88,92,MAE,2.352493114660024
4606,88,92,LAE|MAE,1.7453327566839019
4607,88,90,MAE,2.0944107126134655
4608,88,93,LAE|MAE|SAE,3.957652216369779
4609,88,94,MAE,6.980147524217534
4610,88,96,LAE|MAE|SAE,2.3444196020379926
4611,88,94,LAE|MAE|SAE,2.273482594484959
4612,88,94,MAE|SAE,4.711410558070718
4613,88,96,LAE|MAE|SAE,4.866900159476012
4614,88,93,MAE|SAE,35.70224513851168
4615,88,100,MAE|SAE,3.969893467351105
4616,88,91,LAE|MAE,6.304403116097842
4617,88,90,MAE,1.7684699044972023
4618,88,93,LAE|MAE|SAE,2.7998832356313312
4619,89,101,LAE|MAE|SAE,5.084483881606515
4620,89,91,LAE|MAE|SAE,2.0449817959127623
4621,89,98,LAE|MAE|SAE,2.9208028001860122
4622,89,90,MAE|SAE,1.7499704236943212
4623,89,91,LAE|MAE|SAE,2.023439610667273
4624,89,92,MAE|SAE,5.6895149724429
4625,89,110,LAE|MAE|SAE,8.05341679050408
4626,89,94,LAE|MAE|SAE,5.536015086069516
4627,89,97,LAE|MAE|SAE,3.4817671474910843
4628,89,92,MAE|SAE,1.9984721252379345
4629,89,98,MAE|SAE,22.279114241714964
4630,89,96,LAE|MAE|SAE,2.2912491961782924
4631,89,93,LAE|MAE|SAE,2.320218842948739
4632,89,90,MAE|SAE,1.7349423057525277
4633,89,93,LAE|MAE|SAE,2.027194408523065
4634,89,91,LAE|MAE|SAE,2.974999816660347
4635,89,91,LAE|MAE|SAE,1.8500826354925135
4636,89,90,MAE|SAE,1.8666914636339922
4637,89,93,MAE|SAE,4.3409920069768
4638,89,101,LAE|MAE|SAE,12.335965760279082
4639,89,98,LAE|MAE|SAE,2.9789860809656785
4640,89,112,LAE|MAE|SAE,6.083593533019363
4641,89,134,MAE|SAE,10.253545240953743
4642,89,92,MAE|SAE,2.588979166532815
4643,89,96,LAE|MAE|SAE,4.171730295623942
4644,89,99,LAE|MAE|SAE,3.6229783020308965
4645,89,90,MAE|SAE,3.0265248428157854
4646,89,96,LAE|MAE|SAE,3.207547259934585
4647,89,93,MAE|SAE,10.94227722330507
4648,89,91,LAE|MAE|SAE,1.919918194901388
4649,89,90,MAE|SAE,1.79182233806964
4650,89,90,MAE|SAE,9.465506321546435
4651,89,91,LAE|MAE|SAE,1.9195583914199839
4652,89,91,LAE|MAE|SAE,2.00468868572042
4653,89,94,MAE|SAE,30.56684342106715
4654,89,90,MAE|SAE,1.8866284144409105
4655,89,94,MAE|SAE,11.737926850993347
4656,89,92,MAE|SAE,2.1721058832896407
4657,89,92,LAE|MAE|SAE,1.893121143733831
4658,89,99,LAE|MAE|SAE,3.475113349801856
4659,87,91,LAE,2.904546383933787
4660,87,95,LAE|MAE,3.8787038704411874
4661,87,95,LAE,3.0565773742566202
4662,87,98,LAE|MAE|SAE,3.749477703605596
4663,87,94,LAE|MAE,3.5971101367727227
4664,87,91,LAE,2.2150729883606157
4665,87,92,LAE|MAE,3.4267025505078084
4666,88,91,LAE|MAE,11.376284836615957
4667,88,91,LAE|MAE,4.35901060298854
4668,88,91,LAE|MAE,2.780832882308985
4669,88,91,LAE|MAE,5.213481298198889
4670,90,97,LAE|MAE|SAE,2.342890150823866
4671,90,91,LAE|MAE,1.3643260779255066
4672,90,96,LAE|MAE|SAE,2.848420881628407
4673,90,92,LAE|MAE,3.0508140171296154
4674,90,94,LAE|MAE|SAE,4.865719430020954
4675,90,93,LAE|MAE|SAE,1.9091165037229525
4676,90,91,LAE|MAE,1.1458728392938877
4677,90,93,LAE|MAE|SAE,1.408956338707746
4678,90,106,LAE|MAE|SAE,5.513579971835753
4679,90,96,LAE|MAE|SAE,4.183454450281777
4680,90,92,LAE|MAE,3.9992688667608935
4681,90,116,LAE|MAE|SAE,7.014976168520076
4682,90,114,LAE|MAE|SAE,5.720101281321428
4683,90,97,LAE|MAE|SAE,3.1493468045503055
4684,90,93,LAE|MAE|SAE,13.522392823834664
4685,90,97,LAE|MAE|SAE,2.2951239362304574
4686,90,93,LAE|MAE|SAE,2.378840753509273
4687,90,92,LAE|MAE,1.530798596202635
4688,90,91,LAE|MAE,1.8943838944302638
4689,90,94,LAE|MAE|SAE,1.986477833542907
4690,90,93,LAE|MAE|SAE,7.4060437676386535
4691,90,97,LAE|MAE|SAE,3.622599132818195
4692,90,93,LAE|MAE|SAE,2.0816837916727136
4693,90,91,LAE|MAE,2.963856828586497
4694,90,93,LAE|MAE|SAE,2.3771062044249067
4695,90,95,LAE|MAE,3.546286397219871
4696,90,104,LAE|MAE|SAE,6.108763618116088
4697,90,122,LAE|MAE,7.9841419027423335
4698,90,92,LAE|MAE,1.8868343149306095
4699,90,91,LAE|MAE,12.63159292828569
4700,90,117,LAE|MAE|SAE,12.884223247829336
4701,90,91,LAE|MAE,2.7092114322610277
4702,90,92,LAE|MAE,1.4946522481289393
4703,90,99,LAE|MAE|SAE,3.33796227516491
4704,90,91,LAE|MAE,2.073787646498132
4705,88,98,MAE,16.470463364490872
4706,88,99,LAE|MAE,4.290598928376929
4707,88,96,LAE|MAE|SAE,3.046674176945725
4708,89,94,MAE|SAE,2.168058173269424
4709,89,97,MAE|SAE,3.486914078364773
4710,89,120,MAE|SAE,11.840852016371063
4711,89,92,MAE|SAE,2.9328995366439754
4712,89,93,MAE|SAE,1.9669306737088224
4713,89,92,MAE|SAE,1.8612359055619776
4714,89,92,MAE|SAE,1.9834280054082547
4715,89,97,MAE|SAE,3.158607246644784
4716,89,93,MAE|SAE,2.441883137491799
4717,89,92,MAE|SAE,3.0052622989439253
4718,89,92,MAE|SAE,11.595790122660304
4719,89,92,MAE|SAE,3.559823825248861
4720,89,96,MAE|SAE,2.789144870694567
4721,89,98,LAE|MAE|SAE,5.383536626262301
4722,89,92,MAE|SAE,3.8346273381566243
4723,89,96,MAE|SAE,2.8786508906512807
4724,90,95,LAE|MAE|SAE,11.931691404222098
4725,90,96,MAE|SAE,3.0958172802476027
4726,90,94,MAE,3.1717184413016084
4727,90,105,LAE|MAE|SAE,5.272875649325188
4728,90,93,MAE|SAE,3.1052743978030053
4729,90,104,LAE|MAE|SAE,4.999726633733041
4730,90,94,MAE,35.50134153942726
4731,90,106,LAE|MAE|SAE,5.891064175144582
4732,90,98,LAE|MAE|SAE,3.3404134565076937
4733,90,92,MAE,58.1082177499013
4734,90,92,MAE,5.383410025734919
4735,90,94,MAE,6.1408523521350675
4736,90,92,MAE,5.483771647017756
4737,90,93,MAE|SAE,2.430943252825375
4738,90,94,MAE|SAE,6.426703651475754
4739,90,92,MAE,3.014394250382686
4740,90,102,LAE|MAE|SAE,4.784675434515564
4741,90,96,LAE|MAE,4.137884971849002
4742,90,93,MAE|SAE,2.7514656665149855
4743,90,93,MAE|SAE,2.425573354405177
4744,90,92,MAE,49.67627377396329
4745,91,106,LAE|MAE|SAE,5.256821797475783
4746,91,93,LAE|MAE|SAE,2.9754414103115647
4747,91,93,LAE|MAE|SAE,2.3432484853099655
4748,91,96,LAE|MAE|SAE,3.840244130248736
4749,91,94,LAE|MAE|SAE,21.827559337887948
4750,91,99,LAE|MAE|SAE,6.4460243722596475
4751,91,96,LAE|MAE|SAE,2.2081930592764323
4752,91,94,LAE|MAE,2.138232139551294
4753,91,102,LAE|MAE|SAE,4.146679462893499
4754,91,93,LAE|MAE|SAE,2.1481365132304364
4755,91,100,LAE|MAE|SAE,5.582283752615233
4756,91,92,LAE|MAE,3.0432627065638473
4757,91,95,LAE|MAE,2.729449688255706
4758,91,97,LAE|MAE|SAE,3.2869229321404037
4759,91,92,LAE|MAE,2.458642197555655
4760,91,96,LAE|MAE|SAE,3.1615117814086635
4761,91,92,LAE|MAE,2.1646392327883626
4762,91,95,LAE|MAE,2.114741562864559
4763,91,101,LAE|MAE|SAE,3.681725465022837
4764,91,97,LAE|MAE|SAE,2.5638379469148123
4765,91,124,LAE|MAE|SAE,9.488378551337822
4766,91,92,LAE|MAE,3.048001115265536
4767,91,95,LAE|MAE,2.738940867903199
4768,91,92,LAE|MAE,3.69154522732155
4769,91,93,LAE|MAE|SAE,4.2980476872905555
4770,91,95,LAE|MAE|SAE,2.8031999592627876
4771,91,93,LAE|MAE|SAE,9.125284323156556
4772,91,92,LAE|MAE,6.358448849589773
4773,91,106,LAE|MAE|SAE,5.815119247067393
4774,89,122,LAE|MAE|SAE,9.427856561258809
4775,89,93,SAE,2.8164161504575933
4776,89,93,SAE,2.614741202151296
4777,89,105,MAE|SAE,10.845469289064008
4778,89,101,LAE|MAE|SAE,3.5127659606396775
4779,89,96,LAE|MAE|SAE,7.265805992581742
4780,89,93,SAE,2.5962359866439133
4781,89,100,MAE|SAE,4.0835893188391905
4782,89,93,SAE,3.862140518123855
4783,90,96,MAE|SAE,4.0895983647394605
4784,90,93,MAE|SAE,2.293948502213109
4785,90,94,MAE|SAE,4.464126671382551
4786,90,94,MAE|SAE,3.568235501012147
4787,90,94,MAE|SAE,2.3982584628194923
4788,90,96,MAE|SAE,3.4677413092582814
4789,90,93,MAE|SAE,2.388810557986199
4790,90,96,LAE|MAE|SAE,3.8220186986633715
4791,90,105,MAE|SAE,6.091560517528487
4792,92,97,LAE|MAE|SAE,3.035369901774054
4793,92,93,MAE|SAE,1.3630658718205761
4794,92,94,MAE|SAE,2.814778633240058
4795,92,101,LAE|MAE|SAE,17.310542297054877
4796,92,95,LAE|MAE|SAE,4.453129661061736
4797,92,97,MAE|SAE,1.9854318519943959
4798,92,112,LAE|MAE|SAE,4.792591943801442
4799,92,97,LAE|MAE|SAE,2.0048190513089357
4800,92,100,LAE|MAE|SAE,2.8862052467531973
4801,92,94,MAE|SAE,1.7816360180406106
4802,92,96,MAE|SAE,3.062097331391746
4803,92,93,MAE|SAE,5.982365570576317
4804,92,98,LAE|MAE|SAE,2.033280386610081
4805,92,96,LAE|MAE|SAE,2.3971991805426307
4806,92,99,LAE|MAE|SAE,3.5954629607771804
4807,92,97,LAE|MAE|SAE,2.130450453127942
4808,92,97,LAE|MAE|SAE,3.0986823547822353
4809,92,93,MAE|SAE,2.3820048060253445
4810,92,93,MAE|SAE,1.6951922365792076
4811,92,101,LAE|MAE|SAE,3.181181901861281
4812,92,113,LAE|MAE|SAE,5.2823299040886615
4813,92,110,LAE|MAE|SAE,5.306245370178886
4814,92,99,LAE|MAE|SAE,2.9908297937690227
4815,92,93,MAE|SAE,2.6472361619811813
4816,92,98,LAE|MAE|SAE,2.533742336803896
4817,90,106,MAE|SAE,8.269184231822571
4818,90,98,MAE,5.661908289578665
4819,90,94,MAE,7.8979477063628565
4820,90,94,MAE,2.592849401253717
4821,91,95,LAE|MAE,2.2682718981632495
4822,91,94,LAE|MAE,3.447423737229745
4823,91,95,LAE|MAE,2.8566956361824207
4824,91,94,LAE|MAE,11.686829483310854
4825,91,94,LAE|MAE,2.310990600778905
4826,91,113,LAE|MAE|SAE,4.995675170759661
4827,91,101,LAE|MAE|SAE,3.2491351299195035
4828,91,94,LAE|MAE,2.263966421692685
4829,91,95,LAE|MAE,2.2078832741228336
4830,91,94,LAE|MAE,4.99930890615002
4831,91,102,LAE|MAE,4.271070616841589
4832,91,106,LAE|MAE|SAE,5.134304555042497
4833,91,99,LAE|MAE,11.024811424402946
4834,91,94,LAE|MAE,4.126481025030894
4835,91,121,LAE|MAE|SAE,10.38013257492441
4836,91,94,LAE|MAE,7.37682881364851
4837,91,96,LAE|MAE,2.177684633924198
4838,91,99,LAE|MAE,3.825169880482994
4839,91,96,LAE|MAE,4.901624581731691
4840,92,94,MAE,3.8127357531513812
4841,92,104,LAE|MAE|SAE,3.6642795192570907
4842,92,94,MAE,6.107559174241065
4843,92,102,LAE|MAE|SAE,5.775873268619273
4844,92,94,MAE,1.856040791361743
4845,92,94,MAE,36.941767877684605
4846,92,112,LAE|MAE|SAE,9.211826223140934
4847,92,102,MAE,49.59265248279124
4848,92,94,MAE,2.205820283627974
4849,92,94,MAE,2.715721129109638
4850,92,104,LAE|MAE|SAE,5.5371260980644195
4851,92,94,MAE,57.71571804168482
4852,93,97,LAE|MAE|SAE,1.82706513523152
4853,93,94,MAE|SAE,1.8614075768691085
4854,93,99,LAE|MAE|SAE,3.0085597980124716
4855,93,97,MAE|SAE,2.530480649342841
4856,93,99,LAE|MAE|SAE,2.937860837836975
4857,93,94,MAE|SAE,1.835493696059583
4858,93,97,MAE|SAE,2.7458113509525246
4859,93,94,MAE|SAE,1.8672034980625878
4860,93,95,LAE|MAE|SAE,1.8892379426339925
4861,93,94,MAE|SAE,3.4316587421974485
4862,93,94,MAE|SAE,3.742240504743174
4863,93,98,LAE|MAE|SAE,3.4614804138620023
4864,93,94,MAE|SAE,1.8735762622532173
4865,93,99,LAE|MAE|SAE,2.8932656334659694
4866,93,97,LAE|MAE|SAE,2.63063075490752
4867,93,98,LAE|MAE|SAE,2.7575208372072013
4868,93,95,LAE|MAE|SAE,5.634389639627045
4869,93,97,LAE|MAE|SAE,3.8114320622282185
4870,93,98,LAE|MAE|SAE,6.911223429254774
4871,93,94,MAE|SAE,3.0718911752921865
4872,93,94,MAE|SAE,3.2701614305969984
4873,93,102,LAE|MAE|SAE,6.101274610385202
4874,93,102,MAE|SAE,3.820750951321122
4875,93,110,LAE|MAE|SAE,6.959660751907153
4876,93,101,LAE|MAE|SAE,6.020840817992161
4877,93,110,LAE|MAE|SAE,7.267943496022854
4878,93,94,MAE|SAE,2.2281436787924975
4879,93,100,LAE|MAE|SAE,2.8970710495578467
4880,93,95,LAE|MAE|SAE,1.7605834162362286
4881,93,97,MAE|SAE,3.007441343146192
4882,93,94,MAE|SAE,4.799759332583562
4883,93,132,LAE|MAE|SAE,10.759599698230414
4884,93,102,MAE|SAE,6.734427981777029
4885,93,95,LAE|MAE|SAE,1.7906093532850231
4886,91,97,LAE|MAE|SAE,5.469185545224874
4887,91,121,LAE|MAE|SAE,11.591628798498775
4888,91,95,LAE,5.51760827291643
4889,91,95,LAE,2.9319482127151595
4890,91,95,LAE,5.841112698280477
4891,91,99,LAE,9.740208178093376
4892,92,95,LAE|MAE,3.6927421816821866
4893,92,95,LAE|MAE,3.894046405302759
4894,92,95,LAE|MAE,5.155041012298809
4895,92,95,LAE|MAE,2.100001918652498
4896,92,96,LAE|MAE,3.219105499406383
4897,92,104,LAE|MAE|SAE,7.218319244638838
4898,92,96,LAE|MAE,3.2403650589811948
4899,92,95,LAE|MAE,23.154941683993176
4900,92,95,LAE|MAE,3.997434400389915
4901,92,98,LAE|MAE|SAE,3.1628621502642895
4902,92,96,LAE|MAE,4.3356402451334395
4903,92,102,LAE|MAE,5.564725939181946
4904,92,97,LAE|MAE|SAE,2.6909504051432136
4905,94,99,LAE|MAE|SAE,2.570218972134766
4906,94,99,LAE|MAE,2.7810094753952987
4907,94,96,LAE|MAE,1.7745702015772205
4908,94,97,LAE|MAE|SAE,1.7093761498827413
4909,94,136,LAE|MAE|SAE,9.356562801374917
4910,94,97,LAE|MAE|SAE,4.767492579949327
4911,94,95,LAE|MAE,1.8094284840651707
4912,94,95,LAE|MAE,1.5369987881314384
4913,94,100,LAE|MAE|SAE,2.5588663718689366
4914,94,96,LAE|MAE,1.7536016574646398
4915,94,96,LAE|MAE,1.645313219287372
4916,94,95,LAE|MAE,1.8476965237665586
4917,94,110,LAE|MAE|SAE,5.654459582047109
4918,94,95,LAE|MAE,1.793734120499378
4919,94,99,LAE|MAE,5.257470634530215
4920,94,99,LAE|MAE|SAE,3.5735601058132493
4921,94,96,LAE|MAE,1.543115350260464
4922,94,104,LAE|MAE|SAE,3.7788143443992914
4923,94,97,LAE|MAE|SAE,9.580015736084583
4924,94,106,LAE|MAE|SAE,5.868788607971126
4925,94,98,LAE|MAE|SAE,3.6193280492999405
4926,94,95,LAE|MAE,2.3394854253933937
4927,94,99,LAE|MAE,10.673742511871549
4928,94,99,LAE|MAE,2.979388455342167
4929,94,117,LAE|MAE|SAE,6.286685737609626
4930,92,96,MAE,2.642207260369521
4931,92,97,MAE|SAE,2.459925593349212
4932,92,96,MAE,5.944093738665254
4933,93,97,MAE|SAE,2.3110849420355764
4934,93,96,MAE|SAE,2.2473422302527872
4935,93,100,MAE|SAE,3.204063467342726
4936,93,96,MAE|SAE,1.846525626431251
4937,93,96,MAE|SAE,1.922777566750875
4938,93,96,MAE|SAE,2.5709627385346363
4939,93,101,MAE|SAE,3.8495630148998936
4940,93,96,MAE|SAE,1.9088061408078407
4941,93,97,MAE|SAE,3.429535105361991
4942,93,99,LAE|MAE|SAE,3.0129266618539736
4943,93,97,MAE|SAE,3.0109053702170017
4944,93,100,MAE|SAE,14.348372608833259
4945,93,102,LAE|MAE|SAE,4.252951787868538
4946,93,96,MAE|SAE,2.427995390431839
4947,93,96,MAE|SAE,1.9685551465819169
4948,93,96,MAE|SAE,2.4907889210218324
4949,93,106,LAE|MAE|SAE,32.9497580334963
4950,93,96,MAE|SAE,1.8484231622670693
4951,93,97,MAE|SAE,1.8627043016175702
4952,93,96,MAE|SAE,5.321896263806077
4953,93,96,MAE|SAE,3.4840109190321815
4954,94,97,MAE|SAE,2.3554316293515036
4955,94,100,MAE,5.03517310093096
4956,94,138,MAE,15.656431542177348
4957,94,96,MAE,5.225673550834016
4958,94,96,MAE,5.363307477897979
4959,94,96,MAE,5.340368326912793
4960,94,104,MAE|SAE,3.8815664202753517
4961,94,97,MAE|SAE,2.5892493779398293
4962,94,98,MAE,2.74199168856873
4963,94,96,MAE,5.508199226161532
4964,94,100,MAE,5.012958778151918
4965,94,96,MAE,5.45001921648548
4966,94,96,MAE,3.1490893193386893
4967,94,96,MAE,1.7184299804604692
4968,94,96,MAE,1.8601054971522797
4969,94,98,MAE|SAE,4.451092361320838
4970,94,97,MAE|SAE,1.5863555668860325
4971,94,98,MAE,57.90287577917586
4972,94,96,MAE,5.911772304947573
4973,94,100,LAE|MAE,9.287975126029643
4974,95,96,LAE|MAE,1.5544141630002761
4975,95,98,LAE|MAE|SAE,3.355422609371435
4976,95,96,LAE|MAE,1.50306994917058
4977,95,98,LAE|MAE|SAE,1.5173392364378069
4978,95,96,LAE|MAE,3.729078192632296
4979,95,96,LAE|MAE,3.8455424683073316
4980,95,106,LAE|MAE|SAE,3.4917724849127265
4981,95,96,LAE|MAE,1.295089802262811
4982,95,102,LAE|MAE|SAE,3.4700755409814192
4983,95,97,LAE|MAE|SAE,4.472370637483743
4984,95,96,LAE|MAE,2.6066662272435015
4985,95,96,LAE|MAE,1.9732726630691209
4986,95,103,LAE|MAE|SAE,3.620587018829458
4987,95,102,LAE|MAE|SAE,3.126303729628008
4988,95,122,LAE|MAE|SAE,10.908310271028961
4989,95,99,LAE|MAE,5.246434362701769
4990,95,104,LAE|MAE|SAE,5.197573957334571
4991,95,97,LAE|MAE|SAE,1.5250982890895428
4992,95,105,LAE|MAE|SAE,3.37587092314277
4993,95,97,LAE|MAE|SAE,4.594913089741026
4994,95,97,LAE|MAE|SAE,1.7039919792103704
4995,95,100,LAE|MAE|SAE,2.6415727455904126
4996,93,113,SAE,10.135399272618635
4997,93,101,MAE|SAE,5.784456856738896
4998,93,133,LAE|MAE|SAE,11.330286231812865
4999,93,117,MAE|SAE,10.939133655320651
5000,93,97,SAE,6.52909553609004
5001,94,104,MAE|SAE,5.0796988872345565
5002,94,97,MAE|SAE,6.084654143749062
5003,94,100,LAE|MAE|SAE,2.6894520670754267
5004,94,101,MAE|SAE,5.420794656050801
5005,94,98,MAE|SAE,3.1860108131715097
5006,94,97,MAE|SAE,2.8481678955340644
5007,94,105,LAE|MAE|SAE,5.894821824839902
5008,94,98,MAE|SAE,1.6997135663985932
5009,94,109,LAE|MAE|SAE,8.94384100655816
5010,94,105,LAE|MAE|SAE,5.4708961281400255
5011,96,100,LAE|MAE|SAE,3.157318742936936
5012,96,101,LAE|MAE|SAE,3.0639228972016803
5013,96,104,LAE|MAE|SAE,3.1184373932826928
5014,96,102,LAE|MAE|SAE,2.7600378749092758
5015,96,103,LAE|MAE|SAE,3.0653287326103418
5016,96,97,MAE|SAE,2.76251707913478
5017,96,97,MAE|SAE,2.3253199518266285
5018,96,98,MAE|SAE,2.2471391914426073
5019,96,106,LAE|MAE|SAE,5.447830012732806
5020,96,101,MAE|SAE,2.6995897589567543
5021,96,102,LAE|MAE|SAE,2.9415666750664893
5022,96,97,MAE|SAE,1.2959572919665472
5023,96,102,LAE|MAE|SAE,2.7548835827909284
5024,96,114,LAE|MAE|SAE,9.659900423899435
5025,96,101,LAE|MAE|SAE,4.547846631093666
5026,96,98,MAE|SAE,2.4426073316802395
5027,96,97,MAE|SAE,5.833219516090676
5028,96,110,LAE|MAE|SAE,6.226650365141311
5029,96,102,LAE|MAE|SAE,5.144296001612174
5030,96,98,MAE|SAE,1.2715407029626242
5031,96,97,MAE|SAE,2.4460346167288214
5032,96,98,MAE|SAE,1.2553140604845892
5033,96,109,LAE|MAE|SAE,8.195294628251277
5034,96,105,LAE|MAE|SAE,5.084397366763713
5035,96,133,LAE|MAE|SAE,9.530594857709596
5036,96,100,MAE|SAE,3.3617612362538365
5037,96,98,MAE|SAE,6.300499799642123
5038,96,106,MAE|SAE,6.534258477021491
5039,96,126,MAE|SAE,9.999989317550975
5040,96,101,MAE|SAE,4.6285519719173855
5041,96,97,MAE|SAE,5.385014255950329
5042,96,98,MAE|SAE,3.045320106751704
5043,96,105,LAE|MAE|SAE,4.2694105708679775
5044,96,102,LAE|MAE|SAE,3.219735240437457
5045,96,100,LAE|MAE|SAE,8.933261194374742
5046,94,102,MAE|SAE,6.174607237700574
5047,94,113,MAE|SAE,9.699426937434765
5048,95,98,LAE|MAE,1.5256451445859256
5049,95,98,LAE|MAE,2.550691934058167
5050,95,99,LAE|MAE,5.572909169085281
5051,95,102,LAE|MAE,8.432126748219392
5052,95,98,LAE|MAE,10.020630481203217
5053,95,106,LAE|MAE|SAE,6.327379282957379
5054,95,98,LAE|MAE,1.5330225571214324
5055,95,110,LAE|MAE,6.160814664830013
5056,95,106,LAE|MAE|SAE,5.570764598497284
5057,95,98,LAE|MAE,3.320784473454693
5058,95,98,LAE|MAE,4.64716373563461
5059,95,100,LAE|MAE,3.2804455647289537
5060,95,100,LAE|MAE,5.065310952004528
5061,95,99,LAE|MAE,2.929412382360695
5062,95,109,LAE|MAE|SAE,5.831026242066306
5063,95,99,LAE|MAE,10.100828883651847
5064,95,104,LAE|MAE|SAE,3.32720711042535
5065,95,99,LAE|MAE,10.718190906631882
5066,95,104,LAE|MAE|SAE,6.388001800960902
5067,95,98,LAE|MAE,9.993683040977322
5068,95,100,LAE|MAE,5.208827854206696
5069,95,99,LAE|MAE,5.884435535379562
5070,95,100,LAE|MAE,5.816017233501612
5071,95,101,LAE|MAE|SAE,5.535239686152544
5072,95,105,LAE|MAE|SAE,6.070142026519283
5073,95,134,LAE|MAE|SAE,9.914555347793986
5074,95,113,LAE|MAE|SAE,5.056719764562019
5075,95,101,LAE|MAE|SAE,5.381947341079129
5076,95,98,LAE|MAE,4.932263741615915
5077,96,114,LAE|MAE,5.5139485330149265
5078,96,106,MAE,54.413523170138085
5079,96,114,MAE|SAE,5.2715993986879655
5080,96,99,LAE|MAE,2.3590272129083933
5081,96,102,MAE,41.83886077169311
5082,96,136,MAE,33.16816637061655
5083,96,100,MAE,2.832375393886656
5084,96,98,MAE,2.349456817405942
5085,96,100,MAE,5.485140196620143
5086,96,101,LAE|MAE|SAE,3.1959454254962543
5087,96,102,LAE|MAE|SAE,2.8995653776091403
5088,96,102,MAE,52.012830154540815
5089,96,100,LAE|MAE,4.949770220347045
5090,97,104,LAE|MAE|SAE,2.8307809163657933
5091,97,104,LAE|MAE|SAE,2.7725475496682703
5092,97,101,MAE|SAE,2.3293487308156284
5093,97,98,MAE|SAE,0.9742319850939383
5094,97,128,MAE|SAE,9.750957723576064
5095,97,98,MAE|SAE,1.0065712243055278
5096,97,141,LAE|MAE|SAE,9.103381990055288
5097,97,102,MAE|SAE,4.425242811202698
5098,97,100,MAE|SAE,4.545272953601309
5099,97,105,LAE|MAE|SAE,9.287663849786812
5100,97,98,MAE|SAE,1.0258629222801685
5101,97,98,MAE|SAE,1.123016725997444
5102,97,104,LAE|MAE|SAE,6.025270786712034
5103,97,104,LAE|MAE|SAE,5.685532950191534
5104,97,113,LAE|MAE|SAE,5.414139512053409
5105,97,102,LAE|MAE|SAE,6.125834591839972
5106,97,98,MAE|SAE,1.5228230948567296
5107,97,98,MAE|SAE,0.9651758058356221
5108,97,105,LAE|MAE|SAE,2.6874112308604876
5109,97,104,LAE|MAE|SAE,2.8826233951191456
5110,97,102,MAE|SAE,2.245354620089012
5111,97,100,MAE|SAE,2.844328665925497
5112,97,98,MAE|SAE,3.8015571013776586
5113,97,101,LAE|MAE|SAE,2.835412810911644
5114,97,102,LAE|MAE|SAE,3.20818283513664
5115,97,101,MAE|SAE,5.448397699090732
5116,97,98,MAE|SAE,2.7446202111458398
5117,97,98,MAE|SAE,3.783145326483873
5118,97,108,LAE|MAE|SAE,4.3402072672913175
5119,97,106,LAE|MAE|SAE,2.7578576287916285
5120,97,101,LAE|MAE|SAE,7.617247158594415
5121,97,102,MAE|SAE,3.023054773996061
5122,97,101,MAE|SAE,10.578264772927975
5123,97,102,LAE|MAE|SAE,6.15125852523655
5124,97,99,LAE|MAE|SAE,2.124648248218702
5125,97,103,LAE|MAE|SAE,2.9310116903699126
5126,97,98,MAE|SAE,1.9148626153487325
5127,97,108,MAE|SAE,5.952677754834124
5128,97,102,LAE|MAE|SAE,2.6023347599535285
5129,97,98,MAE|SAE,4.439565475439961
5130,97,98,MAE|SAE,3.8057389570498166
5131,97,101,MAE|SAE,2.755663387293006
5132,97,101,MAE|SAE,2.959580532080436
5133,97,98,MAE|SAE,2.7058413655360596
5134,97,98,MAE|SAE,2.1257046914530546
5135,97,99,LAE|MAE|SAE,1.1353642793443097
5136,97,105,LAE|MAE|SAE,6.0772740433770975
5137,97,98,MAE|SAE,2.828304830186876
5138,97,98,MAE|SAE,5.269991971792096
5139,97,120,LAE|MAE|SAE,12.36969467623965
5140,97,100,MAE|SAE,6.063569451653585
5141,95,99,LAE,4.584401091377971
5142,95,102,LAE|MAE,6.0459542500705785
5143,95,99,LAE,4.7201772982150105
5144,96,102,LAE|MAE|SAE,3.1812252525801217
5145,96,101,LAE|MAE|SAE,2.7873198817055647
5146,96,99,LAE|MAE,2.0940614901364447
5147,96,99,LAE|MAE,5.8995976198847515
5148,96,100,LAE|MAE,3.0671507227238926
5149,98,114,LAE|MAE|SAE,4.358549339947056
5150,98,99,LAE|MAE,2.838612060937922
5151,98,106,LAE|MAE|SAE,4.4306991991190285
5152,98,102,LAE|MAE|SAE,6.004348824264393
5153,98,99,LAE|MAE,2.6478110748296078
5154,98,110,LAE|MAE|SAE,3.3966955213763503
5155,98,99,LAE|MAE,0.8718575385987508
5156,98,100,LAE|MAE,2.690722680348162
5157,98,110,LAE|MAE|SAE,3.6925625129051234
5158,98,106,LAE|MAE,5.254848955277963
5159,98,102,LAE|MAE|SAE,2.4122279574826164
5160,98,100,LAE|MAE,4.518959845481088
5161,98,104,LAE|MAE|SAE,4.713727310428918
5162,98,100,LAE|MAE,5.55057515116482
5163,98,114,LAE|MAE|SAE,4.718239302687154
5164,98,105,LAE|MAE|SAE,4.481056776979799
5165,98,106,LAE|MAE|SAE,5.37244778581447
5166,98,99,LAE|MAE,5.9694650565922185
5167,98,99,LAE|MAE,4.862517413891352
5168,98,99,LAE|MAE,4.632487338605117
5169,98,110,LAE|MAE|SAE,4.579524195583373
5170,98,102,LAE|MAE|SAE,2.294929196377179
5171,98,99,LAE|MAE,1.9820213734124272
5172,98,100,LAE|MAE,2.686152365157639
5173,98,101,LAE|MAE|SAE,4.442803290555042
5174,98,99,LAE|MAE,2.7394300189225618
5175,98,104,LAE|MAE,2.904685888724249
5176,98,110,LAE|MAE|SAE,5.9737599410244995
5177,98,108,LAE|MAE|SAE,4.026185386776355
5178,98,120,LAE|MAE|SAE,9.65937735472321
5179,98,99,LAE|MAE,1.029164352299739
5180,96,102,MAE,3.169961778976372
5181,97,102,MAE|SAE,2.726244121634529
5182,97,126,MAE|SAE,7.970473323763824
5183,97,101,MAE|SAE,4.444619370997443
5184,97,102,MAE|SAE,4.483913601376077
5185,97,100,MAE|SAE,2.0063381845216988
5186,97,100,MAE|SAE,2.665391468873525
5187,97,109,MAE|SAE,5.708414155798931
5188,97,101,MAE|SAE,2.294931945675561
5189,97,109,MAE|SAE,6.765436708503109
5190,97,100,MAE|SAE,3.5920285275229054
5191,97,104,MAE|SAE,5.602199081561933
5192,97,101,MAE|SAE,3.472483806025125
5193,97,103,LAE|MAE|SAE,2.912554269358278
5194,97,100,MAE|SAE,1.9610510368023708
5195,97,100,MAE|SAE,2.750976669297658
5196,97,100,MAE|SAE,4.487949580333103
5197,97,108,MAE|SAE,10.173829468544564
5198,97,104,MAE|SAE,4.429571037509313
5199,97,105,MAE|SAE,5.516701073964298
5200,98,100,MAE,1.8506181651316849
5201,98,100,MAE,5.272914962790546
5202,98,100,MAE,2.600510264893625
5203,98,108,MAE|SAE,9.941391520808393
5204,98,105,MAE|SAE,4.9028597256634745
5205,98,100,MAE,2.703058106405478
5206,98,101,MAE|SAE,2.7670037644205356
5207,98,104,MAE|SAE,2.650488959773384
5208,98,104,MAE|SAE,4.333252965589876
5209,98,102,MAE|SAE,2.230934723243387
5210,98,102,MAE,5.63993699799893
5211,98,100,MAE,1.4574918854489736
5212,98,104,MAE|SAE,6.092108333596646
5213,98,109,LAE|MAE|SAE,3.752301474899473
5214,98,102,MAE,5.852406847536078
5215,98,100,MAE,2.8564758639814323
5216,99,100,LAE|MAE,2.239941842137748
5217,99,118,LAE|MAE|SAE,8.855421233942195
5218,99,112,LAE|MAE|SAE,3.982823184188447
5219,99,102,LAE|MAE|SAE,2.1226187694849648
5220,99,102,LAE|MAE,4.140499884904038
5221,99,105,LAE|MAE|SAE,2.279538833677208
5222,99,105,LAE|MAE|SAE,2.6701215651587424
5223,99,109,LAE|MAE|SAE,5.7067386395390916
5224,99,105,LAE|MAE|SAE,2.8517962000870822
5225,99,104,LAE|MAE|SAE,5.027973521869021
5226,99,114,LAE|MAE|SAE,4.053466858156868
5227,99,100,LAE|MAE,3.706354860844833
5228,99,106,LAE|MAE|SAE,5.361378556199116
5229,99,100,LAE|MAE,2.0897026750916323
5230,99,100,LAE|MAE,2.211895403282087
5231,99,102,LAE|MAE,5.671731609943088
5232,99,108,LAE|MAE,8.496023888621778
5233,99,113,LAE|MAE|SAE,7.40501722002687
5234,99,103,LAE|MAE,4.298284856404304
5235,99,102,LAE|MAE|SAE,5.147442001007622
5236,99,100,LAE|MAE,4.660851186373925
5237,99,100,LAE|MAE,2.5109627057289066
5238,97,120,MAE|SAE,9.391497142114376
5239,97,102,MAE|SAE,2.5735322246346266
5240,97,117,MAE|SAE,9.22407533940802
5241,97,101,SAE,16.103651236339743
5242,97,101,SAE,2.311457938619842
5243,97,101,SAE,2.915977700082755
5244,97,109,MAE|SAE,9.94243161413455
5245,97,101,SAE,2.792051701100661
5246,97,130,MAE|SAE,10.125404460224456
5247,97,117,MAE|SAE,8.526219600133764
5248,97,121,MAE|SAE,8.986102657947505
5249,97,101,SAE,2.412688592744391
5250,97,101,SAE,12.823626460968612
5251,97,123,LAE|MAE|SAE,9.60483311050801
5252,97,101,SAE,3.006027281055543
5253,97,101,SAE,5.824686141802649
5254,97,105,SAE,11.136995954330615
5255,97,101,SAE,5.248047416255404
5256,98,122,MAE|SAE,8.129091817806822
5257,98,101,MAE|SAE,5.230920431309017
5258,98,101,MAE|SAE,2.4574338930397563
5259,98,102,MAE|SAE,6.081525162126842
5260,98,108,MAE|SAE,2.912983835281502
5261,98,102,MAE|SAE,9.685669043304811
5262,100,105,LAE|MAE|SAE,6.650618327718496
5263,100,110,LAE|MAE|SAE,3.987227108492449
5264,100,104,MAE|SAE,5.0391857520132435
5265,100,106,MAE|SAE,4.831947071151145
5266,100,110,LAE|MAE|SAE,3.8532893317076584
5267,100,101,MAE|SAE,2.8307284686159613
5268,100,114,MAE|SAE,4.532456918958837
5269,100,101,MAE|SAE,5.772297105222079
5270,100,101,MAE|SAE,2.277807682930859
5271,100,102,MAE|SAE,3.6411914260695353
5272,100,102,MAE|SAE,5.273334299232204
5273,100,102,MAE|SAE,4.120926369915107
5274,100,101,MAE|SAE,2.427370203301032
5275,100,113,MAE|SAE,6.412399350126864
5276,100,101,MAE|SAE,5.413356923006301
5277,100,101,MAE|SAE,5.739687577369945
5278,100,102,MAE|SAE,2.0940904069571533
5279,100,106,MAE|SAE,5.054786807804721
5280,100,101,MAE|SAE,4.108817079237232
5281,100,106,MAE|SAE,5.3152484505319055
5282,100,101,MAE|SAE,2.329577591602039
5283,100,101,MAE|SAE,4.025721545483794
5284,100,105,MAE|SAE,5.568284135030965
5285,100,102,MAE|SAE,2.276171462121665
5286,100,107,LAE|MAE|SAE,2.628584474034257
5287,100,101,MAE|SAE,2.1697689502072106
5288,100,102,MAE|SAE,3.878514042885787
5289,100,110,MAE|SAE,3.291112499046515
5290,100,102,MAE|SAE,4.611080913865661
5291,100,102,MAE|SAE,5.508040807150939
5292,100,105,MAE|SAE,2.7141064615800423
5293,100,108,MAE|SAE,5.528064825338471
5294,100,138,LAE|MAE|SAE,8.663083754177606
5295,100,110,MAE|SAE,16.123161029797902
5296,100,102,MAE|SAE,5.0217587869153455
5297,100,101,MAE|SAE,2.210235605757335
5298,100,105,MAE|SAE,5.572446146652143
5299,100,118,MAE|SAE,5.483350508474773
5300,100,101,MAE|SAE,1.9948728771116027
5301,100,104,MAE|SAE,3.2834744883392575
5302,100,113,MAE|SAE,5.3803377575871085
5303,100,110,MAE|SAE,3.389536454546208
5304,98,102,MAE,5.207696233818681
5305,98,102,MAE,4.769469807125764
5306,98,102,MAE,39.04230683386262
5307,98,102,MAE,28.99914484189172
5308,98,102,MAE,14.379852516715705
5309,98,106,MAE,5.620602611690671
5310,98,102,MAE,4.905312578178643
5311,99,106,LAE|MAE,5.000976995615723
5312,99,102,LAE|MAE,5.850109999621727
5313,99,108,LAE|MAE|SAE,3.1101192879425463
5314,99,102,LAE|MAE,2.607444612517185
5315,99,113,LAE|MAE|SAE,4.666485700644479
5316,99,104,LAE|MAE,2.350709520031964
5317,99,102,LAE|MAE,3.3511936731563696
5318,99,102,LAE|MAE,4.7518785816410745
5319,99,118,LAE|MAE,5.846210973858302
5320,99,110,LAE|MAE,5.765327549554106
5321,99,116,LAE|MAE|SAE,8.223294540755642
5322,99,104,LAE|MAE,4.8094915348645815
5323,99,102,LAE|MAE,2.1784654147918325
5324,99,102,LAE|MAE,13.784422845088256
5325,99,104,LAE|MAE,2.450169721363025
5326,99,102,LAE|MAE,4.692727656798111
5327,100,106,MAE,8.19398050355271
5328,100,106,MAE,5.109246650029107
5329,100,102,MAE,4.061483049749087
5330,100,124,MAE,10.122918623773657
5331,100,102,MAE,12.444213510968863
5332,100,110,MAE|SAE,6.099395572767659
5333,100,102,MAE,2.1488326152216373
5334,100,110,MAE|SAE,6.6404714936699385
5335,100,122,MAE,25.22777922349653
5336,100,106,MAE|SAE,4.601335182349938
5337,100,112,MAE,10.608914453706742
5338,100,103,LAE|MAE,4.239753673340205
5339,100,106,MAE|SAE,4.753309871163758
5340,100,102,MAE,2.063771360253174
5341,100,102,MAE,2.3297105805905467
5342,100,128,MAE,51.878056144604365
5343,100,120,MAE,12.862347949732833
5344,100,110,MAE|SAE,5.340475948766686
5345,100,108,MAE,12.515548124341226
5346,100,102,MAE,16.38761196757313
5347,100,104,MAE,19.146094189715765
5348,100,102,MAE,9.55182139295877
5349,100,102,MAE,1.6277972242343761
5350,100,124,MAE,36.30359913683962
5351,101,120,MAE|SAE,5.11383147727033
5352,101,106,MAE|SAE,6.971915541419112
5353,101,102,MAE|SAE,4.1001630923291446
5354,101,110,MAE|SAE,3.8527970297740213
5355,101,102,MAE|SAE,2.4432188161070068
5356,101,102,MAE|SAE,4.376764193519312
5357,101,102,MAE|SAE,5.598081792156178
5358,101,105,MAE|SAE,2.982503811961283
5359,101,102,MAE|SAE,1.7852345452281255
5360,101,102,MAE|SAE,4.759525254370708
5361,101,106,MAE|SAE,2.820458138314861
5362,101,102,MAE|SAE,5.215980994775238
5363,101,102,MAE|SAE,1.9439292606385985
5364,101,102,MAE|SAE,4.0351366523265195
5365,101,105,MAE|SAE,4.511176896596461
5366,101,102,MAE|SAE,1.5208707275293691
5367,101,102,MAE|SAE,2.0364158876083733
5368,101,105,MAE|SAE,2.3091425166605686
5369,101,113,MAE|SAE,6.340153741875421
5370,101,104,MAE|SAE,5.188234172059623
5371,101,108,MAE|SAE,4.748119683340046
5372,101,102,MAE|SAE,8.635039653288821
5373,101,104,MAE|SAE,4.87989779552084
5374,101,102,MAE|SAE,5.094608871284239
5375,101,110,LAE|MAE|SAE,6.226999428139636
5376,101,114,MAE|SAE,11.469918661738419
5377,101,102,MAE|SAE,5.3440029238609235
5378,101,102,MAE|SAE,4.704079143186107
5379,101,102,MAE|SAE,4.582357687476962
5380,101,118,MAE|SAE,8.295485466042035
5381,101,106,MAE|SAE,5.318602339706135
5382,101,109,MAE|SAE,3.0285096165450303
5383,100,103,LAE|MAE,4.570318171484262
5384,102,105,LAE|MAE|SAE,2.9831024957858356
5385,102,103,LAE|MAE,1.9966356866897155
5386,100,132,MAE,42.074833205914025
5387,100,104,MAE,19.299359296919718
5388,100,106,MAE,45.16086516068704
5389,100,105,MAE|SAE,5.051427077428425
5390,100,104,MAE,43.01692357488949
5391,100,104,MAE,3.916903828244177
5392,101,104,MAE|SAE,4.096825001938979
5393,101,104,MAE|SAE,3.7294369766903044
5394,101,104,MAE|SAE,4.461080910690409
5395,101,104,MAE|SAE,2.8529746633106012
5396,101,108,MAE|SAE,3.808948205674936
5397,101,105,MAE|SAE,2.8437698980739596
5398,101,104,MAE|SAE,4.261508988995613
5399,101,126,MAE|SAE,10.690786613045676
5400,101,104,MAE|SAE,3.3143618549344818
5401,101,110,MAE|SAE,9.230907680212866
5402,101,104,MAE|SAE,2.4712096607254384
5403,101,108,MAE|SAE,3.476998152334321
5404,101,121,MAE|SAE,5.746548006866299
5405,101,106,MAE|SAE,2.425307990786608
5406,101,108,MAE|SAE,6.135386433003555
5407,101,108,MAE|SAE,7.942212173693985
5408,101,113,MAE|SAE,5.037289143191199
5409,102,106,MAE|SAE,3.026828184672579
5410,102,120,MAE|SAE,7.724240356765522
5411,102,108,MAE|SAE,5.709652962777281
5412,102,110,MAE|SAE,5.670634282266869
5413,102,104,MAE,4.638872603353211
5414,102,108,MAE|SAE,2.1828327545375
5415,102,114,MAE|SAE,4.972655744879303
5416,102,120,MAE,11.626290621853183
5417,102,104,MAE,10.720148853009725
5418,102,104,MAE,9.095691124182967
5419,102,110,MAE|SAE,3.424743030141607
5420,102,104,MAE,1.9776135241962576
5421,102,104,MAE,4.8305050602000215
5422,102,152,MAE,13.525461142966147
5423,102,104,MAE,3.8342758432308823
5424,102,136,MAE|SAE,11.052404705193958
5425,102,105,MAE|SAE,2.753740028482083
5426,102,114,MAE|SAE,6.286643740353122
5427,102,114,MAE|SAE,7.193129022148233
5428,102,104,MAE,2.1567197984631177
5429,102,104,MAE,4.715911914646852
5430,102,108,MAE,48.00888921219048
5431,102,104,MAE,9.578803175680925
5432,102,108,MAE|SAE,6.245969485994195
5433,102,113,MAE|SAE,6.097747697250216
5434,102,104,MAE,2.948369882679574
5435,102,116,MAE,14.007611238280557
5436,102,104,MAE,1.786228562197661
5437,102,106,MAE|SAE,2.8229441902590744
5438,102,104,MAE,4.636606064994322
5439,102,113,MAE|SAE,5.025943506991512
5440,102,104,MAE,3.993650001366369
5441,103,109,LAE|MAE|SAE,6.389476445547627
5442,103,104,LAE|MAE,1.2717481106239297
5443,103,106,LAE|MAE|SAE,2.8525841474019047
5444,101,105,SAE,3.781079018170446
5445,101,105,SAE,4.668680744699464
5446,101,105,SAE,3.7291739999555267
5447,101,114,MAE|SAE,7.835900157770619
5448,101,106,MAE|SAE,3.574087717800933
5449,101,105,SAE,4.946167654215297
5450,101,109,MAE|SAE,5.564833771657273
5451,101,105,SAE,4.467721480717384
5452,101,105,SAE,3.68435750230908
5453,101,105,SAE,7.6612622577239815
5454,101,105,SAE,3.7115068361341446
5455,101,110,MAE|SAE,8.24668105397463
5456,101,106,MAE|SAE,11.991736369809878
5457,102,105,MAE|SAE,2.887359325314782
5458,102,105,MAE|SAE,6.412785115403735
5459,102,108,MAE|SAE,6.054214909163549
5460,102,109,MAE|SAE,2.758769082821223
5461,104,113,LAE|MAE|SAE,3.2915208639987013
5462,104,118,MAE|SAE,8.409559283416453
5463,104,110,MAE|SAE,4.854212179153644
5464,104,107,LAE|MAE|SAE,2.4890081084456894
5465,104,121,LAE|MAE|SAE,7.793081920843264
5466,104,105,MAE|SAE,3.668087184168201
5467,104,105,MAE|SAE,2.9690446144740283
5468,104,108,MAE|SAE,3.154027090566068
5469,104,113,MAE|SAE,2.937969751204708
5470,104,105,MAE|SAE,3.561806944235029
5471,104,114,MAE|SAE,3.616092596404988
5472,104,106,MAE|SAE,1.3229233213809275
5473,104,105,MAE|SAE,3.44333886760909
5474,104,106,MAE|SAE,1.3790654829681428
5475,104,106,MAE|SAE,4.637895172067992
5476,104,105,MAE|SAE,1.5555789683030876
5477,104,105,MAE|SAE,3.1946083170099544
5478,104,106,MAE|SAE,4.242157506070833
5479,104,118,MAE|SAE,4.519046817934637
5480,104,105,MAE|SAE,3.6264851653240555
5481,104,113,LAE|MAE|SAE,3.036060330896994
5482,104,117,MAE|SAE,4.728383820551103
5483,104,105,MAE|SAE,2.0078600247435077
5484,104,105,MAE|SAE,4.134023469989063
5485,104,114,MAE|SAE,3.402904087604676
5486,104,106,MAE|SAE,4.154589034783358
5487,104,109,MAE|SAE,5.750642336169357
5488,104,109,MAE|SAE,4.599040051487417
5489,104,112,MAE|SAE,4.589087305200032
5490,104,114,MAE|SAE,6.100478432839703
5491,104,106,MAE|SAE,3.240612448532288
5492,104,106,MAE|SAE,3.0826425875384813
5493,104,105,MAE|SAE,2.847559011390338
5494,104,105,MAE|SAE,2.0660861176662637
5495,104,114,MAE|SAE,3.747456520263996
5496,104,105,MAE|SAE,1.9781863639818364
5497,104,108,MAE|SAE,12.956065196096336
5498,104,105,MAE|SAE,1.8047677695030433
5499,104,120,MAE|SAE,4.598099535924716
5500,104,105,MAE|SAE,1.7451308879264236
5501,104,105,MAE|SAE,3.3726624522373645
5502,104,105,MAE|SAE,7.760540336849149
5503,104,105,MAE|SAE,2.8970649029734736
5504,104,105,MAE|SAE,1.543715615038646
5505,104,138,LAE|MAE|SAE,7.420669416478151
5506,104,114,MAE|SAE,6.292155400080537
5507,104,105,MAE|SAE,1.277517444333765
5508,104,105,MAE|SAE,1.4978099086803285
5509,104,109,MAE|SAE,4.792754432655323
5510,102,108,MAE,4.719563323089211
5511,102,110,MAE,40.615894773442584
5512,102,106,MAE,25.464346663820688
5513,102,108,MAE,5.9489654249682395
5514,102,106,MAE,4.529699489315829
5515,102,108,MAE,12.127907297264619
5516,102,122,MAE,13.576038666019201
5517,103,109,LAE|MAE|SAE,2.4572078167700333
5518,103,106,LAE|MAE,2.2377794472005506
5519,104,109,MAE|SAE,3.242361063956061
5520,104,110,MAE,3.0862523670234143
5521,104,106,MAE,4.093665476458006
5522,104,117,MAE|SAE,4.4795765937964935
5523,104,124,MAE,43.194491369861574
5524,104,106,MAE,3.32769024574535
5525,104,113,MAE|SAE,7.5125850673015835
5526,104,106,MAE,5.831458590255085
5527,104,106,MAE,4.017296511657717
5528,104,106,MAE,49.6186090161138
5529,104,118,MAE|SAE,4.547825927697831
5530,104,106,MAE,7.663586703397721
5531,104,106,MAE,1.7275658764234672
5532,104,106,MAE,3.8194024837933753
5533,104,108,MAE,6.159247100592073
5534,104,106,MAE,4.109529711258871
5535,104,106,MAE,38.76817800266979
5536,104,106,MAE,3.81697320852746
5537,104,134,LAE|MAE|SAE,6.626956074860166
5538,104,106,MAE,3.912905278339563
5539,104,106,MAE,4.9727419661129
5540,104,106,MAE,3.6982538259933766
5541,104,110,MAE|SAE,2.236070166575844
5542,104,106,MAE,4.69794117532677
5543,105,106,MAE|SAE,1.471555982493322
5544,105,113,MAE|SAE,3.0378929260241256
5545,105,116,MAE|SAE,4.557276956029606
5546,105,106,MAE|SAE,4.441197203674677
5547,105,117,MAE|SAE,7.155862811146055
5548,105,134,LAE|MAE|SAE,7.11963137957699
5549,105,106,MAE|SAE,4.342419084792487
5550,105,106,MAE|SAE,5.300526542467972
5551,105,106,MAE|SAE,1.7344762456961862
5552,105,114,MAE|SAE,2.96127551846835
5553,105,113,MAE|SAE,5.157064322446611
5554,105,106,MAE|SAE,3.739784538344014
5555,105,109,MAE|SAE,2.3198724235688015
5556,105,122,MAE|SAE,7.418869691114318
5557,105,106,MAE|SAE,4.264403624020256
5558,105,106,MAE|SAE,1.6590762624224773
5559,105,106,MAE|SAE,1.5191880962999043
5560,105,106,MAE|SAE,4.541414147643233
5561,105,109,MAE|SAE,4.119585394323202
5562,105,106,MAE|SAE,4.309161516780156
5563,105,106,MAE|SAE,1.6332698061287603
5564,105,124,MAE|SAE,5.819013248628749
5565,105,113,MAE|SAE,2.7536636433941704
5566,105,106,MAE|SAE,3.925010336163043
5567,105,109,MAE|SAE,6.304074661321175
5568,105,106,MAE|SAE,3.8708553145275744
5569,105,109,MAE|SAE,7.62987500577583
5570,105,109,MAE|SAE,5.0273119595908184
5571,104,118,LAE|MAE|SAE,3.962382798561009
5572,106,107,LAE|MAE,2.3794081060517276
5573,106,107,LAE|MAE,1.699269836246709
5574,106,107,LAE|MAE,1.6699502338895527
5575,104,116,MAE,28.03144720285461
5576,104,110,MAE,9.104650399887403
5577,104,108,MAE,7.252960077728341
5578,104,108,MAE,4.5586482182603065
5579,105,108,MAE|SAE,2.7936831713303034
5580,105,110,MAE|SAE,4.542498994067617
5581,105,108,MAE|SAE,4.2283296896589135
5582,105,110,MAE|SAE,3.9235987525763054
5583,105,121,MAE|SAE,7.661745496462158
5584,105,108,MAE|SAE,6.740244645258534
5585,105,108,MAE|SAE,3.6589679692366683
5586,105,118,LAE|MAE|SAE,6.46634879281082
5587,105,108,MAE|SAE,7.760080147293231
5588,106,108,MAE,2.6913668874236385
5589,106,114,MAE,6.556118089341091
5590,106,110,MAE,2.566649905955841
5591,106,112,MAE|SAE,5.308475119454731
5592,106,108,MAE,23.834853916989953
5593,106,113,MAE|SAE,5.153032817833495
5594,106,109,MAE|SAE,4.864506868572177
5595,106,110,MAE,28.670718791543916
5596,106,110,MAE,2.628485651103108
5597,106,108,MAE,4.723144069735083
5598,106,114,MAE,11.681357033984481
5599,106,133,MAE|SAE,7.76645966325294
5600,106,108,MAE,6.682841266599271
5601,106,108,MAE,1.7772439053923552
5602,106,113,MAE|SAE,4.492640915087336
5603,106,110,MAE|SAE,4.465877169380991
5604,106,108,MAE,3.8878573756355412
5605,106,108,MAE,4.374110503566976
5606,106,110,MAE,2.5075467729246603
5607,106,108,MAE,2.7780658220635033
5608,106,108,MAE,3.864296691447785
5609,106,108,MAE,14.819757090798305
5610,106,110,MAE,2.652214767005572
5611,106,108,MAE,3.9002344156278084
5612,106,108,MAE,4.739566521009329
5613,106,114,MAE,6.653352126734234
5614,106,118,MAE,13.047272928424025
5615,106,108,MAE,6.999766579900549
5616,107,112,LAE|MAE|SAE,2.3388893967724522
5617,107,112,LAE|MAE,13.061064681661994
5618,105,113,SAE,8.889693532339178
5619,105,109,SAE,4.392231390757394
5620,105,117,SAE,4.5031937444642445
5621,105,109,SAE,2.9062799182837944
5622,105,109,SAE,5.123833319373377
5623,105,114,MAE|SAE,2.928181871854282
5624,106,109,MAE|SAE,9.259528165379601
5625,106,113,MAE|SAE,6.119124433633373
5626,106,117,MAE|SAE,6.036770361627675
5627,106,109,MAE|SAE,3.7715529293153165
5628,106,118,MAE|SAE,4.143488050147194
5629,106,109,MAE|SAE,6.135213821935092
5630,106,117,MAE|SAE,6.501792800498108
5631,108,122,MAE|SAE,6.585650593329549
5632,108,109,MAE|SAE,4.736579100633209
5633,108,109,MAE|SAE,3.7269675010225285
5634,108,109,MAE|SAE,2.4631846532251025
5635,108,110,MAE|SAE,2.5095707297571197
5636,108,109,MAE|SAE,2.488195952642401
5637,108,109,MAE|SAE,5.627214111924157
5638,108,109,MAE|SAE,3.243127898343043
5639,108,109,MAE|SAE,5.502622560457177
5640,108,118,MAE|SAE,6.3510732975501565
5641,108,110,MAE|SAE,1.765956733042349
5642,108,121,MAE|SAE,9.562651913230008
5643,108,110,MAE|SAE,1.7685833749853601
5644,108,124,MAE|SAE,6.813636421779852
5645,108,109,MAE|SAE,0.9613954781903167
5646,108,109,MAE|SAE,5.568482361771778
5647,108,109,MAE|SAE,6.231308151243993
5648,108,109,MAE|SAE,2.7409418260728287
5649,108,112,MAE|SAE,6.944676480115187
5650,108,110,MAE|SAE,1.5843788381272252
5651,106,125,MAE|SAE,4.9171845707724
5652,106,113,MAE|SAE,6.197745720259918
5653,106,120,MAE|SAE,6.47301697372279
5654,106,110,MAE,19.087076584090312
5655,106,114,MAE,24.281682330205022
5656,106,116,MAE|SAE,3.4232954342223207
5657,106,110,MAE,6.9014847171828695
5658,108,110,MAE,2.341756413140752
5659,108,117,MAE|SAE,4.361791221301418
5660,108,110,MAE,1.9151230527367051
5661,108,110,MAE,6.202304723977702
5662,108,126,MAE,11.461356681518998
5663,108,110,MAE,7.242884712663326
5664,108,113,MAE|SAE,5.182574128161406
5665,108,110,MAE,5.640402809797118
5666,108,110,MAE,2.317803759044434
5667,108,110,MAE,12.651404407004804
5668,109,110,MAE|SAE,1.7568693539882396
5669,109,117,MAE|SAE,3.205645212557542
5670,109,122,MAE|SAE,4.356763245741439
5671,109,114,MAE|SAE,3.7903475031337663
5672,109,110,MAE|SAE,1.4979361607523578
5673,109,118,MAE|SAE,3.0990518414022223
5674,109,110,MAE|SAE,1.596425596510141
5675,109,112,MAE|SAE,4.032246493502905
5676,109,120,LAE|MAE|SAE,3.581994080831711
5677,109,133,MAE|SAE,5.85933802655699
5678,109,118,MAE|SAE,3.5755540213726738
5679,109,110,MAE|SAE,3.73041421463659
5680,109,110,MAE|SAE,4.9715611127379855
5681,109,125,MAE|SAE,6.640505080465225
5682,109,118,MAE|SAE,3.4300614898563118
5683,109,113,MAE|SAE,2.180362319074916
5684,109,110,MAE|SAE,3.7990565166716888
5685,109,113,MAE|SAE,1.8723128478255444
5686,109,121,MAE|SAE,4.04689588255249
5687,109,114,MAE|SAE,2.0880887137227937
5688,109,113,MAE|SAE,2.34952233273961
5689,109,112,MAE|SAE,7.088804813506614
5690,109,110,MAE|SAE,2.608422800383153
5691,109,134,MAE|SAE,8.43501415082108
5692,109,112,MAE|SAE,2.2199124151446106
5693,108,111,LAE|MAE,2.584441009327711
5694,110,113,LAE|MAE|SAE,3.2853372126452443
5695,110,121,LAE|MAE|SAE,4.2031422561462115
5696,108,116,MAE,9.865151097105851
5697,108,114,MAE,2.2831699004452024
5698,108,116,MAE,32.50199657297812
5699,108,118,MAE,40.11489735046817
5700,108,112,MAE,9.654924184034966
5701,108,112,MAE,9.697917884797745
5702,109,122,MAE|SAE,4.487291288890972
5703,109,114,MAE|SAE,2.1045389998665467
5704,109,114,MAE|SAE,3.6527410130521
5705,109,114,MAE|SAE,2.991829832548837
5706,109,112,MAE|SAE,2.080112255968049
5707,109,112,MAE|SAE,4.904509415058024
5708,109,117,MAE|SAE,3.544453503094164
5709,109,121,MAE|SAE,3.910992840237169
5710,109,117,MAE|SAE,6.4459453586932405
5711,109,112,MAE|SAE,2.084365640210713
5712,109,122,MAE|SAE,4.481764553284734
5713,109,112,MAE|SAE,6.9263315878633
5714,109,112,MAE|SAE,8.290107168251348
5715,109,112,MAE|SAE,3.4809191721125146
5716,109,122,MAE|SAE,4.066203734092266
5717,109,112,MAE|SAE,2.9918878488882754
5718,109,122,MAE|SAE,4.831175649547914
5719,109,118,MAE|SAE,4.740881069034038
5720,109,112,MAE|SAE,2.2866465771727342
5721,109,122,MAE|SAE,4.061646323503336
5722,109,112,MAE|SAE,4.2276348098762675
5723,109,121,MAE|SAE,4.379111866212381
5724,110,113,MAE|SAE,4.252745671020164
5725,110,121,LAE|MAE|SAE,3.6991257994490914
5726,110,116,MAE,36.15543088691442
5727,110,112,MAE,4.861538593693747
5728,110,114,MAE|SAE,3.5116493308885914
5729,110,112,MAE,5.054301897224224
5730,110,113,MAE|SAE,4.334180735602133
5731,110,113,MAE|SAE,4.767577451439339
5732,110,112,MAE,5.352229919977856
5733,110,146,MAE,31.69070865797994
5734,110,113,MAE|SAE,4.233459636216839
5735,110,114,MAE|SAE,3.6217531273594465
5736,110,113,MAE|SAE,4.591549182885937
5737,110,113,MAE|SAE,2.9291207536552673
5738,110,116,MAE,38.69988068689799
5739,110,112,MAE,32.86679578287526
5740,110,112,MAE,3.2279954726729296
5741,110,114,MAE|SAE,1.8494372237906742
5742,110,113,MAE|SAE,2.002200297685007
5743,110,125,MAE|SAE,6.381886338224576
5744,110,114,MAE|SAE,3.5424814299439054
5745,110,112,MAE,5.572939963892511
5746,110,118,MAE,44.24438289964611
5747,110,112,MAE,49.747973976424646
5748,110,121,MAE|SAE,7.217781457578349
5749,110,113,MAE|SAE,2.7806336888578156
5750,110,136,MAE,11.573832736017032
5751,110,114,MAE,36.62262360673418
5752,110,112,MAE,6.7203559275514575
5753,110,112,MAE,25.026628647153455
5754,110,114,MAE,1.898713976813809
5755,110,122,MAE|SAE,3.4950807714466605
5756,110,148,MAE,15.239828311371637
5757,110,114,MAE,6.059173665044188
5758,110,114,MAE|SAE,5.035342895530248
5759,110,113,MAE|SAE,2.0812860546721232
5760,110,128,LAE|MAE|SAE,6.726198705036516
5761,110,124,MAE|SAE,4.491793571564831
5762,110,116,MAE|SAE,2.9131182217106493
5763,110,114,MAE,41.67657126835474
5764,110,156,MAE,40.259175370748565
5765,110,133,LAE|MAE|SAE,5.965498515893673
5766,109,113,SAE,3.4581733348409847
5767,109,113,SAE,2.1745755066481895
5768,109,117,SAE,4.186474578104487
5769,109,113,SAE,5.790481154211853
5770,109,116,MAE|SAE,6.9244024701384355
5771,109,113,SAE,5.1739053544535905
5772,109,134,MAE|SAE,5.636441305762413
5773,109,114,MAE|SAE,7.494271137489902
5774,109,113,SAE,5.905868705305992
5775,109,120,MAE|SAE,4.368037832732877
5776,109,122,MAE|SAE,4.048067798801379
5777,109,117,SAE,6.74433136643941
5778,109,113,SAE,6.336603394378944
5779,109,113,SAE,6.524763257357869
5780,109,113,SAE,3.6932063645461066
5781,109,113,SAE,2.3927812780062494
5782,109,113,SAE,6.084975100909683
5783,109,113,SAE,2.0092382564070905
5784,109,113,SAE,2.039174753685278
5785,110,113,MAE|SAE,5.56384718317206
5786,110,113,MAE|SAE,5.174202539719975
5787,110,118,MAE|SAE,3.670439860944071
5788,110,113,MAE|SAE,1.7076928580428994
5789,110,124,MAE|SAE,6.399435575054691
5790,110,128,MAE|SAE,7.075813141119997
5791,110,118,MAE|SAE,3.6364135641486195
5792,110,113,MAE|SAE,5.418494783902248
5793,112,113,MAE|SAE,3.5988996287279242
5794,112,117,MAE|SAE,3.062839777778881
5795,112,122,LAE|MAE|SAE,3.4528513558202336
5796,112,117,MAE|SAE,3.1906529649641797
5797,112,113,MAE|SAE,4.475528717091579
5798,112,122,MAE|SAE,3.7092386303430027
5799,112,116,LAE|MAE|SAE,3.0510584021294718
5800,112,113,MAE|SAE,1.4790853450667416
5801,112,129,MAE|SAE,4.689751513765151
5802,112,114,MAE|SAE,1.756343824417827
5803,112,114,MAE|SAE,1.5802752676919964
5804,112,113,MAE|SAE,1.490151341555809
5805,112,120,MAE|SAE,3.0948366689527798
5806,112,114,MAE|SAE,3.073021523260261
5807,112,118,MAE|SAE,3.483900071386626
5808,112,114,MAE|SAE,1.5327008156734332
5809,112,114,MAE|SAE,1.5208173836269065
5810,112,120,MAE|SAE,4.185647824629514
5811,112,113,MAE|SAE,4.306850939298163
5812,112,113,MAE|SAE,2.726607598095198
5813,112,114,MAE|SAE,8.840303497254697
5814,112,121,MAE|SAE,3.5364549717603344
5815,112,120,MAE|SAE,3.265694644622338
5816,112,121,MAE|SAE,3.284003283072261
5817,112,113,MAE|SAE,1.401212440311451
5818,112,120,MAE|SAE,3.2410326211496576
5819,112,113,MAE|SAE,6.143632732272257
5820,112,120,MAE|SAE,2.8727275067592406
5821,112,120,MAE|SAE,3.1579749057845725
5822,112,113,MAE|SAE,4.1902879931838095
5823,112,113,MAE|SAE,2.5803269342417186
5824,112,114,MAE|SAE,1.5069601853264964
5825,112,126,MAE|SAE,3.8482823293359116
5826,112,114,MAE|SAE,1.5956730814294142
5827,112,116,MAE|SAE,2.8940999547832713
5828,112,117,MAE|SAE,3.2556500731429954
5829,112,113,MAE|SAE,4.71028075954916
5830,112,113,MAE|SAE,3.617093190536673
5831,112,117,MAE|SAE,3.1572841914434098
5832,112,113,MAE|SAE,6.414750616477031
5833,112,114,MAE|SAE,2.2535077156409207
5834,112,113,MAE|SAE,1.5902264021292398
5835,112,113,MAE|SAE,1.3725150888904774
5836,112,113,MAE|SAE,3.2189838862007907
5837,112,113,MAE|SAE,1.7430039068868435
5838,112,130,MAE|SAE,5.966038700195219
5839,112,114,MAE|SAE,1.3894694134310714
5840,112,120,MAE|SAE,4.530773835656191
5841,112,120,MAE|SAE,3.802950061319067
5842,112,116,MAE|SAE,3.361424998878333
5843,112,113,MAE|SAE,3.5080293289965687
5844,112,113,MAE|SAE,6.394897736983705
5845,112,113,MAE|SAE,3.070885915613313
5846,112,113,MAE|SAE,5.801235112034472
5847,112,128,MAE|SAE,4.376108117980028
5848,110,118,MAE,46.583269248882864
5849,110,114,MAE,13.690084263149076
5850,110,114,MAE,29.11560344876213
5851,110,140,MAE,10.124477624453897
5852,110,114,MAE,6.735625438090827
5853,110,121,MAE|SAE,3.9593317507190102
5854,110,116,MAE,36.46998758284912
5855,110,120,MAE,59.668987187720575
5856,110,116,MAE,49.41991560474917
5857,110,130,MAE,7.948691622327889
5858,112,116,MAE,37.32181509390134
5859,112,122,MAE|SAE,3.29471407378107
5860,112,122,MAE,3.4990491572390354
5861,112,114,MAE,1.5716392092549958
5862,112,118,MAE|SAE,2.636983320065562
5863,112,134,MAE|SAE,5.746030485200446
5864,112,114,MAE,5.976038707180868
5865,112,116,MAE,3.0138094124393593
5866,112,121,MAE|SAE,9.467417037265113
5867,112,114,MAE,1.5270916163943524
5868,112,129,MAE|SAE,6.850594155172914
5869,112,117,MAE|SAE,2.8093556118336744
5870,112,118,MAE,34.39707589278586
5871,112,132,MAE|SAE,5.541410472407042
5872,112,122,MAE|SAE,6.725356910623583
5873,112,124,MAE,4.288338929464553
5874,112,114,MAE,1.5444228923429133
5875,112,121,MAE|SAE,2.882627488803879
5876,112,114,MAE,43.564428182521574
5877,112,118,MAE|SAE,2.779358195263381
5878,112,114,MAE,3.000962936054631
5879,112,114,MAE,2.1683691767027318
5880,112,121,MAE|SAE,5.497376921671633
5881,112,116,MAE,32.47700557704854
5882,112,114,MAE,9.980929769155146
5883,112,124,MAE,37.139950077382466
5884,112,122,MAE|SAE,3.168387932334781
5885,112,134,MAE,23.397244913344856
5886,112,114,MAE,6.785618986755162
5887,112,114,MAE,30.44880024447963
5888,112,121,MAE|SAE,6.241587149179543
5889,112,116,MAE,11.847993034508795
5890,112,118,MAE,2.5101998179764164
5891,112,118,MAE,2.320791451787191
5892,112,122,MAE,3.9258577078396324
5893,113,114,MAE|SAE,5.875948848192162
5894,113,114,MAE|SAE,1.2944899713540408
5895,113,126,MAE|SAE,4.274653819273511
5896,113,118,MAE|SAE,3.05688207960528
5897,113,114,MAE|SAE,1.2216520881937352
5898,113,121,MAE|SAE,5.6508877470676815
5899,113,122,MAE|SAE,5.457601431044743
5900,113,118,MAE|SAE,2.1778293523205647
5901,113,118,MAE|SAE,6.034108653057223
5902,113,114,MAE|SAE,1.6761184726360192
5903,113,117,MAE|SAE,2.8986548520280375
5904,113,114,MAE|SAE,1.5162873457336077
5905,113,126,MAE|SAE,4.178955824277271
5906,113,114,MAE|SAE,1.2692073064439777
5907,113,118,MAE|SAE,3.129900093316158
5908,113,118,MAE|SAE,2.673297474750949
5909,113,121,MAE|SAE,6.110517504307405
5910,113,114,MAE|SAE,6.610801842006265
5911,113,118,MAE|SAE,2.9754155555117774
5912,113,114,MAE|SAE,6.567497847585195
5913,114,115,LAE|MAE,2.385061367312001
5914,112,124,MAE,36.50452080082866
5915,112,125,MAE|SAE,7.151979470201629
5916,112,118,MAE|SAE,2.880415806623602
5917,113,116,MAE|SAE,2.8570918973982495
5918,113,116,MAE|SAE,2.061832764796322
5919,113,117,MAE|SAE,2.7483150217268717
5920,113,124,MAE|SAE,3.389375003804681
5921,113,122,MAE|SAE,3.9010506839766674
5922,113,121,MAE|SAE,6.388707806125128
5923,113,116,MAE|SAE,3.1024578067436908
5924,114,124,MAE|SAE,3.6186011857487945
5925,114,120,MAE|SAE,2.640580482485515
5926,114,130,MAE|SAE,4.722441798297557
5927,114,118,MAE,2.4156619737875404
5928,114,121,MAE|SAE,2.8058660020554838
5929,114,120,MAE|SAE,2.3165946415857204
5930,114,118,MAE|SAE,2.4283728121300543
5931,114,122,MAE|SAE,4.809810161917405
5932,114,116,MAE,2.6216146894482915
5933,114,118,MAE|SAE,2.9524725827131513
5934,114,116,MAE,5.946623250234896
5935,114,122,MAE|SAE,6.204291587668151
5936,114,116,MAE,7.765995722729999
5937,114,118,MAE|SAE,2.228354907008049
5938,114,122,MAE|SAE,9.126515665093777
5939,114,118,MAE|SAE,2.637931404914406
5940,114,124,MAE|SAE,5.519711786895058
5941,114,116,MAE,1.9390999003971279
5942,114,116,MAE,24.294384887816474
5943,114,122,MAE|SAE,4.081059043297777
5944,114,116,MAE,10.374997972560918
5945,114,122,MAE|SAE,2.7415547054104916
5946,114,125,MAE|SAE,3.6396125445766576
5947,114,130,MAE,24.791919682687592
5948,114,122,MAE,33.50825799596978
5949,114,122,MAE,33.9122772014191
5950,114,116,MAE,2.1538745478099792
5951,114,142,MAE,19.659103278901046
5952,114,129,MAE|SAE,4.201842606291975
5953,114,116,MAE,10.461169400802222
5954,114,120,MAE|SAE,2.735438212296792
5955,114,136,MAE,47.115120753421806
5956,114,130,MAE|SAE,5.029992177133828
5957,114,116,MAE,36.7570127946437
5958,114,118,MAE|SAE,2.467680210442289
5959,114,141,LAE|MAE|SAE,6.041183728850338
5960,114,120,MAE,2.7396881162491122
5961,114,116,MAE,3.1611431049795162
5962,114,116,MAE,5.585529156614555
5963,114,130,MAE|SAE,4.737884618407482
5964,114,118,MAE|SAE,2.648237500414796
5965,114,116,MAE,43.10763728062539
5966,114,117,MAE|SAE,5.250227492153915
5967,115,116,LAE|MAE,3.0251023369423127
5968,115,118,LAE|MAE|SAE,1.9473744280300582
5969,113,129,MAE|SAE,7.065256896681093
5970,113,141,MAE|SAE,7.200863438667
5971,113,120,MAE|SAE,3.423800683292437
5972,113,117,SAE,5.423321565275316
5973,113,120,MAE|SAE,3.7549189728478196
5974,113,117,SAE,4.605633581671004
5975,113,117,SAE,14.590712875040397
5976,113,117,SAE,7.9668674582797765
5977,114,118,MAE|SAE,3.361487397738013
5978,114,121,MAE|SAE,4.507210453013001
5979,114,118,MAE|SAE,2.9153592737017244
5980,114,129,MAE|SAE,4.839557211760813
5981,114,117,MAE|SAE,3.985220132199619
5982,114,117,MAE|SAE,3.716947633438576
5983,114,129,MAE|SAE,5.056367395335672
5984,116,118,MAE|SAE,1.6355420462546786
5985,116,118,MAE|SAE,2.270002107462753
5986,116,120,MAE|SAE,2.230453499446746
5987,116,117,MAE|SAE,3.8522654124755653
5988,116,118,MAE|SAE,1.6010359023920444
5989,116,117,MAE|SAE,2.2459813097126275
5990,116,117,MAE|SAE,1.4448487733205269
5991,116,117,MAE|SAE,2.1559860421253525
5992,116,117,MAE|SAE,1.856765425934878
5993,116,122,MAE|SAE,3.7126907281253505
5994,116,118,MAE|SAE,2.03911008325874
5995,116,118,MAE|SAE,2.321518451832503
5996,116,117,MAE|SAE,1.5857158570525285
5997,116,118,MAE|SAE,1.6989523945024123
5998,116,121,MAE|SAE,2.3396824051510996
5999,116,126,MAE|SAE,5.871116644514982
6000,116,117,MAE|SAE,1.543138159241761
6001,116,117,MAE|SAE,2.8019624154109772
6002,116,117,MAE|SAE,1.2599669872100965
6003,116,117,MAE|SAE,2.2543448328058915
6004,116,121,MAE|SAE,3.438872276810005
6005,116,117,MAE|SAE,1.2943830009875537
6006,116,122,MAE|SAE,6.280607676753738
6007,116,117,MAE|SAE,2.2128894966036063
6008,116,118,MAE|SAE,1.860452344008671
6009,116,121,MAE|SAE,3.7407112652691485
6010,116,122,MAE|SAE,8.325947215496996
6011,116,117,MAE|SAE,1.5735635309203402
6012,116,138,LAE|MAE|SAE,6.064741563971431
6013,116,117,MAE|SAE,5.752152940669576
6014,116,117,MAE|SAE,2.2506586860034385
6015,116,117,MAE|SAE,1.5940626245583567
6016,116,122,MAE|SAE,2.6523088483786856
6017,116,117,MAE|SAE,2.4678231254619214
6018,116,128,MAE|SAE,4.638488293796013
6019,116,121,MAE|SAE,2.658262532735491
6020,116,118,MAE|SAE,1.313961750437525
6021,116,117,MAE|SAE,1.4070316759391095
6022,116,136,MAE|SAE,4.948309819179119
6023,114,121,MAE|SAE,5.662365473338998
6024,114,128,MAE,41.23854706598693
6025,114,137,MAE|SAE,6.0976646721585555
6026,114,126,MAE,26.67950636110343
6027,114,118,MAE,38.58445463769498
6028,114,142,MAE,38.77563831549785
6029,114,126,MAE|SAE,4.351888491554923
6030,116,136,MAE,10.933428206822299
6031,116,118,MAE,2.3089397515193935
6032,116,118,MAE,4.380629782151615
6033,116,128,MAE,32.54032483805912
6034,116,118,MAE,5.72526102205643
6035,116,120,MAE,34.069607878250395
6036,116,118,MAE,2.554724689789693
6037,116,118,MAE,2.4116071803465062
6038,116,118,MAE,52.015754653943524
6039,116,118,MAE,10.690023229646787
6040,116,126,MAE,10.764399438967647
6041,116,118,MAE,1.8186417988339496
6042,116,126,MAE,11.910544937848226
6043,116,126,MAE|SAE,6.101439286176479
6044,116,118,MAE,1.5038804060436644
6045,116,118,MAE,2.2166345180589433
6046,116,118,MAE,1.6201865936338877
6047,116,126,MAE|SAE,3.4746607345223874
6048,116,118,MAE,3.598372443656069
6049,116,122,MAE,2.7877646458989096
6050,116,126,MAE|SAE,4.988354947935185
6051,116,118,MAE,7.616036584940677
6052,116,120,MAE,6.953494946281174
6053,116,129,MAE|SAE,4.417505805246757
6054,116,133,MAE|SAE,4.776289756082705
6055,116,126,MAE|SAE,2.8001361401657032
6056,117,122,MAE|SAE,3.705019499074257
6057,117,118,MAE|SAE,1.6659206842190155
6058,117,129,MAE|SAE,3.97643681654941
6059,117,122,MAE|SAE,4.284419374588317
6060,117,126,MAE|SAE,4.688485007473164
6061,117,122,MAE|SAE,4.804772806813168
6062,117,118,MAE|SAE,1.7875533335380027
6063,117,122,MAE|SAE,4.238774743702016
6064,117,118,MAE|SAE,1.4064206703947997
6065,117,118,MAE|SAE,5.201417948987779
6066,117,121,MAE|SAE,5.499464100889437
6067,117,118,MAE|SAE,1.9870447302587795
6068,117,118,MAE|SAE,0.8228181790989548
6069,117,122,MAE|SAE,4.682137659078524
6070,117,118,MAE|SAE,1.0789032668840957
6071,117,118,MAE|SAE,1.6163451898775407
6072,117,118,MAE|SAE,5.448333759505384
6073,117,121,MAE|SAE,14.21266511777261
6074,117,118,MAE|SAE,1.6516527450072354
6075,117,118,MAE|SAE,1.6199201159044636
6076,117,122,MAE|SAE,2.7957585121619535
6077,117,121,MAE|SAE,4.335731083840759
6078,117,130,MAE|SAE,4.377364710826361
6079,117,118,MAE|SAE,1.717798202459795
6080,117,121,MAE|SAE,3.742090210781983
6081,117,129,MAE|SAE,3.2794064453593377
6082,117,118,MAE|SAE,1.8945826532368748
6083,117,118,MAE|SAE,1.4770712578497132
6084,117,122,MAE|SAE,2.3061341563795774
6085,116,124,MAE,30.03282353362718
6086,116,120,MAE,44.79434086846102
6087,116,130,MAE,44.639823230237866
6088,116,120,MAE,47.40761977463896
6089,116,120,MAE,26.579361556143827
6090,116,128,MAE|SAE,3.9671021236685933
6091,116,136,MAE|SAE,8.256030444520775
6092,116,124,MAE,27.36077253239256
6093,116,130,MAE,26.740524895824702
6094,116,120,MAE,11.758536268107887
6095,116,121,MAE|SAE,2.37839541785995
6096,116,126,MAE,11.388759101821858
6097,117,121,MAE|SAE,5.090443993547784
6098,117,122,MAE|SAE,3.0292652600821817
6099,117,122,MAE|SAE,4.1420483080290955
6100,117,137,MAE|SAE,5.3186447940662385
6101,117,121,MAE|SAE,2.452368444305291
6102,117,129,MAE|SAE,3.7650509952219644
6103,117,120,MAE|SAE,5.288171001442322
6104,117,120,MAE|SAE,1.9829549033667875
6105,117,124,MAE|SAE,5.622360926948914
6106,117,121,MAE|SAE,1.8757284314220373
6107,117,120,MAE|SAE,5.283719787575468
6108,117,120,MAE|SAE,4.927106771536867
6109,117,134,MAE|SAE,4.8707502871964
6110,117,129,MAE|SAE,4.01105150984441
6111,118,128,MAE|SAE,3.3468628216406198
6112,118,122,MAE,35.442580779560686
6113,118,134,MAE,21.22657848465772
6114,118,120,MAE,30.053573714713103
6115,118,130,MAE|SAE,3.2909727930413846
6116,118,142,MAE|SAE,7.889879625993807
6117,118,122,MAE|SAE,2.7211601098238494
6118,118,128,MAE,27.689328631335524
6119,118,122,MAE,2.5275559507831917
6120,118,126,MAE,37.60052192819488
6121,118,122,MAE|SAE,1.7358004070168735
6122,118,120,MAE,55.509748899563824
6123,118,120,MAE,1.9041977958164553
6124,118,125,MAE|SAE,2.4213762359257123
6125,118,120,MAE,29.932790987764882
6126,118,125,MAE|SAE,2.720907618058858
6127,118,125,MAE|SAE,3.9717942812435125
6128,118,142,MAE,10.219698079327147
6129,118,144,MAE,23.75524855079198
6130,118,122,MAE,32.44873927299337
6131,118,120,MAE,5.83606731186643
6132,118,125,MAE|SAE,5.216035176094954
6133,118,121,MAE|SAE,3.7091917893323814
6134,118,120,MAE,24.51593891902034
6135,118,125,MAE|SAE,2.7602863627285164
6136,118,126,MAE|SAE,3.3256673772740917
6137,118,120,MAE,28.616839652489084
6138,118,120,MAE,24.16803490228757
6139,118,133,MAE|SAE,4.379573120674116
6140,118,120,MAE,8.550911595085374
6141,118,120,MAE,9.877856858965462
6142,118,130,MAE,37.612055026935195
6143,118,120,MAE,5.375125890258374
6144,118,124,MAE,19.45127524480807
6145,118,121,MAE|SAE,3.498223809246105
6146,118,120,MAE,38.55345610496364
6147,118,148,MAE,33.982662860350544
6148,118,121,MAE|SAE,2.1470554531432895
6149,118,128,MAE,17.91602527931308
6150,118,120,MAE,1.4821599940182013
6151,118,122,MAE|SAE,3.1235676802874046
6152,118,122,MAE,2.2277999323156137
6153,118,120,MAE,5.060149221625936
6154,118,120,MAE,30.936512323535307
6155,118,120,MAE,36.98114820240329
6156,118,133,MAE|SAE,5.031612126847706
6157,118,122,MAE,1.9885464545555815
6158,118,124,MAE,23.36104186353943
6159,118,137,MAE|SAE,7.890652246845919
6160,118,121,MAE|SAE,3.848972834259632
6161,118,122,MAE,2.264212615275298
6162,118,120,MAE,18.441004016264806
6163,118,124,MAE,25.698787574010684
6164,118,120,MAE,26.265506448294484
6165,119,122,LAE|MAE|SAE,2.060049602783877
6166,117,134,MAE|SAE,5.432509370479344
6167,117,125,SAE,6.866632281163836
6168,117,121,SAE,5.416445957160476
6169,117,121,SAE,8.502440145422247
6170,117,121,SAE,7.12402716198318
6171,117,121,SAE,5.343868018557726
6172,117,121,SAE,4.374470818186155
6173,117,121,SAE,3.379905065687501
6174,117,121,SAE,5.10990553041926
6175,117,121,SAE,3.3223757956772664
6176,117,121,SAE,9.563118320281404
6177,117,128,MAE|SAE,5.43378675725984
6178,117,121,SAE,7.286846176668254
6179,117,121,SAE,5.850190276732585
6180,118,125,MAE|SAE,5.170754275789555
6181,118,121,MAE|SAE,4.956414807505597
6182,118,125,MAE|SAE,4.988432209479493
6183,118,121,MAE|SAE,3.3189501217793294
6184,118,121,MAE|SAE,5.382650378719663
6185,118,125,MAE|SAE,3.2783119092889796
6186,118,121,MAE|SAE,2.0522391813817347
6187,118,133,MAE|SAE,5.05924847920076
6188,118,133,MAE|SAE,4.804752494965146
6189,118,122,MAE|SAE,4.256846998831143
6190,120,122,MAE|SAE,1.4947311931006781
6191,120,121,MAE|SAE,1.5180411910019693
6192,120,128,MAE|SAE,3.814228261321753
6193,120,122,MAE|SAE,2.552694617226368
6194,120,121,MAE|SAE,3.086532351272416
6195,120,129,MAE|SAE,3.1572670434973995
6196,120,125,MAE|SAE,2.1819708785577436
6197,120,121,MAE|SAE,1.2715772578550038
6198,120,122,MAE|SAE,1.3137342563422563
6199,120,126,MAE|SAE,3.254450364972389
6200,120,129,MAE|SAE,4.214920450181231
6201,120,137,MAE|SAE,4.743072205814203
6202,120,125,MAE|SAE,3.290413982611193
6203,120,124,MAE|SAE,1.7341754379286636
6204,120,121,MAE|SAE,1.606277417149382
6205,120,133,MAE|SAE,4.377923962278334
6206,120,122,MAE|SAE,1.394815442997214
6207,120,128,MAE|SAE,3.014912755922506
6208,120,122,MAE|SAE,1.519518189256721
6209,120,125,MAE|SAE,2.722872494982784
6210,118,124,MAE,37.12750860664322
6211,118,132,MAE,23.115562705703866
6212,118,122,MAE,40.46711826999021
6213,118,128,MAE,32.90819437835683
6214,118,128,MAE|SAE,4.870742685327653
6215,118,122,MAE,31.74677007875155
6216,118,122,MAE,4.882336526729158
6217,118,122,MAE,4.6801411118552325
6218,120,124,MAE,10.16081616009869
6219,120,129,MAE|SAE,5.497263579829936
6220,120,129,MAE|SAE,4.017733278684771
6221,120,134,LAE|MAE|SAE,4.115273458783089
6222,120,122,MAE,2.107177254217249
6223,120,130,MAE,24.845255793183128
6224,120,122,MAE,4.037523368624359
6225,120,122,MAE,7.769202247655154
6226,120,122,MAE,4.6550856177582185
6227,120,125,MAE|SAE,2.5699961836850216
6228,120,124,MAE,35.82551203553892
6229,120,133,MAE|SAE,4.650106853411582
6230,120,125,MAE|SAE,2.933677354094507
6231,120,138,LAE|MAE|SAE,4.841072703641897
6232,120,122,MAE,3.336580043915782
6233,120,125,MAE|SAE,2.756443120713996
6234,120,130,MAE,49.42264953632056
6235,120,135,LAE|MAE|SAE,4.372171996735927
6236,120,126,MAE,28.182940085014227
6237,120,122,MAE,30.96551517326718
6238,120,126,MAE|SAE,5.157767187629453
6239,120,126,MAE,9.694838093580882
6240,120,124,MAE,23.48402347770718
6241,120,122,MAE,3.543774853169151
6242,120,126,MAE,35.82417578025541
6243,120,132,MAE|SAE,4.632346421774581
6244,120,141,MAE|SAE,5.31755029576786
6245,120,134,MAE|SAE,3.992055299039699
6246,120,130,MAE,30.68736966113825
6247,120,122,MAE,1.9525738876523948
6248,120,128,MAE,22.993073882706987
6249,120,133,MAE|SAE,4.282860737209791
6250,120,122,MAE,50.82157889137668
6251,120,137,LAE|MAE|SAE,4.60518835981584
6252,120,122,MAE,4.944505437983314
6253,120,126,MAE,51.817909660522176
6254,120,133,MAE|SAE,4.015531693060646
6255,120,126,MAE,2.5904700750167473
6256,121,122,MAE|SAE,1.3753773444633104
6257,121,122,MAE|SAE,1.6318654603131746
6258,121,122,MAE|SAE,2.130702077938301
6259,121,122,MAE|SAE,2.3434091920466957
6260,121,126,MAE|SAE,4.654332082104157
6261,121,125,MAE|SAE,3.949932915554072
6262,121,122,MAE|SAE,1.4804008807808153
6263,121,138,LAE|MAE|SAE,4.505294047741051
6264,121,137,LAE|MAE|SAE,4.296356042751584
6265,121,122,MAE|SAE,1.4750335997317123
6266,121,122,MAE|SAE,2.1307945817348286
6267,121,133,MAE|SAE,4.0046909024086546
6268,121,133,MAE|SAE,3.966443745282083
6269,121,132,MAE|SAE,4.559568565972949
6270,121,128,MAE|SAE,4.222129616027931
6271,121,122,MAE|SAE,1.3249962810468576
6272,121,133,MAE|SAE,4.560169073561718
6273,121,122,MAE|SAE,3.4382627595815154
6274,121,126,MAE|SAE,2.6540655896634213
6275,121,122,MAE|SAE,1.515555093046388
6276,121,124,MAE|SAE,3.8415987714120274
6277,121,129,MAE|SAE,3.4628293715168077
6278,121,122,MAE|SAE,8.442328091009303
6279,121,125,MAE|SAE,2.821235405526969
6280,121,122,MAE|SAE,3.0392453814885423
6281,121,133,MAE|SAE,4.131607395959305
6282,121,122,MAE|SAE,7.190903004068749
6283,120,123,LAE|MAE,4.791109117378607
6284,120,128,MAE,55.6184845865005
6285,120,145,MAE|SAE,10.874416503812311
6286,120,133,MAE|SAE,4.496848790810381
6287,120,124,MAE,49.762074773353625
6288,120,134,MAE,34.046456605148634
6289,120,124,MAE,24.703709858946578
6290,120,124,MAE,16.96444683345697
6291,120,134,MAE|SAE,4.756141655974524
6292,120,124,MAE,9.824718571776172
6293,120,126,MAE,54.17426955109466
6294,120,124,MAE,30.12153782156882
6295,120,124,MAE,4.033956028197369
6296,120,137,MAE|SAE,4.750232364191444
6297,121,125,MAE|SAE,3.7952273870742608
6298,121,126,MAE|SAE,4.021262785630666
6299,121,126,MAE|SAE,4.46822448041338
6300,121,124,MAE|SAE,3.6929152654593858
6301,121,129,MAE|SAE,5.494722077729092
6302,121,133,LAE|MAE|SAE,4.729088149449923
6303,121,126,MAE|SAE,3.3457121091837005
6304,121,124,MAE|SAE,5.205349615895854
6305,121,125,MAE|SAE,2.7235535151605466
6306,122,136,MAE,14.302585798663642
6307,122,126,MAE|SAE,2.066932639760612
6308,122,129,MAE|SAE,4.157076666838744
6309,122,124,MAE,8.693925754706791
6310,122,132,MAE,10.404208047423253
6311,122,142,MAE|SAE,6.762456542191975
6312,122,126,MAE,12.301326843918366
6313,122,124,MAE,25.13239247738009
6314,122,137,MAE|SAE,4.122883930171833
6315,122,129,MAE|SAE,5.087712482648182
6316,122,136,MAE,9.886567968686803
6317,122,125,MAE|SAE,6.460439383732695
6318,122,158,LAE|MAE|SAE,8.341675516162892
6319,122,134,MAE,27.821855615300702
6320,122,141,LAE|MAE|SAE,4.934582546926538
6321,122,124,MAE,3.568313645694492
6322,122,128,MAE,43.24083922827589
6323,122,129,MAE|SAE,2.83843713908424
6324,122,133,MAE|SAE,4.700840101551533
6325,122,130,MAE|SAE,3.022857957650483
6326,122,124,MAE,9.76269597469061
6327,122,135,LAE|MAE|SAE,5.977978607095666
6328,122,129,MAE|SAE,2.4729077481234136
6329,122,124,MAE,6.066900908875772
6330,122,133,MAE|SAE,4.242977730451525
6331,122,141,LAE|MAE|SAE,4.950196175958202
6332,122,124,MAE,10.82769412403425
6333,122,126,MAE|SAE,2.459849121041836
6334,122,125,MAE|SAE,3.3770065112599097
6335,122,124,MAE,3.238071756943246
6336,122,134,LAE|MAE|SAE,4.093972024373307
6337,122,124,MAE,46.74301001770189
6338,121,133,MAE|SAE,5.738489693783199
6339,121,125,SAE,4.271272963001819
6340,121,125,SAE,4.77376968071963
6341,121,125,SAE,5.556493369444988
6342,121,125,SAE,5.2426087940879915
6343,121,125,SAE,10.328313312910419
6344,121,125,SAE,7.036191538841207
6345,121,125,SAE,5.949540122445917
6346,121,125,SAE,3.9551113392108044
6347,121,125,SAE,2.6013600150862044
6348,121,125,SAE,4.401377281413238
6349,122,125,MAE|SAE,3.011791810399707
6350,122,130,MAE|SAE,9.197167787765716
6351,122,132,MAE|SAE,10.829149556166767
6352,122,129,MAE|SAE,3.7637050079228977
6353,122,141,MAE|SAE,5.841160003122917
6354,122,129,MAE|SAE,4.0497659328971976
6355,122,125,MAE|SAE,4.395664840596779
6356,122,137,MAE|SAE,4.373112466031294
6357,122,125,MAE|SAE,4.352822854858163
6358,122,125,MAE|SAE,2.203712664289419
6359,122,125,MAE|SAE,2.1965644891855396
6360,124,125,MAE|SAE,1.3636051743556947
6361,124,129,MAE|SAE,2.2922939096664496
6362,124,126,MAE|SAE,2.4521740472604474
6363,124,126,MAE|SAE,1.4884635491676652
6364,124,129,MAE|SAE,4.49941475410521
6365,124,126,MAE|SAE,1.5279187448264682
6366,124,126,MAE|SAE,1.807410734320737
6367,124,130,MAE|SAE,2.4162099723937267
6368,124,126,MAE|SAE,1.495968164450953
6369,124,125,MAE|SAE,1.4877945348821835
6370,124,126,MAE|SAE,4.093750408336112
6371,124,130,LAE|MAE|SAE,2.662767563749839
6372,124,125,MAE|SAE,3.260638672306069
6373,124,130,MAE|SAE,2.280123520362307
6374,124,126,MAE|SAE,4.244345359159525
6375,124,126,MAE|SAE,1.4934450425870687
6376,124,126,MAE|SAE,3.593351441057593
6377,124,126,MAE|SAE,1.7675149511937807
6378,124,125,MAE|SAE,1.4046214672062463
6379,124,133,MAE|SAE,4.073849120579876
6380,124,126,MAE|SAE,1.9482320272015967
6381,124,126,MAE|SAE,1.8475273131199461
6382,124,134,LAE|MAE|SAE,3.289234700478595
6383,124,132,MAE|SAE,4.158417563437779
6384,124,126,MAE|SAE,3.200863518478453
6385,124,130,MAE|SAE,3.1292964216263304
6386,124,134,MAE|SAE,6.434549480308784
6387,124,126,MAE|SAE,2.2382245967551273
6388,124,129,MAE|SAE,2.3209132842070708
6389,124,125,MAE|SAE,1.9908860386170277
6390,124,129,MAE|SAE,4.045531752314861
6391,124,129,MAE|SAE,4.948737022676561
6392,124,126,MAE|SAE,1.658411926877183
6393,124,125,MAE|SAE,3.911038935620414
6394,124,126,MAE|SAE,1.748343322811295
6395,124,126,MAE|SAE,1.7656530629855158
6396,124,125,MAE|SAE,2.1143104332935803
6397,124,125,MAE|SAE,1.9702426236584187
6398,124,130,MAE|SAE,2.77367547599964
6399,124,125,MAE|SAE,1.3764490231320936
6400,124,125,MAE|SAE,1.5029524282902709
6401,124,125,MAE|SAE,1.6941206969105895
6402,124,132,MAE|SAE,4.090958221635927
6403,124,125,MAE|SAE,1.2869216174320595
6404,124,133,MAE|SAE,3.8937518734903804
6405,124,126,MAE|SAE,3.9222985684673084
6406,124,134,MAE|SAE,3.8352502105380397
6407,124,125,MAE|SAE,1.2129750054338568
6408,124,136,MAE|SAE,4.207885314826429
6409,124,137,MAE|SAE,3.8853979200322835
6410,124,125,MAE|SAE,1.3789602241939927
6411,124,125,MAE|SAE,1.5481782518231564
6412,124,125,MAE|SAE,5.105131316834205
6413,124,125,MAE|SAE,1.674556954992939
6414,124,125,MAE|SAE,1.1840614946999408
6415,124,126,MAE|SAE,2.0103516395782366
6416,122,128,MAE,9.868321637968194
6417,122,128,MAE,44.134349117076056
6418,122,132,MAE,19.402973734512898
6419,122,130,MAE,4.374875323738167
6420,122,128,MAE,43.24852080034603
6421,122,140,MAE,22.371722774778583
6422,122,140,MAE,6.796675439466365
6423,122,126,MAE,37.23130121294618
6424,122,129,MAE|SAE,4.262609274760308
6425,122,130,MAE,30.857905942453687
6426,122,130,MAE,40.974329186839526
6427,122,134,MAE,26.940036590243437
6428,122,132,MAE,38.70679709181571
6429,122,126,MAE,34.17381262755684
6430,122,126,MAE,39.79375257651422
6431,122,129,MAE|SAE,6.120165299569611
6432,122,126,MAE,37.51626474947241
6433,123,134,LAE|MAE,3.8612696592582454
6434,124,128,MAE,41.0518655172435
6435,124,128,MAE,47.304490475649104
6436,124,126,MAE,42.017614367291266
6437,124,126,MAE,3.804285585809005
6438,124,141,MAE|SAE,7.851488317699866
6439,124,128,MAE,29.67241330744485
6440,124,126,MAE,4.660878322212579
6441,124,126,MAE,3.9696251337741897
6442,124,126,MAE,4.443152850781041
6443,124,132,MAE|SAE,3.9072022439593534
6444,124,126,MAE,6.199350475316618
6445,124,132,LAE|MAE|SAE,3.8514540358610643
6446,124,130,MAE|SAE,4.017976559631005
6447,124,130,MAE|SAE,2.2282206886040163
6448,124,128,MAE,28.64504530425553
6449,124,133,MAE|SAE,3.943820358052578
6450,124,128,LAE|MAE,4.226120663137127
6451,124,126,MAE,3.995098392030534
6452,124,130,MAE|SAE,3.103562954143221
6453,124,126,MAE,27.65639853724079
6454,124,129,MAE|SAE,5.34139485953876
6455,124,130,MAE,24.557427299417444
6456,124,126,MAE,2.447562233717376
6457,124,126,MAE,1.5685437390051975
6458,124,128,LAE|MAE,3.469637390642799
6459,124,149,MAE|SAE,8.240540191559894
6460,124,126,MAE,1.8675139606831146
6461,124,134,MAE,8.254517661731557
6462,124,130,MAE,3.9948634723733396
6463,124,128,MAE,10.098546660073353
6464,124,128,MAE,26.44985885382386
6465,124,132,LAE|MAE|SAE,6.572746133660435
6466,124,126,MAE,5.494155567659821
6467,124,126,MAE,3.023989904231881
6468,124,128,MAE,4.1636095148854615
6469,124,126,MAE,31.973918508966097
6470,124,126,MAE,42.12123355516125
6471,124,126,MAE,5.962788047546985
6472,124,128,MAE,52.79520804794606
6473,124,137,MAE|SAE,3.7260447766346343
6474,124,129,MAE|SAE,3.3602580004220672
6475,124,126,MAE,32.938910128611106
6476,124,126,MAE,1.9603893955746752
6477,125,126,MAE|SAE,1.6052907098244966
6478,125,126,MAE|SAE,0.8576758256187756
6479,125,126,MAE|SAE,1.4466125741765825
6480,125,133,MAE|SAE,3.07006467445014
6481,125,128,MAE|SAE,2.2977603594057716
6482,125,132,LAE|MAE|SAE,3.2614410261370765
6483,125,133,MAE|SAE,3.8716446693906073
6484,125,130,MAE|SAE,3.1778249615811927
6485,125,133,MAE|SAE,3.5541156142278254
6486,125,126,MAE|SAE,1.2948784364252062
6487,125,126,MAE|SAE,6.425870860844704
6488,125,126,MAE|SAE,3.5751507188668565
6489,125,129,MAE|SAE,2.4043877661813338
6490,125,145,MAE|SAE,9.979755159158756
6491,125,126,MAE|SAE,4.838301748193643
6492,125,129,MAE|SAE,1.9701494069309622
6493,125,133,MAE|SAE,3.3078767436677516
6494,125,126,MAE|SAE,0.8687800132396641
6495,125,126,MAE|SAE,2.670288392750953
6496,125,137,MAE|SAE,3.9922847301905153
6497,124,127,LAE|MAE,4.925034186006407
6498,124,142,LAE|MAE|SAE,4.465213275336493
6499,126,130,LAE|MAE|SAE,3.5657725746656683
6500,126,127,LAE|MAE,3.1606883177416387
6501,126,132,LAE|MAE|SAE,3.310619904295792
6502,124,129,MAE|SAE,4.799152165340406
6503,124,128,MAE,3.9846086980817903
6504,124,136,MAE,8.698790389950588
6505,124,128,MAE,42.771034201854675
6506,124,133,MAE|SAE,7.128425128173465
6507,124,128,MAE,4.064963912039485
6508,124,132,MAE,5.5908238832846555
6509,124,128,MAE,43.94566682036359
6510,124,128,MAE,28.178842176006395
6511,124,128,MAE,54.098746158373366
6512,124,128,MAE,7.7732055612461295
6513,124,132,MAE,27.04049269655292
6514,124,137,MAE|SAE,4.159119381020853
6515,124,128,MAE,8.980907440778594
6516,124,128,MAE,3.9916690589177204
6517,125,130,MAE|SAE,2.383238494568486
6518,125,137,MAE|SAE,3.668519346777206
6519,125,134,MAE|SAE,3.233179563234624
6520,125,129,MAE|SAE,3.6640190602061105
6521,125,129,MAE|SAE,2.3753982821372928
6522,126,128,MAE,39.398235251328465
6523,126,153,LAE|MAE|SAE,8.672525449487539
6524,126,132,MAE,9.475051967218068
6525,126,136,MAE,33.56038108002906
6526,126,128,MAE,2.2147353936334895
6527,126,128,MAE,2.0025363414769792
6528,126,134,MAE,38.992526990734824
6529,126,142,MAE,29.481961399185366
6530,126,128,MAE,1.7169167976602024
6531,126,132,MAE,18.032381451373595
6532,126,132,MAE,34.20737323361305
6533,126,128,MAE,9.61072883530419
6534,126,134,MAE,22.69205245066957
6535,126,134,MAE,31.84408982883954
6536,126,128,MAE,35.185642882241865
6537,126,132,MAE,23.499388427710276
6538,126,134,MAE,28.306002302933805
6539,126,146,MAE,24.558776609285374
6540,126,137,MAE|SAE,4.261647974246991
6541,126,142,MAE,50.38866263038967
6542,126,138,MAE,18.585641215699884
6543,126,128,MAE,24.26828799491861
6544,126,136,MAE,59.69665615195668
6545,126,128,MAE,58.697788848445285
6546,126,154,MAE,9.19453009520933
6547,126,128,MAE,8.230151108698719
6548,126,136,MAE,34.176052234604896
6549,126,137,LAE|MAE|SAE,6.591818369824255
6550,126,134,MAE,25.061452534514817
6551,126,130,MAE,28.68099025294855
6552,126,128,MAE,30.647685116206304
6553,126,134,MAE,3.871403392617376
6554,126,136,MAE,32.146363428484634
6555,126,134,MAE|SAE,3.010157640852901
6556,126,136,MAE,32.723026108700324
6557,126,128,MAE,26.474166980791363
6558,126,133,MAE|SAE,3.2434075540027467
6559,126,128,MAE,28.01114549489177
6560,126,129,MAE|SAE,4.218658586024925
6561,126,130,MAE,3.793203170844265
6562,126,138,MAE|SAE,4.334746446219563
6563,126,136,MAE|SAE,5.403795418658965
6564,126,136,MAE,30.99401714361207
6565,126,128,MAE,12.259119030047463
6566,126,130,MAE,38.19723415026096
6567,126,128,MAE,29.82158573669766
6568,126,136,MAE|SAE,7.257469254234946
6569,126,130,MAE,2.37759237380084
6570,126,133,MAE|SAE,2.4557671441985933
6571,126,130,MAE|SAE,1.9891620796578722
6572,126,128,MAE,36.51952221159744
6573,126,130,MAE,1.9852302598105342
6574,126,130,MAE|SAE,3.6360650663883223
6575,126,130,MAE|SAE,1.9257898086953507
6576,127,133,LAE|MAE|SAE,3.430597320613174
6577,127,133,LAE|MAE|SAE,3.189993673229662
6578,127,133,LAE|MAE|SAE,3.3662513816937434
6579,127,141,LAE|MAE|SAE,6.084406530431921
6580,125,136,MAE|SAE,6.205304826946207
6581,125,129,SAE,4.3147458945065935
6582,125,129,SAE,11.684643795233692
6583,125,129,SAE,2.756644542463319
6584,125,129,SAE,9.821482154544247
6585,125,129,SAE,16.910216617459486
6586,125,129,SAE,3.2793792120541565
6587,125,145,MAE|SAE,7.764513836732071
6588,125,129,SAE,7.88930631616708
6589,126,136,MAE|SAE,3.518787825720703
6590,126,134,MAE|SAE,3.774254600795911
6591,126,134,MAE|SAE,3.5064797276917403
6592,126,134,MAE|SAE,5.543362982783189
6593,126,132,MAE|SAE,3.6455183245422265
6594,126,133,MAE|SAE,3.103028125802993
6595,126,130,MAE|SAE,3.3586985295348604
6596,126,134,MAE|SAE,3.492065726596181
6597,128,137,MAE|SAE,4.112280385735
6598,128,129,MAE|SAE,1.0769561697737824
6599,128,129,MAE|SAE,1.3722952842729248
6600,128,130,MAE|SAE,4.505134992675173
6601,128,137,MAE|SAE,3.908535334930195
6602,128,149,LAE|MAE|SAE,5.444747212874839
6603,128,134,MAE|SAE,3.335963944084875
6604,128,130,MAE|SAE,0.9723128445830667
6605,128,129,MAE|SAE,5.982716817443058
6606,128,129,MAE|SAE,3.322674542090933
6607,128,130,MAE|SAE,1.664740577000548
6608,128,136,MAE|SAE,3.5024007474102357
6609,128,129,MAE|SAE,1.0003133487548597
6610,128,130,MAE|SAE,1.2969518415149723
6611,128,130,MAE|SAE,1.8423431857226835
6612,128,133,MAE|SAE,2.0947271068360274
6613,128,129,MAE|SAE,1.388738521207066
6614,128,129,MAE|SAE,1.7350717883483395
6615,128,133,MAE|SAE,3.258393451286925
6616,128,129,MAE|SAE,1.219093544519497
6617,128,134,MAE|SAE,7.147663528471691
6618,128,130,MAE|SAE,1.0552595724627094
6619,128,130,MAE|SAE,1.686131825613303
6620,128,129,MAE|SAE,2.860474138920764
6621,128,130,MAE|SAE,1.5378678023889192
6622,128,129,MAE|SAE,3.0636634245526575
6623,128,130,MAE|SAE,2.5300126585136624
6624,128,133,MAE|SAE,3.3771371843457922
6625,128,129,MAE|SAE,2.274886048745949
6626,128,130,MAE|SAE,1.6336278245189153
6627,128,129,MAE|SAE,0.9916816994262592
6628,128,130,MAE|SAE,1.855976317704641
6629,128,132,MAE|SAE,3.3876906324742624
6630,126,144,MAE,34.96154300372534
6631,126,130,MAE,34.2873196036173
6632,126,130,MAE,3.552875674244194
6633,126,130,MAE,20.02675206969617
6634,126,134,MAE,55.58962693875171
6635,126,130,MAE,9.890375358909104
6636,126,130,MAE,34.74707630660999
6637,126,134,MAE,22.421585273938867
6638,126,132,MAE,33.07109693339897
6639,126,130,MAE,5.606254987795567
6640,126,130,MAE,3.5785393852546665
6641,126,130,MAE,9.80113192216861
6642,126,130,MAE,18.808330392283267
6643,126,130,MAE,48.77859645653241
6644,126,130,MAE,55.33521377048597
6645,126,130,MAE,42.20424788657041
6646,126,132,MAE,3.2525413938201257
6647,127,133,LAE|MAE|SAE,3.095197380533005
6648,127,133,LAE|MAE|SAE,2.921768108467963
6649,128,141,LAE|MAE|SAE,3.923246495571051
6650,128,130,MAE,51.59170947868902
6651,128,144,MAE,33.06949431737656
6652,128,130,MAE,4.22130673057165
6653,128,136,MAE,29.921768600219444
6654,128,144,LAE|MAE|SAE,9.672592625271676
6655,128,144,MAE,8.581611160337184
6656,128,133,MAE|SAE,2.7080240266300195
6657,128,132,MAE,41.619921614084696
6658,128,144,MAE,31.91094471906613
6659,128,140,MAE,15.326427125627387
6660,128,138,MAE,35.17976852560653
6661,128,132,MAE,3.3761575931536103
6662,128,130,MAE,21.68461154981292
6663,128,138,MAE,18.683720862466146
6664,128,133,MAE|SAE,4.763777828000906
6665,128,130,MAE,38.843244989595966
6666,128,136,MAE,27.755859707030563
6667,128,146,MAE,13.516119707792818
6668,128,136,MAE,21.6893491726985
6669,128,140,MAE,40.193030643118085
6670,128,130,MAE,26.00330536651824
6671,128,134,MAE,18.21915147039232
6672,128,132,MAE,3.2926970355040215
6673,128,131,LAE|MAE,3.3056792406371573
6674,128,131,LAE|MAE,9.447226171693783
6675,128,130,MAE,37.25697100178689
6676,128,135,LAE|MAE,3.361532836749043
6677,128,134,MAE|SAE,2.8350943022096398
6678,128,133,MAE|SAE,2.518562357922864
6679,128,134,MAE,51.78241611780756
6680,128,136,MAE,26.221021263927096
6681,128,138,MAE,8.128600159025812
6682,128,130,MAE,4.797485632892469
6683,128,138,MAE,39.40850509480681
6684,128,149,MAE|SAE,7.276880826269
6685,128,130,MAE,11.488506094743862
6686,128,130,MAE,31.335119497120647
6687,128,146,MAE,28.527852216529386
6688,128,130,MAE,29.348254835901535
6689,128,136,MAE,36.86515645989864
6690,128,130,MAE,43.75167492242787
6691,128,140,MAE,24.85983857073076
6692,128,142,MAE,32.88550909786629
6693,128,130,MAE,10.025899587190258
6694,128,130,MAE,30.10109617163119
6695,128,130,MAE,3.6327101648244717
6696,128,134,MAE,25.685451029609183
6697,128,130,MAE,4.904439855623883
6698,128,132,MAE,28.09591481405601
6699,128,130,MAE,54.47818232520555
6700,128,137,MAE|SAE,3.1917563529120647
6701,128,138,MAE,31.192835655356447
6702,128,133,MAE|SAE,2.787791041938713
6703,128,134,MAE,24.77397164547675
6704,128,141,MAE|SAE,6.739095507891258
6705,128,134,MAE,37.358466334175716
6706,128,132,MAE,35.370689672915624
6707,128,141,MAE|SAE,3.6482990718435913
6708,128,144,MAE,25.446378172879474
6709,128,134,MAE,28.60881800673254
6710,129,144,LAE|MAE|SAE,8.449746287418884
6711,129,130,MAE|SAE,2.8733383912010897
6712,129,133,MAE|SAE,2.0402661138395697
6713,129,130,MAE|SAE,1.265987982460432
6714,129,130,MAE|SAE,2.9672134563300303
6715,129,130,MAE|SAE,1.1529574868742116
6716,129,145,LAE|MAE|SAE,5.862451117086186
6717,129,133,MAE|SAE,3.1804631931106555
6718,129,130,MAE|SAE,3.8256038856035524
6719,129,130,MAE|SAE,1.8500893484514402
6720,129,130,MAE|SAE,2.9774998131973645
6721,129,133,MAE|SAE,2.9235952628785995
6722,129,130,MAE|SAE,4.765582600850104
6723,129,130,MAE|SAE,1.8471770635632854
6724,129,134,MAE|SAE,2.1179960681527215
6725,129,133,MAE|SAE,2.601970257490133
6726,129,138,MAE|SAE,4.251272734940117
6727,129,130,MAE|SAE,1.2362585402942237
6728,129,130,MAE|SAE,4.504406970917475
6729,129,133,MAE|SAE,7.1997431784797286
6730,129,134,MAE|SAE,2.825871667257352
6731,129,130,MAE|SAE,1.917429245224782
6732,129,132,MAE|SAE,6.4536365163997065
6733,129,130,MAE|SAE,3.0683054727001204
6734,129,133,MAE|SAE,2.670334402687276
6735,130,145,LAE|MAE|SAE,9.374739035248734
6736,130,154,LAE|MAE,38.83642267123522
6737,128,132,MAE,29.495882149331482
6738,128,132,MAE,40.94928542056223
6739,128,138,MAE,32.13324657173982
6740,128,146,MAE,9.09288164156063
6741,128,132,MAE,43.234903924401785
6742,128,133,MAE|SAE,9.011123600012183
6743,128,134,MAE,43.73312932352649
6744,128,136,MAE,31.92323958258736
6745,128,132,MAE,24.49177020057001
6746,128,132,MAE,25.29610407828888
6747,128,138,MAE,24.71542696669632
6748,128,133,MAE|SAE,5.812257679191455
6749,128,134,MAE,53.49460610639404
6750,128,132,MAE,33.987054354339186
6751,128,134,MAE,6.036379670464357
6752,128,137,MAE|SAE,3.02628344172611
6753,128,132,MAE,2.8874581196935316
6754,129,142,MAE|SAE,11.51407135095601
6755,129,138,MAE|SAE,9.510249314360568
6756,129,134,MAE|SAE,2.7771808486234333
6757,129,148,MAE|SAE,12.54335507404457
6758,129,132,MAE|SAE,3.1507883490560222
6759,129,132,MAE|SAE,4.7306323807879975
6760,129,136,MAE|SAE,11.059823768856482
6761,129,134,MAE|SAE,2.765555585047989
6762,129,136,MAE|SAE,5.897823234831301
6763,130,132,MAE,2.104860821986075
6764,130,140,MAE,8.191429719574762
6765,130,145,MAE|SAE,4.172770258683615
6766,130,133,MAE|SAE,2.9037608184786285
6767,130,134,MAE,54.91200580550673
6768,130,138,MAE,28.625723146212497
6769,130,132,MAE,26.494730292582666
6770,130,132,MAE,29.331210535949413
6771,130,132,MAE,3.158604514275138
6772,130,134,MAE,27.150427689102514
6773,130,142,MAE,6.595179816522707
6774,130,142,MAE,36.72423714532341
6775,130,134,MAE,10.9718027931023
6776,130,138,MAE,14.411496605500071
6777,130,136,MAE,27.629862900989043
6778,130,132,MAE,48.836418530067824
6779,130,133,MAE|SAE,3.335141719271115
6780,130,140,MAE,6.647613957940854
6781,130,138,MAE,47.318197917719594
6782,130,134,MAE,25.553952156118974
6783,130,132,MAE,28.366632109111684
6784,130,132,MAE,28.118166830063995
6785,130,134,MAE,27.472553617953185
6786,130,134,MAE,25.049464333013773
6787,130,138,MAE,32.617965380529185
6788,130,134,MAE,4.629098514307396
6789,130,138,MAE,57.50440126780802
6790,130,132,MAE,26.098112447059442
6791,130,141,MAE|SAE,3.3340238146220886
6792,130,142,MAE,19.782657387849593
6793,130,132,MAE,50.450578427117854
6794,130,136,MAE,57.78494130600873
6795,130,132,MAE,32.59051285260842
6796,130,138,MAE|SAE,3.3181929191468202
6797,130,132,MAE,15.08053720612195
6798,130,138,MAE,25.89139820132471
6799,130,134,MAE,17.58774815391381
6800,130,132,MAE,4.423766739533433
6801,130,132,MAE,33.88342284452102
6802,130,134,MAE,18.67121269381631
6803,130,134,MAE,19.810267567853494
6804,130,138,MAE,10.992145270245219
6805,130,142,MAE,30.725022614007877
6806,130,132,MAE,32.60064545014153
6807,130,133,MAE|SAE,1.8888777606276637
6808,130,132,MAE,44.81752471291187
6809,130,136,MAE|SAE,4.951855034598184
6810,130,132,MAE,26.61245146001127
6811,130,132,MAE,6.311775087155849
6812,130,136,MAE,43.06176144674964
6813,130,132,MAE,37.714407527174075
6814,130,134,MAE,26.733065563214026
6815,130,132,MAE,42.902975014847684
6816,130,132,MAE,23.158249178804034
6817,130,132,MAE,36.23035982559539
6818,130,134,MAE|SAE,2.63838083381813
6819,130,134,MAE,2.0876361471541753
6820,130,134,MAE,45.9834660918893
6821,130,132,MAE,48.03307925092019
6822,130,156,MAE,7.355895813719753
6823,130,145,MAE|SAE,5.387595486209287
6824,130,142,MAE,7.779011176823492
6825,130,136,MAE,22.65250424855231
6826,130,132,MAE,42.45175955492358
6827,130,145,MAE|SAE,9.63798617604764
6828,130,146,MAE,34.314570940210466
6829,130,132,MAE,2.287288352186935
6830,130,134,MAE,31.6752289681424
6831,130,134,MAE,42.1624293005646
6832,130,132,MAE,38.98723397907278
6833,130,145,MAE|SAE,4.018895410228248
6834,130,140,MAE,26.580870734153393
6835,130,134,MAE,23.460199053179828
6836,130,134,MAE,2.3160031790900324
6837,131,139,LAE|MAE|SAE,2.554614918262746
6838,131,139,LAE|MAE|SAE,2.541991847077293
6839,131,138,LAE|MAE|SAE,2.576005566762673
6840,131,146,LAE|MAE|SAE,7.444301220518424
6841,131,146,LAE|MAE|SAE,8.084318279202694
6842,131,141,LAE|MAE|SAE,7.579345377976187
6843,131,133,LAE|MAE|SAE,3.7871111800289863
6844,131,134,LAE|MAE|SAE,4.178249484926056
6845,129,137,SAE,8.650377947813435
6846,129,137,SAE,8.066406561099885
6847,129,133,SAE,9.2215984240056
6848,129,133,SAE,2.9767369851427525
6849,129,137,SAE,11.249280802430043
6850,129,137,SAE,8.974085468316387
6851,129,133,SAE,7.891416232774385
6852,129,133,SAE,8.034641112481337
6853,129,137,SAE,8.398542145492996
6854,129,133,SAE,5.941799233235304
6855,129,133,SAE,10.284538381031552
6856,130,134,MAE|SAE,2.3927731539737733
6857,130,134,MAE|SAE,2.503371237232938
6858,130,137,MAE|SAE,3.232539404300616
6859,130,134,MAE|SAE,2.430944752773787
6860,130,133,MAE|SAE,2.9654034197839505
6861,130,134,MAE|SAE,2.4876499395131435
6862,130,133,MAE|SAE,2.0653125621634634
6863,130,137,MAE|SAE,3.225102892330742
6864,130,133,MAE|SAE,2.3046492242239314
6865,132,133,MAE|SAE,3.5667502270247677
6866,132,134,MAE|SAE,4.053722294271866
6867,132,134,MAE|SAE,1.585405143680568
6868,132,134,MAE|SAE,4.574549912192409
6869,132,133,MAE|SAE,2.0347903037849977
6870,132,134,MAE|SAE,4.2535397709330285
6871,132,133,MAE|SAE,1.4491648314551966
6872,132,134,MAE|SAE,3.9211542349523048
6873,132,145,MAE|SAE,5.1273748464822715
6874,132,141,LAE|MAE|SAE,3.7570035208032255
6875,132,134,MAE|SAE,4.367787074597986
6876,132,133,MAE|SAE,1.769401239007054
6877,132,134,MAE|SAE,1.1985054034423555
6878,132,133,MAE|SAE,4.961705896104047
6879,132,134,MAE|SAE,1.453130627511364
6880,132,139,LAE|MAE|SAE,2.372720101970759
6881,132,133,MAE|SAE,3.9595167104643627
6882,132,133,MAE|SAE,8.654086817153383
6883,132,145,MAE|SAE,5.267723679706884
6884,132,133,MAE|SAE,1.2422081949708714
6885,132,136,MAE|SAE,5.083730803030755
6886,132,137,MAE|SAE,2.5077380023282507
6887,132,133,MAE|SAE,1.2899695055594815
6888,132,133,MAE|SAE,1.174206654615998
6889,132,134,MAE|SAE,2.586821973894248
6890,132,137,MAE|SAE,2.4990614327855085
6891,132,133,MAE|SAE,3.6126125849302366
6892,130,134,MAE,44.7095694549506
6893,130,136,MAE,4.800708019884208
6894,130,136,MAE,40.06072267288801
6895,130,134,MAE,46.32901845577043
6896,130,137,MAE|SAE,3.4031189653215437
6897,130,134,MAE,46.361982037788124
6898,130,134,MAE,26.718000935252316
6899,130,140,MAE,17.057435283571976
6900,130,134,MAE,29.584353368631504
6901,130,134,MAE,6.214062691303295
6902,130,142,MAE,8.599521618975
6903,130,144,MAE,60.00631567950899
6904,130,138,MAE,58.06249489475739
6905,130,142,MAE,11.215794938792158
6906,130,134,MAE,27.414112369532635
6907,130,134,MAE,27.976344425975277
6908,130,145,MAE|SAE,5.650054730581569
6909,130,137,MAE|SAE,5.16629567701939
6910,130,138,MAE,34.09031456139408
6911,130,134,MAE,8.454687401800706
6912,130,134,MAE,37.116421904310144
6913,130,134,MAE,42.954209266929105
6914,130,138,MAE,29.131501352608947
6915,130,141,MAE|SAE,8.038801687692825
6916,130,137,LAE|MAE|SAE,3.007421365226319
6917,130,136,MAE,5.86629885993599
6918,131,134,LAE|MAE,2.1516667159781226
6919,131,137,LAE|MAE|SAE,2.3285141430705436
6920,131,138,LAE|MAE,2.585627639889171
6921,131,134,LAE|MAE,2.7582531725371355
6922,131,134,LAE|MAE,1.6852144515818568
6923,131,134,LAE|MAE,2.7390779031908905
6924,132,134,MAE,2.2135918364777174
6925,132,142,MAE,20.80619315575895
6926,132,142,MAE,25.114642100224728
6927,132,144,MAE,18.67271499111402
6928,132,134,MAE,51.615728945604324
6929,132,136,MAE,7.216049579330985
6930,132,138,MAE,31.87265377590679
6931,132,146,MAE,25.891711230434513
6932,132,140,MAE,17.547515797206177
6933,132,138,MAE,33.4438637385798
6934,132,138,MAE,34.04493067652553
6935,132,144,MAE,6.565529329866604
6936,132,138,MAE,28.405098982609932
6937,132,144,MAE,48.72359724177936
6938,132,142,MAE,28.798933481291318
6939,132,136,MAE,39.19502245087288
6940,132,140,MAE,8.570763988475788
6941,132,134,MAE,30.559053019641663
6942,132,136,MAE,37.84963401745742
6943,132,134,MAE,28.92663958252294
6944,132,140,MAE|SAE,7.2553764122087685
6945,132,134,MAE,31.35628211988327
6946,132,134,MAE,2.4372309743300207
6947,132,134,MAE,23.138953507258964
6948,132,138,MAE,24.02242355233861
6949,132,134,MAE,53.15823752018159
6950,132,148,MAE,9.625945541389171
6951,132,136,MAE,29.215251022757702
6952,132,136,MAE,42.504405558258455
6953,132,134,MAE,35.840257589103025
6954,132,150,MAE,26.507116300357826
6955,132,144,MAE,29.61142126060448
6956,132,134,MAE,27.095878056399002
6957,132,136,MAE,50.37499410272318
6958,132,138,MAE,47.83271595380834
6959,132,140,MAE,51.52656972247761
6960,132,136,MAE,31.349432486171494
6961,132,134,MAE,29.075977207184614
6962,132,134,MAE,50.36608031375683
6963,132,136,MAE,7.52288768242028
6964,132,134,MAE,45.72208017703684
6965,132,136,MAE,20.39465628151495
6966,132,138,MAE,27.58743244811639
6967,132,134,MAE,21.48930383723922
6968,132,142,MAE,29.174532083678987
6969,132,134,MAE,32.070775659374306
6970,132,136,MAE,25.109631253606363
6971,132,136,MAE,48.296382075764186
6972,132,136,MAE,18.26938406643924
6973,132,134,MAE,30.16547178360238
6974,132,137,MAE|SAE,3.246699255045511
6975,132,134,MAE,37.89890003847184
6976,133,137,MAE|SAE,2.0648218561985314
6977,133,134,MAE|SAE,1.2682794261054458
6978,133,137,MAE|SAE,2.3150944775727313
6979,133,146,MAE|SAE,7.478999564254953
6980,133,134,MAE|SAE,0.902722741736755
6981,133,142,MAE|SAE,6.870814678520588
6982,133,134,MAE|SAE,4.100583561698772
6983,133,134,MAE|SAE,3.5797437254944535
6984,133,134,MAE|SAE,1.5378876166894317
6985,133,137,MAE|SAE,2.2676555120793322
6986,133,134,MAE|SAE,4.135016513691901
6987,133,134,MAE|SAE,6.93177687397637
6988,133,141,MAE|SAE,5.297841579078702
6989,133,139,LAE|MAE|SAE,6.344853307036995
6990,133,134,MAE|SAE,5.571904873191308
6991,133,136,MAE|SAE,2.0163648686671616
6992,133,134,MAE|SAE,4.149422624306719
6993,133,134,MAE|SAE,1.2689411665080002
6994,133,134,MAE|SAE,1.2068349082470868
6995,133,134,MAE|SAE,8.643098607877393
6996,133,149,MAE|SAE,5.406340464948795
6997,133,134,MAE|SAE,3.9068846255847256
6998,133,137,MAE|SAE,2.0693990422264505
6999,133,145,MAE|SAE,3.7690392118326903
7000,133,134,MAE|SAE,1.8970318636416927
7001,133,134,MAE|SAE,1.5001015381254397
7002,133,138,MAE|SAE,3.909272075664905
7003,133,134,MAE|SAE,3.468973706013414
7004,133,138,MAE|SAE,2.1550341228521064
7005,133,136,MAE|SAE,5.567953427688714
7006,133,134,MAE|SAE,2.396354834939963
7007,133,137,MAE|SAE,2.0324564309032045
7008,133,137,MAE|SAE,2.266183504614975
7009,131,139,LAE|MAE|SAE,2.5482895340007277
7010,132,142,MAE,33.34295436729368
7011,132,140,MAE,9.205141129752459
7012,132,136,MAE,35.521964011684986
7013,132,136,MAE,28.48367861814356
7014,132,138,MAE,21.93347417830308
7015,132,148,MAE,27.300136312180836
7016,132,136,MAE,11.816596515165465
7017,132,138,MAE,23.338163490641325
7018,132,142,MAE,48.84997406528258
7019,132,144,MAE,27.51980644423922
7020,132,139,LAE|MAE,9.774819696051104
7021,132,136,MAE,37.50643325965642
7022,132,136,MAE,16.464461796376934
7023,132,146,MAE,20.758338669112884
7024,132,136,MAE,5.108729393022764
7025,132,136,MAE,45.85104313933158
7026,132,136,MAE,31.2069251512333
7027,132,140,MAE,6.44840911697641
7028,132,136,MAE,29.344652179852243
7029,133,136,MAE|SAE,1.9799974073567277
7030,133,138,MAE|SAE,2.6543420538069777
7031,133,137,MAE|SAE,2.0860118351238826
7032,134,136,MAE,8.203541782714439
7033,134,136,MAE,8.10128081666851
7034,134,142,MAE|SAE,4.8106627273870455
7035,134,137,MAE|SAE,1.8359638093592139
7036,134,142,MAE,34.893098598329814
7037,134,136,MAE,32.79194638862366
7038,134,148,MAE,22.985115157945835
7039,134,148,MAE,33.35759961326165
7040,134,136,MAE,38.55678237080433
7041,134,136,MAE,29.47941869015143
7042,134,146,MAE,8.006793689335982
7043,134,148,MAE,27.860931413691592
7044,134,145,MAE|SAE,3.647310893143922
7045,134,136,MAE,20.534237094571868
7046,134,136,MAE,23.503545914771507
7047,134,144,MAE,9.101563664781807
7048,134,136,MAE,30.50995452189865
7049,134,138,MAE,28.705955657214737
7050,134,156,MAE,21.59081983809534
7051,134,138,MAE,37.62890041789126
7052,134,142,MAE,28.272173413445444
7053,134,137,MAE|SAE,2.094073245187076
7054,134,144,MAE,7.617328343208619
7055,134,136,MAE,8.886579836548242
7056,134,138,MAE,23.373120417667216
7057,134,139,LAE|MAE|SAE,2.042546346092863
7058,134,136,MAE,52.772058300835674
7059,134,136,MAE,20.629192600765077
7060,134,138,MAE,8.49633889714282
7061,134,136,MAE,16.780826150891127
7062,134,140,MAE,7.761966187658963
7063,134,149,MAE|SAE,7.123045401737864
7064,134,136,MAE,40.06421155961268
7065,134,136,MAE,36.3615355568151
7066,134,136,MAE,35.13513473669508
7067,134,144,MAE,8.518600330484327
7068,134,141,MAE|SAE,2.3999708700253106
7069,134,150,MAE,30.903871855398712
7070,134,138,MAE,31.829179363515134
7071,134,136,MAE,7.872362126002286
7072,134,136,MAE,7.904252861075117
7073,134,140,MAE|SAE,4.805948560398931
7074,134,136,MAE,7.393777966000171
7075,134,136,MAE,29.84153416025834
7076,134,136,MAE,2.177384180215778
7077,134,149,MAE|SAE,8.664211275076648
7078,134,136,MAE,11.545139940464386
7079,134,136,MAE,1.8587850748520063
7080,134,137,MAE|SAE,1.849116719974991
7081,134,137,MAE|SAE,8.13224839575781
7082,134,136,MAE,9.01057107672248
7083,135,136,LAE|MAE,3.516733625173813
7084,135,136,LAE|MAE,1.8279741317980889
7085,135,141,LAE|MAE|SAE,6.275549341677474
7086,135,138,LAE|MAE|SAE,3.9963300824170136
7087,133,145,SAE,8.841844338625329
7088,133,137,SAE,7.192085703920637
7089,133,149,SAE,8.20595313018334
7090,133,146,MAE|SAE,8.320859888848966
7091,133,149,SAE,9.713843777257917
7092,133,137,SAE,5.2210832088237105
7093,133,137,SAE,3.6026224089030774
7094,133,137,SAE,5.643472357065267
7095,133,145,SAE,3.8344177370848973
7096,134,150,MAE|SAE,4.999264661954668
7097,134,140,MAE|SAE,5.030861207932124
7098,136,142,LAE|MAE|SAE,4.417844870408341
7099,136,138,MAE|SAE,7.20344367503652
7100,136,137,MAE|SAE,1.7101444259002145
7101,136,137,MAE|SAE,1.7990589289722625
7102,136,137,MAE|SAE,1.30749769957541
7103,136,140,LAE|MAE|SAE,6.82787507704105
7104,136,140,MAE|SAE,7.128727869514911
7105,136,138,MAE|SAE,3.7634227938987688
7106,136,138,MAE|SAE,6.0098738890393895
7107,136,137,MAE|SAE,1.7072279169181053
7108,136,140,LAE|MAE|SAE,6.769579409769804
7109,136,148,MAE|SAE,8.254533125839023
7110,136,137,MAE|SAE,4.972909663317354
7111,136,141,MAE|SAE,2.1204548922857254
7112,136,137,MAE|SAE,1.4467779765646827
7113,136,141,MAE|SAE,6.772632248141856
7114,136,137,MAE|SAE,1.6905185228578756
7115,136,138,MAE|SAE,1.1336178489388886
7116,136,142,MAE|SAE,7.064052441487268
7117,136,137,MAE|SAE,1.2822432937888875
7118,136,141,MAE|SAE,7.82619854542526
7119,136,138,MAE|SAE,1.7577362488510084
7120,136,142,MAE|SAE,8.316967982332184
7121,136,141,MAE|SAE,7.042760660993558
7122,136,138,MAE|SAE,3.455176456600047
7123,136,137,MAE|SAE,0.8741876871794643
7124,136,137,MAE|SAE,1.3235919863147836
7125,136,137,MAE|SAE,1.438693360754991
7126,136,138,MAE|SAE,6.43244257033155
7127,136,138,MAE|SAE,4.635482801101098
7128,136,149,MAE|SAE,3.878050090764806
7129,136,137,MAE|SAE,3.4987120942070136
7130,136,137,MAE|SAE,1.3028404537747305
7131,136,137,MAE|SAE,4.216853894955775
7132,136,137,MAE|SAE,1.4324994887019602
7133,136,138,MAE|SAE,1.4163526383710392
7134,136,141,MAE|SAE,3.2756449714198546
7135,136,138,MAE|SAE,4.017402728997116
7136,136,137,MAE|SAE,1.9781538315265645
7137,136,140,MAE|SAE,3.7982937266123176
7138,136,137,MAE|SAE,1.434132527798846
7139,136,137,MAE|SAE,4.046873806071988
7140,136,137,MAE|SAE,7.368864947721474
7141,136,145,MAE|SAE,3.178107008924489
7142,136,137,MAE|SAE,1.7509244056865074
7143,136,137,MAE|SAE,7.983433544921043
7144,136,138,MAE|SAE,6.0576608047202845
7145,134,142,MAE,57.55298683026434
7146,134,138,MAE,27.61527244991123
7147,134,146,MAE,17.671839626491433
7148,134,138,MAE,20.571809349951963
7149,134,142,MAE,30.46769285702003
7150,134,142,MAE,31.32702658938917
7151,134,138,MAE,44.31838883465419
7152,134,146,MAE,40.66256152641472
7153,134,145,MAE|SAE,3.0600488695551964
7154,134,150,MAE,42.46121601815528
7155,134,144,MAE,25.61689423726792
7156,134,144,MAE,28.106958422786438
7157,134,138,MAE,19.76865421325225
7158,134,145,MAE|SAE,3.4272054879888114
7159,134,142,MAE,26.165122550008583
7160,136,152,MAE,7.85975432953217
7161,136,142,LAE|MAE,7.080936165661733
7162,136,138,MAE,24.42680863295234
7163,136,138,MAE,43.91991245371289
7164,136,138,MAE,32.28702158357731
7165,136,146,MAE,8.033573511784361
7166,136,146,MAE,46.96023749978413
7167,136,138,MAE,1.82473592579401
7168,136,138,MAE,22.029378998655634
7169,136,138,MAE,48.23685563318428
7170,136,148,LAE|MAE,8.15711156318841
7171,136,149,MAE|SAE,9.350763934064277
7172,136,138,MAE,50.759722176771334
7173,136,145,MAE|SAE,3.45212903880748
7174,136,140,MAE,15.505536540856202
7175,136,144,MAE,25.47201918335176
7176,136,148,MAE,27.119258419277184
7177,136,144,MAE,38.252906880348505
7178,136,149,LAE|MAE|SAE,8.151189658681554
7179,136,138,MAE,37.39069261846454
7180,136,138,MAE,24.616726157846152
7181,136,138,MAE,31.773103503141254
7182,136,138,MAE,28.044059343580717
7183,136,138,MAE,3.6538525669306594
7184,136,140,MAE,19.17872455945412
7185,136,140,MAE,50.69859189310865
7186,136,138,MAE,29.632243528693532
7187,136,140,MAE,24.008772103026136
7188,136,138,MAE,29.024970587183777
7189,136,146,MAE,7.874997182974257
7190,136,138,MAE,26.35228570565627
7191,136,140,MAE,28.79699890775096
7192,136,142,MAE,36.6716836499854
7193,136,138,MAE,30.70820426013531
7194,136,138,MAE,23.982393672364378
7195,136,138,MAE,37.58745436863093
7196,136,138,MAE,24.001264644268694
7197,136,148,MAE|SAE,8.188714260038859
7198,136,138,MAE,8.093927236827236
7199,136,149,MAE|SAE,8.2201858329847
7200,136,155,LAE|MAE,51.60349243108984
7201,136,149,MAE|SAE,8.730729185470725
7202,136,138,MAE,25.056618862921233
7203,136,138,MAE,1.824011052392568
7204,136,138,MAE,28.195549320785148
7205,136,138,MAE,41.974739594770966
7206,136,142,MAE,48.56106942163427
7207,137,148,LAE|MAE|SAE,7.526280611930573
7208,137,138,MAE|SAE,1.6952103981692865
7209,137,150,MAE|SAE,7.516606184446572
7210,137,145,MAE|SAE,7.7837667733150235
7211,137,139,LAE|MAE|SAE,1.551727342860784
7212,137,138,MAE|SAE,1.4380029475109082
7213,137,138,MAE|SAE,4.203089074067754
7214,137,138,MAE|SAE,1.74142929292794
7215,137,138,MAE|SAE,1.754964174906128
7216,137,148,MAE|SAE,7.4473007876151645
7217,137,142,MAE|SAE,7.443570914467462
7218,137,145,MAE|SAE,3.639515699667485
7219,137,145,MAE|SAE,3.3389317321642817
7220,137,144,LAE|MAE|SAE,2.9976180125517438
7221,137,149,MAE|SAE,7.0903711169406085
7222,135,139,LAE,2.0953386753084695
7223,136,142,LAE|MAE|SAE,7.295895757562536
7224,136,149,LAE|MAE|SAE,7.700448233177962
7225,138,150,LAE|MAE|SAE,7.673317438681916
7226,138,142,LAE|MAE|SAE,7.333875292016124
7227,138,146,LAE|MAE|SAE,8.038935880050467
7228,138,141,LAE|MAE|SAE,3.2985216565703515
7229,136,148,MAE,8.606954871078793
7230,136,140,MAE,23.39689852027903
7231,136,140,MAE,14.800725029109355
7232,136,140,MAE,26.860339351848918
7233,136,140,MAE,53.62630512760125
7234,136,140,MAE,57.78734790106424
7235,136,146,MAE|SAE,8.444516741291066
7236,136,148,MAE,57.42998237290074
7237,136,140,MAE,40.59066101470606
7238,136,140,MAE,32.713530074881035
7239,136,144,MAE,25.81301999210876
7240,136,140,MAE,26.03595249051733
7241,136,140,MAE,20.330110753526583
7242,136,140,MAE,7.496742717439821
7243,137,142,MAE|SAE,4.541955087901735
7244,137,140,MAE|SAE,8.195752205823199
7245,137,144,MAE|SAE,7.801161670471535
7246,137,144,MAE|SAE,7.485287091784716
7247,137,146,MAE|SAE,6.814891855825034
7248,137,146,MAE|SAE,7.4242438070410275
7249,137,146,MAE|SAE,8.714882636894028
7250,137,141,MAE|SAE,7.591249952530178
7251,137,141,MAE|SAE,6.879645453396937
7252,138,152,MAE,44.58972558589276
7253,138,144,MAE,16.154112376925386
7254,138,144,MAE,33.32673705668954
7255,138,148,MAE,7.165414264144931
7256,138,144,MAE,26.215000941729855
7257,138,140,MAE,23.410916853501835
7258,138,140,MAE,17.588564180165104
7259,138,149,MAE|SAE,7.113647676098601
7260,138,148,MAE,28.830692648095596
7261,138,158,MAE,35.84684320110874
7262,138,140,MAE,58.24404843218852
7263,138,146,MAE,22.685487158759685
7264,138,144,MAE,51.79805997750235
7265,138,140,MAE,23.88790345526751
7266,138,140,MAE,46.267636425962195
7267,138,154,MAE|SAE,7.603011013940772
7268,138,146,MAE|SAE,7.53406985542364
7269,138,142,MAE|SAE,5.679318254856691
7270,138,142,MAE,55.347652216951495
7271,138,146,MAE,6.475268320538335
7272,138,142,MAE,26.7983973007616
7273,138,140,MAE,39.37305053785858
7274,138,149,MAE|SAE,8.336225719852507
7275,138,140,MAE,30.79201297846432
7276,138,144,MAE,45.921011064307564
7277,138,142,MAE,32.29334404947988
7278,138,142,MAE,26.78643507814809
7279,138,142,MAE,7.817348797027635
7280,138,144,MAE,19.273684408265673
7281,138,140,MAE,8.62834788331519
7282,138,140,MAE,18.48750112387479
7283,138,146,MAE,6.140341764780299
7284,138,140,MAE,47.1272472506296
7285,138,140,MAE,35.7936899230512
7286,138,148,MAE,32.93315054395596
7287,138,140,MAE,15.075484520195198
7288,138,142,MAE|SAE,6.740847790852281
7289,138,140,MAE,7.027261218512854
7290,138,146,MAE,6.14214119207614
7291,138,141,MAE|SAE,1.9906441400398085
7292,138,140,MAE,22.982775544161086
7293,138,140,MAE,35.703945800330985
7294,138,142,MAE,33.02062353011838
7295,138,142,MAE,14.002043531341291
7296,138,142,MAE,20.655103466405073
7297,138,140,MAE,37.3381635162053
7298,138,142,MAE,26.250757911601404
7299,138,140,MAE,7.530640981050002
7300,138,146,MAE,31.347493703668782
7301,138,140,MAE,15.419874702292605
7302,138,140,MAE,59.03464619532289
7303,138,144,MAE,33.6209901705151
7304,138,154,MAE,34.14382681306672
7305,138,142,MAE,6.977706055914166
7306,138,144,MAE,5.813952911978346
7307,138,144,MAE,16.212670752006627
7308,139,142,LAE|MAE|SAE,5.544501195943957
7309,139,142,LAE|MAE|SAE,3.8812955036843797
7310,139,140,LAE|MAE,1.254679903595632
7311,137,141,SAE,8.133333021125287
7312,137,145,SAE,5.840060876727303
7313,137,141,SAE,5.8732681215167775
7314,137,141,SAE,2.9773370249129725
7315,137,141,SAE,2.5039604097871013
7316,137,145,SAE,6.996812000970812
7317,137,141,SAE,4.150901461335485
7318,138,142,MAE|SAE,3.8526303230018635
7319,138,141,MAE|SAE,1.6828202750430539
7320,138,141,MAE|SAE,3.1869696437430166
7321,138,146,MAE|SAE,7.8711070803011385
7322,138,145,MAE|SAE,3.6171187573214154
7323,138,141,MAE|SAE,1.18947943724563
7324,138,145,MAE|SAE,3.2260022615474413
7325,138,145,MAE|SAE,2.880141573140376
7326,140,142,MAE|SAE,1.3152106395024556
7327,140,142,MAE|SAE,1.6553010159959485
7328,140,141,MAE|SAE,1.1055872328521505
7329,140,141,MAE|SAE,1.312180305580059
7330,140,142,MAE|SAE,1.2965036893810913
7331,140,141,MAE|SAE,2.5237487356406745
7332,140,141,MAE|SAE,1.2858188908963004
7333,140,141,MAE|SAE,3.717531039088071
7334,140,141,MAE|SAE,1.4573208244828835
7335,140,142,MAE|SAE,7.329914292557487
7336,140,146,LAE|MAE|SAE,6.760015797393315
7337,140,141,MAE|SAE,7.43332859718157
7338,140,150,MAE|SAE,5.629524987110925
7339,140,141,MAE|SAE,6.75945285245802
7340,140,141,MAE|SAE,1.3195391320650673
7341,140,142,MAE|SAE,1.5765589829556088
7342,140,149,MAE|SAE,3.3771311880117323
7343,140,141,MAE|SAE,3.692260082200703
7344,140,146,MAE|SAE,6.475056675682438
7345,140,149,MAE|SAE,3.613461202651629
7346,140,141,MAE|SAE,1.2881682616695993
7347,140,141,MAE|SAE,3.252681317197541
7348,140,141,MAE|SAE,3.4203387547770205
7349,140,141,MAE|SAE,1.2938684374831828
7350,140,149,MAE|SAE,7.198844101904689
7351,140,141,MAE|SAE,6.605756668256398
7352,138,142,MAE,26.39303672235515
7353,138,171,LAE|MAE,18.8882407060889
7354,138,144,MAE,26.54301393063419
7355,138,144,MAE,36.42556900141882
7356,138,146,MAE,8.775836112088575
7357,138,146,MAE,26.610809324453285
7358,138,142,MAE,35.21398089762121
7359,138,146,MAE,6.574164082320804
7360,138,146,MAE,36.087596268390335
7361,138,142,MAE,39.47111993941377
7362,138,142,MAE,28.782972692554033
7363,138,142,MAE,6.149819338279492
7364,138,150,MAE|SAE,4.808387206299443
7365,138,142,MAE,28.97184212708926
7366,138,142,MAE,24.849129785742708
7367,138,142,MAE,51.007256191009326
7368,138,142,MAE,29.76346965272707
7369,138,152,LAE|MAE|SAE,5.020910222427341
7370,139,142,LAE|MAE,3.781086590115326
7371,140,142,MAE,31.841012224373372
7372,140,142,MAE,10.529427485005508
7373,140,146,MAE,27.72039076800413
7374,140,146,MAE,16.43085319156262
7375,140,142,MAE,5.915239008799085
7376,140,142,MAE,9.714483848988758
7377,140,142,MAE,7.08149717444307
7378,140,144,MAE,34.14232204002479
7379,140,146,MAE,27.8564974855655
7380,140,144,MAE,23.09145000490079
7381,140,145,MAE|SAE,7.3197953225091315
7382,140,142,MAE,37.99826815552801
7383,140,154,MAE,17.506956232631524
7384,140,142,MAE,43.08487206479526
7385,140,150,MAE,6.70596067417237
7386,140,142,MAE,31.855342414912016
7387,140,146,MAE,31.79641006765879
7388,140,142,MAE,6.06984847006929
7389,140,144,MAE,34.36765916979984
7390,140,144,MAE,6.060568885962589
7391,140,142,MAE,32.57909954184934
7392,140,149,LAE|MAE|SAE,7.517226381866884
7393,140,142,MAE,31.14871096198609
7394,140,142,MAE,32.8682091919792
7395,140,144,MAE,6.206648545441849
7396,140,142,MAE,35.85797655088827
7397,140,144,MAE,7.557503832152326
7398,140,142,MAE,26.786695579956625
7399,140,142,MAE,42.1502253381968
7400,140,142,MAE,40.40606169203897
7401,140,149,MAE|SAE,7.488949501348592
7402,140,146,MAE,38.72127270658531
7403,140,142,MAE,18.93156104799461
7404,140,146,MAE,7.231670529277657
7405,140,142,MAE,5.229894733189412
7406,140,160,MAE,16.885318187423835
7407,140,144,MAE,7.052566290363026
7408,140,142,MAE,34.51310086643937
7409,140,150,MAE,25.644262233054206
7410,140,142,MAE,19.06535601752857
7411,140,142,MAE,25.48106029419015
7412,140,146,MAE,25.444028284314935
7413,140,146,MAE,31.155453555517685
7414,140,150,MAE,6.166193401516245
7415,140,144,MAE,56.685271514417266
7416,140,144,MAE,24.93867981201471
7417,140,142,MAE,34.83658307663103
7418,140,148,MAE|SAE,7.348751903481717
7419,140,142,MAE,45.345622323051785
7420,140,142,MAE,13.56396833576881
7421,140,142,MAE,25.930057979619335
7422,140,142,MAE,14.315443022301872
7423,140,144,MAE,55.61661059645624
7424,140,142,MAE,32.59484635013638
7425,140,150,MAE,24.38195316178024
7426,140,142,MAE,3.669082274511711
7427,140,144,MAE,11.724324169116214
7428,141,145,LAE|MAE|SAE,2.557537274842525
7429,141,146,MAE|SAE,6.98010345062617
7430,141,145,MAE|SAE,2.1206434155764313
7431,141,142,MAE|SAE,6.202777148978428
7432,141,142,MAE|SAE,1.3025243147888275
7433,141,145,MAE|SAE,6.1486511899926475
7434,141,153,LAE|MAE|SAE,4.291460578448174
7435,141,145,MAE|SAE,1.7685489934045728
7436,141,142,MAE|SAE,4.629641698344431
7437,141,142,MAE|SAE,7.9623297612947095
7438,141,145,MAE|SAE,6.851777710300995
7439,141,150,LAE|MAE|SAE,3.5689502873650234
7440,141,142,MAE|SAE,1.535857488050691
7441,139,143,LAE,6.261274209006615
7442,140,144,MAE,26.408151241421272
7443,140,144,MAE,25.86750074074859
7444,140,144,MAE,38.37304293288387
7445,140,152,MAE,48.82672590954879
7446,140,148,MAE,5.636328295262544
7447,140,144,MAE,21.10811426599139
7448,140,144,MAE,35.44927915986716
7449,140,144,MAE,6.495701388544378
7450,140,144,MAE,10.436147210059586
7451,140,144,MAE,35.20951963379697
7452,140,144,MAE,20.02037941609851
7453,140,152,MAE,31.097714292122458
7454,140,144,MAE,29.923655693191638
7455,140,154,MAE,33.635916466966094
7456,140,144,MAE,24.87215945809203
7457,140,150,MAE,27.956912195531235
7458,140,146,MAE,52.84721100316449
7459,140,146,MAE,29.643334160463265
7460,141,144,MAE|SAE,6.419045945156235
7461,141,153,MAE|SAE,7.137231584237247
7462,141,148,MAE|SAE,7.713482343202911
7463,141,144,MAE|SAE,6.945982573604271
7464,141,149,MAE|SAE,3.932466818987417
7465,141,145,MAE|SAE,2.2327105456016056
7466,142,156,LAE|MAE|SAE,4.900520243880243
7467,142,144,MAE,8.552295057908454
7468,142,144,MAE,32.56357055958227
7469,142,144,MAE,51.59825977566739
7470,142,148,MAE,7.10768136704253
7471,142,146,MAE|SAE,4.043436867222241
7472,142,146,MAE|SAE,5.981857519742488
7473,142,146,MAE,10.866013204213033
7474,142,149,MAE|SAE,3.469887989361269
7475,142,144,MAE,6.217450939619982
7476,142,152,LAE|MAE,32.675499151111595
7477,142,144,MAE,33.1723966997276
7478,142,144,MAE,36.19451612955969
7479,142,144,MAE,20.39361392540364
7480,142,146,MAE|SAE,5.67502053712877
7481,142,144,MAE,26.80392700199594
7482,142,144,MAE,59.35093061419696
7483,142,148,MAE,54.22500754785584
7484,142,148,MAE,34.379908124077865
7485,142,156,LAE|MAE,40.75923320950896
7486,142,146,MAE,7.438248753779074
7487,142,150,MAE|SAE,4.4685355518064425
7488,142,153,MAE|SAE,3.7554000003489385
7489,142,150,MAE,38.952951481289794
7490,142,144,MAE,33.470409889026065
7491,142,144,MAE,12.812692740081735
7492,142,150,MAE,36.58312664184325
7493,142,148,MAE,45.33888074296231
7494,142,144,MAE,24.627859160342876
7495,142,144,MAE,26.457001974063036
7496,142,149,MAE|SAE,4.936676172001564
7497,142,149,MAE|SAE,7.351869892329304
7498,142,144,MAE,18.479839235503455
7499,142,144,MAE,6.356859182812331
7500,142,148,MAE,6.652293905452977
7501,142,150,MAE,5.1795858109431
7502,142,152,MAE,34.48810586013094
7503,142,158,MAE,25.76404997479746
7504,142,150,MAE,24.606643193547058
7505,142,144,MAE,49.2911516140295
7506,142,144,MAE,35.314202328069996
7507,142,144,MAE,23.88006137339729
7508,142,146,MAE,31.744005052355973
7509,142,144,MAE,22.308184277153458
7510,142,144,MAE,52.991885617598946
7511,142,144,MAE,49.02932855236027
7512,142,144,MAE,17.932495395889667
7513,142,144,MAE,31.75595895623581
7514,142,146,MAE,49.855504559725915
7515,142,144,MAE,30.32351074592827
7516,142,144,MAE,46.719143739566405
7517,142,146,MAE,33.39277039092577
7518,142,144,MAE,7.298752345466013
7519,142,150,MAE,7.959078751032104
7520,142,144,MAE,45.42931028519185
7521,142,144,MAE,31.377578198211374
7522,142,144,MAE,30.944534651954683
7523,143,153,LAE|MAE|SAE,4.204735273754706
7524,141,145,SAE,5.946095846000771
7525,141,145,SAE,6.1290263831514356
7526,141,145,SAE,7.342724905699868
7527,141,145,SAE,7.060620111920164
7528,141,145,SAE,6.422505924776145
7529,141,145,SAE,5.562913250827757
7530,141,145,SAE,7.302328060682655
7531,141,145,SAE,7.237329620381834
7532,141,145,SAE,5.831949748705853
7533,141,145,SAE,6.920620923180394
7534,141,149,SAE,7.052266743372195
7535,141,145,SAE,6.197611206011783
7536,141,149,MAE|SAE,6.899033208007011
7537,141,149,SAE,5.946533156104936
7538,141,145,SAE,7.022520624202796
7539,141,149,SAE,7.3495984625944715
7540,141,145,SAE,6.837287519433034
7541,141,152,MAE|SAE,3.8392895362859454
7542,141,145,SAE,7.465550175018288
7543,141,145,SAE,6.524830342890712
7544,141,145,SAE,8.386242828629065
7545,141,145,SAE,6.71823053692161
7546,141,145,SAE,1.9837194403637848
7547,141,145,SAE,6.919384359621862
7548,141,145,SAE,2.9613820624573597
7549,141,145,SAE,6.465871327701981
7550,141,149,SAE,3.7464929611282902
7551,141,145,SAE,2.660298525987387
7552,141,145,SAE,6.71912332727057
7553,141,145,SAE,6.051521682250747
7554,141,145,SAE,6.039165643071158
7555,141,145,SAE,7.404116861404534
7556,141,145,SAE,6.166841486739261
7557,141,145,SAE,2.8234921803358115
7558,142,145,MAE|SAE,6.405971275417469
7559,142,149,LAE|MAE|SAE,3.45976902697603
7560,142,145,MAE|SAE,3.0439496802365813
7561,142,148,MAE|SAE,2.4547985247565856
7562,144,145,MAE|SAE,1.397150545341883
7563,144,145,MAE|SAE,1.7170651741020655
7564,144,146,MAE|SAE,5.863101692081286
7565,144,145,MAE|SAE,1.3427567356397672
7566,144,148,MAE|SAE,2.3699756916870176
7567,144,149,MAE|SAE,2.5197484101599357
7568,144,145,MAE|SAE,6.344738055448631
7569,144,146,MAE|SAE,1.8190631636026653
7570,144,145,MAE|SAE,1.8801651207938475
7571,144,149,MAE|SAE,3.0638448231897253
7572,144,145,MAE|SAE,1.397184215613754
7573,144,149,MAE|SAE,3.7239385838758516
7574,142,158,MAE,46.82308956411599
7575,142,150,MAE,16.700138944491595
7576,142,148,MAE,8.112394056079358
7577,142,148,MAE,6.18108718633092
7578,142,146,MAE,34.74801431926324
7579,142,150,MAE,8.788066407483669
7580,142,146,MAE,40.92559140133035
7581,142,150,MAE,21.965845875894153
7582,142,146,MAE,33.6578067726196
7583,144,146,MAE,9.027260818080151
7584,144,146,MAE,6.8395845946438785
7585,144,146,MAE,13.208055527433665
7586,144,150,LAE|MAE,23.587408542809055
7587,144,148,MAE,47.305836450664785
7588,144,146,MAE,19.57918707579466
7589,144,146,MAE,5.281454435046028
7590,144,146,MAE,22.67047607296689
7591,144,150,MAE,21.829244708390547
7592,144,146,MAE,26.242463254178595
7593,144,146,MAE,6.84412643038944
7594,144,146,MAE,37.756243911252064
7595,144,146,MAE,37.59956327834031
7596,144,146,MAE,28.766396468285755
7597,144,146,MAE,26.940768224675057
7598,144,146,MAE,30.803862171530906
7599,144,146,MAE,21.211564339182054
7600,144,146,MAE,45.95710951978056
7601,144,146,MAE,31.746290514297186
7602,144,146,MAE,52.87658705921076
7603,144,148,MAE,35.41100352434573
7604,144,148,MAE,27.766710764315558
7605,144,146,MAE,37.227569769404894
7606,144,146,MAE,40.31459871157703
7607,144,154,MAE,25.687105316355535
7608,144,158,MAE|SAE,4.8084498572922705
7609,144,241,LAE|MAE|SAE,58.168143846646274
7610,144,146,MAE,6.2393168384393665
7611,144,150,MAE,27.24542013877209
7612,144,153,MAE|SAE,4.35686031337602
7613,144,146,MAE,26.09483442693866
7614,144,150,MAE,24.04339132971043
7615,144,146,MAE,49.383571483574286
7616,144,150,MAE,32.14605915409472
7617,144,146,MAE,45.42627024836055
7618,144,146,MAE,26.300215229268655
7619,144,146,MAE,22.020793661077104
7620,144,146,MAE,24.829849116204183
7621,144,148,MAE,17.01528724628813
7622,144,150,MAE,5.439772722333413
7623,144,146,MAE,34.89612921168479
7624,144,169,LAE|MAE|SAE,13.662228536731368
7625,144,146,MAE,5.984548984608256
7626,144,146,MAE,35.78382354133641
7627,144,146,MAE,6.616020245416906
7628,144,154,MAE|SAE,4.448762061090137
7629,144,158,MAE,6.364249255186544
7630,144,153,MAE|SAE,4.57148564766986
7631,144,156,MAE,5.46353094896749
7632,144,146,MAE,10.28374148445095
7633,144,148,MAE,37.32707712857808
7634,145,146,MAE|SAE,5.770982838562993
7635,145,152,LAE|MAE|SAE,3.7790869633198394
7636,145,153,MAE|SAE,3.6215567001308626
7637,145,149,MAE|SAE,2.0066337369784653
7638,145,146,MAE|SAE,5.9543609521423315
7639,145,146,MAE|SAE,5.872712328057482
7640,145,148,MAE|SAE,6.415239713628807
7641,146,150,LAE|MAE,41.067155810546744
7642,146,148,LAE|MAE,1.8798391697194174
7643,146,152,LAE|MAE|SAE,3.569519737627607
7644,146,150,LAE|MAE,2.288174981911144
7645,146,150,LAE|MAE,20.89516166747759
7646,144,148,MAE,39.54321806221898
7647,144,154,MAE,40.14379958410868
7648,144,148,MAE,9.275696951933455
7649,144,148,MAE,42.86081571447295
7650,144,150,MAE,6.688772051039795
7651,144,148,MAE,24.681338360930255
7652,144,148,MAE,36.20676492373232
7653,144,158,MAE,7.846413749138588
7654,144,148,MAE,44.19417361938463
7655,144,148,MAE,39.38125662624443
7656,144,148,MAE,49.994468578257575
7657,144,150,MAE,32.03616906162319
7658,144,152,MAE,30.675177462219068
7659,144,148,MAE,23.302424191658112
7660,144,152,MAE,8.308267519134375
7661,144,148,MAE,7.429414006942294
7662,145,148,MAE|SAE,4.737598371077201
7663,145,153,MAE|SAE,3.9988696071877095
7664,145,155,LAE|MAE|SAE,3.6045704820652236
7665,145,157,LAE|MAE|SAE,4.108450622386802
7666,146,150,MAE,46.51590542845675
7667,146,154,MAE,27.549360662460703
7668,146,148,MAE,40.66385740351473
7669,146,164,MAE,36.17884492095243
7670,146,150,MAE,23.007489260437087
7671,146,156,MAE,5.229270080405078
7672,146,150,MAE,21.15614004462067
7673,146,148,MAE,12.937375555224596
7674,146,150,MAE,33.987804663017386
7675,146,156,MAE,39.45782942406075
7676,146,150,MAE,14.542091563556976
7677,146,148,MAE,36.26640390549156
7678,146,149,MAE|SAE,1.7333562181397097
7679,146,148,MAE,19.947999071991024
7680,146,148,MAE,36.949855866666
7681,146,150,MAE,5.278179149110896
7682,146,148,MAE,4.823306089836161
7683,146,148,MAE,5.075204653634236
7684,146,148,MAE,5.279008822579507
7685,146,150,MAE,21.335477719618662
7686,146,148,MAE,17.50806972337928
7687,146,156,MAE,34.36217882481005
7688,146,152,MAE,4.203847225210845
7689,146,152,MAE,34.30773182958461
7690,146,154,MAE,5.946755338133705
7691,146,148,MAE,28.833974040329288
7692,146,150,MAE,31.725603397740265
7693,146,148,MAE,4.11058330463381
7694,146,150,MAE,39.571680948507925
7695,146,156,LAE|MAE,5.923979012721098
7696,146,152,MAE,53.65876941844655
7697,146,148,MAE,10.650361108885999
7698,146,152,MAE,11.57958135182743
7699,146,148,MAE,53.76579052536411
7700,147,152,LAE|MAE,27.801798022572378
7701,147,148,LAE|MAE,25.51878185576733
7702,145,149,SAE,5.339315622678273
7703,145,149,SAE,6.513133339652924
7704,145,149,SAE,5.74826645782701
7705,145,157,SAE,6.6030458835920856
7706,145,149,SAE,2.1928505210859863
7707,145,153,SAE,7.2066166217401975
7708,145,149,SAE,4.9429361588142875
7709,145,149,SAE,6.6529253281257175
7710,145,149,SAE,2.1654924380743834
7711,145,149,SAE,5.781679682584001
7712,145,149,SAE,3.6730598616625825
7713,145,149,SAE,3.7878995778265576
7714,145,149,SAE,4.679465217084154
7715,145,149,SAE,5.55719712818608
7716,145,157,MAE|SAE,3.749839929851537
7717,145,149,SAE,2.8750408790279898
7718,145,149,SAE,6.547580470353908
7719,145,149,SAE,4.506450444659038
7720,145,149,SAE,4.588545062092659
7721,145,149,SAE,6.194865460722541
7722,145,149,SAE,2.7362918352963037
7723,145,149,SAE,2.9086141099290246
7724,146,149,MAE|SAE,1.669616876099022
7725,148,153,MAE|SAE,2.952503456195457
7726,148,156,LAE|MAE|SAE,3.207814902328557
7727,148,153,MAE|SAE,3.1518458943631265
7728,148,149,MAE|SAE,5.961748332521412
7729,148,150,MAE|SAE,2.9954885153460733
7730,148,149,MAE|SAE,1.2960007628174706
7731,148,150,MAE|SAE,1.7078386341745961
7732,148,149,MAE|SAE,3.0485710046340304
7733,148,149,MAE|SAE,3.1482283374021565
7734,148,152,LAE|MAE|SAE,4.090989830706406
7735,148,149,MAE|SAE,4.003495280235682
7736,148,149,MAE|SAE,1.2934108041187065
7737,148,149,MAE|SAE,5.651202102876086
7738,148,151,LAE|MAE|SAE,3.3784411699350567
7739,148,149,MAE|SAE,3.0123481924820497
7740,148,149,MAE|SAE,1.0264519074776723
7741,146,150,MAE,27.60441259533024
7742,146,150,MAE,32.421870028616055
7743,146,150,MAE,36.99085302776857
7744,146,150,MAE,4.902779691919996
7745,146,150,MAE,55.142163448552374
7746,146,150,MAE,21.281874321194625
7747,146,150,MAE,21.658650011523502
7748,146,152,MAE,40.214049862114166
7749,146,150,MAE,40.042597693918545
7750,146,152,MAE,7.355849293134573
7751,146,150,MAE,5.106285259995
7752,146,152,MAE,22.187385900956162
7753,146,150,MAE,38.784444602338084
7754,146,150,MAE,43.700608455012166
7755,146,150,MAE,18.36155293721568
7756,146,150,MAE,4.980026943166095
7757,146,150,MAE,35.191998922362565
7758,146,150,MAE,41.460521121037615
7759,146,154,MAE,29.460068382419422
7760,146,154,MAE,23.448707420777232
7761,146,154,MAE,27.320594110540313
7762,148,150,MAE,59.27419113530412
7763,148,156,MAE,33.52632882786446
7764,148,158,MAE,5.4801028415675095
7765,148,152,MAE,5.350169391640543
7766,148,150,MAE,4.834955576908022
7767,148,162,MAE,6.064662308792625
7768,148,152,MAE,4.216727747891702
7769,148,150,MAE,46.794673483525294
7770,148,150,MAE,5.328846945574747
7771,148,151,LAE|MAE,50.16131878650522
7772,148,150,MAE,29.101290180788915
7773,148,150,MAE,32.952113672258776
7774,148,154,MAE,7.1670517033556465
7775,148,150,MAE,31.40110706486601
7776,148,150,MAE,21.133482264520993
7777,148,150,MAE,25.90237394692224
7778,148,154,MAE,21.628330800884676
7779,148,154,MAE,22.591203619853047
7780,148,150,MAE,2.0933814769699666
7781,148,152,MAE,30.989759582264796
7782,148,152,MAE,59.72919391635759
7783,148,150,MAE,21.313328062245667
7784,148,154,MAE,32.78420766374736
7785,148,154,MAE,25.704067793580794
7786,148,154,MAE,21.41473155715449
7787,148,154,MAE,31.324814055209846
7788,148,150,MAE,32.6109403625434
7789,148,162,MAE,37.24411505367431
7790,148,150,MAE,5.766834651278243
7791,148,150,MAE,5.785823261999953
7792,148,156,MAE,6.599190415181329
7793,148,150,MAE,50.06404871562907
7794,148,150,MAE,5.795513630515658
7795,148,150,MAE,28.105929374067767
7796,148,154,MAE,4.673509551496825
7797,148,152,MAE,27.25568781375666
7798,148,158,MAE,5.481922574331506
7799,148,152,MAE,5.568322738049707
7800,148,158,MAE,31.046196864583266
7801,148,154,MAE,21.681128670807457
7802,148,150,MAE,17.59633974183568
7803,148,150,MAE,4.603107208748735
7804,148,150,MAE,3.3515582808213873
7805,148,154,MAE,26.18555897949465
7806,148,150,MAE,35.41195559255448
7807,148,150,MAE,58.208150439947666
7808,148,150,MAE,4.269651760514016
7809,148,150,MAE,28.5333254224822
7810,148,154,MAE|SAE,3.108225364396131
7811,148,152,MAE,3.126587546953647
7812,149,150,MAE|SAE,2.796883123278802
7813,149,150,MAE|SAE,3.007043255932207
7814,149,160,MAE|SAE,4.276717101794278
7815,149,150,MAE|SAE,5.8418534419025505
7816,149,156,MAE|SAE,3.658730406444815
7817,149,152,MAE|SAE,2.6039238326517493
7818,149,153,LAE|MAE|SAE,2.7715838167127083
7819,149,151,LAE|MAE|SAE,2.7369485163376037
7820,148,152,LAE|MAE,28.193094437756702
7821,148,151,LAE|MAE,54.78179758966118
7822,150,154,LAE|MAE,48.859208297762116
7823,150,154,LAE|MAE,19.72062710041013
7824,150,151,LAE|MAE,2.7514736570090617
7825,150,151,LAE|MAE,2.5832123449840485
7826,150,162,LAE|MAE,42.78934508151348
7827,148,152,MAE,25.49216386573292
7828,148,152,MAE,38.39790405208125
7829,148,152,MAE,30.863380546230434
7830,148,158,MAE,31.665649826549522
7831,148,152,MAE,4.337755652697313
7832,148,152,MAE,25.962993179815104
7833,148,154,MAE,7.071349593739733
7834,148,154,MAE,4.186288391372964
7835,148,152,MAE,26.75751308826407
7836,148,152,MAE,15.652532786748191
7837,148,156,MAE,43.66931139167192
7838,148,156,MAE,37.70879046161343
7839,148,154,MAE,8.930638319519465
7840,148,152,MAE,46.57690833491918
7841,148,152,MAE,5.810955033122488
7842,148,156,MAE,21.080182948751172
7843,148,154,MAE,29.737326281396232
7844,148,152,MAE,8.840986467659274
7845,148,152,MAE,25.731947829027437
7846,148,156,MAE,4.69707872476551
7847,148,152,MAE,24.65231866176253
7848,148,152,MAE,48.88061942891834
7849,148,152,MAE,30.811486046768447
7850,148,152,MAE,21.918015074549913
7851,148,152,MAE,25.084711102348475
7852,148,152,MAE,9.670249397511824
7853,148,157,MAE|SAE,4.199177749862405
7854,148,154,MAE,27.23031452299596
7855,150,152,MAE,41.22031436600988
7856,150,157,MAE|SAE,3.2019783873435963
7857,150,152,MAE,55.180545970221736
7858,150,152,MAE,31.33302250676698
7859,150,154,MAE|SAE,3.3496368400999237
7860,150,154,MAE,38.13235104902345
7861,150,152,MAE,5.008903215602902
7862,150,152,MAE,34.51500287993667
7863,150,156,MAE,23.659032066686432
7864,150,158,MAE,30.249427693157966
7865,150,152,MAE,31.01104718430411
7866,150,154,MAE|SAE,26.617418726393606
7867,150,156,MAE,50.361998196262036
7868,150,152,MAE,16.681736602303243
7869,150,158,MAE,39.07387364862036
7870,150,154,MAE,32.50002520835013
7871,150,152,MAE,2.6002797428597613
7872,150,152,MAE,4.47989507708504
7873,150,153,MAE|SAE,2.806988809430556
7874,150,154,MAE,28.78789449437344
7875,150,154,MAE,36.712176904218374
7876,150,158,MAE,5.200649877586342
7877,150,152,MAE,4.955235938009636
7878,150,152,MAE,34.02676001337596
7879,150,152,MAE,5.360004407036658
7880,150,152,MAE,31.949258050096553
7881,150,154,MAE,7.702157422484998
7882,150,152,MAE,3.5031929040789818
7883,150,154,MAE|SAE,34.63683409449425
7884,150,152,MAE,23.760254882226956
7885,150,152,MAE,13.621156949716829
7886,150,153,MAE|SAE,3.1727499970869943
7887,150,162,LAE|MAE|SAE,4.100710999228748
7888,150,152,MAE,26.28076470343948
7889,150,152,MAE,44.57192541770577
7890,150,152,MAE,16.715870880080992
7891,150,152,MAE,6.357823905629717
7892,150,152,MAE,23.245291854182042
7893,151,156,LAE|MAE|SAE,2.8859030370064196
7894,151,152,LAE|MAE,31.195373124591452
7895,149,157,SAE,5.021102310467647
7896,149,153,SAE,5.733149564922874
7897,149,153,SAE,5.769637990331076
7898,149,153,SAE,5.100205083716012
7899,149,153,SAE,5.292753692148128
7900,149,157,SAE,4.492229440530348
7901,149,157,SAE,5.485821703524543
7902,149,153,SAE,5.524991887973062
7903,149,153,SAE,3.926043321024565
7904,149,153,SAE,3.6753867324729743
7905,149,153,SAE,4.954578757765758
7906,149,153,SAE,5.294167740143288
7907,149,153,SAE,4.8622473245404665
7908,149,153,SAE,2.7018951624957923
7909,149,153,SAE,5.9355113275629625
7910,149,153,SAE,4.746001776412632
7911,149,153,SAE,2.6335182845195306
7912,149,154,MAE|SAE,3.1817328928743
7913,149,153,SAE,4.032797763095629
7914,150,153,MAE|SAE,3.4450091870748527
7915,152,153,MAE|SAE,1.9056190052929203
7916,152,153,MAE|SAE,2.2476687789717262
7917,152,154,MAE|SAE,2.1377893814931865
7918,152,154,MAE|SAE,2.3622544252638464
7919,152,153,MAE|SAE,19.7531034599035
7920,152,154,MAE|SAE,1.7762530331730795
7921,152,158,MAE|SAE,3.052013974026411
7922,152,153,MAE|SAE,4.051288493151613
7923,152,153,MAE|SAE,2.241080071326355
7924,150,167,LAE|MAE,20.96869886238443
7925,150,154,MAE,56.58832175906362
7926,150,154,MAE,20.017885724738807
7927,150,154,MAE,47.47618960640451
7928,150,154,MAE,40.1585209988258
7929,150,154,MAE,42.664825140493726
7930,150,154,MAE,5.609157910600702
7931,150,154,MAE,8.86006787985211
7932,150,162,MAE,23.838752835421193
7933,150,158,MAE,36.31095466128966
7934,150,154,MAE,4.853084817137547
7935,150,154,MAE,42.274298202736226
7936,150,158,MAE,35.218965753610824
7937,150,154,MAE,27.483315010552957
7938,150,164,MAE,27.58693578993033
7939,150,154,MAE,24.2519209495699
7940,150,154,MAE,23.60971090911435
7941,151,158,LAE|MAE,51.06782593504914
7942,151,155,LAE|MAE,2.772113091276543
7943,151,154,LAE|MAE,29.36458741479636
7944,152,154,MAE,32.97757016695313
7945,152,157,MAE|SAE,2.9125808334874703
7946,152,154,MAE,37.667404528420896
7947,152,162,MAE,20.141147511880266
7948,152,156,MAE,29.004678767222803
7949,152,154,MAE,29.637821445299878
7950,152,165,MAE|SAE,38.82276086887946
7951,152,154,MAE,51.8378423974686
7952,152,154,MAE,4.135466861057776
7953,152,154,MAE,46.94720872456538
7954,152,158,MAE,29.756378296508622
7955,152,154,MAE,32.54000079251468
7956,152,168,MAE,32.18507108241669
7957,152,154,MAE,24.76998164699326
7958,152,154,MAE,2.3591096480151497
7959,152,154,MAE,19.507261586010294
7960,152,156,MAE,32.98362261497988
7961,152,156,MAE,3.5809136078496295
7962,152,154,MAE,33.57544333081385
7963,152,154,MAE,5.284857126049391
7964,152,154,MAE,20.31305541334257
7965,152,158,MAE,4.607717677538768
7966,152,155,LAE|MAE,4.916811101660636
7967,152,154,MAE,23.272363660495895
7968,152,158,MAE,50.17685296224971
7969,152,154,MAE,25.382694114746936
7970,152,156,MAE,5.458997964054281
7971,152,154,MAE,58.73213137816497
7972,152,156,MAE,34.403471759977116
7973,152,154,MAE,39.98896011476962
7974,152,154,MAE,27.57868513197507
7975,152,160,MAE,2.219426850270727
7976,152,158,MAE,3.79922554320057
7977,152,158,MAE,3.2912383094914723
7978,152,154,MAE,6.893091705017045
7979,152,154,MAE,3.757212850754303
7980,152,154,MAE,2.7549134695731134
7981,152,156,MAE,6.12722992825837
7982,152,156,MAE,7.886292836136768
7983,152,154,MAE,2.0500582839484744
7984,152,154,MAE,25.262639748425734
7985,152,154,MAE,37.51424390400001
7986,152,158,MAE,25.995265435623832
7987,152,158,MAE,3.0623645704411353
7988,152,154,MAE,4.4892898300512085
7989,152,154,MAE,3.7553293975311157
7990,152,154,MAE,19.335669303545863
7991,152,154,MAE,20.462848238247016
7992,152,154,MAE,18.113149978654825
7993,152,154,MAE,4.027982835981319
7994,152,162,MAE,6.278922194307049
7995,152,156,MAE,5.079059320276481
7996,152,154,MAE,20.20129655196675
7997,152,162,MAE,26.091389227992934
7998,152,154,MAE,24.50747587579334
7999,152,154,MAE,5.870034684289699
8000,152,154,MAE,4.760144688269319
8001,152,154,MAE,27.90944832667024
8002,152,154,MAE,6.222710291945842
8003,152,154,MAE,3.475682227011077
8004,153,156,MAE|SAE,2.164885812768029
8005,153,156,MAE|SAE,2.1408165155937025
8006,153,154,MAE|SAE,15.994834319436624
8007,153,154,MAE|SAE,2.244726674213547
8008,153,154,MAE|SAE,2.4664787618630077
8009,153,154,MAE|SAE,2.5717856732999786
8010,153,159,LAE|MAE|SAE,2.856589805110977
8011,153,154,MAE|SAE,1.0218654044322713
8012,153,154,MAE|SAE,2.1385956131331443
8013,153,157,MAE|SAE,2.046600159411913
8014,153,154,MAE|SAE,1.333577295140278
8015,151,155,LAE,5.248003513321175
8016,152,155,LAE|MAE,21.217308193436054
8017,154,155,LAE|MAE,1.6772229180513079
8018,154,156,LAE|MAE,2.178851925788347
8019,154,158,LAE|MAE,2.970507300825598
8020,152,156,MAE,41.916497565018
8021,152,158,MAE,27.432792742693792
8022,152,156,MAE,4.839882141668308
8023,152,156,MAE,15.852272001149936
8024,152,156,MAE,4.404613265864003
8025,152,158,MAE,24.193103545384847
8026,152,156,MAE,7.021499455965019
8027,152,156,MAE,44.40510029455888
8028,152,158,MAE,33.10162531449207
8029,152,156,MAE,20.316145318724246
8030,152,160,MAE,24.068461476212665
8031,152,156,MAE,34.006635215228115
8032,152,156,MAE,36.0105446789205
8033,152,156,MAE,4.686642431598158
8034,152,156,MAE,28.041346468826134
8035,152,156,MAE,21.08272171113231
8036,152,156,MAE,5.229990828362485
8037,153,157,MAE|SAE,2.27677777927262
8038,154,158,MAE|SAE,2.448122757461986
8039,154,156,MAE,2.7776122081637165
8040,154,156,MAE,3.4967103106138975
8041,154,158,MAE,4.764746939263167
8042,154,156,MAE,14.591572397799986
8043,154,162,MAE,42.21128038924316
8044,154,160,MAE,26.829119802059804
8045,154,160,MAE,24.037111015748465
8046,154,158,MAE,33.12138678823474
8047,154,158,MAE,27.279000332085626
8048,154,156,MAE,4.084835210031294
8049,154,156,MAE,3.15496466466783
8050,154,156,MAE,4.439979386319278
8051,154,156,MAE,25.942899073894406
8052,154,158,MAE,3.584401728904409
8053,154,166,MAE,4.17804047588074
8054,154,156,MAE,1.9011441627152763
8055,154,158,MAE,42.552455518333495
8056,154,156,MAE,5.333455157272711
8057,154,158,MAE,4.733411102723215
8058,153,157,SAE,4.695077110809619
8059,153,157,SAE,2.9107207094706133
8060,153,157,SAE,3.100554542784087
8061,153,157,SAE,3.276933150181997
8062,153,157,SAE,3.2145084177024223
8063,153,157,SAE,3.1981024516968075
8064,153,157,SAE,3.734662866038429
8065,153,157,SAE,3.2491024594318745
8066,153,157,SAE,4.556884779739033
8067,153,157,SAE,4.114849242455858
8068,153,157,SAE,3.0026097547468305
8069,153,157,SAE,3.4471469822141207
8070,154,157,MAE|SAE,2.292821559385257
8071,154,157,MAE|SAE,2.6015390012092903
8072,156,160,MAE|SAE,2.5268635427109527
8073,156,158,MAE|SAE,1.890599511817204
8074,156,157,MAE|SAE,1.4649391916437402
8075,156,158,MAE|SAE,2.2339851146442053
8076,154,158,MAE,22.42990734495317
8077,154,158,MAE,59.08249357779646
8078,154,158,MAE,36.64922087676024
8079,154,158,MAE,4.71404740308749
8080,154,158,MAE,59.70098516773014
8081,154,162,MAE,30.722407851612065
8082,154,158,MAE,3.684505030898799
8083,154,158,MAE,18.88376682790301
8084,154,158,MAE,21.77057536898385
8085,154,160,MAE,2.906413192823605
8086,154,160,MAE,12.215242774842125
8087,154,158,MAE,27.025793408917217
8088,154,158,MAE,3.6889364362443473
8089,154,158,MAE,2.415709848761978
8090,154,158,MAE,42.609914317450084
8091,154,158,MAE,4.434581226592819
8092,156,158,MAE,12.682725695896012
8093,156,158,MAE,19.27412283627636
8094,156,158,MAE,41.034218348159605
8095,156,158,MAE,41.5561399910781
8096,156,160,MAE,20.23793785587374
8097,156,158,MAE,24.220392203989118
8098,156,162,MAE,4.438114597578829
8099,156,162,MAE,47.1769060487113
8100,156,162,MAE|SAE,2.9202192602123
8101,156,158,MAE,20.613782242324948
8102,156,158,MAE,3.5770670706139893
8103,156,158,MAE,3.136916180917917
8104,156,158,MAE,16.338354303029956
8105,156,158,MAE,37.824214661580214
8106,156,158,MAE,25.122658595202793
8107,156,160,MAE,2.99470469947445
8108,156,162,MAE,42.096039102058576
8109,156,162,MAE,3.904096476064498
8110,156,158,MAE,28.42687343775667
8111,156,158,MAE,27.041379785270234
8112,156,158,MAE,28.685527213881304
8113,156,170,MAE|SAE,20.27506050655276
8114,156,158,MAE,17.335205848800904
8115,156,158,MAE,39.07247377847925
8116,156,158,MAE,28.270569173593717
8117,156,158,MAE,2.878682058470608
8118,156,158,MAE,5.3349012267834715
8119,157,158,MAE|SAE,2.1998194425736552
8120,157,158,MAE|SAE,1.5085634147290905
8121,157,158,MAE|SAE,2.2179072565707383
8122,157,158,MAE|SAE,2.3890163099086212
8123,157,158,MAE|SAE,2.105524296223654
8124,157,158,MAE|SAE,2.1152455636454355
8125,157,158,MAE|SAE,2.111944848730029
8126,157,158,MAE|SAE,2.2279099330061545
8127,157,158,MAE|SAE,2.0392037054416456
8128,157,158,MAE|SAE,2.4906598319024096
8129,157,158,MAE|SAE,2.4203452244710983
8130,157,158,MAE|SAE,2.1458860813329337
8131,157,158,MAE|SAE,2.260949699066679
8132,157,158,MAE|SAE,2.14265006344601
8133,157,159,LAE|MAE|SAE,1.676105915807232
8134,157,158,MAE|SAE,1.6458768031597284
8135,157,158,MAE|SAE,2.348831493000068
8136,156,159,LAE|MAE,33.239612432198186
8137,158,159,LAE|MAE,7.020587913769446
8138,156,160,MAE,32.6264561466984
8139,156,160,MAE,45.51608935888561
8140,156,164,MAE,17.12076805167827
8141,156,160,MAE,31.820666771125293
8142,156,162,MAE,19.442475690683956
8143,156,173,MAE|SAE,14.358543160823121
8144,156,160,MAE,9.889121934069593
8145,156,166,MAE,14.969462858943098
8146,156,205,LAE|MAE|SAE,27.91240878972812
8147,156,168,LAE|MAE,5.130001562360234
8148,156,160,MAE,49.049466960709346
8149,158,162,MAE,3.206958040477398
8150,158,160,MAE,23.38541360601944
8151,158,160,MAE,17.44630804486208
8152,158,160,MAE,4.734620251376002
8153,158,163,LAE|MAE,5.765977447498853
8154,158,166,MAE,21.309253594494404
8155,158,160,MAE,23.3706182959636
8156,158,160,MAE,2.4764444711182625
8157,158,160,MAE,18.01182283810017
8158,158,160,MAE,29.487599110506885
8159,158,160,MAE,1.6683453704678222
8160,158,160,MAE,16.420183889708817
8161,158,160,MAE,27.01745125929824
8162,158,162,MAE,6.784227354714476
8163,158,160,MAE,16.96653210700903
8164,158,166,MAE,3.411863535593982
8165,158,162,MAE,21.10157803566145
8166,158,160,MAE,34.34100802347937
8167,158,160,MAE,15.029644125772071
8168,158,162,MAE,3.3645548118832513
8169,158,169,LAE|MAE|SAE,15.860070725795785
8170,158,162,MAE,2.570244462736929
8171,158,162,MAE,2.7028381945112883
8172,159,160,LAE|MAE,1.8761072926617737
8173,159,160,LAE|MAE,1.945927606042349
8174,159,160,LAE|MAE,2.8984047442787104
8175,160,161,MAE|SAE,22.473535156615103
8176,160,161,MAE|SAE,1.7790584972529984
8177,160,162,MAE|SAE,1.8327608710628465
8178,158,169,MAE|SAE,6.708258992530463
8179,158,162,MAE,28.88314196347237
8180,158,162,MAE,4.251379098035568
8181,158,164,MAE,12.469015459228487
8182,158,164,MAE,20.25115254383938
8183,158,162,MAE,28.810004608569617
8184,158,162,MAE,4.063900762061423
8185,160,162,MAE,3.5040339880911637
8186,160,169,MAE|SAE,22.231498659664023
8187,160,162,MAE,2.8457217659987024
8188,160,164,LAE|MAE,2.3407210340585762
8189,160,171,LAE|MAE|SAE,36.85776193528634
8190,160,162,MAE,2.922656229325179
8191,160,162,MAE,5.093658405100409
8192,160,162,MAE,49.602268041353206
8193,160,162,MAE,2.605604714244524
8194,160,180,LAE|MAE|SAE,51.609405517689346
8195,160,164,MAE,43.283626676380905
8196,160,166,MAE,43.33677156907452
8197,160,165,MAE|SAE,29.64826498099469
8198,160,162,MAE,3.7536600632303996
8199,160,162,MAE,36.48642377811033
8200,160,162,MAE,2.0485844193438343
8201,160,162,MAE,21.625122500775372
8202,160,162,MAE,1.8035520119395223
8203,160,166,MAE,45.655678390775364
8204,160,164,MAE,2.569957791803815
8205,160,164,MAE,28.49680539411245
8206,160,162,MAE,26.131177234042546
8207,160,162,MAE,15.171076121962018
8208,160,162,MAE,19.29255437795678
8209,160,162,MAE,15.768108391839377
8210,160,162,MAE,29.364320528182596
8211,160,162,MAE,1.7049707165368866
8212,160,169,MAE|SAE,30.128366437293764
8213,160,162,MAE,3.471692430522242
8214,160,162,MAE,2.7948615153694947
8215,160,175,LAE|MAE|SAE,24.090073245019717
8216,160,162,MAE,22.202238572786765
8217,160,162,MAE,5.039520822260898
8218,160,162,MAE,30.016975704504148
8219,160,162,MAE,17.100883340842934
8220,160,174,LAE|MAE|SAE,20.75691698172981
8221,160,162,MAE,33.44090385534767
8222,160,162,MAE,23.40447251530762
8223,160,162,MAE,5.49751354821906
8224,160,162,MAE,2.146335250722966
8225,160,162,MAE,2.430565684981425
8226,160,162,MAE,3.7983458644161026
8227,160,162,MAE,2.6679003943199477
8228,160,162,MAE,2.4206876120173324
8229,160,162,MAE,2.2902481596256705
8230,160,166,MAE,23.065488548874768
8231,160,162,MAE,3.4185809542435828
8232,160,162,MAE,1.8303573114414093
8233,160,162,MAE,4.697539860124909
8234,160,162,MAE,2.4374203672655756
8235,160,168,LAE|MAE,25.877809160196993
8236,160,162,MAE,1.9808116776434148
8237,160,167,LAE|MAE,32.0801446245282
8238,160,162,MAE,3.1341136167544725
8239,160,162,MAE,2.4120580420774145
8240,160,162,MAE,27.419820920500122
8241,160,162,MAE,2.326273857308376
8242,160,166,MAE,31.457871645408883
8243,160,170,MAE|SAE,32.184302475366664
8244,161,162,MAE|SAE,1.7953130412532377
8245,161,162,MAE|SAE,1.4527388898086515
8246,161,166,LAE|MAE|SAE,2.7516122051591076
8247,161,162,MAE|SAE,1.324395548502349
8248,161,162,MAE|SAE,1.927008306941427
8249,160,163,LAE|MAE,2.4754509116540606
8250,160,163,LAE|MAE,35.00906802705126
8251,160,163,LAE|MAE,38.156133225677166
8252,162,163,LAE|MAE,13.543462677959436
8253,162,164,LAE|MAE,2.7741011361749455
8254,160,166,MAE,43.627313773390505
8255,160,164,MAE,20.315560245800736
8256,160,166,MAE,40.65764822059947
8257,160,166,MAE,41.606861931653626
8258,160,164,MAE,30.735121384180076
8259,160,176,LAE|MAE|SAE,42.36297000393512
8260,160,166,MAE,30.843514806784867
8261,162,164,MAE,2.5129274672462376
8262,162,170,LAE|MAE|SAE,47.71972611053259
8263,162,164,MAE,12.026818373354804
8264,162,164,MAE,19.627585688981164
8265,162,164,MAE,5.173149898860025
8266,162,164,MAE,2.248361886239646
8267,162,164,MAE,34.94667793908388
8268,162,164,MAE,2.3826917097347824
8269,162,166,MAE,16.639203844463644
8270,162,164,MAE,19.449149990214753
8271,162,164,MAE,22.14247790215679
8272,162,166,MAE,3.7131505164747294
8273,162,164,MAE,16.305534375509158
8274,162,170,MAE|SAE,4.278878234334121
8275,162,166,MAE,22.76886695051026
8276,162,167,LAE|MAE,2.8371666788426957
8277,162,164,MAE,19.626276326282262
8278,163,164,LAE|MAE,1.6455288469666745
8279,163,166,LAE|MAE,2.5724652314040646
8280,163,201,LAE|MAE|SAE,25.59715500701421
8281,162,165,MAE|SAE,25.338643381803028
8282,164,165,MAE|SAE,42.06442121954577
8283,164,166,MAE|SAE,20.639022593997684
8284,164,165,MAE|SAE,2.4271813345748607
8285,164,166,MAE|SAE,2.460822060639095
8286,164,165,MAE|SAE,39.59404939927157
8287,164,166,MAE|SAE,2.6540417064859105
8288,162,169,MAE|SAE,13.565899267536503
8289,162,169,MAE|SAE,15.437305519522178
8290,162,173,LAE|MAE|SAE,15.094709794210248
8291,162,169,MAE|SAE,3.2305871975898133
8292,162,169,MAE|SAE,30.80786364378346
8293,162,166,MAE,37.56336781166329
8294,162,171,LAE|MAE,35.104967363998945
8295,162,166,MAE,21.780502322390603
8296,163,166,LAE|MAE,22.506210611895693
8297,163,171,LAE|MAE,42.02172990420518
8298,164,196,LAE|MAE|SAE,21.465739581854013
8299,164,168,MAE,23.152047237716637
8300,164,167,LAE|MAE,2.2960859516558574
8301,164,166,MAE,2.45810671824384
8302,164,166,MAE,1.856124728851476
8303,164,168,LAE|MAE,16.00198989435053
8304,164,166,MAE,17.375654519284154
8305,164,168,LAE|MAE,2.4265550088788923
8306,164,166,MAE,2.035606350646271
8307,164,166,MAE,27.25803864437315
8308,164,167,LAE|MAE,1.9638501124756769
8309,164,166,MAE,2.7725800514766807
8310,164,166,MAE,1.7611493686671362
8311,164,166,MAE,22.701217444209565
8312,164,167,LAE|MAE,20.130508685166177
8313,164,166,MAE,25.232468260937765
8314,164,166,MAE,6.152215900027298
8315,164,171,LAE|MAE,17.760286182522663
8316,164,166,MAE,2.22668069166721
8317,164,166,MAE,25.59336142945074
8318,164,166,MAE,31.6736600929851
8319,164,166,MAE,57.504662863703636
8320,164,166,MAE,4.488764240898578
8321,164,172,LAE|MAE|SAE,20.306828776335237
8322,164,174,MAE|SAE,50.71502210042908
8323,164,166,MAE,17.62363660973666
8324,164,170,MAE|SAE,18.235584729313423
8325,164,172,LAE|MAE|SAE,40.9149058886984
8326,164,183,LAE|MAE|SAE,26.250516372214094
8327,164,166,MAE,24.007928828783566
8328,164,166,MAE,22.55122734419466
8329,164,173,MAE|SAE,24.955304876590354
8330,164,166,MAE,1.75558898647008
8331,164,166,MAE,20.337570260629416
8332,164,166,MAE,4.77052421188179
8333,164,166,MAE,1.7790778846811537
8334,164,175,LAE|MAE|SAE,24.755465215285767
8335,164,166,MAE,22.04426574497746
8336,164,168,LAE|MAE,3.687737870315098
8337,164,166,MAE,3.182962663763512
8338,164,166,MAE,30.987425339348352
8339,164,166,MAE,34.53946836410894
8340,164,166,MAE,2.1602216355306787
8341,164,167,LAE|MAE,16.779493252448187
8342,164,173,MAE|SAE,23.304959046837077
8343,164,166,MAE,1.2788725078892245
8344,164,172,MAE|SAE,25.745050704007696
8345,164,167,LAE|MAE,25.427436083175
8346,164,167,LAE|MAE,49.17737227711714
8347,164,166,MAE,2.0092560064124854
8348,164,166,MAE,18.65647769633158
8349,164,170,MAE|SAE,3.7037491465384513
8350,164,166,MAE,5.789413490277153
8351,164,166,MAE,3.1055910016465305
8352,164,166,MAE,2.2926005400447815
8353,164,166,MAE,2.152154868186822
8354,164,168,LAE|MAE,37.40019498867085
8355,164,166,MAE,23.4498006285804
8356,165,168,MAE|SAE,5.7187429648370935
8357,165,166,MAE|SAE,1.7152193043780815
8358,165,167,LAE|MAE|SAE,1.6422466272942189
8359,164,178,LAE|MAE,5.723761293029516
8360,164,167,LAE|MAE,3.7102649940361014
8361,164,167,LAE|MAE,2.365781957929632
8362,164,167,LAE|MAE,3.6257847974443527
8363,164,180,LAE|MAE|SAE,24.496325210230353
8364,164,171,LAE|MAE,25.86967037036216
8365,164,167,LAE|MAE,24.6761807576261
8366,164,167,LAE|MAE,46.958600886909586
8367,164,167,LAE|MAE,29.70174566945038
8368,164,167,LAE|MAE,2.5251659089626353
8369,164,167,LAE|MAE,4.978259248843661
8370,164,172,LAE|MAE|SAE,42.79678236283286
8371,166,168,LAE|MAE,1.8165686256101636
8372,166,172,LAE|MAE|SAE,3.2793257380186787
8373,166,170,LAE|MAE|SAE,19.0762934506664
8374,166,172,LAE|MAE|SAE,5.921287709598447
8375,166,167,LAE|MAE,2.0998408834463955
8376,166,168,LAE|MAE,18.912170489862753
8377,166,167,LAE|MAE,1.6989752470774244
8378,166,167,LAE|MAE,2.369235266729103
8379,166,167,LAE|MAE,1.7077197981756826
8380,166,179,LAE|MAE|SAE,23.517745243962818
8381,166,170,LAE|MAE|SAE,13.241661814444758
8382,166,167,LAE|MAE,1.7032628252614486
8383,166,168,LAE|MAE,15.03557545570634
8384,166,167,LAE|MAE,19.405509480069416
8385,166,179,LAE|MAE|SAE,30.70460596865184
8386,166,173,LAE|MAE|SAE,30.16623058026333
8387,166,174,LAE|MAE,19.31648869788147
8388,166,167,LAE|MAE,40.49329095341924
8389,166,167,LAE|MAE,1.764610304629152
8390,166,171,LAE|MAE,3.0087956615699443
8391,166,172,LAE|MAE|SAE,37.472381697152855
8392,166,167,LAE|MAE,21.079668776275703
8393,166,168,LAE|MAE,16.81235080862438
8394,166,167,LAE|MAE,4.87079316439201
8395,166,167,LAE|MAE,4.552117265081168
8396,166,168,LAE|MAE,18.338116565198995
8397,164,173,MAE|SAE,4.996094207740529
8398,164,172,MAE|SAE,28.86792550713581
8399,164,168,MAE,7.800203444895061
8400,164,170,MAE|SAE,20.108534603619667
8401,164,168,MAE,13.516152585934693
8402,164,170,MAE|SAE,31.981269611003828
8403,164,168,MAE,28.897403663097542
8404,164,168,MAE,30.343159050726978
8405,164,168,MAE,2.831205979828179
8406,165,168,MAE|SAE,20.959317041225265
8407,165,168,MAE|SAE,24.91486820541852
8408,165,168,MAE|SAE,24.64968615805178
8409,166,168,MAE,30.971142042994906
8410,166,170,MAE|SAE,1.8369061794370527
8411,166,168,MAE,19.513673625047044
8412,166,168,MAE,11.730686194312671
8413,166,173,LAE|MAE|SAE,15.384868406190792
8414,166,168,MAE,3.3525554736116123
8415,166,174,MAE|SAE,19.981709477101372
8416,166,175,LAE|MAE|SAE,33.66639590905148
8417,166,168,MAE,24.21887531730347
8418,167,168,LAE|MAE,2.0765300621509892
8419,167,174,LAE|MAE|SAE,43.60107331525265
8420,167,168,LAE|MAE,1.4749366228355048
8421,167,168,LAE|MAE,46.79771956551754
8422,167,168,LAE|MAE,2.524434350321195
8423,167,179,LAE|MAE|SAE,27.165050611001217
8424,167,172,LAE|MAE|SAE,21.911361657043248
8425,167,168,LAE|MAE,28.11266468962192
8426,167,178,LAE|MAE|SAE,25.71765566934149
8427,167,168,LAE|MAE,16.411286215219608
8428,167,172,LAE|MAE|SAE,25.215271805671946
8429,167,168,LAE|MAE,18.14647183498956
8430,167,171,LAE|MAE|SAE,2.4957417382359606
8431,167,168,LAE|MAE,3.388138714485381
8432,167,171,LAE|MAE|SAE,3.3094461728132263
8433,167,171,LAE|MAE,4.24027417231244
8434,167,168,LAE|MAE,38.35935744952126
8435,167,168,LAE|MAE,4.296292492676192
8436,167,168,LAE|MAE,3.1607758636821806
8437,167,179,LAE|MAE|SAE,22.549479511319173
8438,165,172,SAE,37.27586907704842
8439,165,169,SAE,3.1525152540509946
8440,165,169,SAE,51.493833283373206
8441,166,169,MAE|SAE,4.39582972337558
8442,166,173,MAE|SAE,4.553934832221576
8443,166,176,MAE|SAE,16.94607902938462
8444,166,172,MAE|SAE,53.08660476032786
8445,166,176,MAE|SAE,22.527716939986924
8446,166,169,MAE|SAE,16.016908839998717
8447,166,170,MAE|SAE,27.784203506666064
8448,166,169,MAE|SAE,28.968115274914894
8449,168,169,MAE|SAE,1.3559500281329695
8450,168,169,MAE|SAE,1.5122635471950558
8451,168,170,MAE|SAE,1.5109373734013567
8452,168,169,MAE|SAE,13.89243089178604
8453,168,169,MAE|SAE,1.2748036196077983
8454,168,169,MAE|SAE,15.649903039682632
8455,168,173,MAE|SAE,14.477217485268609
8456,168,170,MAE|SAE,1.416670340673275
8457,168,173,MAE|SAE,13.011494046483735
8458,168,181,MAE|SAE,17.868369778521057
8459,168,169,MAE|SAE,4.098476137519097
8460,168,169,MAE|SAE,36.78351392580467
8461,168,170,MAE|SAE,1.7544222761650918
8462,166,170,MAE|SAE,21.479389638936077
8463,168,172,MAE|SAE,16.334512358478523
8464,168,170,MAE|SAE,4.805026507501145
8465,168,176,LAE|MAE|SAE,40.81816131873982
8466,168,170,MAE|SAE,46.27522179818691
8467,168,170,MAE|SAE,16.007973945602412
8468,168,170,MAE|SAE,32.05848188052535
8469,168,173,MAE|SAE,24.525523097755986
8470,168,170,MAE|SAE,3.974550207898098
8471,168,170,MAE|SAE,39.118269087980885
8472,168,176,LAE|MAE|SAE,36.822499014079305
8473,168,170,MAE|SAE,1.632842943162023
8474,168,170,MAE|SAE,20.405126160030218
8475,168,170,MAE|SAE,48.67976099527825
8476,168,170,MAE|SAE,30.910769000158236
8477,168,173,LAE|MAE|SAE,19.97067208165051
8478,168,170,MAE|SAE,30.57307242889979
8479,168,170,MAE|SAE,12.012486943612107
8480,168,171,LAE|MAE|SAE,36.19241748966626
8481,168,180,LAE|MAE|SAE,32.71713571811336
8482,168,172,LAE|MAE|SAE,2.3383165211289305
8483,168,173,MAE|SAE,5.472133796561682
8484,168,171,LAE|MAE|SAE,3.258896018418427
8485,169,170,SAE,12.933264531614972
8486,169,170,SAE,1.975258116743771
8487,169,174,MAE|SAE,5.181066891759569
8488,169,170,SAE,20.816977478335872
8489,169,176,MAE|SAE,39.418323302742145
8490,169,170,SAE,15.965676699926119
8491,169,170,SAE,13.854901468904313
8492,169,170,SAE,4.773289062998254
8493,169,170,SAE,3.559522403143751
8494,169,172,SAE,3.488486063242106
8495,169,170,SAE,26.488090615619342
8496,169,175,LAE|MAE|SAE,14.26489165261893
8497,169,175,LAE|MAE|SAE,31.25704954555249
8498,167,200,LAE|MAE|SAE,49.45130185843358
8499,167,171,LAE,43.37918146811531
8500,167,171,LAE,39.28682678631247
8501,167,171,LAE,23.841390399791795
8502,167,171,LAE,45.96576817181238
8503,167,171,LAE,44.85875216640029
8504,168,174,LAE|MAE,16.546512328562095
8505,168,175,LAE|MAE|SAE,17.33099348520021
8506,168,173,LAE|MAE|SAE,22.522481525640977
8507,168,171,LAE|MAE,16.737181756780657
8508,168,171,LAE|MAE,24.668585075047
8509,168,171,LAE|MAE,3.346020711048594
8510,168,175,LAE|MAE|SAE,16.696352715976776
8511,168,172,MAE|SAE,12.242631624265215
8512,168,172,MAE|SAE,25.19150387206728
8513,168,172,MAE|SAE,23.19633486783033
8514,168,174,MAE|SAE,14.814266781367632
8515,168,172,MAE|SAE,17.68682462735544
8516,168,172,MAE|SAE,21.76558053783741
8517,168,173,MAE|SAE,19.231633392623166
8518,169,172,SAE,3.469365108176274
8519,169,172,SAE,20.315892830080692
8520,169,172,SAE,22.138883199106715
8521,169,172,SAE,10.685652792081953
8522,169,172,SAE,3.660217466559216
8523,170,172,SAE,15.268830242225807
8524,170,172,SAE,18.368331922638994
8525,170,175,LAE|MAE|SAE,3.685678200714952
8526,170,172,SAE,3.759157870543099
8527,170,172,SAE,3.292827575063475
8528,170,173,SAE,51.525825209754636
8529,170,172,SAE,2.711596414737367
8530,170,172,SAE,20.561981996181768
8531,170,172,SAE,20.171359884069
8532,170,172,SAE,10.190177068011836
8533,170,172,SAE,4.10012989504257
8534,170,172,SAE,3.265495615748451
8535,170,173,SAE,25.271999803315836
8536,170,172,SAE,42.14579945066089
8537,170,172,SAE,10.286593565332833
8538,170,173,SAE,37.87962750504957
8539,170,172,SAE,17.666927230198716
8540,170,172,SAE,1.5783260165862725
8541,170,179,LAE|MAE|SAE,21.33869536846439
8542,170,176,MAE|SAE,26.11933723454427
8543,170,172,SAE,31.83776751224715
8544,170,173,SAE,39.24323214397073
8545,170,172,SAE,38.858831852826064
8546,169,173,SAE,28.380366699408725
8547,169,173,SAE,17.551099969660616
8548,170,173,SAE,23.577078083772555
8549,170,173,SAE,32.07881607234535
8550,170,173,SAE,3.2733539382055596
8551,170,173,SAE,24.93027538473888
8552,172,176,LAE|MAE|SAE,24.057100996728952
8553,172,173,SAE,37.56815756300912
8554,172,173,SAE,10.820055601728058
8555,172,173,SAE,12.822240212805236
8556,172,174,MAE|SAE,45.40907687861021
8557,172,173,SAE,20.52232834541007
8558,172,174,MAE|SAE,1.599375991838978
8559,172,173,SAE,17.59371558264842
8560,172,174,MAE|SAE,1.5007554093129039
8561,172,173,SAE,26.496031808747702
8562,172,173,SAE,1.5659260950576905
8563,172,173,SAE,21.61369289451488
8564,172,177,MAE|SAE,19.821654595357735
8565,172,173,SAE,4.324347763831201
8566,172,173,SAE,24.30540227067503
8567,172,173,SAE,22.923358016182515
8568,172,180,LAE|MAE|SAE,51.366195080171764
8569,172,173,SAE,1.4072112289750043
8570,172,173,SAE,10.617034379270375
8571,172,176,MAE|SAE,27.54208629650295
8572,172,174,MAE|SAE,1.6331136251270344
8573,172,173,SAE,30.252730996700997
8574,172,174,MAE|SAE,12.568528523539362
8575,172,173,SAE,0.8915766398976468
8576,172,173,SAE,1.0337588288733577
8577,172,176,MAE|SAE,19.66441274990138
8578,172,174,MAE|SAE,17.84016613830266
8579,172,173,SAE,2.740179014303157
8580,172,173,SAE,28.04854422504687
8581,172,173,SAE,13.748093846486782
8582,172,173,SAE,22.14866904267842
8583,172,173,SAE,1.2591648523244048
8584,172,173,SAE,31.247121842547415
8585,172,173,SAE,17.362770112352926
8586,172,173,SAE,21.910737489923612
8587,172,173,SAE,35.11314058114394
8588,172,176,MAE|SAE,4.521540356934183
8589,172,173,SAE,29.8454271487063
8590,170,174,MAE|SAE,10.588330896459585
8591,170,180,MAE|SAE,13.381523626189928
8592,170,176,MAE|SAE,15.17602742851521
8593,171,178,LAE|MAE,28.992384862635237
8594,171,178,LAE|MAE,49.796611314370345
8595,171,175,LAE|MAE,21.03247912309208
8596,171,174,LAE|MAE,15.631894632135234
8597,171,178,LAE|MAE,21.84023556908509
8598,171,174,LAE|MAE,54.42429583558778
8599,171,174,LAE|MAE,28.859542216529157
8600,171,174,LAE|MAE,17.16498325636045
8601,171,174,LAE|MAE,45.82920496731361
8602,171,174,LAE|MAE,29.373416514249026
8603,172,175,LAE|MAE|SAE,16.796253531083515
8604,172,174,MAE|SAE,34.3271624094462
8605,172,180,MAE|SAE,9.928182781095243
8606,172,176,MAE|SAE,30.2004465462944
8607,172,174,MAE|SAE,1.847409416114547
8608,172,174,MAE|SAE,20.026656129897134
8609,172,174,MAE|SAE,14.766293163412893
8610,172,174,MAE|SAE,3.2373380661261755
8611,172,174,MAE|SAE,18.126978155746695
8612,172,175,LAE|MAE|SAE,21.257140518358074
8613,172,174,MAE|SAE,1.7382373936108866
8614,172,174,MAE|SAE,1.3560376941950492
8615,172,174,MAE|SAE,26.865851205593252
8616,173,174,MAE|SAE,39.3059657966662
8617,173,180,LAE|MAE|SAE,20.870144386837797
8618,173,174,MAE|SAE,5.274291507557803
8619,173,180,LAE|MAE|SAE,11.769343660801855
8620,173,187,LAE|MAE|SAE,32.411185465937294
8621,173,174,MAE|SAE,24.26055447566619
8622,173,178,MAE|SAE,27.22494461582743
8623,173,174,MAE|SAE,15.577018225495237
8624,173,174,MAE|SAE,9.971068161944189
8625,173,178,MAE|SAE,15.366870602060969
8626,173,174,MAE|SAE,9.841434459024889
8627,173,174,MAE|SAE,1.2132554741328914
8628,173,174,MAE|SAE,15.285339227573404
8629,173,175,LAE|MAE|SAE,2.523637211505043
8630,173,175,LAE|MAE|SAE,1.4044822125568812
8631,173,180,LAE|MAE|SAE,27.137016917604534
8632,173,174,MAE|SAE,47.70894960916895
8633,173,178,MAE|SAE,29.69623623057884
8634,173,174,MAE|SAE,20.173546571834123
8635,173,181,LAE|MAE|SAE,26.561728382560183
8636,171,175,LAE,24.33680164112914
8637,171,177,LAE|MAE|SAE,3.5581911188401256
8638,171,175,LAE,3.408305137573925
8639,171,175,LAE,15.920065766603933
8640,171,175,LAE,3.6176738065902554
8641,171,175,LAE,25.489453249966072
8642,171,175,LAE,13.043402726898348
8643,171,175,LAE,17.904760707726158
8644,171,178,LAE|MAE,17.158742078173386
8645,171,175,LAE,43.82961936801666
8646,171,175,LAE,21.339854430154542
8647,174,175,LAE|MAE,4.656004217341665
8648,174,175,LAE|MAE,29.23635160732656
8649,174,178,LAE|MAE,11.315458662049984
8650,174,175,LAE|MAE,3.3201954980382773
8651,174,179,LAE|MAE,3.5480460513678063
8652,174,175,LAE|MAE,1.2543936441310857
8653,174,175,LAE|MAE,5.575220195562112
8654,174,175,LAE|MAE,10.659867311946138
8655,174,175,LAE|MAE,12.422491940195583
8656,174,176,LAE|MAE,32.49568492915486
8657,174,175,LAE|MAE,1.0310539157695364
8658,174,175,LAE|MAE,1.2470418231415574
8659,174,175,LAE|MAE,19.792731236841473
8660,174,176,LAE|MAE,31.023200088478216
8661,174,175,LAE|MAE,2.4161881907283504
8662,174,176,LAE|MAE,43.065937581498424
8663,174,175,LAE|MAE,10.258255814689788
8664,174,175,LAE|MAE,53.177931663166284
8665,174,175,LAE|MAE,54.41909773277657
8666,174,176,LAE|MAE,20.798360980988736
8667,174,175,LAE|MAE,28.42576456698396
8668,174,175,LAE|MAE,8.935941760265901
8669,174,175,LAE|MAE,29.825154274112652
8670,174,175,LAE|MAE,1.0599181682971843
8671,174,177,LAE|MAE|SAE,14.719934127113957
8672,174,175,LAE|MAE,1.6700840832062172
8673,174,177,LAE|MAE|SAE,13.768434371317431
8674,174,177,LAE|MAE|SAE,31.526292048780775
8675,174,175,LAE|MAE,0.960653795470459
8676,174,179,LAE|MAE,27.599296789633506
8677,174,180,LAE|MAE,24.948250403468148
8678,174,182,LAE|MAE|SAE,35.296489621422566
8679,172,176,MAE|SAE,22.640192730446454
8680,172,176,MAE|SAE,14.521950246701733
8681,173,176,MAE|SAE,25.049930405077976
8682,173,181,MAE|SAE,23.611438990638245
8683,173,176,MAE|SAE,16.686684250987582
8684,173,176,MAE|SAE,33.76257057190176
8685,174,176,MAE,30.678050857833775
8686,174,177,MAE|SAE,19.40019580446874
8687,174,179,LAE|MAE,36.01717953941765
8688,174,178,MAE,40.32541272857512
8689,174,176,MAE,26.120373086532634
8690,174,176,MAE,2.16928116319453
8691,175,176,LAE|MAE,15.894732079121944
8692,175,176,LAE|MAE,1.5089533300323015
8693,175,180,LAE|MAE,25.267832255535037
8694,175,176,LAE|MAE,0.8487087635685217
8695,175,176,LAE|MAE,1.0194121685229263
8696,175,176,LAE|MAE,1.0061305860311271
8697,175,176,LAE|MAE,0.9732329779778984
8698,175,178,LAE|MAE,5.409841395083146
8699,175,176,LAE|MAE,19.834593489692363
8700,175,176,LAE|MAE,16.353765456488087
8701,175,176,LAE|MAE,1.5577381215888084
8702,175,176,LAE|MAE,23.466012467651183
8703,175,176,LAE|MAE,17.013006906639827
8704,175,176,LAE|MAE,11.237367082894911
8705,175,187,LAE|MAE,18.113981570369205
8706,173,177,SAE,40.53137776152046
8707,173,177,SAE,27.82906734083771
8708,173,177,SAE,25.5754298819182
8709,173,181,SAE,14.556173400598984
8710,174,177,MAE|SAE,21.497082330041067
8711,174,177,MAE|SAE,15.48477281958611
8712,176,177,MAE|SAE,1.1191506818901582
8713,176,177,MAE|SAE,13.424663091642637
8714,176,177,MAE|SAE,3.8842839121373838
8715,176,177,MAE|SAE,10.413933683717618
8716,176,177,MAE|SAE,1.2708467266402115
8717,176,177,MAE|SAE,12.267854942763002
8718,176,180,MAE|SAE,20.882191927023285
8719,176,185,MAE|SAE,16.369432466699568
8720,176,177,MAE|SAE,30.740110551863836
8721,176,177,MAE|SAE,2.2822221765989856
8722,174,178,MAE,42.8260519072731
8723,174,178,MAE,31.18341836026802
8724,174,183,LAE|MAE,3.1761516317952223
8725,174,178,MAE,13.398884515931048
8726,174,185,MAE|SAE,23.82334896099144
8727,174,178,MAE,19.120429141768735
8728,174,180,LAE|MAE,23.635318357606852
8729,174,178,MAE,3.545634002703278
8730,175,183,LAE|MAE,46.60220481063542
8731,175,178,LAE|MAE,26.72574261767058
8732,175,178,LAE|MAE,20.372867337567403
8733,175,178,LAE|MAE,3.363773548022562
8734,175,178,LAE|MAE,50.61521267215166
8735,175,178,LAE|MAE,51.057975054026834
8736,175,178,LAE|MAE,27.7290984774903
8737,176,179,LAE|MAE,35.100295620011444
8738,176,178,MAE,33.91874858956038
8739,176,178,MAE,5.664439400133705
8740,176,178,MAE,26.640616582795428
8741,177,179,LAE|MAE|SAE,47.80935937137658
8742,177,178,MAE|SAE,15.860407644419059
8743,177,178,MAE|SAE,23.066470697840483
8744,177,178,MAE|SAE,26.109644864873438
8745,177,178,MAE|SAE,1.4117428942473202
8746,177,178,MAE|SAE,1.4452457069310085
8747,177,178,MAE|SAE,3.805253153857627
8748,175,182,LAE|MAE,23.976598573717553
8749,175,182,LAE|MAE,36.33797345927044
8750,175,179,LAE,28.396983122596072
8751,175,179,LAE,47.807604564335364
8752,175,186,LAE|MAE,56.017266673873586
8753,176,179,LAE|MAE,3.7375052832169553
8754,176,179,LAE|MAE,42.749613297347764
8755,176,179,LAE|MAE,54.756784415225276
8756,176,180,LAE|MAE,22.523845349431234
8757,176,179,LAE|MAE,53.89554904218643
8758,178,179,LAE|MAE,2.185407116026561
8759,178,179,LAE|MAE,25.202035085953298
8760,178,179,LAE|MAE,1.0006786125997
8761,178,179,LAE|MAE,0.9464758744934157
8762,178,179,LAE|MAE,2.1825505794330535
8763,178,180,LAE|MAE,18.310087863409283
8764,178,180,LAE|MAE,11.723827943451223
8765,178,179,LAE|MAE,0.9580668546602903
8766,178,179,LAE|MAE,32.12588733233449
8767,178,179,LAE|MAE,16.930426102931104
8768,178,179,LAE|MAE,31.33624514860647
8769,178,180,LAE|MAE,2.317756863033695
8770,178,179,LAE|MAE,31.248017498674752
8771,178,179,LAE|MAE,22.58323142209072
8772,178,181,LAE|MAE|SAE,2.70910490049041
8773,178,179,LAE|MAE,1.6871719654315145
8774,178,179,LAE|MAE,19.216280145972945
8775,178,179,LAE|MAE,2.8723009325531788
8776,178,179,LAE|MAE,28.81241351685037
8777,178,179,LAE|MAE,1.7162881781514079
8778,178,179,LAE|MAE,22.009927467881003
8779,178,179,LAE|MAE,1.004886666195231
8780,178,180,LAE|MAE,18.878954626627237
8781,178,179,LAE|MAE,18.742610043533332
8782,178,179,LAE|MAE,2.113880297054676
8783,176,180,MAE,9.152050382125823
8784,176,180,MAE,44.83288355997745
8785,176,180,MAE,13.258892828028165
8786,176,180,MAE,16.608176650603305
8787,176,180,MAE,20.099480318496227
8788,177,180,MAE|SAE,20.498850001127934
8789,177,180,MAE|SAE,14.02822414108113
8790,177,187,LAE|MAE|SAE,16.525051677470948
8791,178,180,MAE,13.200368548616757
8792,178,186,MAE,30.185622760243877
8793,178,180,MAE,14.677863805358623
8794,178,181,MAE|SAE,8.813390456147522
8795,178,180,MAE,14.925760596649093
8796,178,180,MAE,1.771991937206347
8797,178,182,MAE,13.25149702663126
8798,178,180,MAE,2.6193605935478312
8799,179,182,LAE|MAE|SAE,20.108141746222213
8800,179,180,LAE|MAE,23.49167716543317
8801,179,180,LAE|MAE,21.637249351496177
8802,179,183,LAE|MAE,20.72710836305222
8803,179,180,LAE|MAE,25.43410948806374
8804,179,180,LAE|MAE,1.2594342292813077
8805,179,180,LAE|MAE,16.008117502278935
8806,179,180,LAE|MAE,28.244833752312495
8807,179,180,LAE|MAE,17.509508246508705
8808,179,183,LAE|MAE,23.847830633338646
8809,179,180,LAE|MAE,2.7036658864873035
8810,179,187,LAE|MAE,16.76844078195858
8811,179,183,LAE|MAE,17.70072999882019
8812,179,190,LAE|MAE,37.67017669104546
8813,177,181,SAE,17.89744008207701
8814,177,181,SAE,36.1554003246517
8815,177,192,MAE|SAE,25.233341421230996
8816,177,181,SAE,36.288924913855254
8817,177,181,SAE,58.64293062377699
8818,177,182,MAE|SAE,56.729932577323034
8819,177,181,SAE,24.81366916045258
8820,178,182,MAE|SAE,22.18909030638127
8821,180,184,MAE|SAE,21.49043841766983
8822,180,181,MAE|SAE,1.6134765889168956
8823,180,183,LAE|MAE|SAE,3.391023642462419
8824,180,182,MAE|SAE,30.289305458036342
8825,180,181,MAE|SAE,0.9991178187376749
8826,180,209,LAE|MAE|SAE,55.22521393043614
8827,180,182,MAE|SAE,12.798476836770673
8828,180,181,MAE|SAE,17.505318110247842
8829,180,183,LAE|MAE|SAE,21.96572560263581
8830,180,181,MAE|SAE,11.300963683688614
8831,178,182,MAE,18.7330686026947
8832,178,182,MAE,25.718753781911538
8833,178,183,LAE|MAE,30.783805137699222
8834,179,182,LAE|MAE,21.65873951143314
8835,179,182,LAE|MAE,28.12779884768384
8836,180,182,MAE,13.091834835896682
8837,180,186,MAE,21.525800782416933
8838,180,182,MAE,16.711592309642075
8839,180,182,MAE,24.109608391583052
8840,181,182,MAE|SAE,9.357496938646578
8841,181,182,MAE|SAE,1.298197136936832
8842,181,182,MAE|SAE,31.814190058583836
8843,181,182,MAE|SAE,0.9755967868029476
8844,181,182,MAE|SAE,29.376259299272277
8845,181,182,MAE|SAE,24.442357322027885
8846,181,186,MAE|SAE,27.694229813941277
8847,181,182,MAE|SAE,18.509035685134023
8848,181,185,MAE|SAE,27.06050616666655
8849,179,186,LAE|MAE,21.037405081508293
8850,179,183,LAE,27.549422953824678
8851,179,183,LAE,14.944889451515063
8852,179,183,LAE,14.787886945703296
8853,180,186,LAE|MAE,20.191679928421824
8854,180,186,LAE|MAE,4.240020127765978
8855,182,183,LAE|MAE,1.87873617920083
8856,182,183,LAE|MAE,28.058863871600916
8857,182,183,LAE|MAE,1.7644758631232846
8858,182,183,LAE|MAE,1.658390448002611
8859,182,183,LAE|MAE,1.1073699137094497
8860,182,183,LAE|MAE,1.5543971549358955
8861,182,183,LAE|MAE,1.018176606201703
8862,182,183,LAE|MAE,20.635126055345985
8863,182,191,LAE|MAE,28.972441313521223
8864,182,183,LAE|MAE,47.93895421785932
8865,182,191,LAE|MAE,17.098223845717992
8866,182,183,LAE|MAE,2.369647576054873
8867,182,183,LAE|MAE,1.4287507496769603
8868,181,184,MAE|SAE,27.337717429156005
8869,182,184,MAE,19.83908541601458
8870,182,184,MAE,20.603145116479894
8871,182,184,MAE,1.814779370829333
8872,182,184,MAE,1.8011635136109347
8873,182,184,MAE,31.68513547222544
8874,182,184,MAE,1.8648479760988534
8875,183,188,LAE|MAE,45.81903728482456
8876,183,186,LAE|MAE|SAE,26.700358753272617
8877,183,186,LAE|MAE,20.30609151158935
8878,183,184,LAE|MAE,20.459933393178858
8879,183,184,LAE|MAE,1.6949083942753906
8880,183,184,LAE|MAE,48.62724610002996
8881,183,184,LAE|MAE,19.442009477128828
8882,183,196,LAE|MAE|SAE,16.307151405205005
8883,183,191,LAE|MAE,24.771358255559313
8884,183,184,LAE|MAE,8.810691654835432
8885,183,184,LAE|MAE,16.666723915216302
8886,181,188,MAE|SAE,30.453019988437013
8887,181,185,SAE,26.496723861216566
8888,181,185,SAE,40.99691430108206
8889,182,185,MAE|SAE,33.96529867075718
8890,182,185,MAE|SAE,33.01228497611394
8891,184,185,MAE|SAE,1.4428464684979159
8892,184,185,MAE|SAE,25.97991951418194
8893,184,185,MAE|SAE,30.32129579855918
8894,184,185,MAE|SAE,12.335924035228672
8895,184,185,MAE|SAE,18.575551714291745
8896,184,185,MAE|SAE,19.752104200846308
8897,184,185,MAE|SAE,29.104223500522338
8898,184,185,MAE|SAE,20.248477432029595
8899,184,185,MAE|SAE,1.5144460031126465
8900,184,185,MAE|SAE,15.670410877930525
8901,184,185,MAE|SAE,14.987521569677986
8902,184,185,MAE|SAE,12.594373363849195
8903,184,189,MAE|SAE,15.662941542355195
8904,184,185,MAE|SAE,20.120664350377577
8905,184,186,MAE|SAE,20.034554676028552
8906,182,191,LAE|MAE,14.689741193144775
8907,182,186,MAE,16.03744530502037
8908,182,186,MAE,12.661446429983439
8909,182,186,MAE,18.066827267034284
8910,183,190,LAE|MAE,34.28383592710539
8911,183,189,LAE|MAE|SAE,15.685306306670265
8912,183,186,LAE|MAE,31.548009392865836
8913,183,189,LAE|MAE|SAE,20.13009387328954
8914,183,186,LAE|MAE,41.24788092060731
8915,183,186,LAE|MAE,22.238386145991182
8916,184,186,MAE,34.463838680289186
8917,184,189,MAE|SAE,43.2667317295552
8918,184,190,LAE|MAE,39.53397113699161
8919,185,192,LAE|MAE|SAE,27.2794718327502
8920,185,186,MAE|SAE,22.311936619289895
8921,185,186,MAE|SAE,21.29384348596794
8922,185,186,MAE|SAE,21.34223505853552
8923,185,214,LAE|MAE|SAE,42.866623706864274
8924,183,187,LAE,39.00817223503159
8925,183,191,LAE,27.224997173176206
8926,183,191,LAE,17.13072001512612
8927,184,187,LAE|MAE,15.541459080280596
8928,186,190,LAE|MAE|SAE,24.66302052789954
8929,186,187,LAE|MAE,1.1439491022898305
8930,186,196,LAE|MAE|SAE,13.795691764894507
8931,186,187,LAE|MAE,13.877415477204629
8932,186,187,LAE|MAE,23.19953681666325
8933,186,188,LAE|MAE,15.86633775575382
8934,186,215,LAE|MAE|SAE,47.382816869067895
8935,186,187,LAE|MAE,21.198836206725172
8936,186,187,LAE|MAE,15.886748825106135
8937,186,188,LAE|MAE,11.806585777601914
8938,186,187,LAE|MAE,0.917286939213278
8939,186,187,LAE|MAE,53.266440968918005
8940,186,190,LAE|MAE,15.529310907331665
8941,186,187,LAE|MAE,22.053822178647245
8942,186,187,LAE|MAE,11.1765800568811
8943,186,188,LAE|MAE,22.640582572534925
8944,186,187,LAE|MAE,18.54757746366691
8945,186,187,LAE|MAE,1.7865024092755233
8946,186,191,LAE|MAE,22.51178077771182
8947,186,187,LAE|MAE,1.7711936491491382
8948,186,188,LAE|MAE,42.71987041317824
8949,186,187,LAE|MAE,17.603562109356634
8950,186,189,LAE|MAE|SAE,20.132397716833335
8951,186,187,LAE|MAE,23.315777914870864
8952,184,188,MAE,23.623875960535106
8953,185,188,MAE|SAE,21.43963854457122
8954,185,188,MAE|SAE,23.75251974818395
8955,185,188,MAE|SAE,19.063687602960126
8956,185,188,MAE|SAE,25.93783796126279
8957,185,188,MAE|SAE,20.212643017607064
8958,185,192,MAE|SAE,20.946007505606413
8959,186,188,MAE,11.437691083704852
8960,186,188,MAE,12.765950914468313
8961,186,188,MAE,22.236498230568934
8962,186,188,MAE,18.546491974706623
8963,186,195,LAE|MAE|SAE,15.79852387782881
8964,186,188,MAE,38.671619091378076
8965,186,188,MAE,25.061079782160824
8966,186,188,MAE,19.21529991760555
8967,186,188,MAE,17.811791521319993
8968,187,199,LAE|MAE|SAE,14.221368468041707
8969,187,188,LAE|MAE,1.1866122115895188
8970,187,188,LAE|MAE,15.143134062439241
8971,187,188,LAE|MAE,22.95778353111798
8972,187,188,LAE|MAE,26.24575119586152
8973,187,188,LAE|MAE,1.6758977714682517
8974,187,188,LAE|MAE,36.46829730305671
8975,187,188,LAE|MAE,31.883377341247556
8976,187,192,LAE|MAE,21.376538985167937
8977,187,188,LAE|MAE,21.143042464231677
8978,187,191,LAE|MAE,26.152080910129524
8979,187,188,LAE|MAE,27.06632725188098
8980,187,189,LAE|MAE|SAE,13.711179520879885
8981,187,188,LAE|MAE,15.201213423545921
8982,187,188,LAE|MAE,13.732339200086498
8983,187,188,LAE|MAE,48.787561630534505
8984,187,191,LAE|MAE,26.74099620446191
8985,187,188,LAE|MAE,16.065540157515134
8986,187,188,LAE|MAE,11.151998666553245
8987,187,188,LAE|MAE,25.522500661517622
8988,187,188,LAE|MAE,16.46307619051216
8989,187,188,LAE|MAE,26.170799937498096
8990,187,191,LAE|MAE|SAE,22.7334147545615
8991,187,194,LAE|MAE|SAE,45.68482776644782
8992,187,197,LAE|MAE|SAE,34.785269932797156
8993,185,189,SAE,21.484197949867692
8994,185,189,SAE,18.391937319246296
8995,185,195,LAE|MAE|SAE,21.722201754625335
8996,186,189,MAE|SAE,30.25149562154579
8997,186,189,MAE|SAE,59.11544105395697
8998,186,189,MAE|SAE,14.930700986439291
8999,186,189,MAE|SAE,29.297333544951073
9000,188,192,LAE|MAE|SAE,14.467491001387685
9001,188,190,MAE|SAE,15.444545580790837
9002,188,197,LAE|MAE|SAE,35.176907063738966
9003,188,189,MAE|SAE,19.949889424170607
9004,188,198,LAE|MAE|SAE,46.21962896999271
9005,188,189,MAE|SAE,34.393425780397706
9006,188,189,MAE|SAE,25.862870647898838
9007,188,189,MAE|SAE,18.63970670880406
9008,186,190,MAE,37.704398731832185
9009,186,191,LAE|MAE,20.353439285293074
9010,186,190,MAE,19.770833982380896
9011,186,190,MAE,15.147004049544178
9012,186,190,MAE,46.14189320643828
9013,186,190,MAE,38.144799032762215
9014,186,191,LAE|MAE,15.896666561483482
9015,187,191,LAE|MAE,22.13770766657673
9016,187,193,LAE|MAE|SAE,30.48338968938975
9017,187,190,LAE|MAE,32.64342011663468
9018,187,190,LAE|MAE,49.49247313285734
9019,187,192,LAE|MAE,39.812498247731114
9020,187,200,LAE|MAE,14.455368133149145
9021,187,190,LAE|MAE,46.52647620843952
9022,187,191,LAE|MAE,20.267842087392683
9023,187,195,LAE|MAE,31.581844035803446
9024,188,191,LAE|MAE,33.82314362689096
9025,188,194,MAE|SAE,35.24189846200159
9026,188,197,MAE|SAE,20.73498651544397
9027,188,193,MAE|SAE,17.837647612911713
9028,188,190,MAE,21.747876314507064
9029,188,190,MAE,18.303985801629906
9030,188,195,LAE|MAE,14.16727732618838
9031,188,191,LAE|MAE,37.8125862504186
9032,188,190,MAE,4.08771567258483
9033,188,190,MAE,19.369105379499615
9034,188,192,MAE,53.311388201326004
9035,188,199,LAE|MAE|SAE,17.717350847581407
9036,188,191,LAE|MAE,18.915030685899712
9037,188,190,MAE,35.46364636688916
9038,188,192,LAE|MAE,17.02283470805905
9039,188,194,MAE,19.59966449461064
9040,188,190,MAE,32.73789111357469
9041,188,194,MAE,16.928310064676126
9042,188,191,LAE|MAE,13.745075088830118
9043,189,196,LAE|MAE|SAE,14.828851174038228
9044,189,190,MAE|SAE,20.06229670154148
9045,189,190,MAE|SAE,23.533507197360716
9046,189,197,MAE|SAE,16.59823719511384
9047,189,190,MAE|SAE,10.555247776052129
9048,189,190,MAE|SAE,26.54913532379021
9049,189,190,MAE|SAE,14.510984900527196
9050,189,196,LAE|MAE|SAE,16.999930464810426
9051,189,196,LAE|MAE|SAE,20.376566004040097
9052,189,193,MAE|SAE,21.84642647109425
9053,189,197,MAE|SAE,30.827264900456647
9054,189,190,MAE|SAE,20.539366195741103
9055,189,190,MAE|SAE,24.815988429048616
9056,189,191,LAE|MAE|SAE,20.111359739950203
9057,189,190,MAE|SAE,22.36931459451489
9058,189,190,MAE|SAE,31.018003953399248
9059,189,205,LAE|MAE|SAE,56.367417749415544
9060,189,195,LAE|MAE|SAE,16.405883645144293
9061,189,190,MAE|SAE,45.54790842245049
9062,187,191,LAE,32.08915746636518
9063,187,201,LAE|MAE|SAE,17.94672484944179
9064,187,194,LAE|MAE,16.98643782327049
9065,187,195,LAE,24.13206701269122
9066,187,194,LAE|MAE,12.758655147251723
9067,187,198,LAE|MAE|SAE,14.36564674272561
9068,187,191,LAE,28.310268393534084
9069,188,191,LAE|MAE,52.45025296614249
9070,188,191,LAE|MAE,26.085317303978673
9071,188,208,LAE|MAE|SAE,58.552301301596046
9072,188,194,LAE|MAE,54.077342562810855
9073,188,191,LAE|MAE,36.50976467458532
9074,190,194,LAE|MAE|SAE,29.62247719417104
9075,190,192,LAE|MAE,14.568811785248021
9076,190,206,LAE|MAE|SAE,13.671185990069207
9077,190,191,LAE|MAE,24.780019398630987
9078,190,191,LAE|MAE,23.884145987342343
9079,190,191,LAE|MAE,23.108884915689778
9080,190,191,LAE|MAE,23.781210270085513
9081,190,192,LAE|MAE,16.432137590605205
9082,190,191,LAE|MAE,18.651680193010826
9083,190,219,LAE|MAE|SAE,34.293037702659696
9084,190,194,LAE|MAE,18.687185912904802
9085,190,191,LAE|MAE,21.2143012246957
9086,190,196,LAE|MAE|SAE,17.0813342735954
9087,190,191,LAE|MAE,42.09401348395188
9088,190,194,LAE|MAE|SAE,20.935319884306413
9089,190,191,LAE|MAE,24.130107209945027
9090,190,191,LAE|MAE,53.74042650683124
9091,190,192,LAE|MAE,28.285421397589253
9092,190,191,LAE|MAE,1.4257327549562837
9093,190,195,LAE|MAE,15.187598829075526
9094,190,198,LAE|MAE|SAE,24.986611224154608
9095,190,199,LAE|MAE,16.477759421827415
9096,190,191,LAE|MAE,1.153832468899349
9097,190,191,LAE|MAE,20.91501337417239
9098,190,191,LAE|MAE,22.31900403628604
9099,190,192,LAE|MAE,28.704096097270277
9100,190,191,LAE|MAE,39.77165032208105
9101,190,191,LAE|MAE,2.301020843531592
9102,188,192,MAE,20.83180865071849
9103,188,192,MAE,27.50654593604727
9104,188,192,MAE,42.33052200712349
9105,188,192,MAE,25.72065408854949
9106,188,199,LAE|MAE|SAE,17.880646662764015
9107,188,196,LAE|MAE,25.0996528216162
9108,188,211,LAE|MAE|SAE,16.74604028098139
9109,188,192,MAE,27.69534112256242
9110,189,195,LAE|MAE|SAE,19.58756893772182
9111,189,192,MAE|SAE,23.183577203326394
9112,189,194,MAE|SAE,27.53152574846226
9113,189,197,MAE|SAE,16.538816341171053
9114,189,199,LAE|MAE|SAE,29.37933896037735
9115,189,192,MAE|SAE,29.694372461291458
9116,189,192,MAE|SAE,25.527117461797154
9117,189,192,MAE|SAE,24.543753535690076
9118,189,192,MAE|SAE,15.558295050990191
9119,190,194,MAE,35.801418973095636
9120,190,193,MAE|SAE,20.77903315951833
9121,190,194,MAE|SAE,12.746934990704771
9122,190,215,LAE|MAE|SAE,16.35649865966655
9123,190,192,MAE,49.403705579659935
9124,190,192,MAE,13.017232756596531
9125,190,194,MAE,17.86649996233932
9126,190,193,MAE|SAE,21.85969178337188
9127,190,192,MAE,19.10631188441271
9128,190,192,MAE,40.98945331848806
9129,191,192,LAE|MAE,19.507003108356525
9130,191,192,LAE|MAE,38.244880335015054
9131,191,197,LAE|MAE|SAE,20.4222439254478
9132,191,192,LAE|MAE,1.4735535049360724
9133,191,192,LAE|MAE,1.2601493131142707
9134,191,192,LAE|MAE,21.860674952798725
9135,191,192,LAE|MAE,23.67488649379011
9136,191,193,LAE|MAE|SAE,25.032473891891236
9137,191,193,LAE|MAE|SAE,20.85326465482648
9138,191,192,LAE|MAE,38.45614665067957
9139,191,192,LAE|MAE,15.767868619494285
9140,191,192,LAE|MAE,2.073627533619051
9141,191,206,LAE|MAE|SAE,50.742012438689414
9142,191,194,LAE|MAE|SAE,3.0049588094985937
9143,191,194,LAE|MAE|SAE,25.47504502491911
9144,191,194,LAE|MAE|SAE,19.63545977161905
9145,191,192,LAE|MAE,20.31649795305241
9146,191,192,LAE|MAE,1.0526495960263944
9147,191,194,LAE|MAE|SAE,15.812445702387127
9148,189,193,SAE,18.706126153353814
9149,189,208,MAE|SAE,13.005985206655343
9150,189,193,SAE,19.68740277496714
9151,190,193,MAE|SAE,29.98187366106212
9152,190,193,MAE|SAE,17.78437470861299
9153,190,193,MAE|SAE,24.110007312220333
9154,192,195,LAE|MAE|SAE,54.12037217794839
9155,192,193,MAE|SAE,20.782784256524373
9156,192,202,LAE|MAE|SAE,18.027863884214142
9157,192,202,MAE|SAE,31.077479674348726
9158,192,193,MAE|SAE,16.311491365858647
9159,192,194,MAE|SAE,27.969478689489915
9160,192,193,MAE|SAE,21.627670761178493
9161,192,193,MAE|SAE,39.836722301872186
9162,192,193,MAE|SAE,36.085087030572275
9163,192,194,MAE|SAE,29.404714796327873
9164,192,193,MAE|SAE,59.22087186996047
9165,192,193,MAE|SAE,22.298099263535956
9166,192,193,MAE|SAE,44.13750443693317
9167,192,193,MAE|SAE,29.16176462120146
9168,192,200,LAE|MAE|SAE,16.23496252599632
9169,192,194,MAE|SAE,49.22849706965697
9170,192,195,LAE|MAE|SAE,13.892974365605687
9171,192,193,MAE|SAE,25.89291737440721
9172,192,193,MAE|SAE,59.27660524597632
9173,192,193,MAE|SAE,23.62458099649926
9174,190,194,MAE,19.22987104468856
9175,190,194,MAE,18.414656572279945
9176,190,194,MAE,12.122728916637296
9177,191,194,LAE|MAE,14.957564528367383
9178,191,194,LAE|MAE,17.307031648685648
9179,191,199,LAE|MAE,16.491725571614502
9180,191,194,LAE|MAE,17.158111667503764
9181,191,206,LAE|MAE,12.341235196510784
9182,191,194,LAE|MAE,17.74800734602958
9183,191,208,LAE|MAE|SAE,37.55940173701199
9184,191,194,LAE|MAE,21.51122487966896
9185,191,194,LAE|MAE,18.146341828878754
9186,191,204,LAE|MAE|SAE,23.280999230958994
9187,191,194,LAE|MAE,26.89082392534032
9188,192,198,LAE|MAE|SAE,11.796581632061393
9189,192,194,MAE,14.978610991894797
9190,192,194,MAE,39.58608985755135
9191,192,194,MAE,17.842985381254774
9192,192,194,MAE,30.406247555379313
9193,192,197,MAE|SAE,21.80307359878502
9194,192,194,MAE,25.14915005693648
9195,192,194,MAE,4.234725817223565
9196,193,194,MAE|SAE,29.179612513903553
9197,193,194,MAE|SAE,56.535526710439406
9198,193,195,LAE|MAE|SAE,14.054165176041353
9199,193,195,LAE|MAE|SAE,23.999979662715802
9200,193,194,MAE|SAE,55.1872502580814
9201,193,194,MAE|SAE,39.49871196254218
9202,193,196,LAE|MAE|SAE,35.326918112528574
9203,193,200,MAE|SAE,16.653954903689787
9204,193,198,LAE|MAE|SAE,16.73203150544875
9205,193,194,MAE|SAE,23.42639856869858
9206,193,194,MAE|SAE,0.9138343619920625
9207,193,196,MAE|SAE,2.7977092723856662
9208,193,204,LAE|MAE|SAE,17.689810052061443
9209,193,196,MAE|SAE,19.25693450739022
9210,193,195,LAE|MAE|SAE,40.75097521350667
9211,193,194,MAE|SAE,2.78306141511729
9212,193,195,LAE|MAE|SAE,8.12739329270382
9213,191,198,LAE|MAE,19.444719150047188
9214,191,195,LAE,38.16350172417868
9215,192,195,LAE|MAE,28.005351533734835
9216,192,212,LAE|MAE|SAE,31.17904545755397
9217,192,227,LAE|MAE|SAE,51.322335291351415
9218,194,195,LAE|MAE,14.012277038489026
9219,194,195,LAE|MAE,2.5765270691235065
9220,194,195,LAE|MAE,10.746227356193867
9221,194,198,LAE|MAE|SAE,12.910277636350779
9222,194,195,LAE|MAE,20.061508764387636
9223,194,196,LAE|MAE,2.51637577527571
9224,194,195,LAE|MAE,17.69176554536032
9225,194,196,LAE|MAE,17.808392734818256
9226,194,195,LAE|MAE,14.947071723145282
9227,194,199,LAE|MAE,23.95072508184174
9228,194,195,LAE|MAE,13.154931643016406
9229,194,195,LAE|MAE,1.3212626882699374
9230,194,197,LAE|MAE|SAE,13.5782581242901
9231,194,198,LAE|MAE,15.93208200081196
9232,194,195,LAE|MAE,2.477321660839439
9233,194,195,LAE|MAE,25.697980849369923
9234,194,195,LAE|MAE,21.46524064422059
9235,194,195,LAE|MAE,16.675935242604478
9236,194,195,LAE|MAE,2.7360462614702774
9237,194,200,LAE|MAE|SAE,14.14931377327618
9238,194,195,LAE|MAE,13.160259008513727
9239,194,195,LAE|MAE,12.581586520636165
9240,194,196,LAE|MAE,31.784456211417705
9241,192,196,MAE,19.690418851903527
9242,193,196,MAE|SAE,18.562328543051894
9243,193,196,MAE|SAE,17.420237653250656
9244,193,196,MAE|SAE,26.10472474005421
9245,193,200,LAE|MAE|SAE,21.527156358747753
9246,193,196,MAE|SAE,6.322335606590751
9247,193,200,MAE|SAE,15.341808529140076
9248,193,199,LAE|MAE|SAE,19.71962015073922
9249,193,196,MAE|SAE,16.392967421907795
9250,193,196,MAE|SAE,25.334537447614583
9251,193,196,MAE|SAE,20.94672428194067
9252,193,196,MAE|SAE,21.676552392984057
9253,193,200,MAE|SAE,15.265568336758044
9254,193,217,LAE|MAE|SAE,19.068113598527603
9255,193,197,MAE|SAE,28.046333596819856
9256,194,196,MAE,47.393338662881206
9257,194,196,MAE,25.292587338080786
9258,194,197,MAE|SAE,1.8355310171474122
9259,194,196,MAE,28.19001785326994
9260,194,196,MAE,13.6477537189429
9261,194,198,MAE,21.206522802263855
9262,195,198,LAE|MAE,17.73218073771105
9263,195,196,LAE|MAE,15.493353544772978
9264,195,196,LAE|MAE,1.1610963619743742
9265,195,198,LAE|MAE,44.72494601773693
9266,195,196,LAE|MAE,28.969787309083074
9267,195,207,LAE|MAE,32.454825357104724
9268,195,198,LAE|MAE|SAE,22.589263955607805
9269,195,198,LAE|MAE,16.270181733420646
9270,195,196,LAE|MAE,2.3856841999107545
9271,195,223,LAE|MAE|SAE,21.36093867833493
9272,195,200,LAE|MAE,25.41938310881534
9273,195,198,LAE|MAE,20.139636470171165
9274,195,205,LAE|MAE|SAE,15.908877241322058
9275,195,197,LAE|MAE|SAE,39.817391161449
9276,195,203,LAE|MAE|SAE,16.791610424348438
9277,195,196,LAE|MAE,2.608730500694103
9278,195,204,LAE|MAE,22.52286185024093
9279,195,205,LAE|MAE|SAE,17.554193684963312
9280,195,196,LAE|MAE,2.8114376156814416
9281,195,196,LAE|MAE,1.7527449601877132
9282,195,196,LAE|MAE,2.3949580331660583
9283,195,197,LAE|MAE|SAE,20.12751349287449
9284,195,201,LAE|MAE|SAE,15.388947835450839
9285,195,200,LAE|MAE|SAE,21.92485203849714
9286,195,196,LAE|MAE,18.78800099572777
9287,195,201,LAE|MAE|SAE,23.262405995640982
9288,195,203,LAE|MAE,17.809324675287126
9289,195,201,LAE|MAE|SAE,26.03652908229684
9290,195,198,LAE|MAE,2.3761721218959284
9291,195,198,LAE|MAE,12.235766187624847
9292,195,202,LAE|MAE,11.611609105077456
9293,193,209,MAE|SAE,15.704451751581614
9294,193,197,SAE,18.111053553541705
9295,193,197,SAE,19.49465248670317
9296,193,197,SAE,16.96853278118269
9297,193,197,SAE,41.41805059851675
9298,193,197,SAE,33.53614138412196
9299,193,198,MAE|SAE,25.117935061687344
9300,193,197,SAE,18.713432220465368
9301,194,200,MAE|SAE,15.521035799654983
9302,194,197,MAE|SAE,23.531408057967134
9303,194,197,MAE|SAE,18.2073083663809
9304,194,197,MAE|SAE,31.615979175696122
9305,194,197,MAE|SAE,25.1249346636838
9306,194,198,MAE|SAE,17.168217557955217
9307,196,197,MAE|SAE,26.866205563469443
9308,196,197,MAE|SAE,18.426741390466002
9309,196,201,MAE|SAE,27.66597477591701
9310,196,207,LAE|MAE|SAE,24.971281007373847
9311,196,197,MAE|SAE,25.327605631892474
9312,196,197,MAE|SAE,14.607622972305357
9313,196,197,MAE|SAE,35.4718615996991
9314,196,197,MAE|SAE,25.24165233721851
9315,196,198,MAE|SAE,13.82171580487304
9316,196,199,LAE|MAE|SAE,18.651410214269177
9317,196,197,MAE|SAE,45.02168256257085
9318,196,197,MAE|SAE,2.15718961627163
9319,196,197,MAE|SAE,13.714046121612432
9320,196,197,MAE|SAE,39.71690777555636
9321,196,197,MAE|SAE,1.877892627972657
9322,196,197,MAE|SAE,13.718616482475381
9323,196,197,MAE|SAE,21.399577509744027
9324,196,197,MAE|SAE,50.08347264911798
9325,196,204,LAE|MAE|SAE,18.105074506594065
9326,196,197,MAE|SAE,24.98206915923349
9327,196,199,LAE|MAE|SAE,9.636615457473795
9328,194,198,MAE,7.6709309133179024
9329,194,198,MAE,20.196725571252884
9330,194,198,MAE,25.33695886941764
9331,195,215,LAE|MAE,26.01292023271709
9332,195,198,LAE|MAE,38.06090130100476
9333,195,211,LAE|MAE|SAE,17.612568858064797
9334,195,202,LAE|MAE,17.47040340389152
9335,195,198,LAE|MAE,30.945874567180304
9336,195,198,LAE|MAE,15.648714552635207
9337,195,210,LAE|MAE|SAE,16.773114807988478
9338,195,200,LAE|MAE,19.268605219638783
9339,195,208,LAE|MAE|SAE,11.425639694199516
9340,195,198,LAE|MAE,28.206052583623745
9341,195,198,LAE|MAE,9.231311132581805
9342,195,198,LAE|MAE,20.23394807542065
9343,195,201,LAE|MAE|SAE,39.038579189153204
9344,196,198,MAE,11.626377717925813
9345,196,198,MAE,16.278227200054722
9346,196,216,LAE|MAE|SAE,15.406713830030641
9347,196,198,MAE,20.27556549137451
9348,196,198,MAE,12.498809896577269
9349,196,202,MAE,22.534287217103135
9350,196,207,LAE|MAE,54.969496728649005
9351,196,198,MAE,37.22639267638159
9352,196,199,LAE|MAE,22.175205132948662
9353,196,199,LAE|MAE,16.008133977952134
9354,196,202,LAE|MAE|SAE,8.068735230885677
9355,196,198,MAE,7.303690699858043
9356,196,200,MAE,20.250063400255378
9357,197,200,LAE|MAE|SAE,41.564749037320695
9358,197,198,MAE|SAE,16.903946896023577
9359,197,198,MAE|SAE,17.791115041894518
9360,197,198,MAE|SAE,11.462103077254994
9361,197,198,MAE|SAE,23.60436049619736
9362,197,207,LAE|MAE|SAE,16.401679990940952
9363,197,202,MAE|SAE,14.083481956165931
9364,197,202,MAE|SAE,19.596766741951367
9365,197,198,MAE|SAE,16.68423047541231
9366,197,199,LAE|MAE|SAE,31.027297887434212
9367,197,202,MAE|SAE,14.491574202873775
9368,197,198,MAE|SAE,23.43525410199551
9369,197,198,MAE|SAE,10.66638877199275
9370,197,198,MAE|SAE,26.397324234223213
9371,197,198,MAE|SAE,1.5523159103518325
9372,197,210,LAE|MAE|SAE,13.851226888435876
9373,197,199,LAE|MAE|SAE,11.304597380026024
9374,197,200,MAE|SAE,25.337518545127473
9375,197,200,MAE|SAE,18.304573725354718
9376,197,198,MAE|SAE,16.701288549311165
9377,197,198,MAE|SAE,18.438032323756016
9378,197,198,MAE|SAE,17.45058223936581
9379,197,198,MAE|SAE,24.192828518441498
9380,195,203,LAE|MAE,12.160857428802458
9381,195,199,LAE,14.601722699633735
9382,195,200,LAE|MAE,26.05619278587435
9383,195,206,LAE|MAE,15.050142651758023
9384,195,203,LAE,14.255975977609891
9385,195,199,LAE,11.847173819896012
9386,195,199,LAE,17.414927238492524
9387,195,199,LAE,18.103644442120345
9388,196,199,LAE|MAE,11.008108228055503
9389,198,199,LAE|MAE,23.287191035443204
9390,198,199,LAE|MAE,18.694720574866153
9391,198,200,LAE|MAE,16.325020194397627
9392,198,199,LAE|MAE,24.661334659614045
9393,198,199,LAE|MAE,1.5705543355189064
9394,198,206,LAE|MAE,11.371562118705622
9395,198,199,LAE|MAE,16.87252046166609
9396,198,199,LAE|MAE,21.206429412773698
9397,198,204,LAE|MAE|SAE,26.79814285894075
9398,198,207,LAE|MAE|SAE,24.63169648547709
9399,198,199,LAE|MAE,14.776340152946206
9400,198,199,LAE|MAE,16.50516909235423
9401,198,200,LAE|MAE,23.911305815012156
9402,198,199,LAE|MAE,14.728613493613217
9403,198,199,LAE|MAE,2.383841815792684
9404,198,199,LAE|MAE,1.2805638124264522
9405,198,200,LAE|MAE,15.251960395875571
9406,198,199,LAE|MAE,20.508311462511934
9407,198,199,LAE|MAE,10.546283618173975
9408,198,199,LAE|MAE,14.974182288262867
9409,196,200,MAE,18.1286094884086
9410,196,214,LAE|MAE|SAE,24.727036253366144
9411,196,200,MAE,20.92372339315145
9412,196,202,MAE,11.800196114273273
9413,197,213,MAE|SAE,19.038271085803853
9414,197,200,MAE|SAE,12.944981539642184
9415,197,205,MAE|SAE,15.168942286567939
9416,197,200,MAE|SAE,27.44163297308915
9417,197,200,MAE|SAE,16.494151812092753
9418,197,202,MAE|SAE,23.47472717557248
9419,197,207,LAE|MAE|SAE,44.237737543441725
9420,197,200,MAE|SAE,22.469691676179405
9421,197,200,MAE|SAE,24.9706529847859
9422,197,203,LAE|MAE|SAE,11.402266382627957
9423,197,211,LAE|MAE|SAE,16.5113420465109
9424,197,202,MAE|SAE,17.563681135956358
9425,197,200,MAE|SAE,14.152152091573281
9426,198,200,MAE,13.268355850619765
9427,198,211,LAE|MAE,16.04196504229961
9428,198,200,MAE,19.555155251722447
9429,198,204,LAE|MAE,18.80391252294897
9430,198,203,LAE|MAE,21.658414199600323
9431,198,202,MAE,17.271085041609872
9432,198,200,MAE,16.572440660653513
9433,198,200,MAE,11.294951577524014
9434,199,205,LAE|MAE|SAE,16.52339005248339
9435,199,200,LAE|MAE,41.36762057677386
9436,199,207,LAE|MAE,10.106238522053298
9437,199,204,LAE|MAE|SAE,43.80879200823998
9438,199,218,LAE|MAE|SAE,21.551326313153716
9439,199,200,LAE|MAE,46.90885651251926
9440,199,202,LAE|MAE,16.27299364632421
9441,199,202,LAE|MAE|SAE,20.053401308076737
9442,199,200,LAE|MAE,15.038226390959737
9443,199,200,LAE|MAE,25.213022462562556
9444,199,200,LAE|MAE,26.375203280225705
9445,199,200,LAE|MAE,16.438474091890562
9446,199,208,LAE|MAE,17.487292590232908
9447,199,200,LAE|MAE,22.896371832100396
9448,199,202,LAE|MAE,20.94985563284109
9449,199,202,LAE|MAE,17.210843151653748
9450,199,200,LAE|MAE,1.3848246572350384
9451,199,208,LAE|MAE|SAE,29.849095404800455
9452,199,200,LAE|MAE,1.9924771894233186
9453,199,200,LAE|MAE,18.098381440562637
9454,199,200,LAE|MAE,13.510246823994052
9455,199,200,LAE|MAE,15.326686855471802
9456,199,202,LAE|MAE,22.651094017027056
9457,199,200,LAE|MAE,17.28966904153243
9458,199,200,LAE|MAE,14.99282628170613
9459,199,203,LAE|MAE|SAE,17.64676586672942
9460,199,200,LAE|MAE,5.355591533779311
9461,197,201,SAE,19.470071755371
9462,197,201,SAE,11.00816318097759
9463,197,201,SAE,25.980096169614004
9464,197,201,SAE,23.54839004305633
9465,197,201,SAE,17.851273863216036
9466,198,207,LAE|MAE|SAE,34.07609214411238
9467,198,202,MAE|SAE,20.723821647296603
9468,198,208,MAE|SAE,12.951151404776573
9469,198,201,MAE|SAE,17.039283386175615
9470,200,208,MAE|SAE,22.32580823997041
9471,200,202,MAE|SAE,30.86111836305477
9472,200,201,MAE|SAE,25.500173627413382
9473,200,202,MAE|SAE,18.8036731158381
9474,200,201,MAE|SAE,12.612873615413244
9475,200,203,LAE|MAE|SAE,34.03527460327569
9476,200,201,MAE|SAE,47.092747093281005
9477,200,202,MAE|SAE,16.00312255326978
9478,200,201,MAE|SAE,13.20625415583626
9479,200,209,LAE|MAE|SAE,16.02909308125349
9480,200,201,MAE|SAE,11.95527808836063
9481,200,201,MAE|SAE,9.207197015468433
9482,200,201,MAE|SAE,11.64789323903726
9483,200,201,MAE|SAE,21.182606343791914
9484,200,206,LAE|MAE|SAE,27.96277904799272
9485,198,202,MAE,21.885127333253003
9486,198,202,MAE,22.82281819471083
9487,198,202,MAE,13.77834673411526
9488,198,202,MAE,16.342501038712214
9489,198,202,MAE,15.615863921401857
9490,199,202,LAE|MAE,17.33711266107133
9491,199,208,LAE|MAE|SAE,14.790906714602228
9492,199,202,LAE|MAE,15.027205880584916
9493,199,202,LAE|MAE,27.267079850815293
9494,199,202,LAE|MAE,14.029181477901675
9495,199,202,LAE|MAE,14.221319297406371
9496,199,202,LAE|MAE,46.08518464520642
9497,199,202,LAE|MAE,15.466983339656519
9498,200,202,MAE,1.666220878363993
9499,200,202,MAE,13.28958367582179
9500,200,208,MAE|SAE,17.286556586332708
9501,200,202,MAE,31.652442825148963
9502,200,206,MAE,15.29050444272312
9503,200,217,MAE|SAE,54.836545712769635
9504,200,205,MAE|SAE,10.519095408878036
9505,200,202,MAE,15.843113425656316
9506,200,202,MAE,12.89005046300566
9507,200,202,MAE,22.087174870143063
9508,200,204,MAE,9.919295862873375
9509,200,202,MAE,49.936988519333596
9510,200,211,LAE|MAE|SAE,14.564978504534288
9511,200,202,MAE,16.153329669723533
9512,200,202,MAE,13.31566276242348
9513,201,203,LAE|MAE|SAE,8.119127238672924
9514,201,212,LAE|MAE|SAE,8.757469105409886
9515,201,202,MAE|SAE,24.839863171479355
9516,201,202,MAE|SAE,12.015150643176959
9517,201,202,MAE|SAE,14.556630637406506
9518,201,206,LAE|MAE|SAE,10.39638302464776
9519,201,208,LAE|MAE|SAE,17.56175405154379
9520,201,202,MAE|SAE,13.919191557060106
9521,201,206,MAE|SAE,19.567754608669464
9522,201,204,MAE|SAE,16.180621646557697
9523,201,202,MAE|SAE,19.312624694635346
9524,201,207,LAE|MAE|SAE,18.415727695768833
9525,199,203,LAE,41.060879507450686
9526,199,210,LAE|MAE,23.566303630633566
9527,200,203,LAE|MAE,9.640962872080118
9528,200,203,LAE|MAE,20.28587707324335
9529,200,204,LAE|MAE,15.863302518992963
9530,200,203,LAE|MAE,14.857293225287217
9531,200,203,LAE|MAE,18.43553184599258
9532,200,203,LAE|MAE,11.942195040854118
9533,202,203,LAE|MAE,12.546322244506252
9534,202,203,LAE|MAE,17.942876768013544
9535,202,204,LAE|MAE,18.110256022527558
9536,202,203,LAE|MAE,35.247251336821265
9537,202,204,LAE|MAE,7.387342174519008
9538,202,204,LAE|MAE,16.5906156674144
9539,202,203,LAE|MAE,10.16133191850632
9540,202,204,LAE|MAE,7.704258129838937
9541,202,203,LAE|MAE,24.008586362846938
9542,202,203,LAE|MAE,18.981041262105524
9543,202,203,LAE|MAE,17.219438086688612
9544,202,203,LAE|MAE,16.536078499012078
9545,202,204,LAE|MAE,5.984085075461237
9546,202,209,LAE|MAE|SAE,15.599872913628076
9547,202,203,LAE|MAE,16.0763363090644
9548,202,228,LAE|MAE|SAE,24.03147534937563
9549,202,205,LAE|MAE|SAE,18.405652073943585
9550,202,203,LAE|MAE,11.537905443481161
9551,202,203,LAE|MAE,17.325499157687926
9552,202,203,LAE|MAE,19.768487874473998
9553,202,203,LAE|MAE,21.851894984199763
9554,202,203,LAE|MAE,9.753182808075119
9555,202,210,LAE|MAE|SAE,19.80798729167408
9556,202,207,LAE|MAE,14.845356396843524
9557,200,204,MAE,11.92741327616817
9558,200,204,MAE,42.306740825752605
9559,201,204,MAE|SAE,6.88326275161273
9560,201,210,LAE|MAE|SAE,57.821382446217065
9561,201,204,MAE|SAE,26.219794803209595
9562,201,205,MAE|SAE,12.930144006838042
9563,201,204,MAE|SAE,25.70908005374222
9564,201,204,MAE|SAE,20.529563289816256
9565,202,204,MAE,30.502610444383684
9566,202,211,LAE|MAE|SAE,18.76116972327873
9567,202,211,LAE|MAE,26.857434094100007
9568,202,208,MAE,22.962346466947018
9569,202,214,LAE|MAE|SAE,20.69037092393319
9570,202,208,MAE|SAE,8.841549323665255
9571,202,204,MAE,15.172449533152825
9572,202,204,MAE,17.12361741145344
9573,202,211,LAE|MAE|SAE,13.656589971786893
9574,202,204,MAE,28.340165210218423
9575,202,204,MAE,24.540588943540666
9576,202,204,MAE,22.4965071264048
9577,202,204,MAE,8.468529912421275
9578,203,218,LAE|MAE|SAE,44.64024887277623
9579,203,204,LAE|MAE,1.1691371751512234
9580,203,218,LAE|MAE|SAE,19.48688356366217
9581,203,204,LAE|MAE,8.676333164967199
9582,203,204,LAE|MAE,11.798552997437538
9583,203,207,LAE|MAE,11.738549575296265
9584,203,204,LAE|MAE,15.953239519458279
9585,203,205,LAE|MAE|SAE,19.666353288735287
9586,203,204,LAE|MAE,1.2967220923644032
9587,203,204,LAE|MAE,17.366704170583755
9588,203,204,LAE|MAE,4.146765921573409
9589,203,209,LAE|MAE|SAE,16.20266931660825
9590,203,204,LAE|MAE,16.31760876458147
9591,203,204,LAE|MAE,1.5441088341731584
9592,203,204,LAE|MAE,36.79824944401739
9593,203,211,LAE|MAE|SAE,18.982313966824996
9594,203,204,LAE|MAE,13.384169808503229
9595,203,204,LAE|MAE,18.84931783765188
9596,203,204,LAE|MAE,1.27502436443435
9597,203,204,LAE|MAE,2.0015099886414034
9598,201,205,SAE,13.498682806365569
9599,202,205,MAE|SAE,10.342801079260811
9600,202,205,MAE|SAE,24.54003152115918
9601,202,209,LAE|MAE|SAE,14.887549857202501
9602,202,212,MAE|SAE,15.082279462480713
9603,202,205,MAE|SAE,14.29052495033307
9604,204,212,LAE|MAE|SAE,12.496174207568233
9605,204,205,MAE|SAE,0.7907306752933636
9606,204,211,LAE|MAE|SAE,51.830370695469966
9607,204,205,MAE|SAE,17.539461686513235
9608,204,205,MAE|SAE,13.883970937083447
9609,204,205,MAE|SAE,13.084428082575718
9610,204,218,LAE|MAE|SAE,17.933548209495267
9611,204,223,LAE|MAE|SAE,45.127773944906565
9612,204,205,MAE|SAE,18.421872114140875
9613,204,205,MAE|SAE,10.208724802409447
9614,204,205,MAE|SAE,21.921856009546772
9615,204,210,MAE|SAE,16.605859998166952
9616,204,211,LAE|MAE|SAE,13.923750193350582
9617,204,206,MAE|SAE,13.616025970820967
9618,204,205,MAE|SAE,39.182604129052855
9619,204,218,LAE|MAE|SAE,37.629068576166766
9620,204,208,LAE|MAE|SAE,10.587468994145238
9621,204,205,MAE|SAE,16.66917080536388
9622,204,209,MAE|SAE,21.73558869673288
9623,204,205,MAE|SAE,40.75320826035916
9624,204,205,MAE|SAE,45.45230967584863
9625,204,205,MAE|SAE,15.635245501384263
9626,204,212,LAE|MAE|SAE,14.072447246531427
9627,204,205,MAE|SAE,20.653739776804517
9628,202,206,MAE,25.077360886869055
9629,202,212,LAE|MAE,10.115094428884502
9630,202,206,MAE,18.061559973308498
9631,202,206,MAE,47.30436532581001
9632,202,209,MAE|SAE,16.24390172348143
9633,202,210,MAE,19.62821754272632
9634,202,207,LAE|MAE,41.88600908948275
9635,202,206,MAE,47.01750146475068
9636,203,208,LAE|MAE,16.05363993797279
9637,203,207,LAE|MAE,40.4907110621145
9638,203,223,LAE|MAE|SAE,16.586737058527078
9639,203,206,LAE|MAE,13.41817949191943
9640,203,206,LAE|MAE,44.421852833120546
9641,203,206,LAE|MAE,17.4547425169262
9642,203,211,LAE|MAE,11.438374831748876
9643,203,206,LAE|MAE,17.292847714602875
9644,203,214,LAE|MAE,34.655043020185516
9645,203,207,LAE|MAE,18.570751933482022
9646,203,207,LAE|MAE,51.38004474324688
9647,203,221,LAE|MAE|SAE,12.558247111266128
9648,204,206,MAE,15.903276641748826
9649,204,206,MAE,32.94701981379244
9650,204,206,MAE,15.280993649210727
9651,204,210,LAE|MAE,16.17650895315107
9652,204,206,MAE,31.042934528687542
9653,204,210,MAE,16.519364689455294
9654,204,210,LAE|MAE,15.57695378203216
9655,204,206,MAE,20.215043159240867
9656,204,206,MAE,25.535160895043745
9657,205,206,MAE|SAE,42.406256496082435
9658,205,211,LAE|MAE|SAE,16.867514203350105
9659,205,212,LAE|MAE|SAE,13.800843597334
9660,205,212,LAE|MAE|SAE,13.627334004425727
9661,205,219,LAE|MAE|SAE,21.068862083025458
9662,205,209,LAE|MAE|SAE,15.338547121816962
9663,205,208,MAE|SAE,19.86173371008781
9664,205,208,MAE|SAE,16.84728924388125
9665,205,211,LAE|MAE|SAE,13.27098762748312
9666,205,216,LAE|MAE|SAE,13.924661053264769
9667,205,214,MAE|SAE,21.148659550312495
9668,205,207,LAE|MAE|SAE,29.369667601664933
9669,205,209,LAE|MAE|SAE,18.51380224274472
9670,205,206,MAE|SAE,19.72087948123755
9671,205,208,MAE|SAE,15.668021785065713
9672,205,208,MAE|SAE,22.553012582575406
9673,205,212,LAE|MAE|SAE,44.13062183709739
9674,205,210,LAE|MAE|SAE,20.239562519675015
9675,205,206,MAE|SAE,15.72532373447967
9676,205,206,MAE|SAE,14.462394465910362
9677,205,207,LAE|MAE|SAE,18.72079555725869
9678,205,206,MAE|SAE,21.121087441822695
9679,205,208,MAE|SAE,9.985848789202327
9680,205,206,MAE|SAE,9.548128404325512
9681,205,211,LAE|MAE|SAE,4.08347921598906
9682,203,244,LAE|MAE|SAE,50.82688482646071
9683,203,207,LAE,22.00221286954779
9684,203,211,LAE|MAE,24.080736135382708
9685,203,217,LAE|MAE|SAE,16.48994035331027
9686,203,207,LAE,26.875137584369366
9687,204,207,LAE|MAE,27.781757031603615
9688,204,207,LAE|MAE,17.44747384702177
9689,204,207,LAE|MAE,12.067136710950574
9690,204,208,LAE|MAE,43.83835177801498
9691,206,207,LAE|MAE,1.4776601432815626
9692,206,207,LAE|MAE,13.726733725098802
9693,206,207,LAE|MAE,29.14736839949544
9694,206,208,LAE|MAE,8.323230715191007
9695,206,207,LAE|MAE,17.64057278092178
9696,206,207,LAE|MAE,11.87402955372594
9697,206,210,LAE|MAE,49.06494004819899
9698,206,207,LAE|MAE,12.650934259269853
9699,206,207,LAE|MAE,20.03659634372367
9700,206,223,LAE|MAE|SAE,18.10725561187834
9701,206,208,LAE|MAE,11.509101926919802
9702,206,207,LAE|MAE,14.174037674972817
9703,206,208,LAE|MAE,10.987374662193199
9704,206,207,LAE|MAE,19.81233734816977
9705,206,207,LAE|MAE,16.117049593526726
9706,206,207,LAE|MAE,21.1031883977736
9707,206,212,LAE|MAE,4.566209286608429
9708,206,207,LAE|MAE,4.147961293974931
9709,206,207,LAE|MAE,27.889672485954847
9710,206,207,LAE|MAE,35.936025707575595
9711,206,207,LAE|MAE,15.290045149203793
9712,206,207,LAE|MAE,34.24554181698946
9713,204,208,MAE,23.48858502729394
9714,204,208,MAE,27.243927682126365
9715,204,214,MAE|SAE,49.36588624868539
9716,204,208,MAE,18.11862931647014
9717,205,216,MAE|SAE,15.804521431660124
9718,205,208,MAE|SAE,17.26779796660831
9719,205,216,LAE|MAE|SAE,14.060825957872146
9720,205,209,MAE|SAE,9.343451877050306
9721,205,210,MAE|SAE,13.61297094994319
9722,205,208,MAE|SAE,16.667858917225374
9723,205,208,MAE|SAE,14.98018696908192
9724,205,208,MAE|SAE,11.510975779294435
9725,205,211,LAE|MAE|SAE,12.623885792615603
9726,205,208,MAE|SAE,17.901143065194084
9727,206,208,MAE,20.745362141059072
9728,206,208,MAE,14.646458724422393
9729,206,211,LAE|MAE,16.626420744368136
9730,206,208,MAE,20.13248726362984
9731,206,208,MAE,19.45090473776087
9732,206,208,MAE,42.87840564919798
9733,206,210,MAE|SAE,13.344944058193096
9734,207,208,LAE|MAE,9.921368049434092
9735,207,224,LAE|MAE|SAE,37.02790749765589
9736,207,210,LAE|MAE,9.381047497584744
9737,207,208,LAE|MAE,19.1469460113133
9738,207,208,LAE|MAE,17.064840882051406
9739,207,210,LAE|MAE,19.131314039884334
9740,207,208,LAE|MAE,20.144130354606993
9741,207,208,LAE|MAE,15.066599872841351
9742,207,208,LAE|MAE,3.475606925850759
9743,207,208,LAE|MAE,16.306145164831296
9744,207,208,LAE|MAE,4.8488803923408055
9745,207,213,LAE|MAE|SAE,12.968933967516538
9746,207,210,LAE|MAE,16.51390826346566
9747,207,208,LAE|MAE,10.262810874685021
9748,207,208,LAE|MAE,12.42039351080792
9749,207,211,LAE|MAE,20.876822129616162
9750,207,210,LAE|MAE,11.6780708745827
9751,207,212,LAE|MAE,14.098272731149372
9752,207,211,LAE|MAE,38.95789165221476
9753,207,208,LAE|MAE,9.590273422929629
9754,205,209,SAE,12.124819902810748
9755,205,211,LAE|MAE|SAE,10.610428924883195
9756,205,209,SAE,23.760525532831746
9757,205,209,SAE,20.315792283547662
9758,205,212,MAE|SAE,32.944993884238976
9759,205,209,SAE,51.93985527918519
9760,205,209,SAE,13.747025549337444
9761,206,209,MAE|SAE,19.345431911450312
9762,206,210,MAE|SAE,13.697134740620337
9763,206,246,LAE|MAE|SAE,34.25078984475827
9764,206,211,LAE|MAE|SAE,14.701980794432563
9765,208,209,MAE|SAE,13.818955816113265
9766,208,213,MAE|SAE,22.967271946198284
9767,208,213,MAE|SAE,12.654785155600887
9768,208,209,MAE|SAE,16.383248091777947
9769,208,209,MAE|SAE,11.51871713793413
9770,208,209,MAE|SAE,31.511449086795594
9771,208,209,MAE|SAE,36.568457476528145
9772,208,210,MAE|SAE,7.774649728487769
9773,208,210,MAE|SAE,12.52513056577031
9774,208,209,MAE|SAE,58.04758745232014
9775,208,209,MAE|SAE,16.668402998724275
9776,208,209,MAE|SAE,13.747073823189192
9777,208,209,MAE|SAE,21.572392387645102
9778,208,214,MAE|SAE,14.328184856917979
9779,208,209,MAE|SAE,12.706883313291213
9780,206,215,LAE|MAE|SAE,11.977487312188513
9781,206,212,MAE,13.107247704378285
9782,206,212,LAE|MAE,17.11510465452532
9783,206,210,MAE,17.217245467901357
9784,206,210,MAE,13.547773856615747
9785,207,211,LAE|MAE,17.158733336865485
9786,207,225,LAE|MAE|SAE,13.020918096876903
9787,207,211,LAE|MAE,18.552428176952628
9788,207,214,LAE|MAE,9.71402978389974
9789,207,210,LAE|MAE,8.103441504181545
9790,208,210,MAE,17.029458684614816
9791,208,210,MAE,21.02468742426991
9792,208,212,MAE,12.272732849194213
9793,208,210,MAE,12.77378934744542
9794,208,210,MAE,13.469451409977095
9795,208,210,MAE,13.000318482768257
9796,208,216,LAE|MAE,13.490704006801318
9797,208,214,MAE,17.430151913420147
9798,208,211,LAE|MAE,13.600291548644686
9799,208,210,MAE,13.59661967744103
9800,208,210,MAE,21.721086859992578
9801,208,210,MAE,15.49024098714169
9802,208,210,MAE,20.612966037483545
9803,208,211,LAE|MAE,13.59692058450276
9804,209,210,MAE|SAE,25.337317209675934
9805,209,211,LAE|MAE|SAE,16.097170572330832
9806,209,210,MAE|SAE,17.89490307976939
9807,209,213,MAE|SAE,14.964798487967062
9808,209,210,MAE|SAE,13.283381932835658
9809,209,210,MAE|SAE,24.94969085719688
9810,209,211,LAE|MAE|SAE,21.95692241389204
9811,209,211,LAE|MAE|SAE,23.889038948746602
9812,209,210,MAE|SAE,29.874636606550485
9813,209,210,MAE|SAE,12.966099216983656
9814,209,210,MAE|SAE,25.852217332423763
9815,207,211,LAE,4.627969818768009
9816,207,211,LAE,35.086925572002215
9817,207,211,LAE,18.45764441558632
9818,207,211,LAE,11.330550946191686
9819,207,211,LAE,12.191126440146553
9820,207,214,LAE|MAE,19.162004919390693
9821,207,211,LAE,39.542824366285515
9822,208,211,LAE|MAE,17.668119845116063
9823,208,211,LAE|MAE,43.33360954530819
9824,208,213,LAE|MAE|SAE,4.170873596141621
9825,208,211,LAE|MAE,27.335209324887455
9826,210,228,LAE|MAE|SAE,18.112105430294022
9827,210,212,LAE|MAE,12.813044331534904
9828,210,211,LAE|MAE,3.2129436296844123
9829,210,215,LAE|MAE,14.487677147863218
9830,210,211,LAE|MAE,10.401063569152754
9831,210,212,LAE|MAE,18.224837821219214
9832,210,214,LAE|MAE,10.45281444606256
9833,210,211,LAE|MAE,12.400728264606526
9834,210,212,LAE|MAE,8.171172672946172
9835,210,211,LAE|MAE,1.877978153796033
9836,210,214,LAE|MAE|SAE,17.792165284809357
9837,210,211,LAE|MAE,40.084575888724714
9838,210,211,LAE|MAE,3.9177552208357547
9839,210,211,LAE|MAE,14.776254942784346
9840,210,216,LAE|MAE,18.98715754154116
9841,210,211,LAE|MAE,14.299554257094542
9842,210,212,LAE|MAE,17.52883803677009
9843,210,211,LAE|MAE,9.212763548326754
9844,210,215,LAE|MAE,12.153098826703316
9845,210,213,LAE|MAE|SAE,11.506128416013281
9846,210,212,LAE|MAE,14.877645660897974
9847,210,211,LAE|MAE,13.324734505438222
9848,210,212,LAE|MAE,8.246478864482404
9849,210,214,LAE|MAE|SAE,16.639708441941966
9850,208,212,MAE,16.650027861029898
9851,208,212,MAE,54.81881156840797
9852,209,212,MAE|SAE,21.112380922826492
9853,209,212,MAE|SAE,15.029372692348561
9854,209,213,MAE|SAE,10.946712820113863
9855,209,228,LAE|MAE|SAE,18.95124734365996
9856,209,212,MAE|SAE,22.426421132123952
9857,210,212,MAE,11.16531808657115
9858,210,212,MAE,16.683299475685615
9859,210,212,MAE,8.851844366406638
9860,210,212,MAE,9.862958870014214
9861,210,217,LAE|MAE|SAE,26.09661493033035
9862,210,212,MAE,11.925205483511501
9863,211,214,LAE|MAE|SAE,26.38092803180826
9864,211,212,LAE|MAE,7.612423796040577
9865,211,212,LAE|MAE,21.045789919884857
9866,211,212,LAE|MAE,8.881870817115177
9867,211,212,LAE|MAE,14.56095928679493
9868,211,212,LAE|MAE,17.963970315545343
9869,211,213,LAE|MAE|SAE,22.231963295374083
9870,211,219,LAE|MAE,10.012721491809723
9871,211,213,LAE|MAE|SAE,10.299415118922202
9872,211,212,LAE|MAE,57.83991264751902
9873,211,215,LAE|MAE,10.931615858209993
9874,211,212,LAE|MAE,40.32913447887646
9875,211,218,LAE|MAE,22.35448901541785
9876,211,213,LAE|MAE|SAE,2.51213284706855
9877,209,213,SAE,8.180396329935132
9878,209,213,SAE,19.73330126777894
9879,209,213,SAE,14.653353652547397
9880,209,215,LAE|MAE|SAE,15.116376269531866
9881,209,213,SAE,11.185729305926442
9882,209,214,MAE|SAE,32.12583379598748
9883,209,213,SAE,18.312583137987616
9884,209,213,SAE,31.284018735781686
9885,209,216,MAE|SAE,11.659910827806959
9886,210,213,MAE|SAE,14.337148262803417
9887,210,213,MAE|SAE,10.667392382469107
9888,210,219,LAE|MAE|SAE,15.881902937110373
9889,210,213,MAE|SAE,18.574440700694076
9890,210,213,MAE|SAE,28.220455339879674
9891,212,216,MAE|SAE,31.58248361206833
9892,212,213,MAE|SAE,10.786113995925144
9893,212,213,MAE|SAE,1.6019799736657774
9894,212,217,MAE|SAE,22.959162589824725
9895,212,213,MAE|SAE,19.255752887285514
9896,212,229,LAE|MAE|SAE,13.583545244482075
9897,212,216,LAE|MAE|SAE,36.72699400820283
9898,212,213,MAE|SAE,3.2265971887390767
9899,212,217,MAE|SAE,12.123855258522745
9900,212,213,MAE|SAE,13.281304326670268
9901,212,213,MAE|SAE,29.418807984441745
9902,212,214,MAE|SAE,8.257517952394869
9903,212,213,MAE|SAE,25.36674627222644
9904,212,213,MAE|SAE,13.869745640072406
9905,212,218,MAE|SAE,17.330145303575797
9906,210,217,MAE|SAE,7.141008763010389
9907,210,214,MAE,20.804367027353386
9908,210,217,MAE|SAE,12.559258369629088
9909,211,214,LAE|MAE,11.802748656060718
9910,211,216,LAE|MAE,12.541833240366596
9911,211,214,LAE|MAE,25.275654710280833
9912,211,244,LAE|MAE|SAE,11.164596965894725
9913,211,214,LAE|MAE,22.55681336273422
9914,211,224,LAE|MAE,10.318949184473631
9915,212,214,MAE,14.826276686046286
9916,212,214,MAE,15.798381190660077
9917,212,215,LAE|MAE,14.374353796412226
9918,212,214,MAE,24.277735126435914
9919,212,215,LAE|MAE,20.17557021087292
9920,213,214,MAE|SAE,45.23080555040743
9921,213,214,MAE|SAE,16.548758826668557
9922,213,214,MAE|SAE,2.900314168248758
9923,213,221,LAE|MAE|SAE,8.598658106298394
9924,213,214,MAE|SAE,13.31351121528769
9925,213,220,MAE|SAE,7.566526998946508
9926,213,218,LAE|MAE|SAE,29.479350007864795
9927,213,214,MAE|SAE,20.102618865597044
9928,213,214,MAE|SAE,10.608029740629663
9929,213,215,LAE|MAE|SAE,17.343656179905757
9930,213,214,MAE|SAE,17.35610053959821
9931,213,214,MAE|SAE,17.54836828260919
9932,213,216,LAE|MAE|SAE,18.639728100845492
9933,213,219,LAE|MAE|SAE,7.892518103598038
9934,211,215,LAE,7.468948018962291
9935,211,215,LAE,31.185704039441067
9936,211,215,LAE,8.564556455357742
9937,211,215,LAE,18.40857545568023
9938,211,215,LAE,19.411564247273716
9939,211,246,LAE|MAE|SAE,33.45117515215045
9940,212,219,LAE|MAE,7.115990772916747
9941,212,215,LAE|MAE,13.056212890597331
9942,212,215,LAE|MAE,11.588153062165386
9943,212,215,LAE|MAE,31.62700523556544
9944,212,216,LAE|MAE,11.107484456994037
9945,212,215,LAE|MAE,15.001764565571623
9946,214,219,LAE|MAE|SAE,14.040074721061453
9947,214,215,LAE|MAE,23.766631772719784
9948,214,221,LAE|MAE|SAE,18.083360973332695
9949,214,219,LAE|MAE,13.568654209878954
9950,214,221,LAE|MAE|SAE,16.38773324110429
9951,214,215,LAE|MAE,19.193640590796104
9952,214,215,LAE|MAE,13.7435771075191
9953,214,215,LAE|MAE,23.01605562886764
9954,214,215,LAE|MAE,23.593809330910577
9955,214,215,LAE|MAE,12.02576798116645
9956,214,219,LAE|MAE,52.711080423835824
9957,214,217,LAE|MAE|SAE,19.76248611178185
9958,214,216,LAE|MAE,42.90444183146662
9959,214,222,LAE|MAE|SAE,22.156257929757643
9960,214,215,LAE|MAE,2.1141191139794757
9961,214,215,LAE|MAE,26.797149621113622
9962,214,215,LAE|MAE,11.224910640864795
9963,214,219,LAE|MAE|SAE,19.696904012056404
9964,214,220,LAE|MAE|SAE,9.975122353221007
9965,214,215,LAE|MAE,13.919233845099042
9966,214,215,LAE|MAE,14.447241848841914
9967,214,219,LAE|MAE,12.434461042094728
9968,214,219,LAE|MAE,14.25731948445916
9969,214,220,LAE|MAE|SAE,8.501943859234098
9970,214,215,LAE|MAE,17.236845753212734
9971,214,218,LAE|MAE,20.68123628358861
9972,214,218,LAE|MAE,46.19737256821606
9973,212,222,LAE|MAE,16.949760499162764
9974,212,220,LAE|MAE,12.602130091382163
9975,212,216,MAE,23.104447141275234
9976,212,217,MAE|SAE,23.292635550160554
9977,213,216,MAE|SAE,2.9808902073595314
9978,213,216,MAE|SAE,17.60062826120689
9979,213,216,MAE|SAE,16.50464320974951
9980,213,216,MAE|SAE,22.86689525197953
9981,213,216,MAE|SAE,42.2568472385811
9982,213,216,MAE|SAE,20.942005502581125
9983,213,216,MAE|SAE,9.806702468764854
9984,214,220,LAE|MAE,33.607735748723925
9985,214,216,MAE,15.85145340685431
9986,214,217,MAE|SAE,13.346241032863533
9987,214,216,MAE,21.37558181061089
9988,214,216,MAE,13.884481756397687
9989,214,219,LAE|MAE,11.221492248096334
9990,214,216,MAE,17.45623220809728
9991,214,216,MAE,28.012627198041546
9992,214,223,LAE|MAE,5.888079950056868
9993,214,218,MAE,11.994059583794158
9994,214,216,MAE,1.644397950102042
9995,214,223,LAE|MAE|SAE,5.787122300011631
9996,215,216,LAE|MAE,14.625318054660704
9997,215,231,LAE|MAE|SAE,16.501918026030992
9998,215,216,LAE|MAE,14.104409975815324
9999,215,216,LAE|MAE,12.079574032023984
10000,215,216,LAE|MAE,10.30082818300742
10001,215,217,LAE|MAE|SAE,22.35214691144501
10002,215,216,LAE|MAE,12.524894892794515
10003,215,219,LAE|MAE|SAE,11.133895185400876
10004,215,216,LAE|MAE,16.666427704004136
10005,215,216,LAE|MAE,5.850194096895043
10006,215,216,LAE|MAE,36.71910049034301
10007,215,216,LAE|MAE,16.379249471139687
10008,215,224,LAE|MAE|SAE,5.28414193790239
10009,215,216,LAE|MAE,13.805672169558836
10010,215,216,LAE|MAE,6.922981342346242
10011,215,216,LAE|MAE,6.422408091620146
10012,213,220,MAE|SAE,28.609242758578127
10013,213,217,SAE,17.341030422318347
10014,213,217,SAE,20.360090319279806
10015,214,217,MAE|SAE,21.545554525593055
10016,214,217,MAE|SAE,19.189653851713555
10017,214,222,MAE|SAE,19.740072275637992
10018,216,217,MAE|SAE,8.524959255864264
10019,216,220,MAE|SAE,16.547152732028938
10020,216,222,LAE|MAE|SAE,18.654648747340822
10021,216,217,MAE|SAE,10.586112044029045
10022,216,224,LAE|MAE|SAE,37.94169760184971
10023,216,222,MAE|SAE,19.463672634279067
10024,216,223,LAE|MAE|SAE,10.558714263736972
10025,216,218,MAE|SAE,12.178180697882505
10026,216,217,MAE|SAE,18.325128274958708
10027,216,217,MAE|SAE,35.14866002281864
10028,216,217,MAE|SAE,12.035887472530531
10029,216,223,LAE|MAE|SAE,17.641303478863186
10030,214,218,MAE,19.26269522093538
10031,214,218,MAE,28.563783746002933
10032,214,222,MAE,8.381431046281692
10033,214,218,MAE,18.414286661950605
10034,215,218,LAE|MAE,5.4827781367455195
10035,215,219,LAE|MAE,7.66665807306633
10036,215,219,LAE|MAE,7.938710618926073
10037,215,218,LAE|MAE,17.10195696136936
10038,215,221,LAE|MAE|SAE,21.04246905015034
10039,215,220,LAE|MAE,17.343703586572772
10040,215,218,LAE|MAE,5.066547752855195
10041,216,219,LAE|MAE,29.978353917602526
10042,216,221,LAE|MAE|SAE,51.68247291318074
10043,216,218,MAE,10.683169638589769
10044,216,218,MAE,34.205650469873646
10045,216,236,LAE|MAE|SAE,17.7789096380558
10046,216,218,MAE,7.334821531737937
10047,216,218,MAE,10.191552247134746
10048,216,218,MAE,1.209166870109496
10049,216,218,MAE,10.429795249508269
10050,216,218,MAE,18.710138705462164
10051,216,218,MAE,19.071608719327298
10052,216,222,MAE,46.78711783010013
10053,217,218,MAE|SAE,13.636151153885196
10054,217,218,MAE|SAE,22.28896186798916
10055,217,218,MAE|SAE,17.06559724375248
10056,217,220,MAE|SAE,9.142690095044012
10057,217,218,MAE|SAE,10.113449250870676
10058,217,221,MAE|SAE,12.08895548132747
10059,217,218,MAE|SAE,11.084567392092154
10060,217,218,MAE|SAE,6.628333630849932
10061,217,218,MAE|SAE,20.852779776685036
10062,217,218,MAE|SAE,49.896189988241325
10063,217,221,MAE|SAE,48.14918252133107
10064,217,221,LAE|MAE|SAE,23.906453868672838
10065,217,218,MAE|SAE,20.348457159297027
10066,217,218,MAE|SAE,17.55557057422773
10067,217,220,LAE|MAE|SAE,4.43126412790235
10068,215,219,LAE,14.60101022598592
10069,215,219,LAE,16.461368802158937
10070,215,226,LAE|MAE,6.897254343743889
10071,215,219,LAE,14.905559000538883
10072,215,222,LAE|MAE,15.613166351967546
10073,215,219,LAE,18.25069391155785
10074,216,219,LAE|MAE,16.063382288859632
10075,216,219,LAE|MAE,33.40575964687689
10076,216,219,LAE|MAE,10.512490815459637
10077,216,230,LAE|MAE|SAE,12.172547317053313
10078,218,219,LAE|MAE,4.298719843635665
10079,218,219,LAE|MAE,16.88120270371419
10080,218,219,LAE|MAE,21.08791537544287
10081,218,224,LAE|MAE|SAE,21.20936067690078
10082,218,221,LAE|MAE|SAE,1.8064352769948129
10083,218,222,LAE|MAE,11.750763933574452
10084,218,219,LAE|MAE,1.7748650094336378
10085,218,219,LAE|MAE,21.31307352589852
10086,218,219,LAE|MAE,16.83635974824976
10087,218,221,LAE|MAE|SAE,15.255539806255895
10088,218,220,LAE|MAE,2.184028478995484
10089,218,219,LAE|MAE,6.22719598307472
10090,218,219,LAE|MAE,5.821859595792977
10091,218,219,LAE|MAE,9.69777456233118
10092,218,219,LAE|MAE,10.11694850384741
10093,218,219,LAE|MAE,42.04053464963754
10094,218,223,LAE|MAE|SAE,14.641937701249367
10095,217,220,MAE|SAE,20.38779795056415
10096,217,220,MAE|SAE,18.24823332669015
10097,217,223,LAE|MAE|SAE,16.20938804743618
10098,217,222,MAE|SAE,6.729922017740397
10099,217,220,MAE|SAE,6.415616877991413
10100,217,220,MAE|SAE,3.2177229739145754
10101,217,220,MAE|SAE,7.078563647907869
10102,217,220,MAE|SAE,12.080744103884474
10103,217,221,MAE|SAE,21.34146571624518
10104,217,220,MAE|SAE,14.352429138790034
10105,217,221,MAE|SAE,9.295765671958154
10106,218,220,MAE,11.695611137414373
10107,218,224,MAE,16.326734156875148
10108,218,220,MAE,6.815326031865893
10109,218,222,MAE|SAE,8.637932071408526
10110,218,220,MAE,4.415459817467837
10111,218,220,MAE,11.397404623106318
10112,218,220,MAE,28.82917562806742
10113,218,220,MAE,5.1400960479893945
10114,218,220,MAE,13.645723914338292
10115,218,229,MAE|SAE,13.469019019605174
10116,218,220,MAE,1.75408848471951
10117,218,223,LAE|MAE,9.542541653020066
10118,218,226,MAE|SAE,32.519606489837905
10119,218,220,MAE,6.758305233155856
10120,219,229,LAE|MAE|SAE,15.442003743953045
10121,219,220,LAE|MAE,4.176109926463498
10122,219,220,LAE|MAE,1.5445383810575466
10123,219,223,LAE|MAE|SAE,12.544922678471643
10124,219,223,LAE|MAE|SAE,18.404725380088713
10125,219,220,LAE|MAE,1.3640290733065399
10126,219,223,LAE|MAE,18.71296131941757
10127,219,220,LAE|MAE,16.60432690150739
10128,219,225,LAE|MAE|SAE,13.852721906370759
10129,219,220,LAE|MAE,14.976652372453952
10130,219,220,LAE|MAE,15.805705534819248
10131,219,222,LAE|MAE,8.830591170832378
10132,219,225,LAE|MAE|SAE,7.344378889946884
10133,219,221,LAE|MAE|SAE,14.749899329196484
10134,219,223,LAE|MAE|SAE,9.939779186393231
10135,219,220,LAE|MAE,20.254872336749074
10136,219,220,LAE|MAE,48.82402560664529
10137,219,220,LAE|MAE,12.313933010807517
10138,219,222,LAE|MAE,11.728637297306992
10139,219,221,LAE|MAE|SAE,9.50869935036938
10140,219,221,LAE|MAE|SAE,11.542619922329123
10141,217,221,SAE,12.938649896861804
10142,217,221,SAE,18.129597847548727
10143,217,221,SAE,24.820443421931746
10144,217,225,SAE,17.47084506821086
10145,217,221,SAE,7.49209459112223
10146,217,221,SAE,15.00587773260557
10147,217,221,SAE,19.186172953878046
10148,218,221,MAE|SAE,16.701028828420174
10149,218,221,MAE|SAE,6.668467102141162
10150,220,226,MAE|SAE,19.28259649765207
10151,220,222,MAE|SAE,14.546730709777648
10152,220,221,MAE|SAE,15.119484704275802
10153,220,221,MAE|SAE,15.286669146307963
10154,220,225,LAE|MAE|SAE,17.416751437042468
10155,220,224,LAE|MAE|SAE,1.6732403622162382
10156,220,229,LAE|MAE|SAE,15.653817054859358
10157,220,221,MAE|SAE,14.45045597219606
10158,220,221,MAE|SAE,13.637872902939487
10159,220,221,MAE|SAE,16.296693699854252
10160,220,223,LAE|MAE|SAE,15.856873905657658
10161,220,221,MAE|SAE,15.294486164320249
10162,220,221,MAE|SAE,2.426052647339226
10163,220,221,MAE|SAE,9.172397922580304
10164,220,221,MAE|SAE,1.7024085281271097
10165,220,221,MAE|SAE,17.627675114796446
10166,220,238,LAE|MAE|SAE,8.462916902441874
10167,220,225,MAE|SAE,29.844676956933277
10168,220,221,MAE|SAE,14.929641485163296
10169,220,221,MAE|SAE,11.549251608940427
10170,220,221,MAE|SAE,9.477413666735778
10171,220,226,MAE|SAE,16.02283177185298
10172,220,221,MAE|SAE,8.871676305473992
10173,218,223,LAE|MAE,4.9816540917089
10174,218,222,MAE,19.478644064602246
10175,218,223,LAE|MAE,27.375100032227593
10176,218,222,MAE,20.387370013610603
10177,219,222,LAE|MAE,18.059899314475967
10178,219,222,LAE|MAE,14.08315463302652
10179,219,222,LAE|MAE,12.656705161830278
10180,219,222,LAE|MAE,30.285816228630825
10181,219,225,LAE|MAE|SAE,17.012163730262422
10182,219,222,LAE|MAE,25.565607165633416
10183,219,229,LAE|MAE|SAE,10.980297607380415
10184,219,222,LAE|MAE,20.717945153648675
10185,220,226,MAE,37.3519798367759
10186,220,222,MAE,17.7104811902355
10187,220,222,MAE,36.29701571178361
10188,220,222,MAE,19.50289392407007
10189,220,223,LAE|MAE,34.05741866987686
10190,220,222,MAE,45.84902288356903
10191,221,223,LAE|MAE|SAE,26.030035853072565
10192,221,222,MAE|SAE,7.723534964946387
10193,221,222,MAE|SAE,43.913244926656105
10194,221,230,LAE|MAE|SAE,8.340147739835833
10195,221,225,MAE|SAE,13.544713919269347
10196,221,222,MAE|SAE,5.147535901123466
10197,221,222,MAE|SAE,26.095401728094213
10198,221,222,MAE|SAE,2.308237779542337
10199,221,225,MAE|SAE,8.327792037733024
10200,221,222,MAE|SAE,1.0200592645474325
10201,221,223,LAE|MAE|SAE,13.68307948592423
10202,221,222,MAE|SAE,17.86178117525055
10203,221,222,MAE|SAE,2.3356199527088353
10204,221,223,LAE|MAE|SAE,13.82499463035339
10205,221,224,MAE|SAE,20.969777459037932
10206,221,222,MAE|SAE,33.61152972195342
10207,219,223,LAE,17.561966405970153
10208,219,223,LAE,51.647322392609595
10209,219,226,LAE|MAE,14.950433473233378
10210,219,225,LAE|MAE|SAE,16.314198394938185
10211,219,224,LAE|MAE,17.0210406487456
10212,220,226,LAE|MAE,4.18577301675138
10213,220,231,LAE|MAE|SAE,34.071526511979535
10214,222,225,LAE|MAE|SAE,6.336174425283504
10215,222,223,LAE|MAE,17.74042343190398
10216,222,234,LAE|MAE|SAE,6.554877749573454
10217,222,227,LAE|MAE,4.718318819480075
10218,222,223,LAE|MAE,15.374334972457268
10219,222,223,LAE|MAE,20.28710031083558
10220,222,223,LAE|MAE,9.488769652135382
10221,222,225,LAE|MAE|SAE,29.190899171588086
10222,222,223,LAE|MAE,25.073815245217425
10223,222,223,LAE|MAE,16.485873059246593
10224,222,223,LAE|MAE,9.101480288615155
10225,222,223,LAE|MAE,18.966386936343568
10226,222,223,LAE|MAE,16.21311591043182
10227,222,223,LAE|MAE,41.95097275962269
10228,222,224,LAE|MAE,22.18909030638127
10229,222,223,LAE|MAE,17.172092980507582
10230,222,223,LAE|MAE,39.234164486699406
10231,220,224,MAE,15.441215111746281
10232,221,224,MAE|SAE,26.628022737441533
10233,221,226,MAE|SAE,49.84372592776404
10234,221,227,LAE|MAE|SAE,22.93280623877933
10235,221,224,MAE|SAE,37.46889738923526
10236,221,224,MAE|SAE,7.463521723783304
10237,222,225,MAE|SAE,28.533265446982675
10238,222,224,MAE,11.125309184071359
10239,222,230,MAE|SAE,11.693163694117022
10240,223,224,LAE|MAE,13.097567735155511
10241,223,224,LAE|MAE,14.03244522694501
10242,223,224,LAE|MAE,1.0996185232978437
10243,223,224,LAE|MAE,9.62542481764285
10244,223,225,LAE|MAE|SAE,2.5720536601777955
10245,223,227,LAE|MAE|SAE,13.29170817974418
10246,223,226,LAE|MAE,4.222078229477598
10247,223,224,LAE|MAE,20.667221702016704
10248,223,224,LAE|MAE,9.869416678390177
10249,223,224,LAE|MAE,26.31442272473677
10250,223,225,LAE|MAE|SAE,23.967255604775396
10251,223,224,LAE|MAE,9.417768726341636
10252,223,224,LAE|MAE,11.38712803892329
10253,223,224,LAE|MAE,29.602495955758464
10254,223,224,LAE|MAE,27.69775177525363
10255,223,224,LAE|MAE,36.691963276885836
10256,223,224,LAE|MAE,6.588740716255088
10257,221,234,MAE|SAE,15.926424186089594
10258,221,227,LAE|MAE|SAE,7.873626619789943
10259,221,226,MAE|SAE,45.99821434490747
10260,221,225,SAE,4.930689222471664
10261,221,225,SAE,7.383759493632674
10262,221,229,MAE|SAE,26.034412586962695
10263,221,225,SAE,4.857118315138278
10264,221,231,LAE|MAE|SAE,6.794638831394837
10265,222,225,MAE|SAE,12.468073036730143
10266,222,225,MAE|SAE,15.400536380291815
10267,224,227,LAE|MAE|SAE,4.824084937667276
10268,224,225,MAE|SAE,0.9522544875013569
10269,224,225,MAE|SAE,4.453243225090427
10270,224,236,LAE|MAE|SAE,14.778949135599955
10271,224,225,MAE|SAE,2.1946744815513264
10272,224,225,MAE|SAE,22.66884809742203
10273,224,225,MAE|SAE,1.4778973857161175
10274,224,228,MAE|SAE,8.252854228754549
10275,224,239,LAE|MAE|SAE,9.124175723387559
10276,224,225,MAE|SAE,12.530101066233426
10277,224,228,MAE|SAE,22.700268663903906
10278,224,225,MAE|SAE,14.728788076727591
10279,224,225,MAE|SAE,1.5509260941776484
10280,224,225,MAE|SAE,7.03094721363534
10281,224,226,MAE|SAE,7.553306004259621
10282,224,226,MAE|SAE,29.255668321649594
10283,224,227,LAE|MAE|SAE,20.25926869468029
10284,224,225,MAE|SAE,24.89658278711479
10285,224,225,MAE|SAE,14.756306935420348
10286,222,229,MAE|SAE,17.456524926044587
10287,222,229,LAE|MAE|SAE,8.93666433888088
10288,223,230,LAE|MAE|SAE,5.422308763686269
10289,223,227,LAE|MAE,6.256970201411248
10290,223,226,LAE|MAE,20.320480452193678
10291,223,227,LAE|MAE,15.171153817008552
10292,223,226,LAE|MAE,30.393880155611676
10293,223,230,LAE|MAE|SAE,9.294795069143692
10294,223,228,LAE|MAE,13.419979609308328
10295,223,230,LAE|MAE|SAE,29.798816846162673
10296,223,227,LAE|MAE,11.81924311178052
10297,224,226,MAE,10.473585658520213
10298,224,228,LAE|MAE,4.153895797192553
10299,224,226,MAE,1.7282265315758565
10300,224,227,LAE|MAE,5.514788151585315
10301,224,226,MAE,13.35661949712537
10302,224,226,MAE,24.382893599190307
10303,224,226,MAE,15.896881907769348
10304,224,227,LAE|MAE,23.316943047299507
10305,224,232,LAE|MAE|SAE,35.30546564443275
10306,224,229,LAE|MAE|SAE,15.644332616649125
10307,224,227,LAE|MAE,14.322458347447013
10308,224,226,MAE,27.68802537558238
10309,224,226,MAE,16.65208111728979
10310,224,227,LAE|MAE,13.423025974107214
10311,225,230,MAE|SAE,3.214090979287317
10312,225,229,MAE|SAE,5.630412071747767
10313,225,226,MAE|SAE,6.041502158754199
10314,225,232,MAE|SAE,26.14746167314746
10315,225,226,MAE|SAE,1.2199650840449503
10316,225,230,MAE|SAE,2.560115230768347
10317,225,226,MAE|SAE,10.581012307151488
10318,225,229,LAE|MAE|SAE,7.857504120436607
10319,225,226,MAE|SAE,18.369159263721134
10320,225,226,MAE|SAE,16.522652313966073
10321,225,226,MAE|SAE,15.897370184390237
10322,225,228,MAE|SAE,15.849193285252934
10323,225,227,LAE|MAE|SAE,15.154183245303493
10324,225,228,LAE|MAE|SAE,5.2885007553558605
10325,225,230,LAE|MAE|SAE,5.297092764446957
10326,225,226,MAE|SAE,7.824427543743317
10327,225,226,MAE|SAE,17.233988162691602
10328,225,227,LAE|MAE|SAE,12.939123330404671
10329,225,226,MAE|SAE,2.096681864975158
10330,225,226,MAE|SAE,11.60037619063727
10331,225,226,MAE|SAE,15.93982702951662
10332,225,228,LAE|MAE|SAE,5.762638659690521
10333,225,227,LAE|MAE|SAE,10.06865100599087
10334,225,226,MAE|SAE,1.4738731715512416
10335,225,226,MAE|SAE,1.4635627966681466
10336,225,228,MAE|SAE,2.397106266833695
10337,225,226,MAE|SAE,13.347251883510875
10338,225,226,MAE|SAE,1.5710912235550254
10339,225,230,MAE|SAE,19.370732308675862
10340,225,226,MAE|SAE,15.359723907891484
10341,223,227,LAE,11.821623511240949
10342,223,228,LAE|MAE,17.472758655549804
10343,224,227,LAE|MAE,9.985560405989224
10344,224,227,LAE|MAE,29.983091026159816
10345,224,227,LAE|MAE,8.607976497912349
10346,226,229,LAE|MAE|SAE,13.960358601968851
10347,226,227,LAE|MAE,19.338708015917458
10348,226,227,LAE|MAE,8.890776856049127
10349,226,228,LAE|MAE,28.19371544591482
10350,226,227,LAE|MAE,23.155509946652064
10351,226,228,LAE|MAE,1.4391210094438276
10352,226,227,LAE|MAE,23.13287725511731
10353,226,230,LAE|MAE|SAE,21.35265374689479
10354,226,227,LAE|MAE,21.104450271813562
10355,226,229,LAE|MAE|SAE,15.006906229517211
10356,226,227,LAE|MAE,14.93565200179687
10357,226,227,LAE|MAE,6.1995200838171405
10358,226,227,LAE|MAE,9.379716672279699
10359,226,227,LAE|MAE,5.8221417286111965
10360,226,232,LAE|MAE,26.507304918176125
10361,224,228,MAE,21.474797643807126
10362,225,228,MAE|SAE,15.629269432465298
10363,225,228,MAE|SAE,16.22080593229318
10364,225,228,MAE|SAE,6.989996659221886
10365,225,229,MAE|SAE,2.6002311608491886
10366,225,230,MAE|SAE,4.224834713585739
10367,225,228,MAE|SAE,10.874244278809401
10368,225,228,MAE|SAE,9.88777629038504
10369,225,228,MAE|SAE,8.4636164757764
10370,226,228,MAE,15.140818685730261
10371,226,229,MAE|SAE,49.90270181703836
10372,226,228,MAE,10.987920382540192
10373,226,231,LAE|MAE|SAE,3.3834512589030457
10374,226,228,MAE,3.448729998592023
10375,226,228,MAE,1.5117811417207123
10376,226,230,MAE|SAE,12.087596158642832
10377,226,228,MAE,16.85214537695397
10378,226,228,MAE,11.194269210389503
10379,226,228,MAE,14.802042677804359
10380,226,228,MAE,1.7957033542967915
10381,226,238,LAE|MAE,15.5129810966138
10382,226,228,MAE,11.030970340702298
10383,226,228,MAE,14.263460122532324
10384,226,230,MAE|SAE,1.7510497792347095
10385,226,234,MAE|SAE,13.423198191489396
10386,227,228,LAE|MAE,15.60212222684984
10387,227,228,LAE|MAE,6.218635343671051
10388,227,229,LAE|MAE|SAE,13.71264753513138
10389,227,230,LAE|MAE|SAE,56.55345370944565
10390,227,228,LAE|MAE,16.204989968650075
10391,227,228,LAE|MAE,8.896165061122712
10392,227,240,LAE|MAE,6.9875121450101565
10393,227,228,LAE|MAE,11.780147444246463
10394,227,228,LAE|MAE,34.9721883265012
10395,227,228,LAE|MAE,7.591597969352694
10396,227,229,LAE|MAE|SAE,13.258074075125457
10397,227,229,LAE|MAE|SAE,9.028321204412906
10398,227,228,LAE|MAE,12.793204826986411
10399,227,228,LAE|MAE,7.689049030830562
10400,227,230,LAE|MAE|SAE,17.040409352166613
10401,227,228,LAE|MAE,12.019778389057551
10402,225,229,SAE,5.96992116359236
10403,225,229,SAE,2.530737773639931
10404,225,229,SAE,12.574037673153532
10405,225,229,SAE,48.90354933463142
10406,225,232,MAE|SAE,29.095498394469008
10407,225,233,SAE,13.976923391109477
10408,225,234,MAE|SAE,6.383070772127199
10409,226,229,MAE|SAE,8.14870796651561
10410,226,233,MAE|SAE,7.645381607805134
10411,226,230,MAE|SAE,2.191135956998326
10412,226,229,MAE|SAE,13.343162136117275
10413,228,231,LAE|MAE|SAE,9.260386933225055
10414,228,229,MAE|SAE,15.84641704403053
10415,228,229,MAE|SAE,2.4638690913476693
10416,228,232,MAE|SAE,13.761878753146501
10417,228,229,MAE|SAE,6.066575310369566
10418,228,229,MAE|SAE,1.19927056289074
10419,228,229,MAE|SAE,4.8714457466087415
10420,228,230,MAE|SAE,1.2788257361570472
10421,228,229,MAE|SAE,45.43506114803835
10422,226,233,MAE|SAE,7.2616365240032605
10423,226,239,LAE|MAE|SAE,54.06314495850496
10424,228,230,MAE|SAE,11.25638902062614
10425,228,231,LAE|MAE|SAE,23.981702340084816
10426,228,230,MAE|SAE,8.34140072246695
10427,228,230,MAE|SAE,10.18382217248638
10428,228,230,MAE|SAE,26.78028456836818
10429,229,230,SAE,0.7589088516419076
10430,229,230,SAE,19.18562913720849
10431,229,230,SAE,5.335734790659728
10432,229,232,MAE|SAE,17.115442818839956
10433,229,230,SAE,7.3870684911464295
10434,229,230,SAE,1.4474715624306898
10435,229,230,SAE,22.741288541101426
10436,229,230,SAE,7.777465233229374
10437,229,230,SAE,23.854488838634033
10438,229,230,SAE,1.2211066010470586
10439,229,230,SAE,17.112089707273263
10440,229,230,SAE,37.19630673837794
10441,229,233,SAE,36.48117134302209
10442,229,234,MAE|SAE,57.25899697911564
10443,229,230,SAE,7.47092801449401
10444,229,230,SAE,11.071868187103668
10445,227,231,LAE,14.719370835251663
10446,227,231,LAE,9.201803899742563
10447,227,238,LAE|MAE,13.170737008927398
10448,227,234,LAE|MAE,5.7892550120118695
10449,227,234,LAE|MAE,5.899866433450342
10450,227,231,LAE,4.961498388156111
10451,227,231,LAE,5.445864030870175
10452,227,231,LAE,17.275566040166073
10453,228,231,LAE|MAE,48.31981274135633
10454,228,239,LAE|MAE,52.005759906088336
10455,228,234,MAE,13.487316570547145
10456,228,232,MAE,18.712716223007003
10457,229,232,MAE|SAE,9.452653609030117
10458,229,232,MAE|SAE,5.2555594468293805
10459,229,232,MAE|SAE,7.015466514712767
10460,229,232,MAE|SAE,10.11600887977559
10461,230,232,MAE|SAE,8.853975841963956
10462,230,232,MAE|SAE,4.767241738113908
10463,230,232,MAE|SAE,46.14774451848863
10464,230,232,MAE|SAE,15.588895063766135
10465,230,233,MAE|SAE,4.081076811561671
10466,230,232,MAE|SAE,18.503949612421703
10467,230,232,MAE|SAE,20.470725819072733
10468,230,232,MAE|SAE,48.7853243114101
10469,230,232,MAE|SAE,21.902731701068838
10470,231,232,LAE|MAE,12.69196654079505
10471,231,232,LAE|MAE,1.1125593745130142
10472,231,232,LAE|MAE,12.75534002488348
10473,231,232,LAE|MAE,54.635415715232135
10474,231,233,LAE|MAE|SAE,18.89744448734126
10475,231,234,LAE|MAE,11.772705613521133
10476,231,234,LAE|MAE,9.963403056537368
10477,231,233,LAE|MAE|SAE,5.180064369370172
10478,231,232,LAE|MAE,21.70894654088
10479,231,235,LAE|MAE,7.338558921142847
10480,231,232,LAE|MAE,8.757737710247198
10481,231,232,LAE|MAE,15.987977572659503
10482,231,233,LAE|MAE|SAE,8.401515617605233
10483,231,232,LAE|MAE,8.441303309873032
10484,231,234,LAE|MAE,15.088973279694525
10485,231,232,LAE|MAE,6.027746196285355
10486,231,232,LAE|MAE,16.789705879585885
10487,231,232,LAE|MAE,15.229680108293332
10488,231,235,LAE|MAE,8.75982773591281
10489,231,232,LAE|MAE,4.344260235959066
10490,231,232,LAE|MAE,14.572364886166682
10491,231,234,LAE|MAE,11.362533849108111
10492,231,232,LAE|MAE,15.396658657926018
10493,231,232,LAE|MAE,52.05761245821672
10494,231,232,LAE|MAE,14.629705474166661
10495,229,233,SAE,8.982361845428896
10496,229,233,SAE,5.954254681877114
10497,229,235,LAE|MAE|SAE,5.123403280920248
10498,229,233,SAE,7.219006336515642
10499,229,233,SAE,5.425384887405623
10500,230,233,SAE,13.062281776874084
10501,230,233,SAE,34.032369642827504
10502,230,237,MAE|SAE,18.335707563500865
10503,230,233,SAE,13.361305436499686
10504,230,236,MAE|SAE,7.032684327359764
10505,230,233,SAE,13.678952846178696
10506,232,233,MAE|SAE,5.2245776744056585
10507,232,233,MAE|SAE,4.571862018091227
10508,232,236,LAE|MAE|SAE,5.6560170523536835
10509,232,233,MAE|SAE,24.262122937619473
10510,232,233,MAE|SAE,11.269707046534183
10511,230,234,MAE|SAE,16.220423998851572
10512,230,234,MAE|SAE,8.596197158769275
10513,230,234,MAE|SAE,5.022964689736963
10514,230,235,LAE|MAE|SAE,18.249598060500293
10515,231,234,LAE|MAE,5.288747752587549
10516,231,246,LAE|MAE|SAE,6.9305060953254625
10517,231,234,LAE|MAE,10.306773709501883
10518,231,240,LAE|MAE|SAE,16.650711019156294
10519,231,234,LAE|MAE,20.46656666939006
10520,231,236,LAE|MAE,21.937785238652435
10521,231,234,LAE|MAE,12.283045386561875
10522,231,234,LAE|MAE,6.536984808042691
10523,231,239,LAE|MAE|SAE,5.288930017194232
10524,231,234,LAE|MAE,12.909992349934939
10525,231,234,LAE|MAE,8.131728574343636
10526,231,234,LAE|MAE,9.355257400904277
10527,231,234,LAE|MAE,7.828060304290756
10528,231,238,LAE|MAE|SAE,4.919992507488299
10529,231,238,LAE|MAE,7.3025665745852395
10530,231,234,LAE|MAE,12.969015100067965
10531,231,234,LAE|MAE,17.111943072909956
10532,231,234,LAE|MAE,9.631160689729189
10533,232,234,MAE,17.46649127261249
10534,232,234,MAE,4.878422562600614
10535,232,234,MAE,16.830887673907913
10536,232,241,MAE|SAE,28.366610883036973
10537,232,234,MAE,6.501477906123656
10538,233,234,MAE|SAE,13.138815873233067
10539,233,234,MAE|SAE,11.787475484400899
10540,233,234,MAE|SAE,24.440528480479156
10541,233,234,MAE|SAE,33.286690781351524
10542,233,234,MAE|SAE,14.995628077390135
10543,233,237,MAE|SAE,7.126581687416264
10544,233,234,MAE|SAE,12.34895123948901
10545,233,234,MAE|SAE,20.31086897484417
10546,233,234,MAE|SAE,12.616142604496755
10547,233,235,LAE|MAE|SAE,16.37114423075678
10548,233,234,MAE|SAE,5.6143380629384385
10549,233,234,MAE|SAE,4.1895892567537825
10550,233,234,MAE|SAE,20.556600474641662
10551,233,235,LAE|MAE|SAE,4.318176723955214
10552,233,236,LAE|MAE|SAE,9.802138986503367
10553,233,234,MAE|SAE,13.823776203451947
10554,233,234,MAE|SAE,5.73462840387372
10555,233,234,MAE|SAE,9.543017279043513
10556,233,236,LAE|MAE|SAE,23.139352648959647
10557,233,234,MAE|SAE,25.73073878839307
10558,233,234,MAE|SAE,19.375866612177198
10559,233,234,MAE|SAE,14.239028318501793
10560,231,235,LAE,12.441210484707977
10561,231,235,LAE,7.023176223114856
10562,231,235,LAE,6.793927702378375
10563,231,246,LAE|MAE,6.712160233842058
10564,231,235,LAE,16.888658875683287
10565,231,235,LAE,5.961185443214888
10566,231,235,LAE,13.83192249391246
10567,231,235,LAE,22.95167966222056
10568,232,238,LAE|MAE,15.59443042757673
10569,232,235,LAE|MAE,19.60877156969901
10570,232,237,LAE|MAE|SAE,5.302879217022012
10571,232,235,LAE|MAE,37.026726612773274
10572,232,240,LAE|MAE,18.47066837672565
10573,232,243,LAE|MAE,6.5362304754384715
10574,234,235,LAE|MAE,1.5661380936649103
10575,234,237,LAE|MAE|SAE,5.192227274477846
10576,234,235,LAE|MAE,15.236463594416849
10577,234,238,LAE|MAE,4.162848576177393
10578,234,235,LAE|MAE,1.1953540715608963
10579,234,235,LAE|MAE,2.083806846841881
10580,234,235,LAE|MAE,17.8045810623578
10581,234,235,LAE|MAE,20.246588895602542
10582,234,236,LAE|MAE,17.674846310978783
10583,234,235,LAE|MAE,33.47301018311879
10584,234,241,LAE|MAE|SAE,20.981800302189487
10585,234,235,LAE|MAE,14.6783267351201
10586,234,237,LAE|MAE|SAE,18.453988645228016
10587,234,240,LAE|MAE|SAE,18.14539607172128
10588,234,243,LAE|MAE,10.414772359703358
10589,234,235,LAE|MAE,19.185785655615046
10590,234,238,LAE|MAE,14.385625122143473
10591,234,237,LAE|MAE|SAE,5.195673792527262
10592,234,246,LAE|MAE|SAE,6.299159522011197
10593,234,236,LAE|MAE,20.201674832755405
10594,234,235,LAE|MAE,5.587696094532524
10595,234,237,LAE|MAE|SAE,6.67661828225881
10596,234,240,LAE|MAE|SAE,11.263028914731652
10597,234,235,LAE|MAE,1.4822511379523717
10598,234,235,LAE|MAE,7.348207924827104
10599,234,238,LAE|MAE,9.062496557630213
10600,234,235,LAE|MAE,16.59323283545746
10601,234,235,LAE|MAE,34.15678984506578
10602,234,235,LAE|MAE,8.102453548495149
10603,234,235,LAE|MAE,21.363167382543832
10604,234,235,LAE|MAE,1.4846269063658903
10605,232,236,MAE,17.67402696997248
10606,232,236,MAE,13.489064383584989
10607,233,236,MAE|SAE,57.81284348226602
10608,233,236,MAE|SAE,13.244003762783407
10609,233,236,MAE|SAE,4.688729071231676
10610,233,237,MAE|SAE,19.08488411399975
10611,234,236,MAE,10.15100885684782
10612,234,239,LAE|MAE,15.209526990387472
10613,234,236,MAE,21.029849574690083
10614,234,236,MAE,12.045237050705936
10615,234,236,MAE,1.841136017510129
10616,234,239,LAE|MAE,10.178241919527288
10617,234,237,MAE|SAE,4.284318566430691
10618,235,246,LAE|MAE|SAE,6.083028988890496
10619,235,239,LAE|MAE|SAE,1.7372259166752877
10620,235,237,LAE|MAE|SAE,18.982292043732386
10621,235,236,LAE|MAE,12.80957890344433
10622,235,236,LAE|MAE,12.563230172123589
10623,235,236,LAE|MAE,30.243569971855113
10624,235,236,LAE|MAE,10.30942430643053
10625,235,237,LAE|MAE|SAE,1.581235792598526
10626,235,236,LAE|MAE,35.093606426726666
10627,235,238,LAE|MAE,20.338479242975556
10628,235,238,LAE|MAE,22.449826106991807
10629,235,239,LAE|MAE,6.983003140084329
10630,235,236,LAE|MAE,15.053406030217491
10631,235,245,LAE|MAE|SAE,55.91738431296869
10632,235,236,LAE|MAE,10.99496680412465
10633,235,240,LAE|MAE,11.33956142639277
10634,235,238,LAE|MAE|SAE,2.1309417517438036
10635,235,236,LAE|MAE,22.192662949687016
10636,235,237,LAE|MAE|SAE,10.501864995553486
10637,235,236,LAE|MAE,14.8911492536194
10638,235,238,LAE|MAE|SAE,2.4957665068491863
10639,235,236,LAE|MAE,6.051330750929297
10640,235,236,LAE|MAE,10.176044554610115
10641,235,242,LAE|MAE|SAE,8.21091782990743
10642,235,244,LAE|MAE|SAE,4.925581301542089
10643,235,241,LAE|MAE|SAE,4.609446536778253
10644,235,236,LAE|MAE,4.346250059884505
10645,235,236,LAE|MAE,4.61241154573436
10646,235,236,LAE|MAE,1.410415144614005
10647,233,245,SAE,6.496325341612787
10648,233,239,LAE|MAE|SAE,6.972401402382876
10649,233,241,SAE,5.6397767992556185
10650,234,238,MAE|SAE,24.911110888332058
10651,234,237,MAE|SAE,6.674099229163178
10652,234,246,MAE|SAE,7.571599802841712
10653,234,243,LAE|MAE|SAE,3.989316018327624
10654,234,237,MAE|SAE,11.377700311700986
10655,234,238,MAE|SAE,1.8039188410198117
10656,234,237,MAE|SAE,20.22420975243869
10657,236,238,MAE|SAE,16.31450101791931
10658,236,240,MAE|SAE,2.6368905023369673
10659,236,237,MAE|SAE,8.64239940007893
10660,236,237,MAE|SAE,17.70595559904273
10661,236,238,MAE|SAE,1.9991469363041765
10662,236,246,MAE|SAE,5.834081215138872
10663,236,237,MAE|SAE,2.2724914932801683
10664,236,237,MAE|SAE,8.169915454147125
10665,236,237,MAE|SAE,13.050095608072477
10666,236,237,MAE|SAE,13.98700962230419
10667,236,237,MAE|SAE,13.213833652177613
10668,236,237,MAE|SAE,14.954405262166842
10669,236,237,MAE|SAE,4.266452443882089
10670,236,237,MAE|SAE,9.209052500431294
10671,236,240,MAE|SAE,9.79277565360374
10672,236,237,MAE|SAE,17.51953430320497
10673,236,239,LAE|MAE|SAE,12.608087924275615
10674,236,237,MAE|SAE,17.446533129871717
10675,236,237,MAE|SAE,2.407401061828693
10676,236,237,MAE|SAE,8.221819947890031
10677,236,242,MAE|SAE,12.075469197191804
10678,236,237,MAE|SAE,14.128478849400075
10679,236,237,MAE|SAE,16.04028005343328
10680,236,237,MAE|SAE,18.07626898118685
10681,236,237,MAE|SAE,12.34415680941795
10682,236,238,MAE|SAE,22.859370395082145
10683,234,240,MAE,10.941012893823503
10684,234,238,MAE,47.64826862482851
10685,234,239,LAE|MAE,10.798863465265882
10686,234,243,LAE|MAE,17.767384849177105
10687,235,238,LAE|MAE,12.216834890318488
10688,235,238,LAE|MAE,11.140392976086416
10689,235,238,LAE|MAE,5.003356844680005
10690,235,240,LAE|MAE,4.04748743064872
10691,235,238,LAE|MAE,3.9832029195558203
10692,235,240,LAE|MAE,33.50937379504496
10693,235,243,LAE|MAE,4.844937605029538
10694,235,238,LAE|MAE,10.527458907615177
10695,235,238,LAE|MAE,17.715834540346115
10696,235,246,LAE|MAE,6.004160785786518
10697,236,239,LAE|MAE,22.17500661251236
10698,236,246,LAE|MAE|SAE,5.8905493903658686
10699,236,244,LAE|MAE,24.388593730482704
10700,236,238,MAE,47.241005438358904
10701,236,244,LAE|MAE|SAE,17.160974705588096
10702,236,244,LAE|MAE,40.258406318579105
10703,236,238,MAE,34.30420367174818
10704,236,241,MAE|SAE,11.04661132973064
10705,236,238,MAE,51.602894750255956
10706,236,241,LAE|MAE|SAE,19.666584591740218
10707,236,238,MAE,1.6484412298222482
10708,236,238,MAE,9.00992903842746
10709,236,239,LAE|MAE,9.799596977218542
10710,237,238,MAE|SAE,13.173260831567662
10711,237,240,MAE|SAE,31.85649276667573
10712,237,244,LAE|MAE|SAE,5.6007070330243955
10713,237,238,MAE|SAE,24.1443620220271
10714,237,238,MAE|SAE,11.42991195715559
10715,237,238,MAE|SAE,2.8919300769395
10716,237,238,MAE|SAE,1.4117042111654523
10717,237,238,MAE|SAE,2.418765233850248
10718,237,238,MAE|SAE,5.920570981241846
10719,237,238,MAE|SAE,39.522653653932295
10720,237,238,MAE|SAE,22.278589626263205
10721,237,241,MAE|SAE,15.055959774000993
10722,237,238,MAE|SAE,1.0366548514521337
10723,237,243,LAE|MAE|SAE,18.2865987886207
10724,237,242,MAE|SAE,8.24678710607998
10725,237,238,MAE|SAE,8.48335788146346
10726,237,240,LAE|MAE|SAE,43.60898597722876
10727,237,245,LAE|MAE|SAE,38.38463394845952
10728,237,238,MAE|SAE,45.896981381397744
10729,237,238,MAE|SAE,16.262408488070367
10730,237,238,MAE|SAE,10.72371818104201
10731,237,238,MAE|SAE,1.0659041630906738
10732,237,239,LAE|MAE|SAE,16.028839904580217
10733,237,238,MAE|SAE,10.820045127470598
10734,237,238,MAE|SAE,7.581729505179369
10735,237,244,LAE|MAE|SAE,17.169147941175762
10736,237,238,MAE|SAE,1.1421267930183436
10737,237,244,LAE|MAE|SAE,11.25353426833283
10738,235,239,LAE,4.914750320666778
10739,235,239,LAE,14.140151416087361
10740,235,243,LAE,17.198786673026458
10741,235,239,LAE,15.33973234251299
10742,235,240,LAE|MAE,16.414814953058507
10743,236,239,LAE|MAE,21.997650574060906
10744,236,239,LAE|MAE,3.8336214344343493
10745,236,239,LAE|MAE,40.27574458876017
10746,236,239,LAE|MAE,16.72533579970682
10747,238,239,LAE|MAE,13.789284609290274
10748,238,239,LAE|MAE,8.182154479329325
10749,238,240,LAE|MAE,10.43187900305432
10750,238,241,LAE|MAE|SAE,14.864535592951267
10751,238,239,LAE|MAE,24.189411409056014
10752,238,239,LAE|MAE,11.994415471815248
10753,238,239,LAE|MAE,1.928700482830047
10754,238,239,LAE|MAE,1.1452958059675538
10755,238,240,LAE|MAE,31.53075586748251
10756,238,243,LAE|MAE|SAE,22.105436514657477
10757,238,239,LAE|MAE,15.873727966681011
10758,238,239,LAE|MAE,16.255285469397055
10759,238,239,LAE|MAE,8.09387805767476
10760,238,239,LAE|MAE,13.479093682340464
10761,238,239,LAE|MAE,1.5637913039937499
10762,238,239,LAE|MAE,3.599437003965773
10763,238,239,LAE|MAE,20.19506468749296
10764,238,245,LAE|MAE|SAE,18.90207139004386
10765,238,239,LAE|MAE,11.075969834228914
10766,238,239,LAE|MAE,11.229741058986441
10767,238,239,LAE|MAE,22.403798743091038
10768,238,239,LAE|MAE,1.4570122773921101
10769,238,239,LAE|MAE,2.3737213003316944
10770,238,242,LAE|MAE,11.093470022836621
10771,236,240,MAE,16.328465516784167
10772,236,240,MAE,28.771451929876815
10773,236,243,LAE|MAE,44.445992477747694
10774,236,242,MAE|SAE,11.200774352189276
10775,236,241,MAE|SAE,37.31909186627163
10776,237,242,MAE|SAE,4.788045684001226
10777,237,245,MAE|SAE,16.214217067785352
10778,237,241,MAE|SAE,6.60946512724142
10779,237,240,MAE|SAE,11.336528990713795
10780,237,244,MAE|SAE,9.54997546361183
10781,237,240,MAE|SAE,3.977904399474068
10782,237,241,MAE|SAE,28.263652345588177
10783,238,240,MAE,25.16743915189003
10784,238,240,MAE,1.6359602468835894
10785,238,244,MAE,56.19864775156822
10786,238,244,LAE|MAE|SAE,14.021128577644609
10787,238,240,MAE,1.5834111274690335
10788,238,240,MAE,56.33392626547607
10789,238,240,MAE,3.622065241702874
10790,239,240,LAE|MAE,22.355635671918368
10791,239,240,LAE|MAE,0.8674682954035616
10792,239,240,LAE|MAE,16.000313708704887
10793,239,241,LAE|MAE|SAE,11.705276619165351
10794,239,241,LAE|MAE|SAE,8.304240162016182
10795,239,246,LAE|MAE,35.10330863015065
10796,239,240,LAE|MAE,15.805383735802899
10797,239,243,LAE|MAE,9.847934496637913
10798,239,240,LAE|MAE,15.742379196631965
10799,239,240,LAE|MAE,23.679920226537075
10800,239,240,LAE|MAE,13.51345888434763
10801,237,245,SAE,5.482589536120481
10802,237,241,SAE,17.42733716473879
10803,237,245,MAE|SAE,5.71481249845379
10804,237,241,SAE,11.456447342322301
10805,237,241,SAE,11.003329655118476
10806,237,246,MAE|SAE,6.530685964257107
10807,237,241,SAE,17.64003100149293
10808,237,241,SAE,15.62168005960692
10809,237,245,MAE|SAE,6.911017112325624
10810,237,241,SAE,7.095618135811421
10811,238,243,LAE|MAE|SAE,4.103818122869223
10812,238,243,LAE|MAE|SAE,11.097855842840447
10813,238,243,LAE|MAE|SAE,16.936310279288914
10814,238,241,MAE|SAE,3.891242086320097
10815,240,244,MAE|SAE,11.141210299093089
10816,240,241,MAE|SAE,16.18118092167482
10817,240,244,MAE|SAE,19.369448863337308
10818,240,241,MAE|SAE,14.226147349020291
10819,240,241,MAE|SAE,3.6203233999067104
10820,240,241,MAE|SAE,28.788649051417828
10821,240,243,LAE|MAE|SAE,24.568284001746207
10822,240,245,MAE|SAE,8.305365998347895
10823,240,241,MAE|SAE,12.72258143399462
10824,240,241,MAE|SAE,11.214735063634697
10825,240,241,MAE|SAE,20.201263567909646
10826,240,241,MAE|SAE,27.975990480596515
10827,240,241,MAE|SAE,20.51562341570029
10828,240,241,MAE|SAE,6.403843546379743
10829,240,244,LAE|MAE|SAE,5.0845410818123415
10830,240,246,MAE|SAE,16.154643499558542
10831,240,242,MAE|SAE,3.6881546077163754
10832,240,241,MAE|SAE,55.95408788237175
10833,240,241,MAE|SAE,20.522721250865025
10834,240,241,MAE|SAE,11.327184733920975
10835,240,241,MAE|SAE,15.729103176052005
10836,238,246,LAE|MAE,15.380521480693897
10837,238,242,MAE,7.46347560425898
10838,238,245,LAE|MAE|SAE,16.87535539718847
10839,239,243,LAE|MAE,9.535902390132867
10840,239,242,LAE|MAE,15.96217658580217
10841,239,242,LAE|MAE,41.15634235458625
10842,239,246,LAE|MAE,17.944266158250272
10843,239,242,LAE|MAE,13.41374413592007
10844,240,242,MAE,16.709512432875687
10845,240,246,MAE|SAE,16.070088341395067
10846,240,242,MAE,2.05474029195823
10847,240,242,MAE,9.018734336251452
10848,241,246,MAE|SAE,10.67060658789979
10849,241,245,LAE|MAE|SAE,3.237728802778508
10850,241,242,MAE|SAE,18.20351155771591
10851,241,242,MAE|SAE,9.413523359958008
10852,241,242,MAE|SAE,16.574207736062313
10853,241,242,MAE|SAE,16.11738443145693
10854,241,244,LAE|MAE|SAE,3.636118483999376
10855,241,242,MAE|SAE,9.878202920986777
10856,239,243,LAE,14.04836473231146
10857,239,243,LAE,4.100548595120765
10858,239,243,LAE,4.131157999551311
10859,239,243,LAE,14.417932041557215
10860,239,246,LAE|MAE,11.684438949759755
10861,239,243,LAE,18.349521631703567
10862,240,244,LAE|MAE,5.066712888234194
10863,240,244,LAE|MAE,17.58833072360015
10864,242,243,LAE|MAE,2.8298474236545768
10865,242,243,LAE|MAE,11.31496303942865
10866,242,243,LAE|MAE,1.3114471368513638
10867,242,243,LAE|MAE,10.144176701824888
10868,242,243,LAE|MAE,1.7296987171954452
10869,242,245,LAE|MAE|SAE,3.1083935120251978
10870,242,244,LAE|MAE,3.6186597495117603
10871,242,243,LAE|MAE,12.004313068142412
10872,242,243,LAE|MAE,3.2282360247879387
10873,242,243,LAE|MAE,1.2750672428892944
10874,242,243,LAE|MAE,6.19602437992014
10875,242,243,LAE|MAE,1.0615564268593722
10876,242,243,LAE|MAE,21.709549608218012
10877,242,243,LAE|MAE,12.472353309259137
10878,242,243,LAE|MAE,7.372320016727356
10879,242,245,LAE|MAE|SAE,17.46766301769755
10880,242,245,LAE|MAE|SAE,2.8401267890820554
10881,242,243,LAE|MAE,0.9867791110758116
10882,242,243,LAE|MAE,1.0728672012632683
10883,242,243,LAE|MAE,8.992453197340778
10884,240,244,MAE,22.470821013058472
10885,240,244,MAE,15.404479219184616
10886,240,244,MAE,6.5357964012214484
10887,240,244,MAE,20.913449368167576
10888,241,245,MAE|SAE,11.840895103481884
10889,241,246,MAE|SAE,10.319023371543135
10890,241,246,MAE|SAE,10.824774024126057
10891,241,245,MAE|SAE,18.900514425574876
10892,241,244,MAE|SAE,10.594852291214261
10893,241,244,MAE|SAE,3.545503208979509
10894,242,245,MAE|SAE,4.725731373541323
10895,242,244,MAE,11.602219684850102
10896,242,246,MAE,20.0084927903693
10897,242,244,MAE,1.6812167418941661
10898,242,244,MAE,3.7015611021235366
10899,242,245,MAE|SAE,40.09661841908446
10900,242,244,MAE,11.113565568937057
10901,242,246,MAE,59.20590803720391
10902,242,244,MAE,1.7030867674531327
10903,243,244,LAE|MAE,3.527144125696049
10904,243,244,LAE|MAE,1.1840714235359662
10905,243,244,LAE|MAE,5.590326800815758
10906,243,245,LAE|MAE|SAE,9.767921658471966
10907,243,244,LAE|MAE,14.668801704833884
10908,243,244,LAE|MAE,3.651914307638329
10909,243,244,LAE|MAE,3.3667552378195134
10910,243,244,LAE|MAE,6.724343782318194
10911,243,244,LAE|MAE,45.32552337494578
10912,243,246,LAE|MAE|SAE,13.482354629820282
10913,243,244,LAE|MAE,0.9001932576826744
10914,243,246,LAE|MAE|SAE,6.8934806904027965
10915,243,244,LAE|MAE,44.343177137141915
10916,243,244,LAE|MAE,14.009980755953965
10917,243,246,LAE|MAE|SAE,4.470709006803998
10918,243,244,LAE|MAE,12.590357691217015
10919,243,244,LAE|MAE,4.4615906938445615
10920,243,244,LAE|MAE,35.34999409158858
10921,243,246,LAE|MAE|SAE,33.023981083500026
10922,243,244,LAE|MAE,17.498311850933245
10923,243,245,LAE|MAE|SAE,4.535704479963269
10924,243,244,LAE|MAE,14.004677947524462
10925,243,244,LAE|MAE,16.218191633797034
10926,241,246,MAE|SAE,21.627440073184186
10927,241,245,SAE,17.262547185188048
10928,244,245,MAE|SAE,15.825726267690786
10929,244,245,MAE|SAE,12.927912205595995
10930,244,246,MAE|SAE,3.4461716214509064
10931,244,246,MAE|SAE,16.417025111222635
10932,244,245,MAE|SAE,7.227793531617626
10933,244,245,MAE|SAE,14.005086659461078
10934,244,245,MAE|SAE,9.039639570854751
10935,244,245,MAE|SAE,15.587175307796661
10936,244,245,MAE|SAE,16.631255091208217
10937,244,245,MAE|SAE,1.327501382288835
10938,244,246,MAE|SAE,9.094274417739568
10939,244,245,MAE|SAE,13.155712499424396
10940,244,246,MAE|SAE,2.5942794747235163
10941,244,245,MAE|SAE,10.792342896824012
10942,244,245,MAE|SAE,1.5430399931466416
10943,244,246,MAE|SAE,1.618645315190088
10944,244,245,MAE|SAE,4.2187351554103545
10945,244,246,MAE|SAE,4.501451840143614
10946,244,245,MAE|SAE,1.2955313166871583
10947,244,245,MAE|SAE,14.016653579932042
10948,244,246,MAE|SAE,3.686859976380518
10949,242,246,MAE,4.359663621895936
10950,242,246,MAE,8.765202840001715
10951,242,246,MAE,15.620705328667928
10952,242,246,MAE,18.711234244798973
10953,243,246,LAE|MAE,9.104038544016998
10954,243,246,LAE|MAE,11.84009860206008
10955,243,246,LAE|MAE,39.2760427593712
10956,243,246,LAE|MAE,6.348529170992051
10957,243,246,LAE|MAE,3.3526294101464895
10958,243,246,LAE|MAE,12.95659913400389
10959,243,246,LAE|MAE,10.650637469885531
10960,243,246,LAE|MAE,14.562209584626794
10961,244,246,MAE,8.789245743329644
10962,244,246,MAE,17.936935435684905
10963,244,246,MAE,14.274683915875283
10964,244,246,MAE,1.6369036875392975
10965,244,246,MAE,7.71411524679898
10966,244,246,MAE,2.596904642302668
10967,244,246,MAE,2.543914936814525
10968,244,246,MAE,2.610336129332183
10969,244,246,MAE,2.7000621335188426
10970,245,246,MAE|SAE,4.261028291287117
10971,245,246,MAE|SAE,14.155515583652077
10972,245,246,MAE|SAE,1.1795591209192953
10973,245,246,MAE|SAE,7.149304551402676
10974,245,246,MAE|SAE,10.231454942232887
10975,245,246,MAE|SAE,1.7696401106499353
10976,245,246,MAE|SAE,8.938273128123702
10977,245,246,MAE|SAE,6.835971011452518
10978,245,246,MAE|SAE,27.2593919449553
10979,245,246,MAE|SAE,16.12058601966068
10980,245,246,MAE|SAE,4.1654274082019915
10981,245,246,MAE|SAE,2.7220159438348785
10982,245,246,MAE|SAE,15.042952995604141
10983,245,246,MAE|SAE,4.086954286065364
10984,245,246,MAE|SAE,26.500717580243254
10985,245,246,MAE|SAE,18.807020159094517
10986,245,246,MAE|SAE,7.925003418173765
10987,245,246,MAE|SAE,15.23350211462876
10988,245,246,MAE|SAE,4.30607611330143
10989,245,246,MAE|SAE,5.575786205605506
