landmark_id,first_frame_idx,last_frame_idx,slots_seen,creation_depth_m
0,0,5,LAE,4.995864353146092
1,0,2,LAE,3.8741744938652887
2,0,8,LAE,4.441090972892923
3,0,11,LAE,6.784682906309972
4,0,5,LAE,5.020850416311269
5,0,1,LAE,0.8370221659853176
6,0,6,LAE,4.086634946656377
7,0,1,LAE,4.181653968314066
8,0,1,LAE,4.763951397890501
9,0,6,LAE,8.840801984099379
10,0,3,LAE,1.0313403997971144
11,0,2,LAE,4.204675698420519
12,0,4,LAE,4.033690713305319
13,0,1,LAE,7.223836174644347
14,0,10,LAE,6.28981625645503
15,0,7,LAE,4.391077565377118
16,0,6,LAE,4.173539202908622
17,0,2,LAE,0.9914029710857367
18,0,5,LAE,3.9448723596606414
19,0,1,LAE,1.0804525792526607
20,0,1,LAE,12.528803098141719
21,0,4,LAE,4.117376059418122
22,0,3,LAE,4.87801122380966
23,0,6,LAE,13.232881033502792
24,0,2,LAE,4.530695687920497
25,0,4,LAE,3.573162592683268
26,0,1,LAE,0.7109074821909934
27,0,2,LAE,10.105073849591623
28,0,2,LAE,4.7867589054865824
29,0,7,LAE,4.478882985294321
30,0,1,LAE,1.232429845293
31,0,3,LAE,4.63377061553973
32,0,2,LAE,3.928972705193519
33,0,7,LAE,4.060269536723631
34,0,2,LAE,3.512047258646234
35,0,2,LAE,4.143707163949423
36,0,6,LAE,4.719201589601964
37,0,8,LAE,3.9811062466386042
38,0,11,LAE,4.351029646869382
39,0,4,LAE,4.610717013402627
40,0,1,LAE,5.81942408160588
41,0,1,LAE,4.589213656686424
42,0,4,LAE,3.504590243576725
43,0,7,LAE,5.051447786799071
44,0,3,LAE,9.137144087209718
45,0,10,LAE,6.953331623498667
46,0,3,LAE,1.6881471054499002
47,0,1,LAE,0.6538290510421777
48,0,1,LAE,6.786656226866882
49,0,6,LAE,4.909914875342919
50,0,1,LAE,0.7316118506027295
51,0,7,LAE,7.177690083662875
52,0,1,LAE,5.073200673314188
53,0,1,LAE,1.7198425495467824
54,0,9,LAE,6.1489339590237275
55,0,1,LAE,1.1488943369214555
56,0,11,LAE,6.2698509861910106
57,0,2,LAE,14.976805100128296
58,0,1,LAE,1.218498893165818
59,0,2,LAE,5.189022163902492
60,0,4,LAE,8.66448610462705
61,0,1,LAE,6.966642500941934
62,0,3,LAE,6.569663457644392
63,0,4,LAE,3.6039437599407522
64,0,7,LAE,5.041018343029922
65,0,2,LAE,7.304658986156566
66,0,2,LAE,1.6660444289576664
67,0,3,LAE,6.304687037926098
68,0,4,LAE,6.068077028097496
69,0,4,LAE,5.075462101226194
70,0,1,LAE,11.138839410879342
71,0,5,LAE,5.466191360510538
72,0,2,LAE,4.174225492157984
73,0,2,LAE,8.870014757491482
74,0,1,LAE,7.870883670852193
75,0,2,LAE,2.9498057997959237
76,0,2,LAE,4.288604486075922
77,0,4,LAE,11.539341792046898
78,0,6,LAE,5.452405659785282
79,0,6,LAE,7.165709371999643
80,0,2,LAE,0.7466273728118262
81,0,2,LAE,11.20946914839671
82,0,1,LAE,1.0735994765392356
83,0,12,LAE,6.911665413802485
84,0,8,LAE,4.749990970053131
85,0,9,LAE,4.883523295687817
86,0,1,LAE,0.7028865519687506
87,0,7,LAE,5.09558190433925
88,0,3,LAE,4.967675253064374
89,0,3,LAE,5.019146003033561
90,0,4,LAE,10.939973988373831
91,0,15,LAE,9.835143243018592
92,0,2,LAE,0.7570855234748257
93,0,4,LAE,9.408805846009656
94,0,3,LAE,4.2553096885266335
95,0,2,LAE,8.86198220828555
96,0,1,LAE,0.7944239660255816
97,0,7,LAE,7.146024930270572
98,0,1,LAE,6.203101349251762
99,0,5,LAE,10.474118901696915
100,0,8,LAE,5.49909034345156
101,0,1,LAE,2.3480847149187594
102,0,1,LAE,3.770218010304587
103,0,1,LAE,4.7486331645916575
104,0,1,LAE,7.5817862077853455
105,0,7,LAE,5.804702433909086
106,0,1,LAE,7.4519792924110915
107,0,2,LAE,4.273638063951485
108,0,1,LAE,1.0131823564191191
109,0,1,LAE,0.9150710045589812
110,0,1,LAE,9.81883299760463
111,0,12,LAE,6.125975840198886
112,0,8,LAE,6.429611369511146
113,0,2,LAE,0.9468603851442393
114,0,8,LAE,4.029205586552054
115,0,3,LAE,21.763634170711942
116,0,4,LAE,3.5438647812869863
117,0,5,LAE,4.741424342791596
118,0,3,LAE,5.715580145797455
119,0,1,LAE,4.8534147898412865
120,0,2,LAE,7.1195048294319125
121,0,7,LAE,4.111124999210308
122,0,7,LAE,5.1740339587844435
123,0,1,LAE,7.151606100107405
124,0,3,LAE,9.738305003940294
125,0,12,LAE,6.8655621797943835
126,0,1,LAE,12.533572781495355
127,0,2,LAE,4.6999269434918105
128,0,9,LAE,5.303436933093169
129,0,3,LAE,9.28096102378354
130,0,1,LAE,5.7960948399948835
131,0,1,LAE,4.547017630145542
132,0,3,LAE,1.8356214506872366
133,0,9,LAE,6.140206437623108
134,0,3,LAE,4.5569958304692575
135,0,8,LAE,6.5602309175273055
136,0,2,LAE,4.207015838257464
137,0,1,LAE,5.0205097737557205
138,0,1,LAE,0.7756087903500417
139,0,12,LAE,7.449308869958279
140,0,6,LAE,8.043040292030417
141,0,3,LAE,4.059834546564895
142,0,2,LAE,18.394865427550478
143,0,4,LAE,7.766455149821478
144,0,1,LAE,4.218086264083348
145,0,1,LAE,9.103052364012614
146,0,1,LAE,5.0425801890383
147,0,2,LAE,4.376068870288041
148,0,1,LAE,20.85009225805875
149,0,8,LAE,4.634947434488296
150,0,1,LAE,4.771119348974961
151,0,9,LAE,5.7514317098063295
152,0,7,LAE,7.137113566042299
153,0,3,LAE,8.057501929478903
154,0,7,LAE,3.9470456316153615
155,0,5,LAE,4.535631197737062
156,0,1,LAE,19.158451235599333
157,0,2,LAE,1.477557289491311
158,0,6,LAE,7.310939998138114
159,0,1,LAE,1.5671392606053494
160,0,3,LAE,4.083903286354045
161,0,1,LAE,1.244397095363281
162,0,8,LAE,8.436021966026953
163,0,2,LAE,5.397461285199758
164,0,1,LAE,0.7047989206610417
165,0,2,LAE,6.155885585101702
166,0,1,LAE,11.756470044930795
167,0,5,LAE,7.849706748713438
168,0,4,LAE,4.687481939571667
169,0,7,LAE,3.7859052175698142
170,0,2,LAE,4.07150546938365
171,0,1,LAE,11.483710906460974
172,0,9,LAE,6.800444068613543
173,0,1,LAE,4.1716588754812545
174,0,6,LAE,6.3228760394919705
175,0,6,LAE,5.907936826109192
176,0,7,LAE,6.51594059616789
177,0,1,LAE,1.0730862349830839
178,0,1,LAE,11.893907255468879
179,0,1,LAE,4.277258672349714
180,0,1,LAE,5.614211923777192
181,0,3,LAE,42.15480875150031
182,0,3,LAE,3.4514696924853387
183,0,5,LAE,6.039439325604063
184,0,2,LAE,5.099509551421854
185,0,2,LAE,6.354475502413306
186,0,3,LAE,1.6322022242960963
187,0,7,LAE,4.036246808437661
188,0,4,LAE,5.39074126043847
189,0,3,LAE,4.48802410938909
190,0,8,LAE,7.058341044690478
191,0,8,LAE,6.173290205028488
192,0,3,LAE,9.532772459771783
193,0,6,LAE,18.679259027418446
194,0,4,LAE,20.231941224466812
195,0,2,LAE,3.4527955649770776
196,0,2,LAE,6.871797420292464
197,0,3,LAE,1.0203254463219327
198,0,2,LAE,1.2665216445728622
199,0,3,LAE,23.614376202299834
200,0,2,LAE,6.274304119654251
201,0,3,LAE,3.579409727782623
202,0,3,LAE,6.411738406929881
203,0,2,LAE,6.066464209010681
204,0,7,LAE,6.673087896727578
205,0,3,LAE,6.419734845193824
206,0,2,LAE,53.74619713995582
207,0,2,LAE,1.3123452140279737
208,0,12,LAE,5.774881849449686
209,0,9,LAE,7.071326866196301
210,0,3,LAE,5.001475265977006
211,0,2,LAE,1.4697584070131509
212,0,2,LAE,7.437286714485386
213,0,2,LAE,1.044304561459531
214,0,4,LAE,4.767888538561787
215,0,3,LAE,9.351587388898038
216,0,3,LAE,19.79545926505408
217,0,7,LAE,4.297294859520811
218,0,2,LAE,3.647899081971659
219,0,3,LAE,7.043802992786593
220,0,2,LAE,4.479324867309646
221,0,7,LAE,4.045754922390749
222,1,2,LAE,3.8415785567143206
223,1,3,LAE,0.9961240476696963
224,1,2,LAE,16.118449677513755
225,1,5,LAE,10.1310121010705
226,1,4,LAE,20.69046021107569
227,1,3,LAE,17.1241418736699
228,1,2,LAE,6.777225651363637
229,1,5,LAE,4.267226939608142
230,1,2,LAE,11.234231733391955
231,1,2,LAE,4.673341317920459
232,1,3,LAE,4.44573855493411
233,1,2,LAE,1.4355927906884427
234,1,3,LAE,4.873699675924404
235,1,2,LAE,0.8506370459584651
236,1,3,LAE,4.152289706589467
237,1,2,LAE,22.192102226428638
238,1,6,LAE,5.431355264357755
239,1,2,LAE,1.0245529523473969
240,1,2,LAE,8.342684473912346
241,1,4,LAE,1.2640080482667133
242,1,4,LAE,3.9531109042743426
243,1,7,LAE,4.002795124079898
244,1,2,LAE,1.5876952140931715
245,1,4,LAE,5.680961728281324
246,1,2,LAE,7.053693073810612
247,1,2,LAE,10.951277432703188
248,1,2,LAE,1.3972320823939106
249,1,4,LAE,4.838476535234081
250,1,5,LAE,5.54225329221062
251,1,2,LAE,1.6250738020350495
252,1,5,LAE,4.733840207981695
253,1,7,LAE,4.840902443323195
254,1,5,LAE,8.068210803665766
255,0,3,LAE,46.61678190672501
256,0,3,LAE,4.234959099498614
257,0,10,LAE,6.928761571140509
258,0,9,LAE,5.750380145188898
259,0,3,LAE,8.83668908583794
260,0,8,LAE,5.539596554745275
261,0,4,LAE,6.167198104087762
262,0,3,LAE,17.493519738207176
263,0,5,LAE,5.577531843876145
264,0,9,LAE,6.609073436631443
265,0,10,LAE,5.411451357465038
266,0,3,LAE,7.523386903068713
267,0,3,LAE,1.154824905901999
268,0,4,LAE,16.92567825451833
269,1,4,LAE,1.3526272776029473
270,1,5,LAE,4.945898595496446
271,1,5,LAE,23.977776134559264
272,1,4,LAE,6.905540598736644
273,1,4,LAE,3.95055041777736
274,1,4,LAE,5.059735570370659
275,1,3,LAE,5.264031200044431
276,1,3,LAE,3.557165282193395
277,1,7,LAE,4.422355399976992
278,1,3,LAE,1.3742662427309211
279,1,3,LAE,45.12164891285538
280,1,3,LAE,6.362160903206072
281,1,5,LAE,28.434356200815063
282,1,3,LAE,20.89561512495091
283,1,3,LAE,4.6268601332044526
284,1,3,LAE,16.9625035646118
285,1,7,LAE,4.691246374435239
286,2,5,LAE,5.892275618415187
287,2,8,LAE,7.036388309262124
288,2,4,LAE,9.906917133471895
289,2,5,LAE,7.453863261337344
290,2,10,LAE,5.973191034207717
291,2,3,LAE,3.878393971523763
292,2,3,LAE,1.0807061189810114
293,2,3,LAE,5.876556965727733
294,2,4,LAE,4.043630157681608
295,2,3,LAE,0.8359323638970094
296,2,4,LAE,3.887149135005201
297,2,3,LAE,32.2225111964622
298,2,3,LAE,0.849385167743735
299,2,7,LAE,6.645125735632157
300,2,3,LAE,1.2329330014373143
301,2,3,LAE,4.795230448805638
302,2,7,LAE,6.540227919294546
303,2,3,LAE,0.9712656730785502
304,2,6,LAE,15.151094421703828
305,2,4,LAE,1.5751373868642395
306,0,4,LAE,33.699834739385615
307,0,4,LAE,4.680060971977703
308,1,4,LAE,12.334488678819396
309,1,7,LAE,6.460767917886152
310,1,7,LAE,4.389229203603422
311,1,7,LAE,4.203379037067398
312,2,4,LAE,3.970759603338155
313,2,4,LAE,1.5422338464014642
314,2,4,LAE,4.426928733577969
315,3,4,LAE,9.55221124073981
316,3,4,LAE,1.2227060903829334
317,3,12,LAE,7.467346210002495
318,3,4,LAE,5.141076336364326
319,3,4,LAE,23.490786777277986
320,3,4,LAE,5.8913429560252375
321,3,6,LAE,5.820372435588045
322,3,6,LAE,8.090986072832914
323,3,10,LAE,5.27538465283108
324,3,6,LAE,3.24079761493124
325,3,5,LAE,1.555076362651823
326,3,4,LAE,5.682175566560293
327,3,4,LAE,9.343196689606048
328,3,4,LAE,3.7547279730392837
329,3,10,LAE,5.937099825828878
330,3,4,LAE,0.9839629483835282
331,3,4,LAE,7.746522155460048
332,3,4,LAE,4.359161786146468
333,1,5,LAE,5.3256119234534465
334,1,5,LAE,4.088586985193769
335,2,5,LAE,3.381520529813212
336,2,7,LAE,6.133478619231948
337,2,6,LAE,9.939866406695018
338,2,8,LAE,6.015361316781148
339,3,5,LAE,4.694299635055343
340,3,5,LAE,4.42702103690833
341,3,6,LAE,3.748797477615447
342,3,5,LAE,6.075544631421407
343,3,5,LAE,9.460876654749447
344,3,5,LAE,5.0292039023758
345,4,5,LAE,17.901265871005148
346,4,13,LAE,5.977833439326759
347,4,5,LAE,6.9771572437348235
348,4,5,LAE,4.098298946110867
349,4,5,LAE,6.344629048729707
350,4,5,LAE,4.965903573246014
351,4,5,LAE,1.5069652967904128
352,4,5,LAE,4.351292244862393
353,4,12,LAE,5.395928332536921
354,4,5,LAE,18.513325354432357
355,4,7,LAE,5.230821827556321
356,4,6,LAE,4.172922107987218
357,4,5,LAE,1.2847542742790943
358,4,5,LAE,5.9750991702045635
359,4,5,LAE,26.426377081378153
360,4,6,LAE,10.334525834191913
361,4,8,LAE,6.73828662482232
362,4,6,LAE,5.7109941260222215
363,4,5,LAE,1.801420949603312
364,4,5,LAE,1.6047963425100258
365,4,5,LAE,5.1084280357274805
366,4,6,LAE,4.42836311020721
367,4,5,LAE,1.10190075488796
368,4,5,LAE,1.2888509693825905
369,4,5,LAE,3.5638762963680493
370,4,6,LAE,5.758787894152707
371,4,10,LAE,8.214126354474393
372,4,9,LAE,6.807112587201054
373,4,5,LAE,6.350875690635662
374,4,5,LAE,1.6451341285749435
375,2,6,LAE,4.625045148897193
376,3,8,LAE,4.70616659076762
377,3,6,LAE,6.347631628738168
378,3,12,LAE,6.81014879450445
379,3,11,LAE,4.68956303578851
380,3,6,LAE,4.5973655688822355
381,3,8,LAE,7.530714273892957
382,4,9,LAE,4.280649733965803
383,4,9,LAE,7.190561311527349
384,4,8,LAE,14.505837764974208
385,4,9,LAE,6.00255822178971
386,4,8,LAE,3.5332458371662523
387,5,10,LAE,3.3816698446798745
388,5,7,LAE,1.4689225832401525
389,5,6,LAE,1.0955795984641952
390,5,6,LAE,3.7917633159013984
391,5,6,LAE,1.5750571143732
392,5,6,LAE,5.1836527860182695
393,5,12,LAE,4.8933002936858605
394,5,6,LAE,2.7593489285140027
395,5,6,LAE,3.079588806637317
396,5,6,LAE,6.206537500087206
397,5,10,LAE,4.679834265403075
398,5,6,LAE,3.437552293352396
399,5,6,LAE,0.9599646604044059
400,5,6,LAE,6.257755009086954
401,5,8,LAE,4.29141421708185
402,5,10,LAE,5.277650454220133
403,5,6,LAE,1.6225249782214028
404,5,7,LAE,7.706983335066095
405,5,28,LAE,10.983888877109386
406,5,7,LAE,10.554754798609377
407,5,6,LAE,3.960711847137339
408,5,11,LAE,3.5571625126473148
409,5,10,LAE,6.932826712961162
410,5,10,LAE,5.326956960155336
411,5,6,LAE,9.8458161681514
412,4,7,LAE,10.75785847351156
413,4,8,LAE,5.078551750639132
414,4,7,LAE,3.7946776825071415
415,4,7,LAE,6.043650218633153
416,4,7,LAE,5.472091031271269
417,4,7,LAE,3.454954294687418
418,4,11,LAE,5.747089621422608
419,4,8,LAE,5.689935133378834
420,5,7,LAE,6.665645261786053
421,5,28,LAE,9.963481546055442
422,5,7,LAE,3.9663922477222093
423,5,13,LAE,6.629034560182765
424,5,11,LAE,6.9543517792886504
425,5,7,LAE,5.92571875885266
426,5,7,LAE,6.182332682116302
427,5,8,LAE,4.685885751455609
428,5,11,LAE,6.005400878927675
429,5,8,LAE,5.8200765328337525
430,6,7,LAE,3.9462826881783903
431,6,8,LAE,3.0424603538331456
432,6,7,LAE,1.110916535536785
433,6,11,LAE,10.014710273867856
434,6,12,LAE,4.786143043563735
435,6,7,LAE,3.4316714188568183
436,6,7,LAE,3.490643638937078
437,6,7,LAE,8.613833251605826
438,6,7,LAE,4.706484180792661
439,6,7,LAE,1.15074953197754
440,6,7,LAE,3.6702537885810607
441,6,8,LAE,6.408517222082847
442,6,8,LAE,6.10191196740933
443,6,11,LAE,7.195235337898969
444,6,8,LAE,3.1322072762234003
445,6,7,LAE,1.883396917860568
446,6,7,LAE,2.9485815522532373
447,6,7,LAE,5.688339897752262
448,6,7,LAE,3.3603607779323355
449,6,7,LAE,8.120579237465373
450,6,8,LAE,3.1899498109747255
451,6,7,LAE,5.320288073317013
452,6,7,LAE,7.7246015769243686
453,6,8,LAE,3.0983777238852017
454,6,7,LAE,3.9861606071968554
455,6,13,LAE,5.107751987361468
456,6,9,LAE,6.38243037019671
457,4,8,LAE,5.3287345504875825
458,4,12,LAE,5.995680959221631
459,5,8,LAE,6.160521400322885
460,5,8,LAE,4.427913432532853
461,5,8,LAE,5.462872075124103
462,5,10,LAE,6.843568237498018
463,6,8,LAE,7.984860159500095
464,6,11,LAE,4.685893416485097
465,6,11,LAE,6.050312963548357
466,6,8,LAE,3.8069660596791155
467,7,8,LAE,1.072286615580554
468,7,8,LAE,17.776864467897934
469,7,11,LAE,4.639139115608086
470,7,8,LAE,2.815332324258227
471,7,8,LAE,2.677545181328289
472,7,8,LAE,20.404096625599397
473,7,8,LAE,8.076801234267466
474,7,8,LAE,3.275542295872787
475,7,8,LAE,4.423896290228166
476,7,10,LAE,6.130053596519233
477,7,10,LAE,5.547030757006036
478,7,8,LAE,2.9541566765395304
479,7,8,LAE,9.54900422874167
480,7,9,LAE,9.89654851039003
481,7,11,LAE,7.475538228362743
482,7,8,LAE,2.670517666157921
483,7,8,LAE,5.54756686395445
484,7,8,LAE,6.204448121199282
485,7,8,LAE,4.212297580284634
486,7,8,LAE,4.401935473459165
487,7,8,LAE,3.1956381036595176
488,7,8,LAE,7.025255193958797
489,7,8,LAE,5.52454392485485
490,7,8,LAE,4.427525883187743
491,7,9,LAE,2.8714221486109
492,7,10,LAE,4.499703407141202
493,7,8,LAE,2.617874668511193
494,7,9,LAE,25.685634673404287
495,7,12,LAE,5.734921248924884
496,7,8,LAE,3.2209306432544174
497,7,8,LAE,3.5723594569848633
498,7,8,LAE,9.037155133474151
499,6,9,LAE,4.672286050483097
500,6,10,LAE,4.793041892129651
501,6,9,LAE,5.937012630491596
502,7,12,LAE,4.7046271770763095
503,7,10,LAE,6.1270422672746205
504,7,9,LAE,5.767849930514571
505,8,10,LAE,2.512168106510235
506,8,11,LAE,2.405425333802172
507,8,9,LAE,3.5105944714100774
508,8,13,LAE,4.880771411286669
509,8,9,LAE,5.077361706160931
510,8,10,LAE,3.445730267448793
511,8,10,LAE,2.5727606609232248
512,8,9,LAE,20.642854015863563
513,8,9,LAE,4.856581240942463
514,8,9,LAE,19.252937439748752
515,8,9,LAE,21.916469062805565
516,8,12,LAE,4.251385023488608
517,8,9,LAE,2.4752379997248948
518,8,9,LAE,1.0371424733185037
519,8,9,LAE,17.01219118155905
520,8,9,LAE,0.9882748035079929
521,8,9,LAE,3.8735461080217815
522,8,10,LAE,1.3169092022667872
523,8,9,LAE,2.355143061536204
524,8,9,LAE,4.695913364789183
525,8,9,LAE,4.230388806361628
526,8,10,LAE,3.5110184121361305
527,8,11,LAE,7.083842387510168
528,8,13,LAE,5.221934110820559
529,8,9,LAE,5.007629751560016
530,8,9,LAE,19.961726578977277
531,8,9,LAE,4.3788145013682245
532,8,9,LAE,1.2324800323705853
533,8,9,LAE,4.673783180220593
534,6,11,LAE,5.2213118790653965
535,7,13,LAE,4.636747647929847
536,7,10,LAE,6.009088011152439
537,8,10,LAE,6.901633641491122
538,8,12,LAE,5.194383439697962
539,8,12,LAE,5.224706673900097
540,8,12,LAE,4.964244821386973
541,8,10,LAE,8.31871021436921
542,8,20,LAE,8.72782155840038
543,8,10,LAE,4.541708942903289
544,8,12,LAE,5.901027880873108
545,9,10,LAE,3.174525592284151
546,9,10,LAE,2.1603472096522354
547,9,10,LAE,1.4024064129461726
548,9,10,LAE,1.2732216365431424
549,9,10,LAE,1.302146212860678
550,9,11,LAE,4.930640983773633
551,9,10,LAE,28.880580013968668
552,9,14,LAE,4.093248469280647
553,9,10,LAE,1.4403831253383164
554,9,10,LAE,1.2286929236823556
555,9,11,LAE,6.341482542568448
556,9,10,LAE,3.3369455313196705
557,9,10,LAE,2.677696420343222
558,9,10,LAE,1.136787935462519
559,9,10,LAE,15.545585124131325
560,8,13,LAE,4.7680181113953495
561,8,12,LAE,5.1163323814592765
562,8,11,LAE,4.469796577095361
563,9,11,LAE,5.434923069129604
564,9,11,LAE,6.595561549318658
565,9,11,LAE,4.2452392735301245
566,9,11,LAE,2.9812758331937217
567,9,11,LAE,6.3765496311051155
568,9,12,LAE,7.698679142793347
569,9,11,LAE,15.32213664498055
570,10,11,LAE,8.996566138780626
571,10,11,LAE,3.5490989916851636
572,10,12,LAE,4.589854133099559
573,10,12,LAE,4.634029090997248
574,10,28,LAE,8.15642942020474
575,10,11,LAE,2.2162985545029557
576,10,13,LAE,8.212937730717888
577,10,11,LAE,2.4710262546282946
578,10,12,LAE,4.0721599387948775
579,10,13,LAE,4.086427136954393
580,10,11,LAE,8.029500157484593
581,10,11,LAE,5.568619392626659
582,10,14,LAE,4.150015124360355
583,10,11,LAE,6.099753938369316
584,10,12,LAE,4.170483432330363
585,10,11,LAE,2.046461132541288
586,10,13,LAE,8.287150624696709
587,10,21,LAE,8.880191939330357
588,10,18,LAE,6.4608430626330575
589,10,12,LAE,4.596063668924426
590,10,11,LAE,5.650333318446665
591,10,24,LAE,8.438716143504234
592,10,11,LAE,6.122585878228429
593,10,11,LAE,6.7576168924602955
594,10,11,LAE,7.940949578618068
595,10,11,LAE,4.414691353501167
596,10,11,LAE,3.0929009619414085
597,10,11,LAE,6.516314792266713
598,10,11,LAE,4.205737227742996
599,10,11,LAE,2.0658649739299406
600,10,12,LAE,4.438788771784847
601,10,11,LAE,6.573252540006134
602,10,24,LAE,9.561588205780458
603,10,12,LAE,3.92645423582447
604,10,24,LAE,10.612901732992794
605,10,11,LAE,3.798222944078682
606,10,11,LAE,4.59623821237545
607,10,11,LAE,7.811420164942002
608,10,24,LAE,8.117606452207713
609,8,17,LAE,7.467443626754355
610,9,12,LAE,12.497106124484004
611,9,12,LAE,12.474581251199147
612,10,12,LAE,5.6096388629103995
613,10,20,LAE,8.170823817091733
614,10,12,LAE,4.544949585520984
615,10,21,LAE,8.22946684890443
616,10,13,LAE,4.383354110536265
617,10,12,LAE,4.548532363178117
618,10,12,LAE,2.1682029654359347
619,11,13,LAE,4.002952749043662
620,11,13,LAE,3.73500082708352
621,11,13,LAE,1.797409592998984
622,11,12,LAE,5.539190761037179
623,11,12,LAE,2.1067724368580056
624,11,12,LAE,7.752114102241806
625,11,12,LAE,2.8487036831910717
626,11,12,LAE,1.9811946027998668
627,11,12,LAE,2.5500981655280266
628,11,12,LAE,7.1043157605898575
629,11,12,LAE,7.534570299450425
630,11,12,LAE,3.9890283812284064
631,11,12,LAE,4.093226824327942
632,11,24,LAE,9.645591926619364
633,11,14,LAE,4.284023467091978
634,11,12,LAE,4.023037567560961
635,11,12,LAE,6.36499961807968
636,11,12,LAE,7.022835656139813
637,11,12,LAE,4.157030893305021
638,11,12,LAE,3.661958524140955
639,11,12,LAE,3.574053894566935
640,11,12,LAE,3.4691562215592198
641,11,13,LAE,4.511900829389136
642,11,12,LAE,4.5358678557388
643,11,12,LAE,1.912192196169693
644,11,12,LAE,3.9973177785545824
645,11,12,LAE,7.4946659274383824
646,11,12,LAE,6.559387254384842
647,11,14,LAE,5.604542509431967
648,9,21,LAE,6.63565957661262
649,11,13,LAE,2.1055997778409847
650,11,24,LAE,27.117129715662507
651,11,13,LAE,2.144426239795969
652,12,13,LAE,1.8173227640365526
653,12,17,LAE,3.7024010130151686
654,12,13,LAE,1.7648168168640475
655,12,13,LAE,1.5738807229563585
656,12,20,LAE,6.834439669515222
657,12,13,LAE,5.319754591056992
658,12,13,LAE,1.9352002192844693
659,12,13,LAE,1.922752881351086
660,12,13,LAE,1.8667434395757552
661,12,17,LAE,6.833627900988137
662,12,13,LAE,3.0675206420117496
663,12,20,LAE,7.127182545889034
664,12,13,LAE,3.259488439338239
665,12,13,LAE,1.7792142294350768
666,12,17,LAE,42.8307482804092
667,13,20,LAE,7.177896535475126
668,13,14,LAE,1.4029510732305857
669,13,14,LAE,1.3110733086010893
670,13,28,LAE,8.875783825282332
671,13,14,LAE,1.4461752546984668
672,13,14,LAE,1.5417691487631917
673,13,14,LAE,16.57345342337278
674,13,14,LAE,1.9106257783073928
675,13,24,LAE,6.7993420664004764
676,13,14,LAE,3.407681233134926
677,13,20,LAE,7.066929816444811
678,13,14,LAE,1.3667679735587543
679,13,14,LAE,2.128585198685056
680,12,21,LAE,7.113567932080315
681,13,20,LAE,7.319323298293177
682,13,24,LAE,8.77680387939804
683,14,29,LAE,27.55219889103767
684,14,15,LAE,3.70955268505768
685,14,15,LAE,24.710356776702945
686,14,17,LAE,3.386331190643593
687,13,20,LAE,6.645660347850233
688,13,20,LAE,6.544978921233685
689,14,16,LAE,32.75514535344871
690,14,19,LAE,55.07017334196713
691,15,16,LAE,1.0926984919808582
692,15,16,LAE,1.1388202154594727
693,15,17,LAE,2.848573259792328
694,15,16,LAE,1.1846098418669586
695,15,17,LAE,21.033518985952924
696,15,16,LAE,2.4935501579034285
697,15,20,LAE,5.779698248345694
698,15,24,LAE,7.548175577012456
699,13,20,LAE,6.7489200478847815
700,13,20,LAE,6.403850996083175
701,13,30,LAE,25.142356892113444
702,13,21,LAE,6.237007053136337
703,14,21,LAE,10.5616301596823
704,14,28,LAE,11.33490834090419
705,15,21,LAE,5.719327584063007
706,15,19,LAE,3.913270992297915
707,15,36,LAE,16.73595473609285
708,15,17,LAE,3.0077366160834926
709,15,17,LAE,3.562258508774968
710,16,24,LAE,5.401707052423271
711,16,20,LAE,5.256898582402869
712,16,21,LAE,5.287838280946401
713,16,26,LAE,22.01271242242412
714,16,17,LAE,2.3836889962946377
715,16,17,LAE,2.497277013734191
716,16,20,LAE,5.2078761446984
717,16,20,LAE,5.259303136180968
718,16,19,LAE,49.59356784916909
719,16,17,LAE,2.439330846931888
720,16,17,LAE,2.4527393120450243
721,16,22,LAE,22.23663771772742
722,16,25,LAE,7.437861779198668
723,16,36,LAE,12.416358207554214
724,16,27,LAE,9.374947477592263
725,16,20,LAE,3.818040591027979
726,15,20,LAE,5.78175315600304
727,16,24,LAE,5.440047443861785
728,17,18,LAE,5.4734229037799915
729,17,18,LAE,5.478416867042382
730,17,24,LAE,24.935521347775346
731,17,24,LAE,4.983266964917872
732,17,35,LAE,12.192770808264813
733,17,20,LAE,5.425565088335667
734,17,24,LAE,4.867275143672008
735,17,18,LAE,2.225185389786303
736,17,18,LAE,5.409018584980595
737,17,23,LAE,4.716108488427378
738,17,23,LAE,4.8072214105310875
739,17,32,LAE,18.192703332198256
740,17,21,LAE,5.449061162209073
741,17,18,LAE,4.9008444622039535
742,17,37,LAE,14.218723430403804
743,17,18,LAE,5.089383007474542
744,17,18,LAE,2.293379787922998
745,17,21,LAE,5.455844618935818
746,17,22,LAE,4.979941648998573
747,17,18,LAE,6.112491532078028
748,17,18,LAE,5.575862024622819
749,17,36,LAE,13.098110747720046
750,17,20,LAE,4.859096047972936
751,17,24,LAE,5.160964856126301
752,17,18,LAE,5.238494901784309
753,17,18,LAE,5.201880897238661
754,17,18,LAE,5.5861420851129635
755,17,18,LAE,4.974978344211117
756,17,21,LAE,4.599941361773399
757,17,20,LAE,5.465850339219791
758,17,18,LAE,4.723012464190866
759,17,20,LAE,5.145338793291974
760,17,20,LAE,4.918562409455792
761,17,20,LAE,5.199120388005962
762,17,20,LAE,5.0412323465742706
763,17,18,LAE,2.211087359619315
764,17,20,LAE,5.570114937029765
765,17,20,LAE,4.938909199636946
766,17,38,LAE,14.041949762832134
767,17,18,LAE,5.289243466988991
768,17,18,LAE,4.757878073633251
769,17,24,LAE,5.376433800248456
770,17,19,LAE,5.232252060204922
771,17,19,LAE,2.7328216476771408
772,17,18,LAE,5.312458045309753
773,17,20,LAE,5.236641383095715
774,17,27,LAE,39.98334726308388
775,17,23,LAE,5.142723809199239
776,17,23,LAE,5.335668394368471
777,17,18,LAE,4.745877348740108
778,17,20,LAE,3.726674253338515
779,17,23,LAE,5.105359936333766
780,17,18,LAE,5.419957840158305
781,17,18,LAE,2.2288470972223373
782,17,24,LAE,5.196518752371216
783,17,20,LAE,5.102250331393112
784,17,18,LAE,5.509391568945747
785,17,20,LAE,5.536726132230206
786,17,22,LAE,49.054482860893636
787,17,19,LAE,5.710492726873524
788,17,18,LAE,2.2058920956425467
789,17,34,LAE,12.879787437678374
790,17,20,LAE,5.086568637515208
791,17,28,LAE,39.253481925473615
792,17,18,LAE,4.819302834276296
793,17,20,LAE,5.401827844677658
794,17,21,LAE,5.364737080083348
795,17,18,LAE,3.7058439914951022
796,17,20,LAE,5.44487061135127
797,17,21,LAE,6.7397439737114775
798,17,31,LAE,9.080993450827526
799,17,18,LAE,5.4325012356639055
800,17,23,LAE,5.325059031766852
801,17,21,LAE,4.551005764558384
802,17,20,LAE,5.1499751254077175
803,17,19,LAE,3.825050452778516
804,17,21,LAE,5.372511719355722
805,17,20,LAE,5.425895075323831
806,17,18,LAE,2.827735673276904
807,17,31,LAE,9.069025149784332
808,17,18,LAE,5.026755835827477
809,17,19,LAE,3.6045156717998634
810,17,20,LAE,5.7359797340200815
811,17,21,LAE,5.562970710271043
812,17,24,LAE,4.890378601626941
813,17,18,LAE,41.227671295146784
814,16,26,LAE,46.15983476608326
815,17,20,LAE,4.82302738374284
816,17,20,LAE,4.9027231493365155
817,17,20,LAE,5.337872302916099
818,17,19,LAE,3.5593497004323225
819,17,20,LAE,5.177486650632595
820,17,23,LAE,4.784580418311717
821,17,23,LAE,4.475742092916717
822,17,23,LAE,4.89449783168468
823,17,21,LAE,4.714334913303894
824,17,19,LAE,9.911238421972618
825,17,20,LAE,5.107571956280963
826,17,20,LAE,5.3445105499802
827,17,24,LAE,5.025290318289928
828,17,20,LAE,5.445496908627784
829,17,26,LAE,6.96657441267268
830,17,28,LAE,7.335314107446358
831,18,20,LAE,4.802199255872416
832,18,26,LAE,8.808800819224693
833,18,22,LAE,3.8257766041400636
834,18,22,LAE,3.6967258325941867
835,18,19,LAE,35.289798500797616
836,18,19,LAE,4.866011309293859
837,18,21,LAE,4.732094242021125
838,18,20,LAE,4.888184907237193
839,18,25,LAE,29.675402818648916
840,18,19,LAE,1.5263241812947692
841,18,19,LAE,1.8710513855371362
842,18,19,LAE,1.6130473243276096
843,18,21,LAE,3.1779525024123205
844,18,25,LAE,6.473287855536919
845,18,24,LAE,4.400670041116917
846,18,19,LAE,1.470746503286746
847,18,24,LAE,4.450619598182086
848,18,25,LAE,6.573938787072626
849,18,20,LAE,3.4188404292687795
850,18,19,LAE,2.1956001616357783
851,18,19,LAE,1.4954018060180168
852,18,20,LAE,4.715877597964919
853,18,38,LAE,18.30614975150247
854,18,28,LAE,49.724341110181335
855,18,20,LAE,4.854570569218643
856,18,20,LAE,2.5994946967376085
857,18,20,LAE,2.5867172022706035
858,18,24,LAE,4.663442676861034
859,18,20,LAE,2.4918045488044838
860,18,21,LAE,4.590702021207994
861,18,19,LAE,2.3068911364679168
862,18,20,LAE,4.665552442237039
863,18,21,LAE,4.946270776347456
864,18,19,LAE,2.7281603243592674
865,18,22,LAE,2.340664599158935
866,18,32,LAE,8.51426157548622
867,18,19,LAE,2.5593575486105773
868,18,19,LAE,1.5031628492755502
869,18,21,LAE,4.874841473982048
870,18,21,LAE,3.3291573316118757
871,18,27,LAE,15.114155943779254
872,18,22,LAE,4.105811688144424
873,18,21,LAE,4.751101218168567
874,18,23,LAE,4.81989617357316
875,18,25,LAE,6.547578625852193
876,18,21,LAE,4.749598656685791
877,18,23,LAE,4.1430952430586165
878,18,20,LAE,4.007778943430554
879,18,23,LAE,3.9617795302371763
880,18,20,LAE,5.348841376517049
881,18,23,LAE,3.274740321453368
882,18,22,LAE,3.857079688764865
883,18,20,LAE,4.5885406388377845
884,18,19,LAE,1.7223993647340472
885,18,23,LAE,5.1246682040096
886,18,22,LAE,4.016397016847258
887,18,22,LAE,4.34441360247701
888,18,24,LAE,6.6110036262122005
889,18,20,LAE,4.8548792842694075
890,18,21,LAE,4.968477440761667
891,18,20,LAE,4.890631542367561
892,18,32,LAE,8.339027108124936
893,18,24,LAE,4.754598260720572
894,18,23,LAE,3.959345100383848
895,18,20,LAE,4.670185558480517
896,18,24,LAE,4.348768778034134
897,18,22,LAE,4.056607248357329
898,18,20,LAE,3.6201058770554484
899,17,27,LAE,12.637025997755067
900,17,23,LAE,5.322057948737325
901,18,21,LAE,4.914465267206777
902,18,20,LAE,58.335341782747655
903,18,30,LAE,40.237139788319936
904,18,27,LAE,22.440272201199416
905,18,20,LAE,4.711717383503613
906,18,25,LAE,8.2539797538798
907,18,24,LAE,4.361089868901397
908,18,24,LAE,4.712431042634554
909,19,25,LAE,37.40087142821168
910,19,24,LAE,3.870699728613975
911,19,20,LAE,4.3323493828280375
912,19,27,LAE,5.957064664761888
913,19,20,LAE,4.1558271428750055
914,19,24,LAE,3.9188295679476246
915,19,20,LAE,3.559059161254669
916,19,20,LAE,4.251135231141032
917,19,22,LAE,3.9803829819553225
918,19,21,LAE,2.8196955040498297
919,19,21,LAE,5.375397860414309
920,19,39,LAE,14.476904046000262
921,19,22,LAE,3.6257950249947037
922,19,20,LAE,4.29212925849174
923,19,28,LAE,6.000024364810986
924,19,23,LAE,4.2294804928002545
925,19,20,LAE,2.915375987744998
926,19,24,LAE,4.364393195731895
927,19,22,LAE,3.588861680535556
928,19,21,LAE,4.146358684279827
929,19,24,LAE,4.0622350203168685
930,19,20,LAE,3.9699247496339733
931,19,20,LAE,4.037112268525467
932,19,21,LAE,4.216776026310254
933,19,22,LAE,3.869157677094386
934,19,20,LAE,2.9790060143616985
935,19,20,LAE,4.348005735765912
936,19,28,LAE,15.103726087213055
937,19,24,LAE,3.6745038442455034
938,19,20,LAE,2.058676830512282
939,19,21,LAE,4.239133177651702
940,19,20,LAE,2.744392463456794
941,19,23,LAE,3.481163834553929
942,19,20,LAE,4.329757616261417
943,19,20,LAE,4.142711650228316
944,19,20,LAE,3.0375926818103514
945,19,24,LAE,5.81249918162958
946,19,21,LAE,5.1991667935226396
947,19,21,LAE,4.07868725168576
948,19,20,LAE,4.306180774797342
949,19,20,LAE,6.0348731640168225
950,19,21,LAE,4.109413691119955
951,19,25,LAE,5.881337517735253
952,19,20,LAE,3.989013047712269
953,19,22,LAE,3.4428917738702305
954,19,31,LAE,8.420925200962255
955,19,20,LAE,2.8407556838297805
956,19,22,LAE,2.832299550510324
957,19,24,LAE,59.57705815403757
958,19,22,LAE,5.900740280805737
959,19,32,LAE,8.047429268018416
960,19,22,LAE,2.8076536994348746
961,19,23,LAE,4.565273512276257
962,19,20,LAE,4.5132336984668315
963,19,20,LAE,3.5494371575149657
964,19,21,LAE,3.9393360370569015
965,19,23,LAE,23.066270837334496
966,19,20,LAE,2.6998829302618224
967,19,20,LAE,3.5143326850567407
968,19,20,LAE,4.008509828362907
969,19,21,LAE,4.305103234676927
970,19,20,LAE,2.723960240275878
971,19,23,LAE,3.6634862673800535
972,19,20,LAE,3.513785616288745
973,19,21,LAE,4.260910749370719
974,19,21,LAE,4.851076182872915
975,19,20,LAE,2.1255303561170233
976,19,20,LAE,4.27400019281407
977,19,21,LAE,4.652730533052627
978,19,20,LAE,3.14008013705314
979,19,21,LAE,5.010086994098189
980,19,20,LAE,2.0570257853610743
981,19,20,LAE,5.1312621026028635
982,19,21,LAE,4.017080755576147
983,19,20,LAE,4.319452127913234
984,19,20,LAE,4.35776570722711
985,19,24,LAE,4.117173694630012
986,19,24,LAE,4.270480879526409
987,19,20,LAE,4.137493140849949
988,19,21,LAE,3.5031823106767925
989,19,25,LAE,6.131214692546391
990,19,20,LAE,2.890873561370246
991,19,21,LAE,5.279300351239493
992,19,20,LAE,4.88697844570997
993,19,22,LAE,21.189499881868656
994,19,21,LAE,7.539655312370401
995,19,22,LAE,6.002606878758537
996,19,20,LAE,3.9309561194232545
997,19,20,LAE,4.116410197298316
998,19,20,LAE,3.9398363635478755
999,19,23,LAE,4.839787995534837
1000,19,23,LAE,4.282246047484565
1001,19,25,LAE,4.709641099245259
1002,19,20,LAE,4.220976670971446
1003,19,20,LAE,4.011988631595705
1004,19,35,LAE,13.22148914442524
1005,19,21,LAE,5.378709390643975
1006,19,20,LAE,4.265820614246679
1007,19,24,LAE,3.9853898872124933
1008,19,21,LAE,3.5442831072798597
1009,19,22,LAE,3.8763108381647293
1010,19,23,LAE,4.15093934702196
1011,19,20,LAE,4.242647387122848
1012,19,21,LAE,2.8299183132829473
1013,19,20,LAE,4.46725592766424
1014,19,37,LAE,16.580987684408107
1015,19,20,LAE,4.144136996113002
1016,19,28,LAE,6.060042541018969
1017,19,21,LAE,4.397176248768733
1018,19,20,LAE,5.464802571253768
1019,19,20,LAE,3.4508752043012865
1020,19,27,LAE,19.229819840997525
1021,19,21,LAE,2.8594324167440512
1022,19,20,LAE,2.6754299494383686
1023,19,20,LAE,4.202423435858018
1024,19,28,LAE,5.984028449507602
1025,19,35,LAE,11.378880446535058
1026,19,25,LAE,6.073995640630193
1027,19,22,LAE,3.6318853591515046
1028,18,21,LAE,3.3233438235842687
1029,19,35,LAE,11.942203938230275
1030,19,22,LAE,4.5060414175535985
1031,19,24,LAE,4.03483318478182
1032,20,23,LAE,3.11856426295103
1033,20,21,LAE,3.806102731493912
1034,20,21,LAE,3.5304446604324404
1035,20,21,LAE,3.9349980895001426
1036,20,21,LAE,2.9885549239317872
1037,20,28,LAE,5.322435228663167
1038,20,24,LAE,3.7982567717884814
1039,20,21,LAE,2.742646553984282
1040,20,33,LAE,10.461934899955784
1041,20,23,LAE,4.0055143900082895
1042,20,22,LAE,2.614659388378067
1043,20,21,LAE,3.4939118583881053
1044,20,21,LAE,3.3890038131416924
1045,20,29,LAE,11.770217331960115
1046,20,21,LAE,3.7888854640306007
1047,20,32,LAE,7.721856215418236
1048,20,21,LAE,3.8244442250547204
1049,20,21,LAE,2.496037170154037
1050,20,26,LAE,5.493387826425056
1051,20,31,LAE,9.804123273367475
1052,20,21,LAE,6.995808439469259
1053,20,24,LAE,3.4249821005633305
1054,20,21,LAE,3.0142385327729633
1055,20,25,LAE,3.3239709151904053
1056,20,22,LAE,3.0848819306465938
1057,20,21,LAE,3.9435623115245266
1058,20,21,LAE,3.5651943642849093
1059,20,28,LAE,5.849780041779942
1060,20,21,LAE,3.1432420139826487
1061,20,21,LAE,3.879079196959641
1062,20,21,LAE,3.5897724849544117
1063,20,21,LAE,3.374888603282813
1064,20,21,LAE,5.434080471845923
1065,20,22,LAE,3.9446309518484393
1066,20,24,LAE,5.869527334223111
1067,20,22,LAE,3.814625489191951
1068,20,23,LAE,3.3936569074842216
1069,20,24,LAE,3.65877722823507
1070,20,23,LAE,3.702263161316325
1071,20,25,LAE,34.640877136949356
1072,20,21,LAE,4.154566253931525
1073,20,31,LAE,7.508770472201883
1074,20,23,LAE,6.950484567207832
1075,20,21,LAE,3.4993685598929973
1076,20,26,LAE,6.7635087351362255
1077,20,21,LAE,4.276533431695874
1078,20,22,LAE,35.04245602763841
1079,20,23,LAE,3.138530000347178
1080,20,21,LAE,3.266293761777154
1081,20,21,LAE,5.82730502753168
1082,20,21,LAE,2.5504963110696277
1083,19,23,LAE,52.48077393743495
1084,19,23,LAE,3.7368641104194893
1085,19,22,LAE,4.174674466305751
1086,20,23,LAE,4.029741990387945
1087,20,36,LAE,12.383722979768796
1088,20,25,LAE,7.688845271293136
1089,20,32,LAE,15.254833693221784
1090,20,23,LAE,3.742161662834286
1091,20,25,LAE,8.983295185365643
1092,20,22,LAE,7.724991700995102
1093,20,26,LAE,5.451536701588505
1094,20,32,LAE,8.445509522237202
1095,20,24,LAE,6.228701058120073
1096,20,23,LAE,4.1104760017493
1097,20,24,LAE,3.340266313532872
1098,20,33,LAE,8.103046255724195
1099,20,32,LAE,6.611861528172604
1100,20,28,LAE,5.647673606523231
1101,20,22,LAE,3.7680194471690003
1102,20,22,LAE,3.838423493062783
1103,20,22,LAE,13.234779461076782
1104,20,30,LAE,7.989899426205544
1105,21,24,LAE,2.9505994630815233
1106,21,24,LAE,2.9694600589506903
1107,21,24,LAE,2.9826254074567515
1108,21,24,LAE,2.918273223295214
1109,21,24,LAE,2.8725826595142503
1110,21,45,LAE,22.30100341346751
1111,21,28,LAE,4.77175836066383
1112,21,24,LAE,3.194057897231837
1113,21,23,LAE,2.5148543876077594
1114,21,22,LAE,2.1620329726125718
1115,21,24,LAE,3.2835009561688064
1116,21,22,LAE,3.405036509007915
1117,21,22,LAE,3.427042818119827
1118,21,22,LAE,23.200116312414863
1119,21,23,LAE,3.268739608648059
1120,21,23,LAE,2.887233571297388
1121,21,24,LAE,2.906355974203926
1122,21,30,LAE,35.95261953969035
1123,21,26,LAE,5.082548058170042
1124,21,24,LAE,2.929383421862199
1125,21,24,LAE,3.2877426881284975
1126,21,24,LAE,2.852484788324693
1127,21,24,LAE,3.04839238348154
1128,21,22,LAE,2.8486683380222604
1129,21,25,LAE,5.045075415704481
1130,21,24,LAE,2.8334545157626776
1131,21,22,LAE,3.7330413576033847
1132,21,22,LAE,1.8915782548619946
1133,21,22,LAE,2.671905676332934
1134,21,26,LAE,5.91292089951819
1135,21,27,LAE,5.136266949483915
1136,21,22,LAE,3.6665763390499215
1137,21,28,LAE,4.9912105080430615
1138,21,22,LAE,1.9229854211305848
1139,21,22,LAE,2.7354230712361254
1140,21,24,LAE,5.722496173736735
1141,21,23,LAE,2.4497765232217055
1142,21,22,LAE,14.407942503702992
1143,21,24,LAE,3.516665844821955
1144,21,26,LAE,6.202523221990639
1145,21,22,LAE,2.909105248786884
1146,21,24,LAE,6.020765777230053
1147,21,29,LAE,8.894880471416483
1148,20,23,LAE,3.4973740761748426
1149,20,23,LAE,4.038560424009481
1150,20,23,LAE,6.272570630886403
1151,20,23,LAE,3.974160411220213
1152,20,23,LAE,3.734966876638567
1153,20,23,LAE,14.009421412086382
1154,20,23,LAE,3.891686341340165
1155,21,23,LAE,2.6715557130500964
1156,21,24,LAE,2.821727424915299
1157,21,24,LAE,2.947101257135411
1158,21,24,LAE,2.7705048699162296
1159,21,23,LAE,15.083369259788075
1160,21,25,LAE,5.422281272110899
1161,21,23,LAE,3.347198849772796
1162,22,24,LAE,2.5609076236858948
1163,22,25,LAE,3.8828819321183605
1164,22,27,LAE,6.817201890983575
1165,22,23,LAE,4.53429392463502
1166,22,26,LAE,38.48627550029954
1167,22,24,LAE,2.634190694794827
1168,22,24,LAE,2.627063364810729
1169,22,24,LAE,2.435719438160879
1170,22,24,LAE,2.674898645364458
1171,22,23,LAE,2.1423782081276506
1172,22,36,LAE,11.272192855127756
1173,22,24,LAE,2.5815775464426305
1174,22,23,LAE,2.2520628670413063
1175,22,23,LAE,2.2079309486387526
1176,22,28,LAE,7.706709835033926
1177,22,23,LAE,17.896525996035
1178,22,23,LAE,38.70424731166684
1179,22,23,LAE,2.0920034947881665
1180,22,23,LAE,4.345410596362643
1181,22,23,LAE,1.9784508696237098
1182,22,23,LAE,4.051333705787755
1183,22,24,LAE,2.4310392957275995
1184,22,23,LAE,1.4261774999676446
1185,22,24,LAE,2.480889860194502
1186,22,24,LAE,2.497598598551631
1187,22,25,LAE,4.720734719733486
1188,22,24,LAE,4.411177295873321
1189,22,23,LAE,2.244851050547044
1190,22,33,LAE,16.71328189382804
1191,22,23,LAE,2.662740198173834
1192,22,25,LAE,3.16346186115935
1193,22,31,LAE,7.09969126894073
1194,22,23,LAE,6.7018783135206395
1195,22,26,LAE,5.337842471336222
1196,22,25,LAE,4.459965880975692
1197,22,23,LAE,1.8286678574127635
1198,22,27,LAE,4.786264536119416
1199,22,23,LAE,2.16697344508926
1200,22,23,LAE,3.7527185392252065
1201,22,24,LAE,3.593923596087296
1202,22,26,LAE,4.495589194462184
1203,22,23,LAE,2.5303656994374606
1204,22,23,LAE,2.740370354035527
1205,22,26,LAE,4.822166015852432
1206,22,23,LAE,2.865727941013938
1207,22,23,LAE,1.821417207827028
1208,22,24,LAE,2.634548162985061
1209,22,25,LAE,4.437036782397144
1210,22,24,LAE,3.494885020201392
1211,22,23,LAE,2.1592198427396014
1212,22,23,LAE,2.342358193161226
1213,22,26,LAE,5.355736329111882
1214,22,23,LAE,4.162443133965645
1215,22,24,LAE,2.9900334821085566
1216,22,24,LAE,5.320308962940577
1217,22,23,LAE,4.0465855153943595
1218,22,24,LAE,4.460176277357194
1219,22,23,LAE,5.261326384110936
1220,22,23,LAE,2.6343802337986637
1221,22,23,LAE,2.965803907333388
1222,22,24,LAE,5.899587862073479
1223,22,41,LAE,12.973742713187349
1224,22,23,LAE,2.682341081411677
1225,22,26,LAE,3.888279649745304
1226,22,26,LAE,5.487864475997773
1227,22,23,LAE,2.243357766033257
1228,22,23,LAE,1.6060931027766092
1229,22,23,LAE,3.7291683642858264
1230,20,24,LAE,5.850743680246656
1231,21,24,LAE,3.1413281278629506
1232,21,24,LAE,5.084704060735334
1233,21,32,LAE,17.93619224171136
1234,21,27,LAE,8.503668775040854
1235,21,24,LAE,5.664532012775848
1236,22,24,LAE,2.548132878660755
1237,22,24,LAE,4.018260541764274
1238,22,24,LAE,3.3992478131159793
1239,22,25,LAE,3.2465033132030885
1240,22,26,LAE,5.738198937636592
1241,22,25,LAE,3.4540484019278774
1242,22,30,LAE,8.809370832013132
1243,22,25,LAE,2.73174765197067
1244,22,25,LAE,3.1424469976665677
1245,22,24,LAE,2.500135322993056
1246,22,24,LAE,2.493739867376829
1247,22,26,LAE,5.875406954227332
1248,22,31,LAE,6.064882011083098
1249,23,24,LAE,2.321552608504499
1250,23,44,LAE,14.147078277091637
1251,23,24,LAE,3.82414627969139
1252,23,24,LAE,2.0035782026229607
1253,23,24,LAE,1.9723206238759186
1254,23,24,LAE,15.586938185068043
1255,23,24,LAE,3.564835318425166
1256,23,24,LAE,2.2047223491014893
1257,23,24,LAE,2.242548276608145
1258,23,27,LAE,44.08345096337653
1259,23,38,LAE,13.609817342102819
1260,23,24,LAE,3.856594568488415
1261,23,24,LAE,4.8766120969925915
1262,23,24,LAE,2.1359311901089213
1263,23,36,LAE,11.416310198181783
1264,23,24,LAE,2.1152880136548626
1265,23,25,LAE,2.42671265933963
1266,23,25,LAE,5.168651732115299
1267,23,32,LAE,7.5700349189916905
1268,23,24,LAE,2.524059944628487
1269,23,25,LAE,4.428053304748348
1270,23,24,LAE,1.9042300312895863
1271,23,24,LAE,6.760248726836679
1272,23,32,LAE,6.67569689744369
1273,23,24,LAE,5.65617108310017
1274,23,24,LAE,2.554122743661208
1275,23,24,LAE,4.984364154713247
1276,23,26,LAE,5.148281296563419
1277,23,24,LAE,2.129838199504962
1278,23,24,LAE,1.792856778204594
1279,23,24,LAE,2.413716356977858
1280,23,24,LAE,2.292476715184335
1281,23,24,LAE,2.2716333474213433
1282,23,25,LAE,2.3221353492144936
1283,23,25,LAE,5.06317297491188
1284,23,24,LAE,34.584106456643156
1285,23,24,LAE,4.063961228707121
1286,23,41,LAE,16.014863170126077
1287,23,25,LAE,2.497296440295789
1288,23,24,LAE,2.4623645484191057
1289,23,27,LAE,7.7016751070984215
1290,23,24,LAE,2.0247878962746406
1291,23,24,LAE,2.2900250416998733
1292,23,24,LAE,5.412674535578598
1293,23,25,LAE,3.3173762533262865
1294,23,24,LAE,2.354202512390261
1295,23,24,LAE,1.848368262934365
1296,23,24,LAE,2.279096030096882
1297,23,24,LAE,4.163360232787156
1298,23,24,LAE,30.848131865171215
1299,23,25,LAE,2.755139044750886
1300,23,24,LAE,4.872996724368005
1301,23,25,LAE,3.558991860093702
1302,23,24,LAE,2.862981130208886
1303,23,24,LAE,2.287813765794357
1304,22,25,LAE,4.414851096179222
1305,22,26,LAE,4.485161416255155
1306,22,29,LAE,39.94953317037167
1307,23,25,LAE,3.3704927269090565
1308,23,25,LAE,2.561242416374727
1309,23,27,LAE,20.33130096599263
1310,23,25,LAE,2.6221497958107034
1311,23,34,LAE,14.675855399909379
1312,23,25,LAE,3.0633664745761364
1313,24,26,LAE,2.4785649020768883
1314,24,36,LAE,13.654133950949808
1315,24,25,LAE,1.3726803053211432
1316,24,26,LAE,2.3446372717809956
1317,24,29,LAE,3.7625928174867336
1318,24,28,LAE,5.781208980181513
1319,24,25,LAE,2.2211081888105255
1320,24,25,LAE,1.3717205645242705
1321,24,25,LAE,2.5723264151266707
1322,24,27,LAE,3.497529568954992
1323,24,26,LAE,2.651990056353733
1324,24,25,LAE,2.006557002455968
1325,24,25,LAE,2.3973571529726434
1326,24,40,LAE,14.642330842930146
1327,24,25,LAE,15.464065194031699
1328,24,25,LAE,2.3487592592082316
1329,24,25,LAE,3.1115755604454733
1330,24,39,LAE,16.73131615301781
1331,24,25,LAE,2.2295497591667495
1332,24,25,LAE,3.288891823454798
1333,24,28,LAE,3.5108306664782276
1334,24,25,LAE,2.2014278451871307
1335,24,28,LAE,4.161065566040591
1336,24,27,LAE,3.760681991959084
1337,24,27,LAE,5.632196990456461
1338,24,25,LAE,2.0077424690885843
1339,24,28,LAE,16.43260677921321
1340,24,25,LAE,2.174197376783465
1341,24,25,LAE,1.294420006024419
1342,24,25,LAE,1.847372977761203
1343,24,26,LAE,4.381402576543445
1344,24,25,LAE,2.2229367087597107
1345,24,27,LAE,4.344171003574064
1346,24,25,LAE,4.32301530959247
1347,24,27,LAE,5.669653993144597
1348,24,27,LAE,2.8515452279210574
1349,24,28,LAE,3.495346764717257
1350,24,25,LAE,3.2460289721357896
1351,24,25,LAE,2.141676523358278
1352,24,26,LAE,4.29741737652827
1353,24,37,LAE,8.949355637604711
1354,24,25,LAE,27.634212790766036
1355,24,25,LAE,3.771392841529359
1356,24,25,LAE,2.124845295869808
1357,24,27,LAE,3.923335753243187
1358,24,25,LAE,1.9832339823129912
1359,24,25,LAE,1.8140229917260606
1360,24,25,LAE,4.2078795027062466
1361,24,26,LAE,5.741550902773143
1362,24,25,LAE,1.893526187024691
1363,24,25,LAE,3.069239788462279
1364,24,27,LAE,4.354281429719697
1365,24,25,LAE,2.735130491735136
1366,24,25,LAE,4.624730125805767
1367,24,25,LAE,3.5056485821196683
1368,24,34,LAE,8.778379318037576
1369,24,26,LAE,4.426718573973298
1370,24,26,LAE,7.57109275543157
1371,24,25,LAE,2.1237541367207675
1372,24,26,LAE,4.949490952198624
1373,24,26,LAE,4.55963646345826
1374,24,28,LAE,4.383486953042784
1375,24,25,LAE,1.932575658717028
1376,24,36,LAE,9.764479723424149
1377,24,27,LAE,4.711289810154533
1378,24,26,LAE,8.133510850684992
1379,24,31,LAE,6.157250310096946
1380,24,37,LAE,9.097087560382398
1381,24,44,LAE,13.749945529892766
1382,24,26,LAE,2.3773656161033285
1383,24,32,LAE,14.928006157804385
1384,24,26,LAE,4.423111820145726
1385,24,26,LAE,3.980935882916557
1386,24,26,LAE,3.9200833167029194
1387,24,26,LAE,4.424903777628067
1388,24,27,LAE,4.479649808348506
1389,24,27,LAE,3.290793026598022
1390,25,26,LAE,1.4765424753378915
1391,25,26,LAE,4.15781586048
1392,25,28,LAE,28.10547004435958
1393,25,26,LAE,3.8762936370239207
1394,25,26,LAE,4.504901390095089
1395,25,26,LAE,1.8141481244016953
1396,25,26,LAE,4.267249299441434
1397,25,27,LAE,2.749996948356163
1398,25,26,LAE,4.450076017915022
1399,25,45,LAE,12.57886388675704
1400,25,32,LAE,5.3186766945422415
1401,25,28,LAE,2.977805036446427
1402,25,26,LAE,3.8372706735877684
1403,25,28,LAE,9.348739411460766
1404,25,26,LAE,3.06278948496507
1405,25,26,LAE,1.6763659649660245
1406,25,26,LAE,3.810459741082786
1407,25,38,LAE,13.371225495145564
1408,25,26,LAE,2.276822516437251
1409,25,29,LAE,4.019242755203579
1410,25,27,LAE,21.319036754308637
1411,25,32,LAE,5.381719953349979
1412,25,26,LAE,1.9338743878793088
1413,25,26,LAE,4.329415571346881
1414,25,26,LAE,1.6905747483912228
1415,25,44,LAE,13.390547901399872
1416,25,33,LAE,9.255968705688723
1417,25,26,LAE,4.988947503882846
1418,25,27,LAE,2.6143729416357777
1419,25,35,LAE,9.24105871229954
1420,25,26,LAE,2.048639400872755
1421,25,26,LAE,2.4431320994289205
1422,25,26,LAE,2.2429933218752818
1423,25,26,LAE,2.2284436209445144
1424,25,26,LAE,2.625654041902226
1425,25,27,LAE,2.8433293941904814
1426,25,26,LAE,2.4993578995997137
1427,25,30,LAE,6.671596599133821
1428,25,26,LAE,25.54448794063091
1429,25,26,LAE,2.9149221027176675
1430,25,28,LAE,2.8004800492619117
1431,25,26,LAE,3.971492836286498
1432,25,27,LAE,7.603131231697537
1433,25,27,LAE,4.001275121576164
1434,25,26,LAE,3.5704987518930515
1435,25,30,LAE,6.170841730072425
1436,25,26,LAE,6.328773704207286
1437,25,29,LAE,5.51540290560839
1438,25,27,LAE,5.088761068998488
1439,25,26,LAE,2.127943044807864
1440,25,26,LAE,3.9682528683905818
1441,25,26,LAE,3.99938558276897
1442,25,27,LAE,2.983385145089308
1443,25,28,LAE,4.085791369923533
1444,25,26,LAE,2.3230737860372805
1445,25,26,LAE,22.791779315254917
1446,25,26,LAE,2.199565927255513
1447,23,27,LAE,33.16297215615997
1448,25,27,LAE,14.156508856719215
1449,25,30,LAE,20.80960477111785
1450,25,27,LAE,7.011786877109394
1451,25,28,LAE,7.217443240001289
1452,26,27,LAE,2.205895986703412
1453,26,28,LAE,4.1110997820419195
1454,26,27,LAE,3.283876587663932
1455,26,28,LAE,2.1746028675489737
1456,26,28,LAE,2.7029006349172437
1457,26,27,LAE,4.71806167099823
1458,26,27,LAE,2.412365350475859
1459,26,27,LAE,2.456175761119262
1460,26,27,LAE,4.2597599705811
1461,26,27,LAE,2.311521201489697
1462,26,30,LAE,18.448791162884287
1463,26,27,LAE,2.0545974391939126
1464,26,28,LAE,2.521720099866362
1465,26,27,LAE,1.8892755222593702
1466,26,27,LAE,4.901151167322687
1467,26,27,LAE,2.6330366550393753
1468,26,27,LAE,3.08603485818026
1469,26,28,LAE,2.469868540569418
1470,26,27,LAE,2.472751491727195
1471,26,27,LAE,2.114365148270704
1472,26,27,LAE,3.4765215366239297
1473,26,31,LAE,6.492181445562651
1474,26,27,LAE,3.282211451352352
1475,26,27,LAE,2.2323348402273635
1476,26,28,LAE,2.4256304390623353
1477,26,32,LAE,4.724802198048216
1478,26,28,LAE,2.319860302526443
1479,26,27,LAE,3.654520019173086
1480,26,28,LAE,3.0170568724593747
1481,26,27,LAE,2.189770453465394
1482,26,27,LAE,31.024792879202867
1483,26,27,LAE,1.7739508145940863
1484,26,27,LAE,2.4976746781033645
1485,26,27,LAE,1.734706063622908
1486,26,28,LAE,2.7439574341498956
1487,26,27,LAE,1.8409621577706412
1488,26,27,LAE,3.359560423368206
1489,26,27,LAE,2.3583103638446845
1490,26,27,LAE,2.629683417088628
1491,26,27,LAE,2.0911340893749264
1492,26,28,LAE,3.784174126359179
1493,26,27,LAE,3.6181794829369465
1494,26,28,LAE,2.3817225789165604
1495,26,29,LAE,4.9761386013402324
1496,26,27,LAE,7.0939193293167415
1497,26,30,LAE,6.110045987325178
1498,26,28,LAE,2.787077747124069
1499,26,27,LAE,1.9242525467186278
1500,26,29,LAE,4.726488739665423
1501,26,27,LAE,1.9840197558188783
1502,26,27,LAE,3.742278507717449
1503,26,29,LAE,3.5721771419579973
1504,26,27,LAE,2.3785185339562576
1505,26,27,LAE,2.292817143353169
1506,26,27,LAE,3.3591612068616974
1507,26,31,LAE,4.801575543081842
1508,26,27,LAE,1.9229982627489333
1509,26,32,LAE,4.716355505638569
1510,26,27,LAE,2.487460555576882
1511,26,27,LAE,4.946001830147339
1512,26,27,LAE,3.2475434647952515
1513,26,32,LAE,8.750823347122791
1514,26,28,LAE,4.1690530002636805
1515,26,28,LAE,14.927431486837332
1516,26,28,LAE,2.340147799871479
1517,26,28,LAE,2.4403468446625918
1518,26,28,LAE,3.573620391990219
1519,26,27,LAE,1.6048888723314794
1520,26,27,LAE,2.028544493287185
1521,26,27,LAE,2.7398459756921234
1522,26,30,LAE,3.174333227757408
1523,26,36,LAE,9.958738189828072
1524,26,31,LAE,4.538587603497674
1525,26,28,LAE,2.339938369942757
1526,26,32,LAE,4.83962656251479
1527,26,27,LAE,3.0619723518704034
1528,26,27,LAE,3.630563790073928
1529,26,27,LAE,7.137803392562623
1530,26,28,LAE,2.96229737045239
1531,26,28,LAE,2.7493741848213054
1532,24,28,LAE,20.657162789822493
1533,25,28,LAE,10.209995936522597
1534,26,31,LAE,4.835489814685844
1535,26,32,LAE,4.980502062633972
1536,26,28,LAE,3.375143284582079
1537,27,29,LAE,2.2727930597769754
1538,27,28,LAE,2.2746316872547325
1539,27,31,LAE,4.590911338262137
1540,27,28,LAE,2.5079334512448295
1541,27,31,LAE,4.159359983752692
1542,27,28,LAE,2.3366449627637578
1543,27,32,LAE,4.396065762322509
1544,27,28,LAE,2.839995030994696
1545,27,30,LAE,4.744694470649214
1546,27,33,LAE,12.944762016025765
1547,27,28,LAE,1.7438805483725481
1548,27,32,LAE,4.249954339826089
1549,27,28,LAE,1.529033121076465
1550,27,28,LAE,2.1459529206477748
1551,27,28,LAE,1.6589142905832701
1552,27,28,LAE,3.3173211586174536
1553,27,30,LAE,5.896006643830808
1554,27,28,LAE,1.786972366233849
1555,27,30,LAE,2.9832022156047064
1556,27,28,LAE,2.466979111090616
1557,27,28,LAE,2.021514402867697
1558,27,36,LAE,7.831992315929966
1559,27,38,LAE,7.797478221958062
1560,27,28,LAE,3.465868802935676
1561,27,28,LAE,1.9815163578156594
1562,27,28,LAE,2.0381839511182505
1563,27,28,LAE,5.032758949132409
1564,27,30,LAE,3.453957997262355
1565,27,28,LAE,2.2969345676826265
1566,27,29,LAE,2.3717155301151553
1567,27,29,LAE,2.113288416002242
1568,27,28,LAE,5.845454407447312
1569,27,28,LAE,1.734446330079966
1570,27,29,LAE,3.0449360268578496
1571,27,33,LAE,8.82809266078242
1572,27,28,LAE,2.5038507616596375
1573,27,28,LAE,1.667251377023057
1574,27,29,LAE,3.370758428933171
1575,27,37,LAE,8.154373922093324
1576,27,28,LAE,1.6291372057003424
1577,27,29,LAE,3.4862868686833015
1578,27,29,LAE,3.377588453089143
1579,27,29,LAE,9.952680225476781
1580,27,29,LAE,3.1065153088957262
1581,27,28,LAE,3.3223820499695362
1582,27,29,LAE,2.9090255742719586
1583,27,28,LAE,15.98793359850199
1584,27,31,LAE,4.035107166627469
1585,27,28,LAE,2.898723293342447
1586,27,32,LAE,9.869917659011238
1587,27,32,LAE,5.288676343977585
1588,27,29,LAE,3.664954100223189
1589,27,28,LAE,2.303188275319805
1590,27,29,LAE,2.4926088343593276
1591,27,31,LAE,6.280707552745487
1592,27,28,LAE,2.3176093462673797
1593,27,28,LAE,2.103302823292615
1594,27,30,LAE,5.868736413291105
1595,27,31,LAE,7.5272663715840835
1596,25,35,LAE,13.070364423743845
1597,26,30,LAE,44.763377420634114
1598,27,31,LAE,3.81273271644396
1599,27,40,LAE,11.232163490624428
1600,27,29,LAE,12.621098278260042
1601,27,34,LAE,19.059020919506512
1602,27,29,LAE,7.83187214628704
1603,27,31,LAE,5.94283259522374
1604,27,38,LAE,14.212887733579157
1605,28,29,LAE,2.51527334442829
1606,28,29,LAE,1.6980752442294773
1607,28,29,LAE,2.967535469007557
1608,28,29,LAE,2.5615435939260736
1609,28,29,LAE,2.8225058281336612
1610,28,29,LAE,2.6052082360469018
1611,28,29,LAE,2.836488111908048
1612,28,30,LAE,2.1876288925333447
1613,28,29,LAE,2.455534553554287
1614,28,30,LAE,3.0519413364026997
1615,28,29,LAE,2.5959838439930305
1616,28,29,LAE,3.659449914765009
1617,28,33,LAE,7.609411016172916
1618,28,29,LAE,2.820892532181269
1619,28,29,LAE,2.749798091744284
1620,28,29,LAE,2.517694935322423
1621,28,29,LAE,4.050189013824215
1622,28,29,LAE,17.537457034293627
1623,28,30,LAE,2.9783071043242892
1624,28,29,LAE,2.189309544881234
1625,28,29,LAE,2.6487748484166884
1626,28,29,LAE,1.730082840598161
1627,28,29,LAE,2.4933844962274496
1628,28,30,LAE,3.038557763822003
1629,28,31,LAE,6.253138670283933
1630,28,29,LAE,2.240421056420665
1631,28,30,LAE,3.2326638224491124
1632,28,29,LAE,2.0562158970992903
1633,28,29,LAE,47.57583146718941
1634,28,29,LAE,2.5976034848806497
1635,28,37,LAE,11.565148280225555
1636,28,30,LAE,5.469945020518457
1637,28,31,LAE,16.303173125562047
1638,28,29,LAE,2.547832551464899
1639,28,30,LAE,2.7771812733313728
1640,28,29,LAE,3.1161040402672198
1641,28,29,LAE,4.068046902483953
1642,28,29,LAE,2.0643207575394165
1643,28,29,LAE,2.752722048320817
1644,28,29,LAE,1.793321338656519
1645,28,30,LAE,3.0959561039155075
1646,28,32,LAE,3.576397758659268
1647,28,29,LAE,3.322979584621624
1648,28,30,LAE,2.7982185328200857
1649,28,29,LAE,1.7393350888457382
1650,28,42,LAE,11.015197717735552
1651,28,29,LAE,2.629790262943507
1652,28,31,LAE,3.115231584183828
1653,28,29,LAE,2.874205017576654
1654,28,36,LAE,6.559186142052222
1655,28,31,LAE,3.5598092657086133
1656,28,30,LAE,4.6682486257003655
1657,28,30,LAE,2.6591043557364844
1658,28,29,LAE,2.395430024922216
1659,28,29,LAE,5.247343237722262
1660,28,31,LAE,2.822394958845694
1661,28,29,LAE,1.9358229299934293
1662,28,35,LAE,6.420561763809182
1663,28,31,LAE,12.856619468010878
1664,28,45,LAE,9.861178938985006
1665,28,29,LAE,2.357206627195514
1666,28,33,LAE,9.897100612102667
1667,28,29,LAE,2.6263510946788755
1668,28,29,LAE,1.9150039165850805
1669,28,29,LAE,5.576236888811323
1670,27,30,LAE,5.3212435589057705
1671,28,30,LAE,5.115071539097679
1672,28,31,LAE,8.077648015391652
1673,28,31,LAE,3.4643697430478646
1674,28,31,LAE,10.324232393782435
1675,28,30,LAE,3.0042649595261905
1676,29,30,LAE,2.5810052428147836
1677,29,30,LAE,2.5091109685223048
1678,29,34,LAE,13.918094860132204
1679,29,30,LAE,1.9265795049279908
1680,29,34,LAE,6.922628634482446
1681,29,30,LAE,2.07685454592817
1682,29,30,LAE,2.015103106145452
1683,29,30,LAE,1.9231931732968717
1684,29,30,LAE,2.359556563265958
1685,29,30,LAE,13.357314987074492
1686,29,30,LAE,1.99073610575178
1687,29,30,LAE,2.2311629956206125
1688,29,30,LAE,1.7442044347203234
1689,29,30,LAE,2.5123109025707464
1690,29,31,LAE,13.627220312841576
1691,29,30,LAE,2.5319967802363923
1692,29,31,LAE,3.0991055890901933
1693,29,31,LAE,3.384900342608219
1694,29,30,LAE,2.0387650629920424
1695,29,30,LAE,2.1020817673339045
1696,29,30,LAE,2.325352431522344
1697,29,30,LAE,1.635146575269225
1698,29,30,LAE,2.262420883450854
1699,29,30,LAE,2.2622057698107776
1700,29,30,LAE,2.270654851983799
1701,29,30,LAE,3.1414430924879335
1702,29,30,LAE,2.602922332018761
1703,29,30,LAE,2.3262959796543785
1704,29,30,LAE,2.310712018360309
1705,29,31,LAE,2.782507489567937
1706,29,30,LAE,2.1617438890210057
1707,29,30,LAE,1.9327904628493677
1708,29,30,LAE,1.9840267455744258
1709,29,36,LAE,6.845226866256989
1710,29,30,LAE,2.4897962184968425
1711,29,30,LAE,2.2963901683329597
1712,29,30,LAE,1.8212719754813014
1713,29,30,LAE,2.082451417265838
1714,29,30,LAE,2.416477166538073
1715,29,30,LAE,2.001010603956985
1716,29,30,LAE,1.9341730467685654
1717,29,30,LAE,1.8103156053940996
1718,29,33,LAE,4.389293180250963
1719,29,30,LAE,2.312535279364601
1720,29,31,LAE,13.910617227922373
1721,29,30,LAE,2.280535183929963
1722,29,30,LAE,5.4194720568530155
1723,29,31,LAE,6.951014085520917
1724,29,30,LAE,3.580123715209268
1725,29,31,LAE,2.639941435791752
1726,29,30,LAE,4.281788562028154
1727,29,30,LAE,2.1984798473674823
1728,29,31,LAE,2.2800696309004365
1729,29,37,LAE,7.034909759186053
1730,29,30,LAE,2.3636705854310733
1731,29,30,LAE,2.1607609595985515
1732,29,30,LAE,58.06337796357067
1733,29,31,LAE,2.483955699673934
1734,29,30,LAE,2.2961623240167763
1735,29,30,LAE,2.710119633874345
1736,29,30,LAE,2.2756467194068124
1737,29,30,LAE,2.0381572171305016
1738,29,30,LAE,2.08303092613814
1739,29,31,LAE,2.5296464747843483
1740,29,30,LAE,2.3159441961746747
1741,29,30,LAE,2.2791710299998633
1742,29,34,LAE,14.320111297418382
1743,29,30,LAE,2.2692750372216004
1744,29,30,LAE,2.22338246868835
1745,29,33,LAE,4.113079084833792
1746,29,31,LAE,2.2519964572268862
1747,29,31,LAE,5.177553315373351
1748,29,31,LAE,3.9999058868859
1749,29,31,LAE,2.8350864637914257
1750,29,32,LAE,4.521159115324121
1751,29,30,LAE,2.2422504169736373
1752,28,36,LAE,7.699682436177129
1753,28,32,LAE,44.63852745900426
1754,28,36,LAE,7.1595271411726005
1755,29,37,LAE,6.787212755379395
1756,29,32,LAE,3.989330586293542
1757,29,31,LAE,3.3674158610867395
1758,29,31,LAE,11.513663790806797
1759,29,35,LAE,7.830745441297567
1760,29,31,LAE,10.121351056809074
1761,29,31,LAE,4.820647806293257
1762,29,37,LAE,7.525124527599003
1763,30,32,LAE,2.5355706707318366
1764,30,32,LAE,2.9240315699876542
1765,30,32,LAE,2.421295558345397
1766,30,32,LAE,2.398989473092832
1767,30,37,LAE,5.968337998187684
1768,30,31,LAE,2.000573895454398
1769,30,32,LAE,2.7316864674616768
1770,30,31,LAE,2.1172025820856577
1771,30,41,LAE,15.226271996423462
1772,30,31,LAE,3.4490479949012567
1773,30,32,LAE,2.3656290171031107
1774,30,31,LAE,2.1437101388404765
1775,30,32,LAE,11.779421329724046
1776,30,31,LAE,1.9386593108618095
1777,30,32,LAE,2.7483643889142892
1778,30,31,LAE,2.5401977936687956
1779,30,31,LAE,2.327217517849053
1780,30,31,LAE,2.637166920263776
1781,30,31,LAE,2.188553679332434
1782,30,31,LAE,12.204324285726429
1783,30,31,LAE,20.395907871306704
1784,30,35,LAE,4.817413114701019
1785,30,31,LAE,2.5430982417057217
1786,30,33,LAE,3.8700276047484374
1787,30,32,LAE,4.69051217398234
1788,30,31,LAE,2.507198618575526
1789,30,32,LAE,4.072224441208113
1790,30,31,LAE,1.978706560477298
1791,30,31,LAE,3.2510440330311434
1792,30,31,LAE,3.2572476731970936
1793,30,44,LAE,11.505158384500747
1794,30,38,LAE,9.273119077879716
1795,30,31,LAE,2.0743666160025653
1796,30,31,LAE,2.3639949450289035
1797,30,32,LAE,2.8647758553899183
1798,30,39,LAE,7.697914001586221
1799,30,31,LAE,2.414898945007134
1800,30,33,LAE,3.22964080644422
1801,30,31,LAE,2.8126969481403528
1802,30,32,LAE,3.1219812694740083
1803,30,31,LAE,2.333687120751739
1804,30,32,LAE,2.5793101728302306
1805,30,31,LAE,2.721731432641723
1806,30,31,LAE,2.7581193923292333
1807,30,33,LAE,4.70662516856321
1808,30,33,LAE,4.2335633173781515
1809,30,34,LAE,5.235356813646133
1810,30,33,LAE,3.835871870420683
1811,30,31,LAE,2.3308246399542423
1812,30,36,LAE,4.611679486815551
1813,30,31,LAE,2.5518281400445675
1814,30,31,LAE,2.0961497148718515
1815,30,37,LAE,6.003188250806147
1816,30,31,LAE,14.159953414637057
1817,30,31,LAE,1.9720797127322836
1818,30,32,LAE,11.467407635033032
1819,30,32,LAE,2.615361836358837
1820,30,33,LAE,3.050331765720797
1821,30,32,LAE,2.528319896039191
1822,30,32,LAE,4.8901126390441965
1823,30,32,LAE,6.087409211084673
1824,30,34,LAE,4.656661609440877
1825,30,31,LAE,12.892482148470112
1826,30,31,LAE,3.567113887906921
1827,30,31,LAE,2.086062610279609
1828,30,34,LAE,4.731623617384211
1829,30,31,LAE,4.2655571607932234
1830,30,31,LAE,2.1855229968897283
1831,30,31,LAE,3.060561050035937
1832,29,34,LAE,5.287510137595355
1833,29,36,LAE,6.35809693513471
1834,29,34,LAE,6.564130969736077
1835,30,44,LAE,9.11189587267936
1836,30,32,LAE,4.081568456222002
1837,30,34,LAE,4.130285818463092
1838,30,32,LAE,2.616285544633295
1839,30,32,LAE,3.2286064738793394
1840,31,33,LAE,2.718425495703351
1841,31,32,LAE,2.6298892245559022
1842,31,32,LAE,1.9209660383555223
1843,31,34,LAE,3.871779938349169
1844,31,32,LAE,3.631707435158116
1845,31,32,LAE,2.55875162218444
1846,31,32,LAE,2.9341119950297756
1847,31,32,LAE,1.83925287087831
1848,31,32,LAE,1.9814230643433577
1849,31,33,LAE,2.862760673368531
1850,31,33,LAE,2.3753511192923593
1851,31,32,LAE,2.7495093566199267
1852,31,38,LAE,6.636965036419772
1853,31,32,LAE,1.9968881983877063
1854,31,32,LAE,2.673940401669311
1855,31,32,LAE,2.035883502935358
1856,31,32,LAE,3.362973771229331
1857,31,35,LAE,7.050480932869436
1858,31,38,LAE,5.528151778431914
1859,31,33,LAE,3.9516891515280115
1860,31,32,LAE,2.6286477620839643
1861,31,33,LAE,3.5558282035564632
1862,31,32,LAE,2.9013099631038717
1863,31,33,LAE,2.51368431959457
1864,31,33,LAE,6.068500188966405
1865,31,33,LAE,2.957724800500313
1866,31,32,LAE,3.589080159536966
1867,31,32,LAE,5.949486154318033
1868,31,37,LAE,5.320605814350893
1869,31,32,LAE,2.919245752867638
1870,31,40,LAE,10.052466485538307
1871,31,34,LAE,3.91518980021528
1872,31,33,LAE,2.7967831644287706
1873,31,32,LAE,1.8139408674431707
1874,31,32,LAE,2.056089809136649
1875,31,38,LAE,9.78363413697671
1876,31,43,LAE,9.679320051638467
1877,31,32,LAE,3.2519701061656145
1878,31,34,LAE,6.122894177770456
1879,31,32,LAE,1.9550090059583332
1880,31,33,LAE,3.317199445385215
1881,31,32,LAE,2.0697030563428753
1882,31,32,LAE,3.0606791981386112
1883,31,32,LAE,2.3057850968124605
1884,31,34,LAE,4.060459864206979
1885,31,33,LAE,3.2338881664216754
1886,31,33,LAE,2.8562015614336405
1887,31,33,LAE,3.6252215417026807
1888,31,34,LAE,3.7999905932888938
1889,31,32,LAE,1.896059016616295
1890,31,32,LAE,2.753341041622197
1891,31,34,LAE,3.388541396836723
1892,31,35,LAE,5.94629487480284
1893,31,32,LAE,2.972857250108553
1894,31,32,LAE,6.20401755617717
1895,31,34,LAE,3.69822424535778
1896,31,33,LAE,3.3279457432899022
1897,31,32,LAE,6.124222902642231
1898,31,32,LAE,3.8506934335875096
1899,31,33,LAE,2.783921736942627
1900,31,33,LAE,3.916416122001801
1901,31,32,LAE,1.9328962970259063
1902,31,34,LAE,5.029681297475594
1903,31,32,LAE,3.6656071084614745
1904,31,32,LAE,2.045785202873062
1905,31,33,LAE,3.7085138543882255
1906,31,32,LAE,4.076416993073758
1907,31,32,LAE,3.534120347078411
1908,31,32,LAE,2.153980755569937
1909,31,32,LAE,2.5999081910482422
1910,31,32,LAE,2.1941352398550142
1911,31,34,LAE,4.825556837083073
1912,31,33,LAE,3.025244070519022
1913,31,32,LAE,3.6823815297282696
1914,31,32,LAE,2.0395857356758196
1915,29,33,LAE,6.665839613558042
1916,30,36,LAE,10.309948534534875
1917,30,35,LAE,9.794464135102688
1918,31,35,LAE,7.015443110676253
1919,31,34,LAE,3.7731678576271888
1920,31,35,LAE,6.878181736732568
1921,31,34,LAE,6.264418814139323
1922,32,33,LAE,3.5996901560853063
1923,32,33,LAE,3.1208233956195257
1924,32,33,LAE,2.6426405338015813
1925,32,39,LAE,10.062262758644055
1926,32,34,LAE,3.162466493467418
1927,32,33,LAE,3.2071506901546933
1928,32,34,LAE,4.843160290778403
1929,32,33,LAE,2.3124689984027973
1930,32,40,LAE,9.434132908271605
1931,32,35,LAE,3.1127885386635907
1932,32,36,LAE,11.069519717157343
1933,32,34,LAE,4.5765539061274625
1934,32,33,LAE,4.250853305604004
1935,32,33,LAE,2.3526955060409676
1936,32,38,LAE,6.292329161956989
1937,32,35,LAE,5.31599632560003
1938,32,33,LAE,2.546069070207572
1939,32,33,LAE,3.1962372034285327
1940,32,33,LAE,2.34922942678301
1941,32,33,LAE,3.1458211481035008
1942,32,33,LAE,2.3514296846032616
1943,32,34,LAE,4.699150732557907
1944,32,43,LAE,8.817259703453983
1945,32,33,LAE,3.1334253837894113
1946,32,34,LAE,3.4365517089619653
1947,32,41,LAE,9.232973813784751
1948,32,33,LAE,2.4376263071791033
1949,32,34,LAE,2.634276535490393
1950,32,33,LAE,5.830921565846472
1951,32,33,LAE,2.5414978155326358
1952,32,33,LAE,2.845881268157671
1953,32,41,LAE,12.089435529172505
1954,32,33,LAE,2.2038969257917165
1955,32,33,LAE,3.0663095146494124
1956,32,33,LAE,2.2000256138723797
1957,32,33,LAE,2.451922643637658
1958,32,38,LAE,4.985119578008525
1959,32,33,LAE,1.6950719419142857
1960,32,33,LAE,2.4319428917389283
1961,32,34,LAE,3.341417374020873
1962,32,33,LAE,5.580525555768564
1963,32,33,LAE,2.0689536082320616
1964,32,42,LAE,11.705233817107288
1965,32,33,LAE,4.2233222940588915
1966,32,33,LAE,5.148181338548006
1967,32,35,LAE,5.654553920877211
1968,32,34,LAE,2.918031704695628
1969,32,33,LAE,5.376193443355629
1970,32,33,LAE,6.232967837335316
1971,32,33,LAE,2.4714824393137063
1972,32,33,LAE,4.808852013873985
1973,32,33,LAE,2.241515090420049
1974,32,33,LAE,2.052911997043744
1975,32,33,LAE,2.4450160673224635
1976,32,33,LAE,3.003782216268628
1977,32,35,LAE,3.4190272229672147
1978,32,35,LAE,5.787669057824346
1979,32,34,LAE,3.1059146041736376
1980,32,33,LAE,5.82190139531532
1981,32,33,LAE,2.4558306872809226
1982,32,33,LAE,2.4431252036659425
1983,32,33,LAE,2.3451033215197405
1984,32,34,LAE,3.13672799907409
1985,32,33,LAE,2.2915867360565425
1986,32,35,LAE,6.144331371344833
1987,32,43,LAE,11.743771012823153
1988,32,34,LAE,3.2467715840520777
1989,32,33,LAE,2.8078796259911556
1990,32,33,LAE,5.801968965209653
1991,32,34,LAE,3.0088589526390916
1992,32,33,LAE,3.158786193429198
1993,32,33,LAE,4.8382150113418545
1994,32,33,LAE,4.26558433695475
1995,32,36,LAE,9.300547118448488
1996,32,33,LAE,3.2952630397113265
1997,32,33,LAE,2.6848963548406464
1998,32,36,LAE,5.428503167218638
1999,32,33,LAE,2.5480743186556203
2000,32,33,LAE,3.5048074774402487
2001,32,34,LAE,3.275055332020748
2002,32,34,LAE,5.728003136792039
2003,32,37,LAE,4.7496176298166795
2004,31,37,LAE,5.339343150632847
2005,31,35,LAE,5.6063924546416475
2006,31,35,LAE,6.20747979448328
2007,32,38,LAE,9.088543572656084
2008,32,35,LAE,6.13347647721697
2009,32,40,LAE,7.8245519831523795
2010,32,40,LAE,9.374165334321987
2011,32,34,LAE,6.092577111157638
2012,32,34,LAE,2.8722402554092827
2013,32,36,LAE,6.10595885663796
2014,32,36,LAE,11.699184365164955
2015,33,34,LAE,2.5722748373395907
2016,33,38,LAE,4.254857444858537
2017,33,35,LAE,5.60317271810238
2018,33,35,LAE,5.335822932973787
2019,33,35,LAE,3.4009362676065704
2020,33,35,LAE,5.5233257193245215
2021,33,34,LAE,2.4979939315216297
2022,33,34,LAE,1.6981867251898883
2023,33,34,LAE,2.3875672746685925
2024,33,37,LAE,4.170653111324744
2025,33,39,LAE,9.05517278610073
2026,33,37,LAE,4.4161960523563835
2027,33,34,LAE,2.830339461892202
2028,33,35,LAE,3.612814591508852
2029,33,35,LAE,2.535665899086028
2030,33,34,LAE,2.170412632001382
2031,33,35,LAE,4.19837127793053
2032,33,40,LAE,7.441584840314565
2033,33,34,LAE,2.6770652783158093
2034,33,35,LAE,3.108874150557372
2035,33,35,LAE,2.941910949861279
2036,33,34,LAE,2.756864834251823
2037,33,34,LAE,5.20670289896989
2038,33,34,LAE,2.5024263485163893
2039,33,36,LAE,4.158554533226095
2040,33,34,LAE,4.841156707228606
2041,33,36,LAE,8.489084465625973
2042,33,34,LAE,2.139723687288429
2043,33,34,LAE,2.388856337452264
2044,33,35,LAE,5.230851353082958
2045,33,34,LAE,2.3238094049417763
2046,33,36,LAE,6.466781843086471
2047,33,34,LAE,4.2000901733232885
2048,33,34,LAE,2.6935631655392447
2049,33,34,LAE,2.159378753229836
2050,33,35,LAE,5.5452711379235105
2051,33,36,LAE,5.555908150910543
2052,33,37,LAE,8.507733442443199
2053,33,34,LAE,2.6136087869211293
2054,33,35,LAE,5.5110837508475
2055,33,34,LAE,4.4871914065548415
2056,33,34,LAE,2.381257940916233
2057,33,35,LAE,5.433485939523662
2058,33,35,LAE,3.0082066467621966
2059,33,36,LAE,3.6013310025743333
2060,33,43,LAE,8.49087461942313
2061,33,34,LAE,2.2712536595892816
2062,33,34,LAE,3.7240552861104357
2063,33,34,LAE,2.515066465588562
2064,33,34,LAE,2.8529260607060074
2065,33,43,LAE,8.613762744848973
2066,33,34,LAE,5.939989066472919
2067,33,35,LAE,4.757883267451156
2068,33,34,LAE,3.2256291807541935
2069,33,38,LAE,8.144113336402791
2070,33,34,LAE,2.5702093399092156
2071,33,38,LAE,5.557839413695446
2072,32,35,LAE,6.340209982354209
2073,32,35,LAE,5.981159450220023
2074,32,35,LAE,4.774637083432321
2075,33,35,LAE,4.5794431235135935
2076,34,36,LAE,3.9100525053303614
2077,34,36,LAE,5.54697356512415
2078,34,38,LAE,3.530722813456939
2079,34,35,LAE,4.502452152939709
2080,34,35,LAE,5.736851401295795
2081,34,35,LAE,3.7207287968508687
2082,34,36,LAE,3.771400315333756
2083,34,36,LAE,3.7991885305134003
2084,34,35,LAE,4.41483398910807
2085,34,35,LAE,4.448812295171047
2086,34,35,LAE,8.148524630897139
2087,34,35,LAE,3.9880579574357506
2088,34,35,LAE,4.356745170556127
2089,34,35,LAE,1.7833704636088954
2090,34,35,LAE,4.11938090292436
2091,34,40,LAE,7.006801356133551
2092,34,35,LAE,3.269529849481824
2093,34,36,LAE,5.326659606028961
2094,34,35,LAE,4.131981880994166
2095,34,44,LAE,8.185952183963428
2096,34,35,LAE,2.218502122245127
2097,34,35,LAE,3.8113977051478574
2098,34,35,LAE,4.83551457783642
2099,34,35,LAE,3.8262038978040125
2100,34,35,LAE,4.891198805145597
2101,34,35,LAE,4.714807599495081
2102,34,35,LAE,2.1025203990435597
2103,34,35,LAE,2.0911612382456566
2104,34,37,LAE,5.34366644955378
2105,34,35,LAE,3.6796766494101507
2106,34,35,LAE,7.714657499180645
2107,34,37,LAE,5.029723274259727
2108,34,37,LAE,4.88144714180678
2109,34,36,LAE,5.989410345899929
2110,34,35,LAE,5.049516739433318
2111,34,36,LAE,5.1986745936240855
2112,34,35,LAE,4.484845279600312
2113,34,35,LAE,6.164808781540164
2114,34,35,LAE,4.394183766904849
2115,34,35,LAE,4.552966506390893
2116,34,35,LAE,3.88710045627107
2117,34,35,LAE,5.052297938975498
2118,34,40,LAE,7.72668561654087
2119,34,35,LAE,4.194253147132136
2120,34,35,LAE,4.193810101917585
2121,34,35,LAE,5.450816291733485
2122,34,35,LAE,4.750343492723647
2123,34,36,LAE,6.705348826400905
2124,34,35,LAE,4.803004084542044
2125,34,35,LAE,4.719013722121156
2126,34,37,LAE,5.231328253651218
2127,34,35,LAE,8.629720230935488
2128,34,40,LAE,9.512741536533644
2129,34,35,LAE,3.710867236230211
2130,34,35,LAE,4.871028915573534
2131,34,35,LAE,3.0732198972488955
2132,34,36,LAE,5.322158477751517
2133,34,35,LAE,2.1390817129528776
2134,34,36,LAE,5.1652310253361575
2135,34,35,LAE,3.5896255629264977
2136,34,35,LAE,7.757122804321666
2137,34,35,LAE,4.404633859175156
2138,34,39,LAE,5.420268915673141
2139,32,39,LAE,10.181827981705933
2140,33,36,LAE,9.217658013557783
2141,33,36,LAE,3.67973307731721
2142,33,36,LAE,11.267051634573304
2143,35,43,LAE,10.322747091543015
2144,35,36,LAE,2.3821290138958413
2145,35,36,LAE,3.3483061960226483
2146,35,36,LAE,5.488704752303745
2147,35,37,LAE,8.522617205878865
2148,35,36,LAE,3.128493415531234
2149,35,36,LAE,4.671967275922411
2150,35,36,LAE,4.366736803966841
2151,35,36,LAE,3.595920158960161
2152,35,37,LAE,3.2133956318527934
2153,35,36,LAE,4.5046735986081
2154,35,36,LAE,4.965925822916123
2155,35,36,LAE,2.954633871243739
2156,35,36,LAE,2.3525649469960386
2157,35,39,LAE,7.788915259437446
2158,35,37,LAE,5.418887539802601
2159,35,36,LAE,5.265645296951287
2160,35,36,LAE,4.3376945745688085
2161,35,36,LAE,3.157659614335013
2162,35,36,LAE,7.54839978297672
2163,35,36,LAE,1.8507530625204691
2164,35,36,LAE,4.394416810300643
2165,35,37,LAE,3.0290594255068415
2166,35,38,LAE,4.611409594721162
2167,35,38,LAE,4.546790903441514
2168,35,39,LAE,4.444918811898978
2169,35,39,LAE,4.021117928080703
2170,35,37,LAE,5.065549756693766
2171,35,36,LAE,2.2007795491777196
2172,35,36,LAE,3.9421260174280084
2173,35,38,LAE,4.224699434658129
2174,35,36,LAE,3.3826611654828342
2175,35,36,LAE,4.266838240579351
2176,35,36,LAE,2.472693995669644
2177,35,39,LAE,4.2589494322214545
2178,35,36,LAE,2.976718767060001
2179,35,36,LAE,3.6366463905187336
2180,35,36,LAE,5.313135031754184
2181,35,36,LAE,4.234342185736559
2182,35,36,LAE,4.809499591125507
2183,35,36,LAE,3.9795567762764135
2184,35,38,LAE,6.835378507020413
2185,35,37,LAE,6.637422830808376
2186,35,36,LAE,5.24950623008683
2187,35,36,LAE,1.7814937385824532
2188,35,36,LAE,4.625783440246308
2189,35,36,LAE,3.664184601047875
2190,35,40,LAE,6.537289736911822
2191,35,36,LAE,2.1523312415568547
2192,35,40,LAE,7.38869684657304
2193,35,36,LAE,4.917959193455653
2194,35,36,LAE,2.979260452280256
2195,35,36,LAE,4.568191371287774
2196,35,36,LAE,2.81453333521727
2197,35,36,LAE,2.780969342128834
2198,35,37,LAE,6.842475185733897
2199,35,36,LAE,3.066071733734632
2200,35,36,LAE,7.776736266713247
2201,34,39,LAE,8.83481028575194
2202,34,37,LAE,6.64851575885408
2203,34,38,LAE,13.67989781331699
2204,34,42,LAE,8.934075808383653
2205,34,40,LAE,8.52025482238617
2206,35,39,LAE,6.736170953887215
2207,35,37,LAE,4.350957475938701
2208,35,37,LAE,4.6549296543461995
2209,35,37,LAE,6.599126460240789
2210,36,38,LAE,2.3645612600468113
2211,36,39,LAE,3.4833372907215736
2212,36,38,LAE,5.368444306676604
2213,36,40,LAE,6.962389458334353
2214,36,37,LAE,6.397226665143279
2215,36,37,LAE,3.162452074520378
2216,36,40,LAE,6.615473125355461
2217,36,37,LAE,5.875662982340475
2218,36,37,LAE,2.305687138418196
2219,36,38,LAE,5.669610547981471
2220,36,38,LAE,2.41913131063168
2221,36,37,LAE,5.140355707254663
2222,36,37,LAE,3.6553313158236467
2223,36,37,LAE,6.868447658139398
2224,36,37,LAE,7.996007058499463
2225,36,40,LAE,6.777470764278489
2226,36,37,LAE,4.560449733198477
2227,36,38,LAE,3.31154932315473
2228,36,37,LAE,3.8004273550515473
2229,36,38,LAE,2.43272567727818
2230,36,37,LAE,6.127990979167021
2231,36,38,LAE,2.356950452981064
2232,36,37,LAE,2.273005004290102
2233,36,37,LAE,2.097247165461503
2234,36,38,LAE,2.4082594166118714
2235,36,37,LAE,2.0947877714283294
2236,36,40,LAE,7.459554166783342
2237,36,45,LAE,7.059497648637358
2238,36,37,LAE,2.2639208768128287
2239,36,37,LAE,2.392509506289158
2240,36,37,LAE,5.712032190002383
2241,36,37,LAE,3.555216466267203
2242,36,37,LAE,2.2589910905998565
2243,36,42,LAE,10.029352696994401
2244,36,37,LAE,2.587307394006446
2245,36,38,LAE,2.3531070982688926
2246,36,37,LAE,6.7260442461041885
2247,36,41,LAE,6.656434781416204
2248,36,37,LAE,2.3553141348550892
2249,36,39,LAE,7.669784519099718
2250,36,41,LAE,8.974518354735125
2251,36,37,LAE,2.3805382533926984
2252,36,37,LAE,2.391841058556612
2253,36,37,LAE,4.074943400415508
2254,36,39,LAE,3.5876190282656943
2255,36,38,LAE,9.453391427268079
2256,36,38,LAE,2.4149372408569545
2257,36,38,LAE,5.132737438234839
2258,36,41,LAE,9.145062045381872
2259,37,38,LAE,3.286150414482726
2260,37,39,LAE,3.1988936193664927
2261,37,38,LAE,1.7288807360820369
2262,37,40,LAE,3.070270410899361
2263,37,40,LAE,3.255126405753773
2264,37,40,LAE,3.1354869718287954
2265,37,38,LAE,10.217752898425053
2266,37,40,LAE,6.049797772357519
2267,37,38,LAE,3.3958405355324204
2268,37,38,LAE,4.994116184298236
2269,37,39,LAE,3.3072193962841143
2270,37,38,LAE,8.163501312590354
2271,37,39,LAE,2.788408640107055
2272,37,42,LAE,6.270230940682216
2273,37,38,LAE,2.9932940763861837
2274,37,38,LAE,1.7463410474345251
2275,37,42,LAE,5.728201302961465
2276,37,38,LAE,5.146735033777013
2277,37,40,LAE,5.012448249017799
2278,37,38,LAE,2.6287622884458637
2279,37,38,LAE,9.525620593135441
2280,37,38,LAE,5.855075103321802
2281,37,38,LAE,3.120176288933086
2282,37,40,LAE,3.791371222237044
2283,37,38,LAE,7.010995472652499
2284,37,44,LAE,6.140092080588638
2285,37,40,LAE,3.611430875588167
2286,37,39,LAE,4.658690710538675
2287,37,40,LAE,4.102514041233977
2288,37,38,LAE,3.952687044795757
2289,37,41,LAE,5.6886346528863285
2290,37,40,LAE,7.4065006888212785
2291,37,39,LAE,3.0806761881121596
2292,37,41,LAE,7.591585642723642
2293,37,40,LAE,4.647551786157342
2294,37,38,LAE,6.08428365384306
2295,37,40,LAE,3.363007608474359
2296,36,39,LAE,9.159562109398394
2297,38,39,LAE,2.9040970657982466
2298,38,39,LAE,3.1303814670947467
2299,38,40,LAE,3.308458474622674
2300,38,40,LAE,2.8557553702020178
2301,38,39,LAE,2.6629267214545775
2302,38,40,LAE,2.7459017522637246
2303,38,39,LAE,7.678117796344712
2304,38,40,LAE,2.960816678443101
2305,38,40,LAE,3.4096855566047917
2306,38,40,LAE,3.5013358532213528
2307,38,40,LAE,2.951596423001443
2308,38,42,LAE,8.483246296970988
2309,38,40,LAE,3.3940761868756497
2310,38,39,LAE,4.018789821597442
2311,38,40,LAE,2.775567945117798
2312,38,39,LAE,3.7177556096437057
2313,38,39,LAE,2.6871269238046023
2314,38,39,LAE,3.1133994503385916
2315,38,40,LAE,3.225339447042364
2316,38,39,LAE,2.6587220999048133
2317,38,39,LAE,3.275007395306556
2318,38,40,LAE,8.441812264133372
2319,38,39,LAE,2.937103064983483
2320,38,39,LAE,2.655048608544128
2321,38,39,LAE,2.5948023356748195
2322,38,40,LAE,6.163039132055794
2323,38,39,LAE,2.6191757650212
2324,38,40,LAE,4.366759109905259
2325,38,39,LAE,3.1281047953589067
2326,38,40,LAE,5.344161758198156
2327,38,42,LAE,5.568447850230135
2328,38,40,LAE,2.7065025944412144
2329,38,45,LAE,6.310278196447214
2330,38,40,LAE,2.6330159777993756
2331,38,39,LAE,2.626698061238301
2332,38,39,LAE,2.9527658307646414
2333,38,40,LAE,3.310725539771251
2334,38,39,LAE,2.9346737846057467
2335,38,40,LAE,5.376890257174839
2336,38,39,LAE,2.6796648692897054
2337,38,39,LAE,2.4137754867531065
2338,38,39,LAE,5.669717857279116
2339,38,40,LAE,4.089340173219688
2340,38,40,LAE,5.691603129364201
2341,38,39,LAE,2.579215269499923
2342,38,40,LAE,3.9358700743248
2343,38,40,LAE,2.5729670159744797
2344,38,41,LAE,3.754959819109133
2345,38,39,LAE,2.8185334977830503
2346,38,39,LAE,2.505334554160543
2347,38,40,LAE,3.692705256092633
2348,38,39,LAE,8.368406279023297
2349,38,43,LAE,4.563163879403206
2350,36,41,LAE,9.41118089451615
2351,38,42,LAE,7.3899896092621775
2352,38,40,LAE,6.348657200922585
2353,38,40,LAE,6.062739972603465
2354,38,43,LAE,5.719800546228154
2355,38,40,LAE,5.138827717210914
2356,39,41,LAE,4.418160585432641
2357,39,40,LAE,5.026343429407691
2358,39,40,LAE,4.187545684062729
2359,39,40,LAE,6.131740925517541
2360,39,40,LAE,5.064575802374225
2361,39,40,LAE,3.6206412275101796
2362,39,40,LAE,3.9045407607518765
2363,39,40,LAE,5.1798416042720765
2364,39,40,LAE,5.143101894059067
2365,39,40,LAE,5.67143136988794
2366,39,40,LAE,2.306410138310914
2367,39,40,LAE,4.01633801606289
2368,39,45,LAE,5.304798198930183
2369,39,40,LAE,3.489315472154071
2370,39,41,LAE,4.372837464809388
2371,39,40,LAE,2.0336272521983068
2372,39,42,LAE,3.547302934978885
2373,39,40,LAE,5.018283705845662
2374,39,40,LAE,5.616716172944902
2375,39,40,LAE,2.159354061567371
2376,39,40,LAE,3.2010995689458532
2377,39,41,LAE,2.611392001700618
2378,39,40,LAE,4.1339086689471545
2379,39,40,LAE,2.0020862667442736
2380,39,40,LAE,4.437055216316197
2381,39,40,LAE,3.1072735361836696
2382,39,44,LAE,4.617667717608133
2383,39,40,LAE,1.9351418562064668
2384,39,44,LAE,5.045792900575239
2385,39,43,LAE,5.204256383231529
2386,39,40,LAE,2.8052318348492635
2387,39,40,LAE,1.553955722945843
2388,39,40,LAE,5.0597201738325515
2389,39,40,LAE,3.6268283382949655
2390,39,40,LAE,3.585841807325137
2391,39,41,LAE,4.658665369499062
2392,39,40,LAE,2.3872831139007102
2393,39,41,LAE,3.6339409192028254
2394,39,40,LAE,4.392469735660146
2395,39,40,LAE,4.216727747891702
2396,39,40,LAE,2.958474890307901
2397,39,40,LAE,2.613516049163108
2398,39,42,LAE,5.028868615432014
2399,39,43,LAE,4.377460536808625
2400,39,40,LAE,5.319210603726221
2401,39,40,LAE,6.509226081829389
2402,39,40,LAE,5.21236170241393
2403,39,42,LAE,4.917528711901606
2404,39,40,LAE,3.303099210287226
2405,39,41,LAE,4.974239987881665
2406,39,40,LAE,2.9708436397945936
2407,39,40,LAE,4.679117286913856
2408,39,40,LAE,2.239273587738764
2409,39,40,LAE,1.8589790249257818
2410,39,40,LAE,2.890686454982142
2411,39,44,LAE,5.0683566775938464
2412,39,40,LAE,4.380951799990594
2413,39,40,LAE,2.564658737284637
2414,39,41,LAE,5.142865618117807
2415,39,41,LAE,4.6927850658770485
2416,39,41,LAE,5.03213850147327
2417,39,43,LAE,4.825649289004333
2418,39,41,LAE,4.919262623334845
2419,39,41,LAE,5.5683019555917195
2420,39,45,LAE,5.071178749227667
2421,40,41,LAE,2.848112566619013
2422,40,45,LAE,8.505944018830062
2423,40,41,LAE,4.11620982037872
2424,40,44,LAE,5.287212168371627
2425,40,42,LAE,3.2363005120728214
2426,40,41,LAE,4.606970377062521
2427,40,45,LAE,4.482747558560091
2428,40,41,LAE,4.087293304575543
2429,40,42,LAE,2.8899574333765448
2430,40,41,LAE,4.330006392760804
2431,40,41,LAE,2.208278415277353
2432,40,44,LAE,5.158611476384315
2433,40,41,LAE,2.316574819253202
2434,40,42,LAE,2.538179504613608
2435,40,41,LAE,4.306162769944139
2436,40,44,LAE,4.377923698719649
2437,40,41,LAE,2.9675179529909332
2438,40,44,LAE,3.68327857420295
2439,40,41,LAE,2.8944221208178913
2440,40,41,LAE,2.6696370389870396
2441,40,41,LAE,3.67512966273055
2442,40,41,LAE,3.4555737845110266
2443,40,41,LAE,8.013140071149598
2444,40,43,LAE,4.27850550945374
2445,40,42,LAE,3.5077368908783755
2446,40,42,LAE,4.41663840308353
2447,40,41,LAE,4.905003975490748
2448,40,41,LAE,4.800449796108693
2449,40,42,LAE,3.2448778131231166
2450,40,44,LAE,4.386193561558373
2451,40,42,LAE,7.683947681961536
2452,40,42,LAE,7.16802163803981
2453,40,42,LAE,5.0035085941620565
2454,40,42,LAE,4.645360304117071
2455,41,44,LAE,3.538005965804459
2456,41,44,LAE,7.9364945652429775
2457,41,44,LAE,3.984942601195508
2458,41,42,LAE,3.807743078096862
2459,41,42,LAE,2.967738003553989
2460,41,42,LAE,1.9906026294666495
2461,41,42,LAE,2.3932991477777077
2462,41,42,LAE,2.2990370809891245
2463,41,44,LAE,3.143192853608332
2464,41,43,LAE,3.150886345424381
2465,41,42,LAE,3.2850431595911465
2466,41,42,LAE,3.9856337595520013
2467,41,42,LAE,5.779097680072181
2468,41,43,LAE,4.53191164194335
2469,41,42,LAE,3.3039532034973775
2470,41,43,LAE,3.7093151919316045
2471,41,42,LAE,3.925941552744219
2472,41,42,LAE,2.875715672656424
2473,41,42,LAE,3.124574200293847
2474,41,43,LAE,3.512203860254415
2475,41,42,LAE,2.4888891779280202
2476,41,43,LAE,3.424537122880231
2477,41,45,LAE,4.610989775885524
2478,41,42,LAE,3.0615955534890307
2479,41,42,LAE,3.279078128740425
2480,41,42,LAE,2.3309345511578847
2481,41,42,LAE,3.478385203239622
2482,41,42,LAE,2.402634149548003
2483,41,43,LAE,2.675893912589765
2484,41,42,LAE,4.420688978364238
2485,41,43,LAE,2.8195358435765265
2486,41,43,LAE,3.4893517599836263
2487,41,43,LAE,3.9245939296878993
2488,41,43,LAE,3.799834636442907
2489,41,44,LAE,7.056939825116491
2490,41,42,LAE,5.306405627249188
2491,41,43,LAE,3.8166111654157784
2492,41,44,LAE,4.066577856085465
2493,41,43,LAE,4.133079119909937
2494,41,45,LAE,7.067941901683108
2495,41,42,LAE,3.8076851001721272
2496,41,42,LAE,4.089551800394998
2497,41,43,LAE,4.998021731375318
2498,41,43,LAE,3.850562508304741
2499,42,43,LAE,5.225963352155007
2500,42,43,LAE,4.985008734667502
2501,42,43,LAE,2.870011346350004
2502,42,43,LAE,3.5108464735086087
2503,42,44,LAE,4.715524337781299
2504,42,43,LAE,5.550196514703608
2505,42,43,LAE,3.2214027371958185
2506,42,43,LAE,3.112287974258617
2507,42,43,LAE,3.544005875665245
2508,42,43,LAE,2.8595150791859703
2509,42,43,LAE,3.1093986490237313
2510,42,43,LAE,3.5170185604144786
2511,42,43,LAE,2.7873415946562665
2512,42,43,LAE,3.449907135801849
2513,42,44,LAE,3.897718677748384
2514,42,43,LAE,4.124306718701558
2515,42,44,LAE,6.581944702120178
2516,42,43,LAE,3.3382168181016922
2517,42,44,LAE,3.2023844732664752
2518,42,43,LAE,3.2159222712711015
2519,42,44,LAE,3.272535003251107
2520,42,43,LAE,3.3230432952654225
2521,42,43,LAE,4.475386315302696
2522,42,43,LAE,4.23362923084123
2523,42,44,LAE,3.349353966364165
2524,42,44,LAE,3.2119221301428382
2525,42,45,LAE,6.521896112974271
2526,42,43,LAE,2.957140685465696
2527,42,45,LAE,3.3083935874365067
2528,42,44,LAE,4.558491256041669
2529,42,44,LAE,3.9834991592496682
2530,42,43,LAE,4.778201541919241
2531,42,43,LAE,2.2060244654526366
2532,42,43,LAE,2.5032704864121254
2533,42,43,LAE,4.333441740224351
2534,42,44,LAE,3.2193103060627264
2535,42,43,LAE,4.743248388796681
2536,42,43,LAE,5.145375973047755
2537,42,43,LAE,3.212178729141982
2538,42,43,LAE,3.5772813902182525
2539,42,43,LAE,4.976617034134289
2540,42,43,LAE,3.0082339700994547
2541,42,43,LAE,4.003308728551574
2542,42,43,LAE,3.263438261645161
2543,42,43,LAE,2.1418016925308625
2544,42,43,LAE,2.9469907592433704
2545,42,43,LAE,4.585208776967095
2546,42,43,LAE,6.484768203849412
2547,42,43,LAE,5.130519719082553
2548,42,43,LAE,2.9017821270496227
2549,42,45,LAE,3.7192215619193734
2550,42,44,LAE,3.4347375216882314
2551,42,44,LAE,7.19393896982309
2552,43,44,LAE,2.476953138091601
2553,43,44,LAE,7.563726764354153
2554,43,44,LAE,2.580620704740941
2555,43,45,LAE,2.705611390717443
2556,43,44,LAE,4.1628207527333565
2557,43,44,LAE,4.211755126018781
2558,43,44,LAE,3.382126039956597
2559,43,44,LAE,4.775379222225907
2560,43,44,LAE,2.5885984942383393
2561,43,44,LAE,2.0371246964790775
2562,43,44,LAE,4.310339257852851
2563,43,44,LAE,2.5726692322303157
2564,43,45,LAE,2.5140155657280365
2565,43,44,LAE,5.171901307262567
2566,43,44,LAE,4.736914373420721
2567,43,44,LAE,4.480992227288406
2568,43,44,LAE,4.933367569707129
2569,43,44,LAE,2.5751253159372003
2570,43,44,LAE,2.6009384239019244
2571,43,44,LAE,5.77294872835807
2572,43,44,LAE,2.6921451088889046
2573,43,47,LAE,4.963408858285762
2574,43,44,LAE,2.977890935480238
2575,43,44,LAE,2.447490600148724
2576,43,44,LAE,2.8068063422125307
2577,43,44,LAE,2.364063439544468
2578,43,45,LAE,2.7449420660253825
2579,43,44,LAE,2.3254662663455234
2580,43,44,LAE,4.907045291365014
2581,43,44,LAE,5.303936835929678
2582,43,44,LAE,2.4494054143378396
2583,43,45,LAE,5.492596724370005
2584,44,45,LAE,2.1005073238255343
2585,44,45,LAE,1.8192349646330082
2586,44,45,LAE,2.084771202966252
2587,44,47,LAE,6.676737142972468
2588,44,45,LAE,3.421499962863392
2589,44,46,LAE,4.714816765417452
2590,44,45,LAE,4.881165532264147
2591,44,45,LAE,2.042125859165159
2592,44,45,LAE,4.701472276742875
2593,44,45,LAE,6.153176562591216
2594,44,45,LAE,2.9781018389948346
2595,44,45,LAE,2.5308631611301333
2596,45,50,LAE,7.178083543118107
2597,45,48,LAE,8.233833030486545
2598,45,48,LAE,7.902429771315927
2599,45,46,LAE,3.416187830008723
2600,45,46,LAE,4.095561225751827
2601,45,47,LAE,6.1115633299948255
2602,45,46,LAE,5.426544460864133
2603,45,47,LAE,8.247753061648812
2604,45,47,LAE,6.7763502662113275
2605,45,46,LAE,5.69018304461022
2606,45,48,LAE,6.941076191811071
2607,45,46,LAE,4.078513231333885
2608,45,46,LAE,8.001694215682663
2609,45,46,LAE,2.59378670934576
2610,45,48,LAE,6.7306308624379465
2611,45,46,LAE,6.538409315591578
2612,45,46,LAE,8.508412035134656
2613,45,46,LAE,6.028392517705551
2614,45,47,LAE,7.092136521892934
2615,45,47,LAE,7.542752031978583
2616,45,48,LAE,8.00177003504315
2617,46,48,LAE,7.025225362162444
2618,46,47,LAE,6.191205411501383
2619,46,47,LAE,6.129363177964497
2620,46,47,LAE,6.164250835458897
2621,46,49,LAE,7.0470324035395215
2622,46,47,LAE,6.479618376492097
2623,46,47,LAE,5.856258691602998
2624,46,47,LAE,7.857319920351487
2625,46,48,LAE,4.612980872546037
2626,46,49,LAE,6.611715508977422
2627,46,47,LAE,3.3370153538571117
2628,46,47,LAE,5.782623478452521
2629,46,47,LAE,7.196176937617063
2630,46,47,LAE,5.543933788063267
2631,46,47,LAE,6.752111221552056
2632,46,47,LAE,6.20375608961613
2633,46,48,LAE,6.750163828623879
2634,46,48,LAE,6.714477563551623
2635,46,48,LAE,6.091055228808531
2636,46,48,LAE,6.9561364599790645
2637,46,48,LAE,6.81901903389538
2638,46,48,LAE,7.179486224297518
2639,46,48,LAE,6.762222773751054
2640,46,49,LAE,5.778244842515913
2641,46,50,LAE,6.9043494694249885
2642,47,48,LAE,5.7866939496140395
2643,47,48,LAE,5.105225130115977
2644,47,48,LAE,6.487677774385845
2645,47,48,LAE,2.1457827167564223
2646,47,48,LAE,6.826044622842632
2647,47,48,LAE,2.3892146687222096
2648,47,48,LAE,5.145765945953743
2649,47,48,LAE,5.4389760840483365
2650,47,48,LAE,3.5643377554299653
2651,47,49,LAE,6.154259401778604
2652,48,50,LAE,7.485021444322485
2653,48,49,LAE,4.924885334510016
2654,48,49,LAE,4.904155337198405
2655,49,50,LAE,2.461924040487271
2656,50,51,LAE,3.181404000480227
2657,50,51,LAE,2.4558664722714494
2658,50,51,LAE,3.0021791915066336
2659,50,51,LAE,2.7299655199051287
2660,50,51,LAE,2.7974541178349286
2661,53,54,LAE,27.63656674424904
2662,53,54,LAE,19.590094581863404
2663,54,55,LAE,20.05720114313786
2664,54,55,LAE,17.51248926465897
2665,55,56,LAE,15.207743488432584
2666,56,57,LAE,13.902752238473532
2667,56,57,LAE,17.214622049853215
2668,56,57,LAE,17.975283639323944
2669,56,63,LAE,18.20949180638233
2670,56,57,LAE,15.469863605781368
2671,56,66,LAE,50.66599828192317
2672,56,58,LAE,27.937855036567942
2673,56,63,LAE,48.251010312699435
2674,57,58,LAE,14.8079607590148
2675,57,61,LAE,26.815099445897967
2676,57,62,LAE,19.96662842656886
2677,57,58,LAE,35.197971824541
2678,57,59,LAE,42.71354698358415
2679,57,62,LAE,25.569632325848946
2680,57,58,LAE,21.665886602520047
2681,57,58,LAE,23.599941564869095
2682,57,109,LAE,27.051238055062154
2683,57,58,LAE,17.75986179171856
2684,57,58,LAE,17.928004247119233
2685,57,63,LAE,19.167669874454297
2686,57,62,LAE,42.183526258161535
2687,57,58,LAE,17.281807410356517
2688,57,61,LAE,37.30400872709385
2689,57,60,LAE,20.241884418248635
2690,57,64,LAE,13.24183263753119
2691,57,58,LAE,55.96984671852863
2692,57,58,LAE,13.530249413154378
2693,57,58,LAE,12.501913190670454
2694,57,62,LAE,15.366242833820287
2695,57,58,LAE,27.998535206293624
2696,57,58,LAE,16.401447652765512
2697,57,58,LAE,36.80807349036935
2698,57,58,LAE,27.731888388867876
2699,57,60,LAE,41.36897802518853
2700,57,58,LAE,12.055691014403942
2701,56,61,LAE,47.35550014247933
2702,57,59,LAE,21.95391953464572
2703,57,59,LAE,16.477156618711515
2704,57,59,LAE,28.89101530770766
2705,57,62,LAE,10.857509882905855
2706,58,59,LAE,43.29064592013378
2707,58,61,LAE,13.885264119619883
2708,58,59,LAE,10.819973913568163
2709,58,59,LAE,20.014165148769056
2710,58,60,LAE,30.87419764925249
2711,58,59,LAE,23.281136283564063
2712,58,59,LAE,12.689199477973265
2713,58,59,LAE,14.380243369023953
2714,58,59,LAE,16.647719708827395
2715,58,59,LAE,31.32729000218607
2716,58,59,LAE,41.507666111274574
2717,58,59,LAE,39.51091256434891
2718,58,60,LAE,40.589740786732015
2719,58,59,LAE,16.761383320882167
2720,58,59,LAE,18.74197778652949
2721,58,66,LAE,41.30678962521127
2722,58,59,LAE,13.586004812680217
2723,58,61,LAE,21.737187023608858
2724,58,59,LAE,15.867792742232572
2725,58,109,LAE,46.90237166072699
2726,58,59,LAE,14.756297262622757
2727,58,59,LAE,26.175893005140107
2728,57,60,LAE,19.09095538056764
2729,57,60,LAE,2.083124350195888
2730,57,60,LAE,9.971651152591368
2731,57,60,LAE,23.857430213529547
2732,58,60,LAE,16.324691161910227
2733,58,60,LAE,30.469935224178876
2734,58,61,LAE,19.368832427066394
2735,58,63,LAE,10.282289814064038
2736,58,61,LAE,15.2915165281516
2737,58,60,LAE,19.795282853870894
2738,58,64,LAE,22.322288958961117
2739,58,60,LAE,16.060850180862392
2740,58,60,LAE,29.282125305870544
2741,59,60,LAE,20.764059353391573
2742,59,61,LAE,21.497974697525358
2743,59,60,LAE,34.94927693118384
2744,59,61,LAE,51.467927511406884
2745,59,60,LAE,16.10516043667739
2746,59,61,LAE,43.012636445826594
2747,59,60,LAE,28.93912396470303
2748,59,60,LAE,16.050220982704626
2749,59,60,LAE,19.88711736725261
2750,59,60,LAE,22.044325798254185
2751,59,62,LAE,14.743496031514017
2752,59,60,LAE,14.41456601161974
2753,59,61,LAE,14.938078330216001
2754,59,62,LAE,37.705738627916965
2755,59,60,LAE,15.323371579662538
2756,59,60,LAE,31.553344311174772
2757,59,60,LAE,14.606486814146514
2758,59,60,LAE,22.354200964611017
2759,57,68,LAE,25.17396170060908
2760,57,61,LAE,14.50115495036516
2761,57,63,LAE,31.49998787189279
2762,57,61,LAE,8.639105220040607
2763,57,61,LAE,19.807567825485023
2764,58,61,LAE,13.441633768627215
2765,58,61,LAE,14.163822846886838
2766,58,61,LAE,23.60674211722369
2767,58,61,LAE,19.132214220266622
2768,59,61,LAE,21.638790402013058
2769,59,61,LAE,18.209446046678234
2770,59,61,LAE,13.414909193253212
2771,59,61,LAE,21.53880957739361
2772,59,65,LAE,45.391760642563305
2773,59,61,LAE,20.949451651545417
2774,60,61,LAE,15.119724264868562
2775,60,62,LAE,13.285070767508572
2776,60,61,LAE,27.04921520214799
2777,60,61,LAE,39.53383004328436
2778,60,61,LAE,18.871134610998848
2779,60,64,LAE,35.273671504151196
2780,60,61,LAE,17.44320907534273
2781,60,61,LAE,16.587424968539796
2782,60,61,LAE,21.55963704068888
2783,60,63,LAE,14.11707841002615
2784,60,61,LAE,22.810465635547857
2785,60,64,LAE,21.994368339566474
2786,60,61,LAE,30.403556189938616
2787,60,61,LAE,18.0288787619737
2788,60,63,LAE,21.9085243732135
2789,58,62,LAE,22.430549050143213
2790,58,62,LAE,19.873580391473833
2791,58,64,LAE,28.17260062401156
2792,58,62,LAE,22.993671609737742
2793,59,62,LAE,20.165556907357736
2794,59,62,LAE,18.196130456548385
2795,60,65,LAE,46.65994641729253
2796,60,62,LAE,12.809503079667627
2797,60,62,LAE,14.358509409541435
2798,60,62,LAE,15.646580593804892
2799,61,63,LAE,11.868258391548236
2800,61,62,LAE,15.444562612631564
2801,61,62,LAE,13.377974637777
2802,61,62,LAE,20.9330225200223
2803,61,65,LAE,20.136223020931638
2804,61,62,LAE,35.01896098488091
2805,61,62,LAE,16.413632107837106
2806,61,64,LAE,11.687746687651956
2807,61,62,LAE,12.740328533789562
2808,61,62,LAE,24.649967584839235
2809,59,63,LAE,12.91478363324694
2810,59,63,LAE,14.324083755983631
2811,60,63,LAE,14.692851391442096
2812,60,63,LAE,14.16944314909864
2813,60,63,LAE,18.11866198893199
2814,60,63,LAE,20.000837548093084
2815,61,63,LAE,31.602255887133257
2816,61,63,LAE,14.545514254124345
2817,61,65,LAE,43.90734812326133
2818,61,64,LAE,14.680722505920329
2819,61,64,LAE,16.68631332643592
2820,61,64,LAE,11.864082368082517
2821,61,68,LAE,17.475783042324736
2822,62,63,LAE,24.824175910133686
2823,62,64,LAE,42.351190016444235
2824,62,63,LAE,26.922572862819838
2825,62,63,LAE,23.368519984829224
2826,62,63,LAE,59.28626581866812
2827,62,63,LAE,21.29174497185422
2828,62,64,LAE,24.714275321917768
2829,62,63,LAE,52.24541833765281
2830,62,63,LAE,13.610985051285674
2831,62,65,LAE,37.160332951915585
2832,60,68,LAE,21.556261916865886
2833,60,64,LAE,16.764350142079014
2834,61,64,LAE,12.040354348730894
2835,61,65,LAE,12.734803707797218
2836,62,64,LAE,27.37142884373155
2837,62,66,LAE,33.78500066169091
2838,62,64,LAE,31.503274254678473
2839,62,64,LAE,42.69553794703514
2840,62,69,LAE,19.046987031766463
2841,62,64,LAE,59.48395484228177
2842,62,64,LAE,35.66993717881333
2843,63,65,LAE,24.43662991179264
2844,63,64,LAE,17.51285206029379
2845,63,64,LAE,11.980693015872264
2846,63,64,LAE,11.669107185693298
2847,63,64,LAE,8.90122751931137
2848,63,64,LAE,27.481537332686692
2849,63,64,LAE,12.314147197612943
2850,63,64,LAE,21.178337043693674
2851,63,64,LAE,15.736229547222175
2852,63,64,LAE,23.56404799453686
2853,63,64,LAE,12.733619720976382
2854,63,67,LAE,44.41850772791469
2855,63,66,LAE,17.64321539481647
2856,63,64,LAE,20.27791888750245
2857,63,64,LAE,12.614801573327014
2858,63,64,LAE,14.14814972329913
2859,63,64,LAE,16.074827577526246
2860,63,64,LAE,19.745889346368916
2861,63,64,LAE,13.825730700282628
2862,63,64,LAE,28.37051475954572
2863,61,65,LAE,12.66220055681851
2864,61,79,LAE,28.068168683044988
2865,61,65,LAE,28.540246306933067
2866,62,65,LAE,22.206281960257932
2867,62,65,LAE,29.7278830949279
2868,63,66,LAE,16.376020016377154
2869,63,71,LAE,22.393796878523794
2870,63,65,LAE,33.59221868669106
2871,63,65,LAE,20.441761361308277
2872,64,65,LAE,17.33804617481493
2873,64,65,LAE,22.38135951075203
2874,64,80,LAE,29.67183228835131
2875,64,69,LAE,42.075612587573865
2876,64,65,LAE,11.119810504795426
2877,64,65,LAE,21.049646004794496
2878,64,66,LAE,9.900544585277416
2879,64,69,LAE,20.105777024671525
2880,64,65,LAE,21.507133513172587
2881,64,65,LAE,25.367725460298985
2882,62,66,LAE,47.59387563706364
2883,62,66,LAE,19.995536933568676
2884,63,70,LAE,31.37930268338313
2885,63,66,LAE,16.242860803132785
2886,64,66,LAE,17.37182315875755
2887,64,66,LAE,17.431336845100812
2888,64,66,LAE,9.676695291723435
2889,64,66,LAE,11.464693059972547
2890,64,69,LAE,10.20848873549145
2891,64,66,LAE,23.00376162623176
2892,64,66,LAE,10.156421876498886
2893,65,66,LAE,12.596960688962682
2894,65,66,LAE,14.924887583111596
2895,65,66,LAE,17.62337564501652
2896,65,68,LAE,9.431975510925582
2897,65,66,LAE,3.0422184537623367
2898,65,66,LAE,19.516994613292322
2899,65,66,LAE,40.60900353210042
2900,65,66,LAE,12.963728506792183
2901,65,68,LAE,14.40024874572158
2902,65,66,LAE,13.619691573679292
2903,65,75,LAE,19.0734453790851
2904,65,66,LAE,56.070394800457684
2905,63,67,LAE,26.774619444228463
2906,64,69,LAE,14.411286689993327
2907,64,67,LAE,17.423295216110823
2908,65,67,LAE,17.922584529204162
2909,65,67,LAE,21.0332452722853
2910,65,67,LAE,29.756339784317277
2911,65,68,LAE,7.782478942592002
2912,65,67,LAE,17.87535550136451
2913,66,67,LAE,12.519394806790364
2914,66,67,LAE,15.879526559209333
2915,66,67,LAE,10.75659453292083
2916,66,69,LAE,13.991924011669983
2917,66,67,LAE,13.47916467133311
2918,66,69,LAE,14.470590234006131
2919,66,67,LAE,36.82170290854341
2920,66,67,LAE,13.981077150775203
2921,66,69,LAE,8.39281152150346
2922,66,67,LAE,18.172191809501285
2923,66,67,LAE,36.33063464037329
2924,66,67,LAE,9.433601772335216
2925,66,77,LAE,46.63914287857747
2926,66,69,LAE,37.05293551024941
2927,66,67,LAE,29.354911438347017
2928,66,67,LAE,15.808350541893008
2929,66,67,LAE,15.069923576432288
2930,64,68,LAE,13.3361870664299
2931,64,68,LAE,17.624280359772378
2932,65,68,LAE,46.915799380320216
2933,65,68,LAE,14.705111617667226
2934,65,69,LAE,9.352034991690454
2935,66,68,LAE,22.907517434058725
2936,66,74,LAE,24.970083299841736
2937,66,68,LAE,12.74997462422397
2938,66,68,LAE,12.912248082069594
2939,66,95,LAE,34.887027516604185
2940,66,68,LAE,12.01775601399373
2941,66,69,LAE,9.513869175048951
2942,66,68,LAE,11.686547455860227
2943,66,68,LAE,12.819272604014593
2944,67,74,LAE,12.855748810278264
2945,67,68,LAE,12.450927425010999
2946,67,70,LAE,18.22657649287466
2947,67,68,LAE,4.937365718503255
2948,67,71,LAE,12.536871778182059
2949,67,68,LAE,5.362869687907274
2950,67,68,LAE,45.65559350892262
2951,67,69,LAE,17.248380073689397
2952,67,68,LAE,39.38145504486221
2953,67,68,LAE,2.6504983590049926
2954,67,68,LAE,11.17807778784025
2955,67,69,LAE,10.391029048609154
2956,67,68,LAE,18.818314707155523
2957,67,68,LAE,21.314875228900142
2958,67,78,LAE,43.10106831724375
2959,67,68,LAE,13.386559001859375
2960,67,69,LAE,9.580688575533747
2961,67,71,LAE,6.886700504418365
2962,65,69,LAE,32.74415515161145
2963,65,69,LAE,17.747434631813984
2964,65,73,LAE,19.27629145070349
2965,65,69,LAE,9.200098701744698
2966,65,69,LAE,10.891655849097338
2967,65,69,LAE,19.336602640632268
2968,65,69,LAE,16.56498834209844
2969,67,70,LAE,9.132670124498572
2970,67,69,LAE,20.877444685659064
2971,67,69,LAE,13.848484549079041
2972,67,69,LAE,25.66997491769912
2973,67,86,LAE,37.32650183550531
2974,68,69,LAE,13.865903074834751
2975,68,69,LAE,7.194869401015562
2976,68,69,LAE,17.814187209064436
2977,68,70,LAE,5.6399172688295165
2978,68,75,LAE,29.03810458679299
2979,68,69,LAE,13.852004195602486
2980,68,69,LAE,7.934274836028563
2981,68,69,LAE,15.584014066763066
2982,68,69,LAE,7.653386388691351
2983,68,69,LAE,17.218707438154762
2984,68,69,LAE,12.025415486272774
2985,68,69,LAE,8.530247810481187
2986,68,69,LAE,28.123347210906616
2987,68,69,LAE,16.62032732755588
2988,68,69,LAE,6.880170320095594
2989,66,109,LAE,17.585958078950533
2990,66,70,LAE,17.6439393044075
2991,66,70,LAE,28.6116753358604
2992,66,76,LAE,12.181238888364867
2993,66,70,LAE,14.719162665638196
2994,67,70,LAE,16.544106676376163
2995,67,70,LAE,20.394361538458973
2996,68,73,LAE,33.932702320506245
2997,68,70,LAE,16.494003039650984
2998,68,70,LAE,20.030609725993664
2999,68,70,LAE,16.637850392933025
3000,68,73,LAE,21.953482742410472
3001,68,70,LAE,21.67576007717171
3002,69,70,LAE,18.37338374932839
3003,69,70,LAE,16.312722548175785
3004,69,74,LAE,9.914246261228975
3005,69,70,LAE,34.168085347995664
3006,69,77,LAE,16.446765571216744
3007,69,70,LAE,34.87516134965319
3008,69,75,LAE,15.245653932891443
3009,69,70,LAE,25.3584945604663
3010,67,71,LAE,48.21204113145879
3011,68,75,LAE,34.40964677964954
3012,69,72,LAE,7.536866046590029
3013,69,71,LAE,17.26847545682044
3014,69,71,LAE,22.234146954372406
3015,70,71,LAE,14.559200344865486
3016,70,71,LAE,8.860837767469658
3017,70,71,LAE,14.580389614555616
3018,70,71,LAE,9.634826020898043
3019,70,72,LAE,20.77988434908426
3020,70,71,LAE,17.41767769919211
3021,70,71,LAE,15.24587332914814
3022,70,71,LAE,37.499235850799714
3023,70,71,LAE,13.251702830728176
3024,70,72,LAE,16.439974934008163
3025,70,71,LAE,12.81062941314074
3026,70,71,LAE,12.371924459469435
3027,68,72,LAE,16.650308718147983
3028,68,81,LAE,46.86099745620546
3029,69,74,LAE,41.895842746027775
3030,69,72,LAE,22.730006367868523
3031,70,72,LAE,12.719794311489109
3032,70,72,LAE,34.39354167836605
3033,71,73,LAE,15.393871027510885
3034,71,72,LAE,2.652820479942007
3035,71,72,LAE,2.558625131491236
3036,71,72,LAE,9.638314140753613
3037,71,72,LAE,10.741671490142005
3038,71,72,LAE,11.162261208711797
3039,71,73,LAE,12.722548087545094
3040,71,75,LAE,17.107525543332706
3041,71,72,LAE,2.177838090169546
3042,71,72,LAE,9.998908500938109
3043,71,75,LAE,22.66902835372343
3044,71,72,LAE,13.917712545782225
3045,71,72,LAE,5.03099156337089
3046,71,74,LAE,9.720568651016325
3047,69,79,LAE,29.533643599513013
3048,69,74,LAE,14.435000033977142
3049,69,77,LAE,16.122449955889717
3050,70,73,LAE,24.76819353712131
3051,70,73,LAE,17.378441102179377
3052,71,73,LAE,18.18137069200132
3053,71,77,LAE,29.213103040740126
3054,71,73,LAE,22.754653956347365
3055,71,73,LAE,9.823089062508537
3056,71,77,LAE,7.266891780277375
3057,71,78,LAE,21.682104424488113
3058,72,74,LAE,24.914545585070535
3059,72,73,LAE,25.929119150369985
3060,72,73,LAE,18.528277792618514
3061,72,73,LAE,13.384796246703862
3062,72,73,LAE,1.6791409034424922
3063,72,73,LAE,15.056893776836946
3064,72,73,LAE,12.050003944189834
3065,72,82,LAE,24.59743607598197
3066,72,73,LAE,11.946089281217606
3067,72,73,LAE,13.527502294056667
3068,72,73,LAE,1.6925882392020104
3069,70,74,LAE,35.3460918199871
3070,71,74,LAE,12.644532786275612
3071,71,74,LAE,19.268297855482928
3072,72,77,LAE,57.20319645766924
3073,72,74,LAE,30.60838612608007
3074,72,74,LAE,15.09124769664922
3075,72,74,LAE,10.846926142180552
3076,72,74,LAE,10.663056920356958
3077,72,74,LAE,9.829602407069256
3078,72,78,LAE,16.002965321467627
3079,73,74,LAE,4.112107725574489
3080,73,74,LAE,5.886920610702938
3081,73,81,LAE,25.496582647117393
3082,73,74,LAE,9.340846689579378
3083,73,76,LAE,12.97341154967593
3084,73,74,LAE,15.808666344967417
3085,73,75,LAE,16.98539892136661
3086,73,74,LAE,12.321192081383947
3087,73,74,LAE,24.669307894355143
3088,73,74,LAE,14.850009724369931
3089,73,79,LAE,32.45107980134328
3090,73,74,LAE,10.901347905183451
3091,73,74,LAE,16.712187343243436
3092,73,74,LAE,31.08390167163266
3093,73,74,LAE,40.07030875317324
3094,73,74,LAE,29.652503258032727
3095,73,78,LAE,17.62901008982412
3096,73,75,LAE,20.77040611359713
3097,73,74,LAE,9.175766905226897
3098,73,74,LAE,11.829950588378344
3099,73,74,LAE,17.424205600771433
3100,71,92,LAE,35.82686914410667
3101,71,75,LAE,9.239144299280268
3102,71,75,LAE,12.645445419478168
3103,71,75,LAE,48.434955883615736
3104,71,82,LAE,51.432134051660405
3105,72,75,LAE,15.576051191282724
3106,72,77,LAE,40.60981447835818
3107,73,75,LAE,8.836172388511214
3108,73,77,LAE,16.30963351484745
3109,73,78,LAE,31.482732875856758
3110,73,75,LAE,40.0502181318241
3111,73,77,LAE,17.33407425619576
3112,73,77,LAE,28.342945336514795
3113,73,75,LAE,8.697670052751914
3114,73,78,LAE,37.30301949031826
3115,73,75,LAE,3.9746016461062563
3116,73,76,LAE,12.28811656234788
3117,74,75,LAE,29.197505704934642
3118,74,75,LAE,56.56879278882372
3119,74,75,LAE,30.753108176281128
3120,74,80,LAE,14.410233572191629
3121,74,76,LAE,49.57763096365355
3122,74,78,LAE,49.43433313108204
3123,74,75,LAE,3.3249270770300496
3124,74,77,LAE,25.56511000864705
3125,74,75,LAE,55.218028770082974
3126,74,75,LAE,3.436098280284186
3127,74,76,LAE,19.926596844024274
3128,74,75,LAE,12.921799337607368
3129,74,75,LAE,52.59406847247847
3130,72,76,LAE,10.197634152005742
3131,72,80,LAE,14.864024563812517
3132,72,76,LAE,27.02806318330196
3133,73,76,LAE,12.601613017824384
3134,73,76,LAE,31.656870214863048
3135,74,80,LAE,22.196790663246244
3136,74,76,LAE,13.585568372530762
3137,74,76,LAE,23.46095235032193
3138,74,77,LAE,45.43972551698605
3139,74,76,LAE,25.707902909454337
3140,74,76,LAE,29.42385262629941
3141,75,76,LAE,21.923116118156496
3142,75,76,LAE,6.246620993590277
3143,75,76,LAE,21.12069950011366
3144,75,76,LAE,14.286943373251964
3145,75,79,LAE,10.526129178488947
3146,75,77,LAE,29.321510417937105
3147,75,76,LAE,12.809004263625289
3148,75,76,LAE,4.143068389167464
3149,75,76,LAE,3.8048235728341946
3150,75,77,LAE,22.710454124619805
3151,75,76,LAE,10.078899211286771
3152,75,84,LAE,50.47252562835312
3153,75,76,LAE,14.903856518135276
3154,75,76,LAE,2.5803768956069866
3155,75,76,LAE,9.47442181979876
3156,75,76,LAE,8.608313002432668
3157,75,78,LAE,46.96283121981877
3158,73,77,LAE,17.94777042686756
3159,73,104,LAE,33.14404840519222
3160,73,77,LAE,25.109983069335275
3161,74,77,LAE,16.67843317118842
3162,74,77,LAE,47.50028801130478
3163,74,81,LAE,24.268683048571248
3164,75,77,LAE,13.32956625959165
3165,75,83,LAE,9.663715290498706
3166,75,86,LAE,28.61480022683028
3167,75,77,LAE,9.888232046167055
3168,76,77,LAE,9.42778883633216
3169,76,80,LAE,45.60061537066251
3170,76,77,LAE,27.287795655632802
3171,76,77,LAE,27.25494500576342
3172,76,78,LAE,34.91462327674807
3173,76,77,LAE,9.54130875917046
3174,76,77,LAE,8.562244813578712
3175,76,80,LAE,10.690540625536217
3176,76,79,LAE,43.143712878700406
3177,76,77,LAE,9.222509889951338
3178,76,79,LAE,12.71718858059726
3179,76,77,LAE,5.285570669836076
3180,76,77,LAE,3.354975556962251
3181,76,78,LAE,3.1274530654757124
3182,74,78,LAE,11.789758001271174
3183,75,78,LAE,18.120747183636077
3184,75,78,LAE,15.267761424962258
3185,75,78,LAE,37.09960895606301
3186,75,79,LAE,10.075346482579134
3187,75,78,LAE,21.104696827684577
3188,75,83,LAE,15.352821372753887
3189,75,78,LAE,5.59983715723975
3190,75,98,LAE,15.611461325794211
3191,75,89,LAE,21.96000210974986
3192,76,78,LAE,12.326442880667583
3193,76,78,LAE,22.58839839504524
3194,76,78,LAE,15.823205320579754
3195,76,82,LAE,12.181937146734564
3196,76,78,LAE,4.941996097435213
3197,76,78,LAE,8.69052626016864
3198,76,78,LAE,7.706976564961097
3199,76,83,LAE,25.05267630928623
3200,77,78,LAE,4.540532769177443
3201,77,78,LAE,10.29330507353199
3202,77,82,LAE,34.83817584138757
3203,77,78,LAE,9.901410811590317
3204,77,80,LAE,5.5646867171210195
3205,77,81,LAE,13.873164665865302
3206,77,79,LAE,2.8393063504200504
3207,77,78,LAE,11.063558733076496
3208,77,78,LAE,2.1881972471818534
3209,77,78,LAE,37.7172439049056
3210,77,78,LAE,13.51154007040481
3211,77,78,LAE,9.43696717042716
3212,77,78,LAE,2.4786889018020344
3213,77,80,LAE,35.42206380976067
3214,77,78,LAE,18.232615885857506
3215,77,80,LAE,5.670385734537802
3216,77,78,LAE,12.029574729927809
3217,75,79,LAE,15.668100899640416
3218,76,79,LAE,35.089666669768995
3219,76,79,LAE,21.568260404347416
3220,76,109,LAE,30.355501449746757
3221,76,79,LAE,12.660267137915925
3222,76,80,LAE,3.0185169823584914
3223,77,79,LAE,15.690839786339655
3224,77,80,LAE,8.727909492880318
3225,77,109,LAE,28.46005811730634
3226,77,82,LAE,9.212293328342644
3227,77,80,LAE,21.214037698774842
3228,77,98,LAE,21.717293833686718
3229,77,109,LAE,22.953716633990908
3230,77,79,LAE,18.993564768063955
3231,77,81,LAE,9.09476456291476
3232,77,80,LAE,5.452207081525144
3233,77,79,LAE,5.5977307287187354
3234,77,87,LAE,27.3163165840416
3235,78,80,LAE,30.678139743620672
3236,78,81,LAE,9.885685176408039
3237,78,79,LAE,10.687432003285155
3238,78,79,LAE,23.77953476455011
3239,78,81,LAE,8.297337313803487
3240,78,81,LAE,11.35871670951977
3241,78,82,LAE,8.983230027770619
3242,78,79,LAE,11.298732429909506
3243,78,79,LAE,2.1160708272467037
3244,78,80,LAE,8.804005429626248
3245,78,79,LAE,13.025967888065834
3246,76,87,LAE,34.2662650215816
3247,77,82,LAE,54.911693838794534
3248,77,80,LAE,20.755495492861435
3249,77,80,LAE,33.26228915942532
3250,78,80,LAE,8.383250906987898
3251,78,80,LAE,17.421827463837047
3252,78,81,LAE,23.192595763700055
3253,78,80,LAE,10.740880599291925
3254,78,81,LAE,15.68889640576517
3255,78,80,LAE,26.189181645916825
3256,78,80,LAE,13.640249509884567
3257,79,80,LAE,7.850160422394271
3258,79,81,LAE,8.668357538870438
3259,79,80,LAE,42.78940268163026
3260,79,80,LAE,8.613596628118392
3261,79,80,LAE,8.662584394867716
3262,79,82,LAE,15.817691110389337
3263,79,80,LAE,7.954284061257414
3264,79,80,LAE,8.890954290168123
3265,79,80,LAE,15.247574378557317
3266,79,80,LAE,19.930544115038256
3267,79,80,LAE,8.34839931095837
3268,79,80,LAE,8.349846674369397
3269,79,81,LAE,8.457068158462969
3270,79,80,LAE,21.469833539425956
3271,79,84,LAE,7.421174728025273
3272,79,80,LAE,9.14074315221426
3273,79,82,LAE,12.448875078636437
3274,79,82,LAE,36.63745382529675
3275,79,82,LAE,9.134282550758982
3276,79,82,LAE,6.317912307577343
3277,79,80,LAE,1.3760182362533466
3278,79,83,LAE,13.750620688638355
3279,79,93,LAE,25.43009815773147
3280,77,84,LAE,8.096284458569304
3281,77,81,LAE,53.18585405007731
3282,77,81,LAE,38.93784154202975
3283,78,82,LAE,9.268868326247748
3284,78,94,LAE,30.67804658937729
3285,78,82,LAE,1.9562102446413834
3286,79,82,LAE,13.96568556539485
3287,79,86,LAE,27.163692824880687
3288,79,81,LAE,21.415652833105405
3289,79,81,LAE,8.524952604471736
3290,79,81,LAE,7.951358733124302
3291,79,81,LAE,33.55011864949432
3292,79,81,LAE,7.819481667862805
3293,79,82,LAE,59.77558839260244
3294,79,85,LAE,28.485747250228446
3295,80,81,LAE,7.3153635638268995
3296,80,81,LAE,15.824774980253963
3297,80,82,LAE,10.076192322756715
3298,80,83,LAE,10.20913101024507
3299,80,83,LAE,9.066622899783063
3300,80,85,LAE,35.564476310166626
3301,80,81,LAE,7.9878194138104455
3302,80,81,LAE,12.885974084488378
3303,80,81,LAE,21.68521592358978
3304,80,85,LAE,17.96901503347548
3305,80,82,LAE,15.130201931646349
3306,80,82,LAE,8.046138345329082
3307,80,84,LAE,7.897845063340688
3308,80,82,LAE,7.9035007454334805
3309,80,81,LAE,25.290740530478377
3310,80,84,LAE,10.989801472940083
3311,80,81,LAE,7.947131739419775
3312,80,81,LAE,12.480747506669498
3313,80,81,LAE,8.710509375425909
3314,80,82,LAE,7.5645817262736585
3315,78,100,LAE,34.90838427529054
3316,78,82,LAE,13.309776170623682
3317,78,84,LAE,16.554413868248197
3318,78,87,LAE,31.248833180533772
3319,79,82,LAE,9.522103086489714
3320,79,85,LAE,15.712580770939125
3321,79,82,LAE,21.05321234307112
3322,79,84,LAE,9.186952649493131
3323,79,82,LAE,17.432026151697173
3324,79,82,LAE,9.219729343999989
3325,79,87,LAE,44.186325290109586
3326,79,82,LAE,21.443326018738926
3327,80,82,LAE,7.882788758104139
3328,80,82,LAE,32.94012909428493
3329,80,82,LAE,12.929269688535628
3330,80,82,LAE,45.34717078203692
3331,80,82,LAE,33.0866004967814
3332,80,82,LAE,10.002211267981554
3333,81,84,LAE,7.698180665706826
3334,81,82,LAE,15.942778642125106
3335,81,86,LAE,7.848641276748201
3336,81,83,LAE,7.021532517745441
3337,81,85,LAE,28.996304600664295
3338,81,84,LAE,7.764991798426503
3339,81,84,LAE,9.341579787425868
3340,81,94,LAE,43.16712855387518
3341,81,82,LAE,8.15632837570527
3342,81,83,LAE,14.355381830494224
3343,81,83,LAE,12.151014858090202
3344,81,84,LAE,18.13428010534294
3345,81,82,LAE,7.539144962710864
3346,81,82,LAE,9.204548444775314
3347,81,90,LAE,11.611573328765543
3348,81,84,LAE,7.135901097465094
3349,81,82,LAE,11.620974662576293
3350,81,82,LAE,4.3449115541842795
3351,81,82,LAE,10.74430540299275
3352,81,87,LAE,30.01595492202355
3353,79,83,LAE,36.174537143547326
3354,79,83,LAE,29.75725100200754
3355,80,84,LAE,20.417175289514983
3356,80,104,LAE,36.04350574024443
3357,80,85,LAE,11.655819950789642
3358,80,83,LAE,11.069408453847657
3359,81,83,LAE,8.52422031742642
3360,81,109,LAE,29.194632634248094
3361,81,83,LAE,52.349096161211065
3362,81,83,LAE,7.563847406981579
3363,81,83,LAE,12.726304223969079
3364,81,83,LAE,25.264752954773897
3365,81,88,LAE,29.75133556855936
3366,81,83,LAE,11.097161235090866
3367,81,87,LAE,28.652223596855055
3368,81,109,LAE,25.355073110427913
3369,82,83,LAE,12.089482782222484
3370,82,83,LAE,17.352506319343114
3371,82,83,LAE,10.751044955255724
3372,82,83,LAE,16.596941836436645
3373,82,83,LAE,7.953009746096247
3374,82,84,LAE,17.034157618606663
3375,82,83,LAE,3.672638637961795
3376,82,85,LAE,16.75505131292101
3377,82,83,LAE,2.7245721778471164
3378,82,84,LAE,7.070873713472177
3379,82,83,LAE,7.952808551776861
3380,82,85,LAE,6.651134956898414
3381,82,91,LAE,15.27279207752129
3382,82,83,LAE,9.37678287172403
3383,82,83,LAE,16.36733506851009
3384,82,84,LAE,17.667680138503872
3385,82,83,LAE,11.340752708664596
3386,82,83,LAE,18.726206195076518
3387,82,87,LAE,15.154054519744516
3388,82,85,LAE,34.1765050272373
3389,82,92,LAE,17.41541362130221
3390,80,84,LAE,57.411712462414336
3391,80,90,LAE,43.35988677236098
3392,80,88,LAE,21.842510745695513
3393,80,84,LAE,12.253226124528041
3394,80,84,LAE,13.332455147917479
3395,81,84,LAE,9.188181270384892
3396,81,84,LAE,30.481117151536022
3397,81,93,LAE,47.58549123230357
3398,82,84,LAE,8.643752395850443
3399,82,86,LAE,10.719983733672306
3400,82,84,LAE,14.410224507923457
3401,82,85,LAE,25.583352380402765
3402,82,86,LAE,7.305102220822634
3403,82,84,LAE,12.106657141021989
3404,83,90,LAE,25.885034043730688
3405,83,87,LAE,39.25177192291558
3406,83,87,LAE,7.166160980105066
3407,83,89,LAE,30.86179138263066
3408,83,87,LAE,47.709982187460874
3409,83,86,LAE,14.41687658738871
3410,83,84,LAE,6.859647472733918
3411,83,84,LAE,7.215504997230734
3412,83,84,LAE,14.468553517830888
3413,83,87,LAE,54.532650542652476
3414,83,84,LAE,59.82797999523294
3415,83,98,LAE,15.391217425951943
3416,83,84,LAE,26.306964939352742
3417,83,84,LAE,6.5034828253798596
3418,83,84,LAE,6.691909553304621
3419,81,85,LAE,10.537365531897564
3420,81,85,LAE,33.00129677086551
3421,82,85,LAE,7.588927010030273
3422,82,85,LAE,7.126158680583079
3423,82,89,LAE,19.603960559844676
3424,82,98,LAE,32.18328792083976
3425,82,86,LAE,14.320266113836466
3426,83,85,LAE,15.355013766460722
3427,83,85,LAE,8.794483565091394
3428,83,87,LAE,38.50461994353595
3429,83,85,LAE,16.436009989856295
3430,83,85,LAE,6.608026011725499
3431,83,88,LAE,35.29629607257794
3432,83,86,LAE,27.256783973092514
3433,83,85,LAE,11.502860945647964
3434,84,108,LAE,17.091180012866687
3435,84,85,LAE,15.925679089691762
3436,84,88,LAE,35.024765264316756
3437,84,85,LAE,16.99136484277516
3438,84,87,LAE,22.104002488450206
3439,84,89,LAE,34.08706518105759
3440,84,85,LAE,9.810703165114818
3441,84,86,LAE,6.807716572561611
3442,84,90,LAE,21.40795466203513
3443,84,97,LAE,29.357285415893177
3444,84,91,LAE,19.714358592152283
3445,84,85,LAE,19.32506049011481
3446,84,85,LAE,3.4237842817684143
3447,84,86,LAE,7.941682262914206
3448,84,85,LAE,8.39127987696135
3449,84,85,LAE,2.2382086040824185
3450,84,89,LAE,20.82223562523336
3451,84,85,LAE,8.0129873362098
3452,84,109,LAE,29.720297632754182
3453,84,85,LAE,23.556085841645668
3454,84,85,LAE,9.173764426669058
3455,84,86,LAE,6.195695136259881
3456,84,85,LAE,3.150707153352044
3457,84,85,LAE,9.097998192575822
3458,84,85,LAE,9.137094543998128
3459,82,86,LAE,19.804268595724228
3460,82,86,LAE,26.345394582845834
3461,83,86,LAE,59.865092328898456
3462,83,86,LAE,15.416666735897195
3463,83,86,LAE,34.33687201441339
3464,83,86,LAE,31.427831297549538
3465,83,86,LAE,24.538712391170503
3466,83,87,LAE,10.740615795944079
3467,84,86,LAE,17.813909280960974
3468,84,107,LAE,44.05803782479955
3469,84,86,LAE,42.37668797405365
3470,84,86,LAE,29.645135842069184
3471,84,86,LAE,17.40400464193891
3472,84,89,LAE,15.82758375089652
3473,84,86,LAE,10.584227866098951
3474,85,88,LAE,23.3078922851213
3475,85,87,LAE,40.980007378606544
3476,85,109,LAE,36.53418676856078
3477,85,86,LAE,19.649318754609585
3478,85,87,LAE,19.22012569141763
3479,85,86,LAE,36.46178056548556
3480,85,87,LAE,9.889628394292188
3481,85,86,LAE,10.038726626132796
3482,85,86,LAE,16.04019642174774
3483,85,86,LAE,6.355357595546068
3484,85,89,LAE,18.48947611330828
3485,85,86,LAE,1.9611357405621896
3486,85,86,LAE,5.726305677025835
3487,85,86,LAE,19.75220871908377
3488,85,86,LAE,8.71110746683591
3489,85,86,LAE,5.251448522196848
3490,85,86,LAE,59.470468463671416
3491,85,86,LAE,6.050248836511641
3492,85,88,LAE,20.867404053798108
3493,85,86,LAE,6.849081238774109
3494,85,92,LAE,9.122897213060096
3495,85,88,LAE,26.97504110451948
3496,83,87,LAE,14.10995325683737
3497,83,87,LAE,30.36008977064504
3498,83,90,LAE,50.41537235963938
3499,83,87,LAE,1.2235676155579942
3500,83,87,LAE,11.970091740336725
3501,84,88,LAE,12.951096491101657
3502,84,87,LAE,22.73889113574169
3503,84,87,LAE,24.748499527218033
3504,85,87,LAE,21.365585842161778
3505,85,87,LAE,11.539598825052593
3506,85,95,LAE,41.86758929580502
3507,85,87,LAE,21.26621762057522
3508,85,95,LAE,40.817405273026935
3509,85,87,LAE,15.876849319131153
3510,85,87,LAE,8.124545866747164
3511,85,87,LAE,33.103238377455696
3512,86,89,LAE,39.33356191094628
3513,86,91,LAE,34.873981921606635
3514,86,87,LAE,45.3648542096249
3515,86,88,LAE,15.825561568679444
3516,86,87,LAE,14.173983329820333
3517,86,87,LAE,10.655830175388562
3518,86,88,LAE,30.71900274773662
3519,86,87,LAE,18.64638524766305
3520,86,87,LAE,12.814320934783849
3521,86,87,LAE,14.387964078597333
3522,86,88,LAE,33.161290709441396
3523,86,87,LAE,24.77445856513304
3524,86,87,LAE,41.33459088845522
3525,86,88,LAE,35.919454132095574
3526,84,88,LAE,36.381236194192276
3527,84,91,LAE,26.44637621107146
3528,84,93,LAE,20.603913257461834
3529,84,88,LAE,25.871039596079605
3530,86,88,LAE,9.276949227746732
3531,86,88,LAE,19.7023016536299
3532,86,88,LAE,28.907826099746316
3533,86,99,LAE,46.623497964902015
3534,86,88,LAE,28.13628629474728
3535,86,88,LAE,43.745984554759
3536,86,90,LAE,18.42632173394275
3537,86,91,LAE,32.42824478239916
3538,86,88,LAE,5.333188200255015
3539,86,88,LAE,15.141739771064964
3540,87,88,LAE,4.906110702393468
3541,87,89,LAE,16.11750660096697
3542,87,90,LAE,19.854916627156424
3543,87,89,LAE,8.364344256166824
3544,87,88,LAE,2.273166183675501
3545,87,88,LAE,28.934087725137605
3546,87,88,LAE,10.938987655790973
3547,85,89,LAE,37.58675590635534
3548,85,89,LAE,18.546109803991712
3549,86,89,LAE,13.287225423052375
3550,86,91,LAE,37.31387705737766
3551,86,90,LAE,28.119531535477154
3552,86,93,LAE,31.784699167891358
3553,86,89,LAE,34.93425254351704
3554,86,89,LAE,16.026130190784958
3555,86,92,LAE,19.881832985260868
3556,86,93,LAE,18.8445106736501
3557,86,94,LAE,13.156146201170065
3558,87,89,LAE,21.12360351562123
3559,87,109,LAE,24.428490045348457
3560,87,108,LAE,12.456509604273302
3561,87,89,LAE,15.907223177865466
3562,88,93,LAE,31.082861217605572
3563,88,109,LAE,7.3380481080489774
3564,88,104,LAE,45.10230840318015
3565,88,92,LAE,8.559829110969762
3566,88,89,LAE,4.110974677752279
3567,88,89,LAE,26.95574514328577
3568,88,89,LAE,3.996709799038705
3569,88,91,LAE,20.872754078168597
3570,88,91,LAE,31.44478357891095
3571,88,89,LAE,7.638521785474024
3572,88,89,LAE,13.830988374125319
3573,88,89,LAE,7.835159981096766
3574,88,89,LAE,5.5672609507997715
3575,88,90,LAE,14.286030627103184
3576,88,96,LAE,13.41436662391807
3577,88,89,LAE,15.680138313183631
3578,88,89,LAE,3.2550934967001424
3579,88,89,LAE,14.00917558907751
3580,88,90,LAE,4.454236615559996
3581,88,93,LAE,13.672529731743138
3582,88,94,LAE,13.276739685451153
3583,86,90,LAE,17.18638325720954
3584,86,91,LAE,14.798828252829846
3585,86,90,LAE,21.7503109490743
3586,87,90,LAE,19.635686697789406
3587,87,91,LAE,40.550123295739915
3588,87,109,LAE,14.501056596666771
3589,88,90,LAE,53.881547044683614
3590,88,95,LAE,16.365135582550163
3591,88,92,LAE,29.313041085645153
3592,88,93,LAE,19.491004751337957
3593,88,90,LAE,9.628411961484174
3594,88,93,LAE,28.130190686620058
3595,88,92,LAE,7.7792144825722955
3596,88,106,LAE,7.021304055820576
3597,88,90,LAE,17.369640255327585
3598,88,90,LAE,32.64480696980473
3599,88,90,LAE,24.514300233523745
3600,89,93,LAE,6.35953679229089
3601,89,91,LAE,6.255273634377912
3602,89,90,LAE,4.734603496463411
3603,89,90,LAE,3.822839477701347
3604,89,90,LAE,8.91011916242127
3605,89,90,LAE,9.096809763682042
3606,89,103,LAE,39.824714999090695
3607,89,90,LAE,10.259518610439073
3608,89,90,LAE,24.32523592254318
3609,89,109,LAE,7.124382034639502
3610,89,90,LAE,3.888079793298479
3611,89,90,LAE,5.138487598728569
3612,89,91,LAE,2.55152148095185
3613,89,95,LAE,7.49341161897367
3614,89,97,LAE,28.362179203542123
3615,89,93,LAE,32.74538764941297
3616,89,90,LAE,2.6424545283114766
3617,89,109,LAE,24.960446640406218
3618,89,92,LAE,34.5521049484828
3619,89,90,LAE,39.771238293840625
3620,87,91,LAE,21.81061668551891
3621,87,96,LAE,13.141645426175472
3622,87,103,LAE,35.85652288392715
3623,87,91,LAE,33.59136588003787
3624,87,91,LAE,8.45010115752186
3625,88,101,LAE,39.366169668238356
3626,88,92,LAE,43.37667593103607
3627,88,91,LAE,9.87060510232016
3628,88,91,LAE,13.71930737836245
3629,88,91,LAE,41.179367012362995
3630,88,108,LAE,31.180784036904363
3631,89,101,LAE,27.76711400597459
3632,89,91,LAE,14.239904849687356
3633,89,97,LAE,22.159937627830026
3634,89,91,LAE,9.890672108589584
3635,89,96,LAE,26.815056267420022
3636,89,91,LAE,22.594516200184245
3637,89,91,LAE,7.033623109563545
3638,89,95,LAE,30.767812687193867
3639,89,92,LAE,35.23032133061459
3640,89,104,LAE,7.670677819101669
3641,89,109,LAE,24.35166768991528
3642,89,92,LAE,28.994265622215618
3643,89,95,LAE,8.629836442523102
3644,90,91,LAE,2.2825909769805204
3645,90,92,LAE,25.879249961805783
3646,90,101,LAE,18.40244168776782
3647,90,91,LAE,9.780036541598106
3648,90,94,LAE,12.796659335862286
3649,90,92,LAE,16.070633557907016
3650,90,91,LAE,23.478797165127887
3651,90,91,LAE,3.2767818704247156
3652,90,98,LAE,26.800123785056986
3653,90,93,LAE,31.9887424097973
3654,90,91,LAE,7.227745739584638
3655,90,91,LAE,13.773333874201201
3656,90,91,LAE,32.47071063264755
3657,90,91,LAE,7.376872701946205
3658,90,95,LAE,12.77932153380672
3659,90,92,LAE,20.98355081360098
3660,90,91,LAE,15.554831576414637
3661,90,91,LAE,12.530675354305993
3662,90,91,LAE,22.796526898110475
3663,90,91,LAE,1.2164484189826992
3664,90,109,LAE,4.933432267569955
3665,90,91,LAE,9.808377484331873
3666,88,92,LAE,0.7708296631897422
3667,88,92,LAE,49.45299849616433
3668,89,99,LAE,14.608333949802498
3669,89,94,LAE,9.65036357559718
3670,90,96,LAE,32.65490231535249
3671,90,95,LAE,11.44369409843843
3672,90,92,LAE,41.83506054979534
3673,90,92,LAE,13.793254027644656
3674,90,92,LAE,18.56907201534634
3675,90,92,LAE,17.354652443390012
3676,90,109,LAE,17.278097185510568
3677,90,92,LAE,23.58323985564
3678,90,92,LAE,13.764763417523639
3679,90,92,LAE,16.428943323380413
3680,90,94,LAE,42.28403056748538
3681,90,92,LAE,19.038463669066473
3682,91,109,LAE,3.6724884230261834
3683,91,105,LAE,33.20453860109217
3684,91,92,LAE,9.78863243779947
3685,91,98,LAE,16.174905101816677
3686,91,96,LAE,9.716929802043225
3687,91,103,LAE,27.24345935279955
3688,91,94,LAE,24.827306029313263
3689,91,92,LAE,6.335775338373713
3690,91,93,LAE,14.871343784896883
3691,91,92,LAE,10.395447411474418
3692,91,94,LAE,7.054651145384521
3693,91,93,LAE,18.78611141570627
3694,91,92,LAE,0.9348565716458413
3695,91,92,LAE,8.356511582048157
3696,91,92,LAE,12.047417673340899
3697,91,92,LAE,27.24880446134236
3698,91,99,LAE,10.285775295682926
3699,91,104,LAE,19.07512022541964
3700,91,109,LAE,6.478370425664201
3701,91,99,LAE,27.422282077227095
3702,91,94,LAE,4.3755239972576145
3703,91,98,LAE,31.576817048104818
3704,91,107,LAE,10.335544405530538
3705,90,93,LAE,41.66626401332334
3706,90,102,LAE,4.9367974161956365
3707,90,109,LAE,16.974027567188973
3708,90,93,LAE,21.530330004874358
3709,90,93,LAE,16.79633355298936
3710,91,96,LAE,27.965765099042333
3711,91,97,LAE,25.01887916966637
3712,91,93,LAE,53.10926164845087
3713,91,97,LAE,2.1354832069572565
3714,91,96,LAE,35.92392339685125
3715,91,103,LAE,6.115675472099866
3716,91,109,LAE,15.431970635860921
3717,91,93,LAE,16.15516773670503
3718,92,93,LAE,17.851217600158265
3719,92,94,LAE,1.119786393160093
3720,92,93,LAE,28.660281761576798
3721,92,104,LAE,23.263066269276596
3722,92,96,LAE,13.957142480431733
3723,92,93,LAE,27.778017084717312
3724,92,94,LAE,1.1579693380657314
3725,92,93,LAE,47.53431758702083
3726,92,100,LAE,8.178436759252053
3727,92,93,LAE,12.24629422714202
3728,92,94,LAE,10.445430463904529
3729,92,94,LAE,6.760309765031815
3730,92,99,LAE,18.14792429039353
3731,92,102,LAE,12.800696433006559
3732,92,93,LAE,14.683181011748795
3733,92,93,LAE,1.5618777140543771
3734,92,94,LAE,20.540351962520496
3735,92,93,LAE,53.410789603209906
3736,92,93,LAE,15.798068617656691
3737,92,108,LAE,23.14017470966677
3738,92,97,LAE,33.41177352195584
3739,92,93,LAE,31.070107462128988
3740,92,93,LAE,1.131211011576342
3741,92,99,LAE,7.359868048586171
3742,92,93,LAE,22.602982810937945
3743,92,93,LAE,32.40752497601491
3744,92,93,LAE,14.026233646397907
3745,92,96,LAE,2.0161600960766135
3746,92,96,LAE,22.546073448899204
3747,92,93,LAE,6.181521819762515
3748,92,98,LAE,10.63952503135923
3749,92,93,LAE,0.9161150901977754
3750,92,93,LAE,13.933629953026248
3751,90,98,LAE,27.35437399310776
3752,90,94,LAE,1.2118558820461272
3753,90,96,LAE,15.560420135250574
3754,91,94,LAE,25.40090458606992
3755,91,94,LAE,11.678516493290543
3756,91,94,LAE,18.598470886806815
3757,91,94,LAE,41.26903556800893
3758,91,94,LAE,7.051757074240103
3759,91,94,LAE,25.14514883120429
3760,91,97,LAE,26.710942962735245
3761,91,94,LAE,44.251085657520036
3762,91,94,LAE,19.569714821897076
3763,92,99,LAE,8.978790399607872
3764,92,94,LAE,1.1106996113504328
3765,92,94,LAE,1.1149977183117938
3766,92,94,LAE,17.409753018995694
3767,92,94,LAE,15.223271931490821
3768,92,95,LAE,7.994825935107588
3769,92,94,LAE,5.226959108530052
3770,92,94,LAE,24.863863183318013
3771,92,103,LAE,31.14822076913616
3772,92,94,LAE,2.4453504682050355
3773,92,108,LAE,34.95729864051117
3774,92,94,LAE,5.046498732203699
3775,92,108,LAE,7.491142621133489
3776,92,94,LAE,1.3769955151047484
3777,92,109,LAE,5.25986928311879
3778,92,94,LAE,20.911858060060528
3779,92,94,LAE,33.7451794138683
3780,93,109,LAE,12.45765861315147
3781,93,108,LAE,10.800031892956119
3782,93,96,LAE,20.322864300940857
3783,93,94,LAE,4.2182936377038
3784,93,97,LAE,6.389402787837534
3785,93,98,LAE,0.8740794676417266
3786,93,98,LAE,13.881985517399242
3787,93,98,LAE,1.0863911439219878
3788,93,96,LAE,14.30263380629148
3789,93,94,LAE,28.073132332604285
3790,93,94,LAE,18.296452088860264
3791,93,94,LAE,17.74722336123276
3792,93,98,LAE,11.3157460035358
3793,93,99,LAE,1.6868426366933744
3794,93,94,LAE,13.103381497957967
3795,93,94,LAE,22.31161763291138
3796,93,108,LAE,7.1292058717386375
3797,91,95,LAE,8.512548946335768
3798,91,96,LAE,11.11660688983157
3799,91,95,LAE,44.23023624984148
3800,91,95,LAE,9.007595039769313
3801,91,97,LAE,9.14595025755849
3802,92,95,LAE,52.52809534796262
3803,92,96,LAE,45.32947895592975
3804,92,109,LAE,18.440674211471176
3805,92,95,LAE,7.965310783919556
3806,92,96,LAE,19.67512618325371
3807,92,96,LAE,30.33485681657701
3808,93,96,LAE,4.414459190444624
3809,93,104,LAE,14.500230009039116
3810,93,95,LAE,27.41264072273339
3811,93,109,LAE,5.428553503359469
3812,93,109,LAE,2.9069586470914475
3813,93,99,LAE,25.351797883790088
3814,93,95,LAE,35.2737699384632
3815,93,109,LAE,4.3239408776727
3816,93,95,LAE,0.9775988285585744
3817,93,98,LAE,1.8535717636419469
3818,93,95,LAE,26.395393547394047
3819,93,95,LAE,29.810994304387755
3820,93,98,LAE,22.68007442060917
3821,93,104,LAE,14.411061354056983
3822,93,95,LAE,9.805183887921325
3823,93,99,LAE,28.991773960994923
3824,93,95,LAE,0.929156845028948
3825,94,95,LAE,16.722430200778852
3826,94,100,LAE,0.8098932242024243
3827,94,95,LAE,12.614902924810272
3828,94,109,LAE,5.695343184280112
3829,94,96,LAE,11.940616878351298
3830,94,95,LAE,16.254718876830104
3831,94,99,LAE,11.203279352341386
3832,94,95,LAE,2.311393572825751
3833,94,100,LAE,10.264052182667184
3834,94,109,LAE,1.2794000843282947
3835,94,95,LAE,6.26943692217179
3836,94,95,LAE,0.6755064260934924
3837,94,95,LAE,11.378350390255155
3838,94,95,LAE,0.6903468722800361
3839,94,109,LAE,28.22448174191786
3840,94,98,LAE,13.004207490078421
3841,94,104,LAE,5.986121909147722
3842,94,109,LAE,34.90649918766138
3843,94,100,LAE,0.7987107516534142
3844,94,95,LAE,11.148693261034534
3845,94,96,LAE,1.1811013500732401
3846,94,99,LAE,13.880065809805451
3847,94,95,LAE,6.069384125215479
3848,94,95,LAE,7.608053638597698
3849,94,95,LAE,26.571575296879026
3850,94,108,LAE,22.149453722913243
3851,94,102,LAE,2.332896879600359
3852,94,95,LAE,54.11557787873569
3853,94,95,LAE,0.7489263885870352
3854,92,97,LAE,6.814613161730153
3855,92,101,LAE,33.0205546298492
3856,92,109,LAE,13.369325133732984
3857,93,98,LAE,7.769726834190507
3858,93,109,LAE,0.9448758153703329
3859,93,96,LAE,16.260458839288436
3860,93,96,LAE,52.98500787714853
3861,93,96,LAE,10.2530776838898
3862,93,96,LAE,23.14278170450247
3863,93,96,LAE,13.28129684100041
3864,93,108,LAE,15.434904472845611
3865,93,97,LAE,5.53777570186403
3866,93,96,LAE,16.625465248407114
3867,93,96,LAE,20.69422379484642
3868,93,97,LAE,6.587492785146642
3869,93,109,LAE,16.538726141352726
3870,94,96,LAE,15.430911668474243
3871,94,109,LAE,24.756087365181425
3872,94,109,LAE,12.317825769405694
3873,94,100,LAE,20.691715543272032
3874,94,96,LAE,15.09097553926936
3875,94,96,LAE,17.62290645887189
3876,94,96,LAE,15.479164737516612
3877,94,96,LAE,22.72958552582744
3878,94,96,LAE,14.771642977077358
3879,95,100,LAE,14.62433376278596
3880,95,98,LAE,14.986649532161097
3881,95,96,LAE,2.1572070656607685
3882,95,97,LAE,10.870327337282161
3883,95,101,LAE,0.703956138691191
3884,95,109,LAE,16.156155129778224
3885,95,109,LAE,32.61523321894582
3886,95,100,LAE,56.610664553577806
3887,95,96,LAE,15.098302469601915
3888,95,109,LAE,13.93376855853925
3889,95,96,LAE,1.8446125493480086
3890,95,97,LAE,0.9214028893598579
3891,95,99,LAE,1.2219586215880547
3892,95,106,LAE,12.012269019660225
3893,95,98,LAE,6.2121108921065185
3894,95,101,LAE,4.650521637698247
3895,95,98,LAE,1.7287158917792744
3896,95,100,LAE,0.7329697348989045
3897,95,109,LAE,1.6553350999036542
3898,95,100,LAE,21.654332940013077
3899,95,96,LAE,24.51815161904089
3900,95,100,LAE,0.899348349917013
3901,93,101,LAE,29.00561871068177
3902,93,97,LAE,8.690027578955954
3903,93,97,LAE,7.797323947033177
3904,93,98,LAE,7.999916574285947
3905,93,100,LAE,12.428452217586502
3906,93,97,LAE,12.688790134615244
3907,93,106,LAE,43.16707750664233
3908,93,97,LAE,10.944298360238559
3909,93,97,LAE,29.223286038314008
3910,94,109,LAE,8.944105210053424
3911,94,97,LAE,20.515367030806367
3912,94,98,LAE,5.90132568433219
3913,94,97,LAE,53.38724284519577
3914,94,97,LAE,2.6907451032762433
3915,94,99,LAE,27.837955299590277
3916,94,97,LAE,12.88050506974249
3917,94,102,LAE,25.74085181106156
3918,94,97,LAE,11.784530795673373
3919,94,99,LAE,14.069006823344504
3920,94,97,LAE,21.413258614940474
3921,94,108,LAE,16.049064141369296
3922,94,98,LAE,3.227320722943442
3923,95,109,LAE,26.55902468670866
3924,95,101,LAE,13.394966352269506
3925,95,105,LAE,4.338784141476687
3926,95,109,LAE,15.95928587990488
3927,95,109,LAE,25.764069983747042
3928,95,98,LAE,2.1545480418166285
3929,95,97,LAE,9.501120587807884
3930,95,101,LAE,20.16298226203504
3931,95,97,LAE,0.8365855501421737
3932,95,101,LAE,0.7495120516354495
3933,96,109,LAE,1.350670908062791
3934,96,97,LAE,0.7743810896230474
3935,96,97,LAE,33.70803099199358
3936,96,97,LAE,25.1621133489876
3937,96,105,LAE,1.7087478521567885
3938,96,98,LAE,3.4951308937852286
3939,96,97,LAE,0.7932202677080079
3940,96,97,LAE,14.96349762017517
3941,96,101,LAE,1.495374537904401
3942,96,99,LAE,4.610177528123621
3943,96,108,LAE,0.7730656904189295
3944,96,97,LAE,6.226972078370702
3945,96,107,LAE,0.7768396063131262
3946,96,99,LAE,0.6173714825093406
3947,96,97,LAE,1.0231946557719411
3948,96,108,LAE,0.7055224592964431
3949,96,103,LAE,27.59285596261996
3950,96,101,LAE,5.841047334107936
3951,96,109,LAE,6.551751477689709
3952,96,97,LAE,29.591879011846345
3953,96,97,LAE,12.552822657530708
3954,94,103,LAE,19.079102269234056
3955,94,102,LAE,16.190481941427322
3956,94,98,LAE,32.98470439622419
3957,94,102,LAE,23.057533511503944
3958,94,98,LAE,33.207906424776226
3959,94,98,LAE,12.956866388287148
3960,94,109,LAE,17.424419873225695
3961,94,98,LAE,33.378103927849324
3962,94,98,LAE,6.138751593501379
3963,94,109,LAE,16.56203083811082
3964,94,98,LAE,37.19363452694083
3965,95,98,LAE,16.60613768446143
3966,95,102,LAE,8.822020039760124
3967,95,98,LAE,0.7791604801691339
3968,96,98,LAE,22.0614599516867
3969,96,106,LAE,9.757475700640041
3970,96,109,LAE,36.049778459885765
3971,96,109,LAE,33.556594525222586
3972,96,98,LAE,6.40799194861637
3973,96,99,LAE,22.10574142859107
3974,96,103,LAE,5.859652375207366
3975,96,101,LAE,0.7638678478777405
3976,96,109,LAE,1.1462093002379794
3977,97,98,LAE,0.7009558348447881
3978,97,109,LAE,6.355662157482434
3979,97,102,LAE,0.7339523273377386
3980,97,99,LAE,2.513857574064873
3981,97,109,LAE,26.77805534599819
3982,97,98,LAE,18.587921962867153
3983,97,99,LAE,7.124963814353753
3984,97,102,LAE,0.6209121283481587
3985,97,107,LAE,21.5517112825414
3986,97,98,LAE,0.591736668931257
3987,97,98,LAE,20.183650760105678
3988,97,104,LAE,2.455308883540292
3989,97,108,LAE,10.823841710723295
3990,97,98,LAE,22.995522555821033
3991,97,99,LAE,13.82695373078169
3992,97,99,LAE,0.6232954919052521
3993,97,109,LAE,0.6361724862863428
3994,97,101,LAE,13.042951903292824
3995,97,100,LAE,56.04955010186467
3996,97,109,LAE,12.15900384373326
3997,97,108,LAE,4.538131300475904
3998,97,109,LAE,7.978934284881586
3999,97,109,LAE,17.044333544107452
4000,97,98,LAE,5.7666002766035485
4001,97,98,LAE,5.879807893420364
4002,97,98,LAE,4.9334328344877365
4003,97,109,LAE,19.251437086289737
4004,97,109,LAE,17.36317062516316
4005,97,109,LAE,14.95775634098842
4006,97,100,LAE,5.464287380832296
4007,95,109,LAE,4.558498976313763
4008,95,99,LAE,6.002610411809304
4009,95,109,LAE,26.7905001388538
4010,96,101,LAE,20.79451890701889
4011,96,99,LAE,13.138548634946812
4012,96,102,LAE,19.61848313957054
4013,96,99,LAE,6.310071104982179
4014,96,99,LAE,6.823803455128782
4015,96,104,LAE,4.872101599953631
4016,96,103,LAE,5.838287912979129
4017,96,104,LAE,11.306361805044139
4018,96,101,LAE,1.6955616601217545
4019,96,99,LAE,6.080673465243146
4020,97,99,LAE,30.212080108688408
4021,97,100,LAE,13.52732489369844
4022,97,104,LAE,21.84807113584429
4023,97,99,LAE,7.720997193890182
4024,97,109,LAE,14.887867685309851
4025,97,99,LAE,15.836329867590624
4026,97,99,LAE,1.4994711995242587
4027,97,99,LAE,1.4525480533685624
4028,97,99,LAE,44.45329905061379
4029,97,101,LAE,10.897549010695828
4030,97,103,LAE,8.880444386010213
4031,97,103,LAE,6.424965076833556
4032,98,103,LAE,0.9787430568505473
4033,98,104,LAE,30.369423275490306
4034,98,109,LAE,51.95211983319129
4035,98,99,LAE,8.082968486828738
4036,98,109,LAE,13.038780717074184
4037,98,109,LAE,14.525357012352996
4038,98,99,LAE,5.998884638058573
4039,98,104,LAE,46.5131423821407
4040,98,99,LAE,41.12470509695359
4041,98,99,LAE,2.7854772967260515
4042,98,102,LAE,27.424105006688375
4043,98,99,LAE,20.392964653816932
4044,98,99,LAE,1.6604282907918195
4045,98,99,LAE,26.75163564805131
4046,98,99,LAE,6.723697100362471
4047,98,106,LAE,15.049925647631587
4048,98,102,LAE,26.13493662489377
4049,98,102,LAE,13.110293902473746
4050,98,103,LAE,6.890656905906483
4051,98,99,LAE,19.053845643447026
4052,98,100,LAE,12.117371624726463
4053,96,100,LAE,12.72362729216919
4054,96,100,LAE,1.0436350285201321
4055,96,103,LAE,15.401938844742537
4056,96,100,LAE,34.63664410162652
4057,96,100,LAE,1.8114592105054812
4058,96,107,LAE,1.1373576192036021
4059,96,103,LAE,14.065214680000414
4060,97,100,LAE,5.9229437363416535
4061,97,104,LAE,12.900904363934673
4062,97,100,LAE,6.203388666789824
4063,97,108,LAE,6.602567467185634
4064,97,100,LAE,0.6010699948467194
4065,97,103,LAE,2.433736003224122
4066,97,109,LAE,1.6770883084797985
4067,98,109,LAE,5.14954682458703
4068,98,100,LAE,13.642885491503625
4069,98,109,LAE,8.152333648503255
4070,98,100,LAE,17.17103227770691
4071,98,100,LAE,22.167799263446383
4072,98,100,LAE,12.029171783997574
4073,98,100,LAE,29.226923532439194
4074,98,100,LAE,9.92626195951275
4075,98,109,LAE,6.132387960509324
4076,98,109,LAE,2.6133420394449676
4077,98,108,LAE,1.7061680023226713
4078,99,100,LAE,4.908013129368339
4079,99,106,LAE,38.09947322609022
4080,99,100,LAE,11.005150883111575
4081,99,100,LAE,4.121955391115521
4082,99,102,LAE,16.359544687735145
4083,99,109,LAE,13.691571360043826
4084,99,109,LAE,0.959886199583736
4085,99,109,LAE,6.1014610908903615
4086,99,100,LAE,18.200758038601467
4087,99,101,LAE,16.34340197594509
4088,99,100,LAE,5.552554838019425
4089,99,100,LAE,11.886598923012139
4090,99,109,LAE,52.27030158472222
4091,99,101,LAE,1.5247845667892677
4092,99,100,LAE,0.7351756039965996
4093,99,100,LAE,9.671959677234126
4094,97,101,LAE,5.863401451082641
4095,97,101,LAE,16.77081775431798
4096,97,101,LAE,0.781918427791309
4097,97,104,LAE,0.7451777870920503
4098,97,107,LAE,2.9631409231164074
4099,97,101,LAE,1.7227845887641264
4100,98,101,LAE,4.462007663883045
4101,98,103,LAE,27.100984967324926
4102,98,102,LAE,3.148993519366653
4103,98,101,LAE,11.104363655361938
4104,98,108,LAE,1.0534009537019082
4105,98,104,LAE,25.089205282242354
4106,99,101,LAE,21.214100528127414
4107,99,101,LAE,2.118225952709688
4108,99,104,LAE,6.216106386747141
4109,99,104,LAE,8.758379839365347
4110,99,107,LAE,25.599171639971953
4111,99,101,LAE,49.84427698624303
4112,99,104,LAE,11.344287253771203
4113,99,109,LAE,1.0555828435393178
4114,99,105,LAE,37.24200932517843
4115,99,109,LAE,14.48776222213527
4116,99,104,LAE,14.93561730134107
4117,100,108,LAE,13.245235486676446
4118,100,101,LAE,15.311645527156115
4119,100,105,LAE,15.635103812214366
4120,100,109,LAE,25.38499775319848
4121,100,101,LAE,20.852841024862503
4122,100,109,LAE,27.472986647443218
4123,100,101,LAE,11.304002876692921
4124,100,105,LAE,0.8170081890215343
4125,100,101,LAE,13.55763391982133
4126,100,104,LAE,1.7998754214885548
4127,100,108,LAE,0.618148162392158
4128,100,101,LAE,22.001139021979444
4129,98,106,LAE,29.604976651812468
4130,98,109,LAE,29.138507060830985
4131,98,109,LAE,17.087618978281974
4132,98,104,LAE,9.527628599259023
4133,98,102,LAE,20.123259066192997
4134,98,109,LAE,14.009873929772997
4135,98,106,LAE,18.702205671042726
4136,99,109,LAE,22.48555635016101
4137,99,109,LAE,2.563720145570802
4138,99,103,LAE,21.499143038409517
4139,99,109,LAE,10.644723110797683
4140,100,109,LAE,0.6144158161856937
4141,100,103,LAE,11.562419739254858
4142,100,102,LAE,22.818946509032692
4143,100,109,LAE,16.83384579470446
4144,100,102,LAE,8.492327678551147
4145,100,106,LAE,9.88794521566822
4146,100,102,LAE,8.261971191734544
4147,100,102,LAE,0.7522191769897713
4148,100,102,LAE,23.40738997132474
4149,100,106,LAE,0.6613271595401615
4150,101,102,LAE,15.693465334189174
4151,101,102,LAE,5.640517982576254
4152,101,109,LAE,4.323968434174919
4153,101,109,LAE,31.0397373012881
4154,101,107,LAE,1.3542317781459319
4155,101,107,LAE,9.95622840564868
4156,101,102,LAE,32.2887538867636
4157,101,102,LAE,20.84291745840789
4158,101,102,LAE,6.4725510105348585
4159,101,102,LAE,26.865444755700356
4160,101,102,LAE,24.3833459202075
4161,101,102,LAE,10.191135823686796
4162,101,102,LAE,29.124334116247436
4163,101,102,LAE,0.5585708673443607
4164,101,102,LAE,29.156614457082128
4165,101,102,LAE,31.302470977623756
4166,101,104,LAE,11.796959023445984
4167,101,108,LAE,17.257425411308663
4168,99,103,LAE,36.09332540107509
4169,99,109,LAE,4.783563889045732
4170,99,108,LAE,12.549485003901086
4171,99,103,LAE,5.373595907400962
4172,100,103,LAE,22.952440463965193
4173,100,103,LAE,16.25188966582093
4174,100,103,LAE,5.81586360467044
4175,100,103,LAE,6.775545468471904
4176,100,107,LAE,29.247414680511472
4177,100,109,LAE,13.999193015782616
4178,100,103,LAE,0.6445757932370725
4179,100,103,LAE,7.026447324882604
4180,101,103,LAE,6.496700106206811
4181,101,109,LAE,15.053016095986376
4182,101,103,LAE,0.552355883372277
4183,101,107,LAE,19.3537786230248
4184,101,103,LAE,8.33411672290961
4185,101,109,LAE,0.571843520409247
4186,101,108,LAE,0.6858327940750437
4187,102,109,LAE,4.569306766008605
4188,102,109,LAE,5.577123611425792
4189,102,107,LAE,7.70665658539017
4190,102,109,LAE,10.829843679981897
4191,102,105,LAE,4.885191567385518
4192,102,103,LAE,0.9443179592646812
4193,102,109,LAE,7.757334870558537
4194,102,109,LAE,5.779846563880884
4195,102,109,LAE,4.232710643994871
4196,102,109,LAE,9.858914089712387
4197,102,103,LAE,38.220431264321526
4198,100,104,LAE,0.6561060282076755
4199,100,109,LAE,38.88593311284872
4200,100,104,LAE,2.193849447763561
4201,100,106,LAE,10.88663010374479
4202,100,104,LAE,19.14355408015084
4203,100,109,LAE,15.612370381470752
4204,100,104,LAE,2.02887174156231
4205,100,104,LAE,16.027841844543804
4206,100,109,LAE,24.580567431980995
4207,101,104,LAE,27.34624627523614
4208,101,107,LAE,1.0443083532881554
4209,101,104,LAE,8.929200502961844
4210,101,109,LAE,6.883472530387711
4211,101,106,LAE,32.971564941605976
4212,101,105,LAE,1.6806937634305048
4213,101,104,LAE,35.198044311163656
4214,101,109,LAE,31.742796497201297
4215,102,104,LAE,12.705408293392184
4216,102,109,LAE,3.1602843997127037
4217,102,104,LAE,24.32204715129219
4218,102,104,LAE,19.744474422812473
4219,102,104,LAE,4.883853431586432
4220,102,106,LAE,0.5908721028985184
4221,102,109,LAE,12.369886592210541
4222,102,104,LAE,13.16187188204232
4223,102,104,LAE,0.9244607146486307
4224,102,109,LAE,11.797012967244003
4225,102,104,LAE,10.88349016286388
4226,102,109,LAE,0.6275708689172049
4227,103,108,LAE,5.32795537209532
4228,103,104,LAE,38.090154262055954
4229,103,109,LAE,41.75682572610929
4230,103,108,LAE,27.775896249501816
4231,103,106,LAE,13.442788154264733
4232,103,104,LAE,34.60129378230759
4233,103,104,LAE,9.009466340190835
4234,103,109,LAE,6.548508169182175
4235,103,104,LAE,8.087346718851013
4236,103,108,LAE,10.387337968021928
4237,103,109,LAE,10.371191429543474
4238,103,104,LAE,8.745066530232242
4239,103,109,LAE,3.3872386757509196
4240,101,107,LAE,40.728205938855474
4241,101,109,LAE,1.613932881443701
4242,101,109,LAE,30.599699312453655
4243,101,105,LAE,1.05061438139522
4244,102,106,LAE,17.385167615156924
4245,102,109,LAE,0.7557170585765827
4246,102,105,LAE,19.976883260735264
4247,103,109,LAE,33.030509290601515
4248,103,109,LAE,14.234807744240118
4249,103,109,LAE,28.69472857172894
4250,103,109,LAE,14.481934322291824
4251,103,109,LAE,20.016501292709727
4252,103,105,LAE,37.121621694366596
4253,103,109,LAE,26.585757015634705
4254,103,105,LAE,9.94815274923595
4255,103,109,LAE,48.05890389324754
4256,103,109,LAE,24.789259799140098
4257,103,105,LAE,12.503088610199466
4258,104,108,LAE,12.928259171345937
4259,104,108,LAE,17.78812074092005
4260,104,107,LAE,5.472821915268075
4261,104,105,LAE,0.8826016479237441
4262,104,105,LAE,16.634801769427995
4263,104,107,LAE,22.808024954834032
4264,104,107,LAE,0.8797491198815356
4265,104,106,LAE,30.052200181105654
4266,104,105,LAE,15.626643155303434
4267,104,108,LAE,34.63462921774036
4268,104,108,LAE,41.37246780761297
4269,104,109,LAE,0.6080326905063723
4270,104,108,LAE,34.67560044300287
4271,102,106,LAE,13.483031438383955
4272,102,106,LAE,4.637866892415489
4273,102,106,LAE,1.0260027431316325
4274,103,106,LAE,0.6216793755328228
4275,103,106,LAE,8.17463878575873
4276,103,106,LAE,6.5894750484359195
4277,103,106,LAE,25.365057616381005
4278,103,106,LAE,29.025224789251954
4279,104,107,LAE,3.598607710241934
4280,104,109,LAE,10.442730747736737
4281,104,109,LAE,0.6998000213319722
4282,104,109,LAE,15.437789025042251
4283,104,106,LAE,21.302949461140532
4284,104,107,LAE,31.204925060887412
4285,104,109,LAE,13.84757263000855
4286,104,108,LAE,43.60438228389992
4287,104,109,LAE,12.65247002513066
4288,105,108,LAE,5.180758918651887
4289,105,108,LAE,9.779460083035714
4290,105,109,LAE,52.72535590262434
4291,105,109,LAE,26.91584544546513
4292,105,106,LAE,1.5003052001941743
4293,105,109,LAE,50.12240943264656
4294,105,107,LAE,2.2292639414338593
4295,105,106,LAE,20.322175028894883
4296,105,108,LAE,17.338696019916025
4297,105,106,LAE,32.48680114197225
4298,105,106,LAE,23.657674641698655
4299,105,106,LAE,12.478508079960603
4300,105,109,LAE,29.57417655982139
4301,105,109,LAE,11.544604998263463
4302,105,107,LAE,28.81438011509854
4303,105,106,LAE,6.990980123555403
4304,105,109,LAE,13.480085356809788
4305,105,109,LAE,5.668000033827685
4306,105,109,LAE,32.19612423272455
4307,105,107,LAE,19.15239158636439
4308,105,109,LAE,2.4617695857351642
4309,105,107,LAE,0.6125034910870018
4310,105,107,LAE,18.288399454077343
4311,105,106,LAE,11.527926298125303
4312,105,109,LAE,2.215782854649744
4313,105,108,LAE,15.94389247035842
4314,103,107,LAE,6.717890416128417
4315,103,108,LAE,20.471903100220317
4316,103,109,LAE,20.98472584279509
4317,104,107,LAE,0.535602838890398
4318,104,108,LAE,54.22806438168086
4319,104,107,LAE,27.33417458506885
4320,104,107,LAE,8.423408036624846
4321,104,107,LAE,0.5329347176068774
4322,105,107,LAE,10.219299895716269
4323,105,108,LAE,1.5898038065615896
4324,105,107,LAE,0.6490175363319705
4325,105,107,LAE,0.5485265817750701
4326,105,107,LAE,27.78308726124421
4327,105,108,LAE,28.348626776162426
4328,105,109,LAE,18.533450351786342
4329,105,108,LAE,43.96414527552173
4330,105,107,LAE,6.167875442978413
4331,106,107,LAE,6.265382588612855
4332,106,109,LAE,24.97345343846739
4333,106,109,LAE,0.572365263807819
4334,106,109,LAE,13.64932409711731
4335,106,109,LAE,2.27448813262181
4336,106,109,LAE,12.512823866938572
4337,106,107,LAE,1.9548782547659185
4338,106,108,LAE,0.9577973722693472
4339,106,107,LAE,22.035532569015356
4340,106,108,LAE,15.634739804391412
4341,106,107,LAE,0.9785314616200355
4342,106,107,LAE,22.429170954814502
4343,106,109,LAE,1.1064980460312754
4344,106,109,LAE,1.171619048780063
4345,106,108,LAE,2.6776980151542067
4346,106,107,LAE,12.91541668060614
4347,106,107,LAE,5.460139974995987
4348,106,109,LAE,7.930032307724784
4349,106,107,LAE,52.365815320829334
4350,106,109,LAE,14.475253708370175
4351,106,107,LAE,1.398722108652227
4352,104,108,LAE,5.278620489787725
4353,104,108,LAE,35.520334527230574
4354,104,109,LAE,30.95809339984653
4355,104,108,LAE,9.772582936640722
4356,104,108,LAE,0.9184148319750942
4357,104,108,LAE,22.161647775292217
4358,104,108,LAE,10.663941088178808
4359,104,108,LAE,44.62750854937094
4360,105,108,LAE,23.710474862501215
4361,105,109,LAE,25.649701979787196
4362,105,109,LAE,26.510921816289482
4363,106,109,LAE,28.876914005085723
4364,106,108,LAE,7.473210019750094
4365,106,108,LAE,15.431070864962601
4366,106,108,LAE,5.915357285114999
4367,107,108,LAE,0.5995949791798296
4368,107,108,LAE,24.87762487971344
4369,107,109,LAE,5.553020389594041
4370,107,108,LAE,24.573855346950822
4371,107,108,LAE,25.876960470110998
4372,107,109,LAE,7.678659065208219
4373,107,108,LAE,13.181911925625986
4374,107,109,LAE,35.16489751371563
4375,107,108,LAE,12.574267033464162
4376,107,109,LAE,57.5686901752228
4377,107,108,LAE,11.289258213926193
4378,107,109,LAE,1.0530660837277506
4379,107,108,LAE,1.3444983088696718
4380,107,108,LAE,21.293279529019323
4381,107,108,LAE,45.15707855569022
4382,107,109,LAE,12.13024562099341
4383,107,109,LAE,6.423973604142168
4384,105,109,LAE,7.932372542063275
4385,106,109,LAE,29.421215850232453
4386,106,109,LAE,56.543247197716894
4387,106,109,LAE,22.37076357856072
4388,106,109,LAE,10.54837802667439
4389,106,109,LAE,0.7359106301987475
4390,107,109,LAE,0.5775146135135655
4391,107,109,LAE,19.01983391429023
4392,107,109,LAE,23.233776933673163
4393,107,109,LAE,26.41043646119471
4394,107,109,LAE,33.21951637328744
4395,107,109,LAE,6.9730359180516235
4396,107,109,LAE,14.380072481073892
4397,107,109,LAE,35.38547918715513
4398,108,109,LAE,30.79384012275846
4399,108,109,LAE,17.43566722700462
4400,108,109,LAE,8.06981926450938
4401,108,109,LAE,7.660086965940186
4402,108,109,LAE,0.8131985457521441
4403,108,109,LAE,16.58686503226865
4404,108,109,LAE,4.055878373051434
4405,108,109,LAE,24.92993722893269
4406,108,109,LAE,1.3814104977711943
4407,108,109,LAE,1.512638925170561
4408,108,109,LAE,1.510301545687384
