landmark_id,first_frame_idx,last_frame_idx,slots_seen,creation_depth_m
0,0,12,LAE|MAE|SAE,4.481418441535923
1,0,6,LAE|MAE|SAE,4.330893529291037
2,0,6,LAE|MAE|SAE,4.181074593912186
3,0,4,LAE|MAE|SAE,3.8635614536031118
4,0,7,LAE|MAE|SAE,1.1054017165510857
5,0,7,LAE|MAE|SAE,3.6706404299833384
6,0,2,LAE|MAE,4.278329517875936
7,0,1,LAE|MAE,4.629845958441181
8,0,3,LAE|MAE|SAE,7.278587132152062
9,0,16,LAE|MAE|SAE,7.2544640973959975
10,0,6,LAE|MAE|SAE,4.154341751236566
11,0,4,LAE|MAE|SAE,8.441369286416895
12,0,5,LAE|MAE,6.416700294849292
13,0,2,LAE|MAE,4.2190932512188795
14,0,7,LAE|MAE|SAE,17.453615849521082
15,0,4,LAE|MAE,2.00284809009038
16,0,7,LAE|MAE|SAE,4.218906598806807
17,0,6,LAE|MAE|SAE,6.239220678499192
18,0,8,LAE|MAE|SAE,5.714559567190455
19,0,7,LAE|MAE|SAE,5.512052519727168
20,0,7,LAE|MAE|SAE,24.167922157978285
21,0,6,LAE|MAE,1.0457398327169019
22,0,1,LAE|MAE,6.127628423600547
23,0,3,LAE|MAE|SAE,0.7139212991677689
24,0,10,LAE|MAE|SAE,3.6012138847129727
25,0,3,LAE|MAE|SAE,0.7435507094471098
26,0,1,LAE|MAE,9.286934350163556
27,0,11,LAE|MAE|SAE,4.511733728986519
28,0,7,LAE|MAE|SAE,3.608718164955768
29,0,4,LAE|MAE|SAE,5.480386311745349
30,0,7,LAE|MAE|SAE,1.0272618257703692
31,0,4,LAE|MAE,4.474136612134609
32,0,24,LAE|MAE|SAE,5.563835337729699
33,0,1,LAE|MAE,1.1848064941880814
34,0,5,LAE|MAE,34.97001183718708
35,0,7,LAE|MAE|SAE,5.224530956457538
36,0,7,LAE|MAE|SAE,4.318700883974499
37,0,12,LAE|MAE|SAE,4.347456322489653
38,0,6,LAE|MAE|SAE,12.27360156384699
39,0,7,LAE|MAE|SAE,4.11778847306445
40,0,7,LAE|MAE|SAE,7.893428661384734
41,0,21,LAE|MAE|SAE,4.174166528525697
42,0,14,LAE|MAE|SAE,6.132640987830679
43,0,9,LAE|MAE|SAE,4.676915113837334
44,0,7,LAE|MAE|SAE,3.7771217941400237
45,0,7,LAE|MAE|SAE,1.0347911747446423
46,0,5,LAE|MAE|SAE,5.082108164107655
47,0,11,LAE|MAE|SAE,4.043123415642262
48,0,17,LAE|MAE|SAE,6.645521613996794
49,0,15,LAE|MAE|SAE,8.752019411002424
50,0,24,LAE|MAE|SAE,5.399804110834729
51,0,2,LAE|MAE,0.7639980458272118
52,0,8,LAE|MAE|SAE,4.656428145568573
53,0,1,LAE|MAE,5.646106110380171
54,0,3,LAE|MAE|SAE,0.6295746161168057
55,0,4,LAE|MAE|SAE,3.7030957741021275
56,0,1,LAE|MAE,3.7294151369584116
57,0,4,LAE|MAE|SAE,1.5258612262326716
58,0,4,LAE|MAE|SAE,3.7734875193606436
59,0,10,LAE|MAE|SAE,6.076850157203696
60,0,6,LAE|MAE|SAE,4.968685895766167
61,0,7,LAE|MAE|SAE,6.81665830075742
62,0,17,LAE|MAE|SAE,4.544342588168975
63,0,4,LAE|MAE,1.0112497919107237
64,0,6,LAE|MAE|SAE,4.22331049010542
65,0,13,LAE|MAE|SAE,12.735415014411172
66,0,9,LAE|MAE|SAE,4.879216849428394
67,0,3,LAE|MAE|SAE,1.2091438793620408
68,0,10,LAE|MAE|SAE,4.18259273842509
69,0,4,LAE|MAE,0.9907382277520208
70,0,5,LAE|MAE|SAE,1.7653346816229267
71,0,6,LAE|MAE|SAE,3.4928755749095326
72,0,1,LAE|MAE,0.9306466524423983
73,0,4,LAE|MAE,4.672807405124587
74,0,32,LAE|MAE|SAE,6.68342069356086
75,0,9,LAE|MAE|SAE,4.351733430624546
76,0,2,LAE|MAE,2.245568615641695
77,0,1,LAE|MAE,4.499782104162889
78,0,12,LAE|MAE|SAE,4.254585094823375
79,0,4,LAE|MAE|SAE,4.407202172980365
80,0,20,LAE|MAE|SAE,4.059237166702688
81,0,4,LAE|MAE|SAE,6.566038718331956
82,0,1,LAE|MAE,4.344049512865607
83,0,7,LAE|MAE|SAE,4.860943549705435
84,0,4,LAE|MAE|SAE,4.421409921264957
85,0,10,LAE|MAE,5.546027905663911
86,0,3,LAE|MAE|SAE,0.7746327069132356
87,0,12,LAE|MAE|SAE,7.206210713448038
88,0,6,LAE|MAE|SAE,6.583823097307548
89,0,2,LAE|MAE,1.9028070104044574
90,0,8,LAE|MAE,2.4512996606584867
91,0,7,LAE|MAE|SAE,1.0768077067588495
92,0,6,LAE|MAE,7.336595024491315
93,0,7,LAE|MAE|SAE,7.379621955337302
94,0,7,LAE|MAE|SAE,4.5593314652993016
95,0,9,LAE|MAE|SAE,4.1531134799367715
96,0,15,LAE|MAE|SAE,6.4681024927415764
97,0,4,LAE|MAE,4.517110566618493
98,0,6,LAE|MAE|SAE,4.1440655640386685
99,0,15,LAE|MAE|SAE,7.144667685447442
100,0,3,LAE|MAE|SAE,17.663524697991946
101,0,7,LAE|MAE|SAE,4.286508589961887
102,0,8,LAE|MAE|SAE,4.203072510031289
103,0,9,LAE|MAE|SAE,4.007664755285601
104,0,10,LAE|MAE|SAE,7.205618361470423
105,0,4,LAE|MAE|SAE,8.732690910425097
106,0,4,LAE|MAE,1.0312263790273184
107,0,6,LAE|MAE|SAE,4.284489409694386
108,0,6,LAE|MAE|SAE,6.287684757622396
109,0,10,LAE|MAE|SAE,4.09923531428125
110,0,3,LAE|MAE|SAE,1.112222268909931
111,0,11,LAE|MAE|SAE,5.561553690420592
112,0,5,LAE|MAE,12.122516623987956
113,0,1,LAE|MAE,0.6231364672217655
114,0,8,LAE|MAE|SAE,10.117300140685302
115,0,13,LAE|MAE,4.424996851485301
116,0,2,LAE|MAE,0.7064743800056049
117,0,6,LAE|MAE,5.652020238865224
118,0,16,LAE|MAE|SAE,3.9616420936636354
119,0,3,LAE|MAE|SAE,7.719529326117972
120,0,7,LAE|MAE|SAE,20.104806744601127
121,0,9,LAE|MAE|SAE,5.304092362484155
122,0,1,LAE|MAE,6.3265150821133505
123,0,15,LAE|MAE|SAE,4.157018105393013
124,0,8,LAE|MAE,6.568536041232027
125,0,10,LAE|MAE|SAE,13.06461706783071
126,0,1,LAE|MAE,3.9087938903624755
127,0,2,LAE|MAE,4.248686385096772
128,0,7,LAE|MAE|SAE,1.3343567625826187
129,0,2,LAE|MAE,6.054613291617104
130,0,6,LAE|MAE,0.9663082744374576
131,0,3,LAE|MAE|SAE,3.934064679598967
132,0,9,LAE|MAE,7.847160590612975
133,0,6,LAE|MAE|SAE,1.8062349671581426
134,0,2,LAE|MAE,4.099499656406658
135,0,7,LAE|MAE|SAE,1.0561492556106888
136,0,5,LAE|MAE|SAE,1.229495969744409
137,0,5,LAE|MAE|SAE,5.005379796503288
138,0,4,LAE|MAE,6.868242921241522
139,0,1,LAE|MAE,45.107906228156274
140,0,12,LAE|MAE,11.29725769199872
141,0,13,LAE|MAE|SAE,4.144481343232846
142,0,6,LAE|MAE|SAE,4.814457485228532
143,0,6,LAE|MAE|SAE,41.22759977286225
144,0,1,LAE|MAE,1.9477356311653333
145,0,4,LAE|MAE|SAE,0.8233091619214549
146,0,7,LAE|MAE|SAE,4.216533934449886
147,0,4,LAE|MAE|SAE,0.7759045821028431
148,0,1,LAE|MAE,6.8099494701492995
149,0,10,LAE|MAE|SAE,4.129872830202903
150,0,10,LAE|MAE,4.1976101552386424
151,0,23,LAE|MAE|SAE,7.140686270296456
152,0,8,MAE,4.355223846285058
153,0,6,MAE,0.7683600692499917
154,0,7,LAE|MAE|SAE,3.6546876084566158
155,0,22,LAE|MAE|SAE,8.230647222097925
156,0,7,MAE|SAE,1.0758194217808779
157,0,24,LAE|MAE|SAE,7.045946124129888
158,0,8,LAE|MAE|SAE,17.161749982795847
159,0,15,LAE|MAE|SAE,4.163479541854168
160,0,4,MAE|SAE,3.694014835714194
161,0,2,MAE,3.5667523475986136
162,0,7,MAE|SAE,10.010383732782199
163,0,3,MAE|SAE,4.7721407678253405
164,0,9,LAE|MAE|SAE,5.1571839195787295
165,0,2,MAE,0.66694964111168
166,0,5,LAE|MAE|SAE,10.588414869136463
167,0,8,MAE,4.241823536277151
168,0,3,MAE|SAE,0.6604473688805215
169,0,2,MAE,0.9178409361347466
170,0,16,LAE|MAE|SAE,4.0863297187716725
171,0,7,MAE|SAE,8.874604352649555
172,0,10,MAE,3.560375052567754
173,0,6,MAE|SAE,3.9630881659983475
174,0,2,MAE,7.116728078104851
175,0,2,MAE,0.652813033201687
176,0,3,MAE|SAE,9.231665695293549
177,0,2,MAE,4.6282542611971635
178,0,3,MAE|SAE,7.093395749232163
179,0,23,LAE|MAE|SAE,6.3078383212852
180,0,18,LAE|MAE|SAE,7.041338839396121
181,0,7,MAE|SAE,6.104670995532676
182,0,13,LAE|MAE|SAE,5.974692865884587
183,0,11,LAE|MAE|SAE,6.295238705559318
184,0,2,MAE,6.382592024188152
185,0,3,MAE|SAE,8.210510294029586
186,0,4,MAE|SAE,4.142384370209701
187,0,4,MAE|SAE,4.954452807067644
188,0,7,MAE|SAE,25.212935960228823
189,0,14,LAE|MAE|SAE,9.203876075210694
190,0,26,LAE|MAE|SAE,6.910903087984852
191,0,13,LAE|MAE|SAE,4.724735871159411
192,0,4,MAE|SAE,9.294145775722916
193,0,10,MAE,6.22124286241474
194,1,2,LAE|MAE,7.129756189467632
195,1,4,LAE|MAE,1.1315827238470382
196,1,5,LAE|MAE,3.217645744490149
197,1,11,LAE|MAE|SAE,5.000453444775856
198,1,2,LAE|MAE,0.6279313861533199
199,1,4,LAE|MAE,1.560925549741145
200,1,2,LAE|MAE,0.7630119200804552
201,1,2,LAE|MAE,1.3669203142746125
202,1,9,LAE|MAE|SAE,6.090136317029301
203,1,8,LAE|MAE,1.031340188292346
204,1,4,LAE|MAE|SAE,1.6809676380941028
205,1,2,LAE|MAE,0.797171797735658
206,1,10,LAE|MAE|SAE,3.6241952179465
207,1,3,LAE|MAE|SAE,4.256938653260585
208,1,5,LAE|MAE|SAE,6.083569470303722
209,1,4,LAE|MAE,4.47190986040242
210,1,5,LAE|MAE,9.31893258036125
211,1,3,LAE|MAE|SAE,0.8327064090819529
212,1,4,LAE|MAE,8.156302651557452
213,1,2,LAE|MAE,9.873936612625677
214,1,3,LAE|MAE|SAE,12.080493899753026
215,1,11,LAE|MAE|SAE,6.910895664604719
216,1,7,LAE|MAE|SAE,4.032292005462681
217,1,2,LAE|MAE,10.676088996625865
218,1,9,LAE|MAE|SAE,7.271133262069701
219,1,3,LAE|MAE|SAE,0.9512825894300284
220,0,3,MAE|SAE,1.6296034574963778
221,0,4,MAE|SAE,1.1508897747367262
222,0,9,LAE|MAE|SAE,4.5955674725628395
223,0,8,MAE|SAE,3.9370518840583077
224,0,15,MAE|SAE,26.318590974920493
225,0,6,MAE|SAE,4.070401994723341
226,0,3,MAE|SAE,0.9879071420246169
227,0,10,LAE|MAE|SAE,4.961360958396586
228,0,3,MAE|SAE,0.7501490917589707
229,0,3,MAE|SAE,6.113715837977259
230,0,14,MAE|SAE,6.790084037107731
231,0,3,MAE|SAE,10.049349905236086
232,0,5,LAE|MAE|SAE,4.121516149202742
233,0,7,MAE|SAE,4.229609376738091
234,0,14,LAE|MAE|SAE,5.806089838056707
235,0,7,LAE|MAE|SAE,4.115041647928919
236,0,18,LAE|MAE|SAE,9.729507054275198
237,0,7,MAE|SAE,9.873936612625677
238,0,7,MAE|SAE,8.535837253495629
239,0,4,MAE|SAE,6.529834114218762
240,0,8,MAE|SAE,6.091058657264339
241,0,3,MAE|SAE,1.1523794136166943
242,0,3,MAE|SAE,7.332095787648022
243,0,13,LAE|MAE|SAE,4.466336014120622
244,0,7,MAE|SAE,4.934393486402074
245,0,3,MAE|SAE,7.3337539567900905
246,2,22,LAE|MAE|SAE,6.922680534912136
247,2,4,MAE|SAE,4.608071018962557
248,2,8,LAE|MAE|SAE,3.979617592328074
249,2,8,LAE|MAE|SAE,10.800340274784325
250,2,6,LAE|MAE|SAE,5.266155763711962
251,2,3,MAE|SAE,0.7249854296045056
252,2,29,LAE|MAE|SAE,7.424619402202827
253,2,12,LAE|MAE|SAE,9.53034954427494
254,2,5,LAE|MAE|SAE,7.247713564680997
255,2,3,MAE|SAE,4.695766204237501
256,2,6,MAE|SAE,7.692419758353514
257,2,15,MAE|SAE,5.906086642228908
258,2,4,MAE|SAE,4.614122414198681
259,2,3,MAE|SAE,1.1011071829881138
260,2,6,MAE|SAE,9.259277297590742
261,2,3,MAE|SAE,5.21669825056212
262,2,3,MAE|SAE,0.7412125102820208
263,2,3,MAE|SAE,4.5667472048103726
264,2,12,LAE|MAE|SAE,4.566028801602169
265,2,8,LAE|MAE|SAE,10.590250918869527
266,2,8,MAE|SAE,7.934212134220104
267,2,3,MAE|SAE,10.378321631709424
268,2,3,MAE|SAE,4.6651527541977265
269,2,7,MAE|SAE,0.8670508317575457
270,2,16,LAE|MAE|SAE,7.240249919074523
271,2,13,LAE|MAE|SAE,7.145600702508425
272,2,3,MAE|SAE,23.172246112716046
273,2,3,MAE|SAE,0.8111538990119633
274,2,4,MAE|SAE,0.9184038202957959
275,2,22,LAE|MAE|SAE,6.898743331394111
276,2,7,LAE|MAE|SAE,3.430383940178116
277,2,10,LAE|MAE|SAE,6.999614942971919
278,2,8,MAE|SAE,6.061449174062247
279,2,4,MAE|SAE,0.7710651681989519
280,2,10,MAE|SAE,4.285659745520894
281,2,3,MAE|SAE,0.6772887686712796
282,0,7,MAE|SAE,5.543286275339274
283,0,4,MAE,0.8034504220646674
284,0,4,MAE,1.2489056536751528
285,0,7,LAE|MAE|SAE,11.489066075617343
286,0,10,LAE|MAE,4.459379691380054
287,0,5,LAE|MAE,3.4177949196160737
288,0,8,MAE,43.21514343992973
289,0,6,LAE|MAE,5.9915944730658515
290,0,10,LAE|MAE,4.218398730213106
291,0,4,MAE,5.628719744947405
292,0,10,LAE|MAE,4.509183261704136
293,0,9,LAE|MAE,2.1917362031835936
294,0,4,MAE,8.28949601505236
295,1,5,LAE|MAE,29.34567559539685
296,1,16,LAE|MAE|SAE,3.6624097122492687
297,1,6,LAE|MAE,0.8308704294220106
298,1,5,LAE|MAE,1.852606987093098
299,1,4,LAE|MAE,0.7364872532049963
300,1,7,LAE|MAE|SAE,1.3625720501472955
301,1,7,LAE|MAE|SAE,1.053138352545955
302,1,7,LAE|MAE|SAE,3.818123395022344
303,1,6,LAE|MAE,1.345748788561468
304,1,4,LAE|MAE,4.161639616206381
305,1,4,LAE|MAE,1.1007883633587907
306,1,4,LAE|MAE,0.9884811343020594
307,1,6,LAE|MAE,0.90808046005513
308,1,9,LAE|MAE,5.121089930833104
309,2,8,LAE|MAE,1.0624499740887214
310,2,7,LAE|MAE|SAE,9.878917286407768
311,2,11,LAE|MAE|SAE,1.639662665862964
312,2,4,MAE,20.48246413976841
313,2,4,MAE,1.0308666757165497
314,2,4,MAE,1.0826059471376763
315,2,9,LAE|MAE|SAE,3.667717932315419
316,2,7,LAE|MAE|SAE,41.45739368312401
317,2,16,LAE|MAE|SAE,6.0474804741426755
318,2,5,LAE|MAE,1.7700085798172245
319,2,5,LAE|MAE,1.680443398278494
320,2,5,LAE|MAE,1.0398090348090643
321,2,8,LAE|MAE|SAE,4.229572210273811
322,3,6,MAE|SAE,20.878110001329798
323,3,4,MAE|SAE,4.558654745739409
324,3,15,LAE|MAE|SAE,5.1455447718970895
325,3,5,LAE|MAE|SAE,0.9977131846942773
326,3,5,LAE|MAE|SAE,4.919544236382145
327,3,4,MAE|SAE,0.8218219046100133
328,3,4,MAE|SAE,1.0301352021317147
329,3,7,MAE|SAE,4.364200381870753
330,3,8,MAE|SAE,6.680951819984941
331,3,4,MAE|SAE,3.3210604307643945
332,3,4,MAE|SAE,1.024066277931849
333,3,5,LAE|MAE|SAE,0.9702964361836199
334,3,8,MAE|SAE,19.765571620551913
335,3,5,LAE|MAE|SAE,20.543589903395716
336,3,5,LAE|MAE|SAE,7.153670568871017
337,3,10,MAE|SAE,6.507325151311647
338,3,4,MAE|SAE,0.7798190473738158
339,3,12,LAE|MAE|SAE,9.175951615417416
340,3,11,MAE|SAE,12.912505919650096
341,3,4,MAE|SAE,6.587265410039065
342,3,14,MAE|SAE,6.907861601840079
343,3,6,MAE|SAE,17.29566815946846
344,3,8,MAE|SAE,2.120551056540879
345,3,8,LAE|MAE|SAE,7.041915756638404
346,3,4,MAE|SAE,4.0013621335159195
347,3,4,MAE|SAE,6.277973522179022
348,1,5,LAE,2.1598947500185823
349,1,5,LAE,8.002117103024586
350,1,7,LAE|MAE|SAE,0.9400109539472995
351,1,5,LAE,1.8692392806729603
352,1,5,LAE,12.521852149345944
353,1,5,LAE,7.037190259438926
354,1,5,LAE,1.8275982021624668
355,1,5,LAE,5.85000334981832
356,1,10,LAE|MAE,1.4858232974885175
357,1,7,LAE|MAE|SAE,1.788207468716864
358,1,6,LAE|MAE,1.7560995719876664
359,1,5,LAE,9.058308340442482
360,1,5,LAE,7.385830830868845
361,2,6,LAE|MAE,4.92354207542716
362,2,10,LAE|MAE|SAE,7.197776323949179
363,2,6,LAE|MAE,5.623527505931824
364,2,5,LAE|MAE,0.9445985273430382
365,2,5,LAE|MAE,3.6581813692303515
366,2,5,LAE|MAE,1.1165807099687488
367,4,8,LAE|MAE,21.18011915847255
368,4,6,LAE|MAE,1.4284629867436307
369,4,17,LAE|MAE|SAE,15.266184147054744
370,4,12,LAE|MAE|SAE,4.519977421451283
371,4,5,LAE|MAE,0.8605144282449224
372,4,13,LAE|MAE,7.042821363838984
373,4,7,LAE|MAE|SAE,5.891076151598123
374,4,8,LAE|MAE|SAE,1.1350480508411265
375,4,8,LAE|MAE|SAE,4.685289438356585
376,4,6,LAE|MAE,0.7475753914496178
377,4,5,LAE|MAE,6.379270207229004
378,4,5,LAE|MAE,0.6627962289634747
379,4,5,LAE|MAE,19.21336443987915
380,4,18,LAE|MAE|SAE,4.178336633562528
381,2,6,MAE,0.8039713157621773
382,2,6,MAE,1.1033234312677755
383,2,14,MAE|SAE,4.415569582767112
384,2,13,LAE|MAE|SAE,4.507058546246238
385,2,16,LAE|MAE|SAE,4.301611285289923
386,2,11,MAE|SAE,4.084866657402977
387,2,6,MAE,2.419017694121963
388,2,13,LAE|MAE,4.218494706090099
389,2,8,MAE,4.0314379009519055
390,2,6,MAE,20.54352328809313
391,3,15,MAE|SAE,4.97525306659959
392,3,6,MAE|SAE,7.463802892226804
393,3,6,MAE|SAE,1.758422170872952
394,3,6,MAE|SAE,17.40849648256384
395,3,7,MAE|SAE,4.251027210682527
396,3,7,MAE|SAE,4.249054083094892
397,3,6,MAE|SAE,4.320360106338069
398,3,7,MAE|SAE,10.31637262634138
399,3,6,MAE|SAE,4.278446287554561
400,3,6,MAE|SAE,21.767900596828184
401,3,6,MAE|SAE,7.73530424630461
402,3,13,LAE|MAE|SAE,5.63906515816543
403,3,6,MAE|SAE,0.8501427557745015
404,3,6,MAE|SAE,0.9552785019765687
405,3,7,MAE|SAE,3.7696649040848045
406,3,6,MAE|SAE,11.593731864787129
407,3,20,LAE|MAE|SAE,5.231082083499863
408,4,8,MAE,3.64620967661027
409,4,6,MAE,7.634007085602564
410,4,15,MAE|SAE,5.864711102597368
411,4,6,MAE,0.75087671018934
412,4,10,MAE,10.103336170204258
413,4,6,MAE,6.165056097731963
414,4,7,MAE|SAE,5.104291181316703
415,5,8,LAE|MAE,1.2365313568139558
416,5,14,LAE|MAE|SAE,11.231456914605275
417,5,6,LAE|MAE,0.957003940786516
418,5,6,LAE|MAE,7.30784043124102
419,5,8,LAE|MAE|SAE,1.6414141485354359
420,5,8,LAE|MAE|SAE,3.615855360510217
421,5,9,LAE|MAE,6.980725861102179
422,5,8,LAE|MAE|SAE,0.9348293242985287
423,5,14,LAE|MAE,5.592483509719839
424,5,6,LAE|MAE,4.156452168255608
425,5,6,LAE|MAE,4.968262781419024
426,5,6,LAE|MAE,22.179157874890116
427,5,6,LAE|MAE,5.3482128796146355
428,5,7,LAE|MAE|SAE,9.962111959711699
429,5,6,LAE|MAE,0.7962632560577039
430,5,10,LAE|MAE,1.828870286954331
431,5,9,LAE|MAE,7.437950342607757
432,5,9,LAE|MAE,2.046299999463049
433,3,7,SAE,39.51128249762074
434,3,7,SAE,30.44798132541992
435,3,7,SAE,4.28219134364743
436,3,7,SAE,6.54160857777656
437,3,7,SAE,4.212985241090305
438,3,11,MAE|SAE,8.28814630197699
439,3,7,SAE,6.209572246299241
440,3,7,SAE,1.7413757868449091
441,3,7,SAE,11.840992921083306
442,4,7,MAE|SAE,1.2080398695859544
443,4,8,MAE|SAE,4.101428766208088
444,4,7,MAE|SAE,3.574290586261974
445,4,12,MAE|SAE,4.227079129056251
446,4,8,MAE|SAE,1.8170527505085057
447,4,15,LAE|MAE|SAE,5.1749716467353135
448,4,7,MAE|SAE,6.777339537130376
449,4,7,MAE|SAE,7.891271089105801
450,4,12,MAE|SAE,4.0551964271428425
451,4,16,LAE|MAE|SAE,5.819817599254003
452,6,10,MAE|SAE,21.667742578376966
453,6,9,LAE|MAE|SAE,4.401607959718667
454,6,8,MAE|SAE,3.818109880488422
455,6,7,MAE|SAE,3.5974147464488544
456,6,7,MAE|SAE,1.0437531087143974
457,6,7,MAE|SAE,0.8574244796291132
458,6,7,MAE|SAE,21.02767791037628
459,6,7,MAE|SAE,9.194363319565676
460,6,12,MAE|SAE,4.0741262304772485
461,6,19,LAE|MAE|SAE,6.714139481469926
462,6,8,MAE|SAE,4.321323392965937
463,6,7,MAE|SAE,1.3836607352027173
464,6,7,MAE|SAE,0.7446364450634082
465,6,7,MAE|SAE,4.16241981549146
466,6,9,LAE|MAE|SAE,4.373025654747809
467,6,7,MAE|SAE,1.269133035144078
468,6,7,MAE|SAE,29.418353930811573
469,6,8,MAE|SAE,10.85517672008941
470,6,8,MAE|SAE,1.488675210965254
471,6,7,MAE|SAE,6.500610873242986
472,6,17,LAE|MAE|SAE,5.743259508204351
473,6,7,MAE|SAE,6.148917473865132
474,6,8,MAE|SAE,9.661097791778202
475,6,8,MAE|SAE,1.0863485361002316
476,4,10,MAE,6.057405402084262
477,4,8,MAE,1.5703415472044466
478,4,8,MAE,8.03026870482704
479,4,8,MAE,41.043685768864556
480,5,8,LAE|MAE,1.1376900144627762
481,5,9,LAE|MAE,3.764635067684386
482,5,8,LAE|MAE,1.9424647550496947
483,5,18,LAE|MAE,8.553920138970424
484,5,8,LAE|MAE,1.7198454153177845
485,5,9,LAE|MAE,1.2564623884906239
486,5,8,LAE|MAE,1.0966219312034617
487,5,12,LAE|MAE,5.282403894286846
488,5,10,LAE|MAE,6.49265025424415
489,5,9,LAE|MAE,1.1698339325197766
490,5,8,LAE|MAE,4.124478946299794
491,5,8,LAE|MAE,15.655704912219646
492,5,8,LAE|MAE,3.615359764492529
493,5,8,LAE|MAE,4.237230958055916
494,5,8,LAE|MAE,4.087139519251893
495,6,9,LAE|MAE,4.5755053395541445
496,6,8,MAE,37.462513688143055
497,6,8,MAE,9.63802345500644
498,6,8,MAE,1.76145732417828
499,6,8,MAE,9.838043940214723
500,7,19,LAE|MAE|SAE,3.948750105052919
501,7,8,MAE|SAE,4.217421694016758
502,7,13,LAE|MAE|SAE,4.450686945629679
503,7,8,MAE|SAE,0.7698080695385612
504,7,10,MAE|SAE,1.5555313823852315
505,7,8,MAE|SAE,0.7421566849617491
506,7,8,MAE|SAE,3.6404533128447647
507,7,9,LAE|MAE|SAE,1.0908287657757656
508,7,12,MAE|SAE,3.383725433590588
509,7,8,MAE|SAE,21.0095985879161
510,7,8,MAE|SAE,4.463745868053854
511,7,16,MAE|SAE,6.891463790172684
512,7,8,MAE|SAE,6.630909947900047
513,7,8,MAE|SAE,0.965051673636709
514,7,13,LAE|MAE|SAE,3.977039143502198
515,7,16,LAE|MAE|SAE,6.617614146879054
516,7,8,MAE|SAE,1.371118183515049
517,7,8,MAE|SAE,1.54642974982301
518,7,9,LAE|MAE|SAE,1.8623048497683548
519,7,8,MAE|SAE,11.353209484802083
520,7,8,MAE|SAE,22.125523103565023
521,5,10,LAE|MAE,7.730125981153283
522,5,11,LAE|MAE|SAE,1.5953102953970344
523,5,9,LAE,4.948915767748983
524,5,9,LAE,1.7540321908811405
525,5,10,LAE|MAE,2.669397989457148
526,6,10,LAE|MAE,5.717641735292973
527,6,9,LAE|MAE,9.227908133123664
528,6,14,LAE|MAE,12.296023541850253
529,8,9,LAE|MAE,3.810176647828863
530,8,12,LAE|MAE|SAE,6.53397972308174
531,8,10,LAE|MAE,12.48819631593904
532,8,11,LAE|MAE|SAE,1.9124922391538013
533,8,10,LAE|MAE,1.6484619046713356
534,8,14,LAE|MAE|SAE,2.0300874533170843
535,8,9,LAE|MAE,1.6565124363992136
536,8,9,LAE|MAE,0.8338009748385002
537,8,9,LAE|MAE,7.641876856745267
538,8,9,LAE|MAE,11.606074892500637
539,8,9,LAE|MAE,1.7958442449937513
540,8,12,LAE|MAE,11.660910530824031
541,8,12,LAE|MAE,7.9083481237229964
542,8,9,LAE|MAE,7.161686376000225
543,8,9,LAE|MAE,0.7430937794181318
544,8,9,LAE|MAE,2.540846670641271
545,8,11,LAE|MAE|SAE,1.102889675892011
546,8,11,LAE|MAE|SAE,1.1344881913062455
547,8,12,LAE|MAE,1.5155217537361094
548,8,9,LAE|MAE,6.841149296289577
549,8,9,LAE|MAE,5.745165906799593
550,6,14,MAE,7.414086438647319
551,7,14,MAE|SAE,9.595550890747024
552,7,10,MAE|SAE,4.369341925572715
553,7,10,MAE|SAE,5.7508356013243835
554,7,11,MAE|SAE,9.830353206007423
555,7,10,MAE|SAE,11.049012544913891
556,7,10,MAE|SAE,3.809383838366963
557,7,12,MAE|SAE,1.3613678277636643
558,7,10,MAE|SAE,4.94576596635575
559,7,10,MAE|SAE,3.9962200843659437
560,7,13,LAE|MAE|SAE,1.888680027319092
561,7,11,MAE|SAE,4.319559054188198
562,8,10,MAE,3.9245165651958698
563,8,10,MAE,20.797929935710265
564,8,10,MAE,19.568591145945845
565,8,11,MAE|SAE,1.4612014498767532
566,8,10,MAE,1.3961752321231813
567,8,16,LAE|MAE|SAE,4.234077826769682
568,8,10,MAE,0.9237984825730412
569,9,18,LAE|MAE|SAE,3.692665701144494
570,9,10,LAE|MAE,1.227881577197005
571,9,14,LAE|MAE|SAE,5.632974272638081
572,9,10,LAE|MAE,23.298552166953137
573,9,23,LAE|MAE|SAE,3.6260327382943736
574,9,10,LAE|MAE,1.597115860874887
575,9,13,LAE|MAE|SAE,1.88186590361126
576,9,11,LAE|MAE|SAE,4.788351291164187
577,9,10,LAE|MAE,8.807417240478168
578,9,11,LAE|MAE|SAE,3.7873277620356554
579,9,10,LAE|MAE,3.8504576941081523
580,9,11,LAE|MAE|SAE,9.828747554384654
581,9,13,LAE|MAE,7.49617484518961
582,9,11,LAE|MAE|SAE,1.2316722870562473
583,9,10,LAE|MAE,4.524925882358751
584,9,13,LAE|MAE|SAE,1.9894589139735437
585,9,10,LAE|MAE,1.1772325309551195
586,9,12,LAE|MAE,1.346586224700478
587,9,10,LAE|MAE,1.0704657716643307
588,9,12,LAE|MAE,1.141719813656967
589,9,14,LAE|MAE|SAE,7.089522591666024
590,9,12,LAE|MAE,5.409388651418458
591,9,10,LAE|MAE,7.794701349674166
592,9,25,LAE|MAE|SAE,3.8602388944253954
593,9,13,LAE|MAE,3.833098801799049
594,9,10,LAE|MAE,4.011480614985358
595,7,11,SAE,11.581400258057435
596,7,11,SAE,2.7093657702641014
597,7,11,SAE,5.355490956259858
598,7,11,SAE,3.945419030546223
599,7,11,SAE,6.088101709725916
600,7,11,SAE,2.2033291148779712
601,7,14,MAE|SAE,9.603082232893248
602,7,11,SAE,1.9914816480398998
603,8,13,LAE|MAE|SAE,1.2859489833307844
604,8,11,MAE|SAE,6.408394066345579
605,10,11,MAE|SAE,0.7552440477701723
606,10,11,MAE|SAE,6.243662366426944
607,10,15,LAE|MAE|SAE,6.767343513828974
608,10,11,MAE|SAE,1.139865623530098
609,10,12,MAE|SAE,1.6032190794201542
610,10,14,MAE|SAE,2.0468851113925823
611,10,11,MAE|SAE,6.451477318595117
612,10,11,MAE|SAE,0.755312258614628
613,10,11,MAE|SAE,1.2069040826626791
614,10,11,MAE|SAE,8.460916589136993
615,10,12,MAE|SAE,1.2725752745721803
616,10,11,MAE|SAE,0.8809110656377193
617,10,11,MAE|SAE,11.5289751091482
618,10,12,MAE|SAE,0.9914965843489937
619,10,19,LAE|MAE|SAE,6.786970888598409
620,10,12,MAE|SAE,1.4008632448507528
621,10,11,MAE|SAE,1.0380685227165087
622,10,11,MAE|SAE,1.793320242521416
623,10,11,MAE|SAE,1.0080359643720855
624,10,11,MAE|SAE,1.1230780803727776
625,10,62,LAE|MAE|SAE,12.648763783448224
626,10,16,MAE|SAE,4.645164418145485
627,8,19,MAE|SAE,3.9167228439024613
628,9,12,LAE|MAE,4.246404934509566
629,9,14,LAE|MAE,4.208801374964936
630,9,12,LAE|MAE,6.147752088395798
631,9,14,LAE|MAE,6.482057400612656
632,9,12,LAE|MAE,1.3657247734573352
633,9,12,LAE|MAE,1.8853312757017087
634,9,12,LAE|MAE,3.736188948532556
635,9,15,LAE|MAE|SAE,3.2014699512766986
636,9,13,LAE|MAE,4.105885531522554
637,10,20,LAE|MAE,4.299091022739438
638,10,19,LAE|MAE|SAE,3.498520562135327
639,10,13,LAE|MAE,7.670025887355038
640,10,19,LAE|MAE|SAE,3.543997097971931
641,10,13,LAE|MAE,1.054571631552139
642,10,12,MAE,1.3594097366711773
643,10,12,MAE,5.595331800589826
644,10,12,MAE,1.6288848950089247
645,10,12,MAE,4.9974301956467215
646,10,15,LAE|MAE|SAE,11.296135749765476
647,11,14,LAE|MAE|SAE,3.869460670431078
648,11,12,MAE|SAE,17.651677664959365
649,11,14,LAE|MAE|SAE,1.2760284679472262
650,11,12,MAE|SAE,7.20696361613313
651,11,13,LAE|MAE|SAE,3.9523809032410657
652,11,12,MAE|SAE,5.329199330891106
653,11,12,MAE|SAE,4.6223629951591585
654,11,16,LAE|MAE|SAE,4.36063243863966
655,11,12,MAE|SAE,0.9034382158338621
656,11,13,LAE|MAE|SAE,17.817332932417365
657,11,13,LAE|MAE|SAE,6.6397289569921965
658,11,16,LAE|MAE|SAE,4.0555269806894305
659,9,21,LAE|MAE,7.298458987426686
660,9,13,LAE,7.710237176263611
661,9,13,LAE,7.377558328331
662,10,13,LAE|MAE,3.2952203393453168
663,10,18,LAE|MAE,6.391554106128458
664,10,26,LAE|MAE|SAE,5.527732401416628
665,10,13,LAE|MAE,3.375742241171397
666,10,18,LAE|MAE,4.532979398648181
667,12,22,LAE|MAE|SAE,3.4551052346218603
668,12,17,LAE|MAE,6.226049402569734
669,12,13,LAE|MAE,2.7747582314263273
670,12,13,LAE|MAE,4.419917613886362
671,12,13,LAE|MAE,0.892283552931513
672,12,14,LAE|MAE,3.49010496219299
673,12,14,LAE|MAE,9.955889350472278
674,12,16,LAE|MAE,9.090549188742063
675,12,15,LAE|MAE|SAE,4.860493019624382
676,12,13,LAE|MAE,3.22634221178409
677,12,14,LAE|MAE,1.3369141342074795
678,12,13,LAE|MAE,1.0715785045796122
679,12,14,LAE|MAE,3.8405097075171617
680,12,19,LAE|MAE|SAE,8.581243442612847
681,12,13,LAE|MAE,1.2044657457031116
682,12,13,LAE|MAE,16.449244310039507
683,12,13,LAE|MAE,4.5182442487594106
684,12,14,LAE|MAE,14.034829568973441
685,12,13,LAE|MAE,4.290144893972936
686,12,13,LAE|MAE,1.3520854866671892
687,12,14,LAE|MAE,1.447082002348181
688,12,14,LAE|MAE,0.9964474139929896
689,12,14,LAE|MAE,2.795031504474483
690,12,13,LAE|MAE,4.437026333133863
691,12,16,LAE|MAE|SAE,6.692846658552644
692,12,13,LAE|MAE,6.712171729683775
693,12,15,LAE|MAE|SAE,3.5076130781637564
694,12,15,LAE|MAE|SAE,3.11710829278297
695,12,14,LAE|MAE,6.12782310674443
696,12,17,LAE|MAE|SAE,5.470197865752992
697,12,14,LAE|MAE,5.694074599976644
698,10,18,LAE|MAE|SAE,6.623999305947871
699,10,18,MAE,5.501889717953792
700,10,14,MAE,3.517002113222661
701,11,15,MAE|SAE,2.767424729105542
702,11,14,MAE|SAE,2.3362893016728252
703,11,14,MAE|SAE,4.660950955296052
704,11,14,MAE|SAE,5.5038883003230845
705,11,14,MAE|SAE,20.101265466477333
706,11,14,MAE|SAE,17.490843648899435
707,11,14,MAE|SAE,8.197410877243923
708,11,14,MAE|SAE,15.325528108307136
709,11,15,MAE|SAE,7.136694200275968
710,11,14,MAE|SAE,4.833982126680767
711,11,14,MAE|SAE,4.228098018573447
712,12,15,MAE|SAE,3.3333185088266424
713,12,14,MAE,1.2108871561993828
714,12,20,LAE|MAE|SAE,3.114803151952196
715,12,14,MAE,8.868648445673655
716,12,14,MAE,4.015242497959701
717,12,25,LAE|MAE|SAE,3.3462518235130014
718,12,20,MAE|SAE,3.144474218730877
719,12,23,LAE|MAE|SAE,6.388981898518962
720,12,15,MAE|SAE,5.577225061441873
721,12,20,MAE,3.341585010558375
722,12,14,MAE,3.5998034277350714
723,12,14,MAE,12.820356396545263
724,12,14,MAE,10.001837131345424
725,12,14,MAE,6.501375090279645
726,12,14,MAE,9.07961465947198
727,13,15,LAE|MAE|SAE,3.043563803659815
728,13,15,LAE|MAE|SAE,1.035081900022844
729,13,14,LAE|MAE,2.377378755102506
730,13,15,LAE|MAE|SAE,1.1325566019968627
731,13,14,LAE|MAE,1.2218287115711797
732,13,15,LAE|MAE|SAE,3.4809456368504463
733,13,14,LAE|MAE,0.9754928213200662
734,13,14,LAE|MAE,5.201741952941423
735,13,15,LAE|MAE|SAE,1.128197103813163
736,13,14,LAE|MAE,3.3331966338732197
737,13,18,LAE|MAE|SAE,1.599355499306474
738,13,15,LAE|MAE|SAE,1.326288508443921
739,13,14,LAE|MAE,3.0362289360445462
740,13,14,LAE|MAE,0.9647588149763565
741,13,14,LAE|MAE,0.8638811214946295
742,13,14,LAE|MAE,7.428855318009315
743,13,14,LAE|MAE,3.140037236922399
744,13,16,LAE|MAE,1.6906801278806984
745,13,14,LAE|MAE,3.334967144188715
746,13,18,LAE|MAE|SAE,6.163250642121773
747,13,14,LAE|MAE,1.6071506703083318
748,13,16,LAE|MAE,4.4287333211507
749,13,26,LAE|MAE|SAE,6.42439226093439
750,13,14,LAE|MAE,1.1819003366743275
751,13,15,LAE|MAE|SAE,1.124866293656551
752,13,14,LAE|MAE,1.2399959194181844
753,13,18,LAE|MAE|SAE,3.1020772126378473
754,13,14,LAE|MAE,3.310244221670495
755,13,14,LAE|MAE,0.9369104620292534
756,13,14,LAE|MAE,1.3413553474226707
757,13,14,LAE|MAE,1.4168429393467896
758,13,14,LAE|MAE,0.8255669059970306
759,13,14,LAE|MAE,2.1399858737326793
760,11,15,SAE,2.782437536091705
761,11,20,MAE|SAE,17.53818032149871
762,11,24,LAE|MAE|SAE,3.5044344980682496
763,11,15,SAE,1.7047909777462307
764,11,23,LAE|MAE|SAE,4.8990647431120715
765,11,16,MAE|SAE,5.621941473531817
766,11,15,SAE,2.7613547414897437
767,11,18,MAE|SAE,3.5959889083378234
768,12,19,MAE|SAE,5.358919578339257
769,12,16,MAE|SAE,4.798570974514369
770,12,15,MAE|SAE,3.5719150743930617
771,12,19,MAE|SAE,3.4647462083919573
772,12,15,MAE|SAE,7.837664576583502
773,12,15,MAE|SAE,3.530100584921027
774,12,18,LAE|MAE|SAE,3.5751518658986523
775,12,15,MAE|SAE,3.890575174994476
776,14,15,MAE|SAE,2.7300481888104158
777,14,15,MAE|SAE,4.875659259154007
778,14,17,LAE|MAE|SAE,9.753600079904029
779,14,15,MAE|SAE,1.2037280441709985
780,14,15,MAE|SAE,0.959993931274484
781,14,15,MAE|SAE,2.962049625872865
782,14,15,MAE|SAE,9.295395195152025
783,14,21,LAE|MAE|SAE,3.110087361263854
784,14,15,MAE|SAE,0.8867418386814082
785,14,19,MAE|SAE,3.1543477229466252
786,14,18,LAE|MAE|SAE,3.240865640152126
787,14,15,MAE|SAE,0.6614093633868614
788,14,15,MAE|SAE,19.746923151576297
789,14,15,MAE|SAE,2.787877901440435
790,14,15,MAE|SAE,0.928124686057996
791,14,16,MAE|SAE,0.9807449906817146
792,14,15,MAE|SAE,0.9354370626378343
793,14,15,MAE|SAE,0.9583205779372213
794,14,15,MAE|SAE,2.291307496664445
795,14,20,LAE|MAE|SAE,2.9191364107117757
796,14,15,MAE|SAE,0.9541267158382307
797,14,15,MAE|SAE,2.873402509587919
798,14,15,MAE|SAE,1.0544289126243227
799,14,15,MAE|SAE,2.860246088879537
800,14,15,MAE|SAE,0.722905197270972
801,14,15,MAE|SAE,4.226282382926994
802,14,15,MAE|SAE,4.47697608180353
803,13,20,LAE|MAE,2.346284340351846
804,13,24,LAE|MAE,5.142085501837346
805,13,21,LAE|MAE,3.76663626752837
806,13,22,LAE|MAE,6.7770733227754265
807,14,16,MAE,7.03899791910848
808,14,16,MAE,0.9733802747680973
809,14,16,MAE,1.4243584241349894
810,14,20,MAE,5.51744162885279
811,14,16,MAE,1.1110755840188016
812,14,16,MAE,1.0139074528747285
813,14,20,MAE,6.389089649535524
814,14,16,MAE,5.4899896708648575
815,14,16,MAE,4.119977148678827
816,14,16,MAE,1.3890789230773437
817,14,16,MAE,3.020426307908436
818,14,17,LAE|MAE,5.489604056299251
819,14,18,LAE|MAE,1.5098267693761376
820,14,21,LAE|MAE|SAE,3.249881449596983
821,15,18,MAE|SAE,5.1411293075826245
822,15,16,MAE|SAE,10.641184444695844
823,15,16,MAE|SAE,0.818388105168153
824,15,16,MAE|SAE,3.251845727756853
825,15,19,MAE|SAE,6.075754843023326
826,15,16,MAE|SAE,27.781081780798335
827,15,19,LAE|MAE|SAE,1.3932906093091568
828,15,16,MAE|SAE,0.9724085557017871
829,15,19,LAE|MAE|SAE,3.042367146856718
830,15,16,MAE|SAE,0.9186717001555719
831,15,21,LAE|MAE|SAE,4.829167213884325
832,15,16,MAE|SAE,3.1785610128643884
833,15,20,MAE|SAE,3.524931463223161
834,15,16,MAE|SAE,3.7041056841599835
835,15,16,MAE|SAE,0.9573855276829162
836,15,16,MAE|SAE,1.0661274501347786
837,15,16,MAE|SAE,1.2973907937762637
838,15,16,MAE|SAE,25.43536380623071
839,15,17,LAE|MAE|SAE,3.224216204242838
840,15,16,MAE|SAE,1.038773165161185
841,15,16,MAE|SAE,6.275011348482005
842,15,16,MAE|SAE,4.445900683625436
843,15,17,LAE|MAE|SAE,2.8368142853498726
844,15,16,MAE|SAE,3.9185273813211534
845,15,16,MAE|SAE,3.1172961539581228
846,15,16,MAE|SAE,5.62038115085783
847,15,16,MAE|SAE,1.8548402076314086
848,15,16,MAE|SAE,1.5027704276263614
849,15,16,MAE|SAE,18.394259457263534
850,15,16,MAE|SAE,0.7236667224224073
851,15,16,MAE|SAE,2.8873971078670477
852,15,16,MAE|SAE,6.569895586382546
853,15,16,MAE|SAE,2.922259657805658
854,13,23,LAE|MAE|SAE,6.421496986577117
855,13,19,LAE|MAE|SAE,2.5026868722785145
856,14,20,LAE|MAE|SAE,2.9597505925104457
857,14,17,LAE|MAE,8.223311513626046
858,14,17,LAE|MAE,2.968768387640653
859,16,17,LAE|MAE,3.4514733938370212
860,16,24,LAE|MAE|SAE,2.7428226811451024
861,16,17,LAE|MAE,3.0990155247302513
862,16,17,LAE|MAE,8.935253986966133
863,16,17,LAE|MAE,3.3875663792260355
864,16,19,LAE|MAE|SAE,1.3686241317886327
865,16,17,LAE|MAE,1.1231222946370094
866,16,21,LAE|MAE|SAE,3.8080697200957214
867,16,18,LAE|MAE,4.010112685306119
868,16,21,LAE|MAE,5.696574012491361
869,16,17,LAE|MAE,3.722757487569769
870,16,17,LAE|MAE,1.038423587415086
871,16,23,LAE|MAE|SAE,4.5587280732764
872,16,18,LAE|MAE,4.903620842335316
873,16,24,LAE|MAE,7.2898062150400005
874,16,23,LAE|MAE|SAE,2.3181317661628555
875,16,17,LAE|MAE,18.990777377984895
876,16,18,LAE|MAE,5.485385493546173
877,16,17,LAE|MAE,5.595013490273214
878,16,17,LAE|MAE,2.7440539322019464
879,16,28,LAE|MAE|SAE,4.752817075164063
880,16,19,LAE|MAE|SAE,5.7868215837145405
881,14,18,MAE,18.13224335075486
882,14,18,MAE,5.51484548441679
883,14,18,MAE,5.882161907640439
884,15,23,MAE|SAE,4.908383636536963
885,15,19,MAE|SAE,2.7358195617976
886,15,23,MAE|SAE,5.821654305639405
887,15,19,MAE|SAE,3.55655288201268
888,15,18,MAE|SAE,4.8043596259322
889,15,18,MAE|SAE,5.232283527207136
890,15,19,MAE|SAE,4.658012177133146
891,15,21,LAE|MAE|SAE,9.732179015141595
892,16,18,MAE,1.0113040293357787
893,16,18,MAE,1.139833709668241
894,16,18,MAE,2.8738271067454755
895,16,18,MAE,20.62882121914673
896,16,27,LAE|MAE|SAE,5.303084974640259
897,16,18,MAE,5.780503120215252
898,16,18,MAE,5.155343738418493
899,16,18,MAE,5.914013549895713
900,16,18,MAE,7.998955845717323
901,16,22,MAE,4.903311092188148
902,16,18,MAE,15.544896664736289
903,16,18,MAE,5.279658616084613
904,16,18,MAE,3.2868309116479746
905,16,18,MAE,18.78281437802429
906,16,18,MAE,5.495961650548049
907,17,22,LAE|MAE|SAE,6.009280780124189
908,17,26,LAE|MAE|SAE,2.6096498894624367
909,17,19,LAE|MAE|SAE,1.0771700582386472
910,17,20,LAE|MAE,2.51821999037938
911,17,19,LAE|MAE|SAE,2.542527758089051
912,17,18,LAE|MAE,2.785121493747103
913,17,18,LAE|MAE,1.4956436439426959
914,17,18,LAE|MAE,0.9306232245918598
915,17,21,LAE|MAE,2.235410457496189
916,17,18,LAE|MAE,0.7386617487192286
917,17,21,LAE|MAE|SAE,1.7882533357797292
918,17,18,LAE|MAE,0.8173807258716126
919,17,20,LAE|MAE|SAE,2.4678068856184243
920,17,18,LAE|MAE,0.8449104333274258
921,17,21,LAE|MAE|SAE,3.223318601779007
922,17,18,LAE|MAE,2.8934398845926186
923,17,18,LAE|MAE,1.5615074176279744
924,17,18,LAE|MAE,2.2985624128634337
925,17,19,LAE|MAE|SAE,2.4736326061769454
926,17,18,LAE|MAE,0.756098483351993
927,17,21,LAE|MAE,2.6658607832500816
928,17,18,LAE|MAE,1.0148978552011851
929,17,19,LAE|MAE|SAE,1.265273852016371
930,17,18,LAE|MAE,1.099979709888337
931,17,22,LAE|MAE,4.082871366698378
932,17,18,LAE|MAE,0.8636068385307597
933,17,18,LAE|MAE,1.198498478470422
934,17,18,LAE|MAE,0.8011432866930047
935,17,21,LAE|MAE,4.294755350228145
936,17,20,LAE|MAE|SAE,5.934466305554032
937,17,20,LAE|MAE,4.0263118663661555
938,17,18,LAE|MAE,2.596683188319561
939,17,18,LAE|MAE,5.537848332241834
940,17,18,LAE|MAE,4.77187041074314
941,17,24,LAE|MAE|SAE,4.479881318542582
942,17,19,LAE|MAE|SAE,1.0841074732914295
943,17,18,LAE|MAE,1.0321671172537268
944,17,18,LAE|MAE,5.1067117839200895
945,17,18,LAE|MAE,1.3433113511035517
946,17,21,LAE|MAE|SAE,4.330294315252403
947,17,18,LAE|MAE,5.512978884477481
948,17,24,LAE|MAE|SAE,4.877625895282529
949,17,18,LAE|MAE,4.5101578894329055
950,17,18,LAE|MAE,0.7819588505027604
951,17,26,LAE|MAE|SAE,5.835887351126315
952,17,18,LAE|MAE,0.945858622861294
953,15,22,MAE|SAE,2.7747651033802203
954,15,26,LAE|MAE|SAE,5.75844157391084
955,15,19,SAE,4.759745955708891
956,15,23,MAE|SAE,6.8266871949845775
957,15,23,MAE|SAE,2.746186760907795
958,15,19,SAE,6.210447025366117
959,15,19,SAE,6.593979501133097
960,15,20,MAE|SAE,10.028317584625906
961,15,19,SAE,2.5762303688837416
962,15,20,MAE|SAE,18.093615104645
963,16,26,MAE|SAE,4.22257170306297
964,16,19,MAE|SAE,6.613317499258712
965,16,45,LAE|MAE|SAE,8.64367925479716
966,18,19,MAE|SAE,1.0353891074875308
967,18,19,MAE|SAE,1.0107202856164517
968,18,20,MAE|SAE,1.218807927138557
969,18,19,MAE|SAE,0.8954476751489567
970,18,23,MAE|SAE,8.668537553461352
971,18,19,MAE|SAE,2.2604707297599527
972,18,19,MAE|SAE,4.091790576281871
973,18,20,MAE|SAE,2.1669028594059077
974,18,19,MAE|SAE,6.866405482716934
975,18,24,LAE|MAE|SAE,8.386218890317368
976,18,19,MAE|SAE,7.537265029553094
977,18,24,MAE|SAE,9.123911073678931
978,18,19,MAE|SAE,1.7162299393527933
979,18,20,MAE|SAE,17.68590144871011
980,18,52,LAE|MAE|SAE,8.83188281074181
981,18,24,MAE|SAE,8.249840903188746
982,18,19,MAE|SAE,0.9405853210432716
983,18,22,MAE|SAE,3.765521885736912
984,18,21,LAE|MAE|SAE,4.9030300022015805
985,18,22,MAE|SAE,8.224105795792129
986,18,19,MAE|SAE,5.185884488981291
987,18,19,MAE|SAE,2.1433434751246265
988,18,19,MAE|SAE,2.0526646303916283
989,18,26,LAE|MAE|SAE,5.239900757560036
990,18,19,MAE|SAE,2.03354573543242
991,18,30,LAE|MAE|SAE,8.12768725082278
992,18,19,MAE|SAE,2.281209628231648
993,18,19,MAE|SAE,1.2602658863457923
994,18,19,MAE|SAE,0.9228322020263224
995,18,19,MAE|SAE,2.188642169676618
996,18,19,MAE|SAE,0.9084285809081719
997,16,20,MAE,2.635052840701013
998,16,20,MAE,7.011006246300805
999,17,20,LAE|MAE,2.6407756954324317
1000,17,22,LAE|MAE,2.638253281783886
1001,17,20,LAE|MAE,2.372520561480525
1002,17,24,LAE|MAE,5.344619265037238
1003,17,20,LAE|MAE,2.5126948587717632
1004,17,22,LAE|MAE,7.518785523893064
1005,17,20,LAE|MAE,2.2925270056532097
1006,18,22,MAE,5.9782173122344915
1007,18,31,LAE|MAE|SAE,8.746114820944687
1008,18,20,MAE,8.049896507423762
1009,18,20,MAE,5.441238523429369
1010,18,22,MAE,2.3881383902909
1011,19,21,LAE|MAE|SAE,2.1177776544704696
1012,19,23,MAE|SAE,2.0925741911186617
1013,19,20,MAE|SAE,0.8510522214658863
1014,19,20,MAE|SAE,1.0387282756050369
1015,19,20,MAE|SAE,2.1090114493484773
1016,19,20,MAE|SAE,1.4573598018911549
1017,19,22,LAE|MAE|SAE,3.9339802151538197
1018,19,20,MAE|SAE,0.7952818122478348
1019,19,22,MAE|SAE,3.24148482587849
1020,19,20,MAE|SAE,2.5863997413521607
1021,19,22,LAE|MAE|SAE,3.6842679738494732
1022,19,20,MAE|SAE,1.1244165508782016
1023,19,20,MAE|SAE,0.7482031607885701
1024,19,24,MAE|SAE,2.0985144412974357
1025,19,21,LAE|MAE|SAE,5.563319981046443
1026,19,21,LAE|MAE|SAE,1.895284041153387
1027,19,20,MAE|SAE,1.0618913788323665
1028,19,24,LAE|MAE|SAE,2.1178425267026104
1029,17,21,LAE,11.840213627686529
1030,17,21,LAE,5.346426311858952
1031,17,21,LAE,6.701996249051629
1032,17,21,LAE,5.7505279478689815
1033,17,25,LAE|MAE|SAE,5.446538549152908
1034,20,21,LAE|MAE,5.4922685343612265
1035,20,22,LAE|MAE,1.9679244996848668
1036,20,21,LAE|MAE,0.9786407204996102
1037,20,21,LAE|MAE,2.0357626445435666
1038,20,21,LAE|MAE,1.0300194180494866
1039,20,21,LAE|MAE,3.3666022954687618
1040,20,21,LAE|MAE,1.2020921046544197
1041,20,21,LAE|MAE,0.9288293519397647
1042,20,28,LAE|MAE|SAE,3.7543530810086168
1043,20,25,LAE|MAE|SAE,5.998908404430865
1044,20,21,LAE|MAE,3.890330658463912
1045,20,21,LAE|MAE,2.1372778067404536
1046,20,21,LAE|MAE,1.2093538857316724
1047,20,22,LAE|MAE,7.621091886664063
1048,20,25,LAE|MAE,5.449415895347123
1049,20,21,LAE|MAE,0.9315336595033253
1050,20,21,LAE|MAE,18.500682240792923
1051,20,21,LAE|MAE,1.2141073705615153
1052,20,21,LAE|MAE,4.352853226481256
1053,20,22,LAE|MAE,3.3172946350016885
1054,20,21,LAE|MAE,2.927877771466236
1055,20,21,LAE|MAE,0.994086095679147
1056,20,22,LAE|MAE,4.881222964319929
1057,20,21,LAE|MAE,1.013048157312188
1058,20,21,LAE|MAE,5.719406841787854
1059,20,52,LAE|MAE|SAE,8.231228692820936
1060,20,29,LAE|MAE,4.958339412713731
1061,20,25,LAE|MAE|SAE,2.5959474371593023
1062,20,24,LAE|MAE|SAE,4.076781705881618
1063,18,22,MAE,3.7472202784976285
1064,18,22,MAE,2.6183452891209176
1065,18,22,MAE,6.004248416560052
1066,18,22,MAE,10.143364462000443
1067,19,24,MAE|SAE,2.1803031313949903
1068,19,22,MAE|SAE,2.307527569411879
1069,19,26,LAE|MAE|SAE,6.075166626735906
1070,19,25,LAE|MAE|SAE,2.2643247063702483
1071,19,24,MAE|SAE,6.9978797629171225
1072,19,26,LAE|MAE|SAE,5.079697793001658
1073,19,22,MAE|SAE,3.8111620421673393
1074,19,22,MAE|SAE,3.9623555040421854
1075,19,22,MAE|SAE,4.0005787112213325
1076,19,22,MAE|SAE,3.798103548914379
1077,19,26,MAE|SAE,5.182829880423221
1078,19,22,MAE|SAE,3.7622409787159596
1079,19,22,MAE|SAE,7.7345289401852275
1080,19,23,MAE|SAE,3.8557219564000005
1081,19,22,MAE|SAE,2.0602887508981906
1082,20,22,MAE,1.3158545187447683
1083,20,22,MAE,3.869521101812202
1084,20,22,MAE,8.597891609743574
1085,20,24,MAE|SAE,2.9194662693300266
1086,20,26,LAE|MAE,4.832033805645956
1087,20,25,LAE|MAE,8.8838298601148
1088,20,23,MAE|SAE,8.78611534229095
1089,20,24,MAE|SAE,6.365400544727638
1090,21,23,LAE|MAE|SAE,2.1808100857068977
1091,21,22,LAE|MAE,1.4333266614647282
1092,21,28,LAE|MAE|SAE,3.33049892830075
1093,21,23,LAE|MAE|SAE,1.0641160137536423
1094,21,22,LAE|MAE,1.1062960474748171
1095,21,22,LAE|MAE,3.8432301772748962
1096,21,23,LAE|MAE|SAE,0.9648441784489524
1097,21,22,LAE|MAE,5.947829037412858
1098,21,53,LAE|MAE|SAE,8.703387206687134
1099,21,22,LAE|MAE,1.0371165090369499
1100,21,22,LAE|MAE,2.131049368418579
1101,21,24,LAE|MAE,2.5968233531795932
1102,21,22,LAE|MAE,1.0365903395628395
1103,21,23,LAE|MAE|SAE,1.1618587338738438
1104,21,23,LAE|MAE|SAE,1.1372293039247772
1105,21,22,LAE|MAE,0.8304259795236326
1106,21,24,LAE|MAE,7.780945792335358
1107,21,22,LAE|MAE,0.8112160499656978
1108,21,22,LAE|MAE,0.9687174235315221
1109,21,24,LAE|MAE,2.6211761904595217
1110,21,22,LAE|MAE,1.1505113901140023
1111,21,22,LAE|MAE,1.1009508494072542
1112,21,22,LAE|MAE,3.900981243274911
1113,21,23,LAE|MAE|SAE,2.8139617055495716
1114,21,28,LAE|MAE|SAE,3.7848828970886133
1115,21,53,LAE|MAE|SAE,8.916994512455314
1116,19,24,MAE|SAE,4.258705993714566
1117,19,23,SAE,4.075957031119418
1118,19,26,MAE|SAE,5.216733208017613
1119,19,23,SAE,2.305808841728766
1120,20,24,MAE|SAE,2.016705163081286
1121,20,23,MAE|SAE,7.382296845866867
1122,20,23,MAE|SAE,4.401540155674012
1123,20,23,MAE|SAE,4.014386816948882
1124,22,23,MAE|SAE,0.9266322316778672
1125,22,23,MAE|SAE,0.8722169279515263
1126,22,23,MAE|SAE,0.874143309402304
1127,22,26,LAE|MAE|SAE,3.9150397298763666
1128,22,23,MAE|SAE,0.7874294871773005
1129,22,23,MAE|SAE,0.9804964088764606
1130,22,30,LAE|MAE|SAE,4.930550078403879
1131,22,24,MAE|SAE,1.6774344068406355
1132,22,26,MAE|SAE,5.099726988373271
1133,22,54,LAE|MAE|SAE,9.361399113697386
1134,22,24,MAE|SAE,1.0262642636623587
1135,22,24,MAE|SAE,1.0019265321790194
1136,22,23,MAE|SAE,0.9938388764098967
1137,22,23,MAE|SAE,1.7705575996124912
1138,22,25,LAE|MAE|SAE,1.860770983970373
1139,22,23,MAE|SAE,0.950764551413334
1140,22,23,MAE|SAE,3.996030115750302
1141,22,32,MAE|SAE,7.322114296161146
1142,22,23,MAE|SAE,0.7866364606297919
1143,22,28,LAE|MAE|SAE,7.320667532061084
1144,22,23,MAE|SAE,18.799999887298267
1145,21,24,LAE|MAE,2.773761699672811
1146,21,24,LAE|MAE,2.5741635169866233
1147,21,24,LAE|MAE,1.8746744294081459
1148,21,25,LAE|MAE,4.872410301054121
1149,21,24,LAE|MAE,3.9484791748084738
1150,21,24,LAE|MAE,3.2484957174090057
1151,21,25,LAE|MAE,6.076256518775812
1152,21,33,LAE|MAE|SAE,22.215123959503515
1153,21,24,LAE|MAE,4.810256384218411
1154,21,25,LAE|MAE,5.103417183308569
1155,22,24,MAE,0.9716199673411332
1156,22,24,MAE,4.008898733818957
1157,22,26,MAE,3.1218904823001727
1158,22,25,LAE|MAE,3.2054630946717424
1159,22,25,LAE|MAE,1.8692552106384803
1160,22,24,MAE,1.1943457890642633
1161,22,24,MAE,6.787721157527055
1162,22,24,MAE,3.6158106208160867
1163,22,26,MAE,3.9585745913728076
1164,22,24,MAE,1.165663234069725
1165,23,24,MAE|SAE,2.988290613656998
1166,23,24,MAE|SAE,7.942252181717981
1167,23,26,LAE|MAE|SAE,2.12806959218686
1168,23,24,MAE|SAE,7.3152460633276535
1169,23,24,MAE|SAE,7.82497787544352
1170,23,45,LAE|MAE|SAE,8.130167534817671
1171,23,24,MAE|SAE,0.8255468200239338
1172,23,45,LAE|MAE|SAE,7.794342637040812
1173,23,25,LAE|MAE|SAE,1.843929091041171
1174,23,24,MAE|SAE,0.8310095338058016
1175,23,24,MAE|SAE,0.8203171234356718
1176,23,24,MAE|SAE,0.9496079199829945
1177,23,24,MAE|SAE,0.9518804812654302
1178,23,26,LAE|MAE|SAE,7.6574021782119095
1179,23,26,LAE|MAE|SAE,4.90909742943382
1180,23,36,LAE|MAE|SAE,4.51254286042636
1181,23,45,LAE|MAE|SAE,7.618176427252926
1182,23,25,LAE|MAE|SAE,1.013161501268401
1183,23,24,MAE|SAE,7.909873915408936
1184,23,24,MAE|SAE,0.8952178841431369
1185,23,35,MAE|SAE,6.358515622972134
1186,23,26,MAE|SAE,4.3980381193834255
1187,23,24,MAE|SAE,1.5682400899964524
1188,23,27,MAE|SAE,36.84927900827353
1189,23,24,MAE|SAE,0.882400254318788
1190,23,26,LAE|MAE|SAE,4.415824142830745
1191,23,26,LAE|MAE|SAE,3.431482596729669
1192,23,24,MAE|SAE,7.336067083676094
1193,23,25,LAE|MAE|SAE,1.0437148244165968
1194,23,24,MAE|SAE,0.9498208398073966
1195,23,24,MAE|SAE,3.69492523353351
1196,23,24,MAE|SAE,0.847601641640508
1197,23,26,MAE|SAE,4.384168922294106
1198,23,24,MAE|SAE,1.4656813257916876
1199,23,24,MAE|SAE,3.5271481966715426
1200,23,44,LAE|MAE|SAE,7.296616410581915
1201,23,24,MAE|SAE,19.293845447286632
1202,23,24,MAE|SAE,0.9263675467812541
1203,23,30,MAE|SAE,14.617669766585022
1204,23,24,MAE|SAE,0.9555234409038668
1205,21,25,LAE,5.507945022729654
1206,21,25,LAE,4.752178106595684
1207,21,25,LAE,11.497402248623247
1208,22,26,LAE|MAE,1.8384501164251215
1209,22,26,LAE|MAE,7.989698578544612
1210,22,25,LAE|MAE,1.699887514341967
1211,24,29,LAE|MAE,3.278431162969514
1212,24,25,LAE|MAE,2.9155301729176744
1213,24,26,LAE|MAE,4.271258278276583
1214,24,45,LAE|MAE|SAE,7.408068121945183
1215,24,44,LAE|MAE|SAE,7.4659157477059415
1216,24,25,LAE|MAE,0.9319232399456912
1217,24,25,LAE|MAE,0.9226757141372075
1218,24,26,LAE|MAE,4.222668587043035
1219,24,26,LAE|MAE,2.306936354082458
1220,24,25,LAE|MAE,1.3528847582636818
1221,24,26,LAE|MAE,1.045810699813594
1222,24,25,LAE|MAE,1.3802249586903177
1223,24,25,LAE|MAE,0.7988932102117416
1224,24,25,LAE|MAE,4.372119827770969
1225,24,26,LAE|MAE,6.299674998701571
1226,24,25,LAE|MAE,1.344024952718077
1227,24,26,LAE|MAE,3.6009892597375908
1228,24,26,LAE|MAE,4.308141101767691
1229,24,25,LAE|MAE,1.48029885673216
1230,24,25,LAE|MAE,3.799968454096656
1231,24,26,LAE|MAE,1.0301602423068246
1232,24,25,LAE|MAE,8.184463826731749
1233,24,28,LAE|MAE,3.5532719853100656
1234,24,25,LAE|MAE,4.2022206495228165
1235,24,25,LAE|MAE,1.3602602906019694
1236,24,44,LAE|MAE|SAE,7.478108272014311
1237,24,25,LAE|MAE,0.8338518076032827
1238,24,25,LAE|MAE,7.178192715189579
1239,22,43,LAE|MAE|SAE,7.877099218038057
1240,23,30,MAE|SAE,7.142882034091015
1241,23,35,LAE|MAE|SAE,7.6194231772653955
1242,23,26,MAE|SAE,3.7546397350183747
1243,23,54,LAE|MAE|SAE,9.25676366136035
1244,23,28,MAE|SAE,2.2288449991667334
1245,23,52,MAE|SAE,21.188185735198335
1246,23,26,MAE|SAE,2.87780780810396
1247,23,54,LAE|MAE|SAE,9.907313098912097
1248,23,27,MAE|SAE,2.2127117920261856
1249,24,27,MAE|SAE,4.938860568066805
1250,24,31,LAE|MAE|SAE,4.383831658875929
1251,24,26,MAE,6.070392873168794
1252,24,40,LAE|MAE|SAE,45.186819331273
1253,24,26,MAE,4.630671552817952
1254,24,28,MAE,2.0533957685697164
1255,24,28,MAE,8.312866918913732
1256,24,31,LAE|MAE|SAE,13.142893805349308
1257,24,26,MAE,3.628821019712409
1258,24,26,MAE,3.2874063156745796
1259,24,26,MAE,14.41258267450911
1260,25,28,LAE|MAE|SAE,1.8808217539262833
1261,25,26,LAE|MAE,0.9024674213061633
1262,25,26,LAE|MAE,3.017305621324037
1263,25,26,LAE|MAE,1.8410660839114616
1264,25,26,LAE|MAE,0.947498856992956
1265,25,26,LAE|MAE,3.2221836034786038
1266,25,26,LAE|MAE,3.040031604925562
1267,25,26,LAE|MAE,4.5474345212574585
1268,25,26,LAE|MAE,0.8801939988435459
1269,25,26,LAE|MAE,0.9373681987114632
1270,25,26,LAE|MAE,3.9828644193618996
1271,25,53,LAE|MAE|SAE,7.463043748261946
1272,25,26,LAE|MAE,2.0670280928981994
1273,25,26,LAE|MAE,7.856574812109224
1274,25,26,LAE|MAE,0.8183035197308939
1275,25,26,LAE|MAE,2.8203791952567494
1276,25,28,LAE|MAE,2.6654875549594603
1277,25,26,LAE|MAE,0.8208131284173432
1278,23,35,MAE|SAE,11.048012268443603
1279,24,27,MAE|SAE,10.821269603153988
1280,24,35,LAE|MAE|SAE,15.027631784753183
1281,26,30,LAE|MAE|SAE,1.7347805065287167
1282,26,27,MAE|SAE,2.700523214154337
1283,26,27,MAE|SAE,2.446018866127537
1284,26,27,MAE|SAE,1.3393137439387057
1285,26,28,MAE|SAE,1.586552241853321
1286,26,35,LAE|MAE|SAE,3.5684448828947737
1287,26,27,MAE|SAE,1.5920980685132606
1288,24,28,MAE,3.149719452348873
1289,24,28,MAE,4.792389600019437
1290,24,32,MAE|SAE,4.320378473146368
1291,25,28,LAE|MAE,3.5276574856861678
1292,25,28,LAE|MAE,1.8034242837623502
1293,25,31,LAE|MAE|SAE,1.8757867744499324
1294,25,28,LAE|MAE,1.731354055694206
1295,25,55,LAE|MAE|SAE,9.338192685965469
1296,25,45,LAE|MAE|SAE,7.177972540307937
1297,25,28,LAE|MAE,3.1995577225269467
1298,25,58,LAE|MAE|SAE,8.77366243610674
1299,25,55,LAE|MAE|SAE,9.202758625594525
1300,25,55,LAE|MAE|SAE,9.167030626023724
1301,25,29,LAE|MAE,3.2206960261203523
1302,26,29,LAE|MAE,2.4436721819057086
1303,26,29,LAE|MAE,4.014592027084673
1304,26,36,LAE|MAE|SAE,10.808272137590004
1305,26,29,LAE|MAE,6.781685328076095
1306,26,30,LAE|MAE,1.9155382840150406
1307,26,50,LAE|MAE|SAE,8.917629485223213
1308,26,28,MAE,2.972178337477825
1309,26,31,MAE|SAE,1.9840630431833675
1310,26,32,MAE,3.181597147364495
1311,26,28,MAE,1.8165034032889156
1312,26,30,MAE,6.975482576319426
1313,26,28,MAE,2.8480528782552454
1314,26,32,MAE,5.59743165756676
1315,26,30,MAE,6.756236772112763
1316,26,52,LAE|MAE|SAE,7.219180641845432
1317,26,28,MAE,1.7709109305842163
1318,26,28,MAE,2.2495943665796276
1319,26,45,LAE|MAE|SAE,7.700285814315557
1320,26,62,LAE|MAE|SAE,8.854659302532191
1321,26,32,LAE|MAE,2.0656867070958422
1322,26,28,MAE,1.6238514222645792
1323,26,30,MAE,3.9525269860384076
1324,26,30,MAE,6.770045072246499
1325,27,30,MAE|SAE,11.056190785330092
1326,27,29,LAE|MAE|SAE,1.7943008170627461
1327,27,28,MAE|SAE,3.079954334599841
1328,27,60,LAE|MAE|SAE,10.718976729901062
1329,27,28,MAE|SAE,1.444579966177279
1330,27,28,MAE|SAE,1.2102975171982182
1331,27,28,MAE|SAE,1.5912169095383994
1332,27,28,MAE|SAE,1.4521403986148398
1333,27,31,MAE|SAE,5.861239431527627
1334,27,30,MAE|SAE,1.4423449770523737
1335,27,28,MAE|SAE,2.552256828130543
1336,27,29,LAE|MAE|SAE,1.5625562684697984
1337,27,31,LAE|MAE|SAE,1.5497310068393475
1338,27,30,MAE|SAE,5.972554228700041
1339,25,29,LAE,7.934121378219253
1340,26,29,LAE|MAE,3.0709567399092585
1341,26,29,LAE|MAE,3.904933095159141
1342,26,29,LAE|MAE,3.7837882252830344
1343,26,62,LAE|MAE|SAE,9.003522176401594
1344,26,44,LAE|MAE|SAE,7.30805319714417
1345,26,29,LAE|MAE,3.980129188123979
1346,28,29,LAE|MAE,1.4896361033365013
1347,28,29,LAE|MAE,1.3153543380876171
1348,28,31,LAE|MAE|SAE,1.5853283782048027
1349,28,35,LAE|MAE|SAE,5.895253790831158
1350,28,35,LAE|MAE|SAE,3.3030628627138134
1351,28,30,LAE|MAE,5.395775966433863
1352,28,29,LAE|MAE,2.8191000543634446
1353,28,29,LAE|MAE,1.4133215659544307
1354,28,36,LAE|MAE|SAE,51.849868967067074
1355,28,44,LAE|MAE|SAE,6.988367907539012
1356,28,33,LAE|MAE|SAE,1.7368478963230873
1357,28,30,LAE|MAE,1.273993996156117
1358,28,29,LAE|MAE,1.26564098765887
1359,28,31,LAE|MAE|SAE,2.0457231531779274
1360,28,29,LAE|MAE,1.6273584290222087
1361,28,29,LAE|MAE,1.362959627030032
1362,28,30,LAE|MAE,1.359940968785039
1363,28,45,LAE|MAE|SAE,6.229847239130394
1364,28,30,LAE|MAE,1.2255172198425621
1365,28,33,LAE|MAE,2.432087613746579
1366,28,29,LAE|MAE,1.3290945407664416
1367,28,33,LAE|MAE,1.7337758917698625
1368,28,30,LAE|MAE,1.8111038287372043
1369,28,30,LAE|MAE,1.260952448113951
1370,28,53,LAE|MAE|SAE,33.06804363288824
1371,28,38,LAE|MAE|SAE,3.6266329830825836
1372,28,34,LAE|MAE|SAE,2.7504191892369567
1373,28,47,LAE|MAE|SAE,6.754561507345281
1374,28,36,LAE|MAE|SAE,22.487483066912223
1375,28,29,LAE|MAE,1.1750972595066331
1376,28,32,LAE|MAE,3.1793677963797338
1377,28,31,LAE|MAE|SAE,1.429572981471307
1378,28,30,LAE|MAE,1.2349826566184663
1379,28,29,LAE|MAE,2.5525291304220152
1380,28,30,LAE|MAE,1.337913942060336
1381,28,29,LAE|MAE,1.504283037372956
1382,28,29,LAE|MAE,1.2358126986163998
1383,28,29,LAE|MAE,1.6148970742060231
1384,28,29,LAE|MAE,1.2507487455716595
1385,28,29,LAE|MAE,1.2247925359520846
1386,28,32,LAE|MAE,3.1610517094768715
1387,28,30,LAE|MAE,1.2305152424056305
1388,28,30,LAE|MAE,1.4351571623226425
1389,28,30,LAE|MAE,2.22261208255493
1390,28,30,LAE|MAE,1.7027088866744586
1391,28,29,LAE|MAE,5.184396256341544
1392,28,29,LAE|MAE,2.280422283376646
1393,28,32,LAE|MAE|SAE,2.1879266297473463
1394,28,30,LAE|MAE,1.9334983355894408
1395,28,29,LAE|MAE,1.2742136703865308
1396,28,29,LAE|MAE,6.850739669770166
1397,28,35,LAE|MAE|SAE,19.277279741440246
1398,28,31,LAE|MAE|SAE,1.6025229944497097
1399,28,29,LAE|MAE,2.015644020649132
1400,27,30,MAE|SAE,1.8249823854041567
1401,28,30,MAE,1.2831169002726959
1402,28,30,MAE,1.2382052765084985
1403,28,30,MAE,1.2389846967750913
1404,28,30,MAE,1.3403226366841277
1405,28,30,MAE,2.075091249751559
1406,28,30,MAE,1.2820765981724922
1407,28,44,LAE|MAE|SAE,35.71531983671257
1408,28,31,MAE|SAE,1.3420669244198107
1409,28,30,MAE,1.1679244287424735
1410,28,35,LAE|MAE|SAE,3.2692727066036666
1411,28,35,MAE|SAE,17.556527410886382
1412,28,30,MAE,4.047419352491936
1413,28,30,MAE,1.2085017175976853
1414,28,30,MAE,1.3681546702127456
1415,28,31,MAE|SAE,25.797089980752705
1416,28,47,LAE|MAE|SAE,50.419392194452676
1417,29,31,LAE|MAE|SAE,1.3317326133795695
1418,29,31,LAE|MAE|SAE,1.8068484113981558
1419,29,30,LAE|MAE,1.0716576153987887
1420,29,36,LAE|MAE,4.36558154420909
1421,29,31,LAE|MAE|SAE,1.3645068835671452
1422,29,31,LAE|MAE|SAE,1.1125908025169402
1423,29,30,LAE|MAE,1.0395445372322776
1424,29,30,LAE|MAE,1.43662015641214
1425,29,30,LAE|MAE,6.290237286402643
1426,29,30,LAE|MAE,0.9683490603807263
1427,29,31,LAE|MAE|SAE,1.1305877901825765
1428,29,30,LAE|MAE,1.2098123348788103
1429,29,32,LAE|MAE|SAE,7.597953669076719
1430,29,58,LAE|MAE|SAE,8.322014951700508
1431,29,31,LAE|MAE|SAE,2.837337721447365
1432,29,31,LAE|MAE|SAE,1.4701837550667498
1433,29,30,LAE|MAE,1.109600330221996
1434,29,30,LAE|MAE,5.821615905934564
1435,29,30,LAE|MAE,1.2490825941850614
1436,29,32,LAE|MAE|SAE,1.164877828847053
1437,29,30,LAE|MAE,1.1680910375805056
1438,29,30,LAE|MAE,1.8501156753056487
1439,29,31,LAE|MAE|SAE,3.00947136881428
1440,29,30,LAE|MAE,1.0579677635195677
1441,29,30,LAE|MAE,1.214578271034482
1442,29,30,LAE|MAE,2.3630132420361747
1443,29,50,LAE|MAE|SAE,52.15566074777513
1444,29,30,LAE|MAE,1.170375827433416
1445,29,31,LAE|MAE|SAE,1.1092807973282524
1446,29,30,LAE|MAE,1.1948821519473194
1447,29,30,LAE|MAE,1.2210127169444664
1448,29,30,LAE|MAE,1.1301735608398245
1449,29,30,LAE|MAE,3.5557435198071774
1450,29,30,LAE|MAE,2.3235314072772413
1451,29,33,LAE|MAE|SAE,2.828215345897
1452,29,40,LAE|MAE|SAE,54.45742692672389
1453,29,30,LAE|MAE,0.9755453561839443
1454,27,35,SAE,13.417504738301771
1455,28,31,MAE|SAE,4.306218622687416
1456,28,32,MAE|SAE,37.32752494810596
1457,30,32,MAE|SAE,2.292122917428386
1458,30,31,MAE|SAE,1.2037310929927536
1459,30,31,MAE|SAE,1.0513591877469757
1460,30,31,MAE|SAE,2.4532214141054087
1461,30,31,MAE|SAE,0.9385344895845531
1462,30,50,LAE|MAE|SAE,5.857527468463145
1463,30,32,MAE|SAE,1.855071094172922
1464,30,31,MAE|SAE,14.135857922989274
1465,30,31,MAE|SAE,5.098069160925126
1466,30,31,MAE|SAE,2.744787043502116
1467,30,31,MAE|SAE,1.7078872142495949
1468,30,33,LAE|MAE|SAE,1.3216623334319042
1469,30,31,MAE|SAE,0.9858780320835546
1470,30,31,MAE|SAE,4.868276161430027
1471,30,31,MAE|SAE,0.9966798850265373
1472,30,33,LAE|MAE|SAE,1.221439478074971
1473,30,43,LAE|MAE|SAE,28.019698443279356
1474,30,31,MAE|SAE,1.1244413224496055
1475,30,31,MAE|SAE,5.983116641898698
1476,30,32,MAE|SAE,1.2341881175974245
1477,30,33,LAE|MAE|SAE,1.261992790142468
1478,30,44,LAE|MAE|SAE,6.642814099117691
1479,30,32,MAE|SAE,1.134754847377072
1480,30,31,MAE|SAE,1.0975576960444913
1481,30,31,MAE|SAE,1.4120278419895704
1482,30,31,MAE|SAE,5.836999462237789
1483,30,31,MAE|SAE,6.246795791148683
1484,30,31,MAE|SAE,5.902982494788693
1485,30,32,MAE|SAE,1.0235868578234526
1486,30,45,LAE|MAE|SAE,5.898309164979213
1487,30,31,MAE|SAE,7.11255801180336
1488,28,34,MAE,3.1457569368869103
1489,28,33,LAE|MAE,6.763268754130079
1490,28,32,MAE,2.789693328053105
1491,29,34,LAE|MAE,2.769771713048419
1492,29,32,LAE|MAE,1.4642731658950756
1493,29,36,LAE|MAE,47.37407287413351
1494,29,32,LAE|MAE,1.9480142516073395
1495,29,32,LAE|MAE,7.267435852760075
1496,29,32,LAE|MAE,8.26346506347331
1497,29,68,LAE|MAE|SAE,9.85097091257107
1498,29,46,LAE|MAE|SAE,7.1140188655368926
1499,30,32,MAE,1.0508005503507554
1500,30,32,MAE,5.644877913875881
1501,30,32,MAE,2.6179646737260023
1502,30,32,MAE,5.285192510768292
1503,30,32,MAE,1.128450369634598
1504,30,53,LAE|MAE|SAE,6.5745853773058816
1505,30,32,MAE,0.9738531452839568
1506,30,32,MAE,6.8676416558405196
1507,30,50,LAE|MAE|SAE,23.791631696713768
1508,30,32,MAE,1.2420661701604292
1509,30,32,MAE,2.9542092241736375
1510,30,32,MAE,35.051590781513674
1511,30,44,LAE|MAE|SAE,6.187284391057214
1512,30,82,LAE|MAE|SAE,13.464816742568447
1513,30,32,MAE,6.101610212633149
1514,30,34,MAE,8.392115993983788
1515,31,32,MAE|SAE,0.8740125811058002
1516,31,32,MAE|SAE,1.8678640402466382
1517,31,32,MAE|SAE,1.407968988058944
1518,31,35,LAE|MAE|SAE,3.06124922556819
1519,31,44,LAE|MAE|SAE,4.804137759028623
1520,31,32,MAE|SAE,6.4608105016699096
1521,31,32,MAE|SAE,1.0234055036638858
1522,31,32,MAE|SAE,1.6398537385360457
1523,31,32,MAE|SAE,1.1890373581094944
1524,31,32,MAE|SAE,3.225615277406584
1525,31,32,MAE|SAE,0.9055325643614479
1526,31,32,MAE|SAE,5.7264052425642875
1527,31,32,MAE|SAE,1.4714077653369153
1528,31,32,MAE|SAE,0.9205879972205178
1529,31,32,MAE|SAE,7.526928174936789
1530,31,32,MAE|SAE,2.8067661560558377
1531,31,32,MAE|SAE,1.2468059205872988
1532,31,32,MAE|SAE,1.0728190306114542
1533,31,33,LAE|MAE|SAE,0.9574544627027649
1534,31,32,MAE|SAE,1.298761570231702
1535,31,75,LAE|MAE|SAE,14.48590979370972
1536,31,32,MAE|SAE,0.9095201207284942
1537,31,32,MAE|SAE,0.8810538956748358
1538,31,35,MAE|SAE,2.3385112885623207
1539,31,34,MAE|SAE,3.204218270832042
1540,31,32,MAE|SAE,3.2335548133044463
1541,31,32,MAE|SAE,7.646604249079986
1542,32,33,LAE|MAE,2.6200881036388934
1543,32,33,LAE|MAE,0.9328036223653976
1544,32,33,LAE|MAE,0.815154077756108
1545,32,33,LAE|MAE,1.4519204102581964
1546,32,33,LAE|MAE,0.9622111737627609
1547,32,33,LAE|MAE,1.4582348044828206
1548,32,33,LAE|MAE,1.179294879204313
1549,32,33,LAE|MAE,0.9008189993581238
1550,32,33,LAE|MAE,0.9039951717039689
1551,32,33,LAE|MAE,0.8862287819374504
1552,32,35,LAE|MAE|SAE,2.1372563107549225
1553,32,33,LAE|MAE,0.9448961754059224
1554,32,33,LAE|MAE,1.2347132928531688
1555,32,37,LAE|MAE|SAE,2.2578688176850394
1556,32,33,LAE|MAE,1.7046929123734609
1557,32,33,LAE|MAE,5.623744557504731
1558,32,33,LAE|MAE,0.8760722656093927
1559,32,33,LAE|MAE,0.812434728234649
1560,32,33,LAE|MAE,0.9176738487481887
1561,32,35,LAE|MAE|SAE,2.926184714478457
1562,32,33,LAE|MAE,0.8154420570363891
1563,32,33,LAE|MAE,0.7547204412215857
1564,32,37,LAE|MAE|SAE,2.954271351197237
1565,32,33,LAE|MAE,4.40979675085934
1566,32,45,LAE|MAE|SAE,5.88681620617469
1567,32,35,LAE|MAE|SAE,2.265559139618404
1568,32,33,LAE|MAE,0.9800180992723889
1569,32,33,LAE|MAE,1.4541061724510143
1570,32,33,LAE|MAE,5.904645764890933
1571,30,49,LAE|MAE|SAE,6.031404690371525
1572,30,52,LAE|MAE|SAE,6.427009567776622
1573,31,34,MAE|SAE,55.66003356614975
1574,31,34,MAE|SAE,5.582196141959268
1575,31,35,MAE|SAE,55.30756140976635
1576,31,45,LAE|MAE|SAE,6.544153963175994
1577,31,34,MAE|SAE,4.837901809753304
1578,31,38,MAE|SAE,3.342344242411192
1579,32,61,LAE|MAE|SAE,18.781548220278
1580,32,34,MAE,2.0990867361735517
1581,32,34,MAE,1.1609978072314406
1582,32,45,LAE|MAE|SAE,6.140649091872665
1583,32,36,LAE|MAE|SAE,2.9277858383894038
1584,32,42,LAE|MAE|SAE,5.622855036865957
1585,32,34,MAE,3.0353809800843976
1586,32,46,LAE|MAE|SAE,6.252521966956089
1587,32,35,MAE|SAE,3.55597586272063
1588,32,35,MAE|SAE,2.995949737670542
1589,33,34,LAE|MAE,58.894716522654925
1590,33,45,LAE|MAE|SAE,5.79622818504687
1591,33,53,LAE|MAE|SAE,4.985876099558046
1592,33,34,LAE|MAE,2.042398997835749
1593,33,45,LAE|MAE,5.751569509477294
1594,33,34,LAE|MAE,0.9103199220429747
1595,33,34,LAE|MAE,4.830845412730068
1596,33,34,LAE|MAE,1.6756902507967557
1597,33,34,LAE|MAE,4.7799457626257045
1598,33,34,LAE|MAE,1.1051273790943044
1599,33,35,LAE|MAE|SAE,1.6139859994204222
1600,33,46,LAE|MAE|SAE,5.823462041259119
1601,33,34,LAE|MAE,0.7244962760727615
1602,33,34,LAE|MAE,1.4072603248653304
1603,31,35,SAE,3.0894065542241105
1604,32,47,MAE|SAE,5.763539900014722
1605,32,35,MAE|SAE,2.3096627822379556
1606,32,44,LAE|MAE|SAE,5.958671690877076
1607,32,44,LAE|MAE|SAE,6.048908996962024
1608,32,35,MAE|SAE,55.97577007975802
1609,32,35,MAE|SAE,3.015323476960394
1610,34,35,MAE|SAE,0.7327751427179314
1611,34,35,MAE|SAE,5.602310216678499
1612,34,35,MAE|SAE,1.217110082972667
1613,34,38,MAE|SAE,2.610879928129601
1614,34,35,MAE|SAE,1.0776572001803575
1615,34,35,MAE|SAE,0.7751923957298835
1616,34,35,MAE|SAE,2.165446475940669
1617,34,35,MAE|SAE,2.6076620975300533
1618,34,38,LAE|MAE|SAE,2.5315698739416828
1619,34,38,LAE|MAE|SAE,28.559293151147262
1620,34,35,MAE|SAE,0.9770705931719729
1621,34,35,MAE|SAE,2.1962133777911923
1622,34,35,MAE|SAE,2.5874279464229004
1623,34,36,LAE|MAE|SAE,2.176100692339138
1624,34,35,MAE|SAE,2.5965346261201385
1625,34,35,MAE|SAE,25.05750477470238
1626,34,35,MAE|SAE,2.444750442126465
1627,34,35,MAE|SAE,2.5134106770466893
1628,34,45,LAE|MAE|SAE,5.27512325786108
1629,34,38,MAE|SAE,2.5076780135582526
1630,34,37,LAE|MAE|SAE,2.6518602823928292
1631,34,35,MAE|SAE,2.5343176373407172
1632,34,53,LAE|MAE|SAE,5.684123599649823
1633,34,35,MAE|SAE,2.9407116101186084
1634,32,62,LAE|MAE|SAE,11.048355331701586
1635,32,36,LAE|MAE,2.6181510214745773
1636,32,40,LAE|MAE,4.065791819978018
1637,33,44,LAE|MAE,5.5021832463702065
1638,34,62,LAE|MAE|SAE,9.159772349544612
1639,34,37,LAE|MAE,10.08962702643278
1640,34,51,LAE|MAE|SAE,5.227714744728106
1641,33,42,LAE|MAE|SAE,3.8888187842021047
1642,34,37,LAE|MAE,8.525145318636058
1643,36,37,LAE,2.2955711410046677
1644,36,37,LAE,2.3237445317541976
1645,36,37,LAE,2.26227203125827
1646,36,37,LAE,2.3425611007075853
1647,36,37,LAE,5.742802866203878
1648,36,38,LAE|MAE,2.4829400180690118
1649,36,37,LAE,13.08549129467661
1650,36,37,LAE,3.750717725948678
1651,36,37,LAE,2.265213019816824
1652,36,37,LAE,2.3991808600503552
1653,36,37,LAE,7.5451167145456015
1654,36,37,LAE,6.724198222821301
1655,36,38,LAE|MAE,4.68995800213762
1656,36,37,LAE,4.768355393876129
1657,34,38,MAE,24.84273644017127
1658,34,42,MAE,3.707072545885993
1659,34,45,LAE|MAE|SAE,3.964374453815968
1660,35,38,MAE|SAE,49.34389487687992
1661,35,53,LAE|MAE|SAE,41.67610758881271
1662,35,41,LAE|MAE|SAE,5.443673771446257
1663,35,38,MAE|SAE,2.4219135447611544
1664,35,46,MAE|SAE,4.329397195388594
1665,35,38,MAE|SAE,2.4470473028460535
1666,35,40,MAE|SAE,3.560948174708884
1667,35,40,MAE|SAE,2.949565336364381
1668,35,40,MAE|SAE,3.014780554607506
1669,35,40,MAE|SAE,3.0479303868023333
1670,35,41,LAE|MAE|SAE,2.9784374662364512
1671,35,44,LAE|MAE|SAE,5.22363350934052
1672,35,112,LAE|MAE|SAE,31.94614615484062
1673,35,38,MAE|SAE,2.5500729300439744
1674,35,58,LAE|MAE|SAE,9.232351500522872
1675,35,38,MAE|SAE,2.4023467179738787
1676,35,48,LAE|MAE|SAE,55.82997050858881
1677,35,46,LAE|MAE|SAE,5.320461209329488
1678,35,42,MAE|SAE,52.00622054113969
1679,35,43,LAE|MAE|SAE,5.383252047810361
1680,35,39,MAE|SAE,3.0434916863574974
1681,35,38,MAE|SAE,2.356661086707613
1682,35,67,LAE|MAE|SAE,13.702764626443981
1683,35,39,MAE|SAE,3.0389991361588744
1684,35,57,LAE|MAE|SAE,7.339895791519363
1685,36,49,LAE|MAE|SAE,7.219085974255659
1686,36,46,LAE|MAE|SAE,5.284437628118172
1687,36,49,LAE|MAE|SAE,21.95391257618813
1688,36,39,LAE|MAE|SAE,4.181618455855953
1689,36,38,LAE|MAE,55.12846564744097
1690,36,53,LAE|MAE|SAE,4.336398765500758
1691,36,47,LAE|MAE|SAE,5.306837616702263
1692,36,43,LAE|MAE|SAE,5.490305539630073
1693,36,45,LAE|MAE|SAE,5.490206166220736
1694,36,38,LAE|MAE,5.178376264419355
1695,36,39,LAE|MAE|SAE,5.042946486945847
1696,36,38,LAE|MAE,2.35030875183904
1697,36,39,LAE|MAE|SAE,3.118424118170847
1698,36,38,LAE|MAE,4.704660887381937
1699,36,75,LAE|MAE|SAE,12.136970633667268
1700,36,41,LAE|MAE,5.180383549554124
1701,36,38,LAE|MAE,2.2437142863758712
1702,36,44,LAE|MAE|SAE,5.123602104712018
1703,36,38,LAE|MAE,5.3556172711125765
1704,36,41,LAE|MAE,3.692224460509921
1705,36,50,LAE|MAE|SAE,5.054637193456317
1706,37,38,LAE|MAE,4.800036899476004
1707,37,70,LAE|MAE|SAE,8.78482781310783
1708,37,38,LAE|MAE,5.3835699725677415
1709,37,38,LAE|MAE,5.441844366515846
1710,37,38,LAE|MAE,4.240204694960375
1711,37,46,LAE|MAE|SAE,5.316980760297417
1712,37,40,LAE|MAE,5.753674144822641
1713,37,54,LAE|MAE|SAE,4.756588704803295
1714,37,39,LAE|MAE|SAE,4.877028562463778
1715,37,38,LAE|MAE,5.097520426672111
1716,37,38,LAE|MAE,1.570904909776199
1717,37,38,LAE|MAE,4.625860459829349
1718,37,63,LAE|MAE|SAE,9.377397122334997
1719,37,43,LAE|MAE|SAE,48.99694494522891
1720,37,38,LAE|MAE,2.1667979038889236
1721,37,39,LAE|MAE|SAE,4.026656038258849
1722,37,38,LAE|MAE,2.22815581477375
1723,38,40,MAE|SAE,2.642297541165542
1724,38,62,LAE|MAE|SAE,6.661605888406159
1725,38,39,MAE|SAE,1.9268360137707174
1726,38,49,LAE|MAE|SAE,3.9206350144992173
1727,38,41,LAE|MAE|SAE,4.990993663652563
1728,38,40,MAE|SAE,4.834829514157468
1729,38,43,LAE|MAE|SAE,2.7671211820465498
1730,38,58,LAE|MAE|SAE,6.880849709367097
1731,38,52,LAE|MAE|SAE,4.547058913124083
1732,38,40,MAE|SAE,5.124182996385417
1733,38,39,MAE|SAE,3.037852480756237
1734,38,42,LAE|MAE|SAE,2.779092962777522
1735,38,47,LAE|MAE|SAE,5.195317797356208
1736,38,39,MAE|SAE,4.9612092851988745
1737,38,40,MAE|SAE,3.7482720073017184
1738,38,40,MAE|SAE,5.317536752345656
1739,38,41,LAE|MAE|SAE,4.92954074332636
1740,38,39,MAE|SAE,5.285236000246862
1741,38,47,LAE|MAE|SAE,3.5736955786909292
1742,38,39,MAE|SAE,2.7057334813296863
1743,38,39,MAE|SAE,1.9755745735310302
1744,38,39,MAE|SAE,26.999166517689385
1745,38,39,MAE|SAE,4.805664365905583
1746,38,44,LAE|MAE|SAE,5.136801971962609
1747,38,42,MAE|SAE,2.5077571690314655
1748,38,44,LAE|MAE|SAE,4.95613175032905
1749,36,51,LAE|MAE|SAE,42.70550598171709
1750,36,40,LAE|MAE,49.88409306032593
1751,36,50,LAE|MAE|SAE,4.797851330323764
1752,36,40,LAE|MAE,3.0545962019473745
1753,36,40,LAE|MAE,42.21322657686436
1754,36,40,LAE|MAE,59.2467544578105
1755,36,45,LAE|MAE|SAE,4.665912028363378
1756,36,44,LAE|MAE,4.853168773118181
1757,36,80,LAE|MAE|SAE,12.385140153388607
1758,36,42,LAE|MAE,6.893806689710877
1759,37,49,LAE|MAE,4.881660786088201
1760,37,48,LAE|MAE|SAE,4.035743485798731
1761,37,59,LAE|MAE|SAE,30.9112456952374
1762,38,51,LAE|MAE|SAE,5.0735420052875
1763,38,45,LAE|MAE|SAE,5.114870807731668
1764,38,48,LAE|MAE|SAE,2.966050697544028
1765,38,42,LAE|MAE,3.3611855554012546
1766,38,40,MAE,4.906708832469108
1767,38,53,LAE|MAE|SAE,4.786420185163969
1768,38,43,LAE|MAE|SAE,2.7113778163253803
1769,38,46,LAE|MAE|SAE,4.9140551304469975
1770,38,45,LAE|MAE|SAE,5.159705809631943
1771,38,53,LAE|MAE|SAE,4.899880867052722
1772,38,40,MAE,1.8330606635833122
1773,38,49,LAE|MAE|SAE,4.2637112168920455
1774,38,40,MAE,1.300470845419345
1775,38,52,LAE|MAE|SAE,15.871416518221896
1776,38,44,LAE|MAE|SAE,5.113667375568591
1777,38,66,LAE|MAE|SAE,12.509247817845345
1778,38,53,LAE|MAE|SAE,4.252235755853933
1779,38,41,LAE|MAE,2.0118733770402946
1780,38,40,MAE,5.068396695396007
1781,38,40,MAE,1.6990360045897213
1782,38,40,MAE,1.639135959012288
1783,38,46,LAE|MAE,3.3899728962979188
1784,38,40,MAE,4.94615312353271
1785,38,92,LAE|MAE|SAE,23.29486344942175
1786,38,75,LAE|MAE|SAE,11.95151522836385
1787,38,77,LAE|MAE|SAE,55.58645292476781
1788,38,46,LAE|MAE|SAE,4.737105060265249
1789,38,46,LAE|MAE|SAE,4.6323333862582174
1790,38,57,LAE|MAE|SAE,17.665712167033906
1791,38,45,LAE|MAE|SAE,5.010275285999539
1792,38,52,LAE|MAE|SAE,4.8217757705578315
1793,38,40,MAE,1.5627590020332165
1794,38,42,LAE|MAE,3.8936878935077095
1795,38,40,MAE,1.4378569292419014
1796,38,52,LAE|MAE|SAE,4.840449395195603
1797,38,47,LAE|MAE|SAE,4.988016874040568
1798,38,46,LAE|MAE|SAE,3.5402700463142653
1799,38,40,MAE,2.1678015214416453
1800,38,42,LAE|MAE,5.088985703430946
1801,38,40,MAE,4.419865711818126
1802,38,40,MAE,4.819179693949064
1803,38,71,LAE|MAE|SAE,9.113295612118677
1804,38,53,LAE|MAE|SAE,4.375417035454726
1805,38,50,LAE|MAE|SAE,4.948199412822188
1806,38,69,LAE|MAE|SAE,9.253737359505655
1807,38,40,MAE,5.089372019684642
1808,38,40,MAE,4.99381314436473
1809,38,49,LAE|MAE|SAE,4.548756677383676
1810,38,54,LAE|MAE|SAE,4.474563171325112
1811,38,54,LAE|MAE|SAE,5.0916565256197135
1812,38,58,LAE|MAE|SAE,6.730242056657308
1813,38,42,LAE|MAE,2.7045839444698476
1814,38,47,LAE|MAE|SAE,4.671178498011483
1815,38,46,LAE|MAE|SAE,3.5430659462713407
1816,38,50,LAE|MAE|SAE,4.406704381150861
1817,38,53,LAE|MAE|SAE,5.09982443578781
1818,38,40,MAE,2.7833820242364413
1819,38,40,MAE,5.130836607227931
1820,38,61,LAE|MAE|SAE,6.723986463701394
1821,38,44,LAE|MAE|SAE,4.848012024669233
1822,38,40,MAE,1.3791234523881102
1823,38,40,MAE,5.084446980455724
1824,38,87,LAE|MAE|SAE,17.405963670168713
1825,38,41,LAE|MAE,4.904598657463362
1826,38,41,LAE|MAE,5.273566392894017
1827,39,49,LAE|MAE|SAE,3.9009692580154876
1828,39,40,MAE|SAE,1.4281662356445377
1829,39,40,MAE|SAE,3.1717616668049473
1830,39,58,LAE|MAE|SAE,6.508003777937527
1831,39,40,MAE|SAE,2.881749466866348
1832,39,44,LAE|MAE|SAE,4.61614114822772
1833,39,47,LAE|MAE|SAE,4.080860625892526
1834,39,41,LAE|MAE|SAE,4.827824840801445
1835,39,50,LAE|MAE|SAE,4.765084902557702
1836,39,45,LAE|MAE|SAE,4.776066274788726
1837,37,41,LAE,5.316690709342293
1838,38,44,LAE|MAE|SAE,5.133080658543992
1839,38,50,LAE|MAE|SAE,4.276709368873764
1840,38,53,LAE|MAE|SAE,15.457426745476857
1841,38,47,LAE|MAE|SAE,3.4808437097335894
1842,38,46,LAE|MAE|SAE,6.131843062786265
1843,38,41,LAE|MAE,5.082181233745631
1844,38,42,LAE|MAE,2.8954377965873683
1845,38,42,LAE|MAE,2.743235772218125
1846,38,44,LAE|MAE|SAE,5.103456277785693
1847,38,41,LAE|MAE,5.3454440852695075
1848,38,51,LAE|MAE|SAE,4.211630035929151
1849,38,41,LAE|MAE,5.308103710446386
1850,40,45,LAE|MAE,2.298113558832442
1851,40,57,LAE|MAE|SAE,6.132985326838973
1852,40,41,LAE|MAE,4.487700735651383
1853,40,52,LAE|MAE|SAE,4.5559003813021945
1854,40,41,LAE|MAE,1.3807743771197714
1855,40,47,LAE|MAE|SAE,3.0325443196203747
1856,40,41,LAE|MAE,1.2671751507918982
1857,40,44,LAE|MAE|SAE,4.427941603829095
1858,40,45,LAE|MAE|SAE,4.9023241692182475
1859,40,41,LAE|MAE,1.9567527193477436
1860,40,55,LAE|MAE|SAE,31.615093608203885
1861,40,48,LAE|MAE|SAE,3.7644664487722523
1862,40,42,LAE|MAE,1.6421811850853554
1863,40,47,LAE|MAE|SAE,2.991680826665989
1864,40,47,LAE|MAE|SAE,49.704337494476526
1865,40,47,LAE|MAE|SAE,5.529762511710379
1866,40,42,LAE|MAE,1.382460089797696
1867,40,49,LAE|MAE|SAE,3.8890412148271296
1868,40,45,LAE|MAE|SAE,2.9719932223185994
1869,40,44,LAE|MAE|SAE,34.921297558191846
1870,40,41,LAE|MAE,2.6713692415444137
1871,40,49,LAE|MAE|SAE,8.216907455248602
1872,40,50,LAE|MAE|SAE,6.341221801650367
1873,40,43,LAE|MAE|SAE,3.0988003386271683
1874,40,44,LAE|MAE|SAE,4.30555233184027
1875,40,48,LAE|MAE|SAE,4.189926967423871
1876,40,44,LAE|MAE|SAE,3.303242310211483
1877,40,46,LAE|MAE|SAE,4.4449027237171395
1878,40,45,LAE|MAE|SAE,3.3891395753984175
1879,40,44,LAE|MAE|SAE,2.4104445151111364
1880,40,43,LAE|MAE|SAE,2.429484838084541
1881,40,42,LAE|MAE,2.3136004526435046
1882,40,71,LAE|MAE|SAE,8.156846453666702
1883,40,48,LAE|MAE|SAE,2.664194972232145
1884,40,42,LAE|MAE,1.3146449424176299
1885,40,45,LAE|MAE|SAE,4.362985116480694
1886,40,50,LAE|MAE|SAE,4.577407059703728
1887,40,43,LAE|MAE|SAE,2.325727824811965
1888,40,44,LAE|MAE|SAE,3.819507747135664
1889,40,41,LAE|MAE,4.51494582968233
1890,40,42,LAE|MAE,1.29959276726976
1891,40,80,LAE|MAE|SAE,11.767771494150448
1892,40,44,LAE|MAE,4.364882655186909
1893,40,48,LAE|MAE|SAE,4.656888469459433
1894,40,41,LAE|MAE,4.65570498592516
1895,40,62,LAE|MAE|SAE,6.456189340314699
1896,40,46,LAE|MAE|SAE,3.1800681901223395
1897,40,45,LAE|MAE|SAE,4.6542370933904165
1898,40,50,LAE|MAE|SAE,4.719173885030119
1899,40,44,LAE|MAE|SAE,4.713091572752949
1900,40,41,LAE|MAE,4.651558054062469
1901,40,45,LAE|MAE|SAE,4.79817042357194
1902,40,46,LAE|MAE|SAE,5.9824237473725415
1903,40,44,LAE|MAE|SAE,4.309862492216828
1904,40,44,LAE|MAE|SAE,4.594577507324061
1905,40,48,LAE|MAE|SAE,4.540750011220648
1906,40,57,LAE|MAE|SAE,6.330868035164085
1907,40,45,LAE|MAE|SAE,4.401161146197154
1908,40,44,LAE|MAE,4.408185743779129
1909,40,46,LAE|MAE|SAE,3.903869034786567
1910,40,42,LAE|MAE,2.3276075185660323
1911,40,45,LAE|MAE|SAE,4.224581507573398
1912,40,41,LAE|MAE,2.7045523607033277
1913,40,41,LAE|MAE,4.309020198513649
1914,38,47,LAE|MAE|SAE,5.33579015161959
1915,38,44,MAE|SAE,5.231646202369899
1916,39,49,LAE|MAE|SAE,6.665119681169699
1917,39,43,MAE|SAE,4.531205053927146
1918,39,45,LAE|MAE|SAE,4.743126059431843
1919,39,43,MAE|SAE,4.994396532870832
1920,39,47,MAE|SAE,3.3175172739072445
1921,40,60,LAE|MAE|SAE,8.298485418179835
1922,40,56,LAE|MAE|SAE,14.448496921355547
1923,40,42,MAE,4.559506394337112
1924,40,43,MAE|SAE,2.338108594026047
1925,40,55,LAE|MAE|SAE,6.405491284996034
1926,40,53,LAE|MAE|SAE,4.447328576420698
1927,40,50,LAE|MAE|SAE,3.3283263669666914
1928,40,42,MAE,3.128509780042952
1929,40,46,LAE|MAE|SAE,4.2326815764771295
1930,40,44,MAE,4.457181153645981
1931,40,48,LAE|MAE|SAE,3.8330711968167477
1932,40,42,MAE,4.56639179221997
1933,40,54,LAE|MAE|SAE,4.079105227677769
1934,40,44,MAE,4.458095995743071
1935,40,47,MAE|SAE,27.92794244902819
1936,40,71,LAE|MAE|SAE,8.27664301375034
1937,40,45,LAE|MAE|SAE,4.385465090485216
1938,40,46,LAE|MAE|SAE,4.778150317826098
1939,40,44,MAE|SAE,4.538318327282231
1940,41,61,LAE|MAE|SAE,58.96218650365711
1941,41,44,LAE|MAE|SAE,4.3727024061470114
1942,41,42,LAE|MAE,2.001925573155199
1943,41,45,LAE|MAE|SAE,4.268289542829933
1944,41,42,LAE|MAE,0.9037713687375268
1945,41,43,LAE|MAE|SAE,1.5714428793303343
1946,41,54,LAE|MAE|SAE,4.142604921719312
1947,41,43,LAE|MAE|SAE,2.0224676264187216
1948,41,58,LAE|MAE|SAE,4.817586870133175
1949,41,42,LAE|MAE,3.0421033705100284
1950,41,56,LAE|MAE|SAE,4.144741264257458
1951,41,53,LAE|MAE|SAE,4.064563933589316
1952,41,42,LAE|MAE,1.4710254803312766
1953,41,42,LAE|MAE,1.119448255962573
1954,41,48,LAE|MAE|SAE,3.6969677205326588
1955,41,42,LAE|MAE,1.1389421903525565
1956,41,45,LAE|MAE|SAE,3.9656104843633933
1957,41,50,LAE|MAE|SAE,5.5492920520109745
1958,41,42,LAE|MAE,1.016624362319462
1959,41,44,LAE|MAE|SAE,8.412882741583275
1960,41,44,LAE|MAE|SAE,4.363936363134779
1961,41,42,LAE|MAE,1.4086412565009727
1962,41,43,LAE|MAE|SAE,1.7932276769351732
1963,41,47,LAE|MAE|SAE,4.271257103139171
1964,41,44,LAE|MAE|SAE,4.3404251532553895
1965,41,42,LAE|MAE,4.492234859303563
1966,41,43,LAE|MAE|SAE,2.099832955650624
1967,41,42,LAE|MAE,1.1829194250951147
1968,41,45,LAE|MAE|SAE,2.9624973179747927
1969,41,48,LAE|MAE|SAE,3.5321276721217143
1970,41,42,LAE|MAE,1.1483774638131448
1971,41,45,LAE|MAE|SAE,2.788699271366058
1972,41,62,LAE|MAE|SAE,6.1798056949147835
1973,41,47,LAE|MAE|SAE,5.319533133296253
1974,41,42,LAE|MAE,1.067816764958454
1975,41,44,LAE|MAE|SAE,4.441059316778697
1976,41,58,LAE|MAE|SAE,40.391412354894015
1977,41,42,LAE|MAE,1.7957724427422954
1978,41,42,LAE|MAE,0.8712871508500789
1979,41,43,LAE|MAE|SAE,2.072467481758429
1980,41,42,LAE|MAE,0.8478100035998497
1981,41,45,LAE|MAE|SAE,2.920310147932255
1982,41,42,LAE|MAE,2.880386407461525
1983,41,47,LAE|MAE|SAE,4.97417407984938
1984,41,48,LAE|MAE|SAE,2.5000633734123245
1985,41,43,LAE|MAE|SAE,2.1948193716760516
1986,41,45,LAE|MAE,4.476908924470275
1987,41,46,LAE|MAE|SAE,4.399836515837627
1988,41,44,LAE|MAE|SAE,4.880493630057414
1989,41,47,LAE|MAE|SAE,4.936859544770606
1990,41,42,LAE|MAE,1.0293112324684044
1991,41,42,LAE|MAE,1.1489392497843633
1992,41,45,LAE|MAE|SAE,4.319504192696429
1993,41,47,LAE|MAE|SAE,3.9978297254625583
1994,41,42,LAE|MAE,1.6408426918814873
1995,41,49,LAE|MAE|SAE,22.436265096828752
1996,41,42,LAE|MAE,2.6884169638988635
1997,41,45,LAE|MAE|SAE,4.273471215029916
1998,41,63,LAE|MAE|SAE,51.48551898884277
1999,41,46,LAE|MAE|SAE,2.194704572740152
2000,41,45,LAE|MAE,4.102707231784738
2001,41,42,LAE|MAE,1.5729950892357791
2002,41,42,LAE|MAE,1.119957952811675
2003,41,42,LAE|MAE,1.2143639716688168
2004,41,62,LAE|MAE|SAE,5.692085464889272
2005,41,69,LAE|MAE|SAE,10.876161783374831
2006,41,44,LAE|MAE,4.750593291294757
2007,41,78,LAE|MAE|SAE,11.769126365580773
2008,41,50,LAE|MAE|SAE,3.7235563963491387
2009,41,47,LAE|MAE|SAE,4.260025179151243
2010,41,47,LAE|MAE|SAE,5.999220362732575
2011,41,46,LAE|MAE|SAE,3.253963404948456
2012,41,45,LAE|MAE|SAE,2.620993683818577
2013,41,47,LAE|MAE|SAE,2.9424588450747713
2014,41,48,LAE|MAE|SAE,22.89964717145392
2015,41,44,LAE|MAE|SAE,2.122724760884752
2016,41,51,LAE|MAE|SAE,3.7165559224884115
2017,41,44,LAE|MAE|SAE,4.225402059918798
2018,41,45,LAE|MAE|SAE,4.369175603411375
2019,41,71,LAE|MAE|SAE,8.153111228282688
2020,41,42,LAE|MAE,4.3563630894912775
2021,39,43,SAE,2.8677599374747342
2022,39,47,SAE,4.497897510971941
2023,40,48,MAE|SAE,3.208559974360888
2024,40,46,LAE|MAE|SAE,4.637306250294925
2025,40,43,MAE|SAE,50.59662314705166
2026,40,43,MAE|SAE,4.706617783511078
2027,40,52,LAE|MAE|SAE,4.469685556553017
2028,40,46,MAE|SAE,4.523257480869271
2029,40,43,MAE|SAE,4.541197502112662
2030,40,44,MAE|SAE,4.496173180723487
2031,40,57,LAE|MAE|SAE,8.32996115540334
2032,40,43,MAE|SAE,18.030798888555157
2033,40,46,LAE|MAE|SAE,4.042861462126849
2034,42,47,LAE|MAE|SAE,4.2718505057056175
2035,42,43,MAE|SAE,26.445781029503976
2036,42,45,LAE|MAE|SAE,3.2460385930126128
2037,42,43,MAE|SAE,1.896102031963682
2038,42,46,LAE|MAE|SAE,4.02386069002917
2039,42,48,LAE|MAE|SAE,3.405372232184479
2040,42,48,LAE|MAE|SAE,4.261489329185221
2041,42,44,MAE|SAE,4.168761655465461
2042,42,43,MAE|SAE,1.9580167961699955
2043,42,54,LAE|MAE|SAE,3.5765206612869167
2044,42,43,MAE|SAE,3.8981865783403356
2045,42,43,MAE|SAE,4.167316102321552
2046,42,62,LAE|MAE|SAE,5.7995452214766745
2047,42,56,LAE|MAE|SAE,4.326065777627447
2048,42,44,MAE|SAE,3.9969679112915486
2049,42,45,LAE|MAE|SAE,4.082276539156656
2050,42,43,MAE|SAE,0.8805531890303768
2051,42,48,MAE|SAE,5.8670193190697395
2052,42,50,LAE|MAE|SAE,3.3654457287318227
2053,42,44,MAE|SAE,4.6864389259845876
2054,42,43,MAE|SAE,2.113315797054463
2055,42,53,LAE|MAE|SAE,3.689136566380825
2056,42,44,MAE|SAE,2.655957000605669
2057,42,46,LAE|MAE|SAE,2.523177625947154
2058,42,44,MAE|SAE,3.86925639341751
2059,42,43,MAE|SAE,1.9421224622272775
2060,42,43,MAE|SAE,1.906697853974582
2061,42,52,LAE|MAE|SAE,5.650951553034457
2062,42,44,MAE|SAE,4.200048729980128
2063,42,44,MAE|SAE,3.863282768128942
2064,42,43,MAE|SAE,1.7363126982380828
2065,42,47,LAE|MAE|SAE,3.6903007599597095
2066,42,45,LAE|MAE|SAE,4.209530331717087
2067,42,43,MAE|SAE,1.8897519774191995
2068,42,61,LAE|MAE|SAE,5.638000083773169
2069,42,45,LAE|MAE|SAE,4.115368007382573
2070,42,43,MAE|SAE,1.8110805462671484
2071,42,45,LAE|MAE|SAE,4.216063316719152
2072,42,53,LAE|MAE|SAE,3.8919415890572004
2073,42,43,MAE|SAE,3.8800280300471464
2074,42,45,LAE|MAE|SAE,3.7590259757930227
2075,42,43,MAE|SAE,6.672271636757991
2076,42,46,LAE|MAE|SAE,2.5255427649275637
2077,42,43,MAE|SAE,1.5229679547321133
2078,42,52,LAE|MAE|SAE,3.9241370975575136
2079,42,43,MAE|SAE,7.447813999124925
2080,42,43,MAE|SAE,4.149310325491435
2081,42,43,MAE|SAE,3.764570363961087
2082,42,47,MAE|SAE,4.001326234778346
2083,42,57,LAE|MAE|SAE,5.872318056430044
2084,42,50,LAE|MAE|SAE,3.3828097564718616
2085,42,45,LAE|MAE|SAE,2.8003802685689276
2086,42,50,LAE|MAE|SAE,3.5477065476655465
2087,42,46,LAE|MAE|SAE,2.603376769372501
2088,42,53,LAE|MAE|SAE,3.7225792950625793
2089,42,43,MAE|SAE,5.134097752565481
2090,42,43,MAE|SAE,3.42520528248984
2091,42,61,LAE|MAE|SAE,5.9890174404074275
2092,42,44,MAE|SAE,4.3167808322478365
2093,42,44,MAE|SAE,4.098267219560989
2094,40,47,LAE|MAE|SAE,7.400993260477378
2095,41,44,LAE|MAE,4.419232802091153
2096,41,48,LAE|MAE|SAE,3.2415351796365446
2097,41,44,LAE|MAE,36.21964282352774
2098,41,44,LAE|MAE,4.336273558985389
2099,41,44,LAE|MAE,2.8798426015529683
2100,41,45,LAE|MAE,4.3601411524987945
2101,41,46,LAE|MAE,3.5894764528118186
2102,41,45,LAE|MAE,4.032475146740832
2103,41,44,LAE|MAE,4.879226231062668
2104,41,45,LAE|MAE,4.027895001576641
2105,41,45,LAE|MAE,4.152108350941228
2106,41,44,LAE|MAE,4.427297548904777
2107,41,45,LAE|MAE,9.747172540110611
2108,41,44,LAE|MAE,45.63570611064987
2109,41,44,LAE|MAE,4.620304447301811
2110,41,49,LAE|MAE,6.903579431073661
2111,41,47,LAE|MAE|SAE,3.6391801037375657
2112,41,47,LAE|MAE|SAE,15.915804579463613
2113,41,44,LAE|MAE,4.289353103173656
2114,41,44,LAE|MAE,4.393439615577547
2115,41,53,LAE|MAE|SAE,3.9398460296414903
2116,41,45,LAE|MAE,2.9325885051725016
2117,42,45,LAE|MAE,14.446194437698288
2118,42,46,MAE,3.268274665121142
2119,42,47,LAE|MAE|SAE,15.763321643728183
2120,42,46,MAE,2.5873742309589662
2121,42,53,LAE|MAE|SAE,3.763501209516121
2122,42,50,LAE|MAE|SAE,3.704843763431151
2123,42,44,MAE,1.8613827615455334
2124,42,44,MAE,4.602078718116043
2125,42,47,LAE|MAE|SAE,18.877086421484663
2126,42,51,LAE|MAE|SAE,5.7805338603981085
2127,42,44,MAE,36.97910890057254
2128,42,46,MAE,2.5863605710940742
2129,43,51,LAE|MAE|SAE,3.8708900082285234
2130,43,46,LAE|MAE|SAE,2.3394199959169724
2131,43,44,MAE|SAE,3.8984557391024537
2132,43,44,MAE|SAE,2.636090491929115
2133,43,46,LAE|MAE|SAE,3.520235508311079
2134,43,44,MAE|SAE,47.32421306298479
2135,43,48,LAE|MAE|SAE,3.6839874744590926
2136,43,51,LAE|MAE|SAE,3.08242889537238
2137,43,52,LAE|MAE|SAE,3.6234620679599234
2138,43,44,MAE|SAE,2.2719655834274395
2139,43,44,MAE|SAE,3.8308857305064596
2140,43,44,MAE|SAE,2.3295842550700274
2141,43,44,MAE|SAE,2.562449827684503
2142,43,44,MAE|SAE,2.024412235793041
2143,43,44,MAE|SAE,3.856377902829579
2144,43,47,LAE|MAE|SAE,3.9963962253753134
2145,43,62,LAE|MAE|SAE,5.56226718552723
2146,43,53,LAE|MAE|SAE,3.9200160485203828
2147,43,46,MAE|SAE,4.409141204650173
2148,43,44,MAE|SAE,1.3556790944297954
2149,43,49,LAE|MAE|SAE,3.7092886058496015
2150,43,44,MAE|SAE,2.6989270321513716
2151,43,50,MAE|SAE,5.072621701594891
2152,43,46,LAE|MAE|SAE,4.431126562642144
2153,43,50,LAE|MAE|SAE,3.96693433864397
2154,43,45,LAE|MAE|SAE,4.01161310291886
2155,43,44,MAE|SAE,3.2675098425792197
2156,43,44,MAE|SAE,1.8000177142059195
2157,43,50,LAE|MAE|SAE,3.429369129624171
2158,43,53,LAE|MAE|SAE,3.8054444121465645
2159,43,47,MAE|SAE,3.6077984735017203
2160,43,47,LAE|MAE|SAE,3.926643712253548
2161,43,45,LAE|MAE|SAE,4.068802625615003
2162,43,50,MAE|SAE,3.8887547241414704
2163,43,44,MAE|SAE,3.152996401869705
2164,43,44,MAE|SAE,3.1308096092793094
2165,43,44,MAE|SAE,3.9371152100418296
2166,43,47,LAE|MAE|SAE,3.495037165779274
2167,43,53,LAE|MAE|SAE,3.7687365417851595
2168,43,46,MAE|SAE,3.95703889427031
2169,43,44,MAE|SAE,3.7905281898353227
2170,43,68,LAE|MAE|SAE,10.036779639974363
2171,43,45,LAE|MAE|SAE,4.047383907971255
2172,43,47,LAE|MAE|SAE,3.6622982292143824
2173,43,46,LAE|MAE|SAE,4.116459413753418
2174,43,44,MAE|SAE,12.345011431554159
2175,43,44,MAE|SAE,24.232785328721903
2176,43,44,MAE|SAE,3.9481753510245516
2177,43,45,LAE|MAE|SAE,4.042029492639395
2178,43,71,LAE|MAE|SAE,7.9462400873600245
2179,43,49,LAE|MAE|SAE,3.5395733309221282
2180,43,53,LAE|MAE|SAE,3.4940517451337145
2181,43,50,MAE|SAE,3.6625972511787905
2182,43,79,LAE|MAE|SAE,13.219211431783108
2183,43,47,LAE|MAE|SAE,2.3505555570039394
2184,43,44,MAE|SAE,4.087815629201706
2185,43,44,MAE|SAE,3.924023968152226
2186,43,44,MAE|SAE,3.291498741223555
2187,41,45,LAE,2.3148861652112322
2188,42,45,LAE|MAE,4.083280433141109
2189,42,45,LAE|MAE,4.104487862299709
2190,42,65,LAE|MAE,9.477376253033636
2191,42,52,LAE|MAE|SAE,8.623574714712364
2192,42,46,LAE|MAE,4.109295756683548
2193,42,53,LAE|MAE,20.794409885919695
2194,44,45,LAE|MAE,1.8353694802241547
2195,44,46,LAE|MAE,3.420524658600448
2196,44,45,LAE|MAE,3.3345812783601168
2197,44,55,LAE|MAE|SAE,58.63125071243479
2198,44,53,LAE|MAE|SAE,3.246488874562238
2199,44,53,LAE|MAE|SAE,3.527181443702932
2200,44,45,LAE|MAE,1.5121685995866585
2201,44,49,LAE|MAE|SAE,3.143025689912384
2202,44,48,LAE|MAE|SAE,2.9319314747967904
2203,44,50,LAE|MAE|SAE,3.737477567971196
2204,44,99,LAE|MAE|SAE,13.123194583237236
2205,44,52,LAE|MAE|SAE,3.347271786127564
2206,44,45,LAE|MAE,1.98718882262307
2207,44,54,LAE|MAE|SAE,3.1930827383394207
2208,44,45,LAE|MAE,3.6417167867444116
2209,44,47,LAE|MAE|SAE,1.303350134912526
2210,44,50,LAE|MAE|SAE,3.5916187207618426
2211,44,56,LAE|MAE|SAE,4.067151739824831
2212,44,57,LAE|MAE|SAE,9.046827925504761
2213,44,54,LAE|MAE|SAE,4.21351607424767
2214,44,46,LAE|MAE,3.696763589133683
2215,44,45,LAE|MAE,3.375213892217565
2216,44,47,LAE|MAE|SAE,7.236061359443533
2217,44,45,LAE|MAE,2.237826138576192
2218,44,45,LAE|MAE,3.8040068426945988
2219,44,45,LAE|MAE,1.541426432974057
2220,44,53,LAE|MAE,5.484104781284743
2221,44,47,LAE|MAE|SAE,1.8131252796255621
2222,44,46,LAE|MAE,3.0807160988735425
2223,44,45,LAE|MAE,2.322672182982701
2224,44,53,LAE|MAE|SAE,2.8267486057241675
2225,44,45,LAE|MAE,3.7703122060577825
2226,44,45,LAE|MAE,3.6561732014251365
2227,44,47,LAE|MAE|SAE,3.9684878080177137
2228,44,45,LAE|MAE,3.7808132792205846
2229,44,46,LAE|MAE,2.811444866908531
2230,44,46,LAE|MAE,2.1163456750253404
2231,44,46,LAE|MAE,2.2492542705381138
2232,44,45,LAE|MAE,3.5637905775665355
2233,44,45,LAE|MAE,3.624107154918167
2234,44,53,LAE|MAE|SAE,3.6284605870597426
2235,44,45,LAE|MAE,4.099098442440918
2236,44,46,LAE|MAE,2.333282117123397
2237,42,46,MAE,5.459224380593456
2238,43,47,MAE|SAE,3.562764045610999
2239,43,51,MAE|SAE,4.0601959061934085
2240,43,53,LAE|MAE|SAE,3.3121382866542812
2241,43,48,MAE|SAE,3.1582798354992234
2242,43,47,MAE|SAE,7.8880373063225475
2243,43,46,MAE|SAE,3.9208775760473897
2244,43,46,MAE|SAE,5.063963534888007
2245,43,46,MAE|SAE,3.7705533166965965
2246,43,47,MAE|SAE,3.0487543801807293
2247,43,55,LAE|MAE|SAE,6.614952562574177
2248,43,53,LAE|MAE|SAE,6.045905285659702
2249,43,47,MAE|SAE,3.5793555536904726
2250,43,46,MAE|SAE,4.0766493302281
2251,43,67,LAE|MAE|SAE,8.377699884008583
2252,43,51,MAE|SAE,5.825165213035084
2253,43,46,MAE|SAE,3.197008422626815
2254,43,46,MAE|SAE,2.390082458476984
2255,43,48,MAE|SAE,2.793044190790593
2256,44,46,MAE,3.905182691831506
2257,44,48,MAE,2.8869772992589127
2258,44,46,MAE,3.8888947372596165
2259,44,54,LAE|MAE|SAE,4.623600406537914
2260,44,46,MAE,1.1578996160501556
2261,44,56,LAE|MAE|SAE,5.699493351883057
2262,44,46,MAE,4.0688679651157695
2263,44,46,MAE,4.286552917212562
2264,44,47,MAE|SAE,7.79238434795503
2265,44,54,LAE|MAE|SAE,6.638434086951014
2266,45,48,LAE|MAE|SAE,2.804799193066601
2267,45,68,LAE|MAE|SAE,49.576233608685946
2268,45,53,LAE|MAE|SAE,3.0174772804210197
2269,45,46,LAE|MAE,1.1244213799920442
2270,45,46,LAE|MAE,3.4719284431991366
2271,45,46,LAE|MAE,2.839198039650084
2272,45,46,LAE|MAE,2.6720702219195402
2273,45,49,LAE|MAE|SAE,2.3569185048921324
2274,45,47,LAE|MAE|SAE,46.420921029158684
2275,45,50,LAE|MAE|SAE,6.341190243943716
2276,45,46,LAE|MAE,1.1631836572299283
2277,45,49,LAE|MAE,3.029578140132561
2278,45,49,LAE|MAE|SAE,2.7114225128915757
2279,45,46,LAE|MAE,1.125859839299485
2280,45,60,LAE|MAE|SAE,5.0396333222287755
2281,45,46,LAE|MAE,1.940976089335619
2282,45,53,LAE|MAE|SAE,2.918132301474098
2283,45,46,LAE|MAE,1.1348713760611158
2284,45,46,LAE|MAE,0.9623051584094455
2285,45,51,LAE|MAE|SAE,2.9564940904222827
2286,45,47,LAE|MAE|SAE,1.2984973397449464
2287,45,46,LAE|MAE,1.6059188847327253
2288,45,46,LAE|MAE,1.8435187484862428
2289,45,49,LAE|MAE|SAE,1.7063770982800688
2290,45,46,LAE|MAE,2.065077125971881
2291,45,46,LAE|MAE,1.3759980410634827
2292,45,53,LAE|MAE|SAE,2.9096772798117634
2293,45,46,LAE|MAE,9.182829271925549
2294,45,49,LAE|MAE,3.134351276435348
2295,45,51,LAE|MAE|SAE,2.8902708864034143
2296,45,51,LAE|MAE|SAE,3.0241937047449237
2297,45,46,LAE|MAE,1.078795274709733
2298,45,47,LAE|MAE|SAE,1.9442121435453645
2299,45,48,LAE|MAE|SAE,2.664499629739914
2300,45,53,LAE|MAE|SAE,3.3491905836132165
2301,45,47,LAE|MAE|SAE,2.016057770424434
2302,45,51,LAE|MAE|SAE,2.9091356726014186
2303,45,46,LAE|MAE,3.4776237190709294
2304,45,47,LAE|MAE|SAE,1.2335605801448524
2305,45,50,LAE|MAE,7.633845403087121
2306,45,46,LAE|MAE,1.8528044264143921
2307,45,54,LAE|MAE|SAE,3.1981159762715707
2308,45,46,LAE|MAE,3.402677432012179
2309,45,49,LAE|MAE|SAE,31.055963671546177
2310,45,63,LAE|MAE|SAE,7.1589798071914945
2311,45,47,LAE|MAE|SAE,2.1419388700511246
2312,45,47,LAE|MAE|SAE,1.1602969151835867
2313,45,51,LAE|MAE|SAE,2.845338072158736
2314,45,50,LAE|MAE|SAE,2.942261068691189
2315,45,46,LAE|MAE,2.3282842701981425
2316,45,52,LAE|MAE|SAE,3.2765229447661333
2317,43,47,SAE,5.248510852736053
2318,43,50,MAE|SAE,4.028945716766066
2319,43,47,SAE,3.439711853004565
2320,44,48,MAE|SAE,8.178096505527689
2321,44,48,MAE|SAE,2.4746038847884844
2322,44,47,MAE|SAE,3.990553471118905
2323,46,50,LAE|MAE|SAE,2.466688381894009
2324,46,47,MAE|SAE,52.982235461947724
2325,46,50,LAE|MAE|SAE,2.493851590973148
2326,46,48,MAE|SAE,2.8531218237369367
2327,46,47,MAE|SAE,1.1037558096969113
2328,46,53,LAE|MAE|SAE,2.8175604141348156
2329,46,47,MAE|SAE,1.0848387566808926
2330,46,48,MAE|SAE,1.4491616896754103
2331,46,53,LAE|MAE|SAE,3.1252997069025916
2332,46,47,MAE|SAE,3.1223737515669545
2333,46,53,LAE|MAE|SAE,2.8097697511379947
2334,46,47,MAE|SAE,2.1141478603097292
2335,46,48,MAE|SAE,1.1362262282440412
2336,46,48,MAE|SAE,1.8074627159338592
2337,46,47,MAE|SAE,1.7784405055761676
2338,46,49,LAE|MAE|SAE,3.209828868133659
2339,46,47,MAE|SAE,2.7128729993281455
2340,46,48,MAE|SAE,2.8865893985799107
2341,46,47,MAE|SAE,0.9287049664343356
2342,46,47,MAE|SAE,1.8257937372030262
2343,46,53,LAE|MAE|SAE,2.5989468381687946
2344,46,47,MAE|SAE,1.0318705837566307
2345,46,51,MAE|SAE,3.400123052273664
2346,46,47,MAE|SAE,2.915467584026924
2347,46,47,MAE|SAE,3.1240039118514993
2348,46,47,MAE|SAE,1.9271657136657736
2349,46,48,MAE|SAE,1.189010127463065
2350,46,47,MAE|SAE,1.8709519523510423
2351,46,47,MAE|SAE,1.8179126817390348
2352,46,47,MAE|SAE,1.7951365931049486
2353,46,47,MAE|SAE,2.898828462746845
2354,46,51,LAE|MAE|SAE,2.5730297693328357
2355,46,47,MAE|SAE,1.8330709750570073
2356,46,52,LAE|MAE|SAE,3.2210130629147224
2357,46,47,MAE|SAE,1.1405679202691317
2358,46,48,MAE|SAE,1.00314762836885
2359,46,47,MAE|SAE,1.770950832478668
2360,46,48,MAE|SAE,1.4177957671159886
2361,46,47,MAE|SAE,1.76326893423759
2362,46,47,MAE|SAE,2.9536789163611554
2363,46,47,MAE|SAE,2.191108058902467
2364,46,47,MAE|SAE,1.0808872471233022
2365,46,47,MAE|SAE,0.9177878732475
2366,46,71,LAE|MAE|SAE,6.856940174268642
2367,46,63,LAE|MAE|SAE,5.011753928929104
2368,46,47,MAE|SAE,3.0933389252745456
2369,46,58,LAE|MAE|SAE,5.154799393414151
2370,46,47,MAE|SAE,1.757068490958511
2371,46,53,LAE|MAE|SAE,2.804227222865683
2372,46,47,MAE|SAE,2.5666872811080483
2373,46,49,LAE|MAE|SAE,3.2642142146617004
2374,46,47,MAE|SAE,3.7081721531385625
2375,44,49,LAE|MAE,2.6790664347735245
2376,45,53,LAE|MAE,4.515731346682341
2377,45,48,LAE|MAE,2.0697593625987
2378,45,49,LAE|MAE,2.97230131969833
2379,45,52,LAE|MAE,3.452681693301057
2380,45,57,LAE|MAE,7.286905580132827
2381,45,48,LAE|MAE,2.013069577695014
2382,45,48,LAE|MAE,3.6444697717516625
2383,45,53,LAE|MAE|SAE,3.305131365569195
2384,45,53,LAE|MAE,2.914115705812925
2385,45,48,LAE|MAE,3.491250871403607
2386,45,49,LAE|MAE,5.156728845981837
2387,45,49,LAE|MAE,20.91607911076612
2388,45,49,LAE|MAE,2.738489229533163
2389,45,56,LAE|MAE,7.185942194753252
2390,46,49,LAE|MAE,2.263443001270291
2391,46,48,MAE,2.005341667314866
2392,46,49,LAE|MAE,58.665744588961466
2393,46,48,MAE,3.448042490304761
2394,46,52,LAE|MAE|SAE,3.2395101257554235
2395,46,51,MAE|SAE,3.4728318037567556
2396,46,53,LAE|MAE|SAE,3.1641153896231318
2397,46,48,MAE,2.691363803323795
2398,46,72,LAE|MAE,10.687953363647962
2399,46,48,MAE,59.29196593981082
2400,46,48,MAE,1.5148653731986204
2401,47,48,MAE|SAE,2.460678290681519
2402,47,49,LAE|MAE|SAE,1.6716317393891174
2403,47,50,LAE|MAE|SAE,1.698617769911173
2404,47,48,MAE|SAE,2.8987012734040167
2405,47,48,MAE|SAE,1.0087113861810355
2406,47,48,MAE|SAE,1.9812578285638045
2407,47,52,LAE|MAE|SAE,2.860326198456494
2408,47,48,MAE|SAE,2.4198143747297984
2409,47,98,LAE|MAE|SAE,13.551272181081659
2410,47,48,MAE|SAE,1.2706463766172984
2411,47,48,MAE|SAE,0.9783583898763817
2412,47,56,MAE|SAE,18.072771485240697
2413,47,49,LAE|MAE|SAE,2.86722550309213
2414,47,48,MAE|SAE,2.969989326668307
2415,47,48,MAE|SAE,1.296623705305274
2416,47,50,LAE|MAE|SAE,4.889856478533122
2417,47,48,MAE|SAE,1.173234949340298
2418,47,48,MAE|SAE,1.266702602018083
2419,47,48,MAE|SAE,43.50878129104972
2420,47,70,LAE|MAE|SAE,7.058610835049529
2421,47,63,LAE|MAE|SAE,6.814603657451784
2422,47,63,LAE|MAE|SAE,5.013701768523945
2423,47,48,MAE|SAE,1.8159833147186117
2424,47,48,MAE|SAE,1.0699642225533825
2425,47,62,LAE|MAE|SAE,4.84915399286754
2426,47,57,LAE|MAE|SAE,4.733348201862384
2427,47,53,LAE|MAE|SAE,2.52353146655456
2428,47,48,MAE|SAE,1.025901072481837
2429,47,48,MAE|SAE,1.4016623294093835
2430,47,48,MAE|SAE,0.9943484153605574
2431,47,53,LAE|MAE|SAE,2.7034127276497717
2432,47,51,LAE|MAE|SAE,2.452179588248534
2433,47,48,MAE|SAE,2.506784136686265
2434,47,48,MAE|SAE,1.1104088647482961
2435,47,49,LAE|MAE|SAE,2.3365092039672946
2436,47,59,LAE|MAE|SAE,5.539266249091627
2437,47,51,LAE|MAE|SAE,2.5369100040775274
2438,47,48,MAE|SAE,1.2692259580499001
2439,47,49,LAE|MAE|SAE,1.3972121622150189
2440,47,48,MAE|SAE,0.875243428022574
2441,47,57,LAE|MAE|SAE,4.645236144902514
2442,47,50,MAE|SAE,4.540847297862813
2443,47,48,MAE|SAE,3.855317669735316
2444,45,51,LAE|MAE|SAE,2.8404559990569593
2445,45,63,LAE|MAE|SAE,5.582154006956269
2446,45,78,LAE|MAE|SAE,14.637254163289104
2447,45,54,LAE|MAE|SAE,3.491702754419887
2448,45,49,LAE,2.857074677263271
2449,45,49,LAE,19.01925520447345
2450,45,50,LAE|MAE,2.5262549844678897
2451,45,52,LAE|MAE,4.924155646087447
2452,45,60,LAE|MAE|SAE,10.401138181949197
2453,46,54,LAE|MAE,59.05576335571322
2454,46,53,LAE|MAE|SAE,5.985942136525126
2455,46,49,LAE|MAE,2.5595274783146955
2456,46,50,LAE|MAE,2.5806281925664423
2457,46,50,LAE|MAE,37.57815116362241
2458,46,56,LAE|MAE|SAE,6.8333398405372945
2459,48,53,LAE|MAE|SAE,2.4274001526414604
2460,48,51,LAE|MAE|SAE,20.76977556708465
2461,48,50,LAE|MAE,1.5352531065021866
2462,48,53,LAE|MAE|SAE,2.4207639314702316
2463,48,52,LAE|MAE|SAE,2.5152384671891603
2464,48,57,LAE|MAE|SAE,5.3989841345655405
2465,48,49,LAE|MAE,2.600597158233182
2466,48,50,LAE|MAE,2.1866654250188944
2467,48,49,LAE|MAE,2.0777108418055326
2468,48,53,LAE|MAE|SAE,2.5411025567970733
2469,48,49,LAE|MAE,2.6589269274786327
2470,48,50,LAE|MAE,2.727129863890958
2471,48,94,LAE|MAE|SAE,15.445224380168954
2472,48,50,LAE|MAE,2.1533852280969006
2473,48,49,LAE|MAE,2.179038031226524
2474,48,49,LAE|MAE,2.216621172449116
2475,48,62,LAE|MAE|SAE,8.131192189706253
2476,48,55,LAE|MAE|SAE,4.9223072200482125
2477,48,52,LAE|MAE|SAE,3.568269760916929
2478,48,49,LAE|MAE,1.8446099890509366
2479,48,54,LAE|MAE|SAE,2.629753637301725
2480,48,51,LAE|MAE|SAE,2.6209222918093453
2481,48,52,LAE|MAE|SAE,2.6269199813776885
2482,48,53,LAE|MAE,2.4721592541943394
2483,48,51,LAE|MAE|SAE,4.3949510175721604
2484,48,53,LAE|MAE|SAE,2.5083419487165175
2485,48,49,LAE|MAE,0.915564038402998
2486,48,53,LAE|MAE,2.497444232499557
2487,48,52,LAE|MAE|SAE,2.682698586181404
2488,48,51,LAE|MAE|SAE,1.830146011949109
2489,48,56,LAE|MAE|SAE,19.82816019104694
2490,47,51,MAE|SAE,4.944527884557054
2491,47,59,MAE|SAE,6.632066587498367
2492,47,51,MAE|SAE,2.617408242686245
2493,47,51,MAE|SAE,2.9787111291403225
2494,47,55,MAE|SAE,4.182611087899962
2495,47,59,LAE|MAE|SAE,4.432397694966345
2496,47,50,MAE|SAE,2.7357644693972647
2497,47,52,MAE|SAE,3.163224107329731
2498,47,51,MAE|SAE,2.447371394669791
2499,47,55,MAE|SAE,6.182552005163979
2500,47,51,MAE|SAE,2.858010539151078
2501,47,54,MAE|SAE,31.608766151385538
2502,47,50,MAE|SAE,6.601661439056589
2503,47,50,MAE|SAE,2.4233515726556747
2504,48,84,LAE|MAE|SAE,16.05666912148384
2505,48,62,LAE|MAE|SAE,4.6918610728215295
2506,48,62,LAE|MAE|SAE,4.486484076062337
2507,49,50,LAE|MAE,1.3058963561690338
2508,49,53,LAE|MAE|SAE,2.391692811228734
2509,49,50,LAE|MAE,2.1549200156046178
2510,49,50,LAE|MAE,1.8557056857345717
2511,49,54,LAE|MAE|SAE,2.641109032963909
2512,49,50,LAE|MAE,2.6744687773706075
2513,49,53,LAE|MAE|SAE,2.3950340449252296
2514,49,52,LAE|MAE,2.0975827295503207
2515,49,51,LAE|MAE|SAE,1.6869512942420475
2516,49,52,LAE|MAE,18.24073074894518
2517,49,50,LAE|MAE,2.650949321582119
2518,49,52,LAE|MAE|SAE,3.7998705687155727
2519,49,53,LAE|MAE|SAE,1.831229846684397
2520,49,50,LAE|MAE,2.6257914668601976
2521,49,52,LAE|MAE|SAE,2.011912281584935
2522,49,50,LAE|MAE,2.5144633059826247
2523,49,54,LAE|MAE|SAE,2.7751299087324157
2524,49,50,LAE|MAE,2.641417921372905
2525,49,51,LAE|MAE|SAE,2.575782764694804
2526,49,53,LAE|MAE|SAE,5.024414174204783
2527,49,53,LAE|MAE,4.585679934592344
2528,49,73,LAE|MAE|SAE,21.788226139861084
2529,49,54,LAE|MAE|SAE,4.559544080598791
2530,49,50,LAE|MAE,2.4312722220028125
2531,49,50,LAE|MAE,1.8752252667269615
2532,49,50,LAE|MAE,1.6929388546624113
2533,49,53,LAE|MAE|SAE,2.216177484026123
2534,49,50,LAE|MAE,1.1498187206074921
2535,49,50,LAE|MAE,1.312497372199073
2536,49,62,LAE|MAE|SAE,4.270544990620733
2537,49,52,LAE|MAE|SAE,2.2505465450820776
2538,49,57,LAE|MAE|SAE,5.193119059782195
2539,49,56,LAE|MAE|SAE,5.657000393810137
2540,49,61,LAE|MAE|SAE,18.83935130362596
2541,49,53,LAE|MAE|SAE,4.927259007630918
2542,49,51,LAE|MAE|SAE,2.4215337770403385
2543,49,52,LAE|MAE,3.1572446561349437
2544,49,51,LAE|MAE|SAE,2.2490747015731123
2545,49,56,LAE|MAE|SAE,4.297689705911226
2546,49,53,LAE|MAE|SAE,4.257863319701527
2547,49,54,LAE|MAE,17.736424056974947
2548,49,50,LAE|MAE,1.1808778995084184
2549,49,52,LAE|MAE|SAE,1.998344586984547
2550,49,50,LAE|MAE,1.9241634119445834
2551,49,53,LAE|MAE|SAE,4.114096655428105
2552,49,53,LAE|MAE|SAE,4.142215123792313
2553,49,51,LAE|MAE|SAE,2.3271715942205757
2554,49,53,LAE|MAE|SAE,2.2007561123147017
2555,49,50,LAE|MAE,1.9811954710229374
2556,49,54,LAE|MAE,4.148231276538714
2557,49,50,LAE|MAE,1.1519518351461293
2558,49,52,LAE|MAE|SAE,2.4537958482929256
2559,49,53,LAE|MAE|SAE,2.247099889909591
2560,49,70,LAE|MAE|SAE,6.783117707196104
2561,49,51,LAE|MAE|SAE,2.387290298721311
2562,49,52,LAE|MAE|SAE,2.2166318098722027
2563,49,50,LAE|MAE,4.0022852662923185
2564,49,53,LAE|MAE|SAE,2.3708652182593775
2565,49,50,LAE|MAE,2.4408915910026217
2566,49,53,LAE|MAE|SAE,5.128230963609969
2567,49,50,LAE|MAE,2.3358020115783455
2568,49,53,LAE|MAE|SAE,5.843217961988899
2569,49,57,LAE|MAE|SAE,3.0153671813895495
2570,49,51,LAE|MAE|SAE,2.6628307856478957
2571,47,51,SAE,2.2424148721895727
2572,47,54,MAE|SAE,2.726022093489777
2573,47,53,LAE|MAE|SAE,2.5048211999295176
2574,47,51,SAE,3.0381172625086648
2575,47,55,SAE,8.404701092329914
2576,47,58,MAE|SAE,8.535461255227414
2577,47,51,SAE,5.142210669799205
2578,48,53,LAE|MAE|SAE,2.4124291702093226
2579,50,51,MAE|SAE,1.879074824147837
2580,50,52,MAE|SAE,1.8595465622272223
2581,50,51,MAE|SAE,2.2534226025200863
2582,50,52,MAE|SAE,1.7445476542412437
2583,50,52,MAE|SAE,2.669773195929045
2584,50,56,LAE|MAE|SAE,3.274905777588679
2585,50,52,MAE|SAE,1.3933663746870044
2586,50,54,MAE|SAE,4.158200564361777
2587,50,53,LAE|MAE|SAE,2.0271228161031627
2588,50,66,LAE|MAE|SAE,7.8438123201694685
2589,50,56,LAE|MAE|SAE,2.683265331016914
2590,50,52,MAE|SAE,1.9431913467605189
2591,50,53,LAE|MAE|SAE,2.3175305839921676
2592,50,51,MAE|SAE,2.221048988629611
2593,50,51,MAE|SAE,1.758292286575071
2594,50,51,MAE|SAE,2.113506494650297
2595,50,52,MAE|SAE,3.5930837302089227
2596,50,52,MAE|SAE,3.6734436508728776
2597,50,51,MAE|SAE,2.2286534292105813
2598,50,53,LAE|MAE|SAE,5.092853489673568
2599,50,52,MAE|SAE,2.032091856064935
2600,50,53,LAE|MAE|SAE,3.786006143271509
2601,50,51,MAE|SAE,2.8707718518477017
2602,50,52,MAE|SAE,1.7704518011939918
2603,50,51,MAE|SAE,1.9941640369573101
2604,50,53,LAE|MAE|SAE,2.240016335184512
2605,50,51,MAE|SAE,2.4279695649223405
2606,50,53,LAE|MAE|SAE,1.9462967256765558
2607,50,53,LAE|MAE|SAE,2.085510095567682
2608,50,53,LAE|MAE|SAE,2.0487715937078907
2609,50,52,MAE|SAE,2.1828432129175557
2610,50,51,MAE|SAE,2.2797117902839865
2611,50,51,MAE|SAE,1.3453725627994693
2612,50,55,MAE|SAE,2.6224153214200623
2613,50,53,LAE|MAE|SAE,2.2061438779652693
2614,50,52,MAE|SAE,3.3691288973051616
2615,50,52,MAE|SAE,2.284359699266027
2616,50,57,LAE|MAE|SAE,3.5436218563515602
2617,50,51,MAE|SAE,2.2946437161178133
2618,50,53,LAE|MAE|SAE,2.0499810674307457
2619,50,52,MAE|SAE,2.254632608476824
2620,50,51,MAE|SAE,2.405540757784661
2621,50,51,MAE|SAE,2.346887016443743
2622,50,52,MAE|SAE,1.1286922315826993
2623,50,51,MAE|SAE,1.5037125603465884
2624,50,51,MAE|SAE,2.388392468830203
2625,50,52,MAE|SAE,2.3725455775153037
2626,50,51,MAE|SAE,2.293034794663309
2627,50,53,LAE|MAE|SAE,2.0630386664881164
2628,50,51,MAE|SAE,4.943581568864684
2629,50,51,MAE|SAE,1.0878374087908627
2630,48,56,LAE|MAE|SAE,5.504974891681907
2631,48,52,MAE,15.825588702899587
2632,48,66,LAE|MAE|SAE,9.134639347637641
2633,49,52,LAE|MAE,57.092742570291804
2634,49,52,LAE|MAE,2.1547306096208265
2635,49,53,LAE|MAE,2.398642813537246
2636,49,52,LAE|MAE,4.868465704095446
2637,49,57,LAE|MAE,5.209980080155306
2638,49,60,LAE|MAE|SAE,6.546481601681191
2639,49,52,LAE|MAE,4.488361116761274
2640,49,57,LAE|MAE|SAE,3.664656073168362
2641,49,53,LAE|MAE,2.6157531449594704
2642,49,52,LAE|MAE,1.946462633786056
2643,49,56,LAE|MAE|SAE,3.5114139242584814
2644,49,53,LAE|MAE,2.5638852588429395
2645,49,60,LAE|MAE,6.502771521459147
2646,49,52,LAE|MAE,2.002764102231101
2647,49,77,LAE|MAE|SAE,15.082367304638804
2648,49,53,LAE|MAE,2.6285244108070827
2649,49,55,LAE|MAE|SAE,3.7926745366633865
2650,49,53,LAE|MAE,5.1655872793644235
2651,49,52,LAE|MAE,2.2833421260636904
2652,49,56,LAE|MAE|SAE,3.829203748792871
2653,49,56,LAE|MAE|SAE,3.2772266246912807
2654,49,52,LAE|MAE,5.73833283607068
2655,49,80,LAE|MAE,9.952450495200099
2656,49,56,LAE|MAE,2.9832664595800202
2657,49,52,LAE|MAE,7.591688094965719
2658,49,53,LAE|MAE,4.215188188184553
2659,50,52,MAE,2.307469619932684
2660,50,61,LAE|MAE|SAE,7.920865651350283
2661,50,52,MAE,4.332172426481406
2662,50,56,MAE,3.427088908725732
2663,50,52,MAE,5.140764657622007
2664,50,53,LAE|MAE,2.4630624384323294
2665,50,54,MAE,3.916111090518137
2666,51,80,LAE|MAE|SAE,14.831139238200556
2667,51,52,MAE|SAE,1.6724696451155354
2668,51,52,MAE|SAE,1.6633099455192641
2669,51,52,MAE|SAE,0.9107398843619767
2670,51,52,MAE|SAE,1.7338754467205797
2671,51,52,MAE|SAE,1.0952855791436125
2672,51,52,MAE|SAE,2.0335557695049706
2673,51,56,LAE|MAE|SAE,5.19084520316211
2674,51,53,LAE|MAE|SAE,1.5259667289204726
2675,51,53,LAE|MAE|SAE,1.7680639102101827
2676,51,82,LAE|MAE|SAE,9.853054816039453
2677,51,52,MAE|SAE,2.7355696122060658
2678,51,52,MAE|SAE,1.5304341441698184
2679,51,55,MAE|SAE,28.11133345742225
2680,51,56,LAE|MAE|SAE,4.868331665572035
2681,51,52,MAE|SAE,1.3311058275316368
2682,51,52,MAE|SAE,1.8417679751104536
2683,51,52,MAE|SAE,1.6364434272589214
2684,51,53,LAE|MAE|SAE,6.087003052448223
2685,51,59,LAE|MAE|SAE,7.683298259556638
2686,51,52,MAE|SAE,1.8198575247641113
2687,51,56,MAE|SAE,5.883879683148685
2688,51,55,LAE|MAE|SAE,5.014930013315123
2689,51,53,LAE|MAE|SAE,3.112793813473374
2690,51,67,LAE|MAE|SAE,8.155802687696628
2691,51,60,LAE|MAE|SAE,4.252627483380039
2692,51,53,LAE|MAE|SAE,2.1808299414604284
2693,51,54,MAE|SAE,2.3306642573038667
2694,51,57,LAE|MAE|SAE,2.988939380119307
2695,51,59,LAE|MAE|SAE,4.089653046993345
2696,51,56,LAE|MAE|SAE,5.167289689750941
2697,51,52,MAE|SAE,4.464457043276794
2698,51,70,LAE|MAE|SAE,6.1739149302692455
2699,51,54,LAE|MAE|SAE,2.3426400222815564
2700,51,57,LAE|MAE|SAE,5.178247272528331
2701,51,52,MAE|SAE,1.2018438644560976
2702,51,53,LAE|MAE|SAE,1.866359174699344
2703,51,53,LAE|MAE|SAE,14.603106051437281
2704,51,54,LAE|MAE|SAE,1.6993153052068
2705,51,52,MAE|SAE,5.650073141267578
2706,51,56,LAE|MAE|SAE,4.9867681384621
2707,51,56,LAE|MAE|SAE,3.6405728211016863
2708,51,55,LAE|MAE|SAE,2.6524493381319307
2709,51,52,MAE|SAE,2.145736742087866
2710,51,54,MAE|SAE,2.255637450555911
2711,51,60,LAE|MAE|SAE,4.897585429273381
2712,51,62,LAE|MAE|SAE,3.551008037613968
2713,51,52,MAE|SAE,1.5327707492622136
2714,51,54,LAE|MAE|SAE,1.811898895492073
2715,51,53,LAE|MAE|SAE,4.1105708038256035
2716,51,52,MAE|SAE,3.683441440121043
2717,51,53,LAE|MAE|SAE,2.4246347091348204
2718,51,52,MAE|SAE,5.041003943589757
2719,51,53,LAE|MAE|SAE,1.8390727622945673
2720,51,54,LAE|MAE|SAE,1.9004655081229915
2721,51,56,MAE|SAE,4.821578979155159
2722,51,58,LAE|MAE|SAE,4.632854251444699
2723,51,54,LAE|MAE|SAE,1.8896579578627843
2724,51,52,MAE|SAE,4.0730220883609425
2725,51,53,LAE|MAE|SAE,2.8194161087378573
2726,51,52,MAE|SAE,2.3280501954308312
2727,51,56,MAE|SAE,5.206165438365286
2728,51,83,LAE|MAE|SAE,9.808081647693985
2729,51,52,MAE|SAE,3.336621944191491
2730,51,52,MAE|SAE,2.0276502204003983
2731,51,52,MAE|SAE,1.947435656138149
2732,49,57,LAE,8.983622552966793
2733,49,54,LAE|MAE,7.964467621098473
2734,49,56,LAE|MAE,3.8198585953319504
2735,49,53,LAE,2.313449907441226
2736,49,53,LAE,2.8534937084066825
2737,49,53,LAE,2.392594672071714
2738,50,59,LAE|MAE|SAE,4.857553566747762
2739,50,53,LAE|MAE,2.2865159585161567
2740,52,62,LAE|MAE|SAE,3.5219050008104738
2741,52,55,LAE|MAE|SAE,2.098455583627478
2742,52,53,LAE|MAE,1.9674635722919194
2743,52,53,LAE|MAE,1.9160883255742813
2744,52,57,LAE|MAE|SAE,2.5002142237018
2745,52,53,LAE|MAE,2.2330500426764957
2746,52,53,LAE|MAE,3.9198309954042316
2747,52,56,LAE|MAE|SAE,2.9839879056045926
2748,52,53,LAE|MAE,1.6733191642712109
2749,52,54,LAE|MAE,1.544481258506572
2750,52,56,LAE|MAE|SAE,4.550970609440944
2751,52,54,LAE|MAE,1.220265572139495
2752,52,53,LAE|MAE,1.3687742175140947
2753,52,53,LAE|MAE,2.203361821835052
2754,52,60,LAE|MAE|SAE,4.585408850694735
2755,52,54,LAE|MAE,2.407888439231145
2756,52,56,LAE|MAE,2.390989045404261
2757,52,53,LAE|MAE,0.8782111235464478
2758,52,60,LAE|MAE|SAE,2.9309681987436815
2759,52,68,LAE|MAE|SAE,5.8447194209262845
2760,52,54,LAE|MAE,1.1489337112442817
2761,52,55,LAE|MAE|SAE,4.5276096322229815
2762,52,53,LAE|MAE,1.9556824249828424
2763,52,53,LAE|MAE,3.8687428616352086
2764,52,53,LAE|MAE,1.895106605737291
2765,52,53,LAE|MAE,0.9068046543599491
2766,52,56,LAE|MAE|SAE,2.2374918693628456
2767,52,53,LAE|MAE,1.9269834845732028
2768,52,61,LAE|MAE|SAE,4.509147944310841
2769,52,57,LAE|MAE|SAE,2.6641967017757335
2770,52,53,LAE|MAE,1.9107604292434237
2771,52,54,LAE|MAE,1.654033710452567
2772,52,53,LAE|MAE,1.8720761186255768
2773,52,53,LAE|MAE,1.636160144944679
2774,52,54,LAE|MAE,2.0581080627138273
2775,52,54,LAE|MAE,2.8034744973184518
2776,52,79,LAE|MAE|SAE,9.458170214016592
2777,52,54,LAE|MAE,1.5763591599656526
2778,52,61,LAE|MAE|SAE,3.2166254717895084
2779,52,62,LAE|MAE|SAE,3.6051606768209834
2780,52,53,LAE|MAE,1.8236710020993783
2781,52,56,LAE|MAE|SAE,4.241971200498758
2782,52,53,LAE|MAE,0.8825476821534147
2783,52,54,LAE|MAE,1.7542390564705386
2784,52,53,LAE|MAE,3.5301302815429305
2785,52,53,LAE|MAE,4.946139970269667
2786,52,53,LAE|MAE,2.0512209238180215
2787,52,55,LAE|MAE|SAE,4.6082593599011314
2788,52,58,LAE|MAE|SAE,3.697694886154222
2789,52,53,LAE|MAE,2.3390241415571658
2790,52,56,LAE|MAE|SAE,4.460746114735363
2791,52,53,LAE|MAE,1.675740617812044
2792,52,57,LAE|MAE,5.267986637129589
2793,52,57,LAE|MAE|SAE,4.577637822152712
2794,52,53,LAE|MAE,1.2478715039149206
2795,52,53,LAE|MAE,1.9166269584869604
2796,51,82,LAE|MAE|SAE,13.701089408700199
2797,51,57,LAE|MAE|SAE,2.5950958844886496
2798,51,62,MAE|SAE,9.974807761113384
2799,51,61,LAE|MAE|SAE,4.260093346682658
2800,51,82,MAE|SAE,10.275312742953718
2801,51,58,MAE|SAE,5.865391118843588
2802,51,58,MAE|SAE,4.179728070606942
2803,51,54,MAE|SAE,4.176573346330544
2804,51,68,LAE|MAE|SAE,6.076233644083629
2805,51,59,MAE|SAE,3.8750923063003464
2806,51,58,LAE|MAE|SAE,4.929558964871849
2807,51,54,MAE|SAE,7.418954523408281
2808,51,54,MAE|SAE,3.230250398667212
2809,51,55,MAE|SAE,2.1754344141651885
2810,51,55,MAE|SAE,2.5530228957035535
2811,51,58,MAE|SAE,3.5336138928569976
2812,52,57,LAE|MAE|SAE,4.868390015835726
2813,52,61,LAE|MAE|SAE,4.367802203211656
2814,52,56,MAE|SAE,2.6332951153958115
2815,52,62,LAE|MAE|SAE,3.623206076767319
2816,52,57,LAE|MAE|SAE,5.103562662173512
2817,52,58,LAE|MAE|SAE,3.133242529514718
2818,52,59,LAE|MAE|SAE,3.710535276658603
2819,52,57,LAE|MAE|SAE,3.2500168088828296
2820,52,62,LAE|MAE|SAE,7.826056895834218
2821,52,56,MAE|SAE,3.1581578971180586
2822,52,55,MAE|SAE,2.2658605710495037
2823,53,55,LAE|MAE|SAE,3.218373255122952
2824,53,54,LAE|MAE,1.8140864128449161
2825,53,54,LAE|MAE,1.271555963151779
2826,53,54,LAE|MAE,1.1788182545256283
2827,53,54,LAE|MAE,1.2320714335968324
2828,53,56,LAE|MAE|SAE,5.696278155219988
2829,53,56,LAE|MAE,2.432071226875775
2830,53,55,LAE|MAE|SAE,2.016415715047596
2831,53,56,LAE|MAE|SAE,1.9154270250977883
2832,53,54,LAE|MAE,1.326484095273192
2833,53,54,LAE|MAE,1.6625390006237204
2834,53,55,LAE|MAE|SAE,1.7954928687639917
2835,53,56,LAE|MAE|SAE,5.763915413833857
2836,53,54,LAE|MAE,1.8088482682624538
2837,53,66,LAE|MAE|SAE,11.376061212185963
2838,53,56,LAE|MAE,3.275658496976821
2839,53,56,LAE|MAE|SAE,3.3949167792924846
2840,53,54,LAE|MAE,1.045458114601935
2841,53,54,LAE|MAE,1.8822425536460743
2842,53,60,LAE|MAE|SAE,2.95955943518262
2843,53,54,LAE|MAE,1.4186254390203148
2844,53,54,LAE|MAE,1.7942887956165976
2845,53,56,LAE|MAE,2.4139269827229004
2846,53,54,LAE|MAE,1.6009087157552562
2847,53,54,LAE|MAE,1.444157152756849
2848,53,55,LAE|MAE|SAE,1.9798517509857039
2849,53,56,LAE|MAE|SAE,1.7097233235673308
2850,53,54,LAE|MAE,4.424370959440219
2851,53,60,LAE|MAE|SAE,4.065798761995614
2852,53,55,LAE|MAE|SAE,2.2357389974448245
2853,53,59,LAE|MAE|SAE,2.932344887962664
2854,53,58,LAE|MAE,5.518853430481104
2855,53,54,LAE|MAE,2.928218986106534
2856,53,62,LAE|MAE|SAE,3.309092096978938
2857,53,59,LAE|MAE|SAE,2.992183511805639
2858,53,54,LAE|MAE,45.815557409755904
2859,53,60,LAE|MAE|SAE,3.3721412660775028
2860,53,54,LAE|MAE,1.034134556834206
2861,53,55,LAE|MAE|SAE,1.8909549626179625
2862,53,54,LAE|MAE,1.2271202603557996
2863,53,55,LAE|MAE|SAE,1.8362334221056231
2864,53,54,LAE|MAE,1.2403619922817604
2865,53,71,LAE|MAE|SAE,5.52772517239776
2866,53,55,LAE|MAE|SAE,3.434427892924727
2867,53,57,LAE|MAE|SAE,4.4920406666046935
2868,53,54,LAE|MAE,1.7379457807865615
2869,53,59,LAE|MAE|SAE,4.360104007332376
2870,53,61,LAE|MAE|SAE,3.212376745101847
2871,53,58,LAE|MAE|SAE,2.5524605141988195
2872,53,54,LAE|MAE,1.935508300738516
2873,53,55,LAE|MAE|SAE,3.6380953326672048
2874,53,54,LAE|MAE,0.8441789805989847
2875,53,87,LAE|MAE|SAE,13.897253362676533
2876,53,54,LAE|MAE,1.3932134540399699
2877,53,57,LAE|MAE|SAE,4.425082165150317
2878,53,54,LAE|MAE,2.068730228145527
2879,53,57,LAE|MAE|SAE,14.456801660795465
2880,53,54,LAE|MAE,1.8334545010334056
2881,53,59,LAE|MAE|SAE,2.5813806231092036
2882,53,58,LAE|MAE|SAE,2.8062314007929845
2883,51,55,SAE,2.955964531059916
2884,51,78,LAE|MAE|SAE,9.690519218976588
2885,51,67,LAE|MAE|SAE,6.07341058780977
2886,51,61,LAE|MAE|SAE,4.160303909565677
2887,52,59,MAE|SAE,4.124042091265551
2888,52,55,MAE|SAE,4.458968548064617
2889,54,80,LAE|MAE|SAE,10.757028931129692
2890,54,71,LAE|MAE|SAE,5.331220319661642
2891,54,55,MAE|SAE,0.918510238077231
2892,54,58,MAE|SAE,14.760690369842415
2893,54,56,MAE|SAE,1.4175429879257666
2894,54,55,MAE|SAE,1.7277066202350968
2895,54,55,MAE|SAE,1.2790890234735088
2896,54,61,LAE|MAE|SAE,2.7159344802297323
2897,54,58,MAE|SAE,3.267572148045554
2898,54,58,LAE|MAE|SAE,5.514167415379944
2899,54,58,MAE|SAE,2.5118980383222564
2900,54,57,LAE|MAE|SAE,2.1381190863291044
2901,54,57,LAE|MAE|SAE,3.295060184612266
2902,54,55,MAE|SAE,2.024341679437493
2903,54,56,MAE|SAE,1.8538396969246347
2904,54,56,MAE|SAE,1.4836179173671755
2905,54,56,MAE|SAE,1.9014950958490018
2906,54,57,LAE|MAE|SAE,3.886898009501236
2907,54,55,MAE|SAE,1.610748697277786
2908,54,55,MAE|SAE,1.37898275376529
2909,54,56,MAE|SAE,2.630462517129666
2910,54,55,MAE|SAE,5.293835140583323
2911,54,56,MAE|SAE,1.5948217511218075
2912,54,60,LAE|MAE|SAE,2.7685012967827998
2913,54,55,MAE|SAE,3.7236717053540995
2914,54,60,LAE|MAE|SAE,2.6205931051971327
2915,54,57,LAE|MAE|SAE,4.335892804698154
2916,54,55,MAE|SAE,1.8696632778276239
2917,54,61,LAE|MAE|SAE,3.784849690636771
2918,54,60,MAE|SAE,4.002472570720923
2919,54,55,MAE|SAE,4.036425536972895
2920,54,56,MAE|SAE,2.6332367537386863
2921,54,78,LAE|MAE|SAE,8.180748876464769
2922,54,72,LAE|MAE|SAE,5.740403815606704
2923,54,67,LAE|MAE|SAE,8.02012079145737
2924,54,55,MAE|SAE,3.074892871468121
2925,54,98,LAE|MAE|SAE,12.219300066030184
2926,54,56,MAE|SAE,4.401139100254452
2927,54,56,MAE|SAE,2.6735181723015256
2928,54,56,MAE|SAE,1.7827998576759359
2929,54,57,LAE|MAE|SAE,2.31640974305102
2930,54,61,LAE|MAE|SAE,3.697140573199728
2931,54,59,LAE|MAE|SAE,5.735088319386798
2932,54,62,LAE|MAE|SAE,15.737496512948423
2933,54,55,MAE|SAE,1.5714051992265863
2934,54,60,LAE|MAE|SAE,2.7444928041739276
2935,54,55,MAE|SAE,2.183266728593675
2936,54,55,MAE|SAE,2.349152068002335
2937,54,55,MAE|SAE,1.6003504645350866
2938,54,55,MAE|SAE,2.097257881063344
2939,54,56,MAE|SAE,1.9846838174155597
2940,54,55,MAE|SAE,1.1491142347062584
2941,54,56,MAE|SAE,1.4920218094190982
2942,54,55,MAE|SAE,1.2608059167375296
2943,54,70,LAE|MAE|SAE,5.53614445672398
2944,54,57,LAE|MAE|SAE,3.0156605145277062
2945,54,56,MAE|SAE,2.0407972236075826
2946,54,70,LAE|MAE|SAE,7.402483260822419
2947,52,59,MAE|SAE,7.732549174919463
2948,53,57,LAE|MAE,3.69260446976367
2949,53,56,LAE|MAE,1.976250929079484
2950,53,56,LAE|MAE,2.629594929297708
2951,53,56,LAE|MAE,3.5865276257086283
2952,53,60,LAE|MAE,3.128409298848117
2953,53,65,LAE|MAE,7.560096911789066
2954,53,57,LAE|MAE,3.339559689718116
2955,53,56,LAE|MAE,21.047353642846296
2956,53,60,LAE|MAE|SAE,4.263885275282667
2957,53,60,LAE|MAE,4.1246357517507475
2958,53,56,LAE|MAE,2.4783215054363406
2959,53,57,LAE|MAE,4.853501219346512
2960,53,57,LAE|MAE,4.356257479175437
2961,53,60,LAE|MAE,6.340760497296927
2962,54,56,MAE,1.9468780394725953
2963,54,56,MAE,2.3228801838873756
2964,54,56,MAE,4.01369411784066
2965,54,62,LAE|MAE|SAE,3.2393854657474837
2966,54,59,MAE|SAE,2.3518761749391643
2967,54,63,MAE|SAE,4.114428574771722
2968,54,56,MAE,4.4533889688633925
2969,54,59,LAE|MAE|SAE,3.6100742389728904
2970,54,57,LAE|MAE,1.912305234279859
2971,54,56,MAE,4.400460535614791
2972,54,56,MAE,5.024586109713375
2973,54,58,MAE,7.725611215111649
2974,54,56,MAE,1.4936963516484845
2975,55,56,MAE|SAE,1.1591111841682156
2976,55,56,MAE|SAE,0.9320091267555052
2977,55,56,MAE|SAE,1.3812979319776533
2978,55,56,MAE|SAE,2.7679664861791937
2979,55,56,MAE|SAE,1.3878993792880747
2980,55,56,MAE|SAE,3.5757926815698737
2981,55,58,MAE|SAE,2.0317362621947246
2982,55,56,MAE|SAE,0.9543404921400305
2983,55,56,MAE|SAE,1.196559391707571
2984,55,56,MAE|SAE,1.3225472567856582
2985,55,56,MAE|SAE,1.4552132927212118
2986,55,56,MAE|SAE,2.111139686687413
2987,55,60,LAE|MAE|SAE,3.8360837912386176
2988,55,56,MAE|SAE,4.053705563112462
2989,55,62,LAE|MAE|SAE,2.79573435572139
2990,55,58,LAE|MAE|SAE,2.840694376065303
2991,55,71,LAE|MAE|SAE,4.9399770955580085
2992,55,57,LAE|MAE|SAE,4.292223801993395
2993,55,56,MAE|SAE,1.958625877239635
2994,55,59,MAE|SAE,3.1543228340170066
2995,55,57,LAE|MAE|SAE,2.3903528027016745
2996,55,99,LAE|MAE|SAE,13.185374816178241
2997,55,56,MAE|SAE,1.298507886012036
2998,55,58,MAE|SAE,3.897645845207144
2999,55,60,LAE|MAE|SAE,3.566808962711492
3000,55,58,LAE|MAE|SAE,2.4328794779390974
3001,55,56,MAE|SAE,3.5937797463953114
3002,55,60,MAE|SAE,2.829500756298555
3003,55,56,MAE|SAE,2.3326424791492752
3004,55,60,LAE|MAE|SAE,2.6114451881897804
3005,55,56,MAE|SAE,1.7525276634168905
3006,55,60,LAE|MAE|SAE,2.853348805330082
3007,55,56,MAE|SAE,1.9689085961859552
3008,55,58,LAE|MAE|SAE,3.842330337495845
3009,55,56,MAE|SAE,1.3879169837174476
3010,55,59,LAE|MAE|SAE,3.8702966298091894
3011,55,56,MAE|SAE,1.3400395058336052
3012,55,60,LAE|MAE|SAE,2.907237484452819
3013,55,58,MAE|SAE,1.958478128362014
3014,55,94,LAE|MAE|SAE,17.709507577017494
3015,55,56,MAE|SAE,1.515323319812291
3016,55,62,LAE|MAE|SAE,3.516291425909153
3017,55,58,MAE|SAE,3.7906268497427225
3018,55,59,LAE|MAE|SAE,2.1534455529623364
3019,55,59,LAE|MAE|SAE,5.80985961290508
3020,55,59,MAE|SAE,1.9736484758863155
3021,55,56,MAE|SAE,1.653183107005419
3022,55,60,LAE|MAE|SAE,3.657621246280102
3023,55,58,MAE|SAE,3.469877714463501
3024,55,58,MAE|SAE,2.4360440479810475
3025,55,56,MAE|SAE,1.5395860215232209
3026,55,60,MAE|SAE,2.486826809376766
3027,55,60,LAE|MAE|SAE,2.9461045662820617
3028,55,84,LAE|MAE|SAE,14.533976689785712
3029,55,56,MAE|SAE,0.9432260619489498
3030,55,72,LAE|MAE|SAE,18.11385015768888
3031,55,71,LAE|MAE|SAE,5.195158463207809
3032,55,56,MAE|SAE,2.725447259091461
3033,55,59,MAE|SAE,2.5104301401052167
3034,55,56,MAE|SAE,1.4428213245637032
3035,55,58,LAE|MAE|SAE,3.922272996523741
3036,55,60,MAE|SAE,3.581139318529719
3037,55,58,MAE|SAE,2.8107483567336486
3038,55,71,LAE|MAE|SAE,5.469209117471536
3039,53,57,LAE,4.265992220671708
3040,53,59,LAE|MAE|SAE,3.6628879260271727
3041,54,57,LAE|MAE,2.229625503013476
3042,56,58,LAE|MAE,1.8457683283900057
3043,56,58,LAE|MAE,1.9145644693550994
3044,56,58,LAE|MAE,1.643989154550611
3045,56,58,LAE|MAE,46.575468351067585
3046,56,59,LAE|MAE|SAE,1.8562702656136147
3047,56,71,LAE|MAE|SAE,4.782718010303186
3048,56,60,LAE|MAE,2.5115392825288767
3049,56,61,LAE|MAE,3.399004153707833
3050,56,58,LAE|MAE,1.8775677032061855
3051,56,65,LAE|MAE|SAE,4.845375904507682
3052,56,59,LAE|MAE|SAE,2.597575057291004
3053,56,62,LAE|MAE|SAE,3.7911999340344895
3054,56,58,LAE|MAE,14.670008204601523
3055,56,58,LAE|MAE,1.895297909387503
3056,56,62,LAE|MAE|SAE,8.050542297175957
3057,56,61,LAE|MAE|SAE,2.9148640179442746
3058,56,71,LAE|MAE|SAE,4.91018007715876
3059,56,65,LAE|MAE|SAE,13.195878324994995
3060,56,59,LAE|MAE|SAE,3.342636733854391
3061,56,59,LAE|MAE|SAE,2.0518022783713503
3062,56,61,LAE|MAE|SAE,2.3922672466820307
3063,56,58,LAE|MAE,2.7970583518580927
3064,56,61,LAE|MAE|SAE,3.302167643838543
3065,56,57,LAE|MAE,4.875047101105116
3066,56,57,LAE|MAE,2.402899959000474
3067,54,60,MAE,7.080617509243667
3068,55,61,LAE|MAE|SAE,2.996084807487654
3069,55,58,MAE|SAE,1.8482266417756943
3070,55,59,MAE|SAE,5.671182963261642
3071,55,58,MAE|SAE,2.0343345185802613
3072,55,58,MAE|SAE,2.7959464354668864
3073,55,60,MAE|SAE,3.822115764646374
3074,55,74,LAE|MAE|SAE,8.445849907478049
3075,55,59,MAE|SAE,3.6699222920172905
3076,55,58,MAE|SAE,2.0817006876737327
3077,55,74,MAE|SAE,8.818569107101448
3078,55,58,MAE|SAE,1.9666521645875292
3079,55,58,MAE|SAE,2.587001647271815
3080,55,58,MAE|SAE,3.931780549507194
3081,55,60,MAE|SAE,3.1538265123416873
3082,55,58,MAE|SAE,3.6931354886650474
3083,55,59,MAE|SAE,2.203958732111562
3084,55,63,LAE|MAE|SAE,3.8217024661776198
3085,55,58,MAE|SAE,3.6394102155370343
3086,55,58,MAE|SAE,3.1553092832424943
3087,55,64,LAE|MAE|SAE,3.609543436082675
3088,55,59,MAE|SAE,3.8533200728498764
3089,55,58,MAE|SAE,3.8065682129732497
3090,55,95,LAE|MAE|SAE,12.711990726666597
3091,55,58,MAE|SAE,1.8511425380672846
3092,55,62,LAE|MAE|SAE,56.74317413982177
3093,56,61,LAE|MAE|SAE,2.355281156564493
3094,56,58,MAE,1.733853629634388
3095,56,61,LAE|MAE|SAE,2.8868631620461653
3096,56,60,MAE,37.20703320006709
3097,56,61,LAE|MAE,2.2974902067797043
3098,56,58,MAE,2.4278834641716065
3099,56,59,MAE|SAE,3.291107256853428
3100,56,59,MAE|SAE,3.5600573351813383
3101,56,58,MAE,1.7753738770364105
3102,56,58,MAE,2.9126130697431942
3103,56,58,MAE,4.5455006307810075
3104,56,71,LAE|MAE|SAE,4.435907350585657
3105,56,60,MAE|SAE,3.3041981656846486
3106,56,62,LAE|MAE,3.023004795897989
3107,56,58,MAE,3.270375814803205
3108,56,58,MAE,2.185262189758656
3109,56,61,LAE|MAE,2.5966590580477225
3110,56,60,MAE|SAE,2.021321478133239
3111,57,58,LAE|MAE,1.351983119964768
3112,57,58,LAE|MAE,1.2454993705928903
3113,57,60,LAE|MAE,2.39947577287221
3114,57,58,LAE|MAE,1.2676422614569998
3115,57,62,LAE|MAE|SAE,2.2979203693872408
3116,57,58,LAE|MAE,1.470381872533177
3117,57,59,LAE|MAE|SAE,1.7362521605266459
3118,57,58,LAE|MAE,3.3811261597460662
3119,57,59,LAE|MAE|SAE,2.231270266760051
3120,57,58,LAE|MAE,1.466498233532674
3121,57,58,LAE|MAE,1.6684530964478181
3122,57,58,LAE|MAE,1.4606272416512232
3123,57,61,LAE|MAE|SAE,2.6968356116037953
3124,57,60,LAE|MAE|SAE,1.5713369090814928
3125,57,58,LAE|MAE,2.293512533818046
3126,57,60,LAE|MAE,1.9040476736932148
3127,57,62,LAE|MAE|SAE,2.2386756928419027
3128,57,58,LAE|MAE,1.1328295309477288
3129,57,58,LAE|MAE,1.4717834510167853
3130,57,62,LAE|MAE|SAE,2.313336624642151
3131,57,58,LAE|MAE,1.673908941957285
3132,57,60,LAE|MAE,3.564379054106175
3133,57,60,LAE|MAE|SAE,17.865298467753895
3134,57,61,LAE|MAE|SAE,2.1354901073962385
3135,57,58,LAE|MAE,1.0235033997388432
3136,57,61,LAE|MAE,2.671964589070647
3137,57,59,LAE|MAE|SAE,1.4831088493201678
3138,57,91,LAE|MAE|SAE,9.560478795196634
3139,57,58,LAE|MAE,2.0338730812240566
3140,57,68,LAE|MAE|SAE,7.829133940420666
3141,57,58,LAE|MAE,1.5900124459465588
3142,57,61,LAE|MAE|SAE,2.3630246683611515
3143,57,58,LAE|MAE,1.3180074450691015
3144,57,58,LAE|MAE,4.523233037095068
3145,57,61,LAE|MAE,2.3678237306685745
3146,57,60,LAE|MAE,2.2797145029992167
3147,57,58,LAE|MAE,1.534528678887804
3148,57,60,LAE|MAE,2.3235260201641514
3149,57,62,LAE|MAE,2.607902356643354
3150,57,58,LAE|MAE,1.382558925224133
3151,57,58,LAE|MAE,1.1632547901143944
3152,57,58,LAE|MAE,1.3644635660322952
3153,57,61,LAE|MAE|SAE,2.342900811111919
3154,55,59,SAE,2.8016789662885433
3155,55,61,LAE|MAE|SAE,3.8961935357636537
3156,55,59,SAE,2.9338611149964584
3157,55,59,SAE,3.2148274990313706
3158,55,60,MAE|SAE,6.986016672515766
3159,55,59,SAE,2.6068109487158604
3160,55,68,MAE|SAE,10.014603990930484
3161,55,59,SAE,3.427826139758179
3162,55,59,SAE,2.2771160910965773
3163,56,59,MAE|SAE,2.840639444165975
3164,56,59,MAE|SAE,3.516094982856463
3165,56,59,MAE|SAE,2.957385645721625
3166,56,59,MAE|SAE,2.74053729305016
3167,58,60,MAE|SAE,1.9727597426480379
3168,58,60,MAE|SAE,1.727384205884055
3169,58,59,MAE|SAE,1.6338084047273478
3170,58,59,MAE|SAE,2.1944262813754576
3171,58,61,LAE|MAE|SAE,2.375185262325077
3172,58,60,MAE|SAE,1.5834419737957044
3173,58,83,LAE|MAE|SAE,8.294108681361903
3174,58,60,MAE|SAE,2.448258184525932
3175,58,62,LAE|MAE|SAE,2.5517500566725753
3176,58,59,MAE|SAE,1.6759052572170072
3177,58,61,LAE|MAE|SAE,2.9139420364551953
3178,58,59,MAE|SAE,2.109848695875666
3179,58,59,MAE|SAE,1.2229554413524026
3180,58,60,MAE|SAE,1.997407551595156
3181,58,60,MAE|SAE,2.9920083102101946
3182,58,59,MAE|SAE,2.3090871653043417
3183,58,59,MAE|SAE,2.2131969036702412
3184,58,60,MAE|SAE,2.9148324172894817
3185,58,59,MAE|SAE,2.3708107656651793
3186,58,70,LAE|MAE|SAE,5.78025942460654
3187,58,61,LAE|MAE|SAE,2.8309401139863084
3188,58,67,LAE|MAE|SAE,5.184108816304287
3189,58,65,LAE|MAE|SAE,3.032472774720887
3190,58,59,MAE|SAE,1.2972185502121891
3191,58,62,LAE|MAE|SAE,2.593210632863603
3192,58,62,LAE|MAE|SAE,2.244352389687601
3193,58,79,LAE|MAE|SAE,7.927410968433687
3194,58,68,LAE|MAE|SAE,12.442404341691839
3195,58,76,LAE|MAE|SAE,10.906393464605452
3196,58,63,LAE|MAE|SAE,2.4354681943419147
3197,58,59,MAE|SAE,3.138311822705342
3198,58,61,LAE|MAE|SAE,2.3085395105064674
3199,58,62,LAE|MAE|SAE,9.665348705489313
3200,58,60,MAE|SAE,3.2672447472217945
3201,58,60,MAE|SAE,2.3453427653947756
3202,58,61,LAE|MAE|SAE,2.5608814528763992
3203,58,60,MAE|SAE,2.1479470946565553
3204,58,59,MAE|SAE,1.477436577731158
3205,58,62,LAE|MAE|SAE,2.1559803691627866
3206,58,59,MAE|SAE,14.216377677079109
3207,58,60,MAE|SAE,1.6647020044768635
3208,58,60,MAE|SAE,2.7173206025566405
3209,58,59,MAE|SAE,1.4342821839194981
3210,58,59,MAE|SAE,9.690605259893497
3211,58,61,LAE|MAE|SAE,2.083599751618612
3212,56,60,MAE,6.688157902040825
3213,57,63,LAE|MAE|SAE,2.4503170230276927
3214,57,60,LAE|MAE,2.67545126965543
3215,57,64,LAE|MAE|SAE,21.562209276180187
3216,57,62,LAE|MAE,2.9360952394996414
3217,57,61,LAE|MAE,9.014666491853434
3218,57,69,LAE|MAE,4.1169306973433235
3219,57,68,LAE|MAE,4.606244282720883
3220,58,60,MAE,1.6182564045124406
3221,58,62,LAE|MAE,2.0687701668669156
3222,58,60,MAE,2.280438250249074
3223,58,62,MAE,1.9666312864313846
3224,58,60,MAE,2.7411466053704894
3225,58,60,MAE,1.4393528754792677
3226,58,60,MAE,2.5453207258727297
3227,58,67,LAE|MAE|SAE,4.402652560702721
3228,58,71,LAE|MAE|SAE,4.4013501296508855
3229,58,60,MAE,1.7367675251271506
3230,58,61,LAE|MAE,2.9796540209730553
3231,58,60,MAE,1.932829678587725
3232,58,72,LAE|MAE|SAE,5.445171043461131
3233,58,80,LAE|MAE|SAE,7.497356747163992
3234,58,62,LAE|MAE,2.064381262930994
3235,58,60,MAE,1.7301135229250593
3236,58,61,LAE|MAE,3.037520756059529
3237,58,60,MAE,3.0546484347856895
3238,58,70,LAE|MAE|SAE,9.900070040026012
3239,58,60,MAE,7.087928821827816
3240,59,62,LAE|MAE|SAE,3.387454969718983
3241,59,60,MAE|SAE,1.8199781432042568
3242,59,61,LAE|MAE|SAE,3.339006035962631
3243,59,61,LAE|MAE|SAE,2.512914627614527
3244,59,71,LAE|MAE|SAE,4.031825431013877
3245,59,60,MAE|SAE,2.5263065909416604
3246,59,60,MAE|SAE,2.705478946730078
3247,59,60,MAE|SAE,1.6200469615697761
3248,59,68,LAE|MAE|SAE,3.8165802724740256
3249,59,62,LAE|MAE|SAE,1.685520662692299
3250,59,64,LAE|MAE|SAE,2.75506295205574
3251,59,62,LAE|MAE|SAE,2.160757383524251
3252,59,60,MAE|SAE,4.835125899018898
3253,59,77,LAE|MAE|SAE,24.47094606919971
3254,59,60,MAE|SAE,1.007249989237743
3255,59,68,LAE|MAE|SAE,4.077468590104341
3256,59,60,MAE|SAE,1.5359073173373523
3257,59,64,MAE|SAE,3.145719761880089
3258,59,60,MAE|SAE,2.4054733487367526
3259,59,61,LAE|MAE|SAE,3.5377396488317956
3260,59,63,LAE|MAE|SAE,27.824659454666694
3261,59,63,LAE|MAE|SAE,19.056214346352416
3262,59,60,MAE|SAE,1.163159950348274
3263,59,65,LAE|MAE|SAE,3.1045297550956072
3264,59,60,MAE|SAE,1.7037449073338022
3265,59,61,LAE|MAE|SAE,1.8118189736769184
3266,59,60,MAE|SAE,2.2429530051816573
3267,59,60,MAE|SAE,1.2387627741325138
3268,59,66,LAE|MAE|SAE,5.436089709503669
3269,59,60,MAE|SAE,15.140562102593998
3270,59,61,LAE|MAE|SAE,3.498385319259374
3271,59,60,MAE|SAE,2.626073375234961
3272,59,62,LAE|MAE|SAE,1.7987042724546776
3273,59,61,LAE|MAE|SAE,1.5845270094664576
3274,57,70,LAE|MAE|SAE,4.508133451720263
3275,58,64,LAE|MAE,7.162817593152589
3276,58,61,LAE|MAE,2.6543454396813653
3277,60,67,LAE|MAE|SAE,3.7375524943983964
3278,60,62,LAE|MAE,2.5126712192266454
3279,60,70,LAE|MAE|SAE,3.9495280848901766
3280,60,61,LAE|MAE,1.8106662556295807
3281,60,61,LAE|MAE,1.58457638882071
3282,60,62,LAE|MAE,1.605942399012037
3283,60,63,LAE|MAE|SAE,3.107811869808963
3284,60,66,LAE|MAE|SAE,3.1365068611009472
3285,60,61,LAE|MAE,1.7153221423139025
3286,60,64,LAE|MAE|SAE,3.283020432205801
3287,60,62,LAE|MAE,4.207834004498299
3288,60,62,LAE|MAE,1.3828550143684875
3289,60,64,LAE|MAE|SAE,2.303055659004752
3290,60,63,LAE|MAE|SAE,2.0015984560011395
3291,60,61,LAE|MAE,1.4065941771305437
3292,60,62,LAE|MAE,1.970232808952283
3293,60,61,LAE|MAE,2.1755702129306695
3294,60,62,LAE|MAE,2.09570877642995
3295,60,61,LAE|MAE,1.997234543951857
3296,60,61,LAE|MAE,1.8530386208329614
3297,60,63,LAE|MAE|SAE,2.9386357151826266
3298,60,78,LAE|MAE|SAE,7.4351819732041715
3299,60,62,LAE|MAE,2.9695553992646824
3300,60,61,LAE|MAE,7.753729852474499
3301,60,61,LAE|MAE,3.0637902277307503
3302,60,62,LAE|MAE,5.849381717255217
3303,60,65,LAE|MAE|SAE,3.4200434099057535
3304,60,61,LAE|MAE,2.4227817597056815
3305,60,63,LAE|MAE|SAE,2.1127610540946433
3306,60,61,LAE|MAE,2.9143367754602196
3307,60,61,LAE|MAE,3.8323338870099746
3308,60,61,LAE|MAE,2.122212944897236
3309,60,67,LAE|MAE|SAE,3.4350450468529883
3310,60,61,LAE|MAE,2.081863841769142
3311,60,66,LAE|MAE|SAE,3.4119106984446
3312,60,62,LAE|MAE,2.0364342016401666
3313,60,65,LAE|MAE,3.6175910734300594
3314,60,63,LAE|MAE|SAE,2.7904071427919828
3315,60,62,LAE|MAE,1.5503929913408594
3316,60,77,LAE|MAE|SAE,16.685185015738217
3317,58,63,MAE|SAE,2.9494132904166452
3318,58,62,MAE,6.111327640096122
3319,58,78,LAE|MAE|SAE,7.92056787421712
3320,59,62,MAE|SAE,2.28103366888963
3321,59,63,MAE|SAE,2.3821612054761383
3322,59,62,MAE|SAE,2.4316007498386463
3323,59,66,LAE|MAE|SAE,16.175841850216752
3324,59,63,MAE|SAE,2.5867027550689317
3325,59,66,MAE|SAE,4.094323768934341
3326,59,64,MAE|SAE,7.104127494646619
3327,59,70,MAE|SAE,5.039330038146452
3328,59,67,MAE|SAE,4.135190036755719
3329,59,62,MAE|SAE,2.881551302734415
3330,59,67,MAE|SAE,4.217854966831619
3331,59,62,MAE|SAE,4.751858701184834
3332,59,62,MAE|SAE,28.25971941783309
3333,59,62,MAE|SAE,5.126893786013219
3334,59,62,MAE|SAE,4.214672889234714
3335,60,62,MAE,4.4491830283765665
3336,60,62,MAE,1.509281036108194
3337,60,71,LAE|MAE|SAE,3.7738145051454106
3338,60,62,MAE,1.777825390046056
3339,60,62,MAE,1.9368737263079914
3340,60,64,MAE|SAE,2.1137818592643463
3341,60,63,MAE|SAE,2.7592650098861444
3342,60,66,LAE|MAE|SAE,3.4970027580530596
3343,60,62,MAE,1.4921360513224706
3344,60,64,MAE|SAE,13.661915833110694
3345,60,66,LAE|MAE|SAE,3.311661381117879
3346,60,62,MAE,1.4808842718431068
3347,60,63,MAE|SAE,3.5923996000507645
3348,60,68,LAE|MAE|SAE,4.171217719839069
3349,60,70,LAE|MAE|SAE,3.8073844864848927
3350,60,63,MAE|SAE,4.398260382792706
3351,60,65,LAE|MAE,5.837862816295668
3352,60,69,LAE|MAE|SAE,5.874887353982582
3353,61,67,LAE|MAE|SAE,7.450891450559067
3354,61,62,LAE|MAE,1.787231704314959
3355,61,62,LAE|MAE,2.811112278134837
3356,61,63,LAE|MAE|SAE,2.8870034430975866
3357,61,63,LAE|MAE|SAE,2.825972681857621
3358,61,62,LAE|MAE,11.998069245491036
3359,61,62,LAE|MAE,1.921372641654625
3360,61,62,LAE|MAE,1.9338137378842835
3361,61,62,LAE|MAE,1.7722891630821946
3362,61,64,LAE|MAE,2.6498607804843175
3363,61,65,LAE|MAE|SAE,2.275609992597518
3364,61,62,LAE|MAE,12.455697705388845
3365,61,62,LAE|MAE,1.0462555754621052
3366,61,64,LAE|MAE,6.900315822636558
3367,61,62,LAE|MAE,1.4194847401155692
3368,61,62,LAE|MAE,1.1025909645648848
3369,61,63,LAE|MAE|SAE,2.4390896549265486
3370,61,63,LAE|MAE|SAE,2.6557661027773545
3371,61,62,LAE|MAE,1.3842210178339756
3372,61,68,LAE|MAE|SAE,3.2328841443790535
3373,61,65,LAE|MAE,16.779139626650103
3374,61,66,LAE|MAE|SAE,4.4541226664971845
3375,61,63,LAE|MAE|SAE,2.837060313660221
3376,61,63,LAE|MAE|SAE,1.374484955089992
3377,61,67,LAE|MAE|SAE,3.0402931703961285
3378,61,63,LAE|MAE|SAE,1.2758527321407207
3379,61,62,LAE|MAE,1.6791553159511887
3380,61,66,LAE|MAE|SAE,2.8693535717195324
3381,61,71,LAE|MAE|SAE,3.7131008445330345
3382,61,65,LAE|MAE|SAE,2.20415819402886
3383,61,63,LAE|MAE|SAE,7.583225117332008
3384,61,62,LAE|MAE,1.9064343464904292
3385,61,66,LAE|MAE|SAE,10.120509425661465
3386,61,65,LAE|MAE|SAE,2.5627706226569464
3387,61,63,LAE|MAE|SAE,2.670896866003418
3388,61,70,LAE|MAE|SAE,10.161615430871496
3389,61,63,LAE|MAE|SAE,1.9603500358871553
3390,61,63,LAE|MAE|SAE,1.488123998665765
3391,61,80,LAE|MAE|SAE,7.057952292536448
3392,61,64,LAE|MAE,2.298848022316319
3393,61,67,LAE|MAE|SAE,2.9171021172503466
3394,61,66,LAE|MAE|SAE,2.932597593895738
3395,61,66,LAE|MAE|SAE,2.790077563589484
3396,61,64,LAE|MAE|SAE,2.815148558441937
3397,61,65,LAE|MAE,3.1110906943204713
3398,61,62,LAE|MAE,1.7303412234952866
3399,61,67,LAE|MAE|SAE,3.028121278570529
3400,61,63,LAE|MAE|SAE,2.7448378857914495
3401,61,66,LAE|MAE|SAE,2.907877731391415
3402,61,83,LAE|MAE|SAE,13.11851303044541
3403,61,64,LAE|MAE,2.6417114110591915
3404,61,62,LAE|MAE,2.0646417649034614
3405,61,62,LAE|MAE,1.9179633144704582
3406,61,63,LAE|MAE|SAE,2.3508064254509584
3407,61,62,LAE|MAE,1.9810698682973547
3408,61,62,LAE|MAE,6.377635195047219
3409,61,62,LAE|MAE,1.8945936122245262
3410,61,66,LAE|MAE,4.553458177286666
3411,61,62,LAE|MAE,2.098974629265431
3412,61,62,LAE|MAE,1.4725504738557302
3413,61,102,LAE|MAE|SAE,56.4401089795645
3414,59,63,SAE,49.1442813673645
3415,59,66,MAE|SAE,3.9020180671878424
3416,60,64,MAE|SAE,2.8933228030088953
3417,60,64,MAE|SAE,9.260914350021915
3418,60,63,MAE|SAE,5.473191222900758
3419,60,69,LAE|MAE|SAE,5.1846994124293575
3420,62,63,MAE|SAE,2.2740430534403857
3421,62,63,MAE|SAE,1.4957885694023274
3422,62,63,MAE|SAE,1.5209276415560617
3423,62,65,LAE|MAE|SAE,2.3229164710718035
3424,62,63,MAE|SAE,1.4934343155445855
3425,62,64,MAE|SAE,1.7819412014355636
3426,62,80,LAE|MAE|SAE,13.180249521530268
3427,62,65,LAE|MAE|SAE,2.0931350114493714
3428,62,69,LAE|MAE|SAE,3.342962704461442
3429,62,66,LAE|MAE|SAE,9.960178099136565
3430,62,66,LAE|MAE|SAE,2.5551559223605373
3431,62,63,MAE|SAE,2.2501921922047954
3432,62,63,MAE|SAE,2.0894540508578405
3433,62,67,LAE|MAE|SAE,2.745693044992557
3434,62,66,LAE|MAE|SAE,2.356522952034058
3435,62,63,MAE|SAE,1.8242780850011913
3436,62,66,LAE|MAE|SAE,2.558531942065276
3437,62,76,LAE|MAE|SAE,12.855177380493727
3438,62,73,LAE|MAE|SAE,7.053474503896748
3439,62,64,MAE|SAE,2.5500428894838585
3440,62,66,LAE|MAE|SAE,2.3090192215360434
3441,62,84,LAE|MAE|SAE,12.190606421617732
3442,62,65,LAE|MAE|SAE,1.9654055259578618
3443,62,63,MAE|SAE,2.1825758281519105
3444,62,66,LAE|MAE|SAE,2.530900226446861
3445,62,65,LAE|MAE|SAE,2.5383769715138915
3446,62,65,LAE|MAE|SAE,2.2360193122555785
3447,62,65,LAE|MAE|SAE,2.3845718833283502
3448,62,63,MAE|SAE,1.487856613952675
3449,62,64,MAE|SAE,2.2056237876194125
3450,62,65,LAE|MAE|SAE,2.3745642458102063
3451,62,66,LAE|MAE|SAE,2.3179611916260443
3452,62,84,LAE|MAE|SAE,12.726302526577406
3453,62,66,LAE|MAE|SAE,2.4296515676968866
3454,62,69,LAE|MAE|SAE,13.007510481050854
3455,62,66,LAE|MAE|SAE,2.5394102790867437
3456,62,63,MAE|SAE,1.9206623032367602
3457,62,66,LAE|MAE|SAE,2.4361523355878583
3458,62,70,LAE|MAE|SAE,3.627392746101818
3459,62,69,LAE|MAE|SAE,6.8685396133607
3460,62,67,LAE|MAE|SAE,2.856209928803203
3461,62,66,LAE|MAE|SAE,2.4162466195645114
3462,62,65,LAE|MAE|SAE,5.326241035476084
3463,62,65,LAE|MAE|SAE,2.3098183539668327
3464,62,65,LAE|MAE|SAE,2.5129025981004443
3465,62,63,MAE|SAE,1.012198783890162
3466,62,64,MAE|SAE,2.2489280691576488
3467,62,64,MAE|SAE,2.3863509042160476
3468,62,68,LAE|MAE|SAE,2.9516263722873464
3469,62,63,MAE|SAE,2.5965224658233867
3470,62,86,LAE|MAE|SAE,11.069049536699008
3471,62,63,MAE|SAE,1.7616591073508736
3472,62,63,MAE|SAE,2.4671815598901654
3473,62,64,MAE|SAE,2.3753094062244395
3474,62,67,LAE|MAE|SAE,3.0056970924673863
3475,62,68,LAE|MAE|SAE,2.952959902404392
3476,62,63,MAE|SAE,22.92184186941577
3477,62,66,LAE|MAE|SAE,2.578960900412759
3478,62,63,MAE|SAE,1.6801457906471298
3479,62,65,LAE|MAE|SAE,2.2837227466796923
3480,62,65,LAE|MAE|SAE,2.706007354388623
3481,62,66,LAE|MAE|SAE,2.7304875113834357
3482,62,65,LAE|MAE|SAE,2.273262318683467
3483,62,67,LAE|MAE|SAE,5.310306570060631
3484,62,66,LAE|MAE|SAE,2.195668143439785
3485,62,69,LAE|MAE|SAE,3.4093542143737317
3486,62,63,MAE|SAE,40.70582712864086
3487,62,63,MAE|SAE,1.637988794808684
3488,62,63,MAE|SAE,17.451323967713204
3489,62,63,MAE|SAE,1.8504396985410356
3490,62,64,MAE|SAE,1.7137507127435887
3491,62,65,LAE|MAE|SAE,2.972378591838302
3492,62,63,MAE|SAE,6.536972694876864
3493,62,65,LAE|MAE|SAE,2.2631829868658753
3494,62,67,LAE|MAE|SAE,2.9823584884796683
3495,62,63,MAE|SAE,9.450311263342972
3496,62,63,MAE|SAE,18.59512954006282
3497,62,63,MAE|SAE,2.3176894243102457
3498,62,63,MAE|SAE,2.68354903459058
3499,60,71,LAE|MAE|SAE,4.964092718691466
3500,60,66,LAE|MAE,3.2392292546577073
3501,61,64,LAE|MAE,3.6833435472367646
3502,61,68,LAE|MAE|SAE,12.133864055308512
3503,61,65,LAE|MAE,3.189557635147401
3504,61,64,LAE|MAE,2.796331981639063
3505,61,64,LAE|MAE,4.788599650191376
3506,61,65,LAE|MAE,2.8564904034429848
3507,61,66,LAE|MAE,22.433991859050685
3508,61,64,LAE|MAE,5.267375169484237
3509,61,69,LAE|MAE|SAE,4.425057274453411
3510,61,74,LAE|MAE|SAE,5.395780002724381
3511,62,64,MAE,2.207087083866425
3512,62,71,LAE|MAE|SAE,4.0312979126368536
3513,62,64,MAE,2.1043364218222376
3514,62,64,MAE,2.308643100629447
3515,62,67,MAE|SAE,3.552876840941842
3516,62,66,LAE|MAE,2.7490683597404693
3517,62,64,MAE,3.3852688175260397
3518,62,67,MAE|SAE,2.8940666159531707
3519,62,65,LAE|MAE,2.8460248578957694
3520,62,72,LAE|MAE|SAE,4.250170510905378
3521,62,67,LAE|MAE|SAE,2.953473328852048
3522,62,66,LAE|MAE,3.33498180638261
3523,62,64,MAE,2.8994097184757086
3524,62,66,LAE|MAE,5.158778235534803
3525,62,64,MAE,2.5494559426025556
3526,63,67,LAE|MAE|SAE,2.4744726178133147
3527,63,64,MAE|SAE,1.23704470380773
3528,63,66,LAE|MAE|SAE,2.195219762704372
3529,63,66,LAE|MAE|SAE,2.695597451608346
3530,63,64,MAE|SAE,1.9628974133273869
3531,63,64,MAE|SAE,1.9158194622115996
3532,63,64,MAE|SAE,1.6937830090767818
3533,63,64,MAE|SAE,1.7076816340759626
3534,63,64,MAE|SAE,1.393991564135422
3535,63,64,MAE|SAE,2.1194007239036203
3536,63,64,MAE|SAE,1.4429342465334332
3537,63,66,LAE|MAE|SAE,2.250130591634735
3538,63,66,LAE|MAE|SAE,2.274144455275834
3539,63,64,MAE|SAE,1.5642046329891168
3540,63,64,MAE|SAE,1.8268107574133692
3541,63,65,LAE|MAE|SAE,1.9349594711365818
3542,63,65,LAE|MAE|SAE,2.0390399229603897
3543,63,67,LAE|MAE|SAE,3.3067026580965653
3544,63,66,LAE|MAE|SAE,2.2249660282649155
3545,63,64,MAE|SAE,1.863929562161004
3546,63,65,LAE|MAE|SAE,1.5109277263567942
3547,63,65,LAE|MAE|SAE,2.061543450530394
3548,63,65,LAE|MAE|SAE,2.5403983931689473
3549,63,64,MAE|SAE,2.0955896390092894
3550,63,64,MAE|SAE,1.0222193055520066
3551,63,64,MAE|SAE,1.8126619362230694
3552,63,65,LAE|MAE|SAE,1.712379386537177
3553,63,65,LAE|MAE|SAE,2.8178535606765256
3554,63,64,MAE|SAE,1.7711840502123821
3555,63,66,LAE|MAE|SAE,2.249600402308902
3556,63,66,LAE|MAE|SAE,2.2082977859385142
3557,63,67,LAE|MAE|SAE,2.8559547304435866
3558,63,64,MAE|SAE,1.9207423691637022
3559,63,64,MAE|SAE,1.914494883665654
3560,63,66,MAE|SAE,2.5368863165635447
3561,63,64,MAE|SAE,3.6240950690185385
3562,63,64,MAE|SAE,1.7536568934091439
3563,63,70,LAE|MAE|SAE,3.7800843807643014
3564,63,65,LAE|MAE|SAE,2.1847839009818415
3565,63,67,LAE|MAE|SAE,2.3445353575578016
3566,63,67,LAE|MAE|SAE,2.2169958837060584
3567,63,70,LAE|MAE|SAE,3.298319210174219
3568,63,64,MAE|SAE,1.866639825649622
3569,63,66,MAE|SAE,2.2522676374208035
3570,63,67,LAE|MAE|SAE,2.813404833094961
3571,63,64,MAE|SAE,1.3381929036157187
3572,63,65,LAE|MAE|SAE,1.9945299462531443
3573,63,64,MAE|SAE,2.0492305692113764
3574,63,66,LAE|MAE|SAE,2.3184731771747464
3575,63,64,MAE|SAE,3.1734719019420394
3576,63,66,MAE|SAE,2.8280218702506565
3577,63,66,LAE|MAE|SAE,3.1675720095763826
3578,63,64,MAE|SAE,2.0436968518739005
3579,63,66,LAE|MAE|SAE,2.2211653197580152
3580,63,66,LAE|MAE|SAE,2.5301976977423313
3581,63,64,MAE|SAE,1.723771178848288
3582,63,65,LAE|MAE|SAE,2.429399055570829
3583,63,64,MAE|SAE,4.257323740124808
3584,63,64,MAE|SAE,1.8724237711661509
3585,63,65,LAE|MAE|SAE,2.483834312664994
3586,63,80,LAE|MAE|SAE,6.569145329648052
3587,63,65,LAE|MAE|SAE,2.255472581907106
3588,63,64,MAE|SAE,3.5572235295794257
3589,63,98,LAE|MAE|SAE,11.913138332064449
3590,63,69,LAE|MAE|SAE,2.832489385909409
3591,63,64,MAE|SAE,1.8599755569847014
3592,63,67,LAE|MAE|SAE,2.5712421418827556
3593,63,68,LAE|MAE|SAE,2.4189321367424217
3594,63,66,LAE|MAE|SAE,2.29218861139823
3595,63,65,LAE|MAE|SAE,1.924532218515233
3596,63,68,MAE|SAE,2.8160780388884037
3597,63,64,MAE|SAE,2.015915026053105
3598,63,68,LAE|MAE|SAE,3.551856817427227
3599,63,64,MAE|SAE,1.736573385440997
3600,63,66,LAE|MAE|SAE,2.1750498758078
3601,63,73,LAE|MAE|SAE,4.76749173468984
3602,63,64,MAE|SAE,2.8442016661787686
3603,63,64,MAE|SAE,2.2174903704140294
3604,63,65,LAE|MAE|SAE,1.6934806733760726
3605,61,81,LAE|MAE|SAE,7.1683899939736975
3606,61,65,LAE,5.638760319759892
3607,61,65,LAE,5.968902522309582
3608,62,80,LAE|MAE,7.146855133085922
3609,62,65,LAE|MAE,2.6014630257182705
3610,64,65,LAE|MAE,1.7828067980050417
3611,64,86,LAE|MAE|SAE,10.17882068073315
3612,64,67,LAE|MAE|SAE,2.0982260147193994
3613,64,100,LAE|MAE|SAE,12.465987868496624
3614,64,67,LAE|MAE|SAE,2.1883334096977034
3615,64,66,LAE|MAE,2.0918429154569615
3616,64,65,LAE|MAE,1.7729598747826216
3617,64,65,LAE|MAE,1.8215080265792398
3618,64,65,LAE|MAE,2.034487438265363
3619,64,65,LAE|MAE,2.629383300948931
3620,64,65,LAE|MAE,1.4602697221947045
3621,64,65,LAE|MAE,1.7863039859756604
3622,64,65,LAE|MAE,1.4211802133452631
3623,64,65,LAE|MAE,1.7670649618878496
3624,64,66,LAE|MAE,1.858903082975952
3625,64,66,LAE|MAE,1.9033095386248355
3626,64,69,LAE|MAE|SAE,2.742554691683962
3627,64,65,LAE|MAE,1.7507462027885785
3628,64,70,LAE|MAE|SAE,2.965555787466707
3629,64,70,LAE|MAE|SAE,2.7810630426017724
3630,64,66,LAE|MAE,2.0582757208182443
3631,64,73,LAE|MAE|SAE,4.322003174539127
3632,64,69,LAE|MAE|SAE,3.024732942793627
3633,64,67,LAE|MAE|SAE,2.600058801464388
3634,64,65,LAE|MAE,1.303298530183429
3635,64,67,LAE|MAE|SAE,7.241501628573968
3636,64,65,LAE|MAE,2.5244902796389073
3637,64,67,LAE|MAE|SAE,2.508391989770752
3638,64,65,LAE|MAE,1.3270627758061666
3639,64,66,LAE|MAE,1.8086249427462235
3640,64,65,LAE|MAE,3.248690038305943
3641,64,65,LAE|MAE,2.3682086008563656
3642,64,66,LAE|MAE,2.0324369750781193
3643,64,65,LAE|MAE,2.0479566558395215
3644,64,70,LAE|MAE|SAE,4.589069519788275
3645,64,65,LAE|MAE,1.9534259959416025
3646,64,65,LAE|MAE,2.973862929031017
3647,64,67,LAE|MAE|SAE,2.6461392767356178
3648,64,66,LAE|MAE,2.2511829339159126
3649,64,65,LAE|MAE,2.0737556556865226
3650,64,66,LAE|MAE,1.9598367827349636
3651,64,66,LAE|MAE,2.0664840992240214
3652,64,66,LAE|MAE,1.9955828300778495
3653,64,66,LAE|MAE,2.054280671521365
3654,64,70,LAE|MAE,6.2371025013858175
3655,64,68,LAE|MAE|SAE,5.130670522883297
3656,64,67,LAE|MAE|SAE,2.0341448421835886
3657,64,65,LAE|MAE,5.995042179425238
3658,64,65,LAE|MAE,1.49039160676524
3659,64,65,LAE|MAE,2.941449253134417
3660,64,66,LAE|MAE,1.5953961273537904
3661,64,65,LAE|MAE,2.492871663162316
3662,64,69,LAE|MAE|SAE,2.646198141246973
3663,64,66,LAE|MAE,2.2273725776900197
3664,64,65,LAE|MAE,2.0870171493576404
3665,64,65,LAE|MAE,6.667762914598079
3666,64,75,LAE|MAE|SAE,8.432348461777995
3667,64,66,LAE|MAE,1.8002877421067063
3668,64,67,LAE|MAE|SAE,3.8199076832343817
3669,64,65,LAE|MAE,1.836286227862852
3670,64,65,LAE|MAE,1.4097683176760303
3671,64,69,LAE|MAE|SAE,2.585776869058631
3672,64,66,LAE|MAE,2.0428050378738813
3673,64,66,LAE|MAE,2.939384290407347
3674,62,66,MAE,2.7363636533010194
3675,63,75,MAE|SAE,5.633897176372304
3676,63,66,MAE|SAE,2.6641307674211534
3677,63,67,MAE|SAE,2.543281210206975
3678,63,66,MAE|SAE,2.758631618653957
3679,63,66,MAE|SAE,7.275501455953653
3680,63,67,MAE|SAE,2.3636356170189896
3681,63,66,MAE|SAE,2.1850449135617076
3682,63,67,MAE|SAE,2.508724566430892
3683,63,66,MAE|SAE,2.1687293992066623
3684,63,66,MAE|SAE,2.0206814028429094
3685,63,66,MAE|SAE,2.9394518211546066
3686,63,68,MAE|SAE,3.113186580534565
3687,63,66,MAE|SAE,2.7400885650510602
3688,64,66,MAE,7.947620503543165
3689,64,66,MAE,2.114044389605094
3690,64,66,MAE,1.9711888193568619
3691,64,66,MAE,2.4755853787549187
3692,64,71,LAE|MAE|SAE,2.8980249138043446
3693,64,66,MAE,1.9822922666324232
3694,64,66,MAE,2.147414843630497
3695,64,74,LAE|MAE|SAE,5.110518926750293
3696,64,66,MAE,2.3011769933962727
3697,64,66,MAE,3.98344230519233
3698,64,73,LAE|MAE|SAE,4.49155377185018
3699,64,66,MAE,2.0696145716199776
3700,64,69,LAE|MAE|SAE,14.097683024159737
3701,64,67,MAE|SAE,2.2300419973226413
3702,64,68,MAE|SAE,2.966463770357386
3703,64,71,LAE|MAE|SAE,4.364506065643864
3704,64,67,MAE|SAE,2.7180351631312205
3705,64,67,MAE|SAE,2.5278723375266594
3706,64,66,MAE,5.261275835333166
3707,64,67,MAE|SAE,2.3049579414253674
3708,64,68,MAE|SAE,4.455887303472355
3709,64,69,LAE|MAE|SAE,3.0141698050680565
3710,64,70,LAE|MAE|SAE,3.152956780597947
3711,65,66,LAE|MAE,1.6832712560589738
3712,65,67,LAE|MAE|SAE,2.0259147400604305
3713,65,66,LAE|MAE,2.1913189705759706
3714,65,66,LAE|MAE,1.3815859284478367
3715,65,69,LAE|MAE|SAE,2.4279200663094707
3716,65,68,LAE|MAE|SAE,2.042431980271295
3717,65,68,LAE|MAE|SAE,2.0259981351050285
3718,65,67,LAE|MAE|SAE,2.1675666555596775
3719,65,69,LAE|MAE,3.5883900946777465
3720,65,68,LAE|MAE|SAE,2.2644778262802525
3721,65,67,LAE|MAE|SAE,1.916966770755425
3722,65,66,LAE|MAE,1.5023450739613557
3723,65,66,LAE|MAE,1.381083310137182
3724,65,66,LAE|MAE,2.266195236977859
3725,65,96,LAE|MAE|SAE,12.355703935592617
3726,65,66,LAE|MAE,1.9826730667052421
3727,65,66,LAE|MAE,2.133077279391814
3728,65,69,LAE|MAE,4.331369550376278
3729,65,66,LAE|MAE,1.565881967990956
3730,65,66,LAE|MAE,1.5941836569410195
3731,65,87,LAE|MAE|SAE,8.8456390921086
3732,65,67,LAE|MAE|SAE,2.2657409732979192
3733,65,72,LAE|MAE|SAE,3.470993611552486
3734,65,71,LAE|MAE|SAE,5.923336188472744
3735,65,66,LAE|MAE,1.503687874103529
3736,65,66,LAE|MAE,1.9844791927731795
3737,65,66,LAE|MAE,2.394203894210488
3738,65,68,LAE|MAE|SAE,2.0114262659450564
3739,65,68,LAE|MAE,2.0696977386044626
3740,65,66,LAE|MAE,1.99344256099702
3741,65,66,LAE|MAE,1.4662839549974005
3742,65,66,LAE|MAE,3.1919007253192215
3743,65,67,LAE|MAE|SAE,2.143996586955298
3744,65,66,LAE|MAE,1.2775947954024665
3745,65,66,LAE|MAE,3.2905717853394396
3746,65,68,LAE|MAE|SAE,3.561232329604949
3747,65,66,LAE|MAE,1.6774333070371426
3748,65,66,LAE|MAE,5.070023204034031
3749,65,72,LAE|MAE|SAE,3.131147796897247
3750,65,71,LAE|MAE|SAE,4.110285588140337
3751,65,71,LAE|MAE|SAE,3.6298934759550994
3752,65,66,LAE|MAE,3.971964083260573
3753,65,71,LAE|MAE|SAE,4.759490445189816
3754,65,71,LAE|MAE|SAE,2.948558264928694
3755,65,66,LAE|MAE,2.1551446097661526
3756,65,66,LAE|MAE,1.7759021662527472
3757,65,77,LAE|MAE|SAE,7.04412051780831
3758,65,66,LAE|MAE,3.416176935756845
3759,65,80,LAE|MAE|SAE,6.365124395908381
3760,65,66,LAE|MAE,1.8656367822050182
3761,65,86,LAE|MAE|SAE,7.410467213208164
3762,65,67,LAE|MAE|SAE,2.3545440972996756
3763,65,71,LAE|MAE|SAE,3.329755376227929
3764,65,66,LAE|MAE,2.412934952799448
3765,65,72,LAE|MAE|SAE,3.2072559153816353
3766,65,66,LAE|MAE,1.3395512821109088
3767,65,66,LAE|MAE,1.644339386425452
3768,65,66,LAE|MAE,1.4231944646182022
3769,65,67,LAE|MAE|SAE,2.237155283509109
3770,65,74,LAE|MAE|SAE,4.428926478843193
3771,65,71,LAE|MAE|SAE,4.367763452606505
3772,63,67,SAE,8.984755770110747
3773,63,73,LAE|MAE|SAE,4.78241635092516
3774,63,78,LAE|MAE|SAE,5.637495856100752
3775,63,78,MAE|SAE,6.747176592121434
3776,64,68,MAE|SAE,6.515884058701808
3777,64,67,MAE|SAE,8.658198485223444
3778,64,74,LAE|MAE|SAE,4.237924406864582
3779,64,71,MAE|SAE,3.2573427809262174
3780,66,68,MAE|SAE,1.4836702028040405
3781,66,68,MAE|SAE,2.3543428839861464
3782,66,67,MAE|SAE,2.528759347782633
3783,66,67,MAE|SAE,1.7203854323403442
3784,66,69,LAE|MAE|SAE,5.614941043392715
3785,66,79,LAE|MAE|SAE,5.835997997979552
3786,66,76,LAE|MAE|SAE,9.636784685917972
3787,66,67,MAE|SAE,1.8138635083613823
3788,66,67,MAE|SAE,1.9846338767115779
3789,66,70,LAE|MAE|SAE,3.1275187658202896
3790,66,67,MAE|SAE,1.2657759264528845
3791,66,67,MAE|SAE,1.5910068041166676
3792,66,69,LAE|MAE|SAE,1.7981824891756424
3793,66,77,LAE|MAE|SAE,6.7721043932837395
3794,66,67,MAE|SAE,1.9067214154681467
3795,66,67,MAE|SAE,1.2179076604299286
3796,66,67,MAE|SAE,3.0897172517505154
3797,66,67,MAE|SAE,3.303465146947956
3798,66,72,LAE|MAE|SAE,3.199017528095676
3799,66,68,MAE|SAE,1.793651872171774
3800,66,68,MAE|SAE,2.385703772185094
3801,66,67,MAE|SAE,2.4656902507146223
3802,66,67,MAE|SAE,2.529962330905422
3803,66,70,LAE|MAE|SAE,2.5726021360789666
3804,66,69,LAE|MAE|SAE,1.8747345336599441
3805,66,72,MAE|SAE,3.210402865524755
3806,66,73,LAE|MAE|SAE,3.5231758086382587
3807,66,68,MAE|SAE,3.5435304453258527
3808,66,72,LAE|MAE|SAE,3.9951040296922127
3809,66,67,MAE|SAE,1.731265645838737
3810,66,67,MAE|SAE,1.4647225414483391
3811,66,67,MAE|SAE,2.019786962734005
3812,66,71,LAE|MAE|SAE,2.9560347324022542
3813,66,68,MAE|SAE,1.9916667328306052
3814,66,87,MAE|SAE,9.741757803425493
3815,66,71,LAE|MAE|SAE,3.1538344934059985
3816,66,68,MAE|SAE,3.593652686779498
3817,66,68,MAE|SAE,1.7024647706655522
3818,66,71,LAE|MAE|SAE,2.993276064155914
3819,66,67,MAE|SAE,3.329213218061548
3820,66,68,MAE|SAE,2.116916674086144
3821,66,74,LAE|MAE|SAE,4.456234737729034
3822,66,70,LAE|MAE|SAE,3.1467508643201865
3823,66,70,MAE|SAE,3.958285774814396
3824,66,69,LAE|MAE|SAE,2.022025842599892
3825,66,67,MAE|SAE,1.9580100237785751
3826,66,68,MAE|SAE,2.539859265788007
3827,66,70,MAE|SAE,3.191104109623359
3828,66,67,MAE|SAE,1.5429063456979404
3829,66,69,LAE|MAE|SAE,2.024169644679988
3830,66,67,MAE|SAE,1.8686821267840938
3831,66,67,MAE|SAE,1.5185745593083804
3832,66,69,LAE|MAE|SAE,2.1587638230568986
3833,66,68,MAE|SAE,1.871344700437306
3834,66,67,MAE|SAE,1.9606968087053624
3835,66,67,MAE|SAE,2.1375147167299415
3836,66,84,LAE|MAE|SAE,7.161058827328993
3837,66,68,MAE|SAE,2.2656773523580087
3838,66,71,LAE|MAE|SAE,3.813988768620062
3839,66,67,MAE|SAE,1.7644971139230408
3840,66,69,LAE|MAE|SAE,3.589607973561673
3841,66,67,MAE|SAE,2.845755721280519
3842,66,68,MAE|SAE,2.4459446344825233
3843,66,71,MAE|SAE,2.3429343374398606
3844,66,73,LAE|MAE|SAE,3.737608617729794
3845,66,67,MAE|SAE,1.1554672657830516
3846,66,72,LAE|MAE|SAE,4.464674786004473
3847,66,75,LAE|MAE|SAE,3.7963347898794835
3848,66,71,MAE|SAE,12.5995351820631
3849,66,72,LAE|MAE|SAE,4.490084147338006
3850,66,67,MAE|SAE,4.389904994463022
3851,65,76,LAE|MAE,4.952064358762954
3852,65,68,LAE|MAE,2.630202559475136
3853,65,76,LAE|MAE|SAE,4.888166955964719
3854,65,68,LAE|MAE,3.148702979545827
3855,65,80,LAE|MAE,6.070879414588266
3856,65,68,LAE|MAE,2.620948147197897
3857,65,72,LAE|MAE|SAE,3.3848730742685382
3858,65,70,LAE|MAE,3.017789635639378
3859,65,68,LAE|MAE,10.04758787938041
3860,65,68,LAE|MAE,5.72165942617409
3861,65,77,LAE|MAE,7.852798027273908
3862,65,68,LAE|MAE,2.6235624172131793
3863,65,77,LAE|MAE,11.549195485624935
3864,65,68,LAE|MAE,2.6681166120296105
3865,65,81,LAE|MAE,6.255154356259728
3866,66,71,MAE|SAE,3.1689756953379713
3867,66,70,LAE|MAE,2.490380230027696
3868,66,72,LAE|MAE,3.438862698918114
3869,66,68,MAE,5.690124450021044
3870,66,69,LAE|MAE,4.185267549825196
3871,66,71,LAE|MAE|SAE,2.47129597212235
3872,66,68,MAE,2.2408778589621337
3873,66,70,LAE|MAE,2.25569451685275
3874,66,68,MAE,4.029520899189805
3875,66,68,MAE,3.794654144382392
3876,66,71,LAE|MAE|SAE,2.3985338012916055
3877,66,69,LAE|MAE,2.9188798580718065
3878,66,74,LAE|MAE,3.657038838642346
3879,66,72,LAE|MAE,10.000307322714686
3880,66,70,LAE|MAE,2.6641477712147017
3881,66,68,MAE,8.570189470297029
3882,66,69,LAE|MAE,3.6075302431318663
3883,66,69,LAE|MAE,4.4415581115226574
3884,66,68,MAE,2.5773181589409475
3885,66,68,MAE,3.2875967488334896
3886,67,70,MAE|SAE,2.339372343365881
3887,67,68,MAE|SAE,1.1949358194601922
3888,67,68,MAE|SAE,11.755254803915264
3889,67,73,LAE|MAE|SAE,3.7407416748879627
3890,67,75,LAE|MAE|SAE,4.023442958492085
3891,67,69,LAE|MAE|SAE,1.9508552959831402
3892,67,68,MAE|SAE,4.637351513772481
3893,67,68,MAE|SAE,3.760500159185064
3894,67,68,MAE|SAE,1.9162320625892728
3895,67,91,LAE|MAE|SAE,11.676361791282998
3896,67,68,MAE|SAE,10.257628322544079
3897,67,75,LAE|MAE|SAE,3.812976483016504
3898,67,68,MAE|SAE,2.750773284477447
3899,67,68,MAE|SAE,2.4708794790173103
3900,67,68,MAE|SAE,1.6339366264157558
3901,67,74,LAE|MAE|SAE,3.5058678363651135
3902,67,69,LAE|MAE|SAE,3.644624568149764
3903,67,98,MAE|SAE,26.944639774231913
3904,67,70,LAE|MAE|SAE,2.408597694047186
3905,67,71,MAE|SAE,3.156678631661355
3906,67,69,LAE|MAE|SAE,1.767424741532037
3907,67,68,MAE|SAE,1.7486648078925835
3908,67,68,MAE|SAE,2.6978577419748015
3909,67,68,MAE|SAE,2.504577602479631
3910,67,69,LAE|MAE|SAE,1.747945472657093
3911,67,68,MAE|SAE,2.127502991565813
3912,67,69,LAE|MAE|SAE,2.49814257219415
3913,67,71,LAE|MAE|SAE,3.6751627668595783
3914,67,68,MAE|SAE,1.656900836563564
3915,67,68,MAE|SAE,1.3529731325906498
3916,67,69,LAE|MAE|SAE,3.38060598635355
3917,67,68,MAE|SAE,1.7161310199056663
3918,67,70,LAE|MAE|SAE,1.912473816116384
3919,67,73,LAE|MAE|SAE,2.9911264529450836
3920,67,68,MAE|SAE,2.7760473235440557
3921,67,75,LAE|MAE|SAE,4.235650854198983
3922,67,80,LAE|MAE|SAE,6.07510907420301
3923,67,68,MAE|SAE,1.945788449478207
3924,67,69,LAE|MAE|SAE,2.096323811675921
3925,67,69,LAE|MAE|SAE,2.849376150622911
3926,67,71,MAE|SAE,3.4139821599383358
3927,67,72,LAE|MAE|SAE,2.8003149571513233
3928,67,71,MAE|SAE,3.628145227280388
3929,67,71,LAE|MAE|SAE,3.1484763482446865
3930,67,68,MAE|SAE,2.992929132642206
3931,67,69,LAE|MAE|SAE,1.932996391297468
3932,67,68,MAE|SAE,2.2057011934741886
3933,67,68,MAE|SAE,1.9107849878335983
3934,67,68,MAE|SAE,1.277104059513756
3935,67,68,MAE|SAE,3.783220974601703
3936,67,68,MAE|SAE,1.5747364462084301
3937,67,68,MAE|SAE,22.405113990883702
3938,65,70,LAE|MAE,3.076681531688612
3939,65,69,LAE,4.5256722311454345
3940,65,70,LAE|MAE,3.122327420463785
3941,66,73,LAE|MAE|SAE,3.113898681168849
3942,66,70,LAE|MAE,2.293805878987685
3943,66,74,LAE|MAE|SAE,3.8044437466303234
3944,66,70,LAE|MAE,4.464114062025837
3945,68,74,LAE|MAE|SAE,3.5883368340450104
3946,68,69,LAE|MAE,1.4160282839974152
3947,68,73,LAE|MAE|SAE,2.9780389434248753
3948,68,72,LAE|MAE|SAE,2.8794651367343134
3949,68,74,LAE|MAE|SAE,3.4868468152238075
3950,68,70,LAE|MAE,2.738201060694496
3951,68,71,LAE|MAE|SAE,1.916487115902696
3952,68,72,LAE|MAE|SAE,3.581938516855388
3953,68,69,LAE|MAE,2.111224156561625
3954,68,69,LAE|MAE,1.5097470724384052
3955,68,75,LAE|MAE|SAE,3.6026982718672165
3956,68,71,LAE|MAE|SAE,1.9960720147795876
3957,68,70,LAE|MAE,2.082063597427752
3958,68,91,LAE|MAE|SAE,7.9939004771258695
3959,68,70,LAE|MAE,2.845123617062752
3960,68,69,LAE|MAE,1.7817665359996913
3961,68,77,LAE|MAE,12.457560013757499
3962,68,72,LAE|MAE|SAE,2.841501037913128
3963,68,71,LAE|MAE|SAE,1.8627786595149038
3964,68,72,LAE|MAE|SAE,2.072176313768285
3965,68,82,LAE|MAE|SAE,5.292928433103707
3966,68,70,LAE|MAE,1.7689235770024951
3967,68,72,LAE|MAE|SAE,3.763986107742937
3968,68,69,LAE|MAE,3.2957487420407934
3969,68,73,LAE|MAE|SAE,3.974137537851576
3970,68,70,LAE|MAE,2.510204335320087
3971,68,69,LAE|MAE,3.296131628591847
3972,68,74,LAE|MAE|SAE,3.931670076455251
3973,68,70,LAE|MAE,4.493246595513007
3974,68,71,LAE|MAE|SAE,3.055996365585179
3975,68,69,LAE|MAE,2.979861989007388
3976,68,69,LAE|MAE,3.934224352402083
3977,68,76,LAE|MAE|SAE,3.8328768080466014
3978,68,69,LAE|MAE,4.1489906806627035
3979,68,76,LAE|MAE,23.826063600730702
3980,68,69,LAE|MAE,3.205380709930391
3981,68,70,LAE|MAE,4.028677916238199
3982,68,72,LAE|MAE|SAE,3.876168108908925
3983,68,79,LAE|MAE|SAE,9.660958509075938
3984,68,75,LAE|MAE|SAE,3.7755299138095046
3985,68,69,LAE|MAE,2.00445647882554
3986,68,75,LAE|MAE|SAE,4.76971095397245
3987,68,70,LAE|MAE,3.3115386423036086
3988,68,69,LAE|MAE,10.614995815443512
3989,66,76,LAE|MAE|SAE,4.513829053319715
3990,66,71,MAE|SAE,4.814168030974436
3991,67,74,MAE|SAE,4.119548398976474
3992,67,83,MAE|SAE,5.519864620038568
3993,67,71,MAE|SAE,3.989076961458524
3994,67,73,LAE|MAE|SAE,3.309897366674863
3995,67,71,MAE|SAE,3.5055586821979934
3996,67,70,MAE|SAE,2.665645985414606
3997,67,74,MAE|SAE,3.664689346638492
3998,67,74,MAE|SAE,41.03658389099485
3999,67,82,MAE|SAE,41.42043053728234
4000,67,71,MAE|SAE,3.1298512798472555
4001,67,82,MAE|SAE,11.92485175162287
4002,67,70,MAE|SAE,8.86782215635311
4003,67,83,MAE|SAE,9.816859568179886
4004,67,70,MAE|SAE,2.542602221869591
4005,67,70,MAE|SAE,2.434009984128325
4006,67,82,MAE|SAE,13.317440419022525
4007,67,70,MAE|SAE,2.8002737079583775
4008,67,70,MAE|SAE,2.084555857447212
4009,67,76,MAE|SAE,16.92242644513216
4010,67,82,MAE|SAE,5.501229046171821
4011,67,78,LAE|MAE|SAE,5.377469087293382
4012,67,86,MAE|SAE,13.246278988300498
4013,67,71,MAE|SAE,3.200810575714286
4014,67,72,MAE|SAE,3.562933381511629
4015,68,83,LAE|MAE|SAE,6.783787973873535
4016,68,73,LAE|MAE,13.870184272734154
4017,68,74,LAE|MAE|SAE,3.233217116336046
4018,68,70,MAE,3.220838110535529
4019,68,73,LAE|MAE|SAE,2.9748822958647394
4020,68,81,LAE|MAE,6.797662587533163
4021,68,74,LAE|MAE,3.8677141277692195
4022,68,78,LAE|MAE|SAE,5.8266563686044055
4023,68,72,MAE|SAE,2.794226234730604
4024,68,83,LAE|MAE|SAE,5.1767991124306
4025,68,70,MAE,6.078337911499739
4026,68,70,MAE,3.418900165268515
4027,68,70,MAE,2.7935872944744844
4028,68,70,MAE,3.3676449376059
4029,69,71,LAE|MAE|SAE,1.606511403333576
4030,69,74,LAE|MAE|SAE,3.297473491884382
4031,69,71,LAE|MAE|SAE,1.5688954371091328
4032,69,84,LAE|MAE|SAE,6.190216311290216
4033,69,70,LAE|MAE,1.8307984735771057
4034,69,70,LAE|MAE,2.617243569490518
4035,69,71,LAE|MAE|SAE,2.0799967222114337
4036,69,72,LAE|MAE|SAE,2.3606540977601385
4037,69,73,LAE|MAE|SAE,2.7027581097656315
4038,69,70,LAE|MAE,2.3084977196824235
4039,69,71,LAE|MAE|SAE,3.1729099877097418
4040,69,73,LAE|MAE|SAE,3.2201353878149206
4041,69,76,LAE|MAE|SAE,3.408228912243793
4042,69,70,LAE|MAE,1.7658155084310825
4043,69,74,LAE|MAE,3.3966043784598514
4044,69,71,LAE|MAE|SAE,3.4039933495749013
4045,69,70,LAE|MAE,1.570019197955497
4046,69,73,LAE|MAE|SAE,2.4558951599012513
4047,69,75,LAE|MAE|SAE,3.512362630677582
4048,69,70,LAE|MAE,1.3284850512735962
4049,69,70,LAE|MAE,2.5154745711987543
4050,69,74,LAE|MAE|SAE,3.347853805923713
4051,69,71,LAE|MAE|SAE,3.7203893640275587
4052,69,70,LAE|MAE,3.2313422475621505
4053,69,80,LAE|MAE|SAE,4.987983724679916
4054,69,77,LAE|MAE|SAE,5.2177948257427955
4055,69,70,LAE|MAE,3.3297046301385196
4056,69,70,LAE|MAE,2.324524764258696
4057,69,70,LAE|MAE,3.668154068753327
4058,69,70,LAE|MAE,1.7197450751634216
4059,69,75,LAE|MAE|SAE,3.3249499431713665
4060,69,70,LAE|MAE,3.0659353401598204
4061,69,73,LAE|MAE|SAE,2.6192075788944322
4062,69,70,LAE|MAE,3.5271646369235237
4063,69,78,LAE|MAE|SAE,5.968404364435642
4064,69,70,LAE|MAE,2.2355304279599686
4065,69,70,LAE|MAE,12.629799755367179
4066,69,70,LAE|MAE,2.5238301665629828
4067,69,70,LAE|MAE,12.564702055338364
4068,69,76,LAE|MAE|SAE,5.5869997224396855
4069,69,70,LAE|MAE,1.8950102959433537
4070,67,71,SAE,2.18321767907568
4071,67,79,LAE|MAE|SAE,5.9704164976156155
4072,67,72,MAE|SAE,3.847984160612888
4073,68,71,MAE|SAE,9.227838061878828
4074,68,76,LAE|MAE|SAE,3.7293097129996644
4075,68,71,MAE|SAE,3.161952753677478
4076,68,71,MAE|SAE,3.575315807636378
4077,68,75,MAE|SAE,3.7503747490548505
4078,68,72,MAE|SAE,4.952382744771304
4079,68,77,LAE|MAE|SAE,5.494948769607292
4080,68,76,LAE|MAE|SAE,6.565223120982123
4081,70,71,MAE|SAE,4.0524632769715065
4082,70,73,LAE|MAE|SAE,2.938355950216189
4083,70,71,MAE|SAE,2.2702097743763123
4084,70,72,MAE|SAE,6.3428922406576325
4085,70,77,LAE|MAE|SAE,5.564056380247254
4086,70,75,LAE|MAE|SAE,5.658210312859201
4087,70,71,MAE|SAE,1.3935854712834541
4088,70,78,LAE|MAE|SAE,6.022014196339854
4089,70,73,LAE|MAE|SAE,4.769527155021905
4090,70,71,MAE|SAE,1.3407959175562967
4091,70,71,MAE|SAE,1.493763276654608
4092,70,73,LAE|MAE|SAE,3.656650892471582
4093,70,71,MAE|SAE,1.3589641824272465
4094,70,76,LAE|MAE|SAE,48.8252165753351
4095,70,73,LAE|MAE|SAE,3.1612420164328996
4096,70,75,LAE|MAE|SAE,3.139650904179466
4097,70,72,MAE|SAE,2.6241477055254547
4098,70,71,MAE|SAE,1.4053485545112423
4099,70,79,LAE|MAE|SAE,4.951660519757648
4100,70,71,MAE|SAE,3.4075711295965747
4101,70,73,LAE|MAE|SAE,3.0242181578320295
4102,70,71,MAE|SAE,1.2563161188266365
4103,70,71,MAE|SAE,2.715672626861135
4104,70,72,MAE|SAE,2.8906926048320227
4105,70,71,MAE|SAE,1.3462871916852337
4106,70,73,LAE|MAE|SAE,2.185279985271152
4107,70,76,MAE|SAE,13.06824794883275
4108,70,72,MAE|SAE,2.5870524818528424
4109,70,71,MAE|SAE,3.006136263158068
4110,68,73,LAE|MAE,3.712148651253083
4111,69,78,LAE|MAE|SAE,4.994249569656312
4112,69,75,LAE|MAE|SAE,3.5921351186807975
4113,69,73,LAE|MAE,6.105878761127982
4114,69,75,LAE|MAE|SAE,5.598472246928313
4115,69,72,LAE|MAE,3.3828789526979284
4116,69,76,LAE|MAE,5.011907879010005
4117,69,77,LAE|MAE,9.16863894843772
4118,69,96,LAE|MAE|SAE,9.503430855870459
4119,69,72,LAE|MAE,3.266483768895034
4120,69,72,LAE|MAE,3.718957830331425
4121,69,72,LAE|MAE,3.020929792232042
4122,69,73,LAE|MAE,5.46355808782942
4123,69,73,LAE|MAE,6.049355607065534
4124,69,75,LAE|MAE|SAE,5.437209807570802
4125,69,75,LAE|MAE|SAE,7.156308036168794
4126,70,75,LAE|MAE|SAE,3.135015484676906
4127,70,74,LAE|MAE,4.75566012526318
4128,70,72,MAE,2.615784497714933
4129,70,72,MAE,2.173134852956612
4130,70,86,MAE,16.18071435424427
4131,70,72,MAE,4.2439780989087765
4132,70,72,MAE,2.3759621416717724
4133,70,72,MAE,31.605768274403868
4134,70,72,MAE,51.65805858920468
4135,70,72,MAE,18.01786613839108
4136,70,75,MAE|SAE,4.40760634260303
4137,70,74,MAE,20.961058916004085
4138,70,72,MAE,21.613865018889115
4139,70,76,MAE,17.359986456108757
4140,71,76,MAE|SAE,2.586897342348922
4141,71,76,MAE|SAE,2.9981166404505664
4142,71,75,LAE|MAE|SAE,3.100636677527072
4143,71,72,MAE|SAE,1.885678008790089
4144,71,75,LAE|MAE|SAE,2.7080193415838076
4145,71,90,LAE|MAE|SAE,9.339243887263303
4146,71,82,LAE|MAE|SAE,4.486027733027577
4147,71,72,MAE|SAE,1.9008044987891262
4148,71,72,MAE|SAE,8.45449416645266
4149,71,75,MAE|SAE,3.0364414132519504
4150,71,75,LAE|MAE|SAE,5.642482196550873
4151,71,82,LAE|MAE|SAE,10.368765949395083
4152,71,75,LAE|MAE|SAE,3.038886271610513
4153,71,83,LAE|MAE|SAE,7.725713136845149
4154,71,72,MAE|SAE,1.3923024487414224
4155,71,73,LAE|MAE|SAE,4.014961305389117
4156,71,83,LAE|MAE|SAE,4.438843906901486
4157,71,73,LAE|MAE|SAE,3.3153437862876696
4158,71,72,MAE|SAE,1.5325203013540944
4159,71,76,LAE|MAE|SAE,2.865105025061738
4160,71,76,LAE|MAE|SAE,3.309668314101229
4161,71,76,MAE|SAE,12.466573743964728
4162,71,75,LAE|MAE|SAE,2.9747621603865024
4163,71,72,MAE|SAE,1.8501878519032886
4164,71,75,MAE|SAE,2.8119421657904957
4165,71,72,MAE|SAE,2.5759138596304325
4166,71,75,MAE|SAE,2.698279568700399
4167,71,72,MAE|SAE,1.726676366420472
4168,71,72,MAE|SAE,1.542056048399329
4169,71,74,LAE|MAE|SAE,2.9522113350350208
4170,71,72,MAE|SAE,2.3099443443253524
4171,71,74,LAE|MAE|SAE,2.80431174333926
4172,71,74,MAE|SAE,2.5408984641842776
4173,71,72,MAE|SAE,3.624149205307548
4174,71,74,LAE|MAE|SAE,2.772781876211654
4175,71,72,MAE|SAE,2.0013975554641203
4176,71,74,LAE|MAE|SAE,2.823914657526817
4177,71,72,MAE|SAE,2.2199032174687354
4178,71,72,MAE|SAE,2.9657964285068235
4179,71,72,MAE|SAE,1.9113033912690218
4180,71,74,LAE|MAE|SAE,2.006969513947969
4181,71,72,MAE|SAE,5.437658253199471
4182,71,72,MAE|SAE,4.691662441479168
4183,69,73,LAE,5.01814091745222
4184,69,73,LAE,6.1219086191280825
4185,69,76,LAE|MAE|SAE,6.311823804606238
4186,69,74,LAE|MAE,9.604555346708882
4187,69,73,LAE,9.439667589627355
4188,69,73,LAE,5.107030577403991
4189,69,77,LAE,54.57898750020694
4190,70,73,LAE|MAE,5.2444223072545615
4191,70,73,LAE|MAE,5.234818506387043
4192,72,78,LAE|MAE|SAE,3.8566825546083017
4193,72,74,LAE|MAE,2.1880997013504104
4194,72,74,LAE|MAE,3.0408618241247067
4195,72,76,LAE|MAE|SAE,4.504007667636829
4196,72,78,LAE|MAE|SAE,4.863503884028636
4197,72,76,LAE|MAE|SAE,3.67695109210858
4198,72,73,LAE|MAE,2.4187883977278437
4199,72,74,LAE|MAE,3.293512126826586
4200,72,76,LAE|MAE|SAE,2.819436311222348
4201,72,74,LAE|MAE,1.8856109190961876
4202,72,73,LAE|MAE,2.760412260015715
4203,72,76,LAE|MAE|SAE,2.499280485906074
4204,72,74,LAE|MAE,2.6370337301822353
4205,72,74,LAE|MAE,4.7476010137983495
4206,72,74,LAE|MAE,2.252909467481177
4207,72,73,LAE|MAE,2.473965875116776
4208,72,74,LAE|MAE,4.466842194981459
4209,72,73,LAE|MAE,1.6388687626673974
4210,72,73,LAE|MAE,3.8085662498631225
4211,72,77,LAE|MAE|SAE,5.878664870746408
4212,72,73,LAE|MAE,4.822667366127013
4213,72,78,LAE|MAE|SAE,4.680690821153834
4214,72,75,LAE|MAE|SAE,5.641791262256775
4215,72,99,LAE|MAE|SAE,9.48113932299791
4216,72,73,LAE|MAE,4.41295391981296
4217,72,73,LAE|MAE,2.8389522427615135
4218,72,77,LAE|MAE|SAE,2.657583346635118
4219,72,78,LAE|MAE|SAE,5.640994218060077
4220,72,73,LAE|MAE,1.73024258092784
4221,72,77,LAE|MAE|SAE,4.089814688769961
4222,72,90,LAE|MAE|SAE,7.47394963077675
4223,72,76,LAE|MAE,5.429105385995013
4224,72,73,LAE|MAE,2.902131385053295
4225,72,74,LAE|MAE,2.4861381072800044
4226,72,75,LAE|MAE|SAE,6.1299306497406665
4227,72,78,LAE|MAE,5.266658538318592
4228,72,73,LAE|MAE,45.071327630438844
4229,72,77,LAE|MAE,5.249840612716735
4230,72,74,LAE|MAE,2.3247858206865604
4231,72,78,LAE|MAE,7.082904949992572
4232,72,73,LAE|MAE,40.58085691213888
4233,72,75,LAE|MAE|SAE,6.2154530360129545
4234,72,76,LAE|MAE|SAE,4.866579714803092
4235,72,73,LAE|MAE,3.840194102484539
4236,70,78,LAE|MAE|SAE,5.806368781658155
4237,70,78,MAE|SAE,6.1219205903880525
4238,71,77,LAE|MAE|SAE,5.282283130643585
4239,71,76,MAE|SAE,5.473239046730663
4240,71,75,MAE|SAE,3.990331712487045
4241,71,74,MAE|SAE,5.291560994876601
4242,71,86,LAE|MAE|SAE,8.864072702429326
4243,71,75,MAE|SAE,5.675785542914424
4244,71,76,MAE|SAE,2.771970335532853
4245,71,74,MAE|SAE,1.964995596934774
4246,71,79,MAE|SAE,5.854978214499066
4247,71,74,MAE|SAE,5.578849515298926
4248,71,84,LAE|MAE|SAE,6.07504780564303
4249,71,74,MAE|SAE,6.3292852867377025
4250,71,74,MAE|SAE,7.5464000240658615
4251,71,83,MAE|SAE,8.229059421425706
4252,71,78,MAE|SAE,4.251108986051544
4253,71,79,MAE|SAE,5.071666757069612
4254,72,83,LAE|MAE|SAE,4.026194187308096
4255,72,78,LAE|MAE|SAE,3.8255850130090763
4256,72,78,LAE|MAE|SAE,2.9672471959593767
4257,72,76,MAE|SAE,3.109971965737857
4258,72,75,MAE|SAE,3.4216864607233632
4259,72,76,MAE,39.71904461564129
4260,72,78,MAE|SAE,5.0488816281945335
4261,72,74,MAE,2.2273209235677127
4262,72,75,MAE|SAE,1.973156340116566
4263,72,77,LAE|MAE,5.61415725929334
4264,72,76,MAE,5.450541915883229
4265,72,76,MAE|SAE,3.3020011469779247
4266,72,82,MAE|SAE,4.582017825604332
4267,72,75,MAE|SAE,5.648136810984079
4268,72,74,MAE,13.609297573893897
4269,72,74,MAE,41.56873670457318
4270,72,75,MAE|SAE,3.645026335970823
4271,72,74,MAE,5.28060156747611
4272,72,74,MAE,2.4930434229967373
4273,72,74,MAE,5.672039165586234
4274,72,76,MAE|SAE,5.765383785544851
4275,72,76,MAE|SAE,4.7912531157152625
4276,72,82,MAE,19.826130483439698
4277,72,75,MAE|SAE,2.4458140686325978
4278,72,74,MAE,5.5808515870097235
4279,72,80,MAE,20.072456964872757
4280,72,75,MAE|SAE,4.605117688830681
4281,72,81,LAE|MAE|SAE,3.9955061016041626
4282,73,75,LAE|MAE|SAE,4.584435509232107
4283,73,77,LAE|MAE,3.915495792192741
4284,73,74,LAE|MAE,3.7298684999937706
4285,73,84,LAE|MAE|SAE,3.9991667191096845
4286,73,77,LAE|MAE|SAE,4.815451096354699
4287,73,74,LAE|MAE,4.38191729727261
4288,73,76,LAE|MAE,4.86207185341047
4289,73,76,LAE|MAE,2.392563215054463
4290,73,76,LAE|MAE,4.622384702660409
4291,73,74,LAE|MAE,3.7089355806234354
4292,73,80,LAE|MAE|SAE,5.004479664065486
4293,73,77,LAE|MAE,4.7249490231964675
4294,73,74,LAE|MAE,2.24766972697688
4295,73,74,LAE|MAE,1.6915798059163993
4296,73,75,LAE|MAE|SAE,4.563557120864491
4297,73,74,LAE|MAE,2.5186514549132077
4298,73,74,LAE|MAE,1.8612423694872196
4299,73,74,LAE|MAE,1.8440701917586324
4300,73,74,LAE|MAE,1.3977252310714916
4301,73,75,LAE|MAE|SAE,1.8498782622245742
4302,73,79,LAE|MAE|SAE,5.801174852349939
4303,73,75,LAE|MAE|SAE,6.744146737450841
4304,73,74,LAE|MAE,2.012710362310822
4305,73,82,LAE|MAE,40.06735131619687
4306,73,75,LAE|MAE|SAE,4.262627282766846
4307,73,75,LAE|MAE|SAE,2.209112051001512
4308,73,77,LAE|MAE,2.7465899629614015
4309,73,75,LAE|MAE|SAE,4.280412709469872
4310,73,74,LAE|MAE,4.640532920109171
4311,73,75,LAE|MAE|SAE,1.9160035459249292
4312,73,76,LAE|MAE|SAE,5.862435269590155
4313,73,74,LAE|MAE,1.969969787954375
4314,73,74,LAE|MAE,2.3638945013017043
4315,73,76,LAE|MAE,5.656001529357388
4316,73,77,LAE|MAE|SAE,4.651836107279021
4317,73,74,LAE|MAE,2.5270242183611433
4318,73,74,LAE|MAE,4.0337970544628305
4319,73,86,LAE|MAE|SAE,5.534724077929588
4320,73,74,LAE|MAE,6.345263732092381
4321,73,78,LAE|MAE,5.284080698362046
4322,73,76,LAE|MAE|SAE,5.64367116667224
4323,73,75,LAE|MAE|SAE,5.058336273749611
4324,73,80,LAE|MAE|SAE,5.386895033629284
4325,73,74,LAE|MAE,2.471253262357383
4326,73,74,LAE|MAE,38.45499876814579
4327,71,75,SAE,12.162021625005508
4328,71,82,MAE|SAE,7.425374272246201
4329,71,79,SAE,8.860996628915279
4330,71,79,SAE,5.700407467253135
4331,71,76,MAE|SAE,5.886954300223087
4332,71,75,SAE,6.333979711859408
4333,71,75,SAE,4.443934953610863
4334,71,83,MAE|SAE,9.304168105390128
4335,71,75,SAE,4.507752098925638
4336,71,84,MAE|SAE,12.295358473401008
4337,71,75,SAE,4.636405938929564
4338,71,79,LAE|MAE|SAE,4.667781264663931
4339,72,75,MAE|SAE,8.337633910847506
4340,72,75,MAE|SAE,2.4636877717987273
4341,72,75,MAE|SAE,11.735261897763626
4342,72,75,MAE|SAE,5.477278206254955
4343,72,78,MAE|SAE,5.08787669306906
4344,72,80,MAE|SAE,29.875539661883117
4345,74,75,MAE|SAE,2.4333010783298588
4346,74,76,MAE|SAE,4.711682847354335
4347,74,75,MAE|SAE,3.276125940511144
4348,74,75,MAE|SAE,4.173496425112843
4349,74,76,MAE|SAE,1.9867433081007806
4350,74,76,MAE|SAE,1.9934270905443603
4351,74,82,MAE|SAE,4.001791339154663
4352,74,75,MAE|SAE,3.20975568809965
4353,74,79,LAE|MAE|SAE,2.8374110298792874
4354,74,76,MAE|SAE,4.958581857880607
4355,74,75,MAE|SAE,2.15814564992744
4356,74,80,LAE|MAE|SAE,5.168608914004004
4357,74,95,MAE|SAE,8.494145846019824
4358,74,78,MAE|SAE,4.493304389370983
4359,74,88,LAE|MAE|SAE,7.809561946470486
4360,74,75,MAE|SAE,3.9236234500262746
4361,74,75,MAE|SAE,1.9745276269476328
4362,74,75,MAE|SAE,1.839675186714478
4363,74,76,MAE|SAE,2.03521220890464
4364,74,84,MAE|SAE,5.191206575266118
4365,74,100,LAE|MAE|SAE,9.384249771595215
4366,74,80,LAE|MAE|SAE,3.519763242359593
4367,74,80,LAE|MAE|SAE,4.231880162410935
4368,74,104,MAE|SAE,10.247532758376696
4369,74,75,MAE|SAE,4.0231397620223825
4370,74,77,LAE|MAE|SAE,4.350772137564724
4371,74,77,LAE|MAE|SAE,4.253874771375931
4372,74,75,MAE|SAE,5.3057583966335
4373,74,76,MAE|SAE,2.748651371646432
4374,74,75,MAE|SAE,4.134580671364607
4375,74,75,MAE|SAE,2.9425857261075437
4376,74,75,MAE|SAE,4.832792056508369
4377,74,75,MAE|SAE,1.3487350623822816
4378,74,75,MAE|SAE,5.225493551290407
4379,74,83,MAE|SAE,11.565943241298884
4380,74,75,MAE|SAE,2.2565391972472377
4381,74,80,MAE|SAE,5.828596513770273
4382,74,75,MAE|SAE,2.050524241784721
4383,74,75,MAE|SAE,1.9408248710757254
4384,74,78,MAE|SAE,5.830988043794346
4385,74,76,MAE|SAE,4.1693170175521015
4386,74,75,MAE|SAE,3.633738524583245
4387,74,75,MAE|SAE,1.4934120536410698
4388,74,84,MAE|SAE,5.248082442830478
4389,74,76,MAE|SAE,2.2963601400162816
4390,74,76,MAE|SAE,1.96544686621891
4391,74,80,LAE|MAE|SAE,3.6341506311478344
4392,74,75,MAE|SAE,3.4052581790367165
4393,74,75,MAE|SAE,2.1725072624757416
4394,74,75,MAE|SAE,4.911594098140489
4395,73,76,LAE|MAE,5.032626397357153
4396,73,77,LAE|MAE,4.962994351390513
4397,73,79,LAE|MAE|SAE,6.469480195323574
4398,73,76,LAE|MAE,3.9809019913998673
4399,73,80,LAE|MAE,9.005487565721152
4400,73,77,LAE|MAE,5.070576749482849
4401,74,76,MAE,4.865067485624304
4402,74,76,MAE,1.7817627511005683
4403,74,78,MAE,5.141910025132039
4404,74,76,MAE,5.2895582387827815
4405,74,86,MAE,17.622415904682143
4406,74,76,MAE,3.6225926529304355
4407,74,80,MAE,58.724846480128825
4408,74,96,MAE,13.060731193045136
4409,74,80,MAE,14.732837788026638
4410,74,76,MAE,5.472393546415676
4411,74,82,LAE|MAE|SAE,5.732438383401016
4412,74,82,MAE,3.5246376231699115
4413,74,76,MAE,46.584730121804874
4414,74,94,MAE,48.84106295149679
4415,74,95,LAE|MAE|SAE,9.20877651953072
4416,74,78,MAE,3.676045733569632
4417,74,78,LAE|MAE,4.388479175276822
4418,74,88,MAE,14.527452954449434
4419,74,84,MAE,29.82985652868376
4420,74,76,MAE,4.7460328007361205
4421,74,98,MAE,11.9197683449483
4422,74,77,LAE|MAE,5.622968447545039
4423,74,76,MAE,4.185819486808554
4424,74,102,MAE,42.055654806863814
4425,75,76,MAE|SAE,1.7802321334219162
4426,75,79,LAE|MAE|SAE,3.2369175565297854
4427,75,76,MAE|SAE,4.228739386767249
4428,75,78,LAE|MAE|SAE,2.403453150116044
4429,75,79,MAE|SAE,5.743377059537003
4430,75,76,MAE|SAE,4.455222845502347
4431,75,76,MAE|SAE,5.019285140534666
4432,75,78,MAE|SAE,2.096782840812199
4433,75,76,MAE|SAE,1.451669835438263
4434,75,86,LAE|MAE|SAE,8.051860568183386
4435,75,80,LAE|MAE|SAE,3.6185973068243427
4436,75,79,LAE|MAE|SAE,2.893536637990031
4437,75,79,MAE|SAE,6.312374749146096
4438,75,80,MAE|SAE,3.558929472521075
4439,75,76,MAE|SAE,4.145457548928207
4440,75,80,LAE|MAE|SAE,2.8974889836468836
4441,75,76,MAE|SAE,2.326518327334759
4442,75,80,LAE|MAE|SAE,3.588871650002557
4443,75,80,LAE|MAE|SAE,3.7288601992669204
4444,75,77,LAE|MAE|SAE,3.903429362229116
4445,75,77,LAE|MAE|SAE,1.9543726647435369
4446,75,77,LAE|MAE|SAE,4.268204935253986
4447,75,76,MAE|SAE,5.01993163307554
4448,75,76,MAE|SAE,5.099629455383463
4449,75,76,MAE|SAE,4.421974324953958
4450,75,76,MAE|SAE,4.660270857495397
4451,75,79,LAE|MAE|SAE,4.986082072905031
4452,75,76,MAE|SAE,2.1961415416883154
4453,75,79,LAE|MAE|SAE,2.197358589476435
4454,75,86,LAE|MAE|SAE,8.190045650104
4455,75,77,LAE|MAE|SAE,4.3567104954296285
4456,75,79,LAE|MAE|SAE,3.053932456828023
4457,75,76,MAE|SAE,4.473204511125891
4458,75,76,MAE|SAE,7.139284794731016
4459,75,77,LAE|MAE|SAE,4.121718149898587
4460,75,76,MAE|SAE,4.142123157811181
4461,75,76,MAE|SAE,3.43910670014323
4462,75,78,MAE|SAE,4.307254846826482
4463,73,77,LAE,37.75924432739907
4464,73,77,LAE,3.8797536628797644
4465,73,77,LAE,16.850849275978145
4466,73,77,LAE,42.86454113921034
4467,74,77,LAE|MAE,5.905824492740279
4468,76,80,LAE|MAE,3.2562043162462335
4469,76,77,LAE|MAE,4.553852851218333
4470,76,84,LAE|MAE|SAE,3.761314259295256
4471,76,77,LAE|MAE,4.277610558264538
4472,76,77,LAE|MAE,3.0395682906356862
4473,76,77,LAE|MAE,3.6194508536619554
4474,76,77,LAE|MAE,4.271428472418994
4475,76,80,LAE|MAE,3.128150204344267
4476,76,78,LAE|MAE,2.7887595880050253
4477,76,77,LAE|MAE,5.0055447505495385
4478,76,77,LAE|MAE,1.4883614271628767
4479,76,77,LAE|MAE,1.9823552348072115
4480,76,77,LAE|MAE,4.191319328682985
4481,76,78,LAE|MAE,5.160451912089719
4482,76,78,LAE|MAE,2.382391194093472
4483,76,77,LAE|MAE,4.014907304132167
4484,76,78,LAE|MAE,3.1077007687333227
4485,76,78,LAE|MAE,4.449199168134194
4486,76,77,LAE|MAE,3.9190719593883214
4487,76,90,LAE|MAE|SAE,7.915226204897634
4488,76,80,LAE|MAE|SAE,3.728253660534313
4489,76,77,LAE|MAE,3.011974420333557
4490,76,80,LAE|MAE|SAE,4.976189744365212
4491,76,77,LAE|MAE,1.2768525465218603
4492,76,78,LAE|MAE,4.415340454209348
4493,76,80,LAE|MAE|SAE,5.195381874769212
4494,76,79,LAE|MAE|SAE,4.465749373763372
4495,74,78,MAE,8.24592775756073
4496,74,86,MAE|SAE,11.504108487321266
4497,74,88,MAE,8.86409625781734
4498,75,80,MAE|SAE,4.844684690507134
4499,75,83,MAE|SAE,8.570305738541743
4500,75,78,MAE|SAE,4.091506354609073
4501,75,78,MAE|SAE,5.3402192140778455
4502,75,78,MAE|SAE,4.989392858510866
4503,75,83,MAE|SAE,4.809112275602531
4504,75,84,MAE|SAE,4.154718233784108
4505,75,78,MAE|SAE,4.636691669258822
4506,75,79,MAE|SAE,5.145821140116264
4507,76,78,MAE,3.866230071962897
4508,76,78,MAE,4.51335369971273
4509,76,78,MAE,4.294430764736941
4510,76,79,MAE|SAE,4.6080030272133055
4511,76,79,MAE|SAE,4.577030396683784
4512,76,79,MAE|SAE,2.6198811262969097
4513,76,78,MAE,5.215723115532235
4514,76,80,MAE|SAE,2.4299676922709237
4515,76,78,MAE,5.265643774830187
4516,76,78,MAE,2.9347071453361484
4517,76,78,MAE,3.002512860471096
4518,76,80,MAE,27.497845619213432
4519,76,78,MAE,5.688721402441443
4520,76,78,MAE,4.507876819458016
4521,76,79,MAE|SAE,4.734142761644919
4522,76,84,LAE|MAE|SAE,3.871599178340239
4523,76,79,MAE|SAE,2.4235091952459507
4524,77,80,LAE|MAE|SAE,2.080511506117162
4525,77,78,LAE|MAE,2.7310778678907615
4526,77,79,LAE|MAE|SAE,2.1858686298480774
4527,77,78,LAE|MAE,6.067045470608766
4528,77,81,LAE|MAE,3.113266191761616
4529,77,80,LAE|MAE|SAE,2.703063213092448
4530,77,80,LAE|MAE|SAE,4.503103310495334
4531,77,78,LAE|MAE,2.3537710765573197
4532,77,80,LAE|MAE|SAE,3.0043434515219705
4533,77,80,LAE|MAE|SAE,2.5548788747544067
4534,77,78,LAE|MAE,4.331076097403783
4535,77,78,LAE|MAE,3.694423191466211
4536,77,82,LAE|MAE|SAE,5.2118675615830625
4537,77,80,LAE|MAE|SAE,4.450697301374783
4538,77,78,LAE|MAE,2.2710720065484287
4539,77,79,LAE|MAE|SAE,1.5755874940135635
4540,77,79,LAE|MAE|SAE,1.7598581739352255
4541,77,78,LAE|MAE,5.2238774785469655
4542,77,78,LAE|MAE,4.58849069454518
4543,77,78,LAE|MAE,2.2220251039206302
4544,77,78,LAE|MAE,4.129826034297939
4545,77,78,LAE|MAE,3.1664461730239326
4546,75,83,MAE|SAE,8.714921331948913
4547,75,83,MAE|SAE,7.83033602539724
4548,75,87,MAE|SAE,8.339938651194256
4549,75,83,MAE|SAE,7.788624548926417
4550,75,79,SAE,12.512726848177614
4551,75,79,SAE,3.317317920902046
4552,75,95,SAE,13.525602337857382
4553,75,79,SAE,9.32600039246987
4554,75,79,SAE,9.605035461457039
4555,76,82,MAE|SAE,6.305910927898312
4556,76,86,MAE|SAE,7.127332645857428
4557,76,79,MAE|SAE,4.700265814098703
4558,76,86,MAE|SAE,4.303799341815877
4559,76,92,MAE|SAE,7.375538979704827
4560,78,79,MAE|SAE,2.207896813530957
4561,78,80,MAE|SAE,2.3793617882862095
4562,78,79,MAE|SAE,2.5861856481863024
4563,78,79,MAE|SAE,1.8667279373277204
4564,78,87,MAE|SAE,4.228012104045158
4565,78,80,MAE|SAE,1.8641874731242427
4566,78,80,MAE|SAE,2.209383170727886
4567,78,84,MAE|SAE,3.551641567149081
4568,78,79,MAE|SAE,2.776498499120015
4569,78,80,MAE|SAE,2.4956846225499056
4570,78,84,LAE|MAE|SAE,3.9497938895973133
4571,78,79,MAE|SAE,3.7888589198428693
4572,78,80,MAE|SAE,4.770107256025908
4573,78,79,MAE|SAE,1.9339814460046512
4574,78,79,MAE|SAE,4.133358831351232
4575,78,79,MAE|SAE,2.3565178596631977
4576,78,79,MAE|SAE,3.660147836261157
4577,78,79,MAE|SAE,1.4461641463405508
4578,78,80,MAE|SAE,1.8511215713597444
4579,78,80,MAE|SAE,2.664712481212135
4580,78,79,MAE|SAE,2.6665354362267295
4581,78,80,MAE|SAE,4.983862358951842
4582,78,86,MAE|SAE,3.5709935509376396
4583,78,79,MAE|SAE,7.350605040374945
4584,78,82,MAE|SAE,2.4256973544242406
4585,78,82,MAE|SAE,4.032424011055742
4586,78,79,MAE|SAE,4.256567505885864
4587,78,79,MAE|SAE,3.7032950084400484
4588,78,88,MAE|SAE,9.653033952099086
4589,78,99,LAE|MAE|SAE,7.537264911058947
4590,78,80,MAE|SAE,4.799663095651212
4591,78,80,MAE|SAE,2.5048084297783384
4592,78,79,MAE|SAE,1.1842873769741633
4593,78,80,MAE|SAE,6.103685790222388
4594,78,83,MAE|SAE,5.638230612055447
4595,78,86,MAE|SAE,3.8041415601903443
4596,78,80,MAE|SAE,4.249880049775168
4597,78,79,MAE|SAE,4.208065062539392
4598,78,80,MAE|SAE,4.058717812877532
4599,78,79,MAE|SAE,3.4991229504033114
4600,78,80,MAE|SAE,2.5806818223127626
4601,78,94,LAE|MAE|SAE,7.246676863082528
4602,78,79,MAE|SAE,5.234877332964119
4603,78,79,MAE|SAE,1.7587281231355725
4604,78,79,MAE|SAE,2.267273207950625
4605,78,79,MAE|SAE,4.580152690261707
4606,78,79,MAE|SAE,4.4877908505830355
4607,78,79,MAE|SAE,4.12373476352867
4608,78,80,MAE|SAE,2.5289046362606196
4609,78,79,MAE|SAE,1.9079217017866132
4610,76,84,MAE,6.1382628268370105
4611,76,86,MAE,22.20389562193042
4612,76,80,MAE,3.1057968539827825
4613,76,80,MAE,54.11719394807759
4614,76,82,MAE,8.02604077168253
4615,76,80,MAE,6.282585002628883
4616,76,80,MAE,19.520239088080178
4617,77,80,LAE|MAE,2.7505253362856945
4618,77,80,LAE|MAE,8.453905506291884
4619,78,82,MAE,7.193065307408567
4620,78,80,MAE,2.6668111261624783
4621,78,98,MAE,12.565652738987037
4622,78,84,MAE,21.52133574575022
4623,78,80,MAE,3.534806033776637
4624,78,80,MAE,1.88190239320598
4625,78,80,MAE,2.3968695310983934
4626,78,87,MAE|SAE,6.791200893203611
4627,78,87,MAE|SAE,6.924462235714609
4628,78,80,MAE,16.72665556643999
4629,78,80,MAE,5.827919676865131
4630,78,80,MAE,3.439533339520774
4631,78,86,MAE,13.250267604393803
4632,78,90,MAE,42.065176243148166
4633,78,88,MAE|SAE,4.5102300841301615
4634,78,80,MAE,9.755188154621719
4635,78,88,MAE,5.5569777592171645
4636,78,86,MAE,21.040245238381946
4637,78,81,LAE|MAE,2.9611405166290483
4638,79,83,MAE|SAE,3.7840701359594737
4639,79,86,MAE|SAE,7.035436366870007
4640,79,80,MAE|SAE,3.5627201406756157
4641,79,92,MAE|SAE,6.652424871902604
4642,79,80,MAE|SAE,3.643245466357148
4643,79,80,MAE|SAE,4.000073853822515
4644,79,86,MAE|SAE,9.397902546700099
4645,79,87,LAE|MAE|SAE,6.911070618698972
4646,79,80,MAE|SAE,5.118956292424274
4647,79,80,MAE|SAE,4.175705639096033
4648,79,80,MAE|SAE,3.3592106480679
4649,79,88,MAE|SAE,5.964243751993569
4650,79,86,MAE|SAE,5.8199503860542805
4651,79,80,MAE|SAE,3.4934024115523874
4652,79,80,MAE|SAE,1.4028155082667852
4653,79,80,MAE|SAE,1.8480518448966856
4654,79,80,MAE|SAE,8.864043060458446
4655,79,92,MAE|SAE,6.704816925573866
4656,79,80,MAE|SAE,1.452960962956776
4657,79,82,MAE|SAE,2.130289310376767
4658,79,80,MAE|SAE,3.2923113517152416
4659,79,80,MAE|SAE,1.6903324668235846
4660,79,80,MAE|SAE,1.9993988096237767
4661,79,91,MAE|SAE,5.903021181329075
4662,79,80,MAE|SAE,4.185482887414061
4663,79,87,MAE|SAE,3.6219662864053106
4664,79,82,MAE|SAE,3.6819832592110666
4665,79,80,MAE|SAE,3.8377973915666757
4666,79,80,MAE|SAE,3.493350424645848
4667,79,80,MAE|SAE,5.4206875581658025
4668,79,80,MAE|SAE,3.9143265602765664
4669,79,84,MAE|SAE,5.095638684715271
4670,80,83,LAE|MAE|SAE,1.8706090812270082
4671,80,87,LAE|MAE|SAE,4.668039322537525
4672,78,82,MAE,22.822292921651197
4673,78,87,MAE|SAE,4.124218064511232
4674,78,84,MAE,21.47467794872423
4675,78,82,MAE,5.971353259711657
4676,78,82,MAE,35.81701470243837
4677,79,87,MAE|SAE,7.115226830778948
4678,79,84,MAE|SAE,3.6162565091409937
4679,79,84,MAE|SAE,5.8170879581158585
4680,79,84,MAE|SAE,3.618452472569568
4681,79,82,MAE|SAE,2.1984589661881357
4682,79,82,MAE|SAE,3.079865331052945
4683,79,83,MAE|SAE,2.2556434261017775
4684,79,87,MAE|SAE,5.679116697934805
4685,79,82,MAE|SAE,6.02805082813904
4686,79,83,MAE|SAE,3.1857333464697866
4687,80,88,MAE,12.903493008091523
4688,80,82,MAE,1.798857423633311
4689,80,82,MAE,3.3200715022610376
4690,80,88,MAE,6.610639717138017
4691,80,90,MAE|SAE,5.250371132999156
4692,80,90,LAE|MAE|SAE,6.204779048538784
4693,80,84,MAE|SAE,3.1551441133276015
4694,80,86,MAE,8.8196821947557
4695,80,84,MAE,2.7431165219642732
4696,80,88,MAE|SAE,5.588183519648916
4697,80,82,MAE,48.388644165583194
4698,80,86,MAE,6.488247038678983
4699,80,83,MAE|SAE,5.1145661135936
4700,80,82,MAE,6.1576987033013895
4701,80,82,MAE,33.357892557807865
4702,80,82,MAE,5.242436487322747
4703,80,82,MAE,3.356361789780741
4704,80,82,MAE,8.447643180168377
4705,80,87,MAE|SAE,3.6934129895922605
4706,80,88,MAE|SAE,6.166837946770047
4707,81,82,LAE|MAE,1.3865425844685928
4708,81,82,LAE|MAE,1.670842012464159
4709,81,82,LAE|MAE,1.8763838718402266
4710,81,84,LAE|MAE|SAE,1.7475970034640949
4711,81,84,LAE|MAE|SAE,2.2601476370509874
4712,79,83,SAE,9.317355712412427
4713,79,83,SAE,6.870725601022609
4714,79,83,SAE,9.718993828664082
4715,79,98,MAE|SAE,6.713442652266849
4716,79,87,SAE,6.1366628611078875
4717,79,83,SAE,5.133449711887868
4718,79,83,SAE,3.4205650309568516
4719,80,87,MAE|SAE,5.395601691705971
4720,80,83,MAE|SAE,4.729484360444486
4721,80,83,MAE|SAE,5.136175281038873
4722,80,83,MAE|SAE,5.17136396245673
4723,80,84,MAE|SAE,3.219381021716176
4724,82,86,MAE|SAE,3.0746623211842894
4725,82,84,MAE|SAE,3.5062861608804217
4726,82,88,MAE|SAE,3.566090037129605
4727,82,84,MAE|SAE,3.066562578826618
4728,82,84,MAE|SAE,1.9671664284560388
4729,82,87,MAE|SAE,3.1659688219433977
4730,82,83,MAE|SAE,2.7912937696660016
4731,82,83,MAE|SAE,3.2491667477662713
4732,82,83,MAE|SAE,3.0639426780227286
4733,82,88,MAE|SAE,3.4352720206548644
4734,82,87,MAE|SAE,2.8332096326839107
4735,82,83,MAE|SAE,4.465302773447489
4736,82,86,MAE|SAE,3.0479492482127335
4737,82,87,MAE|SAE,3.4523048094430453
4738,82,83,MAE|SAE,1.70141480509127
4739,82,83,MAE|SAE,4.155357649379808
4740,82,87,MAE|SAE,5.112831759711603
4741,82,86,MAE|SAE,6.635345205066932
4742,82,88,MAE|SAE,3.6794624247676677
4743,82,83,MAE|SAE,3.013118705326285
4744,82,83,MAE|SAE,2.9692735409770954
4745,82,88,MAE|SAE,3.137952557851624
4746,82,84,MAE|SAE,1.5797320072255892
4747,82,91,MAE|SAE,5.895341228170323
4748,82,86,MAE|SAE,2.755783187422025
4749,82,83,MAE|SAE,3.931751223005901
4750,82,86,MAE|SAE,6.271797060565978
4751,82,83,MAE|SAE,3.0115186750571348
4752,82,83,MAE|SAE,2.893432662351442
4753,82,83,MAE|SAE,2.1616720712122715
4754,82,88,MAE|SAE,4.038942143198277
4755,82,88,MAE|SAE,3.456831840103572
4756,82,83,MAE|SAE,4.263967104699324
4757,82,84,MAE|SAE,4.189560090739852
4758,82,87,MAE|SAE,5.38557951470463
4759,82,83,MAE|SAE,3.9017468510717057
4760,82,90,MAE|SAE,5.562277588962086
4761,82,87,LAE|MAE|SAE,5.879993243860117
4762,82,87,MAE|SAE,4.7131014146459345
4763,82,83,MAE|SAE,6.325659573449765
4764,82,83,MAE|SAE,2.71497477328336
4765,82,88,MAE|SAE,3.319475672201001
4766,82,87,MAE|SAE,5.635347193021503
4767,82,84,MAE|SAE,1.8783271955665746
4768,82,83,MAE|SAE,1.3035770165215055
4769,82,84,MAE|SAE,3.164363415423725
4770,82,83,MAE|SAE,3.9389212383156873
4771,82,83,MAE|SAE,3.7807695195468702
4772,82,88,MAE|SAE,4.12145661637978
4773,82,83,MAE|SAE,3.433997687199629
4774,82,88,MAE|SAE,3.3241964440095613
4775,80,84,MAE,9.875355981728717
4776,80,86,MAE,27.057661196700543
4777,80,88,MAE,11.778487614083101
4778,80,84,MAE,28.315087236651216
4779,80,84,MAE,5.872762511532965
4780,80,84,MAE,13.150713211574812
4781,80,86,MAE,32.46414515243895
4782,80,84,MAE,4.442854613101127
4783,80,84,MAE,7.640210723838673
4784,82,91,MAE|SAE,3.932989299285744
4785,82,88,MAE|SAE,5.457710248651466
4786,82,84,MAE,4.452299596880037
4787,82,84,MAE,2.077291705475605
4788,82,84,MAE,3.55320970105327
4789,82,84,MAE,3.099923700995408
4790,82,91,MAE|SAE,3.6457354409231884
4791,82,91,MAE|SAE,5.705058444691725
4792,82,88,MAE,3.7693027161032004
4793,82,91,MAE|SAE,4.155347348214203
4794,82,84,MAE,2.9427123245312705
4795,82,84,MAE,7.0204423119096555
4796,82,92,MAE|SAE,5.097157753605039
4797,82,86,MAE,5.857639559389721
4798,82,92,MAE|SAE,6.045126669760046
4799,82,91,MAE|SAE,5.2969188466187145
4800,82,100,MAE|SAE,8.648068198617125
4801,82,92,MAE|SAE,4.87236058038234
4802,82,86,MAE,3.507973963584696
4803,82,84,MAE,3.68644251232153
4804,82,86,MAE,2.856432593482175
4805,83,86,MAE|SAE,5.322123304875412
4806,83,88,MAE|SAE,3.687734343467521
4807,83,85,LAE|MAE|SAE,2.472667270461572
4808,83,84,MAE|SAE,2.1817171320801654
4809,83,84,MAE|SAE,2.594326567210521
4810,83,88,MAE|SAE,3.4025433181661535
4811,83,84,MAE|SAE,2.60822501421852
4812,83,88,MAE|SAE,5.834750291873694
4813,83,84,MAE|SAE,2.4338284271305355
4814,83,92,MAE|SAE,5.663958144373152
4815,83,87,MAE|SAE,5.082520492637148
4816,83,87,MAE|SAE,3.024114628319169
4817,83,86,MAE|SAE,3.0825283642828687
4818,83,86,MAE|SAE,3.350253602757517
4819,83,84,MAE|SAE,2.5722963984212197
4820,83,84,MAE|SAE,2.5622421929416626
4821,83,87,MAE|SAE,2.551499386822526
4822,83,84,MAE|SAE,2.5612187239102093
4823,83,84,MAE|SAE,2.2717702392831134
4824,83,84,MAE|SAE,4.0486046497440595
4825,83,84,MAE|SAE,2.5762248682539552
4826,83,88,MAE|SAE,2.882628483075337
4827,83,84,MAE|SAE,1.723228639576419
4828,83,88,MAE|SAE,4.697229619036509
4829,83,86,MAE|SAE,2.543525341089086
4830,83,87,MAE|SAE,2.481814544229462
4831,83,84,MAE|SAE,2.5744560121243603
4832,84,85,LAE|MAE,1.6799552038669974
4833,84,88,LAE|MAE|SAE,3.078912829558382
4834,84,85,LAE|MAE,1.1912355919213244
4835,82,92,MAE,6.3434359463289764
4836,82,98,MAE|SAE,10.885540075928237
4837,82,86,MAE,50.287683784693606
4838,82,86,MAE,27.022843347432374
4839,83,87,MAE|SAE,5.183064455619733
4840,83,96,LAE|MAE|SAE,5.392631302234176
4841,83,87,MAE|SAE,3.187017285777893
4842,83,86,MAE|SAE,2.5327215454754506
4843,83,91,MAE|SAE,5.221931126398821
4844,83,94,MAE|SAE,5.319649338326877
4845,83,86,MAE|SAE,3.030817629011011
4846,83,86,MAE|SAE,5.085324108779822
4847,84,95,MAE|SAE,4.285353840481005
4848,84,95,MAE|SAE,4.706476859481789
4849,84,90,MAE|SAE,4.594118091824998
4850,84,86,MAE,2.18881760570554
4851,84,100,MAE,54.364063977857214
4852,84,90,MAE|SAE,3.0047194269076223
4853,84,87,MAE|SAE,2.295226569514793
4854,84,88,MAE|SAE,2.4788219095768484
4855,84,86,MAE,3.1026080592657723
4856,84,88,MAE|SAE,2.576877575987891
4857,84,94,MAE,12.348157101404428
4858,84,86,MAE,25.154460503281403
4859,84,94,MAE|SAE,4.537106524165522
4860,84,86,MAE,4.911106397788276
4861,84,86,MAE,2.227042829123182
4862,84,86,MAE,30.3313790470631
4863,84,88,MAE|SAE,3.289348519110308
4864,84,92,MAE,12.447530467407365
4865,84,98,MAE|SAE,9.908851918468622
4866,84,88,MAE,3.8976059370151153
4867,84,90,MAE,3.869980720857815
4868,84,88,MAE,5.354310407813119
4869,84,88,MAE,10.230110544035183
4870,84,86,MAE,4.408322615693972
4871,84,88,MAE|SAE,3.364215166185772
4872,84,94,MAE,11.509388998678364
4873,84,99,LAE|MAE|SAE,5.4638223523787435
4874,84,100,MAE,10.36446096781985
4875,84,88,MAE,58.68310063250705
4876,84,86,MAE,9.803103312521886
4877,84,90,MAE,3.582070093320735
4878,84,90,MAE|SAE,4.473591574125538
4879,84,88,MAE|SAE,3.1763192433766
4880,84,87,MAE|SAE,4.707139361789162
4881,84,88,MAE|SAE,3.2162097615537153
4882,84,92,MAE|SAE,4.5224063786536535
4883,84,90,MAE,12.523241213905205
4884,84,86,MAE,2.2612404675316387
4885,84,87,MAE|SAE,2.152986998184427
4886,84,87,MAE|SAE,2.3081823718301226
4887,84,86,MAE,4.900254615859354
4888,84,94,MAE|SAE,3.781734756591338
4889,84,86,MAE,3.8595619883258134
4890,84,86,MAE,4.6661424654467965
4891,84,86,MAE,2.392650991503235
4892,84,86,MAE,3.01869130710074
4893,84,86,MAE,1.7807898905371855
4894,84,96,MAE,55.757169259409665
4895,84,87,MAE|SAE,2.1240699574939423
4896,84,86,MAE,33.456538131051936
4897,84,87,MAE|SAE,2.1115705583648237
4898,84,86,MAE,26.863638114309694
4899,84,86,MAE,9.696282219373964
4900,84,86,MAE,2.257640578571464
4901,84,92,MAE|SAE,5.0757152958566625
4902,84,86,MAE,2.247796618552286
4903,84,95,MAE|SAE,4.725389771801011
4904,85,87,LAE|MAE|SAE,1.9364064584225198
4905,83,87,SAE,6.33537457932292
4906,83,87,SAE,9.143671098369815
4907,83,87,SAE,11.455430149245268
4908,83,87,SAE,8.495815965436172
4909,84,87,MAE|SAE,4.235391895628046
4910,84,87,MAE|SAE,4.13518799121087
4911,84,87,MAE|SAE,5.598570659585936
4912,84,87,MAE|SAE,3.5720136653672077
4913,84,96,MAE|SAE,5.489526033344166
4914,84,92,MAE|SAE,5.41256281225062
4915,84,87,MAE|SAE,6.141730757685396
4916,84,87,MAE|SAE,7.041894345232328
4917,84,88,MAE|SAE,5.634046530517264
4918,84,96,MAE|SAE,5.719891464388947
4919,84,92,MAE|SAE,4.38970330902454
4920,84,90,MAE|SAE,2.819494624230266
4921,84,87,MAE|SAE,3.9610503529099406
4922,84,87,MAE|SAE,3.4265041458291856
4923,84,87,MAE|SAE,4.246790480076176
4924,84,87,MAE|SAE,3.8936854513836185
4925,86,87,MAE|SAE,1.6929238753287021
4926,86,88,MAE|SAE,1.6955263934595612
4927,86,92,MAE|SAE,3.663263579412497
4928,86,88,MAE|SAE,2.986279612551507
4929,86,87,MAE|SAE,4.338729514528394
4930,86,90,MAE|SAE,3.1527768662368763
4931,86,88,MAE|SAE,4.78990155278388
4932,86,91,MAE|SAE,4.673194714074381
4933,86,87,MAE|SAE,1.5908099101761655
4934,86,88,MAE|SAE,2.112381902115626
4935,86,87,MAE|SAE,1.6480199137690357
4936,86,96,MAE|SAE,4.84881559438698
4937,86,88,MAE|SAE,2.2995922431263778
4938,86,92,MAE|SAE,3.7665716003193532
4939,86,88,MAE|SAE,1.7597725890831963
4940,86,88,MAE|SAE,2.5279257368255044
4941,86,87,MAE|SAE,5.150839098113382
4942,86,90,MAE|SAE,4.874221370988969
4943,86,87,MAE|SAE,1.4536943089785639
4944,86,87,MAE|SAE,1.9704842277662564
4945,86,88,MAE|SAE,1.8217435589889037
4946,86,87,MAE|SAE,1.6097474950515558
4947,86,87,MAE|SAE,1.689806098447403
4948,86,99,LAE|MAE|SAE,4.694318431451695
4949,86,88,MAE|SAE,3.4382961232296334
4950,86,90,MAE|SAE,10.859691835468187
4951,86,96,MAE|SAE,4.307728807229021
4952,86,87,MAE|SAE,2.161515204742878
4953,86,87,MAE|SAE,1.5981314196398513
4954,86,87,MAE|SAE,1.5139493426867674
4955,86,87,MAE|SAE,1.4968623075181575
4956,86,87,MAE|SAE,2.135614856838333
4957,86,87,MAE|SAE,6.9346590413967055
4958,86,91,MAE|SAE,3.082063921058407
4959,86,96,MAE|SAE,4.48256963633018
4960,86,90,MAE|SAE,5.037917989023859
4961,86,92,MAE|SAE,4.665525995265141
4962,86,88,MAE|SAE,2.830088917454663
4963,86,87,MAE|SAE,4.717956980629735
4964,86,88,MAE|SAE,3.5513270262580527
4965,86,88,MAE|SAE,2.8414637119155914
4966,86,90,MAE|SAE,4.641750398704575
4967,86,87,MAE|SAE,1.8179055962993584
4968,86,92,MAE|SAE,3.8000029569731955
4969,84,100,MAE,10.255344854920125
4970,84,90,MAE,52.73840197693075
4971,84,88,MAE,40.51366315118883
4972,84,96,MAE,12.133574280495116
4973,84,96,MAE|SAE,6.924192584660484
4974,84,88,MAE,34.820760616529334
4975,84,90,MAE,53.08200453830129
4976,86,88,MAE,3.9204608775919536
4977,86,88,MAE,3.808383885609978
4978,86,92,MAE|SAE,3.1553913423966926
4979,86,88,MAE,4.196598690134398
4980,86,88,MAE,38.60714391761286
4981,86,88,MAE,3.567008911292764
4982,86,88,MAE,2.5703250200044883
4983,86,102,MAE,41.416757072603644
4984,86,92,MAE|SAE,5.6373839703114
4985,86,88,MAE,1.7678290799925076
4986,86,88,MAE,3.8951423211613116
4987,86,91,MAE|SAE,4.361128954405372
4988,86,88,MAE,14.87159072317321
4989,86,99,LAE|MAE|SAE,4.958072415634813
4990,86,88,MAE,5.087376525586686
4991,86,88,MAE,13.383381558520425
4992,86,88,MAE,4.630453034903386
4993,86,88,MAE,2.962790635585154
4994,86,88,MAE,2.2562073751458267
4995,86,99,LAE|MAE|SAE,4.99225275483117
4996,86,100,LAE|MAE|SAE,7.1095439629337625
4997,86,92,MAE,4.8337970252448414
4998,86,90,MAE,2.7223310199966746
4999,86,98,MAE,26.603581648131794
5000,86,88,MAE,3.883757666038797
5001,86,88,MAE,35.00364262296021
5002,86,88,MAE,4.2762990360282735
5003,86,104,MAE|SAE,9.408873588504576
5004,86,96,MAE|SAE,4.896649604857471
5005,87,92,MAE|SAE,3.186807000946361
5006,87,88,MAE|SAE,1.6367543875312431
5007,87,90,MAE|SAE,3.917072273651304
5008,87,92,MAE|SAE,3.072744825672256
5009,87,91,MAE|SAE,7.67409096891664
5010,87,88,MAE|SAE,3.709457477470765
5011,87,88,MAE|SAE,1.7601488230698148
5012,87,99,MAE|SAE,5.1264524877625925
5013,87,96,MAE|SAE,4.089314931733752
5014,87,88,MAE|SAE,2.9145495224586906
5015,87,88,MAE|SAE,1.5506385347676122
5016,87,91,MAE|SAE,4.567937607640899
5017,87,88,MAE|SAE,4.376002757587601
5018,87,88,MAE|SAE,4.299145762078134
5019,87,88,MAE|SAE,3.429567183597709
5020,87,88,MAE|SAE,2.3775847520462414
5021,87,88,MAE|SAE,2.707892055556852
5022,87,95,MAE|SAE,4.2234342028928245
5023,87,96,MAE|SAE,4.090892684469753
5024,87,88,MAE|SAE,3.1669650765153503
5025,87,90,MAE|SAE,2.7748852953457925
5026,87,96,MAE|SAE,4.601430512491591
5027,87,88,MAE|SAE,3.449230475094231
5028,87,95,MAE|SAE,4.776171695170466
5029,87,100,MAE|SAE,5.463314071773302
5030,87,88,MAE|SAE,1.7978592307830588
5031,87,91,LAE|MAE|SAE,4.5790689178465644
5032,87,92,MAE|SAE,4.942753896724663
5033,87,88,MAE|SAE,3.0014444517563383
5034,87,99,LAE|MAE|SAE,5.589213999439998
5035,87,88,MAE|SAE,1.4286182830284397
5036,87,88,MAE|SAE,4.193821071808326
5037,87,88,MAE|SAE,3.197472390596427
5038,87,90,MAE|SAE,6.386866080307597
5039,87,88,MAE|SAE,2.547506262975997
5040,87,95,MAE|SAE,3.8613947744977533
5041,87,88,MAE|SAE,1.9971586262158567
5042,87,88,MAE|SAE,4.799104282312541
5043,86,108,MAE,40.0171314807391
5044,86,90,MAE,4.694610106545445
5045,86,90,MAE,45.43962241987638
5046,86,92,MAE,36.05923844570802
5047,87,99,LAE|MAE|SAE,5.624004482945712
5048,87,92,MAE|SAE,4.310003640755839
5049,87,100,MAE|SAE,10.606135245682644
5050,87,91,MAE|SAE,3.824477121599109
5051,87,96,MAE|SAE,4.416095863338884
5052,88,90,MAE,4.4662020790882515
5053,88,94,MAE,30.6877512882313
5054,88,96,MAE,25.145742074072537
5055,88,95,LAE|MAE|SAE,3.5643914982883054
5056,88,94,MAE,24.953912657349893
5057,88,94,MAE,31.299149727220392
5058,88,90,MAE,2.307087065104992
5059,88,93,LAE|MAE,3.126188886808513
5060,88,96,MAE|SAE,3.732501627565842
5061,88,94,MAE|SAE,3.9740602063655626
5062,88,90,MAE,22.72331243993747
5063,88,90,MAE,42.16168028472722
5064,88,94,MAE,9.405441538733385
5065,88,98,MAE|SAE,8.61631221692424
5066,88,95,MAE|SAE,3.3455288661172027
5067,88,96,MAE|SAE,4.111550486589519
5068,88,91,MAE|SAE,3.686217004406734
5069,88,107,LAE|MAE|SAE,4.742936793659946
5070,88,92,MAE|SAE,3.469182090158226
5071,88,92,MAE|SAE,3.1173765298704996
5072,88,94,MAE|SAE,4.160896291533734
5073,88,90,MAE,9.02098002193139
5074,88,90,MAE,58.020063249825675
5075,88,95,MAE|SAE,4.4558131080745085
5076,88,94,MAE,22.355001360060992
5077,88,90,MAE,3.3745189299951246
5078,88,95,MAE|SAE,4.0356181679150405
5079,88,95,MAE|SAE,4.18735452339434
5080,88,90,MAE,9.092902101032267
5081,88,90,MAE,10.440968360844924
5082,88,92,MAE,29.792529777328284
5083,88,90,MAE,26.389119170946135
5084,88,90,MAE,9.408708278603882
5085,88,90,MAE,1.5663472455269536
5086,88,95,MAE|SAE,4.158556443081487
5087,88,90,MAE,3.5159056774234534
5088,88,92,MAE,34.85862813031867
5089,88,90,MAE,4.186409121286681
5090,88,90,MAE,4.0511086532296
5091,88,99,MAE|SAE,8.057093607470172
5092,88,96,MAE,29.66322736742168
5093,88,91,MAE|SAE,3.494355819845383
5094,88,90,MAE,13.878266883941274
5095,88,90,MAE,24.95312431507456
5096,88,91,MAE|SAE,4.013925331250509
5097,88,95,MAE|SAE,3.421114519691539
5098,88,90,MAE,26.503127230859498
5099,88,94,MAE,8.196985592212217
5100,88,96,MAE|SAE,4.779362089028201
5101,88,94,MAE,8.427574708538188
5102,88,95,MAE|SAE,3.929114706504435
5103,88,96,MAE,8.666803374966538
5104,88,92,MAE,3.156312440924098
5105,88,92,MAE|SAE,4.237865470203228
5106,88,90,MAE,33.39506162714101
5107,88,92,MAE,4.312628845305359
5108,88,96,MAE,36.861816720679116
5109,88,90,MAE,27.084626545722163
5110,88,91,MAE|SAE,4.410286142240257
5111,88,98,MAE,59.89494131036331
5112,88,90,MAE,36.340363969843345
5113,88,90,MAE,10.167215294874644
5114,88,90,MAE,14.715583589620014
5115,88,94,MAE,35.760991405930405
5116,88,92,MAE,17.72085326244377
5117,87,92,MAE|SAE,6.006617251577538
5118,87,91,SAE,8.028930269177929
5119,88,92,MAE|SAE,3.7759148782010232
5120,88,94,MAE|SAE,4.125984636938448
5121,90,91,MAE|SAE,3.687640392954347
5122,90,92,MAE|SAE,2.5032890272934445
5123,90,91,MAE|SAE,4.309687692661541
5124,90,92,MAE|SAE,4.536325588080451
5125,90,91,MAE|SAE,3.750394868258233
5126,90,92,MAE|SAE,3.7962248393983127
5127,90,95,MAE|SAE,2.955589101751014
5128,90,91,MAE|SAE,1.4537870387984062
5129,90,91,MAE|SAE,3.6786420620548776
5130,90,92,MAE|SAE,4.330067139507072
5131,90,91,MAE|SAE,3.1466595646671744
5132,90,96,MAE|SAE,3.50653229986388
5133,90,91,MAE|SAE,3.9872545021012575
5134,90,92,MAE|SAE,1.8570673276770575
5135,90,94,MAE|SAE,4.675955833990637
5136,90,95,MAE|SAE,3.7604057690696924
5137,90,91,MAE|SAE,1.5147585519753286
5138,90,91,MAE|SAE,4.127762611682764
5139,90,104,LAE|MAE|SAE,8.692541979897562
5140,90,92,MAE|SAE,3.752005343705952
5141,90,91,MAE|SAE,1.5110921741339973
5142,90,92,MAE|SAE,2.064857889824823
5143,90,92,MAE|SAE,3.843630961729574
5144,90,92,MAE|SAE,4.078697208900205
5145,90,92,MAE|SAE,3.510670744170768
5146,90,95,MAE|SAE,3.8173969749388568
5147,90,92,MAE|SAE,2.0514081675479567
5148,90,94,MAE|SAE,3.897118758187474
5149,90,96,MAE|SAE,4.397486875124763
5150,90,95,MAE|SAE,3.340216404517731
5151,90,92,MAE|SAE,4.760778702902915
5152,90,100,MAE|SAE,5.602906990445792
5153,90,91,MAE|SAE,3.8209594935098696
5154,90,91,MAE|SAE,1.4045413486239138
5155,90,95,MAE|SAE,2.8148904464519986
5156,90,95,MAE|SAE,3.6111536716822745
5157,90,94,MAE|SAE,3.718451164120287
5158,90,95,MAE|SAE,4.152314344413811
5159,90,96,MAE|SAE,4.150008671501666
5160,90,92,MAE|SAE,3.833203740949306
5161,90,95,MAE|SAE,5.373313095260284
5162,90,95,MAE|SAE,3.4751651003933683
5163,90,92,MAE|SAE,4.477178590276362
5164,90,95,MAE|SAE,3.6322639519215976
5165,90,91,MAE|SAE,0.9833613290176393
5166,90,91,MAE|SAE,3.8045092961440683
5167,90,92,MAE|SAE,3.9438434974977223
5168,90,99,MAE|SAE,3.8722826873573553
5169,90,92,MAE|SAE,2.117011347231192
5170,90,92,MAE|SAE,3.7174230911949855
5171,90,91,MAE|SAE,3.126486327028447
5172,90,100,MAE|SAE,4.371004863166159
5173,90,96,MAE|SAE,4.301516276885514
5174,90,92,MAE|SAE,2.1530886439986
5175,90,99,MAE|SAE,3.9413151612878257
5176,90,92,MAE|SAE,3.287040926381667
5177,90,98,MAE|SAE,3.7346117460935844
5178,90,91,MAE|SAE,1.408655594333751
5179,90,91,MAE|SAE,3.5459858337437113
5180,90,95,MAE|SAE,6.23721381505254
5181,90,95,MAE|SAE,3.340812466741812
5182,90,91,MAE|SAE,3.6608672926806887
5183,90,91,MAE|SAE,1.8379652852424193
5184,90,95,MAE|SAE,3.4049654942442555
5185,90,91,MAE|SAE,1.8099932711739846
5186,90,95,MAE|SAE,3.845089820092216
5187,90,92,MAE|SAE,2.0117014306801644
5188,90,91,MAE|SAE,3.5172652777759
5189,90,95,MAE|SAE,3.4503640716299255
5190,90,92,MAE|SAE,2.1271111416513437
5191,88,96,MAE,25.715803803648512
5192,88,114,LAE|MAE,20.948556277819755
5193,88,94,MAE,16.144701835476585
5194,88,92,MAE,4.633671989044231
5195,88,110,MAE,27.080967782175332
5196,88,92,MAE,15.494409619073735
5197,88,92,MAE,3.676562105160656
5198,88,98,MAE,7.818183174491065
5199,88,92,MAE,11.32356469123796
5200,88,100,MAE|SAE,7.351371517457418
5201,88,92,MAE,10.287995198352958
5202,88,92,MAE,3.9241542574261334
5203,90,92,MAE,3.7726588742439975
5204,90,94,MAE,10.905801800140173
5205,90,102,MAE,10.213990067153503
5206,90,98,LAE|MAE,3.852278357697163
5207,90,92,MAE,27.237919102871505
5208,90,94,MAE,3.7996887098033727
5209,90,94,MAE,21.183584051912693
5210,90,100,MAE,5.117165512395087
5211,90,94,MAE,4.169192655068831
5212,90,98,MAE|SAE,4.782099112278382
5213,90,106,MAE,31.810525198050215
5214,90,98,LAE|MAE|SAE,4.283282623522023
5215,90,94,MAE,9.008895071714965
5216,90,92,MAE,29.85550683442636
5217,90,104,MAE,30.344250934721572
5218,90,96,MAE,21.79478815666867
5219,90,96,MAE,40.03439599792113
5220,90,96,MAE|SAE,3.1702789679176675
5221,90,94,MAE,27.32939961650035
5222,90,96,MAE|SAE,3.616721128758154
5223,90,98,MAE,9.959427278257621
5224,90,92,MAE,5.610937451910003
5225,90,96,MAE,22.91234066889804
5226,90,92,MAE,3.7466319950140985
5227,90,96,LAE|MAE|SAE,3.3961830659370325
5228,90,94,MAE,22.113920031123136
5229,90,92,MAE,29.060860238537426
5230,90,92,MAE,2.838595457152482
5231,90,94,MAE,3.476654680379615
5232,90,94,MAE,11.065845311816608
5233,90,102,MAE,23.329031066241377
5234,90,98,MAE,8.921068950628888
5235,90,94,MAE,5.509186785974887
5236,91,92,MAE|SAE,1.6777538395741445
5237,91,92,MAE|SAE,3.304362597603139
5238,91,92,MAE|SAE,4.235252240528227
5239,91,92,MAE|SAE,3.4902448100324164
5240,91,96,MAE|SAE,3.3313068581440093
5241,91,96,MAE|SAE,3.228493645230295
5242,91,103,MAE|SAE,8.687262646079517
5243,91,92,MAE|SAE,4.351355770527737
5244,91,92,MAE|SAE,1.5090131139857619
5245,91,95,MAE|SAE,3.1982270931833434
5246,91,95,MAE|SAE,3.3454530388734725
5247,91,94,MAE|SAE,3.21887896808175
5248,91,92,MAE|SAE,1.9712379860624245
5249,91,92,MAE|SAE,0.9969630416820245
5250,91,92,MAE|SAE,1.7164509687120981
5251,91,94,MAE|SAE,4.579149621153199
5252,91,92,MAE|SAE,4.954473665195216
5253,91,92,MAE|SAE,1.916949036513369
5254,91,92,MAE|SAE,2.17794415342802
5255,91,92,MAE|SAE,3.7597168432060077
5256,91,92,MAE|SAE,1.9807641778025966
5257,91,92,MAE|SAE,3.196310755593695
5258,91,92,MAE|SAE,1.892351385145122
5259,91,103,MAE|SAE,10.737414073609308
5260,91,92,MAE|SAE,1.837590037104606
5261,91,95,MAE|SAE,3.1737441469195247
5262,91,92,MAE|SAE,4.183391359443947
5263,91,92,MAE|SAE,1.6881537956344332
5264,91,92,MAE|SAE,2.032412256354857
5265,91,92,MAE|SAE,3.220777065416333
5266,91,94,MAE|SAE,4.438384929428536
5267,91,96,MAE|SAE,3.127356425112149
5268,91,92,MAE|SAE,1.7097473801295349
5269,91,92,MAE|SAE,1.6715481796138993
5270,91,92,MAE|SAE,1.5585380169972178
5271,91,94,MAE|SAE,4.695159736729925
5272,91,94,MAE|SAE,4.268578000724312
5273,91,99,MAE|SAE,8.938062166533866
5274,91,92,MAE|SAE,8.907612720163025
5275,91,92,MAE|SAE,5.236825124393613
5276,91,92,MAE|SAE,2.1930363028729944
5277,91,92,MAE|SAE,1.6980174765219598
5278,91,92,MAE|SAE,3.194770439726834
5279,91,92,MAE|SAE,1.6920115957436939
5280,91,92,MAE|SAE,3.904649089595902
5281,91,92,MAE|SAE,3.4257497707691447
5282,91,94,MAE|SAE,4.553644335656134
5283,91,92,MAE|SAE,2.013231467524748
5284,91,94,MAE|SAE,2.96318468185028
5285,92,94,LAE|MAE,2.9113602857040894
5286,92,93,LAE|MAE,1.805844989423871
5287,90,98,MAE,26.53615915154631
5288,90,96,MAE|SAE,6.015223812534073
5289,90,94,MAE,11.272209344001697
5290,90,94,MAE,4.647592893954156
5291,90,94,MAE,4.91911448771827
5292,90,94,MAE,9.708120812152153
5293,90,96,MAE,40.25188617347856
5294,90,94,MAE,19.7940803995575
5295,90,98,MAE,32.18281149097317
5296,90,94,MAE,49.95585204184177
5297,90,96,MAE,34.232210782569496
5298,90,94,MAE,22.265112128545752
5299,90,94,MAE,9.033256824754886
5300,91,99,MAE|SAE,3.6365786551211
5301,91,96,MAE|SAE,3.2413226256658483
5302,91,104,MAE|SAE,6.410567299736492
5303,91,94,MAE|SAE,3.19082779767277
5304,91,94,MAE|SAE,7.699492470243841
5305,91,94,MAE|SAE,1.2017060791165353
5306,91,94,MAE|SAE,3.483829613211587
5307,91,95,MAE|SAE,3.4329051093341754
5308,91,94,MAE|SAE,1.2458808136963482
5309,91,94,MAE|SAE,1.0889542911764134
5310,91,95,MAE|SAE,3.223443668289866
5311,91,94,MAE|SAE,3.443838273118748
5312,91,95,MAE|SAE,3.0003636595754095
5313,91,94,MAE|SAE,3.230898721892966
5314,92,94,MAE,30.218977495837304
5315,92,96,MAE|SAE,3.9080204385197534
5316,92,96,MAE,20.026278859544345
5317,92,94,MAE,10.271310117397668
5318,92,104,LAE|MAE|SAE,5.507113427493023
5319,92,98,MAE,33.31485719144162
5320,92,95,MAE|SAE,4.552710536920147
5321,92,108,MAE,19.25070023733011
5322,92,105,LAE|MAE,8.028085237040033
5323,92,94,MAE,9.115686142751056
5324,92,96,MAE|SAE,2.9255741664811037
5325,92,104,MAE,26.901606970798596
5326,92,100,MAE,35.034485771607166
5327,92,94,MAE,4.453361777192491
5328,92,94,MAE,2.025626572589806
5329,92,94,MAE,2.9030133600089347
5330,92,94,MAE,41.28775467172915
5331,92,94,MAE,4.260977973573714
5332,92,96,MAE,5.541283947206954
5333,92,96,MAE,39.04870746007212
5334,92,96,MAE,41.7698493900908
5335,92,94,MAE,27.543776206240533
5336,92,95,MAE|SAE,3.1649850972186426
5337,92,108,MAE,57.73665945236426
5338,92,98,MAE,30.74655825657084
5339,92,94,MAE,5.065102715398779
5340,92,94,MAE,29.062553470978642
5341,92,95,MAE|SAE,2.1517664737357465
5342,92,96,MAE,9.375944175167108
5343,92,94,MAE,13.413001778002519
5344,92,94,MAE,5.341677884200117
5345,92,94,MAE,29.04670947113376
5346,92,94,MAE,4.691221293487395
5347,92,94,MAE,27.167696877050087
5348,92,102,MAE,32.95783178833355
5349,92,94,MAE,11.142141303836492
5350,92,94,MAE,45.48219866538953
5351,92,96,MAE,42.36450728379597
5352,92,94,MAE,8.563370232220503
5353,92,94,MAE,10.650394036191082
5354,92,96,MAE|SAE,3.608019507068298
5355,92,94,MAE,43.652690433587246
5356,92,96,MAE,8.345909185595634
5357,92,94,MAE,20.983985412902857
5358,92,94,MAE,48.653624945791044
5359,92,96,MAE,26.916008387801185
5360,92,94,MAE,40.25543015182849
5361,92,99,MAE|SAE,4.259999119818116
5362,92,94,MAE,12.855434286486018
5363,92,98,MAE,9.243909908094869
5364,92,98,MAE,27.91855395811419
5365,92,96,MAE,20.150326500479814
5366,92,94,MAE,12.304012839490143
5367,92,99,MAE|SAE,4.366251295684293
5368,92,96,MAE,31.054354853535564
5369,92,96,MAE,9.347975171757271
5370,92,94,MAE,6.154243111364973
5371,92,104,MAE,37.98720481811584
5372,92,104,MAE,27.42317439986858
5373,92,94,MAE,3.292285279246861
5374,92,94,MAE,12.939533973837953
5375,92,94,MAE,39.54766049798459
5376,92,94,MAE,41.986765698119775
5377,92,101,LAE|MAE|SAE,5.5154816153160695
5378,94,99,LAE|MAE|SAE,2.512333926039828
5379,94,98,MAE|SAE,6.218561320139833
5380,94,98,MAE|SAE,7.235413479122504
5381,94,99,MAE|SAE,2.4697442193500585
5382,94,103,MAE|SAE,7.938398271315881
5383,94,96,MAE|SAE,2.3959604124403535
5384,94,99,LAE|MAE|SAE,2.6150138151619977
5385,94,103,MAE|SAE,5.422842772102763
5386,94,107,MAE|SAE,8.247029762011747
5387,94,96,MAE|SAE,2.400862511597846
5388,94,99,MAE|SAE,2.7783253039035696
5389,94,95,MAE|SAE,1.7108989724900747
5390,94,103,MAE|SAE,7.291471244742587
5391,94,95,MAE|SAE,1.4727662846652332
5392,94,95,MAE|SAE,1.497322316881896
5393,94,96,MAE|SAE,2.580271297681519
5394,94,103,MAE|SAE,8.156207540802814
5395,94,96,MAE|SAE,2.2050915100926822
5396,94,99,LAE|MAE|SAE,2.5869289527737744
5397,94,95,MAE|SAE,4.189673597067753
5398,94,95,MAE|SAE,1.8201013031678128
5399,94,95,MAE|SAE,1.7285968006868835
5400,94,96,MAE|SAE,3.8260982598160456
5401,94,95,MAE|SAE,2.5841109705277234
5402,94,95,MAE|SAE,9.65136345310472
5403,94,96,MAE|SAE,2.357654749502363
5404,94,95,MAE|SAE,1.5872893711920764
5405,94,95,MAE|SAE,2.7523619418680565
5406,94,96,MAE|SAE,9.044653122818573
5407,94,100,MAE|SAE,3.3476829622066586
5408,94,95,MAE|SAE,1.5545143805890704
5409,94,100,MAE|SAE,7.020792450910143
5410,94,96,MAE|SAE,4.086904146636787
5411,94,96,MAE|SAE,4.303101310703556
5412,94,95,MAE|SAE,1.426774032396357
5413,94,99,LAE|MAE|SAE,2.5542951717024898
5414,94,95,MAE|SAE,1.989835047868445
5415,94,96,MAE|SAE,2.0744989009371944
5416,94,96,MAE|SAE,1.9688680355178134
5417,94,96,MAE|SAE,2.3485641672234325
5418,94,95,MAE|SAE,3.7496181607157246
5419,94,95,MAE|SAE,1.3454924519071683
5420,94,95,MAE|SAE,1.8859021295818386
5421,94,98,MAE|SAE,2.449007516728444
5422,94,99,LAE|MAE|SAE,2.57755574411596
5423,94,95,MAE|SAE,4.570505363202851
5424,94,95,MAE|SAE,2.3562898371139545
5425,94,100,MAE|SAE,7.975588549868657
5426,94,95,MAE|SAE,1.389732808180684
5427,94,95,MAE|SAE,2.332089298547218
5428,94,95,MAE|SAE,1.9165951556290737
5429,94,96,MAE|SAE,2.366398788682845
5430,94,95,MAE|SAE,1.548720401658138
5431,94,98,MAE|SAE,5.46629495999317
5432,94,95,MAE|SAE,2.124560756194636
5433,94,95,MAE|SAE,1.368419657019304
5434,94,95,MAE|SAE,2.127406204949982
5435,94,96,MAE|SAE,2.7866434832278237
5436,94,99,MAE|SAE,2.747761087281137
5437,94,95,MAE|SAE,2.1652903188586174
5438,94,95,MAE|SAE,1.805603589864717
5439,92,112,MAE,29.272477116238658
5440,92,96,MAE,30.807735959068808
5441,92,98,MAE,28.929913067338052
5442,92,96,MAE,24.892025283410884
5443,92,96,MAE,27.372970061252683
5444,92,100,MAE,20.23754851781809
5445,92,102,MAE,26.92415104638767
5446,92,106,MAE,56.665670468610536
5447,92,98,MAE,15.944648948205824
5448,92,96,MAE,10.855665546738203
5449,92,96,MAE,10.328867418390345
5450,92,96,MAE,55.69895157381994
5451,92,108,MAE,43.72848999910437
5452,92,98,MAE,5.280153952422162
5453,92,112,MAE,26.976670372375743
5454,93,96,LAE|MAE,2.671872630167311
5455,93,96,LAE|MAE,2.657364525471564
5456,93,96,LAE|MAE,2.6304629724982487
5457,94,98,LAE|MAE,41.58957851403664
5458,94,100,MAE,14.285035639208733
5459,94,100,MAE,35.219653610861975
5460,94,96,MAE,3.0716194546596505
5461,94,96,MAE,3.960959682527967
5462,94,96,MAE,19.650978476944296
5463,94,104,MAE,26.609355398300156
5464,94,96,MAE,9.293475704542729
5465,94,96,MAE,28.423027426285667
5466,94,96,MAE,2.2752647074134797
5467,94,96,MAE,13.076317465596892
5468,94,96,MAE,14.437075832568654
5469,94,96,MAE,21.83419790375855
5470,94,108,MAE,25.662079315154784
5471,94,96,MAE,44.16520172553932
5472,94,96,MAE,8.686451025775932
5473,94,98,MAE,23.042509839556068
5474,94,96,MAE,29.413449792606816
5475,94,96,MAE,33.606661265463565
5476,94,96,MAE,4.29623715669327
5477,94,100,MAE,21.02613059533065
5478,94,96,MAE,45.73704058138118
5479,94,104,MAE,8.69304163412262
5480,94,96,MAE,46.69887496614205
5481,94,96,MAE,2.7995523127694955
5482,94,96,MAE,28.380067908723383
5483,94,107,LAE|MAE|SAE,8.199640092868286
5484,94,96,MAE,2.3623956021832866
5485,94,98,MAE,35.417683188886144
5486,94,100,MAE|SAE,8.103370637632954
5487,94,98,MAE,20.774072871628494
5488,94,100,MAE|SAE,7.836875235065957
5489,94,96,MAE,54.463698613111816
5490,94,99,LAE|MAE|SAE,2.659924179365417
5491,94,96,MAE,23.49769672677474
5492,94,103,MAE|SAE,8.283299748414686
5493,94,99,MAE|SAE,2.806118056317031
5494,94,96,MAE,30.01061546122643
5495,94,96,MAE,19.066752435114882
5496,94,96,MAE,8.15225019240498
5497,94,96,MAE,11.593708200638684
5498,94,96,MAE,28.627476025322448
5499,94,96,MAE,6.932122649822763
5500,94,102,MAE,7.788776068228167
5501,94,96,MAE,19.305859316940975
5502,94,98,MAE,27.008267777012428
5503,94,96,MAE,37.86128118717162
5504,94,98,MAE,9.381334626490395
5505,94,104,MAE,38.69977606454572
5506,94,96,MAE,11.526276477295964
5507,94,96,MAE,39.71950502989219
5508,94,98,MAE,18.19600035279334
5509,95,99,LAE|MAE|SAE,3.844962793521565
5510,95,96,MAE|SAE,1.9532131949070748
5511,95,96,MAE|SAE,2.0446605663237856
5512,95,98,MAE|SAE,7.095228778302248
5513,95,96,MAE|SAE,2.7640502040835004
5514,95,96,MAE|SAE,1.9970103635115166
5515,95,98,MAE|SAE,2.363283701332924
5516,95,107,MAE|SAE,8.579625691211236
5517,95,96,MAE|SAE,2.161758301218039
5518,95,98,MAE|SAE,2.4497976292862034
5519,95,99,MAE|SAE,5.153630279374903
5520,95,96,MAE|SAE,1.4888588862023213
5521,95,100,MAE|SAE,7.744142733966325
5522,95,96,MAE|SAE,2.3319043792696696
5523,95,98,MAE|SAE,2.3179793435036693
5524,95,102,LAE|MAE|SAE,7.874766312935157
5525,95,96,MAE|SAE,2.2987105178647127
5526,95,99,MAE|SAE,8.775406114551613
5527,95,104,MAE|SAE,5.00770366950283
5528,95,99,MAE|SAE,2.476273827877902
5529,95,96,MAE|SAE,1.857555952728042
5530,95,96,MAE|SAE,2.3308172875058584
5531,95,96,MAE|SAE,2.3668992415009447
5532,95,100,MAE|SAE,3.361790612058374
5533,95,99,MAE|SAE,7.162055476018105
5534,95,100,MAE|SAE,5.535655133596665
5535,95,96,MAE|SAE,5.1734651887261816
5536,94,107,LAE|MAE|SAE,6.408554597176202
5537,94,97,LAE|MAE,8.231286438509686
5538,96,98,LAE|MAE,2.0955475046294048
5539,96,99,LAE|MAE|SAE,2.0050556695305737
5540,96,97,LAE|MAE,7.853497797155313
5541,96,100,LAE|MAE|SAE,7.886693085149937
5542,96,97,LAE|MAE,4.593175076639022
5543,96,97,LAE|MAE,2.0805539375929283
5544,96,98,LAE|MAE,1.9152853735351545
5545,94,100,MAE,8.34125088407665
5546,94,102,MAE,6.999581617323904
5547,94,98,MAE,5.599085201103403
5548,94,98,MAE,42.60081858867201
5549,94,98,MAE,45.181250407794174
5550,94,98,MAE,5.44266995282195
5551,94,100,MAE,14.302272027016555
5552,94,98,MAE,30.703056138257065
5553,94,98,MAE,16.414560810297928
5554,94,102,MAE,23.333500894614026
5555,94,100,MAE,8.829901822168937
5556,95,102,MAE|SAE,8.334892560278995
5557,95,98,MAE|SAE,7.047948678592405
5558,95,100,MAE|SAE,7.364180761528705
5559,96,104,MAE,31.802098863850137
5560,96,98,MAE,3.4917818770807765
5561,96,98,MAE,26.43297833308533
5562,96,98,MAE,34.06326593124483
5563,96,98,MAE,37.61669307683147
5564,96,98,MAE,49.96365446243288
5565,96,99,MAE|SAE,1.9968503390605965
5566,96,100,MAE,8.49088804209969
5567,96,98,MAE,39.25287221671371
5568,96,108,MAE,27.323599974743697
5569,96,98,MAE,21.978465762223102
5570,96,98,MAE,28.661320278981645
5571,96,98,MAE,6.424778875183335
5572,96,98,MAE,3.243306675696299
5573,96,100,MAE,46.89819416277413
5574,96,99,MAE|SAE,2.0147783516036837
5575,96,98,MAE,19.917649019934355
5576,96,104,MAE|SAE,8.707265287975165
5577,96,98,MAE,19.07330528870069
5578,96,128,LAE|MAE|SAE,27.90608182822797
5579,96,98,MAE,9.301296753947764
5580,96,98,MAE,12.515731836135643
5581,96,98,MAE,5.931384651040769
5582,96,104,MAE,17.348631019126323
5583,96,100,MAE,6.319222044529559
5584,96,102,MAE,6.093190428505855
5585,96,100,MAE,24.375999339937593
5586,96,102,MAE,31.234810920847544
5587,96,98,MAE,50.94926659573016
5588,96,100,MAE,32.70403928610179
5589,96,100,MAE,32.8284105115531
5590,96,98,MAE,7.423278292052436
5591,96,98,MAE,30.46720177502273
5592,96,112,MAE,26.779309746137002
5593,96,98,MAE,9.302214763234577
5594,96,98,MAE,6.3728398722339845
5595,96,102,MAE,6.886876733519175
5596,96,101,LAE|MAE,7.5397498687757745
5597,96,98,MAE,28.01409787781393
5598,96,100,MAE,20.816834761022964
5599,96,99,MAE|SAE,7.590137133083456
5600,96,102,MAE,54.819664823882306
5601,96,98,MAE,53.631119424832555
5602,96,99,MAE|SAE,6.088121422221799
5603,96,98,MAE,7.657228116306332
5604,96,98,MAE,20.795455939872102
5605,96,103,MAE|SAE,4.072831018569258
5606,96,99,MAE|SAE,2.0318765179000318
5607,96,98,MAE,26.344832289757957
5608,96,104,MAE|SAE,7.778080639587727
5609,96,98,MAE,29.62157034821182
5610,96,99,MAE|SAE,1.9113963053347767
5611,96,98,MAE,8.115195677326266
5612,96,98,MAE,52.83193480923313
5613,96,100,MAE,24.193211093062512
5614,97,100,LAE|MAE|SAE,1.8972598069645579
5615,97,99,LAE|MAE|SAE,7.669690262973671
5616,97,99,LAE|MAE|SAE,3.631479303007285
5617,97,98,LAE|MAE,6.756163129583804
5618,97,108,LAE|MAE|SAE,6.44515206642975
5619,95,103,SAE,8.025885807931202
5620,95,103,SAE,7.339361168625967
5621,96,99,MAE|SAE,9.075450613033677
5622,96,100,MAE|SAE,3.21215371712323
5623,96,99,MAE|SAE,2.006002240127291
5624,96,104,LAE|MAE|SAE,3.9238830113990417
5625,96,99,MAE|SAE,4.748935555561889
5626,98,103,LAE|MAE|SAE,6.897179167071864
5627,98,100,MAE|SAE,1.5337759026213256
5628,98,99,MAE|SAE,4.066305133798277
5629,98,99,MAE|SAE,3.7982296830779196
5630,98,99,MAE|SAE,0.9181078020115823
5631,98,99,MAE|SAE,1.7234184540961852
5632,98,103,MAE|SAE,7.058057608075129
5633,98,99,MAE|SAE,6.876611893887985
5634,98,99,MAE|SAE,1.6840841728081792
5635,98,100,MAE|SAE,6.177068281176354
5636,98,100,MAE|SAE,3.719286650842966
5637,98,100,MAE|SAE,3.5234475716091698
5638,98,99,MAE|SAE,1.4349675961880468
5639,98,99,MAE|SAE,4.038424316758101
5640,98,99,MAE|SAE,0.9090954525556584
5641,98,99,MAE|SAE,3.971143019195943
5642,98,99,MAE|SAE,0.8785843552705245
5643,98,99,MAE|SAE,4.108758862680574
5644,98,99,MAE|SAE,1.7095921203253694
5645,98,103,MAE|SAE,6.658615679062452
5646,98,99,MAE|SAE,1.8347810726993137
5647,98,99,MAE|SAE,1.514803796788442
5648,98,99,MAE|SAE,2.9945833324453828
5649,98,99,MAE|SAE,5.334609306473318
5650,98,99,MAE|SAE,3.6418968943949337
5651,98,99,MAE|SAE,2.892124627449001
5652,98,100,MAE|SAE,3.920764467027259
5653,98,99,MAE|SAE,1.4852276168896212
5654,98,99,MAE|SAE,3.5447469421998283
5655,98,99,MAE|SAE,3.7124767608219296
5656,98,100,MAE|SAE,7.2694458384124125
5657,98,99,MAE|SAE,6.652275696330128
5658,98,99,MAE|SAE,3.5640343281314086
5659,98,99,MAE|SAE,1.1301363527438575
5660,98,99,MAE|SAE,4.1470728206737935
5661,98,99,MAE|SAE,7.582799133020308
5662,98,99,MAE|SAE,1.1993138462851018
5663,98,103,MAE|SAE,6.7313589515836965
5664,98,99,MAE|SAE,5.962981785788362
5665,98,99,MAE|SAE,3.408140622674461
5666,98,99,MAE|SAE,3.401590712258317
5667,96,100,MAE,44.74287418503139
5668,96,100,MAE,33.62782211614893
5669,96,100,MAE,23.21657802135551
5670,96,100,MAE,28.185894410301845
5671,96,106,MAE,50.31495272447682
5672,96,100,MAE,55.49310127332002
5673,96,102,MAE,53.04343799838247
5674,96,104,MAE,31.14823550793359
5675,96,100,MAE,25.669975954427315
5676,98,104,MAE,43.468962223079146
5677,98,104,MAE,34.95016816345827
5678,98,104,MAE,23.023966401387543
5679,98,112,MAE,38.42355637883274
5680,98,102,MAE,6.889214077048523
5681,98,102,MAE,37.67416797136073
5682,98,108,MAE,30.01795305849436
5683,98,102,MAE,19.46539918380337
5684,98,102,MAE,32.31279879948246
5685,98,103,MAE|SAE,7.533829386506017
5686,98,100,MAE,7.068693962443832
5687,98,100,MAE,20.887135680988493
5688,98,102,MAE,48.813332826145434
5689,98,100,MAE,35.06311571024359
5690,98,103,MAE|SAE,7.543211577232343
5691,98,100,MAE,3.974326610157441
5692,98,102,MAE,31.298027582472198
5693,98,100,MAE,31.95426665451276
5694,98,108,MAE,33.39616563129717
5695,98,102,MAE,6.167080424250537
5696,98,100,MAE,18.605196697440576
5697,98,100,MAE,25.53514153104807
5698,98,100,MAE,7.275070091393371
5699,98,100,MAE,23.63852588285046
5700,98,100,MAE,23.061973218149845
5701,98,100,MAE,19.66780356446039
5702,98,102,MAE,23.77448846262264
5703,98,102,MAE,34.16923957495435
5704,98,100,MAE,27.835780054786145
5705,98,103,MAE|SAE,6.450019560758648
5706,98,110,MAE,31.842706086093106
5707,98,112,MAE,8.332052080255005
5708,98,100,MAE,6.4262094783004216
5709,98,100,MAE,28.52807929943816
5710,98,112,MAE,22.42477785925248
5711,98,100,MAE,38.97276824998008
5712,98,106,MAE,15.57653930931435
5713,98,104,MAE,6.291590673388875
5714,98,110,MAE,31.14372503184578
5715,98,100,MAE,45.58678534403104
5716,98,100,MAE,37.76555283457986
5717,98,100,MAE,28.943749015556314
5718,98,102,MAE,42.67581539917189
5719,98,103,MAE|SAE,2.983866639344094
5720,98,102,MAE,25.308186835707865
5721,98,101,LAE|MAE,6.265823589107463
5722,98,100,MAE,38.417000391079526
5723,98,104,MAE,31.885842523722733
5724,98,100,MAE,25.59769918965546
5725,98,104,MAE,37.06661333205966
5726,98,112,MAE,24.51667640613581
5727,98,104,MAE,28.36750355299921
5728,98,102,MAE,7.05500549422431
5729,98,102,MAE,7.369125899508275
5730,98,102,MAE,21.52460020083691
5731,98,100,MAE,2.1069231373024206
5732,98,100,MAE,23.196313725718596
5733,98,113,LAE|MAE,14.97235250149359
5734,98,100,MAE,14.106848336991337
5735,98,106,MAE,46.23074068841801
5736,98,102,MAE,8.602749045521653
5737,98,102,MAE,6.142317548398906
5738,98,110,LAE|MAE|SAE,5.6512138629819875
5739,98,100,MAE,40.51229758954016
5740,98,102,MAE,38.17626638673596
5741,98,102,MAE,7.393448176464457
5742,99,100,MAE|SAE,2.8761814740147096
5743,99,100,MAE|SAE,3.423749225673427
5744,99,103,MAE|SAE,6.071104292447943
5745,99,103,MAE|SAE,5.143649372826001
5746,99,107,MAE|SAE,4.628045019819262
5747,99,100,MAE|SAE,6.800696464337333
5748,99,103,LAE|MAE|SAE,7.132151444565589
5749,99,103,MAE|SAE,3.742551960986419
5750,99,103,MAE|SAE,3.809595078281524
5751,99,100,MAE|SAE,2.3924248074539136
5752,99,103,MAE|SAE,2.917233999423849
5753,99,100,MAE|SAE,3.9977147404205544
5754,99,100,MAE|SAE,8.527554537892662
5755,99,101,LAE|MAE|SAE,1.4902303817664602
5756,99,100,MAE|SAE,1.7137955240855407
5757,98,101,LAE|MAE,40.0667172456796
5758,100,108,LAE|MAE|SAE,5.07139496248435
5759,100,101,LAE|MAE,6.301111903337599
5760,100,103,LAE|MAE|SAE,2.2146822399995
5761,100,101,LAE|MAE,25.237473609515554
5762,100,103,LAE|MAE|SAE,2.942746405515091
5763,98,104,MAE,23.52370614812505
5764,98,102,MAE,6.642103238216152
5765,98,102,MAE,39.029869691038975
5766,98,102,MAE,22.687265730454442
5767,98,102,MAE,4.264564703461025
5768,98,102,MAE,19.813210484058423
5769,98,102,MAE,47.58374686317748
5770,98,102,MAE,43.516149883513236
5771,98,104,MAE,25.885496213432432
5772,98,102,MAE,16.32267248445849
5773,98,105,LAE|MAE,15.177436254364485
5774,98,104,MAE,27.31199887005191
5775,98,102,MAE,29.344986214271145
5776,99,102,MAE|SAE,3.924670330440651
5777,100,102,MAE,40.23355743919038
5778,100,102,MAE,45.15044716361889
5779,100,102,MAE,27.01885681211908
5780,100,102,MAE,20.674734977808384
5781,100,102,MAE,33.98195024541791
5782,100,102,MAE,21.22072906312007
5783,100,107,MAE|SAE,6.589395539133679
5784,100,108,MAE,24.927364021223358
5785,100,104,MAE,31.897403745136756
5786,100,102,MAE,25.298921250167833
5787,100,104,MAE|SAE,2.8251782041939184
5788,100,102,MAE,2.584958617457099
5789,100,102,MAE,40.30936017466116
5790,100,104,MAE,15.577443410476747
5791,100,104,MAE,30.20470524456945
5792,100,102,MAE,26.09966776701327
5793,100,103,MAE|SAE,6.584129749246818
5794,100,108,LAE|MAE|SAE,5.898422876935016
5795,100,102,MAE,59.15353390770912
5796,100,103,MAE|SAE,5.011657677516027
5797,100,104,MAE,26.650032592208767
5798,100,102,MAE,27.962466017281898
5799,100,102,MAE,45.15632763376114
5800,100,128,LAE|MAE|SAE,35.761453367458216
5801,100,102,MAE,38.151679596516196
5802,100,102,MAE,28.244017413379137
5803,100,108,MAE,42.57911005711376
5804,100,108,LAE|MAE|SAE,5.078257819745627
5805,100,102,MAE,8.996241228422285
5806,100,114,MAE,20.22552060414499
5807,100,102,MAE,7.867978006364787
5808,100,102,MAE,16.233960372921235
5809,100,102,MAE,35.736482863912855
5810,100,104,MAE,28.390366515299732
5811,100,102,MAE,25.579701253209226
5812,100,102,MAE,8.357993340497034
5813,100,102,MAE,11.112920697038735
5814,100,114,LAE|MAE,47.71584984938277
5815,100,104,MAE|SAE,6.486429034924526
5816,100,104,MAE,48.31603807282482
5817,100,102,MAE,23.657925948184143
5818,100,102,MAE,54.26538716646769
5819,100,104,MAE,9.108963658324404
5820,100,102,MAE,12.000212123770527
5821,100,112,MAE,36.66275348411256
5822,100,104,MAE,20.836217459704606
5823,100,102,MAE,34.0846049847955
5824,100,108,MAE|SAE,5.25157978678417
5825,100,110,MAE,57.531856934026905
5826,100,104,MAE|SAE,4.655231323189172
5827,100,102,MAE,44.855224150878094
5828,100,104,MAE,30.07568949180298
5829,100,102,MAE,21.098825018610608
5830,100,102,MAE,38.19971236128385
5831,101,102,LAE|MAE,3.2628877298801897
5832,101,110,LAE|MAE|SAE,4.471344403070122
5833,101,103,LAE|MAE|SAE,6.418095913293555
5834,101,108,LAE|MAE|SAE,4.826714930366381
5835,99,103,SAE,5.112576344993237
5836,99,111,SAE,7.944691709742708
5837,99,103,SAE,6.455959381590776
5838,99,111,MAE|SAE,7.560332187582632
5839,99,103,SAE,6.379915867820974
5840,99,107,SAE,6.1720750688259844
5841,99,103,SAE,10.066827967790747
5842,99,103,SAE,6.888004447482036
5843,99,103,SAE,6.91246244405419
5844,99,103,SAE,5.563854310774165
5845,99,107,SAE,6.653086438157929
5846,100,103,MAE|SAE,3.25071527619745
5847,100,103,MAE|SAE,6.1771414686116195
5848,100,103,MAE|SAE,2.142425783402613
5849,100,103,MAE|SAE,5.137181148896777
5850,100,104,MAE|SAE,6.635056734825097
5851,100,103,MAE|SAE,3.131610430791971
5852,100,103,MAE|SAE,3.782607579536784
5853,100,103,MAE|SAE,5.642631950937461
5854,102,104,MAE|SAE,1.9438891646931356
5855,102,103,MAE|SAE,5.463567969606205
5856,102,104,MAE|SAE,6.06598857053336
5857,102,103,MAE|SAE,5.675388891975568
5858,102,103,MAE|SAE,5.65498952239624
5859,102,103,MAE|SAE,1.2685550831229453
5860,102,104,MAE|SAE,2.3937127334742683
5861,102,103,MAE|SAE,1.4601538124115716
5862,102,104,MAE|SAE,6.345751781895226
5863,102,103,MAE|SAE,6.0071215823900355
5864,102,103,MAE|SAE,5.371380051330301
5865,102,108,MAE|SAE,3.5333948596505196
5866,102,103,MAE|SAE,1.7671071594352237
5867,102,103,MAE|SAE,5.583803372479538
5868,102,103,MAE|SAE,6.459961826869179
5869,102,104,MAE|SAE,5.341106988920276
5870,102,103,MAE|SAE,6.363158187738665
5871,102,103,MAE|SAE,1.12547874862245
5872,102,103,MAE|SAE,1.800884918406032
5873,102,103,MAE|SAE,1.6237552756353995
5874,102,103,MAE|SAE,1.494026132081373
5875,102,104,MAE|SAE,6.1686969551593815
5876,102,104,MAE|SAE,2.9020858959420135
5877,102,103,MAE|SAE,5.890753178460305
5878,102,103,MAE|SAE,1.6317259784128881
5879,102,103,MAE|SAE,2.870119469568725
5880,100,104,MAE,31.634766395858648
5881,100,104,MAE,43.447650839479344
5882,100,112,MAE,34.97750862849095
5883,100,106,MAE,23.355362569637247
5884,100,104,MAE,56.21049935854216
5885,100,104,MAE,36.97757320518867
5886,100,104,MAE,35.26463651288987
5887,100,108,MAE,29.48684140567485
5888,100,107,MAE|SAE,6.108774188136965
5889,101,108,LAE|MAE|SAE,4.397457913923182
5890,102,104,MAE,18.893993902954026
5891,102,109,LAE|MAE,27.903811701403175
5892,102,104,MAE,29.658916441290543
5893,102,108,MAE,31.418010876213497
5894,102,108,MAE,30.203097710346114
5895,102,104,MAE,25.48469901086146
5896,102,114,MAE,27.256737285851706
5897,102,108,MAE,31.027641826972275
5898,102,110,MAE,32.12246093076664
5899,102,104,MAE,20.66144585583572
5900,102,104,MAE,23.37161523880664
5901,102,112,MAE,27.455256087946868
5902,102,104,MAE,38.52814860779096
5903,102,106,MAE,23.672125821114413
5904,102,104,MAE,19.95246122404214
5905,102,110,MAE,47.59510270213742
5906,102,106,MAE,18.597270911122898
5907,102,104,MAE,29.086931556699444
5908,102,104,MAE,3.912111542886194
5909,102,108,MAE,42.38948824118046
5910,102,106,MAE,27.40195614063111
5911,102,104,MAE,22.65863074143929
5912,102,108,MAE,20.976725572413674
5913,102,104,MAE,41.65487446785956
5914,102,104,MAE,59.791783211285164
5915,102,104,MAE,44.63661635343819
5916,102,106,MAE,21.771488744684696
5917,102,104,MAE,46.47654517816267
5918,102,111,MAE|SAE,5.560351414946851
5919,102,110,LAE|MAE,18.0268297575993
5920,102,104,MAE,27.53809672872831
5921,102,104,MAE,33.68834144241477
5922,102,104,MAE,30.20564840455461
5923,102,104,MAE,22.19589383601684
5924,102,104,MAE,2.272141281643198
5925,102,104,MAE,28.10673581859357
5926,102,108,MAE,27.639960752002253
5927,102,110,MAE,17.320394456994396
5928,102,110,MAE,35.27949170290699
5929,102,104,MAE,20.350399836848325
5930,102,104,MAE,13.347677887257623
5931,102,112,MAE,46.07082221589791
5932,102,104,MAE,29.511775463738815
5933,102,110,MAE,36.252483295805064
5934,103,108,MAE|SAE,4.3706948955588825
5935,103,104,MAE|SAE,1.0779947039667965
5936,103,104,MAE|SAE,4.868634295427489
5937,103,107,MAE|SAE,3.660596184808096
5938,103,104,MAE|SAE,1.586750228276813
5939,103,107,LAE|MAE|SAE,3.118946525433272
5940,103,108,MAE|SAE,3.702085612653832
5941,103,104,MAE|SAE,2.8846556930345573
5942,103,108,MAE|SAE,4.338654658301391
5943,103,107,MAE|SAE,2.5611476750154085
5944,103,104,MAE|SAE,2.691488214379578
5945,103,104,MAE|SAE,1.582284203397252
5946,103,104,MAE|SAE,3.1848619206847304
5947,104,105,LAE|MAE,20.32251076404176
5948,104,124,LAE|MAE|SAE,22.120243409864162
5949,104,105,LAE|MAE,25.839078067808458
5950,104,105,LAE|MAE,2.812527698598676
5951,102,106,MAE,17.032081417253703
5952,102,106,MAE,33.71706696785623
5953,102,106,MAE,25.975354179455223
5954,102,106,MAE,9.392441439368469
5955,102,106,MAE,14.624118437686944
5956,102,106,MAE,30.389566414226383
5957,102,108,MAE,38.24637458138905
5958,102,106,MAE,27.467213354324443
5959,102,106,MAE,53.88707728236947
5960,102,110,MAE,19.656286232003204
5961,102,106,MAE,29.12338237438039
5962,102,106,MAE,30.147830599531645
5963,102,106,MAE,6.85796749353939
5964,102,106,MAE,25.473349239405604
5965,103,109,LAE|MAE|SAE,4.527676138947187
5966,103,110,LAE|MAE|SAE,3.871217669155884
5967,103,108,MAE|SAE,3.4358472906046313
5968,103,106,MAE|SAE,3.7486070363175665
5969,103,107,MAE|SAE,3.7078817739886833
5970,103,110,MAE|SAE,4.083496793911193
5971,104,106,MAE,17.789703288456177
5972,104,106,MAE,33.88816959022864
5973,104,110,MAE,38.173069217651424
5974,104,110,MAE,21.93126586148642
5975,104,106,MAE,13.638204697829991
5976,104,108,MAE,35.35865611635434
5977,104,107,MAE|SAE,3.323333217985514
5978,104,106,MAE,17.03409194169547
5979,104,108,MAE,24.632269525908328
5980,104,106,MAE,31.783042550630952
5981,104,116,MAE,19.124173527725155
5982,104,106,MAE,7.355841383175326
5983,104,106,MAE,51.557848792646844
5984,104,106,MAE,22.48692023700534
5985,104,106,MAE,39.53658888902435
5986,104,119,MAE|SAE,23.249457072352076
5987,104,106,MAE,27.801828168097032
5988,104,110,MAE,6.659312974463479
5989,104,106,MAE,33.50332293472867
5990,104,110,MAE,4.719243046010994
5991,104,108,MAE,34.64637787504707
5992,104,106,MAE,19.178106815856253
5993,104,106,MAE,50.80325322296742
5994,104,106,MAE,18.804804525959046
5995,104,106,MAE,24.61368011358537
5996,104,112,MAE,27.21791676639295
5997,104,108,MAE,29.40494100505161
5998,104,106,MAE,5.520192268423375
5999,104,108,MAE,39.97973587561057
6000,104,108,MAE,41.400427020601136
6001,104,106,MAE,3.7844520829809087
6002,104,106,MAE,53.85258576841031
6003,104,106,MAE,33.71967704083307
6004,104,106,MAE,27.07476363859551
6005,104,106,MAE,22.267987396102022
6006,104,112,MAE,19.318418024840824
6007,104,108,MAE,20.034550193312374
6008,104,108,MAE|SAE,3.216216164894308
6009,104,110,MAE,16.282014240068264
6010,104,106,MAE,21.661211059758163
6011,104,106,MAE,36.922054188531895
6012,104,108,MAE,24.60329877455574
6013,104,110,MAE,12.043626952055003
6014,104,116,MAE,23.12846028535222
6015,104,106,MAE,25.225550668346898
6016,104,108,MAE,24.357015122114007
6017,104,106,MAE,27.69887024879573
6018,104,106,MAE,31.207802997530194
6019,104,106,MAE,15.215170722217273
6020,104,114,MAE,41.726984352649666
6021,105,106,LAE|MAE,2.509911803584704
6022,105,106,LAE|MAE,38.91502279466634
6023,105,112,LAE|MAE,31.749100706216517
6024,105,106,LAE|MAE,2.9332124845946566
6025,103,107,SAE,6.209536200698841
6026,103,107,SAE,6.1293630316858385
6027,103,107,SAE,3.5136458495020864
6028,104,107,MAE|SAE,2.9296772922352843
6029,106,109,LAE|MAE|SAE,2.4675567734163137
6030,106,108,MAE|SAE,2.5753095514001427
6031,106,107,MAE|SAE,1.845336598401046
6032,106,107,MAE|SAE,1.2224372912506059
6033,106,107,MAE|SAE,2.8831216977272094
6034,106,107,MAE|SAE,1.3012779276706445
6035,106,108,MAE|SAE,5.009689916467035
6036,106,111,MAE|SAE,3.563825472621622
6037,106,111,MAE|SAE,3.7564831757190382
6038,106,107,MAE|SAE,2.3511346015795374
6039,106,107,MAE|SAE,2.8816131279373964
6040,106,107,MAE|SAE,2.838290273069238
6041,106,108,MAE|SAE,2.4811354429933745
6042,106,108,MAE|SAE,2.2861769710658364
6043,106,107,MAE|SAE,2.3679616936253964
6044,104,114,LAE|MAE,17.917403159727947
6045,104,108,MAE,36.864033567371166
6046,104,123,LAE|MAE|SAE,20.679138440637217
6047,104,108,MAE,56.94421715203561
6048,104,112,MAE,22.136816405323795
6049,104,110,MAE,32.556806601504306
6050,104,112,MAE,21.735167560791375
6051,104,110,MAE,27.875005929603535
6052,104,112,MAE,7.314725652469457
6053,104,108,MAE,37.99021837278228
6054,104,108,MAE,5.418079798739832
6055,104,110,MAE,57.959975347886356
6056,104,108,MAE,24.51746026942447
6057,104,108,MAE,40.721452028281945
6058,104,108,MAE,26.866363344214513
6059,104,112,MAE,15.240356238974888
6060,104,108,MAE,34.88816867862191
6061,104,114,MAE,15.415206953135426
6062,104,110,MAE,20.901145314026984
6063,105,109,LAE|MAE,3.4277085306219397
6064,106,112,MAE,25.488685176673737
6065,106,108,MAE,7.785673806896993
6066,106,113,LAE|MAE,35.652427218152425
6067,106,108,MAE,5.499689650217617
6068,106,112,MAE,10.314646132038074
6069,106,112,MAE,18.95501360105288
6070,106,110,MAE,7.176331203084486
6071,106,114,MAE,28.59689426515977
6072,106,112,MAE,56.403301539266714
6073,106,108,MAE,26.552069357176304
6074,106,110,MAE,23.577934291757806
6075,106,108,MAE,27.3229393720074
6076,106,108,MAE,50.332644250358996
6077,106,110,MAE,26.424941508620158
6078,106,108,MAE,20.501747225161456
6079,106,114,MAE,28.676161737019154
6080,106,108,MAE,29.599152458645655
6081,106,108,MAE,36.998916170697356
6082,106,108,MAE,22.678670879172085
6083,106,118,MAE,27.205276276448593
6084,106,112,MAE,36.55916540942408
6085,106,121,LAE|MAE,21.18164477848884
6086,106,110,MAE,23.464047524889413
6087,106,112,MAE,28.850750314426566
6088,106,114,MAE,25.56266813306346
6089,106,108,MAE,22.35747601798296
6090,106,112,MAE,21.664246648480606
6091,106,112,MAE,26.34159611039317
6092,106,108,MAE,38.8923528728291
6093,106,108,MAE,18.517227627717237
6094,106,112,MAE,27.614575396141362
6095,106,110,MAE,22.718173778059004
6096,106,114,MAE,46.80761068637805
6097,106,108,MAE,6.239828422915728
6098,106,113,LAE|MAE,36.181892657594005
6099,106,116,LAE|MAE,26.837040421075688
6100,106,108,MAE,8.20582020648207
6101,106,108,MAE,31.38412873247663
6102,106,112,MAE,31.878287318968432
6103,106,108,MAE,6.517303211907563
6104,106,108,MAE,44.524504366501276
6105,106,108,MAE,16.54633096303159
6106,106,108,MAE,35.58831517937739
6107,106,108,MAE,23.85136696550521
6108,106,108,MAE,44.591933378177835
6109,106,110,MAE,4.082553559127516
6110,106,108,MAE,25.291623891351605
6111,106,108,MAE,8.264746627316695
6112,106,108,MAE,44.094832498349405
6113,106,110,MAE,28.17434100361024
6114,106,108,MAE,43.4154170525444
6115,106,112,MAE,22.81136740443669
6116,106,108,MAE,19.702742177027496
6117,106,110,MAE,46.67513399866393
6118,107,108,MAE|SAE,3.459476917286038
6119,107,108,MAE|SAE,2.3300120754869704
6120,107,108,MAE|SAE,2.89506184841634
6121,107,108,MAE|SAE,2.067981854603611
6122,107,110,MAE|SAE,2.7521283105426524
6123,107,108,MAE|SAE,2.2113362755439483
6124,107,108,MAE|SAE,2.325044324300878
6125,107,108,MAE|SAE,1.7463002931183103
6126,107,108,MAE|SAE,1.2704745304559162
6127,107,108,MAE|SAE,2.9168222946044033
6128,107,108,MAE|SAE,3.589859519388324
6129,107,108,MAE|SAE,2.1964386384510646
6130,107,111,MAE|SAE,3.3774732855442053
6131,107,112,MAE|SAE,3.3430524008884355
6132,107,108,MAE|SAE,2.3032894475487
6133,106,109,LAE|MAE,22.287285676705437
6134,108,109,LAE|MAE,2.1353053281655043
6135,108,109,LAE|MAE,1.8195845605073893
6136,108,112,LAE|MAE,3.0667369290366033
6137,108,109,LAE|MAE,2.209077064207525
6138,108,109,LAE|MAE,1.9189499582175873
6139,108,110,LAE|MAE,4.217271204534547
6140,106,114,MAE,37.33500498525217
6141,106,110,MAE,2.742690587632116
6142,106,110,MAE,17.824152769759298
6143,106,110,MAE,19.3594775805218
6144,106,110,MAE,26.777816601516562
6145,106,110,MAE,15.291712092857077
6146,106,110,MAE,34.71561846701956
6147,106,110,MAE,31.54958495012903
6148,106,110,MAE,22.546456532058347
6149,106,112,MAE,31.040104028838982
6150,106,110,MAE,27.173073096119712
6151,106,112,MAE,5.793535494552729
6152,106,110,MAE,54.30123576727747
6153,106,110,MAE,23.603015946691894
6154,106,110,MAE,29.70249935630702
6155,106,110,MAE,29.859478950307526
6156,106,110,MAE,25.538653925228562
6157,106,110,MAE,17.74458595811197
6158,106,117,LAE|MAE,26.849914738878738
6159,106,114,MAE,4.673038447458022
6160,106,110,MAE,34.54697607607189
6161,106,112,MAE,20.806766218738982
6162,108,110,MAE,20.72345001383228
6163,108,110,MAE,27.582123049226432
6164,108,112,MAE,22.001699440491105
6165,108,110,MAE,27.66597253731815
6166,108,110,MAE,34.51838986519503
6167,108,110,MAE,28.531413089713574
6168,108,112,MAE,22.538492291984458
6169,108,110,MAE,2.2223259529290385
6170,108,110,MAE,21.795675449557258
6171,108,110,MAE,35.26067810243508
6172,108,110,MAE,2.7287588670249794
6173,108,110,MAE,23.315316737362117
6174,108,110,MAE,21.660449958199838
6175,108,114,MAE,21.862754860366415
6176,108,110,MAE,23.103805256989848
6177,108,112,MAE,25.290246475343945
6178,108,114,MAE,20.45894186576718
6179,108,110,MAE,4.492192987177056
6180,108,114,MAE,22.05365558397569
6181,108,116,MAE,20.782342155429394
6182,108,110,MAE,30.32189319783154
6183,108,110,MAE,25.947803413659727
6184,108,116,MAE,35.40006691345308
6185,108,113,LAE|MAE,33.778994004549475
6186,108,110,MAE,29.519937182527272
6187,108,110,MAE,23.105098351985365
6188,108,110,MAE,22.57018050501796
6189,108,110,MAE,14.926352784905431
6190,108,110,MAE,36.337221781776634
6191,108,110,MAE,45.46701565557844
6192,108,112,MAE,33.27241503060796
6193,108,112,MAE,16.19659548096897
6194,108,114,MAE,19.998613125503326
6195,108,112,MAE,27.293782416835455
6196,108,110,MAE,2.3901564006381784
6197,108,110,MAE,25.03577707353326
6198,108,112,MAE,27.227745825055994
6199,109,111,LAE|MAE|SAE,2.392213406706596
6200,109,112,LAE|MAE,3.9457602627324797
6201,109,122,LAE|MAE,17.487151167278324
6202,109,110,LAE|MAE,13.950118921387489
6203,109,114,LAE|MAE,3.0648264227021595
6204,107,111,SAE,4.436295219504544
6205,107,111,SAE,4.592333407362567
6206,107,111,SAE,4.5089539095211535
6207,107,111,SAE,4.131491747639691
6208,107,111,SAE,4.372884026833233
6209,107,111,SAE,4.016914102463443
6210,107,111,SAE,5.328402156795756
6211,107,111,SAE,2.885895156098415
6212,107,111,SAE,3.8788093551194853
6213,107,111,SAE,4.589586937185051
6214,107,111,SAE,4.294523848687843
6215,107,111,SAE,3.941971489716044
6216,107,111,SAE,3.94476664402971
6217,107,111,SAE,4.498679063237058
6218,107,111,SAE,3.554399310015779
6219,107,111,SAE,4.655069677658761
6220,110,111,MAE|SAE,1.7685433111097684
6221,110,111,MAE|SAE,1.9379149183089197
6222,110,111,MAE|SAE,2.3384472234656277
6223,110,111,MAE|SAE,1.9195819186170038
6224,110,111,MAE|SAE,1.9683668614833147
6225,110,111,MAE|SAE,2.4403601548581015
6226,110,111,MAE|SAE,1.8952325614433394
6227,110,111,MAE|SAE,1.7652950921673458
6228,110,111,MAE|SAE,1.8385259133069574
6229,108,116,MAE,21.02425942929084
6230,108,112,MAE,33.657977223912006
6231,108,112,MAE,36.36256727108531
6232,108,112,MAE,16.79254835642558
6233,108,112,MAE,28.11224005515629
6234,108,112,MAE,22.404217427674038
6235,108,112,MAE,22.309978674226915
6236,108,112,MAE,26.882206943663466
6237,108,112,MAE,18.068874726238167
6238,108,112,MAE,36.37684363885384
6239,108,112,MAE,57.09210862828076
6240,108,112,MAE,8.905282920184193
6241,110,119,LAE|MAE|SAE,20.29966193862711
6242,110,112,MAE,33.97390023781808
6243,110,112,MAE,34.52137913751793
6244,110,116,LAE|MAE,17.486307411087434
6245,110,112,MAE,6.939226769334838
6246,110,112,MAE,25.40380962263707
6247,110,112,MAE,3.0258551065210133
6248,110,112,MAE,15.139067320799104
6249,110,112,MAE,23.79005767206979
6250,110,112,MAE,2.0304365802322177
6251,110,112,MAE,31.54465750851489
6252,110,112,MAE,18.29762935856303
6253,110,116,MAE,14.456751897200595
6254,110,114,MAE,33.429127830684344
6255,110,112,MAE,22.347968322912855
6256,110,112,MAE,2.340285913179865
6257,110,112,MAE,50.60538577132497
6258,110,117,LAE|MAE,31.14211844466018
6259,110,112,MAE,3.7741010726586146
6260,110,112,MAE,19.36359646286023
6261,110,112,MAE,35.39252999700658
6262,110,112,MAE,33.07091116176383
6263,110,112,MAE,36.427260466241556
6264,110,112,MAE,5.692820768471189
6265,110,112,MAE,23.488377293132846
6266,110,114,MAE,32.41185790024178
6267,110,112,MAE,39.942896373807606
6268,110,112,MAE,16.52174724828795
6269,110,118,LAE|MAE,25.308104435681795
6270,110,114,MAE,19.33460575203467
6271,110,112,MAE,24.246909971160918
6272,110,116,MAE,14.076041832934443
6273,110,112,MAE,56.760849185363476
6274,110,114,MAE,18.923711487016593
6275,110,112,MAE,2.656185543904885
6276,110,112,MAE,23.86282511978983
6277,110,112,MAE,3.7050174964521876
6278,110,114,MAE,17.485583038877536
6279,110,112,MAE,9.181546770652115
6280,110,112,MAE,2.742032193810584
6281,111,114,MAE|SAE,3.5249550957099522
6282,111,112,MAE|SAE,2.584443260724578
6283,111,112,MAE|SAE,2.236573180298721
6284,111,112,MAE|SAE,2.027877190601007
6285,110,113,LAE|MAE,37.431219019909314
6286,110,113,LAE|MAE,5.014673070624819
6287,112,116,LAE|MAE,2.9744605351169167
6288,112,113,LAE|MAE,16.71983757039653
6289,112,116,LAE|MAE,3.7017274749268307
6290,112,114,LAE|MAE,25.283450047250614
6291,110,116,MAE,16.10390064657272
6292,110,114,MAE,19.226021566524945
6293,110,114,MAE,25.217255950857652
6294,110,116,MAE,14.82906825646297
6295,110,116,MAE,32.543429785401955
6296,110,114,MAE,26.406907116432272
6297,110,114,MAE,16.416966277370225
6298,112,114,MAE,18.72664564990264
6299,112,114,MAE,55.072270802764216
6300,112,114,MAE,1.8250363678812012
6301,112,114,MAE,2.2252607787173817
6302,112,114,MAE,41.99435878023526
6303,112,117,LAE|MAE,31.07883129290946
6304,112,114,MAE,31.794155772163588
6305,112,116,MAE,23.39729599122726
6306,112,116,MAE,58.73398036031561
6307,112,114,MAE,22.050406794415608
6308,112,116,MAE,19.060074434806445
6309,112,124,MAE|SAE,15.863098400699881
6310,112,122,LAE|MAE,56.71448678785086
6311,112,114,MAE,6.445288475551328
6312,112,114,MAE,2.498806511231527
6313,112,114,MAE,25.256491642687863
6314,112,114,MAE,38.70648204336197
6315,112,114,MAE,23.04602657077266
6316,112,114,MAE,19.980919501950392
6317,112,114,MAE,11.527513767084143
6318,113,114,LAE|MAE,27.5065872720549
6319,113,117,LAE|MAE,30.697094124344297
6320,113,114,LAE|MAE,17.798929011719913
6321,113,114,LAE|MAE,15.596919987923247
6322,113,114,LAE|MAE,2.00682886715529
6323,113,132,LAE|MAE|SAE,24.27340810476302
6324,113,114,LAE|MAE,43.64652362915491
6325,113,114,LAE|MAE,2.10906039067296
6326,113,135,LAE|MAE|SAE,50.17015910005452
6327,113,114,LAE|MAE,23.25282731999692
6328,113,114,LAE|MAE,1.5576267043640637
6329,113,114,LAE|MAE,2.7001551919873577
6330,113,114,LAE|MAE,4.141194614114857
6331,113,114,LAE|MAE,1.6549095536393494
6332,114,115,MAE|SAE,25.278071011414745
6333,114,115,MAE|SAE,19.63617166077105
6334,114,121,LAE|MAE|SAE,33.84402175109393
6335,112,118,MAE,29.187832312251576
6336,113,117,LAE|MAE,43.3279315434254
6337,113,116,LAE|MAE,23.923308829569418
6338,114,124,LAE|MAE,33.22941677058957
6339,114,116,MAE,35.1495400003772
6340,114,116,MAE,21.09548921137717
6341,114,116,MAE,26.48095921467332
6342,114,116,MAE,36.56952505696994
6343,114,116,MAE,34.69629098235301
6344,114,118,LAE|MAE,22.084878905833726
6345,114,117,LAE|MAE,4.574871342116951
6346,114,121,LAE|MAE,17.928352312972656
6347,114,117,LAE|MAE,28.48286643151054
6348,114,116,MAE,2.3462610101285843
6349,114,116,MAE,2.2578349769038777
6350,114,116,MAE,3.197809242289775
6351,114,116,MAE,15.162198182635967
6352,114,120,MAE,22.224048435137234
6353,114,120,LAE|MAE|SAE,18.460754898555187
6354,114,116,MAE,2.203042858071642
6355,114,116,MAE,1.8869948681664312
6356,114,116,MAE,20.56695991079618
6357,114,116,MAE,2.4015789912377103
6358,114,118,MAE,19.60905775991402
6359,114,147,LAE|MAE|SAE,26.414717028938313
6360,114,116,MAE,19.908178965857886
6361,114,116,MAE,22.23913641619669
6362,114,116,MAE,21.7073715296759
6363,114,117,LAE|MAE,55.90026733682791
6364,114,118,MAE,19.037513902283944
6365,114,116,MAE,24.86248212269015
6366,114,117,LAE|MAE,3.1066429917737604
6367,114,116,MAE,2.3221158695422166
6368,114,122,MAE|SAE,22.62240522363669
6369,114,120,MAE,21.682553746071758
6370,114,117,LAE|MAE,57.463613682439416
6371,114,116,MAE,4.25017580040768
6372,114,116,MAE,2.1133000181354404
6373,115,119,MAE|SAE,30.740142842874555
6374,115,116,MAE|SAE,15.524757876826468
6375,115,116,MAE|SAE,2.205479473025174
6376,115,126,LAE|MAE|SAE,30.077742098105492
6377,115,117,LAE|MAE|SAE,28.82365293673635
6378,113,134,LAE|MAE|SAE,22.168027807760655
6379,113,118,LAE|MAE,29.57639061394309
6380,114,118,LAE|MAE,20.50082778556703
6381,114,125,LAE|MAE,23.945471248820127
6382,114,117,LAE|MAE,18.502684390803655
6383,114,118,LAE|MAE,36.602206251112044
6384,114,117,LAE|MAE,22.933686695012902
6385,114,117,LAE|MAE,29.228480958679274
6386,116,118,LAE|MAE,16.459998409330503
6387,116,124,LAE|MAE,17.913496430718972
6388,116,117,LAE|MAE,17.82438050792731
6389,116,117,LAE|MAE,18.845885533907527
6390,116,117,LAE|MAE,23.998034065615496
6391,116,125,LAE|MAE,44.27978942240698
6392,116,120,LAE|MAE,17.515844190691308
6393,116,118,LAE|MAE,3.388038500333523
6394,116,120,LAE|MAE,25.422613211988498
6395,116,118,LAE|MAE,25.26202534308994
6396,116,118,LAE|MAE,23.875685763605667
6397,116,121,LAE|MAE,20.224439929094306
6398,116,117,LAE|MAE,5.938951389377871
6399,116,117,LAE|MAE,22.970092747689215
6400,116,117,LAE|MAE,28.087711083486738
6401,116,117,LAE|MAE,25.61639056247775
6402,116,117,LAE|MAE,22.705406474657124
6403,116,117,LAE|MAE,16.47995571589213
6404,116,117,LAE|MAE,17.62656120542354
6405,116,117,LAE|MAE,1.7238025848529117
6406,116,117,LAE|MAE,7.322276493653338
6407,116,117,LAE|MAE,16.646283903828458
6408,116,118,LAE|MAE,26.84135612392315
6409,116,117,LAE|MAE,30.057139740599833
6410,116,117,LAE|MAE,18.911357443752706
6411,114,118,MAE,15.835638478866995
6412,114,118,MAE,17.971102320695476
6413,116,118,MAE,18.49193390025245
6414,116,118,MAE,17.567223062036742
6415,116,118,MAE,22.255174805705146
6416,116,118,MAE,15.883442979995134
6417,116,118,MAE,5.174319620321474
6418,116,118,MAE,16.784799610484644
6419,116,118,MAE,42.607722617430035
6420,116,118,MAE,23.582924716460425
6421,116,127,MAE|SAE,17.844222791673406
6422,116,118,MAE,21.327726274274745
6423,116,118,MAE,29.491738062671047
6424,116,118,MAE,17.459174913107358
6425,117,121,LAE|MAE,16.145484387938723
6426,117,120,LAE|MAE,18.048391954559428
6427,117,118,LAE|MAE,28.371366576924554
6428,117,118,LAE|MAE,19.471675685661864
6429,117,118,LAE|MAE,11.598182038779095
6430,117,118,LAE|MAE,29.78411010780306
6431,117,122,LAE|MAE|SAE,16.48008612410765
6432,117,124,LAE|MAE,22.443470972755815
6433,117,118,LAE|MAE,18.852701789538024
6434,117,124,LAE|MAE|SAE,31.828982550817333
6435,117,118,LAE|MAE,20.164475320199497
6436,117,118,LAE|MAE,15.665134061866706
6437,117,118,LAE|MAE,1.9415887778773633
6438,117,118,LAE|MAE,9.232777461135555
6439,117,118,LAE|MAE,18.76798289214345
6440,117,119,LAE|MAE|SAE,23.865060008958945
6441,117,118,LAE|MAE,29.40476934868131
6442,117,120,LAE|MAE|SAE,18.824511903160122
6443,117,118,LAE|MAE,27.744629392868642
6444,117,120,LAE|MAE,2.4059617130652073
6445,117,118,LAE|MAE,25.267182151741736
6446,117,122,LAE|MAE,25.721312722433634
6447,117,118,LAE|MAE,4.664423430680522
6448,117,118,LAE|MAE,2.0378286601571363
6449,117,118,LAE|MAE,22.383905795570982
6450,117,118,LAE|MAE,14.37287496554313
6451,117,118,LAE|MAE,16.258453080675483
6452,117,118,LAE|MAE,18.467226518677492
6453,117,118,LAE|MAE,19.486312601949603
6454,117,118,LAE|MAE,15.974460316567432
6455,117,118,LAE|MAE,27.63759017982357
6456,116,119,MAE|SAE,18.797218914598535
6457,116,121,LAE|MAE|SAE,29.56062163560359
6458,116,120,MAE|SAE,14.646006213296014
6459,116,119,MAE|SAE,5.265890630660862
6460,116,119,MAE|SAE,1.416773339930299
6461,118,119,MAE|SAE,2.6385088160697903
6462,118,119,MAE|SAE,13.854841646875043
6463,118,120,MAE|SAE,28.23474383918318
6464,118,122,LAE|MAE|SAE,12.730990935585513
6465,118,119,MAE|SAE,13.734596316640712
6466,118,123,MAE|SAE,9.877135414590422
6467,118,119,MAE|SAE,11.94127195417492
6468,118,119,MAE|SAE,16.390362486751723
6469,116,120,MAE,23.095608522441783
6470,116,122,MAE,48.95084286882434
6471,116,120,MAE,27.244781441674654
6472,116,120,MAE,25.89672607688181
6473,117,125,LAE|MAE|SAE,21.149448350733202
6474,117,120,LAE|MAE,17.578880884734975
6475,117,122,LAE|MAE,26.9192940367492
6476,117,121,LAE|MAE,18.037301696441705
6477,117,120,LAE|MAE,20.025009820655217
6478,118,120,MAE,9.53467434781292
6479,118,120,MAE,23.421499831103244
6480,118,125,LAE|MAE|SAE,29.251667612125225
6481,118,120,MAE,15.890820820450445
6482,118,122,MAE,17.483196992638902
6483,118,120,MAE,12.419203570630744
6484,118,120,MAE,2.6017940509599407
6485,118,121,LAE|MAE,2.9851711786712776
6486,118,120,MAE,9.767467696212648
6487,118,123,LAE|MAE|SAE,16.783723999046895
6488,118,121,LAE|MAE,9.262129307527287
6489,118,122,MAE,57.3205279035629
6490,118,122,LAE|MAE,58.30036228270401
6491,119,120,MAE|SAE,25.284032659252933
6492,119,123,MAE|SAE,25.26341747825841
6493,119,120,MAE|SAE,15.132853592955115
6494,119,120,MAE|SAE,24.075385732051572
6495,119,120,MAE|SAE,1.3547132820716634
6496,119,120,MAE|SAE,8.750709913962577
6497,119,120,MAE|SAE,1.7384544379421814
6498,119,121,LAE|MAE|SAE,20.48518664808651
6499,119,120,MAE|SAE,10.075626942908757
6500,117,124,LAE|MAE,32.350071748758715
6501,117,124,LAE|MAE,24.58775894179189
6502,117,121,LAE,31.4808047748767
6503,117,122,LAE|MAE,22.521737331744244
6504,117,122,LAE|MAE,36.819022115653155
6505,117,121,LAE,53.18024241342232
6506,118,122,LAE|MAE,15.811170329941476
6507,118,121,LAE|MAE,23.086277758624444
6508,118,121,LAE|MAE,24.26309707336287
6509,120,122,LAE|MAE,1.3761868369006591
6510,120,121,LAE|MAE,11.97474642524684
6511,120,121,LAE|MAE,14.32061485022385
6512,120,123,LAE|MAE|SAE,1.674090767983236
6513,120,121,LAE|MAE,13.84719988161069
6514,120,122,LAE|MAE,2.5881631027066105
6515,120,121,LAE|MAE,1.1227298435832662
6516,120,121,LAE|MAE,1.0131872350012627
6517,120,121,LAE|MAE,43.78740627678421
6518,120,122,LAE|MAE,20.69240547763916
6519,120,122,LAE|MAE,4.728360540848714
6520,120,121,LAE|MAE,4.3178135049172655
6521,120,121,LAE|MAE,1.5141675006495765
6522,120,121,LAE|MAE,1.4134907190436408
6523,120,123,LAE|MAE|SAE,27.157958411116805
6524,120,121,LAE|MAE,2.28845795475409
6525,120,121,LAE|MAE,9.559133272301287
6526,120,127,LAE|MAE|SAE,18.411069439102533
6527,120,121,LAE|MAE,9.29986324741512
6528,118,122,MAE,51.524071291944836
6529,119,123,MAE|SAE,21.4113203041787
6530,119,122,MAE|SAE,19.549478840712293
6531,119,124,MAE|SAE,21.26692993283691
6532,119,122,MAE|SAE,15.754195810494819
6533,119,122,MAE|SAE,20.11951254153668
6534,119,122,MAE|SAE,40.22094718494611
6535,120,122,MAE,2.49497202138885
6536,120,122,MAE,40.243367544795404
6537,120,122,MAE,13.501423875500034
6538,120,122,MAE,12.941441336146221
6539,120,122,MAE,16.938013953907543
6540,121,130,LAE|MAE|SAE,23.362816013711438
6541,121,122,LAE|MAE,21.899495757603205
6542,121,124,LAE|MAE,22.23569522123454
6543,121,122,LAE|MAE,2.2927339181992403
6544,121,122,LAE|MAE,1.2045638633478961
6545,121,122,LAE|MAE,23.973726076895453
6546,121,122,LAE|MAE,2.4995787094694273
6547,121,123,LAE|MAE|SAE,5.9789975787176655
6548,121,128,LAE|MAE|SAE,27.217262429999675
6549,121,122,LAE|MAE,2.2419863717224655
6550,121,122,LAE|MAE,20.555400740840646
6551,121,122,LAE|MAE,14.952424495416132
6552,121,122,LAE|MAE,27.077487198967283
6553,121,122,LAE|MAE,1.2688742221302303
6554,121,122,LAE|MAE,34.86643607458461
6555,121,122,LAE|MAE,15.486193404922906
6556,121,122,LAE|MAE,11.619999655242944
6557,120,123,MAE|SAE,18.177131331645004
6558,122,123,MAE|SAE,26.51824954141592
6559,122,123,MAE|SAE,1.6096203365225648
6560,122,126,MAE|SAE,25.008677640305084
6561,122,123,MAE|SAE,45.87480624455701
6562,122,123,MAE|SAE,11.90408497461905
6563,122,126,MAE|SAE,24.478524208975376
6564,122,139,LAE|MAE|SAE,36.579387728560185
6565,122,124,MAE|SAE,20.369295755839154
6566,122,123,MAE|SAE,0.8510606090060008
6567,122,123,MAE|SAE,1.552436068561857
6568,122,123,MAE|SAE,1.2023371550530673
6569,122,123,MAE|SAE,47.58295904554192
6570,122,123,MAE|SAE,16.706318285496206
6571,122,123,MAE|SAE,19.078682805191573
6572,122,123,MAE|SAE,16.101970996085434
6573,122,124,MAE|SAE,31.9880061765805
6574,122,123,MAE|SAE,18.10796508286844
6575,122,123,MAE|SAE,17.77230485730115
6576,121,124,LAE|MAE,20.655936771370936
6577,121,124,LAE|MAE,18.25416553632344
6578,122,124,MAE,21.039918763953768
6579,122,124,MAE,30.845626943826822
6580,122,124,MAE,23.577524040183395
6581,122,125,LAE|MAE,24.151262683571858
6582,122,124,MAE,33.27723967761779
6583,122,124,MAE,22.735865228235944
6584,122,128,MAE|SAE,25.34394932726244
6585,122,124,MAE,52.163585528092334
6586,123,124,MAE|SAE,3.320285914543407
6587,123,124,MAE|SAE,18.854216896304628
6588,123,124,MAE|SAE,9.890308857101967
6589,123,134,LAE|MAE|SAE,19.05837074832999
6590,123,125,LAE|MAE|SAE,14.92485404888822
6591,123,126,LAE|MAE|SAE,9.480033896725326
6592,123,125,LAE|MAE|SAE,28.783738076601146
6593,123,126,MAE|SAE,11.92196417249442
6594,123,124,MAE|SAE,51.60279166847732
6595,123,124,MAE|SAE,31.400642015651137
6596,123,124,MAE|SAE,28.300692323216417
6597,123,125,LAE|MAE|SAE,19.41260619998332
6598,123,124,MAE|SAE,29.431712957841714
6599,123,124,MAE|SAE,4.5428721752575205
6600,123,124,MAE|SAE,56.16604240437041
6601,123,124,MAE|SAE,20.62941207724474
6602,121,125,LAE,23.326802057112697
6603,121,129,LAE,50.82624530717462
6604,121,125,LAE,56.74634888096861
6605,122,125,LAE|MAE,20.274717906993775
6606,124,125,LAE|MAE,15.664334210473594
6607,124,125,LAE|MAE,4.16863782425401
6608,124,127,LAE|MAE|SAE,17.63299750851395
6609,124,125,LAE|MAE,1.4082036860184726
6610,124,125,LAE|MAE,22.30122219412471
6611,124,130,LAE|MAE|SAE,17.050315734195507
6612,124,125,LAE|MAE,14.616556807744628
6613,124,125,LAE|MAE,1.577247344932213
6614,124,125,LAE|MAE,8.920574625423574
6615,124,128,LAE|MAE|SAE,21.29618157172052
6616,124,125,LAE|MAE,32.1147932246704
6617,124,125,LAE|MAE,1.3950146402743338
6618,124,126,LAE|MAE,20.340934934530235
6619,124,125,LAE|MAE,18.790588288697005
6620,124,125,LAE|MAE,14.090449168159804
6621,124,125,LAE|MAE,19.226398685640206
6622,124,125,LAE|MAE,1.6517937572468084
6623,124,125,LAE|MAE,8.746552851020466
6624,124,134,LAE|MAE|SAE,50.45151938280695
6625,124,130,LAE|MAE,24.327166624506262
6626,124,125,LAE|MAE,3.828360935694666
6627,124,125,LAE|MAE,22.90064653503292
6628,123,126,MAE|SAE,26.58852067180462
6629,123,133,LAE|MAE|SAE,36.586554265787825
6630,123,126,MAE|SAE,18.51261850168343
6631,123,130,MAE|SAE,14.269070455856102
6632,123,126,MAE|SAE,1.182552904650822
6633,123,131,MAE|SAE,35.88589807075522
6634,124,126,MAE,44.6017803821231
6635,124,126,MAE,13.517505037861236
6636,124,126,MAE,47.75866774126951
6637,124,129,LAE|MAE|SAE,31.231970086903218
6638,124,126,MAE,26.383900515727152
6639,124,148,LAE|MAE|SAE,40.85480181850967
6640,124,126,MAE,33.783121718894925
6641,125,126,LAE|MAE,18.05725778177227
6642,125,126,LAE|MAE,22.406639857418135
6643,125,129,LAE|MAE|SAE,29.39286677706625
6644,125,126,LAE|MAE,18.42836217423092
6645,125,126,LAE|MAE,16.213127411880926
6646,125,126,LAE|MAE,23.53288144700454
6647,125,126,LAE|MAE,45.07021172862344
6648,125,126,LAE|MAE,19.46906958646149
6649,125,126,LAE|MAE,24.368108183654808
6650,125,126,LAE|MAE,10.669377024080728
6651,125,129,LAE|MAE,30.648497310832635
6652,125,126,LAE|MAE,38.149600155023144
6653,125,127,LAE|MAE|SAE,23.850428326548343
6654,125,135,LAE|MAE|SAE,16.831968724926377
6655,125,129,LAE|MAE,35.36266650922883
6656,125,126,LAE|MAE,26.14428733403409
6657,125,126,LAE|MAE,52.32648204876459
6658,125,126,LAE|MAE,25.478445951862163
6659,125,126,LAE|MAE,28.41969291501995
6660,125,126,LAE|MAE,25.221593350709124
6661,125,126,LAE|MAE,19.10545048158766
6662,123,127,SAE,17.283992904731992
6663,123,127,SAE,21.244571996809363
6664,123,127,SAE,8.184846078579048
6665,123,127,SAE,35.20672549539274
6666,124,130,MAE|SAE,31.414711041245187
6667,124,127,MAE|SAE,21.73242936327052
6668,124,127,MAE|SAE,29.720449350453325
6669,124,127,MAE|SAE,57.97063669561443
6670,124,136,MAE|SAE,19.145417960010537
6671,124,127,MAE|SAE,45.76955223855737
6672,124,127,MAE|SAE,19.294515231543475
6673,126,127,MAE|SAE,26.192191884062954
6674,126,130,MAE|SAE,20.1153837977951
6675,126,128,MAE|SAE,16.44342326370174
6676,126,128,MAE|SAE,17.790335266917616
6677,126,130,MAE|SAE,15.493684867750089
6678,126,127,MAE|SAE,24.11458737205677
6679,126,132,MAE|SAE,24.64760348745522
6680,126,129,LAE|MAE|SAE,44.3692522302108
6681,124,128,MAE|SAE,21.69349425742024
6682,124,128,MAE|SAE,31.720643741294417
6683,124,128,MAE|SAE,23.0165321517021
6684,124,134,MAE|SAE,28.06711213180444
6685,124,128,MAE|SAE,36.4009673211838
6686,126,130,MAE|SAE,16.54416313082106
6687,126,130,MAE|SAE,23.076886047011392
6688,126,128,MAE|SAE,18.52798117359176
6689,126,128,MAE|SAE,24.11143670784161
6690,126,128,MAE|SAE,17.295969709356246
6691,126,128,MAE|SAE,14.423316340836584
6692,126,128,MAE|SAE,25.45403309950594
6693,126,130,MAE|SAE,15.19093214492294
6694,127,128,SAE,22.61241028544363
6695,127,128,SAE,30.904103163652362
6696,127,128,SAE,25.071081205147344
6697,127,128,SAE,15.0106810038044
6698,127,130,MAE|SAE,18.544309415940287
6699,127,128,SAE,21.06037523158076
6700,127,128,SAE,27.828826865273307
6701,127,128,SAE,35.96558266930896
6702,127,128,SAE,48.25529183042044
6703,127,128,SAE,18.229249298081147
6704,127,128,SAE,19.826057396955786
6705,125,129,LAE,38.941785582177275
6706,125,129,LAE,35.36734751574141
6707,125,129,LAE,48.8938664590187
6708,125,133,LAE,55.47338021111418
6709,125,133,LAE|MAE|SAE,27.39971847519807
6710,126,130,LAE|MAE,18.57864127128399
6711,126,130,LAE|MAE,48.85083656287415
6712,126,134,MAE|SAE,33.00047656423029
6713,126,130,MAE,32.37446461716735
6714,127,133,LAE|MAE|SAE,13.8915337114934
6715,127,132,MAE|SAE,14.145363505072657
6716,127,130,MAE|SAE,45.17574018087212
6717,127,130,MAE|SAE,16.427424255044826
6718,127,130,MAE|SAE,40.86428584551128
6719,128,130,MAE|SAE,20.77252920956091
6720,128,130,MAE|SAE,30.55203213474855
6721,128,134,MAE|SAE,40.57554463927708
6722,128,130,MAE|SAE,27.25099743945515
6723,128,130,MAE|SAE,17.326605155241204
6724,128,130,MAE|SAE,15.558895813909038
6725,128,131,MAE|SAE,25.65626116180702
6726,128,132,MAE|SAE,32.05787455642573
6727,128,131,MAE|SAE,19.095832390752193
6728,128,130,MAE|SAE,19.944043601560395
6729,128,130,MAE|SAE,25.197420987784245
6730,128,130,MAE|SAE,16.50354739066259
6731,128,130,MAE|SAE,21.562844659612892
6732,128,130,MAE|SAE,17.789377207159344
6733,128,130,MAE|SAE,26.17832843845908
6734,128,130,MAE|SAE,19.33635742593171
6735,128,132,MAE|SAE,35.61437517894418
6736,128,130,MAE|SAE,24.410879676834455
6737,129,132,LAE|MAE|SAE,15.348361845821383
6738,129,130,LAE|MAE,26.780918452391024
6739,129,130,LAE|MAE,19.370526313764056
6740,129,130,LAE|MAE,36.92969110532762
6741,129,130,LAE|MAE,28.456229218018603
6742,127,131,SAE,26.70906842676205
6743,127,131,SAE,20.888119625275067
6744,127,132,SAE,42.111330254762485
6745,127,131,SAE,52.28794947327165
6746,127,131,SAE,23.62289887129528
6747,127,131,SAE,34.910069609380955
6748,127,131,SAE,54.98268375153975
6749,127,136,MAE|SAE,19.00431648859701
6750,128,131,SAE,19.32486339551954
6751,128,134,MAE|SAE,50.65613533972846
6752,128,131,SAE,33.73297095046225
6753,128,131,SAE,42.803169638577565
6754,128,134,MAE|SAE,19.96801267841695
6755,130,131,MAE|SAE,29.526126356142036
6756,130,141,LAE|MAE|SAE,24.57421350115237
6757,130,131,MAE|SAE,22.42469773042092
6758,130,131,MAE|SAE,22.93522782101206
6759,130,131,MAE|SAE,27.45630504840796
6760,130,134,MAE|SAE,26.289199307343548
6761,130,131,MAE|SAE,25.697114534034387
6762,130,131,MAE|SAE,16.13769311023659
6763,130,131,MAE|SAE,18.511107830716444
6764,130,131,MAE|SAE,43.583635283075665
6765,130,133,LAE|MAE|SAE,20.45850866590565
6766,128,132,SAE,27.707861413215102
6767,128,132,SAE,22.80940999376516
6768,128,132,SAE,24.2801376110526
6769,128,132,SAE,26.397118510439213
6770,130,139,LAE|MAE|SAE,17.519389031904744
6771,130,146,LAE|MAE|SAE,54.64782280314639
6772,131,135,SAE,25.37682594533664
6773,131,132,SAE,14.629157250748104
6774,131,135,SAE,24.438302151764606
6775,131,132,SAE,18.86280117952614
6776,131,134,MAE|SAE,45.71091018253357
6777,131,132,SAE,13.56687061878133
6778,131,132,SAE,14.509506454738833
6779,131,132,SAE,18.070697975126695
6780,131,132,SAE,17.136772745245473
6781,131,132,SAE,19.53700352706331
6782,131,132,SAE,16.83234048705064
6783,131,132,SAE,18.79198232818341
6784,129,137,LAE,20.161063495261924
6785,129,137,LAE,22.995165188842407
6786,129,133,LAE,16.67003005822288
6787,129,133,LAE,25.859196524566713
6788,129,133,LAE,25.62704448745836
6789,129,133,LAE,39.046482896777036
6790,129,137,LAE,21.184129733335112
6791,129,134,LAE|MAE,27.068795342557596
6792,129,133,LAE,20.565299379776604
6793,130,133,LAE|MAE,23.819355000526794
6794,130,133,LAE|MAE,55.80344993035383
6795,130,134,LAE|MAE,30.674757208049098
6796,130,134,MAE,44.257604937668546
6797,130,134,MAE,31.696416384529556
6798,131,135,MAE|SAE,17.020897801699427
6799,131,134,MAE|SAE,49.929247053034516
6800,131,134,MAE|SAE,21.42397374706669
6801,132,136,MAE|SAE,19.074564393965357
6802,132,134,MAE|SAE,49.50307896684417
6803,132,134,MAE|SAE,25.443117855576173
6804,132,136,MAE|SAE,23.66713263942204
6805,132,134,MAE|SAE,23.968108029610473
6806,132,136,MAE|SAE,27.542303864568495
6807,132,152,LAE|MAE|SAE,16.233625114995238
6808,132,138,LAE|MAE|SAE,41.510673758905945
6809,132,140,LAE|MAE|SAE,18.65484811733747
6810,132,134,MAE|SAE,12.696566747276202
6811,132,134,MAE|SAE,21.177783396435384
6812,132,142,LAE|MAE|SAE,18.57001197813553
6813,132,134,MAE|SAE,16.271835994875794
6814,132,136,MAE|SAE,40.326616966136854
6815,132,134,MAE|SAE,25.196632121894307
6816,132,135,MAE|SAE,31.403721765434433
6817,132,136,MAE|SAE,22.43995790416666
6818,132,135,MAE|SAE,40.513990968537456
6819,132,135,MAE|SAE,18.06270604325083
6820,132,143,MAE|SAE,21.66718390085694
6821,132,134,MAE|SAE,34.926966422698335
6822,132,158,LAE|MAE|SAE,17.896925944844575
6823,132,134,MAE|SAE,31.67168793725268
6824,132,145,LAE|MAE|SAE,16.45575285326756
6825,132,141,LAE|MAE|SAE,19.661086600204733
6826,132,150,LAE|MAE|SAE,17.494849984621137
6827,132,134,MAE|SAE,34.52643782998537
6828,132,153,LAE|MAE|SAE,18.518991622780423
6829,133,134,LAE|MAE,21.848414501816272
6830,133,134,LAE|MAE,16.568075041189115
6831,133,134,LAE|MAE,36.528601647873316
6832,133,143,LAE|MAE|SAE,21.351419961327572
6833,133,134,LAE|MAE,55.58993487476842
6834,133,145,LAE|MAE|SAE,16.91212777367443
6835,133,137,LAE|MAE|SAE,24.0549205810425
6836,133,134,LAE|MAE,24.290141738124625
6837,131,135,SAE,11.257997979183006
6838,131,135,SAE,32.95912234589863
6839,132,135,SAE,15.32866001982898
6840,132,135,SAE,16.546257683589918
6841,132,135,SAE,18.742252203978584
6842,132,135,SAE,16.15403630626675
6843,132,151,LAE|MAE|SAE,24.426290113263107
6844,134,135,MAE|SAE,1.4062265954312825
6845,134,135,MAE|SAE,11.35276422162377
6846,134,136,MAE|SAE,12.310534541315723
6847,134,136,MAE|SAE,18.19560311500556
6848,134,135,MAE|SAE,12.908159247564948
6849,134,147,LAE|MAE|SAE,15.561902058809157
6850,134,135,MAE|SAE,48.51043128624876
6851,134,135,MAE|SAE,14.78468208844085
6852,134,136,MAE|SAE,14.827363024388406
6853,134,137,LAE|MAE|SAE,25.982813802292018
6854,134,135,MAE|SAE,17.60117187226583
6855,134,142,LAE|MAE|SAE,18.57037920580911
6856,134,136,MAE|SAE,12.861986362682831
6857,134,137,LAE|MAE|SAE,15.177928476153257
6858,134,140,MAE|SAE,25.181417953490516
6859,134,139,MAE|SAE,54.690945932647544
6860,134,135,MAE|SAE,44.09554294758382
6861,134,136,MAE|SAE,15.862761071791095
6862,132,137,LAE|MAE|SAE,21.992799534377518
6863,132,136,MAE|SAE,13.374400088772703
6864,132,137,LAE|MAE|SAE,31.440125260949273
6865,132,136,MAE|SAE,16.807537330816814
6866,133,136,LAE|MAE,35.240592297282824
6867,133,136,LAE|MAE,22.275867055703646
6868,133,136,LAE|MAE,16.307012034832447
6869,133,136,LAE|MAE,25.572903317203444
6870,133,144,LAE|MAE,40.50269555688043
6871,133,149,LAE|MAE,16.315886104904273
6872,133,136,LAE|MAE,14.855680674311396
6873,133,137,LAE|MAE,18.803018793206913
6874,133,136,LAE|MAE,16.68829239992438
6875,133,141,LAE|MAE,16.411487672513516
6876,134,150,LAE|MAE|SAE,16.53385310521759
6877,134,136,MAE,20.491089282584337
6878,134,139,MAE|SAE,13.623021385188013
6879,134,140,MAE,17.299723403432452
6880,134,138,MAE,23.89389795998252
6881,134,147,LAE|MAE|SAE,16.699348478882072
6882,135,136,MAE|SAE,32.07635033473866
6883,135,136,MAE|SAE,18.510417517179857
6884,135,136,MAE|SAE,15.995921594057329
6885,135,137,LAE|MAE|SAE,14.893253841217678
6886,135,138,MAE|SAE,20.85113062970181
6887,135,141,LAE|MAE|SAE,24.36843027511571
6888,135,136,MAE|SAE,24.956159906527287
6889,135,136,MAE|SAE,1.742113290480383
6890,135,136,MAE|SAE,22.460790588265393
6891,135,136,MAE|SAE,1.150802436209272
6892,135,147,LAE|MAE|SAE,35.01292174412623
6893,135,144,MAE|SAE,20.068560089248813
6894,135,137,LAE|MAE|SAE,31.481153615254673
6895,135,136,MAE|SAE,35.446234404079526
6896,135,164,LAE|MAE|SAE,44.30477360299698
6897,135,136,MAE|SAE,16.21912854356529
6898,135,137,LAE|MAE|SAE,1.1804317239476745
6899,135,136,MAE|SAE,37.50394166721162
6900,135,139,MAE|SAE,17.313931961417996
6901,135,150,LAE|MAE|SAE,14.508471233793284
6902,133,137,LAE,9.447557671158954
6903,133,137,LAE,46.5488977373676
6904,133,137,LAE,17.766746663112094
6905,133,137,LAE,22.90712190097767
6906,133,137,LAE,41.000211709320084
6907,134,137,LAE|MAE,26.390238561840615
6908,134,137,LAE|MAE,17.99834565647032
6909,134,141,LAE|MAE,16.83614585768267
6910,134,140,LAE|MAE|SAE,17.458900285918045
6911,134,147,LAE|MAE|SAE,17.42594714342709
6912,134,146,LAE|MAE,53.01766013195366
6913,136,140,LAE|MAE,17.864883062614968
6914,136,141,LAE|MAE,21.68708608555824
6915,136,148,LAE|MAE|SAE,19.971154239835172
6916,136,138,LAE|MAE,45.66020196133751
6917,136,137,LAE|MAE,15.187202987253979
6918,136,137,LAE|MAE,19.802773314272738
6919,136,137,LAE|MAE,1.9688310086345686
6920,136,139,LAE|MAE|SAE,19.09117197082241
6921,136,146,LAE|MAE,26.770875708030605
6922,136,144,LAE|MAE,15.213274117815827
6923,136,137,LAE|MAE,19.756578081238413
6924,136,140,LAE|MAE|SAE,39.49392352176856
6925,136,141,LAE|MAE,18.346296337267127
6926,136,137,LAE|MAE,23.927503101094505
6927,136,137,LAE|MAE,37.66522625576096
6928,136,138,LAE|MAE,13.686324326222493
6929,136,137,LAE|MAE,18.44894069082158
6930,134,138,MAE,20.352541209247335
6931,134,141,LAE|MAE|SAE,37.718476019714316
6932,134,140,MAE,17.095210511783453
6933,134,139,MAE|SAE,18.196305646969115
6934,135,138,MAE|SAE,14.506856339548012
6935,135,143,LAE|MAE|SAE,21.014749450285453
6936,135,138,MAE|SAE,16.213950209136605
6937,135,138,MAE|SAE,53.251187778741
6938,135,139,MAE|SAE,44.177440874058206
6939,135,138,MAE|SAE,30.08318079962983
6940,135,138,MAE|SAE,13.283291151135927
6941,135,139,MAE|SAE,28.151359192522712
6942,135,138,MAE|SAE,16.637365343142626
6943,135,138,MAE|SAE,22.09388533538268
6944,136,141,LAE|MAE,18.36275875490537
6945,136,138,MAE,17.870652299755417
6946,136,138,MAE,22.221456789382028
6947,136,139,MAE|SAE,13.442342177581823
6948,136,142,MAE,14.79566898634628
6949,136,138,MAE,19.054945680608114
6950,137,142,LAE|MAE,24.290913861379583
6951,137,142,LAE|MAE,20.226915375162378
6952,137,138,LAE|MAE,21.710999211067623
6953,137,138,LAE|MAE,13.09942455311376
6954,137,138,LAE|MAE,21.817939939738693
6955,137,138,LAE|MAE,15.509898482594764
6956,137,145,LAE|MAE|SAE,15.532214794030086
6957,137,144,LAE|MAE,17.707803346822647
6958,137,138,LAE|MAE,22.4202817386152
6959,137,144,LAE|MAE,35.81337710268285
6960,137,138,LAE|MAE,24.620273117558334
6961,137,149,LAE|MAE,12.462420711751722
6962,137,138,LAE|MAE,14.41584969424918
6963,137,138,LAE|MAE,13.826409963326102
6964,137,138,LAE|MAE,15.900114648568255
6965,137,143,LAE|MAE|SAE,16.1657449016127
6966,137,144,LAE|MAE,30.934737724915124
6967,137,138,LAE|MAE,18.52068724338134
6968,137,139,LAE|MAE|SAE,19.63776533551243
6969,135,139,SAE,12.273361401418203
6970,135,139,SAE,43.061434746992546
6971,135,139,SAE,19.875071107264887
6972,135,143,SAE,14.803851518096948
6973,135,147,MAE|SAE,16.61739838483545
6974,136,147,MAE|SAE,10.609298372633045
6975,136,139,MAE|SAE,22.009094542205727
6976,136,139,MAE|SAE,9.697113523078695
6977,136,143,MAE|SAE,24.570987507978302
6978,136,139,MAE|SAE,18.150816683219663
6979,136,139,MAE|SAE,20.085597738908554
6980,136,139,MAE|SAE,20.312391836373987
6981,138,141,LAE|MAE|SAE,11.879849774550621
6982,138,139,MAE|SAE,12.863041870165308
6983,138,139,MAE|SAE,15.907182289086242
6984,138,139,MAE|SAE,1.0647268482262093
6985,138,143,MAE|SAE,36.95757064153071
6986,138,143,MAE|SAE,27.2090282338559
6987,138,139,MAE|SAE,16.73439756179064
6988,138,139,MAE|SAE,12.35874513017129
6989,138,139,MAE|SAE,21.73670163927638
6990,136,142,MAE,21.89572462234024
6991,136,140,MAE,15.937879512682247
6992,136,140,MAE,18.416212887802686
6993,136,143,MAE|SAE,14.374204165427624
6994,137,143,LAE|MAE|SAE,12.90787022521892
6995,137,141,LAE|MAE,31.025716812249655
6996,137,140,LAE|MAE,14.976116346188975
6997,137,140,LAE|MAE,16.47215588651474
6998,137,141,LAE|MAE,38.273369417713994
6999,137,142,LAE|MAE,19.9448252009911
7000,137,142,LAE|MAE,18.4246693975739
7001,138,141,LAE|MAE,22.471651058570046
7002,138,144,MAE,12.036470558387837
7003,138,143,MAE|SAE,22.989259585560298
7004,138,140,MAE,20.37173483902995
7005,138,140,MAE,22.038141390032372
7006,138,140,MAE,16.687539080365454
7007,138,141,LAE|MAE,27.541428500282038
7008,138,140,MAE,2.506866600888013
7009,138,229,LAE|MAE|SAE,40.37714139135246
7010,139,140,MAE|SAE,19.60711749839715
7011,139,142,MAE|SAE,42.528939232482614
7012,139,140,MAE|SAE,19.10543395041006
7013,139,140,MAE|SAE,16.061476696893106
7014,139,140,MAE|SAE,15.309875903375097
7015,139,143,LAE|MAE|SAE,12.973496242420994
7016,139,142,MAE|SAE,10.678298644951173
7017,139,140,MAE|SAE,28.72450926373066
7018,139,140,MAE|SAE,43.584192669274316
7019,139,140,MAE|SAE,23.82757012805861
7020,139,140,MAE|SAE,14.235341745201648
7021,137,141,LAE,16.596663159035963
7022,137,141,LAE,17.025259250257704
7023,137,141,LAE,20.35485495348554
7024,137,144,LAE|MAE|SAE,26.04855051348983
7025,137,149,LAE|MAE|SAE,22.148192468729423
7026,138,145,LAE|MAE,12.475047390519597
7027,138,141,LAE|MAE,22.824157291060484
7028,138,160,LAE|MAE|SAE,28.20039110843205
7029,138,141,LAE|MAE,45.31326040107779
7030,138,141,LAE|MAE,13.130053993677397
7031,140,145,LAE|MAE,12.815684960773808
7032,140,145,LAE|MAE|SAE,20.759112556657904
7033,140,141,LAE|MAE,19.761023880456808
7034,140,198,LAE|MAE|SAE,44.82975449353577
7035,140,141,LAE|MAE,17.665303747769446
7036,140,141,LAE|MAE,21.249903765786687
7037,140,146,LAE|MAE,13.826368403050727
7038,140,142,LAE|MAE,10.604173073488026
7039,140,143,LAE|MAE|SAE,2.380291285224464
7040,140,143,LAE|MAE|SAE,27.02016792390077
7041,140,145,LAE|MAE,15.693050506676313
7042,140,145,LAE|MAE|SAE,14.38404266890496
7043,140,141,LAE|MAE,14.236803198084308
7044,140,141,LAE|MAE,20.279187631572867
7045,140,141,LAE|MAE,12.773001641555238
7046,140,141,LAE|MAE,2.4673835473354413
7047,138,142,MAE,19.633049904912745
7048,138,144,MAE|SAE,26.125241634584576
7049,139,142,MAE|SAE,32.01219096270207
7050,139,142,MAE|SAE,24.551264516582982
7051,139,149,LAE|MAE|SAE,19.427727274509735
7052,139,144,MAE|SAE,21.358702341036494
7053,140,142,MAE,1.6131565794323777
7054,140,142,MAE,17.15851458855512
7055,140,144,MAE,12.438313105260665
7056,140,142,MAE,17.149508389332322
7057,140,148,LAE|MAE,16.620792276585203
7058,140,143,MAE|SAE,20.55012615627477
7059,140,142,MAE,8.961126402798048
7060,140,145,LAE|MAE,23.490170294027642
7061,140,142,MAE,19.56996657157007
7062,140,142,MAE,22.780479807100782
7063,140,142,MAE,24.651058402985697
7064,140,145,LAE|MAE|SAE,18.393617492031435
7065,141,144,LAE|MAE|SAE,20.01320034210427
7066,141,142,LAE|MAE,21.629941756747346
7067,141,148,LAE|MAE,15.31881198123407
7068,141,142,LAE|MAE,18.693273838746585
7069,141,143,LAE|MAE|SAE,17.73070936160949
7070,141,144,LAE|MAE,23.300135607370088
7071,141,142,LAE|MAE,14.57945455861539
7072,141,142,LAE|MAE,15.114670201289023
7073,141,142,LAE|MAE,13.14854923945107
7074,141,142,LAE|MAE,41.43555126569222
7075,141,144,LAE|MAE|SAE,17.289548902214296
7076,139,148,MAE|SAE,23.063411880171284
7077,139,143,SAE,32.9051075202859
7078,139,143,SAE,16.541759806727693
7079,139,143,SAE,15.647523175782258
7080,139,143,SAE,14.059982552927782
7081,139,149,LAE|MAE|SAE,15.512240030822245
7082,139,147,SAE,18.998608261873855
7083,140,151,LAE|MAE|SAE,20.938931944387214
7084,142,143,MAE|SAE,25.339891300169715
7085,142,148,MAE|SAE,16.849346605663925
7086,142,146,MAE|SAE,22.044288309221738
7087,142,143,MAE|SAE,21.902762046654217
7088,142,143,MAE|SAE,20.10726755795767
7089,142,143,MAE|SAE,10.52337010545326
7090,142,143,MAE|SAE,16.105954854439304
7091,142,143,MAE|SAE,14.949440828061958
7092,142,144,MAE|SAE,21.029150229276958
7093,142,145,LAE|MAE|SAE,14.438069495131263
7094,142,143,MAE|SAE,18.321462516642782
7095,142,145,LAE|MAE|SAE,10.111473169979151
7096,140,144,MAE,14.64302781475437
7097,140,144,MAE,31.532236818565043
7098,140,144,MAE,14.607433139898264
7099,140,147,LAE|MAE|SAE,23.851352583289664
7100,140,145,LAE|MAE,11.831816849015077
7101,141,146,LAE|MAE,23.809640706474372
7102,141,144,LAE|MAE,15.617282107266721
7103,141,144,LAE|MAE,39.74974368003579
7104,141,163,LAE|MAE|SAE,13.99276932079709
7105,141,144,LAE|MAE,15.02325409654363
7106,141,151,LAE|MAE|SAE,43.960545575622795
7107,142,144,MAE,15.567645721280794
7108,142,145,LAE|MAE,12.006010033981093
7109,142,147,MAE|SAE,14.110021740240345
7110,142,144,MAE,26.954796567742672
7111,142,144,MAE,18.85098015790664
7112,142,147,LAE|MAE|SAE,12.401218814366352
7113,142,144,MAE,15.886783864402972
7114,142,148,MAE,45.25774330038473
7115,142,151,LAE|MAE|SAE,13.076995854040497
7116,142,144,MAE,13.546284830485295
7117,143,146,MAE|SAE,17.87872141743591
7118,143,144,MAE|SAE,25.2045247003092
7119,143,145,LAE|MAE|SAE,8.917778846500845
7120,143,145,LAE|MAE|SAE,18.203770665653952
7121,143,146,LAE|MAE|SAE,14.107232566272925
7122,143,144,MAE|SAE,13.372689510017318
7123,143,148,MAE|SAE,22.548582270283188
7124,143,144,MAE|SAE,21.90972597022962
7125,143,144,MAE|SAE,15.120152187442214
7126,143,144,MAE|SAE,20.091533288982557
7127,143,144,MAE|SAE,22.185235791731643
7128,143,144,MAE|SAE,21.280572176129674
7129,143,144,MAE|SAE,14.330796370471992
7130,143,147,MAE|SAE,13.098529186033943
7131,143,144,MAE|SAE,11.853006438102154
7132,143,151,MAE|SAE,58.83593581445503
7133,143,144,MAE|SAE,8.892399366949935
7134,143,154,LAE|MAE|SAE,41.11573843594576
7135,143,144,MAE|SAE,14.586979441741246
7136,143,144,MAE|SAE,15.554549616555828
7137,143,146,MAE|SAE,19.512698909398285
7138,143,144,MAE|SAE,16.06631671203153
7139,143,147,LAE|MAE|SAE,13.499950374598521
7140,143,144,MAE|SAE,12.535745744045096
7141,143,155,LAE|MAE|SAE,11.54078721470486
7142,143,148,MAE|SAE,21.15938474819676
7143,143,148,MAE|SAE,9.921332302594234
7144,143,148,MAE|SAE,12.704332187396275
7145,141,146,LAE|MAE,15.748842906411177
7146,141,145,LAE,41.53782109802471
7147,141,145,LAE,14.606175976471404
7148,141,149,LAE,14.108950667500242
7149,141,145,LAE,23.83035596889485
7150,142,145,LAE|MAE,30.843617423201476
7151,142,145,LAE|MAE,12.792906248757506
7152,144,149,LAE|MAE,15.598481306718455
7153,144,145,LAE|MAE,14.649222607388074
7154,144,145,LAE|MAE,10.041486171278294
7155,144,145,LAE|MAE,14.58353608168113
7156,144,145,LAE|MAE,14.333238247268357
7157,144,145,LAE|MAE,13.748361626751725
7158,144,145,LAE|MAE,14.976220481488804
7159,144,147,LAE|MAE|SAE,20.936091074487383
7160,144,145,LAE|MAE,13.934016344267297
7161,144,145,LAE|MAE,20.154052464061188
7162,144,145,LAE|MAE,16.803670784823368
7163,144,145,LAE|MAE,1.4331169501077965
7164,144,150,LAE|MAE,10.325433946562224
7165,144,145,LAE|MAE,7.971766355877185
7166,144,145,LAE|MAE,45.601750291251946
7167,144,159,LAE|MAE|SAE,14.183591700225646
7168,144,145,LAE|MAE,17.67741802011986
7169,144,145,LAE|MAE,21.039451285128386
7170,144,228,LAE|MAE|SAE,41.337129686490464
7171,144,145,LAE|MAE,24.81215919492511
7172,144,145,LAE|MAE,12.147914307644768
7173,144,147,LAE|MAE|SAE,5.401309993006961
7174,144,145,LAE|MAE,12.306914297110184
7175,144,147,LAE|MAE|SAE,14.758972433863365
7176,142,148,MAE|SAE,17.429240280397565
7177,142,146,MAE,21.776164378174172
7178,142,154,LAE|MAE|SAE,18.807794634003933
7179,142,146,MAE,8.49071448367746
7180,143,146,MAE|SAE,17.682564158345887
7181,143,146,MAE|SAE,14.3471229953713
7182,143,152,MAE|SAE,18.82761161947802
7183,143,146,MAE|SAE,15.71356125790288
7184,143,146,MAE|SAE,17.044477907237997
7185,143,146,MAE|SAE,17.628447319458033
7186,143,151,MAE|SAE,16.768349685908046
7187,143,157,LAE|MAE|SAE,17.424475207359762
7188,143,146,MAE|SAE,15.86391510904875
7189,143,146,MAE|SAE,41.4244776608188
7190,143,146,MAE|SAE,17.295255227052778
7191,143,150,MAE|SAE,36.24994872393332
7192,143,146,MAE|SAE,19.615699353325383
7193,143,146,MAE|SAE,18.314509641913414
7194,143,148,MAE|SAE,21.96531373153402
7195,144,146,MAE,15.136781962564768
7196,144,146,MAE,13.832100462620781
7197,144,146,MAE,15.919921328819683
7198,144,148,MAE,12.114107453223143
7199,144,153,LAE|MAE,16.72529624458431
7200,144,146,MAE,13.129509509644885
7201,144,148,MAE|SAE,11.554033182789691
7202,144,146,MAE,17.69872829146231
7203,145,150,LAE|MAE,12.901133582164169
7204,145,148,LAE|MAE,13.551357877811567
7205,145,146,LAE|MAE,14.949367761807485
7206,145,146,LAE|MAE,22.226939066965333
7207,145,149,LAE|MAE|SAE,14.40147065077104
7208,145,146,LAE|MAE,18.406393809922395
7209,145,146,LAE|MAE,24.764863442335262
7210,145,146,LAE|MAE,21.883001450556094
7211,145,152,LAE|MAE|SAE,13.292116325358302
7212,145,146,LAE|MAE,15.520528573412536
7213,145,149,LAE|MAE,15.824655190406595
7214,145,147,LAE|MAE|SAE,16.325880227502655
7215,145,146,LAE|MAE,21.7928235027823
7216,145,146,LAE|MAE,15.69237886983298
7217,145,146,LAE|MAE,17.54463684798197
7218,145,150,LAE|MAE,20.331902800484542
7219,145,146,LAE|MAE,18.451413836111573
7220,143,150,LAE|MAE|SAE,23.792756557955784
7221,143,147,SAE,24.5382299260643
7222,143,154,LAE|MAE|SAE,42.549137671678494
7223,143,147,SAE,11.552656742209143
7224,144,147,MAE|SAE,14.26411628022114
7225,144,151,MAE|SAE,22.54435286940109
7226,144,147,MAE|SAE,14.886195606802046
7227,144,147,MAE|SAE,35.52219807857026
7228,144,147,MAE|SAE,16.37349835358713
7229,144,148,MAE|SAE,14.890874402016154
7230,144,150,MAE|SAE,18.88170709022605
7231,146,147,MAE|SAE,20.7345559876694
7232,146,147,MAE|SAE,16.5451074530344
7233,146,147,MAE|SAE,12.2400452862601
7234,146,151,MAE|SAE,13.051038953526614
7235,146,147,MAE|SAE,14.392771078939166
7236,146,153,LAE|MAE|SAE,15.013832929459594
7237,146,147,MAE|SAE,19.736099282377424
7238,146,152,MAE|SAE,13.90537143726329
7239,146,151,LAE|MAE|SAE,11.126578461674848
7240,146,151,MAE|SAE,28.016770191742285
7241,146,153,LAE|MAE|SAE,34.10231649092878
7242,146,147,MAE|SAE,11.695805993680045
7243,146,147,MAE|SAE,18.401583861411645
7244,146,152,LAE|MAE|SAE,15.30509166848166
7245,144,149,LAE|MAE,44.454056075797304
7246,144,148,MAE,11.950965224196942
7247,144,155,LAE|MAE|SAE,14.751988132443898
7248,144,148,MAE,18.298464896670488
7249,144,148,MAE,8.295633189360542
7250,145,148,LAE|MAE,12.779227124496526
7251,145,149,LAE|MAE,12.692535830555352
7252,145,228,LAE|MAE|SAE,32.7059011793041
7253,145,151,LAE|MAE|SAE,13.591311165416815
7254,145,148,LAE|MAE,12.991286905323555
7255,145,149,LAE|MAE,13.613373035118368
7256,146,155,LAE|MAE|SAE,15.567034527496096
7257,146,148,MAE,17.836521212309464
7258,146,148,MAE,17.33624480155247
7259,146,148,MAE,16.58238064516646
7260,146,150,MAE,9.320512310347222
7261,146,148,MAE,51.257205632949706
7262,147,148,MAE|SAE,15.756326196404663
7263,147,149,LAE|MAE|SAE,12.89343807363336
7264,147,148,MAE|SAE,19.068405323546987
7265,147,148,MAE|SAE,3.1663033851014246
7266,147,148,MAE|SAE,16.70085482252845
7267,147,149,LAE|MAE|SAE,15.56745900900355
7268,147,148,MAE|SAE,12.601798295604043
7269,147,148,MAE|SAE,14.742660291561398
7270,147,148,MAE|SAE,11.003080413128679
7271,147,148,MAE|SAE,10.941354166043576
7272,147,148,MAE|SAE,11.101928653318875
7273,147,157,LAE|MAE|SAE,15.927042078118173
7274,147,149,LAE|MAE|SAE,16.790060780806655
7275,147,161,LAE|MAE|SAE,12.92163549880247
7276,147,152,MAE|SAE,10.847821717397892
7277,147,155,MAE|SAE,16.059111935449664
7278,147,148,MAE|SAE,15.065243960805
7279,147,148,MAE|SAE,13.115697328464245
7280,147,148,MAE|SAE,9.85284961055412
7281,147,148,MAE|SAE,22.580977575685925
7282,147,148,MAE|SAE,12.31058875841257
7283,147,148,MAE|SAE,15.8151879903646
7284,147,148,MAE|SAE,19.473517336519617
7285,145,149,LAE,13.337840201168346
7286,145,149,LAE,15.356363324467514
7287,145,153,LAE|MAE,15.90344297521541
7288,145,149,LAE,19.150659687364946
7289,145,149,LAE,13.052549112552489
7290,145,149,LAE,32.89396437905591
7291,146,150,LAE|MAE,11.370310791364913
7292,146,149,LAE|MAE,20.610490420639827
7293,146,152,LAE|MAE,10.524286312890638
7294,146,149,LAE|MAE,15.619228805589549
7295,146,149,LAE|MAE,15.630687792427276
7296,146,149,LAE|MAE,13.352617154626273
7297,148,149,LAE|MAE,17.49847002909473
7298,148,149,LAE|MAE,2.9244124135696663
7299,148,149,LAE|MAE,15.320205160621923
7300,148,149,LAE|MAE,13.74163970335778
7301,148,149,LAE|MAE,12.42713496938292
7302,148,149,LAE|MAE,5.1686691591201335
7303,148,149,LAE|MAE,10.208170478509706
7304,148,149,LAE|MAE,38.88652045556892
7305,148,149,LAE|MAE,27.89236512488383
7306,148,154,LAE|MAE,13.073801848692542
7307,148,149,LAE|MAE,26.535535267814016
7308,148,149,LAE|MAE,1.0530898551900982
7309,148,149,LAE|MAE,23.86316794361947
7310,148,154,LAE|MAE|SAE,21.47792877799909
7311,148,149,LAE|MAE,2.938952882335533
7312,148,156,LAE|MAE,16.414376610594207
7313,148,149,LAE|MAE,10.372876023994932
7314,148,149,LAE|MAE,13.192077144824756
7315,148,149,LAE|MAE,13.040645732853562
7316,148,152,LAE|MAE,16.889555592630472
7317,148,149,LAE|MAE,14.31262708886192
7318,146,153,LAE|MAE,18.107680855726265
7319,146,150,MAE,10.789876983066042
7320,147,152,MAE|SAE,21.2880351041077
7321,147,150,MAE|SAE,10.265787553767401
7322,147,150,MAE|SAE,17.695826306020084
7323,147,150,MAE|SAE,17.783232611591153
7324,147,150,MAE|SAE,17.34970188280232
7325,147,150,MAE|SAE,13.604955092019308
7326,147,150,MAE|SAE,16.242334462780484
7327,147,150,MAE|SAE,36.87403177692101
7328,147,150,MAE|SAE,11.863150512390902
7329,147,150,MAE|SAE,26.71146851350337
7330,147,150,MAE|SAE,18.373723893288346
7331,147,150,MAE|SAE,18.082489694876298
7332,147,150,MAE|SAE,15.794491306688569
7333,147,151,MAE|SAE,16.451107206642263
7334,148,156,MAE,11.681879762403272
7335,148,152,MAE,16.857476147069697
7336,148,150,MAE,11.866864144567524
7337,148,151,MAE|SAE,20.91066543480791
7338,148,150,MAE,23.388828505942595
7339,148,151,MAE|SAE,18.43760248850472
7340,148,155,MAE|SAE,14.968501847011918
7341,148,150,MAE,19.743213652604485
7342,148,150,MAE,13.374070699839265
7343,149,150,LAE|MAE,16.468463216751477
7344,149,152,LAE|MAE,17.825461621209154
7345,149,150,LAE|MAE,17.88888929614346
7346,149,151,LAE|MAE|SAE,16.12834909389212
7347,149,151,LAE|MAE|SAE,10.28842199161645
7348,149,150,LAE|MAE,9.066490569681767
7349,149,152,LAE|MAE|SAE,33.244964706431766
7350,149,150,LAE|MAE,13.095594869652532
7351,149,150,LAE|MAE,4.0681726080595055
7352,149,154,LAE|MAE|SAE,20.011024341900495
7353,149,155,LAE|MAE|SAE,8.681518710632933
7354,149,152,LAE|MAE,13.661419139449034
7355,149,150,LAE|MAE,17.96846032018727
7356,149,152,LAE|MAE,15.177657526406037
7357,149,153,LAE|MAE,11.102798671123072
7358,149,150,LAE|MAE,3.80608489635267
7359,149,150,LAE|MAE,7.444361748617759
7360,149,151,LAE|MAE|SAE,12.705376517324227
7361,149,161,LAE|MAE|SAE,17.35273472018434
7362,149,150,LAE|MAE,13.29572488750879
7363,149,152,LAE|MAE|SAE,13.961768115238975
7364,149,150,LAE|MAE,16.686981935632442
7365,149,150,LAE|MAE,15.081760573000397
7366,147,151,SAE,20.55887035370232
7367,147,155,MAE|SAE,10.214619116777001
7368,147,151,SAE,24.38231667063756
7369,147,151,SAE,25.351234787972285
7370,147,151,SAE,15.699726118971006
7371,147,155,SAE,11.849230234197016
7372,147,151,SAE,15.979320076042038
7373,147,151,SAE,10.110690672923413
7374,147,169,LAE|MAE|SAE,31.493540370369338
7375,148,154,MAE|SAE,13.653253116629688
7376,148,155,LAE|MAE|SAE,11.92660641313243
7377,150,154,MAE|SAE,14.988962587395449
7378,150,152,MAE|SAE,18.486424582517483
7379,150,151,MAE|SAE,10.09880382187423
7380,150,154,MAE|SAE,10.868217718330373
7381,150,155,MAE|SAE,6.860157924341138
7382,150,151,MAE|SAE,10.231018826671614
7383,150,151,MAE|SAE,15.847761996503843
7384,150,151,MAE|SAE,22.95549591727551
7385,150,151,MAE|SAE,22.118250409514907
7386,150,151,MAE|SAE,18.482383747714188
7387,150,155,MAE|SAE,12.600583549635475
7388,150,159,MAE|SAE,10.300799115378139
7389,150,152,MAE|SAE,18.673243966147613
7390,150,151,MAE|SAE,16.899405496853337
7391,150,151,MAE|SAE,12.297738847558122
7392,150,151,MAE|SAE,7.793009818908094
7393,150,151,MAE|SAE,35.33568666805513
7394,150,156,MAE|SAE,21.08549616267168
7395,150,151,MAE|SAE,43.69382690659469
7396,148,152,MAE,12.603953982535714
7397,148,155,MAE|SAE,13.961110153027205
7398,148,152,MAE,13.257382885072925
7399,149,152,LAE|MAE,16.868038026452464
7400,149,155,LAE|MAE|SAE,13.415274767478829
7401,149,152,LAE|MAE,10.80628157999938
7402,149,152,LAE|MAE,13.219552520000406
7403,149,152,LAE|MAE,18.327047043925763
7404,150,152,MAE,15.318963931645056
7405,150,153,LAE|MAE,11.698216977244963
7406,150,152,MAE,19.31990958692749
7407,150,152,MAE,22.51016671924896
7408,150,152,MAE,17.161586614816216
7409,150,154,LAE|MAE,14.077201475010202
7410,151,157,LAE|MAE|SAE,10.2825603985627
7411,151,158,LAE|MAE|SAE,10.029012851044124
7412,151,155,MAE|SAE,20.616767531692886
7413,151,152,MAE|SAE,20.539290761836696
7414,151,156,MAE|SAE,20.6889084053941
7415,151,154,MAE|SAE,20.420149612016
7416,151,152,MAE|SAE,14.462974430692862
7417,151,153,LAE|MAE|SAE,11.47195320595536
7418,151,155,MAE|SAE,14.113630996391135
7419,151,152,MAE|SAE,1.1746274291247574
7420,151,155,MAE|SAE,9.910907975217421
7421,151,152,MAE|SAE,9.399263917419242
7422,151,152,MAE|SAE,8.610194634434398
7423,151,156,LAE|MAE|SAE,10.97457304765593
7424,151,152,MAE|SAE,14.309682317991523
7425,151,152,MAE|SAE,17.095334544725667
7426,151,152,MAE|SAE,19.421744724610942
7427,151,154,MAE|SAE,10.0765865334035
7428,151,152,MAE|SAE,43.50839898747866
7429,151,153,LAE|MAE|SAE,10.182297958252866
7430,149,153,LAE,14.383651103630466
7431,149,153,LAE,13.550650227834318
7432,150,153,LAE|MAE,12.64932001052234
7433,150,153,LAE|MAE,20.338891595569013
7434,150,154,LAE|MAE,13.828497846765469
7435,152,155,LAE|MAE|SAE,12.460444102414877
7436,152,153,LAE|MAE,20.211481567186738
7437,152,154,LAE|MAE,14.555948495452828
7438,152,153,LAE|MAE,5.747333961313028
7439,152,158,LAE|MAE|SAE,9.297873662129705
7440,152,153,LAE|MAE,2.7469507392205617
7441,150,154,MAE,17.54486896109107
7442,150,154,MAE,18.40493679511354
7443,150,154,MAE,15.07826358448862
7444,151,158,MAE|SAE,15.042321441241114
7445,151,172,MAE|SAE,9.200938321982326
7446,151,154,MAE|SAE,54.885680056216195
7447,151,154,MAE|SAE,13.514877922149651
7448,152,154,MAE,11.21027349925244
7449,152,154,MAE,16.026608562070802
7450,152,154,MAE,17.92795153488031
7451,152,155,MAE|SAE,44.18337028795988
7452,153,154,LAE|MAE,16.396253476186956
7453,153,154,LAE|MAE,2.128024960107471
7454,153,154,LAE|MAE,1.5756426904739198
7455,153,154,LAE|MAE,10.539962672540684
7456,153,155,LAE|MAE|SAE,22.155421596629694
7457,153,155,LAE|MAE|SAE,2.3998360946631334
7458,151,155,SAE,16.13339320320183
7459,151,155,SAE,7.2312048583184225
7460,151,159,SAE,21.817383659962687
7461,151,155,SAE,12.12509010140581
7462,151,156,MAE|SAE,22.323585444628524
7463,152,155,MAE|SAE,12.824698426382083
7464,152,155,MAE|SAE,10.469734345880424
7465,152,155,MAE|SAE,8.154051270568472
7466,152,155,MAE|SAE,38.68286119219616
7467,152,155,MAE|SAE,15.304679357900444
7468,152,155,MAE|SAE,13.000403534255023
7469,152,156,MAE|SAE,20.93064914946918
7470,154,155,MAE|SAE,15.683553534017816
7471,154,156,MAE|SAE,16.484440766545095
7472,154,155,MAE|SAE,21.545933375449785
7473,154,155,MAE|SAE,13.612103526571353
7474,154,155,MAE|SAE,12.597404837225893
7475,154,161,LAE|MAE|SAE,34.057914355760246
7476,154,155,MAE|SAE,27.58325999797984
7477,154,156,MAE|SAE,18.048961169602048
7478,154,155,MAE|SAE,16.124273857234453
7479,154,158,MAE|SAE,22.044536792099596
7480,154,155,MAE|SAE,10.30219091257054
7481,154,155,MAE|SAE,11.460184478572838
7482,154,155,MAE|SAE,11.969990659152804
7483,154,156,MAE|SAE,11.122115903656892
7484,154,155,MAE|SAE,19.82880401042253
7485,154,158,MAE|SAE,43.36904518907528
7486,154,157,LAE|MAE|SAE,39.001199813050974
7487,154,155,MAE|SAE,12.579402883022995
7488,154,158,MAE|SAE,16.896679153939033
7489,154,155,MAE|SAE,12.501978433795106
7490,154,157,LAE|MAE|SAE,10.839339582338907
7491,154,162,MAE|SAE,36.42337702463096
7492,154,157,LAE|MAE|SAE,11.05419715573539
7493,152,156,MAE,13.94830328924965
7494,152,156,MAE,18.24371062839404
7495,152,160,MAE,17.63932392502038
7496,153,157,LAE|MAE,9.039836471342781
7497,153,156,LAE|MAE,13.732633647554826
7498,153,156,LAE|MAE,20.962237949839945
7499,153,156,LAE|MAE,14.910984442685033
7500,153,156,LAE|MAE,14.725132930181124
7501,153,156,LAE|MAE,12.061944500838134
7502,153,156,LAE|MAE,31.80592159996373
7503,153,157,LAE|MAE,14.304433228184326
7504,153,156,LAE|MAE,7.7712802965755525
7505,153,158,LAE|MAE,17.34642251252665
7506,153,160,LAE|MAE|SAE,11.738500507981064
7507,154,156,MAE,23.644260459875113
7508,154,156,MAE,49.70150611881045
7509,154,160,MAE,13.404177084247085
7510,154,156,MAE,11.024263478045409
7511,154,156,MAE,13.107476349053888
7512,154,156,MAE,10.53193727503849
7513,154,159,LAE|MAE|SAE,9.22495610666538
7514,154,156,MAE,13.791314962217676
7515,154,157,LAE|MAE,19.48896103796774
7516,155,159,MAE|SAE,13.338502801192291
7517,155,157,LAE|MAE|SAE,17.263294965834117
7518,155,164,LAE|MAE|SAE,12.85930451872032
7519,155,156,MAE|SAE,45.525499543824075
7520,155,159,MAE|SAE,16.947719522625217
7521,155,156,MAE|SAE,17.24110522346734
7522,155,156,MAE|SAE,12.586983213350967
7523,155,156,MAE|SAE,15.083079212802463
7524,155,156,MAE|SAE,1.8697482793952382
7525,155,156,MAE|SAE,14.90561208418223
7526,155,156,MAE|SAE,12.637899781823004
7527,155,161,LAE|MAE|SAE,10.08660137333617
7528,155,156,MAE|SAE,12.283371467800457
7529,155,156,MAE|SAE,31.564783136045836
7530,155,156,MAE|SAE,15.716258226852645
7531,155,156,MAE|SAE,11.42355760766476
7532,155,156,MAE|SAE,19.49412419434722
7533,155,158,MAE|SAE,13.413657896372893
7534,155,156,MAE|SAE,9.705940270621772
7535,155,156,MAE|SAE,13.945361802424108
7536,155,156,MAE|SAE,27.50373205457159
7537,155,157,LAE|MAE|SAE,18.366926285357334
7538,155,156,MAE|SAE,15.585584962369545
7539,155,156,MAE|SAE,14.600980020516403
7540,155,158,MAE|SAE,12.823148484138605
7541,155,158,LAE|MAE|SAE,1.9342875263826629
7542,155,156,MAE|SAE,9.820703198022905
7543,155,161,LAE|MAE|SAE,11.942779829755267
7544,155,157,LAE|MAE|SAE,17.89042270946062
7545,155,156,MAE|SAE,2.8051619719055148
7546,155,158,MAE|SAE,19.96137865661945
7547,153,157,LAE,13.031279917177505
7548,154,157,LAE|MAE,24.30199244318152
7549,154,158,LAE|MAE,17.448722209913896
7550,154,158,LAE|MAE,10.40769083563844
7551,156,157,LAE|MAE,1.3248444641655281
7552,156,157,LAE|MAE,1.832454731524791
7553,156,157,LAE|MAE,2.110185650967119
7554,156,157,LAE|MAE,16.33552367238418
7555,156,157,LAE|MAE,1.1772622990876085
7556,156,157,LAE|MAE,14.983332526803121
7557,156,157,LAE|MAE,16.2762287551416
7558,156,157,LAE|MAE,1.4888432135597076
7559,156,157,LAE|MAE,1.0431916434022126
7560,156,157,LAE|MAE,1.2333767153503625
7561,156,157,LAE|MAE,35.31029452191279
7562,156,160,LAE|MAE,10.37977558737709
7563,156,157,LAE|MAE,12.479207053886826
7564,156,157,LAE|MAE,15.070881616076027
7565,154,160,MAE|SAE,27.49092718816206
7566,155,158,MAE|SAE,23.693917625228412
7567,155,158,MAE|SAE,44.65013752552734
7568,155,158,MAE|SAE,12.667740586177478
7569,155,158,MAE|SAE,13.128585072854955
7570,155,158,MAE|SAE,13.763152399780473
7571,155,166,MAE|SAE,8.802868039225194
7572,155,158,MAE|SAE,16.886020717003905
7573,155,158,MAE|SAE,12.13675147613529
7574,155,159,MAE|SAE,10.44020017294857
7575,155,159,MAE|SAE,7.76545517117784
7576,155,158,MAE|SAE,17.22126188467641
7577,156,158,MAE,41.10347707231703
7578,156,158,MAE,25.07591751145221
7579,156,158,MAE,2.9943776799872066
7580,156,161,LAE|MAE,17.22452836571448
7581,157,164,LAE|MAE|SAE,10.753050035388046
7582,157,158,LAE|MAE,38.555087383352536
7583,157,160,LAE|MAE,17.610561010600524
7584,157,158,LAE|MAE,9.245633276529512
7585,157,158,LAE|MAE,11.391531892927436
7586,157,158,LAE|MAE,20.37904770359145
7587,157,158,LAE|MAE,8.842756639374533
7588,157,158,LAE|MAE,1.074217231612266
7589,157,158,LAE|MAE,25.552902118274233
7590,157,158,LAE|MAE,1.787314843063911
7591,157,158,LAE|MAE,11.078149944581963
7592,157,158,LAE|MAE,17.64595444253922
7593,157,158,LAE|MAE,11.790383062076904
7594,157,158,LAE|MAE,45.33117522201303
7595,157,158,LAE|MAE,45.05586273262223
7596,157,158,LAE|MAE,15.82401883485124
7597,157,158,LAE|MAE,30.230860740523198
7598,155,159,SAE,9.387714110284643
7599,155,159,SAE,38.83810280086725
7600,155,159,SAE,34.12635962636567
7601,156,161,LAE|MAE|SAE,10.953604017868248
7602,156,159,MAE|SAE,15.445814602521727
7603,156,160,MAE|SAE,10.155979815769175
7604,156,163,MAE|SAE,14.185031235214877
7605,158,161,LAE|MAE|SAE,44.607861107611804
7606,158,159,MAE|SAE,14.469222714622758
7607,158,168,LAE|MAE|SAE,9.867461499344689
7608,158,159,MAE|SAE,2.5565542112870943
7609,158,159,MAE|SAE,12.01238382229321
7610,158,160,MAE|SAE,10.473322861580304
7611,158,159,MAE|SAE,13.231211147990193
7612,158,159,MAE|SAE,8.154093087884817
7613,158,159,MAE|SAE,11.144572053668936
7614,158,159,MAE|SAE,16.077089792130547
7615,158,159,MAE|SAE,12.831435916758853
7616,158,159,MAE|SAE,53.325654556243066
7617,158,159,MAE|SAE,15.272738973971174
7618,158,159,MAE|SAE,13.497672812632874
7619,158,164,LAE|MAE|SAE,14.438597585898167
7620,158,159,MAE|SAE,14.491656665743575
7621,158,159,MAE|SAE,17.32443432717923
7622,158,162,MAE|SAE,10.283419174463846
7623,158,159,MAE|SAE,10.735080759520612
7624,158,159,MAE|SAE,25.028565161265945
7625,158,159,MAE|SAE,25.938310972429175
7626,158,160,MAE|SAE,19.79424224429491
7627,158,167,MAE|SAE,13.975216671063619
7628,158,159,MAE|SAE,10.96882051123955
7629,158,159,MAE|SAE,11.928558343163374
7630,158,164,MAE|SAE,9.081195026272425
7631,158,159,MAE|SAE,21.765588040201244
7632,156,164,MAE,13.870696907837477
7633,156,160,MAE,18.379684133269773
7634,156,160,MAE,17.518098004555387
7635,156,160,MAE,16.004058359939744
7636,156,162,MAE,18.70746863979183
7637,156,160,MAE,20.529687911173824
7638,157,174,LAE|MAE|SAE,8.98638227411729
7639,157,160,LAE|MAE,13.469056784938065
7640,157,160,LAE|MAE,7.397824803484682
7641,158,160,MAE,13.297016398655554
7642,158,160,MAE,1.8007802411717795
7643,158,160,MAE,16.42925985127852
7644,158,160,MAE,7.091516815217643
7645,158,166,MAE,11.709376206115527
7646,158,161,LAE|MAE,20.106383809446292
7647,158,160,MAE,11.358228316786178
7648,158,162,MAE,9.854920639260024
7649,158,160,MAE,22.639448045887214
7650,158,162,MAE,41.26479567749728
7651,158,160,MAE,11.256516836805888
7652,158,160,MAE,20.001291871915157
7653,159,165,LAE|MAE|SAE,8.279313871062689
7654,159,162,LAE|MAE|SAE,12.71237789175131
7655,159,160,MAE|SAE,20.123505393259542
7656,159,165,LAE|MAE|SAE,13.26148599389646
7657,159,163,LAE|MAE|SAE,16.642103904066534
7658,159,160,MAE|SAE,25.40468554180899
7659,159,160,MAE|SAE,9.21783147783831
7660,159,160,MAE|SAE,46.939338046664474
7661,159,160,MAE|SAE,22.577136467479768
7662,159,161,LAE|MAE|SAE,17.079242196912876
7663,159,160,MAE|SAE,1.6725856917160948
7664,159,160,MAE|SAE,21.075074747836137
7665,159,161,LAE|MAE|SAE,3.6468905568087084
7666,159,160,MAE|SAE,3.596231801757599
7667,159,160,MAE|SAE,14.368801476251953
7668,159,160,MAE|SAE,1.0456424702307843
7669,159,161,LAE|MAE|SAE,16.92507568314966
7670,159,160,MAE|SAE,20.737320024940594
7671,157,161,LAE,16.870803007368448
7672,157,161,LAE,12.506977709617436
7673,158,164,LAE|MAE,14.43468356958191
7674,158,161,LAE|MAE,6.239147275115872
7675,158,161,LAE|MAE,9.583523341589252
7676,158,161,LAE|MAE,11.675302188297179
7677,158,161,LAE|MAE,26.199218960545114
7678,158,161,LAE|MAE,13.45847246114059
7679,160,162,LAE|MAE,27.83920980492246
7680,160,161,LAE|MAE,8.282578682799615
7681,160,161,LAE|MAE,15.322801201563767
7682,160,161,LAE|MAE,9.429365735734258
7683,160,161,LAE|MAE,9.458938528985065
7684,160,161,LAE|MAE,4.448529823891442
7685,160,161,LAE|MAE,13.007838658772746
7686,160,162,LAE|MAE,35.55815835753036
7687,160,161,LAE|MAE,13.638054620971971
7688,160,162,LAE|MAE,9.52184192334205
7689,160,161,LAE|MAE,13.283204365227915
7690,160,161,LAE|MAE,13.635662155058286
7691,160,161,LAE|MAE,14.02083065728252
7692,160,162,LAE|MAE,7.511545631940252
7693,160,161,LAE|MAE,3.7310587172924445
7694,160,161,LAE|MAE,21.414516269132537
7695,160,161,LAE|MAE,11.377511710340231
7696,160,161,LAE|MAE,18.60136671694476
7697,160,161,LAE|MAE,2.2563085132394405
7698,160,164,LAE|MAE,50.70472372586595
7699,160,161,LAE|MAE,15.478032057038707
7700,158,162,MAE,11.178162496703099
7701,158,162,MAE,34.30847029114364
7702,158,162,MAE,16.439854076930235
7703,158,162,MAE,31.22577892388727
7704,158,162,MAE,13.286869426818612
7705,158,162,MAE,15.399240825205077
7706,158,164,MAE,48.38292637312435
7707,158,162,MAE,9.797537603870255
7708,159,162,MAE|SAE,42.62459253566242
7709,159,177,LAE|MAE|SAE,30.044542122063365
7710,159,162,MAE|SAE,18.112881540804054
7711,160,162,MAE,13.541275503706691
7712,160,164,MAE,21.254631347982965
7713,160,162,MAE,14.780941245733183
7714,160,163,MAE|SAE,22.535494525335082
7715,161,162,LAE|MAE,13.979936862581296
7716,161,164,LAE|MAE|SAE,16.448922616153364
7717,161,162,LAE|MAE,12.696810227675206
7718,161,162,LAE|MAE,13.385049426126232
7719,161,162,LAE|MAE,31.721622035844216
7720,161,162,LAE|MAE,10.316272502589086
7721,161,164,LAE|MAE,7.660238617241517
7722,161,162,LAE|MAE,10.849733798398017
7723,161,167,LAE|MAE|SAE,54.81361273325606
7724,161,164,LAE|MAE|SAE,13.956951644312944
7725,161,162,LAE|MAE,19.493363093310094
7726,161,162,LAE|MAE,13.855384489732085
7727,161,167,LAE|MAE|SAE,9.19886763704912
7728,161,162,LAE|MAE,9.391130170649436
7729,161,162,LAE|MAE,12.859392755379943
7730,161,163,LAE|MAE|SAE,16.93720887338972
7731,159,167,SAE,10.505925138163601
7732,159,175,MAE|SAE,56.780076215821296
7733,159,163,SAE,10.519182768957082
7734,160,163,MAE|SAE,17.968759005114997
7735,160,163,MAE|SAE,16.35823646667737
7736,160,163,MAE|SAE,20.41838040405946
7737,160,163,MAE|SAE,9.010909766920818
7738,160,163,MAE|SAE,40.387429146555455
7739,162,163,MAE|SAE,10.565213232024682
7740,162,163,MAE|SAE,15.365430706572969
7741,162,163,MAE|SAE,26.37782260061594
7742,162,163,MAE|SAE,50.66494038945328
7743,162,164,MAE|SAE,20.144516373411907
7744,162,163,MAE|SAE,11.381112898587835
7745,162,163,MAE|SAE,57.878001752370906
7746,162,163,MAE|SAE,32.500985249347735
7747,162,164,MAE|SAE,51.03190232787686
7748,162,163,MAE|SAE,13.667882648219935
7749,160,164,MAE,26.79196696377601
7750,160,164,MAE,12.856706617656283
7751,160,164,MAE,12.719685339022993
7752,160,168,LAE|MAE|SAE,30.461642860173782
7753,161,164,LAE|MAE,17.38037283415858
7754,161,164,LAE|MAE,15.237400081929044
7755,162,164,MAE,33.83432510197982
7756,162,164,MAE,12.461468546753343
7757,162,167,MAE|SAE,19.07309475627721
7758,162,164,MAE,20.492919306430387
7759,162,164,MAE,9.071819988095825
7760,162,164,MAE,12.199642632970532
7761,162,166,MAE,21.21906021547967
7762,162,164,MAE,12.855678764859084
7763,162,165,LAE|MAE,8.03974212643695
7764,162,164,MAE,29.22319026761953
7765,162,164,MAE,1.9036157545688925
7766,162,167,MAE|SAE,15.860691565226151
7767,162,164,MAE,23.767101831867397
7768,162,164,MAE,16.02789973346523
7769,163,164,MAE|SAE,16.969460676396686
7770,163,164,MAE|SAE,20.215310550173875
7771,163,164,MAE|SAE,15.064775487860821
7772,163,166,MAE|SAE,12.00023102159202
7773,163,164,MAE|SAE,19.503386549605768
7774,163,164,MAE|SAE,14.326702976799051
7775,163,185,LAE|MAE|SAE,36.64919679819938
7776,163,164,MAE|SAE,18.061660287543024
7777,163,169,LAE|MAE|SAE,27.73198053170808
7778,163,164,MAE|SAE,16.057664752262834
7779,163,164,MAE|SAE,8.406893327976233
7780,163,164,MAE|SAE,18.225527755783936
7781,163,167,MAE|SAE,35.79034282855577
7782,162,166,LAE|MAE,24.663498650214237
7783,162,165,LAE|MAE,9.289232092096988
7784,162,165,LAE|MAE,16.788034366211217
7785,162,165,LAE|MAE,7.622732183139529
7786,162,174,LAE|MAE|SAE,14.947091217554343
7787,164,165,LAE|MAE,21.209877230080764
7788,164,165,LAE|MAE,14.42263418861533
7789,164,167,LAE|MAE|SAE,10.706780856958947
7790,164,165,LAE|MAE,15.585162285154071
7791,164,165,LAE|MAE,7.5903538434944755
7792,164,165,LAE|MAE,12.969924912239382
7793,164,174,LAE|MAE|SAE,15.083261524901022
7794,164,166,LAE|MAE,34.41771170442952
7795,164,165,LAE|MAE,1.1679846335776445
7796,164,165,LAE|MAE,18.066965818652704
7797,164,165,LAE|MAE,7.440147644994147
7798,164,165,LAE|MAE,8.719410512562106
7799,162,170,MAE,50.60876462460052
7800,162,170,MAE|SAE,13.02941209411537
7801,162,166,MAE,8.310044352599194
7802,163,166,MAE|SAE,13.634627241169415
7803,163,169,LAE|MAE|SAE,27.614439793381706
7804,163,166,MAE|SAE,13.989246607006267
7805,163,166,MAE|SAE,12.43372636627666
7806,163,166,MAE|SAE,43.50759499302222
7807,163,166,MAE|SAE,12.193061512848763
7808,164,166,MAE,59.880388807963634
7809,164,166,MAE,10.71431255531744
7810,164,178,LAE|MAE|SAE,15.157199266052146
7811,164,166,MAE,16.45114896224106
7812,164,166,MAE,15.554987742398994
7813,164,166,MAE,18.22857540057691
7814,164,167,MAE|SAE,7.982584730240796
7815,164,167,MAE|SAE,12.644319659152055
7816,164,166,MAE,47.01707227101605
7817,164,166,MAE,20.902727500850837
7818,164,176,LAE|MAE|SAE,14.613798313124388
7819,164,166,MAE,7.429083829728987
7820,165,166,LAE|MAE,12.14184080496458
7821,165,166,LAE|MAE,36.23343685602108
7822,165,172,LAE|MAE|SAE,16.97427411404294
7823,165,166,LAE|MAE,11.496962689399963
7824,165,166,LAE|MAE,18.04328781537063
7825,165,166,LAE|MAE,15.590023680180831
7826,165,166,LAE|MAE,10.375677822072058
7827,165,167,LAE|MAE|SAE,45.042449988303666
7828,165,170,LAE|MAE,13.670630344153142
7829,165,166,LAE|MAE,11.482402587873743
7830,165,166,LAE|MAE,1.1832434243092693
7831,165,166,LAE|MAE,39.42838622721706
7832,165,166,LAE|MAE,11.112220879114622
7833,165,166,LAE|MAE,14.038453527543403
7834,165,166,LAE|MAE,1.2420893317827788
7835,165,166,LAE|MAE,7.826623424548678
7836,165,172,LAE|MAE|SAE,34.4284487017795
7837,165,166,LAE|MAE,20.011240723773597
7838,165,166,LAE|MAE,4.577620902919075
7839,165,168,LAE|MAE|SAE,7.390422020560211
7840,165,177,LAE|MAE|SAE,13.301080403241063
7841,165,166,LAE|MAE,5.3601964781909395
7842,165,166,LAE|MAE,14.25771893065501
7843,163,167,SAE,11.614445043155822
7844,163,167,SAE,50.966031300684826
7845,163,168,SAE,26.75411462137603
7846,163,167,SAE,19.338976794223587
7847,163,167,SAE,20.69497065217939
7848,164,167,MAE|SAE,9.299233565533758
7849,164,167,MAE|SAE,16.797931778381468
7850,164,167,MAE|SAE,53.897182112254406
7851,166,167,MAE|SAE,44.55398043557039
7852,166,167,MAE|SAE,11.744850369191107
7853,166,169,LAE|MAE|SAE,5.9098535752731545
7854,166,167,MAE|SAE,14.316741735594578
7855,166,167,MAE|SAE,10.479225998635943
7856,166,167,MAE|SAE,50.9325010754435
7857,166,167,MAE|SAE,14.342355303267077
7858,166,170,LAE|MAE|SAE,20.11001069343136
7859,166,167,MAE|SAE,10.310393169783659
7860,166,167,MAE|SAE,19.612203779207217
7861,166,172,MAE|SAE,10.248402049539848
7862,166,170,LAE|MAE|SAE,44.951265522674134
7863,166,167,MAE|SAE,29.681886265528167
7864,166,171,LAE|MAE|SAE,12.120753955767022
7865,164,168,MAE|SAE,13.065042726393106
7866,164,168,MAE|SAE,18.625564483181915
7867,164,168,MAE|SAE,6.80730778315463
7868,164,172,MAE|SAE,11.364504342758115
7869,164,168,MAE|SAE,12.876717396803363
7870,166,169,LAE|MAE|SAE,4.995104242631535
7871,166,182,MAE|SAE,13.683822482529413
7872,166,168,MAE|SAE,10.233150450586821
7873,166,171,MAE|SAE,5.1605351983511225
7874,166,168,MAE|SAE,9.670609144605233
7875,166,168,MAE|SAE,11.001461745926365
7876,166,169,LAE|MAE|SAE,13.449164645663611
7877,166,168,MAE|SAE,56.46377837776028
7878,167,171,SAE,10.31442937560232
7879,167,168,SAE,5.127797063351113
7880,167,168,SAE,1.2762901645833566
7881,167,170,MAE|SAE,10.842826524551235
7882,167,176,MAE|SAE,13.819457158853009
7883,167,168,SAE,12.413819193133538
7884,167,168,SAE,8.176269457572756
7885,167,168,SAE,1.7087657192639496
7886,165,176,LAE|MAE|SAE,5.920127852615054
7887,165,169,LAE,16.520974980601064
7888,165,169,LAE,16.53019263255549
7889,165,169,LAE,13.497908693698326
7890,165,169,LAE,5.9612921444473
7891,166,174,LAE|MAE|SAE,45.51695099556338
7892,166,169,LAE|MAE,20.38752359328335
7893,166,175,LAE|MAE|SAE,13.717611563163018
7894,166,169,LAE|MAE,13.251917388168504
7895,166,170,MAE,23.794609745662953
7896,166,170,MAE,12.182347385298826
7897,166,170,MAE,18.26681026583052
7898,166,172,MAE|SAE,11.102695170197256
7899,166,170,MAE,11.955677164726293
7900,166,170,MAE,5.965799931264786
7901,167,170,MAE|SAE,10.211358251264876
7902,167,172,MAE|SAE,9.97394326435728
7903,167,171,MAE|SAE,24.457801150651925
7904,167,175,MAE|SAE,13.212986439908338
7905,167,170,MAE|SAE,15.80939080281672
7906,167,173,LAE|MAE|SAE,5.789238915982105
7907,168,170,MAE|SAE,12.360682459341668
7908,168,172,MAE|SAE,5.474751590908372
7909,168,170,MAE|SAE,16.811343556955766
7910,168,175,MAE|SAE,13.615742615367681
7911,168,184,LAE|MAE|SAE,12.53947313097027
7912,168,170,MAE|SAE,2.3524459697374285
7913,168,183,LAE|MAE|SAE,41.30694981353556
7914,168,183,LAE|MAE|SAE,46.09198864305327
7915,168,170,MAE|SAE,17.99726208557158
7916,168,180,LAE|MAE|SAE,56.72323738507655
7917,168,172,MAE|SAE,1.9616518103887801
7918,168,174,MAE|SAE,5.181247731916536
7919,168,171,MAE|SAE,17.606495149310668
7920,168,174,MAE|SAE,3.0410772167733064
7921,168,174,MAE|SAE,10.110177865716725
7922,168,171,MAE|SAE,3.2469101298582577
7923,168,170,MAE|SAE,22.605295620336822
7924,168,174,MAE|SAE,8.175241620915191
7925,168,195,LAE|MAE|SAE,37.5018576747781
7926,168,170,MAE|SAE,14.115711259780628
7927,168,170,MAE|SAE,11.865929155778717
7928,168,186,LAE|MAE|SAE,11.24463917996102
7929,169,170,LAE|MAE,10.768895144651681
7930,169,170,LAE|MAE,22.503559870840494
7931,169,170,LAE|MAE,4.891902002364822
7932,169,170,LAE|MAE,10.74740491499839
7933,169,170,LAE|MAE,32.61919094626756
7934,169,182,LAE|MAE|SAE,5.682584938663501
7935,169,174,LAE|MAE|SAE,4.144706602871115
7936,169,174,LAE|MAE|SAE,2.898035583802962
7937,169,170,LAE|MAE,21.238236091574706
7938,169,171,LAE|MAE|SAE,2.2627649846180207
7939,169,170,LAE|MAE,1.5152321899958956
7940,169,170,LAE|MAE,12.660852460648261
7941,169,170,LAE|MAE,9.764898858638864
7942,169,170,LAE|MAE,10.581651167012302
7943,169,171,LAE|MAE|SAE,6.771278704197502
7944,169,170,LAE|MAE,13.781670526702598
7945,169,178,LAE|MAE|SAE,17.47327128047674
7946,169,171,LAE|MAE|SAE,8.69040586848591
7947,167,172,SAE,13.309450612346849
7948,167,171,SAE,9.622158476590203
7949,167,171,SAE,12.87271693226448
7950,167,171,SAE,46.5363978384145
7951,167,171,SAE,14.460365191773375
7952,168,171,SAE,11.788485201096655
7953,168,210,LAE|MAE|SAE,34.715119087758225
7954,170,171,MAE|SAE,14.64611233473396
7955,170,171,MAE|SAE,38.335486924034086
7956,170,171,MAE|SAE,2.180123093415314
7957,170,171,MAE|SAE,1.473247104979924
7958,170,171,MAE|SAE,48.62801391129104
7959,170,173,LAE|MAE|SAE,3.2250053713155595
7960,170,173,LAE|MAE|SAE,11.97761866523278
7961,170,173,LAE|MAE|SAE,4.275216337017653
7962,170,171,MAE|SAE,16.179376348242954
7963,170,171,MAE|SAE,15.385840334737734
7964,170,171,MAE|SAE,35.39970230129115
7965,170,171,MAE|SAE,7.490700416952268
7966,170,171,MAE|SAE,12.336214085864878
7967,170,173,LAE|MAE|SAE,11.228795566780642
7968,170,176,LAE|MAE|SAE,5.444498142495061
7969,170,171,MAE|SAE,9.331175777673065
7970,170,172,MAE|SAE,12.017809454126757
7971,170,171,MAE|SAE,2.7886158752763537
7972,170,171,MAE|SAE,14.451492861704912
7973,170,171,MAE|SAE,1.4480474628589963
7974,170,171,MAE|SAE,1.5649790286034826
7975,170,171,MAE|SAE,7.999493302460242
7976,170,175,MAE|SAE,9.809749258332705
7977,170,172,MAE|SAE,7.399748644742887
7978,168,178,LAE|MAE|SAE,14.272945323731653
7979,168,172,SAE,47.27160483573042
7980,168,172,SAE,37.104860499351545
7981,168,172,SAE,15.064317217131215
7982,170,172,MAE|SAE,10.729332521645663
7983,170,173,LAE|MAE|SAE,22.052660389845524
7984,170,172,MAE|SAE,1.7770422436179478
7985,170,172,MAE|SAE,17.14182802492368
7986,170,172,MAE|SAE,19.06584791320447
7987,170,172,MAE|SAE,1.6332051165465045
7988,171,172,SAE,13.08235965968141
7989,171,172,SAE,12.390758875767505
7990,171,172,SAE,17.125986121809753
7991,171,172,SAE,40.68967897182124
7992,171,172,SAE,9.30521032623426
7993,171,176,MAE|SAE,11.212965872619924
7994,171,174,MAE|SAE,17.213416497519027
7995,171,172,SAE,6.763692999198075
7996,171,172,SAE,21.824496859017874
7997,171,172,SAE,4.195954576444809
7998,171,172,SAE,1.7621726442629773
7999,171,172,SAE,23.81111162457537
8000,171,172,SAE,11.76091505118346
8001,171,175,SAE,42.74834770990804
8002,171,178,MAE|SAE,41.3306381067963
8003,171,172,SAE,8.210726891722162
8004,169,173,LAE,10.26929998578058
8005,169,173,LAE,3.545788434690087
8006,170,174,MAE,13.950040055403255
8007,170,177,LAE|MAE,5.152088101421813
8008,171,182,MAE|SAE,9.8464568456464
8009,171,174,MAE|SAE,46.180826164571805
8010,171,183,MAE|SAE,12.056771662396606
8011,171,179,MAE|SAE,5.166454195761168
8012,171,174,MAE|SAE,45.02126902882351
8013,172,180,MAE|SAE,45.7890874553493
8014,172,174,MAE|SAE,23.93675706533667
8015,172,174,MAE|SAE,25.677869912858487
8016,172,174,MAE|SAE,41.27650485177335
8017,172,174,MAE|SAE,11.834309023236008
8018,172,174,MAE|SAE,3.6501011258497185
8019,172,178,MAE|SAE,11.33041570537426
8020,172,174,MAE|SAE,23.073195786357832
8021,172,175,MAE|SAE,9.290514404488311
8022,172,174,MAE|SAE,10.649049903810196
8023,172,182,LAE|MAE|SAE,43.49377274887129
8024,172,179,MAE|SAE,4.5633263000822435
8025,172,179,MAE|SAE,17.465643745434008
8026,172,174,MAE|SAE,3.695039392888546
8027,172,178,LAE|MAE|SAE,4.700459627406602
8028,172,179,MAE|SAE,6.226102260112816
8029,172,174,MAE|SAE,9.601504620798833
8030,172,174,MAE|SAE,29.838520679549177
8031,172,174,MAE|SAE,10.168818447533116
8032,173,178,LAE|MAE|SAE,18.25199952456384
8033,173,176,LAE|MAE|SAE,3.2633326743176068
8034,173,175,LAE|MAE|SAE,12.609076490832063
8035,173,174,LAE|MAE,2.7299446791536766
8036,173,176,LAE|MAE,8.019748922035232
8037,173,175,LAE|MAE|SAE,1.5771085615380211
8038,173,174,LAE|MAE,1.4225872897379008
8039,173,174,LAE|MAE,4.687682843999458
8040,173,174,LAE|MAE,4.124675237500696
8041,173,174,LAE|MAE,13.57521800139075
8042,173,174,LAE|MAE,21.942919789712864
8043,173,174,LAE|MAE,16.920537976675632
8044,173,174,LAE|MAE,49.16402725608234
8045,173,174,LAE|MAE,13.427334281893698
8046,173,174,LAE|MAE,6.0478915082357085
8047,173,176,LAE|MAE,3.608423483471869
8048,173,174,LAE|MAE,12.596365500234342
8049,173,176,LAE|MAE|SAE,7.854031108401635
8050,173,174,LAE|MAE,11.887737369772447
8051,173,174,LAE|MAE,29.660851071671896
8052,173,174,LAE|MAE,15.778344310481355
8053,173,174,LAE|MAE,1.9549274693568293
8054,173,175,LAE|MAE|SAE,17.76060921509988
8055,173,175,LAE|MAE|SAE,3.5886364648753073
8056,173,174,LAE|MAE,37.95199166527654
8057,173,174,LAE|MAE,7.937318236277098
8058,171,175,SAE,25.93055659611409
8059,171,175,SAE,9.11337746416163
8060,171,175,SAE,16.921393907791604
8061,172,175,SAE,43.68717745428592
8062,172,176,MAE|SAE,4.5780171305786475
8063,172,175,SAE,13.773747606200333
8064,174,176,MAE|SAE,7.2221751712699644
8065,174,175,MAE|SAE,22.319429085159772
8066,174,175,MAE|SAE,8.243900150034232
8067,174,175,MAE|SAE,7.388635957940647
8068,174,175,MAE|SAE,47.25244754903472
8069,174,175,MAE|SAE,8.91421031161101
8070,174,180,LAE|MAE|SAE,5.777633315538254
8071,174,179,LAE|MAE|SAE,35.438333952189325
8072,174,179,LAE|MAE|SAE,4.234376932479644
8073,174,175,MAE|SAE,20.35411102710951
8074,174,177,LAE|MAE|SAE,10.360799390475231
8075,174,175,MAE|SAE,1.7002674592086588
8076,174,175,MAE|SAE,18.793035028387575
8077,172,176,MAE|SAE,29.99236974092061
8078,172,180,LAE|MAE|SAE,10.032195233731759
8079,172,176,MAE|SAE,12.70758016616225
8080,172,180,MAE|SAE,12.427251518070074
8081,172,177,LAE|MAE|SAE,17.59629780553981
8082,173,186,LAE|MAE|SAE,6.251529174141768
8083,173,177,LAE|MAE,23.082312380567696
8084,173,176,LAE|MAE,13.261010872894486
8085,174,176,MAE,17.116501232591496
8086,174,176,MAE,17.52208387116246
8087,174,177,LAE|MAE,36.61542380705903
8088,174,177,LAE|MAE,11.87782727328919
8089,174,176,MAE,12.286402082694632
8090,174,177,LAE|MAE,17.677662341293708
8091,174,176,MAE,23.415618714590455
8092,174,176,MAE,10.137716847774596
8093,174,176,MAE,35.94331653110854
8094,174,176,MAE,9.198271267750817
8095,174,176,MAE,18.43373266123141
8096,174,179,LAE|MAE|SAE,2.9428190480912213
8097,174,176,MAE,15.185283779562205
8098,174,179,MAE|SAE,23.02043546165946
8099,175,177,LAE|MAE|SAE,1.7384824133915482
8100,175,177,LAE|MAE|SAE,3.243309493899612
8101,175,176,MAE|SAE,1.3003984097374923
8102,175,176,MAE|SAE,11.39032653512436
8103,175,176,MAE|SAE,3.6835376102097195
8104,175,187,LAE|MAE|SAE,6.319549828345447
8105,175,178,MAE|SAE,3.68283047490656
8106,175,179,MAE|SAE,10.290267397078352
8107,175,176,MAE|SAE,9.557500645194473
8108,175,177,LAE|MAE|SAE,3.93066287152578
8109,175,176,MAE|SAE,7.32911833777898
8110,175,176,MAE|SAE,1.441865034101324
8111,175,180,MAE|SAE,5.536710266636635
8112,175,186,LAE|MAE|SAE,43.88043623654254
8113,175,176,MAE|SAE,1.9439301015232422
8114,175,180,LAE|MAE|SAE,10.503339570528407
8115,175,176,MAE|SAE,8.143219652684127
8116,175,176,MAE|SAE,55.91715577659453
8117,173,177,LAE,36.94014432199172
8118,173,181,LAE,44.549739278312146
8119,173,177,LAE,5.957226743741559
8120,173,177,LAE,13.04962132994492
8121,174,177,LAE|MAE,9.067807839360762
8122,174,177,LAE|MAE,13.659574322970787
8123,174,189,LAE|MAE|SAE,48.75381661602233
8124,174,177,LAE|MAE,12.014910431745742
8125,176,178,LAE|MAE,15.222063999874802
8126,176,177,LAE|MAE,1.725999713252721
8127,176,180,LAE|MAE,33.25434958125119
8128,176,178,LAE|MAE,15.576508399427093
8129,176,186,LAE|MAE|SAE,9.919224267600748
8130,176,177,LAE|MAE,1.2790142822670691
8131,176,177,LAE|MAE,9.701821676360895
8132,176,177,LAE|MAE,7.3097352674056
8133,176,180,LAE|MAE|SAE,2.6695452648802425
8134,176,177,LAE|MAE,1.4603621591833331
8135,176,177,LAE|MAE,5.531972366186227
8136,176,177,LAE|MAE,6.436682456463276
8137,176,177,LAE|MAE,15.618772782208612
8138,176,177,LAE|MAE,3.576533192815193
8139,176,177,LAE|MAE,1.2380336119061577
8140,176,177,LAE|MAE,3.2799022640593107
8141,176,180,LAE|MAE,14.104077411642136
8142,176,177,LAE|MAE,0.8354286744853814
8143,176,180,LAE|MAE|SAE,22.143376497450266
8144,176,193,LAE|MAE|SAE,10.832780092327347
8145,176,178,LAE|MAE,7.937090414630419
8146,176,178,LAE|MAE,2.585085114028725
8147,176,177,LAE|MAE,13.217573303607777
8148,176,178,LAE|MAE,2.9767424739157393
8149,176,183,LAE|MAE|SAE,5.314407396908759
8150,176,177,LAE|MAE,1.397556178230322
8151,176,181,LAE|MAE,10.863378939449213
8152,176,177,LAE|MAE,13.40800740262025
8153,174,187,LAE|MAE|SAE,38.22082726790453
8154,175,178,MAE|SAE,8.290575694787513
8155,175,178,MAE|SAE,17.538994690932565
8156,175,181,LAE|MAE|SAE,8.350554050718966
8157,175,178,MAE|SAE,11.544217131192196
8158,176,178,MAE,15.962521627132704
8159,176,178,MAE,16.25874176051346
8160,176,179,MAE|SAE,9.705647287972385
8161,176,179,MAE|SAE,1.6953807578677051
8162,176,192,MAE|SAE,11.280057169739209
8163,176,178,MAE,16.013994184084353
8164,176,178,MAE,16.156781735948154
8165,176,182,MAE|SAE,24.637729417218065
8166,176,178,MAE,10.339497081596788
8167,176,178,MAE,14.35785604017331
8168,176,178,MAE,5.7210426970227
8169,176,180,MAE|SAE,4.082183903608874
8170,176,178,MAE,12.436521011636934
8171,176,179,MAE|SAE,3.9665405287976547
8172,176,180,MAE,14.60320099522128
8173,177,178,LAE|MAE,1.6431320114485437
8174,177,182,LAE|MAE|SAE,15.849216309882989
8175,177,178,LAE|MAE,6.763767346237361
8176,177,179,LAE|MAE|SAE,1.2346925765954455
8177,177,181,LAE|MAE|SAE,11.025567251266278
8178,177,178,LAE|MAE,6.053827985023279
8179,177,179,LAE|MAE|SAE,2.296144640416841
8180,177,178,LAE|MAE,2.0790225061262717
8181,177,178,LAE|MAE,1.2837477002243438
8182,177,180,LAE|MAE|SAE,5.551666662608562
8183,177,181,LAE|MAE|SAE,9.925012245434266
8184,177,182,LAE|MAE|SAE,31.736647105716287
8185,177,182,LAE|MAE|SAE,2.4932408853233308
8186,177,178,LAE|MAE,6.8046363716736495
8187,177,178,LAE|MAE,32.35767007135396
8188,177,178,LAE|MAE,8.70311783927734
8189,177,178,LAE|MAE,15.79477048647428
8190,177,184,LAE|MAE,8.864576779759435
8191,175,179,SAE,3.7552001876077727
8192,175,183,SAE,5.849620888676228
8193,178,183,LAE|MAE|SAE,14.08227154435106
8194,178,182,LAE|MAE|SAE,3.482555739286916
8195,178,183,LAE|MAE|SAE,6.795134545220464
8196,178,179,MAE|SAE,12.783691009497435
8197,178,182,LAE|MAE|SAE,3.589346449338986
8198,178,179,MAE|SAE,1.1070894900584884
8199,178,179,MAE|SAE,15.368652280927293
8200,178,186,MAE|SAE,10.344946307179276
8201,178,182,LAE|MAE|SAE,8.820412063978115
8202,178,181,LAE|MAE|SAE,3.519395442903127
8203,178,179,MAE|SAE,11.500091529083175
8204,178,179,MAE|SAE,5.347474208033183
8205,178,179,MAE|SAE,1.2924538859940347
8206,178,179,MAE|SAE,1.1087078127764418
8207,178,179,MAE|SAE,19.977995570215064
8208,178,179,MAE|SAE,11.079710722103515
8209,178,188,LAE|MAE|SAE,5.116083781895012
8210,178,181,LAE|MAE|SAE,3.5742784667831144
8211,178,181,LAE|MAE|SAE,3.1443023543600725
8212,178,180,MAE|SAE,8.050405247900777
8213,178,183,LAE|MAE|SAE,11.480357408017738
8214,178,179,MAE|SAE,1.445795799039876
8215,178,179,MAE|SAE,9.030439550952217
8216,178,180,MAE|SAE,17.7679559490481
8217,178,179,MAE|SAE,3.75281170081197
8218,178,179,MAE|SAE,12.373408418630897
8219,178,180,MAE|SAE,8.915383929025571
8220,178,179,MAE|SAE,11.021577568074672
8221,178,183,MAE|SAE,9.604403049349017
8222,178,179,MAE|SAE,56.655544047782506
8223,178,179,MAE|SAE,1.9268999318612556
8224,176,180,MAE,6.918008813454412
8225,176,180,MAE,12.657100992174017
8226,177,180,LAE|MAE,3.539902541911184
8227,177,181,LAE|MAE,10.047653162207915
8228,177,194,LAE|MAE|SAE,52.089824538302395
8229,177,182,LAE|MAE|SAE,44.820147575674994
8230,178,180,MAE,15.027659696651657
8231,178,184,LAE|MAE,5.100709728495655
8232,178,180,MAE,6.272025661891868
8233,178,180,MAE,16.249613852857046
8234,178,180,MAE,15.334010634437051
8235,178,180,MAE,13.81619704390892
8236,178,184,LAE|MAE,13.29073404654906
8237,178,186,LAE|MAE|SAE,5.263018855321332
8238,179,180,MAE|SAE,12.580142148102478
8239,179,180,MAE|SAE,1.219626416780791
8240,179,198,LAE|MAE|SAE,10.308057821054815
8241,179,180,MAE|SAE,12.965448878505516
8242,179,182,MAE|SAE,56.93988328106486
8243,179,186,LAE|MAE|SAE,25.116679395441697
8244,179,180,MAE|SAE,0.9028858923852343
8245,179,180,MAE|SAE,15.2900819409186
8246,179,180,MAE|SAE,2.432514365854313
8247,179,180,MAE|SAE,25.99655503353253
8248,179,180,MAE|SAE,8.410720056438008
8249,179,182,MAE|SAE,10.483144057680923
8250,179,180,MAE|SAE,13.956730735457166
8251,179,186,LAE|MAE|SAE,5.142993295593421
8252,179,180,MAE|SAE,10.8771851383468
8253,179,180,MAE|SAE,1.6724692768180005
8254,179,180,MAE|SAE,3.138497695647732
8255,179,180,MAE|SAE,7.341790933358302
8256,179,180,MAE|SAE,2.4384207817577566
8257,179,181,LAE|MAE|SAE,4.893875812325657
8258,179,180,MAE|SAE,5.779713965657534
8259,179,181,LAE|MAE|SAE,1.5215095695433845
8260,179,180,MAE|SAE,2.52480461718129
8261,177,185,LAE|MAE,5.616031733240552
8262,178,181,LAE|MAE,12.341123641416397
8263,178,182,LAE|MAE|SAE,10.435068259881959
8264,180,182,LAE|MAE|SAE,9.487166909524628
8265,180,184,LAE|MAE|SAE,14.217847489010309
8266,180,181,LAE|MAE,14.448150011211753
8267,180,181,LAE|MAE,4.834054835743153
8268,180,181,LAE|MAE,1.1345213529826241
8269,180,181,LAE|MAE,2.507574238391721
8270,180,181,LAE|MAE,2.3842692170761177
8271,180,181,LAE|MAE,17.97142319744557
8272,180,183,LAE|MAE|SAE,14.519215977660053
8273,180,182,LAE|MAE|SAE,13.282284561301504
8274,180,182,LAE|MAE|SAE,8.91341632623685
8275,180,182,LAE|MAE|SAE,53.59149270015333
8276,180,181,LAE|MAE,1.4268057244603507
8277,180,181,LAE|MAE,1.1458911787719952
8278,180,182,LAE|MAE|SAE,1.887418178266943
8279,180,184,LAE|MAE|SAE,13.655824146861393
8280,180,184,LAE|MAE,16.204365836249288
8281,180,181,LAE|MAE,1.3171501285036247
8282,180,181,LAE|MAE,7.795097767290767
8283,180,181,LAE|MAE,2.922187523382159
8284,180,182,LAE|MAE|SAE,10.785231562266059
8285,180,181,LAE|MAE,11.127325191136933
8286,180,181,LAE|MAE,2.9010482423965978
8287,179,186,MAE|SAE,4.755445182034671
8288,179,186,MAE|SAE,5.005789675780814
8289,179,182,SAE,11.079178015353808
8290,179,186,MAE|SAE,9.062253999659685
8291,179,182,SAE,16.928691743048194
8292,179,182,SAE,26.41114215715373
8293,179,183,SAE,34.00007063081356
8294,179,182,SAE,19.491315524360648
8295,180,183,MAE|SAE,4.826115888480541
8296,180,182,MAE|SAE,9.624210982248766
8297,180,182,MAE|SAE,8.116641168436194
8298,180,182,MAE|SAE,12.388537272902717
8299,180,182,MAE|SAE,33.19885478672761
8300,180,184,MAE|SAE,2.9085783701031716
8301,180,188,LAE|MAE|SAE,10.77185465674793
8302,180,187,MAE|SAE,25.99361962662979
8303,180,184,MAE|SAE,22.33482140784978
8304,180,188,MAE|SAE,37.052855434255505
8305,180,183,MAE|SAE,10.357649510766874
8306,180,187,MAE|SAE,36.18820991971142
8307,180,182,MAE|SAE,16.044999768754757
8308,180,183,MAE|SAE,32.220790175037905
8309,179,183,SAE,5.196728639488614
8310,179,188,MAE|SAE,5.93693028466074
8311,179,183,SAE,9.205205626453816
8312,179,183,SAE,26.94098821518156
8313,179,183,SAE,10.827962908153273
8314,179,183,SAE,4.717052138367434
8315,179,183,SAE,39.91549531789615
8316,179,192,MAE|SAE,10.538606227071801
8317,179,188,MAE|SAE,5.781497256356862
8318,179,183,SAE,29.492668472502675
8319,180,183,MAE|SAE,4.763084940523272
8320,180,183,MAE|SAE,43.94006766962017
8321,180,183,MAE|SAE,13.637317151048995
8322,182,183,SAE,1.8654403894640565
8323,182,183,SAE,9.075351334515902
8324,182,183,SAE,9.108151337655757
8325,182,184,MAE|SAE,2.4100758697375158
8326,182,195,MAE|SAE,17.022085158399186
8327,182,184,MAE|SAE,19.92417348616541
8328,182,184,MAE|SAE,2.099755581179527
8329,182,183,SAE,9.842682944138005
8330,182,184,MAE|SAE,9.147647307855859
8331,182,185,LAE|MAE|SAE,11.746391324876434
8332,182,183,SAE,1.4307900367912785
8333,182,184,MAE|SAE,2.3751875952756554
8334,182,183,SAE,4.659000175783608
8335,182,183,SAE,8.084750664094896
8336,182,183,SAE,1.090327337433147
8337,182,183,SAE,9.038944061298016
8338,182,183,SAE,7.543399164872697
8339,182,183,SAE,34.917896751259576
8340,182,183,SAE,2.0739557631460666
8341,182,183,SAE,11.529644495976285
8342,182,191,MAE|SAE,9.915021168960896
8343,182,183,SAE,12.061581417918239
8344,182,183,SAE,15.137590821503741
8345,182,188,LAE|MAE|SAE,8.934312535280538
8346,182,183,SAE,14.793682844936505
8347,180,184,MAE,38.85918818588317
8348,181,184,LAE|MAE,4.233025001348431
8349,181,188,LAE|MAE|SAE,24.671708404780027
8350,181,188,LAE|MAE|SAE,3.361600842959698
8351,181,184,LAE|MAE,41.6691980849026
8352,181,184,LAE|MAE,5.531495205835441
8353,181,186,LAE|MAE,5.473406892078907
8354,181,198,LAE|MAE|SAE,39.1904245460593
8355,181,185,LAE|MAE,16.79359914814712
8356,181,184,LAE|MAE,4.55745335054538
8357,182,186,MAE|SAE,41.71630727433061
8358,182,184,MAE|SAE,45.38455670458085
8359,182,184,MAE|SAE,37.6337818663584
8360,182,186,LAE|MAE|SAE,8.10175747054567
8361,182,184,MAE|SAE,4.235995076740606
8362,182,184,MAE|SAE,5.412452956884187
8363,182,185,LAE|MAE|SAE,17.962295767323802
8364,182,188,MAE|SAE,35.637826800127385
8365,182,184,MAE|SAE,3.504379540949088
8366,182,184,MAE|SAE,47.67877937165397
8367,183,184,MAE|SAE,4.434410892400691
8368,183,184,MAE|SAE,8.602701647968546
8369,183,184,MAE|SAE,9.319287486490289
8370,183,184,MAE|SAE,9.072802503757135
8371,183,184,MAE|SAE,3.125612142693163
8372,183,184,MAE|SAE,20.64753665439893
8373,183,184,MAE|SAE,19.97677219674442
8374,183,184,MAE|SAE,8.328317430815199
8375,183,187,MAE|SAE,11.876410359559458
8376,183,189,LAE|MAE|SAE,5.227654323973483
8377,183,184,MAE|SAE,9.558880956489007
8378,183,184,MAE|SAE,1.746972262294397
8379,183,190,LAE|MAE|SAE,6.544922192051429
8380,183,184,MAE|SAE,4.117100803524284
8381,183,184,MAE|SAE,24.46074694721722
8382,183,184,MAE|SAE,10.923780268358314
8383,183,184,MAE|SAE,10.88591394321986
8384,183,184,MAE|SAE,8.107912997356838
8385,183,186,MAE|SAE,14.109115996569367
8386,183,184,MAE|SAE,9.893415922922578
8387,183,184,MAE|SAE,11.597856137667094
8388,183,184,MAE|SAE,1.2068254561839622
8389,183,192,LAE|MAE|SAE,10.242960406386343
8390,183,184,MAE|SAE,30.395941866572063
8391,183,184,MAE|SAE,4.186520559549729
8392,183,188,LAE|MAE|SAE,9.133096060565746
8393,183,184,MAE|SAE,1.246021672686242
8394,183,184,MAE|SAE,16.821149171097915
8395,183,184,MAE|SAE,38.55734583808797
8396,183,184,MAE|SAE,7.8161727944511625
8397,183,188,MAE|SAE,8.57268708089761
8398,183,186,MAE|SAE,56.417071199035874
8399,183,196,MAE|SAE,34.11537454086294
8400,183,186,MAE|SAE,50.00718725757301
8401,181,185,LAE,14.835659272890805
8402,184,186,LAE|MAE,7.896495354756417
8403,184,185,LAE|MAE,32.01167800530455
8404,184,185,LAE|MAE,12.072099149666611
8405,184,187,LAE|MAE|SAE,6.76322834079958
8406,184,185,LAE|MAE,25.842793779544184
8407,184,185,LAE|MAE,8.496340616500293
8408,182,186,MAE|SAE,8.5554436058647
8409,182,186,MAE|SAE,5.207726792341211
8410,182,186,MAE|SAE,13.482854339043428
8411,182,186,MAE|SAE,18.500242190748672
8412,182,190,MAE|SAE,15.606557387120963
8413,182,186,MAE|SAE,19.524111744439857
8414,182,190,LAE|MAE|SAE,10.65077393237393
8415,183,190,MAE|SAE,20.936870698688267
8416,183,190,MAE|SAE,12.414296812987741
8417,183,186,MAE|SAE,44.231691462049234
8418,183,186,MAE|SAE,20.028149163526795
8419,183,186,MAE|SAE,43.53230656083152
8420,183,186,MAE|SAE,8.866444811443381
8421,183,186,MAE|SAE,7.936412338173625
8422,183,186,MAE|SAE,4.174041466013241
8423,183,192,MAE|SAE,10.183511966399582
8424,183,188,MAE|SAE,12.14584426850893
8425,184,190,MAE|SAE,14.614334688566872
8426,184,186,MAE,4.582537321417786
8427,184,186,MAE,9.043679705932732
8428,184,186,MAE,13.312523368567444
8429,184,186,MAE,12.43422989654674
8430,184,188,MAE|SAE,11.12771457920579
8431,184,186,MAE,9.188438017070549
8432,184,188,MAE|SAE,10.492510796332407
8433,184,187,MAE|SAE,42.70959559695684
8434,184,188,MAE|SAE,8.13828309226385
8435,184,186,MAE,8.494804999299399
8436,184,188,MAE|SAE,35.68988490156416
8437,184,186,MAE,4.023098496756461
8438,184,186,MAE,30.409591961946106
8439,185,186,LAE|MAE,7.306146939209046
8440,185,186,LAE|MAE,26.079077730510186
8441,185,186,LAE|MAE,3.723384093029276
8442,185,191,LAE|MAE|SAE,8.574085849405131
8443,185,191,LAE|MAE|SAE,46.22143482295695
8444,185,186,LAE|MAE,8.585977052816345
8445,185,186,LAE|MAE,1.4966746844031509
8446,185,186,LAE|MAE,6.036312423380543
8447,185,186,LAE|MAE,3.6505965274683634
8448,185,188,LAE|MAE|SAE,34.14608889981098
8449,185,187,LAE|MAE|SAE,1.6717278427542324
8450,185,186,LAE|MAE,15.258607709623407
8451,185,186,LAE|MAE,15.964231675203012
8452,185,186,LAE|MAE,8.177454905930077
8453,185,186,LAE|MAE,1.838666827018526
8454,185,188,LAE|MAE|SAE,11.796405534812866
8455,185,190,LAE|MAE|SAE,9.753135872664476
8456,185,186,LAE|MAE,8.138773778776711
8457,185,186,LAE|MAE,8.223713738547183
8458,185,186,LAE|MAE,27.59808787074732
8459,185,186,LAE|MAE,17.1642012111189
8460,183,192,SAE,28.160791533680957
8461,184,188,MAE|SAE,9.105214401775479
8462,184,187,MAE|SAE,9.678187671708345
8463,184,187,MAE|SAE,12.145661834414584
8464,186,187,MAE|SAE,9.3029963231012
8465,186,188,MAE|SAE,4.506610882800545
8466,186,188,MAE|SAE,11.921290164832946
8467,186,187,MAE|SAE,12.200897922011203
8468,186,187,MAE|SAE,21.59835165233874
8469,186,187,MAE|SAE,4.851596912933786
8470,186,188,MAE|SAE,4.482820483577235
8471,186,198,MAE|SAE,7.682324248978989
8472,186,187,MAE|SAE,7.469039572587638
8473,186,188,MAE|SAE,16.374857707011127
8474,186,187,MAE|SAE,3.7379640150164244
8475,186,187,MAE|SAE,19.193971280227434
8476,186,187,MAE|SAE,8.389506074520021
8477,186,187,MAE|SAE,29.16652076513159
8478,186,187,MAE|SAE,8.395206634359887
8479,184,188,MAE|SAE,14.051971605220574
8480,184,188,MAE|SAE,10.420276708602675
8481,184,188,MAE|SAE,12.678125974746488
8482,184,202,MAE|SAE,12.17108668115386
8483,186,190,LAE|MAE|SAE,8.186138659235581
8484,186,189,LAE|MAE|SAE,2.8431863561840953
8485,186,188,MAE|SAE,14.02929362535146
8486,186,188,MAE|SAE,15.243741176662986
8487,186,188,MAE|SAE,23.19814142010155
8488,186,188,MAE|SAE,7.673964779481498
8489,186,190,LAE|MAE|SAE,8.039653278673626
8490,187,188,SAE,6.306022101511751
8491,187,200,MAE|SAE,8.09258194254393
8492,187,188,SAE,14.376901927114716
8493,187,188,SAE,8.08307318247625
8494,187,188,SAE,0.9395417553683891
8495,187,188,SAE,15.293653573238975
8496,187,188,SAE,12.776850306489864
8497,187,190,MAE|SAE,13.086153892768154
8498,187,188,SAE,6.721446078679648
8499,187,188,SAE,9.859956950410709
8500,187,192,SAE,8.451660401169017
8501,187,188,SAE,11.090467784650807
8502,187,188,SAE,0.9840435536808205
8503,185,189,LAE,9.426286924052928
8504,185,194,LAE|MAE,8.09378125099929
8505,185,189,LAE,9.034530422979898
8506,186,200,LAE|MAE|SAE,8.522148664611116
8507,186,189,LAE|MAE,8.141270715176068
8508,186,190,MAE,10.038956300777071
8509,186,190,MAE,4.740622471994782
8510,186,190,MAE,7.94638516531323
8511,187,197,LAE|MAE|SAE,8.268668589682461
8512,187,190,MAE|SAE,1.862292761464498
8513,188,190,MAE|SAE,7.4527680449139195
8514,188,190,MAE|SAE,2.553474662064712
8515,188,193,LAE|MAE|SAE,8.273592462554298
8516,188,192,MAE|SAE,9.029141563305984
8517,188,191,MAE|SAE,50.10571558549486
8518,188,190,MAE|SAE,16.542811627607954
8519,188,190,MAE|SAE,17.987880719300833
8520,188,190,MAE|SAE,2.5572982413419485
8521,188,195,LAE|MAE|SAE,7.698648244216978
8522,188,190,MAE|SAE,15.270659124335786
8523,188,190,MAE|SAE,35.4582525903077
8524,188,190,MAE|SAE,28.446109622816163
8525,189,191,LAE|MAE|SAE,7.2301651683472485
8526,189,190,LAE|MAE,7.3478825067449725
8527,189,190,LAE|MAE,7.495409994164294
8528,189,190,LAE|MAE,6.8033738132834864
8529,189,193,LAE|MAE,12.04590245058933
8530,189,190,LAE|MAE,14.882313890874654
8531,189,229,LAE|MAE|SAE,32.565821247428794
8532,189,190,LAE|MAE,2.0545750650807917
8533,189,190,LAE|MAE,8.411392150051785
8534,189,192,LAE|MAE|SAE,14.0134210746811
8535,189,190,LAE|MAE,9.962038425792514
8536,189,190,LAE|MAE,1.3390782516249398
8537,189,190,LAE|MAE,1.4818478748524042
8538,189,190,LAE|MAE,22.828265841344205
8539,189,191,LAE|MAE|SAE,21.26085995839916
8540,189,190,LAE|MAE,35.54926110589237
8541,189,190,LAE|MAE,10.226992344565746
8542,189,190,LAE|MAE,2.137042429410909
8543,189,190,LAE|MAE,16.07953785066536
8544,187,191,SAE,21.617015909067312
8545,187,195,SAE,41.570387598575905
8546,187,191,SAE,49.388543540152185
8547,187,191,SAE,8.517797888842129
8548,187,191,SAE,39.3014798323505
8549,187,191,SAE,13.062998180939191
8550,187,191,SAE,46.83658338486986
8551,187,191,SAE,8.10572821671994
8552,187,191,SAE,41.24392295387566
8553,187,191,SAE,24.988504776968295
8554,187,192,SAE,35.41222144272561
8555,187,191,SAE,41.40445253703721
8556,187,191,SAE,28.837630878372618
8557,187,195,SAE,11.82252623627423
8558,187,191,SAE,37.570436590006764
8559,188,197,LAE|MAE|SAE,8.620433476305635
8560,188,191,SAE,14.551479954577047
8561,188,191,SAE,14.80520921257863
8562,190,199,LAE|MAE|SAE,12.599371126541753
8563,190,191,MAE|SAE,6.197017428345504
8564,190,191,MAE|SAE,2.2510665528087643
8565,190,196,LAE|MAE|SAE,8.245298575408702
8566,190,194,MAE|SAE,5.801468891863021
8567,190,191,MAE|SAE,11.876069215684632
8568,190,196,LAE|MAE|SAE,7.159500669746405
8569,190,191,MAE|SAE,2.0478112880762165
8570,190,191,MAE|SAE,1.9382777868205128
8571,190,191,MAE|SAE,16.612385092363702
8572,190,191,MAE|SAE,13.884669760871443
8573,190,192,MAE|SAE,13.81355488604463
8574,190,191,MAE|SAE,1.1151480094779025
8575,190,191,MAE|SAE,11.332600561287721
8576,190,191,MAE|SAE,7.219091959336
8577,190,191,MAE|SAE,14.08855592098794
8578,190,191,MAE|SAE,7.964152852124819
8579,190,191,MAE|SAE,18.664607836609513
8580,190,204,MAE|SAE,9.065099707461286
8581,190,192,MAE|SAE,15.36009107546103
8582,188,192,SAE,9.710768118311083
8583,188,192,SAE,7.795753114302595
8584,188,192,SAE,7.171487117494027
8585,190,193,LAE|MAE|SAE,8.224798967619721
8586,190,192,MAE|SAE,7.577252227239744
8587,190,228,LAE|MAE|SAE,46.36182649072941
8588,190,202,MAE|SAE,44.994750765456814
8589,190,194,MAE|SAE,36.98901501128747
8590,190,192,MAE|SAE,2.494841684694019
8591,190,194,MAE|SAE,22.946391569210626
8592,190,192,MAE|SAE,7.470436053578509
8593,190,198,LAE|MAE|SAE,7.199789981992843
8594,190,202,LAE|MAE|SAE,7.895884276979097
8595,190,198,LAE|MAE|SAE,8.559199453028688
8596,190,193,LAE|MAE|SAE,21.913871803708247
8597,190,206,LAE|MAE|SAE,41.980726908070174
8598,190,194,MAE|SAE,8.192982639998467
8599,191,192,SAE,1.8467491529567728
8600,191,192,SAE,4.192522008142473
8601,191,192,SAE,28.99409164523007
8602,191,192,SAE,6.106477076345836
8603,191,192,SAE,1.597881255802937
8604,191,195,SAE,7.786265491691939
8605,191,192,SAE,10.317377659193177
8606,191,192,SAE,13.200826030692193
8607,191,196,MAE|SAE,15.0544386460943
8608,191,192,SAE,7.073094565783453
8609,191,192,SAE,1.3097777496371341
8610,191,192,SAE,6.551704107708731
8611,191,202,LAE|MAE|SAE,7.325918489090257
8612,191,192,SAE,6.264423936121072
8613,191,192,SAE,48.45894870038763
8614,189,193,LAE,13.227429580747724
8615,189,193,LAE,8.892436882980537
8616,189,201,LAE,11.752224389363912
8617,189,204,LAE|MAE|SAE,13.521274309243944
8618,189,197,LAE,36.278482002856144
8619,190,197,LAE|MAE,36.974211880764145
8620,190,193,LAE|MAE,7.179893717813316
8621,190,193,LAE|MAE,19.930711137867664
8622,190,193,LAE|MAE,24.449899216743823
8623,190,198,LAE|MAE|SAE,11.510663854257885
8624,190,193,LAE|MAE,12.663352398684907
8625,190,202,LAE|MAE|SAE,7.407578467708754
8626,190,193,LAE|MAE,11.483787578548938
8627,190,193,LAE|MAE,7.5053639357720465
8628,190,193,LAE|MAE,19.9934601424596
8629,190,195,MAE|SAE,7.882925270066066
8630,190,194,MAE,39.73685111673441
8631,191,194,MAE|SAE,6.131364930393245
8632,191,194,MAE|SAE,7.8843981922871595
8633,192,199,MAE|SAE,15.389663688238034
8634,192,194,MAE|SAE,8.350674556486059
8635,192,194,MAE|SAE,24.96631881771478
8636,192,194,MAE|SAE,45.57063938312163
8637,192,196,MAE|SAE,48.19775038670969
8638,192,199,MAE|SAE,19.420328372769994
8639,192,194,MAE|SAE,36.14952673124012
8640,192,212,LAE|MAE|SAE,46.79719358412459
8641,192,200,LAE|MAE|SAE,23.88361321963504
8642,192,194,MAE|SAE,10.986590602645146
8643,192,194,MAE|SAE,14.566556453394501
8644,192,196,MAE|SAE,8.035992413740416
8645,193,197,LAE|MAE,12.292794917013156
8646,193,195,LAE|MAE|SAE,2.41500995729891
8647,193,194,LAE|MAE,1.7201970550011982
8648,193,197,LAE|MAE,40.88034103713011
8649,193,194,LAE|MAE,2.155946172407477
8650,193,200,LAE|MAE|SAE,12.341927223882024
8651,193,194,LAE|MAE,1.9788984416039794
8652,193,196,LAE|MAE|SAE,23.17276710430272
8653,193,226,LAE|MAE|SAE,45.44476867183631
8654,193,194,LAE|MAE,10.377400027530234
8655,193,198,LAE|MAE|SAE,14.797799555995363
8656,191,195,SAE,14.9559750021101
8657,191,195,SAE,15.172128227551651
8658,191,195,SAE,36.87110114128796
8659,191,195,SAE,21.434609618868265
8660,191,195,SAE,16.429079884551864
8661,191,195,SAE,26.49084206685246
8662,191,195,SAE,14.923354577967295
8663,191,195,SAE,29.471785297887745
8664,191,195,SAE,16.28338155846194
8665,191,195,SAE,7.8653743684645745
8666,192,204,MAE|SAE,7.938702748473381
8667,192,196,MAE|SAE,6.877895580119106
8668,192,196,MAE|SAE,6.939255821716127
8669,192,195,SAE,6.171387633537762
8670,192,198,MAE|SAE,7.300477453178832
8671,192,196,MAE|SAE,4.96418681230319
8672,192,196,MAE|SAE,7.617660028348125
8673,194,196,MAE|SAE,15.604237822984512
8674,194,195,MAE|SAE,12.027515925206636
8675,194,195,MAE|SAE,23.720068632724427
8676,194,195,MAE|SAE,6.382101050259446
8677,194,195,MAE|SAE,2.3596012901392274
8678,194,195,MAE|SAE,16.754286128791144
8679,194,197,LAE|MAE|SAE,1.9383219176847821
8680,194,197,LAE|MAE|SAE,8.076841934730957
8681,194,198,LAE|MAE|SAE,6.418331139972281
8682,194,196,MAE|SAE,12.52941033158656
8683,192,200,MAE|SAE,7.749981319546836
8684,192,196,MAE|SAE,12.324546918202355
8685,192,196,MAE|SAE,6.395732269302028
8686,192,198,LAE|MAE|SAE,41.781159527964554
8687,192,196,MAE|SAE,9.546265500548383
8688,192,196,MAE|SAE,33.35916825833269
8689,193,196,LAE|MAE,55.4220190180914
8690,193,197,LAE|MAE,8.367217754193689
8691,193,196,LAE|MAE,7.233555508618666
8692,193,196,LAE|MAE,7.505698267104184
8693,193,196,LAE|MAE,7.602543742056708
8694,193,196,LAE|MAE,8.877756714343137
8695,193,196,LAE|MAE,11.596616448211844
8696,193,197,LAE|MAE,7.447678521516939
8697,193,200,LAE|MAE,40.56317209322256
8698,194,196,MAE,7.964764445300557
8699,194,204,LAE|MAE|SAE,18.858692701349707
8700,194,196,MAE,8.92162153671638
8701,194,196,MAE,6.793039084592793
8702,194,200,LAE|MAE|SAE,6.874053415857504
8703,194,198,LAE|MAE|SAE,46.72147895207019
8704,194,196,MAE,2.706673577407295
8705,194,229,LAE|MAE|SAE,37.62287341864694
8706,194,198,LAE|MAE|SAE,21.20517474049509
8707,194,200,MAE,6.862492621966697
8708,195,198,LAE|MAE|SAE,6.440200508036565
8709,195,198,LAE|MAE|SAE,6.155681424018812
8710,195,196,MAE|SAE,6.631967788698748
8711,195,199,MAE|SAE,10.285228763243845
8712,195,196,MAE|SAE,17.48268342759351
8713,195,197,LAE|MAE|SAE,2.8320387054807683
8714,195,196,MAE|SAE,2.310053899315819
8715,195,198,MAE|SAE,6.068235044563707
8716,195,198,LAE|MAE|SAE,2.943998163194348
8717,195,196,MAE|SAE,5.664690598819923
8718,195,196,MAE|SAE,1.9905714901881233
8719,195,196,MAE|SAE,11.927648989276117
8720,195,196,MAE|SAE,1.1384604803608642
8721,195,198,MAE|SAE,16.175764891420823
8722,195,196,MAE|SAE,1.1031644456831584
8723,195,206,MAE|SAE,10.620999636173707
8724,195,197,LAE|MAE|SAE,1.6365674536807409
8725,195,196,MAE|SAE,4.961692708895163
8726,195,200,LAE|MAE|SAE,6.891063868738079
8727,195,196,MAE|SAE,25.235752601762528
8728,195,196,MAE|SAE,15.79228584406422
8729,195,196,MAE|SAE,45.821111670826696
8730,195,198,LAE|MAE|SAE,3.6771020235978713
8731,193,197,LAE,7.645760761681902
8732,193,197,LAE,6.952704101751616
8733,193,197,LAE,7.252815325974025
8734,194,198,LAE|MAE|SAE,18.95805053639268
8735,194,197,LAE|MAE,15.347973767800472
8736,196,198,LAE|MAE|SAE,2.264008172345237
8737,196,200,LAE|MAE|SAE,3.3207011037598657
8738,196,197,LAE|MAE,2.160799394237007
8739,196,198,LAE|MAE|SAE,6.426894450093248
8740,196,228,LAE|MAE|SAE,38.558247136550314
8741,196,197,LAE|MAE,6.020952322648493
8742,196,197,LAE|MAE,8.521898557969902
8743,196,198,LAE|MAE|SAE,7.236687388727429
8744,196,197,LAE|MAE,1.8329433822418628
8745,196,198,LAE|MAE|SAE,6.622193696229892
8746,196,202,LAE|MAE,48.847503574671606
8747,196,198,LAE|MAE|SAE,16.90204512701891
8748,196,197,LAE|MAE,5.872762401324509
8749,196,204,LAE|MAE|SAE,15.169897525832011
8750,196,198,LAE|MAE|SAE,2.972417471259939
8751,196,197,LAE|MAE,1.19565987650613
8752,196,197,LAE|MAE,15.5761533778428
8753,196,197,LAE|MAE,9.561335743994306
8754,196,197,LAE|MAE,10.892542569393143
8755,196,197,LAE|MAE,6.526277886043407
8756,196,197,LAE|MAE,36.55500349898473
8757,196,198,LAE|MAE|SAE,2.3290039675862624
8758,196,197,LAE|MAE,19.35825165388166
8759,196,198,LAE|MAE|SAE,20.45711191413761
8760,196,197,LAE|MAE,1.7001102249949285
8761,196,197,LAE|MAE,2.8522160777808203
8762,196,202,LAE|MAE|SAE,14.63829049619988
8763,196,202,LAE|MAE|SAE,17.85333613804492
8764,196,200,LAE|MAE,46.39084172362198
8765,196,203,LAE|MAE|SAE,14.405644840255249
8766,196,198,LAE|MAE|SAE,7.029285710894164
8767,196,197,LAE|MAE,9.976847067337147
8768,196,197,LAE|MAE,6.201669375647501
8769,196,197,LAE|MAE,6.166818092725915
8770,196,197,LAE|MAE,1.7374236884066865
8771,194,199,MAE|SAE,15.800851391147617
8772,194,198,MAE|SAE,21.65909875518977
8773,195,198,SAE,6.593285403062259
8774,195,198,SAE,6.687324380203438
8775,195,198,SAE,8.315078925219224
8776,195,198,SAE,5.720401021987521
8777,195,198,SAE,6.63825195350848
8778,195,198,SAE,36.44470526919576
8779,195,198,SAE,6.569851835609287
8780,195,199,SAE,7.745861875350543
8781,196,199,MAE|SAE,16.552362895469017
8782,196,198,MAE|SAE,18.321867362111128
8783,196,198,MAE|SAE,1.9201092928184522
8784,196,200,MAE|SAE,21.465620430597884
8785,196,198,MAE|SAE,21.70779599888441
8786,196,198,MAE|SAE,10.295249878737799
8787,196,210,MAE|SAE,34.70524078162622
8788,196,204,MAE|SAE,6.524988075470814
8789,196,198,MAE|SAE,16.73707371366819
8790,196,200,MAE|SAE,13.375154433987941
8791,196,202,MAE|SAE,16.61828660173311
8792,196,200,MAE|SAE,11.269746691813461
8793,196,198,MAE|SAE,11.933635589202014
8794,196,200,MAE|SAE,15.555708435308299
8795,196,200,MAE|SAE,2.729896182407547
8796,196,198,MAE|SAE,6.421830717492098
8797,196,198,MAE|SAE,3.4856755723490127
8798,196,199,MAE|SAE,1.9407288180225715
8799,196,198,MAE|SAE,13.970443008019995
8800,196,198,MAE|SAE,6.208906900687107
8801,196,198,MAE|SAE,34.00687102697895
8802,196,200,MAE|SAE,23.988599499320767
8803,196,216,LAE|MAE|SAE,25.77686709564837
8804,195,199,SAE,12.514386217402075
8805,195,199,SAE,17.45536621155691
8806,195,199,SAE,10.968422119348215
8807,195,199,SAE,31.50042952261285
8808,195,203,SAE,10.3916311629895
8809,195,199,SAE,6.769554441368942
8810,195,199,SAE,7.651166487063365
8811,195,199,SAE,30.46340226465226
8812,196,199,MAE|SAE,6.507922566765581
8813,196,200,MAE|SAE,9.238651593411515
8814,196,199,MAE|SAE,20.92269141769938
8815,196,199,MAE|SAE,6.466745435187143
8816,198,199,SAE,4.865829926691656
8817,198,210,LAE|MAE|SAE,16.176001857358404
8818,198,206,MAE|SAE,12.601239542230195
8819,198,201,LAE|MAE|SAE,2.8546048048277894
8820,198,199,SAE,14.355425702783227
8821,198,200,MAE|SAE,26.938311749192078
8822,198,206,MAE|SAE,46.591642270711425
8823,198,200,MAE|SAE,2.549766810884326
8824,198,202,MAE|SAE,9.783316557113693
8825,198,199,SAE,10.952132735243213
8826,198,204,LAE|MAE|SAE,2.4468246756358965
8827,198,200,MAE|SAE,15.026836045641986
8828,198,200,MAE|SAE,14.14388582715029
8829,198,199,SAE,12.272195738252757
8830,198,199,SAE,10.312058646946806
8831,196,200,MAE,9.976938094371
8832,196,200,MAE,6.216920682474529
8833,196,202,MAE,14.527975689113916
8834,196,200,MAE,28.254866402670384
8835,196,200,MAE,11.710353881969345
8836,196,200,MAE,5.993373478441908
8837,196,200,MAE,6.304243645296891
8838,196,200,MAE,11.534575968873163
8839,197,200,LAE|MAE,31.666928894078648
8840,197,200,LAE|MAE,39.15084968056186
8841,197,200,LAE|MAE,15.068869079893316
8842,197,200,LAE|MAE,5.922698190122034
8843,197,200,LAE|MAE,43.25218916181254
8844,198,200,MAE|SAE,1.7105980880875524
8845,198,200,MAE|SAE,30.17063137275857
8846,198,200,MAE|SAE,8.718267665600369
8847,198,200,MAE|SAE,10.56148435493949
8848,198,200,MAE|SAE,3.5826333356790117
8849,198,200,MAE|SAE,2.6844010302376775
8850,198,200,MAE|SAE,3.6274525694776654
8851,198,203,LAE|MAE|SAE,6.0520323331435995
8852,198,200,MAE|SAE,3.6665153525103595
8853,198,200,MAE|SAE,4.074695560823544
8854,198,200,MAE|SAE,3.569196770361727
8855,198,200,MAE|SAE,2.6349170385009573
8856,198,229,LAE|MAE|SAE,36.39921680824803
8857,198,201,LAE|MAE|SAE,6.195240263682022
8858,198,201,LAE|MAE|SAE,2.8885284254482864
8859,198,200,MAE|SAE,35.53302594187143
8860,198,200,MAE|SAE,2.9245915451211477
8861,198,200,MAE|SAE,17.945511177518235
8862,198,200,MAE|SAE,17.4193911200165
8863,198,200,MAE|SAE,16.517843943791195
8864,198,204,MAE|SAE,34.774872264634816
8865,198,200,MAE|SAE,5.731663116146749
8866,198,200,MAE|SAE,46.03616330570096
8867,199,200,MAE|SAE,15.853454079710978
8868,199,216,LAE|MAE|SAE,6.508361336564099
8869,199,212,LAE|MAE|SAE,25.321517182355805
8870,199,200,MAE|SAE,22.68573483890098
8871,199,200,MAE|SAE,1.5747620304847476
8872,199,200,MAE|SAE,1.5952136212891168
8873,199,202,MAE|SAE,2.273585601453002
8874,199,200,MAE|SAE,35.04564083031627
8875,199,202,LAE|MAE|SAE,2.3361627223844224
8876,199,201,LAE|MAE|SAE,2.0363066894752517
8877,199,202,MAE|SAE,6.624018415090529
8878,199,200,MAE|SAE,7.3439034972108095
8879,199,203,MAE|SAE,5.570355434966337
8880,199,200,MAE|SAE,12.679388315538569
8881,197,201,LAE,6.83061897080978
8882,200,201,LAE|MAE,14.934043050128476
8883,200,203,LAE|MAE|SAE,5.439156738305494
8884,200,205,LAE|MAE|SAE,2.729987337386003
8885,200,202,LAE|MAE,1.8861960213953635
8886,200,201,LAE|MAE,5.214412871426923
8887,200,201,LAE|MAE,26.996152481831505
8888,200,201,LAE|MAE,5.236871765673638
8889,200,202,LAE|MAE,12.065003125946475
8890,198,202,MAE|SAE,5.943629148251282
8891,198,204,MAE|SAE,9.550813801893018
8892,198,202,MAE|SAE,35.0487845725432
8893,198,210,MAE|SAE,32.25018446684275
8894,198,209,LAE|MAE|SAE,41.18788764729121
8895,198,210,MAE|SAE,14.760150687920317
8896,199,202,MAE|SAE,12.013816339658991
8897,199,205,LAE|MAE|SAE,35.89944247559353
8898,199,202,MAE|SAE,39.3710553703749
8899,200,202,MAE,16.572753297589788
8900,200,202,MAE,5.013602605662744
8901,200,202,MAE,25.542488082928276
8902,200,227,LAE|MAE|SAE,12.126815221309268
8903,200,202,MAE,1.7545221345726996
8904,200,202,MAE,27.74397234481876
8905,200,202,MAE,3.462144495114337
8906,200,213,LAE|MAE|SAE,18.222508716542077
8907,200,227,MAE|SAE,11.023818537565083
8908,200,206,MAE|SAE,18.401947534957788
8909,200,210,MAE|SAE,16.945612825506437
8910,200,202,MAE,12.425114395984767
8911,200,202,MAE,10.878125975163101
8912,200,202,MAE,11.934716770910699
8913,200,202,MAE,2.0217278917173576
8914,200,204,MAE|SAE,5.719306582718325
8915,201,202,LAE|MAE,8.59059483468072
8916,199,203,SAE,8.217709761695316
8917,199,203,SAE,7.803720862980428
8918,199,211,SAE,15.627665803235166
8919,199,203,SAE,9.600586575661694
8920,200,209,LAE|MAE|SAE,5.559599869277424
8921,200,210,MAE|SAE,4.5375116432361695
8922,202,204,MAE|SAE,1.5462343790251027
8923,202,204,MAE|SAE,14.851040816376969
8924,202,203,MAE|SAE,12.888348471515751
8925,202,203,MAE|SAE,1.5287528624113362
8926,202,203,MAE|SAE,18.09147301423627
8927,202,204,MAE|SAE,4.843927626643336
8928,202,204,MAE|SAE,1.5730811760828947
8929,202,203,MAE|SAE,14.991094413538766
8930,202,203,MAE|SAE,15.66240199155075
8931,202,205,LAE|MAE|SAE,13.165917810211157
8932,202,205,LAE|MAE|SAE,15.199386482408986
8933,202,204,MAE|SAE,5.5401585334796986
8934,202,229,LAE|MAE|SAE,20.015810907974753
8935,202,204,MAE|SAE,18.92830751472357
8936,202,203,MAE|SAE,11.715034087658447
8937,202,203,MAE|SAE,22.21259615450958
8938,202,204,MAE|SAE,13.925302853920588
8939,202,203,MAE|SAE,2.169310863610218
8940,202,203,MAE|SAE,32.537471107048425
8941,202,209,LAE|MAE|SAE,12.723524374751655
8942,202,203,MAE|SAE,25.86673277167065
8943,202,219,MAE|SAE,12.267783908373735
8944,202,228,LAE|MAE|SAE,20.309886571033825
8945,202,203,MAE|SAE,15.313312945636675
8946,202,203,MAE|SAE,32.45286826924946
8947,200,204,MAE|SAE,4.16842600784563
8948,200,204,MAE|SAE,7.413136981550154
8949,200,206,MAE|SAE,13.274747988932717
8950,202,204,MAE|SAE,1.5002923424669363
8951,202,204,MAE|SAE,1.756507459648263
8952,202,204,MAE|SAE,16.901438993638408
8953,202,204,MAE|SAE,1.3619000462886308
8954,202,204,MAE|SAE,4.874149844921017
8955,202,204,MAE|SAE,2.041455177401942
8956,202,204,MAE|SAE,39.73465756023953
8957,202,204,MAE|SAE,14.819034179956041
8958,202,204,MAE|SAE,2.194741828108566
8959,202,204,MAE|SAE,19.090736086610896
8960,202,207,MAE|SAE,5.925993930300238
8961,202,212,LAE|MAE|SAE,3.662228863628802
8962,202,213,LAE|MAE|SAE,32.37186765470915
8963,202,206,MAE|SAE,1.5327631251064724
8964,202,212,MAE|SAE,35.87093906927062
8965,202,204,MAE|SAE,1.6672461871188657
8966,202,204,MAE|SAE,1.5617916065837674
8967,202,204,MAE|SAE,13.822544048964566
8968,202,205,LAE|MAE|SAE,25.505486298608723
8969,203,222,MAE|SAE,5.505790392203599
8970,203,204,SAE,14.795029699506252
8971,203,228,MAE|SAE,12.398681255136928
8972,203,204,SAE,6.204011927791518
8973,203,204,SAE,7.885333189588676
8974,203,204,SAE,1.4118781273090035
8975,203,204,SAE,13.50809822108177
8976,203,216,MAE|SAE,3.728204623672705
8977,203,212,MAE|SAE,18.496915017681822
8978,203,204,SAE,4.796550263857404
8979,203,204,SAE,17.456024968092812
8980,203,204,SAE,1.4626260555267754
8981,203,204,SAE,1.4195889901090566
8982,203,211,LAE|MAE|SAE,11.937672535503488
8983,203,206,MAE|SAE,1.6328787305532988
8984,203,210,MAE|SAE,8.615188501546703
8985,203,204,SAE,19.935882360446524
8986,203,210,MAE|SAE,24.033220358715592
8987,203,204,SAE,5.689835549393567
8988,203,218,MAE|SAE,18.731898725970954
8989,203,204,SAE,1.2216210461611507
8990,203,229,LAE|MAE|SAE,4.312563793062693
8991,201,205,LAE,5.374046975725255
8992,202,221,LAE|MAE|SAE,4.586016217422175
8993,202,208,LAE|MAE|SAE,29.810547496669155
8994,202,213,LAE|MAE,6.3792647388064685
8995,202,206,MAE,44.82343062999898
8996,203,208,MAE|SAE,7.3623894585460565
8997,203,210,LAE|MAE|SAE,14.068392208328005
8998,203,216,MAE|SAE,14.679058565514648
8999,203,210,MAE|SAE,16.91496706053308
9000,203,206,MAE|SAE,12.057557627073468
9001,204,208,MAE|SAE,2.522453427393121
9002,204,208,MAE|SAE,2.639060267885622
9003,204,206,MAE|SAE,2.0878508807094014
9004,204,228,LAE|MAE|SAE,16.531461825459914
9005,204,229,LAE|MAE|SAE,5.690969586436605
9006,204,206,MAE|SAE,36.8722216502475
9007,204,206,MAE|SAE,11.265856676339206
9008,204,210,MAE|SAE,15.699290128748252
9009,204,206,MAE|SAE,15.813804394661098
9010,204,206,MAE|SAE,1.6850753997200572
9011,204,208,MAE|SAE,2.9979555862926834
9012,204,211,MAE|SAE,2.4619019121444436
9013,204,216,MAE|SAE,32.44420201570949
9014,204,216,MAE|SAE,41.231278440251984
9015,204,209,LAE|MAE|SAE,13.9388058482797
9016,204,206,MAE|SAE,11.844916514106036
9017,204,210,MAE|SAE,12.835242934839973
9018,204,206,MAE|SAE,37.34041975424149
9019,204,208,MAE|SAE,1.866400845083048
9020,204,206,MAE|SAE,2.628260510699656
9021,204,206,MAE|SAE,1.3865190650818062
9022,204,212,MAE|SAE,1.9580470343211092
9023,204,228,LAE|MAE|SAE,23.80361265445028
9024,204,208,MAE|SAE,31.54293172016011
9025,204,206,MAE|SAE,1.464203881158211
9026,204,206,MAE|SAE,17.312566222333583
9027,204,206,MAE|SAE,11.442488112498795
9028,204,207,MAE|SAE,33.50055867894729
9029,204,229,LAE|MAE|SAE,52.24863999188155
9030,204,206,MAE|SAE,19.847877112940896
9031,204,216,MAE|SAE,3.2842394845124656
9032,204,206,MAE|SAE,3.9712234508309936
9033,204,206,MAE|SAE,10.25575790748775
9034,205,209,LAE|MAE,1.8253994713920738
9035,205,206,LAE|MAE,23.88396977209253
9036,205,216,LAE|MAE|SAE,1.893020508200701
9037,205,208,LAE|MAE|SAE,1.59962924463796
9038,205,216,LAE|MAE|SAE,4.296554775356411
9039,205,206,LAE|MAE,30.425241441220788
9040,205,206,LAE|MAE,16.077263353927627
9041,205,206,LAE|MAE,1.2827462311507554
9042,205,206,LAE|MAE,1.2585164429198845
9043,205,206,LAE|MAE,1.5280886741409594
9044,205,206,LAE|MAE,4.691964858500749
9045,205,206,LAE|MAE,11.021961667324904
9046,205,206,LAE|MAE,9.42909764249435
9047,205,206,LAE|MAE,11.433656355630307
9048,205,214,LAE|MAE|SAE,21.1408766063553
9049,205,206,LAE|MAE,13.991420674479665
9050,205,206,LAE|MAE,2.683508472518468
9051,203,207,SAE,14.413818486157355
9052,203,207,SAE,28.620568838298173
9053,203,207,SAE,32.82021555546023
9054,203,207,SAE,19.858198345342657
9055,203,207,SAE,8.11764640271024
9056,203,207,SAE,26.933148578216382
9057,203,207,SAE,15.957871277534434
9058,203,207,SAE,17.96907599797506
9059,203,207,SAE,34.53409349708951
9060,203,207,SAE,41.717549377468586
9061,203,207,SAE,24.460899477225166
9062,203,207,SAE,27.753415685919197
9063,203,207,SAE,18.816241816133967
9064,203,207,SAE,7.711882235370648
9065,203,207,SAE,26.961214146530853
9066,203,207,SAE,30.564182952185227
9067,203,207,SAE,28.372523672245375
9068,203,207,SAE,46.72805123136501
9069,203,207,SAE,23.994341537760025
9070,204,207,SAE,14.88202252738055
9071,206,207,MAE|SAE,6.896883661863502
9072,206,207,MAE|SAE,12.559814314983205
9073,206,207,MAE|SAE,13.476237038170845
9074,206,208,MAE|SAE,16.800908023514626
9075,206,207,MAE|SAE,7.039643370938452
9076,206,220,MAE|SAE,23.921052369079685
9077,206,207,MAE|SAE,13.860701839163935
9078,206,228,LAE|MAE|SAE,24.329243090017684
9079,206,210,MAE|SAE,2.028007004826204
9080,206,211,LAE|MAE|SAE,2.0742393296213235
9081,206,207,MAE|SAE,0.7503780282334314
9082,204,216,SAE,4.175006993327797
9083,204,208,SAE,16.719315013359058
9084,204,208,SAE,15.588388834694776
9085,204,229,LAE|MAE|SAE,7.251371539730177
9086,204,208,SAE,12.701911175951603
9087,204,208,SAE,33.020422584464946
9088,204,211,MAE|SAE,11.154536219298397
9089,204,208,SAE,2.4942864187514475
9090,206,214,MAE|SAE,2.3038719200240867
9091,206,208,MAE|SAE,1.3472410765938099
9092,206,212,MAE|SAE,1.5162056742043035
9093,206,209,LAE|MAE|SAE,8.955322579992778
9094,206,208,MAE|SAE,1.6203597559261118
9095,206,210,MAE|SAE,1.2518302773091403
9096,206,208,MAE|SAE,23.187782860438446
9097,206,208,MAE|SAE,1.073970033855301
9098,206,223,LAE|MAE|SAE,3.972968310284082
9099,206,212,MAE|SAE,27.5283484244434
9100,206,209,LAE|MAE|SAE,1.4190496750257213
9101,206,208,MAE|SAE,1.9883859157698733
9102,206,209,LAE|MAE|SAE,32.77482197409118
9103,206,214,LAE|MAE|SAE,9.793655386442708
9104,206,208,MAE|SAE,17.8193345685654
9105,206,212,MAE|SAE,11.185459644444029
9106,206,210,MAE|SAE,1.3459510184749404
9107,206,210,MAE|SAE,1.9187076193607198
9108,206,208,MAE|SAE,16.283142955395007
9109,206,208,MAE|SAE,1.959112860308207
9110,206,212,MAE|SAE,27.445961975254544
9111,206,210,LAE|MAE|SAE,1.6938007767732883
9112,206,208,MAE|SAE,13.250415115200482
9113,206,208,MAE|SAE,12.84484491862774
9114,206,208,MAE|SAE,16.296076359097675
9115,206,229,LAE|MAE|SAE,17.167978700242262
9116,206,212,MAE|SAE,4.51706704017367
9117,206,209,LAE|MAE|SAE,1.42390414786673
9118,206,208,MAE|SAE,1.3456437484654309
9119,206,214,MAE|SAE,2.3027728216698455
9120,206,208,MAE|SAE,11.431503856649979
9121,206,208,MAE|SAE,14.166507397194922
9122,206,208,MAE|SAE,22.51268678631025
9123,206,210,MAE|SAE,1.3732897307837835
9124,206,212,MAE|SAE,11.94978639628075
9125,206,209,LAE|MAE|SAE,16.6342340488041
9126,206,213,LAE|MAE|SAE,11.99867569801028
9127,206,208,MAE|SAE,3.1194316341866597
9128,207,214,MAE|SAE,17.573333688952093
9129,207,208,SAE,1.231033627256954
9130,207,228,LAE|MAE|SAE,5.4253417669038235
9131,207,212,MAE|SAE,13.426200675026454
9132,207,208,SAE,4.7946810652444665
9133,207,212,MAE|SAE,34.4114395215485
9134,207,208,SAE,17.819546565939156
9135,207,208,SAE,31.088097383408673
9136,207,208,SAE,15.871689208568796
9137,207,210,MAE|SAE,8.68656457337206
9138,205,213,LAE,3.0882600861031255
9139,205,209,LAE,16.88196310584494
9140,205,213,LAE,16.409901303557724
9141,205,209,LAE,29.743546063825324
9142,205,213,LAE,19.560044856454404
9143,205,213,LAE,3.394993505140506
9144,205,209,LAE,5.160787563597743
9145,205,213,LAE,8.645027778623604
9146,205,216,LAE|MAE|SAE,19.47385969879704
9147,205,213,LAE,36.183034986841726
9148,205,229,LAE,38.75693301014065
9149,206,209,LAE|MAE,26.11852747079504
9150,206,209,LAE|MAE,21.059045045153713
9151,206,210,LAE|MAE,2.3162202353622248
9152,206,210,LAE|MAE,2.006869902999756
9153,206,210,LAE|MAE,40.23019465065559
9154,206,223,MAE|SAE,22.944263670675916
9155,206,224,LAE|MAE|SAE,15.894225972130892
9156,206,210,MAE,35.70434521146717
9157,206,210,MAE,2.6907364022625937
9158,206,210,MAE,11.684655048984656
9159,207,212,MAE|SAE,14.210483936620859
9160,207,212,MAE|SAE,1.5791719055592264
9161,207,211,MAE|SAE,20.53957563772561
9162,207,212,MAE|SAE,21.74311265985459
9163,207,210,MAE|SAE,40.68868171394369
9164,207,210,MAE|SAE,17.239358380759253
9165,207,228,MAE|SAE,3.8652431529687092
9166,208,212,MAE|SAE,1.0642349123335657
9167,208,211,MAE|SAE,5.541339797205263
9168,208,210,MAE|SAE,10.191617893394884
9169,208,212,MAE|SAE,1.0410439278902377
9170,208,212,MAE|SAE,8.320922044387032
9171,208,218,MAE|SAE,9.66821026422417
9172,208,210,MAE|SAE,1.5484414621058087
9173,208,211,MAE|SAE,4.679883720541931
9174,208,229,LAE|MAE|SAE,4.376924807857851
9175,208,220,MAE|SAE,38.44783912298729
9176,208,212,MAE|SAE,3.2811889702104886
9177,208,214,MAE|SAE,6.712677757144936
9178,208,210,MAE|SAE,1.2659768722884615
9179,208,210,MAE|SAE,4.504326243163899
9180,208,211,MAE|SAE,11.983719782024574
9181,208,214,MAE|SAE,1.1824151989470857
9182,208,210,MAE|SAE,13.393725228573572
9183,208,212,MAE|SAE,23.98254536082847
9184,208,210,MAE|SAE,42.49605736592089
9185,208,216,MAE|SAE,3.44291852984849
9186,208,220,MAE|SAE,14.465406825414794
9187,208,212,MAE|SAE,1.7762183235353342
9188,208,210,MAE|SAE,3.6422652838655485
9189,208,216,MAE|SAE,2.100420778595157
9190,208,210,MAE|SAE,1.1704493422485551
9191,208,214,MAE|SAE,39.21665364243486
9192,208,210,MAE|SAE,1.1916559204995403
9193,208,210,MAE|SAE,10.33460170111222
9194,208,210,MAE|SAE,15.601046387998906
9195,208,229,LAE|MAE|SAE,15.45214750366624
9196,208,210,MAE|SAE,21.530804614957386
9197,208,214,MAE|SAE,8.109127043818097
9198,208,214,MAE|SAE,13.739401294921793
9199,208,211,MAE|SAE,9.441610274248546
9200,208,210,MAE|SAE,23.021119729886006
9201,208,216,MAE|SAE,9.610299165956961
9202,208,214,MAE|SAE,1.1669260781672777
9203,208,210,MAE|SAE,8.567853201046418
9204,208,210,MAE|SAE,2.088109411913744
9205,208,210,MAE|SAE,15.537992827786226
9206,208,212,MAE|SAE,12.628112359729455
9207,208,218,MAE|SAE,14.239701762901577
9208,208,212,MAE|SAE,34.41584074215343
9209,208,210,MAE|SAE,9.026514876258997
9210,209,228,LAE|MAE|SAE,8.860191461314825
9211,209,229,LAE|MAE|SAE,3.1081611310385893
9212,209,210,LAE|MAE,5.761515328304628
9213,209,210,LAE|MAE,1.2184507381190866
9214,209,217,LAE|MAE|SAE,14.057908752088244
9215,209,210,LAE|MAE,0.8201966642541265
9216,209,210,LAE|MAE,32.96641184941098
9217,209,210,LAE|MAE,1.0939840725626244
9218,209,210,LAE|MAE,0.9613552561406767
9219,209,213,LAE|MAE|SAE,4.466557706954495
9220,209,210,LAE|MAE,5.524511905065386
9221,209,214,LAE|MAE|SAE,18.98320929189374
9222,209,210,LAE|MAE,15.284799895597658
9223,209,224,LAE|MAE|SAE,2.443950154615341
9224,207,214,SAE,10.684514050002349
9225,207,211,SAE,41.55712751535432
9226,207,215,SAE,36.55887937244592
9227,207,212,SAE,13.633540098272858
9228,207,227,SAE,13.329044032662733
9229,207,215,SAE,49.23701876161512
9230,207,211,SAE,24.19062474778682
9231,207,211,SAE,13.304529302121058
9232,208,212,SAE,1.8695134757893361
9233,208,211,SAE,1.1700476685242085
9234,208,218,MAE|SAE,7.764954505711387
9235,208,211,SAE,2.2437655508938485
9236,210,212,MAE|SAE,15.788611814275203
9237,210,212,MAE|SAE,16.29231326249576
9238,210,211,MAE|SAE,16.55367812561839
9239,210,212,MAE|SAE,0.8204833366621584
9240,210,212,MAE|SAE,5.375675053422105
9241,210,213,LAE|MAE|SAE,2.650973348820948
9242,210,214,MAE|SAE,1.5570418461740263
9243,210,228,MAE|SAE,4.123301567615307
9244,210,211,MAE|SAE,20.79822893868292
9245,210,214,MAE|SAE,1.9442663117349228
9246,210,213,LAE|MAE|SAE,39.6082686113279
9247,210,219,LAE|MAE|SAE,15.03793872955648
9248,210,212,MAE|SAE,16.26302678719056
9249,210,214,MAE|SAE,14.227109322500677
9250,210,219,MAE|SAE,10.7041901381756
9251,210,211,MAE|SAE,2.21968710239139
9252,210,222,MAE|SAE,14.467804738533044
9253,210,212,MAE|SAE,0.7713060597657533
9254,210,226,LAE|MAE|SAE,10.044403894176513
9255,210,212,MAE|SAE,4.078168246743764
9256,210,214,MAE|SAE,11.087456036664019
9257,210,211,MAE|SAE,17.442095112870263
9258,208,224,MAE|SAE,12.342495748561285
9259,208,212,SAE,35.94868517904552
9260,208,215,SAE,24.573821453411636
9261,208,216,SAE,9.897341511349515
9262,208,212,SAE,21.691051239486285
9263,208,227,MAE|SAE,3.074954400323667
9264,208,212,SAE,12.607662537018289
9265,210,216,MAE|SAE,12.216047579344119
9266,210,216,LAE|MAE|SAE,12.09334737632874
9267,210,212,MAE|SAE,16.030780861631126
9268,210,212,MAE|SAE,2.375107808273928
9269,210,212,MAE|SAE,1.1045814081573335
9270,210,212,MAE|SAE,11.502037084882422
9271,210,213,LAE|MAE|SAE,1.2950595954794952
9272,210,221,LAE|MAE|SAE,10.603866155399245
9273,210,212,MAE|SAE,0.9703963796404312
9274,210,224,MAE|SAE,43.929237366339265
9275,210,212,MAE|SAE,13.571077531609717
9276,210,218,MAE|SAE,26.43613178345239
9277,210,220,LAE|MAE|SAE,16.18237147021128
9278,210,224,MAE|SAE,11.740037529620253
9279,210,229,LAE|MAE|SAE,9.58372194047928
9280,210,212,MAE|SAE,7.4748672065040145
9281,210,214,MAE|SAE,10.395549380315282
9282,210,213,LAE|MAE|SAE,2.6921808112653807
9283,210,212,MAE|SAE,3.4775318694267807
9284,210,212,MAE|SAE,0.8605886628374108
9285,210,213,LAE|MAE|SAE,2.65770587703432
9286,210,212,MAE|SAE,2.1268628960703535
9287,210,228,MAE|SAE,11.946015374313399
9288,210,212,MAE|SAE,14.230242641963704
9289,210,227,LAE|MAE|SAE,2.794664547523982
9290,210,213,LAE|MAE|SAE,9.174590994860546
9291,210,212,MAE|SAE,11.09860857574655
9292,210,216,MAE|SAE,6.150238186595898
9293,210,214,LAE|MAE|SAE,9.017211605721343
9294,210,212,MAE|SAE,14.821564589154402
9295,210,212,MAE|SAE,13.220747611841517
9296,210,214,MAE|SAE,1.1906698505306113
9297,210,212,MAE|SAE,13.031407406366059
9298,210,222,MAE|SAE,2.48731552984474
9299,210,212,MAE|SAE,0.8776743178949453
9300,210,212,MAE|SAE,3.2488467246776582
9301,211,216,SAE,1.9394746358334443
9302,211,218,MAE|SAE,2.3012309653789966
9303,211,212,SAE,29.051180156772023
9304,211,212,SAE,7.008948591702041
9305,211,212,SAE,17.691925591368797
9306,211,212,SAE,1.400184717062153
9307,211,220,SAE,12.491206493355746
9308,211,212,SAE,1.0596548568057957
9309,211,214,SAE,1.2471607570207934
9310,211,212,SAE,0.7090717822215067
9311,211,212,SAE,0.7583795536780302
9312,211,214,SAE,0.8908458741297743
9313,211,229,LAE|MAE|SAE,4.141011783729822
9314,211,212,SAE,9.720341282661737
9315,211,214,SAE,1.5351274012049736
9316,211,228,MAE|SAE,2.323240853568094
9317,211,212,SAE,8.537949401277256
9318,211,212,SAE,9.785307515304549
9319,211,215,SAE,15.044418244058825
9320,211,212,SAE,17.446045626268322
9321,211,212,SAE,0.8374671123903072
9322,211,212,SAE,0.7845735513097952
9323,211,214,SAE,1.5085454263564722
9324,211,212,SAE,1.7752247482369865
9325,211,229,LAE|MAE|SAE,2.5414466153517825
9326,211,229,LAE|MAE|SAE,4.942814446494714
9327,211,228,MAE|SAE,18.19382500388189
9328,211,212,SAE,1.401504074990755
9329,211,228,MAE|SAE,11.625288909944578
9330,209,213,LAE,1.7482174839467306
9331,209,221,LAE,12.98856020138448
9332,209,213,LAE,36.86614910319209
9333,209,213,LAE,4.434319657847037
9334,209,213,LAE,1.0563097792083946
9335,209,213,LAE,46.98377118590289
9336,209,213,LAE,26.683582471706384
9337,209,221,LAE,6.385610527677534
9338,209,213,LAE,11.221192648727289
9339,209,213,LAE,10.54851756042167
9340,209,213,LAE,11.232471316420247
9341,210,213,LAE|MAE,8.024820658295686
9342,210,213,LAE|MAE,29.688443981628044
9343,210,213,LAE|MAE,1.0134943491056594
9344,210,213,LAE|MAE,8.852500089996035
9345,210,213,LAE|MAE,18.843851655950463
9346,210,214,MAE|SAE,39.55366178096012
9347,210,220,MAE|SAE,28.77147218928672
9348,210,214,MAE|SAE,5.569936146290834
9349,211,222,MAE|SAE,11.926546734787328
9350,211,214,SAE,0.855997253636434
9351,211,216,SAE,1.052236542656713
9352,211,228,MAE|SAE,6.361904196579708
9353,211,214,SAE,0.8207259327776772
9354,211,214,SAE,0.8384062686551221
9355,211,216,SAE,1.385707483896231
9356,211,214,SAE,15.519433515369007
9357,211,228,MAE|SAE,2.8290309150966753
9358,211,224,LAE|MAE|SAE,15.448682627444967
9359,211,214,SAE,12.199081150686357
9360,211,220,MAE|SAE,9.601491202924578
9361,212,214,SAE,2.0042785343772973
9362,212,218,MAE|SAE,40.17110764947373
9363,212,214,SAE,1.3691918143759008
9364,212,228,MAE|SAE,3.405013341434854
9365,212,215,SAE,16.06526140557386
9366,212,215,SAE,16.573105146032095
9367,212,220,MAE|SAE,13.486989232589396
9368,212,214,SAE,18.088548689768093
9369,212,216,SAE,17.013004279673204
9370,212,216,SAE,1.1329473187173906
9371,212,225,LAE|MAE|SAE,14.882371157276086
9372,212,214,SAE,9.818502833577192
9373,212,215,SAE,1.181986652774961
9374,212,224,MAE|SAE,2.5829997165255154
9375,212,226,LAE|MAE|SAE,4.683928605791
9376,212,214,SAE,10.528041155947426
9377,212,226,LAE|MAE|SAE,1.2438422541113976
9378,212,214,SAE,3.184001593671218
9379,212,216,SAE,18.87779170602214
9380,212,228,MAE|SAE,8.95810731780053
9381,212,219,MAE|SAE,7.4719451650629765
9382,212,218,MAE|SAE,25.268508298459597
9383,212,228,SAE,10.803550012785644
9384,212,227,MAE|SAE,7.88767738902068
9385,212,216,SAE,7.729764852392611
9386,212,228,MAE|SAE,16.260217987677308
9387,212,214,SAE,29.412170416297496
9388,212,215,SAE,36.273672710262545
9389,212,214,SAE,0.8110319272688157
9390,212,229,LAE|MAE|SAE,6.501819787034006
9391,212,214,SAE,16.11495966249749
9392,212,214,SAE,8.696144466226663
9393,212,216,SAE,0.9145931583547103
9394,212,228,MAE|SAE,15.974649087347961
9395,212,216,SAE,14.289944274285826
9396,211,219,SAE,18.30677800124725
9397,211,219,SAE,10.756725842144387
9398,211,215,SAE,10.944982017677516
9399,211,215,SAE,35.88546543625242
9400,211,215,SAE,6.508014936982218
9401,211,215,SAE,17.48530737068634
9402,211,223,SAE,26.299462141263934
9403,212,216,SAE,4.837887959501718
9404,212,216,SAE,9.595967574286364
9405,212,215,SAE,16.053741086294945
9406,212,228,LAE|MAE|SAE,2.7842506230122877
9407,212,215,SAE,1.3858570401955357
9408,212,224,MAE|SAE,1.779966212211565
9409,212,228,MAE|SAE,16.600544296957782
9410,212,216,SAE,17.22183935947393
9411,212,220,SAE,11.062080222571955
9412,212,216,SAE,0.8365988124493793
9413,214,220,MAE|SAE,1.043302866063158
9414,214,216,SAE,8.228646385160442
9415,214,228,LAE|MAE|SAE,1.5980742219762396
9416,214,216,SAE,20.061009595595937
9417,214,218,MAE|SAE,13.453684782115682
9418,214,226,MAE|SAE,12.82947207872982
9419,214,224,LAE|MAE|SAE,1.0560526139252018
9420,214,222,MAE|SAE,18.768459216095806
9421,214,215,SAE,14.497429706064052
9422,214,222,MAE|SAE,11.456601127242848
9423,214,221,LAE|MAE|SAE,0.9287742673223222
9424,214,226,MAE|SAE,1.2972197445473614
9425,214,218,MAE|SAE,1.739986433958335
9426,214,224,MAE|SAE,19.682747366984994
9427,214,229,LAE|MAE|SAE,20.1274029029876
9428,214,216,SAE,9.56550094930114
9429,214,222,MAE|SAE,11.203296324650639
9430,214,222,MAE|SAE,13.270794925824736
9431,214,215,SAE,0.7181582233816806
9432,214,228,MAE|SAE,1.9393155510930014
9433,212,216,SAE,1.9018887065256012
9434,212,216,SAE,11.689561046412303
9435,212,216,SAE,12.609282855657389
9436,212,228,MAE|SAE,16.788607098827978
9437,212,216,SAE,4.244309293005482
9438,214,224,MAE|SAE,0.8742044688669719
9439,214,216,SAE,29.346038508214452
9440,214,216,SAE,17.442036081506377
9441,214,220,MAE|SAE,11.101923736463409
9442,214,216,SAE,10.34364100476528
9443,214,219,SAE,16.06091942165944
9444,214,222,MAE|SAE,27.678360675578755
9445,214,216,SAE,12.935184453765528
9446,214,228,MAE|SAE,29.802775613003668
9447,214,223,MAE|SAE,2.2494624795701634
9448,214,218,MAE|SAE,2.0799718885967002
9449,214,218,MAE|SAE,10.838873671637451
9450,214,216,SAE,11.741252052293596
9451,214,216,SAE,1.387288884718735
9452,214,216,SAE,19.47521302968797
9453,214,216,SAE,32.01870581246697
9454,214,225,LAE|MAE|SAE,22.730427681997984
9455,214,226,MAE|SAE,14.768683400573087
9456,214,216,SAE,9.21560828855494
9457,214,216,SAE,10.349811528930225
9458,214,218,MAE|SAE,8.294976451797792
9459,214,220,SAE,16.66330221713466
9460,214,228,MAE|SAE,1.4993253161800943
9461,214,218,MAE|SAE,10.793976543371192
9462,214,216,SAE,8.945192704388345
9463,214,216,SAE,0.9103343217075822
9464,214,216,SAE,0.7483717625087326
9465,214,216,SAE,1.3766383843717265
9466,214,216,SAE,38.840988035493446
9467,214,216,SAE,7.7668129612926
9468,214,216,SAE,1.4463030939660528
9469,214,224,MAE|SAE,1.489769097402581
9470,215,216,SAE,13.2951783833886
9471,215,228,MAE|SAE,17.265853615994402
9472,215,227,MAE|SAE,5.9183615369449365
9473,215,221,LAE|MAE|SAE,3.71235516936947
9474,215,218,MAE|SAE,2.485282914444436
9475,215,224,MAE|SAE,2.529027042665703
9476,215,216,SAE,0.6381090487550515
9477,215,216,SAE,15.31186155054193
9478,215,226,MAE|SAE,11.57488843002941
9479,215,220,SAE,0.8954210952937932
9480,215,228,MAE|SAE,15.945476044280618
9481,215,216,SAE,13.623754441602706
9482,215,228,LAE|MAE|SAE,18.63749925528096
9483,215,228,LAE|MAE|SAE,4.245892789447105
9484,215,216,SAE,10.144576257098464
9485,215,216,SAE,10.977575640484678
9486,215,216,SAE,11.730649039451079
9487,215,216,SAE,4.876748249014183
9488,215,222,MAE|SAE,15.135286820651817
9489,213,217,LAE,4.726017967257045
9490,213,217,LAE,12.890569504436936
9491,213,228,LAE|MAE|SAE,1.6911183952574258
9492,213,221,LAE,30.87539450492205
9493,213,229,LAE,13.880693551538204
9494,213,221,LAE,10.160165267026493
9495,213,229,LAE|MAE,13.08527635816388
9496,213,217,LAE,5.0463472286730235
9497,213,217,LAE,25.13773008700664
9498,213,217,LAE,7.234606693757919
9499,214,227,MAE|SAE,12.205545663965577
9500,214,222,MAE|SAE,2.1555551980266463
9501,214,218,MAE|SAE,21.951003656217946
9502,214,228,MAE|SAE,2.119307620655926
9503,214,222,MAE|SAE,4.706748335071993
9504,214,228,MAE|SAE,0.9792567285247592
9505,214,218,MAE|SAE,9.661114917096517
9506,214,218,MAE|SAE,5.381553194490774
9507,214,218,MAE|SAE,39.59099196477375
9508,214,219,MAE|SAE,10.497500483665219
9509,214,218,MAE|SAE,1.1022234406690936
9510,214,218,MAE|SAE,20.298082120639755
9511,215,227,MAE|SAE,6.6862060956033424
9512,215,222,LAE|MAE|SAE,2.5516527033616225
9513,215,223,MAE|SAE,10.434208737689644
9514,215,220,MAE|SAE,3.020896512518934
9515,215,220,MAE|SAE,6.55872706680994
9516,215,218,MAE|SAE,0.7586705624942583
9517,215,218,MAE|SAE,1.0916486675676842
9518,215,229,LAE|MAE|SAE,6.5365134053145
9519,215,224,MAE|SAE,13.850538490578847
9520,215,226,MAE|SAE,16.77642013678035
9521,215,220,MAE|SAE,20.098044327637055
9522,215,220,MAE|SAE,15.947551663066493
9523,215,218,MAE|SAE,9.803668577334511
9524,216,228,LAE|MAE|SAE,1.5011680895599826
9525,216,228,MAE|SAE,0.9373137953327585
9526,216,220,MAE|SAE,11.400905827853109
9527,216,224,MAE|SAE,0.7771802831994953
9528,216,229,LAE|MAE|SAE,1.8799198705164855
9529,216,218,MAE|SAE,1.0978457324458026
9530,216,228,LAE|MAE|SAE,1.1787052922431995
9531,216,228,MAE|SAE,0.9164892674161556
9532,216,218,MAE|SAE,0.986014456076113
9533,216,218,MAE|SAE,1.54786815365129
9534,216,218,MAE|SAE,14.694031826055511
9535,216,218,MAE|SAE,6.632928344050609
9536,216,228,MAE|SAE,14.027320500102324
9537,216,225,LAE|MAE|SAE,1.8207665094658465
9538,216,218,MAE|SAE,2.6383722524673727
9539,216,227,MAE|SAE,11.79752449689732
9540,216,229,LAE|MAE|SAE,2.845334545002483
9541,216,222,LAE|MAE|SAE,2.869063964981556
9542,216,229,LAE|MAE|SAE,0.8339805386906813
9543,216,229,LAE|MAE|SAE,3.1537780875202666
9544,216,228,LAE|MAE|SAE,0.8959204584116294
9545,216,223,LAE|MAE|SAE,27.351908919182048
9546,216,228,MAE|SAE,0.9143190374959962
9547,216,218,MAE|SAE,13.179419798348869
9548,216,229,LAE|MAE|SAE,4.781509751303508
9549,216,222,LAE|MAE|SAE,8.564094768963976
9550,216,229,LAE|MAE|SAE,4.63125613194501
9551,216,226,MAE|SAE,0.9718488982155672
9552,216,226,MAE|SAE,37.98746221091104
9553,216,221,LAE|MAE|SAE,24.348086552031674
9554,216,222,MAE|SAE,24.486699735887967
9555,216,228,MAE|SAE,1.0554934270445753
9556,216,220,MAE|SAE,5.990610205305392
9557,216,226,MAE|SAE,1.6060654896820408
9558,216,228,MAE|SAE,12.898040163692443
9559,216,219,MAE|SAE,12.698532972722278
9560,216,218,MAE|SAE,8.337442669495868
9561,216,228,MAE|SAE,1.0133034727706578
9562,216,229,LAE|MAE|SAE,14.307203400752499
9563,216,218,MAE|SAE,14.372927547798987
9564,216,218,MAE|SAE,25.25181811225474
9565,216,224,MAE|SAE,2.803890287675519
9566,216,220,MAE|SAE,10.627807979224755
9567,217,226,LAE|MAE|SAE,10.606509515521749
9568,217,227,LAE|MAE|SAE,0.9264669176047057
9569,217,218,LAE|MAE,3.9565992074617564
9570,217,220,LAE|MAE|SAE,0.6876531770773275
9571,217,227,LAE|MAE|SAE,16.1589788203249
9572,215,219,SAE,15.72050354840928
9573,215,219,SAE,7.2696535126368635
9574,215,219,SAE,30.214627420589043
9575,215,219,SAE,25.988111391162906
9576,215,219,SAE,21.44921615805987
9577,215,219,SAE,5.225625475822043
9578,215,219,SAE,23.319867795580816
9579,215,219,SAE,20.69207359346848
9580,215,227,SAE,58.77967655362237
9581,215,219,SAE,5.352911298757603
9582,215,219,SAE,17.37412307075887
9583,215,219,SAE,17.244366423588293
9584,215,223,SAE,25.641063474062875
9585,215,227,SAE,6.112123016121647
9586,215,220,SAE,0.9400217371941489
9587,215,219,SAE,8.428687257399677
9588,215,219,SAE,8.1571069543538
9589,215,227,SAE,31.079361734291464
9590,215,219,SAE,26.840077682913716
9591,215,223,SAE,16.99067393214909
9592,216,228,MAE|SAE,6.341647715677251
9593,216,222,MAE|SAE,10.886950210619057
9594,216,227,MAE|SAE,11.164140247782349
9595,216,220,SAE,0.9134491324722998
9596,218,222,MAE|SAE,0.6672527952392094
9597,218,228,LAE|MAE|SAE,0.8552660309831751
9598,218,220,MAE|SAE,0.6692808955983116
9599,218,228,LAE|MAE|SAE,1.2830093891961478
9600,218,228,MAE|SAE,0.8093311852239433
9601,218,222,MAE|SAE,2.732475532148991
9602,218,226,MAE|SAE,10.504658215608277
9603,218,229,LAE|MAE|SAE,1.0007459217132137
9604,218,228,LAE|MAE|SAE,9.966482284325371
9605,218,226,LAE|MAE|SAE,12.841367629278162
9606,218,229,LAE|MAE|SAE,13.212893749031883
9607,218,220,MAE|SAE,11.549976815103813
9608,218,219,MAE|SAE,13.914840273411409
9609,218,226,MAE|SAE,0.8351686478704792
9610,218,219,MAE|SAE,16.74263657428601
9611,218,224,MAE|SAE,13.324087313665663
9612,218,222,LAE|MAE|SAE,0.8831337411420233
9613,218,228,MAE|SAE,1.9643568743779163
9614,218,222,MAE|SAE,1.4816685988563711
9615,218,229,LAE|MAE|SAE,1.035212389622823
9616,218,229,LAE|MAE|SAE,26.76374996714779
9617,218,228,LAE|MAE|SAE,1.4165453938210828
9618,218,223,MAE|SAE,3.9028851307160095
9619,218,224,MAE|SAE,1.2260277153827597
9620,218,229,LAE|MAE|SAE,5.95876594716008
9621,218,228,MAE|SAE,8.347044406822489
9622,218,219,MAE|SAE,1.02833054027985
9623,218,228,MAE|SAE,14.194254538315741
9624,218,220,MAE|SAE,0.9723286705782145
9625,216,222,MAE|SAE,1.7765662072814976
9626,216,220,SAE,46.200935647002446
9627,216,229,LAE|MAE|SAE,1.8644266536024618
9628,216,228,MAE|SAE,1.987102848232503
9629,216,220,SAE,14.119929333966088
9630,216,226,MAE|SAE,2.4080651772763204
9631,216,220,SAE,0.8787141417840728
9632,216,220,SAE,13.693743679945264
9633,216,223,SAE,39.95882578695322
9634,216,228,MAE|SAE,10.490141235339859
9635,216,228,MAE|SAE,14.631192541974068
9636,216,226,MAE|SAE,1.1312330401728345
9637,218,228,MAE|SAE,0.8110697787543835
9638,218,220,MAE|SAE,0.7587357425985245
9639,218,226,MAE|SAE,18.72222475998658
9640,218,226,MAE|SAE,19.15859569120247
9641,218,229,LAE|MAE|SAE,16.86951719846861
9642,218,220,MAE|SAE,29.51511828210932
9643,218,226,MAE|SAE,22.969241853958735
9644,218,220,MAE|SAE,9.619092524991094
9645,218,226,MAE|SAE,0.8948852171009597
9646,218,220,MAE|SAE,17.30116315400809
9647,218,220,MAE|SAE,4.9617891436933235
9648,218,228,MAE|SAE,14.347130854209036
9649,218,224,MAE|SAE,31.215255231926108
9650,218,222,MAE|SAE,11.271185776308394
9651,218,223,MAE|SAE,0.8180447030760013
9652,218,229,LAE|MAE|SAE,23.51433635735366
9653,218,224,MAE|SAE,2.3660154003574174
9654,218,220,MAE|SAE,7.5465534930080835
9655,218,220,MAE|SAE,1.6384557615745523
9656,218,229,LAE|MAE|SAE,21.72559879230478
9657,218,222,MAE|SAE,2.0505915528994647
9658,218,220,MAE|SAE,23.951332754173624
9659,218,228,MAE|SAE,12.085870786889442
9660,218,228,MAE|SAE,14.830694210150183
9661,218,222,MAE|SAE,27.469516117580575
9662,218,224,LAE|MAE|SAE,2.3545277313835915
9663,218,220,MAE|SAE,1.4096753450305233
9664,218,220,MAE|SAE,2.529960312991749
9665,219,220,SAE,0.7584953337005738
9666,219,228,MAE|SAE,1.6624104017153993
9667,219,222,MAE|SAE,0.7260905638910591
9668,219,227,LAE|MAE|SAE,17.71129139671549
9669,219,220,SAE,7.514922429315634
9670,219,228,MAE|SAE,2.335715482249587
9671,219,224,MAE|SAE,0.9134920366572054
9672,219,220,SAE,6.980839473728126
9673,219,220,SAE,10.054362841800687
9674,219,220,SAE,0.7002790325024999
9675,219,220,SAE,7.523686112538741
9676,219,220,SAE,11.326720019655538
9677,219,229,LAE|MAE|SAE,10.252635186156422
9678,219,229,LAE|MAE|SAE,1.8789148499359187
9679,219,227,MAE|SAE,1.133492216949827
9680,219,220,SAE,11.102492968288713
9681,219,229,LAE|MAE|SAE,1.0355545132772017
9682,219,220,SAE,14.045183987664801
9683,219,226,MAE|SAE,7.8206567992742295
9684,219,229,LAE|MAE|SAE,16.42780315575623
9685,217,221,LAE,15.74585728251243
9686,217,221,LAE,8.525512148815489
9687,217,225,LAE,36.692472785380595
9688,217,225,LAE,1.854370210357803
9689,217,221,LAE,1.1928120805695452
9690,217,221,LAE,12.7894764835745
9691,217,226,LAE|MAE,15.992637350730305
9692,217,225,LAE,10.675288531997426
9693,217,221,LAE,11.534840160452324
9694,217,229,LAE,26.869252819112152
9695,217,221,LAE,20.53953056809802
9696,217,221,LAE,17.562086480007295
9697,218,225,LAE|MAE,4.00115095262668
9698,218,226,LAE|MAE|SAE,2.637860658628662
9699,218,226,MAE|SAE,1.0019091573021612
9700,218,222,MAE,6.04214786871507
9701,218,229,LAE|MAE|SAE,15.833344808556607
9702,218,222,MAE,17.130761068502146
9703,218,226,LAE|MAE|SAE,0.7390419133021613
9704,218,229,LAE|MAE|SAE,2.668739442400714
9705,218,226,MAE|SAE,12.947708373962701
9706,218,222,MAE,20.6377694022555
9707,218,222,MAE,13.51009229583824
9708,219,223,MAE|SAE,6.335408676969798
9709,219,228,LAE|MAE|SAE,0.8465816514867887
9710,219,229,LAE|MAE|SAE,14.622653075333671
9711,219,222,MAE|SAE,0.6525964207439396
9712,219,229,LAE|MAE|SAE,1.6672365374640055
9713,219,228,MAE|SAE,12.533058393354466
9714,219,225,LAE|MAE|SAE,1.4893315736526698
9715,220,223,MAE|SAE,9.214672609721074
9716,220,226,MAE|SAE,9.625887074138644
9717,220,228,LAE|MAE|SAE,27.758454880929403
9718,220,222,MAE|SAE,1.0111261299522398
9719,220,224,MAE|SAE,10.161952361451247
9720,220,228,MAE|SAE,10.289245231186449
9721,220,224,MAE|SAE,0.7801036108819066
9722,220,228,MAE|SAE,0.7414046433554822
9723,220,228,MAE|SAE,8.140011676235176
9724,220,228,MAE|SAE,0.7273814786467306
9725,220,222,MAE|SAE,8.040855661156053
9726,220,222,MAE|SAE,11.045456933118476
9727,220,222,MAE|SAE,1.6769565441862484
9728,220,228,MAE|SAE,14.020773536399673
9729,220,223,MAE|SAE,26.84779109749523
9730,220,226,MAE|SAE,14.337557385777513
9731,220,222,MAE|SAE,1.8089200363842306
9732,220,222,MAE|SAE,12.225917415612408
9733,220,222,MAE|SAE,10.65328578701358
9734,220,222,MAE|SAE,11.188225761614836
9735,220,222,MAE|SAE,0.84049114569997
9736,220,222,MAE|SAE,10.641781057122813
9737,220,222,MAE|SAE,11.352152661748663
9738,220,228,MAE|SAE,14.724923183945464
9739,220,228,MAE|SAE,10.572574253552661
9740,221,229,LAE|MAE|SAE,6.370368077257997
9741,221,225,LAE|MAE,20.754213915821254
9742,221,226,LAE|MAE|SAE,30.480971854143085
9743,221,228,LAE|MAE|SAE,24.41346013441553
9744,221,224,LAE|MAE|SAE,0.7536206232736076
9745,221,223,LAE|MAE|SAE,5.9774896148774275
9746,221,222,LAE|MAE,11.152091122903935
9747,221,228,LAE|MAE|SAE,1.0681327689690965
9748,221,229,LAE|MAE|SAE,4.087483590807994
9749,221,229,LAE|MAE|SAE,25.87073364581357
9750,221,226,LAE|MAE|SAE,1.0666752038010505
9751,221,226,LAE|MAE,0.6833475048107317
9752,221,222,LAE|MAE,0.9946336091542033
9753,219,223,SAE,25.827100847333288
9754,219,228,MAE|SAE,1.2252856315281717
9755,219,223,SAE,5.943622472726974
9756,219,223,SAE,15.156917144080625
9757,219,229,LAE|MAE|SAE,12.488726721650389
9758,220,223,SAE,0.6598862685460727
9759,220,223,SAE,0.6618010890910249
9760,220,228,MAE|SAE,5.226311495889113
9761,220,224,SAE,52.37283759304911
9762,222,228,MAE|SAE,0.6655307874856609
9763,222,223,MAE|SAE,5.663353568507608
9764,222,229,LAE|MAE|SAE,6.528627935967602
9765,222,228,MAE|SAE,38.73682489504856
9766,222,226,MAE|SAE,18.774677239955178
9767,222,229,LAE|MAE|SAE,12.767819955645335
9768,222,226,MAE|SAE,0.7930862831180863
9769,222,223,MAE|SAE,0.6429690970869166
9770,222,227,MAE|SAE,0.758941416455173
9771,222,229,LAE|MAE|SAE,19.140998617788917
9772,222,227,MAE|SAE,7.39286928262697
9773,222,223,MAE|SAE,1.1816806715379846
9774,222,223,MAE|SAE,0.868453256036406
9775,220,228,SAE,20.595487511970028
9776,220,227,MAE|SAE,2.8223799136811425
9777,220,228,MAE|SAE,0.8260305824901194
9778,220,224,SAE,14.418293784590524
9779,220,224,SAE,18.73502456121978
9780,220,224,SAE,25.562352296331333
9781,220,224,SAE,14.151984447007079
9782,220,228,SAE,9.680796622624012
9783,220,227,SAE,13.933280493918524
9784,220,224,SAE,1.79784740769279
9785,220,228,MAE|SAE,0.8265905512420669
9786,222,229,LAE|MAE|SAE,20.103456170099665
9787,222,228,MAE|SAE,11.151212328162677
9788,222,224,MAE|SAE,12.042524284286905
9789,222,224,MAE|SAE,14.64885750284836
9790,222,224,MAE|SAE,2.199905262795354
9791,222,224,MAE|SAE,0.9656302133153648
9792,222,224,MAE|SAE,10.202898662390737
9793,222,229,LAE|MAE|SAE,10.901040482761216
9794,222,228,MAE|SAE,1.1957033039000082
9795,222,224,MAE|SAE,13.73522676332519
9796,222,226,LAE|MAE|SAE,0.8122308569810185
9797,222,225,LAE|MAE|SAE,4.343156037171705
9798,222,224,MAE|SAE,18.413347013122088
9799,222,226,LAE|MAE|SAE,4.439099633502878
9800,222,228,MAE|SAE,41.88065194107328
9801,222,228,MAE|SAE,2.7163855248407263
9802,222,224,MAE|SAE,1.34053943254762
9803,222,224,MAE|SAE,1.2144528012440112
9804,223,224,SAE,14.08284762825578
9805,223,226,MAE|SAE,0.7688317832762995
9806,223,226,MAE|SAE,12.830920012507704
9807,223,224,SAE,0.6347715848006764
9808,223,228,MAE|SAE,10.070077968484892
9809,223,228,SAE,1.0315505476866977
9810,223,224,SAE,36.44488601179962
9811,223,224,SAE,1.8782335145197824
9812,223,224,SAE,5.862054487034883
9813,223,228,SAE,8.509290315400445
9814,223,224,SAE,0.9523008458242006
9815,221,229,LAE,14.875929678208562
9816,221,225,LAE,9.603580508168225
9817,221,229,LAE,17.279706552642196
9818,221,225,LAE,9.215074507121829
9819,221,229,LAE,38.520422443536646
9820,221,225,LAE,9.262609996394186
9821,221,225,LAE,10.18588168382523
9822,221,225,LAE,1.8286689630131767
9823,221,225,LAE,0.8162967601152732
9824,222,228,LAE|MAE|SAE,1.0455760532334966
9825,222,228,MAE|SAE,13.006609994613255
9826,222,226,MAE,27.21695360098258
9827,222,228,MAE|SAE,43.72047132468142
9828,222,228,MAE|SAE,20.455486976709444
9829,222,226,MAE,1.1879259184926607
9830,222,226,MAE,9.087229906276756
9831,222,226,MAE,1.2067784207783399
9832,222,226,MAE,47.29652592984842
9833,223,226,MAE|SAE,9.6979259726634
9834,223,226,MAE|SAE,3.9193804224954385
9835,223,228,MAE|SAE,1.2517851715697925
9836,223,226,MAE|SAE,2.636378300764684
9837,223,226,MAE|SAE,19.842001156126216
9838,223,226,MAE|SAE,6.3450154805942605
9839,223,228,MAE|SAE,0.7159256213458921
9840,223,228,MAE|SAE,16.07453668759469
9841,224,228,MAE|SAE,42.07615613532492
9842,224,228,MAE|SAE,9.956885514119252
9843,224,226,MAE|SAE,0.624979629434226
9844,224,226,MAE|SAE,11.630510996832278
9845,224,226,MAE|SAE,3.304270866384782
9846,224,229,LAE|MAE|SAE,2.70205548217449
9847,224,228,MAE|SAE,1.0641238258897798
9848,224,226,MAE|SAE,13.012279704091373
9849,224,226,MAE|SAE,6.89656313105753
9850,224,229,LAE|MAE|SAE,1.1195195891452305
9851,224,228,MAE|SAE,15.04785094414411
9852,224,226,MAE|SAE,28.025955823011095
9853,224,226,MAE|SAE,15.419199640223122
9854,224,228,MAE|SAE,11.095465105723648
9855,224,226,MAE|SAE,17.163714385512996
9856,224,228,MAE|SAE,1.8119270613034808
9857,224,228,MAE|SAE,3.6437888830383316
9858,224,229,LAE|MAE|SAE,10.646605873137114
9859,224,228,MAE|SAE,13.424796684051703
9860,225,228,LAE|MAE|SAE,15.681189812124025
9861,225,228,LAE|MAE|SAE,29.47002118352785
9862,225,226,LAE|MAE,18.117064498296752
9863,225,228,LAE|MAE|SAE,20.5565104547225
9864,225,226,LAE|MAE,1.3115380676811201
9865,225,229,LAE|MAE|SAE,15.310108664824863
9866,223,227,SAE,16.66011381682933
9867,223,228,SAE,2.3843175606882
9868,223,227,SAE,26.88873087200089
9869,223,227,SAE,10.859896610794285
9870,223,227,SAE,17.171844335200916
9871,223,227,SAE,27.237435829509394
9872,223,227,SAE,10.012652212490007
9873,223,228,SAE,0.9279189037622249
9874,223,227,SAE,10.570015972176561
9875,224,228,SAE,12.876899907362665
9876,226,227,MAE|SAE,9.910435227330286
9877,226,227,MAE|SAE,1.1309228465201568
9878,226,228,MAE|SAE,12.600367535831936
9879,226,227,MAE|SAE,0.5981433111105661
9880,226,228,MAE|SAE,1.6502999272820675
9881,226,228,MAE|SAE,2.9124370077662656
9882,226,229,LAE|MAE|SAE,11.862641046029637
9883,226,227,MAE|SAE,16.7715270011951
9884,226,229,LAE|MAE|SAE,0.8936364846016172
9885,226,227,MAE|SAE,1.138626947044784
9886,226,229,LAE|MAE|SAE,16.058733974219408
9887,226,228,MAE|SAE,16.60747835913852
9888,226,228,MAE|SAE,19.384494877711887
9889,224,228,SAE,9.669358980628814
9890,224,228,SAE,9.850213263583816
9891,224,228,SAE,18.29649978267806
9892,224,228,SAE,1.7714695287231434
9893,224,228,SAE,12.592549507946494
9894,224,228,SAE,27.113720715376044
9895,224,228,SAE,12.18271378583038
9896,224,228,SAE,25.86848921736008
9897,224,228,SAE,14.619191589244277
9898,224,228,SAE,0.7933147255264184
9899,224,228,SAE,0.6649927263558966
9900,224,228,SAE,39.047634520716464
9901,224,228,SAE,26.59139209981311
9902,224,228,SAE,44.779591527765405
9903,226,229,LAE|MAE|SAE,1.1513480072444007
9904,226,228,MAE|SAE,0.9095137576714067
9905,226,228,MAE|SAE,9.582816474767707
9906,226,228,MAE|SAE,13.285287406143189
9907,226,228,MAE|SAE,15.996983531029747
9908,226,228,MAE|SAE,5.7667512376514125
9909,226,228,MAE|SAE,17.181618687763276
9910,226,228,MAE|SAE,21.8190204649457
9911,226,228,MAE|SAE,0.635953055781825
9912,226,228,MAE|SAE,9.50666707025399
9913,226,228,MAE|SAE,11.297542112288186
9914,226,228,MAE|SAE,20.98612224071265
9915,226,228,MAE|SAE,2.9826068073633043
9916,226,228,MAE|SAE,13.111548568435525
9917,226,228,MAE|SAE,0.7335391855384245
9918,226,228,MAE|SAE,16.91888887580969
9919,226,228,MAE|SAE,14.807964310376368
9920,226,228,MAE|SAE,23.05676414633595
9921,226,228,MAE|SAE,19.4504130487584
9922,226,229,LAE|MAE|SAE,13.22392879781948
9923,226,228,MAE|SAE,26.74920269211309
9924,226,228,MAE|SAE,13.567579641407551
9925,227,228,SAE,1.3010549041708195
9926,227,228,SAE,0.7199967269062659
9927,227,228,SAE,14.38656557516237
9928,227,228,SAE,1.6475333737206053
9929,227,228,SAE,0.6129279590171002
9930,227,228,SAE,15.960308691675998
9931,227,228,SAE,21.18838213744652
9932,227,228,SAE,3.8052570973370843
9933,227,228,SAE,4.52335627920216
9934,227,228,SAE,0.6159674106380815
9935,225,229,LAE,14.623473160920078
9936,225,229,LAE,35.63584715141318
9937,225,229,LAE,9.184532799227979
9938,225,229,LAE,7.847036524729582
9939,225,229,LAE,8.4875274557675
9940,225,229,LAE,13.089564700414618
9941,225,229,LAE,9.335578871089186
9942,225,229,LAE,30.221486925060912
9943,225,229,LAE,7.652041956375086
9944,225,229,LAE,20.755704859037966
9945,225,229,LAE,8.883126872330749
9946,225,229,LAE,11.693196004587183
9947,225,229,LAE,3.7019850501959426
9948,225,229,LAE,23.626189273366172
9949,225,229,LAE,27.60179419162234
9950,226,229,LAE|MAE,1.4492707664583024
9951,226,229,LAE|MAE,38.38939218272887
9952,226,229,LAE|MAE,2.375971172465448
9953,226,229,LAE|MAE,3.0892909339523538
9954,226,229,LAE|MAE,1.3621075184512506
9955,226,229,LAE|MAE,3.208871826819723
9956,226,229,LAE|MAE,36.578453425046604
