landmark_id,first_frame_idx,last_frame_idx,slots_seen,creation_depth_m
0,0,1,SAE,0.9167912932212116
1,0,3,MAE|SAE,5.155148143836762
2,0,3,MAE|SAE,1.1479947993612558
3,0,5,MAE|SAE,1.6109130131584612
4,0,1,SAE,15.009150155277164
5,0,5,MAE|SAE,2.669047721520413
6,0,3,MAE|SAE,0.9483487028616691
7,0,8,MAE|SAE,13.007468318452942
8,0,1,SAE,0.5939020543120287
9,0,3,MAE|SAE,0.7534241878625282
10,0,4,SAE,18.252462939255643
11,0,4,MAE|SAE,2.6239135058715606
12,0,3,MAE|SAE,1.1048504910989403
13,0,10,LAE|MAE|SAE,14.129211583925361
14,0,1,SAE,0.9076254000738306
15,0,3,MAE|SAE,1.5061904919390239
16,0,3,MAE|SAE,12.615158282047812
17,0,1,SAE,17.355216325078736
18,0,3,MAE|SAE,0.6987073465691206
19,0,3,MAE|SAE,21.36581074391764
20,0,5,SAE,1.4487811544850704
21,0,1,SAE,1.9947902510249953
22,0,4,MAE|SAE,1.3342220496766684
23,0,1,SAE,0.6452808240108491
24,0,1,SAE,0.6024112696727026
25,0,1,SAE,17.279473293156713
26,0,4,SAE,27.004949672713504
27,0,1,SAE,0.625085646998858
28,0,11,LAE|MAE|SAE,9.702063244256522
29,0,1,SAE,1.2225280834643752
30,0,1,SAE,0.9400957643233446
31,0,3,MAE|SAE,15.546218842275545
32,0,5,SAE,20.908004874364234
33,0,1,SAE,0.6835834090782266
34,0,3,MAE|SAE,1.359139792750115
35,0,21,LAE|MAE|SAE,20.30342800027441
36,0,9,SAE,15.29076336048557
37,0,1,SAE,5.2642027613386775
38,0,1,SAE,0.9469911982284822
39,0,1,SAE,0.6362181476131573
40,0,9,MAE|SAE,16.738557389489884
41,0,1,SAE,21.635600841599302
42,0,17,MAE|SAE,16.152647422731228
43,0,3,MAE|SAE,1.949613187051744
44,0,5,MAE|SAE,15.767279842348039
45,0,1,SAE,0.6607117848319235
46,0,1,SAE,0.6491765485304724
47,0,3,MAE|SAE,19.274572571904184
48,0,1,SAE,0.616241127712657
49,0,1,SAE,0.721445058473411
50,0,1,SAE,0.6322500231291381
51,0,4,MAE|SAE,18.069427380840413
52,0,3,MAE|SAE,1.051892397663306
53,0,1,SAE,1.1368443975470202
54,0,7,MAE|SAE,9.829948685675623
55,0,4,SAE,1.4152736293674995
56,0,1,SAE,19.0354331687447
57,0,3,MAE|SAE,1.3368943192230793
58,0,1,SAE,0.6250978166112274
59,0,3,MAE|SAE,18.771031745964866
60,0,1,SAE,0.9000392983726961
61,0,7,MAE|SAE,9.886271109488039
62,0,1,SAE,4.769418118341782
63,0,1,SAE,0.5813412240908516
64,0,5,SAE,19.684393928008234
65,0,1,SAE,12.660183820842052
66,0,3,MAE|SAE,0.996196845897121
67,0,1,SAE,0.5737275839285106
68,0,5,SAE,10.133494354299968
69,0,1,SAE,0.6717918521779219
70,0,1,SAE,0.7955475705198234
71,0,1,SAE,16.997381174836118
72,0,1,SAE,1.329467515495883
73,0,11,MAE|SAE,22.678115617514255
74,0,1,SAE,0.782265762758832
75,0,1,SAE,0.6212461563770415
76,0,4,MAE|SAE,2.4373787905124864
77,0,7,MAE|SAE,16.704312944092752
78,0,1,SAE,0.6009759372602301
79,0,3,MAE|SAE,0.997941603473906
80,0,13,LAE|MAE|SAE,18.37287022157638
81,0,9,MAE|SAE,19.76929981675845
82,0,31,MAE|SAE,18.93985135451527
83,0,3,MAE|SAE,23.00528984059946
84,0,1,SAE,23.66567106503706
85,0,3,MAE|SAE,1.1158458323833387
86,0,1,SAE,0.8962798965295283
87,0,1,SAE,0.6582926766272
88,0,4,SAE,1.9186282890363267
89,0,5,MAE|SAE,1.6123450875494008
90,0,1,SAE,22.464231375643447
91,0,4,MAE|SAE,0.8834350148096095
92,0,15,LAE|MAE|SAE,17.29202844033483
93,0,12,MAE|SAE,20.46249162379419
94,0,4,MAE|SAE,14.79248189416566
95,0,5,MAE|SAE,13.197242189647413
96,0,3,MAE|SAE,0.9471269439602941
97,0,3,MAE|SAE,28.537155748469385
98,0,3,MAE|SAE,11.824299076670178
99,0,3,MAE|SAE,1.2656852802944865
100,0,55,LAE|MAE|SAE,40.67406468818137
101,0,3,MAE|SAE,1.070917593763481
102,0,3,MAE|SAE,20.14698880331419
103,0,4,MAE|SAE,1.1908313380209214
104,0,3,MAE|SAE,2.1860918099991737
105,0,3,MAE|SAE,11.072702341444337
106,0,3,MAE|SAE,12.728061618399913
107,1,30,LAE|MAE|SAE,16.54656290403914
108,1,3,MAE|SAE,1.4495464027163973
109,1,7,MAE|SAE,18.53485116149709
110,1,3,MAE|SAE,36.07499615491115
111,1,5,MAE|SAE,17.88247577148604
112,1,3,MAE|SAE,1.270623850500816
113,1,3,MAE|SAE,4.700642118790165
114,1,7,MAE|SAE,17.50057460740395
115,1,11,MAE|SAE,14.966227806661689
116,1,13,MAE|SAE,16.34181240513069
117,1,3,MAE|SAE,10.540440267710949
118,1,3,MAE|SAE,1.6127474378691538
119,1,3,MAE|SAE,1.8958181319374863
120,1,11,LAE|MAE|SAE,13.333408181891826
121,1,3,MAE|SAE,16.07961280696713
122,1,6,LAE|MAE|SAE,16.465109248217626
123,1,3,MAE|SAE,1.1376264579552195
124,1,3,MAE|SAE,19.204521541932696
125,1,9,MAE|SAE,13.41768226166111
126,1,15,MAE|SAE,22.427706316283192
127,1,3,MAE|SAE,12.745433792325127
128,1,3,MAE|SAE,10.604344318090176
129,1,3,MAE|SAE,13.260335077064566
130,1,5,MAE|SAE,11.422126881936867
131,1,9,MAE|SAE,22.847955038125363
132,1,3,MAE|SAE,0.7286167826649613
133,1,3,MAE|SAE,12.902487464993163
134,1,7,MAE|SAE,21.37056642486897
135,1,16,LAE|MAE|SAE,18.63915481992313
136,1,11,MAE|SAE,20.39449690817782
137,1,5,MAE|SAE,15.723845324221566
138,1,3,MAE|SAE,11.067605837307573
139,1,9,LAE|MAE|SAE,9.17563406560206
140,1,3,MAE|SAE,14.640432314632061
141,1,13,LAE|MAE|SAE,15.87254398683009
142,1,11,LAE|MAE|SAE,31.681764004991457
143,1,9,MAE|SAE,21.546509345310092
144,1,5,MAE|SAE,23.00333022563928
145,1,9,LAE|MAE|SAE,13.439453831036866
146,1,11,MAE|SAE,18.932818390718467
147,1,3,MAE|SAE,14.855950935569298
148,1,7,MAE|SAE,17.616532407367153
149,1,5,MAE|SAE,16.16376091421949
150,1,3,MAE|SAE,14.741341724604663
151,1,3,MAE|SAE,0.9526157106215996
152,1,3,MAE|SAE,10.684188898449667
153,1,15,MAE|SAE,19.289012465548428
154,1,3,MAE|SAE,0.6865897250118719
155,1,3,MAE|SAE,27.411381202003266
156,1,7,MAE|SAE,14.638404137992232
157,1,9,MAE|SAE,17.266846064738385
158,1,5,MAE|SAE,45.71602316813585
159,1,3,MAE|SAE,12.482206831860085
160,1,7,MAE|SAE,43.51229527576069
161,1,5,MAE|SAE,2.072443925860356
162,1,3,MAE|SAE,11.274939447665806
163,1,10,LAE|MAE|SAE,21.659376648596893
164,1,4,MAE|SAE,1.0398455419157409
165,1,3,MAE|SAE,21.329967838593486
166,1,3,MAE|SAE,1.1119569140281436
167,1,7,MAE|SAE,13.60095204882841
168,1,3,MAE|SAE,0.9481517584109279
169,1,3,MAE|SAE,1.5006978163132085
170,1,11,MAE|SAE,13.497911738159244
171,1,9,MAE|SAE,14.284712218428306
172,1,7,MAE|SAE,29.51609557658529
173,1,4,MAE|SAE,14.886879884541196
174,1,9,MAE|SAE,32.682373745654715
175,1,3,MAE|SAE,1.2230579444274277
176,1,3,MAE|SAE,16.101755454380008
177,1,3,MAE|SAE,17.060372873948907
178,1,11,MAE|SAE,20.389569009176412
179,1,3,MAE|SAE,11.036422399172148
180,1,7,MAE|SAE,13.695735609186922
181,1,5,MAE|SAE,17.060027208348274
182,1,4,MAE|SAE,18.191590903862995
183,1,3,MAE|SAE,21.543409312222995
184,1,3,MAE|SAE,10.111548859085584
185,1,3,MAE|SAE,16.811167085480324
186,1,9,MAE|SAE,16.43802347669046
187,1,3,MAE|SAE,19.61096292646093
188,1,5,MAE|SAE,18.1223676889333
189,2,6,LAE|MAE,19.103628575607182
190,2,29,LAE|MAE|SAE,15.489562715136316
191,2,5,LAE|MAE|SAE,9.543017921495105
192,2,6,LAE|MAE,39.659855104451346
193,2,6,LAE|MAE|SAE,9.38346412131673
194,2,10,LAE|MAE,13.959922390362243
195,2,3,LAE|MAE,13.37830373111758
196,2,3,LAE|MAE,12.162747521270807
197,2,3,LAE|MAE,1.0300449116552863
198,2,6,LAE|MAE|SAE,10.900228525585801
199,2,5,LAE|MAE|SAE,10.638617250927854
200,2,3,LAE|MAE,8.799527300713617
201,2,3,LAE|MAE,11.603430804572767
202,2,3,LAE|MAE,20.59472996333868
203,2,3,LAE|MAE,0.7151190435319833
204,2,11,LAE|MAE|SAE,16.112431115228127
205,2,3,LAE|MAE,6.622662055807512
206,2,5,LAE|MAE|SAE,9.38450897445055
207,2,3,LAE|MAE,17.713593739788756
208,2,3,LAE|MAE,19.54120606092505
209,2,3,LAE|MAE,1.5663510480344105
210,2,14,LAE|MAE|SAE,15.608433933787342
211,2,3,LAE|MAE,1.0496425188414413
212,2,3,LAE|MAE,12.484864352406548
213,2,5,LAE|MAE|SAE,35.89811538767055
214,2,30,LAE|MAE|SAE,15.80986507971492
215,2,7,LAE|MAE,16.357673108070994
216,2,3,LAE|MAE,17.05063672314879
217,2,3,LAE|MAE,12.30433948623678
218,2,10,LAE|MAE|SAE,15.31021606939586
219,2,3,LAE|MAE,33.796775506260154
220,2,6,LAE|MAE|SAE,18.73732036903373
221,2,7,LAE|MAE|SAE,20.69729756707144
222,2,6,LAE|MAE,18.500640308421584
223,2,8,LAE|MAE|SAE,13.132055306783737
224,2,3,LAE|MAE,0.9689651939232617
225,0,4,SAE,29.10994605989446
226,0,4,SAE,45.859031152868496
227,0,4,SAE,57.307288130111694
228,0,4,SAE,16.11692694222072
229,0,8,SAE,14.766192550040056
230,0,4,SAE,15.356850035116917
231,0,4,SAE,12.118200703537427
232,0,4,SAE,22.424026008682816
233,0,4,SAE,18.012007604274853
234,0,5,SAE,2.0608033461582833
235,0,9,SAE,13.301611875325358
236,0,4,SAE,44.9436684411623
237,0,5,SAE,17.600826591038203
238,0,4,SAE,16.00659753749743
239,0,4,SAE,38.06240093172012
240,0,4,SAE,14.273552714850895
241,0,4,SAE,12.28683104666096
242,0,4,SAE,15.191028745767536
243,0,7,MAE|SAE,15.57970851004117
244,0,4,SAE,20.982519833194885
245,0,4,SAE,29.007000913425244
246,0,4,SAE,13.23368100719314
247,0,8,SAE,19.425558946893332
248,0,4,SAE,36.014481947167354
249,0,4,SAE,20.987066310604384
250,0,4,SAE,21.12956892836973
251,0,4,SAE,36.36155841295393
252,0,4,SAE,15.43595319544109
253,0,8,SAE,24.84220342934698
254,0,4,SAE,19.293024609801606
255,0,12,SAE,38.8083069728025
256,0,4,SAE,21.648260777072565
257,0,8,SAE,20.868236917008943
258,1,4,SAE,17.31491807421499
259,1,4,SAE,15.426643129235742
260,1,7,MAE|SAE,16.599804301466282
261,1,4,SAE,3.1892391807817937
262,1,4,SAE,1.2805185962011358
263,1,5,SAE,2.090319328914489
264,1,7,MAE|SAE,21.1487631698233
265,1,5,SAE,12.6602172544466
266,3,4,MAE|SAE,0.8888506629983743
267,3,7,MAE|SAE,18.665361182208468
268,3,5,MAE|SAE,1.2535370041061318
269,3,4,MAE|SAE,1.2091243062961003
270,3,5,MAE|SAE,23.246478879102515
271,3,8,LAE|MAE|SAE,15.363707315082376
272,3,4,MAE|SAE,0.7112458960821761
273,3,7,MAE|SAE,4.636285503702411
274,3,7,MAE|SAE,13.332472620718526
275,3,4,MAE|SAE,1.4549134318471486
276,3,4,MAE|SAE,9.096118650686472
277,3,4,MAE|SAE,30.293557112725242
278,1,9,SAE,11.586218360034573
279,1,11,MAE|SAE,35.18341839138345
280,1,5,SAE,11.072702341444337
281,1,5,SAE,19.221651834159204
282,1,5,SAE,14.61556205581183
283,1,5,SAE,18.966973029184867
284,1,5,SAE,13.383171876875647
285,1,5,SAE,14.57272876961754
286,1,8,SAE,20.45741050189886
287,1,5,SAE,17.51780087254589
288,1,5,SAE,2.437568157539366
289,1,13,MAE|SAE,15.387256678495769
290,1,5,SAE,15.022674705244516
291,1,15,MAE|SAE,15.364203413203409
292,1,7,MAE|SAE,14.816520690470977
293,1,11,MAE|SAE,48.930214943731656
294,1,5,SAE,16.993718332471513
295,1,13,MAE|SAE,15.35244847346289
296,1,5,SAE,27.422162592041698
297,1,5,SAE,54.71353423653875
298,1,5,SAE,52.635635553933525
299,1,5,SAE,17.06913652951071
300,1,5,SAE,17.9558751755492
301,1,7,MAE|SAE,21.66526267564624
302,3,8,MAE|SAE,18.663953872056457
303,3,5,MAE|SAE,17.69181904571508
304,3,5,MAE|SAE,23.83012074621022
305,3,5,MAE|SAE,9.677309315395743
306,3,7,MAE|SAE,10.03650139149783
307,3,5,MAE|SAE,27.688725626745356
308,3,9,MAE|SAE,40.34475902461555
309,3,11,MAE|SAE,21.42124515318919
310,3,6,LAE|MAE|SAE,13.241766160620493
311,3,5,MAE|SAE,13.779902598362465
312,3,6,LAE|MAE|SAE,16.687410083627665
313,3,6,LAE|MAE|SAE,21.372138020004364
314,3,9,MAE|SAE,27.41873962206884
315,3,6,LAE|MAE|SAE,9.645819872266745
316,3,6,LAE|MAE|SAE,9.533020822554507
317,3,6,LAE|MAE|SAE,21.593047774815243
318,3,10,LAE|MAE|SAE,19.805448749182712
319,3,5,MAE|SAE,4.6719843490736475
320,3,5,MAE|SAE,14.189149255854334
321,3,5,MAE|SAE,31.037315911100695
322,3,5,MAE|SAE,25.06526821615181
323,3,11,MAE|SAE,15.916978774295018
324,3,5,MAE|SAE,17.20713017284975
325,3,15,MAE|SAE,34.4861704365088
326,3,9,MAE|SAE,44.64180705729419
327,4,5,SAE,1.3712079107245436
328,4,5,SAE,1.5070538529861903
329,4,5,SAE,12.08411168203119
330,4,5,SAE,1.906865996005459
331,4,5,SAE,1.0462849430963024
332,4,9,SAE,15.267138512829694
333,4,5,SAE,2.181115438062708
334,4,5,SAE,0.9055009225870655
335,2,14,LAE,16.22148378279867
336,2,6,LAE,10.855305891619299
337,2,6,LAE,13.276305773135261
338,2,6,LAE,2.651625928432238
339,2,10,LAE,19.82181719013348
340,2,6,LAE,10.301366698214865
341,2,6,LAE,16.232562820793362
342,2,6,LAE,29.936076900167546
343,2,6,LAE,10.921553855238427
344,2,6,LAE,10.398245893590166
345,2,8,LAE|MAE|SAE,22.949998578556688
346,2,10,LAE,18.114953738703612
347,2,30,LAE,18.533463312042162
348,2,6,LAE,10.73858884171351
349,2,6,LAE,15.679885815511517
350,2,6,LAE,18.274306488393435
351,2,6,LAE,10.618551682883814
352,2,10,LAE,16.866435473194972
353,2,6,LAE,17.28323017575432
354,2,6,LAE,14.290951320726512
355,2,10,LAE,17.676300241759478
356,2,10,LAE,15.003247589386518
357,2,10,LAE,22.6674110670454
358,2,6,LAE,5.316106814568356
359,2,6,LAE,23.12545859857335
360,2,10,LAE|MAE,20.696117259691725
361,2,6,LAE,10.696852073504349
362,2,10,LAE,20.987982065372353
363,2,6,LAE,35.35665830033944
364,2,10,LAE,16.84110371326913
365,2,6,LAE,19.79971512879031
366,2,14,LAE,21.62912862560254
367,2,6,LAE,14.01122866175476
368,2,6,LAE,19.038196240757053
369,2,6,LAE,20.105300231390306
370,2,10,LAE,18.14520769653726
371,2,10,LAE,37.55045609598631
372,2,10,LAE,21.985233855325653
373,2,6,LAE,17.14551320305662
374,2,10,LAE,16.342648936492854
375,2,10,LAE,17.30588717256324
376,2,6,LAE,19.62954316198188
377,2,6,LAE,22.558031800724823
378,2,6,LAE,14.4996192093869
379,2,10,LAE,18.127493330670884
380,2,6,LAE,16.593897022255675
381,2,18,LAE,27.338843275810767
382,2,14,LAE,18.722353824903177
383,3,9,LAE|MAE|SAE,16.01686585282017
384,3,9,LAE|MAE|SAE,9.200966335483615
385,3,7,LAE|MAE,19.073135150503592
386,3,6,LAE|MAE,22.97284147472392
387,3,6,LAE|MAE,14.936535748670108
388,3,6,LAE|MAE,23.134272706494656
389,3,9,LAE|MAE|SAE,15.348306705414494
390,3,6,LAE|MAE,11.204714404786072
391,3,6,LAE|MAE,11.241733172459227
392,3,7,MAE,27.38331078146057
393,3,7,MAE,13.728441872556282
394,3,15,MAE,21.540821342977136
395,3,7,MAE,19.862998405276933
396,3,7,MAE,34.95769457838467
397,4,7,MAE|SAE,12.749227446940937
398,4,7,MAE|SAE,24.073847807784425
399,4,13,MAE|SAE,17.90271468956219
400,4,7,MAE|SAE,12.309887932805141
401,5,9,MAE|SAE,15.909942125816064
402,5,7,MAE|SAE,1.8992615908588528
403,5,11,MAE|SAE,36.34331622820916
404,5,15,MAE|SAE,17.709352140602473
405,5,10,LAE|MAE|SAE,14.910132825675808
406,5,16,LAE|MAE|SAE,22.113251826211282
407,5,7,MAE|SAE,41.47570813011292
408,5,7,MAE|SAE,24.832683024398907
409,5,7,MAE|SAE,17.426111150587985
410,5,11,LAE|MAE|SAE,20.06323913602903
411,5,19,LAE|MAE|SAE,12.82506885002125
412,5,7,MAE|SAE,1.6897263906595743
413,5,7,MAE|SAE,42.144016410305504
414,5,7,MAE|SAE,29.67649840611673
415,5,7,MAE|SAE,19.521774739815214
416,5,7,MAE|SAE,36.517288509227356
417,5,9,MAE|SAE,15.512646241572979
418,5,7,MAE|SAE,25.698820596363504
419,5,7,MAE|SAE,17.05501422576982
420,5,11,MAE|SAE,44.98572434796449
421,5,7,MAE|SAE,14.930141562738731
422,5,7,MAE|SAE,37.988372902605754
423,5,9,MAE|SAE,16.263074242519778
424,5,9,MAE|SAE,31.140159127470522
425,5,7,MAE|SAE,19.715247666256804
426,5,7,MAE|SAE,16.0247355964828
427,5,13,MAE|SAE,13.050730618959731
428,5,7,MAE|SAE,16.151925562570625
429,6,7,LAE|MAE,1.5007055692889957
430,6,8,LAE|MAE|SAE,1.7883630251868383
431,6,11,LAE|MAE|SAE,18.75085859993622
432,6,14,LAE|MAE|SAE,21.988249632430318
433,6,11,LAE|MAE,15.2145307255147
434,6,7,LAE|MAE,13.491903967377267
435,6,7,LAE|MAE,15.94139826172395
436,6,9,LAE|MAE|SAE,2.57101972208158
437,6,7,LAE|MAE,1.6928680766630027
438,6,7,LAE|MAE,1.2892730449164593
439,6,7,LAE|MAE,2.5789889054453417
440,6,7,LAE|MAE,1.542228310095704
441,6,25,LAE|MAE|SAE,19.605254521198198
442,6,7,LAE|MAE,2.122908142156001
443,6,7,LAE|MAE,9.361545131917083
444,6,7,LAE|MAE,1.7338431317623157
445,6,7,LAE|MAE,17.360652333543676
446,6,11,LAE|MAE,15.948308035039291
447,6,7,LAE|MAE,11.973023721914428
448,6,7,LAE|MAE,1.2686224790605367
449,6,8,LAE|MAE|SAE,1.3204518264765022
450,4,12,SAE,47.108386656616645
451,4,8,SAE,19.511944397009184
452,4,16,SAE,19.107434568046436
453,4,8,SAE,39.44228520809701
454,4,8,SAE,19.667657587329163
455,4,8,SAE,32.40748806497215
456,4,8,SAE,19.528996490453505
457,4,12,SAE,39.04277457035893
458,4,8,SAE,8.929382771605082
459,4,8,SAE,33.205252185920955
460,4,8,SAE,29.86698540099324
461,4,8,SAE,14.966872008823806
462,4,8,SAE,16.21983567450196
463,4,8,SAE,35.23617023576828
464,4,12,SAE,35.46190724903358
465,4,8,SAE,11.106090404777474
466,4,8,SAE,45.110453430100044
467,5,17,MAE|SAE,14.216582774988991
468,5,13,SAE,17.659090104443923
469,7,32,LAE|MAE|SAE,21.298013608218515
470,7,9,MAE|SAE,21.273765493970835
471,7,10,LAE|MAE|SAE,16.370224667791394
472,7,8,MAE|SAE,1.7625205341867574
473,7,8,MAE|SAE,10.638234634245965
474,7,9,MAE|SAE,1.4211867852135596
475,7,11,LAE|MAE|SAE,18.54718421993313
476,7,12,MAE|SAE,35.837452676168944
477,7,8,MAE|SAE,9.972215476074597
478,7,9,MAE|SAE,10.257646995151212
479,7,8,MAE|SAE,1.5237145895765327
480,5,11,MAE|SAE,15.423055293012322
481,5,9,SAE,38.751253667877165
482,5,9,SAE,17.73455412269328
483,5,13,MAE|SAE,23.236331594573315
484,5,9,SAE,18.05342036526753
485,5,11,MAE|SAE,10.376457188580988
486,5,9,SAE,26.342421073753982
487,5,23,LAE|MAE|SAE,19.352549652713453
488,5,9,SAE,15.993779363140694
489,5,9,SAE,10.800516946428555
490,5,9,SAE,13.362692428056745
491,7,9,MAE|SAE,11.726400503551638
492,7,9,MAE|SAE,17.752460965955375
493,7,9,MAE|SAE,12.806661864056949
494,7,9,MAE|SAE,34.66835908863084
495,7,11,MAE|SAE,24.542461147454333
496,7,11,MAE|SAE,30.460390426732836
497,7,13,MAE|SAE,47.15008175073538
498,7,13,MAE|SAE,40.08335674839262
499,7,15,MAE|SAE,43.40887793121718
500,7,11,LAE|MAE|SAE,20.936184943620805
501,7,21,LAE|MAE|SAE,15.645415407970145
502,7,19,LAE|MAE|SAE,35.94478524505153
503,7,10,LAE|MAE|SAE,18.38590945876346
504,8,9,SAE,12.395617469327368
505,8,9,SAE,2.3072643380232987
506,8,67,LAE|MAE|SAE,38.81884078520043
507,8,9,SAE,1.68937629038378
508,8,12,SAE,19.473708226816196
509,8,9,SAE,1.6587878798657196
510,8,9,SAE,1.7372820490708059
511,8,9,SAE,15.419358618769836
512,8,11,MAE|SAE,17.118640404630238
513,8,9,SAE,29.61328960154086
514,8,9,SAE,9.503773913094996
515,8,9,SAE,22.47405074587388
516,8,9,SAE,2.8212619448473353
517,8,9,SAE,11.780329193247129
518,8,9,SAE,11.050361901658968
519,8,9,SAE,15.777797052345445
520,8,9,SAE,0.9708797802102345
521,8,9,SAE,1.4324796191656528
522,8,15,MAE|SAE,15.530030893721058
523,8,9,SAE,8.487055673018716
524,6,26,LAE|MAE|SAE,16.11854824754127
525,6,17,LAE|MAE|SAE,16.141231893221978
526,6,10,LAE,15.987024835162659
527,6,10,LAE,52.306661956848096
528,6,10,LAE,11.265002749666277
529,6,10,LAE,19.034627121167944
530,6,10,LAE,35.88605799273221
531,6,10,LAE,19.272405471460914
532,6,10,LAE,20.05431480827382
533,6,10,LAE,8.38743553339933
534,6,14,LAE,17.281725790237285
535,7,10,LAE|MAE,10.049249789842365
536,7,11,LAE|MAE,16.501566371414977
537,7,10,LAE|MAE,22.007449566488745
538,7,10,LAE|MAE,15.38625704789142
539,7,11,LAE|MAE,14.369039881566747
540,7,18,LAE|MAE|SAE,16.85862650874383
541,7,14,LAE|MAE,15.077394059846599
542,7,11,MAE,10.900095352454024
543,7,15,MAE,20.721427844871453
544,8,12,MAE|SAE,14.241120279955883
545,8,11,MAE|SAE,10.849747426726418
546,9,11,MAE|SAE,13.327110019382118
547,9,12,MAE|SAE,16.888572321457595
548,9,17,MAE|SAE,24.55823080788758
549,9,11,MAE|SAE,15.528540107421925
550,9,17,MAE|SAE,22.68407363412569
551,9,11,MAE|SAE,9.801588592539314
552,9,11,MAE|SAE,13.821065399266882
553,9,11,MAE|SAE,25.82915704765956
554,9,13,MAE|SAE,10.37223516439559
555,9,11,MAE|SAE,31.73709087052323
556,9,12,MAE|SAE,14.336281068014367
557,9,25,MAE|SAE,19.31557281479315
558,9,17,MAE|SAE,9.380285260347431
559,9,11,MAE|SAE,25.15818323328696
560,9,18,LAE|MAE|SAE,16.279163443806727
561,9,12,MAE|SAE,2.495419469787739
562,9,17,LAE|MAE|SAE,13.534297621828431
563,9,11,MAE|SAE,32.26012309020055
564,9,11,MAE|SAE,50.93178388469289
565,9,13,MAE|SAE,13.894839174370325
566,9,11,MAE|SAE,34.61916640291784
567,9,11,MAE|SAE,19.18503673358215
568,10,11,LAE|MAE,12.2336732102034
569,10,11,LAE|MAE,17.787856720247827
570,10,11,LAE|MAE,1.6230454966541423
571,10,11,LAE|MAE,9.998403791546233
572,10,11,LAE|MAE,13.652896490080023
573,10,11,LAE|MAE,9.129394956063862
574,10,15,LAE|MAE,8.793062364706014
575,10,14,LAE|MAE|SAE,9.514659273569833
576,10,11,LAE|MAE,2.869728777242076
577,10,11,LAE|MAE,15.195287515581475
578,10,11,LAE|MAE,1.9974287704284053
579,10,11,LAE|MAE,11.513021049786554
580,10,11,LAE|MAE,9.478688806322127
581,10,11,LAE|MAE,15.01859579502691
582,10,11,LAE|MAE,2.0818185174164907
583,10,11,LAE|MAE,2.1081407427304866
584,10,11,LAE|MAE,35.74142624206815
585,10,11,LAE|MAE,10.852878392523289
586,10,13,LAE|MAE|SAE,3.7708106716607683
587,10,11,LAE|MAE,11.885600326429264
588,10,11,LAE|MAE,3.460129950898025
589,10,11,LAE|MAE,1.0740887053588255
590,8,12,SAE,26.705257505408028
591,8,12,SAE,35.914582862880565
592,8,12,SAE,27.01162243109226
593,8,12,SAE,27.960388101511708
594,8,16,SAE,35.17189129655918
595,8,12,SAE,17.861997282446442
596,8,16,SAE,16.220359894538795
597,8,16,SAE,19.33325868111308
598,8,12,SAE,17.267422539639632
599,8,12,SAE,14.46740787878389
600,8,12,SAE,24.589006346520573
601,8,12,SAE,15.64712422764201
602,8,12,SAE,33.27519681123674
603,9,12,SAE,15.587748553302447
604,9,12,SAE,9.267528801077937
605,9,12,SAE,10.597025876727185
606,9,18,LAE|MAE|SAE,15.861783722177362
607,9,13,SAE,17.51205381692284
608,9,12,SAE,9.320491089396473
609,11,15,LAE|MAE|SAE,11.153132502336605
610,11,12,MAE|SAE,14.789344388536037
611,11,14,LAE|MAE|SAE,14.907101546476518
612,11,13,MAE|SAE,12.019789397940322
613,11,12,MAE|SAE,14.106063557009522
614,11,13,MAE|SAE,2.568570518595718
615,11,12,MAE|SAE,11.7756303505189
616,11,13,MAE|SAE,16.41064840993591
617,11,23,LAE|MAE|SAE,12.47361625515016
618,11,13,MAE|SAE,13.44216084450469
619,11,18,LAE|MAE|SAE,15.23872938825763
620,11,13,MAE|SAE,16.104800757313722
621,11,13,MAE|SAE,7.519866915659876
622,9,13,SAE,30.94451024991126
623,9,13,SAE,17.711218017574065
624,9,17,SAE,12.832242109952787
625,9,13,SAE,15.586456798429257
626,9,13,SAE,13.338147893170506
627,9,13,SAE,11.646133576703399
628,9,13,SAE,15.74975660256288
629,9,13,SAE,19.985145035530557
630,9,16,SAE,15.74572992259541
631,11,13,MAE|SAE,31.115573354434908
632,11,23,MAE|SAE,14.114776440939085
633,11,15,MAE|SAE,22.951758883400306
634,11,17,MAE|SAE,35.678824917154394
635,11,13,MAE|SAE,9.733140504846293
636,11,13,MAE|SAE,23.46238645548904
637,11,17,MAE|SAE,38.768712440292816
638,11,19,MAE|SAE,15.365484785628285
639,11,13,MAE|SAE,27.273785734048797
640,11,15,LAE|MAE|SAE,12.10404960546683
641,11,13,MAE|SAE,13.701067833698007
642,11,17,MAE|SAE,15.044341949607189
643,11,13,MAE|SAE,28.832946704700028
644,11,14,LAE|MAE|SAE,13.232835539651843
645,11,25,MAE|SAE,38.449893288470946
646,11,14,LAE|MAE|SAE,40.26492323572092
647,11,13,MAE|SAE,15.35696848789847
648,11,18,LAE|MAE|SAE,16.688822575137323
649,11,15,MAE|SAE,14.742564542888267
650,11,14,LAE|MAE|SAE,14.572886503058102
651,11,17,MAE|SAE,13.894509413213644
652,12,13,SAE,13.040977438134282
653,12,13,SAE,9.879365426092004
654,12,13,SAE,19.631296500350746
655,12,13,SAE,11.735546091198273
656,12,13,SAE,13.2934465505716
657,12,15,MAE|SAE,17.924241246394445
658,12,15,MAE|SAE,9.209028940233797
659,12,17,MAE|SAE,11.103187585669946
660,12,15,MAE|SAE,14.40682942389296
661,12,13,SAE,20.713307764570175
662,12,13,SAE,13.40427112662712
663,12,13,SAE,1.9633138004402813
664,12,13,SAE,18.531233014784547
665,12,13,SAE,1.5062181492898914
666,12,13,SAE,8.254621021800553
667,12,13,SAE,2.5930146109623236
668,12,17,SAE,16.35232154846627
669,10,14,LAE,30.748354746223995
670,10,14,LAE,8.803165386861043
671,10,18,LAE,22.222749650355365
672,10,14,LAE,16.617917719377385
673,10,14,LAE,12.984863190857686
674,10,22,LAE,15.695926939608782
675,10,18,LAE,14.021712041450716
676,10,18,LAE,11.273488737005827
677,11,18,LAE|MAE|SAE,9.146721252059093
678,11,15,LAE|MAE,22.867470803885325
679,11,15,MAE,12.92978011455411
680,11,24,MAE|SAE,15.705813934337568
681,11,15,MAE,12.76457515701602
682,11,15,MAE,15.585593349994554
683,11,23,MAE|SAE,14.247736574444342
684,12,19,MAE|SAE,13.91821084589469
685,12,17,MAE|SAE,12.744659729228083
686,13,15,MAE|SAE,14.248073447894797
687,13,19,LAE|MAE|SAE,13.118102291280174
688,13,15,MAE|SAE,17.820544657232308
689,13,15,MAE|SAE,9.671076223323228
690,13,17,MAE|SAE,13.933557715233404
691,13,15,MAE|SAE,11.010786320739307
692,13,18,LAE|MAE|SAE,15.735382563094978
693,13,15,MAE|SAE,14.19704795409812
694,13,19,MAE|SAE,13.360164834117256
695,13,15,MAE|SAE,14.304674285737285
696,13,15,MAE|SAE,12.640595633569184
697,13,19,MAE|SAE,15.717183161310071
698,13,17,MAE|SAE,18.765221398314655
699,13,15,MAE|SAE,15.8424016147686
700,13,15,MAE|SAE,12.35904238528804
701,13,17,MAE|SAE,13.835076367096105
702,13,17,MAE|SAE,15.466105350494352
703,13,15,MAE|SAE,9.557806928760092
704,13,15,MAE|SAE,13.073323579589918
705,13,16,MAE|SAE,14.752646185054356
706,13,15,MAE|SAE,37.4095376267937
707,13,15,MAE|SAE,22.369891946058562
708,13,15,MAE|SAE,19.494512612248396
709,14,15,LAE|MAE,13.669083848927444
710,14,16,LAE|MAE|SAE,12.040483778453783
711,14,15,LAE|MAE,2.1757250917905613
712,14,15,LAE|MAE,3.674734596082543
713,14,15,LAE|MAE,2.8034258173338102
714,14,15,LAE|MAE,14.468947867407094
715,14,15,LAE|MAE,11.895566721191221
716,14,18,LAE|MAE,12.112800924226446
717,14,15,LAE|MAE,1.3509080837173362
718,14,17,LAE|MAE|SAE,14.907069805775977
719,14,15,LAE|MAE,24.955042303012306
720,14,15,LAE|MAE,1.6595823732235229
721,14,15,LAE|MAE,11.979807780853855
722,14,15,LAE|MAE,15.180935596740195
723,14,15,LAE|MAE,8.933246021256686
724,14,15,LAE|MAE,1.0596731034628764
725,14,15,LAE|MAE,1.5107962099990708
726,14,15,LAE|MAE,10.591237182002173
727,14,18,LAE|MAE,11.60820435582385
728,14,22,LAE|MAE|SAE,16.513239264022513
729,14,15,LAE|MAE,9.998709982176063
730,14,15,LAE|MAE,1.294890066262313
731,14,15,LAE|MAE,2.100300012482194
732,14,15,LAE|MAE,1.273978816213162
733,12,16,SAE,30.503825184610932
734,12,16,SAE,28.186772905317937
735,12,16,SAE,17.385928402975573
736,12,16,SAE,23.92141938339334
737,12,16,SAE,30.25429520654835
738,12,16,SAE,37.87635317908471
739,12,16,SAE,24.35326090558186
740,12,16,SAE,15.452767412127635
741,12,16,SAE,27.813640064306508
742,12,16,SAE,13.6041306262772
743,12,16,SAE,26.63452472383181
744,12,16,SAE,23.46685323937489
745,12,16,SAE,36.67462365355007
746,12,16,SAE,26.107428742550898
747,13,16,SAE,13.10766045500735
748,15,16,MAE|SAE,17.26105993350112
749,15,16,MAE|SAE,14.933664447511239
750,15,17,MAE|SAE,11.291919272206833
751,15,16,MAE|SAE,3.339944390136443
752,15,16,MAE|SAE,1.4208399097075306
753,15,17,MAE|SAE,11.971591018106748
754,15,16,MAE|SAE,13.734466826464928
755,15,16,MAE|SAE,12.673179998324192
756,13,19,MAE|SAE,29.209489402632283
757,13,17,SAE,16.128017510722756
758,15,17,MAE|SAE,9.727895552678161
759,15,17,MAE|SAE,14.438710038608242
760,15,17,MAE|SAE,6.794050596112484
761,15,21,MAE|SAE,8.792966943304085
762,15,19,MAE|SAE,16.20458894644955
763,15,18,LAE|MAE|SAE,10.759337024483209
764,16,19,MAE|SAE,18.225924513304435
765,16,17,SAE,15.637676203920298
766,16,17,SAE,11.591613733693654
767,16,17,SAE,12.735160510003778
768,16,17,SAE,16.07794959022911
769,14,22,LAE,13.53405625188246
770,14,22,LAE,10.45277808805716
771,14,18,LAE,27.729839462046833
772,14,18,LAE,12.532902228442548
773,14,18,LAE,24.021311205615035
774,15,18,LAE|MAE,15.353577885579702
775,15,18,LAE|MAE,9.994395647651526
776,15,19,LAE|MAE,12.752979954597581
777,15,19,MAE,16.8964163878295
778,15,19,MAE,53.54120475787558
779,15,19,MAE,12.311259657456093
780,16,19,MAE|SAE,10.900481068044854
781,16,19,MAE|SAE,11.761099049833536
782,16,21,MAE|SAE,26.819371821544408
783,17,19,MAE|SAE,19.63154252536354
784,17,19,MAE|SAE,11.385388626094842
785,17,19,MAE|SAE,11.332450114856206
786,17,19,MAE|SAE,26.66277616639716
787,17,19,MAE|SAE,39.29742196634988
788,17,23,MAE|SAE,8.632923500385578
789,17,21,MAE|SAE,8.204778985822841
790,17,19,MAE|SAE,13.99117096952945
791,17,19,MAE|SAE,32.843210213108094
792,17,25,MAE|SAE,11.444361013609301
793,17,19,MAE|SAE,15.20923248931767
794,18,19,LAE|MAE,1.7605702791666515
795,18,19,LAE|MAE,5.789366059265686
796,18,22,LAE|MAE|SAE,8.445462065432924
797,18,19,LAE|MAE,13.337196122932344
798,16,20,SAE,22.9209808068943
799,16,20,SAE,15.428234264016574
800,16,28,SAE,12.887838369878589
801,16,20,SAE,14.119081726479168
802,16,20,SAE,11.961945433053685
803,16,20,SAE,12.876355160389227
804,17,20,SAE,11.020265128493001
805,17,20,SAE,14.09081185689427
806,17,20,SAE,8.119299622608654
807,19,21,MAE|SAE,14.976925380492773
808,19,23,MAE|SAE,16.996743292188956
809,19,21,MAE|SAE,14.204789458978311
810,19,20,MAE|SAE,6.752996442835582
811,19,20,MAE|SAE,31.33902038289143
812,19,20,MAE|SAE,8.257967562618838
813,17,21,SAE,17.349261039298455
814,17,25,MAE|SAE,12.4156865691216
815,17,23,MAE|SAE,16.210896212360502
816,17,21,SAE,20.498121927338858
817,17,21,SAE,11.492917436448433
818,17,25,SAE,28.856890650403002
819,19,23,MAE|SAE,27.718797160175956
820,19,21,MAE|SAE,37.87295743188954
821,19,21,MAE|SAE,35.507637207590626
822,19,23,MAE|SAE,26.76575808415554
823,19,25,MAE|SAE,12.619664780277079
824,19,23,MAE|SAE,13.500849997730317
825,19,27,MAE|SAE,12.879845352495902
826,19,21,MAE|SAE,11.241608401009117
827,19,21,MAE|SAE,24.99350767858087
828,19,21,MAE|SAE,26.587022646175647
829,19,21,MAE|SAE,32.31909792077041
830,19,23,MAE|SAE,15.796649069117635
831,19,21,MAE|SAE,55.70824135440244
832,19,21,MAE|SAE,24.928995614632395
833,19,21,MAE|SAE,24.60340670237461
834,19,25,MAE|SAE,10.374194330889395
835,19,21,MAE|SAE,10.399139415400501
836,19,21,MAE|SAE,25.851359678239838
837,19,21,MAE|SAE,10.283194096299592
838,19,23,MAE|SAE,15.873633022107882
839,19,21,MAE|SAE,6.476440770991409
840,19,23,MAE|SAE,20.495861318797875
841,19,21,MAE|SAE,28.672023656734098
842,20,27,MAE|SAE,16.16098227226702
843,20,21,SAE,6.396789464144946
844,20,21,SAE,11.180850196803163
845,20,23,MAE|SAE,10.694522010257066
846,18,22,LAE,19.412357637324973
847,18,22,LAE,8.861822645296433
848,18,25,LAE|MAE|SAE,15.676086861197705
849,18,22,LAE,11.695318391343935
850,18,22,LAE,15.789983283303803
851,18,22,LAE,38.96616697108067
852,18,22,LAE,12.880207314320682
853,18,22,LAE,11.831898353660158
854,19,22,LAE|MAE,10.334943418693724
855,19,23,LAE|MAE,11.372849776510437
856,19,23,MAE,39.7914563107741
857,19,23,MAE,9.739269182204122
858,19,23,MAE,52.39301305944767
859,19,23,MAE,30.805091214000264
860,19,23,MAE,21.53902636388998
861,19,23,MAE,9.820963443506235
862,19,23,MAE,29.456339610935867
863,19,23,MAE,46.112183587616045
864,20,23,MAE|SAE,15.157643821628955
865,20,23,MAE|SAE,16.009665481349685
866,21,23,MAE|SAE,9.980696366600998
867,21,23,MAE|SAE,18.640476012232487
868,21,23,MAE|SAE,11.655998114758015
869,21,23,MAE|SAE,6.293136769675663
870,21,23,MAE|SAE,22.620994188454844
871,21,23,MAE|SAE,31.622322199292334
872,21,23,MAE|SAE,28.175989932522565
873,21,23,MAE|SAE,37.969035416454595
874,21,25,MAE|SAE,27.729025091645614
875,21,27,MAE|SAE,22.257763068198607
876,21,25,MAE|SAE,41.873182298123204
877,21,25,MAE|SAE,27.8402564169924
878,21,23,MAE|SAE,30.94039562457756
879,21,23,MAE|SAE,24.56330727091272
880,21,23,MAE|SAE,6.673568990203555
881,21,23,MAE|SAE,36.97196329609006
882,21,23,MAE|SAE,38.02910754175641
883,21,25,MAE|SAE,9.777230531298848
884,21,23,MAE|SAE,11.254664313426595
885,21,23,MAE|SAE,8.295414414509798
886,21,25,MAE|SAE,24.01614460855641
887,21,23,MAE|SAE,9.79302435447037
888,22,23,LAE|MAE,11.362823813235652
889,22,24,LAE|MAE|SAE,12.833400498981828
890,22,25,LAE|MAE|SAE,10.985895025521952
891,22,23,LAE|MAE,5.791144847227546
892,22,23,LAE|MAE,7.476665341900884
893,22,23,LAE|MAE,7.929484062564387
894,22,23,LAE|MAE,8.936323057518214
895,22,25,LAE|MAE|SAE,11.43818725675893
896,22,26,LAE|MAE,23.099244538672096
897,22,23,LAE|MAE,3.770158534880078
898,22,24,LAE|MAE|SAE,5.036974536457259
899,22,27,LAE|MAE,25.402681429080086
900,22,23,LAE|MAE,3.1540516909524534
901,20,24,SAE,10.429992010321694
902,20,24,SAE,28.84083469276001
903,20,24,SAE,9.333260636024711
904,20,24,SAE,15.053941931381607
905,20,24,SAE,10.449002430346164
906,20,24,SAE,9.299983259335123
907,20,24,SAE,12.993648970763838
908,20,24,SAE,36.95366846854088
909,20,24,SAE,6.823350142209407
910,20,24,SAE,10.061930734891932
911,20,24,SAE,12.111776321781372
912,21,37,LAE|MAE|SAE,9.869129104477146
913,21,27,MAE|SAE,19.214955079884504
914,21,24,SAE,22.41935108750304
915,23,24,MAE|SAE,14.607984547886002
916,23,24,MAE|SAE,8.90400614698014
917,23,24,MAE|SAE,7.992238431863721
918,23,24,MAE|SAE,11.447786271891268
919,23,25,MAE|SAE,5.512191924578516
920,21,25,SAE,48.62021969227665
921,21,25,SAE,40.40845972230258
922,21,27,MAE|SAE,9.556442419193468
923,23,27,MAE|SAE,12.337483888113157
924,23,25,MAE|SAE,9.103042163735433
925,23,25,MAE|SAE,9.74323252208865
926,23,25,MAE|SAE,30.596674417447254
927,23,25,MAE|SAE,13.658586133947873
928,23,30,LAE|MAE|SAE,9.199615730644704
929,23,25,MAE|SAE,47.73473474412261
930,23,25,MAE|SAE,35.55708940668189
931,23,25,MAE|SAE,39.58608001360192
932,23,27,MAE|SAE,43.914228546098656
933,23,30,LAE|MAE|SAE,8.324917418056184
934,23,25,MAE|SAE,4.532433247905606
935,24,25,SAE,4.809350614244801
936,24,25,SAE,7.516772435204414
937,24,25,SAE,11.296457404403235
938,24,25,SAE,5.412703907924409
939,24,25,SAE,4.613242917629905
940,24,25,SAE,8.503007751541148
941,24,25,SAE,12.320556006842157
942,24,25,SAE,7.817913415661596
943,24,25,SAE,10.180840950318018
944,24,25,SAE,6.849283064364747
945,22,26,LAE,21.710224519273176
946,22,26,LAE,20.568077186656662
947,22,26,LAE,22.25832584724242
948,22,26,LAE,9.250144899862804
949,23,35,LAE|MAE|SAE,9.045683974053196
950,23,27,MAE,7.947037882682494
951,23,27,MAE,17.291245368724006
952,23,27,MAE,4.670495093933504
953,24,31,MAE|SAE,8.082799419531812
954,25,27,MAE|SAE,18.91870965433072
955,25,30,LAE|MAE|SAE,8.010126854353912
956,25,27,MAE|SAE,6.360939352006467
957,25,27,MAE|SAE,7.714819741554177
958,25,29,MAE|SAE,26.374913025135243
959,25,30,LAE|MAE|SAE,7.152349550126902
960,25,28,MAE|SAE,10.577867678833458
961,25,27,MAE|SAE,50.305359649402526
962,25,27,MAE|SAE,10.201798929472945
963,25,27,MAE|SAE,17.757179886860573
964,25,27,MAE|SAE,40.75887724659164
965,25,27,MAE|SAE,8.248108433042486
966,25,61,LAE|MAE|SAE,24.346632847017492
967,25,28,MAE|SAE,10.611732872608044
968,25,27,MAE|SAE,8.56491623665706
969,25,27,MAE|SAE,8.843888758796938
970,25,27,MAE|SAE,10.64915643763713
971,25,27,MAE|SAE,7.5297682871454255
972,25,29,MAE|SAE,7.6560363871687445
973,26,27,LAE|MAE,4.769178966018307
974,26,27,LAE|MAE,5.361810447921524
975,26,27,LAE|MAE,4.804949498847196
976,26,27,LAE|MAE,1.4953544278432613
977,26,27,LAE|MAE,1.4942321510706178
978,26,27,LAE|MAE,11.211445058862157
979,26,30,LAE|MAE,7.268300262179827
980,26,27,LAE|MAE,6.195513777703794
981,26,27,LAE|MAE,10.57333140844077
982,26,27,LAE|MAE,2.5568162569796073
983,26,27,LAE|MAE,1.5902055189053488
984,26,27,LAE|MAE,4.858879083538074
985,26,27,LAE|MAE,7.160539365707446
986,26,27,LAE|MAE,14.876018260479007
987,26,33,LAE|MAE,8.668735030993181
988,26,27,LAE|MAE,9.732480353038989
989,26,27,LAE|MAE,2.731278061549983
990,26,27,LAE|MAE,4.990458875113152
991,26,27,LAE|MAE,7.609144608737333
992,26,28,LAE|MAE|SAE,2.6193310811671244
993,26,27,LAE|MAE,2.3904532135117393
994,26,27,LAE|MAE,1.742705249870564
995,24,28,SAE,12.498548613368524
996,24,28,SAE,11.109481079224974
997,25,32,SAE,7.027666470297187
998,25,34,LAE|MAE|SAE,10.13745572885231
999,25,28,SAE,10.193373570085027
1000,27,28,MAE|SAE,9.819581299737136
1001,27,28,MAE|SAE,1.8676127725556706
1002,27,28,MAE|SAE,5.108518858711913
1003,27,28,MAE|SAE,6.819693204487345
1004,27,34,LAE|MAE|SAE,8.873058447483626
1005,25,29,MAE|SAE,7.655955781765922
1006,25,29,MAE|SAE,24.164040488241714
1007,25,29,MAE|SAE,12.063321115485417
1008,25,29,MAE|SAE,7.686438180440264
1009,25,29,MAE|SAE,10.914897423303437
1010,25,29,MAE|SAE,7.563136071626942
1011,25,29,MAE|SAE,7.2100493362026725
1012,26,31,LAE|MAE,11.159506594482195
1013,26,29,LAE|MAE,8.052908253016373
1014,26,35,LAE|MAE|SAE,9.093518188093158
1015,26,29,LAE|MAE,7.14107254230707
1016,27,29,MAE,9.506584048700814
1017,27,29,MAE,9.163464737868516
1018,27,29,MAE,6.694618503286029
1019,28,29,MAE|SAE,6.4229868871073945
1020,28,41,LAE|MAE|SAE,33.91627835948082
1021,28,29,MAE|SAE,2.1303846645748004
1022,26,30,LAE,7.523101268571381
1023,26,33,LAE|MAE,9.950549455831764
1024,26,30,LAE,7.498494479137534
1025,26,30,LAE,7.361460617254381
1026,26,30,LAE,6.562395725414859
1027,26,30,LAE,7.414369032464155
1028,27,31,LAE|MAE,6.895216181151868
1029,27,35,LAE|MAE,9.307255590877363
1030,27,30,LAE|MAE,6.84105391633804
1031,27,30,LAE|MAE,6.916972262851497
1032,27,30,LAE|MAE,6.749722349783973
1033,29,33,LAE|MAE|SAE,4.66014293236975
1034,29,30,LAE|MAE,2.2428957132222225
1035,29,31,LAE|MAE,4.41032698280516
1036,29,34,LAE|MAE,6.567109998678146
1037,29,30,LAE|MAE,7.57999481755057
1038,29,30,LAE|MAE,27.426880444057314
1039,29,30,LAE|MAE,8.138054878789898
1040,29,31,LAE|MAE,3.529137083462234
1041,29,32,LAE|MAE|SAE,5.549593350149208
1042,29,30,LAE|MAE,37.94076381274157
1043,28,32,MAE|SAE,6.706403696980397
1044,29,31,MAE,6.645372250757629
1045,29,40,MAE|SAE,6.80479824871176
1046,30,31,LAE|MAE,5.359702864040225
1047,30,32,LAE|MAE|SAE,3.426924867735291
1048,30,33,LAE|MAE,17.665637421072805
1049,30,31,LAE|MAE,2.4344425501546993
1050,30,33,LAE|MAE|SAE,8.357094414096002
1051,30,31,LAE|MAE,3.535706810841633
1052,30,31,LAE|MAE,2.910861369100129
1053,30,31,LAE|MAE,3.902293233836822
1054,30,33,LAE|MAE,7.556343888608273
1055,30,36,LAE|MAE|SAE,5.6035653100311835
1056,30,31,LAE|MAE,3.2490822409603575
1057,30,31,LAE|MAE,7.797428591941469
1058,30,33,LAE|MAE,8.336893145931286
1059,30,31,LAE|MAE,14.32614597804364
1060,28,32,SAE,8.656592894084328
1061,28,32,SAE,8.61919726116702
1062,29,32,MAE|SAE,3.859741963534623
1063,29,32,MAE|SAE,4.390030689134275
1064,31,32,MAE|SAE,1.7611297195788649
1065,31,32,MAE|SAE,9.686903515530346
1066,31,35,LAE|MAE|SAE,7.521080241236225
1067,31,32,MAE|SAE,4.350845184780037
1068,31,32,MAE|SAE,8.353471378789104
1069,31,33,MAE|SAE,6.903834030543649
1070,31,32,MAE|SAE,3.2670086629065307
1071,31,33,MAE|SAE,5.035478608283723
1072,31,33,MAE|SAE,8.305465752425524
1073,31,32,MAE|SAE,6.563622143694251
1074,31,32,MAE|SAE,3.766962326781518
1075,31,32,MAE|SAE,1.4079460780717894
1076,31,32,MAE|SAE,4.083427602637424
1077,31,35,MAE|SAE,5.520387600212709
1078,31,32,MAE|SAE,1.7876612476297178
1079,31,32,MAE|SAE,3.6101242289605158
1080,31,32,MAE|SAE,4.871826741622181
1081,31,32,MAE|SAE,1.7555871321445502
1082,31,32,MAE|SAE,6.9937514269463605
1083,31,32,MAE|SAE,6.374366355300701
1084,31,32,MAE|SAE,6.000261164812165
1085,31,32,MAE|SAE,6.20024496402489
1086,31,32,MAE|SAE,2.561178768335758
1087,31,32,MAE|SAE,7.419417432325876
1088,31,33,MAE|SAE,7.531659394828558
1089,30,37,LAE|MAE,6.210541082884387
1090,30,33,LAE|MAE,5.040732929774686
1091,31,33,MAE,3.9353788428682432
1092,31,33,MAE,30.77107164106882
1093,31,33,MAE,9.08697805142289
1094,31,33,MAE,3.562064420349185
1095,31,34,LAE|MAE,4.676652314815741
1096,32,34,LAE|MAE|SAE,4.529074044685638
1097,32,33,MAE|SAE,4.737358156814289
1098,32,36,MAE|SAE,7.310314371637466
1099,32,33,MAE|SAE,4.827777322198558
1100,32,33,MAE|SAE,3.164974545492851
1101,32,33,MAE|SAE,3.0862589781918657
1102,32,33,MAE|SAE,2.878886285199085
1103,30,34,LAE,5.443719826884335
1104,30,34,LAE,7.770374294480664
1105,30,34,LAE,18.96532586465742
1106,30,34,LAE,8.587507086377064
1107,33,34,LAE|MAE,2.9054755865204442
1108,33,34,LAE|MAE,1.5236637509444435
1109,33,34,LAE|MAE,3.97042133064394
1110,33,34,LAE|MAE,3.170183571001777
1111,33,34,LAE|MAE,1.521628832109803
1112,33,34,LAE|MAE,3.074533890148196
1113,33,36,LAE|MAE|SAE,4.10474440277176
1114,33,34,LAE|MAE,2.1615729881751617
1115,33,34,LAE|MAE,4.2697933081279205
1116,33,34,LAE|MAE,1.6990242470074848
1117,33,34,LAE|MAE,3.002955742555753
1118,33,34,LAE|MAE,2.0226248676712593
1119,33,36,LAE|MAE|SAE,4.379621026551617
1120,33,36,LAE|MAE|SAE,4.47894116748326
1121,33,35,LAE|MAE,4.165387251891216
1122,33,34,LAE|MAE,3.2447134533761437
1123,33,35,LAE|MAE,2.390663356121869
1124,33,34,LAE|MAE,4.138990083357581
1125,33,34,LAE|MAE,1.4399036708153357
1126,33,34,LAE|MAE,5.361976888636516
1127,33,34,LAE|MAE,3.0173299632615547
1128,33,34,LAE|MAE,2.7181870118145386
1129,33,34,LAE|MAE,2.1338441568099387
1130,33,36,LAE|MAE|SAE,4.120293037710834
1131,31,35,MAE,18.017596323130757
1132,32,36,MAE|SAE,4.711921298832498
1133,32,35,MAE|SAE,4.6555523607772855
1134,33,37,MAE,4.900318395480268
1135,33,35,MAE,13.764877246291421
1136,33,35,MAE,7.234254185438773
1137,33,36,MAE|SAE,15.400047210781855
1138,33,35,MAE,3.8021379062174407
1139,34,35,LAE|MAE,3.4590887091514935
1140,34,35,LAE|MAE,2.8064548954296202
1141,34,37,LAE|MAE|SAE,3.5775948599088405
1142,34,35,LAE|MAE,3.338535727361505
1143,34,36,LAE|MAE|SAE,3.9514315074897763
1144,34,37,LAE|MAE|SAE,4.011877692291725
1145,34,35,LAE|MAE,2.952794731584006
1146,34,35,LAE|MAE,1.6156199650648135
1147,34,35,LAE|MAE,2.483840346186613
1148,32,36,SAE,8.549557700629201
1149,32,44,MAE|SAE,7.5357576948909335
1150,32,36,SAE,7.671812689789683
1151,33,44,MAE|SAE,7.04847692385247
1152,35,36,MAE|SAE,3.036957587058766
1153,35,37,MAE|SAE,3.136103256892326
1154,35,36,MAE|SAE,3.1051246664022267
1155,35,36,MAE|SAE,3.20423068184203
1156,35,36,MAE|SAE,3.0313977132332335
1157,35,36,MAE|SAE,2.7451057303891084
1158,35,36,MAE|SAE,2.744158420496771
1159,35,36,MAE|SAE,1.946155646581481
1160,35,36,MAE|SAE,46.97260823687232
1161,35,36,MAE|SAE,3.1265092901608145
1162,35,37,MAE|SAE,3.1038569415611112
1163,35,36,MAE|SAE,3.046419322061489
1164,35,36,MAE|SAE,5.1495312789414065
1165,35,36,MAE|SAE,30.25949505801031
1166,35,37,MAE|SAE,3.2555110728308905
1167,35,41,LAE|MAE|SAE,6.573523727262367
1168,34,39,LAE|MAE,7.103575101109826
1169,34,37,LAE|MAE,6.920580447193893
1170,34,37,LAE|MAE,16.942383492493455
1171,35,37,MAE,3.177251000875981
1172,35,37,MAE,7.254342809400499
1173,35,37,MAE,3.1342648863261733
1174,35,37,MAE,6.196648056868268
1175,35,44,LAE|MAE|SAE,6.13732237783241
1176,35,37,MAE,4.011118915108027
1177,36,37,MAE|SAE,2.9470722517734838
1178,36,37,MAE|SAE,2.7464215134254997
1179,36,37,MAE|SAE,2.7765958997494797
1180,36,37,MAE|SAE,2.7089114919627737
1181,36,37,MAE|SAE,2.574663758028031
1182,36,37,MAE|SAE,1.5618262504038631
1183,36,37,MAE|SAE,2.848694018528255
1184,36,37,MAE|SAE,2.2853487490030666
1185,36,37,MAE|SAE,2.8037455893367604
1186,36,37,MAE|SAE,3.251938204669335
1187,36,37,MAE|SAE,3.1889777587111974
1188,36,38,LAE|MAE|SAE,2.72070563096642
1189,36,37,MAE|SAE,2.5019541140993207
1190,36,37,MAE|SAE,1.988752924705669
1191,36,37,MAE|SAE,1.8323802425526132
1192,36,37,MAE|SAE,5.668733095055661
1193,36,37,MAE|SAE,1.2429999405199075
1194,36,37,MAE|SAE,1.4811048647851035
1195,36,41,MAE|SAE,6.108189227593609
1196,36,44,MAE|SAE,5.707450567945155
1197,36,37,MAE|SAE,3.179019012791288
1198,36,41,LAE|MAE|SAE,5.831087103542279
1199,36,41,MAE|SAE,5.837058764078694
1200,36,37,MAE|SAE,2.7293387120214287
1201,36,40,MAE|SAE,5.7260781082352805
1202,36,37,MAE|SAE,1.2291447553345762
1203,36,37,MAE|SAE,2.675040358564175
1204,36,43,LAE|MAE|SAE,9.390026144427186
1205,34,38,LAE,7.230304381902318
1206,34,38,LAE,21.307468762228833
1207,34,38,LAE,4.798207121143039
1208,37,38,LAE|MAE,16.230342739154406
1209,37,38,LAE|MAE,2.1549369151012954
1210,37,38,LAE|MAE,2.164437686713248
1211,37,39,LAE|MAE,5.442516449448088
1212,37,41,LAE|MAE|SAE,8.062198171726479
1213,36,40,MAE|SAE,3.3074763502856444
1214,37,39,MAE,4.989647759073525
1215,37,39,MAE,7.427117730302623
1216,37,39,MAE,4.840361949914722
1217,37,44,MAE|SAE,5.427574512210451
1218,37,39,MAE,5.037499120874331
1219,37,39,MAE,6.5254246608371975
1220,38,49,LAE|MAE|SAE,7.700120230671579
1221,37,40,MAE|SAE,5.883799250329793
1222,37,45,MAE|SAE,16.02621244798722
1223,39,41,MAE|SAE,4.578189329789552
1224,39,44,LAE|MAE|SAE,4.245358719012389
1225,39,40,MAE|SAE,2.3773561075111567
1226,39,45,MAE|SAE,11.341332964062403
1227,39,45,MAE|SAE,9.13599706938515
1228,39,56,LAE|MAE|SAE,17.823091204527646
1229,39,40,MAE|SAE,3.5182355289622005
1230,39,49,LAE|MAE|SAE,7.004853685514362
1231,39,44,LAE|MAE|SAE,4.358216715318302
1232,39,40,MAE|SAE,2.5893340565108094
1233,39,43,MAE|SAE,4.345463701935217
1234,39,40,MAE|SAE,2.1427887289374485
1235,39,52,LAE|MAE|SAE,11.029429229096555
1236,39,40,MAE|SAE,1.6670649237294104
1237,39,49,MAE|SAE,7.012988620104809
1238,39,44,MAE|SAE,7.059142902775932
1239,37,41,MAE,5.268042365617476
1240,37,41,MAE,16.21339052710479
1241,37,41,MAE,5.2726546538863035
1242,37,41,MAE,8.78172933822726
1243,38,41,LAE|MAE,4.935942906616785
1244,38,41,LAE|MAE,4.98019131400525
1245,39,41,MAE,10.191594709613392
1246,39,41,MAE,7.038792167137956
1247,39,41,MAE,6.228298030436696
1248,40,44,MAE|SAE,3.535356340996371
1249,40,65,LAE|MAE|SAE,17.434623866640536
1250,40,41,MAE|SAE,6.350521602156967
1251,40,49,MAE|SAE,6.404885995282395
1252,40,41,MAE|SAE,6.144286244809933
1253,40,41,MAE|SAE,3.6139048424826608
1254,40,41,MAE|SAE,4.121830905429543
1255,40,49,MAE|SAE,6.519504811094467
1256,40,41,MAE|SAE,4.6194813968928
1257,40,45,LAE|MAE|SAE,3.5358393720270036
1258,40,41,MAE|SAE,3.7326844678341686
1259,40,41,MAE|SAE,2.831352211138797
1260,40,41,MAE|SAE,3.8960067002774497
1261,40,41,MAE|SAE,3.671988776148393
1262,40,41,MAE|SAE,4.783003738053101
1263,40,45,MAE|SAE,6.723801234113453
1264,40,52,MAE|SAE,10.111737426363511
1265,40,45,LAE|MAE|SAE,25.83435573431534
1266,40,41,MAE|SAE,14.656018100710984
1267,40,44,MAE|SAE,3.6968176909783574
1268,40,51,LAE|MAE|SAE,11.78689633576809
1269,40,44,MAE|SAE,9.198441101663583
1270,40,41,MAE|SAE,2.5894021528115805
1271,40,44,MAE|SAE,3.820219708937159
1272,40,41,MAE|SAE,3.0879594169060596
1273,40,48,LAE|MAE|SAE,6.630723855603321
1274,40,44,MAE|SAE,3.8459696267828054
1275,40,47,MAE|SAE,6.604159722227114
1276,41,57,LAE|MAE|SAE,11.320366435304095
1277,39,49,MAE,6.82975503819063
1278,40,45,MAE|SAE,4.399056604534511
1279,40,69,LAE|MAE|SAE,21.951547589601542
1280,40,44,MAE|SAE,6.586481958389404
1281,40,44,MAE|SAE,3.785281614490266
1282,40,44,MAE|SAE,3.7639445324388356
1283,40,44,MAE|SAE,3.7742668657717684
1284,40,44,MAE|SAE,3.7022859573952025
1285,40,43,MAE|SAE,5.895583330112005
1286,40,44,MAE|SAE,3.8050674500602137
1287,40,44,MAE|SAE,6.597236656027029
1288,40,45,MAE|SAE,3.6104806153519227
1289,40,44,MAE|SAE,3.781008625598187
1290,40,44,MAE|SAE,3.623043270135632
1291,40,44,MAE|SAE,3.9692102888259075
1292,40,44,MAE|SAE,3.6419804863033405
1293,40,44,MAE|SAE,3.7974732133356697
1294,40,53,MAE|SAE,11.865557978682288
1295,40,43,MAE|SAE,3.7125726502222314
1296,41,47,MAE|SAE,5.883548513174978
1297,41,44,MAE|SAE,3.118876117668432
1298,41,57,MAE|SAE,10.252234996557291
1299,41,43,MAE,34.93951305345265
1300,41,53,MAE|SAE,6.438290387861451
1301,41,56,MAE|SAE,19.42285232472037
1302,41,49,MAE|SAE,12.196011702593252
1303,42,59,LAE|MAE|SAE,9.606060290014733
1304,42,48,LAE|MAE|SAE,5.357646395895017
1305,42,43,LAE|MAE,2.1221115690768717
1306,42,45,LAE|MAE|SAE,2.7268936430536046
1307,42,45,LAE|MAE|SAE,4.8713850028059715
1308,42,45,LAE|MAE|SAE,2.6993635619027034
1309,42,48,LAE|MAE|SAE,5.586431904817841
1310,42,49,LAE|MAE|SAE,5.593079943281015
1311,42,43,LAE|MAE,4.025287732141034
1312,42,43,LAE|MAE,2.420584607093015
1313,42,44,LAE|MAE|SAE,2.7671604260986378
1314,42,44,LAE|MAE|SAE,2.724971164964254
1315,42,43,LAE|MAE,1.7743877578199883
1316,42,46,LAE|MAE|SAE,5.23482592762975
1317,42,61,LAE|MAE|SAE,16.639165491869548
1318,42,52,LAE|MAE|SAE,11.30886375271908
1319,40,47,MAE|SAE,7.0543754652165935
1320,40,44,SAE,3.7041137008665364
1321,40,51,MAE|SAE,9.657081394322807
1322,40,44,SAE,3.6995313062347255
1323,41,48,MAE|SAE,5.9328738724286705
1324,41,44,MAE|SAE,4.1321312602369495
1325,43,44,MAE|SAE,5.329408564586165
1326,43,44,MAE|SAE,2.191834870681268
1327,43,44,MAE|SAE,5.595448267902243
1328,43,45,MAE|SAE,5.430974034651962
1329,43,44,MAE|SAE,2.2205598109398674
1330,43,48,MAE|SAE,5.2230403298974935
1331,43,44,MAE|SAE,5.750326721718865
1332,43,65,LAE|MAE|SAE,14.243662272381496
1333,43,48,MAE|SAE,4.982490147004975
1334,43,44,MAE|SAE,19.85866986032987
1335,43,45,MAE|SAE,2.1985302765006
1336,43,44,MAE|SAE,2.8985534098394297
1337,43,53,MAE|SAE,11.859491120896033
1338,43,44,MAE|SAE,5.297146334546424
1339,43,52,MAE|SAE,15.961024430161972
1340,43,50,LAE|MAE|SAE,7.472616148316335
1341,43,44,MAE|SAE,5.345424000227526
1342,43,44,MAE|SAE,4.145843516071918
1343,43,47,LAE|MAE|SAE,5.605296150046485
1344,43,44,MAE|SAE,2.0755457983651566
1345,43,44,MAE|SAE,1.946522343072928
1346,43,44,MAE|SAE,5.208534295281881
1347,43,44,MAE|SAE,2.280806902298053
1348,43,45,MAE|SAE,2.985688582215641
1349,43,44,MAE|SAE,2.3288411502608053
1350,43,45,MAE|SAE,6.053326387817117
1351,43,44,MAE|SAE,5.123353329005702
1352,43,44,MAE|SAE,3.925504346560606
1353,43,44,MAE|SAE,2.254235731151609
1354,43,47,MAE|SAE,5.022254670811292
1355,43,44,MAE|SAE,4.9575744388829674
1356,43,44,MAE|SAE,4.003193396490754
1357,43,44,MAE|SAE,4.934439906773155
1358,43,44,MAE|SAE,4.018578993096679
1359,43,45,MAE|SAE,5.01185275051401
1360,43,56,LAE|MAE|SAE,13.919554417978262
1361,43,44,MAE|SAE,2.8876497206217664
1362,43,59,LAE|MAE|SAE,9.460327729305789
1363,43,59,LAE|MAE|SAE,8.640791198485012
1364,43,45,MAE|SAE,5.621824028457913
1365,43,53,LAE|MAE|SAE,8.397341044781875
1366,43,50,LAE|MAE|SAE,5.371778840053425
1367,43,44,MAE|SAE,3.473067155782425
1368,43,45,MAE|SAE,6.279987647349553
1369,43,45,MAE|SAE,5.6410201510825315
1370,43,44,MAE|SAE,4.264216224841141
1371,43,44,MAE|SAE,2.1909469877671452
1372,43,45,MAE|SAE,5.121753527877135
1373,43,45,MAE|SAE,5.323395609690061
1374,43,44,MAE|SAE,4.685564557889977
1375,43,44,MAE|SAE,4.1098795996346595
1376,43,44,MAE|SAE,2.314676034707414
1377,43,44,MAE|SAE,2.209993094977003
1378,43,44,MAE|SAE,2.154306546692825
1379,43,49,MAE|SAE,5.166968222582741
1380,43,49,MAE|SAE,5.081011930955983
1381,43,44,MAE|SAE,5.292442190478209
1382,43,45,MAE|SAE,5.073264120543829
1383,43,45,MAE|SAE,5.225518378885203
1384,43,48,MAE|SAE,5.1262347608095835
1385,43,44,MAE|SAE,2.2936373407227104
1386,43,44,MAE|SAE,3.448621394797106
1387,43,44,MAE|SAE,2.2685766053540277
1388,43,44,MAE|SAE,4.769236397575307
1389,43,45,MAE|SAE,2.2486834063502954
1390,43,45,MAE|SAE,5.68308771808536
1391,43,44,MAE|SAE,14.78105490100072
1392,43,49,MAE|SAE,4.96902667789135
1393,43,45,MAE|SAE,4.904146370479192
1394,43,48,MAE|SAE,4.849978457445454
1395,43,44,MAE|SAE,2.2288136864272676
1396,43,46,LAE|MAE|SAE,14.561269068912805
1397,43,47,MAE|SAE,5.0455944153367795
1398,43,44,MAE|SAE,5.081584241647788
1399,43,44,MAE|SAE,4.772287377778751
1400,43,48,MAE|SAE,5.230441586717255
1401,43,47,MAE|SAE,5.0476514788230675
1402,43,45,MAE|SAE,6.27364115410827
1403,43,47,MAE|SAE,5.091871441096555
1404,43,44,MAE|SAE,4.114204094964008
1405,43,61,LAE|MAE|SAE,13.89654228068519
1406,43,44,MAE|SAE,2.373132477911137
1407,43,44,MAE|SAE,3.9776823469395732
1408,43,48,MAE|SAE,5.1077852037924165
1409,43,47,LAE|MAE|SAE,5.068495264258485
1410,43,45,MAE|SAE,2.2356848682655865
1411,43,45,MAE|SAE,5.321764041210965
1412,43,44,MAE|SAE,2.2990654955010448
1413,43,57,MAE|SAE,12.726319848011599
1414,43,49,MAE|SAE,5.29593228053138
1415,43,44,MAE|SAE,3.16796577892504
1416,43,44,MAE|SAE,2.1020041437089687
1417,43,45,MAE|SAE,3.433175227533217
1418,43,53,MAE|SAE,11.381351254487031
1419,43,44,MAE|SAE,4.2706416832545395
1420,43,44,MAE|SAE,4.80477506202381
1421,43,44,MAE|SAE,5.55316392432337
1422,43,44,MAE|SAE,3.905823443019755
1423,43,45,MAE|SAE,8.606519136693397
1424,43,44,MAE|SAE,5.040416873079284
1425,43,44,MAE|SAE,5.1762725519471635
1426,43,45,MAE|SAE,4.929617431291941
1427,43,44,MAE|SAE,15.401660408355307
1428,43,44,MAE|SAE,4.935819173493881
1429,43,44,MAE|SAE,2.1983941470271122
1430,43,44,MAE|SAE,2.2701042955370063
1431,43,49,MAE|SAE,5.5616071644805976
1432,43,45,MAE|SAE,3.4638325262024443
1433,43,53,MAE|SAE,12.40028164503926
1434,43,44,MAE|SAE,5.472669254306921
1435,43,45,MAE|SAE,5.976260859411593
1436,43,48,MAE|SAE,4.680576364037348
1437,43,44,MAE|SAE,5.234260723574758
1438,43,52,MAE|SAE,8.509007329487837
1439,43,44,MAE|SAE,2.299166869574664
1440,43,44,MAE|SAE,4.973375121460362
1441,43,48,MAE|SAE,4.853694819166197
1442,43,44,MAE|SAE,2.2294606429206483
1443,43,44,MAE|SAE,5.010483609110656
1444,43,44,MAE|SAE,14.332543597233997
1445,43,44,MAE|SAE,2.348929703187092
1446,43,44,MAE|SAE,5.466275899757096
1447,43,45,MAE|SAE,3.4755653070723076
1448,43,44,MAE|SAE,2.28526539860769
1449,43,49,MAE|SAE,5.136923475999207
1450,43,49,MAE|SAE,8.702333024306395
1451,43,47,MAE|SAE,5.10865871643436
1452,43,44,MAE|SAE,2.383238354395595
1453,43,44,MAE|SAE,2.2034341898264183
1454,43,45,MAE|SAE,3.5206620430799767
1455,43,45,MAE|SAE,5.030054498800876
1456,43,57,MAE|SAE,9.183991348764502
1457,43,44,MAE|SAE,8.40317036878369
1458,43,44,MAE|SAE,1.8912454827157803
1459,43,49,MAE|SAE,7.400222380908974
1460,43,45,MAE|SAE,5.584464481339438
1461,43,45,MAE|SAE,5.117427397309461
1462,43,44,MAE|SAE,2.390777111873023
1463,43,59,LAE|MAE|SAE,14.165069692434953
1464,43,59,MAE|SAE,10.926545930317777
1465,43,46,LAE|MAE|SAE,5.082638746334706
1466,43,47,MAE|SAE,5.887919681208866
1467,43,44,MAE|SAE,2.2653893078677187
1468,43,45,MAE|SAE,5.781809439219197
1469,43,44,MAE|SAE,5.610247205641704
1470,43,49,MAE|SAE,5.31641297018016
1471,43,44,MAE|SAE,2.1184579151710916
1472,43,44,MAE|SAE,8.04960310970057
1473,43,64,MAE|SAE,12.50877842283166
1474,43,44,MAE|SAE,6.05710484303072
1475,43,44,MAE|SAE,2.0386001373029887
1476,43,49,MAE|SAE,8.44433757108598
1477,43,45,MAE|SAE,4.644187576178956
1478,42,57,LAE|MAE|SAE,9.772454925827006
1479,43,48,MAE|SAE,5.116272336735956
1480,43,49,MAE|SAE,10.705558019671438
1481,43,61,LAE|MAE|SAE,13.124003693560908
1482,43,53,MAE|SAE,10.196301300453685
1483,43,45,MAE,5.391118121428299
1484,43,45,MAE,9.227202179142955
1485,43,49,MAE|SAE,5.244216760219325
1486,43,53,MAE|SAE,11.175961295961955
1487,44,45,MAE|SAE,5.047265305455718
1488,44,45,MAE|SAE,5.299644026956462
1489,44,47,MAE|SAE,5.110874498042182
1490,44,45,MAE|SAE,4.0063540020414345
1491,44,48,MAE|SAE,10.013887238890447
1492,44,45,MAE|SAE,4.507170850471791
1493,44,45,MAE|SAE,4.65055203832687
1494,44,45,MAE|SAE,12.924281731104847
1495,44,45,MAE|SAE,3.920971527339874
1496,44,45,MAE|SAE,4.979114569731854
1497,44,45,MAE|SAE,4.670362305424749
1498,44,51,LAE|MAE|SAE,7.631184845432757
1499,44,45,MAE|SAE,5.073845996733857
1500,44,45,MAE|SAE,5.503746801795632
1501,44,45,MAE|SAE,4.605664330531241
1502,44,48,MAE|SAE,4.671064755001176
1503,44,50,LAE|MAE|SAE,4.899964238222209
1504,44,45,MAE|SAE,4.811073077213383
1505,44,45,MAE|SAE,3.8306036001735704
1506,44,45,MAE|SAE,4.259975323554095
1507,44,45,MAE|SAE,4.688562894788437
1508,44,45,MAE|SAE,4.6358795791861365
1509,44,45,MAE|SAE,5.761430505545636
1510,44,50,LAE|MAE|SAE,4.453323279971952
1511,44,49,MAE|SAE,3.9823464615600286
1512,44,45,MAE|SAE,3.8993830551462256
1513,44,49,MAE|SAE,4.6969904371043905
1514,44,47,MAE|SAE,6.141645317227658
1515,44,45,MAE|SAE,5.592292842260155
1516,44,45,MAE|SAE,4.515377841707114
1517,44,49,MAE|SAE,4.6934987840212665
1518,44,45,MAE|SAE,5.301019524436347
1519,44,45,MAE|SAE,4.918980203021269
1520,44,56,MAE|SAE,8.689685746539945
1521,44,50,LAE|MAE|SAE,5.017334959660186
1522,44,46,LAE|MAE|SAE,4.5150781693551485
1523,44,47,MAE|SAE,11.301979675689886
1524,44,50,LAE|MAE|SAE,4.410805352909935
1525,44,45,MAE|SAE,3.8034513277718696
1526,44,45,MAE|SAE,4.577473245232357
1527,44,45,MAE|SAE,5.208411421068503
1528,44,48,MAE|SAE,4.350511117503345
1529,44,47,MAE|SAE,4.489875006577589
1530,44,45,MAE|SAE,7.652624665352668
1531,44,55,MAE|SAE,14.560218716533322
1532,44,45,MAE|SAE,4.362125604012743
1533,44,47,MAE|SAE,4.783717965686727
1534,44,49,MAE|SAE,4.45479025462108
1535,44,61,LAE|MAE|SAE,18.066109167176663
1536,44,61,LAE|MAE|SAE,14.658710328081664
1537,44,46,LAE|MAE|SAE,4.259018531993499
1538,44,45,MAE|SAE,4.930969318070406
1539,44,45,MAE|SAE,4.349361090872672
1540,44,48,MAE|SAE,11.52143357970359
1541,44,49,MAE|SAE,4.466727003498944
1542,44,45,MAE|SAE,5.743655865586257
1543,44,45,MAE|SAE,2.988191076931039
1544,44,48,MAE|SAE,5.49470235193403
1545,44,45,MAE|SAE,7.297225803309796
1546,44,45,MAE|SAE,5.260020944520912
1547,44,45,MAE|SAE,1.7151138490671274
1548,44,45,MAE|SAE,12.498757468680266
1549,44,49,MAE|SAE,4.4419771578331995
1550,44,48,MAE|SAE,8.992488069129312
1551,44,45,MAE|SAE,4.377412542499049
1552,44,49,MAE|SAE,4.480289394386989
1553,44,45,MAE|SAE,9.596440702240802
1554,44,45,MAE|SAE,4.194692889420196
1555,44,50,LAE|MAE|SAE,4.4747795408715785
1556,44,45,MAE|SAE,4.710987574177565
1557,44,47,MAE|SAE,10.15305194334253
1558,44,45,MAE|SAE,5.89624192319928
1559,44,45,MAE|SAE,19.30254954343454
1560,44,45,MAE|SAE,3.1046601170882777
1561,44,45,MAE|SAE,8.11762227995143
1562,44,48,MAE|SAE,4.289975350695816
1563,45,65,LAE|MAE|SAE,11.617856464173867
1564,45,67,LAE|MAE|SAE,13.395081471726801
1565,45,48,LAE|MAE|SAE,4.366606453184351
1566,45,49,LAE|MAE|SAE,4.819988059054693
1567,45,46,LAE|MAE,5.589349528037781
1568,45,61,LAE|MAE|SAE,14.411705544003668
1569,45,49,LAE|MAE|SAE,9.844706306030394
1570,45,46,LAE|MAE,4.2370796853433905
1571,44,49,MAE|SAE,4.696978004297476
1572,44,48,MAE|SAE,3.389571592319262
1573,44,47,MAE|SAE,4.772688133489071
1574,44,47,MAE|SAE,6.683887249799375
1575,44,48,MAE|SAE,4.811246167486331
1576,44,48,MAE|SAE,4.882687467988439
1577,44,53,LAE|MAE|SAE,7.021259665722754
1578,44,47,MAE|SAE,4.23444303092853
1579,45,69,LAE|MAE|SAE,15.1643318125295
1580,45,48,MAE|SAE,10.767918598432656
1581,45,61,MAE|SAE,13.281195877038368
1582,45,55,MAE,16.492168132931404
1583,45,47,MAE,4.57214488372823
1584,45,50,LAE|MAE,3.9596930458222706
1585,45,47,MAE,4.424947877581423
1586,45,56,LAE|MAE|SAE,12.732308732082716
1587,45,49,MAE|SAE,3.8483120902893875
1588,45,48,MAE|SAE,12.91516740941427
1589,45,48,MAE|SAE,3.8918358507925643
1590,45,49,MAE|SAE,5.395552279666139
1591,45,49,MAE|SAE,4.464434007496447
1592,45,49,MAE|SAE,14.250162418649387
1593,45,49,MAE|SAE,4.5578952305012255
1594,45,49,MAE|SAE,9.16135910859548
1595,45,47,MAE,5.700804687285118
1596,45,47,MAE,9.46829208710006
1597,45,65,LAE|MAE|SAE,12.678909511274993
1598,45,65,LAE|MAE|SAE,12.02684642684017
1599,45,51,MAE|SAE,12.24982306600263
1600,45,49,MAE|SAE,4.020106483978613
1601,45,49,MAE|SAE,4.065537800799439
1602,45,48,MAE|SAE,3.891811923075088
1603,45,47,MAE,2.9141048550887096
1604,45,52,MAE|SAE,7.2325203385844015
1605,45,47,MAE,4.649138736234879
1606,45,48,MAE|SAE,4.366148112935416
1607,45,47,MAE,4.313972609927173
1608,45,47,MAE,5.839379426165247
1609,45,47,MAE,7.0139559293069
1610,45,53,LAE|MAE|SAE,7.101723985981053
1611,45,48,MAE|SAE,4.545856861236119
1612,45,49,MAE,4.090276125683046
1613,45,47,MAE,6.291397970026366
1614,45,48,MAE|SAE,11.086004948944495
1615,45,59,MAE|SAE,8.791358416490795
1616,45,50,LAE|MAE|SAE,5.036281052748208
1617,45,48,MAE|SAE,8.33709333658027
1618,46,49,LAE|MAE|SAE,4.305482134024809
1619,44,48,SAE,15.328847997420771
1620,44,53,MAE|SAE,11.104779325804524
1621,45,56,MAE|SAE,9.174752761812996
1622,45,48,MAE|SAE,4.839740362836774
1623,45,48,MAE|SAE,4.209539954909236
1624,45,59,MAE|SAE,9.942555118856596
1625,45,48,MAE|SAE,7.257023816334772
1626,45,48,MAE|SAE,10.398985666837119
1627,45,48,MAE|SAE,10.070550051606213
1628,47,60,LAE|MAE|SAE,12.663894414550827
1629,47,49,MAE|SAE,4.037472737217691
1630,47,48,MAE|SAE,1.864032072078207
1631,47,48,MAE|SAE,1.60809565315775
1632,47,49,MAE|SAE,3.4132598348465675
1633,47,49,MAE|SAE,2.571646352206913
1634,47,49,MAE|SAE,3.034570708519126
1635,47,49,MAE|SAE,3.3309445243792832
1636,47,48,MAE|SAE,3.306256036203308
1637,47,49,MAE|SAE,2.423510727737203
1638,47,51,LAE|MAE|SAE,6.4210250001210145
1639,47,49,MAE|SAE,2.542530482418962
1640,47,48,MAE|SAE,3.423480285685549
1641,47,52,LAE|MAE|SAE,7.2414942060963385
1642,47,49,MAE|SAE,3.237096666459026
1643,47,51,MAE|SAE,5.9963130972690255
1644,47,48,MAE|SAE,2.185134106259683
1645,47,49,MAE|SAE,3.610660835147793
1646,47,53,MAE|SAE,6.0597996970463495
1647,47,56,MAE|SAE,10.724209655183143
1648,47,55,MAE|SAE,11.380162677915903
1649,47,49,MAE|SAE,3.695401977440497
1650,47,50,LAE|MAE|SAE,2.8759358078322608
1651,47,49,MAE|SAE,2.8857965037280366
1652,47,49,MAE|SAE,6.5851201944025695
1653,47,49,MAE|SAE,2.3986058105174592
1654,47,49,MAE|SAE,3.139531731470287
1655,47,53,MAE|SAE,6.37902560219226
1656,47,50,LAE|MAE|SAE,6.405496227561739
1657,47,48,MAE|SAE,4.6584815461778435
1658,47,53,LAE|MAE|SAE,6.205995129030292
1659,47,53,LAE|MAE|SAE,6.370954084999384
1660,47,50,LAE|MAE|SAE,6.707423221104241
1661,47,49,MAE|SAE,3.2753224975708237
1662,47,49,MAE|SAE,3.3539400379349456
1663,47,49,MAE|SAE,3.6280596880802256
1664,47,50,LAE|MAE|SAE,6.030180753057352
1665,47,48,MAE|SAE,3.833177296619717
1666,47,49,MAE|SAE,3.96687347396527
1667,47,50,LAE|MAE|SAE,6.30871166477385
1668,47,49,MAE|SAE,3.3006307278883313
1669,47,49,MAE|SAE,3.481379088428173
1670,47,50,LAE|MAE|SAE,6.196778170597364
1671,47,50,LAE|MAE|SAE,2.8657475157481267
1672,47,48,MAE|SAE,3.645370564354328
1673,47,49,MAE|SAE,2.7080258432577025
1674,47,51,LAE|MAE|SAE,5.950408250157239
1675,47,48,MAE|SAE,3.5572351833816773
1676,47,49,MAE|SAE,3.830599219627881
1677,47,57,LAE|MAE|SAE,7.428211906397854
1678,47,53,LAE|MAE|SAE,5.987709220139801
1679,47,52,MAE|SAE,7.272310594741128
1680,47,49,MAE|SAE,2.806468649275293
1681,47,49,MAE|SAE,6.141853153198931
1682,47,52,MAE|SAE,9.24564804395834
1683,47,48,MAE|SAE,1.8124949864330333
1684,47,53,LAE|MAE|SAE,6.033303388721479
1685,47,56,MAE|SAE,13.453423470479816
1686,47,49,MAE|SAE,3.348905457859056
1687,47,52,LAE|MAE|SAE,7.072779744547873
1688,47,48,MAE|SAE,1.8050596572871311
1689,47,63,MAE|SAE,15.001138348064018
1690,47,55,MAE|SAE,30.585558890719167
1691,47,53,LAE|MAE|SAE,6.735229934002536
1692,47,49,MAE|SAE,3.2007812908829867
1693,47,48,MAE|SAE,2.019454545523419
1694,47,48,MAE|SAE,2.8913325288634613
1695,47,64,MAE|SAE,12.26217505639151
1696,47,49,MAE|SAE,5.927657855865773
1697,47,53,MAE|SAE,11.105372755821273
1698,47,55,LAE|MAE|SAE,6.499968105998433
1699,47,49,MAE|SAE,3.1685388577593483
1700,47,48,MAE|SAE,2.8062677648867314
1701,47,48,MAE|SAE,4.15118719761469
1702,47,48,MAE|SAE,3.8267600569753464
1703,47,48,MAE|SAE,3.291406992199228
1704,47,48,MAE|SAE,4.055838945270745
1705,47,48,MAE|SAE,1.9950581457710672
1706,47,49,MAE|SAE,3.796753268548139
1707,47,52,LAE|MAE|SAE,6.2845122797743755
1708,47,49,MAE|SAE,3.401242739165125
1709,47,48,MAE|SAE,2.0543933427622436
1710,47,48,MAE|SAE,3.8638033220001837
1711,47,48,MAE|SAE,2.8938945821937083
1712,47,56,MAE|SAE,14.544476319048455
1713,47,48,MAE|SAE,3.307721341053408
1714,47,53,MAE|SAE,6.056070703115507
1715,47,55,MAE|SAE,16.44036690256869
1716,47,52,LAE|MAE|SAE,6.0408053300808
1717,47,53,LAE|MAE|SAE,6.422230799457217
1718,47,48,MAE|SAE,2.7799110928714312
1719,47,49,MAE|SAE,2.3315374686015193
1720,47,50,LAE|MAE|SAE,6.044453934542982
1721,47,48,MAE|SAE,3.786746285263922
1722,47,49,MAE|SAE,3.2162063780200567
1723,47,51,MAE|SAE,7.23126246932416
1724,47,49,MAE|SAE,3.818708672112748
1725,47,52,MAE|SAE,6.372344119920426
1726,47,55,MAE|SAE,7.381841816953162
1727,47,53,MAE|SAE,6.043993613953658
1728,47,48,MAE|SAE,2.4241491566968962
1729,47,48,MAE|SAE,5.594573769795727
1730,47,49,MAE|SAE,2.2836011408651737
1731,47,48,MAE|SAE,2.3578663126694637
1732,47,53,MAE|SAE,6.329254187934239
1733,47,49,MAE|SAE,7.61549881332276
1734,47,53,LAE|MAE|SAE,6.6115746074448545
1735,47,48,MAE|SAE,10.64921883020603
1736,47,48,MAE|SAE,2.329941206183689
1737,47,49,MAE|SAE,2.731547850996275
1738,47,49,MAE|SAE,6.40590589006547
1739,47,48,MAE|SAE,1.429703769551726
1740,47,49,MAE|SAE,3.525413820795855
1741,47,48,MAE|SAE,3.772692129447507
1742,47,53,LAE|MAE|SAE,6.583698452386675
1743,47,50,LAE|MAE|SAE,6.460321258797203
1744,47,53,MAE|SAE,7.730301616423366
1745,47,49,MAE,5.271329445443697
1746,47,49,MAE,3.879838107795749
1747,47,49,MAE,3.0243327483546247
1748,47,49,MAE,4.66921722990538
1749,47,49,MAE,12.175820155826528
1750,47,49,MAE,3.9669198294224337
1751,47,53,MAE|SAE,7.310837244244774
1752,48,49,MAE|SAE,3.976083373754763
1753,48,51,LAE|MAE|SAE,4.9928386867842045
1754,48,49,MAE|SAE,2.3654804469901136
1755,48,53,MAE|SAE,5.525069209433417
1756,48,49,MAE|SAE,2.3614945297772048
1757,48,51,MAE|SAE,5.303190886455829
1758,48,49,MAE|SAE,4.7325862067130995
1759,48,49,MAE|SAE,3.385927400824434
1760,48,53,LAE|MAE|SAE,6.083397102619774
1761,48,56,MAE|SAE,10.205795331698065
1762,48,49,MAE|SAE,2.954261019684409
1763,48,49,MAE|SAE,2.235765588753921
1764,48,51,LAE|MAE|SAE,5.944170446943763
1765,48,51,MAE|SAE,5.672318959940327
1766,48,49,MAE|SAE,3.441922712254656
1767,48,49,MAE|SAE,2.7720217560601097
1768,48,49,MAE|SAE,2.2386609092213963
1769,48,49,MAE|SAE,4.681144706309202
1770,48,49,MAE|SAE,3.2789686688396906
1771,48,49,MAE|SAE,2.3216425982978044
1772,48,49,MAE|SAE,3.544273796566437
1773,48,52,LAE|MAE|SAE,5.850440966084573
1774,48,53,MAE|SAE,5.814920752426302
1775,48,49,MAE|SAE,1.7029549447778942
1776,48,53,LAE|MAE|SAE,5.83304935327406
1777,48,53,LAE|MAE|SAE,5.930985466588248
1778,48,53,LAE|MAE|SAE,5.518377088790063
1779,48,49,MAE|SAE,5.554682423149991
1780,48,61,MAE|SAE,9.701142907661124
1781,48,53,MAE|SAE,6.03720649726573
1782,48,49,MAE|SAE,4.158208998181412
1783,48,49,MAE|SAE,3.798405858350128
1784,48,52,LAE|MAE|SAE,5.592024220245913
1785,48,52,MAE|SAE,5.488088779036716
1786,48,53,MAE|SAE,5.560284633723634
1787,48,49,MAE|SAE,3.9407776895058917
1788,48,52,MAE|SAE,6.740825297139198
1789,48,49,MAE|SAE,3.3825665064403956
1790,48,49,MAE|SAE,2.9879071207999752
1791,48,49,MAE|SAE,2.2859872154531233
1792,48,51,MAE|SAE,7.314156551942684
1793,48,49,MAE|SAE,5.488467762777251
1794,48,49,MAE|SAE,4.653214799596228
1795,48,49,MAE|SAE,3.1648381021032046
1796,48,55,LAE|MAE|SAE,5.965709402934896
1797,48,50,LAE|MAE|SAE,2.3227770242645325
1798,48,52,MAE|SAE,5.590861674116808
1799,48,49,MAE|SAE,5.235258925773813
1800,48,49,MAE|SAE,3.273742014654263
1801,48,49,MAE|SAE,2.174189815717215
1802,48,53,MAE|SAE,9.346425982745238
1803,48,49,MAE|SAE,1.9371780957811853
1804,48,56,MAE|SAE,6.980804153134003
1805,48,52,MAE|SAE,5.562857707656934
1806,48,49,MAE|SAE,5.5835698639574005
1807,48,49,MAE|SAE,3.66601481259053
1808,48,49,MAE|SAE,3.031265272171411
1809,48,53,MAE|SAE,14.083640013629326
1810,48,49,MAE|SAE,3.2617594989308
1811,48,69,LAE|MAE|SAE,12.00416568254595
1812,48,51,MAE|SAE,5.3709059224228035
1813,48,51,MAE|SAE,5.59013732499778
1814,48,55,MAE|SAE,10.066260153144018
1815,48,52,LAE|MAE|SAE,6.374037932125866
1816,48,51,MAE|SAE,5.725800927794514
1817,48,55,MAE|SAE,6.143214433254962
1818,48,49,MAE|SAE,5.507929648759339
1819,48,49,MAE|SAE,2.00380379606194
1820,48,56,LAE|MAE|SAE,11.679173138689617
1821,48,49,MAE|SAE,4.781068800880431
1822,48,51,MAE|SAE,5.73464047342093
1823,48,52,LAE|MAE|SAE,5.75521533949811
1824,48,55,LAE|MAE|SAE,6.039015257196791
1825,48,49,MAE|SAE,5.695314877603713
1826,48,49,MAE|SAE,5.065162345970712
1827,48,49,MAE|SAE,4.503345807348147
1828,48,49,MAE|SAE,3.4066779979037953
1829,48,51,MAE|SAE,5.3507221573438875
1830,48,49,MAE|SAE,2.452619961951654
1831,48,49,MAE|SAE,2.4316732758058643
1832,48,50,LAE|MAE|SAE,4.662607505593053
1833,48,49,MAE|SAE,2.29791347751072
1834,48,49,MAE|SAE,5.723917433633218
1835,48,53,MAE|SAE,12.029814699147622
1836,48,49,MAE|SAE,2.1223840215797236
1837,48,49,MAE|SAE,5.524723555273616
1838,48,53,MAE|SAE,5.447162812023561
1839,48,52,MAE|SAE,7.901878021981846
1840,48,49,MAE|SAE,6.462935632250725
1841,48,59,MAE|SAE,7.178634593965392
1842,47,51,LAE|MAE,5.993127452833012
1843,49,50,LAE|MAE,1.789913184391032
1844,49,50,LAE|MAE,4.146831545528005
1845,49,55,LAE|MAE|SAE,6.689622397615581
1846,49,50,LAE|MAE,1.7730297694203687
1847,49,52,LAE|MAE|SAE,5.483166831983095
1848,49,52,LAE|MAE|SAE,6.668893410307631
1849,49,50,LAE|MAE,4.529603008531254
1850,49,53,LAE|MAE,5.173893742158814
1851,49,50,LAE|MAE,1.7753760182211349
1852,49,53,LAE|MAE|SAE,6.1358483333496885
1853,49,50,LAE|MAE,2.133223602567726
1854,47,51,MAE,10.671851528360081
1855,48,52,MAE|SAE,7.35021437355408
1856,48,55,MAE|SAE,17.78563629824836
1857,48,51,MAE|SAE,8.73695924976371
1858,48,51,MAE|SAE,5.580910586727112
1859,48,51,MAE|SAE,7.750049419732229
1860,48,55,MAE|SAE,10.883603639732392
1861,49,53,MAE|SAE,5.573719500173712
1862,49,51,MAE,3.805385047020869
1863,49,53,MAE|SAE,5.4023825979934825
1864,49,53,MAE|SAE,6.141625370067148
1865,49,52,MAE|SAE,5.328546327609671
1866,49,55,MAE|SAE,8.786638388054257
1867,49,51,MAE,8.382488577275009
1868,49,52,MAE|SAE,5.976988499877917
1869,49,51,MAE,16.838622136413843
1870,49,51,MAE,5.151112375242296
1871,49,64,MAE|SAE,9.912469853861902
1872,49,51,MAE,8.876821519703451
1873,49,53,MAE|SAE,6.174161275111082
1874,49,51,MAE,5.6811373597668515
1875,49,55,MAE|SAE,5.788666758149925
1876,49,55,MAE|SAE,6.137443658900303
1877,49,53,MAE|SAE,5.400585588807775
1878,50,52,LAE|MAE|SAE,5.179380058539668
1879,50,52,LAE|MAE|SAE,4.5098123545596644
1880,50,55,LAE|MAE|SAE,4.857466965374372
1881,50,51,LAE|MAE,5.592760450435592
1882,50,53,LAE|MAE|SAE,4.073511652902733
1883,49,53,MAE|SAE,5.502647959791082
1884,49,55,MAE|SAE,5.2432441326818635
1885,49,52,MAE|SAE,5.585105106221893
1886,49,52,MAE|SAE,4.942763438870448
1887,49,53,MAE|SAE,5.326434543829555
1888,51,52,MAE|SAE,4.141262487710614
1889,51,53,MAE|SAE,3.7605034446528514
1890,51,53,MAE|SAE,5.307822221744894
1891,51,52,MAE|SAE,4.420878562567168
1892,51,55,MAE|SAE,5.332676608847131
1893,51,59,LAE|MAE|SAE,5.515702878550644
1894,51,64,MAE|SAE,9.710801085018238
1895,51,59,MAE|SAE,5.446730485864871
1896,51,52,MAE|SAE,4.027472250521994
1897,51,53,MAE|SAE,4.358555760865548
1898,51,52,MAE|SAE,5.269367636447681
1899,51,53,MAE|SAE,4.105896090375756
1900,51,53,MAE|SAE,5.102967685673543
1901,51,52,MAE|SAE,3.794696408877968
1902,51,52,MAE|SAE,6.051662438339571
1903,51,53,MAE|SAE,6.634296970022661
1904,51,63,MAE|SAE,9.811124280303055
1905,51,53,MAE|SAE,2.1758567238638
1906,51,53,MAE|SAE,3.916373349664465
1907,51,53,MAE|SAE,3.1436519045038973
1908,51,63,LAE|MAE|SAE,11.169172730818703
1909,51,53,MAE|SAE,3.8764222617055437
1910,51,53,MAE|SAE,4.147139197597818
1911,51,52,MAE|SAE,3.745549425416561
1912,51,56,MAE|SAE,9.79707280332546
1913,51,52,MAE|SAE,6.16044604345749
1914,51,52,MAE|SAE,3.454897723050489
1915,51,53,MAE|SAE,4.510115415316657
1916,51,52,MAE|SAE,4.255223859122883
1917,51,52,MAE|SAE,2.5488622329677817
1918,51,52,MAE|SAE,5.581122857963993
1919,51,56,MAE|SAE,8.966891911740419
1920,51,52,MAE|SAE,6.704959798979204
1921,51,52,MAE|SAE,6.090211158511336
1922,51,52,MAE|SAE,4.3262266745273825
1923,51,53,MAE|SAE,4.202688214732636
1924,51,53,MAE|SAE,5.875780690523963
1925,51,52,MAE|SAE,9.109012767335713
1926,51,53,MAE|SAE,5.5647997969520695
1927,51,52,MAE|SAE,3.2930128647089396
1928,51,52,MAE|SAE,4.39382386021603
1929,51,52,MAE|SAE,9.623289000574669
1930,51,53,MAE|SAE,4.40023923196312
1931,51,52,MAE|SAE,3.419514451830883
1932,51,52,MAE|SAE,3.810099576519092
1933,51,56,MAE|SAE,6.130117931404348
1934,51,67,MAE|SAE,12.503222088058143
1935,51,52,MAE|SAE,3.697516042171382
1936,51,52,MAE|SAE,5.812064168280597
1937,51,53,MAE|SAE,5.357404243037464
1938,51,52,MAE|SAE,5.445442594809959
1939,51,59,LAE|MAE|SAE,5.4949797376442335
1940,51,53,MAE|SAE,4.575652916166044
1941,51,56,MAE|SAE,4.25960536647958
1942,51,56,MAE|SAE,4.763621719067097
1943,51,53,MAE|SAE,4.43581910581674
1944,51,53,MAE,4.204584618638656
1945,51,71,MAE,12.66620321223756
1946,51,69,MAE|SAE,11.749373367271032
1947,51,55,MAE,4.531583135255453
1948,51,59,MAE,12.96287293855679
1949,51,53,MAE,4.231765980256947
1950,51,53,MAE,4.685421694200126
1951,51,53,MAE,4.589409773925245
1952,51,53,MAE,4.460150111979847
1953,52,53,MAE|SAE,4.943276617444008
1954,52,55,MAE|SAE,5.455489544676137
1955,52,53,MAE|SAE,4.9402829726750275
1956,52,53,MAE|SAE,3.437948945726827
1957,52,57,MAE|SAE,9.333940608824266
1958,52,61,MAE|SAE,9.300627676817466
1959,52,53,MAE|SAE,3.73984196058552
1960,52,53,MAE|SAE,2.367449109109675
1961,52,53,MAE|SAE,5.102031001595578
1962,52,53,MAE|SAE,2.779653764980076
1963,52,61,MAE|SAE,9.020635985616996
1964,52,53,MAE|SAE,2.6274017480983023
1965,52,53,MAE|SAE,3.478122467596101
1966,52,53,MAE|SAE,4.6329556604298
1967,52,53,MAE|SAE,2.7007025162450566
1968,52,55,MAE|SAE,3.7491776059189457
1969,52,53,MAE|SAE,3.7848677954620156
1970,52,55,MAE|SAE,3.868240177743364
1971,52,53,MAE|SAE,2.8505837812171775
1972,52,55,LAE|MAE|SAE,4.984109125329845
1973,52,65,LAE|MAE|SAE,8.378888899264625
1974,52,53,MAE|SAE,3.7952947318682173
1975,52,56,MAE|SAE,7.06327840478634
1976,52,56,MAE|SAE,6.501798626567574
1977,52,53,MAE|SAE,3.203092715641387
1978,52,56,MAE|SAE,6.040307624549312
1979,52,53,MAE|SAE,1.719702649716687
1980,52,56,MAE|SAE,3.729946040890028
1981,52,53,MAE|SAE,6.052322518008562
1982,52,53,MAE|SAE,3.0584334502059267
1983,52,53,MAE|SAE,2.5534786822598288
1984,52,53,MAE|SAE,2.8916261123057883
1985,52,53,MAE|SAE,3.7395908046466824
1986,52,56,MAE|SAE,6.004050295495932
1987,52,58,LAE|MAE|SAE,6.617528661487884
1988,52,53,MAE|SAE,2.3660321253341037
1989,52,64,MAE|SAE,7.662150043456586
1990,52,53,MAE|SAE,4.138597054427778
1991,52,53,MAE|SAE,2.503851817760974
1992,52,53,MAE|SAE,2.2356758807720944
1993,52,53,MAE|SAE,6.537321603465558
1994,52,53,MAE|SAE,4.696602917603362
1995,52,59,MAE|SAE,4.948317934142332
1996,52,53,MAE|SAE,3.5030576447216473
1997,52,56,MAE|SAE,6.221777317708491
1998,52,55,MAE|SAE,7.326233956737948
1999,52,55,LAE|MAE|SAE,3.0943508076822694
2000,52,53,MAE|SAE,3.5295808809160203
2001,53,54,LAE|MAE,2.9156862147137907
2002,52,57,MAE|SAE,5.359939105264531
2003,52,62,LAE|MAE|SAE,15.966119128068838
2004,52,61,MAE|SAE,10.551689739337508
2005,52,55,MAE|SAE,5.669517804704545
2006,53,55,MAE,4.249888454231231
2007,53,56,MAE|SAE,5.985153566221126
2008,53,56,MAE|SAE,3.3342502181457068
2009,53,61,MAE|SAE,6.695043579709164
2010,53,55,MAE,3.1701977783882134
2011,53,59,MAE|SAE,8.135614773252195
2012,53,56,MAE|SAE,3.562704918573461
2013,53,61,MAE,13.055053499273653
2014,53,56,MAE|SAE,5.868655178921284
2015,53,57,MAE,9.286347950162241
2016,53,55,MAE,3.102722860182104
2017,53,56,MAE|SAE,6.055042220160668
2018,53,56,MAE|SAE,3.599100091689745
2019,53,56,MAE|SAE,5.521247626350343
2020,53,57,MAE,8.92103895289157
2021,53,56,MAE|SAE,3.5028634536123593
2022,53,55,MAE,4.191010809352868
2023,53,55,MAE,3.199560630650483
2024,53,55,MAE,7.6809510684234645
2025,53,56,MAE|SAE,6.559188580462874
2026,53,57,MAE,12.471862249413574
2027,53,59,LAE|MAE|SAE,9.365395408386178
2028,53,57,MAE|SAE,4.105995225944613
2029,53,59,MAE|SAE,6.766674734984564
2030,53,55,MAE,4.607903122139107
2031,53,69,LAE|MAE|SAE,14.18101122227091
2032,53,59,MAE|SAE,5.3405342769871
2033,53,55,MAE,5.961930826452279
2034,53,55,MAE,4.184514589336972
2035,53,71,MAE,13.296070100411747
2036,53,56,MAE|SAE,5.832021840350408
2037,53,56,MAE|SAE,4.081871278951361
2038,53,56,MAE|SAE,7.767546528988976
2039,55,56,MAE|SAE,4.774690570445407
2040,55,57,MAE|SAE,2.4730950023059357
2041,55,57,MAE|SAE,3.3724383075367266
2042,55,57,MAE|SAE,2.8281305013436246
2043,55,56,MAE|SAE,3.316477185194828
2044,55,56,MAE|SAE,2.2319582975993577
2045,55,57,MAE|SAE,3.2698941558741708
2046,55,57,MAE|SAE,3.780799704265674
2047,55,56,MAE|SAE,1.9510206875426048
2048,55,57,MAE|SAE,3.0165668623939603
2049,55,59,MAE|SAE,7.278988525427547
2050,55,56,MAE|SAE,2.116260355376127
2051,55,56,MAE|SAE,4.8037011218332575
2052,55,57,MAE|SAE,3.988509778213126
2053,55,56,MAE|SAE,3.5340794848379584
2054,55,57,MAE|SAE,3.4608234717218425
2055,55,57,MAE|SAE,2.627209393409752
2056,55,56,MAE|SAE,2.394177272344216
2057,55,61,MAE|SAE,6.260109296456143
2058,55,56,MAE|SAE,4.8015783868556055
2059,55,56,MAE|SAE,2.085581896586068
2060,55,56,MAE|SAE,3.4241896748512004
2061,55,57,MAE|SAE,2.9869235601766335
2062,55,57,MAE|SAE,2.759862072986008
2063,55,56,MAE|SAE,1.9836283991729977
2064,55,57,MAE|SAE,3.6060200713619124
2065,55,56,MAE|SAE,2.0015948507373476
2066,55,57,MAE|SAE,3.4676684417471577
2067,55,56,MAE|SAE,1.9559172068885575
2068,55,56,MAE|SAE,4.212912884121148
2069,55,57,MAE|SAE,3.4174493627067717
2070,55,56,MAE|SAE,2.0008535141688175
2071,55,57,MAE|SAE,2.1755290147986184
2072,55,56,MAE|SAE,3.3413214760225416
2073,55,56,MAE|SAE,4.9467086538194005
2074,55,56,MAE|SAE,2.606935274844696
2075,55,56,MAE|SAE,2.8218108404488236
2076,55,56,MAE|SAE,3.3118899498746233
2077,55,56,MAE|SAE,5.239999788615758
2078,55,56,MAE|SAE,4.342454254697718
2079,55,56,MAE|SAE,6.799563132479788
2080,55,56,MAE|SAE,4.447864450152569
2081,55,56,MAE|SAE,5.063052358676255
2082,55,56,MAE|SAE,3.4339390879853884
2083,55,56,MAE|SAE,4.710402034820022
2084,55,57,MAE|SAE,4.839404977168003
2085,55,65,MAE|SAE,6.771932434692813
2086,55,56,MAE|SAE,5.382133881088145
2087,55,56,MAE|SAE,4.405635447465963
2088,55,56,MAE|SAE,1.9085366635359038
2089,55,56,MAE|SAE,2.2015174540567153
2090,55,56,MAE|SAE,4.4055801481339465
2091,55,57,MAE|SAE,4.968530731719036
2092,55,56,MAE|SAE,3.180922239543882
2093,55,56,MAE|SAE,5.386672579643161
2094,55,61,MAE|SAE,4.636456691727264
2095,55,56,MAE|SAE,13.046692510692768
2096,55,56,MAE|SAE,3.3893951354030927
2097,55,56,MAE|SAE,3.3711619805198954
2098,55,57,MAE|SAE,4.917644683894434
2099,55,59,MAE|SAE,4.98299245280274
2100,55,56,MAE|SAE,1.6452252244778092
2101,55,57,MAE|SAE,4.72191350610242
2102,55,56,MAE|SAE,2.0953941027425977
2103,55,56,MAE|SAE,5.060782455266787
2104,55,59,MAE|SAE,4.809714866161909
2105,55,56,MAE|SAE,6.253407067767495
2106,55,56,MAE|SAE,2.1751911496236187
2107,55,56,MAE|SAE,4.184753916253282
2108,55,56,MAE|SAE,2.1227307905235215
2109,55,56,MAE|SAE,5.8374957910545975
2110,55,56,MAE|SAE,4.083160520463003
2111,55,56,MAE|SAE,10.73663541199637
2112,53,57,MAE,7.437676759665088
2113,53,71,MAE,21.844679587403263
2114,55,65,MAE,13.13345776795933
2115,55,57,MAE,14.043976300447204
2116,55,57,MAE,7.471749617665813
2117,55,57,MAE,15.174590873073187
2118,55,57,MAE,9.063537823499203
2119,55,63,MAE,15.957260822482533
2120,55,65,LAE|MAE|SAE,6.94443418070074
2121,55,57,MAE,9.233136206446273
2122,55,57,MAE,9.596698137495817
2123,55,57,MAE,7.1561493972370895
2124,55,60,MAE|SAE,14.23172947936731
2125,55,57,MAE,3.5238417582225128
2126,55,60,MAE|SAE,6.964743090488081
2127,55,57,MAE,4.884387985754343
2128,55,63,MAE,14.447258002601519
2129,55,61,MAE|SAE,5.70064629083433
2130,55,59,MAE,11.760773701486313
2131,56,57,MAE|SAE,3.280086128111492
2132,56,57,MAE|SAE,3.790532953243673
2133,56,59,MAE|SAE,3.565962658240713
2134,56,57,MAE|SAE,6.200459328542804
2135,56,57,MAE|SAE,2.7210912401003036
2136,56,57,MAE|SAE,2.9443502389866714
2137,56,57,MAE|SAE,9.516884058179068
2138,56,57,MAE|SAE,3.4701787366779726
2139,56,59,MAE|SAE,3.9062798218773005
2140,56,57,MAE|SAE,4.469348299461147
2141,56,59,MAE|SAE,4.832574315537669
2142,56,57,MAE|SAE,1.7053874470594983
2143,56,57,MAE|SAE,4.326782218583336
2144,56,59,LAE|MAE|SAE,2.513439980829303
2145,56,61,MAE|SAE,4.496087288892932
2146,56,57,MAE|SAE,2.5822552502763827
2147,56,57,MAE|SAE,3.0224773383825845
2148,56,57,MAE|SAE,4.608449992533045
2149,56,57,MAE|SAE,4.449647457704159
2150,56,57,MAE|SAE,2.573556917724371
2151,56,57,MAE|SAE,2.1901011516872373
2152,56,64,MAE|SAE,6.006336821600125
2153,56,59,LAE|MAE|SAE,2.6361168454397266
2154,56,57,MAE|SAE,4.491138745662663
2155,56,57,MAE|SAE,3.6112846350999708
2156,56,63,LAE|MAE|SAE,10.587888757708336
2157,56,57,MAE|SAE,2.712840953500495
2158,56,57,MAE|SAE,1.8145762690726184
2159,56,57,MAE|SAE,6.247021157629215
2160,57,59,LAE|MAE,2.1374734844054686
2161,57,59,LAE|MAE,2.184292442014586
2162,57,59,LAE|MAE,2.1159693629541136
2163,57,59,LAE|MAE,2.1730779341500144
2164,57,64,LAE|MAE|SAE,4.584593688131111
2165,57,59,LAE|MAE,2.0797831575012435
2166,55,59,MAE,9.426149021965763
2167,55,67,MAE,17.781679119470308
2168,55,62,LAE|MAE,13.112029300633711
2169,55,65,MAE,9.806628848952652
2170,56,59,MAE|SAE,6.144622017770331
2171,56,61,MAE|SAE,6.333049854523489
2172,57,59,MAE,2.1568204074829236
2173,57,59,MAE,2.1867820937590836
2174,57,59,MAE,4.028971639197255
2175,57,61,MAE,5.301347537101834
2176,57,65,MAE,13.939425507114061
2177,57,72,MAE|SAE,11.535702136310835
2178,57,61,MAE|SAE,3.787911801543647
2179,57,61,MAE|SAE,6.354432265446306
2180,57,72,MAE|SAE,11.030319106190731
2181,57,67,MAE|SAE,8.240779881965647
2182,57,67,MAE|SAE,7.930938839953481
2183,57,60,MAE|SAE,5.2610418388202005
2184,57,59,MAE,3.8795145798428226
2185,57,59,MAE,13.600629320237234
2186,57,61,MAE|SAE,3.9032835640515455
2187,57,59,MAE,12.354741679813076
2188,57,59,MAE,6.533930966849834
2189,57,61,MAE,6.775177375209418
2190,57,61,MAE,9.691680855041325
2191,57,61,MAE|SAE,6.901470811795275
2192,57,72,MAE|SAE,14.805059354421058
2193,57,61,MAE,8.833362465882882
2194,57,59,MAE,5.466413089639452
2195,57,59,MAE,7.548628173444712
2196,57,65,MAE,7.889242100565977
2197,57,59,MAE,3.892765245041876
2198,57,59,MAE,10.26697256472245
2199,57,59,MAE,7.919021888269926
2200,57,59,MAE,6.7804880456143595
2201,57,64,LAE|MAE|SAE,5.704408176608408
2202,58,63,LAE|MAE|SAE,4.412015551980896
2203,58,59,LAE|MAE,1.5985835395052552
2204,58,59,LAE|MAE,1.6024627431281702
2205,57,60,MAE|SAE,7.034793733196831
2206,57,61,MAE|SAE,7.436705885915188
2207,57,61,MAE|SAE,7.494519041562758
2208,59,61,MAE|SAE,2.9081577073066445
2209,59,60,MAE|SAE,5.083276292100785
2210,59,61,MAE|SAE,4.529489678119051
2211,59,60,MAE|SAE,1.4417965842919216
2212,59,61,MAE|SAE,2.675256390420534
2213,59,60,MAE|SAE,2.1797078662926928
2214,59,65,LAE|MAE|SAE,4.5486049063064655
2215,59,61,MAE|SAE,3.1354531870526596
2216,59,61,MAE|SAE,2.433520697833021
2217,59,60,MAE|SAE,4.572550296061479
2218,59,60,MAE|SAE,2.3424438980126836
2219,59,60,MAE|SAE,2.7095869510134865
2220,59,61,MAE|SAE,2.749675556212385
2221,59,60,MAE|SAE,4.265549595179863
2222,59,61,MAE|SAE,3.270508951704354
2223,59,60,MAE|SAE,3.182151092480378
2224,59,60,MAE|SAE,3.0024404734279426
2225,59,60,MAE|SAE,4.4037739244455745
2226,59,61,MAE|SAE,3.341074819187972
2227,59,61,MAE|SAE,5.099783373368372
2228,59,60,MAE|SAE,2.7429045143616544
2229,59,60,MAE|SAE,3.9447982244615485
2230,59,60,MAE|SAE,2.693343009600167
2231,59,60,MAE|SAE,2.901778901738305
2232,59,65,LAE|MAE|SAE,4.425790158900232
2233,59,61,MAE|SAE,2.7861906785153288
2234,59,60,MAE|SAE,2.7054439603857805
2235,59,65,MAE|SAE,5.366010507625098
2236,59,60,MAE|SAE,2.954123828884384
2237,59,60,MAE|SAE,3.1407324140238755
2238,59,60,MAE|SAE,2.6934879120467317
2239,59,61,MAE|SAE,5.135842997742071
2240,59,61,MAE|SAE,4.60914851613482
2241,59,60,MAE|SAE,2.8134794737672406
2242,59,61,MAE|SAE,2.7398800570450392
2243,59,60,MAE|SAE,2.660509411031092
2244,59,60,MAE|SAE,3.7048920619488763
2245,59,60,MAE|SAE,13.202426276085053
2246,59,61,MAE|SAE,5.9621384603256375
2247,59,60,MAE|SAE,2.4028811286956664
2248,59,65,LAE|MAE|SAE,4.392440933661572
2249,59,61,MAE|SAE,2.2952209662062675
2250,59,61,MAE|SAE,5.719111617590815
2251,59,60,MAE|SAE,8.29563917525504
2252,59,60,MAE|SAE,2.785017314306977
2253,59,61,MAE|SAE,2.738688619833063
2254,59,65,MAE|SAE,4.508827435459504
2255,59,61,MAE|SAE,5.930865436583384
2256,59,61,MAE|SAE,2.8501772832334233
2257,59,60,MAE|SAE,1.988126614095145
2258,59,61,MAE|SAE,2.5609786262256677
2259,59,60,MAE|SAE,3.17656110647712
2260,59,61,MAE|SAE,6.131468569607281
2261,59,61,MAE|SAE,6.313653950417047
2262,59,60,MAE|SAE,5.660133514801334
2263,59,61,MAE|SAE,2.916253758941854
2264,59,61,MAE|SAE,4.036684725587015
2265,59,61,MAE|SAE,3.697579494992321
2266,59,60,MAE|SAE,3.0587842510024417
2267,59,61,MAE|SAE,3.996849929541429
2268,59,60,MAE|SAE,2.9936521949456556
2269,59,61,MAE|SAE,3.8416188634689763
2270,59,61,MAE|SAE,4.294713130597386
2271,59,60,MAE|SAE,4.656715668897189
2272,59,60,MAE|SAE,4.762553447552449
2273,59,61,MAE|SAE,2.4819632099399564
2274,59,60,MAE|SAE,5.211333042830437
2275,59,61,MAE|SAE,5.349279781755988
2276,59,61,MAE|SAE,4.633650037947593
2277,59,60,MAE|SAE,3.045453734596826
2278,59,60,MAE|SAE,2.5594734220177466
2279,59,60,MAE|SAE,5.026515342290873
2280,59,60,MAE|SAE,2.9952217344802183
2281,59,60,MAE|SAE,3.6554452052660698
2282,59,60,MAE|SAE,3.005205201465473
2283,59,60,MAE|SAE,5.495218887576852
2284,57,69,LAE|MAE|SAE,7.397975021595203
2285,59,61,MAE,8.831671221816118
2286,59,72,MAE|SAE,11.786644370587032
2287,59,61,MAE,10.135289782472007
2288,59,61,MAE,6.3482150636903025
2289,59,61,MAE,6.218951466086225
2290,59,64,MAE|SAE,8.621832411829075
2291,59,64,MAE|SAE,8.420785284034435
2292,59,63,MAE,8.987034628931614
2293,59,61,MAE,3.1266493799823025
2294,59,65,MAE,14.298194652580188
2295,59,61,MAE,4.645485306032275
2296,59,61,MAE,3.5379456835902863
2297,59,61,MAE,6.623513095768706
2298,59,61,MAE,6.56727444013493
2299,59,61,MAE,5.7732205248613715
2300,59,61,MAE,4.3629959987984135
2301,59,61,MAE,5.900325656375396
2302,59,61,MAE,5.592720293738121
2303,60,61,MAE|SAE,2.1768153733001308
2304,60,61,MAE|SAE,2.218691924283714
2305,60,61,MAE|SAE,4.1388242842285985
2306,60,61,MAE|SAE,2.2311675833568474
2307,60,61,MAE|SAE,3.9426317747573654
2308,60,61,MAE|SAE,2.5553357304247326
2309,60,61,MAE|SAE,2.2693030336747624
2310,60,61,MAE|SAE,2.9525296207946155
2311,60,61,MAE|SAE,2.6254975121485264
2312,60,61,MAE|SAE,3.50244540603221
2313,60,61,MAE|SAE,3.048002709517323
2314,60,61,MAE|SAE,3.942763412548545
2315,60,61,MAE|SAE,1.7043437718245764
2316,60,61,MAE|SAE,1.734357235477065
2317,60,61,MAE|SAE,1.716984383929549
2318,60,61,MAE|SAE,2.1058443088408234
2319,60,61,MAE|SAE,2.2440983338219733
2320,60,61,MAE|SAE,4.782667670221685
2321,60,64,MAE|SAE,4.196702298423889
2322,60,61,MAE|SAE,2.9530441107539533
2323,60,61,MAE|SAE,2.1879317125641133
2324,60,61,MAE|SAE,1.927341182707491
2325,60,61,MAE|SAE,2.707024966017825
2326,60,61,MAE|SAE,2.2021578421694685
2327,60,65,MAE|SAE,4.389888530938315
2328,60,65,LAE|MAE|SAE,3.970409740326624
2329,60,61,MAE|SAE,2.7532683009376426
2330,60,61,MAE|SAE,2.16130527374403
2331,60,61,MAE|SAE,3.574954729055319
2332,60,61,MAE|SAE,1.7699141733508625
2333,60,61,MAE|SAE,4.826917442177096
2334,60,61,MAE|SAE,3.716778616994125
2335,60,61,MAE|SAE,5.49569433431163
2336,60,61,MAE|SAE,7.183194040250391
2337,60,63,MAE|SAE,2.892773875125617
2338,60,65,MAE|SAE,5.25789137999438
2339,60,61,MAE|SAE,5.087165711294353
2340,60,61,MAE|SAE,2.157932408672397
2341,60,61,MAE|SAE,5.00892590677639
2342,60,61,MAE|SAE,1.9877946858218374
2343,58,78,LAE|MAE,36.169659678152165
2344,61,65,LAE|MAE|SAE,3.7544315108184443
2345,61,62,LAE|MAE,3.0463735288085463
2346,61,65,LAE|MAE|SAE,4.003269588903209
2347,61,65,LAE|MAE|SAE,4.698995027664817
2348,61,62,LAE|MAE,3.151991251450294
2349,61,62,LAE|MAE,2.773677847894496
2350,61,62,LAE|MAE,2.031069419174696
2351,61,65,LAE|MAE|SAE,3.2878987338396874
2352,61,65,LAE|MAE|SAE,4.547734285907028
2353,59,63,MAE,8.505471806586804
2354,59,63,MAE,8.817698458792886
2355,60,63,MAE|SAE,5.486632050352304
2356,61,63,MAE,10.403473241488578
2357,61,63,MAE,6.098517088923821
2358,61,67,MAE|SAE,4.879227341151312
2359,61,65,MAE,10.140202856263885
2360,61,65,MAE|SAE,4.0797150332651295
2361,61,71,MAE|SAE,9.748174829568496
2362,61,63,MAE,10.05138369699252
2363,61,65,MAE|SAE,3.3781846524777754
2364,61,63,MAE,7.931170167801157
2365,61,63,MAE,7.446954463763555
2366,61,64,MAE|SAE,3.2693726954252336
2367,61,63,MAE,3.1844369947499023
2368,61,63,MAE,10.204532584292023
2369,61,64,MAE|SAE,3.4555221706904957
2370,61,63,MAE,8.01467412944425
2371,61,63,MAE,4.746185154388028
2372,61,69,MAE|SAE,10.161445604151142
2373,61,63,MAE,5.738532748718332
2374,61,69,MAE|SAE,7.364085957163539
2375,61,63,MAE,2.1890581950452086
2376,61,63,MAE,7.353309747779099
2377,61,64,MAE|SAE,5.1379157756717415
2378,61,65,MAE|SAE,5.014736570263381
2379,61,63,MAE,4.399198923082001
2380,61,64,MAE|SAE,4.89692878205623
2381,61,63,MAE,4.5263463017210555
2382,61,65,MAE,10.059133758268624
2383,61,65,MAE|SAE,5.9789855323179655
2384,61,64,MAE|SAE,5.124852966510267
2385,61,69,MAE,9.912258872949193
2386,61,69,MAE|SAE,5.4308376830379865
2387,61,65,MAE|SAE,5.821442081493972
2388,61,69,MAE|SAE,5.66584713609042
2389,61,63,MAE,5.977649813270759
2390,61,69,MAE|SAE,10.049785756722747
2391,61,71,MAE,7.874267536207981
2392,61,65,MAE,5.905792396900476
2393,61,67,MAE,11.867715714387572
2394,61,65,MAE|SAE,4.542480276033479
2395,61,69,MAE|SAE,10.677830759182902
2396,61,67,MAE,5.744085472089538
2397,62,65,LAE|MAE|SAE,2.757163920514646
2398,62,65,LAE|MAE|SAE,2.709174222567034
2399,62,65,LAE|MAE|SAE,2.8052757382513263
2400,62,65,LAE|MAE|SAE,2.717948866646575
2401,62,65,LAE|MAE|SAE,3.845596681998005
2402,62,65,LAE|MAE|SAE,2.685571952308563
2403,62,64,LAE|MAE|SAE,10.085898505539275
2404,62,65,LAE|MAE|SAE,3.906208427776882
2405,62,63,LAE|MAE,3.7942684674281755
2406,63,64,MAE|SAE,2.5158964954374246
2407,63,64,MAE|SAE,7.666015225311348
2408,63,64,MAE|SAE,8.326736119743277
2409,63,65,MAE|SAE,3.3420871493396143
2410,63,67,MAE|SAE,3.9382095940782715
2411,63,64,MAE|SAE,2.240084927645612
2412,63,67,MAE|SAE,3.4593945115037315
2413,63,66,LAE|MAE|SAE,4.565363805261909
2414,63,65,MAE|SAE,3.035076620096831
2415,63,65,MAE|SAE,2.9054001002446213
2416,63,64,MAE|SAE,2.7351542452419757
2417,63,64,MAE|SAE,1.7017711716320745
2418,63,65,MAE|SAE,3.5651201640340124
2419,63,65,MAE|SAE,6.0995137783891265
2420,63,65,MAE|SAE,2.416125088237312
2421,63,64,MAE|SAE,1.6156929608197401
2422,63,65,MAE|SAE,3.9061483383332836
2423,63,64,MAE|SAE,5.172784326713082
2424,63,65,MAE|SAE,3.2215568580509637
2425,63,64,MAE|SAE,2.8637353622978154
2426,63,64,MAE|SAE,3.6013772793202783
2427,63,65,MAE|SAE,6.367513224115518
2428,63,65,MAE|SAE,3.033592605701658
2429,63,64,MAE|SAE,3.4974671926550123
2430,63,65,MAE|SAE,3.625468315312504
2431,63,64,MAE|SAE,2.042229540295313
2432,63,69,MAE|SAE,11.175972878433326
2433,63,65,MAE|SAE,6.465772933886432
2434,63,64,MAE|SAE,2.664105970971632
2435,63,64,MAE|SAE,2.1887734781446673
2436,63,65,MAE|SAE,3.057098941173312
2437,63,65,MAE|SAE,3.6340991999274332
2438,63,64,MAE|SAE,2.526237378508018
2439,63,69,MAE|SAE,5.9903920268037
2440,63,64,MAE|SAE,2.0182841902515474
2441,63,64,MAE|SAE,3.2052172348785377
2442,63,64,MAE|SAE,2.2443834056818788
2443,63,64,MAE|SAE,2.205886015705347
2444,63,64,MAE|SAE,2.191049343371609
2445,63,65,MAE|SAE,3.9658106989819117
2446,63,65,MAE|SAE,6.901464564494947
2447,63,64,MAE|SAE,5.246321049836942
2448,63,64,MAE|SAE,2.991798700031442
2449,63,65,MAE|SAE,4.287609776652507
2450,63,65,MAE|SAE,3.601541872705438
2451,63,65,MAE|SAE,6.135832177592914
2452,63,65,MAE|SAE,2.144012113073989
2453,63,65,MAE|SAE,7.010442200308832
2454,63,64,MAE|SAE,1.6865689013024483
2455,63,67,MAE|SAE,6.3263911779580955
2456,63,67,MAE|SAE,4.132301961424961
2457,63,64,MAE|SAE,6.218263568003624
2458,63,64,MAE|SAE,12.935320988058999
2459,63,64,MAE|SAE,7.083963800889528
2460,63,64,MAE|SAE,4.760418960388708
2461,63,64,MAE|SAE,2.879573115034486
2462,63,64,MAE|SAE,4.3442370219503115
2463,63,65,MAE|SAE,3.3449279609853204
2464,63,69,LAE|MAE|SAE,4.633825094235515
2465,63,65,MAE,9.534861145367401
2466,63,65,MAE,6.177715843731618
2467,63,71,MAE|SAE,8.651146276082336
2468,63,65,MAE,10.578628162454915
2469,63,65,MAE,3.163692752418176
2470,63,69,MAE,5.272510054800788
2471,63,65,MAE,8.76225910988194
2472,63,69,LAE|MAE,9.221052769852516
2473,63,65,MAE,4.67864013419854
2474,63,65,MAE,8.807952395798415
2475,63,67,MAE,9.839575714736354
2476,63,69,LAE|MAE|SAE,4.7115484752871755
2477,63,65,MAE,10.203221660290037
2478,63,65,MAE,7.07105211943339
2479,63,65,MAE,4.629032912170953
2480,63,65,MAE,2.131144156585123
2481,63,72,LAE|MAE|SAE,10.176001609518083
2482,63,65,MAE,4.447509092136852
2483,63,72,MAE|SAE,10.711403876680789
2484,63,65,MAE,2.8996996101685535
2485,63,67,LAE|MAE,4.431039651896434
2486,63,68,MAE|SAE,9.469645944445631
2487,63,65,MAE,4.892257909482593
2488,63,69,MAE,9.693141112680756
2489,64,65,MAE|SAE,8.304799055438345
2490,64,65,MAE|SAE,1.7947046077701403
2491,64,65,MAE|SAE,5.335151938172884
2492,64,65,MAE|SAE,1.7169649857418792
2493,64,65,MAE|SAE,2.513656725359331
2494,64,65,MAE|SAE,3.6378449280390304
2495,64,65,MAE|SAE,2.84971693308121
2496,64,65,MAE|SAE,2.755703982036757
2497,64,67,MAE|SAE,4.852401296776789
2498,64,65,MAE|SAE,5.532818232328371
2499,64,65,MAE|SAE,3.31679569713791
2500,64,65,MAE|SAE,2.558708613124948
2501,64,67,MAE|SAE,3.9023965448388505
2502,64,65,MAE|SAE,3.176059201769674
2503,64,65,MAE|SAE,3.0365170261050394
2504,64,65,MAE|SAE,3.2199053606931884
2505,64,65,MAE|SAE,2.211957522693646
2506,64,65,MAE|SAE,3.327922667752487
2507,64,65,MAE|SAE,3.462185138479791
2508,64,65,MAE|SAE,2.503668108533109
2509,64,65,MAE|SAE,2.9748734375386268
2510,64,67,MAE|SAE,3.1996239079753286
2511,64,65,MAE|SAE,3.5335598611885355
2512,64,69,MAE|SAE,8.184957193027582
2513,64,65,MAE|SAE,1.8308766221454378
2514,64,65,MAE|SAE,5.776193557166505
2515,64,65,MAE|SAE,2.5794440044368576
2516,64,65,MAE|SAE,2.856302188080125
2517,64,65,MAE|SAE,1.7632549024787156
2518,64,65,MAE|SAE,3.015803664562282
2519,64,65,MAE|SAE,2.2383821393828165
2520,64,65,MAE|SAE,3.728092588483443
2521,64,69,MAE|SAE,8.98265803920967
2522,64,67,MAE|SAE,3.3905775056742957
2523,64,65,MAE|SAE,2.7643399338641315
2524,64,65,MAE|SAE,1.5302187168032937
2525,64,69,MAE|SAE,8.080417309578502
2526,64,67,MAE|SAE,3.2712169262067885
2527,65,66,LAE|MAE,2.2068624042216003
2528,65,66,LAE|MAE,1.9667192499210344
2529,65,71,LAE|MAE|SAE,8.413268343434426
2530,65,67,LAE|MAE,3.0303856744008946
2531,65,66,LAE|MAE,2.56584084699007
2532,65,66,LAE|MAE,2.383181093666531
2533,65,66,LAE|MAE,2.113356992843951
2534,65,67,LAE|MAE,6.9311460201809405
2535,65,71,LAE|MAE,9.002312357709114
2536,63,67,MAE,6.704276915464101
2537,63,71,MAE,7.963056739717999
2538,63,71,MAE,10.57852018616119
2539,65,71,MAE|SAE,8.57525722742733
2540,65,67,MAE,7.0227148332143114
2541,65,69,MAE|SAE,7.963612459572667
2542,65,67,MAE,3.789927320756355
2543,65,69,MAE|SAE,4.388927577670474
2544,65,67,MAE,2.690657405364044
2545,65,67,MAE,3.5245871351338605
2546,65,67,MAE,2.620846671687777
2547,65,71,MAE,8.18087067072094
2548,65,69,MAE|SAE,9.470614226261722
2549,65,67,MAE,6.996312093786268
2550,65,67,MAE,51.807632274958024
2551,65,71,MAE,8.612684273103948
2552,65,69,MAE|SAE,8.195249121706498
2553,65,69,MAE|SAE,3.552537352048013
2554,65,69,MAE|SAE,7.73831460605769
2555,65,69,MAE|SAE,8.531919790139304
2556,65,67,MAE,3.6604239713256947
2557,65,67,MAE,2.8393420139496324
2558,65,71,MAE|SAE,7.9733953574906575
2559,65,68,MAE|SAE,8.17055830269641
2560,65,69,MAE,8.230223824945732
2561,65,69,MAE,7.95623850560786
2562,65,67,MAE,6.69082540973664
2563,65,71,MAE,8.522151451763776
2564,65,67,MAE,7.265712105862854
2565,65,69,MAE|SAE,9.078964369830196
2566,65,68,MAE|SAE,6.673007874332917
2567,65,69,MAE,7.415604776156517
2568,65,67,MAE,2.515358778294956
2569,65,71,MAE|SAE,8.445427712300745
2570,65,69,MAE|SAE,9.299067948937282
2571,65,71,MAE,6.044517925306011
2572,65,71,MAE,5.853143866338214
2573,65,68,MAE|SAE,3.3592996585189083
2574,65,69,MAE|SAE,7.999250844305235
2575,65,67,MAE,9.053638144788179
2576,65,69,MAE,9.077603292631876
2577,65,67,MAE,2.4307395992656136
2578,65,67,MAE,2.6929204489512046
2579,65,67,MAE,2.7389007909349488
2580,65,69,MAE,8.300098153475005
2581,65,69,MAE|SAE,8.66850577663149
2582,65,68,MAE|SAE,9.871722793898686
2583,65,67,MAE,9.106393187219009
2584,65,68,MAE|SAE,7.688454556812965
2585,65,69,MAE|SAE,5.174089503658415
2586,65,68,MAE|SAE,5.062077242402643
2587,65,67,MAE,7.527195386667694
2588,65,69,MAE,4.107480665997939
2589,65,69,MAE,3.9294504525825444
2590,65,69,MAE|SAE,4.749131953248827
2591,66,68,LAE|MAE|SAE,6.893012975189653
2592,66,67,LAE|MAE,2.606672048144025
2593,66,67,LAE|MAE,2.247653287238172
2594,65,69,MAE|SAE,8.315776586630802
2595,65,72,MAE|SAE,9.122614650941852
2596,65,69,MAE|SAE,3.5927547587563056
2597,67,69,MAE|SAE,2.4017928584707047
2598,67,69,MAE|SAE,2.3911424282305553
2599,67,69,MAE|SAE,2.4122258852027088
2600,67,68,MAE|SAE,6.368995783637288
2601,67,69,MAE|SAE,2.414061444495287
2602,67,69,MAE|SAE,2.4156680463293854
2603,67,69,MAE|SAE,2.407529088131875
2604,67,69,MAE|SAE,2.424737631745792
2605,67,68,MAE|SAE,6.3506008215070775
2606,67,69,MAE|SAE,2.3939015897782836
2607,67,69,MAE|SAE,2.4249032175013103
2608,67,68,MAE|SAE,1.7540479169005059
2609,67,69,MAE|SAE,2.380623444411433
2610,67,69,MAE|SAE,6.023813441321283
2611,67,71,MAE|SAE,7.431648096486473
2612,67,68,MAE|SAE,2.418114011085259
2613,67,69,MAE|SAE,7.416059426855406
2614,67,69,MAE|SAE,2.409338915617396
2615,67,71,MAE|SAE,6.945571226029203
2616,67,69,MAE|SAE,7.010634729249899
2617,67,71,MAE|SAE,8.13838878521882
2618,67,69,MAE|SAE,2.643370001900584
2619,67,71,MAE|SAE,7.491876015815655
2620,67,69,MAE|SAE,4.202507052690638
2621,67,69,MAE|SAE,3.966313690559812
2622,67,68,MAE|SAE,2.442131923050032
2623,67,68,MAE|SAE,6.559706210308791
2624,67,69,MAE|SAE,6.966829749372225
2625,67,69,MAE|SAE,7.35981959610374
2626,67,69,MAE|SAE,2.4205893953338573
2627,67,68,MAE|SAE,2.8803724824716093
2628,67,68,MAE|SAE,6.236797852843674
2629,67,71,LAE|MAE|SAE,8.18767610565294
2630,67,69,MAE|SAE,2.3435947244178803
2631,67,69,MAE|SAE,2.8603115454223698
2632,67,68,MAE|SAE,1.9192016929486964
2633,67,68,MAE|SAE,3.810971800261096
2634,67,69,MAE|SAE,7.371189109854963
2635,67,68,MAE|SAE,7.126418108993656
2636,67,68,MAE|SAE,2.135860856097204
2637,67,68,MAE|SAE,2.3994333095535776
2638,67,69,MAE|SAE,7.189444425189459
2639,67,69,MAE|SAE,7.582191731679803
2640,67,69,MAE|SAE,7.371525950431318
2641,67,68,MAE|SAE,6.5949941174307405
2642,67,68,MAE|SAE,1.855093324150167
2643,67,69,MAE|SAE,5.867287017532509
2644,67,68,MAE|SAE,2.0383464230366015
2645,67,69,MAE|SAE,3.272254070426116
2646,67,68,MAE|SAE,2.6628195873710228
2647,67,69,MAE|SAE,6.495269528418119
2648,67,68,MAE|SAE,6.890056586395481
2649,67,69,MAE|SAE,7.12089638672365
2650,67,69,MAE|SAE,2.398484373630919
2651,67,71,MAE|SAE,3.9836723213839336
2652,65,69,MAE,7.859007275051674
2653,67,69,MAE,2.4935971089224704
2654,67,69,MAE,6.4817101076216606
2655,67,69,MAE,24.239895999440808
2656,67,69,MAE,8.509604101600495
2657,67,69,MAE,7.772513298440102
2658,67,69,MAE,7.0192673760360424
2659,67,69,MAE,57.42474045700072
2660,67,69,MAE,6.856133169220034
2661,67,69,MAE,7.4725513333805935
2662,67,69,MAE,3.2550594645409334
2663,67,69,MAE,7.6252935958619785
2664,67,69,MAE,6.244566054860374
2665,67,71,MAE,7.751204638335752
2666,67,69,MAE,7.1929827778378055
2667,67,69,MAE,6.126650830600927
2668,67,69,MAE,8.21754016895088
2669,67,71,MAE,4.306237140884703
2670,67,71,MAE,6.737103870598846
2671,67,69,MAE,2.449887728571453
2672,67,71,MAE,7.604459825337039
2673,67,69,MAE,41.84395095310433
2674,67,73,MAE,29.943498387702
2675,67,71,MAE,38.44923931736426
2676,67,71,MAE,7.125340893494006
2677,67,69,MAE,7.117344209029065
2678,67,69,MAE,7.733462112981716
2679,67,69,MAE,7.448364462548346
2680,67,69,MAE,30.939870570446956
2681,67,69,MAE,31.555654165102364
2682,67,73,MAE,8.971277381939075
2683,67,80,MAE|SAE,28.736313172578235
2684,67,71,MAE,7.4020947299104325
2685,67,69,MAE,54.32325886959303
2686,67,69,MAE,6.957998403560914
2687,67,69,MAE,7.031062362645167
2688,67,71,MAE,4.49216851864412
2689,67,69,MAE,8.579573796320586
2690,67,73,MAE,6.766550952595248
2691,67,73,MAE,35.329122768820575
2692,67,69,MAE,7.424465084428528
2693,67,69,MAE,7.660635067776363
2694,67,69,MAE,55.340460307617214
2695,67,75,MAE,34.3234204275332
2696,67,69,MAE,26.286140206418995
2697,67,73,MAE,37.419512711718646
2698,67,69,MAE,6.55043254469775
2699,67,69,MAE,4.317642131028096
2700,67,69,MAE,6.596010341972934
2701,67,73,MAE,5.541235281865125
2702,67,69,MAE,6.838758100817243
2703,67,69,MAE,57.012250055937216
2704,67,71,MAE,4.071593161094894
2705,67,71,MAE,36.11579883836106
2706,67,69,MAE,3.2506125317320222
2707,67,69,MAE,39.72034623644651
2708,67,69,MAE,7.0671083977968765
2709,67,69,MAE,6.773184749669867
2710,67,69,MAE,6.379161289736613
2711,67,71,MAE,7.783790019020403
2712,68,69,MAE|SAE,2.635505977962983
2713,68,69,MAE|SAE,6.9333157698268915
2714,68,69,MAE|SAE,7.587311799695534
2715,68,69,MAE|SAE,6.992061597914044
2716,68,69,MAE|SAE,6.406817493812565
2717,68,69,MAE|SAE,1.801825000214628
2718,68,69,MAE|SAE,1.8553964387782145
2719,68,69,MAE|SAE,2.2632959938319925
2720,68,69,MAE|SAE,6.215472342220058
2721,68,69,MAE|SAE,6.09507704244903
2722,68,71,MAE|SAE,3.7635631575973476
2723,68,69,MAE|SAE,2.4953034971099686
2724,68,69,MAE|SAE,6.529449885036724
2725,68,69,MAE|SAE,1.770672277090819
2726,68,69,MAE|SAE,7.811087721287528
2727,68,69,MAE|SAE,5.683990014364335
2728,68,69,MAE|SAE,6.017014085265455
2729,68,69,MAE|SAE,1.6745084834164927
2730,68,69,MAE|SAE,4.144145280308508
2731,68,69,MAE|SAE,7.443354398988475
2732,68,69,MAE|SAE,5.479336011261198
2733,68,69,MAE|SAE,6.689862266132358
2734,68,69,MAE|SAE,5.7031222419711085
2735,68,69,MAE|SAE,2.0511232930736902
2736,68,69,MAE|SAE,1.6254012435531353
2737,68,71,MAE|SAE,4.006713451629063
2738,68,69,MAE|SAE,3.8135227747375673
2739,68,69,MAE|SAE,2.4970886436441035
2740,69,70,LAE|MAE,6.028623619351975
2741,69,71,LAE|MAE,3.2572902212875103
2742,69,71,LAE|MAE,3.2277219129705914
2743,69,71,LAE|MAE,4.201011113708266
2744,69,71,LAE|MAE,2.663762836023944
2745,69,70,LAE|MAE,7.177845385039632
2746,67,72,MAE|SAE,6.605743398754536
2747,67,71,MAE,7.306134403688909
2748,67,71,MAE,7.981774551959088
2749,68,71,MAE|SAE,6.839255376634936
2750,69,71,MAE,14.25576089299805
2751,69,71,MAE,6.467002788488117
2752,69,71,MAE,34.97939437771883
2753,69,71,MAE,32.022927002985476
2754,69,71,MAE,32.86911905844988
2755,69,71,MAE,5.583848456775033
2756,69,71,MAE,6.956188815040846
2757,69,71,MAE,2.9418744519494147
2758,69,71,MAE,3.111906278098739
2759,69,71,MAE,31.02219263583991
2760,69,71,MAE,2.9242342283537797
2761,69,71,MAE,4.420240158814974
2762,69,71,MAE,6.609004154604701
2763,69,71,MAE,3.155484876818267
2764,69,71,MAE,3.45632211919223
2765,69,71,MAE,37.509408778627886
2766,69,71,MAE,36.72650900156361
2767,69,71,MAE,7.640693775746367
2768,69,71,MAE,6.570205498390761
2769,69,71,MAE,51.312460913437704
2770,69,71,MAE,3.0082444866031093
2771,69,71,MAE,6.766099655363892
2772,69,71,MAE,6.340255346303507
2773,69,71,MAE,3.845125759152633
2774,69,71,MAE,2.9259340506507807
2775,69,80,MAE|SAE,34.138184213179784
2776,69,71,MAE,2.70662286802501
2777,69,71,MAE,43.46218934808575
2778,69,71,MAE,3.249714133835068
2779,69,71,MAE,3.8380048593302143
2780,69,71,MAE,3.187456842853665
2781,69,77,MAE,35.79709952969053
2782,70,71,LAE|MAE,2.3694197805140114
2783,70,72,LAE|MAE|SAE,4.785630638354964
2784,70,71,LAE|MAE,2.408017952278903
2785,71,72,MAE|SAE,2.6266220136318545
2786,71,73,MAE|SAE,6.114991924523778
2787,71,72,MAE|SAE,4.196171899987953
2788,71,72,MAE|SAE,1.827552807098803
2789,71,72,MAE|SAE,1.8712572203884557
2790,69,73,MAE,6.017570355629977
2791,71,74,LAE|MAE,3.7262553165145045
2792,71,73,MAE,57.43867432067075
2793,71,77,MAE,28.659515374729644
2794,71,73,MAE,28.38559368402227
2795,71,73,MAE,42.490814580636794
2796,71,73,MAE,19.30213718129733
2797,71,73,MAE,34.47151953237672
2798,71,73,MAE,33.36617683500463
2799,71,73,MAE,42.30944091490318
2800,71,73,MAE,36.307712244208275
2801,71,73,MAE,31.10044901301201
2802,71,73,MAE,26.90899447239476
2803,71,73,MAE,38.53397369089293
2804,71,73,MAE,49.63380602008837
2805,71,73,MAE,28.005147275074883
2806,71,73,MAE,18.860765659915373
2807,71,77,MAE,26.92078395092198
2808,71,77,MAE,26.491145933491012
2809,71,77,MAE,35.71072584839198
2810,71,73,MAE,24.48986430609878
2811,71,73,MAE,20.454963439871214
2812,71,73,MAE,32.77374862195354
2813,71,75,MAE,33.643798868826956
2814,71,75,MAE,41.755039477231584
2815,71,75,MAE,42.54993937380197
2816,71,73,MAE,34.67959108458021
2817,71,80,MAE|SAE,28.561499375737395
2818,71,73,MAE,56.415801561946644
2819,71,73,MAE,26.022762846811112
2820,71,73,MAE,37.523410291444534
2821,71,73,MAE,25.14798235483159
2822,71,80,MAE|SAE,27.19159119140448
2823,71,73,MAE,29.114444687641928
2824,71,75,MAE,24.853966558623153
2825,71,75,LAE|MAE,44.23126067529656
2826,71,73,MAE,29.869736418046507
2827,71,73,MAE,25.56706412402485
2828,71,73,MAE,38.77255110360827
2829,71,73,MAE,45.188383605075835
2830,71,75,MAE,23.95573122955048
2831,71,77,MAE,45.801544365937666
2832,71,73,MAE,31.43455371582104
2833,71,73,MAE,20.09626795289763
2834,71,75,MAE,39.73531535800012
2835,71,73,MAE,29.594398660919037
2836,71,73,MAE,23.966701019915607
2837,71,73,MAE,30.1507744010923
2838,71,73,MAE,55.015715915456425
2839,71,73,MAE,17.23954313564714
2840,71,75,MAE,18.722134705748868
2841,71,73,MAE,14.778459851268071
2842,71,73,MAE,46.58651446120711
2843,71,73,MAE,36.99635165099673
2844,71,73,MAE,34.76582320023308
2845,71,73,MAE,25.506938405497408
2846,71,73,MAE,33.839467134104574
2847,71,75,MAE,28.976729044852327
2848,71,73,MAE,34.09307980046664
2849,71,73,MAE,24.607918513101733
2850,71,73,MAE,24.669604864220545
2851,71,77,MAE,31.92913890033645
2852,71,73,MAE,12.618226726379275
2853,71,73,MAE,28.155541147164502
2854,71,75,MAE,52.866025926768835
2855,71,73,MAE,29.648086814949927
2856,71,75,MAE,25.878922536537953
2857,71,73,MAE,41.40699603686405
2858,71,80,MAE|SAE,36.6819494598709
2859,71,73,MAE,20.063858086425494
2860,71,73,MAE,40.2750050825956
2861,71,73,MAE,21.756848778745525
2862,71,73,MAE,31.608854868786526
2863,71,73,MAE,37.91999767442643
2864,71,73,MAE,41.50681284047239
2865,71,75,MAE,33.86499832490382
2866,71,75,MAE,41.52456862867128
2867,71,73,MAE,31.91714630102418
2868,71,77,MAE,35.482336992636725
2869,71,75,MAE,28.402968420351364
2870,71,77,MAE,33.15506276076063
2871,71,73,MAE,31.098366014903313
2872,71,73,MAE,56.097766382112624
2873,71,73,MAE,49.58905629664824
2874,71,73,MAE,42.84122324902866
2875,71,73,MAE,32.273219179222494
2876,71,73,MAE,31.094622353660696
2877,71,80,MAE|SAE,20.17617750259722
2878,71,75,MAE,25.458709414993205
2879,71,73,MAE,14.438652799536035
2880,71,73,MAE,17.77371900560474
2881,71,77,MAE,27.330588721452905
2882,71,73,MAE,34.58454241154152
2883,71,73,MAE,16.762115548041223
2884,71,73,MAE,36.90597469682655
2885,71,73,MAE,28.183991407896333
2886,71,73,MAE,27.386788782263466
2887,71,73,MAE,25.137606651780334
2888,71,77,MAE,32.55734676217017
2889,71,73,MAE,34.67484365965358
2890,72,73,MAE|SAE,2.4012447109662016
2891,72,74,LAE|MAE|SAE,2.907811327421613
2892,72,74,LAE|MAE|SAE,2.8873391627769607
2893,72,73,MAE|SAE,2.601298950796346
2894,70,82,LAE|MAE,34.55531088011039
2895,73,74,LAE|MAE,3.5112182500543683
2896,73,74,LAE|MAE,3.6295399082079234
2897,73,74,LAE|MAE,2.203551650808575
2898,73,74,LAE|MAE,2.9969299937059404
2899,73,75,LAE|MAE,4.987207754248904
2900,73,74,LAE|MAE,2.749881482117422
2901,73,75,LAE|MAE,3.105989099097979
2902,73,74,LAE|MAE,3.2222455155547722
2903,73,74,LAE|MAE,2.983942870628668
2904,73,78,LAE|MAE,32.81515170244207
2905,73,74,LAE|MAE,3.164710622990892
2906,73,74,LAE|MAE,2.939947841488772
2907,73,74,LAE|MAE,2.3832438644045637
2908,73,74,LAE|MAE,3.742199390171333
2909,73,75,LAE|MAE,2.6850896667084587
2910,73,74,LAE|MAE,23.20748446581953
2911,73,74,LAE|MAE,3.714621257117669
2912,73,74,LAE|MAE,1.8369874527378056
2913,73,74,LAE|MAE,29.404583931372326
2914,73,75,LAE|MAE,3.864358441162949
2915,73,74,LAE|MAE,4.911905292219002
2916,73,79,LAE|MAE,27.168221086113427
2917,71,77,MAE,41.88083178814818
2918,71,75,MAE,46.09667781685238
2919,73,75,MAE,28.649680214674145
2920,73,75,MAE,20.461170915589904
2921,73,75,MAE,46.45328736073631
2922,73,77,MAE,22.634161794710362
2923,73,75,MAE,24.280823867789273
2924,73,75,MAE,25.6158551552185
2925,73,75,MAE,18.18211952649753
2926,73,75,MAE,32.22731577360467
2927,73,75,MAE,48.707488488936214
2928,73,75,MAE,22.340030053930043
2929,73,77,MAE,47.034602172776104
2930,73,77,MAE,18.6300430674706
2931,73,75,MAE,18.74637199696988
2932,73,75,MAE,18.363818482881708
2933,73,75,MAE,38.88223699728793
2934,73,75,MAE,38.47918486109762
2935,74,78,LAE|MAE,24.969962504676477
2936,74,75,LAE|MAE,24.104006815570248
2937,74,77,LAE|MAE,23.453516362054543
2938,74,77,LAE|MAE,38.17452917876844
2939,74,75,LAE|MAE,24.501170551719763
2940,74,75,LAE|MAE,50.69329520965365
2941,74,79,LAE|MAE,25.08874928468966
2942,74,75,LAE|MAE,34.97534948776156
2943,74,78,LAE|MAE,22.537059366797752
2944,74,79,LAE|MAE,40.10954510491741
2945,74,75,LAE|MAE,51.67405629492657
2946,74,75,LAE|MAE,4.4483181108407255
2947,74,75,LAE|MAE,29.689363077141017
2948,73,77,MAE,38.06780070113126
2949,73,77,MAE,19.33608293200866
2950,73,77,MAE,47.30556493988725
2951,73,80,MAE|SAE,49.65102338806442
2952,73,77,MAE,29.137766254533698
2953,73,77,MAE,15.33350072130074
2954,73,77,MAE,21.978439971242558
2955,73,77,MAE,39.257853802994646
2956,73,77,MAE,29.077090906238357
2957,73,77,MAE,37.57609211497408
2958,73,77,MAE,28.036104195623004
2959,73,77,MAE,23.15537852172702
2960,73,77,MAE,54.5687559025523
2961,73,77,MAE,20.75554532489351
2962,73,77,MAE,38.2690989311057
2963,73,77,MAE,19.521345217441013
2964,73,77,MAE,37.096830743693786
2965,73,77,MAE,20.7315754187853
2966,73,77,MAE,48.435048130062015
2967,73,77,MAE,41.245731807449054
2968,73,77,MAE,34.64384756145327
2969,73,77,MAE,24.70464352546538
2970,75,77,MAE,24.83760088344765
2971,75,77,MAE,26.765021977519364
2972,75,79,MAE,21.40384959008437
2973,75,77,MAE,25.47319218430729
2974,75,81,LAE|MAE,22.790871460408912
2975,75,77,MAE,38.09933676540914
2976,75,77,MAE,22.24569726264834
2977,75,77,MAE,38.66788835175656
2978,75,77,MAE,36.857439961726065
2979,75,77,MAE,29.655631512978175
2980,75,77,MAE,24.271351068699015
2981,75,77,MAE,21.441488328748246
2982,75,77,MAE,27.316791609460875
2983,75,77,MAE,25.326000307429435
2984,75,77,MAE,34.39449784044266
2985,75,77,MAE,47.45493921646811
2986,75,77,MAE,31.587255322143164
2987,75,77,MAE,23.014513080452552
2988,75,80,MAE|SAE,30.601413061020043
2989,75,77,MAE,21.99491544114033
2990,75,80,MAE|SAE,56.133637271072075
2991,75,77,MAE,24.519801856135643
2992,75,77,MAE,34.001212628775065
2993,75,77,MAE,17.06209126893924
2994,75,77,MAE,22.021662197706775
2995,75,79,MAE,22.78128206040307
2996,75,77,MAE,22.00390468866007
2997,75,80,MAE|SAE,21.55469318472792
2998,75,77,MAE,48.8967596540733
2999,75,77,MAE,43.754075451466
3000,75,77,MAE,26.06884221841891
3001,75,80,MAE|SAE,40.06165363448014
3002,74,81,LAE|MAE,27.447468599941185
3003,74,78,LAE,23.6708254808272
3004,74,78,LAE,24.64959863458307
3005,74,78,LAE,38.448693293959586
3006,74,78,LAE,27.574092276869315
3007,74,78,LAE,16.615775754481003
3008,74,78,LAE,23.871856409170686
3009,74,78,LAE,28.18036312301171
3010,74,78,LAE,35.8920234022676
3011,74,78,LAE,26.899683321116893
3012,74,78,LAE,24.051296098534237
3013,74,78,LAE,27.23625145352637
3014,74,78,LAE,32.756828496506536
3015,74,78,LAE,27.984370653674304
3016,74,78,LAE,20.352156943952057
3017,74,78,LAE,55.690165994187
3018,74,78,LAE,26.342484610414775
3019,74,78,LAE,31.462770261169553
3020,75,78,LAE|MAE,24.19880227541663
3021,75,78,LAE|MAE,36.2486681051194
3022,75,78,LAE|MAE,58.453212065663635
3023,75,86,LAE|MAE,52.85279086493741
3024,77,78,LAE|MAE,40.10320363106068
3025,75,79,MAE,41.74687265908537
3026,75,79,MAE,48.13873080199604
3027,75,81,MAE,24.513942261133227
3028,75,83,MAE|SAE,30.758711696522838
3029,75,79,MAE,19.80434767915213
3030,78,79,LAE|MAE,47.31443797313468
3031,78,79,LAE|MAE,2.6725242364111796
3032,78,79,LAE|MAE,22.153650032116214
3033,78,79,LAE|MAE,19.246171827419666
3034,78,79,LAE|MAE,25.819882707692337
3035,77,80,MAE|SAE,17.592381512276933
3036,77,80,MAE|SAE,40.32043017575635
3037,77,80,MAE|SAE,25.320969062154376
3038,77,80,MAE|SAE,25.158978778114463
3039,77,80,MAE|SAE,21.55510526236099
3040,77,80,MAE|SAE,48.07589670586918
3041,77,80,MAE|SAE,19.83317936433229
3042,77,80,MAE|SAE,59.931952519142776
3043,77,80,MAE|SAE,22.13614997754271
3044,77,80,MAE|SAE,41.87553553343127
3045,77,80,MAE|SAE,22.55524315490674
3046,77,80,MAE|SAE,16.605435091514675
3047,79,80,MAE|SAE,1.9204223338715602
3048,79,81,MAE,28.706986002880747
3049,79,81,MAE,39.767760419614746
3050,79,81,MAE,32.18699438524377
3051,79,81,MAE,23.737963110595693
3052,79,81,MAE,19.45000160224957
3053,78,82,LAE,17.89918474309358
3054,78,82,LAE,52.74791626415381
3055,78,82,LAE,22.991575667213677
3056,78,82,LAE,27.674672765068745
3057,81,84,MAE|SAE,18.731772340816423
3058,83,84,SAE,20.406138153819505
3059,83,84,SAE,42.467094739712294
3060,83,84,SAE,2.079732069049016
3061,82,101,LAE|MAE|SAE,58.09748342151779
3062,82,85,LAE|MAE,7.3548958572010275
3063,82,85,LAE|MAE,19.668739046798677
3064,82,85,LAE|MAE,24.30031448990399
3065,82,85,LAE|MAE,20.115424110370714
3066,82,86,LAE,43.24861511446116
3067,82,89,LAE|MAE,26.05308677594699
3068,82,94,LAE|MAE,57.4722775912746
3069,82,115,LAE|MAE|SAE,39.9120747256145
3070,82,86,LAE,23.084630719935117
3071,82,86,LAE,22.50159344896699
3072,82,86,LAE,19.02258464468821
3073,85,91,LAE|MAE,15.370209343273377
3074,85,86,LAE|MAE,15.876222159730684
3075,85,86,LAE|MAE,15.468200561487421
3076,85,87,MAE,29.770164196142513
3077,86,87,LAE|MAE,17.737229190190998
3078,87,88,MAE|SAE,50.576022791140815
3079,86,89,LAE|MAE,52.14613113267656
3080,86,89,LAE|MAE,22.066686304485494
3081,86,113,LAE|MAE|SAE,49.85907783787208
3082,86,93,LAE|MAE|SAE,49.61449860911837
3083,86,96,LAE|MAE|SAE,27.547921065729962
3084,86,89,LAE|MAE,19.34268558914499
3085,88,94,LAE|MAE|SAE,17.171701784220335
3086,86,90,LAE,25.556455302622677
3087,86,90,LAE,59.5085456439891
3088,86,94,LAE|MAE,51.19030167453887
3089,87,90,LAE|MAE,53.37059563751857
3090,89,91,LAE|MAE,25.698410090881218
3091,89,94,LAE|MAE,16.084980631001212
3092,89,90,LAE|MAE,18.041359356641074
3093,89,90,LAE|MAE,28.00209887927947
3094,89,90,LAE|MAE,14.963847877313286
3095,89,91,LAE|MAE,31.74572949407206
3096,89,112,LAE|MAE|SAE,42.79563591036838
3097,89,91,LAE|MAE,55.88676765380411
3098,89,97,LAE|MAE|SAE,45.71906807497566
3099,89,93,LAE|MAE|SAE,14.176760755347091
3100,89,106,LAE|MAE|SAE,58.65586570690751
3101,89,91,LAE|MAE,22.337163643357357
3102,89,126,LAE|MAE|SAE,30.223288926763946
3103,89,95,LAE|MAE|SAE,34.67081809139191
3104,89,91,LAE|MAE,45.34623845227409
3105,89,91,LAE|MAE,41.295084737097255
3106,89,90,LAE|MAE,24.35581523362609
3107,89,101,LAE|MAE|SAE,30.194819935895538
3108,89,90,LAE|MAE,31.02423142212585
3109,89,90,LAE|MAE,26.610081818092947
3110,89,94,LAE|MAE,40.715603168197255
3111,89,90,LAE|MAE,18.581940230471815
3112,89,90,LAE|MAE,13.558773200735255
3113,89,90,LAE|MAE,24.46574732660364
3114,89,90,LAE|MAE,15.272633274060313
3115,87,119,LAE|MAE|SAE,49.12631943668543
3116,88,100,LAE|MAE|SAE,33.760488723309855
3117,88,91,MAE|SAE,32.26158491133163
3118,89,91,MAE,33.29738700710466
3119,89,91,MAE,7.7898186957919755
3120,89,91,MAE,46.1242220055091
3121,89,111,LAE|MAE|SAE,51.51539787279871
3122,89,91,MAE,36.79298535619961
3123,89,97,MAE|SAE,52.2063470609684
3124,90,93,LAE|MAE|SAE,12.28243591465148
3125,90,97,LAE|MAE|SAE,14.942093836111356
3126,90,91,LAE|MAE,35.729158715432725
3127,90,91,LAE|MAE,9.731508768189688
3128,90,95,LAE|MAE,29.982008258221022
3129,90,91,LAE|MAE,16.068992270128284
3130,90,126,LAE|MAE|SAE,45.90408489260759
3131,90,94,LAE|MAE|SAE,34.85445308193593
3132,90,91,LAE|MAE,2.2719337623898275
3133,90,91,LAE|MAE,14.91086249911028
3134,90,91,LAE|MAE,3.4632650436706047
3135,90,91,LAE|MAE,54.06521514794608
3136,90,91,LAE|MAE,14.757449856548641
3137,90,91,LAE|MAE,38.63645056313227
3138,90,91,LAE|MAE,52.476716862672376
3139,90,95,LAE|MAE|SAE,35.10142633094489
3140,90,91,LAE|MAE,10.447461858117984
3141,90,109,LAE|MAE,33.76642380388248
3142,90,93,LAE|MAE|SAE,28.18529604466407
3143,90,95,LAE|MAE,31.828762432768038
3144,90,91,LAE|MAE,48.29902462640331
3145,90,93,LAE|MAE|SAE,29.963166188079242
3146,90,96,LAE|MAE|SAE,42.79961637594787
3147,90,91,LAE|MAE,25.89224498069853
3148,88,100,SAE,32.47699383534125
3149,88,92,SAE,46.39933218187576
3150,88,95,MAE|SAE,31.01676812919658
3151,89,99,MAE|SAE,51.91574631015944
3152,91,93,MAE|SAE,32.07091406402084
3153,91,92,MAE|SAE,3.625802679593399
3154,91,92,MAE|SAE,32.853859357847206
3155,91,95,MAE|SAE,33.873110863183115
3156,89,113,LAE|MAE|SAE,48.459043733222806
3157,91,93,MAE|SAE,1.8077195418845577
3158,91,93,MAE|SAE,26.088777525805387
3159,91,93,MAE|SAE,8.253389292891924
3160,91,93,MAE|SAE,44.94699185030424
3161,91,93,MAE|SAE,49.88591564078094
3162,91,98,LAE|MAE|SAE,30.18810284634405
3163,91,93,MAE|SAE,58.20702066509169
3164,91,93,MAE|SAE,9.462467555937076
3165,91,93,MAE|SAE,31.5655234464485
3166,91,93,MAE|SAE,8.442449156911593
3167,91,93,MAE|SAE,34.13278185295477
3168,91,94,LAE|MAE|SAE,10.30494142461201
3169,91,96,LAE|MAE|SAE,32.15075883391849
3170,92,93,SAE,8.99862657461051
3171,92,93,SAE,16.538263052711216
3172,92,93,SAE,30.549487089906133
3173,90,126,LAE|MAE|SAE,48.044500325012166
3174,90,105,LAE|MAE|SAE,47.04992715912859
3175,90,102,LAE,51.64690610692642
3176,90,94,LAE,7.272751353160663
3177,90,98,LAE|MAE|SAE,36.82495767618562
3178,90,98,LAE,45.57733543061521
3179,90,94,LAE,56.39301411273886
3180,90,95,LAE|MAE,40.46903578945701
3181,91,126,LAE|MAE|SAE,45.372731545033965
3182,91,121,LAE|MAE|SAE,40.84308199523346
3183,91,94,LAE|MAE,34.98798633423926
3184,91,97,MAE|SAE,36.20448782496725
3185,91,97,MAE,24.41988769311348
3186,91,112,LAE|MAE|SAE,35.69055877544454
3187,91,95,MAE,15.91001129817032
3188,92,103,MAE|SAE,40.46778291499897
3189,93,97,MAE|SAE,26.674940386045293
3190,93,95,MAE|SAE,27.17531367055438
3191,93,97,MAE|SAE,38.21668510364247
3192,93,96,MAE|SAE,9.784029163677696
3193,93,96,MAE|SAE,10.052064220427921
3194,93,95,MAE|SAE,8.410190362645311
3195,93,119,LAE|MAE|SAE,45.46854197863692
3196,93,96,MAE|SAE,49.08424574579514
3197,93,95,MAE|SAE,38.584311174469725
3198,93,95,MAE|SAE,52.112788526213556
3199,93,95,MAE|SAE,57.08119080473388
3200,93,97,MAE|SAE,20.297363306794303
3201,93,97,MAE|SAE,32.75095033103873
3202,93,95,MAE|SAE,17.677868666639462
3203,93,109,LAE|MAE|SAE,55.943537728084706
3204,93,99,LAE|MAE|SAE,14.10155292173189
3205,94,95,LAE|MAE,15.990702638928251
3206,94,96,LAE|MAE|SAE,2.4183902325225057
3207,94,96,LAE|MAE|SAE,2.9225105710621713
3208,94,95,LAE|MAE,2.4430038494570425
3209,94,119,LAE|MAE|SAE,53.11136660480753
3210,94,95,LAE|MAE,6.639653657517745
3211,94,97,LAE|MAE|SAE,14.02267674140901
3212,94,95,LAE|MAE,36.20653850840935
3213,94,95,LAE|MAE,1.5030192319993798
3214,94,96,LAE|MAE|SAE,49.42046185985054
3215,94,102,LAE|MAE,36.16012006147314
3216,94,95,LAE|MAE,1.5066998940224987
3217,94,95,LAE|MAE,2.5052431346290427
3218,94,95,LAE|MAE,47.325279627732336
3219,94,96,LAE|MAE|SAE,2.48409624199031
3220,94,95,LAE|MAE,9.748908506384144
3221,94,96,LAE|MAE|SAE,2.4090148550089863
3222,94,97,LAE|MAE|SAE,3.4003798253928883
3223,94,95,LAE|MAE,14.39411107083234
3224,94,95,LAE|MAE,2.085850251497201
3225,94,95,LAE|MAE,1.586538461572695
3226,94,95,LAE|MAE,4.279748224903195
3227,94,96,LAE|MAE|SAE,36.8186129356904
3228,94,95,LAE|MAE,7.9816684375807725
3229,94,95,LAE|MAE,7.681215423904584
3230,94,100,LAE|MAE|SAE,23.41243228488109
3231,94,111,LAE|MAE|SAE,50.588839947108006
3232,94,97,LAE|MAE|SAE,21.929631312071052
3233,94,95,LAE|MAE,6.988240943789906
3234,94,103,LAE|MAE|SAE,22.75608860542882
3235,94,100,LAE|MAE|SAE,40.45607864779305
3236,94,96,LAE|MAE|SAE,12.51906581802696
3237,94,97,LAE|MAE,49.4771854196215
3238,94,96,LAE|MAE|SAE,23.631832304270798
3239,93,96,SAE,21.326353610544686
3240,95,96,MAE|SAE,1.6087987903461385
3241,95,96,MAE|SAE,1.900600605605335
3242,95,97,MAE|SAE,1.9389112279977558
3243,95,96,MAE|SAE,32.99598302021011
3244,95,97,MAE|SAE,15.172059553866674
3245,95,103,LAE|MAE|SAE,29.945933551207148
3246,95,103,LAE|MAE|SAE,33.2406343748983
3247,95,96,MAE|SAE,7.388549684679243
3248,95,96,MAE|SAE,15.583217118708614
3249,95,96,MAE|SAE,45.20025039064422
3250,95,96,MAE|SAE,1.9514829801764824
3251,95,96,MAE|SAE,13.628692814430687
3252,95,105,MAE|SAE,28.76151077789194
3253,95,96,MAE|SAE,1.905039480060648
3254,95,97,MAE|SAE,1.9183314959016269
3255,95,101,LAE|MAE|SAE,36.15512721532838
3256,95,96,MAE|SAE,1.5808511323285976
3257,95,96,MAE|SAE,7.738346253014531
3258,95,96,MAE|SAE,14.21155244284174
3259,95,96,MAE|SAE,35.93910509698848
3260,95,96,MAE|SAE,1.269725129645817
3261,95,96,MAE|SAE,45.64721014747321
3262,95,105,LAE|MAE|SAE,42.11189042469508
3263,95,96,MAE|SAE,5.732173758965969
3264,95,101,LAE|MAE|SAE,17.11567705874443
3265,95,105,LAE|MAE|SAE,33.73386926900781
3266,95,96,MAE|SAE,2.082609399899592
3267,95,96,MAE|SAE,1.9512858728629512
3268,93,97,MAE|SAE,28.14632744535131
3269,93,99,LAE|MAE|SAE,15.450703527376396
3270,93,98,LAE|MAE|SAE,15.365224406991665
3271,93,97,MAE|SAE,48.9131766292328
3272,94,97,LAE|MAE,35.40049942344655
3273,94,109,LAE|MAE,44.488435585346046
3274,94,97,LAE|MAE,52.59147389435044
3275,94,101,LAE|MAE,50.44417658060669
3276,94,97,LAE|MAE,14.06165481470288
3277,94,101,LAE|MAE,42.3067007643815
3278,95,97,MAE,28.166594644746844
3279,95,97,MAE,4.90253052523908
3280,95,99,MAE,30.241931584500684
3281,95,109,MAE|SAE,34.49226830560423
3282,95,99,MAE,37.599382375767334
3283,95,101,LAE|MAE,21.265602453415575
3284,96,97,MAE|SAE,1.5489854934017049
3285,96,97,MAE|SAE,1.4602369482572721
3286,96,97,MAE|SAE,29.392852901614116
3287,96,97,MAE|SAE,38.48833031312346
3288,96,98,LAE|MAE|SAE,2.3913037859053525
3289,96,104,LAE|MAE|SAE,18.144154479997066
3290,96,97,MAE|SAE,1.3798814718647496
3291,96,97,MAE|SAE,13.302028647002079
3292,96,98,LAE|MAE|SAE,29.986014104499805
3293,96,97,MAE|SAE,1.4776633632226777
3294,96,98,LAE|MAE|SAE,27.895612760014718
3295,96,98,LAE|MAE|SAE,7.434054534726975
3296,96,97,MAE|SAE,1.3449833806523623
3297,96,97,MAE|SAE,16.97903451189307
3298,96,97,MAE|SAE,7.219229247105042
3299,96,107,LAE|MAE|SAE,32.011737219464386
3300,96,97,MAE|SAE,18.41423609562578
3301,96,98,LAE|MAE|SAE,12.827028640021068
3302,96,98,LAE|MAE|SAE,8.079046918887027
3303,96,98,LAE|MAE|SAE,3.8632232111783034
3304,96,97,MAE|SAE,32.85132342404321
3305,96,98,LAE|MAE|SAE,9.733605137892717
3306,96,97,MAE|SAE,55.295813618823686
3307,96,125,LAE|MAE|SAE,52.50809124494969
3308,96,97,MAE|SAE,2.0425321387333044
3309,96,97,MAE|SAE,28.979354612164123
3310,96,98,LAE|MAE|SAE,6.767315689772539
3311,96,97,MAE|SAE,36.7512947455269
3312,94,99,LAE|MAE,16.283478942249396
3313,94,98,LAE,42.52377101863541
3314,94,98,LAE,32.82795471385236
3315,94,98,LAE,50.47896105144814
3316,94,103,LAE|MAE,27.785111368672162
3317,94,103,LAE|MAE,55.21043450666924
3318,95,98,LAE|MAE,45.765810049135986
3319,95,99,LAE|MAE,42.16458915138836
3320,95,125,LAE|MAE|SAE,59.849391803763496
3321,95,106,LAE|MAE,57.799072335025585
3322,95,99,LAE|MAE,33.27543165716755
3323,97,98,LAE|MAE,6.898378773237274
3324,97,99,LAE|MAE,5.774798830219714
3325,97,98,LAE|MAE,21.73327595327304
3326,97,102,LAE|MAE,28.64878640109663
3327,97,111,LAE|MAE|SAE,45.36323110526442
3328,97,98,LAE|MAE,6.477336050346614
3329,97,99,LAE|MAE,32.49292537678433
3330,97,98,LAE|MAE,24.345276554984174
3331,97,98,LAE|MAE,2.230847311610212
3332,97,98,LAE|MAE,1.93669976042132
3333,95,105,LAE|MAE,28.00115140318343
3334,96,103,MAE|SAE,32.88170541090412
3335,96,99,MAE|SAE,50.76687433071578
3336,96,99,MAE|SAE,41.155092627068434
3337,96,104,MAE|SAE,13.353446404764266
3338,96,100,MAE|SAE,42.154946766367694
3339,96,99,MAE|SAE,23.730846321159078
3340,96,110,LAE|MAE|SAE,42.79829386918883
3341,96,103,LAE|MAE|SAE,16.3571848679578
3342,96,100,MAE|SAE,16.217316903016915
3343,97,106,LAE|MAE|SAE,42.387333322017795
3344,97,115,LAE|MAE|SAE,30.917083180023656
3345,97,99,MAE,33.07541339549109
3346,98,103,LAE|MAE|SAE,16.226447553308954
3347,98,99,LAE|MAE,38.2505906254616
3348,98,99,LAE|MAE,1.9534735949617401
3349,98,99,LAE|MAE,19.930457775608787
3350,98,101,LAE|MAE|SAE,23.275129190038864
3351,98,99,LAE|MAE,33.001268075670836
3352,98,99,LAE|MAE,38.96402375632343
3353,98,107,LAE|MAE|SAE,17.231056973712555
3354,98,101,LAE|MAE,15.081689465733636
3355,98,99,LAE|MAE,36.808980636669375
3356,98,100,LAE|MAE|SAE,3.7715738252463544
3357,98,100,LAE|MAE|SAE,39.58040255262665
3358,98,101,LAE|MAE,30.12766334499111
3359,98,99,LAE|MAE,23.7780686387632
3360,98,106,LAE|MAE|SAE,22.901587454292645
3361,98,99,LAE|MAE,19.21753015791926
3362,98,100,LAE|MAE|SAE,21.811486735104477
3363,98,99,LAE|MAE,19.020551007420334
3364,98,99,LAE|MAE,9.357449389528567
3365,98,100,LAE|MAE|SAE,52.33970859507135
3366,98,99,LAE|MAE,13.949762157514787
3367,98,99,LAE|MAE,13.965448861443399
3368,98,99,LAE|MAE,16.294792795195644
3369,98,99,LAE|MAE,32.53674989343699
3370,98,104,LAE|MAE|SAE,14.71334293917793
3371,98,101,LAE|MAE|SAE,27.590258996758973
3372,98,102,LAE|MAE|SAE,28.631749494564918
3373,98,103,LAE|MAE|SAE,26.890669748628305
3374,96,100,SAE,31.920920811024065
3375,97,105,LAE|MAE|SAE,25.353230538489665
3376,97,103,MAE|SAE,26.991878927146757
3377,99,105,LAE|MAE|SAE,25.047471581321545
3378,99,100,MAE|SAE,6.366542767848422
3379,99,100,MAE|SAE,2.802037990460447
3380,99,100,MAE|SAE,35.006040132747216
3381,99,101,MAE|SAE,21.96381606313205
3382,99,102,LAE|MAE|SAE,47.43239979271537
3383,99,106,LAE|MAE|SAE,14.027339435472165
3384,99,104,LAE|MAE|SAE,23.768145177321333
3385,99,108,LAE|MAE|SAE,28.84022100094347
3386,99,102,LAE|MAE|SAE,26.372825980301904
3387,99,100,MAE|SAE,17.420754177728764
3388,99,100,MAE|SAE,5.670048596129776
3389,99,110,LAE|MAE|SAE,38.52153772474831
3390,99,100,MAE|SAE,15.967643175383452
3391,99,101,MAE|SAE,27.25170579391784
3392,99,100,MAE|SAE,28.826947137778596
3393,99,111,LAE|MAE|SAE,10.492586763160704
3394,99,100,MAE|SAE,43.69231394158987
3395,99,100,MAE|SAE,6.217768331377703
3396,99,103,MAE|SAE,18.10448696961816
3397,99,103,LAE|MAE|SAE,2.924344220259569
3398,99,105,MAE|SAE,53.28975498235839
3399,99,100,MAE|SAE,19.00405282887887
3400,99,100,MAE|SAE,20.722165039340986
3401,99,104,MAE|SAE,24.344671786914283
3402,99,104,LAE|MAE|SAE,23.1413430188807
3403,99,107,LAE|MAE|SAE,23.34094501602522
3404,99,101,MAE|SAE,24.31404692536239
3405,97,101,MAE,17.29368744051583
3406,97,101,MAE,53.37424915243483
3407,97,101,MAE,14.933820298115963
3408,97,101,MAE,46.93927967422683
3409,97,110,LAE|MAE,50.1621367670388
3410,98,101,LAE|MAE,23.649827120713613
3411,98,110,LAE|MAE,30.897514420115
3412,98,102,LAE|MAE,8.035048029803296
3413,98,101,LAE|MAE,24.838485129370685
3414,98,119,LAE|MAE,50.177636053212126
3415,98,106,LAE|MAE,19.78527146789207
3416,98,105,LAE|MAE|SAE,34.35618149537421
3417,98,101,LAE|MAE,33.90310958902408
3418,98,101,LAE|MAE,26.67840911797681
3419,98,101,LAE|MAE,12.868337310985098
3420,99,104,MAE|SAE,19.609641793030754
3421,99,104,MAE|SAE,37.536158889195804
3422,99,104,MAE|SAE,23.184065454285243
3423,99,101,MAE,43.29072929134411
3424,99,101,MAE,19.612307029878004
3425,99,101,MAE,15.594872550697112
3426,99,105,LAE|MAE,32.85249904182755
3427,99,108,LAE|MAE|SAE,58.709120072476416
3428,99,103,MAE,33.17910065349769
3429,100,102,LAE|MAE|SAE,30.929567358332537
3430,100,101,MAE|SAE,44.83074080934096
3431,100,102,LAE|MAE|SAE,45.05638977644496
3432,100,101,MAE|SAE,36.4363609002662
3433,100,101,MAE|SAE,16.380638830044646
3434,100,103,MAE|SAE,16.214546698442625
3435,100,105,MAE|SAE,27.166887665504756
3436,100,126,LAE|MAE|SAE,36.88591881637373
3437,100,101,MAE|SAE,16.051163773862232
3438,100,105,LAE|MAE|SAE,24.465458162290673
3439,100,101,MAE|SAE,7.7077644524111975
3440,100,101,MAE|SAE,23.856664434590588
3441,100,126,LAE|MAE|SAE,47.40134211689975
3442,100,104,MAE|SAE,13.65820690173018
3443,100,107,MAE|SAE,25.810367416751106
3444,100,106,LAE|MAE|SAE,15.178408285906535
3445,100,104,MAE|SAE,33.59573166903206
3446,100,101,MAE|SAE,2.2114141808374823
3447,100,104,LAE|MAE|SAE,31.14115000178038
3448,100,104,LAE|MAE|SAE,18.020015843152123
3449,100,104,MAE|SAE,28.119473493088357
3450,100,101,MAE|SAE,29.833382725541455
3451,100,105,MAE|SAE,29.603193156123382
3452,100,105,MAE|SAE,28.414630163891236
3453,100,105,MAE|SAE,16.69885802638201
3454,100,101,MAE|SAE,33.452664690558564
3455,100,101,MAE|SAE,11.074750690706992
3456,100,101,MAE|SAE,9.03842664699615
3457,100,105,MAE|SAE,22.566812347024435
3458,100,105,MAE|SAE,27.768992370975408
3459,98,110,LAE|MAE,11.860488618308912
3460,98,106,LAE,58.15066192297315
3461,98,102,LAE,8.446343533588232
3462,98,102,LAE,56.08150026707757
3463,98,110,LAE|MAE,37.453928732696596
3464,99,102,LAE|MAE,24.52437361741679
3465,99,103,LAE|MAE,19.66012514933339
3466,101,106,LAE|MAE,22.5611924761132
3467,101,102,LAE|MAE,4.1695702821236695
3468,101,102,LAE|MAE,16.910129109077953
3469,101,105,LAE|MAE|SAE,20.645638002625574
3470,101,105,LAE|MAE|SAE,30.42141942013264
3471,101,102,LAE|MAE,16.055483242667012
3472,101,102,LAE|MAE,31.271904142804765
3473,101,105,LAE|MAE|SAE,41.55424038522086
3474,101,102,LAE|MAE,1.9931808539499707
3475,101,102,LAE|MAE,33.675142724449934
3476,101,102,LAE|MAE,13.535205879595736
3477,101,105,LAE|MAE,19.41682389278312
3478,101,104,LAE|MAE|SAE,14.278830292855073
3479,101,110,LAE|MAE|SAE,56.01654294366734
3480,101,105,LAE|MAE|SAE,23.816568314554736
3481,101,102,LAE|MAE,19.167629572386726
3482,101,102,LAE|MAE,37.3257811033532
3483,101,103,LAE|MAE,28.70651877162528
3484,101,103,LAE|MAE,31.991609489328948
3485,99,103,MAE,18.89298039298642
3486,99,103,MAE,15.533811142094612
3487,100,104,MAE|SAE,51.05003255960765
3488,100,126,LAE|MAE|SAE,59.49942751902183
3489,100,103,MAE|SAE,26.654638990998915
3490,100,103,MAE|SAE,38.16275438446682
3491,100,126,LAE|MAE|SAE,28.421894990246976
3492,100,103,MAE|SAE,17.711675973437437
3493,100,103,MAE|SAE,53.83888819645224
3494,100,104,MAE|SAE,24.055607027162623
3495,100,104,MAE|SAE,25.16874665377305
3496,100,103,MAE|SAE,26.539793674577293
3497,101,105,MAE,27.807703111923146
3498,101,107,MAE|SAE,9.767570996208942
3499,101,103,MAE,18.086187258428517
3500,101,103,MAE,41.11749373742574
3501,101,110,LAE|MAE|SAE,55.910319355772195
3502,101,104,MAE|SAE,39.54285564530403
3503,101,103,MAE,57.820031956308355
3504,101,103,MAE,17.2953370507888
3505,101,105,MAE,12.677684964793956
3506,102,103,LAE|MAE,22.33846129012396
3507,102,103,LAE|MAE,5.176653946109114
3508,102,104,LAE|MAE|SAE,31.310088888923683
3509,102,107,LAE|MAE,28.488477991265636
3510,102,103,LAE|MAE,21.91144803944586
3511,102,104,LAE|MAE|SAE,14.977233785547032
3512,102,104,LAE|MAE|SAE,15.973995868044641
3513,102,103,LAE|MAE,57.06678185623958
3514,102,107,LAE|MAE,26.27613098152976
3515,102,106,LAE|MAE,16.998213615275038
3516,102,107,LAE|MAE,51.076938933375985
3517,102,103,LAE|MAE,18.19164466155743
3518,102,103,LAE|MAE,24.610108843441925
3519,102,105,LAE|MAE,4.865637313664029
3520,102,107,LAE|MAE|SAE,14.355934307175488
3521,102,107,LAE|MAE|SAE,22.878310730075846
3522,102,103,LAE|MAE,25.956374085471154
3523,102,103,LAE|MAE,23.13717743047464
3524,102,103,LAE|MAE,28.32152228492193
3525,102,104,LAE|MAE|SAE,13.483635536273944
3526,102,103,LAE|MAE,23.9385881719431
3527,102,103,LAE|MAE,4.557115100933416
3528,102,109,LAE|MAE,35.898628075966265
3529,102,103,LAE|MAE,39.2521772844977
3530,100,104,SAE,27.480801207411115
3531,100,110,LAE|MAE|SAE,18.268669444668266
3532,100,104,SAE,19.924837639145444
3533,100,109,LAE|MAE|SAE,39.37327854418324
3534,101,108,MAE|SAE,12.64155188295829
3535,101,117,LAE|MAE|SAE,36.040332629332795
3536,101,108,MAE|SAE,28.569997047840268
3537,101,104,MAE|SAE,25.37820326180786
3538,101,104,MAE|SAE,15.507869398502423
3539,103,108,MAE|SAE,23.412176582640086
3540,103,108,MAE|SAE,26.952974784268395
3541,103,106,LAE|MAE|SAE,14.118194767828872
3542,103,104,MAE|SAE,29.766219056198636
3543,103,104,MAE|SAE,31.091198645730074
3544,103,104,MAE|SAE,24.638963883341972
3545,103,104,MAE|SAE,30.078952861334947
3546,103,104,MAE|SAE,1.5589067698092811
3547,103,104,MAE|SAE,28.48204398716389
3548,103,104,MAE|SAE,59.6450811311501
3549,103,104,MAE|SAE,4.974118935385213
3550,103,108,MAE|SAE,22.419407146795304
3551,103,126,LAE|MAE|SAE,55.93799238861054
3552,103,104,MAE|SAE,18.100042628046282
3553,103,106,LAE|MAE|SAE,22.758039221593744
3554,103,104,MAE|SAE,36.33418775815774
3555,103,104,MAE|SAE,30.352704364165948
3556,103,104,MAE|SAE,49.2911514685186
3557,103,104,MAE|SAE,4.962798319696526
3558,103,105,MAE|SAE,15.885581417920722
3559,103,105,MAE|SAE,3.5427678722543696
3560,103,104,MAE|SAE,17.452858864181525
3561,101,109,LAE|MAE,50.96528624309334
3562,101,105,MAE,32.08112628093517
3563,101,108,LAE|MAE|SAE,20.25336860777297
3564,102,105,LAE|MAE,21.19404079467495
3565,102,105,LAE|MAE,28.25786656267185
3566,102,126,LAE|MAE|SAE,25.355179205028225
3567,102,105,LAE|MAE,38.05796369405005
3568,102,105,LAE|MAE,40.57425546194684
3569,102,126,LAE|MAE|SAE,27.99490435508769
3570,102,106,LAE|MAE,56.82047204685637
3571,102,105,LAE|MAE,4.949706866208028
3572,102,113,LAE|MAE,44.769653204449895
3573,102,105,LAE|MAE,34.25690403690935
3574,102,106,LAE|MAE,44.404626522212325
3575,102,109,LAE|MAE,15.350228824280823
3576,103,108,MAE|SAE,20.67235858627665
3577,103,107,MAE,54.28436425395055
3578,103,105,MAE,15.413103962258019
3579,103,106,LAE|MAE,16.921139936417504
3580,103,109,MAE,15.194877839910385
3581,103,109,LAE|MAE,43.65942086320844
3582,104,105,MAE|SAE,22.618350717055204
3583,104,105,MAE|SAE,27.648937829061207
3584,104,105,MAE|SAE,4.003363671053001
3585,104,105,MAE|SAE,45.64746979378213
3586,104,105,MAE|SAE,28.68910997983931
3587,104,105,MAE|SAE,1.5300252119181568
3588,104,109,LAE|MAE|SAE,27.593611696695923
3589,104,107,LAE|MAE|SAE,19.83441066654382
3590,104,105,MAE|SAE,3.7038194777388584
3591,104,108,MAE|SAE,34.14299692763122
3592,104,105,MAE|SAE,19.64578713952342
3593,104,107,LAE|MAE|SAE,36.170390695249914
3594,104,106,LAE|MAE|SAE,19.803164791305274
3595,104,105,MAE|SAE,10.31678940638121
3596,104,105,MAE|SAE,14.633395355555937
3597,104,105,MAE|SAE,17.318559524485295
3598,104,105,MAE|SAE,1.6296810181675516
3599,104,105,MAE|SAE,8.089985096419406
3600,104,105,MAE|SAE,36.0482973389351
3601,104,113,MAE|SAE,32.318029065137615
3602,104,105,MAE|SAE,26.856751345938132
3603,102,119,LAE|MAE,44.366196462073034
3604,103,112,LAE|MAE|SAE,36.17905724716832
3605,103,106,LAE|MAE,53.77101082157528
3606,105,109,LAE|MAE,24.77520667570982
3607,105,126,LAE|MAE|SAE,21.198577706921817
3608,105,107,LAE|MAE,4.319492094750801
3609,105,107,LAE|MAE,36.16127627344766
3610,105,106,LAE|MAE,16.72114177207009
3611,105,107,LAE|MAE,11.780433783242053
3612,105,106,LAE|MAE,16.34252481745743
3613,105,106,LAE|MAE,2.3117256308202325
3614,105,106,LAE|MAE,24.996848500058324
3615,105,106,LAE|MAE,4.957274136260139
3616,105,106,LAE|MAE,33.86766166264337
3617,105,112,LAE|MAE|SAE,12.524270638703923
3618,105,107,LAE|MAE,14.499944317873076
3619,105,121,LAE|MAE|SAE,37.7682969426457
3620,105,114,LAE|MAE|SAE,38.685367116627596
3621,105,106,LAE|MAE,35.553967586638244
3622,105,106,LAE|MAE,14.305765862699303
3623,105,106,LAE|MAE,4.457987733174231
3624,105,126,LAE|MAE|SAE,21.010819120644587
3625,105,107,LAE|MAE,45.617403020618205
3626,105,107,LAE|MAE,3.428071608834142
3627,105,106,LAE|MAE,59.92430016768475
3628,104,111,MAE|SAE,20.21365132874223
3629,104,109,MAE|SAE,16.453731006283675
3630,104,110,LAE|MAE|SAE,21.741533819818844
3631,104,109,MAE|SAE,11.759772056757958
3632,104,107,MAE|SAE,33.962679032310376
3633,104,107,MAE|SAE,37.208187897509994
3634,104,107,MAE|SAE,21.535843849370316
3635,104,107,MAE|SAE,20.474010036126344
3636,105,107,MAE,29.95719173767488
3637,105,107,MAE,25.279460383227775
3638,105,107,MAE,21.062068018673617
3639,105,112,MAE|SAE,35.12381192381598
3640,105,109,MAE,13.72696531192675
3641,105,107,MAE,29.187867146480105
3642,106,107,LAE|MAE,17.80343652372596
3643,106,107,LAE|MAE,26.75675193506646
3644,106,109,LAE|MAE|SAE,20.642072833124192
3645,106,109,LAE|MAE,26.889230299985318
3646,106,107,LAE|MAE,25.956179981071895
3647,106,107,LAE|MAE,3.581146888382172
3648,106,107,LAE|MAE,15.324682480184405
3649,106,107,LAE|MAE,26.4693508652215
3650,106,107,LAE|MAE,12.106233737741826
3651,106,126,LAE|MAE|SAE,59.178239954610746
3652,106,107,LAE|MAE,21.176367668791276
3653,106,117,LAE|MAE|SAE,16.767632077641093
3654,106,109,LAE|MAE|SAE,21.281277164407037
3655,104,108,SAE,29.53441763469275
3656,104,108,SAE,24.741677706512064
3657,104,116,MAE|SAE,46.191185324629096
3658,104,112,SAE,45.29706622799118
3659,104,108,SAE,19.249467470850455
3660,105,108,MAE|SAE,38.062692248260696
3661,105,109,MAE|SAE,32.752736413233535
3662,107,126,LAE|MAE|SAE,22.737811351172834
3663,107,108,MAE|SAE,36.29274079552991
3664,107,109,MAE|SAE,2.8571711692181125
3665,107,108,MAE|SAE,22.985609125258442
3666,107,108,MAE|SAE,16.010519764426583
3667,107,126,LAE|MAE|SAE,45.46502094735398
3668,107,108,MAE|SAE,54.262856376448454
3669,107,108,MAE|SAE,16.977196562360902
3670,107,108,MAE|SAE,2.3687998872418614
3671,107,108,MAE|SAE,40.17695824198339
3672,107,108,MAE|SAE,17.555056320037657
3673,105,109,MAE,46.0582412695949
3674,105,109,MAE,18.87342788134636
3675,105,109,MAE,42.13803191305841
3676,106,117,LAE|MAE|SAE,24.34126744933692
3677,106,112,LAE|MAE|SAE,26.495837915111807
3678,106,109,LAE|MAE,22.995428750136046
3679,106,123,LAE|MAE|SAE,24.661148075994003
3680,106,109,LAE|MAE,22.44441692583457
3681,106,110,LAE|MAE,20.84523083556413
3682,107,109,MAE,22.82475493663463
3683,107,109,MAE,17.02050571783387
3684,107,109,MAE,14.803851728111887
3685,107,109,MAE,15.895623267879525
3686,107,109,MAE,57.85559742883715
3687,108,111,MAE|SAE,19.44914566471218
3688,108,110,LAE|MAE|SAE,18.542418600868704
3689,108,111,MAE|SAE,17.11183719527436
3690,108,109,MAE|SAE,29.723838332241264
3691,108,109,MAE|SAE,26.52197206097326
3692,108,116,MAE|SAE,19.26274402359343
3693,108,110,LAE|MAE|SAE,33.390644872096324
3694,108,109,MAE|SAE,1.5702080898852002
3695,106,110,LAE,8.167149623170106
3696,107,110,LAE|MAE,9.125506409679147
3697,107,110,LAE|MAE,1.3145171967739124
3698,107,110,LAE|MAE,22.937707987656587
3699,107,110,LAE|MAE,34.53762519664862
3700,109,110,LAE|MAE,30.867714948875488
3701,109,110,LAE|MAE,1.0810555520876495
3702,109,110,LAE|MAE,3.156139223036127
3703,109,110,LAE|MAE,1.409116092722887
3704,109,111,LAE|MAE,49.30293231775521
3705,109,110,LAE|MAE,23.852284382097974
3706,109,119,LAE|MAE|SAE,26.323678524832484
3707,109,113,LAE|MAE,12.659751153320405
3708,109,115,LAE|MAE|SAE,4.104581959890501
3709,109,123,LAE|MAE|SAE,8.543278071486647
3710,109,110,LAE|MAE,31.591799573024524
3711,109,110,LAE|MAE,24.58756576653971
3712,109,126,LAE|MAE|SAE,21.23815779365941
3713,109,110,LAE|MAE,1.0767920287952772
3714,109,110,LAE|MAE,21.18289744411866
3715,109,110,LAE|MAE,1.4715284933422594
3716,109,110,LAE|MAE,3.001899265520721
3717,109,110,LAE|MAE,1.4336538403693657
3718,109,112,LAE|MAE|SAE,26.3329446307486
3719,109,110,LAE|MAE,2.4856299576660232
3720,109,120,LAE|MAE|SAE,21.973537782754217
3721,109,110,LAE|MAE,10.312067935562107
3722,109,112,LAE|MAE|SAE,27.305842342406642
3723,109,110,LAE|MAE,1.3184380694110323
3724,107,124,LAE|MAE|SAE,54.1879692512245
3725,107,117,MAE,38.536998180562506
3726,107,112,MAE|SAE,21.844191104944887
3727,107,111,MAE,30.361574717680934
3728,108,113,MAE|SAE,22.439192715053277
3729,108,111,MAE|SAE,32.68769511860217
3730,108,111,MAE|SAE,28.954180059461788
3731,108,112,MAE|SAE,25.064386471884468
3732,108,111,MAE|SAE,11.349994372513319
3733,108,111,MAE|SAE,20.438177925451686
3734,108,114,LAE|MAE|SAE,20.328238812056764
3735,109,111,MAE,36.404024162644035
3736,109,124,LAE|MAE|SAE,55.70338735131281
3737,109,111,MAE,35.23351746337629
3738,109,111,MAE,42.534831850666016
3739,109,111,MAE,12.480777600799383
3740,109,111,MAE,12.160165479113829
3741,109,111,MAE,26.964559179781382
3742,109,111,MAE,23.82430230084024
3743,109,111,MAE,42.606955184398856
3744,109,111,MAE,49.78966922875421
3745,110,112,LAE|MAE|SAE,2.9625840838583635
3746,110,111,LAE|MAE,36.29987550245187
3747,110,111,LAE|MAE,1.1152759799766025
3748,110,111,LAE|MAE,2.7298979486106654
3749,110,111,LAE|MAE,1.3028183721412037
3750,110,111,LAE|MAE,1.1691637533821901
3751,110,113,LAE|MAE|SAE,2.3288386693132965
3752,110,111,LAE|MAE,26.008029456160486
3753,110,111,LAE|MAE,53.92089396058922
3754,110,113,LAE|MAE|SAE,48.3656067847069
3755,108,112,SAE,48.68302598234993
3756,108,112,SAE,24.403328446215195
3757,109,124,LAE|MAE|SAE,22.517137542760825
3758,109,112,MAE|SAE,42.196690929449176
3759,109,112,MAE|SAE,32.86827902238443
3760,109,116,LAE|MAE|SAE,33.329808340154415
3761,109,112,MAE|SAE,22.298236679326276
3762,109,112,MAE|SAE,14.903451081124434
3763,109,125,LAE|MAE|SAE,51.86818730638476
3764,111,126,LAE|MAE|SAE,23.023989012288382
3765,111,117,MAE|SAE,22.0576876728567
3766,111,112,MAE|SAE,32.45997747123641
3767,111,112,MAE|SAE,1.6471282929351605
3768,111,115,MAE|SAE,30.805886055455943
3769,111,112,MAE|SAE,39.14326623270648
3770,111,112,MAE|SAE,21.00922863775968
3771,111,117,MAE|SAE,3.1984110493697955
3772,111,115,MAE|SAE,27.255241002119018
3773,110,113,LAE|MAE,14.309766808428444
3774,110,113,LAE|MAE,22.53404808748264
3775,110,113,LAE|MAE,17.598744613655196
3776,110,113,LAE|MAE,22.39562424553645
3777,110,113,LAE|MAE,37.86479694430566
3778,111,113,MAE,23.717264205540992
3779,111,113,MAE,28.40336491613983
3780,111,113,MAE,32.913202050547234
3781,111,125,LAE|MAE|SAE,52.53432531103283
3782,111,116,MAE|SAE,52.788588804283314
3783,111,113,MAE,38.27951627865117
3784,112,113,MAE|SAE,1.8345946845177559
3785,112,115,LAE|MAE|SAE,20.35190473625856
3786,112,113,MAE|SAE,14.349825614246983
3787,112,113,MAE|SAE,1.1359779919343365
3788,112,113,MAE|SAE,10.022007585814011
3789,112,113,MAE|SAE,29.70157303509328
3790,112,113,MAE|SAE,26.240535976287628
3791,112,113,MAE|SAE,1.0511743441577825
3792,112,117,LAE|MAE|SAE,21.971117968440918
3793,112,115,MAE|SAE,14.63875390084853
3794,112,113,MAE|SAE,1.1588731203284341
3795,112,113,MAE|SAE,20.12386507856995
3796,112,126,LAE|MAE|SAE,24.012728944104698
3797,112,124,LAE|MAE|SAE,25.707327440232877
3798,112,123,MAE|SAE,22.21800103437988
3799,112,113,MAE|SAE,1.320707715720314
3800,112,113,MAE|SAE,42.63253531220574
3801,112,126,LAE|MAE|SAE,2.6047723738369775
3802,112,114,LAE|MAE|SAE,28.013299491622
3803,112,115,LAE|MAE|SAE,1.6222891865472724
3804,112,126,LAE|MAE|SAE,25.704716282837197
3805,112,113,MAE|SAE,15.609104886965664
3806,112,125,LAE|MAE|SAE,23.094107950298742
3807,112,116,LAE|MAE|SAE,22.587853741510838
3808,112,116,MAE|SAE,55.200125125035335
3809,112,126,LAE|MAE|SAE,41.16283830248857
3810,112,113,MAE|SAE,34.91820191881122
3811,110,125,LAE|MAE,23.654777946110755
3812,110,114,LAE,16.326781819006815
3813,110,126,LAE|MAE,25.526715010976087
3814,110,118,LAE,47.12784845771243
3815,113,114,LAE|MAE,1.1023097746869266
3816,113,114,LAE|MAE,0.9194858398857613
3817,113,126,LAE|MAE|SAE,25.52164601057505
3818,113,114,LAE|MAE,0.8804763364727894
3819,113,115,LAE|MAE,25.001666010940284
3820,113,115,LAE|MAE,1.1783845019750698
3821,113,114,LAE|MAE,0.8996935350634137
3822,113,126,LAE|MAE|SAE,4.257409393725231
3823,113,117,LAE|MAE,45.531334505272525
3824,113,126,LAE|MAE|SAE,33.05035123066397
3825,113,126,LAE|MAE|SAE,42.505656880451426
3826,113,126,LAE|MAE,1.902560403153394
3827,113,114,LAE|MAE,2.7458305982040687
3828,113,115,LAE|MAE,2.7011178941813982
3829,113,114,LAE|MAE,48.90733213498724
3830,113,124,LAE|MAE|SAE,42.32342425756429
3831,113,116,LAE|MAE|SAE,21.633876693961003
3832,113,126,LAE|MAE|SAE,17.070898634954688
3833,111,115,MAE,27.683958533607974
3834,112,115,MAE|SAE,20.75064003971499
3835,112,126,LAE|MAE|SAE,50.78708003643483
3836,112,124,LAE|MAE|SAE,24.9670173777341
3837,112,117,MAE|SAE,17.22216466959219
3838,113,126,LAE|MAE|SAE,1.8280115817935745
3839,113,126,LAE|MAE|SAE,17.163506124934635
3840,113,115,MAE,1.8111211367908093
3841,114,115,LAE|MAE,0.8199163548216194
3842,114,116,LAE|MAE|SAE,0.9668218071938173
3843,114,116,LAE|MAE|SAE,1.1215683325177106
3844,114,125,LAE|MAE|SAE,2.3974807494826553
3845,114,115,LAE|MAE,16.76948061256069
3846,114,115,LAE|MAE,1.6180117904543703
3847,114,119,LAE|MAE,23.439743777911353
3848,114,115,LAE|MAE,0.8855111598158119
3849,114,124,LAE|MAE|SAE,42.12834488286516
3850,114,116,LAE|MAE|SAE,19.0508272317508
3851,114,120,LAE|MAE|SAE,17.47350192099863
3852,114,115,LAE|MAE,18.96861754574024
3853,114,126,LAE|MAE|SAE,6.70737263747246
3854,114,116,LAE|MAE|SAE,21.09277586631253
3855,114,126,LAE|MAE|SAE,9.203015832913659
3856,114,126,LAE|MAE,13.40630931919239
3857,112,124,SAE,24.479766562648972
3858,112,116,SAE,18.29760810076018
3859,112,120,SAE,1.4760954290208845
3860,113,126,LAE|MAE|SAE,24.298649329294037
3861,113,126,LAE|MAE|SAE,17.176117588783367
3862,113,124,LAE|MAE|SAE,30.250890508906334
3863,113,119,MAE|SAE,28.945181714396025
3864,115,120,MAE|SAE,0.8957261098616784
3865,115,126,LAE|MAE|SAE,1.6135614309961364
3866,115,126,LAE|MAE|SAE,23.06116940332696
3867,115,125,LAE|MAE|SAE,21.494074111534793
3868,115,116,MAE|SAE,29.05915577400169
3869,115,125,LAE|MAE|SAE,0.8035431124611032
3870,115,126,LAE|MAE|SAE,26.532485116518387
3871,115,116,MAE|SAE,0.8839945852319526
3872,115,116,MAE|SAE,2.1371535218562996
3873,115,123,MAE|SAE,34.58569646278791
3874,115,116,MAE|SAE,8.547663474130939
3875,115,116,MAE|SAE,2.1833915800824855
3876,115,125,LAE|MAE|SAE,37.92491837330166
3877,115,126,LAE|MAE|SAE,0.857770425128167
3878,115,118,LAE|MAE|SAE,0.8865015792032369
3879,115,116,MAE|SAE,1.2782049472384696
3880,115,122,LAE|MAE|SAE,26.106582829047632
3881,115,122,LAE|MAE|SAE,25.381091509191915
3882,115,126,LAE|MAE|SAE,1.2979507870547322
3883,115,126,LAE|MAE|SAE,1.3916510303091798
3884,115,117,MAE|SAE,21.364313169959644
3885,115,125,LAE|MAE|SAE,0.8254562992244332
3886,115,116,MAE|SAE,25.09610903161831
3887,115,116,MAE|SAE,23.18372196976146
3888,115,126,LAE|MAE|SAE,1.208777215653084
3889,115,116,MAE|SAE,0.689028608680633
3890,115,117,MAE|SAE,12.896644297082448
3891,115,116,MAE|SAE,18.43964668539933
3892,115,126,LAE|MAE|SAE,27.88851774037094
3893,115,124,LAE|MAE|SAE,1.4369983078393733
3894,115,126,LAE|MAE|SAE,18.984912673258393
3895,115,116,MAE|SAE,25.439363364192136
3896,115,116,MAE|SAE,41.78836708126671
3897,113,123,MAE,19.338471870708076
3898,113,117,MAE,20.462493672153318
3899,114,117,LAE|MAE,24.83102553297511
3900,114,126,LAE|MAE,21.12127723148545
3901,114,117,LAE|MAE,48.74674505195113
3902,114,125,LAE|MAE,22.71039533516213
3903,114,126,LAE|MAE,37.218685828657144
3904,114,125,LAE|MAE|SAE,1.4102430936255514
3905,115,126,LAE|MAE,1.337024842135506
3906,115,126,LAE|MAE|SAE,1.3532865011697572
3907,115,118,LAE|MAE,0.7937946174498178
3908,115,125,LAE|MAE,16.778056134836365
3909,115,117,MAE,33.65368333975279
3910,115,120,MAE|SAE,29.91331658221704
3911,115,117,MAE,0.8830233710083877
3912,116,124,LAE|MAE|SAE,14.677317058186436
3913,116,126,LAE|MAE|SAE,0.9260807341112883
3914,116,117,MAE|SAE,0.8056368759195961
3915,116,126,LAE|MAE|SAE,1.2469272567102763
3916,116,126,LAE|MAE|SAE,15.933568309050205
3917,116,117,MAE|SAE,13.169423458843376
3918,116,117,MAE|SAE,0.9387044966303969
3919,116,126,LAE|MAE|SAE,0.7738823373894614
3920,116,126,LAE|MAE|SAE,0.7741599313868838
3921,116,124,LAE|MAE|SAE,24.028009674637175
3922,116,125,LAE|MAE|SAE,1.4597691130324937
3923,116,126,LAE|MAE|SAE,0.7329785380761205
3924,116,117,MAE|SAE,14.551232463571226
3925,116,124,LAE|MAE|SAE,27.659553206949408
3926,116,126,LAE|MAE|SAE,0.9744220007584553
3927,116,126,LAE|MAE|SAE,1.3086016867208516
3928,116,120,MAE|SAE,0.7890015456288259
3929,116,124,MAE|SAE,22.830853118951975
3930,116,126,LAE|MAE|SAE,0.6265168560074991
3931,116,125,LAE|MAE|SAE,1.2074756785674945
3932,116,126,LAE|MAE|SAE,1.1926294562448976
3933,116,126,LAE|MAE|SAE,3.5639446072702268
3934,116,119,MAE|SAE,27.118541464182556
3935,116,119,MAE|SAE,48.24109167803669
3936,116,117,MAE|SAE,24.136516292728597
3937,114,118,LAE,13.297047025303446
3938,114,118,LAE,12.246857690304077
3939,114,126,LAE|MAE|SAE,15.449275344119156
3940,114,120,LAE|MAE|SAE,27.679403781719778
3941,114,121,LAE|MAE|SAE,22.080985126841817
3942,114,118,LAE,45.39303657125732
3943,114,126,LAE|MAE|SAE,21.55897571113612
3944,115,118,LAE|MAE,0.8359906807241704
3945,115,122,LAE|MAE,25.405603311581284
3946,115,121,LAE|MAE,1.5817594773853867
3947,115,118,LAE|MAE,21.699884174535992
3948,117,124,LAE|MAE|SAE,0.9095194932361275
3949,117,126,LAE|MAE|SAE,0.958358732256008
3950,117,123,LAE|MAE|SAE,0.6759941131072468
3951,117,126,LAE|MAE,24.876680243361264
3952,117,120,LAE|MAE|SAE,0.6039261530439284
3953,117,120,LAE|MAE|SAE,0.8777937036485477
3954,117,118,LAE|MAE,1.2385539171613686
3955,117,123,LAE|MAE|SAE,28.62916573200786
3956,117,120,LAE|MAE|SAE,0.7633435354188656
3957,117,125,LAE|MAE|SAE,1.1803522033274587
3958,117,126,LAE|MAE|SAE,22.30449465524217
3959,117,120,LAE|MAE|SAE,23.72674373842394
3960,117,123,LAE|MAE|SAE,25.72741638092735
3961,117,121,LAE|MAE,24.750513870466122
3962,117,125,LAE|MAE|SAE,0.7026298194669479
3963,117,122,LAE|MAE,31.094641583108668
3964,117,126,LAE|MAE|SAE,0.666872286047752
3965,117,122,LAE|MAE,1.8514357132018924
3966,117,118,LAE|MAE,25.625179235433176
3967,117,126,LAE|MAE|SAE,1.0855071255010749
3968,117,118,LAE|MAE,0.5352008418698452
3969,117,126,LAE|MAE|SAE,0.8849345025053218
3970,115,119,MAE,48.15844665335076
3971,115,119,MAE,29.224688398863844
3972,116,124,MAE|SAE,31.220531708000554
3973,116,126,LAE|MAE|SAE,1.0461485585678507
3974,116,124,MAE|SAE,1.0655734298406796
3975,116,126,LAE|MAE|SAE,0.9309994358964808
3976,116,123,MAE|SAE,21.511243293464283
3977,116,119,MAE|SAE,15.250158487212296
3978,116,119,MAE|SAE,0.7895144909497547
3979,116,124,MAE|SAE,1.4253080639133735
3980,116,119,MAE|SAE,0.7031376144860578
3981,116,124,MAE|SAE,1.3535615487889856
3982,116,119,MAE|SAE,2.5272107769814967
3983,116,123,MAE|SAE,1.172070574185791
3984,116,126,LAE|MAE|SAE,1.4360306219190582
3985,116,126,LAE|MAE|SAE,10.670648959301658
3986,117,120,MAE|SAE,0.8499415509247636
3987,117,125,MAE,11.14654353977701
3988,117,119,MAE,0.6588331824032266
3989,117,126,LAE|MAE,1.8061558239942332
3990,117,123,MAE|SAE,1.1875617688734468
3991,118,126,LAE|MAE|SAE,0.6288412250409722
3992,118,126,LAE|MAE|SAE,27.753302969425604
3993,118,119,LAE|MAE,0.900136934820655
3994,118,123,LAE|MAE|SAE,42.895326186016206
3995,118,121,LAE|MAE,0.8127732355496436
3996,118,124,LAE|MAE|SAE,0.6093461941434412
3997,118,120,LAE|MAE|SAE,0.8130096907249771
3998,118,119,LAE|MAE,0.6621670494193156
3999,118,121,LAE|MAE|SAE,22.044527208322055
4000,118,126,LAE|MAE,0.7852527427682541
4001,118,119,LAE|MAE,0.6571467896049444
4002,118,126,LAE|MAE|SAE,19.851492263448684
4003,118,126,LAE|MAE|SAE,1.0377223704479719
4004,118,120,LAE|MAE|SAE,0.8523816552041996
4005,118,126,LAE|MAE|SAE,1.0525186309898695
4006,118,126,LAE|MAE|SAE,1.053745189085491
4007,118,120,LAE|MAE|SAE,45.97893502840781
4008,118,119,LAE|MAE,22.86495505598292
4009,118,122,LAE|MAE|SAE,0.9990557446392844
4010,118,119,LAE|MAE,0.6276479677479145
4011,118,119,LAE|MAE,0.8251967909056586
4012,118,119,LAE|MAE,0.8988444219603228
4013,118,123,LAE|MAE|SAE,19.847685617041684
4014,118,126,LAE|MAE|SAE,1.0317311284938648
4015,118,125,LAE|MAE|SAE,0.8717994759795588
4016,116,120,SAE,18.293436179434913
4017,116,123,MAE|SAE,0.8006932009206291
4018,116,120,SAE,19.48658536786435
4019,116,126,LAE|MAE|SAE,20.010038341368546
4020,116,126,LAE|MAE|SAE,22.208241561727654
4021,116,120,SAE,1.0610196627525663
4022,117,125,MAE|SAE,1.0974411210048194
4023,117,120,MAE|SAE,23.424702754588175
4024,117,121,MAE|SAE,17.437398177984758
4025,117,120,MAE|SAE,1.6498371234381897
4026,117,126,LAE|MAE|SAE,16.557536041749987
4027,117,126,LAE|MAE|SAE,0.7359072061463368
4028,119,124,MAE|SAE,0.8191424951909688
4029,119,125,LAE|MAE|SAE,16.902362692409092
4030,119,120,MAE|SAE,44.360383756211576
4031,119,123,MAE|SAE,1.0681715226287545
4032,119,120,MAE|SAE,9.981120636264743
4033,119,120,MAE|SAE,0.5803531243373438
4034,119,121,MAE|SAE,18.065054059656113
4035,119,120,MAE|SAE,36.25324382930991
4036,119,120,MAE|SAE,30.671274070721903
4037,117,126,LAE|MAE|SAE,21.787625586881443
4038,117,121,MAE,0.6075224421851938
4039,117,122,LAE|MAE,0.6432469083947571
4040,117,124,MAE|SAE,0.5794845476593952
4041,117,122,LAE|MAE,13.502916550613168
4042,118,121,LAE|MAE,31.427889779040008
4043,118,121,LAE|MAE,0.7733422458177719
4044,118,126,LAE|MAE|SAE,18.291429333848825
4045,118,125,LAE|MAE,1.3103539913886055
4046,118,121,LAE|MAE,0.9301174157157784
4047,118,126,LAE|MAE|SAE,20.29737729948395
4048,118,122,LAE|MAE,0.9492493870665651
4049,118,121,LAE|MAE,0.9765309808934686
4050,118,121,LAE|MAE,25.07104413658053
4051,118,125,LAE|MAE,20.41809051074526
4052,118,126,LAE|MAE,0.9480527831158689
4053,118,121,LAE|MAE,1.427816840672722
4054,118,126,LAE|MAE,36.30043582076093
4055,118,125,LAE|MAE|SAE,24.292332602282944
4056,119,126,LAE|MAE,18.64612869440546
4057,119,121,MAE,3.307280907598225
4058,119,126,LAE|MAE,36.158183194399676
4059,119,126,LAE|MAE,23.066000044151586
4060,120,123,MAE|SAE,0.670764757220794
4061,120,125,MAE|SAE,29.4490393973758
4062,120,121,MAE|SAE,0.7024991058540981
4063,120,126,LAE|MAE|SAE,38.77584100271708
4064,118,126,LAE|MAE,1.0541804925056375
4065,118,122,LAE,45.9990028174456
4066,118,125,LAE|MAE,31.214239808449896
4067,118,126,LAE|MAE,15.610787259847095
4068,118,126,LAE,44.116097089248754
4069,118,122,LAE,1.8136607800290214
4070,118,122,LAE,36.51860533349574
4071,118,122,LAE,0.6627246996755507
4072,118,126,LAE|MAE,13.553443352867797
4073,118,126,LAE,6.561858381400677
4074,119,125,LAE|MAE,0.5898879618402338
4075,119,122,LAE|MAE,0.8415095490647607
4076,119,126,LAE|MAE,27.131679897805558
4077,119,122,LAE|MAE,19.65257293041191
4078,121,123,LAE|MAE,0.7691957908908444
4079,121,124,LAE|MAE|SAE,14.675678895074709
4080,121,125,LAE|MAE|SAE,18.880456046033032
4081,121,124,LAE|MAE|SAE,30.694473388167104
4082,121,125,LAE|MAE|SAE,14.631141286230044
4083,121,124,LAE|MAE|SAE,11.397460938228312
4084,121,125,LAE|MAE|SAE,8.20101786119942
4085,121,122,LAE|MAE,16.581228582748885
4086,121,126,LAE|MAE|SAE,24.010120540310417
4087,121,126,LAE|MAE,38.45003954500894
4088,121,126,LAE|MAE,0.7845704896077017
4089,121,122,LAE|MAE,26.886311309626954
4090,121,126,LAE|MAE|SAE,19.65411674607833
4091,121,125,LAE|MAE,12.392146876339776
4092,119,126,LAE|MAE,0.6769581881029263
4093,119,126,LAE|MAE,20.92110912314074
4094,119,126,LAE|MAE,3.1057706776618113
4095,119,126,LAE|MAE,21.352086989125066
4096,119,126,LAE|MAE,1.1106267610471952
4097,119,123,MAE,18.04529957810796
4098,119,123,MAE,0.8352047993267075
4099,119,123,MAE,0.8709389411349567
4100,120,126,LAE|MAE|SAE,0.7836115834824728
4101,120,125,MAE|SAE,26.28072671013158
4102,120,124,MAE|SAE,15.915965881514849
4103,120,123,MAE|SAE,1.8634637036385246
4104,120,126,LAE|MAE|SAE,28.288897325531376
4105,121,124,MAE|SAE,1.4987206015049122
4106,121,123,MAE,0.888080181574621
4107,121,126,LAE|MAE,0.5487155710329553
4108,121,125,MAE,0.5741153291244897
4109,121,126,LAE|MAE,0.8515661183630068
4110,121,125,MAE,22.079548819375365
4111,121,123,MAE,9.233370569684935
4112,122,123,LAE|MAE,46.11597900041749
4113,122,125,LAE|MAE,0.5642226794282983
4114,122,123,LAE|MAE,19.77669100526571
4115,122,126,LAE|MAE|SAE,21.958979039328412
4116,122,126,LAE|MAE|SAE,1.1843240185522215
4117,122,126,LAE|MAE|SAE,1.8827729468788827
4118,122,125,LAE|MAE|SAE,18.285670877196154
4119,122,123,LAE|MAE,15.504839127503368
4120,122,126,LAE|MAE,32.169682024821554
4121,122,123,LAE|MAE,27.2808359641277
4122,122,126,LAE|MAE,0.6117762209723238
4123,122,126,LAE|MAE,25.303985195887126
4124,122,123,LAE|MAE,44.34332459929717
4125,120,124,SAE,1.834497741023084
4126,120,124,SAE,0.548686175759736
4127,120,124,SAE,32.8252705697386
4128,120,124,SAE,52.81043227044811
4129,120,124,SAE,23.51632525763213
4130,120,124,SAE,8.377091185434246
4131,120,124,SAE,1.1382060787277608
4132,120,124,SAE,0.6822159949004228
4133,121,124,MAE|SAE,0.5671215800148579
4134,121,124,MAE|SAE,1.256980737989512
4135,121,124,MAE|SAE,8.876466184799051
4136,121,125,MAE|SAE,1.150605857354567
4137,121,125,MAE|SAE,0.8817584082863366
4138,123,126,LAE|MAE|SAE,59.90946136189577
4139,123,126,LAE|MAE|SAE,0.5260347011411404
4140,123,124,MAE|SAE,1.23552170947773
4141,123,126,LAE|MAE|SAE,25.160984298238393
4142,123,125,MAE|SAE,13.006245572097315
4143,123,126,LAE|MAE|SAE,0.5848008554847642
4144,123,126,LAE|MAE|SAE,20.27752573779679
4145,121,125,MAE,33.24619275458065
4146,121,125,MAE,22.42590152930731
4147,121,125,MAE,34.225650207808094
4148,121,125,MAE,49.19136514902109
4149,122,126,LAE|MAE,0.6920380342687673
4150,122,126,LAE|MAE,18.55042100802122
4151,122,126,LAE|MAE,34.1188196302384
4152,122,125,LAE|MAE,27.48633353179785
4153,122,125,LAE|MAE,0.6943641662256087
4154,122,125,LAE|MAE,29.355815195890628
4155,122,125,LAE|MAE,40.703867785731354
4156,122,125,LAE|MAE,24.147239590718822
4157,123,125,MAE,1.2330690110742448
4158,123,125,MAE,18.193833847471094
4159,123,125,MAE,42.41026510434235
4160,123,125,MAE,23.959032403971218
4161,123,125,MAE,0.9069294576662147
4162,123,126,LAE|MAE,0.6643379722011359
4163,123,125,MAE,24.973305833323394
4164,123,125,MAE,0.5829328681251221
4165,123,126,LAE|MAE,0.6146334271049108
4166,123,125,MAE,39.780868526041786
4167,124,126,LAE|MAE|SAE,0.6658241360839544
4168,124,126,LAE|MAE|SAE,24.156474023258205
4169,124,126,LAE|MAE|SAE,1.523463019667991
4170,124,126,LAE|MAE|SAE,8.754858248720831
4171,124,125,MAE|SAE,0.6711492063675544
4172,124,126,LAE|MAE|SAE,40.46284463767789
4173,124,126,LAE|MAE|SAE,0.5729757792543472
4174,124,125,MAE|SAE,11.755793375608567
4175,124,126,LAE|MAE|SAE,22.820330384104214
4176,124,125,MAE|SAE,20.68438320971369
4177,122,126,LAE,19.435612290925064
4178,122,126,LAE,29.11172083202049
4179,122,126,LAE,1.8909060053327438
4180,122,126,LAE,0.593698333831243
4181,122,126,LAE,33.167355315438094
4182,122,126,LAE,24.871401364247333
4183,122,126,LAE,36.835354679959195
4184,123,126,LAE|MAE,8.564388075582904
4185,123,126,LAE|MAE,11.26018059755223
4186,125,126,LAE|MAE,0.6112773303509369
4187,125,126,LAE|MAE,1.8097125074598566
4188,125,126,LAE|MAE,32.058819943738015
