landmark_id,first_frame_idx,last_frame_idx,slots_seen,creation_depth_m
0,0,9,LAE|MAE|SAE,11.193661518231291
1,0,15,LAE|MAE|SAE,13.625016454003651
2,0,12,LAE|MAE|SAE,12.5124501631054
3,0,6,LAE|MAE|SAE,1.1074583373174054
4,0,3,LAE|MAE|SAE,0.7605580953766047
5,0,6,LAE|MAE|SAE,1.2721063999456403
6,0,7,LAE|MAE|SAE,1.3945648084728421
7,0,5,LAE|MAE|SAE,1.089416874069947
8,0,3,LAE|MAE|SAE,0.5945462216513099
9,0,6,LAE|MAE|SAE,0.9090804599482457
10,0,6,LAE|MAE|SAE,1.0198584566694582
11,0,3,LAE|MAE|SAE,0.6061306915318032
12,0,5,LAE|MAE|SAE,19.34864348200008
13,0,4,LAE|MAE|SAE,0.887084709612707
14,0,12,LAE|MAE|SAE,11.101698311144148
15,0,7,LAE|MAE|SAE,11.736197464596225
16,0,5,LAE|MAE|SAE,1.079693424292748
17,0,4,LAE|MAE|SAE,1.0749409856817314
18,0,5,LAE|MAE|SAE,0.9018481257319803
19,0,2,LAE|MAE|SAE,0.5175444061276963
20,0,67,LAE|MAE|SAE,32.387934682395205
21,0,2,LAE|MAE|SAE,0.6071214904756981
22,0,1,MAE|SAE,3.2325418391362133
23,0,1,MAE|SAE,0.6422192663487624
24,0,7,MAE|SAE,21.041879216900846
25,0,27,LAE|MAE|SAE,20.2609865293942
26,0,4,LAE|MAE|SAE,0.7307106100506418
27,0,1,MAE|SAE,0.6918370033606523
28,0,2,LAE|MAE|SAE,0.9162438254653266
29,0,5,LAE|MAE|SAE,1.8609170874306569
30,0,2,LAE|MAE|SAE,0.6456010278054662
31,0,3,MAE|SAE,20.860949815552154
32,0,3,MAE|SAE,13.736671354168976
33,0,1,MAE|SAE,16.819921590444014
34,0,10,LAE|MAE|SAE,3.3058942216002554
35,0,9,LAE|MAE|SAE,2.2650755059204117
36,0,1,MAE|SAE,16.37775919639217
37,0,5,MAE|SAE,1.052413431974562
38,0,25,LAE|MAE|SAE,20.201047972689032
39,0,11,LAE|MAE|SAE,18.319547273396235
40,0,32,LAE|MAE|SAE,20.061531728696057
41,0,3,MAE|SAE,1.0297159056136105
42,0,4,MAE|SAE,21.815133540650795
43,0,1,MAE|SAE,0.552139062849301
44,0,5,LAE|MAE|SAE,14.606469433656136
45,0,4,LAE|MAE|SAE,0.6173774608212765
46,0,1,MAE|SAE,1.0937498266742995
47,0,11,LAE|MAE|SAE,1.7135046888145056
48,0,14,LAE|MAE|SAE,22.368751906522554
49,0,6,LAE|MAE|SAE,5.533200287111452
50,0,10,LAE|MAE|SAE,1.6092808690752656
51,0,1,MAE|SAE,0.9319781134386844
52,0,27,LAE|MAE|SAE,17.44532930006431
53,0,6,LAE|MAE|SAE,22.20054957983613
54,0,11,LAE|MAE|SAE,18.327291591207544
55,0,11,LAE|MAE|SAE,16.611382905136963
56,0,8,LAE|MAE|SAE,17.552108807826844
57,0,2,LAE|MAE|SAE,1.4921444563620514
58,0,20,LAE|MAE|SAE,12.954511321709258
59,0,1,MAE|SAE,0.6269811503898919
60,0,3,LAE|MAE|SAE,2.8722494415234636
61,0,1,MAE|SAE,18.629107893912213
62,0,19,LAE|MAE|SAE,10.500140633389217
63,0,6,LAE|MAE|SAE,19.391629701096296
64,0,3,LAE|MAE|SAE,0.8971648247216829
65,0,8,LAE|MAE|SAE,10.245500037889833
66,0,3,MAE|SAE,1.228399695458512
67,0,30,LAE|MAE|SAE,16.215051403679002
68,0,6,LAE|MAE|SAE,22.239985023232517
69,0,6,LAE|MAE|SAE,11.513625265940737
70,0,3,LAE|MAE|SAE,2.425935449662511
71,0,9,LAE|MAE|SAE,1.5931096037655839
72,0,1,MAE|SAE,4.557320500005413
73,0,3,MAE|SAE,5.607621747146173
74,0,1,MAE|SAE,0.6372721943630709
75,0,5,MAE|SAE,11.69805069645012
76,0,8,MAE|SAE,32.155164877525166
77,0,5,MAE|SAE,16.707773910810594
78,0,26,LAE|MAE|SAE,15.946169430125877
79,0,14,LAE|MAE|SAE,17.698773909096158
80,0,21,LAE|MAE|SAE,9.15449450709969
81,0,2,LAE|MAE|SAE,0.6431231977472652
82,0,3,MAE|SAE,0.9200980183149986
83,0,2,LAE|MAE|SAE,0.669543593654466
84,0,2,LAE|MAE|SAE,0.5320571159191954
85,0,1,MAE|SAE,12.522264368354698
86,0,1,MAE|SAE,1.9697957404717157
87,0,18,LAE|MAE|SAE,21.253152629237473
88,0,1,MAE|SAE,3.6651161470465246
89,0,13,LAE|MAE|SAE,20.91360094570233
90,0,4,LAE|MAE|SAE,0.6857925586232625
91,0,13,LAE|MAE|SAE,15.928203442398752
92,0,7,LAE|MAE|SAE,0.9883274317732392
93,0,5,LAE|MAE|SAE,1.0329640159727551
94,0,25,LAE|MAE|SAE,15.48462911906086
95,0,1,MAE|SAE,1.117867165071011
96,0,16,LAE|MAE|SAE,19.321135023921908
97,0,1,MAE|SAE,0.592091975518527
98,0,7,LAE|MAE|SAE,18.161327686286423
99,0,1,MAE|SAE,1.068744204852496
100,0,3,MAE|SAE,1.0656747407108391
101,0,9,LAE|MAE|SAE,1.7353007840555763
102,0,7,LAE|MAE|SAE,1.3033485861866916
103,0,5,LAE|MAE|SAE,1.5610116384706132
104,0,3,LAE|MAE|SAE,19.929696207016864
105,0,10,LAE|MAE|SAE,17.07551179412735
106,0,18,LAE|MAE|SAE,16.77916458004939
107,0,1,MAE|SAE,13.125477996135775
108,0,11,LAE|MAE|SAE,20.857466048209012
109,0,5,LAE|MAE|SAE,0.8716820218560918
110,0,57,LAE|MAE|SAE,18.637735984519608
111,0,21,LAE|MAE|SAE,18.649654524399953
112,0,1,MAE|SAE,0.5967165671022484
113,0,18,LAE|MAE|SAE,17.661227255152838
114,0,1,MAE|SAE,3.8148334641482995
115,0,17,LAE|MAE|SAE,10.026292195779138
116,0,1,MAE|SAE,1.586311673509352
117,0,1,MAE|SAE,17.400968213802223
118,0,1,MAE|SAE,20.14665723871225
119,0,6,LAE|MAE|SAE,1.0289797806576253
120,0,6,LAE|MAE|SAE,17.703923815901245
121,0,3,MAE|SAE,1.9558815877085403
122,0,18,LAE|MAE|SAE,15.932103003933657
123,0,1,MAE|SAE,0.6291382754337916
124,0,3,LAE|MAE|SAE,0.7243735665205396
125,0,2,LAE|MAE|SAE,1.0864763535012383
126,0,7,LAE|MAE|SAE,22.072715320471566
127,0,1,MAE|SAE,0.5913877923460943
128,0,15,LAE|MAE|SAE,5.261567186020312
129,0,14,LAE|MAE|SAE,14.442074831855937
130,0,6,LAE|MAE|SAE,1.2582940128376114
131,0,7,LAE|MAE|SAE,1.0762187691349856
132,0,6,LAE|MAE|SAE,1.6381855086801462
133,0,1,MAE|SAE,0.8790551690808857
134,0,6,LAE|MAE|SAE,0.8165725720401955
135,0,7,LAE|MAE|SAE,11.490444127752346
136,1,6,LAE|MAE,16.742106333879082
137,1,25,LAE|MAE,55.06801893029143
138,1,5,LAE|MAE,1.8147182768071692
139,1,2,LAE|MAE,0.6326108394677751
140,1,5,LAE|MAE|SAE,19.393850398201888
141,1,53,LAE|MAE|SAE,19.423833533285773
142,1,13,LAE|MAE|SAE,5.705413302357758
143,1,4,LAE|MAE|SAE,0.6535135835711703
144,1,6,LAE|MAE|SAE,0.808900104339657
145,1,6,LAE|MAE,10.95949290752145
146,1,7,LAE|MAE|SAE,14.247946009808913
147,1,6,LAE|MAE,1.7336222266913062
148,1,7,LAE|MAE,1.1002131780428732
149,1,4,LAE|MAE|SAE,1.286738443570221
150,1,4,LAE|MAE|SAE,10.339147234311488
151,1,11,LAE|MAE|SAE,16.685709186044413
152,1,10,LAE|MAE|SAE,24.530509474869554
153,1,2,LAE|MAE,0.5747076200422964
154,1,26,LAE|MAE|SAE,17.24982109808863
155,1,12,LAE|MAE|SAE,15.036776964165446
156,1,22,LAE|MAE|SAE,16.55080316292784
157,1,18,LAE|MAE,21.420251423006437
158,1,3,LAE|MAE,0.6398497358127879
159,1,2,LAE|MAE,0.6308310285415626
160,1,2,LAE|MAE,0.5687686265474826
161,1,2,LAE|MAE,3.564931457867244
162,1,5,LAE|MAE,21.311494736064986
163,1,13,LAE|MAE|SAE,2.6841896365068676
164,1,7,LAE|MAE|SAE,17.7815585170612
165,1,13,LAE|MAE|SAE,22.038138375088423
166,1,3,LAE|MAE,1.1602164139393942
167,1,9,LAE|MAE,11.547094998874785
168,1,2,LAE|MAE,1.3816595645984364
169,1,7,LAE|MAE|SAE,1.0805138097483546
170,1,2,LAE|MAE,19.55485623193773
171,1,8,LAE|MAE|SAE,1.7249991182374103
172,1,3,LAE|MAE,33.780718082216104
173,1,6,LAE|MAE,12.077823060120055
174,1,11,LAE|MAE|SAE,2.3046042432420792
175,1,2,LAE|MAE,1.2749662936297692
176,1,3,LAE|MAE,2.033517350041257
177,1,2,LAE|MAE,13.137442227013965
178,1,2,LAE|MAE,0.5928765738111358
179,1,2,LAE|MAE,0.5717218124260509
180,1,21,LAE|MAE|SAE,12.947356849551594
181,1,6,LAE|MAE,5.648458608091795
182,1,7,LAE|MAE,16.331509085984965
183,1,2,LAE|MAE,0.616961384804861
184,1,6,LAE|MAE,9.22861682108546
185,1,3,LAE|MAE,9.864110646303999
186,1,3,LAE|MAE,0.5963149791840373
187,1,6,LAE|MAE|SAE,0.9047474658378394
188,1,49,LAE|MAE|SAE,16.04421344813305
189,1,8,LAE|MAE|SAE,5.903391231137454
190,1,6,LAE|MAE|SAE,1.8561759553251695
191,1,4,LAE|MAE|SAE,17.842423410914893
192,1,21,LAE|MAE,15.116718896155184
193,1,5,LAE|MAE|SAE,18.030330286824356
194,0,8,MAE|SAE,8.821767399153396
195,0,3,MAE|SAE,0.6476095201206883
196,0,4,MAE|SAE,1.2023054580028376
197,0,4,MAE|SAE,16.87601020913256
198,0,7,MAE|SAE,15.36904602525752
199,0,3,MAE|SAE,12.306333806585585
200,0,3,MAE|SAE,0.616279093246101
201,0,6,LAE|MAE|SAE,0.9887093175412437
202,0,11,MAE|SAE,11.547094998874785
203,0,25,LAE|MAE|SAE,19.11902122717098
204,0,3,MAE|SAE,1.1103368762047536
205,0,7,LAE|MAE|SAE,9.790322818319874
206,0,7,MAE|SAE,2.4447820518603485
207,0,8,MAE|SAE,20.80402167462178
208,0,12,MAE|SAE,22.281565206499987
209,1,13,MAE,19.29351744960314
210,1,3,MAE,17.68225103783852
211,1,5,MAE|SAE,21.887332559478697
212,1,5,MAE,1.1030042617495275
213,1,12,LAE|MAE|SAE,24.950985840678776
214,1,3,MAE,0.6135094444306884
215,1,5,MAE,3.0874522564352964
216,1,3,MAE,26.632438279266175
217,1,3,MAE,7.939435924740747
218,1,3,MAE,10.893771368049949
219,1,5,MAE,39.690154147342504
220,1,3,MAE,1.5448856697906748
221,1,5,MAE,5.58743863768505
222,1,3,MAE,0.7670900753760539
223,1,3,MAE,1.412347610595241
224,1,13,MAE,44.28699569757505
225,1,3,MAE,33.093058623117635
226,1,31,MAE,31.666561482025603
227,1,7,MAE,33.3638878843035
228,1,3,MAE,5.7846087108204225
229,1,11,LAE|MAE,16.833254348590504
230,1,27,LAE|MAE|SAE,16.198175690125368
231,1,13,LAE|MAE,16.405160542037702
232,1,3,MAE,11.748133322346868
233,1,22,LAE|MAE|SAE,15.774159424309
234,1,5,MAE|SAE,0.9072711320990631
235,1,7,MAE,1.8852911670066077
236,1,8,MAE|SAE,12.657142906031597
237,1,5,MAE,11.771598461918378
238,1,29,LAE|MAE|SAE,17.651284236509294
239,2,12,LAE|MAE|SAE,14.600159074325186
240,2,3,LAE|MAE,1.2641435362102404
241,2,6,LAE|MAE|SAE,14.331199179611037
242,2,12,LAE|MAE|SAE,17.486708116350176
243,2,5,LAE|MAE|SAE,1.0458856317719045
244,2,3,LAE|MAE,0.606168992183293
245,2,12,LAE|MAE|SAE,14.54262788657762
246,2,6,LAE|MAE|SAE,20.825561136101825
247,2,5,LAE|MAE,19.45072691184874
248,2,3,LAE|MAE,34.05654185800874
249,2,4,LAE|MAE|SAE,0.654763423621309
250,2,6,LAE|MAE|SAE,0.9711076439702263
251,2,3,LAE|MAE,1.312242014257426
252,2,10,LAE|MAE|SAE,1.5694093061206402
253,2,13,LAE|MAE,3.7488101358454244
254,2,3,LAE|MAE,16.013164460180974
255,2,11,LAE|MAE|SAE,2.060563442008453
256,2,3,LAE|MAE,1.4825378648696912
257,2,3,LAE|MAE,13.238804452779227
258,2,11,LAE|MAE,13.678019802140902
259,2,10,LAE|MAE,10.640688356490296
260,2,3,LAE|MAE,12.546598336395952
261,2,3,LAE|MAE,11.527885890847152
262,2,14,LAE|MAE,20.777135961076404
263,2,6,LAE|MAE,1.1009097116041853
264,2,3,LAE|MAE,11.934718105126361
265,2,10,LAE|MAE|SAE,14.960789804479269
266,0,4,SAE,16.96333310128863
267,0,8,SAE,39.85252024728617
268,0,6,LAE|MAE|SAE,1.58402929647029
269,0,8,SAE,15.484806293702931
270,0,12,SAE,21.008948526653164
271,0,8,SAE,18.818286344712483
272,0,4,SAE,33.236794232500166
273,0,19,MAE|SAE,40.00515250498859
274,0,8,SAE,26.717214291788853
275,0,4,SAE,0.6930321003279277
276,0,4,SAE,24.38487006881163
277,0,8,SAE,30.227884210914073
278,0,4,SAE,55.485125012124264
279,0,4,SAE,20.617093503849418
280,0,24,SAE,19.44257732500282
281,0,8,SAE,20.60163309790281
282,0,15,MAE|SAE,11.391690912193255
283,0,4,SAE,18.821059800631836
284,0,4,SAE,32.265721402254805
285,0,4,SAE,31.949819782596464
286,0,4,SAE,25.204381239592976
287,0,4,SAE,40.5501732483133
288,0,4,SAE,43.94274451148785
289,0,4,SAE,1.0922723129560934
290,0,4,SAE,21.316905257543716
291,0,12,SAE,24.3603333641266
292,0,4,SAE,17.838981427385967
293,0,4,SAE,32.08438030739007
294,0,4,SAE,26.913851613287534
295,0,6,LAE|MAE|SAE,0.8871633588273641
296,0,4,SAE,24.491841608581318
297,0,5,MAE|SAE,0.8530024044112924
298,1,4,MAE|SAE,0.8276076478750127
299,1,4,MAE|SAE,0.7612013569362126
300,1,4,MAE|SAE,1.046616692456811
301,1,4,MAE|SAE,11.71691337386532
302,1,11,LAE|MAE|SAE,15.269776600707386
303,3,8,MAE|SAE,2.3398888991523874
304,3,5,MAE|SAE,16.55575416290908
305,3,6,LAE|MAE|SAE,0.8088451546596787
306,3,7,LAE|MAE|SAE,1.3126399233557737
307,3,4,MAE|SAE,14.635737095107066
308,3,11,MAE|SAE,2.8747155819557775
309,3,7,MAE|SAE,1.3386576321519015
310,1,10,LAE|MAE,23.101289848450712
311,1,7,MAE,33.356995222175776
312,1,25,MAE|SAE,17.577839986826586
313,1,5,MAE,8.83778679211292
314,1,5,MAE,21.458182243422392
315,1,5,MAE,58.5366831796399
316,1,11,MAE,25.22277565658143
317,1,9,LAE|MAE,16.262098685186384
318,1,5,MAE,33.45132183626726
319,1,5,MAE,31.303215290419455
320,1,13,MAE,29.958242820939923
321,1,5,MAE,35.03494924418399
322,1,6,LAE|MAE,0.8510773203386901
323,1,7,LAE|MAE,16.25792482439812
324,1,13,LAE|MAE|SAE,12.072071243823766
325,1,5,MAE,26.667886094123382
326,1,7,LAE|MAE,15.662463664238434
327,1,6,LAE|MAE,0.9764122580950497
328,2,6,LAE|MAE,1.8547133294855873
329,2,13,LAE|MAE|SAE,17.70319331664963
330,2,5,LAE|MAE,21.59493214798818
331,2,10,LAE|MAE,1.5664711172717765
332,2,6,LAE|MAE,2.361779803717995
333,2,17,LAE|MAE|SAE,21.871844446382664
334,2,5,LAE|MAE,0.8397106314629897
335,2,5,LAE|MAE,18.567044081136906
336,2,17,LAE|MAE,14.034235065972236
337,2,5,LAE|MAE,17.117450782609243
338,2,7,LAE|MAE,1.36196528998257
339,2,24,LAE|MAE|SAE,30.477903719344788
340,2,11,LAE|MAE,16.807595905208807
341,2,14,LAE|MAE,24.49641506263661
342,2,5,LAE|MAE,16.023663405045596
343,2,9,LAE|MAE,12.5528864286281
344,2,7,LAE|MAE,12.65847231418136
345,2,5,LAE|MAE,1.2649722091296969
346,2,6,LAE|MAE,17.16372728495477
347,2,5,LAE|MAE,5.351656117509359
348,2,5,LAE|MAE,19.465016659212974
349,2,40,LAE|MAE|SAE,17.879690863048523
350,3,5,MAE,15.33188307040943
351,3,6,LAE|MAE,58.095293719659125
352,3,9,MAE,31.11268931501623
353,3,13,LAE|MAE,10.259976393731371
354,3,17,LAE|MAE|SAE,10.069862786622567
355,3,5,MAE,23.216292965174798
356,3,9,MAE,21.047067447068635
357,3,5,MAE,19.022178532865784
358,3,9,LAE|MAE,21.46561180266167
359,3,5,MAE,20.90641594500563
360,3,5,MAE,34.100891688796274
361,3,9,MAE,27.43616898725484
362,3,5,MAE,9.585103388324649
363,3,19,MAE,44.083394660070844
364,3,7,MAE,11.815061880524537
365,3,6,LAE|MAE,16.211063587365803
366,3,5,MAE,23.432448937844928
367,3,9,MAE,11.680541611770563
368,3,5,MAE,30.560911157256154
369,3,27,MAE,25.156313800670553
370,3,5,MAE,38.85846614775302
371,3,7,LAE|MAE,1.3242327930335152
372,3,5,MAE,27.19704870036872
373,3,11,LAE|MAE,21.888781385475646
374,3,6,LAE|MAE,0.7133853308112195
375,3,9,MAE,27.438133412209485
376,3,6,LAE|MAE,33.83704212175728
377,3,7,MAE,11.560650045506204
378,3,5,MAE,33.724262525022986
379,3,5,MAE,13.020145938582635
380,3,6,LAE|MAE,16.63189770111344
381,3,9,MAE,14.7646933669176
382,3,7,LAE|MAE,15.99780866958476
383,3,6,LAE|MAE,13.644141631001121
384,3,5,MAE,44.88052496254117
385,3,5,MAE,25.711041735344015
386,4,7,LAE|MAE|SAE,1.0608923249380848
387,4,6,LAE|MAE|SAE,23.460351201370198
388,4,5,MAE|SAE,15.674801811371193
389,4,6,LAE|MAE|SAE,0.7181229271652636
390,4,7,LAE|MAE|SAE,1.1455734779929365
391,4,5,MAE|SAE,0.6481899916307531
392,4,5,MAE|SAE,13.672541653310965
393,4,10,LAE|MAE|SAE,1.4397924382051948
394,4,5,MAE|SAE,27.191447833282606
395,4,7,LAE|MAE|SAE,1.8834595724910974
396,4,10,LAE|MAE|SAE,1.9533396643075334
397,4,6,LAE|MAE|SAE,29.038451800737665
398,2,6,LAE,20.841559635616115
399,2,10,LAE,10.954164023887106
400,2,10,LAE|MAE,17.38554133218213
401,2,10,LAE|MAE,35.47440192209766
402,2,14,LAE,21.601528860233024
403,2,6,LAE,38.51123062477654
404,2,6,LAE,14.15520511921102
405,2,6,LAE,15.739533820115813
406,2,9,LAE|MAE|SAE,13.297172673551652
407,2,6,LAE,1.0671240393759036
408,2,10,LAE,2.4367754169173796
409,2,14,LAE,39.580300566912506
410,2,18,LAE,40.009739899189974
411,2,10,LAE|MAE,9.609647272296018
412,2,6,LAE,17.37521927601464
413,2,6,LAE,0.8588993818156707
414,2,6,LAE,1.8341397742042747
415,2,58,LAE|MAE|SAE,15.86714638611602
416,2,6,LAE,14.010697827393459
417,2,6,LAE,14.700612690769006
418,2,12,LAE|MAE|SAE,15.682366070411643
419,2,6,LAE,20.270560227600992
420,2,19,LAE|MAE,22.549712777135383
421,2,6,LAE,23.47125625542342
422,3,6,LAE|MAE,19.07503813898503
423,3,11,LAE|MAE,5.5857996696674315
424,3,10,LAE|MAE|SAE,12.455316258149292
425,3,41,LAE|MAE|SAE,14.256103979619693
426,3,6,LAE|MAE,1.0297877890131044
427,5,6,LAE|MAE,0.7751463648962942
428,5,6,LAE|MAE,18.389544323040763
429,5,7,LAE|MAE,1.1542527614588434
430,5,14,LAE|MAE,12.32433978811278
431,5,8,LAE|MAE|SAE,12.680543838539476
432,5,7,LAE|MAE,1.1241444713296522
433,5,6,LAE|MAE,11.370234414631707
434,5,7,LAE|MAE,11.115680463995508
435,5,6,LAE|MAE,0.6970049441354244
436,5,6,LAE|MAE,10.419909509930545
437,5,6,LAE|MAE,0.8081270194051061
438,5,13,LAE|MAE,16.09155399939718
439,5,6,LAE|MAE,0.6704324375420466
440,5,6,LAE|MAE,10.946292075313844
441,5,7,LAE|MAE,1.2777537647794113
442,5,6,LAE|MAE,0.8639480466393268
443,5,10,LAE|MAE,16.697675673140587
444,5,6,LAE|MAE,16.377988229157726
445,5,7,LAE|MAE,10.348330303734722
446,5,8,LAE|MAE|SAE,0.8591726165773585
447,5,12,LAE|MAE|SAE,6.994820098524384
448,5,9,LAE|MAE|SAE,1.2580666089669623
449,5,8,LAE|MAE|SAE,0.8728041187550628
450,5,18,LAE|MAE,18.614531692307
451,5,6,LAE|MAE,0.8756803070127404
452,5,6,LAE|MAE,1.9262526281292585
453,5,6,LAE|MAE,1.0038084230933029
454,5,6,LAE|MAE,0.642218102026712
455,5,6,LAE|MAE,25.2873166780652
456,5,6,LAE|MAE,10.137542109801249
457,5,7,LAE|MAE,0.8382788672762377
458,5,6,LAE|MAE,1.4253663342410594
459,5,10,LAE|MAE,15.187862755409185
460,5,9,LAE|MAE,17.420764406244363
461,3,9,MAE,33.68546768767226
462,3,17,MAE|SAE,10.253192567996892
463,3,31,MAE,26.66370608358881
464,3,9,MAE,43.935910274728656
465,3,7,MAE,10.95196562430823
466,3,11,MAE,40.563294032369114
467,3,15,LAE|MAE,8.303532542020037
468,3,7,MAE,21.01117344739698
469,4,7,MAE|SAE,1.78099698000862
470,4,24,MAE|SAE,15.804539144801783
471,4,9,MAE|SAE,45.94554490827969
472,4,10,LAE|MAE|SAE,14.695288758513401
473,4,7,MAE|SAE,27.790516998379665
474,4,8,MAE|SAE,1.7744394364244485
475,4,7,MAE|SAE,1.5152897997083659
476,4,21,LAE|MAE|SAE,17.961673484116297
477,4,7,MAE|SAE,0.8383509254535347
478,4,11,MAE|SAE,2.509299151934818
479,5,7,MAE,14.525327160184686
480,5,20,LAE|MAE|SAE,19.53671399468101
481,5,11,MAE,39.29740169993233
482,5,7,MAE,30.32995219664612
483,5,7,MAE,13.879418600498456
484,5,7,MAE,16.89325011214091
485,5,7,MAE,1.3273630077481273
486,5,23,LAE|MAE|SAE,22.18113830901608
487,6,7,LAE|MAE,0.9513215173436902
488,6,10,LAE|MAE,1.145356169974866
489,6,7,LAE|MAE,0.7731354005590839
490,6,7,LAE|MAE,0.968751619114501
491,6,7,LAE|MAE,1.0404669013466257
492,6,7,LAE|MAE,1.3418840719535468
493,6,7,LAE|MAE,1.2883577026269455
494,6,9,LAE|MAE|SAE,17.000633927499102
495,6,9,LAE|MAE,13.940083751595713
496,6,7,LAE|MAE,0.7350033881574992
497,6,9,LAE|MAE|SAE,1.967281386082669
498,6,7,LAE|MAE,0.7086386906630522
499,6,9,LAE|MAE,34.65303329505121
500,6,7,LAE|MAE,12.142896069444202
501,6,7,LAE|MAE,2.9672118027209375
502,6,9,LAE|MAE,10.435871132914272
503,6,7,LAE|MAE,1.0559167056691123
504,6,7,LAE|MAE,1.2087140417223168
505,6,11,LAE|MAE,15.109315982150907
506,6,7,LAE|MAE,1.0670651929548127
507,4,8,SAE,57.32267575235906
508,4,8,SAE,20.199336561628968
509,4,12,SAE,42.62398616435442
510,4,8,SAE,13.136368238775697
511,4,11,MAE|SAE,10.056368617350056
512,4,8,SAE,10.878631760163682
513,4,11,LAE|MAE|SAE,17.383562982761223
514,4,8,SAE,51.85929452855745
515,4,12,SAE,20.788480295558116
516,4,8,SAE,23.64450728794906
517,4,8,SAE,35.568879917918025
518,4,8,SAE,33.159058617470016
519,4,8,SAE,25.648668086882843
520,4,16,MAE|SAE,17.209219629643496
521,4,8,SAE,11.976533535800664
522,4,8,SAE,27.27356964105163
523,4,8,SAE,17.120690601577216
524,4,8,SAE,29.53640091961913
525,4,8,SAE,13.966930613089628
526,4,8,SAE,48.07111518188553
527,4,8,SAE,44.46364712215096
528,4,8,SAE,9.700586723229822
529,5,8,MAE|SAE,1.3094220753393648
530,5,23,MAE|SAE,13.021963394499386
531,5,8,MAE|SAE,7.630318078310097
532,5,8,MAE|SAE,3.2776479506439107
533,5,12,MAE|SAE,11.865828960320167
534,5,9,MAE|SAE,12.248586263785066
535,5,8,MAE|SAE,24.38549103885948
536,7,9,MAE|SAE,12.790677177276292
537,7,11,LAE|MAE|SAE,1.8312258594823292
538,7,8,MAE|SAE,3.4428131463940446
539,7,8,MAE|SAE,1.045638363840867
540,7,8,MAE|SAE,0.7686599547053674
541,7,8,MAE|SAE,1.034372322878033
542,7,9,MAE|SAE,12.397072688055598
543,7,8,MAE|SAE,5.20542682382166
544,7,9,MAE|SAE,1.413264704799882
545,7,30,LAE|MAE|SAE,20.412654155268626
546,7,12,LAE|MAE|SAE,2.8312354961489987
547,7,8,MAE|SAE,1.2122008421957606
548,7,15,LAE|MAE|SAE,16.037024513409076
549,7,11,LAE|MAE|SAE,1.3086157590862626
550,7,8,MAE|SAE,0.7886593535076794
551,7,10,LAE|MAE|SAE,11.027002890450783
552,7,23,LAE|MAE|SAE,13.395591721839923
553,7,8,MAE|SAE,12.787662840588144
554,5,9,MAE,21.989163619504723
555,5,11,MAE,30.635572432193285
556,5,13,MAE|SAE,20.9298659659061
557,5,9,MAE,36.727970408585364
558,5,9,MAE,18.345018846836908
559,5,9,MAE,13.664798378118073
560,5,9,MAE,23.019336856542115
561,5,9,MAE,11.859384411445475
562,6,14,LAE|MAE,3.0444428097102
563,6,10,LAE|MAE,5.99157707185206
564,6,9,LAE|MAE,2.8941693428468405
565,6,9,LAE|MAE,1.6403631980501623
566,6,10,LAE|MAE,2.3961502935778443
567,6,10,LAE|MAE,1.7940552046368152
568,6,15,LAE|MAE,18.824980188264618
569,7,11,LAE|MAE,1.4911103188806358
570,7,10,LAE|MAE,1.6266829683476631
571,7,9,MAE,13.477189530379285
572,7,17,LAE|MAE|SAE,11.759332199479376
573,7,9,MAE,31.5556758431957
574,7,9,MAE,13.653868489753927
575,7,20,LAE|MAE|SAE,16.199714534178767
576,7,12,LAE|MAE|SAE,12.527564335593281
577,7,9,MAE,0.9537600075952559
578,7,9,MAE,40.64488342906802
579,7,11,MAE,30.08099984792546
580,7,21,MAE,32.31511680200133
581,7,9,MAE,38.56530779433761
582,7,19,MAE,42.99047257170525
583,7,9,MAE,32.45418060892957
584,7,15,MAE,10.989804310680498
585,7,9,MAE,1.721958776573055
586,7,9,MAE,31.781748634285357
587,7,11,MAE,35.9182251989415
588,7,32,LAE|MAE|SAE,16.395276243204826
589,7,11,MAE,21.858992006442527
590,7,10,LAE|MAE,12.826221887277272
591,7,9,MAE,11.65850243813644
592,7,10,LAE|MAE,10.83654680767001
593,7,9,MAE,1.4320234779384275
594,7,9,MAE,1.601376536197516
595,7,11,MAE,25.772206648375377
596,7,21,MAE,29.323142595230234
597,7,39,LAE|MAE|SAE,21.54142500517347
598,8,11,LAE|MAE|SAE,1.8118143264254156
599,8,9,MAE|SAE,0.9661297666604279
600,8,18,LAE|MAE|SAE,19.516479779673922
601,8,11,LAE|MAE|SAE,1.617588889966206
602,8,9,MAE|SAE,1.3007544325808302
603,8,18,LAE|MAE|SAE,15.098045975962366
604,8,9,MAE|SAE,23.353217144938903
605,8,9,MAE|SAE,24.09278424624741
606,8,11,MAE|SAE,1.591105006613286
607,8,9,MAE|SAE,14.953824032845963
608,8,15,LAE|MAE|SAE,20.82586458012076
609,8,10,LAE|MAE|SAE,20.33876645356366
610,8,10,LAE|MAE|SAE,1.0788500928968912
611,8,15,MAE|SAE,20.79944138055818
612,6,10,LAE,13.540504332589457
613,6,10,LAE,12.423693124383453
614,6,23,LAE|MAE|SAE,16.50022503697673
615,6,10,LAE,42.42288751564947
616,6,10,LAE,12.403681398296836
617,7,19,LAE|MAE,19.91155083923835
618,7,10,LAE|MAE,1.3256724681670895
619,7,11,LAE|MAE,1.617187556929985
620,7,11,LAE|MAE,18.51262971677752
621,9,10,LAE|MAE,1.0865880029088228
622,9,12,LAE|MAE|SAE,1.8924892262165756
623,9,14,LAE|MAE,1.8170121439108664
624,9,11,LAE|MAE,0.9862367751530816
625,9,10,LAE|MAE,5.582333938527081
626,9,10,LAE|MAE,0.8890368541066503
627,9,10,LAE|MAE,1.2634088070645968
628,9,12,LAE|MAE|SAE,5.112414611719459
629,9,14,LAE|MAE|SAE,1.4941799860690543
630,9,10,LAE|MAE,1.2663088342465896
631,9,11,LAE|MAE,1.0845051672391337
632,9,10,LAE|MAE,1.3983879003892437
633,9,10,LAE|MAE,0.978393785511996
634,9,10,LAE|MAE,16.660325725398142
635,9,17,LAE|MAE|SAE,9.199846038670202
636,9,11,LAE|MAE,10.039832778091565
637,9,14,LAE|MAE|SAE,11.913897295943586
638,9,11,LAE|MAE,1.1090378615780854
639,9,10,LAE|MAE,10.499042813938905
640,9,11,LAE|MAE,1.3994429339857335
641,9,10,LAE|MAE,0.8454990468481857
642,9,10,LAE|MAE,13.160587122428028
643,9,22,LAE|MAE|SAE,14.495064904827622
644,9,13,LAE|MAE,11.747315946736142
645,9,16,LAE|MAE|SAE,16.004956863152042
646,9,10,LAE|MAE,0.9760517018834195
647,9,14,LAE|MAE,2.1815702452184653
648,9,10,LAE|MAE,11.97174481969533
649,9,18,LAE|MAE,7.15245179820054
650,9,10,LAE|MAE,0.8533722776335162
651,9,11,LAE|MAE,1.7013541036927646
652,7,11,MAE,17.51075067347808
653,7,19,MAE,30.117317973042102
654,7,11,MAE,12.325109204886768
655,7,15,MAE,32.50054656056503
656,8,13,MAE|SAE,1.5980883412879487
657,8,14,LAE|MAE|SAE,15.207596952574566
658,8,12,MAE|SAE,2.8324294343067256
659,8,15,MAE|SAE,18.801393195386414
660,8,15,MAE|SAE,18.888513348778126
661,9,11,MAE,11.748553388737207
662,9,11,MAE,1.4520795274195484
663,9,11,MAE,22.853040640198476
664,9,42,LAE|MAE|SAE,16.653333979387686
665,9,11,MAE,13.568421314857572
666,9,11,MAE,15.165953072497553
667,9,13,MAE,41.37857048391984
668,9,17,MAE,15.695435709487427
669,9,11,MAE,0.9445189286575332
670,9,33,LAE|MAE|SAE,14.607790820391632
671,9,11,MAE,12.386790093779862
672,9,26,LAE|MAE|SAE,17.45941379875221
673,9,11,MAE,20.95745040658956
674,9,11,MAE,20.95009082566899
675,9,11,MAE,15.515449093757022
676,9,11,MAE,3.0750142608108226
677,9,12,MAE|SAE,1.1087984870703178
678,9,27,MAE,28.842912112590078
679,9,11,MAE,35.89982256315765
680,9,14,LAE|MAE|SAE,10.262661692535866
681,9,11,MAE,3.640512787353796
682,9,25,LAE|MAE|SAE,16.782985738758406
683,9,23,LAE|MAE|SAE,13.152194954437359
684,9,12,MAE|SAE,10.151945335668833
685,9,15,LAE|MAE|SAE,2.4965735640057662
686,9,13,MAE,10.582260189391684
687,9,11,MAE,1.1405935864941854
688,10,11,LAE|MAE,1.361608535745246
689,10,17,LAE|MAE|SAE,12.506559799659149
690,10,11,LAE|MAE,1.0660290882727352
691,10,11,LAE|MAE,1.5317999450971718
692,10,11,LAE|MAE,13.161924118006539
693,10,11,LAE|MAE,1.1438715188299706
694,10,13,LAE|MAE|SAE,1.4437652989864962
695,10,11,LAE|MAE,1.1658402040020723
696,10,11,LAE|MAE,0.8732511798596261
697,10,11,LAE|MAE,0.9169876711836995
698,10,13,LAE|MAE,19.58171558339001
699,10,25,LAE|MAE,15.056421156617802
700,10,14,LAE|MAE,8.265935837825214
701,10,18,LAE|MAE|SAE,10.730001029913117
702,10,11,LAE|MAE,53.15025393782798
703,10,11,LAE|MAE,14.342981293307586
704,10,12,LAE|MAE|SAE,1.5737579071231675
705,10,14,LAE|MAE|SAE,1.3514308558670054
706,10,11,LAE|MAE,1.2317703241690723
707,10,11,LAE|MAE,0.7937425384316875
708,10,14,LAE|MAE|SAE,47.826476023673656
709,10,15,LAE|MAE,11.964756245165477
710,10,13,LAE|MAE|SAE,12.629841678367564
711,10,11,LAE|MAE,0.8808658059522165
712,10,23,LAE|MAE|SAE,13.794479325878854
713,10,11,LAE|MAE,1.2882618811589837
714,10,11,LAE|MAE,15.356154624041544
715,10,15,LAE|MAE,9.943947714621116
716,8,12,SAE,18.126787140456823
717,8,16,SAE,23.782278244007784
718,8,24,SAE,48.574312748064386
719,8,16,SAE,30.910470248127265
720,8,20,SAE,19.77856390680032
721,8,12,SAE,18.756304049852734
722,8,12,SAE,4.96036518628436
723,8,12,SAE,34.93012373780975
724,8,13,MAE|SAE,19.31312308861263
725,8,12,SAE,53.49902375121995
726,8,12,SAE,22.89329826749292
727,8,20,SAE,23.680072995422115
728,8,12,SAE,13.330133593218154
729,8,16,SAE,10.926012164962179
730,8,12,SAE,22.767938277283672
731,8,12,SAE,19.439995485236356
732,8,12,SAE,15.772142734560973
733,8,12,SAE,35.80217598750209
734,8,16,SAE,18.224475332329224
735,8,12,SAE,24.783740172108864
736,9,17,MAE|SAE,10.552311996707479
737,9,12,MAE|SAE,23.267264254642573
738,11,18,LAE|MAE|SAE,15.416216837206235
739,11,12,MAE|SAE,11.025463390756986
740,11,12,MAE|SAE,1.441953510172672
741,11,16,MAE|SAE,22.97958319994955
742,11,12,MAE|SAE,1.498232096756574
743,11,13,MAE|SAE,1.4267055552846126
744,11,12,MAE|SAE,17.52162039985713
745,11,14,LAE|MAE|SAE,1.401917754198772
746,11,14,LAE|MAE|SAE,2.2630355095076373
747,11,12,MAE|SAE,0.998019218691362
748,11,12,MAE|SAE,12.304056963023582
749,11,17,LAE|MAE|SAE,10.781701418190043
750,11,14,LAE|MAE|SAE,30.634211516263967
751,11,12,MAE|SAE,2.9978525598860415
752,11,13,MAE|SAE,1.2073972710103877
753,11,12,MAE|SAE,21.85120480747141
754,11,12,MAE|SAE,11.718141051872012
755,11,15,MAE|SAE,15.472012154334488
756,11,14,LAE|MAE|SAE,1.222788009153531
757,9,14,LAE|MAE,17.628633229347205
758,9,14,LAE|MAE,44.528749063837864
759,9,23,MAE|SAE,21.55288211860571
760,9,15,MAE,32.75360041434501
761,9,15,MAE,11.687687168662187
762,9,17,MAE,14.491975270921424
763,9,14,LAE|MAE,20.4704401524749
764,9,19,MAE,32.741717834547565
765,10,18,LAE|MAE,17.128001329528963
766,10,13,LAE|MAE,2.87361909815833
767,10,14,LAE|MAE,13.278379378950076
768,10,14,LAE|MAE,1.5634920270706636
769,10,13,LAE|MAE,16.476029177469265
770,10,13,LAE|MAE,10.603451272948826
771,10,22,LAE|MAE,26.864629211580997
772,10,14,LAE|MAE,16.303024291436483
773,10,19,LAE|MAE|SAE,17.529102614884092
774,10,15,LAE|MAE,15.542571037514858
775,11,13,MAE,9.359226795411855
776,11,19,MAE,23.93817186361471
777,11,13,MAE,1.8099725883876332
778,11,13,MAE,12.528012510161801
779,11,13,MAE,0.9994436527814661
780,11,18,LAE|MAE,9.845033035380641
781,11,13,MAE,15.098907772516704
782,11,13,MAE,10.749166091173505
783,11,13,MAE,36.68899870584153
784,11,13,MAE,35.483237580377974
785,11,27,LAE|MAE|SAE,11.716988136879108
786,11,25,LAE|MAE|SAE,19.493917104627407
787,11,13,MAE,1.5802854010066032
788,11,13,MAE,10.074531087277261
789,12,18,LAE|MAE|SAE,17.83303501936129
790,12,13,MAE|SAE,16.920182014696096
791,12,13,MAE|SAE,10.033826524752982
792,12,13,MAE|SAE,1.1895790209210106
793,12,13,MAE|SAE,10.70835499729393
794,12,14,LAE|MAE|SAE,16.615234397293683
795,12,14,LAE|MAE|SAE,1.3586092099563192
796,12,13,MAE|SAE,1.292168693442058
797,12,23,LAE|MAE|SAE,16.147094128022083
798,12,14,LAE|MAE|SAE,1.4084658394152525
799,12,18,LAE|MAE|SAE,12.338229639695925
800,12,13,MAE|SAE,15.487064458645149
801,12,13,MAE|SAE,1.7268120046369315
802,12,13,MAE|SAE,1.1300324061807565
803,12,14,LAE|MAE|SAE,17.103014383192896
804,12,14,LAE|MAE|SAE,1.5664773218466017
805,12,13,MAE|SAE,1.2007656308875423
806,12,13,MAE|SAE,8.74807048456429
807,12,13,MAE|SAE,11.426733917315113
808,12,13,MAE|SAE,8.796528097439571
809,12,13,MAE|SAE,9.780063566883738
810,12,14,LAE|MAE|SAE,0.9884913501097721
811,12,13,MAE|SAE,14.874459534446235
812,12,14,LAE|MAE|SAE,1.016780103016182
813,12,22,LAE|MAE|SAE,15.607310905339885
814,12,14,LAE|MAE|SAE,1.0661695738514387
815,12,13,MAE|SAE,1.0564666566233738
816,10,14,LAE,17.093075196022472
817,10,14,LAE,18.467981005945163
818,10,14,LAE,29.468099455354253
819,11,14,LAE|MAE,16.776476329460323
820,11,14,LAE|MAE,23.34661410389495
821,11,14,LAE|MAE,14.298641849110043
822,13,19,LAE|MAE,19.414320676081818
823,13,14,LAE|MAE,17.34962280808945
824,13,14,LAE|MAE,1.1814704452674962
825,13,19,LAE|MAE|SAE,2.661060296689129
826,13,14,LAE|MAE,1.2838974687557256
827,13,14,LAE|MAE,10.699063381875236
828,13,14,LAE|MAE,15.388566222904915
829,13,14,LAE|MAE,9.835076347061152
830,13,14,LAE|MAE,14.912802538137242
831,13,15,LAE|MAE,1.317263761514919
832,13,14,LAE|MAE,1.119527843212698
833,13,14,LAE|MAE,11.700471869212828
834,13,17,LAE|MAE,18.703790294542355
835,13,21,LAE|MAE,12.570117384072871
836,13,14,LAE|MAE,0.9590591492190683
837,13,14,LAE|MAE,4.628790576109188
838,13,14,LAE|MAE,1.1639595748406746
839,13,15,LAE|MAE,1.433308591552198
840,13,14,LAE|MAE,16.902469866342937
841,13,14,LAE|MAE,0.7670587264103481
842,13,43,LAE|MAE|SAE,9.964450008047557
843,13,14,LAE|MAE,1.0795667702163438
844,13,16,LAE|MAE|SAE,8.505336446332967
845,13,16,LAE|MAE|SAE,10.965336701940357
846,13,29,LAE|MAE,13.094013638072168
847,13,14,LAE|MAE,1.430821582582592
848,13,14,LAE|MAE,0.7648555577306186
849,13,14,LAE|MAE,10.058332796366443
850,13,14,LAE|MAE,9.094401148578397
851,13,14,LAE|MAE,9.178825699337704
852,11,15,MAE,11.044586026176741
853,11,19,MAE,44.79426819288842
854,11,15,MAE,25.426381543948878
855,11,41,LAE|MAE|SAE,17.178194714503643
856,11,17,MAE,42.802175991560404
857,11,19,MAE,32.6091142850201
858,11,15,MAE,17.989725780149584
859,12,20,LAE|MAE|SAE,24.21616064827013
860,12,16,MAE|SAE,11.539061470118245
861,12,38,LAE|MAE|SAE,17.305509321534895
862,12,20,MAE|SAE,18.038636543254555
863,12,19,MAE|SAE,22.428391788228925
864,12,19,MAE|SAE,12.169565670044294
865,12,15,MAE|SAE,11.677070744640126
866,13,19,MAE,24.845287814954307
867,13,15,MAE,15.328453337760367
868,13,24,MAE|SAE,11.517574461969645
869,13,23,MAE,30.164461723577162
870,13,17,MAE,29.15756122209755
871,13,19,MAE,13.428267230029507
872,13,17,MAE,12.49464495159989
873,13,15,MAE,12.233901311689877
874,13,15,MAE,17.34193993372282
875,13,15,MAE,1.1963816941973615
876,13,19,MAE,27.209996459973873
877,13,20,LAE|MAE|SAE,22.857647141483938
878,13,15,MAE,11.80346951799986
879,13,29,LAE|MAE,17.93704682199073
880,13,21,MAE,15.07035831137924
881,13,21,MAE,18.155980921022877
882,13,15,MAE,45.03120028846467
883,13,17,MAE|SAE,15.144666914468667
884,13,15,MAE,20.27596533199469
885,13,21,MAE,35.86619641980817
886,14,15,LAE|MAE,12.153281692933561
887,14,15,LAE|MAE,0.7984027084960817
888,14,15,LAE|MAE,1.129546745326194
889,14,15,LAE|MAE,1.183871838112221
890,14,15,LAE|MAE,11.761062459558426
891,14,15,LAE|MAE,0.8715560034698946
892,14,15,LAE|MAE,1.7592926687860535
893,14,19,LAE|MAE,2.1041206236964145
894,14,15,LAE|MAE,10.467833266546815
895,14,15,LAE|MAE,9.256963067215088
896,14,15,LAE|MAE,1.262927842559665
897,14,15,LAE|MAE,1.2378208449543384
898,14,15,LAE|MAE,11.16174383902449
899,14,15,LAE|MAE,14.465805615898203
900,14,15,LAE|MAE,10.627759113142742
901,14,15,LAE|MAE,41.51773428360545
902,14,15,LAE|MAE,11.874077611501193
903,14,15,LAE|MAE,17.982177977674233
904,14,15,LAE|MAE,0.9148912787693582
905,14,19,LAE|MAE|SAE,9.805842779467918
906,14,25,LAE|MAE,15.35501330452444
907,14,15,LAE|MAE,10.706882287916846
908,14,15,LAE|MAE,4.731532803606575
909,14,15,LAE|MAE,11.574097434501272
910,12,28,SAE,36.28365746937611
911,12,20,SAE,33.515461846362626
912,12,28,SAE,30.837203167195405
913,12,20,MAE|SAE,12.204893900031697
914,12,16,SAE,21.220763665396802
915,12,16,SAE,16.900998826114527
916,12,16,SAE,14.786264533889032
917,12,16,SAE,29.8486359485997
918,12,20,SAE,19.392026525066417
919,12,16,SAE,48.5264744453599
920,12,16,SAE,34.16592566387486
921,12,16,SAE,14.82405569818128
922,12,16,SAE,23.954444693351526
923,12,16,SAE,26.770673369803394
924,12,18,LAE|MAE|SAE,6.615198391185014
925,13,16,MAE|SAE,12.605220589649784
926,13,16,MAE|SAE,17.527341087391232
927,13,16,MAE|SAE,12.918337629768006
928,13,17,MAE|SAE,9.425327784568323
929,13,16,MAE|SAE,17.336877703913746
930,13,16,MAE|SAE,22.00631716744687
931,15,19,LAE|MAE|SAE,9.415474372626074
932,15,29,LAE|MAE|SAE,14.961583043439159
933,15,17,MAE|SAE,10.517927546648881
934,15,16,MAE|SAE,10.95474381921658
935,15,39,LAE|MAE|SAE,16.047250942215076
936,15,16,MAE|SAE,11.193031096717224
937,15,16,MAE|SAE,10.492413370212553
938,15,16,MAE|SAE,10.428298704855617
939,15,31,LAE|MAE|SAE,13.231512927567108
940,15,17,MAE|SAE,1.538445166175712
941,15,16,MAE|SAE,10.180081446904026
942,15,17,MAE|SAE,14.018323781360639
943,15,16,MAE|SAE,17.478379177479646
944,15,21,LAE|MAE|SAE,8.262465875309841
945,15,16,MAE|SAE,9.186165988899976
946,15,19,MAE|SAE,10.07532437876483
947,15,16,MAE|SAE,16.850174268170825
948,15,17,MAE|SAE,13.292621397156658
949,15,19,MAE|SAE,28.236175354451067
950,13,19,MAE,58.095503356738334
951,13,21,MAE,35.13065577014181
952,13,17,MAE,29.390167049973442
953,13,17,MAE,14.741700672999542
954,13,17,MAE,28.474339703486645
955,13,19,MAE,23.721026142515324
956,13,18,LAE|MAE,11.067754635909047
957,14,17,LAE|MAE,13.32668519798909
958,14,18,LAE|MAE,16.862174774899835
959,14,21,LAE|MAE,16.175415398759593
960,14,18,LAE|MAE,16.878556720373826
961,14,26,LAE|MAE|SAE,13.888741787448108
962,15,28,LAE|MAE|SAE,29.391903057719098
963,15,19,MAE,29.380387516780544
964,15,27,MAE,30.621684311873885
965,15,17,MAE,27.380037739784445
966,15,17,MAE,12.471275192829095
967,15,17,MAE,1.3924795275721618
968,15,21,LAE|MAE|SAE,11.426698310715167
969,15,17,MAE,30.546214788550472
970,15,18,LAE|MAE,10.679040377325183
971,15,17,MAE,2.1958954549634244
972,15,18,LAE|MAE,3.90468205086722
973,15,17,MAE,31.447834405585017
974,15,17,MAE,10.712393446829251
975,15,21,MAE,22.41678959928611
976,15,29,MAE,36.19998639871508
977,15,21,MAE,32.14970026602805
978,15,17,MAE,12.0226081207015
979,15,17,MAE,17.728216295943632
980,15,17,MAE,21.336301816161637
981,15,28,LAE|MAE|SAE,16.277791241830467
982,15,17,MAE,26.586169476716222
983,15,17,MAE,13.66715152531816
984,15,17,MAE,4.4409608833469365
985,15,17,MAE,34.6694325247057
986,15,19,LAE|MAE,10.626859154930576
987,15,19,MAE,58.54411524583399
988,15,17,MAE,15.577446142975772
989,15,17,MAE,17.1171764559148
990,16,17,MAE|SAE,2.0014028907559713
991,16,35,LAE|MAE|SAE,16.16935236285886
992,16,24,MAE|SAE,13.795421624591741
993,16,17,MAE|SAE,1.293215421479487
994,16,17,MAE|SAE,1.8651268225060142
995,16,18,LAE|MAE|SAE,1.2402399802586674
996,16,19,LAE|MAE|SAE,4.102600056423882
997,16,23,LAE|MAE|SAE,20.5113619689802
998,16,20,MAE|SAE,22.140066911030523
999,16,17,MAE|SAE,2.260380966374467
1000,16,17,MAE|SAE,4.298012353955678
1001,16,18,LAE|MAE|SAE,1.387322058719192
1002,16,18,LAE|MAE|SAE,13.996637914470307
1003,16,18,LAE|MAE|SAE,9.232496474598381
1004,16,17,MAE|SAE,11.596805774644674
1005,16,17,MAE|SAE,7.032818604684287
1006,16,19,MAE|SAE,2.1694974278020784
1007,16,18,LAE|MAE|SAE,1.4708083300145767
1008,14,18,LAE,15.575453083319875
1009,14,22,LAE|MAE,16.518699142304374
1010,14,18,LAE,19.783073224283882
1011,14,22,LAE,10.250894695606538
1012,14,19,LAE|MAE,13.515796194324922
1013,14,18,LAE,13.475756869266421
1014,14,18,LAE,15.954518627176117
1015,14,18,LAE,18.577740679138255
1016,14,19,LAE|MAE,57.29611697650818
1017,15,18,LAE|MAE,9.598714332510225
1018,15,18,LAE|MAE,10.597351879844934
1019,17,19,LAE|MAE,1.5641169860842485
1020,17,18,LAE|MAE,10.534078482516318
1021,17,18,LAE|MAE,0.8183374936826721
1022,17,18,LAE|MAE,1.5117724477812275
1023,17,18,LAE|MAE,0.8748176478911066
1024,17,18,LAE|MAE,10.305896978314642
1025,17,24,LAE|MAE|SAE,4.529977747214793
1026,17,26,LAE|MAE|SAE,15.003412808756071
1027,17,18,LAE|MAE,1.0553603603070985
1028,17,18,LAE|MAE,1.1158871843599762
1029,17,18,LAE|MAE,0.8814787635125653
1030,17,21,LAE|MAE,14.591113769903279
1031,17,30,LAE|MAE|SAE,14.719175408704716
1032,17,18,LAE|MAE,10.230496928725218
1033,17,19,LAE|MAE,13.801795879617977
1034,17,18,LAE|MAE,1.604698087077979
1035,17,18,LAE|MAE,1.5272026996143058
1036,17,18,LAE|MAE,9.093909566651014
1037,17,26,LAE|MAE|SAE,9.201975237856571
1038,17,18,LAE|MAE,0.7647896122390513
1039,17,18,LAE|MAE,12.633337741152243
1040,17,18,LAE|MAE,11.135541222450806
1041,17,18,LAE|MAE,11.434005818379815
1042,17,18,LAE|MAE,0.8877568223765503
1043,17,18,LAE|MAE,1.0912684991243733
1044,17,18,LAE|MAE,2.3795853847714117
1045,17,18,LAE|MAE,1.0742818813431325
1046,17,18,LAE|MAE,0.8263883004344965
1047,17,18,LAE|MAE,27.792990878529547
1048,17,18,LAE|MAE,0.978434024985393
1049,17,20,LAE|MAE|SAE,1.8947129292848799
1050,17,18,LAE|MAE,1.244803811412088
1051,17,18,LAE|MAE,1.7808419264808117
1052,17,18,LAE|MAE,1.2557420583326488
1053,17,18,LAE|MAE,0.7773159624945049
1054,15,19,MAE,14.999095318313271
1055,15,19,MAE,55.7379552594569
1056,15,25,LAE|MAE|SAE,3.6587277879167894
1057,15,19,MAE,15.5004689693994
1058,15,23,MAE,38.21958556121344
1059,16,19,MAE|SAE,10.395521530836493
1060,16,20,MAE|SAE,14.99467436963574
1061,16,19,MAE|SAE,13.540912432937029
1062,16,30,LAE|MAE|SAE,25.124499972893357
1063,16,19,MAE|SAE,15.85079948568656
1064,16,19,MAE|SAE,20.53599564680916
1065,16,23,MAE|SAE,10.328966196692058
1066,17,19,MAE,1.1250730268099989
1067,17,21,MAE,3.2325661875327274
1068,17,19,MAE,13.322759349779034
1069,17,19,MAE,33.408072287011585
1070,17,19,MAE,1.2039607276178883
1071,17,19,MAE,30.55199363910141
1072,17,19,MAE,10.335951045330404
1073,17,19,MAE,31.03325610066922
1074,17,30,LAE|MAE|SAE,8.010128754250479
1075,17,19,MAE,31.408310240752616
1076,17,23,MAE,24.681084937650525
1077,18,24,LAE|MAE|SAE,9.904438323608376
1078,18,23,LAE|MAE|SAE,13.273378357016037
1079,18,22,LAE|MAE,15.276575651078893
1080,18,21,LAE|MAE,8.051061731462932
1081,18,19,LAE|MAE,1.386708486018152
1082,18,51,LAE|MAE|SAE,13.412964473951325
1083,18,19,LAE|MAE,10.59995763705625
1084,18,19,LAE|MAE,18.703469270206682
1085,18,19,LAE|MAE,9.805386762455662
1086,18,20,LAE|MAE|SAE,1.6854964326666864
1087,18,19,LAE|MAE,8.273025151919809
1088,18,19,LAE|MAE,1.8681933698803859
1089,18,19,LAE|MAE,11.438013452529608
1090,18,19,LAE|MAE,1.118391719348231
1091,18,19,LAE|MAE,2.0989222875486027
1092,18,19,LAE|MAE,14.956209304003336
1093,18,22,LAE|MAE,17.233536182279963
1094,18,29,LAE|MAE|SAE,15.471582017442122
1095,18,19,LAE|MAE,15.89850039290493
1096,18,22,LAE|MAE,11.83616284519616
1097,18,19,LAE|MAE,1.9455892862168707
1098,18,22,LAE|MAE,17.36137812591303
1099,18,19,LAE|MAE,15.716521878767436
1100,18,24,LAE|MAE|SAE,10.576426050899038
1101,16,20,SAE,18.435411586335917
1102,16,20,SAE,19.61835052598671
1103,16,28,SAE,44.355935585534866
1104,16,20,SAE,49.796407436471526
1105,16,20,SAE,18.819139760644116
1106,16,20,SAE,31.23905428358584
1107,16,20,SAE,19.943499929472644
1108,16,20,SAE,25.257777484998012
1109,16,20,SAE,18.567533774998015
1110,16,20,SAE,40.28191109788447
1111,16,22,LAE|MAE|SAE,19.862250725126653
1112,16,20,SAE,20.352397257703693
1113,16,20,SAE,41.88428528694623
1114,16,20,SAE,20.81086006483202
1115,16,20,SAE,21.265951571463436
1116,17,23,MAE|SAE,20.366604658855998
1117,17,20,MAE|SAE,10.863276930226752
1118,19,20,MAE|SAE,9.85697961918535
1119,19,21,MAE|SAE,9.824458158601365
1120,19,23,LAE|MAE|SAE,3.011942378396708
1121,19,20,MAE|SAE,12.249102491959453
1122,19,22,LAE|MAE|SAE,12.965562074108377
1123,19,26,LAE|MAE|SAE,10.750660630240775
1124,19,21,MAE|SAE,11.431097945327362
1125,19,20,MAE|SAE,10.556939918774242
1126,19,21,MAE|SAE,9.809660335135522
1127,19,21,MAE|SAE,1.4637496524227758
1128,19,21,MAE|SAE,1.1154793492243182
1129,19,24,LAE|MAE|SAE,13.075080202853224
1130,19,20,MAE|SAE,8.29032723679847
1131,19,23,MAE|SAE,10.485907578862305
1132,19,29,LAE|MAE|SAE,16.376670753657766
1133,19,21,MAE|SAE,17.8794310176365
1134,19,21,MAE|SAE,1.6338869763624277
1135,19,20,MAE|SAE,12.138283441695522
1136,19,22,LAE|MAE|SAE,22.666523590300432
1137,19,20,MAE|SAE,9.483696097232254
1138,19,20,MAE|SAE,8.301950851210135
1139,19,20,MAE|SAE,9.98256115987833
1140,19,20,MAE|SAE,18.651317716292052
1141,17,21,MAE,30.88328777110941
1142,17,21,MAE,3.30410360307712
1143,17,21,MAE,33.963148379416594
1144,18,21,LAE|MAE,43.804724285224616
1145,18,21,LAE|MAE,15.228437840469638
1146,18,22,LAE|MAE,9.27861668315765
1147,18,25,LAE|MAE,9.70478457618394
1148,18,21,LAE|MAE,14.416165202409166
1149,18,21,LAE|MAE,16.40572197547708
1150,19,21,MAE,8.945665903927999
1151,19,21,MAE,14.487477765714676
1152,19,21,MAE,31.787419487572247
1153,19,22,LAE|MAE,1.4817915855412875
1154,19,24,MAE|SAE,6.417001692488874
1155,19,29,LAE|MAE,14.688711091371507
1156,19,21,MAE,16.264675174057516
1157,19,21,MAE,9.133902970618243
1158,19,22,LAE|MAE,28.047266499744886
1159,19,21,MAE,10.710771188467044
1160,19,23,MAE,56.98019384216457
1161,19,22,LAE|MAE,13.040783128109776
1162,19,23,LAE|MAE,12.863186210643722
1163,19,25,MAE|SAE,15.10655966351667
1164,19,21,MAE,30.16554027367371
1165,19,22,LAE|MAE,13.53806956464161
1166,19,21,MAE,25.287969848948297
1167,20,21,MAE|SAE,0.9783089276625583
1168,20,21,MAE|SAE,12.697800701776394
1169,20,28,LAE|MAE|SAE,9.673046431322673
1170,20,21,MAE|SAE,12.96563191292198
1171,20,22,LAE|MAE|SAE,15.202968068581544
1172,20,22,LAE|MAE|SAE,0.93025646520006
1173,20,21,MAE|SAE,0.8536045121780762
1174,20,25,LAE|MAE|SAE,9.01681307498078
1175,20,21,MAE|SAE,1.4291834347755976
1176,20,29,LAE|MAE|SAE,13.894360874139446
1177,20,21,MAE|SAE,12.211629865520619
1178,20,28,MAE|SAE,8.687929634184469
1179,20,22,LAE|MAE|SAE,16.441349304970053
1180,20,21,MAE|SAE,6.225381013028509
1181,20,31,LAE|MAE|SAE,14.50668281707623
1182,20,25,LAE|MAE|SAE,11.575082847185936
1183,20,23,LAE|MAE|SAE,2.4475587770120697
1184,20,21,MAE|SAE,15.117973627792388
1185,20,21,MAE|SAE,11.194147245205025
1186,20,21,MAE|SAE,45.619381058101425
1187,18,22,LAE,4.997539142377921
1188,18,25,LAE|MAE,14.18011308438713
1189,19,22,LAE|MAE,2.988504501118279
1190,19,22,LAE|MAE,15.598678112380718
1191,19,22,LAE|MAE,21.28437258290386
1192,21,26,LAE|MAE,10.880735818208349
1193,21,22,LAE|MAE,9.546358125473738
1194,21,22,LAE|MAE,12.897998916741335
1195,21,22,LAE|MAE,6.619949407063488
1196,21,22,LAE|MAE,0.8964474320094072
1197,21,22,LAE|MAE,2.753929960698443
1198,21,23,LAE|MAE,2.1437841372817403
1199,21,25,LAE|MAE|SAE,10.830871990179324
1200,21,22,LAE|MAE,16.835047307798064
1201,21,22,LAE|MAE,15.454841436280061
1202,21,22,LAE|MAE,2.5633717317909643
1203,21,23,LAE|MAE,11.264822204873022
1204,21,22,LAE|MAE,1.2271608144334396
1205,21,22,LAE|MAE,9.052183288347786
1206,21,25,LAE|MAE|SAE,10.942942526204373
1207,21,27,LAE|MAE,36.27180783769349
1208,21,23,LAE|MAE,17.168181618882166
1209,21,22,LAE|MAE,0.8658585686992626
1210,21,23,LAE|MAE,15.52017205732582
1211,21,29,LAE|MAE|SAE,14.656690962585017
1212,21,22,LAE|MAE,1.4284504405721774
1213,21,24,LAE|MAE|SAE,7.793180576431384
1214,21,22,LAE|MAE,10.871652330391623
1215,21,23,LAE|MAE,13.78677498395437
1216,21,25,LAE|MAE|SAE,10.100612661582671
1217,21,34,LAE|MAE|SAE,15.375582328585105
1218,21,22,LAE|MAE,1.421507296403559
1219,21,22,LAE|MAE,12.3682289849414
1220,21,22,LAE|MAE,15.752413185599204
1221,21,22,LAE|MAE,0.8850708057881511
1222,21,28,LAE|MAE|SAE,10.18022521309113
1223,21,26,LAE|MAE|SAE,2.7446423072234216
1224,21,22,LAE|MAE,13.880408235383737
1225,21,23,LAE|MAE,2.142062463783368
1226,21,22,LAE|MAE,0.8028241649072088
1227,21,22,LAE|MAE,1.111846124122261
1228,21,22,LAE|MAE,0.9319502786071792
1229,21,22,LAE|MAE,8.018665649860393
1230,21,22,LAE|MAE,0.9894326088947656
1231,21,22,LAE|MAE,12.404055417100576
1232,19,23,MAE,33.59867072078916
1233,19,33,LAE|MAE|SAE,16.382650170531868
1234,19,23,MAE,21.42426683241872
1235,19,23,MAE,15.150846448088771
1236,19,23,MAE,23.92146706089451
1237,20,24,MAE|SAE,2.0159205760731846
1238,20,29,MAE|SAE,15.874511282532449
1239,20,23,MAE|SAE,14.170724554953907
1240,20,23,MAE|SAE,15.747542558721573
1241,20,27,MAE|SAE,9.23638746126934
1242,21,24,MAE|SAE,9.505366009785197
1243,21,23,MAE,1.870902438367426
1244,21,23,MAE,17.686543892373138
1245,21,25,MAE,10.341854720962726
1246,21,23,MAE,16.167148962414764
1247,21,31,MAE,26.49970964017309
1248,21,25,MAE|SAE,14.596342569701251
1249,21,24,MAE|SAE,16.58731273771754
1250,21,23,MAE,10.515961588123504
1251,21,23,MAE,29.256900313686547
1252,21,23,MAE,11.286445556703931
1253,21,23,MAE,13.607834121314147
1254,21,23,MAE,20.457255035234727
1255,21,27,MAE,15.378258720566809
1256,22,23,LAE|MAE,8.8487898604983
1257,22,23,LAE|MAE,0.8745534525776159
1258,22,25,LAE|MAE|SAE,1.9540047618528538
1259,22,23,LAE|MAE,1.027838243936514
1260,22,23,LAE|MAE,13.157701421681564
1261,22,26,LAE|MAE|SAE,10.20508396201294
1262,22,28,LAE|MAE|SAE,7.679350556856209
1263,22,23,LAE|MAE,1.2404379740855866
1264,22,25,LAE|MAE|SAE,24.532857510360454
1265,22,23,LAE|MAE,27.28451045812083
1266,22,23,LAE|MAE,1.0178906843365598
1267,22,23,LAE|MAE,2.0245220718379375
1268,22,23,LAE|MAE,1.1368933021434051
1269,22,23,LAE|MAE,10.862604223074822
1270,22,37,LAE|MAE|SAE,15.197488689785533
1271,22,23,LAE|MAE,0.8370070326362987
1272,22,23,LAE|MAE,2.0541195460454253
1273,22,23,LAE|MAE,0.8843952502958208
1274,22,24,LAE|MAE|SAE,14.462840614091817
1275,22,23,LAE|MAE,9.241365961894383
1276,22,23,LAE|MAE,13.652809418940986
1277,22,23,LAE|MAE,2.100885794968563
1278,22,23,LAE|MAE,16.617074382749067
1279,22,25,LAE|MAE,11.348062887060133
1280,22,25,LAE|MAE,3.1437806414728975
1281,22,23,LAE|MAE,11.4203584281032
1282,22,23,LAE|MAE,11.185939832183802
1283,22,23,LAE|MAE,9.915205655845725
1284,22,25,LAE|MAE,6.413948034873489
1285,22,23,LAE|MAE,12.931749836808137
1286,22,23,LAE|MAE,10.941788577129161
1287,22,24,LAE|MAE|SAE,2.3146380682053813
1288,20,24,SAE,19.122146689316015
1289,20,24,SAE,12.176118593289324
1290,20,28,SAE,26.325245476410785
1291,20,24,SAE,22.960655051512042
1292,20,24,SAE,25.54557094145967
1293,20,28,SAE,9.182265244185073
1294,20,24,SAE,23.155657265196275
1295,20,24,SAE,15.239362859018371
1296,21,27,MAE|SAE,13.291783019040572
1297,21,24,MAE|SAE,20.307765056805092
1298,21,37,MAE|SAE,20.6968530660218
1299,23,24,MAE|SAE,1.2137698904737888
1300,23,24,MAE|SAE,2.100171825546102
1301,23,25,MAE|SAE,2.6398146095735258
1302,23,24,MAE|SAE,1.2909838330869214
1303,23,26,LAE|MAE|SAE,1.764759744759747
1304,23,28,MAE|SAE,10.036045239966153
1305,23,24,MAE|SAE,11.025496690421294
1306,23,24,MAE|SAE,10.128773514231167
1307,23,26,LAE|MAE|SAE,1.4503450644258429
1308,23,24,MAE|SAE,7.780176047463821
1309,23,24,MAE|SAE,10.670863022972217
1310,23,25,MAE|SAE,1.6121626944211975
1311,23,24,MAE|SAE,21.570956446921333
1312,23,24,MAE|SAE,1.469696278602958
1313,23,26,LAE|MAE|SAE,2.1342560812475226
1314,23,28,MAE|SAE,9.394211728412554
1315,21,25,MAE,27.057934005400416
1316,21,33,MAE,15.33129407313677
1317,21,30,LAE|MAE,15.455156438515607
1318,22,25,LAE|MAE,1.6808904153085584
1319,22,25,LAE|MAE,9.943983469919228
1320,22,25,LAE|MAE,11.607801546286272
1321,22,31,LAE|MAE,19.080572413107618
1322,22,29,LAE|MAE,9.577404454753877
1323,22,25,LAE|MAE,2.898832483799764
1324,22,29,LAE|MAE,14.786048313706043
1325,23,25,MAE,13.016237599801343
1326,23,25,MAE,11.387627624256504
1327,23,26,LAE|MAE,11.012854469241406
1328,23,28,LAE|MAE|SAE,9.92448194177354
1329,23,25,MAE,7.548148620524353
1330,23,25,MAE,1.3342066784061304
1331,23,29,LAE|MAE|SAE,2.008136210147944
1332,23,27,MAE,13.243869449453818
1333,23,25,MAE,12.276826957762657
1334,23,25,MAE,13.39949873499646
1335,23,27,MAE,33.0909801096234
1336,23,25,MAE,8.089942679493278
1337,23,27,LAE|MAE,8.486527529229054
1338,23,27,LAE|MAE,2.834039237267176
1339,23,26,LAE|MAE,10.646527789877295
1340,23,25,MAE,13.798727601682492
1341,23,26,LAE|MAE,10.358049377544827
1342,24,25,MAE|SAE,1.5183828344801071
1343,24,25,MAE|SAE,1.2083454769230086
1344,24,25,MAE|SAE,12.0065342863319
1345,24,25,MAE|SAE,1.3715603438487294
1346,24,32,MAE|SAE,13.26732860783885
1347,24,28,LAE|MAE|SAE,13.74825658360623
1348,24,27,LAE|MAE|SAE,1.9363671926406603
1349,24,26,LAE|MAE|SAE,2.253829953182069
1350,24,25,MAE|SAE,1.0528118499683754
1351,24,25,MAE|SAE,1.3418464545990592
1352,24,25,MAE|SAE,1.5432339470216814
1353,24,25,MAE|SAE,1.4511395785784165
1354,24,26,LAE|MAE|SAE,10.762432982413785
1355,24,25,MAE|SAE,2.0723483360235377
1356,24,25,MAE|SAE,1.3617079262824197
1357,24,25,MAE|SAE,1.2513709038669032
1358,24,25,MAE|SAE,1.216652445486856
1359,24,30,LAE|MAE|SAE,2.2789885454379295
1360,24,28,LAE|MAE|SAE,9.076032617576232
1361,24,25,MAE|SAE,1.1787010764450654
1362,24,26,LAE|MAE|SAE,8.375134258049762
1363,24,25,MAE|SAE,2.716572126101467
1364,24,27,MAE|SAE,1.9249298729775586
1365,24,25,MAE|SAE,10.129798613667717
1366,24,27,MAE|SAE,6.018426950612745
1367,24,25,MAE|SAE,1.0234132067110735
1368,24,25,MAE|SAE,1.3467759700072461
1369,24,25,MAE|SAE,2.625350679546205
1370,24,26,LAE|MAE|SAE,8.459915639982992
1371,22,26,LAE,15.43114204368734
1372,22,27,LAE|MAE,24.399712949412432
1373,23,26,LAE|MAE,12.038345254971595
1374,23,26,LAE|MAE,9.799835093628221
1375,25,29,LAE|MAE,13.600496221099167
1376,25,30,LAE|MAE,13.694984295127366
1377,25,26,LAE|MAE,1.10715092669523
1378,25,27,LAE|MAE,1.5192877225802195
1379,25,27,LAE|MAE,1.7618122231522917
1380,25,26,LAE|MAE,1.4087655596350208
1381,25,26,LAE|MAE,1.2917326637463875
1382,25,26,LAE|MAE,11.395114829873316
1383,25,35,LAE|MAE,7.45929257643233
1384,25,27,LAE|MAE,9.974752916377144
1385,25,26,LAE|MAE,1.403334523009486
1386,25,26,LAE|MAE,2.107183366118563
1387,25,27,LAE|MAE,2.533405811072353
1388,25,30,LAE|MAE,2.484606177139074
1389,25,28,LAE|MAE|SAE,9.980197589574935
1390,25,26,LAE|MAE,1.0643787112169536
1391,25,26,LAE|MAE,1.1562766359100842
1392,25,26,LAE|MAE,0.9163514442869944
1393,25,30,LAE|MAE|SAE,8.10369759338362
1394,25,26,LAE|MAE,0.9887471007285724
1395,25,26,LAE|MAE,1.6657787210597077
1396,25,26,LAE|MAE,1.3558646754229182
1397,25,29,LAE|MAE,15.791493073923725
1398,25,37,LAE|MAE|SAE,15.44130407737243
1399,25,26,LAE|MAE,1.7698651788783937
1400,25,53,LAE|MAE|SAE,18.62124838979246
1401,25,26,LAE|MAE,1.1864055507389057
1402,23,35,LAE|MAE,8.636393130073216
1403,23,27,MAE,17.340673415558655
1404,23,29,MAE|SAE,7.999859845262923
1405,23,29,MAE|SAE,2.830816405403449
1406,23,27,MAE,49.33550084700243
1407,23,28,MAE|SAE,17.258026462277176
1408,23,30,LAE|MAE,15.20685432626987
1409,24,27,MAE|SAE,13.332852284536019
1410,24,27,MAE|SAE,9.37200942888292
1411,24,27,MAE|SAE,24.72270097038754
1412,24,27,MAE|SAE,2.985016414049923
1413,24,28,MAE|SAE,16.243247768225157
1414,24,38,LAE|MAE|SAE,14.895065316783041
1415,25,27,MAE,13.789184831624944
1416,25,27,MAE,11.026749708839237
1417,25,27,MAE,13.460743962612538
1418,25,31,LAE|MAE,13.779412171035878
1419,25,27,MAE,11.939982332881007
1420,25,27,MAE,1.4480535013110822
1421,25,27,MAE,2.5737524784462344
1422,25,27,MAE,17.89261931589433
1423,25,28,MAE|SAE,11.507340535926328
1424,25,27,MAE,3.047469372639623
1425,25,37,MAE,31.002647822800405
1426,25,30,LAE|MAE,22.058009992563477
1427,25,28,MAE|SAE,10.714121676759094
1428,25,27,MAE,46.43538368331513
1429,25,28,MAE|SAE,2.6766966158875958
1430,25,27,MAE,12.166076824198264
1431,25,27,MAE,28.24460565274136
1432,25,27,MAE,28.39758899365909
1433,25,27,MAE,45.471499814356626
1434,25,29,MAE,40.28467641510336
1435,25,27,MAE,8.160508202026909
1436,25,27,MAE,1.4953337808437668
1437,25,31,MAE,31.080018531964978
1438,25,27,MAE,9.240443808023793
1439,26,28,LAE|MAE|SAE,1.1933208767878858
1440,26,29,LAE|MAE,7.786722886363429
1441,26,27,LAE|MAE,1.6629788187679408
1442,26,27,LAE|MAE,2.075426159119455
1443,26,27,LAE|MAE,15.859785978744533
1444,26,27,LAE|MAE,1.899167751677876
1445,26,27,LAE|MAE,1.4764914711608883
1446,26,27,LAE|MAE,1.522699754292664
1447,26,27,LAE|MAE,8.138431899711543
1448,26,27,LAE|MAE,11.62420603934228
1449,26,27,LAE|MAE,1.0672393273524858
1450,26,27,LAE|MAE,13.20648029517014
1451,26,27,LAE|MAE,1.6873777462452666
1452,26,27,LAE|MAE,1.532909517330617
1453,26,27,LAE|MAE,10.25129911699817
1454,26,29,LAE|MAE|SAE,1.5317285923507742
1455,26,27,LAE|MAE,1.5231847343350917
1456,26,28,LAE|MAE|SAE,1.6569453736328539
1457,26,27,LAE|MAE,16.482702083452246
1458,26,27,LAE|MAE,5.021785694563327
1459,26,28,LAE|MAE|SAE,16.07057260136231
1460,26,34,LAE|MAE,10.590982535904361
1461,26,27,LAE|MAE,14.571524346532671
1462,24,36,SAE,22.26710316024649
1463,24,32,SAE,26.141630609084253
1464,24,28,SAE,25.40735494209951
1465,24,28,SAE,16.18788221321035
1466,24,51,LAE|MAE|SAE,11.411317956297797
1467,24,28,SAE,21.851226006855857
1468,24,28,SAE,11.666481286744547
1469,24,28,SAE,11.009884025019883
1470,24,28,SAE,28.725316519618648
1471,24,28,SAE,48.79809400378515
1472,24,28,SAE,28.06847821116162
1473,24,50,LAE|MAE|SAE,13.479645308743013
1474,25,28,MAE|SAE,13.588796245341126
1475,25,28,MAE|SAE,4.070674754538976
1476,27,29,MAE|SAE,8.576895341554149
1477,27,28,MAE|SAE,5.403693634142277
1478,27,28,MAE|SAE,1.2245055712595685
1479,27,32,LAE|MAE|SAE,2.0212735986871553
1480,27,29,MAE|SAE,14.534471566842322
1481,27,28,MAE|SAE,1.579528811128243
1482,27,28,MAE|SAE,1.3165826983672277
1483,27,28,MAE|SAE,1.7182305481174538
1484,27,28,MAE|SAE,2.0615162623388166
1485,27,30,LAE|MAE|SAE,12.16601750590986
1486,27,28,MAE|SAE,2.090703215705282
1487,27,32,MAE|SAE,11.447453735327182
1488,27,38,LAE|MAE|SAE,14.393053584136824
1489,27,31,MAE|SAE,10.269099487879707
1490,27,31,LAE|MAE|SAE,13.387903935175133
1491,27,29,MAE|SAE,10.398044425042505
1492,27,32,LAE|MAE|SAE,6.285707594264889
1493,27,28,MAE|SAE,17.41552587844859
1494,27,28,MAE|SAE,0.896691371284391
1495,27,31,MAE|SAE,9.343937210989672
1496,27,32,LAE|MAE|SAE,20.15184571002103
1497,25,30,LAE|MAE,7.955311465057948
1498,25,31,LAE|MAE,13.263905954136494
1499,25,30,LAE|MAE,9.803243675147737
1500,25,29,MAE,20.86116542667865
1501,25,43,MAE,25.750549078167467
1502,25,29,MAE,21.201918680649932
1503,26,29,LAE|MAE,11.684245329892992
1504,26,29,LAE|MAE,20.479120846194665
1505,26,34,LAE|MAE,16.802992828368478
1506,26,29,LAE|MAE,2.496064224421027
1507,27,29,MAE,37.51935811363655
1508,27,29,MAE,12.894529314381018
1509,27,29,MAE,1.5148511396424236
1510,27,29,MAE,7.928424140257857
1511,27,30,LAE|MAE,10.800212160837699
1512,27,29,MAE,2.093339307896577
1513,27,47,LAE|MAE,31.35689489340164
1514,28,31,MAE|SAE,8.763374625150632
1515,28,30,LAE|MAE|SAE,1.8027252609289115
1516,28,34,LAE|MAE|SAE,10.34429922327034
1517,28,31,LAE|MAE|SAE,1.315303400476449
1518,28,29,MAE|SAE,14.139037878298128
1519,28,29,MAE|SAE,1.1856311605369672
1520,28,29,MAE|SAE,10.815237449180938
1521,28,29,MAE|SAE,1.3405186834296168
1522,28,29,MAE|SAE,1.2878552530367768
1523,28,29,MAE|SAE,1.9456878586340125
1524,28,29,MAE|SAE,11.693484594721271
1525,28,29,MAE|SAE,1.515227403990957
1526,28,29,MAE|SAE,6.3705689292786625
1527,28,30,LAE|MAE|SAE,1.2535328173516278
1528,28,29,MAE|SAE,1.1168632061620016
1529,28,29,MAE|SAE,0.8833449721147192
1530,28,29,MAE|SAE,0.9836212815285813
1531,28,29,MAE|SAE,1.3159846557001438
1532,28,29,MAE|SAE,2.488744674774895
1533,28,30,LAE|MAE|SAE,10.828936516543402
1534,28,30,LAE|MAE|SAE,7.704548183403647
1535,28,29,MAE|SAE,2.7538844435077627
1536,28,30,LAE|MAE|SAE,1.3378009470457972
1537,26,30,LAE,17.78423262212608
1538,26,30,LAE,14.00374509996272
1539,26,30,LAE,15.679640743445553
1540,26,30,LAE,43.9275232024142
1541,27,30,LAE|MAE,11.348305252301945
1542,27,31,LAE|MAE,11.658402122537845
1543,27,31,LAE|MAE,2.4743938936094523
1544,27,35,LAE|MAE,12.514476334563252
1545,27,34,LAE|MAE,16.27574569073165
1546,27,30,LAE|MAE,5.827485946512447
1547,29,31,LAE|MAE,12.160235357347512
1548,29,30,LAE|MAE,13.725575556262108
1549,29,30,LAE|MAE,1.7753547538994003
1550,29,33,LAE|MAE,1.641418794502727
1551,29,30,LAE|MAE,1.1026992004819767
1552,29,30,LAE|MAE,0.9385377452378078
1553,29,30,LAE|MAE,0.900076701694965
1554,29,30,LAE|MAE,1.4416229441281372
1555,29,31,LAE|MAE,1.2593202842728626
1556,29,30,LAE|MAE,11.446184697102138
1557,29,31,LAE|MAE,1.5489197168116247
1558,29,30,LAE|MAE,0.997171292362732
1559,29,34,LAE|MAE,31.461773499323584
1560,29,30,LAE|MAE,1.1534494862124292
1561,29,30,LAE|MAE,1.0232461655017222
1562,29,31,LAE|MAE,11.844256695145276
1563,29,30,LAE|MAE,8.460650644075542
1564,29,30,LAE|MAE,8.864048438899474
1565,29,45,LAE|MAE|SAE,13.083622392441923
1566,29,30,LAE|MAE,6.24593711366279
1567,29,31,LAE|MAE,12.814336673090018
1568,29,30,LAE|MAE,9.449294260440727
1569,29,30,LAE|MAE,1.1123951213053573
1570,29,30,LAE|MAE,1.1035059883858935
1571,29,30,LAE|MAE,1.3352742172390843
1572,29,32,LAE|MAE|SAE,8.964622632624515
1573,29,33,LAE|MAE|SAE,11.988327246389282
1574,29,30,LAE|MAE,1.2084162184857998
1575,29,30,LAE|MAE,1.3575811764614438
1576,29,30,LAE|MAE,12.198355701600425
1577,29,30,LAE|MAE,15.102080309142556
1578,29,30,LAE|MAE,1.0793295875460807
1579,29,30,LAE|MAE,8.95263204351127
1580,29,30,LAE|MAE,1.1564848356485045
1581,29,31,LAE|MAE,1.8093167187243036
1582,27,47,MAE,17.259282321972634
1583,27,31,MAE,17.11757464636363
1584,27,41,LAE|MAE|SAE,10.351598791603148
1585,28,36,MAE|SAE,13.034150839292641
1586,28,31,MAE|SAE,4.451250421389153
1587,28,31,MAE|SAE,15.359994599062388
1588,28,31,MAE|SAE,15.249321513945612
1589,28,32,MAE|SAE,10.623286722059515
1590,28,54,LAE|MAE|SAE,12.108719832718043
1591,29,31,MAE,5.924742749592391
1592,29,31,MAE,7.032024547327872
1593,29,31,MAE,1.642352316430873
1594,29,31,MAE,6.474586148847411
1595,30,31,LAE|MAE,1.4654468882549478
1596,30,31,LAE|MAE,2.0489655752889857
1597,30,37,LAE|MAE,17.964597894130478
1598,30,31,LAE|MAE,5.830767662206539
1599,30,31,LAE|MAE,13.829109395865899
1600,30,31,LAE|MAE,1.1956155736182237
1601,30,31,LAE|MAE,1.3813263033761454
1602,30,32,LAE|MAE|SAE,8.95001968291252
1603,30,39,LAE|MAE|SAE,13.192533371468988
1604,30,31,LAE|MAE,13.600140770535763
1605,30,31,LAE|MAE,13.195407147878925
1606,30,31,LAE|MAE,9.853210247634511
1607,30,31,LAE|MAE,1.3670562732693905
1608,30,31,LAE|MAE,7.46157682812281
1609,30,31,LAE|MAE,7.552434258565762
1610,30,31,LAE|MAE,1.1411740377218251
1611,30,31,LAE|MAE,1.033836389625534
1612,30,32,LAE|MAE|SAE,13.880941703387556
1613,30,31,LAE|MAE,1.3419958852467815
1614,30,31,LAE|MAE,0.9535071236484773
1615,30,31,LAE|MAE,11.229067389697041
1616,30,37,LAE|MAE,11.395419194650922
1617,30,31,LAE|MAE,11.235124396271894
1618,30,31,LAE|MAE,1.1306465364907061
1619,30,41,LAE|MAE,59.595233546300385
1620,30,33,LAE|MAE,13.630966269953742
1621,30,31,LAE|MAE,1.039029395240227
1622,30,31,LAE|MAE,6.710488457089845
1623,30,32,LAE|MAE|SAE,16.027623710120793
1624,28,36,SAE,46.76999409036359
1625,28,32,SAE,22.42566145342989
1626,28,40,SAE,31.397469129924716
1627,28,32,SAE,31.280903386769868
1628,28,32,SAE,15.696599866991757
1629,28,36,SAE,34.961202058561604
1630,28,32,SAE,14.00425359260231
1631,28,32,SAE,28.225184540756988
1632,28,32,SAE,13.358718370903418
1633,31,32,MAE|SAE,13.406275996996312
1634,31,32,MAE|SAE,9.612974986400376
1635,31,32,MAE|SAE,20.492217077430997
1636,31,38,LAE|MAE|SAE,12.679032670910967
1637,29,33,MAE,39.90849938905371
1638,29,33,MAE,13.443457068688998
1639,29,43,MAE,35.907740834397174
1640,29,34,LAE|MAE,13.946900687742799
1641,29,47,MAE,18.82440751375926
1642,30,49,LAE|MAE,12.438528525572558
1643,30,33,LAE|MAE,12.29885247347728
1644,30,53,LAE|MAE|SAE,11.298709136979836
1645,30,33,LAE|MAE,20.982589144613154
1646,30,38,LAE|MAE,14.830406095296524
1647,31,33,MAE,9.502039407334673
1648,31,33,MAE,1.1240645223588297
1649,31,33,MAE,32.43671420532189
1650,31,35,MAE,14.688360112480318
1651,31,35,LAE|MAE,13.993400532727597
1652,31,35,LAE|MAE,27.760652578746
1653,31,33,MAE,1.2248615355611692
1654,31,33,MAE,1.1758858527258025
1655,31,33,MAE,35.28807215465917
1656,32,33,MAE|SAE,10.099471399424097
1657,32,33,MAE|SAE,12.804327406980047
1658,32,33,MAE|SAE,5.334198290600768
1659,32,33,MAE|SAE,1.000157398334015
1660,32,33,MAE|SAE,11.366915237260754
1661,30,34,LAE,13.949185812801367
1662,30,34,LAE,8.252924436584456
1663,30,34,LAE,11.715899640880801
1664,30,34,LAE,13.655064946768855
1665,30,34,LAE,15.76557599942003
1666,31,57,LAE|MAE|SAE,11.379972992805383
1667,33,35,LAE|MAE,11.869536794655167
1668,33,35,LAE|MAE,10.715639023516811
1669,33,34,LAE|MAE,1.0763118257457884
1670,33,39,LAE|MAE,13.081893308265116
1671,33,35,LAE|MAE,1.375228672110641
1672,33,34,LAE|MAE,1.1244197939125622
1673,33,34,LAE|MAE,1.1186287693073906
1674,33,37,LAE|MAE|SAE,40.72416253005792
1675,33,39,LAE|MAE,8.409918405004081
1676,33,39,LAE|MAE|SAE,9.077919833847929
1677,33,34,LAE|MAE,0.8489694776503294
1678,33,35,LAE|MAE,2.2409752473873854
1679,33,35,LAE|MAE,1.596908922065884
1680,33,34,LAE|MAE,1.1534428417278881
1681,33,34,LAE|MAE,1.1840605832986784
1682,33,38,LAE|MAE,11.744531036628683
1683,33,35,LAE|MAE,2.02728611027036
1684,33,35,LAE|MAE,11.58672792623184
1685,33,34,LAE|MAE,0.794151200067264
1686,33,34,LAE|MAE,1.505268005798206
1687,31,37,MAE|SAE,9.532518001574735
1688,31,41,MAE,24.45726991145267
1689,31,37,MAE,20.01274275648353
1690,31,38,LAE|MAE,16.261015384772236
1691,32,35,MAE|SAE,14.315066650993884
1692,32,39,MAE|SAE,15.97994999220279
1693,32,35,MAE|SAE,16.52066907526851
1694,33,35,MAE,43.13828962979016
1695,33,35,MAE,29.81913086834712
1696,33,35,MAE,40.056770085339316
1697,34,35,LAE|MAE,1.1520495201288055
1698,34,35,LAE|MAE,1.4104423179149725
1699,34,35,LAE|MAE,0.9298046215612844
1700,34,35,LAE|MAE,1.8988003223865266
1701,34,35,LAE|MAE,1.6399618263638123
1702,34,39,LAE|MAE,14.615768988390657
1703,34,35,LAE|MAE,1.3698968252482935
1704,34,36,LAE|MAE|SAE,9.234545389406394
1705,34,35,LAE|MAE,54.956370815494466
1706,34,41,LAE|MAE,11.835946024200378
1707,34,35,LAE|MAE,12.17912935986574
1708,34,47,LAE|MAE|SAE,12.53564059468665
1709,34,35,LAE|MAE,10.76236193494535
1710,34,37,LAE|MAE|SAE,14.242648088338292
1711,34,36,LAE|MAE|SAE,12.924161774537817
1712,34,35,LAE|MAE,12.433365021461379
1713,34,38,LAE|MAE,14.76610698816828
1714,32,40,SAE,17.12386706308827
1715,32,40,SAE,26.563362788207844
1716,32,36,SAE,12.585614779675224
1717,32,36,SAE,13.912440807741168
1718,32,40,SAE,11.702524336028702
1719,32,40,SAE,27.372353132087557
1720,32,40,SAE,22.471889541871096
1721,32,36,SAE,40.27340858259722
1722,32,36,SAE,26.741676059561883
1723,32,40,SAE,24.388163878441006
1724,32,36,SAE,33.79916738280538
1725,32,36,SAE,47.20741944914703
1726,32,36,SAE,22.75076242351665
1727,32,36,SAE,31.300997282734105
1728,32,43,MAE|SAE,11.617520783651848
1729,32,40,SAE,25.23817374596149
1730,32,36,SAE,19.358005486884764
1731,32,36,SAE,39.76365097983909
1732,32,36,SAE,34.336700506098154
1733,32,36,SAE,24.547101729793344
1734,33,43,LAE|MAE|SAE,9.152097563198014
1735,33,36,MAE|SAE,34.63902924470004
1736,33,37,MAE|SAE,16.75828160955192
1737,33,43,MAE|SAE,21.387379815404
1738,35,36,MAE|SAE,30.37284204617927
1739,35,36,MAE|SAE,11.583813512754084
1740,35,36,MAE|SAE,14.458931613310371
1741,35,36,MAE|SAE,8.835417156241515
1742,35,37,MAE|SAE,8.934397999810022
1743,35,37,MAE|SAE,6.301008318470697
1744,35,37,MAE|SAE,6.70514037848513
1745,35,38,LAE|MAE|SAE,13.224474221439294
1746,35,38,LAE|MAE|SAE,11.49596336443757
1747,35,39,LAE|MAE|SAE,11.149629475414823
1748,33,37,MAE,19.83748688533034
1749,33,37,MAE,30.364161787832746
1750,33,37,MAE,14.066728451394633
1751,33,37,MAE,27.293587508965835
1752,33,39,LAE|MAE,7.210066010648551
1753,33,37,MAE,10.928007167354806
1754,33,37,MAE,41.72576202078089
1755,34,38,LAE|MAE,8.041924887738492
1756,34,58,LAE|MAE|SAE,10.8128446361874
1757,34,41,LAE|MAE,11.55515557064808
1758,34,38,LAE|MAE,10.98969938516962
1759,34,37,LAE|MAE,8.94853700088558
1760,35,39,LAE|MAE,1.6313813360065375
1761,35,37,MAE,2.3496594534143154
1762,35,37,MAE,28.8378001791498
1763,35,37,MAE,6.278360584768998
1764,35,37,MAE,1.7771842677757606
1765,35,37,MAE,10.436966078719966
1766,35,37,MAE,25.724887937156215
1767,35,37,MAE,11.289580443241977
1768,35,37,MAE,11.27147910864735
1769,35,49,LAE|MAE,19.81129024690493
1770,35,41,LAE|MAE,12.023770487760315
1771,36,38,LAE|MAE|SAE,18.239333130403686
1772,36,37,MAE|SAE,12.069225883230558
1773,36,38,LAE|MAE|SAE,9.322661146563716
1774,36,37,MAE|SAE,6.224587159264626
1775,36,38,LAE|MAE|SAE,11.540350556611344
1776,36,38,LAE|MAE|SAE,1.4185079912134193
1777,36,39,MAE|SAE,14.897071622648445
1778,36,38,LAE|MAE|SAE,15.074033157749835
1779,36,37,MAE|SAE,12.66563731918953
1780,36,43,LAE|MAE|SAE,7.6476545835953385
1781,34,38,LAE,15.90431243846409
1782,34,38,LAE,9.949921824259585
1783,34,38,LAE,12.312056547267547
1784,34,42,LAE,12.71595248659839
1785,34,38,LAE,16.4983626324782
1786,34,45,LAE|MAE,12.119822417350438
1787,34,41,LAE|MAE,22.21525645360996
1788,35,41,LAE|MAE,4.881807039419238
1789,35,38,LAE|MAE,2.0955441796498016
1790,35,38,LAE|MAE,1.7801561947958806
1791,35,38,LAE|MAE,6.122943000865957
1792,35,41,LAE|MAE,12.098340750403866
1793,37,42,LAE|MAE|SAE,8.269802739274391
1794,37,38,LAE|MAE,12.207012183754053
1795,37,38,LAE|MAE,0.889109620234812
1796,37,39,LAE|MAE,1.9161868564777387
1797,37,43,LAE|MAE,7.065606546398803
1798,37,38,LAE|MAE,1.4253907204895837
1799,37,38,LAE|MAE,1.102482395445646
1800,37,41,LAE|MAE|SAE,8.231418108165721
1801,37,38,LAE|MAE,1.2453025938550333
1802,37,39,LAE|MAE,6.33064293954293
1803,37,39,LAE|MAE,12.113522521559469
1804,37,41,LAE|MAE,11.30891443975913
1805,37,49,LAE|MAE|SAE,6.881026843709325
1806,37,38,LAE|MAE,5.109218580520607
1807,37,38,LAE|MAE,1.5828341773016366
1808,37,38,LAE|MAE,1.27675091858989
1809,37,41,LAE|MAE,12.100714749538449
1810,35,41,MAE,23.821084586017612
1811,35,45,MAE,8.708892017983535
1812,35,39,MAE,11.245600131542268
1813,35,39,MAE,11.785458259711046
1814,35,39,MAE,11.246392212880949
1815,35,39,MAE,12.550274988697907
1816,35,39,MAE,11.696980371490573
1817,36,39,MAE|SAE,10.589065156541915
1818,36,39,MAE|SAE,8.147186315338084
1819,36,43,MAE|SAE,11.345591716276777
1820,36,39,MAE|SAE,9.188540867406491
1821,36,43,MAE|SAE,20.145027538102187
1822,36,39,MAE|SAE,12.716085254609776
1823,36,42,LAE|MAE|SAE,31.89716918706236
1824,37,39,MAE,6.473733533209553
1825,37,51,MAE|SAE,10.982662456532731
1826,37,49,LAE|MAE|SAE,7.581809969535196
1827,37,39,MAE,7.667930341754877
1828,37,41,MAE|SAE,11.834580705999299
1829,37,39,MAE,7.215769425237788
1830,37,52,LAE|MAE|SAE,12.43634586120689
1831,37,49,MAE,33.33664485384616
1832,38,39,LAE|MAE,1.4409029841980936
1833,38,40,LAE|MAE|SAE,3.763804116454963
1834,38,39,LAE|MAE,7.0954282784874385
1835,38,39,LAE|MAE,7.0611062383968255
1836,38,39,LAE|MAE,2.4292276723262236
1837,38,39,LAE|MAE,2.930822135521888
1838,38,47,LAE|MAE,9.818419673757997
1839,38,40,LAE|MAE|SAE,12.076032756926253
1840,38,41,LAE|MAE|SAE,8.243239732838003
1841,38,41,LAE|MAE,13.440196890340173
1842,38,39,LAE|MAE,1.606667506427237
1843,38,39,LAE|MAE,1.7740650794935626
1844,38,41,LAE|MAE|SAE,3.5265128859574615
1845,38,39,LAE|MAE,1.1142604774805265
1846,38,39,LAE|MAE,8.790051781577642
1847,38,50,LAE|MAE|SAE,11.126593480590575
1848,38,39,LAE|MAE,0.8653471799892131
1849,38,62,LAE|MAE|SAE,10.103250756810148
1850,38,41,LAE|MAE|SAE,10.411655455456502
1851,38,43,LAE|MAE,6.058136099654253
1852,38,42,LAE|MAE,24.774442418367173
1853,36,44,SAE,19.002622738280184
1854,36,44,SAE,13.193944918847093
1855,36,40,SAE,29.72616560487208
1856,36,41,MAE|SAE,9.891861899693415
1857,36,40,SAE,32.55755728170478
1858,36,40,SAE,17.16437154268018
1859,36,40,SAE,46.44446679624687
1860,36,40,SAE,32.53833822290122
1861,36,40,SAE,13.749998708509636
1862,36,40,SAE,13.36660718603465
1863,36,40,SAE,12.075240259932691
1864,36,40,SAE,12.440724811874011
1865,36,40,SAE,14.79402765465318
1866,36,40,SAE,23.89674153154703
1867,36,40,SAE,21.971784302488093
1868,37,40,MAE|SAE,11.190444832200104
1869,37,40,MAE|SAE,8.961916713468216
1870,39,40,MAE|SAE,1.4151829172948163
1871,39,42,LAE|MAE|SAE,17.634257132454326
1872,39,50,LAE|MAE|SAE,6.660690435937274
1873,39,42,LAE|MAE|SAE,1.4120327830421076
1874,39,40,MAE|SAE,1.6646010612963813
1875,39,40,MAE|SAE,6.071515337554235
1876,39,43,MAE|SAE,6.13227204526833
1877,39,40,MAE|SAE,58.71935483970808
1878,39,40,MAE|SAE,9.38590097736937
1879,37,47,MAE,19.798475244651037
1880,37,51,MAE,20.984403064012497
1881,37,41,MAE,11.184382106024628
1882,37,45,MAE,32.30229875469361
1883,38,49,LAE|MAE,25.09034866688667
1884,38,41,LAE|MAE,7.869728069663898
1885,38,42,LAE|MAE,10.123247086912208
1886,38,41,LAE|MAE,28.55260261064809
1887,38,47,LAE|MAE,10.509829327281548
1888,38,43,LAE|MAE,4.081521584548714
1889,38,41,LAE|MAE,10.346669984117439
1890,39,41,MAE,9.634239343831629
1891,39,41,MAE,5.277051403611442
1892,39,46,LAE|MAE,13.113236041553488
1893,39,41,MAE,9.477958604466464
1894,39,41,MAE,2.567329787923885
1895,39,46,LAE|MAE|SAE,9.590752732237345
1896,39,41,MAE,18.038761026892487
1897,39,41,MAE,1.8363951964437868
1898,39,43,LAE|MAE,14.665010631504378
1899,39,41,MAE,28.531939374141167
1900,39,43,MAE,14.624947858117986
1901,39,41,MAE,6.737325798094001
1902,39,43,MAE,36.35266826765322
1903,39,41,MAE,4.1879949333783975
1904,40,43,LAE|MAE|SAE,10.350862999265143
1905,40,47,LAE|MAE|SAE,5.045775054618625
1906,40,41,MAE|SAE,3.574904511400282
1907,40,45,MAE|SAE,10.63809059962825
1908,40,41,MAE|SAE,1.3678124788001693
1909,40,43,MAE|SAE,13.067138486359143
1910,40,42,LAE|MAE|SAE,5.3892518826483355
1911,40,43,MAE|SAE,6.7016905844083885
1912,40,43,MAE|SAE,14.31054943122196
1913,40,41,MAE|SAE,1.9460611841917743
1914,40,45,MAE|SAE,9.329495856640467
1915,38,46,LAE|MAE,9.140480140525506
1916,39,47,LAE|MAE,13.548198721070758
1917,39,51,LAE|MAE|SAE,5.771985565398679
1918,39,61,LAE|MAE|SAE,8.509765545057801
1919,41,45,LAE|MAE|SAE,10.689986325940016
1920,41,43,LAE|MAE,1.2120449902584678
1921,41,45,LAE|MAE|SAE,6.041425898512295
1922,41,47,LAE|MAE,15.34382219329657
1923,41,42,LAE|MAE,9.827740874319659
1924,41,42,LAE|MAE,1.0004537110156102
1925,41,43,LAE|MAE,10.260062920035168
1926,41,42,LAE|MAE,9.197281000276826
1927,41,42,LAE|MAE,11.351894449655221
1928,41,42,LAE|MAE,6.507627880206724
1929,41,46,LAE|MAE,9.894622969933877
1930,41,42,LAE|MAE,5.01020110093014
1931,41,42,LAE|MAE,1.122670456078292
1932,41,43,LAE|MAE,1.426559187124075
1933,41,45,LAE|MAE,10.014267238948735
1934,41,42,LAE|MAE,6.1620790864395145
1935,41,45,LAE|MAE,9.958539535906628
1936,41,42,LAE|MAE,9.870731086772617
1937,41,49,LAE|MAE,22.04249229721634
1938,41,43,LAE|MAE,3.387163573300907
1939,41,42,LAE|MAE,3.519937239780723
1940,39,43,MAE,11.080133305046669
1941,39,54,LAE|MAE|SAE,11.591910062228012
1942,39,57,LAE|MAE|SAE,11.721876331931563
1943,39,44,MAE|SAE,6.49436990144584
1944,39,43,MAE,12.492719753930203
1945,40,43,MAE|SAE,9.723772023020823
1946,40,48,MAE|SAE,26.04984556192278
1947,40,43,MAE|SAE,7.932471847902365
1948,40,50,LAE|MAE|SAE,7.469023862868689
1949,41,43,MAE,17.564992705264846
1950,41,43,MAE,8.354604925428152
1951,41,50,LAE|MAE|SAE,16.24759565627681
1952,41,43,MAE,19.058458235037975
1953,41,43,MAE,11.97802444151047
1954,41,43,MAE,35.869595026235
1955,41,45,MAE,3.43014352431556
1956,41,45,MAE,18.794078402609358
1957,41,43,MAE,40.49905929459762
1958,41,43,MAE,8.425608049029874
1959,41,43,MAE,6.741261285525839
1960,41,47,MAE,23.900772960415907
1961,41,47,MAE,10.712096841119964
1962,42,51,LAE|MAE|SAE,5.939606785763363
1963,42,43,LAE|MAE,9.564474219119605
1964,42,43,LAE|MAE,1.9150595869236093
1965,42,43,LAE|MAE,4.683237638931414
1966,42,44,LAE|MAE|SAE,3.9522920376895447
1967,42,48,LAE|MAE|SAE,8.196619998120799
1968,42,43,LAE|MAE,1.0573818446453782
1969,42,43,LAE|MAE,8.58404371811161
1970,42,43,LAE|MAE,8.852664117274058
1971,42,46,LAE|MAE,4.982668745439287
1972,42,43,LAE|MAE,3.3369751829724175
1973,42,43,LAE|MAE,16.77600378421629
1974,42,46,LAE|MAE|SAE,9.766509268972523
1975,42,43,LAE|MAE,6.501141573567936
1976,42,43,LAE|MAE,7.06529160726033
1977,40,48,SAE,23.630351752488203
1978,40,44,SAE,22.632860650686556
1979,40,44,SAE,27.759691025710246
1980,40,44,SAE,11.002560031568088
1981,40,44,SAE,18.666018217990274
1982,40,44,SAE,28.606452229739755
1983,40,44,SAE,20.410143551694173
1984,40,45,MAE|SAE,17.17668358058078
1985,40,44,SAE,19.697795811425934
1986,40,44,SAE,26.817747306362325
1987,40,44,SAE,10.461117833811638
1988,40,44,SAE,20.13925756257706
1989,41,51,LAE|MAE|SAE,5.160202510131884
1990,41,45,MAE|SAE,11.133338201893258
1991,41,44,MAE|SAE,8.452598119396242
1992,41,44,MAE|SAE,7.802223516645041
1993,43,44,MAE|SAE,1.6025993278544954
1994,43,46,LAE|MAE|SAE,5.630728006490139
1995,43,46,LAE|MAE|SAE,5.184725882977524
1996,43,44,MAE|SAE,7.347993660668678
1997,43,67,LAE|MAE|SAE,9.179372737663467
1998,43,44,MAE|SAE,9.562235637202159
1999,43,47,LAE|MAE|SAE,8.601989959254803
2000,43,44,MAE|SAE,10.830679210501563
2001,43,44,MAE|SAE,3.74659484674832
2002,41,49,MAE,25.84717679154591
2003,41,49,MAE,28.326638198676964
2004,41,51,LAE|MAE,27.822716849727236
2005,41,48,MAE|SAE,6.010515423853257
2006,41,45,MAE,23.114944909828672
2007,41,45,MAE,6.70603829413625
2008,41,47,MAE,11.12235663071886
2009,41,45,MAE,11.175880239151256
2010,41,45,MAE,19.430550423585835
2011,41,45,MAE,8.297392992279356
2012,41,45,MAE,9.27999258011773
2013,41,45,MAE,24.058827360860455
2014,42,46,LAE|MAE,4.652065845715831
2015,42,45,LAE|MAE,9.606069114210996
2016,43,47,MAE,5.939107430211839
2017,43,45,MAE,4.523137942585786
2018,43,49,MAE,20.20541255809053
2019,43,45,MAE,32.70872640634441
2020,43,45,MAE,7.871250134305117
2021,43,45,MAE,10.972276620770218
2022,43,45,MAE,9.397879280654239
2023,43,57,LAE|MAE,9.299296609734263
2024,43,47,MAE,8.176317055374636
2025,43,47,MAE,32.27804889854894
2026,43,49,MAE,36.596409243582656
2027,43,45,MAE,28.496039803554414
2028,43,45,MAE,5.118192869393271
2029,43,50,LAE|MAE,9.155641706361582
2030,43,45,MAE,17.525886437839887
2031,43,45,MAE,9.417003344618974
2032,43,45,MAE,4.488004455481452
2033,43,46,LAE|MAE,14.528926307553588
2034,43,65,LAE|MAE|SAE,9.161362635657744
2035,43,49,MAE,27.540422758452895
2036,43,45,MAE,7.755236528310638
2037,43,47,MAE,35.36185757278323
2038,43,49,MAE,24.735777539562058
2039,43,45,MAE,5.676717352167327
2040,43,45,MAE,5.397683792160274
2041,44,46,LAE|MAE|SAE,2.295992473664576
2042,44,46,LAE|MAE|SAE,11.38176662615243
2043,44,45,MAE|SAE,3.391688235237185
2044,44,45,MAE|SAE,2.7932112530086144
2045,44,45,MAE|SAE,9.144545265802876
2046,44,54,LAE|MAE|SAE,10.17977362941019
2047,44,51,LAE|MAE|SAE,13.309628401578621
2048,44,45,MAE|SAE,4.928732842470071
2049,44,45,MAE|SAE,9.01026073943426
2050,44,49,MAE|SAE,13.84762125866992
2051,44,45,MAE|SAE,4.157690623284235
2052,42,49,LAE|MAE|SAE,5.568484505373668
2053,42,54,LAE|MAE|SAE,10.43310344935423
2054,42,46,LAE,8.555783087942041
2055,43,50,LAE|MAE,9.772497033320136
2056,45,46,LAE|MAE,9.521293590246218
2057,45,46,LAE|MAE,8.55714211974375
2058,45,46,LAE|MAE,8.276633620874
2059,45,46,LAE|MAE,7.570016538024791
2060,45,47,LAE|MAE,2.6106710514577856
2061,45,46,LAE|MAE,2.783623609368263
2062,45,46,LAE|MAE,9.533176047360755
2063,45,46,LAE|MAE,2.3779348922877213
2064,45,47,LAE|MAE,1.3294941258430182
2065,45,46,LAE|MAE,7.9507452552972895
2066,45,63,LAE|MAE|SAE,7.486839010305148
2067,45,46,LAE|MAE,8.363698977206592
2068,45,46,LAE|MAE,4.7005034820888385
2069,45,46,LAE|MAE,9.456918148313179
2070,45,46,LAE|MAE,9.496710586849021
2071,45,49,LAE|MAE,22.969012717198332
2072,45,46,LAE|MAE,8.18339202828559
2073,45,46,LAE|MAE,9.502186994345836
2074,45,54,LAE|MAE|SAE,7.667541764233737
2075,43,47,MAE,5.348148907111766
2076,43,48,MAE|SAE,4.960793405921189
2077,43,47,MAE,40.066164079673015
2078,43,47,MAE,56.97695385892389
2079,43,55,MAE,37.992573767937905
2080,43,53,LAE|MAE,11.388119084500724
2081,44,47,MAE|SAE,3.8925790466647374
2082,44,47,MAE|SAE,9.493352169445522
2083,44,50,LAE|MAE|SAE,11.11824866053619
2084,44,49,MAE|SAE,11.23619964123988
2085,45,51,LAE|MAE,7.057030516901633
2086,45,51,MAE,36.72332844994941
2087,45,47,MAE,8.576014889948297
2088,45,51,MAE,57.846591868372506
2089,45,47,MAE,40.93464210617885
2090,45,50,LAE|MAE,8.813670156153107
2091,45,47,MAE,12.291929932780945
2092,45,47,MAE,26.789101376828164
2093,45,47,MAE,4.834950030183128
2094,45,50,LAE|MAE,17.203461379609095
2095,45,50,LAE|MAE,23.65468239558106
2096,45,47,MAE,8.728216523150538
2097,45,47,MAE,17.13904889379627
2098,45,48,MAE|SAE,5.974853414420871
2099,45,49,MAE|SAE,11.087792951319832
2100,45,47,MAE,4.238807080563414
2101,46,47,LAE|MAE,2.5194398461376935
2102,46,49,LAE|MAE,21.59794068923192
2103,46,47,LAE|MAE,3.4402875278580343
2104,46,47,LAE|MAE,1.3937040950722215
2105,46,53,LAE|MAE|SAE,9.830001544552173
2106,46,49,LAE|MAE,8.068120371693261
2107,46,47,LAE|MAE,5.484167801816116
2108,46,47,LAE|MAE,1.1333602184983773
2109,46,47,LAE|MAE,8.074512726622197
2110,44,52,SAE,8.784344983889333
2111,44,48,SAE,23.850256903540323
2112,44,48,SAE,8.072568670967057
2113,44,56,SAE,8.859613615946682
2114,44,48,SAE,8.124961954625551
2115,44,48,SAE,28.656766801310383
2116,44,48,SAE,23.823193728784577
2117,44,48,SAE,8.28695443747278
2118,44,48,SAE,19.7926888247323
2119,44,48,SAE,9.630046412998945
2120,44,48,SAE,10.46958474033241
2121,44,52,SAE,5.847474605546263
2122,44,48,SAE,14.908843013816021
2123,44,48,SAE,18.9453779411129
2124,44,48,SAE,19.32302954653101
2125,44,111,LAE|MAE|SAE,29.27725507073154
2126,44,48,SAE,24.28376953645645
2127,45,48,MAE|SAE,6.626446040830899
2128,45,48,MAE|SAE,10.449929099529154
2129,47,48,MAE|SAE,8.233569423158823
2130,47,48,MAE|SAE,13.34571992022146
2131,47,48,MAE|SAE,32.11650222174968
2132,47,55,LAE|MAE|SAE,9.921332894966781
2133,47,51,MAE|SAE,9.79349666238037
2134,47,48,MAE|SAE,4.055398159397987
2135,47,49,MAE|SAE,9.463110134453862
2136,47,48,MAE|SAE,3.781647450463584
2137,47,48,MAE|SAE,8.065684113844377
2138,45,49,MAE,6.314142345910741
2139,45,51,MAE,25.653584326246605
2140,45,60,LAE|MAE|SAE,8.102730601371533
2141,45,49,MAE,8.98453103093858
2142,45,49,MAE,33.49019650775336
2143,45,49,MAE,9.572285365276887
2144,45,58,LAE|MAE|SAE,8.566161787543892
2145,45,49,MAE,50.38921216620067
2146,45,49,MAE,33.38908257719859
2147,46,53,LAE|MAE|SAE,5.20915046129985
2148,46,49,LAE|MAE,8.225407902085598
2149,46,49,LAE|MAE,7.698378477543736
2150,46,49,LAE|MAE,9.10747029487012
2151,46,49,LAE|MAE,8.367129772073865
2152,46,57,LAE|MAE|SAE,6.312914911497522
2153,47,49,MAE,7.886943432448665
2154,47,51,MAE,33.39170442437502
2155,47,57,MAE,8.7767243447957
2156,47,53,MAE,35.72276813679007
2157,47,50,LAE|MAE,2.5473245540465186
2158,47,49,MAE,23.396890451988394
2159,47,49,MAE,8.547884396507095
2160,47,53,MAE,19.9348235383743
2161,47,49,MAE,32.158853124052115
2162,47,49,MAE,9.008872774736268
2163,47,52,MAE|SAE,8.479097396819466
2164,47,57,MAE,8.86748845623018
2165,48,49,MAE|SAE,8.055174712712313
2166,48,49,MAE|SAE,1.9104382931741775
2167,48,51,MAE|SAE,3.3631832282473892
2168,46,50,LAE,9.281836694904062
2169,46,58,LAE|MAE,8.894635879508051
2170,46,50,LAE,13.317123097633042
2171,46,50,LAE,4.709116883177693
2172,46,50,LAE,9.536632195374622
2173,46,50,LAE,23.257938444196043
2174,46,50,LAE,11.476607954224377
2175,47,50,LAE|MAE,10.982538113649884
2176,47,51,LAE|MAE,4.74337101740184
2177,47,53,LAE|MAE,7.175894380052794
2178,49,50,LAE|MAE,8.595847375581698
2179,49,50,LAE|MAE,8.772537119811942
2180,49,50,LAE|MAE,12.060581922008186
2181,49,50,LAE|MAE,1.8199908444592146
2182,49,51,LAE|MAE,2.5954300954665555
2183,49,50,LAE|MAE,3.676884317445938
2184,49,50,LAE|MAE,17.440569033755065
2185,49,52,LAE|MAE|SAE,5.57964457361019
2186,49,51,LAE|MAE,3.599752018235218
2187,49,50,LAE|MAE,8.140692336683106
2188,49,52,LAE|MAE|SAE,7.882435745977859
2189,49,50,LAE|MAE,1.2900476661133773
2190,49,50,LAE|MAE,9.976690630025296
2191,49,50,LAE|MAE,17.478080381120265
2192,49,50,LAE|MAE,2.536903003694075
2193,49,50,LAE|MAE,13.83484268671187
2194,47,51,MAE,29.241315437889636
2195,47,51,MAE,8.522418660565975
2196,47,51,MAE,22.831074395975033
2197,47,51,MAE,12.23951452369828
2198,47,51,MAE,7.632813415824266
2199,47,51,MAE,16.422717677207032
2200,47,51,MAE,27.154054830214008
2201,48,55,LAE|MAE|SAE,3.5674562120306215
2202,48,58,LAE|MAE|SAE,5.702200796539274
2203,48,52,MAE|SAE,32.05738730866177
2204,48,51,MAE|SAE,5.732755615476655
2205,49,51,MAE,9.829058048650861
2206,49,51,MAE,2.299760290692403
2207,49,55,MAE,6.310132397363637
2208,49,53,MAE|SAE,9.378521964819818
2209,49,65,LAE|MAE|SAE,11.634972036779107
2210,49,51,MAE,10.841201361516637
2211,49,51,MAE,48.62754841883057
2212,49,51,MAE,8.440004265616052
2213,49,54,LAE|MAE,9.17011867298752
2214,50,52,LAE|MAE|SAE,4.7236296776964375
2215,50,51,LAE|MAE,7.009727641212417
2216,50,51,LAE|MAE,7.137244790916727
2217,50,54,LAE|MAE,3.055336383363924
2218,50,51,LAE|MAE,1.2620977686215373
2219,50,52,LAE|MAE|SAE,8.375055965490754
2220,50,51,LAE|MAE,2.3873927451895964
2221,50,51,LAE|MAE,7.329495867096625
2222,50,51,LAE|MAE,2.4607156363736107
2223,50,62,LAE|MAE|SAE,5.482693921463061
2224,50,51,LAE|MAE,6.455855278751603
2225,50,51,LAE|MAE,8.875623053148276
2226,50,53,LAE|MAE|SAE,4.200689619058975
2227,50,53,LAE|MAE,18.173251325492345
2228,50,51,LAE|MAE,3.106800420117141
2229,50,52,LAE|MAE|SAE,3.1793509718207265
2230,48,52,SAE,9.859173438727609
2231,48,52,SAE,25.924907628971795
2232,48,52,SAE,5.7247675626090855
2233,48,52,SAE,7.347360848731391
2234,48,52,SAE,13.505092611399515
2235,48,52,SAE,20.139818756545893
2236,48,52,SAE,20.31039655507037
2237,48,52,SAE,38.7819548732825
2238,49,52,MAE|SAE,5.527738424739762
2239,49,63,LAE|MAE|SAE,7.0943227003427385
2240,51,58,LAE|MAE|SAE,6.725103239804888
2241,51,53,MAE|SAE,4.229493499670908
2242,51,52,MAE|SAE,1.270627056485362
2243,51,54,LAE|MAE|SAE,7.182728299979357
2244,51,52,MAE|SAE,8.054864807958994
2245,51,52,MAE|SAE,13.433507531816023
2246,51,52,MAE|SAE,10.470749422778493
2247,51,54,LAE|MAE|SAE,3.9363248210689457
2248,51,56,LAE|MAE|SAE,11.743035518327552
2249,49,54,LAE|MAE,7.282533463901402
2250,49,53,MAE,44.44207938466159
2251,49,53,MAE,13.308174535100573
2252,50,59,LAE|MAE|SAE,8.64092904562116
2253,50,53,LAE|MAE,4.336492837440214
2254,50,53,LAE|MAE,4.20244965875289
2255,50,53,LAE|MAE,3.3711537451739977
2256,50,54,LAE|MAE,4.574296248547642
2257,50,53,LAE|MAE,8.206292876206684
2258,51,53,MAE,34.26488937295729
2259,51,56,MAE|SAE,4.060562422811468
2260,51,57,LAE|MAE|SAE,9.224004013069225
2261,51,63,LAE|MAE|SAE,5.624846343009778
2262,51,57,MAE,3.0487724499522044
2263,51,53,MAE,6.6850523761807485
2264,52,54,LAE|MAE|SAE,33.903279240898556
2265,52,54,LAE|MAE|SAE,4.070499383096372
2266,52,53,MAE|SAE,3.851358351156093
2267,52,61,LAE|MAE|SAE,5.151640581120321
2268,52,54,LAE|MAE|SAE,3.668676793493401
2269,52,53,MAE|SAE,3.057910926691312
2270,52,59,LAE|MAE|SAE,9.118367173549586
2271,52,53,MAE|SAE,12.521200787530985
2272,52,53,MAE|SAE,8.933025262353741
2273,52,58,LAE|MAE|SAE,8.368495933117911
2274,52,59,MAE|SAE,8.171021808734798
2275,52,55,MAE|SAE,9.201876409910648
2276,52,53,MAE|SAE,6.349412911998952
2277,50,54,LAE,9.143300127503869
2278,50,54,LAE,20.020183908347573
2279,51,54,LAE|MAE,6.344595586537589
2280,51,59,LAE|MAE,7.570322646182052
2281,51,55,LAE|MAE,10.640629134946241
2282,51,54,LAE|MAE,5.162919596042238
2283,51,54,LAE|MAE,9.269839850435398
2284,53,63,LAE|MAE|SAE,4.945804047582712
2285,53,54,LAE|MAE,3.337160774096328
2286,53,58,LAE|MAE,8.175560925429254
2287,53,55,LAE|MAE,2.147215857347654
2288,53,54,LAE|MAE,7.392244065994215
2289,53,54,LAE|MAE,6.766095035274074
2290,53,54,LAE|MAE,7.415208554621318
2291,53,54,LAE|MAE,2.3791416414654636
2292,53,54,LAE|MAE,3.478548691029388
2293,53,58,LAE|MAE|SAE,8.238500635297811
2294,53,55,LAE|MAE,8.998948353127014
2295,53,54,LAE|MAE,6.023989680656799
2296,53,54,LAE|MAE,7.548273236809331
2297,53,54,LAE|MAE,4.5686901212625415
2298,53,55,LAE|MAE,4.686745304785715
2299,53,54,LAE|MAE,6.518247610842012
2300,53,58,LAE|MAE,6.31246586443697
2301,53,54,LAE|MAE,5.602018667760247
2302,53,54,LAE|MAE,7.061322265647212
2303,53,54,LAE|MAE,3.512324829717435
2304,53,54,LAE|MAE,3.0518694718076294
2305,51,57,MAE,3.965297537560175
2306,51,56,MAE|SAE,8.870815749928955
2307,51,62,LAE|MAE,7.844027808575108
2308,51,57,MAE|SAE,5.358247323453998
2309,52,55,MAE|SAE,6.6673033238283015
2310,52,58,LAE|MAE|SAE,8.5366875132706
2311,52,57,MAE|SAE,6.8587293234367195
2312,52,55,MAE|SAE,6.8032329111978305
2313,52,55,MAE|SAE,6.17513956608663
2314,52,55,MAE|SAE,8.145955400063242
2315,52,55,MAE|SAE,7.192348302059899
2316,53,55,MAE,7.399364924923743
2317,53,58,LAE|MAE,6.533840018567999
2318,53,58,LAE|MAE,6.5317923575188725
2319,53,55,MAE,4.956384302142802
2320,53,55,MAE,7.499466579463378
2321,53,57,MAE,6.7468822359707366
2322,53,55,MAE,8.584207490314206
2323,53,55,MAE,2.540616564749995
2324,53,55,MAE,4.867066407435525
2325,53,55,MAE,3.813947082476889
2326,53,55,MAE,8.405455509367423
2327,53,56,MAE|SAE,3.5283460906827364
2328,53,56,MAE|SAE,6.944692450695791
2329,53,58,LAE|MAE,6.655462397839687
2330,53,56,MAE|SAE,6.440553107401724
2331,54,55,LAE|MAE,7.776359097085693
2332,54,55,LAE|MAE,2.1732950930374235
2333,54,55,LAE|MAE,6.010805922217924
2334,54,55,LAE|MAE,6.494889326961466
2335,54,55,LAE|MAE,7.1282441568873685
2336,54,58,LAE|MAE,6.247918643183249
2337,54,58,LAE|MAE|SAE,4.3493278752752085
2338,54,55,LAE|MAE,7.045283644647065
2339,54,55,LAE|MAE,6.864424215166521
2340,54,56,LAE|MAE|SAE,5.770018968202984
2341,54,55,LAE|MAE,8.509484904095029
2342,54,57,LAE|MAE,7.312337270182185
2343,54,55,LAE|MAE,7.635442875332378
2344,54,59,LAE|MAE,13.04999695715271
2345,52,56,SAE,9.523162967156084
2346,52,56,SAE,52.37836496093467
2347,52,56,SAE,6.6472019890252465
2348,52,56,SAE,9.054486620211797
2349,52,62,LAE|MAE|SAE,5.110113118223045
2350,52,56,SAE,9.151174368083666
2351,52,56,SAE,10.725126181321158
2352,53,58,LAE|MAE|SAE,7.109896751108439
2353,55,56,MAE|SAE,2.298568325228945
2354,55,56,MAE|SAE,3.17694093691539
2355,55,56,MAE|SAE,5.254726498948102
2356,55,65,LAE|MAE|SAE,4.810590223710278
2357,55,58,LAE|MAE|SAE,5.824847730781256
2358,55,56,MAE|SAE,6.933923652000426
2359,55,109,LAE|MAE|SAE,26.887074585897555
2360,55,56,MAE|SAE,3.1661116660380246
2361,55,124,LAE|MAE|SAE,22.412672735102483
2362,55,56,MAE|SAE,6.107580658214232
2363,55,56,MAE|SAE,2.825760021407593
2364,55,59,LAE|MAE|SAE,6.018337501884026
2365,55,59,LAE|MAE|SAE,5.755279238246403
2366,55,59,LAE|MAE|SAE,6.76577638662571
2367,53,57,MAE,4.709583370745356
2368,53,57,MAE,6.514994103847735
2369,54,59,LAE|MAE,8.151681896432747
2370,55,57,MAE,6.216388936059553
2371,55,57,MAE,17.26131555047865
2372,55,58,LAE|MAE,7.549202469995531
2373,55,58,LAE|MAE,6.222932491667619
2374,55,57,MAE,4.276368318805644
2375,55,58,LAE|MAE,4.257200376408847
2376,55,58,LAE|MAE,6.1045514879539775
2377,55,58,LAE|MAE,7.834758559212507
2378,55,58,LAE|MAE,5.752338042259582
2379,55,59,MAE,5.8801472742373955
2380,55,61,MAE,7.358790954422787
2381,55,57,MAE,7.3802647282042155
2382,56,57,MAE|SAE,3.934457828728581
2383,56,57,MAE|SAE,1.7461012609781918
2384,56,57,MAE|SAE,2.5226883052458167
2385,56,60,MAE|SAE,3.979700919488847
2386,56,57,MAE|SAE,3.9569490243006125
2387,56,57,MAE|SAE,9.169046996292787
2388,56,63,LAE|MAE|SAE,4.634290227510227
2389,56,57,MAE|SAE,11.702837625725278
2390,56,57,MAE|SAE,5.8499339710206755
2391,56,57,MAE|SAE,7.53342133765714
2392,56,57,MAE|SAE,1.2528396399023978
2393,56,58,LAE|MAE|SAE,5.648779779676263
2394,56,63,LAE|MAE|SAE,4.127699016104166
2395,56,59,MAE|SAE,10.471270712124731
2396,56,57,MAE|SAE,3.0653661466345064
2397,56,57,MAE|SAE,9.157150861019108
2398,54,58,LAE,7.254548182275032
2399,54,58,LAE,5.821534975400328
2400,55,58,LAE|MAE,6.959716261518632
2401,55,58,LAE|MAE,7.293819144010905
2402,55,59,LAE|MAE,7.434361618852699
2403,55,58,LAE|MAE,7.370630607463401
2404,57,58,LAE|MAE,5.470267611746493
2405,57,58,LAE|MAE,5.488212165278362
2406,57,59,LAE|MAE,5.447062505741287
2407,57,58,LAE|MAE,6.442463640975807
2408,57,58,LAE|MAE,6.720485836566355
2409,57,58,LAE|MAE,6.557990603642467
2410,57,63,LAE|MAE,3.919115306508322
2411,57,58,LAE|MAE,5.50728937326536
2412,57,58,LAE|MAE,6.817259127809879
2413,57,58,LAE|MAE,2.0925122508686584
2414,57,58,LAE|MAE,5.464389412631822
2415,57,60,LAE|MAE|SAE,6.4655138910579835
2416,57,58,LAE|MAE,1.8868859956757589
2417,57,58,LAE|MAE,2.7697191929349736
2418,57,69,LAE|MAE,4.195682750912552
2419,57,58,LAE|MAE,6.727026248671558
2420,57,58,LAE|MAE,5.594580612275791
2421,55,59,MAE,7.566880519430011
2422,56,59,MAE|SAE,7.731309086110651
2423,56,59,MAE|SAE,3.8065747195637782
2424,56,64,MAE|SAE,21.472959418501656
2425,57,59,MAE,6.617192971523062
2426,57,59,MAE,3.954593716156403
2427,57,59,MAE,7.418792921053989
2428,57,59,MAE,7.185123714393275
2429,57,59,MAE,6.6421293035167075
2430,57,59,MAE,2.1129960197188904
2431,57,59,MAE,3.562915121949046
2432,57,59,MAE,4.026492924989166
2433,58,59,LAE|MAE,5.417262428904967
2434,58,59,LAE|MAE,6.750866817440079
2435,58,59,LAE|MAE,7.036332154880824
2436,58,60,LAE|MAE|SAE,1.4507470161437628
2437,58,62,LAE|MAE|SAE,1.8162363951441942
2438,58,59,LAE|MAE,5.4509700972856105
2439,58,66,LAE|MAE|SAE,6.175387075656617
2440,58,60,LAE|MAE|SAE,1.4852548856158005
2441,58,59,LAE|MAE,1.1857805902876746
2442,58,59,LAE|MAE,5.620342054516626
2443,58,59,LAE|MAE,9.878685989071469
2444,56,60,SAE,5.894071924496664
2445,56,60,SAE,20.817652202956726
2446,56,60,SAE,4.2005534857649165
2447,57,60,MAE|SAE,5.266983737486508
2448,59,63,LAE|MAE|SAE,1.7519190392448352
2449,59,60,MAE|SAE,1.5410155722711316
2450,59,61,MAE|SAE,1.6546068606680002
2451,59,60,MAE|SAE,3.3506503535977217
2452,59,60,MAE|SAE,1.9293236988532008
2453,59,60,MAE|SAE,1.0727682676871508
2454,59,60,MAE|SAE,1.5885208991806465
2455,59,60,MAE|SAE,1.577672845960604
2456,59,61,MAE|SAE,1.340138043954397
2457,59,60,MAE|SAE,1.1674265308891068
2458,59,61,MAE|SAE,3.3318156257482476
2459,59,63,MAE|SAE,4.090332510730954
2460,59,62,LAE|MAE|SAE,4.911058999410303
2461,59,60,MAE|SAE,10.054297558152346
2462,59,60,MAE|SAE,1.2699419825016915
2463,59,60,MAE|SAE,3.771513320838553
2464,57,64,MAE|SAE,5.5053805545441215
2465,58,64,LAE|MAE|SAE,6.212274164314703
2466,58,63,LAE|MAE,4.20927794204593
2467,58,61,LAE|MAE,6.059446720278298
2468,59,62,LAE|MAE,5.363784058921145
2469,60,61,MAE|SAE,4.893586071296625
2470,60,61,MAE|SAE,1.2109800940354254
2471,60,61,MAE|SAE,1.401631123773745
2472,60,64,MAE|SAE,4.487167989313355
2473,60,61,MAE|SAE,1.2362597604776655
2474,60,61,MAE|SAE,1.1175978722985216
2475,60,61,MAE|SAE,2.902879865101633
2476,60,61,MAE|SAE,1.5398505909653435
2477,60,61,MAE|SAE,1.6363247304501165
2478,60,61,MAE|SAE,24.780552740502227
2479,60,63,MAE|SAE,8.413478548965193
2480,60,61,MAE|SAE,1.3402189272747653
2481,60,61,MAE|SAE,4.4329274660432
2482,58,62,LAE,8.909313957117382
2483,58,66,LAE,10.13760081108762
2484,58,62,LAE,8.446006887406805
2485,58,62,LAE,7.418438877117279
2486,58,63,LAE|MAE,24.128719666158855
2487,61,67,LAE|MAE|SAE,8.3948251986413
2488,61,62,LAE|MAE,1.8521782551727703
2489,61,62,LAE|MAE,2.136195769622113
2490,61,62,LAE|MAE,0.9926578187794474
2491,61,63,LAE|MAE,1.7306538775430098
2492,61,62,LAE|MAE,1.084525299997416
2493,61,67,LAE|MAE,3.6933532244978116
2494,61,62,LAE|MAE,1.7028825814433044
2495,61,66,LAE|MAE|SAE,3.7582664663615164
2496,61,62,LAE|MAE,1.6783000136086903
2497,61,62,LAE|MAE,1.1112677268089017
2498,61,62,LAE|MAE,1.1265064270821854
2499,61,67,LAE|MAE,3.3485497490548277
2500,61,63,LAE|MAE,4.10484290064676
2501,61,62,LAE|MAE,1.9004175087056345
2502,61,62,LAE|MAE,7.569878692646312
2503,61,68,LAE|MAE|SAE,3.014762146479889
2504,61,62,LAE|MAE,1.3475164265649873
2505,61,63,LAE|MAE,2.2102832578982383
2506,61,62,LAE|MAE,5.096437473023718
2507,59,63,MAE,4.1009700089614975
2508,59,63,MAE,8.024493796616984
2509,59,63,MAE,14.025239500820918
2510,60,63,MAE|SAE,2.5759587437964844
2511,60,68,MAE|SAE,3.7144953708941664
2512,60,64,MAE|SAE,3.0905393455484074
2513,60,69,MAE|SAE,5.640059540843347
2514,61,67,LAE|MAE|SAE,4.0092856840811555
2515,61,65,MAE|SAE,5.850412064267923
2516,61,63,MAE,16.6346257696919
2517,61,67,LAE|MAE,4.4616188419727605
2518,61,63,MAE,3.1976104594201438
2519,61,63,MAE,1.9130960981399887
2520,61,67,LAE|MAE|SAE,5.062865868936483
2521,61,68,LAE|MAE|SAE,3.087593548634476
2522,61,63,MAE,3.292120604395282
2523,62,64,LAE|MAE|SAE,5.249929815158564
2524,62,65,LAE|MAE|SAE,6.418511176706201
2525,62,63,LAE|MAE,7.929594510922971
2526,62,63,LAE|MAE,2.142454542098759
2527,62,63,LAE|MAE,1.8406775866250704
2528,62,63,LAE|MAE,3.280467381019029
2529,62,64,LAE|MAE|SAE,7.472752824372635
2530,62,63,LAE|MAE,3.410467429243997
2531,62,63,LAE|MAE,6.964193424050293
2532,62,69,LAE|MAE,3.5565918505937986
2533,62,63,LAE|MAE,3.3799990123434154
2534,62,65,LAE|MAE,2.0119339244241647
2535,60,70,LAE|MAE|SAE,5.816048683795242
2536,60,64,SAE,42.60722213180736
2537,60,64,SAE,8.126989771691974
2538,60,64,SAE,7.0066306477822415
2539,60,64,SAE,16.453257660653616
2540,60,64,SAE,4.866864097094147
2541,60,67,MAE|SAE,5.716299722516985
2542,61,64,MAE|SAE,3.031124698708628
2543,61,64,MAE|SAE,2.965623113811659
2544,61,67,MAE|SAE,5.622291369994125
2545,63,64,MAE|SAE,6.325097242873946
2546,63,69,MAE|SAE,4.452997463969396
2547,63,64,MAE|SAE,7.056815126149282
2548,63,65,MAE|SAE,1.6627410736482717
2549,63,64,MAE|SAE,1.8755781215294793
2550,63,67,MAE|SAE,4.35179187922786
2551,63,64,MAE|SAE,4.182640591882116
2552,63,64,MAE|SAE,4.046005342611765
2553,63,64,MAE|SAE,1.3344342695972224
2554,63,64,MAE|SAE,6.237709544052491
2555,63,64,MAE|SAE,1.3067123180099507
2556,63,64,MAE|SAE,1.314850582630307
2557,63,64,MAE|SAE,1.7217131260424157
2558,63,64,MAE|SAE,2.84944694415169
2559,63,64,MAE|SAE,3.7291998650909406
2560,63,64,MAE|SAE,3.0547105603301548
2561,63,65,MAE|SAE,1.9889079635560032
2562,63,64,MAE|SAE,3.1551727239974885
2563,61,65,MAE,5.56177229916159
2564,61,67,MAE,8.218327621623635
2565,62,67,LAE|MAE,3.773318618373137
2566,62,65,LAE|MAE,3.4180609719041635
2567,62,66,LAE|MAE,4.34372996673069
2568,62,133,LAE|MAE|SAE,21.430549513462182
2569,63,65,MAE,2.492324500473136
2570,63,65,MAE,1.90462095006164
2571,63,76,MAE|SAE,8.027251456002412
2572,63,65,MAE,4.493644736718194
2573,63,67,MAE,6.518937969012264
2574,63,66,LAE|MAE,4.019218470625863
2575,63,65,MAE,2.9566739143529444
2576,63,65,MAE,11.318463948255426
2577,63,81,LAE|MAE|SAE,8.21910583227274
2578,63,65,MAE,3.9073370995174157
2579,63,66,LAE|MAE,2.6113125435896376
2580,63,71,LAE|MAE|SAE,3.3976241204277797
2581,63,67,MAE,6.5490089271542535
2582,63,68,MAE|SAE,4.226180530823782
2583,63,65,MAE,13.065159535513104
2584,63,69,MAE,29.43287267650653
2585,63,65,MAE,4.728803790123439
2586,63,65,MAE,4.177993928004516
2587,63,67,MAE,5.661594970906366
2588,64,65,MAE|SAE,7.397711955018535
2589,64,65,MAE|SAE,2.198298804000202
2590,64,65,MAE|SAE,2.2440572051541436
2591,64,65,MAE|SAE,3.8540479164299084
2592,64,65,MAE|SAE,5.732438992902333
2593,64,65,MAE|SAE,1.9174384960972966
2594,64,68,MAE|SAE,3.0745587394642797
2595,64,71,LAE|MAE|SAE,5.030910155696604
2596,64,65,MAE|SAE,3.852545862057276
2597,64,66,LAE|MAE|SAE,2.1725180600435943
2598,64,67,MAE|SAE,2.91013496995897
2599,64,65,MAE|SAE,2.3121282335346045
2600,64,65,MAE|SAE,1.1341948648735012
2601,64,68,LAE|MAE|SAE,4.051373269110108
2602,64,66,LAE|MAE|SAE,1.567846685424589
2603,64,66,LAE|MAE|SAE,2.402262519955896
2604,62,70,LAE|MAE,4.517318358545189
2605,62,66,LAE,6.237391651210012
2606,62,66,LAE,8.578733007854677
2607,63,66,LAE|MAE,3.360617526410711
2608,65,68,LAE|MAE|SAE,2.480609596571958
2609,65,66,LAE|MAE,1.799364576348168
2610,65,67,LAE|MAE,4.039502474385156
2611,65,68,LAE|MAE|SAE,2.9431437415484156
2612,65,67,LAE|MAE,1.6534487895210603
2613,65,66,LAE|MAE,3.761260724038188
2614,65,66,LAE|MAE,1.3577163311464238
2615,65,66,LAE|MAE,2.2717390245156137
2616,65,67,LAE|MAE,2.075891871100665
2617,65,72,LAE|MAE|SAE,2.533251190509165
2618,65,77,LAE|MAE|SAE,4.846221810512057
2619,65,66,LAE|MAE,1.570308910473779
2620,65,66,LAE|MAE,1.684065923417474
2621,65,66,LAE|MAE,2.4937342653410557
2622,65,67,LAE|MAE,2.7064023590037003
2623,65,66,LAE|MAE,1.9751354330051782
2624,65,69,LAE|MAE,2.903726982100132
2625,63,67,MAE,7.307551400880476
2626,63,69,MAE|SAE,4.09066334577617
2627,63,68,MAE|SAE,3.9508187320093877
2628,64,72,LAE|MAE|SAE,3.2284330541288875
2629,65,68,MAE|SAE,2.540126733080979
2630,65,70,LAE|MAE|SAE,2.6428527543883193
2631,65,68,MAE|SAE,2.0792699262690695
2632,65,67,MAE,4.664541980932894
2633,65,69,MAE|SAE,2.647570885239081
2634,65,67,MAE,4.521396399420633
2635,65,67,MAE,15.534723255820836
2636,65,69,MAE|SAE,3.0801687526671993
2637,65,67,MAE,3.617965585438292
2638,65,76,LAE|MAE|SAE,7.894720273527638
2639,65,67,MAE,4.637854609362179
2640,65,67,MAE,2.521168212369876
2641,65,69,MAE,3.7081312415803795
2642,65,67,MAE,9.44749704829485
2643,65,67,MAE,2.49614241541281
2644,65,67,MAE,3.7317941633715903
2645,65,67,MAE,7.530318119434758
2646,65,67,MAE,5.433265408271803
2647,65,68,MAE|SAE,7.065033440383158
2648,65,67,MAE,3.1043554679929453
2649,66,67,LAE|MAE,1.5040045538134887
2650,66,67,LAE|MAE,1.8026942173989997
2651,66,68,LAE|MAE|SAE,1.7139515547515713
2652,66,67,LAE|MAE,1.8133920634338163
2653,66,68,LAE|MAE|SAE,7.005015668008703
2654,66,67,LAE|MAE,1.9953181354120084
2655,66,67,LAE|MAE,2.426289494964223
2656,66,68,LAE|MAE|SAE,1.6455883525013828
2657,66,67,LAE|MAE,2.0788285609293484
2658,66,67,LAE|MAE,1.8877136935889205
2659,64,68,SAE,3.042036838025734
2660,64,68,SAE,3.118139105096925
2661,64,68,SAE,3.2519764310403936
2662,64,68,SAE,3.1316279156196476
2663,64,68,SAE,3.7831068916607444
2664,64,69,MAE|SAE,15.599544114671417
2665,64,75,MAE|SAE,7.8106842663110045
2666,64,68,SAE,3.870374111387165
2667,65,68,MAE|SAE,2.090455469846347
2668,65,68,MAE|SAE,3.802653459478423
2669,65,68,MAE|SAE,6.443146786050166
2670,65,80,LAE|MAE|SAE,6.924214372622397
2671,65,69,MAE|SAE,2.2727862043255236
2672,67,68,MAE|SAE,2.4239129514204456
2673,67,68,MAE|SAE,3.675565829034352
2674,67,72,LAE|MAE|SAE,3.277986352791084
2675,67,68,MAE|SAE,3.274291227169088
2676,67,68,MAE|SAE,3.3981790990518546
2677,67,68,MAE|SAE,2.1731677633395448
2678,67,68,MAE|SAE,1.3774185902192955
2679,67,68,MAE|SAE,6.566681939390408
2680,67,68,MAE|SAE,2.4927144031286415
2681,67,69,MAE|SAE,1.5720476047722411
2682,67,68,MAE|SAE,3.611103401221493
2683,67,72,MAE|SAE,3.009171550655507
2684,67,68,MAE|SAE,3.55188096348184
2685,67,68,MAE|SAE,2.55030112649822
2686,67,68,MAE|SAE,2.5011911005718797
2687,67,68,MAE|SAE,7.130888681474817
2688,67,68,MAE|SAE,1.8363059356880407
2689,67,68,MAE|SAE,1.4026521950566342
2690,67,68,MAE|SAE,1.8899262389823466
2691,67,68,MAE|SAE,1.3386350383332752
2692,67,68,MAE|SAE,1.9321503885372886
2693,67,69,MAE|SAE,2.547670930864589
2694,67,68,MAE|SAE,1.1492150122381417
2695,67,68,MAE|SAE,6.735398021739225
2696,67,68,MAE|SAE,3.5269946996133217
2697,67,68,MAE|SAE,1.1789787090711414
2698,67,68,MAE|SAE,1.4130105941158346
2699,65,75,MAE,7.507195902058097
2700,65,69,MAE,4.104397487027061
2701,65,69,MAE,7.050950966528405
2702,65,69,MAE,6.684844958529027
2703,65,70,LAE|MAE,2.6698829154135955
2704,65,80,LAE|MAE|SAE,7.48880648437233
2705,66,71,LAE|MAE,3.4792792245404858
2706,66,69,LAE|MAE,2.6583563154819987
2707,67,69,MAE,2.445512450800894
2708,67,72,MAE|SAE,2.2114925861253916
2709,67,69,MAE,2.4820472324329623
2710,67,69,MAE,2.386630722109692
2711,67,71,MAE,3.354254386323273
2712,67,69,MAE,2.5051664957310265
2713,67,69,MAE,1.78686548318276
2714,67,69,MAE,2.4858331073632867
2715,67,69,MAE,13.296576011396489
2716,67,69,MAE,6.012403810800844
2717,67,69,MAE,4.070747836495868
2718,67,71,MAE,3.775431256319927
2719,67,69,MAE,5.8541364635882
2720,67,69,MAE,1.538989527657308
2721,67,70,LAE|MAE,2.2070332630029754
2722,67,69,MAE,3.621726118845811
2723,68,69,MAE|SAE,1.5188476860842497
2724,68,69,MAE|SAE,5.818467745861902
2725,68,69,MAE|SAE,1.242076551888819
2726,68,69,MAE|SAE,2.895040573202273
2727,68,70,LAE|MAE|SAE,1.6142356966603135
2728,68,73,MAE|SAE,3.361422915814803
2729,68,69,MAE|SAE,3.1245358593282164
2730,68,69,MAE|SAE,1.5504209499076353
2731,68,72,LAE|MAE|SAE,1.744450015942507
2732,68,69,MAE|SAE,1.142989848927378
2733,68,69,MAE|SAE,4.589029029061767
2734,68,69,MAE|SAE,2.9477832321487467
2735,68,69,MAE|SAE,1.082941644888751
2736,68,69,MAE|SAE,1.1466464157868232
2737,68,69,MAE|SAE,2.3528554134420996
2738,66,70,LAE,5.915856889671124
2739,66,70,LAE,6.621181901903148
2740,67,72,LAE|MAE|SAE,2.127070524562556
2741,69,71,LAE|MAE,3.6441157963903072
2742,69,81,LAE|MAE|SAE,6.085085069417385
2743,69,73,LAE|MAE,2.848037418947894
2744,69,71,LAE|MAE,1.9814576289166284
2745,69,70,LAE|MAE,1.6657514570196938
2746,69,70,LAE|MAE,1.5442609967526701
2747,69,70,LAE|MAE,3.706333431295873
2748,69,72,LAE|MAE|SAE,1.553674215500261
2749,69,70,LAE|MAE,1.771207253308614
2750,69,70,LAE|MAE,2.416377593430096
2751,69,70,LAE|MAE,1.3074758011592527
2752,69,70,LAE|MAE,5.327814503643729
2753,69,71,LAE|MAE,1.716750402952643
2754,69,72,LAE|MAE|SAE,1.7840264670272745
2755,69,70,LAE|MAE,3.6641163207909826
2756,69,70,LAE|MAE,3.167455712231535
2757,69,70,LAE|MAE,1.6487970003061057
2758,69,85,LAE|MAE|SAE,20.17201356742537
2759,69,87,LAE|MAE|SAE,6.022624994130611
2760,69,70,LAE|MAE,1.9770359835783953
2761,69,70,LAE|MAE,3.7832490762175386
2762,69,72,LAE|MAE|SAE,2.5778526008041984
2763,69,100,LAE|MAE|SAE,9.128394728889186
2764,67,87,LAE|MAE|SAE,6.623230506873226
2765,68,72,MAE|SAE,3.6561028074625987
2766,68,71,MAE|SAE,11.820377879543287
2767,68,74,LAE|MAE|SAE,3.1781415234203263
2768,68,72,MAE|SAE,3.2544529496316486
2769,68,73,MAE|SAE,3.4624865457701453
2770,69,71,MAE,5.561277424322734
2771,69,71,MAE,1.876196156148771
2772,69,73,MAE|SAE,3.077102828275292
2773,69,71,MAE,1.4507109412337902
2774,69,87,LAE|MAE|SAE,5.606460720509004
2775,69,73,MAE,1.8193075388949107
2776,69,71,MAE,3.0844401295761097
2777,69,71,MAE,2.9556989624088224
2778,69,79,LAE|MAE,21.216637782470237
2779,69,71,MAE,3.085108157229681
2780,69,72,MAE|SAE,1.8918524684389983
2781,69,73,MAE|SAE,3.394140504927201
2782,69,71,MAE,2.900087286163276
2783,69,71,MAE,1.8423366366690994
2784,69,74,LAE|MAE,5.402349610726213
2785,69,75,MAE,6.041419286578977
2786,70,71,LAE|MAE,1.706780460696842
2787,70,71,LAE|MAE,1.2901966031407588
2788,70,71,LAE|MAE,1.167714133229433
2789,70,72,LAE|MAE|SAE,1.4386878907295093
2790,70,72,LAE|MAE|SAE,1.8842474258852469
2791,70,71,LAE|MAE,1.410260507848757
2792,70,73,LAE|MAE|SAE,2.463460905803626
2793,70,71,LAE|MAE,5.543427010721289
2794,70,73,LAE|MAE,2.5961983495695917
2795,70,71,LAE|MAE,2.828935349350708
2796,70,71,LAE|MAE,1.2943102551434185
2797,70,71,LAE|MAE,2.4628330285440776
2798,70,87,LAE|MAE|SAE,5.893060985645065
2799,70,71,LAE|MAE,6.155739954052252
2800,70,71,LAE|MAE,1.6648571414489088
2801,68,72,SAE,2.8839041548499313
2802,68,72,SAE,3.2063157865219445
2803,68,74,LAE|MAE|SAE,3.311627017261321
2804,68,72,SAE,2.7544618683089577
2805,68,72,SAE,3.360247881875142
2806,68,76,SAE,6.625908875994926
2807,68,72,SAE,3.374475848719913
2808,69,72,MAE|SAE,3.8582464588407164
2809,69,72,MAE|SAE,3.2863794779138997
2810,69,72,MAE|SAE,2.7061487511500397
2811,69,72,MAE|SAE,3.1852289255707658
2812,71,72,MAE|SAE,1.138127940633257
2813,71,74,LAE|MAE|SAE,5.705334055127821
2814,71,72,MAE|SAE,1.6058605619416317
2815,71,72,MAE|SAE,1.7951390404191965
2816,71,72,MAE|SAE,1.2880272481551276
2817,71,72,MAE|SAE,2.204147311378994
2818,71,72,MAE|SAE,2.141006096974292
2819,71,72,MAE|SAE,2.5541384493133927
2820,71,73,MAE|SAE,2.8952408646519396
2821,71,73,MAE|SAE,2.709496563533775
2822,71,72,MAE|SAE,1.3499572527767014
2823,71,72,MAE|SAE,2.481228335607323
2824,69,79,MAE,5.585003090425675
2825,70,73,LAE|MAE,2.8191341961010985
2826,70,73,LAE|MAE,2.9190596856211286
2827,70,73,LAE|MAE,2.750795789038985
2828,70,73,LAE|MAE,2.787294085227606
2829,70,73,LAE|MAE,2.859340994318935
2830,70,73,LAE|MAE,2.6866151340018187
2831,71,73,MAE,2.109088548799755
2832,71,73,MAE,1.1333250010011322
2833,71,73,MAE,2.62174540167995
2834,71,73,MAE,1.2912531154345168
2835,71,73,MAE,3.0527483552604933
2836,72,73,MAE|SAE,2.0115698530412986
2837,72,73,MAE|SAE,2.335410511721768
2838,72,73,MAE|SAE,1.0082891135499716
2839,72,73,MAE|SAE,2.422084217767311
2840,72,73,MAE|SAE,2.2982439580413008
2841,72,73,MAE|SAE,0.8543009158274403
2842,72,73,MAE|SAE,2.3552973405872644
2843,72,73,MAE|SAE,1.196206851853582
2844,72,73,MAE|SAE,2.4198491832225564
2845,72,73,MAE|SAE,2.2246126376790154
2846,72,73,MAE|SAE,2.172348339924692
2847,72,73,MAE|SAE,1.3789135736211313
2848,72,73,MAE|SAE,2.3690557787257567
2849,72,73,MAE|SAE,2.0230364201355235
2850,72,73,MAE|SAE,2.292418186482748
2851,72,74,LAE|MAE|SAE,1.8944917378735804
2852,72,73,MAE|SAE,1.4214129866126908
2853,72,73,MAE|SAE,2.2556806374555243
2854,72,73,MAE|SAE,2.2221368167343436
2855,72,73,MAE|SAE,2.41958166282998
2856,72,73,MAE|SAE,1.8843283083590252
2857,72,73,MAE|SAE,1.7883546247315398
2858,72,73,MAE|SAE,2.3731937923520614
2859,72,73,MAE|SAE,0.9460643075603485
2860,72,73,MAE|SAE,2.4635214192797767
2861,72,76,MAE|SAE,5.177388693966306
2862,72,88,LAE|MAE|SAE,5.4896234413225375
2863,72,73,MAE|SAE,2.318657063432972
2864,72,73,MAE|SAE,1.7362925078528673
2865,72,73,MAE|SAE,2.9427714216250833
2866,72,73,MAE|SAE,1.8936913365895571
2867,72,75,MAE|SAE,2.2373643669784893
2868,72,73,MAE|SAE,1.869008204884572
2869,72,73,MAE|SAE,2.296668926879325
2870,72,86,LAE|MAE|SAE,16.033211007580217
2871,72,73,MAE|SAE,2.115735082626388
2872,70,113,LAE|MAE|SAE,14.587533939163007
2873,71,74,LAE|MAE,3.8569518609999816
2874,71,74,LAE|MAE,5.345937622884673
2875,71,74,LAE|MAE,8.79266446595432
2876,73,74,LAE|MAE,0.9979107574299292
2877,73,76,LAE|MAE|SAE,3.2279966005301564
2878,73,74,LAE|MAE,2.287157643453165
2879,73,74,LAE|MAE,2.080561325319986
2880,73,75,LAE|MAE,2.088076860567605
2881,73,74,LAE|MAE,2.4619948916874597
2882,73,75,LAE|MAE,1.3418067659184216
2883,73,75,LAE|MAE,5.552445165155457
2884,71,76,MAE|SAE,5.358399522299969
2885,71,115,LAE|MAE|SAE,13.817096801765032
2886,71,86,LAE|MAE|SAE,5.7554334957671305
2887,71,75,MAE,5.184595716688404
2888,72,75,MAE|SAE,2.313388766009729
2889,72,75,MAE|SAE,5.172697849216426
2890,72,81,LAE|MAE|SAE,5.154052709673125
2891,72,75,MAE|SAE,2.289743175905933
2892,72,81,LAE|MAE|SAE,5.252191096789293
2893,72,75,MAE|SAE,2.2799812365272123
2894,72,81,MAE|SAE,5.735175435330429
2895,73,78,LAE|MAE|SAE,2.6334766112201433
2896,73,75,MAE,5.064908119967984
2897,73,75,MAE,1.6203733527671391
2898,73,93,LAE|MAE|SAE,7.8049893533780565
2899,73,129,LAE|MAE|SAE,16.286113008920847
2900,73,88,LAE|MAE|SAE,5.149941318968235
2901,73,87,LAE|MAE|SAE,5.182795449777738
2902,73,88,LAE|MAE|SAE,5.4057902809231875
2903,73,75,MAE,1.630879847608338
2904,73,75,MAE,2.0861913758359636
2905,73,75,MAE,1.8378124820773154
2906,73,94,LAE|MAE|SAE,7.885604404116722
2907,73,88,LAE|MAE|SAE,5.319064673963195
2908,73,87,LAE|MAE|SAE,4.735427085127306
2909,73,88,LAE|MAE|SAE,4.899970805128862
2910,73,96,LAE|MAE|SAE,7.879847421900598
2911,73,79,LAE|MAE|SAE,2.805741358680389
2912,73,129,LAE|MAE|SAE,19.05564838530143
2913,73,75,MAE,5.209753084399702
2914,73,75,MAE,2.5854183329434752
2915,73,83,LAE|MAE,5.06200621899189
2916,74,75,LAE|MAE,5.4801831220573005
2917,74,75,LAE|MAE,4.78590244890233
2918,74,75,LAE|MAE,1.407082610157818
2919,74,75,LAE|MAE,1.0680736356719174
2920,74,75,LAE|MAE,1.8288585784807414
2921,74,75,LAE|MAE,1.862580588490325
2922,74,75,LAE|MAE,1.3980029768890672
2923,74,75,LAE|MAE,1.9062412346991104
2924,74,75,LAE|MAE,1.3703761071398162
2925,74,76,LAE|MAE|SAE,1.8417740453109903
2926,72,76,SAE,4.722507387311995
2927,72,76,SAE,5.329019858946962
2928,73,76,MAE|SAE,1.9954509372180296
2929,75,77,MAE|SAE,2.304882556575029
2930,75,76,MAE|SAE,2.31601255242685
2931,75,81,LAE|MAE|SAE,3.7482318312664034
2932,75,76,MAE|SAE,1.0882155401045106
2933,75,76,MAE|SAE,1.2770304515492266
2934,75,77,MAE|SAE,1.4254831457227588
2935,75,76,MAE|SAE,1.2645499976057444
2936,75,76,MAE|SAE,1.6391409111920623
2937,75,78,LAE|MAE|SAE,2.184474903324162
2938,75,76,MAE|SAE,1.1368245510143493
2939,75,78,LAE|MAE|SAE,2.627762144858405
2940,75,76,MAE|SAE,2.195579370872715
2941,75,76,MAE|SAE,1.322481192388483
2942,75,76,MAE|SAE,1.598488454931964
2943,75,76,MAE|SAE,1.0824556617499723
2944,75,76,MAE|SAE,2.380219196731265
2945,75,77,MAE|SAE,1.441114779690979
2946,75,76,MAE|SAE,2.1838684203105894
2947,75,87,LAE|MAE|SAE,4.439475895183134
2948,75,77,MAE|SAE,2.139469077250593
2949,75,85,LAE|MAE|SAE,4.672153601701362
2950,75,76,MAE|SAE,1.4485104444086254
2951,75,76,MAE|SAE,1.2062202782670175
2952,75,76,MAE|SAE,1.0750457814092094
2953,75,81,LAE|MAE|SAE,4.890395005032468
2954,75,76,MAE|SAE,1.5830859961914054
2955,73,117,LAE|MAE|SAE,18.3413828285587
2956,73,85,LAE|MAE|SAE,5.287989532299765
2957,73,87,LAE|MAE,5.280526904376049
2958,73,81,MAE|SAE,5.186275971486247
2959,73,87,LAE|MAE|SAE,4.89129752140334
2960,73,77,MAE,2.8740453602876173
2961,73,77,MAE,5.370310952945738
2962,73,77,MAE,3.6845708291775874
2963,74,77,LAE|MAE,18.48475915778712
2964,74,81,LAE|MAE,7.927107242575287
2965,74,81,LAE|MAE,4.898181090989268
2966,75,79,LAE|MAE,7.810732171492841
2967,75,99,LAE|MAE|SAE,27.865047973534153
2968,75,81,LAE|MAE,4.900422649692586
2969,75,81,LAE|MAE,4.692694312835087
2970,75,77,MAE,5.199724048950396
2971,75,93,LAE|MAE|SAE,7.586964263741848
2972,75,83,LAE|MAE|SAE,5.125033564623535
2973,75,91,LAE|MAE|SAE,8.483552379252968
2974,75,81,MAE,4.761959299753252
2975,75,84,LAE|MAE|SAE,3.810888379698676
2976,75,82,LAE|MAE,2.5918286091849922
2977,75,79,MAE,4.922246692246186
2978,75,81,LAE|MAE|SAE,5.120444884455887
2979,75,86,LAE|MAE|SAE,4.727714813980847
2980,75,81,LAE|MAE|SAE,5.031986193361976
2981,75,77,MAE,1.2877812212151412
2982,75,111,LAE|MAE|SAE,13.510368342914436
2983,75,98,LAE|MAE|SAE,7.663294840911747
2984,75,79,MAE,2.3358845647983393
2985,75,88,LAE|MAE|SAE,7.310183416578058
2986,75,80,LAE|MAE|SAE,2.6175213756358473
2987,75,98,LAE|MAE|SAE,7.488317258474012
2988,75,81,MAE,3.6868487888535224
2989,75,88,LAE|MAE|SAE,4.42517865595109
2990,76,77,MAE|SAE,2.0509597292242012
2991,76,77,MAE|SAE,0.9529123842292117
2992,76,77,MAE|SAE,2.1098014884447194
2993,76,77,MAE|SAE,1.5339337701539597
2994,76,77,MAE|SAE,2.1316716772811497
2995,76,77,MAE|SAE,1.1516036750927248
2996,76,77,MAE|SAE,2.191061682862963
2997,76,77,MAE|SAE,0.8184349910379118
2998,76,77,MAE|SAE,1.0310555089537
2999,76,80,LAE|MAE|SAE,3.554514732742615
3000,76,77,MAE|SAE,1.255146141002306
3001,76,77,MAE|SAE,0.8797136109349367
3002,76,77,MAE|SAE,1.2133424063975076
3003,76,80,LAE|MAE|SAE,2.541607678440669
3004,76,77,MAE|SAE,2.206903247600762
3005,76,77,MAE|SAE,1.7653168989366845
3006,76,77,MAE|SAE,1.165630028574369
3007,76,77,MAE|SAE,2.800385833809129
3008,76,77,MAE|SAE,2.1278310304857553
3009,76,77,MAE|SAE,1.081652407854449
3010,76,77,MAE|SAE,1.568026422281231
3011,76,116,LAE|MAE|SAE,12.547132670708955
3012,76,77,MAE|SAE,2.144890259648581
3013,76,84,LAE|MAE|SAE,4.581756174490147
3014,76,85,LAE|MAE|SAE,7.647705313571313
3015,76,77,MAE|SAE,1.6840088225170167
3016,76,87,LAE|MAE|SAE,4.525027001920185
3017,76,77,MAE|SAE,1.775182809115267
3018,76,78,LAE|MAE|SAE,2.152731263886424
3019,76,77,MAE|SAE,1.0056413553954344
3020,76,116,LAE|MAE|SAE,11.746990094998043
3021,76,77,MAE|SAE,0.9796487839928001
3022,74,78,LAE,5.232990663060344
3023,75,78,LAE|MAE,4.861453397724156
3024,75,82,LAE|MAE|SAE,34.237062106931155
3025,75,84,LAE|MAE|SAE,4.829837893809882
3026,77,97,LAE|MAE|SAE,6.608123276518634
3027,77,79,LAE|MAE,2.250727837293885
3028,77,78,LAE|MAE,1.4979809236250783
3029,77,91,LAE|MAE|SAE,6.564836535355074
3030,77,98,LAE|MAE|SAE,7.32080236167652
3031,77,87,LAE|MAE|SAE,4.196333896178387
3032,77,79,LAE|MAE,1.5278918412118094
3033,77,79,LAE|MAE,1.3729343516492907
3034,77,100,LAE|MAE|SAE,18.5391290018703
3035,77,86,LAE|MAE|SAE,7.410878325981747
3036,77,87,LAE|MAE|SAE,4.17108861695337
3037,77,78,LAE|MAE,1.2296398473603658
3038,77,81,LAE|MAE,4.208695451435957
3039,77,96,LAE|MAE|SAE,6.7030175491138895
3040,77,85,LAE|MAE|SAE,4.406442027956397
3041,77,83,LAE|MAE|SAE,4.101520979056436
3042,77,115,LAE|MAE|SAE,10.969712349956335
3043,77,81,LAE|MAE,3.167065867406756
3044,77,93,LAE|MAE|SAE,8.210098482680003
3045,77,86,LAE|MAE|SAE,25.109773937174758
3046,77,103,LAE|MAE|SAE,12.57440276441205
3047,77,78,LAE|MAE,1.5897426472455076
3048,77,79,LAE|MAE,1.8065808294545873
3049,77,78,LAE|MAE,1.3788614607883982
3050,77,86,LAE|MAE|SAE,15.6295599027823
3051,77,125,LAE|MAE|SAE,15.788444476445799
3052,77,86,LAE|MAE|SAE,3.673003159288883
3053,77,89,LAE|MAE|SAE,6.731867120341959
3054,77,88,LAE|MAE|SAE,4.262841064004988
3055,77,81,LAE|MAE,4.178478487495899
3056,77,78,LAE|MAE,1.7336204891990628
3057,77,78,LAE|MAE,1.9133381468054709
3058,77,81,LAE|MAE,4.069346378292784
3059,77,79,LAE|MAE,1.720099305323378
3060,77,84,LAE|MAE|SAE,4.010600546243206
3061,77,83,LAE|MAE,4.167461378898669
3062,77,80,LAE|MAE|SAE,1.8996973335313838
3063,77,81,LAE|MAE|SAE,9.832198952244505
3064,77,83,LAE|MAE,2.6940956635698403
3065,77,87,LAE|MAE|SAE,4.1773125266746645
3066,77,87,LAE|MAE|SAE,3.9389111306490605
3067,76,93,LAE|MAE|SAE,6.974371847864948
3068,76,80,MAE|SAE,4.862000661121392
3069,76,83,LAE|MAE|SAE,3.501878999798212
3070,76,80,MAE|SAE,4.629273070117149
3071,76,82,LAE|MAE|SAE,18.805234918930896
3072,77,93,LAE|MAE|SAE,15.6663747133247
3073,77,79,MAE,1.8020461329281645
3074,77,79,MAE,1.3231440529742977
3075,77,79,MAE,4.156144513249345
3076,77,79,MAE,3.8839035173837657
3077,77,85,MAE|SAE,4.398708568871315
3078,77,93,LAE|MAE|SAE,10.482213021266432
3079,78,83,LAE|MAE,5.815802485850876
3080,78,85,LAE|MAE|SAE,4.042301751464151
3081,78,79,LAE|MAE,0.9641697969882015
3082,78,79,LAE|MAE,0.9575683042299642
3083,78,84,LAE|MAE|SAE,6.821590295699522
3084,78,85,LAE|MAE|SAE,2.5954882923718237
3085,78,91,LAE|MAE|SAE,7.562720591592793
3086,78,100,LAE|MAE|SAE,11.114969055883858
3087,78,79,LAE|MAE,0.9629650506825426
3088,78,111,LAE|MAE|SAE,15.01591009350965
3089,78,133,LAE|MAE|SAE,24.033266990855996
3090,78,79,LAE|MAE,2.177220286584576
3091,78,79,LAE|MAE,2.0496949341133046
3092,78,79,LAE|MAE,5.134055649651641
3093,78,79,LAE|MAE,2.7707379854372283
3094,78,88,LAE|MAE|SAE,4.114412137056714
3095,78,84,LAE|MAE|SAE,2.714116865535742
3096,78,79,LAE|MAE,1.1448940912394605
3097,78,79,LAE|MAE,3.0008907413243997
3098,78,81,LAE|MAE,2.5328799724272097
3099,78,83,LAE|MAE,2.8663179940010814
3100,78,81,LAE|MAE,2.5621845638618734
3101,78,84,LAE|MAE|SAE,3.6474999110495534
3102,78,111,LAE|MAE|SAE,11.557123461816708
3103,78,79,LAE|MAE,1.3618881161194212
3104,78,81,LAE|MAE,3.8044898681379795
3105,78,87,LAE|MAE|SAE,3.7605592277575144
3106,78,81,LAE|MAE,2.783422279218325
3107,78,81,LAE|MAE,4.060066746266786
3108,78,79,LAE|MAE,3.087469691115786
3109,78,94,LAE|MAE|SAE,7.170593616414703
3110,78,91,LAE|MAE,4.502736069444044
3111,78,116,LAE|MAE|SAE,12.701766980468165
3112,78,79,LAE|MAE,1.040430631250866
3113,78,79,LAE|MAE,1.43294819102882
3114,78,84,LAE|MAE|SAE,4.633256840602965
3115,78,98,LAE|MAE|SAE,9.647034918413054
3116,78,93,LAE|MAE|SAE,6.948731655405632
3117,78,79,LAE|MAE,2.2299650365711705
3118,78,96,LAE|MAE|SAE,6.6402493849414705
3119,78,79,LAE|MAE,1.112681553091663
3120,78,79,LAE|MAE,1.1303807102972891
3121,78,85,LAE|MAE|SAE,3.4357649909485435
3122,78,88,LAE|MAE|SAE,3.94924230205766
3123,78,94,LAE|MAE|SAE,6.618006901326565
3124,78,83,LAE|MAE,3.969689873615
3125,78,82,LAE|MAE|SAE,19.62196074091268
3126,78,88,LAE|MAE|SAE,4.3415523282607165
3127,78,81,LAE|MAE,3.9034911291606362
3128,78,79,LAE|MAE,0.8038492814274173
3129,78,88,LAE|MAE|SAE,3.997726446247352
3130,78,88,LAE|MAE|SAE,3.9716042325549887
3131,78,88,LAE|MAE|SAE,3.8914776443717813
3132,78,82,LAE|MAE,4.096672452957279
3133,78,93,LAE|MAE|SAE,6.622465401032542
3134,78,85,LAE|MAE|SAE,4.114954595439768
3135,78,81,LAE|MAE|SAE,4.165082338028836
3136,78,82,LAE|MAE|SAE,6.561745995980383
3137,78,79,LAE|MAE,18.054080183997254
3138,78,80,LAE|MAE|SAE,1.718730644466145
3139,78,89,LAE|MAE|SAE,5.854758005972507
3140,78,86,LAE|MAE|SAE,4.08371758638843
3141,78,79,LAE|MAE,1.950182510432958
3142,76,80,SAE,6.938018303432904
3143,76,80,SAE,7.029090631202428
3144,76,80,SAE,4.579035704182417
3145,76,80,SAE,4.573139221845982
3146,76,81,MAE|SAE,4.644064658111386
3147,76,83,MAE|SAE,4.50556973267837
3148,77,81,MAE|SAE,3.9942660255049
3149,77,81,MAE|SAE,3.255724399975914
3150,77,84,LAE|MAE|SAE,4.178489932675096
3151,79,81,MAE|SAE,15.406030410063133
3152,79,80,MAE|SAE,1.6865322241159646
3153,79,81,MAE|SAE,3.53888455895529
3154,79,82,LAE|MAE|SAE,2.6287993167151615
3155,79,81,MAE|SAE,1.9611721654281367
3156,79,82,LAE|MAE|SAE,2.595152093657913
3157,79,87,LAE|MAE|SAE,3.394735426979251
3158,79,80,MAE|SAE,1.4696092620984067
3159,79,85,LAE|MAE|SAE,3.503263741268153
3160,79,83,MAE|SAE,3.83682908640588
3161,79,85,LAE|MAE|SAE,15.171060137848588
3162,77,81,MAE,4.652211766761237
3163,77,84,MAE|SAE,5.089439966466897
3164,77,86,LAE|MAE|SAE,3.7867094678920887
3165,77,87,LAE|MAE|SAE,4.007845114863167
3166,78,89,LAE|MAE|SAE,6.174054712373727
3167,78,87,LAE|MAE|SAE,3.833226668347199
3168,78,81,LAE|MAE,4.035274722003018
3169,78,81,LAE|MAE,4.22433970383065
3170,78,88,LAE|MAE|SAE,3.8575065916940128
3171,78,81,LAE|MAE,7.0609495242916
3172,78,81,LAE|MAE,3.9845534850493447
3173,78,81,LAE|MAE,2.948760702606549
3174,78,87,LAE|MAE,6.98703553491515
3175,78,90,LAE|MAE|SAE,6.584099916401135
3176,79,85,MAE|SAE,2.5160742283438498
3177,79,81,MAE,4.205706931853629
3178,79,81,MAE,1.6505048849908805
3179,79,87,LAE|MAE|SAE,3.518406431872194
3180,79,84,MAE|SAE,4.485114569298316
3181,79,125,LAE|MAE|SAE,15.935312800514144
3182,79,81,MAE,1.7303507875396846
3183,79,81,MAE,2.4212178046105377
3184,79,87,LAE|MAE|SAE,6.449305828316594
3185,79,81,MAE,1.3772422161370605
3186,79,85,MAE|SAE,11.1975435808755
3187,79,81,MAE,1.7120128181547147
3188,79,104,LAE|MAE|SAE,9.982671923168933
3189,79,85,MAE|SAE,4.96050789862512
3190,79,81,MAE,4.260173484567715
3191,79,88,LAE|MAE|SAE,3.7851377431502695
3192,79,90,LAE|MAE|SAE,6.297244886258425
3193,79,84,MAE|SAE,2.7123217594119238
3194,79,81,MAE,1.6264278830257977
3195,79,88,LAE|MAE|SAE,6.874458223656473
3196,79,81,MAE,3.743693597507112
3197,79,92,LAE|MAE|SAE,6.401124130755016
3198,79,81,MAE,1.634742826278098
3199,79,83,MAE,2.544436891993884
3200,79,99,LAE|MAE|SAE,6.639670848924507
3201,79,85,MAE|SAE,3.4212951564463405
3202,79,81,MAE,1.715339143502997
3203,79,88,LAE|MAE|SAE,3.651547494395192
3204,79,82,LAE|MAE,6.610907951942301
3205,79,81,MAE,2.4641124047753835
3206,79,81,MAE,2.7037552233354485
3207,79,81,MAE,1.9980034078978774
3208,79,81,MAE,1.396556028394791
3209,79,81,MAE,3.0480813557205866
3210,80,88,LAE|MAE|SAE,3.46887737080347
3211,80,99,LAE|MAE|SAE,6.181038957195937
3212,80,81,MAE|SAE,3.706584856512701
3213,80,81,MAE|SAE,3.6564743809973717
3214,80,81,MAE|SAE,3.3900226470789394
3215,80,81,MAE|SAE,3.5845448073721027
3216,80,81,MAE|SAE,3.4955288876316795
3217,80,88,LAE|MAE|SAE,3.2615332958569323
3218,80,88,LAE|MAE|SAE,3.31494245246792
3219,80,81,MAE|SAE,3.5296589760193875
3220,80,81,MAE|SAE,3.6120406530348306
3221,80,83,MAE|SAE,2.4276827539624155
3222,80,83,LAE|MAE|SAE,2.6674856546922086
3223,80,125,LAE|MAE|SAE,18.41152728096964
3224,80,83,MAE|SAE,3.361274697077753
3225,80,82,LAE|MAE|SAE,6.315023022687326
3226,80,87,LAE|MAE|SAE,3.5212308884600363
3227,80,91,LAE|MAE|SAE,3.516443147755932
3228,80,81,MAE|SAE,3.574141518163075
3229,80,88,LAE|MAE|SAE,3.2791851405973773
3230,80,82,LAE|MAE|SAE,2.187718917671721
3231,81,82,LAE|MAE,1.6769341730539729
3232,81,85,LAE|MAE|SAE,4.394376875361117
3233,81,84,LAE|MAE|SAE,3.253508428567477
3234,81,87,LAE|MAE,3.1380461707265774
3235,81,82,LAE|MAE,3.6767313190807958
3236,81,82,LAE|MAE,3.30299240089739
3237,81,82,LAE|MAE,1.8880322407478278
3238,81,82,LAE|MAE,1.493210161047511
3239,81,93,LAE|MAE|SAE,6.6348826431096795
3240,81,88,LAE|MAE|SAE,3.2072779042710216
3241,79,96,LAE|MAE|SAE,6.4105614559398
3242,79,93,LAE|MAE|SAE,6.194031346476422
3243,79,83,MAE,3.582519527256507
3244,79,86,LAE|MAE,19.775602578263012
3245,79,91,LAE|MAE|SAE,7.295756844838487
3246,79,84,MAE|SAE,3.77882212169164
3247,79,83,MAE,2.7526781133841856
3248,80,85,MAE|SAE,4.849377195765185
3249,80,88,LAE|MAE|SAE,3.4510785361182164
3250,80,83,MAE|SAE,19.157463296499834
3251,80,94,LAE|MAE|SAE,11.358331410502227
3252,80,86,LAE|MAE|SAE,4.269612430237984
3253,80,137,LAE|MAE|SAE,19.54727429822969
3254,80,86,LAE|MAE|SAE,3.8354293901443013
3255,81,86,LAE|MAE|SAE,2.609827952912899
3256,81,85,MAE|SAE,1.9010629854385435
3257,81,83,MAE,1.788131575590043
3258,81,88,LAE|MAE|SAE,3.0417337761472134
3259,81,89,LAE|MAE|SAE,5.470853378954885
3260,81,84,MAE|SAE,2.072020201153837
3261,81,131,LAE|MAE|SAE,16.36131431920871
3262,81,83,MAE,1.9153854988097125
3263,81,85,MAE|SAE,3.283299204717249
3264,81,83,MAE,2.008510878003327
3265,81,87,LAE|MAE|SAE,3.066235409557779
3266,81,84,MAE|SAE,3.6728251189102408
3267,81,83,MAE,2.2345209738120038
3268,81,85,MAE|SAE,3.016869805703943
3269,81,83,MAE,3.315419713600525
3270,81,87,LAE|MAE|SAE,3.0067761933327177
3271,81,84,MAE|SAE,1.5751294675647178
3272,81,83,MAE,2.1723806981796874
3273,81,88,LAE|MAE|SAE,4.435753332864216
3274,81,83,MAE,1.644925586052001
3275,81,87,LAE|MAE|SAE,3.1131316031122394
3276,81,89,LAE|MAE|SAE,4.349632318909816
3277,81,96,LAE|MAE|SAE,6.091040510044122
3278,81,88,LAE|MAE|SAE,4.787074766691641
3279,81,103,LAE|MAE|SAE,11.587141845268292
3280,81,84,MAE|SAE,1.5632125605842382
3281,81,83,MAE,5.614171786050862
3282,81,84,MAE|SAE,2.2771748030089536
3283,81,96,LAE|MAE|SAE,6.121561153417812
3284,81,99,LAE|MAE|SAE,6.277757635780396
3285,81,105,LAE|MAE|SAE,12.994893684345497
3286,81,91,LAE|MAE|SAE,5.9012518506403815
3287,81,117,LAE|MAE|SAE,9.99556186241904
3288,81,90,LAE|MAE|SAE,5.7736215337628645
3289,81,101,LAE|MAE|SAE,8.842772120267664
3290,81,93,LAE|MAE|SAE,6.422900792426508
3291,81,87,MAE|SAE,3.6439936685348018
3292,81,86,LAE|MAE|SAE,2.5133777320719632
3293,81,86,LAE|MAE|SAE,10.599285898936216
3294,81,84,MAE|SAE,3.3071319517995117
3295,81,86,LAE|MAE|SAE,3.3080496906947783
3296,81,86,LAE|MAE|SAE,3.6404224901624547
3297,81,124,LAE|MAE|SAE,15.845920562280039
3298,81,83,MAE,2.993972036403167
3299,81,83,MAE,5.534719873223542
3300,81,94,LAE|MAE|SAE,4.665082106167116
3301,81,84,MAE|SAE,5.2991676364942375
3302,81,86,LAE|MAE|SAE,10.070670526737144
3303,81,84,MAE|SAE,2.710486213418566
3304,81,87,LAE|MAE,4.0643237820847045
3305,81,88,LAE|MAE|SAE,5.030714475763757
3306,81,101,MAE|SAE,12.739582277590419
3307,81,88,LAE|MAE|SAE,3.198470810587173
3308,81,89,LAE|MAE|SAE,3.9185013698018265
3309,81,86,LAE|MAE,3.5884583455206247
3310,81,83,MAE,3.438088248829173
3311,81,88,LAE|MAE|SAE,3.1780287031034287
3312,81,83,MAE,1.7243850788977753
3313,81,83,MAE,4.284732849089306
3314,81,83,MAE,4.889232509916048
3315,81,83,MAE,4.823287714634561
3316,81,86,LAE|MAE|SAE,13.188682052271906
3317,82,83,LAE|MAE,1.8543055055414284
3318,82,86,LAE|MAE|SAE,3.426220422688108
3319,80,88,SAE,3.3391202396188446
3320,80,88,SAE,4.072951582874909
3321,80,84,SAE,6.978178897977602
3322,80,84,SAE,3.5409326334346116
3323,80,86,LAE|MAE|SAE,2.8126698852898326
3324,81,85,MAE|SAE,1.9365738026971846
3325,81,86,LAE|MAE|SAE,3.0709496270859025
3326,81,85,MAE|SAE,3.2275338525778516
3327,81,85,MAE|SAE,4.53320954888512
3328,81,107,LAE|MAE|SAE,12.17239765696139
3329,81,84,MAE|SAE,2.095422694584946
3330,81,84,MAE|SAE,3.637991484038082
3331,81,87,MAE|SAE,3.2290852828365733
3332,81,87,LAE|MAE|SAE,4.029970452209884
3333,83,94,LAE|MAE|SAE,5.417929006163644
3334,83,88,LAE|MAE|SAE,5.497729348765387
3335,83,84,MAE|SAE,1.6646951491697506
3336,83,85,MAE|SAE,1.6708224400970364
3337,83,95,LAE|MAE|SAE,4.5553335166509115
3338,83,97,LAE|MAE|SAE,5.6064309467882465
3339,83,85,MAE|SAE,2.2105578755899375
3340,83,85,MAE|SAE,3.772607726876116
3341,83,97,LAE|MAE|SAE,5.323510526224619
3342,83,87,LAE|MAE|SAE,2.686567257228671
3343,83,86,LAE|MAE|SAE,5.540903943964855
3344,83,87,LAE|MAE|SAE,3.9807819443446784
3345,83,84,MAE|SAE,3.3016635002956187
3346,83,88,LAE|MAE|SAE,5.649842467946943
3347,83,87,LAE|MAE|SAE,5.497510963495472
3348,83,88,LAE|MAE|SAE,4.3891411763678
3349,83,92,LAE|MAE|SAE,5.602951360603441
3350,83,84,MAE|SAE,3.3824283981956293
3351,83,87,MAE|SAE,4.346328879359766
3352,83,88,LAE|MAE|SAE,4.329319338233469
3353,83,92,LAE|MAE|SAE,5.437556544595361
3354,83,98,LAE|MAE|SAE,6.052734984354158
3355,83,84,MAE|SAE,2.8186341470628853
3356,83,94,LAE|MAE|SAE,6.554499204994935
3357,83,88,LAE|MAE|SAE,5.602985124146364
3358,83,84,MAE|SAE,3.4739296345541533
3359,83,90,LAE|MAE|SAE,5.457356846934332
3360,83,86,LAE|MAE|SAE,1.9900779648469131
3361,83,87,LAE|MAE|SAE,2.5347683593581105
3362,83,91,LAE|MAE|SAE,4.9531180869745794
3363,83,85,MAE|SAE,3.9931808224052374
3364,83,84,MAE|SAE,2.670696963322498
3365,83,94,LAE|MAE|SAE,5.469335632466934
3366,83,84,MAE|SAE,1.3381929041225507
3367,83,89,LAE|MAE|SAE,5.861065116299558
3368,83,97,LAE|MAE|SAE,5.54866227517714
3369,83,89,LAE|MAE|SAE,4.616480631136023
3370,83,94,LAE|MAE|SAE,5.432316484486513
3371,83,84,MAE|SAE,1.5069888631069106
3372,83,95,LAE|MAE|SAE,5.838128254358002
3373,83,97,LAE|MAE|SAE,5.558237966066363
3374,83,88,LAE|MAE|SAE,5.29387737621174
3375,83,93,LAE|MAE|SAE,5.642131060397579
3376,83,92,LAE|MAE|SAE,5.899920697981439
3377,83,97,LAE|MAE|SAE,9.279987609570236
3378,83,86,LAE|MAE|SAE,3.930348082978333
3379,83,93,MAE|SAE,4.213383317700336
3380,83,84,MAE|SAE,2.863240244245554
3381,83,88,LAE|MAE|SAE,3.456945020080578
3382,83,97,LAE|MAE|SAE,5.300326781284286
3383,83,100,LAE|MAE|SAE,11.42792105607328
3384,83,91,LAE|MAE|SAE,15.573664687406335
3385,83,89,LAE|MAE|SAE,5.663693607086428
3386,83,95,LAE|MAE|SAE,4.264600425145164
3387,83,91,LAE|MAE|SAE,3.8106157664604723
3388,83,91,LAE|MAE|SAE,5.30187245212213
3389,83,88,LAE|MAE|SAE,5.882310972557182
3390,83,84,MAE|SAE,4.593248964496972
3391,83,98,LAE|MAE|SAE,5.5461345930292225
3392,83,84,MAE|SAE,2.459316749513539
3393,83,84,MAE|SAE,3.4418340611400446
3394,83,86,LAE|MAE|SAE,1.7397973138224139
3395,83,94,LAE|MAE|SAE,11.948286477416644
3396,83,97,LAE|MAE|SAE,11.97715301177098
3397,83,93,LAE|MAE|SAE,4.509498066456735
3398,83,84,MAE|SAE,5.14861987292415
3399,83,85,MAE|SAE,1.695322572563509
3400,83,91,LAE|MAE|SAE,3.238553849879915
3401,83,88,LAE|MAE|SAE,2.6152655607270257
3402,83,87,LAE|MAE|SAE,2.9403218532648125
3403,83,84,MAE|SAE,11.078344147763344
3404,83,85,MAE|SAE,8.757912403276512
3405,83,85,MAE|SAE,5.307319388271804
3406,83,87,LAE|MAE|SAE,2.5269146943392067
3407,83,84,MAE|SAE,1.962468882386259
3408,83,84,MAE|SAE,3.840129357463265
3409,83,89,LAE|MAE|SAE,4.309288173610915
3410,83,89,LAE|MAE|SAE,4.493363667877734
3411,83,91,MAE|SAE,3.931377638073828
3412,83,87,LAE|MAE|SAE,2.4827498212125447
3413,83,101,LAE|MAE|SAE,9.838006413305415
3414,83,86,LAE|MAE|SAE,5.679164845162649
3415,83,84,MAE|SAE,1.8490920489359781
3416,83,88,MAE|SAE,5.045482335685561
3417,83,97,LAE|MAE|SAE,8.261920288813743
3418,83,84,MAE|SAE,1.3978893339668048
3419,83,100,LAE|MAE|SAE,5.655018850443561
3420,83,92,LAE|MAE|SAE,5.499129326682885
3421,83,87,LAE|MAE|SAE,2.655220250494911
3422,83,98,LAE|MAE|SAE,5.794246915588256
3423,83,86,LAE|MAE|SAE,1.5995734918045834
3424,83,90,LAE|MAE|SAE,5.512746694214458
3425,83,84,MAE|SAE,5.124446362686321
3426,81,85,MAE,3.2282868407220526
3427,81,91,LAE|MAE|SAE,6.971028710506045
3428,81,87,LAE|MAE,2.7993124295236274
3429,81,97,LAE|MAE|SAE,6.3852582784603005
3430,81,93,LAE|MAE|SAE,5.493350452207503
3431,82,133,LAE|MAE,16.56924762344787
3432,82,86,LAE|MAE,18.78275229778945
3433,82,85,LAE|MAE,3.1462692437905098
3434,82,86,LAE|MAE,2.917516336235488
3435,83,88,LAE|MAE|SAE,4.482773020131236
3436,83,86,LAE|MAE,2.7880068762958707
3437,83,91,LAE|MAE|SAE,5.085370533934621
3438,83,86,LAE|MAE,4.785121874492057
3439,83,91,LAE|MAE|SAE,5.142095878450441
3440,83,86,LAE|MAE,5.098903212808537
3441,83,89,LAE|MAE|SAE,6.403775131429614
3442,83,86,LAE|MAE,12.38682689533253
3443,83,89,MAE|SAE,14.967564054311946
3444,83,87,LAE|MAE,5.923247586657772
3445,83,94,LAE|MAE|SAE,4.754860960760397
3446,83,87,LAE|MAE,2.5710654573752807
3447,83,85,MAE,11.779593752176371
3448,83,85,MAE,3.006931909555657
3449,83,100,LAE|MAE|SAE,5.064538768827837
3450,83,85,MAE,4.943714679007672
3451,83,87,LAE|MAE,5.737455180467682
3452,83,85,MAE,2.571844630631147
3453,83,88,LAE|MAE|SAE,2.5726737602717846
3454,83,90,LAE|MAE|SAE,5.910595968995171
3455,83,85,MAE,2.785981952400244
3456,84,88,MAE|SAE,5.21928974776211
3457,84,88,LAE|MAE|SAE,4.697647395731534
3458,84,85,MAE|SAE,1.4506489191633463
3459,84,85,MAE|SAE,1.9634506868579213
3460,84,86,LAE|MAE|SAE,1.2212047866097668
3461,84,87,LAE|MAE|SAE,3.213674366882288
3462,84,85,MAE|SAE,1.0794245905942692
3463,84,85,MAE|SAE,1.3798932123575434
3464,84,86,LAE|MAE|SAE,2.5377987751143296
3465,84,85,MAE|SAE,1.5356519556730917
3466,84,85,MAE|SAE,18.624211701276028
3467,84,85,MAE|SAE,1.0106872047043565
3468,84,85,MAE|SAE,0.8954302772546484
3469,84,85,MAE|SAE,1.692909935505872
3470,84,85,MAE|SAE,1.167076644650382
3471,84,86,LAE|MAE|SAE,1.4209738115962074
3472,84,89,LAE|MAE|SAE,5.349242775791022
3473,84,85,MAE|SAE,1.3737795553349148
3474,84,88,LAE|MAE|SAE,5.6329667060187685
3475,84,85,MAE|SAE,1.489368224660638
3476,84,91,LAE|MAE|SAE,5.351018459492636
3477,84,86,LAE|MAE|SAE,1.921333168915679
3478,84,93,LAE|MAE|SAE,5.34315447308091
3479,84,86,LAE|MAE|SAE,5.5563472058728225
3480,84,86,LAE|MAE|SAE,2.633770419259722
3481,84,85,MAE|SAE,1.4943623509108512
3482,84,85,MAE|SAE,1.175077675952147
3483,84,87,LAE|MAE|SAE,2.1121360135275657
3484,84,86,LAE|MAE|SAE,1.7051374009178177
3485,84,85,MAE|SAE,1.7207345762834754
3486,84,89,MAE|SAE,5.3343623108971405
3487,84,85,MAE|SAE,1.3579603250711003
3488,84,88,LAE|MAE|SAE,2.406814455325541
3489,84,86,LAE|MAE|SAE,1.2892771859802912
3490,84,86,LAE|MAE|SAE,1.5628630519779194
3491,84,85,MAE|SAE,1.3158189861268856
3492,84,90,LAE|MAE|SAE,4.522613782658397
3493,84,85,MAE|SAE,1.268912557591828
3494,84,87,MAE|SAE,2.0938112320290583
3495,84,91,LAE|MAE|SAE,5.734175853682532
3496,84,88,LAE|MAE|SAE,2.4107950508330513
3497,84,85,MAE|SAE,1.4599213558931319
3498,84,91,LAE|MAE|SAE,3.7189109634269415
3499,84,91,LAE|MAE|SAE,3.3485059925188887
3500,84,85,MAE|SAE,1.374812516842464
3501,84,87,LAE|MAE|SAE,2.213368598928402
3502,84,86,LAE|MAE|SAE,4.281122604459558
3503,84,88,LAE|MAE|SAE,5.186355006322786
3504,84,87,LAE|MAE|SAE,2.231089234840341
3505,84,86,LAE|MAE|SAE,2.611127108183719
3506,84,87,LAE|MAE|SAE,3.9300927190106885
3507,84,85,MAE|SAE,2.0980588367242077
3508,84,85,MAE|SAE,1.6222058810872229
3509,84,86,LAE|MAE|SAE,13.309420929273614
3510,84,86,LAE|MAE|SAE,2.2609723324622917
3511,84,86,LAE|MAE|SAE,1.3139648684555003
3512,84,85,MAE|SAE,1.0079240898428392
3513,84,89,LAE|MAE|SAE,4.5654461068022725
3514,84,129,LAE|MAE|SAE,13.444468191029296
3515,84,101,LAE|MAE|SAE,7.4590601404519905
3516,82,90,LAE,5.683132297848213
3517,82,86,LAE,2.9677661463114133
3518,83,94,LAE|MAE|SAE,5.34465282198714
3519,83,123,LAE|MAE|SAE,14.708889331744086
3520,83,111,LAE|MAE|SAE,14.491037130781768
3521,83,90,LAE|MAE|SAE,5.6913992441732475
3522,83,87,LAE|MAE,3.04141259835136
3523,83,86,LAE|MAE,5.231198477036126
3524,83,86,LAE|MAE,4.146467405551458
3525,83,90,LAE|MAE,5.508124426537619
3526,85,133,LAE|MAE|SAE,16.90090015315382
3527,85,87,LAE|MAE,1.7506487833252018
3528,85,88,LAE|MAE|SAE,12.292149879525693
3529,85,93,LAE|MAE|SAE,9.482019273822347
3530,85,88,LAE|MAE|SAE,2.1923072869080507
3531,85,96,LAE|MAE|SAE,4.805106871522094
3532,85,86,LAE|MAE,15.635389041487667
3533,85,86,LAE|MAE,1.4473109353863558
3534,85,86,LAE|MAE,1.493197584730509
3535,85,86,LAE|MAE,1.877968851932584
3536,85,87,LAE|MAE,2.066415209028962
3537,85,95,LAE|MAE,6.599871722713441
3538,85,86,LAE|MAE,2.799926113339083
3539,85,90,LAE|MAE,6.340779064999862
3540,85,86,LAE|MAE,1.4156594084569867
3541,85,86,LAE|MAE,1.4838915436497466
3542,85,89,LAE|MAE,2.5912654624174474
3543,85,86,LAE|MAE,2.017121911801345
3544,85,86,LAE|MAE,5.018358215639782
3545,85,104,LAE|MAE|SAE,10.016321670850974
3546,85,86,LAE|MAE,1.5383377976970942
3547,85,86,LAE|MAE,2.394438811003873
3548,85,86,LAE|MAE,5.262071470813422
3549,85,87,LAE|MAE,1.6820927575082638
3550,85,91,LAE|MAE,4.554702931633613
3551,85,90,LAE|MAE|SAE,5.078922610912298
3552,85,86,LAE|MAE,3.6832787897313066
3553,85,93,LAE|MAE|SAE,3.6804815564910274
3554,85,86,LAE|MAE,1.049446673324057
3555,85,86,LAE|MAE,5.0586304736880505
3556,85,124,LAE|MAE|SAE,14.516966871724977
3557,85,86,LAE|MAE,4.424346364924027
3558,85,93,LAE|MAE|SAE,6.211441930094236
3559,85,88,LAE|MAE|SAE,2.181114368915974
3560,85,96,LAE|MAE|SAE,5.21298464423484
3561,85,96,LAE|MAE|SAE,5.21318331267491
3562,85,88,LAE|MAE|SAE,2.466385128156759
3563,85,86,LAE|MAE,0.88551912381701
3564,85,86,LAE|MAE,1.007996816022227
3565,85,91,LAE|MAE|SAE,5.264553131445357
3566,85,100,LAE|MAE|SAE,5.254345787473251
3567,85,111,LAE|MAE|SAE,10.044841572135168
3568,85,100,LAE|MAE|SAE,4.616729965393565
3569,85,86,LAE|MAE,4.662348520465221
3570,85,88,LAE|MAE|SAE,2.1719534755063834
3571,85,86,LAE|MAE,2.080616050406452
3572,85,88,LAE|MAE|SAE,4.628485816505927
3573,85,87,LAE|MAE,2.196065318147591
3574,85,86,LAE|MAE,2.158257362828301
3575,85,105,LAE|MAE|SAE,8.087940624031065
3576,85,91,LAE|MAE|SAE,2.6763167840924607
3577,85,86,LAE|MAE,6.123872674419323
3578,85,86,LAE|MAE,1.6460577947094157
3579,85,99,LAE|MAE|SAE,4.869171013137695
3580,85,96,LAE|MAE|SAE,5.178332532813355
3581,85,86,LAE|MAE,3.8335265344325844
3582,85,88,LAE|MAE|SAE,2.2102710540148713
3583,83,87,MAE,3.6085322230941688
3584,83,88,MAE|SAE,5.841877955944129
3585,83,88,MAE|SAE,5.340597872351917
3586,83,93,LAE|MAE|SAE,5.9021934726359575
3587,84,88,MAE|SAE,5.434141903602055
3588,84,87,MAE|SAE,8.71242520604648
3589,84,90,LAE|MAE|SAE,5.154180561217838
3590,84,87,MAE|SAE,3.3328488487116377
3591,84,87,MAE|SAE,2.211340729240173
3592,84,87,MAE|SAE,19.22929911626064
3593,84,88,MAE|SAE,4.690920933422803
3594,84,91,LAE|MAE|SAE,7.180868788850998
3595,85,87,MAE,1.8328999306362732
3596,85,87,MAE,4.988447957094793
3597,85,92,LAE|MAE|SAE,3.689869174403119
3598,85,98,LAE|MAE|SAE,4.878242586290215
3599,85,90,LAE|MAE|SAE,4.649202985059903
3600,86,111,LAE|MAE|SAE,13.702897280875687
3601,86,88,LAE|MAE|SAE,4.782078929148765
3602,86,94,LAE|MAE|SAE,13.15203285689842
3603,86,88,LAE|MAE|SAE,3.6773282947289236
3604,86,88,LAE|MAE|SAE,1.9175407168492984
3605,86,87,LAE|MAE,1.9009457074973313
3606,86,87,LAE|MAE,3.533981500843703
3607,86,99,LAE|MAE|SAE,4.605780275599106
3608,86,87,LAE|MAE,1.100525325454455
3609,86,88,LAE|MAE|SAE,3.815417277176676
3610,86,88,LAE|MAE|SAE,2.227875966354879
3611,86,90,LAE|MAE|SAE,4.224532777430663
3612,86,88,LAE|MAE|SAE,1.420122309779833
3613,86,97,LAE|MAE|SAE,4.047702140993346
3614,86,94,LAE|MAE,5.785389034982509
3615,86,88,LAE|MAE|SAE,3.9715799004083863
3616,86,90,LAE|MAE,2.117569688205546
3617,86,113,LAE|MAE|SAE,9.48197185956729
3618,86,92,LAE|MAE|SAE,5.469857529282071
3619,86,132,LAE|MAE|SAE,15.486554661683178
3620,86,99,LAE|MAE|SAE,4.646999055391481
3621,86,89,LAE|MAE,3.550259968306454
3622,86,94,LAE|MAE|SAE,5.561460700796043
3623,86,100,LAE|MAE|SAE,7.654409534462211
3624,86,97,LAE|MAE|SAE,9.568906017164023
3625,86,97,LAE|MAE|SAE,11.401405018612014
3626,86,116,LAE|MAE|SAE,10.911125318109711
3627,86,87,LAE|MAE,1.731580137080527
3628,86,121,LAE|MAE|SAE,13.531788981943793
3629,86,87,LAE|MAE,1.9462524645105186
3630,86,98,LAE|MAE|SAE,5.058527245216256
3631,86,88,LAE|MAE|SAE,6.273980695912402
3632,86,129,LAE|MAE|SAE,13.751973068322934
3633,86,87,LAE|MAE,2.051132260187615
3634,86,87,LAE|MAE,1.8055557466789873
3635,86,89,LAE|MAE,5.981626675058651
3636,86,87,LAE|MAE,1.968368334142443
3637,86,87,LAE|MAE,1.1438694960400595
3638,86,87,LAE|MAE,15.303038711198324
3639,86,96,LAE|MAE|SAE,4.746172623366407
3640,86,87,LAE|MAE,1.9623786626460769
3641,86,90,LAE|MAE,5.023826311690398
3642,86,93,LAE|MAE|SAE,5.153642949056788
3643,86,87,LAE|MAE,2.435230642983878
3644,86,107,LAE|MAE|SAE,9.74653752294322
3645,86,87,LAE|MAE,1.2091452535569858
3646,86,87,LAE|MAE,10.183845552786533
3647,84,88,SAE,5.682775377130919
3648,84,88,SAE,5.319472590675112
3649,84,113,MAE|SAE,9.341400121557774
3650,85,88,MAE|SAE,5.970529700156584
3651,85,88,MAE|SAE,4.604643534575609
3652,87,89,MAE|SAE,2.060253338029775
3653,87,89,MAE|SAE,4.36468792149658
3654,87,88,MAE|SAE,1.9365245694245308
3655,87,88,MAE|SAE,1.9788093749898492
3656,87,88,MAE|SAE,4.601029269868125
3657,87,88,MAE|SAE,2.0599472116356705
3658,87,88,MAE|SAE,1.0992342717305879
3659,87,99,LAE|MAE|SAE,4.279907526808777
3660,87,92,LAE|MAE|SAE,2.5361603404150457
3661,87,89,MAE|SAE,2.282786944575167
3662,87,89,MAE|SAE,8.461368480744875
3663,87,111,LAE|MAE|SAE,13.03442193043446
3664,87,88,MAE|SAE,2.0529017419547593
3665,87,90,LAE|MAE|SAE,4.23855325565454
3666,87,88,MAE|SAE,2.0970626285357983
3667,87,92,MAE|SAE,5.440555081407296
3668,87,88,MAE|SAE,1.3812133929987598
3669,87,88,MAE|SAE,1.9512554539628812
3670,87,88,MAE|SAE,1.6010443431245727
3671,87,88,MAE|SAE,2.0234076643688312
3672,87,112,LAE|MAE|SAE,12.792963719891045
3673,87,92,LAE|MAE|SAE,13.377945007663158
3674,87,89,MAE|SAE,1.63087110854969
3675,87,88,MAE|SAE,3.222464160631246
3676,87,88,MAE|SAE,1.9319212240517971
3677,87,94,LAE|MAE|SAE,4.328178287429348
3678,87,88,MAE|SAE,3.560726636445494
3679,87,95,LAE|MAE|SAE,15.231336738902451
3680,87,88,MAE|SAE,5.902308001495041
3681,87,109,LAE|MAE|SAE,8.335840903300321
3682,87,88,MAE|SAE,1.6789081819592717
3683,87,88,MAE|SAE,4.34591528306527
3684,87,95,LAE|MAE|SAE,4.930541998609021
3685,87,93,LAE|MAE|SAE,5.574795594446268
3686,87,88,MAE|SAE,4.60082124051624
3687,87,92,LAE|MAE|SAE,4.950514332024319
3688,87,88,MAE|SAE,10.635406121283994
3689,87,91,MAE|SAE,11.245380405947854
3690,87,91,LAE|MAE|SAE,2.71977213204361
3691,87,88,MAE|SAE,1.3488875771327045
3692,87,89,MAE|SAE,2.2407909388575735
3693,87,93,LAE|MAE|SAE,11.947963459646099
3694,87,94,LAE|MAE|SAE,6.014892647304837
3695,87,88,MAE|SAE,2.0026157531506215
3696,87,89,MAE|SAE,2.056187395633885
3697,87,96,LAE|MAE|SAE,4.662413057913779
3698,87,91,LAE|MAE|SAE,4.207500265194784
3699,87,129,LAE|MAE|SAE,11.500618925856383
3700,87,90,LAE|MAE|SAE,2.674916118840137
3701,87,88,MAE|SAE,2.5824074722947894
3702,87,88,MAE|SAE,1.5818449087947468
3703,87,88,MAE|SAE,1.5643049998261416
3704,87,97,LAE|MAE|SAE,6.104875170227503
3705,87,88,MAE|SAE,2.5746712126408395
3706,87,99,LAE|MAE|SAE,4.889049367376228
3707,87,100,LAE|MAE|SAE,4.158901401482827
3708,85,89,MAE,5.510978993892877
3709,85,89,MAE,4.966839929902501
3710,86,89,LAE|MAE,6.811361109491738
3711,86,90,LAE|MAE,4.1046742945241546
3712,86,109,LAE|MAE|SAE,8.211023527919195
3713,86,89,LAE|MAE,3.9297422726351767
3714,86,89,LAE|MAE,2.871068450623928
3715,86,94,LAE|MAE|SAE,6.33774308092968
3716,86,91,LAE|MAE,2.8332899707303465
3717,86,109,LAE|MAE|SAE,10.532371106874146
3718,86,89,LAE|MAE,4.498197958261769
3719,86,91,LAE|MAE,2.7333705940337287
3720,86,101,LAE|MAE,10.159363688129329
3721,86,93,LAE|MAE,10.251987522356929
3722,86,97,LAE|MAE,13.977715707506942
3723,87,90,LAE|MAE,4.349874582952564
3724,87,89,MAE,4.487917283803506
3725,87,89,MAE,4.932084189033521
3726,87,96,LAE|MAE|SAE,4.8814918200177955
3727,87,89,MAE,1.9486956581799602
3728,87,89,MAE,4.36583739121095
3729,87,100,LAE|MAE|SAE,3.936451831230988
3730,87,89,MAE,2.2601372070468186
3731,87,92,LAE|MAE|SAE,11.597208525375544
3732,88,89,MAE|SAE,2.011300490925836
3733,88,111,LAE|MAE|SAE,13.889657771225481
3734,88,89,MAE|SAE,1.8917046954400214
3735,88,98,LAE|MAE|SAE,4.132394628284071
3736,88,91,LAE|MAE|SAE,1.7313728966772386
3737,88,101,LAE|MAE|SAE,4.547882670339492
3738,88,90,LAE|MAE|SAE,1.853892247085574
3739,88,93,MAE|SAE,2.76687224942779
3740,88,91,LAE|MAE|SAE,1.8823150686687118
3741,88,97,LAE|MAE|SAE,4.482623805225715
3742,88,89,MAE|SAE,1.8638830906196453
3743,88,95,LAE|MAE|SAE,7.812052514326944
3744,88,120,LAE|MAE|SAE,10.75197012947852
3745,88,117,LAE|MAE|SAE,10.006363086178869
3746,88,90,LAE|MAE|SAE,1.7040553991752243
3747,88,91,LAE|MAE|SAE,1.880201506013062
3748,88,134,LAE|MAE|SAE,13.419182193837074
3749,88,95,MAE|SAE,4.055601300518005
3750,88,94,LAE|MAE|SAE,2.753997523922396
3751,88,97,LAE|MAE|SAE,12.91187696484862
3752,88,90,LAE|MAE|SAE,1.9168869665172066
3753,88,89,MAE|SAE,1.198836540925419
3754,88,89,MAE|SAE,1.333477313818052
3755,88,101,LAE|MAE|SAE,5.294308438958765
3756,88,89,MAE|SAE,1.2282589802172925
3757,88,121,LAE|MAE|SAE,13.805653233820541
3758,88,108,LAE|MAE|SAE,6.628389800189334
3759,88,89,MAE|SAE,5.711005564605084
3760,88,89,MAE|SAE,4.877613122886099
3761,88,91,LAE|MAE|SAE,1.9339440830722883
3762,88,118,LAE|MAE|SAE,11.15665349325519
3763,88,89,MAE|SAE,1.36357321910777
3764,88,89,MAE|SAE,13.549161933506094
3765,88,89,MAE|SAE,1.6094918930211983
3766,88,90,LAE|MAE|SAE,1.8349243116485745
3767,88,95,MAE|SAE,3.6964843601401807
3768,88,92,LAE|MAE|SAE,5.209843239840797
3769,88,120,LAE|MAE|SAE,13.235944740244342
3770,88,90,LAE|MAE|SAE,1.437793073758131
3771,88,91,LAE|MAE|SAE,2.352042265794916
3772,88,98,LAE|MAE|SAE,4.1145240318305785
3773,88,90,LAE|MAE|SAE,1.874050896402464
3774,88,89,MAE|SAE,2.0217206850109277
3775,88,89,MAE|SAE,1.8688227956398797
3776,88,91,LAE|MAE|SAE,2.0344816171970916
3777,88,89,MAE|SAE,1.1938208030740682
3778,88,100,LAE|MAE|SAE,17.617118238942954
3779,88,101,LAE|MAE|SAE,9.188990670285161
3780,88,94,LAE|MAE|SAE,3.859299027096354
3781,88,91,LAE|MAE|SAE,1.9522924428378443
3782,88,95,LAE|MAE|SAE,4.7020045096191305
3783,88,93,LAE|MAE|SAE,2.4817535268497655
3784,88,95,LAE|MAE|SAE,5.549767737367635
3785,88,89,MAE|SAE,2.1603975282474512
3786,88,92,LAE|MAE|SAE,1.9094337092742864
3787,88,124,LAE|MAE|SAE,12.302708250412225
3788,88,97,LAE|MAE|SAE,3.9858883966448215
3789,88,97,LAE|MAE|SAE,7.216740570872416
3790,88,92,MAE|SAE,2.8651470445187837
3791,88,107,LAE|MAE|SAE,7.47043531991947
3792,88,92,MAE|SAE,4.642942135404837
3793,88,91,MAE|SAE,2.0956247576614526
3794,88,90,LAE|MAE|SAE,2.1093574435975566
3795,88,94,LAE|MAE|SAE,3.9179405540982133
3796,88,93,MAE|SAE,2.770341027280575
3797,88,94,LAE|MAE|SAE,14.47223413478771
3798,88,91,LAE|MAE|SAE,4.0846491795416
3799,88,89,MAE|SAE,2.5521997377927907
3800,88,89,MAE|SAE,1.1201361440666069
3801,88,99,LAE|MAE|SAE,10.233972798635447
3802,88,89,MAE|SAE,1.8289976545055713
3803,88,89,MAE|SAE,1.497773557350724
3804,88,92,LAE|MAE|SAE,12.599973066530822
3805,88,90,LAE|MAE|SAE,1.7318796493326054
3806,88,89,MAE|SAE,1.9149611249047642
3807,88,89,MAE|SAE,1.4883755825090788
3808,86,90,LAE,9.772491790497043
3809,86,94,LAE|MAE|SAE,4.174779172262669
3810,86,90,LAE,4.305718969962688
3811,87,90,LAE|MAE,6.84165059877482
3812,87,103,LAE|MAE,11.852978133494227
3813,87,91,LAE|MAE,4.542582331951604
3814,87,96,LAE|MAE|SAE,5.007855671016979
3815,87,90,LAE|MAE,6.448211277756212
3816,89,99,LAE|MAE|SAE,4.324471975536954
3817,89,91,LAE|MAE,4.560401513962038
3818,89,108,LAE|MAE|SAE,7.452728988824624
3819,89,95,LAE|MAE,4.192723435777247
3820,89,96,LAE|MAE|SAE,3.640049379298119
3821,89,96,LAE|MAE|SAE,4.276589799523455
3822,89,94,LAE|MAE|SAE,2.5299145830028738
3823,89,91,LAE|MAE,1.7699057109275331
3824,89,94,LAE|MAE|SAE,2.468000634820352
3825,89,92,LAE|MAE|SAE,4.117945008169321
3826,89,98,LAE|MAE|SAE,4.1161200287894575
3827,89,98,LAE|MAE|SAE,3.6999289101956583
3828,89,94,LAE|MAE|SAE,3.625308089895018
3829,89,90,LAE|MAE,1.7604724746096267
3830,89,101,LAE|MAE|SAE,16.717704122630238
3831,89,91,LAE|MAE,4.102720627933297
3832,89,116,LAE|MAE|SAE,8.34681334179019
3833,89,98,LAE|MAE|SAE,4.32802475154702
3834,89,97,LAE|MAE|SAE,4.115269300318913
3835,89,101,LAE|MAE|SAE,5.215561286855512
3836,89,90,LAE|MAE,1.4724135351013274
3837,89,96,LAE|MAE|SAE,3.9696481660949705
3838,89,99,LAE|MAE|SAE,4.303172014968988
3839,89,93,LAE|MAE|SAE,3.79187123368051
3840,89,92,LAE|MAE|SAE,4.251093005663376
3841,89,125,LAE|MAE|SAE,7.940631090899585
3842,89,92,LAE|MAE|SAE,4.302773533441831
3843,89,93,LAE|MAE,8.028823805619298
3844,89,94,LAE|MAE,4.080986749439818
3845,89,97,LAE|MAE|SAE,3.592326812485213
3846,89,91,LAE|MAE,1.3719795792321376
3847,89,92,LAE|MAE|SAE,1.9956386801384292
3848,89,96,LAE|MAE|SAE,3.150803778457917
3849,89,97,LAE|MAE|SAE,4.103079624164586
3850,89,97,LAE|MAE|SAE,4.828862891122722
3851,89,96,LAE|MAE|SAE,3.2461943656979466
3852,89,97,LAE|MAE|SAE,3.278834757773068
3853,89,90,LAE|MAE,2.3538626431411753
3854,89,93,LAE|MAE|SAE,4.683739636928552
3855,89,96,LAE|MAE|SAE,3.566536943820035
3856,89,94,LAE|MAE|SAE,4.151711754491545
3857,89,92,LAE|MAE|SAE,2.284091002290939
3858,89,97,LAE|MAE|SAE,4.6341258367732365
3859,89,91,LAE|MAE,2.383149534162099
3860,89,93,LAE|MAE,11.288413649811162
3861,89,108,LAE|MAE|SAE,7.000417446762641
3862,89,92,LAE|MAE|SAE,5.050444151347904
3863,89,95,LAE|MAE|SAE,4.090289303317241
3864,89,101,LAE|MAE|SAE,6.587492796372996
3865,89,96,LAE|MAE|SAE,4.6132469857564224
3866,89,90,LAE|MAE,2.728222638881081
3867,89,99,LAE|MAE|SAE,4.315628725378217
3868,89,90,LAE|MAE,4.408137609885507
3869,89,95,LAE|MAE,11.917077201118856
3870,89,92,LAE|MAE|SAE,4.414614767846424
3871,89,90,LAE|MAE,4.3332224412932145
3872,89,90,LAE|MAE,4.577059891149566
3873,89,90,LAE|MAE,3.3030589855677173
3874,89,94,LAE|MAE|SAE,4.595132659771586
3875,89,91,LAE|MAE,4.496973007457078
3876,89,90,LAE|MAE,2.200036020010101
3877,89,97,LAE|MAE|SAE,4.573021659818664
3878,89,90,LAE|MAE,5.931490827247371
3879,89,94,LAE|MAE|SAE,2.657662594366386
3880,89,104,LAE|MAE|SAE,7.555841812093356
3881,89,92,LAE|MAE|SAE,4.711655815623044
3882,89,90,LAE|MAE,1.912085434479238
3883,89,90,LAE|MAE,4.408591035428963
3884,89,91,LAE|MAE,8.90937597394193
3885,89,94,LAE|MAE,17.539407620384683
3886,87,91,MAE,13.045781610674423
3887,87,104,MAE|SAE,9.871906059831836
3888,87,95,MAE,9.761033723463338
3889,87,95,LAE|MAE|SAE,3.601032484111766
3890,87,96,LAE|MAE|SAE,13.119670618524188
3891,88,93,MAE|SAE,2.709624162373916
3892,88,92,MAE|SAE,6.034596455879289
3893,88,92,MAE|SAE,4.989544784082362
3894,88,92,MAE|SAE,10.56397128646027
3895,88,91,MAE|SAE,2.3700817963545444
3896,88,100,MAE|SAE,4.10705335112398
3897,88,99,MAE|SAE,5.1688980463420915
3898,88,92,MAE|SAE,4.724362978615326
3899,88,93,MAE|SAE,5.2568901294085375
3900,88,91,MAE|SAE,2.500548096789326
3901,89,94,LAE|MAE,10.168810705592744
3902,89,97,LAE|MAE|SAE,4.592666897480076
3903,89,101,LAE|MAE|SAE,12.373267632519946
3904,89,94,LAE|MAE|SAE,4.812050450372167
3905,89,91,MAE,4.425839075831233
3906,89,100,LAE|MAE|SAE,8.930870287494225
3907,89,91,MAE,4.441934560976803
3908,89,100,LAE|MAE|SAE,6.630095655352453
3909,89,91,MAE,3.9418643110652254
3910,89,98,LAE|MAE|SAE,4.4368659172072125
3911,89,91,MAE,5.2461268294013825
3912,89,92,MAE|SAE,1.9555791012421304
3913,89,92,MAE|SAE,4.380879822462193
3914,89,91,MAE,3.825537290649696
3915,89,92,MAE|SAE,4.390218412290583
3916,89,94,LAE|MAE,2.2067804127668085
3917,89,97,LAE|MAE|SAE,3.4609711236712384
3918,90,96,LAE|MAE|SAE,3.7401832941399866
3919,90,94,LAE|MAE|SAE,1.9403427001974802
3920,90,95,LAE|MAE|SAE,12.659936200265367
3921,90,101,LAE|MAE|SAE,5.136915398836592
3922,90,91,LAE|MAE,5.217315917020193
3923,90,92,LAE|MAE|SAE,3.9007916018048103
3924,90,94,LAE|MAE,4.254814673786769
3925,90,94,LAE|MAE,3.9921170392567737
3926,90,101,LAE|MAE|SAE,4.657702328830686
3927,90,110,LAE|MAE|SAE,7.03134194518085
3928,90,98,LAE|MAE|SAE,3.859605694773905
3929,90,91,LAE|MAE,1.7661541120250153
3930,90,92,LAE|MAE|SAE,1.7671771849261757
3931,90,92,LAE|MAE|SAE,3.890766054201609
3932,90,99,LAE|MAE|SAE,3.438034179547402
3933,90,112,LAE|MAE|SAE,13.170596585045818
3934,90,94,LAE|MAE,8.48350223294413
3935,90,97,LAE|MAE|SAE,3.689611377131935
3936,90,122,LAE|MAE|SAE,10.352895929031286
3937,90,95,LAE|MAE|SAE,3.2836008869302202
3938,90,91,LAE|MAE,1.4329924282201467
3939,90,91,LAE|MAE,1.3672820452283752
3940,90,91,LAE|MAE,4.140867539532715
3941,90,111,LAE|MAE|SAE,14.451093532616861
3942,90,94,LAE|MAE|SAE,2.3766295366360395
3943,90,93,LAE|MAE|SAE,4.483568056851957
3944,90,91,LAE|MAE,1.5506830573159855
3945,90,95,LAE|MAE|SAE,4.38218717687248
3946,90,135,LAE|MAE|SAE,12.813731482956948
3947,90,91,LAE|MAE,1.8094603136429186
3948,90,105,LAE|MAE|SAE,9.712259410221826
3949,90,99,LAE|MAE|SAE,3.5378458123381327
3950,90,91,LAE|MAE,4.525164283999848
3951,90,91,LAE|MAE,2.165757067270303
3952,90,94,LAE|MAE,3.2404438632083172
3953,90,91,LAE|MAE,1.9070725385756495
3954,90,91,LAE|MAE,5.505824515417902
3955,90,104,LAE|MAE|SAE,5.560661588836664
3956,88,92,SAE,5.684015107055601
3957,88,92,SAE,13.059497682932845
3958,88,92,SAE,6.317988896224737
3959,88,92,SAE,5.608367315682246
3960,88,92,SAE,11.021584427481598
3961,89,92,MAE|SAE,4.947773582858789
3962,89,92,MAE|SAE,5.111478434343288
3963,89,96,MAE|SAE,3.7658738375728897
3964,89,92,MAE|SAE,4.254191880929667
3965,89,92,MAE|SAE,5.429504875103347
3966,89,92,MAE|SAE,5.37400673995141
3967,89,105,LAE|MAE|SAE,6.763812317960766
3968,89,99,MAE|SAE,7.777542619636327
3969,91,95,LAE|MAE|SAE,3.7256069604879976
3970,91,92,MAE|SAE,1.5516243405040313
3971,91,100,LAE|MAE|SAE,3.693565756649665
3972,91,95,MAE|SAE,4.5103622509120065
3973,91,92,MAE|SAE,2.3206374113336645
3974,91,92,MAE|SAE,2.8004291826036636
3975,91,93,MAE|SAE,1.6856107637644926
3976,91,92,MAE|SAE,0.9143233030676586
3977,91,94,LAE|MAE|SAE,6.974957902139129
3978,91,97,LAE|MAE|SAE,3.583879723193403
3979,91,92,MAE|SAE,3.5488140206511125
3980,91,94,LAE|MAE|SAE,4.344137424766618
3981,91,92,MAE|SAE,3.64779098254574
3982,91,93,MAE|SAE,3.40423937739327
3983,91,97,LAE|MAE|SAE,4.050590796864305
3984,91,100,LAE|MAE|SAE,4.067084074278265
3985,91,92,MAE|SAE,3.2054583447705607
3986,91,92,MAE|SAE,3.968209614201319
3987,91,119,LAE|MAE|SAE,14.463818560717078
3988,91,92,MAE|SAE,8.012326660653146
3989,91,93,MAE|SAE,2.823722360840203
3990,91,104,MAE|SAE,19.02821574245192
3991,91,105,LAE|MAE|SAE,7.042953941232052
3992,91,92,MAE|SAE,2.138306175711729
3993,91,92,MAE|SAE,2.968727464197622
3994,91,93,MAE|SAE,22.147086962419124
3995,91,99,LAE|MAE|SAE,6.75907557875084
3996,91,109,LAE|MAE|SAE,6.8937203385182615
3997,91,92,MAE|SAE,1.78128533667444
3998,91,101,LAE|MAE|SAE,7.044968413052735
3999,91,100,LAE|MAE|SAE,8.335781386936695
4000,91,93,MAE|SAE,1.8115543639010498
4001,91,98,LAE|MAE|SAE,3.155855841328388
4002,91,115,LAE|MAE|SAE,7.814883334335052
4003,91,95,MAE|SAE,4.496239320623185
4004,89,95,MAE,12.699702092125886
4005,89,93,MAE,4.4314060269860525
4006,90,98,LAE|MAE,4.445556167890518
4007,90,94,LAE|MAE,10.305706610464329
4008,90,93,LAE|MAE,4.615193691837571
4009,90,97,LAE|MAE,3.977220767741336
4010,90,98,LAE|MAE,4.313624297736688
4011,90,97,LAE|MAE,10.295425122650817
4012,90,93,LAE|MAE,3.9244041614559064
4013,90,93,LAE|MAE,11.997613406423705
4014,90,96,LAE|MAE|SAE,3.47693496568774
4015,90,94,LAE|MAE,4.106788863003465
4016,90,93,LAE|MAE,2.1526265017018535
4017,90,97,LAE|MAE|SAE,3.3596418362040605
4018,90,93,LAE|MAE,14.983304874363197
4019,91,93,MAE,3.878163994223917
4020,91,94,LAE|MAE,2.1874397716813574
4021,91,97,LAE|MAE|SAE,4.235968788326052
4022,91,94,LAE|MAE,2.1183527835436737
4023,91,93,MAE,2.2740605911149183
4024,91,94,LAE|MAE,1.7721520356241962
4025,91,94,LAE|MAE,3.932673485772043
4026,91,99,LAE|MAE|SAE,3.7211883095773923
4027,91,93,MAE,3.370195524791582
4028,91,93,MAE,3.1894751630341096
4029,91,100,LAE|MAE|SAE,5.236195259742854
4030,91,93,MAE,2.407975478308857
4031,92,96,LAE|MAE|SAE,4.101493015912498
4032,92,96,LAE|MAE|SAE,2.4015623569339155
4033,92,95,MAE|SAE,4.050354116218891
4034,92,101,LAE|MAE|SAE,4.170326491659188
4035,92,136,LAE|MAE|SAE,13.690709461999333
4036,92,94,LAE|MAE|SAE,4.272930304277542
4037,92,96,LAE|MAE|SAE,4.077365305469703
4038,92,93,MAE|SAE,1.5918393329221663
4039,92,101,LAE|MAE|SAE,6.308458051963017
4040,92,96,MAE|SAE,4.3711333245009225
4041,92,140,LAE|MAE|SAE,42.4467216644002
4042,92,94,LAE|MAE|SAE,2.086522435069817
4043,92,105,LAE|MAE|SAE,6.32791719579126
4044,92,96,MAE|SAE,3.6963444471671827
4045,92,94,LAE|MAE|SAE,9.882296484635464
4046,92,97,LAE|MAE|SAE,6.656006504997354
4047,92,93,MAE|SAE,6.307179577084379
4048,90,94,LAE,4.265042602087073
4049,90,94,LAE,4.524977875013008
4050,90,98,LAE|MAE,6.394293059678161
4051,90,98,LAE|MAE,7.044280185741006
4052,90,94,LAE,4.305623143629969
4053,90,95,LAE|MAE,6.618366348813741
4054,90,97,LAE|MAE,7.14059050592357
4055,90,94,LAE,43.452965674581826
4056,90,98,LAE|MAE,11.53017869264413
4057,90,111,LAE|MAE,13.242008348960118
4058,90,105,LAE|MAE,7.109155953487465
4059,90,94,LAE,36.71502140983597
4060,91,104,LAE|MAE|SAE,5.849628340614794
4061,91,94,LAE|MAE,5.202205913915471
4062,91,95,LAE|MAE,9.336093012983445
4063,91,94,LAE|MAE,5.424879328879615
4064,91,94,LAE|MAE,4.152015744889821
4065,91,94,LAE|MAE,4.054141779946628
4066,91,94,LAE|MAE,3.6045895922180913
4067,91,94,LAE|MAE,5.322984745668345
4068,93,97,LAE|MAE|SAE,3.252385174296379
4069,93,98,LAE|MAE,12.06618647397865
4070,93,94,LAE|MAE,3.1260268498161836
4071,93,94,LAE|MAE,1.1006055575932243
4072,93,101,LAE|MAE|SAE,7.819491133998434
4073,93,97,LAE|MAE|SAE,3.680714668481615
4074,93,94,LAE|MAE,1.9710197395135212
4075,93,96,LAE|MAE|SAE,2.312970542893661
4076,93,95,LAE|MAE,1.995438039652231
4077,93,94,LAE|MAE,2.2256827678401874
4078,93,96,LAE|MAE|SAE,3.6140583871032868
4079,93,97,LAE|MAE,9.122356397408073
4080,93,98,LAE|MAE|SAE,3.3650152594771163
4081,93,94,LAE|MAE,1.7347597979437006
4082,93,95,LAE|MAE,10.545820533046363
4083,93,99,LAE|MAE|SAE,4.171479046128803
4084,93,98,LAE|MAE,5.909585222437307
4085,93,101,LAE|MAE|SAE,6.219670742656544
4086,93,105,LAE|MAE|SAE,6.1644751696460816
4087,93,104,LAE|MAE|SAE,5.5159131295324855
4088,93,101,LAE|MAE|SAE,4.29347206757474
4089,93,94,LAE|MAE,1.6027369264942568
4090,93,94,LAE|MAE,1.783999682767817
4091,93,94,LAE|MAE,3.01914691565814
4092,93,99,LAE|MAE,3.2217970394857325
4093,93,100,LAE|MAE|SAE,3.8260203881477204
4094,93,94,LAE|MAE,1.4394357890574534
4095,93,96,LAE|MAE|SAE,2.0231855368934224
4096,93,105,LAE|MAE|SAE,6.135613606603993
4097,93,94,LAE|MAE,4.17401708185944
4098,93,94,LAE|MAE,2.4394268027221444
4099,93,95,LAE|MAE,3.9600809836883286
4100,93,104,LAE|MAE|SAE,4.797550218024155
4101,93,94,LAE|MAE,16.79329494560181
4102,91,95,MAE,8.61559497747807
4103,92,100,MAE|SAE,7.028352917122793
4104,92,96,MAE|SAE,6.6332764664258095
4105,92,99,MAE|SAE,6.852515646912062
4106,92,100,MAE|SAE,4.01533008070231
4107,92,99,MAE|SAE,6.420200767896448
4108,92,99,MAE|SAE,10.090099918665784
4109,92,108,MAE|SAE,12.306785282215657
4110,92,96,MAE|SAE,6.358106704783913
4111,92,99,MAE|SAE,6.21864347608881
4112,92,98,LAE|MAE|SAE,5.834048243054052
4113,92,95,MAE|SAE,4.804527522279969
4114,92,104,MAE|SAE,6.319786482015826
4115,92,101,MAE|SAE,6.536600838176118
4116,92,108,LAE|MAE|SAE,6.257646981971594
4117,92,100,MAE|SAE,6.2658378326768505
4118,92,109,MAE|SAE,6.58155305689515
4119,92,95,MAE|SAE,3.561181884975531
4120,92,96,MAE|SAE,2.726214094975901
4121,92,98,LAE|MAE|SAE,4.831587980326373
4122,92,95,MAE|SAE,3.1671603867168923
4123,92,105,MAE|SAE,10.060472008721353
4124,92,99,MAE|SAE,6.010530194978345
4125,92,99,MAE|SAE,6.2484196885385845
4126,92,95,MAE|SAE,3.660583291598928
4127,92,95,MAE|SAE,8.08837015617418
4128,92,111,LAE|MAE|SAE,12.978765109073851
4129,92,95,MAE|SAE,4.755693327933722
4130,92,95,MAE|SAE,6.125329425236809
4131,92,95,MAE|SAE,3.315040611268733
4132,92,95,MAE|SAE,5.223056404701061
4133,92,101,MAE|SAE,6.472821835239634
4134,92,100,MAE|SAE,3.501765830846752
4135,92,103,MAE|SAE,6.283407148267713
4136,93,95,MAE,3.3874236261744914
4137,93,99,LAE|MAE|SAE,3.7975796322039717
4138,93,104,LAE|MAE|SAE,19.634887944054217
4139,93,99,LAE|MAE|SAE,2.5642074186988157
4140,93,96,MAE|SAE,2.7044348404322722
4141,94,107,LAE|MAE|SAE,5.994333874261679
4142,94,95,LAE|MAE,4.104879218408648
4143,94,97,LAE|MAE,2.0664880791798925
4144,94,97,LAE|MAE,2.363142883062069
4145,94,95,LAE|MAE,3.633331621008659
4146,94,97,LAE|MAE|SAE,5.685445867834258
4147,94,95,LAE|MAE,4.731399402381647
4148,94,96,LAE|MAE|SAE,6.438394804164741
4149,94,95,LAE|MAE,1.9675136546313363
4150,94,95,LAE|MAE,4.6008885401737585
4151,94,95,LAE|MAE,2.8364220848511468
4152,94,95,LAE|MAE,1.3980266522763691
4153,94,95,LAE|MAE,2.0334855408148678
4154,94,97,LAE|MAE|SAE,2.220387864664074
4155,94,95,LAE|MAE,3.965448450658769
4156,94,97,LAE|MAE,6.159783990306592
4157,94,116,LAE|MAE|SAE,7.2433681063818085
4158,94,98,LAE|MAE,5.193649142407499
4159,94,101,LAE|MAE|SAE,5.556664154422486
4160,94,105,LAE|MAE|SAE,5.9265962782195984
4161,94,109,LAE|MAE|SAE,5.961231401688049
4162,94,105,LAE|MAE|SAE,5.66257622622474
4163,94,104,LAE|MAE|SAE,5.757180330773968
4164,94,97,LAE|MAE|SAE,1.9980771089564664
4165,94,105,LAE|MAE|SAE,5.685173872468093
4166,94,105,LAE|MAE|SAE,5.73769455422233
4167,94,100,LAE|MAE|SAE,3.443527073515376
4168,94,100,LAE|MAE|SAE,5.200207836935616
4169,94,97,LAE|MAE|SAE,2.233341672481352
4170,94,104,LAE|MAE|SAE,6.598368248850375
4171,94,95,LAE|MAE,3.4168924731771537
4172,94,95,LAE|MAE,3.6074440797217484
4173,94,95,LAE|MAE,1.4927464069984322
4174,94,109,LAE|MAE|SAE,6.250910659815662
4175,94,95,LAE|MAE,3.281081238128383
4176,94,101,LAE|MAE|SAE,5.945153839091311
4177,94,109,LAE|MAE|SAE,6.042380040010331
4178,94,100,LAE|MAE|SAE,5.916715774448262
4179,94,109,LAE|MAE|SAE,6.0918530449208
4180,94,100,LAE|MAE|SAE,2.406481675666778
4181,94,96,LAE|MAE|SAE,1.6744703481595944
4182,94,96,LAE|MAE|SAE,3.047556492213789
4183,94,95,LAE|MAE,1.3487343431315884
4184,94,95,LAE|MAE,8.500790894523046
4185,94,96,LAE|MAE|SAE,2.023793085015407
4186,94,99,LAE|MAE,10.379887765182943
4187,94,99,LAE|MAE,5.8100333332207565
4188,94,98,LAE|MAE,5.313662679522217
4189,94,99,LAE|MAE,2.4778637832836505
4190,94,104,LAE|MAE|SAE,9.4840711709594
4191,94,101,LAE|MAE|SAE,3.880548334714677
4192,94,97,LAE|MAE,2.0574464286386793
4193,94,105,LAE|MAE|SAE,7.19854310859772
4194,94,98,LAE|MAE|SAE,2.7377640293834213
4195,94,100,LAE|MAE|SAE,6.111918694898769
4196,92,96,SAE,42.856925140889444
4197,92,100,MAE|SAE,6.4236274502417565
4198,93,105,MAE|SAE,7.605190944620443
4199,93,101,MAE|SAE,5.836302886063671
4200,93,98,LAE|MAE|SAE,3.5287129339061876
4201,95,103,LAE|MAE|SAE,6.143065401040149
4202,95,105,LAE|MAE|SAE,5.506085272769785
4203,95,96,MAE|SAE,4.388373048082299
4204,95,108,LAE|MAE|SAE,5.555726334273633
4205,95,127,LAE|MAE|SAE,11.066480034236037
4206,95,107,LAE|MAE|SAE,5.51264966370306
4207,95,99,LAE|MAE|SAE,2.1929151530874544
4208,95,99,LAE|MAE|SAE,2.1113338598842932
4209,95,105,LAE|MAE|SAE,5.542027420124177
4210,95,108,LAE|MAE|SAE,6.379733526355538
4211,95,109,LAE|MAE|SAE,5.4993563950003415
4212,95,101,LAE|MAE|SAE,5.589303579892242
4213,95,103,MAE|SAE,6.153463237276648
4214,95,99,LAE|MAE|SAE,2.126858505627188
4215,95,96,MAE|SAE,1.3293142565578588
4216,95,105,LAE|MAE|SAE,11.13542767701901
4217,95,108,LAE|MAE|SAE,12.296527426785838
4218,95,107,MAE|SAE,11.28726108622525
4219,95,97,MAE|SAE,1.7864182503230284
4220,95,109,MAE|SAE,5.732819216582179
4221,95,109,LAE|MAE|SAE,5.56152624208039
4222,95,96,MAE|SAE,1.9126182380585648
4223,95,109,LAE|MAE|SAE,5.6923374557708994
4224,95,97,MAE|SAE,2.613103323159115
4225,95,100,LAE|MAE|SAE,3.5887228400753295
4226,95,96,MAE|SAE,1.179551436864252
4227,95,115,LAE|MAE|SAE,12.151502474983921
4228,95,96,MAE|SAE,4.350064802631756
4229,95,97,MAE|SAE,2.01250155239664
4230,95,105,LAE|MAE|SAE,6.3956689117144325
4231,95,97,MAE|SAE,4.811294975078562
4232,95,96,MAE|SAE,1.534423747877899
4233,95,100,MAE|SAE,4.875762403528828
4234,95,96,MAE|SAE,2.667087290377179
4235,95,97,MAE|SAE,2.1625888287293216
4236,93,97,MAE,11.777931258021049
4237,93,97,MAE,8.480096315315004
4238,94,98,LAE|MAE,5.782796766910539
4239,94,98,LAE|MAE,5.969215873057678
4240,94,98,LAE|MAE,5.677452899895387
4241,94,101,LAE|MAE,5.691858582341997
4242,94,101,LAE|MAE|SAE,6.176173153869343
4243,94,97,LAE|MAE,2.391252126769519
4244,94,97,LAE|MAE,2.00709239776557
4245,94,100,LAE|MAE|SAE,5.094074497961256
4246,94,105,LAE|MAE,6.195094781992968
4247,94,113,LAE|MAE,8.769772553196548
4248,94,97,LAE|MAE,5.635514314962343
4249,94,97,LAE|MAE,3.2954855610487326
4250,94,97,LAE|MAE,5.620515413623335
4251,94,98,LAE|MAE,6.370637078036914
4252,94,101,LAE|MAE,5.9762843607921505
4253,94,101,LAE|MAE,5.7880936483688865
4254,94,97,LAE|MAE,5.229266729159737
4255,94,114,LAE|MAE|SAE,8.328279557105095
4256,94,100,LAE|MAE|SAE,3.7162514243392586
4257,94,98,LAE|MAE,5.6227540267700356
4258,94,97,LAE|MAE,2.6541557009155694
4259,94,113,LAE|MAE|SAE,8.961450019300141
4260,94,97,LAE|MAE,1.9870433958060623
4261,94,108,LAE|MAE|SAE,6.970420478635501
4262,94,98,LAE|MAE,16.58375615365009
4263,94,105,LAE|MAE|SAE,6.552620180695586
4264,95,97,MAE,1.6692395715509842
4265,95,97,MAE,4.629531263399732
4266,95,105,LAE|MAE|SAE,5.51204762426572
4267,95,97,MAE,3.47553003845287
4268,95,100,LAE|MAE|SAE,6.604942291503812
4269,95,109,LAE|MAE|SAE,5.500437120438247
4270,95,97,MAE,2.058688593988611
4271,95,100,MAE|SAE,5.040204482528819
4272,95,108,MAE|SAE,11.705038031406918
4273,95,101,MAE|SAE,5.644001466247625
4274,96,97,MAE|SAE,5.415552439361657
4275,96,100,MAE|SAE,4.966787754979474
4276,96,101,LAE|MAE|SAE,4.697983522549323
4277,96,98,LAE|MAE|SAE,1.6947207889447298
4278,96,98,LAE|MAE|SAE,2.330004451417373
4279,96,99,LAE|MAE|SAE,1.8569546085729174
4280,96,102,LAE|MAE|SAE,3.758966951517968
4281,96,100,MAE|SAE,4.243958268526965
4282,96,97,MAE|SAE,1.6628764320781915
4283,96,98,LAE|MAE|SAE,2.878960806379984
4284,96,97,MAE|SAE,1.70381162972865
4285,96,98,LAE|MAE|SAE,3.3817532877259158
4286,96,98,LAE|MAE|SAE,2.2381160528495525
4287,96,97,MAE|SAE,1.3164275276467723
4288,96,109,LAE|MAE|SAE,6.3061582804260325
4289,96,100,LAE|MAE|SAE,1.880476471810356
4290,96,97,MAE|SAE,6.751987056011807
4291,96,103,MAE|SAE,6.65886098874766
4292,96,97,MAE|SAE,2.5406013037243547
4293,96,98,LAE|MAE|SAE,3.1884927421084557
4294,96,97,MAE|SAE,1.1097215078342308
4295,96,97,MAE|SAE,1.0648330696387451
4296,96,100,LAE|MAE|SAE,2.909759208915555
4297,96,97,MAE|SAE,1.5946384822741289
4298,96,97,MAE|SAE,1.3474938815217476
4299,96,98,LAE|MAE|SAE,1.8978433915382582
4300,96,99,LAE|MAE|SAE,1.8853635653185594
4301,96,99,LAE|MAE|SAE,1.7918491743423863
4302,96,97,MAE|SAE,3.1294217654550103
4303,96,97,MAE|SAE,6.981806869122328
4304,96,99,LAE|MAE|SAE,2.934038807667749
4305,96,97,MAE|SAE,5.189061994641151
4306,96,97,MAE|SAE,2.748359633950047
4307,96,98,LAE|MAE|SAE,1.8514726203726635
4308,96,100,LAE|MAE|SAE,2.9744462582568265
4309,96,100,LAE|MAE|SAE,2.450547012585728
4310,96,97,MAE|SAE,1.485919055022521
4311,96,100,MAE|SAE,4.496189001281162
4312,96,116,MAE|SAE,7.177141850618768
4313,96,97,MAE|SAE,2.2907755357154387
4314,96,97,MAE|SAE,1.904689115415661
4315,96,107,LAE|MAE|SAE,5.223112185315138
4316,96,98,LAE|MAE|SAE,3.3465277082563762
4317,96,97,MAE|SAE,3.203931503853568
4318,96,98,LAE|MAE|SAE,4.976597915459505
4319,96,98,LAE|MAE|SAE,1.579495924040476
4320,96,97,MAE|SAE,1.7260171659059402
4321,96,100,MAE|SAE,3.385016794239366
4322,96,97,MAE|SAE,1.246332751256393
4323,96,97,MAE|SAE,2.5652256336058916
4324,96,103,LAE|MAE|SAE,7.834380205594136
4325,96,97,MAE|SAE,2.736549302644037
4326,96,103,MAE|SAE,4.180250935913749
4327,94,98,LAE,8.07595742810508
4328,94,103,LAE|MAE|SAE,6.323475007631353
4329,94,98,LAE,5.002387943431028
4330,95,98,LAE|MAE,3.4862609770198283
4331,95,104,LAE|MAE|SAE,4.34277421701177
4332,95,105,LAE|MAE|SAE,6.893764816856236
4333,97,99,LAE|MAE,1.5781821583639661
4334,97,98,LAE|MAE,2.582816721428804
4335,97,107,LAE|MAE|SAE,6.954761808936825
4336,97,98,LAE|MAE,1.9074344635781555
4337,97,98,LAE|MAE,3.5226584208390093
4338,97,100,LAE|MAE|SAE,3.6342434099740664
4339,97,100,LAE|MAE|SAE,3.660056367237536
4340,97,98,LAE|MAE,3.1073202239280002
4341,97,109,LAE|MAE|SAE,5.333796097345511
4342,97,99,LAE|MAE,3.281761500155788
4343,97,101,LAE|MAE|SAE,4.890175728192792
4344,97,98,LAE|MAE,1.5283982870369235
4345,97,99,LAE|MAE,1.5352390427003337
4346,97,101,LAE|MAE|SAE,4.2342467630301215
4347,97,102,LAE|MAE|SAE,4.120077531725045
4348,97,98,LAE|MAE,1.6895259254300563
4349,97,105,LAE|MAE|SAE,6.163328873639234
4350,97,101,LAE|MAE|SAE,5.3156019320321475
4351,97,101,LAE|MAE|SAE,3.940946057449284
4352,97,104,LAE|MAE|SAE,3.8880350219519095
4353,97,104,LAE|MAE|SAE,4.648012933242156
4354,97,101,LAE|MAE|SAE,3.0094486088673214
4355,97,101,LAE|MAE|SAE,4.710888355604166
4356,97,99,LAE|MAE,1.7495650379329837
4357,97,98,LAE|MAE,3.89589539661801
4358,97,109,LAE|MAE|SAE,4.986050342323641
4359,97,109,LAE|MAE|SAE,4.695862085668518
4360,97,98,LAE|MAE,4.410040210008933
4361,97,99,LAE|MAE,5.877378445171374
4362,97,103,LAE|MAE|SAE,3.0584816331932236
4363,97,99,LAE|MAE,4.324524454989385
4364,97,100,LAE|MAE|SAE,4.498051710881479
4365,95,99,MAE,7.275227321578112
4366,96,105,MAE|SAE,3.4547347988819053
4367,96,108,MAE|SAE,11.775191757742675
4368,96,99,MAE|SAE,5.84070967274177
4369,96,103,MAE|SAE,5.9940298697160594
4370,96,99,MAE|SAE,7.040535537415377
4371,96,104,MAE|SAE,7.925782907670348
4372,96,103,MAE|SAE,4.734241451163914
4373,96,99,MAE|SAE,1.887303029793984
4374,96,128,LAE|MAE|SAE,9.44427530360618
4375,96,99,MAE|SAE,6.0867689670008325
4376,96,101,MAE|SAE,3.9835980873600882
4377,96,115,MAE|SAE,16.17726066435893
4378,96,103,MAE|SAE,6.249077371708439
4379,96,101,MAE|SAE,4.660803311383952
4380,96,104,MAE|SAE,6.101112007641141
4381,97,104,MAE|SAE,5.386401497827676
4382,97,100,MAE|SAE,2.1334571833283915
4383,97,99,MAE,4.174749506985256
4384,97,101,MAE,4.497289239941189
4385,97,101,MAE|SAE,4.96775285631968
4386,97,103,MAE|SAE,4.682816093958115
4387,97,99,MAE,4.117552280155086
4388,97,99,MAE,2.1837154929089215
4389,97,99,MAE,1.9710096451213115
4390,97,103,MAE|SAE,3.5897990762620537
4391,97,100,MAE|SAE,4.995550987182646
4392,97,99,MAE,3.622777708964386
4393,98,101,LAE|MAE|SAE,3.980359513774111
4394,98,100,LAE|MAE|SAE,3.757962932511916
4395,98,100,LAE|MAE|SAE,2.0174951884064383
4396,98,100,LAE|MAE|SAE,4.540719669283153
4397,98,107,LAE|MAE|SAE,4.552654109331328
4398,98,99,LAE|MAE,3.10543461652528
4399,98,99,LAE|MAE,7.006647728675419
4400,98,101,LAE|MAE|SAE,3.227486541871581
4401,98,99,LAE|MAE,5.527613582290043
4402,98,101,LAE|MAE,3.9193929883558445
4403,98,101,LAE|MAE|SAE,2.729983241123732
4404,98,99,LAE|MAE,1.965812980628162
4405,98,105,LAE|MAE|SAE,5.935119358279313
4406,98,99,LAE|MAE,1.9332160275768515
4407,98,99,LAE|MAE,3.2052686882118
4408,98,101,LAE|MAE|SAE,4.867301070934097
4409,98,99,LAE|MAE,1.2742608959859132
4410,98,99,LAE|MAE,1.2126689618326447
4411,98,100,LAE|MAE|SAE,4.671299672991569
4412,98,99,LAE|MAE,3.7742305814467714
4413,98,99,LAE|MAE,4.675011702152693
4414,98,127,LAE|MAE|SAE,10.38084866671179
4415,98,99,LAE|MAE,4.334874206637702
4416,98,109,LAE|MAE|SAE,4.736712635704957
4417,96,103,MAE|SAE,5.711410748556522
4418,96,100,SAE,4.823204642583686
4419,96,100,SAE,5.106593323615428
4420,97,103,MAE|SAE,5.12869242845693
4421,97,101,MAE|SAE,3.692202553187743
4422,97,100,MAE|SAE,4.883784813055537
4423,97,100,MAE|SAE,4.046183577296703
4424,97,100,MAE|SAE,4.951339798325554
4425,97,100,MAE|SAE,5.730171130789765
4426,97,117,MAE|SAE,7.45166711449801
4427,97,103,LAE|MAE|SAE,5.029203817823339
4428,99,101,MAE|SAE,3.870930414266983
4429,99,100,MAE|SAE,2.5373631963484358
4430,99,104,MAE|SAE,4.488142493238103
4431,99,100,MAE|SAE,3.977704117305921
4432,99,100,MAE|SAE,4.587205992400573
4433,99,100,MAE|SAE,1.3203151115407346
4434,99,107,MAE|SAE,6.510058001464934
4435,99,100,MAE|SAE,1.2961469008879298
4436,99,100,MAE|SAE,3.1933413345508415
4437,99,101,MAE|SAE,4.187434097011078
4438,99,101,MAE|SAE,2.9675975695912467
4439,99,101,MAE|SAE,3.074059296926103
4440,99,101,MAE|SAE,2.9244013687933204
4441,99,100,MAE|SAE,2.7551714915460894
4442,99,100,MAE|SAE,2.2813009987214143
4443,99,100,MAE|SAE,3.1670526444382694
4444,99,101,MAE|SAE,2.6447685087619335
4445,99,109,MAE|SAE,4.602881312164332
4446,99,107,MAE|SAE,4.8718523485110925
4447,99,100,MAE|SAE,3.9765289615924466
4448,99,105,MAE|SAE,3.5475910147039884
4449,99,100,MAE|SAE,13.990043744564797
4450,99,101,MAE|SAE,2.401808877708397
4451,99,100,MAE|SAE,3.15322422219332
4452,99,101,MAE|SAE,1.8096367595341332
4453,99,100,MAE|SAE,1.7919902492836082
4454,99,101,MAE|SAE,2.3587506447946147
4455,99,124,MAE|SAE,9.129444838061355
4456,99,111,MAE|SAE,13.664356024198494
4457,99,100,MAE|SAE,1.4235845715412179
4458,99,105,MAE|SAE,4.958402440674075
4459,99,107,MAE|SAE,6.0761866252018315
4460,99,101,MAE|SAE,4.3297749282977565
4461,99,100,MAE|SAE,2.4069691587901176
4462,99,100,MAE|SAE,5.142612784151683
4463,99,103,MAE|SAE,7.240979781176436
4464,99,100,MAE|SAE,5.960541312738231
4465,99,100,MAE|SAE,1.0163628724594151
4466,99,103,MAE|SAE,5.010854012305315
4467,99,100,MAE|SAE,0.9850637838351434
4468,97,105,MAE,5.855629260740633
4469,97,104,MAE|SAE,4.9274297356676735
4470,97,102,LAE|MAE,5.104619499282496
4471,97,101,MAE,5.95991372277166
4472,98,101,LAE|MAE,4.5018361253488
4473,98,105,LAE|MAE|SAE,5.647953565379984
4474,98,109,LAE|MAE|SAE,8.43628035953372
4475,98,101,LAE|MAE,10.028106561226833
4476,98,101,LAE|MAE,19.56693831803943
4477,98,109,LAE|MAE|SAE,8.320060515859089
4478,98,101,LAE|MAE,4.939933916027815
4479,98,101,LAE|MAE,4.5432220067627656
4480,99,101,MAE,4.79459772065231
4481,99,101,MAE,4.468525806242249
4482,99,101,MAE,4.273566519183167
4483,99,139,MAE|SAE,14.185570912417184
4484,99,105,MAE|SAE,3.303085588651759
4485,99,101,MAE,5.044391522005155
4486,99,101,MAE,1.9956705330682498
4487,99,101,MAE,3.950857210666565
4488,99,109,MAE|SAE,8.731475111447173
4489,99,101,MAE,9.502519155211077
4490,99,101,MAE,1.9355481777117256
4491,99,101,MAE,3.9143623075417797
4492,99,121,LAE|MAE|SAE,7.229373057677966
4493,99,104,MAE|SAE,5.035632915956537
4494,99,103,MAE,5.221623899324874
4495,100,101,MAE|SAE,4.637239370356786
4496,100,101,MAE|SAE,1.5005532411196423
4497,100,103,MAE|SAE,4.383247278868232
4498,100,101,MAE|SAE,2.6130795926841937
4499,100,101,MAE|SAE,4.1936902467137065
4500,100,101,MAE|SAE,3.250552109161102
4501,100,101,MAE|SAE,2.915177454283079
4502,100,101,MAE|SAE,3.8943962898077804
4503,100,101,MAE|SAE,4.287971162782043
4504,100,101,MAE|SAE,1.937835305970481
4505,100,101,MAE|SAE,1.8043348759703253
4506,100,101,MAE|SAE,2.900637365492594
4507,100,101,MAE|SAE,1.7247111480220494
4508,100,129,LAE|MAE|SAE,9.329966963436688
4509,100,113,MAE|SAE,7.885341571025312
4510,100,102,LAE|MAE|SAE,2.668392338176819
4511,100,101,MAE|SAE,3.7883164255629644
4512,100,105,MAE|SAE,3.2625517802022745
4513,100,101,MAE|SAE,1.4219691881690715
4514,100,101,MAE|SAE,3.0681592503633275
4515,100,116,LAE|MAE|SAE,8.327021534747628
4516,100,105,MAE|SAE,3.7653124571542667
4517,100,101,MAE|SAE,4.040198636979121
4518,100,109,MAE|SAE,6.585682682672852
4519,100,101,MAE|SAE,4.630317776762608
4520,100,101,MAE|SAE,4.548046141364464
4521,101,129,LAE|MAE|SAE,9.30337641454157
4522,101,117,LAE|MAE|SAE,9.434539283974043
4523,101,103,LAE|MAE,5.581554039184223
4524,101,102,LAE|MAE,1.9233369220204688
4525,101,105,LAE|MAE|SAE,3.2001665198866194
4526,99,104,MAE|SAE,5.505888138817567
4527,99,103,MAE,4.872966215177718
4528,99,103,MAE,4.463599383803468
4529,100,103,MAE|SAE,5.634103151090289
4530,100,107,MAE|SAE,5.845541084468022
4531,100,107,MAE|SAE,3.766752861475437
4532,100,109,MAE|SAE,6.511909570463072
4533,100,129,LAE|MAE|SAE,9.399502342390315
4534,100,103,MAE|SAE,4.918055092513145
4535,100,107,MAE|SAE,4.403655129275531
4536,100,109,MAE|SAE,6.475481026167947
4537,100,105,MAE|SAE,4.93361784799064
4538,101,104,MAE|SAE,3.3934901303301515
4539,101,104,MAE|SAE,1.8868555887531155
4540,101,116,LAE|MAE|SAE,5.382782856877927
4541,101,105,MAE|SAE,4.1528815539487365
4542,101,111,MAE|SAE,6.456592174098159
4543,101,105,MAE|SAE,3.9444849126106587
4544,101,111,MAE|SAE,5.169974677261665
4545,101,105,MAE,2.800577842572066
4546,101,103,MAE,5.807400844441579
4547,101,105,MAE,6.774301775053145
4548,101,109,MAE|SAE,3.7435040213661757
4549,101,109,MAE|SAE,6.542754718402632
4550,101,105,MAE,3.6660587559065143
4551,101,104,MAE|SAE,3.9958821704837137
4552,101,109,MAE|SAE,6.276108493310531
4553,101,103,MAE,4.031645634460418
4554,101,135,MAE|SAE,14.034920474295294
4555,101,119,MAE,11.53267859955976
4556,101,105,MAE|SAE,3.0204781514203005
4557,101,105,MAE|SAE,2.9784519269508816
4558,101,107,MAE,4.961877828813133
4559,101,103,MAE,4.175186216161521
4560,101,109,MAE|SAE,3.7061228643993243
4561,101,104,MAE|SAE,2.625998842733939
4562,101,105,MAE|SAE,3.983071917012287
4563,101,104,MAE|SAE,3.8766649887105005
4564,101,109,MAE|SAE,3.9740658006658394
4565,101,113,MAE|SAE,4.372929677616884
4566,101,109,MAE|SAE,5.052726884962055
4567,101,104,MAE|SAE,4.258665727380262
4568,101,107,MAE|SAE,4.530024152294615
4569,101,109,MAE|SAE,10.56328992178991
4570,101,112,MAE|SAE,7.259041806925578
4571,101,121,LAE|MAE|SAE,9.297608897696609
4572,101,107,MAE|SAE,3.97513995213906
4573,101,108,MAE|SAE,6.928649112265257
4574,101,113,MAE|SAE,7.993152020909172
4575,102,104,LAE|MAE|SAE,2.0159708207194154
4576,102,113,LAE|MAE|SAE,9.250257690136
4577,102,103,LAE|MAE,5.940203857349008
4578,102,104,LAE|MAE|SAE,2.4847340249814427
4579,100,109,MAE|SAE,4.387658615779293
4580,100,104,SAE,4.243534258157263
4581,100,132,MAE|SAE,13.896435325071971
4582,101,109,MAE|SAE,6.320434794488497
4583,101,109,MAE|SAE,7.033237228001448
4584,101,112,MAE|SAE,8.48074629614586
4585,101,111,MAE|SAE,8.216498503737753
4586,101,108,MAE|SAE,3.805375766699346
4587,101,104,MAE|SAE,4.464827983218505
4588,101,108,MAE|SAE,4.363604189099043
4589,101,104,MAE|SAE,3.853645397979896
4590,101,104,MAE|SAE,11.537767258371412
4591,103,115,LAE|MAE|SAE,4.678952927293554
4592,103,104,MAE|SAE,2.0567329661743075
4593,103,107,MAE|SAE,4.644582246832939
4594,103,104,MAE|SAE,1.7857336521744052
4595,103,105,MAE|SAE,1.7074688547852757
4596,103,105,MAE|SAE,1.7275833894662285
4597,103,119,LAE|MAE|SAE,6.208737045010208
4598,103,104,MAE|SAE,2.5310978778514377
4599,103,104,MAE|SAE,1.6187866560995061
4600,103,105,MAE|SAE,2.8899528264611134
4601,103,105,MAE|SAE,2.687426234055622
4602,103,105,MAE|SAE,1.9041694402395346
4603,103,105,MAE|SAE,1.81876602243118
4604,103,104,MAE|SAE,1.859771063710102
4605,103,108,MAE|SAE,3.2138002052754953
4606,103,109,MAE|SAE,3.4335574829917186
4607,103,104,MAE|SAE,2.8866178749403892
4608,103,104,MAE|SAE,2.602358676780376
4609,103,105,MAE|SAE,3.0085163555161127
4610,103,105,MAE|SAE,2.0445117021040256
4611,103,105,MAE|SAE,2.483056658224818
4612,103,109,MAE|SAE,3.325298316614251
4613,103,104,MAE|SAE,1.7486994813269434
4614,103,104,MAE|SAE,1.6304879680187887
4615,103,104,MAE|SAE,1.8481331389982376
4616,103,105,MAE|SAE,2.2447619461444774
4617,103,105,MAE|SAE,3.294426416467896
4618,103,105,MAE|SAE,6.435852420200304
4619,103,104,MAE|SAE,1.5290199926654682
4620,103,104,MAE|SAE,3.3862114091334385
4621,103,111,MAE|SAE,4.562684338101834
4622,103,105,MAE|SAE,1.347739867622476
4623,103,104,MAE|SAE,1.9060690448141966
4624,103,108,MAE|SAE,3.0814147913203827
4625,103,105,MAE|SAE,3.029256902969885
4626,103,105,MAE|SAE,2.149028457535584
4627,103,105,MAE|SAE,2.012913840350307
4628,103,104,MAE|SAE,1.9116715166582203
4629,103,107,MAE|SAE,4.32276970059122
4630,103,109,MAE|SAE,4.808773479159388
4631,103,104,MAE|SAE,2.059838930669288
4632,103,107,MAE|SAE,5.118321016769504
4633,103,109,MAE|SAE,3.8569662229400277
4634,103,104,MAE|SAE,2.9333972277778106
4635,103,104,MAE|SAE,3.880122763596297
4636,103,105,MAE|SAE,2.4750159510644574
4637,103,104,MAE|SAE,1.462438877607641
4638,103,104,MAE|SAE,1.7142279255594703
4639,103,104,MAE|SAE,4.237903392452341
4640,103,108,MAE|SAE,4.727636272819994
4641,103,105,MAE|SAE,1.8430689030085121
4642,103,109,MAE|SAE,4.316995638149157
4643,103,105,MAE|SAE,3.2069361980884112
4644,103,105,MAE|SAE,1.7526157140730996
4645,103,104,MAE|SAE,2.6137040324001295
4646,103,105,MAE|SAE,2.02596238378556
4647,103,105,MAE|SAE,2.5237167319406524
4648,103,105,MAE|SAE,1.8080864122776201
4649,103,104,MAE|SAE,1.7715352089933558
4650,103,104,MAE|SAE,4.279315588953944
4651,103,104,MAE|SAE,2.784569007414924
4652,103,112,MAE|SAE,5.6137170979029
4653,103,109,MAE|SAE,6.626709690147169
4654,103,104,MAE|SAE,4.313134168058787
4655,103,109,MAE|SAE,3.4225498088482413
4656,103,104,MAE|SAE,1.5804602808272747
4657,103,104,MAE|SAE,3.842006599854885
4658,103,107,MAE|SAE,2.696512156981531
4659,103,105,MAE|SAE,1.8736360317845928
4660,103,110,LAE|MAE|SAE,3.4141862375969367
4661,103,104,MAE|SAE,3.3620604235030833
4662,103,105,MAE|SAE,6.94799976698319
4663,103,116,LAE|MAE|SAE,4.722055078859744
4664,103,104,MAE|SAE,4.005209002107525
4665,103,104,MAE|SAE,3.4286535129202647
4666,103,104,MAE|SAE,4.412174350218346
4667,103,104,MAE|SAE,4.325740127487371
4668,103,109,MAE|SAE,4.678910276470747
4669,103,113,MAE|SAE,6.359648575798179
4670,103,107,MAE|SAE,3.207532457953425
4671,103,109,MAE|SAE,7.177489514458507
4672,103,107,MAE|SAE,5.321422451996367
4673,103,105,MAE|SAE,3.0490999753243466
4674,103,104,MAE|SAE,3.810755574413071
4675,103,104,MAE|SAE,5.499884625628929
4676,101,105,MAE,4.28476147184541
4677,101,113,MAE,14.606485423117729
4678,103,109,MAE,8.030366230069644
4679,103,107,MAE,2.5060116633204976
4680,103,105,MAE,3.597522984201379
4681,103,109,MAE|SAE,6.093181480310838
4682,103,109,MAE,3.5114495951872593
4683,103,111,LAE|MAE|SAE,3.4043220169418227
4684,103,116,LAE|MAE|SAE,4.734127012623304
4685,103,109,MAE|SAE,6.185532400261297
4686,103,125,MAE|SAE,8.574353753862523
4687,103,105,MAE,4.393741377910608
4688,103,111,MAE|SAE,8.83336875445458
4689,103,119,LAE|MAE,14.216055837055537
4690,103,105,MAE,3.6759835892507766
4691,103,111,MAE|SAE,6.773502886392228
4692,103,105,MAE,4.509260746279948
4693,103,119,LAE|MAE|SAE,7.118750426368879
4694,103,109,MAE,7.847669506116167
4695,103,129,LAE|MAE|SAE,8.696329311305785
4696,103,117,MAE,10.34632955216326
4697,103,107,MAE,3.4265871437139412
4698,103,108,MAE|SAE,6.171903056672713
4699,103,120,MAE|SAE,12.792809870487176
4700,104,105,MAE|SAE,5.023038068436737
4701,104,105,MAE|SAE,3.5864451614773976
4702,104,105,MAE|SAE,3.9622221543334906
4703,104,105,MAE|SAE,1.137246735080589
4704,104,105,MAE|SAE,9.486067172147795
4705,104,116,MAE|SAE,5.383689546987709
4706,104,109,MAE|SAE,3.261795691420484
4707,104,105,MAE|SAE,4.2937476444830684
4708,104,105,MAE|SAE,1.3609157081175502
4709,104,107,MAE|SAE,3.1615484234798767
4710,104,108,MAE|SAE,5.105642312302088
4711,104,107,MAE|SAE,4.64808517803692
4712,104,109,MAE|SAE,3.534291833636341
4713,104,107,MAE|SAE,4.818678643326836
4714,104,112,MAE|SAE,5.87755285351691
4715,104,107,MAE|SAE,2.869617081788581
4716,104,105,MAE|SAE,2.5902619528599544
4717,104,112,MAE|SAE,5.907203222158415
4718,104,105,MAE|SAE,2.471625027546201
4719,104,105,MAE|SAE,2.2115746142017203
4720,104,105,MAE|SAE,3.819773400598531
4721,104,111,MAE|SAE,4.507493918606977
4722,104,105,MAE|SAE,3.82348070323606
4723,104,109,MAE|SAE,3.09646858131682
4724,104,105,MAE|SAE,4.362006940090363
4725,104,107,MAE|SAE,4.5786259556344024
4726,104,105,MAE|SAE,4.47596069738425
4727,104,111,MAE|SAE,5.995692216610533
4728,104,111,MAE|SAE,6.1307750952967295
4729,104,116,LAE|MAE|SAE,5.176821588481932
4730,104,105,MAE|SAE,3.397412621516799
4731,104,105,MAE|SAE,3.236384351295758
4732,104,108,MAE|SAE,7.0621306935218815
4733,104,105,MAE|SAE,5.289115737283642
4734,104,105,MAE|SAE,2.663643806342184
4735,104,105,MAE|SAE,2.2482126789595736
4736,104,105,MAE|SAE,4.550404805262447
4737,104,105,MAE|SAE,3.082625822276208
4738,104,111,MAE|SAE,6.128104159660869
4739,104,105,MAE|SAE,2.899896072365535
4740,104,105,MAE|SAE,5.162495055901228
4741,104,105,MAE|SAE,6.482679277350972
4742,104,105,MAE|SAE,1.7677503463487962
4743,104,109,MAE|SAE,7.489344653680721
4744,104,105,MAE|SAE,4.232322189913622
4745,104,109,MAE|SAE,5.518257406281313
4746,104,105,MAE|SAE,4.613975956843369
4747,104,105,MAE|SAE,6.060287498333859
4748,104,105,MAE|SAE,2.9829829303836064
4749,104,113,MAE|SAE,7.489042506501091
4750,103,109,MAE|SAE,6.779595212570922
4751,104,107,MAE|SAE,4.545871671821832
4752,104,107,MAE|SAE,3.1711874385515615
4753,104,109,MAE|SAE,3.262184740285321
4754,104,107,MAE|SAE,3.7764688364985113
4755,104,107,MAE|SAE,6.734422947108502
4756,104,112,MAE|SAE,6.513777695483395
4757,104,123,MAE|SAE,6.531790862760998
4758,104,111,MAE|SAE,6.2545818103141935
4759,104,107,MAE|SAE,5.581549443159023
4760,104,113,MAE|SAE,3.9909189831362046
4761,104,112,MAE|SAE,6.399628703179046
4762,105,115,MAE,12.858755207422508
4763,105,108,MAE|SAE,4.122940851556989
4764,105,113,MAE,4.712707126310968
4765,105,112,MAE|SAE,5.792344909803041
4766,105,107,MAE,2.5927919245734943
4767,105,107,MAE,3.0539572840582574
4768,105,112,MAE|SAE,3.488742789107213
4769,105,109,MAE|SAE,5.428224846554702
4770,105,109,MAE,4.236853500724136
4771,105,113,MAE|SAE,6.062664800523599
4772,105,109,MAE|SAE,5.4925584040037885
4773,105,107,MAE,2.246345559481692
4774,105,125,MAE,19.05954478900696
4775,105,113,MAE|SAE,6.013827074728395
4776,105,109,MAE|SAE,2.582989427926216
4777,105,107,MAE,4.362863363046812
4778,105,107,MAE,2.872296362993966
4779,105,107,MAE,4.1932608790507295
4780,105,107,MAE,7.306162976607674
4781,105,109,MAE|SAE,5.940045726906415
4782,105,107,MAE,2.6597340005791787
4783,105,111,MAE,10.639862063177734
4784,105,109,MAE|SAE,2.6998624909340854
4785,105,107,MAE,4.047437130443815
4786,105,119,LAE|MAE|SAE,6.073143198890333
4787,105,118,LAE|MAE|SAE,11.808413150749638
4788,105,113,MAE|SAE,5.767503923767144
4789,105,108,MAE|SAE,7.449032838891133
4790,105,107,MAE,6.296691393499997
4791,105,107,MAE,2.8514735744198068
4792,105,112,MAE|SAE,6.070606207956245
4793,105,109,MAE,7.765176302085048
4794,105,107,MAE,2.862213167928706
4795,105,109,MAE|SAE,3.135706663405603
4796,105,107,MAE,5.79660539380213
4797,106,107,LAE|MAE,1.4445521190704853
4798,104,123,MAE|SAE,10.046752419799938
4799,104,108,SAE,12.275104168110905
4800,104,120,MAE|SAE,12.06296714751975
4801,104,108,SAE,12.626876434420364
4802,104,116,MAE|SAE,7.214220659516977
4803,104,108,SAE,10.512771913556087
4804,104,116,MAE|SAE,12.600614482416
4805,104,108,SAE,11.99758014779469
4806,104,108,SAE,18.871316975194464
4807,104,108,SAE,8.127259667063655
4808,105,108,MAE|SAE,12.04544593424099
4809,105,108,MAE|SAE,5.8710045100235835
4810,105,111,MAE|SAE,4.707841654797373
4811,105,111,MAE|SAE,5.682155943810252
4812,105,108,MAE|SAE,4.831496265260901
4813,107,109,MAE|SAE,3.1772726239059157
4814,107,109,MAE|SAE,3.9441734833756508
4815,107,108,MAE|SAE,1.7378531292472252
4816,107,109,MAE|SAE,1.941683094170846
4817,107,108,MAE|SAE,1.5593620989333812
4818,107,108,MAE|SAE,1.946766071636307
4819,107,109,MAE|SAE,1.7176217329561116
4820,107,109,MAE|SAE,5.293377633377237
4821,107,108,MAE|SAE,1.7291285931478861
4822,107,108,MAE|SAE,3.040506917818769
4823,107,112,LAE|MAE|SAE,2.8741612452518246
4824,107,108,MAE|SAE,5.695286528025461
4825,107,108,MAE|SAE,1.6725834765646028
4826,107,108,MAE|SAE,1.9451239194100163
4827,107,108,MAE|SAE,3.265378135034223
4828,107,109,MAE|SAE,2.5080108609270013
4829,107,108,MAE|SAE,1.6600432088823527
4830,107,108,MAE|SAE,2.10381864752636
4831,107,109,MAE|SAE,1.8946092780916517
4832,107,111,MAE|SAE,3.7504840814269578
4833,107,109,MAE|SAE,1.8248141885702271
4834,107,109,MAE|SAE,1.8341138590401724
4835,107,112,MAE|SAE,2.960392069330083
4836,107,109,MAE|SAE,2.192946625005183
4837,107,110,LAE|MAE|SAE,2.691240856377142
4838,107,108,MAE|SAE,1.8529469370481482
4839,107,108,MAE|SAE,1.4652705562301451
4840,107,109,MAE|SAE,1.6316739047420163
4841,107,109,MAE|SAE,2.3310950509189454
4842,107,109,MAE|SAE,2.07699079612195
4843,107,109,MAE|SAE,5.5521469123583
4844,107,109,MAE|SAE,1.7834021994181342
4845,107,108,MAE|SAE,2.0912998538705376
4846,107,110,LAE|MAE|SAE,2.4447218253010363
4847,107,109,MAE|SAE,1.844153839979846
4848,107,108,MAE|SAE,2.395525104938954
4849,107,109,MAE|SAE,1.7002518219769447
4850,107,140,MAE|SAE,13.262902448170504
4851,107,108,MAE|SAE,2.2841485553047387
4852,107,109,MAE|SAE,2.090010278046129
4853,107,109,MAE|SAE,2.2389287305401053
4854,107,108,MAE|SAE,1.7017605145156176
4855,107,108,MAE|SAE,1.576207237358053
4856,107,108,MAE|SAE,2.586738679936184
4857,107,109,MAE|SAE,7.124633422886155
4858,107,115,MAE|SAE,7.111570253978664
4859,107,109,MAE|SAE,2.1059232637340495
4860,107,113,MAE|SAE,5.559176562555212
4861,107,109,MAE|SAE,2.0494221272184294
4862,107,111,MAE|SAE,3.6352102302664555
4863,107,112,MAE|SAE,5.3052597696285515
4864,107,108,MAE|SAE,3.99474901379672
4865,107,108,MAE|SAE,1.7991463793326523
4866,107,109,MAE|SAE,2.2831469191086473
4867,107,108,MAE|SAE,1.8972575722897127
4868,107,108,MAE|SAE,1.6520419125739267
4869,107,108,MAE|SAE,3.7314133527827185
4870,107,110,LAE|MAE|SAE,2.33208242897424
4871,107,109,MAE|SAE,2.179181930494117
4872,105,123,MAE,14.995360954792934
4873,105,117,MAE,10.035046070064924
4874,105,115,LAE|MAE,5.524324613859223
4875,107,109,MAE,3.371740038151844
4876,107,109,MAE,5.383930414486456
4877,107,119,MAE,21.358808492530112
4878,107,109,MAE,14.401099699788118
4879,107,116,LAE|MAE|SAE,3.5189771501333245
4880,107,111,MAE,3.6717579612702234
4881,107,113,MAE,12.979367776792
4882,107,109,MAE,6.277039022268009
4883,107,113,MAE|SAE,5.981045518803499
4884,107,117,MAE|SAE,10.310249648547316
4885,107,112,MAE|SAE,5.544344042246885
4886,107,112,MAE|SAE,6.12969798225922
4887,107,113,MAE,6.977613891014612
4888,107,119,MAE|SAE,13.223995533164626
4889,107,109,MAE,5.087549887541197
4890,107,113,MAE,9.92201606858049
4891,108,115,MAE|SAE,6.839874109766106
4892,108,109,MAE|SAE,2.098903225741786
4893,108,109,MAE|SAE,1.9835094834900386
4894,108,111,MAE|SAE,3.8963312741778284
4895,108,109,MAE|SAE,3.297247376736775
4896,108,111,MAE|SAE,2.567448684896115
4897,108,111,MAE|SAE,2.2414135812469445
4898,108,109,MAE|SAE,3.7961824033066893
4899,108,109,MAE|SAE,3.9710126774690413
4900,108,111,LAE|MAE|SAE,3.4432775220024707
4901,108,109,MAE|SAE,4.189028817529403
4902,108,109,MAE|SAE,1.9914625307906815
4903,108,109,MAE|SAE,2.9962672884402255
4904,108,109,MAE|SAE,1.948091396677049
4905,108,113,MAE|SAE,4.982817776955075
4906,108,109,MAE|SAE,1.6338649679706803
4907,108,109,MAE|SAE,3.660185270176242
4908,108,113,MAE|SAE,5.098413227159976
4909,108,109,MAE|SAE,4.389855682975681
4910,108,109,MAE|SAE,1.5828040287135716
4911,108,109,MAE|SAE,3.198673874058881
4912,108,109,MAE|SAE,1.9850197217368986
4913,108,109,MAE|SAE,1.8132802658518798
4914,108,118,LAE|MAE|SAE,5.357790601589791
4915,108,109,MAE|SAE,1.9303499326960016
4916,108,109,MAE|SAE,2.245450531650081
4917,108,116,MAE|SAE,4.838092346941349
4918,108,115,MAE|SAE,3.183343664681158
4919,108,111,MAE|SAE,2.4726524504875083
4920,108,120,MAE|SAE,8.512282700346484
4921,108,111,MAE|SAE,2.236994902385594
4922,108,109,MAE|SAE,2.4041056442377906
4923,108,109,MAE|SAE,2.007106487115521
4924,108,111,MAE|SAE,5.990152707381681
4925,108,113,MAE|SAE,5.199818676196297
4926,108,109,MAE|SAE,2.1777240830030085
4927,108,136,LAE|MAE|SAE,9.432180795592112
4928,106,110,LAE,1.2733591612174704
4929,109,112,LAE|MAE|SAE,1.9991179857533403
4930,109,111,LAE|MAE,2.1014372877632552
4931,109,120,LAE|MAE|SAE,5.041426354188611
4932,109,113,LAE|MAE|SAE,2.668838447382286
4933,107,113,MAE,9.17918810360809
4934,107,117,MAE,7.082186336964737
4935,107,113,MAE|SAE,5.603029209843144
4936,107,112,MAE|SAE,4.175412354187109
4937,108,115,MAE|SAE,3.0809510627607146
4938,108,111,MAE|SAE,5.644876245684787
4939,109,117,MAE|SAE,3.6672573545564338
4940,109,112,MAE|SAE,3.0652623675482618
4941,109,113,MAE|SAE,3.202028820685362
4942,109,111,MAE,1.7496754475193361
4943,109,112,MAE|SAE,2.5237122293517813
4944,109,111,MAE,4.364384419984432
4945,109,113,MAE,2.531325338995402
4946,109,115,MAE|SAE,6.375089976274395
4947,109,115,MAE,13.468985407042158
4948,109,116,MAE|SAE,10.337508549376551
4949,109,124,LAE|MAE|SAE,5.545073677268941
4950,109,121,MAE|SAE,4.736643697507525
4951,109,113,MAE,3.405085983730641
4952,109,112,MAE|SAE,10.820221614438386
4953,109,120,MAE|SAE,6.3955661225784315
4954,109,115,MAE,9.400046904831155
4955,109,113,MAE|SAE,9.150685217232326
4956,109,116,MAE|SAE,7.680273413718627
4957,109,111,MAE,3.4002447516578904
4958,109,113,MAE|SAE,3.0273975143044236
4959,109,117,MAE|SAE,13.378789624835377
4960,110,112,LAE|MAE|SAE,2.310557381967218
4961,110,111,LAE|MAE,1.566653878276422
4962,108,112,SAE,13.129932977899983
4963,108,112,SAE,10.498460952202445
4964,108,112,SAE,3.6431162515695856
4965,108,120,LAE|MAE|SAE,5.4027453806306225
4966,109,113,MAE|SAE,5.545361446038884
4967,109,112,MAE|SAE,3.361273813393964
4968,109,124,LAE|MAE|SAE,5.53571912904387
4969,109,121,LAE|MAE|SAE,5.012841879202544
4970,111,112,MAE|SAE,4.639886026548843
4971,111,113,MAE|SAE,2.595064725117891
4972,111,117,MAE|SAE,3.657237430647342
4973,111,113,MAE|SAE,1.4232965600538472
4974,111,112,MAE|SAE,6.405163954441958
4975,111,112,MAE|SAE,1.5162926068825706
4976,111,117,MAE|SAE,4.575953969356604
4977,111,112,MAE|SAE,2.8195239461647574
4978,111,112,MAE|SAE,4.513551394197385
4979,111,112,MAE|SAE,1.5173970042540639
4980,111,112,MAE|SAE,2.744868633558169
4981,111,112,MAE|SAE,4.954931260055031
4982,111,120,LAE|MAE|SAE,4.297490487231196
4983,111,113,MAE|SAE,2.155087419062888
4984,111,119,MAE|SAE,3.3735517099027357
4985,111,113,MAE|SAE,2.456245104704732
4986,111,117,MAE|SAE,5.854204579837085
4987,111,113,MAE|SAE,5.629614007408222
4988,111,112,MAE|SAE,2.6643506715346508
4989,111,112,MAE|SAE,1.5715271959725552
4990,111,113,MAE|SAE,2.2326439103735853
4991,111,112,MAE|SAE,13.907267342643209
4992,111,115,MAE|SAE,2.7944441261708333
4993,111,121,MAE|SAE,4.044901241171398
4994,111,112,MAE|SAE,1.1127571317313922
4995,111,113,MAE|SAE,1.518833426671194
4996,111,112,MAE|SAE,4.88708547014181
4997,111,112,MAE|SAE,1.457836505140521
4998,111,112,MAE|SAE,2.763845993576988
4999,111,113,MAE|SAE,1.939848103413325
5000,111,115,MAE|SAE,7.946374474405821
5001,111,113,MAE|SAE,5.21379963010351
5002,111,112,MAE|SAE,7.5390062696968005
5003,109,133,LAE|MAE|SAE,8.348039537268908
5004,110,117,LAE|MAE,3.9392836883566686
5005,111,113,MAE,5.310698655317358
5006,111,113,MAE,5.474264669377492
5007,111,115,MAE,10.17657466095238
5008,111,113,MAE,6.858809808483022
5009,111,113,MAE,4.899497183498999
5010,111,122,LAE|MAE|SAE,7.112756218500794
5011,111,120,MAE|SAE,6.435590373417001
5012,111,113,MAE,5.931971207763827
5013,111,113,MAE,5.538865718093705
5014,111,133,MAE,13.364294980544637
5015,111,113,MAE,5.5319283236375405
5016,111,121,LAE|MAE|SAE,7.247998411094565
5017,111,115,MAE,11.946215899107699
5018,112,116,LAE|MAE|SAE,2.2685206742110577
5019,112,115,MAE|SAE,2.1924023686774192
5020,112,113,MAE|SAE,2.039688395386772
5021,112,116,LAE|MAE|SAE,2.2959366298799857
5022,112,116,MAE|SAE,2.251722080575142
5023,112,113,MAE|SAE,3.8757803623511413
5024,112,113,MAE|SAE,2.2824289551800327
5025,112,116,LAE|MAE|SAE,2.2081841566169746
5026,112,117,MAE|SAE,2.8102671315751966
5027,112,113,MAE|SAE,2.4747339267450035
5028,112,116,MAE|SAE,2.3116377938472246
5029,112,117,MAE|SAE,2.9054123171657738
5030,112,115,LAE|MAE|SAE,2.262499572734262
5031,112,116,LAE|MAE|SAE,2.2904258425571804
5032,112,116,LAE|MAE|SAE,2.343159376659446
5033,112,113,MAE|SAE,1.5307455843088627
5034,112,120,MAE|SAE,3.3615928050494657
5035,112,113,MAE|SAE,1.5864201546453514
5036,112,113,MAE|SAE,4.113774939034939
5037,112,113,MAE|SAE,1.486000274611975
5038,112,113,MAE|SAE,1.4111661023497024
5039,112,120,MAE|SAE,3.4717662219796126
5040,112,117,MAE|SAE,3.070103805192514
5041,112,113,MAE|SAE,1.8820354847673566
5042,112,113,MAE|SAE,1.4599197002342967
5043,112,113,MAE|SAE,4.111101130593073
5044,112,113,MAE|SAE,3.790152564420492
5045,112,117,MAE|SAE,5.622055284188869
5046,112,113,MAE|SAE,2.462061387261152
5047,112,113,MAE|SAE,2.310789783956185
5048,112,129,MAE|SAE,7.720058563799795
5049,112,113,MAE|SAE,1.7443552700350051
5050,112,113,MAE|SAE,4.1206961500352595
5051,112,125,LAE|MAE|SAE,4.903689432232491
5052,112,113,MAE|SAE,4.177484513602185
5053,112,113,MAE|SAE,1.5463672889635767
5054,112,124,LAE|MAE|SAE,5.052215806501599
5055,112,113,MAE|SAE,1.4290335874229716
5056,112,113,MAE|SAE,1.6272286902702155
5057,112,113,MAE|SAE,3.847638040088313
5058,112,113,MAE|SAE,3.898065252097482
5059,112,117,MAE|SAE,3.64880919652263
5060,112,113,MAE|SAE,2.5294152091038544
5061,112,116,MAE|SAE,3.2050618658853067
5062,112,117,MAE|SAE,2.5987763688843346
5063,112,120,MAE|SAE,3.568303980569545
5064,112,113,MAE|SAE,1.4492839825352373
5065,112,120,MAE|SAE,5.567541295205681
5066,112,113,MAE|SAE,2.4895659675789314
5067,112,119,MAE|SAE,3.974972185814511
5068,112,121,LAE|MAE|SAE,4.514837091656443
5069,110,142,LAE,48.763081417862594
5070,111,114,LAE|MAE,5.153366590471734
5071,111,114,LAE|MAE,2.7484618716609632
5072,113,123,LAE|MAE|SAE,4.897338710778258
5073,113,128,LAE|MAE|SAE,5.745172393463799
5074,113,116,LAE|MAE|SAE,1.9312883854356513
5075,113,114,LAE|MAE,4.797509256391524
5076,113,123,LAE|MAE,9.874907982899634
5077,111,115,MAE,7.692369388882585
5078,111,115,MAE,6.165852632476444
5079,111,140,MAE|SAE,11.95622887551889
5080,111,117,MAE|SAE,2.6008730702441825
5081,112,118,LAE|MAE|SAE,4.0896510562739445
5082,112,117,MAE|SAE,2.2110781793803045
5083,113,120,MAE|SAE,3.2334645060414715
5084,113,116,MAE|SAE,3.2490251224575877
5085,113,125,MAE|SAE,10.35632377330097
5086,113,129,LAE|MAE|SAE,5.24632687788084
5087,113,123,MAE|SAE,6.50083454723654
5088,113,116,MAE|SAE,5.340717002985334
5089,113,127,MAE|SAE,8.758346584937522
5090,113,115,MAE,11.034216132180187
5091,113,121,MAE,12.031605755359028
5092,113,120,MAE|SAE,3.752562197312101
5093,113,115,MAE,4.232676259638356
5094,113,117,MAE|SAE,2.7980920536567235
5095,113,125,MAE|SAE,5.470991455714063
5096,113,136,LAE|MAE|SAE,7.384809081092312
5097,113,115,MAE,5.990980011940481
5098,113,120,MAE|SAE,3.8036061318905827
5099,113,119,LAE|MAE|SAE,5.226008148832568
5100,113,121,MAE,6.537686835737288
5101,113,115,MAE,6.48762685346524
5102,113,120,LAE|MAE|SAE,7.561779989222867
5103,113,125,LAE|MAE|SAE,5.438756368712539
5104,113,128,LAE|MAE|SAE,5.078722934707109
5105,113,117,MAE,5.989707465101015
5106,113,129,LAE|MAE|SAE,5.234738527935255
5107,113,124,LAE|MAE|SAE,4.323705319245779
5108,113,115,MAE,9.31751249200423
5109,113,117,MAE,3.2705831291306837
5110,113,122,LAE|MAE|SAE,5.770698131739235
5111,113,119,LAE|MAE|SAE,3.555878110590096
5112,113,115,MAE,5.573727029633432
5113,113,116,MAE|SAE,2.046118226999831
5114,113,115,MAE,5.280012972996851
5115,113,124,LAE|MAE|SAE,6.575222203708371
5116,113,115,MAE,6.134472768959408
5117,113,115,MAE,3.88606551891788
5118,113,120,MAE|SAE,7.4036256902668045
5119,114,117,LAE|MAE|SAE,3.3238426010396913
5120,114,117,LAE|MAE|SAE,3.2132002124821457
5121,112,116,SAE,6.8294227370466745
5122,112,116,SAE,2.3412587865792567
5123,113,123,LAE|MAE|SAE,4.02795294792857
5124,113,121,MAE|SAE,3.5346169199511905
5125,113,123,MAE|SAE,4.840771676461044
5126,113,116,MAE|SAE,7.5169023101918455
5127,113,117,MAE|SAE,3.1359104641622584
5128,115,117,MAE|SAE,1.93671160088035
5129,115,117,MAE|SAE,3.1092601947551306
5130,115,117,MAE|SAE,3.081699598056537
5131,115,121,LAE|MAE|SAE,3.1295800070888693
5132,115,123,LAE|MAE|SAE,3.366935239424649
5133,115,122,LAE|MAE|SAE,3.4876474046609314
5134,115,116,MAE|SAE,2.8761763348117637
5135,115,117,MAE|SAE,2.9190851443501225
5136,115,116,MAE|SAE,4.326533272702753
5137,115,120,MAE|SAE,2.840931848843713
5138,115,119,MAE|SAE,2.81907375111416
5139,115,120,MAE|SAE,2.874562811201725
5140,115,116,MAE|SAE,2.4030237275775495
5141,115,119,MAE|SAE,6.167541849825283
5142,115,117,MAE|SAE,3.1515899978557673
5143,115,117,MAE|SAE,3.1942335603571186
5144,115,125,MAE|SAE,9.454236011149016
5145,115,116,MAE|SAE,1.4290242530186785
5146,115,119,MAE|SAE,1.7635812972478448
5147,115,116,MAE|SAE,1.5174272346303825
5148,115,128,LAE|MAE|SAE,4.6118278908063335
5149,115,119,MAE|SAE,10.293650145662689
5150,115,116,MAE|SAE,8.373946520911735
5151,113,117,MAE,12.962052983543348
5152,113,120,MAE|SAE,5.349878666811667
5153,113,127,MAE,6.0492519176790385
5154,113,121,LAE|MAE|SAE,6.448756336899
5155,113,127,MAE,17.53460057200517
5156,114,117,LAE|MAE,1.7307453933984502
5157,114,120,LAE|MAE|SAE,3.4551639467497393
5158,115,144,MAE|SAE,13.804305656955984
5159,115,117,MAE,2.3518860638294665
5160,115,117,MAE,9.858648761180506
5161,115,119,MAE,13.868832491532123
5162,115,118,LAE|MAE,5.093271476957975
5163,115,119,MAE,3.036419912561307
5164,115,117,MAE,3.014883534699184
5165,115,117,MAE,3.151778895741528
5166,115,121,LAE|MAE|SAE,3.7337666038851447
5167,115,119,MAE,3.0259044886922886
5168,115,129,MAE|SAE,6.251378868625296
5169,115,117,MAE,7.487435916326949
5170,115,118,LAE|MAE,5.0243502960602004
5171,115,120,MAE|SAE,2.5002249953651425
5172,115,125,MAE|SAE,4.71311760902234
5173,115,123,LAE|MAE|SAE,6.301698850865765
5174,115,125,LAE|MAE|SAE,5.018847387701406
5175,115,122,LAE|MAE|SAE,6.043575311617366
5176,115,119,MAE,5.9512121918179455
5177,115,121,MAE,4.82681665389348
5178,116,120,MAE|SAE,2.988945670773725
5179,116,120,MAE|SAE,2.5073333142964453
5180,116,119,MAE|SAE,2.872359285996575
5181,116,123,MAE|SAE,3.59091407298951
5182,116,121,LAE|MAE|SAE,2.9538092159059417
5183,116,117,MAE|SAE,1.6646037751833984
5184,116,118,LAE|MAE|SAE,3.0495010019547926
5185,116,120,LAE|MAE|SAE,2.9436418903441077
5186,116,120,LAE|MAE|SAE,2.8972163685344494
5187,116,121,MAE|SAE,3.1555585864469564
5188,116,117,MAE|SAE,1.7523299724302308
5189,116,120,LAE|MAE|SAE,2.7816965350518554
5190,116,120,MAE|SAE,2.760708324049361
5191,116,120,LAE|MAE|SAE,2.7187929354287794
5192,116,120,LAE|MAE|SAE,2.7323625848977167
5193,116,117,MAE|SAE,2.398932501363596
5194,116,118,LAE|MAE|SAE,2.7644840044202517
5195,116,117,MAE|SAE,1.2473996347737155
5196,116,117,MAE|SAE,1.1498426082145043
5197,116,121,MAE|SAE,2.6802750544956373
5198,116,121,MAE|SAE,3.474381725948172
5199,116,119,MAE|SAE,2.7475944499296903
5200,116,122,LAE|MAE|SAE,3.287600375492403
5201,116,117,MAE|SAE,2.1858370509455445
5202,116,117,MAE|SAE,1.1010124275758741
5203,116,117,MAE|SAE,4.776538748002416
5204,116,117,MAE|SAE,4.0345183025049565
5205,116,120,MAE|SAE,2.8007440430210027
5206,116,121,MAE|SAE,3.975318777430369
5207,116,117,MAE|SAE,2.8271735868411376
5208,116,117,MAE|SAE,2.7849226950851094
5209,116,125,LAE|MAE|SAE,3.7414167760393062
5210,116,117,MAE|SAE,3.0305041512733517
5211,116,117,MAE|SAE,3.419475345713508
5212,116,120,MAE|SAE,2.698558481782665
5213,116,117,MAE|SAE,3.213860542772449
5214,116,125,LAE|MAE|SAE,4.25305442536141
5215,116,117,MAE|SAE,1.20847009668669
5216,116,117,MAE|SAE,2.839671771607899
5217,116,120,LAE|MAE|SAE,4.104706185657469
5218,116,121,MAE|SAE,5.97607903193323
5219,116,117,MAE|SAE,2.6526476812132262
5220,116,129,LAE|MAE|SAE,4.693099181448193
5221,116,117,MAE|SAE,2.764724972507751
5222,116,117,MAE|SAE,2.9194865780393475
5223,116,117,MAE|SAE,2.702620411930861
5224,116,123,MAE|SAE,3.0887393268916585
5225,116,120,MAE|SAE,2.9396290689698628
5226,116,117,MAE|SAE,3.289786491662849
5227,114,122,LAE,32.69946949169239
5228,114,122,LAE,44.72728777704189
5229,114,126,LAE,42.778234809081226
5230,117,118,LAE|MAE,4.515301732387743
5231,117,120,LAE|MAE|SAE,2.390439248487155
5232,117,128,LAE|MAE|SAE,4.542011911718339
5233,117,118,LAE|MAE,4.911811502507681
5234,117,123,LAE|MAE,8.24292920580077
5235,117,118,LAE|MAE,5.32942575027596
5236,117,120,LAE|MAE|SAE,5.130668523577215
5237,117,118,LAE|MAE,4.256782001763424
5238,117,118,LAE|MAE,2.850938397218685
5239,117,129,LAE|MAE|SAE,4.263693996094237
5240,115,119,MAE,6.004183651201737
5241,115,119,MAE,3.6175760423621126
5242,115,123,LAE|MAE,5.811329320358124
5243,115,123,MAE,5.715478300484306
5244,116,129,LAE|MAE|SAE,4.772950973672877
5245,116,122,LAE|MAE|SAE,3.8677505684135776
5246,116,120,MAE|SAE,2.3159748560280544
5247,116,125,MAE|SAE,9.541468008765964
5248,116,124,MAE|SAE,6.247506958223439
5249,117,120,MAE|SAE,2.6893273194648106
5250,117,119,MAE,1.8998347403841844
5251,117,129,LAE|MAE|SAE,10.827671618674366
5252,117,121,MAE|SAE,3.2289837379052213
5253,117,121,MAE|SAE,2.975816702402804
5254,117,119,MAE,12.616648732953827
5255,117,121,MAE|SAE,2.5624242467887126
5256,117,137,MAE|SAE,7.208441667041865
5257,117,122,LAE|MAE|SAE,5.505718744982071
5258,117,121,MAE|SAE,3.1040472712047587
5259,117,119,MAE,4.536189453472524
5260,117,119,MAE,1.9535525209691862
5261,117,121,MAE|SAE,5.764653771153912
5262,117,131,MAE|SAE,8.81206014255278
5263,117,119,MAE,58.588132167622696
5264,117,119,MAE,1.7906936628487558
5265,117,129,LAE|MAE|SAE,4.825080371065636
5266,117,123,MAE|SAE,3.4667970195255666
5267,117,119,MAE,30.32644166261907
5268,117,121,MAE|SAE,5.297792451089617
5269,117,121,MAE|SAE,3.027078136808607
5270,117,137,MAE|SAE,7.416543868625731
5271,117,129,LAE|MAE|SAE,4.771373848768822
5272,117,119,MAE,12.101285896228008
5273,117,120,MAE|SAE,2.0524979613098653
5274,117,121,MAE,5.800529690741242
5275,117,121,MAE|SAE,4.340206726087064
5276,117,127,MAE|SAE,6.492120304445706
5277,117,121,MAE|SAE,5.530465176026342
5278,117,119,MAE,10.836511123178463
5279,117,119,MAE,2.400598823981137
5280,117,119,MAE,5.012640990090486
5281,117,123,MAE|SAE,5.30198016653925
5282,117,121,MAE,5.764874127689326
5283,117,119,MAE,3.327263498768012
5284,117,124,LAE|MAE|SAE,5.607632895216803
5285,117,120,MAE|SAE,2.824393308612563
5286,117,119,MAE,5.273570232277189
5287,117,119,MAE,2.6886869533949183
5288,117,120,MAE|SAE,2.45188303131841
5289,117,123,LAE|MAE|SAE,4.647885419161477
5290,117,128,LAE|MAE|SAE,5.069042764404186
5291,117,129,LAE|MAE|SAE,5.214125418335555
5292,118,124,LAE|MAE|SAE,5.124355344844255
5293,118,119,LAE|MAE,2.6156523877984963
5294,118,119,LAE|MAE,3.2736778771130273
5295,118,133,LAE|MAE|SAE,5.655915358186383
5296,118,119,LAE|MAE,4.116419071437616
5297,118,119,LAE|MAE,2.9790190935171452
5298,118,119,LAE|MAE,2.1435945284370628
5299,118,127,LAE|MAE|SAE,5.16842863689003
5300,118,122,LAE|MAE|SAE,4.976385265465172
5301,116,120,SAE,6.575750823271413
5302,117,120,MAE|SAE,2.9694802967047487
5303,117,120,MAE|SAE,2.8618083597105026
5304,117,120,MAE|SAE,2.8485447606002445
5305,117,120,MAE|SAE,6.756226579993537
5306,117,123,MAE|SAE,4.394672217520366
5307,117,125,MAE|SAE,4.607637635644102
5308,117,120,MAE|SAE,2.7854572667358166
5309,117,120,MAE|SAE,4.08549330385253
5310,117,121,MAE|SAE,4.215056113845975
5311,117,120,MAE|SAE,5.557348216863444
5312,117,120,MAE|SAE,2.726643487071484
5313,117,127,MAE|SAE,3.9806712144641976
5314,117,123,MAE|SAE,2.779781786655186
5315,117,120,MAE|SAE,7.446881837750683
5316,117,121,MAE|SAE,5.789082565497105
5317,117,121,MAE|SAE,3.110421055662851
5318,117,124,MAE|SAE,6.002769982459021
5319,117,128,MAE|SAE,4.722809741697742
5320,117,130,LAE|MAE|SAE,5.09879564010328
5321,119,121,MAE|SAE,1.6034193570899538
5322,119,121,MAE|SAE,3.6923229124145074
5323,119,121,MAE|SAE,2.070908889207572
5324,119,120,MAE|SAE,1.9556458282572633
5325,119,120,MAE|SAE,1.6614627094961927
5326,119,128,MAE|SAE,3.961361415358571
5327,119,121,MAE|SAE,2.620576618064287
5328,119,121,MAE|SAE,1.52100368948274
5329,119,124,MAE|SAE,3.8789520615665776
5330,119,120,MAE|SAE,1.6115990420074477
5331,119,121,MAE|SAE,1.950864946739297
5332,119,123,LAE|MAE|SAE,5.222281221472513
5333,119,120,MAE|SAE,1.986316059022769
5334,119,121,MAE|SAE,3.642610129820029
5335,119,120,MAE|SAE,1.2829009016927406
5336,119,124,LAE|MAE|SAE,5.041548960284398
5337,119,123,MAE|SAE,2.4144172719095343
5338,119,121,MAE|SAE,2.093456219469721
5339,119,120,MAE|SAE,1.9671658609265283
5340,119,120,MAE|SAE,2.0154977863700485
5341,119,121,MAE|SAE,1.8514095781920334
5342,119,129,LAE|MAE|SAE,5.892968854333116
5343,119,120,MAE|SAE,2.033510010853048
5344,119,120,MAE|SAE,7.9528260523110195
5345,119,120,MAE|SAE,2.1194951331801892
5346,119,120,MAE|SAE,1.464196764404861
5347,119,129,LAE|MAE|SAE,5.874931414992272
5348,119,120,MAE|SAE,2.138752112436153
5349,119,120,MAE|SAE,2.6984691181021927
5350,119,120,MAE|SAE,3.4190859580012227
5351,119,120,MAE|SAE,1.7599203489386783
5352,119,120,MAE|SAE,1.5843449461073273
5353,119,120,MAE|SAE,1.6172149790617778
5354,119,120,MAE|SAE,8.543134698054326
5355,119,120,MAE|SAE,2.0447764300201907
5356,119,131,LAE|MAE|SAE,5.509407273815197
5357,119,124,MAE|SAE,3.787750230641095
5358,119,123,MAE|SAE,2.6403944611528285
5359,119,120,MAE|SAE,1.962009426628924
5360,119,137,LAE|MAE|SAE,10.622715829581916
5361,119,131,LAE|MAE|SAE,5.26074946685531
5362,119,131,LAE|MAE|SAE,4.55902644652006
5363,119,121,MAE|SAE,2.081537856909709
5364,119,137,MAE|SAE,11.566612958134883
5365,119,120,MAE|SAE,1.9885355723355322
5366,119,129,LAE|MAE|SAE,5.571882174894738
5367,119,129,LAE|MAE|SAE,3.7807403119564875
5368,119,120,MAE|SAE,2.95752271130675
5369,119,120,MAE|SAE,1.9493923619777351
5370,117,125,MAE|SAE,4.172876842647287
5371,117,121,MAE,6.03173634336892
5372,117,123,MAE,4.380284232029174
5373,117,125,MAE|SAE,4.292240914030044
5374,118,122,LAE|MAE,4.838376961735419
5375,118,124,LAE|MAE|SAE,5.282878842586131
5376,118,129,LAE|MAE|SAE,5.1432455447202
5377,119,129,MAE|SAE,4.1639384415206
5378,119,133,MAE,11.797884600252862
5379,119,127,MAE,10.767301258636872
5380,119,121,MAE,4.586919887128663
5381,119,127,MAE,6.128322600366107
5382,119,129,MAE|SAE,3.781861449524212
5383,119,129,MAE|SAE,6.480513521356709
5384,119,121,MAE,3.8658053875007043
5385,119,121,MAE,5.398313052781954
5386,119,123,MAE,9.426532628920768
5387,119,137,MAE|SAE,10.645877492535549
5388,119,129,LAE|MAE|SAE,3.4572705310236422
5389,119,144,MAE|SAE,10.061774522870367
5390,119,121,MAE,7.504155938624414
5391,119,128,LAE|MAE|SAE,6.262141891008445
5392,119,136,LAE|MAE|SAE,6.0456907246334195
5393,119,129,LAE|MAE|SAE,5.57098364390544
5394,119,124,LAE|MAE|SAE,4.880826162699419
5395,119,121,MAE,4.804789682296521
5396,119,121,MAE,6.41785534714425
5397,119,121,MAE,8.267660971959154
5398,119,121,MAE,1.7623784725830072
5399,119,121,MAE,2.048590107721404
5400,119,125,MAE,5.266245270208088
5401,120,125,LAE|MAE|SAE,2.6017201203366405
5402,120,121,MAE|SAE,3.824729891664429
5403,120,121,MAE|SAE,2.8521907395876545
5404,120,125,LAE|MAE|SAE,3.7024849156358552
5405,120,121,MAE|SAE,2.0045274882658837
5406,120,123,MAE|SAE,2.12050096687649
5407,120,121,MAE|SAE,1.555070103107027
5408,120,125,MAE|SAE,3.3351493869479234
5409,120,125,MAE|SAE,4.135662150249644
5410,120,123,LAE|MAE|SAE,5.389782783505952
5411,120,121,MAE|SAE,9.787146102471434
5412,120,122,LAE|MAE|SAE,2.138635925148299
5413,120,121,MAE|SAE,1.7746162189503463
5414,120,123,MAE|SAE,2.035545079770983
5415,120,121,MAE|SAE,11.085891843886104
5416,120,131,MAE|SAE,4.420268499080865
5417,120,132,LAE|MAE|SAE,7.876745016446338
5418,120,124,LAE|MAE|SAE,4.692270744519438
5419,120,129,MAE|SAE,3.501446919426719
5420,120,123,MAE|SAE,2.2716704729732395
5421,120,122,LAE|MAE|SAE,3.176414755711977
5422,120,129,LAE|MAE|SAE,4.88087655524423
5423,120,121,MAE|SAE,3.018716356062992
5424,120,133,LAE|MAE|SAE,4.478035825536208
5425,120,121,MAE|SAE,1.7129573084830783
5426,120,124,MAE|SAE,4.578637653573748
5427,120,131,LAE|MAE|SAE,4.7826509840922515
5428,120,121,MAE|SAE,2.347406655120311
5429,120,124,LAE|MAE|SAE,5.029498599891333
5430,120,129,MAE|SAE,3.6240315312822045
5431,120,132,LAE|MAE|SAE,4.734940902944254
5432,120,121,MAE|SAE,1.6016833897481024
5433,120,121,MAE|SAE,1.6265873827771917
5434,120,121,MAE|SAE,3.714850885529809
5435,120,121,MAE|SAE,1.7393253453376714
5436,118,122,LAE,12.467763633073336
5437,119,123,LAE|MAE,3.7491594799157264
5438,121,122,LAE|MAE,2.687062934057048
5439,121,125,LAE|MAE|SAE,2.6841116072456845
5440,121,125,LAE|MAE|SAE,3.433398003793671
5441,121,125,LAE|MAE|SAE,2.1716974196782153
5442,121,122,LAE|MAE,4.484313798433845
5443,121,128,LAE|MAE|SAE,3.015862880568716
5444,121,123,LAE|MAE,5.57787482320233
5445,121,122,LAE|MAE,3.580282461020677
5446,121,129,LAE|MAE|SAE,4.275286795187676
5447,121,124,LAE|MAE|SAE,4.812125171721787
5448,121,125,LAE|MAE,2.685439574275675
5449,119,129,MAE|SAE,4.7819274184985385
5450,119,125,MAE,10.065205815742823
5451,120,131,MAE|SAE,4.712852110402881
5452,120,128,MAE|SAE,3.856278751619927
5453,120,124,MAE|SAE,3.02654320070425
5454,120,127,MAE|SAE,4.810328538373766
5455,120,123,MAE|SAE,3.7616896024983792
5456,121,131,MAE|SAE,3.7540957086494546
5457,121,129,LAE|MAE|SAE,3.1390217391359596
5458,121,123,MAE,34.98256817379195
5459,121,149,MAE,21.87599501393903
5460,121,127,LAE|MAE,5.439488767373371
5461,121,143,MAE,35.862076436187
5462,121,123,MAE,3.1210589580622083
5463,121,136,LAE|MAE|SAE,5.740403815606704
5464,121,123,MAE,1.828780760937244
5465,121,125,MAE,7.836421310809693
5466,121,127,MAE,46.170717520542695
5467,121,123,MAE,39.60685846572089
5468,121,144,MAE|SAE,8.111657610006144
5469,121,137,MAE,38.7578703230721
5470,121,128,MAE|SAE,3.61502070892516
5471,121,125,MAE,7.194873945112689
5472,121,123,MAE,7.468700589015139
5473,121,123,MAE,4.652239324005221
5474,121,125,MAE|SAE,2.3674281957465975
5475,121,135,LAE|MAE,8.241905005876067
5476,121,131,MAE|SAE,4.413207882258041
5477,121,135,MAE,44.74554558439296
5478,121,129,MAE|SAE,3.1733651827623053
5479,121,158,LAE|MAE,32.57247027764975
5480,121,137,MAE,41.563389224579794
5481,121,123,MAE,47.20528391109393
5482,121,129,MAE|SAE,5.4294263835880185
5483,121,123,MAE,3.9387972274541694
5484,121,139,MAE,21.298572602169923
5485,121,137,LAE|MAE|SAE,5.540452721187083
5486,121,133,MAE,36.974684994745004
5487,121,127,MAE,10.180277391976599
5488,121,127,MAE,11.792498820541933
5489,121,136,MAE|SAE,10.668896263721017
5490,121,139,MAE,31.786667508115702
5491,121,124,MAE|SAE,3.702411894950592
5492,121,125,MAE,8.703644508574692
5493,122,124,LAE|MAE|SAE,1.9928367705716408
5494,122,123,LAE|MAE,2.9150513759031553
5495,122,124,LAE|MAE|SAE,3.861011070159961
5496,122,127,LAE|MAE,3.1674307487020776
5497,122,129,LAE|MAE|SAE,3.378313609139252
5498,122,123,LAE|MAE,2.29328309945971
5499,122,125,LAE|MAE|SAE,2.9539083536421002
5500,122,131,LAE|MAE|SAE,3.8900017318385793
5501,122,125,LAE|MAE,2.972728637602203
5502,122,123,LAE|MAE,2.0390204128107934
5503,122,125,LAE|MAE|SAE,2.843719442528623
5504,122,123,LAE|MAE,3.7679810044929676
5505,122,123,LAE|MAE,4.6251187695237705
5506,122,125,LAE|MAE|SAE,2.620160791046622
5507,122,128,LAE|MAE|SAE,4.142178733440785
5508,122,129,LAE|MAE|SAE,2.8304006645028363
5509,122,129,LAE|MAE|SAE,3.660590741696893
5510,121,124,MAE|SAE,3.192197486941808
5511,121,124,MAE|SAE,3.1696986428592506
5512,121,124,MAE|SAE,2.664188489125018
5513,121,125,MAE|SAE,3.0168358328450946
5514,121,125,MAE|SAE,3.30758931138174
5515,121,125,MAE|SAE,3.0409966345668313
5516,123,129,MAE|SAE,2.910790565879096
5517,123,129,MAE|SAE,3.2121235630822444
5518,123,129,LAE|MAE|SAE,2.5467604906396333
5519,123,125,MAE|SAE,9.436775681802116
5520,123,126,LAE|MAE|SAE,2.713694861118964
5521,123,125,MAE|SAE,3.0799666913508403
5522,123,125,MAE|SAE,4.12838934776589
5523,123,131,MAE|SAE,3.823353914731562
5524,123,137,MAE|SAE,9.1846443935285
5525,123,124,MAE|SAE,3.972569150481009
5526,123,133,LAE|MAE|SAE,4.281892162560535
5527,123,125,MAE|SAE,2.0923289904833764
5528,123,124,MAE|SAE,1.1279612224581013
5529,123,129,MAE|SAE,3.1552573949207665
5530,123,125,MAE|SAE,2.182516199939242
5531,123,124,MAE|SAE,1.835655788064287
5532,123,133,MAE|SAE,6.757837464701426
5533,123,125,MAE|SAE,1.922496943157232
5534,123,124,MAE|SAE,1.1141861169700717
5535,123,137,LAE|MAE|SAE,9.109967857718992
5536,123,125,MAE|SAE,1.9671431283468304
5537,123,125,MAE|SAE,3.7489265995082404
5538,123,124,MAE|SAE,1.7220404306242891
5539,123,127,MAE|SAE,2.8671681017806123
5540,123,124,MAE|SAE,5.115400625810454
5541,123,124,MAE|SAE,1.8901925927324363
5542,123,124,MAE|SAE,1.7573195530639183
5543,123,124,MAE|SAE,2.0587847154669014
5544,123,124,MAE|SAE,3.211557090219517
5545,123,124,MAE|SAE,1.8588208588258692
5546,123,136,MAE|SAE,9.103025062675584
5547,123,124,MAE|SAE,2.11161692158307
5548,123,133,MAE|SAE,6.708204711378668
5549,123,125,MAE|SAE,4.8936296986176515
5550,123,125,MAE|SAE,2.5107580843835557
5551,123,129,LAE|MAE|SAE,3.669899679078453
5552,123,129,MAE|SAE,2.9879020779535823
5553,123,124,MAE|SAE,1.6409853149467433
5554,123,129,MAE|SAE,3.4177755305928756
5555,123,124,MAE|SAE,1.9912507244407853
5556,123,124,MAE|SAE,2.163686563869654
5557,123,137,LAE|MAE|SAE,4.816924594811471
5558,123,124,MAE|SAE,3.9104765801545422
5559,121,125,MAE,34.000757298380286
5560,121,140,MAE|SAE,16.8270524627988
5561,121,131,MAE,39.42633883367327
5562,121,133,MAE|SAE,4.700702506669193
5563,121,135,MAE,9.92989654760968
5564,122,125,LAE|MAE,3.11567767044833
5565,122,129,LAE|MAE|SAE,2.792228465289733
5566,122,128,LAE|MAE|SAE,3.53343177778394
5567,122,125,LAE|MAE,2.620327677426403
5568,123,127,MAE,34.89739732847719
5569,123,138,LAE|MAE|SAE,9.68628115264042
5570,123,132,MAE|SAE,8.673466122374558
5571,123,125,MAE,1.7553157414332108
5572,123,127,MAE,8.92797038137684
5573,123,128,MAE|SAE,4.757890791089872
5574,123,135,MAE,30.573241688048757
5575,123,128,MAE|SAE,2.465462133219856
5576,123,141,MAE,27.3583973642175
5577,123,129,MAE,33.64156743813631
5578,123,125,MAE,2.419515712618735
5579,123,125,MAE,2.1976197231826005
5580,123,135,MAE,10.8060766649429
5581,123,125,MAE,5.058653177312357
5582,123,137,MAE|SAE,7.849239292885677
5583,123,128,MAE|SAE,10.46145308774727
5584,123,125,MAE,6.866551784304746
5585,123,139,MAE,26.63915378342837
5586,123,125,MAE,9.48266731258917
5587,123,144,MAE|SAE,10.31510736611502
5588,123,131,LAE|MAE,3.3525245943117175
5589,123,129,MAE,3.491519052072705
5590,123,127,MAE,5.134832373800758
5591,123,125,MAE,10.782704148237622
5592,123,125,MAE,9.859978734486335
5593,123,133,LAE|MAE,5.102184228893669
5594,123,133,MAE,5.505136038094673
5595,123,136,MAE|SAE,5.025656512140499
5596,123,127,MAE,34.775952361044055
5597,123,128,MAE|SAE,10.436014966568216
5598,124,125,MAE|SAE,6.618124767513897
5599,124,125,MAE|SAE,2.2194742427303815
5600,124,128,MAE|SAE,2.3710804664337974
5601,124,131,MAE|SAE,3.512117999904985
5602,124,128,MAE|SAE,3.4968105468435633
5603,124,137,LAE|MAE|SAE,8.675901793470462
5604,124,137,MAE|SAE,11.0110812069986
5605,124,128,MAE|SAE,4.505097122617073
5606,124,125,MAE|SAE,3.697850031102751
5607,124,137,MAE|SAE,11.031630240103349
5608,124,135,MAE|SAE,7.513003972857477
5609,124,133,MAE|SAE,8.539479100762742
5610,124,126,LAE|MAE|SAE,2.7589500302017784
5611,124,129,MAE|SAE,2.7094633334016858
5612,124,125,MAE|SAE,1.451783169955227
5613,124,128,MAE|SAE,2.47915979747776
5614,124,125,MAE|SAE,2.232545838420072
5615,124,125,MAE|SAE,1.6100804835156453
5616,124,125,MAE|SAE,2.051567910789441
5617,124,129,LAE|MAE|SAE,2.1915035374226504
5618,124,125,MAE|SAE,6.518203366594443
5619,124,125,MAE|SAE,5.038110814656249
5620,124,125,MAE|SAE,6.62198758045737
5621,124,125,MAE|SAE,5.774560834411966
5622,124,128,MAE|SAE,3.616997543246078
5623,124,127,MAE|SAE,3.051059512041436
5624,124,125,MAE|SAE,1.6710031835177854
5625,124,125,MAE|SAE,2.039697840807934
5626,124,125,MAE|SAE,1.7048628581709186
5627,124,125,MAE|SAE,2.3879947118714067
5628,124,125,MAE|SAE,3.992966447601089
5629,124,132,MAE|SAE,6.892434627955365
5630,124,125,MAE|SAE,1.4075434095825332
5631,125,127,LAE|MAE,1.5181494991807813
5632,125,129,LAE|MAE|SAE,3.2601248875352193
5633,125,144,LAE|MAE|SAE,9.897281604934845
5634,125,129,LAE|MAE|SAE,2.809096147327351
5635,125,135,LAE|MAE|SAE,9.764918584401633
5636,125,129,LAE|MAE,2.736877371865313
5637,123,133,MAE|SAE,9.164911332573373
5638,123,129,MAE,10.13403314715199
5639,123,127,MAE,8.246718728911485
5640,123,133,MAE,36.53670382747227
5641,123,131,MAE,9.156803843205473
5642,123,127,MAE,4.868931864981167
5643,124,139,MAE|SAE,8.911631470597566
5644,124,127,MAE|SAE,4.274630457751905
5645,124,128,MAE|SAE,2.258478072461146
5646,124,135,LAE|MAE|SAE,4.275474207044005
5647,124,133,MAE|SAE,7.714061287188164
5648,124,127,MAE|SAE,2.4957056846893164
5649,124,127,MAE|SAE,2.226661136112695
5650,125,127,MAE,38.73841884177644
5651,125,133,MAE|SAE,4.529662611722562
5652,125,127,MAE,2.1865250299541383
5653,125,133,LAE|MAE|SAE,8.058089282044838
5654,125,141,MAE,31.577628304769952
5655,125,129,MAE,11.255320102021273
5656,125,127,MAE,56.287800239450554
5657,125,128,MAE|SAE,4.092533990251988
5658,125,133,MAE|SAE,4.411935178488893
5659,125,129,MAE,8.627934603235374
5660,125,128,MAE|SAE,1.4818031264945375
5661,125,141,MAE|SAE,6.478711613752443
5662,125,127,MAE,9.302184523370792
5663,125,127,MAE,2.1366921420068867
5664,125,133,MAE|SAE,4.4359632064567975
5665,125,144,MAE|SAE,9.591793940838647
5666,125,128,MAE|SAE,1.549659889517088
5667,125,139,MAE,26.606874172135562
5668,125,131,MAE|SAE,3.3213919449605376
5669,125,133,MAE,36.81725386403959
5670,125,140,MAE|SAE,5.584981044139111
5671,125,127,MAE,3.333417396351302
5672,125,128,MAE|SAE,1.8681675620677693
5673,125,128,MAE|SAE,3.1989852093413047
5674,125,137,MAE|SAE,9.105957162690085
5675,125,132,MAE|SAE,4.676872123899774
5676,125,127,MAE,4.622418042102136
5677,125,133,MAE,9.290269094045774
5678,125,133,MAE|SAE,4.1376868810646785
5679,125,127,MAE,5.293805218807837
5680,125,135,MAE|SAE,4.941292451566008
5681,125,137,MAE,48.135757387724524
5682,125,133,MAE|SAE,7.709982715807208
5683,125,127,MAE,4.552092097466673
5684,125,137,MAE|SAE,8.788891794105766
5685,125,127,MAE,1.8719499008578615
5686,125,132,MAE|SAE,4.049975803278623
5687,125,127,MAE,3.1078616404505968
5688,125,127,MAE,4.453667230235994
5689,125,137,LAE|MAE|SAE,4.338657208917503
5690,125,131,MAE|SAE,2.861115689783291
5691,125,133,MAE|SAE,9.778751590470014
5692,125,128,MAE|SAE,3.6903104340423396
5693,125,127,MAE,2.0107121494223064
5694,125,127,MAE,4.952656920096548
5695,125,136,MAE|SAE,9.702375904428363
5696,125,127,MAE,2.0924259076039915
5697,125,129,MAE,3.3014564412093064
5698,125,127,MAE,3.316095764778289
5699,125,129,MAE,3.2349033880214892
5700,125,127,MAE,1.994175352883528
5701,125,133,LAE|MAE|SAE,3.442259801462004
5702,125,131,MAE|SAE,4.2936944668097
5703,125,127,MAE,3.3603682272000053
5704,125,133,MAE|SAE,3.6583213777686816
5705,125,129,MAE|SAE,2.892843173284992
5706,125,131,MAE,9.50754652693269
5707,125,127,MAE,5.291310713552178
5708,125,127,MAE,8.902935566529875
5709,126,127,LAE|MAE,1.9468007229644417
5710,126,133,LAE|MAE|SAE,8.208837925434853
5711,126,127,LAE|MAE,1.2445505356133533
5712,126,127,LAE|MAE,2.176842745443785
5713,126,133,LAE|MAE|SAE,8.18139104276852
5714,124,132,SAE,9.873309082091026
5715,124,144,SAE,9.445032124120457
5716,124,132,SAE,7.878346466327772
5717,124,128,SAE,9.792364175333864
5718,124,128,SAE,5.235061156803345
5719,125,128,MAE|SAE,4.4347033996500755
5720,125,129,MAE|SAE,3.0788235893203195
5721,125,128,MAE|SAE,2.9991682380506264
5722,125,128,MAE|SAE,2.3483604370430577
5723,125,128,MAE|SAE,3.08592299691618
5724,125,128,MAE|SAE,3.2490621099128423
5725,125,129,MAE|SAE,6.086352340254099
5726,127,139,MAE|SAE,8.109618799179271
5727,127,141,MAE|SAE,8.535733621816577
5728,127,132,MAE|SAE,2.662580213565425
5729,127,128,MAE|SAE,2.260832926777545
5730,127,129,MAE|SAE,2.0229425854953784
5731,127,131,MAE|SAE,2.4734431134007315
5732,127,132,MAE|SAE,2.9897540410089736
5733,127,131,LAE|MAE|SAE,2.972777860520652
5734,127,137,MAE|SAE,6.834717272937954
5735,127,132,MAE|SAE,3.0849503419701434
5736,127,128,MAE|SAE,3.2491693233647374
5737,127,140,MAE|SAE,9.268880747055372
5738,127,133,MAE|SAE,3.1514475306992176
5739,127,131,MAE|SAE,5.7090030581863385
5740,127,140,LAE|MAE|SAE,8.79976271860148
5741,127,137,MAE|SAE,7.891230258258993
5742,127,131,LAE|MAE|SAE,2.979461225861655
5743,127,131,MAE|SAE,2.441095763155408
5744,127,135,LAE|MAE|SAE,7.4569401137670495
5745,127,133,MAE|SAE,2.9398610744836877
5746,127,128,MAE|SAE,3.159066675282172
5747,127,129,MAE|SAE,2.8294112455833997
5748,127,128,MAE|SAE,3.820444412649815
5749,127,128,MAE|SAE,8.706476855830866
5750,127,133,MAE|SAE,8.066596717031452
5751,127,129,MAE|SAE,1.4056579274635137
5752,127,141,LAE|MAE|SAE,7.731262760207009
5753,127,132,MAE|SAE,8.030946930646772
5754,127,133,MAE|SAE,3.9630478513805523
5755,127,128,MAE|SAE,1.8060386831299355
5756,127,136,MAE|SAE,8.341789139386103
5757,127,139,MAE|SAE,8.25411307851652
5758,127,128,MAE|SAE,8.821932877745754
5759,127,131,MAE|SAE,2.976932437650789
5760,125,132,MAE|SAE,4.7702106124324155
5761,125,133,MAE,4.377714663435793
5762,125,140,MAE|SAE,7.016456051117815
5763,125,129,MAE,3.3176979742143886
5764,127,133,MAE,44.034253494488446
5765,127,131,MAE,8.346820167847754
5766,127,136,MAE|SAE,8.862141934111998
5767,127,129,MAE,4.497844925144625
5768,127,139,MAE,28.310492318103513
5769,127,131,MAE,52.53198963621838
5770,127,137,MAE,41.62636083419047
5771,127,131,MAE,45.39438472316137
5772,127,133,MAE,9.506764967584296
5773,127,133,MAE,28.58294114995346
5774,127,139,MAE,24.313534000915663
5775,127,133,MAE,8.182967611901274
5776,127,135,MAE,19.41594994136334
5777,127,129,MAE,42.04987417858822
5778,127,129,MAE,2.233823503495421
5779,127,133,MAE,22.78673384917631
5780,127,139,MAE|SAE,8.823520390187376
5781,127,141,MAE,41.11257298754298
5782,127,135,MAE,30.073389932893416
5783,127,131,MAE,10.261708820631547
5784,127,139,MAE,28.64138746795616
5785,127,129,MAE,21.65660600122759
5786,127,129,MAE,2.600858477225115
5787,127,139,MAE,40.41062951671163
5788,127,133,MAE,9.524822011381676
5789,127,129,MAE,2.3391358688594646
5790,127,137,LAE|MAE,8.592159327263177
5791,127,129,MAE,8.472205002591725
5792,127,129,MAE,3.859147816837264
5793,127,129,MAE,2.210920395987997
5794,127,133,MAE,8.604615391948071
5795,127,140,MAE|SAE,8.792807954921107
5796,127,131,MAE,12.565087437187163
5797,127,133,MAE,35.46658121411327
5798,127,137,MAE,3.757254982969997
5799,127,133,MAE|SAE,3.0258649254622907
5800,127,137,MAE|SAE,4.751640870671937
5801,127,131,MAE,4.110086990597632
5802,128,132,MAE|SAE,2.6356868533077717
5803,128,129,MAE|SAE,2.1326421215217053
5804,128,129,MAE|SAE,2.1185898587811827
5805,128,129,MAE|SAE,8.884342372828435
5806,128,132,LAE|MAE|SAE,6.9367677505063305
5807,128,129,MAE|SAE,5.713639664849738
5808,128,137,MAE|SAE,4.403530428355569
5809,128,132,MAE|SAE,2.2769522301880527
5810,128,129,MAE|SAE,2.030166966399325
5811,128,133,MAE|SAE,2.8883880647713998
5812,128,133,LAE|MAE|SAE,7.742933553632629
5813,128,129,MAE|SAE,7.068868878480349
5814,128,131,MAE|SAE,2.9096247745274075
5815,128,129,MAE|SAE,2.584405291853427
5816,128,132,MAE|SAE,2.556933971043755
5817,128,140,LAE|MAE|SAE,8.253852336904593
5818,128,129,MAE|SAE,3.5854172422460384
5819,128,131,MAE|SAE,3.3950505171545404
5820,128,132,MAE|SAE,2.5412402535400767
5821,128,129,MAE|SAE,6.664668000344469
5822,128,133,MAE|SAE,6.178526719601122
5823,128,131,MAE|SAE,2.5526292531139996
5824,128,137,MAE|SAE,6.324676629594575
5825,128,133,MAE|SAE,2.310162575093109
5826,128,129,MAE|SAE,2.4280299281630278
5827,128,129,MAE|SAE,1.878633915174956
5828,128,135,LAE|MAE|SAE,7.475428065250478
5829,128,136,MAE|SAE,11.119163507061716
5830,128,129,MAE|SAE,5.617977537555555
5831,128,131,MAE|SAE,2.1650699368401556
5832,128,129,MAE|SAE,9.515719107329648
5833,128,129,MAE|SAE,5.7690792976591085
5834,128,129,MAE|SAE,1.3440960809803284
5835,128,133,LAE|MAE|SAE,2.6485256705582096
5836,128,132,MAE|SAE,3.1323898770840297
5837,128,130,LAE|MAE|SAE,2.661711981471128
5838,128,131,MAE|SAE,3.0219892963275883
5839,128,129,MAE|SAE,2.91226783115437
5840,128,139,MAE|SAE,9.638754873402636
5841,128,132,LAE|MAE|SAE,2.3865056966255236
5842,128,129,MAE|SAE,6.675905323849095
5843,128,136,MAE|SAE,3.225788013965727
5844,128,136,LAE|MAE|SAE,8.070634866477787
5845,128,130,LAE|MAE|SAE,2.102787559339746
5846,128,133,MAE|SAE,3.2398604080469022
5847,128,132,MAE|SAE,2.5617891743800802
5848,128,132,MAE|SAE,2.2129476428870474
5849,128,129,MAE|SAE,2.5763085512964445
5850,127,133,LAE|MAE|SAE,3.251968491886299
5851,129,130,LAE|MAE,1.695619025791525
5852,129,137,LAE|MAE|SAE,7.2268854890353404
5853,129,143,LAE|MAE,9.893054721853124
5854,129,140,LAE|MAE|SAE,7.789269725731668
5855,129,137,LAE|MAE|SAE,7.340634615912805
5856,129,132,LAE|MAE|SAE,1.9799891328841488
5857,129,133,LAE|MAE,7.7191822946783
5858,129,133,LAE|MAE,2.6696154389932922
5859,129,131,LAE|MAE,1.938352016796421
5860,127,133,MAE,31.194238906277747
5861,127,135,MAE,3.7293456413510864
5862,127,137,MAE,7.876441152641834
5863,128,131,MAE|SAE,8.366610234045167
5864,128,131,MAE|SAE,8.714752943958526
5865,128,140,MAE|SAE,9.489875545855982
5866,128,140,MAE|SAE,8.608155228211649
5867,129,132,MAE|SAE,2.9327709280268826
5868,129,137,MAE,30.67932889111824
5869,129,136,MAE|SAE,3.973560614731345
5870,129,132,MAE|SAE,3.8336340928618116
5871,129,133,MAE|SAE,7.815042649532863
5872,129,131,MAE,2.235415056773919
5873,129,131,MAE,2.293854000661004
5874,129,135,MAE,31.131798556652797
5875,129,135,MAE,9.48266731258917
5876,129,137,MAE|SAE,3.597942707967544
5877,129,131,MAE,2.3916507127745406
5878,129,133,MAE,31.7661543951808
5879,129,141,MAE,23.399507517681773
5880,129,133,MAE,36.85138165417344
5881,129,136,MAE|SAE,8.35342397415166
5882,129,133,MAE|SAE,6.941923123587392
5883,129,131,MAE,3.2459898979427
5884,129,131,MAE,2.0240566166143346
5885,129,131,MAE,35.12670929260815
5886,129,131,MAE,1.806479480996831
5887,129,131,MAE,2.0130233474480366
5888,129,137,MAE,51.18048414213473
5889,129,133,MAE|SAE,6.312648286696335
5890,129,133,MAE|SAE,2.7310350164739807
5891,129,135,MAE,33.6857467653946
5892,129,131,MAE,23.24476001707884
5893,129,133,MAE,3.153483220076899
5894,129,140,MAE|SAE,5.543624108707085
5895,129,141,MAE,29.00454724258604
5896,129,133,MAE,8.92981224467619
5897,129,145,MAE,35.89363584203065
5898,129,133,MAE|SAE,2.281367304236975
5899,129,131,MAE,2.2351024680258678
5900,129,133,MAE,34.879051897184546
5901,129,132,MAE|SAE,2.262480022515686
5902,129,133,MAE|SAE,2.1722710069459685
5903,129,133,MAE|SAE,2.5629674118674934
5904,129,133,MAE|SAE,2.2325844297394255
5905,129,131,MAE,9.241092452163638
5906,129,137,MAE,25.421240537426062
5907,129,132,MAE|SAE,2.2832268631226613
5908,129,132,MAE|SAE,2.2435288257980814
5909,129,137,MAE,48.754189165174964
5910,129,137,MAE,37.591940111907036
5911,129,133,MAE,32.98866875780584
5912,129,131,MAE,2.264207781840794
5913,129,131,MAE,14.843650198098661
5914,129,139,MAE,44.644965754274544
5915,129,132,MAE|SAE,1.9595937847268237
5916,129,133,MAE,8.179855937674217
5917,129,132,MAE|SAE,1.9354165126295086
5918,129,133,MAE,43.17944154348796
5919,129,131,MAE,7.536115130652635
5920,129,131,MAE,1.757655504229305
5921,129,131,MAE,2.4326142470336114
5922,129,133,MAE|SAE,4.449411836121246
5923,129,133,MAE,9.198631191088046
5924,129,131,MAE,1.9699077200972142
5925,129,131,MAE,2.281587755562046
5926,129,133,MAE|SAE,5.297224386098995
5927,129,140,MAE|SAE,5.139854443589856
5928,129,131,MAE,2.303360998186506
5929,129,136,MAE|SAE,7.626154481980772
5930,129,137,MAE|SAE,8.148103870509386
5931,129,137,MAE|SAE,3.7631419136229063
5932,129,132,MAE|SAE,2.126711283997079
5933,129,131,MAE,7.609443801528926
5934,129,131,MAE,2.0922255573796127
5935,129,131,MAE,1.7643742209068196
5936,129,133,MAE,7.3305031242967775
5937,129,137,MAE|SAE,4.700392137894615
5938,130,136,LAE|MAE|SAE,3.078536939569572
5939,130,132,LAE|MAE|SAE,1.8809126630486148
5940,130,137,LAE|MAE|SAE,3.005890070953776
5941,130,144,LAE|MAE|SAE,5.780917261762362
5942,128,132,SAE,8.19837922043524
5943,128,144,MAE|SAE,7.406097936080394
5944,128,145,MAE|SAE,8.186633784989079
5945,128,132,SAE,4.110092738035637
5946,128,132,SAE,8.075105078941657
5947,128,140,MAE|SAE,7.790185642584138
5948,128,144,MAE|SAE,7.808778541184218
5949,128,132,SAE,6.645396396237218
5950,128,132,SAE,6.948899766082285
5951,128,132,SAE,7.500547206899238
5952,128,137,MAE|SAE,10.373902762339336
5953,128,132,SAE,6.616088251964667
5954,128,136,SAE,3.6243200689643134
5955,129,132,MAE|SAE,2.2567014230834292
5956,129,133,MAE|SAE,2.5308223470781166
5957,131,137,LAE|MAE|SAE,2.731576350063388
5958,131,132,MAE|SAE,1.6492128184659058
5959,131,140,MAE|SAE,3.7478287858304826
5960,131,133,MAE|SAE,2.042968398803253
5961,131,133,MAE|SAE,6.812790980760285
5962,131,133,MAE|SAE,6.829182308969105
5963,131,132,MAE|SAE,5.419770249857331
5964,131,136,MAE|SAE,6.713112543848319
5965,131,137,MAE|SAE,8.135894424366592
5966,131,132,MAE|SAE,1.153677047738572
5967,131,133,MAE|SAE,7.097090675173668
5968,131,132,MAE|SAE,1.6484140992885854
5969,131,133,MAE|SAE,2.191262322593309
5970,131,132,MAE|SAE,8.402237725726792
5971,131,139,MAE|SAE,7.752948065142479
5972,131,137,MAE|SAE,3.432120637011142
5973,131,132,MAE|SAE,5.850841056224924
5974,131,133,MAE|SAE,2.1290256273848147
5975,131,132,MAE|SAE,6.133017499320354
5976,131,133,MAE|SAE,4.648632427459748
5977,131,133,MAE|SAE,6.0414198875531895
5978,131,133,MAE|SAE,4.350017847793761
5979,131,136,MAE|SAE,6.997462971552953
5980,131,132,MAE|SAE,1.2895406722872533
5981,131,135,MAE|SAE,2.8228759842250475
5982,131,135,MAE|SAE,6.022680375093826
5983,131,133,MAE|SAE,6.100610503399876
5984,131,132,MAE|SAE,7.44109282561767
5985,131,140,MAE|SAE,7.022228021500484
5986,131,136,MAE|SAE,3.0479975187928248
5987,131,136,MAE|SAE,3.3277779678457144
5988,131,132,MAE|SAE,1.5776660056762513
5989,131,133,MAE|SAE,6.397305535535233
5990,131,136,MAE|SAE,6.717732962305354
5991,131,137,MAE|SAE,3.5401583148050415
5992,131,133,MAE|SAE,1.793000317544456
5993,131,133,MAE|SAE,2.8413238264909526
5994,131,133,MAE|SAE,2.807247222809021
5995,131,132,MAE|SAE,7.7836957564950975
5996,131,132,MAE|SAE,1.8525552822003513
5997,131,140,LAE|MAE|SAE,8.735431923713112
5998,131,140,MAE|SAE,7.6899066315618825
5999,131,133,MAE|SAE,2.9754648771264454
6000,131,132,MAE|SAE,1.7137650665192539
6001,131,133,MAE|SAE,4.636878455588373
6002,131,137,MAE|SAE,6.807678351932249
6003,131,133,MAE|SAE,2.501385503749751
6004,131,137,LAE|MAE|SAE,2.81334888247331
6005,131,132,MAE|SAE,5.846208302560201
6006,131,133,MAE|SAE,6.658092741571035
6007,131,133,MAE|SAE,1.7054266846893569
6008,131,133,MAE|SAE,4.503139246654668
6009,131,132,MAE|SAE,2.660332397217645
6010,131,132,MAE|SAE,3.169953635463135
6011,131,140,MAE|SAE,4.298808172737913
6012,131,132,MAE|SAE,1.7105439306870607
6013,131,132,MAE|SAE,1.318929545098703
6014,131,132,MAE|SAE,1.7314481606483156
6015,131,133,MAE|SAE,5.034654370312736
6016,131,137,MAE|SAE,4.149489438583822
6017,131,133,MAE|SAE,6.745538256649317
6018,131,133,MAE|SAE,4.650299221865357
6019,131,132,MAE|SAE,4.338488659779434
6020,131,132,MAE|SAE,2.584815794293777
6021,131,132,MAE|SAE,1.581143479845776
6022,131,140,MAE|SAE,8.134516997714496
6023,131,132,MAE|SAE,1.1331664655501505
6024,131,132,MAE|SAE,4.686824490315919
6025,131,132,MAE|SAE,1.7118451534170454
6026,131,133,MAE|SAE,2.1129698237175365
6027,131,132,MAE|SAE,1.6914232329407648
6028,129,133,MAE,25.43072986371172
6029,129,133,MAE,13.829238640643242
6030,129,139,MAE,28.521324898912933
6031,129,133,MAE,8.758629265188855
6032,129,133,MAE,40.82227712136205
6033,129,135,MAE,59.68982369597528
6034,129,133,MAE,7.59039670261635
6035,129,133,MAE,24.09252238560541
6036,129,135,MAE,48.2850251137948
6037,129,133,MAE,29.79341357598713
6038,129,139,MAE,42.023088438746704
6039,129,133,MAE,3.5675259823734815
6040,129,139,MAE,39.59934708571984
6041,129,137,MAE,3.290516401385976
6042,129,133,MAE,48.66893218037258
6043,130,137,LAE|MAE,2.576384027139715
6044,131,133,MAE,20.679511522906274
6045,131,133,MAE,31.061744520557102
6046,131,139,MAE,35.974179408144636
6047,131,133,MAE,27.506708628278478
6048,131,133,MAE,8.403548931752074
6049,131,135,MAE,3.0322698699315653
6050,131,144,LAE|MAE|SAE,5.203515605985095
6051,131,145,MAE,28.23353027243944
6052,131,133,MAE,46.4660216457227
6053,131,135,MAE,33.887313225024684
6054,131,139,MAE,40.240559360517835
6055,131,137,MAE|SAE,3.1436912648999353
6056,131,133,MAE,7.303832849974427
6057,131,137,MAE,35.22806040769273
6058,131,137,MAE|SAE,3.2830594398402653
6059,131,133,MAE,7.458959805392199
6060,131,139,MAE,32.184577146610884
6061,131,137,MAE,36.72330887812817
6062,131,135,MAE,43.95909499066747
6063,131,136,MAE|SAE,6.7736114021645015
6064,131,133,MAE,3.9012852456300213
6065,131,136,MAE|SAE,2.8999429287842027
6066,131,135,MAE,32.130741776116075
6067,131,135,MAE,40.39338496998477
6068,131,133,MAE,29.029569921405116
6069,131,133,MAE,2.3377390866785333
6070,131,141,MAE,7.81772516462661
6071,131,143,MAE,34.063767685814575
6072,131,137,MAE,23.134915960371714
6073,131,140,MAE|SAE,4.634214274441798
6074,131,133,MAE,5.7841957267769
6075,131,137,MAE|SAE,3.1689165715191314
6076,131,136,MAE|SAE,8.552344120149428
6077,131,133,MAE,51.939433872741326
6078,131,133,MAE,4.689064993267348
6079,131,135,MAE,3.8671705195140973
6080,132,136,LAE|MAE|SAE,7.29636721268014
6081,132,140,MAE|SAE,4.540353642118007
6082,132,133,MAE|SAE,1.6537367343348925
6083,132,137,LAE|MAE|SAE,2.4576077914496826
6084,132,133,MAE|SAE,7.5826438973407395
6085,132,133,MAE|SAE,1.6342071685825625
6086,132,136,LAE|MAE|SAE,2.538666083543467
6087,132,133,MAE|SAE,1.4393613569159445
6088,132,140,MAE|SAE,7.068048736812213
6089,132,140,MAE|SAE,6.819317863015038
6090,132,136,MAE|SAE,2.459103042780357
6091,132,137,MAE|SAE,3.7319566617618105
6092,132,139,MAE|SAE,7.8576715172676685
6093,132,136,MAE|SAE,2.468544409135306
6094,132,137,MAE|SAE,7.709098756173596
6095,132,137,LAE|MAE|SAE,2.5170749568868858
6096,132,133,MAE|SAE,1.547129848329435
6097,132,140,MAE|SAE,4.349806851087904
6098,132,137,LAE|MAE|SAE,2.4947171611064016
6099,132,136,MAE|SAE,5.910254317863315
6100,132,133,MAE|SAE,1.5837680012565722
6101,132,133,MAE|SAE,2.0631276922178
6102,132,135,MAE|SAE,2.0585235122499363
6103,132,133,MAE|SAE,1.8628622540917545
6104,132,133,MAE|SAE,2.2742499473566022
6105,132,133,MAE|SAE,7.094342139268067
6106,132,133,MAE|SAE,1.5310934791439876
6107,132,133,MAE|SAE,2.3709641613947836
6108,132,137,MAE|SAE,7.158589603987237
6109,132,133,MAE|SAE,3.5196372583508087
6110,132,133,MAE|SAE,9.280212313349335
6111,132,133,MAE|SAE,1.6276868768307322
6112,132,140,MAE|SAE,4.430003168476044
6113,132,133,MAE|SAE,2.250009913683279
6114,132,133,MAE|SAE,1.4148624839592285
6115,132,133,MAE|SAE,1.642358561143951
6116,132,133,MAE|SAE,1.5481609190639012
6117,132,133,MAE|SAE,1.4767916807928714
6118,132,134,LAE|MAE|SAE,2.3651491941679486
6119,132,133,MAE|SAE,2.754272094434244
6120,132,133,MAE|SAE,2.3681362627592115
6121,132,137,MAE|SAE,4.147152605440583
6122,133,136,LAE|MAE|SAE,2.239184320028923
6123,133,137,LAE|MAE|SAE,1.9866044775176237
6124,133,137,LAE|MAE|SAE,2.203961835977499
6125,133,135,LAE|MAE,1.681848487437858
6126,133,137,LAE|MAE|SAE,7.517031074990506
6127,133,136,LAE|MAE|SAE,2.3894670128479816
6128,133,136,LAE|MAE|SAE,1.9273612576355665
6129,131,135,MAE,7.93023035822998
6130,131,135,MAE,7.503459288582156
6131,131,141,MAE,28.518164021997833
6132,131,135,MAE,6.160827798696569
6133,131,135,MAE,26.192032137321167
6134,131,135,MAE,2.867052147286411
6135,131,137,MAE,9.617971168272948
6136,131,139,MAE,21.224486554912545
6137,132,136,MAE|SAE,2.602738790731861
6138,132,135,MAE|SAE,6.228209246020086
6139,132,139,MAE|SAE,6.592972790257741
6140,132,137,MAE|SAE,6.809471410926058
6141,133,137,MAE,35.57282577676767
6142,133,147,MAE,32.27514009412364
6143,133,137,MAE|SAE,2.184651504627581
6144,133,139,MAE,6.206851135790237
6145,133,135,MAE,8.089322680292934
6146,133,137,MAE|SAE,2.6791909448185147
6147,133,136,MAE|SAE,2.2868059306302038
6148,133,137,MAE,7.479850138960839
6149,133,141,MAE|SAE,7.870419079681787
6150,133,135,MAE,27.399593356898436
6151,133,139,MAE,27.386778990151598
6152,133,139,MAE,9.337553554163927
6153,133,137,MAE,2.562966720816659
6154,133,137,MAE,40.72503209220146
6155,133,140,MAE|SAE,5.413047679733259
6156,133,144,MAE|SAE,6.810246265070475
6157,133,140,MAE|SAE,7.009589545535006
6158,133,136,MAE|SAE,2.2267025699986576
6159,133,141,MAE,3.788213327708747
6160,133,137,MAE|SAE,6.614342536434325
6161,133,135,MAE,1.4585904676473125
6162,133,136,MAE|SAE,4.173311085640637
6163,133,141,MAE,27.231872687111963
6164,133,139,MAE,26.87612368673007
6165,133,144,MAE|SAE,7.209271207060421
6166,133,136,MAE|SAE,6.431232587286675
6167,133,135,MAE,1.946150298616488
6168,133,137,MAE,28.20771932003097
6169,133,136,MAE|SAE,6.847553209368628
6170,133,136,MAE|SAE,6.336501704784092
6171,133,135,MAE,2.1990312053854035
6172,133,135,MAE,22.93373504105781
6173,133,135,MAE,6.903506811936852
6174,133,136,MAE|SAE,7.301731452613637
6175,133,140,MAE|SAE,7.591821141124323
6176,133,135,MAE,25.686352933561427
6177,133,137,MAE,26.52860648526034
6178,133,144,MAE|SAE,5.310170551786382
6179,133,140,MAE|SAE,4.181657870806748
6180,133,135,MAE,7.71773318776036
6181,133,140,MAE|SAE,6.669505709923786
6182,133,144,MAE|SAE,5.280192267227005
6183,133,135,MAE,2.5144102704421782
6184,133,139,MAE,37.34305447092831
6185,133,135,MAE,2.1189571434291303
6186,133,136,MAE|SAE,2.374724519854466
6187,133,137,MAE,23.867289191089828
6188,133,135,MAE,8.171277083067766
6189,133,135,MAE,7.409488519345614
6190,133,135,MAE,10.722289556539044
6191,134,137,LAE|MAE|SAE,1.6755359639682168
6192,134,140,LAE|MAE|SAE,3.735778206510013
6193,134,138,LAE|MAE|SAE,2.0993597250758818
6194,134,135,LAE|MAE,1.3415274071050736
6195,134,136,LAE|MAE|SAE,1.613523797381649
6196,134,136,LAE|MAE|SAE,1.5290378995454994
6197,132,136,SAE,5.157218829136035
6198,133,144,MAE|SAE,8.120641820789851
6199,133,136,MAE|SAE,4.139017541025694
6200,133,137,MAE|SAE,2.733663901280302
6201,133,136,MAE|SAE,7.225717881701912
6202,135,137,MAE|SAE,6.272904189753624
6203,135,137,MAE|SAE,5.547809306291121
6204,135,136,MAE|SAE,1.4131350535961809
6205,135,136,MAE|SAE,1.2495344220266165
6206,135,137,MAE|SAE,5.8375299900400295
6207,135,136,MAE|SAE,0.9276188372733748
6208,135,136,MAE|SAE,2.5258168546296513
6209,135,136,MAE|SAE,3.4095050717349746
6210,135,139,MAE|SAE,6.946195681874435
6211,135,136,MAE|SAE,1.31612950916434
6212,135,137,MAE|SAE,5.884110772974826
6213,135,136,MAE|SAE,6.112852120434518
6214,135,136,MAE|SAE,1.8997005397938143
6215,135,136,MAE|SAE,2.273795432580493
6216,135,136,MAE|SAE,1.0233681704035293
6217,135,136,MAE|SAE,1.6101074558771775
6218,135,136,MAE|SAE,1.234513653507113
6219,135,136,MAE|SAE,2.0919458718788198
6220,135,139,MAE|SAE,5.934288483799214
6221,135,136,MAE|SAE,6.298189130563681
6222,135,136,MAE|SAE,1.4684192704330796
6223,135,144,MAE|SAE,6.067408400402571
6224,135,139,LAE|MAE|SAE,2.1712694366741845
6225,135,140,MAE|SAE,6.771931664249782
6226,135,137,MAE|SAE,2.6587744455722984
6227,135,136,MAE|SAE,1.6312884248797148
6228,135,137,MAE|SAE,6.36922273817576
6229,135,136,MAE|SAE,6.7474224487204815
6230,135,136,MAE|SAE,6.397651234637005
6231,135,137,MAE|SAE,1.9935166371656632
6232,135,136,MAE|SAE,6.385881882468994
6233,135,137,MAE|SAE,2.327456799536268
6234,135,141,MAE|SAE,2.93752041836865
6235,135,139,MAE|SAE,2.8505939371054927
6236,135,136,MAE|SAE,6.725269055026896
6237,135,137,MAE|SAE,6.4637460259419885
6238,135,136,MAE|SAE,1.2026012428759132
6239,135,139,MAE|SAE,3.8209546327923856
6240,135,136,MAE|SAE,1.943312765056385
6241,135,136,MAE|SAE,0.9544491804309524
6242,135,136,MAE|SAE,3.8083220210450177
6243,135,136,MAE|SAE,1.8868325311694942
6244,135,136,MAE|SAE,3.7782633499273475
6245,135,136,MAE|SAE,3.3380578812968205
6246,135,144,LAE|MAE|SAE,3.7102023774502655
6247,135,136,MAE|SAE,5.337676062417368
6248,135,136,MAE|SAE,1.61962744851562
6249,135,136,MAE|SAE,3.151670163078768
6250,133,137,MAE,33.58573001662605
6251,133,141,MAE,33.61610300200809
6252,133,141,MAE,55.903916084714474
6253,133,139,MAE,26.58667718436373
6254,133,137,MAE,3.5770780922296592
6255,133,137,MAE,3.0604712345397775
6256,133,137,MAE,7.4230341807576705
6257,133,141,MAE|SAE,7.6162788421347205
6258,135,143,MAE,29.94351250563838
6259,135,143,MAE,32.33759650667543
6260,135,139,MAE,27.334829655648573
6261,135,137,MAE,30.134170267279433
6262,135,137,MAE,42.692154832993644
6263,135,141,MAE,35.10782497748227
6264,135,137,MAE,7.312647840151695
6265,135,141,MAE,19.328446257547238
6266,135,139,LAE|MAE,3.483387152077457
6267,135,147,MAE,21.298313540024655
6268,135,139,MAE,3.00803742755888
6269,135,141,MAE,41.00832959097168
6270,135,139,MAE,31.43697729634377
6271,135,137,MAE,45.427973821458956
6272,135,140,MAE|SAE,3.2287020703963987
6273,135,137,MAE,26.75389921145532
6274,135,137,MAE,3.6187029160329636
6275,135,141,MAE,32.84774927472361
6276,135,137,MAE,29.88789726966387
6277,135,139,MAE,55.266797606077375
6278,135,137,MAE,43.03115258163233
6279,135,141,MAE,27.13300509973429
6280,135,137,MAE,24.741711016656744
6281,135,149,MAE,35.667047195181325
6282,135,139,MAE,35.03397628345559
6283,135,137,MAE,13.950070226934873
6284,135,137,MAE,31.34587510045103
6285,135,137,MAE,53.44517574869936
6286,135,137,MAE,44.44311118017105
6287,135,139,MAE,22.495655840364396
6288,135,137,MAE,53.17159653881144
6289,135,137,MAE,29.635271023230384
6290,135,141,MAE,56.75377881553763
6291,135,141,MAE,31.211223907020916
6292,135,139,MAE,33.6659790548612
6293,135,139,MAE,40.03774700054731
6294,135,137,MAE,7.304413404703496
6295,135,139,MAE,3.192989733614528
6296,135,147,MAE,24.274627150362093
6297,135,139,MAE,27.666688988861893
6298,135,137,MAE,24.155850788859418
6299,135,139,MAE,18.74832027995007
6300,135,141,MAE|SAE,3.7375872909551124
6301,135,137,MAE,41.7513603231033
6302,135,149,MAE,33.379329885093085
6303,135,137,MAE,39.707854079459125
6304,135,140,MAE|SAE,3.421416749619238
6305,135,137,MAE,57.09621627133326
6306,135,137,MAE,3.2038165598810555
6307,135,139,MAE,48.08482805681956
6308,135,137,MAE,37.629047190333715
6309,135,139,MAE,24.327124878952898
6310,135,139,MAE,25.461190249780874
6311,135,141,MAE,49.500050398333656
6312,135,139,MAE,22.658065011346377
6313,135,139,MAE,31.955872647042856
6314,135,137,MAE,57.971568621588055
6315,135,137,MAE,46.466075838729225
6316,135,141,MAE,59.73952329479371
6317,135,139,MAE,31.227872077829993
6318,135,153,MAE,21.95447068287564
6319,135,147,LAE|MAE,47.53603671011619
6320,135,139,MAE,3.031362561220867
6321,135,141,MAE,24.39638095386513
6322,135,147,MAE,29.21640787588855
6323,135,147,MAE,29.768326820975485
6324,135,139,MAE,37.7950985736906
6325,135,141,MAE,45.77734968803654
6326,135,147,MAE,42.79138181277758
6327,135,137,MAE,54.185442097583184
6328,135,139,MAE,19.183952306843562
6329,135,139,MAE,30.91335045239747
6330,135,143,MAE,44.066545978213504
6331,135,139,MAE,41.13763937108624
6332,135,141,MAE,18.40942002877683
6333,135,139,MAE,26.404161600883604
6334,135,137,MAE,30.528670932531675
6335,135,147,MAE,41.48989836778933
6336,135,141,MAE,21.007239379954587
6337,135,137,MAE,41.186715328125544
6338,136,137,MAE|SAE,6.429893446755205
6339,136,137,MAE|SAE,6.100858030046918
6340,136,137,MAE|SAE,6.4331963916066535
6341,136,137,MAE|SAE,6.36394336893407
6342,136,137,MAE|SAE,5.492028468651297
6343,136,137,MAE|SAE,3.214375810663406
6344,136,137,MAE|SAE,1.106986126861472
6345,136,138,LAE|MAE|SAE,1.5907830378259107
6346,136,140,MAE|SAE,3.4023270760435804
6347,136,141,MAE|SAE,3.223214158975717
6348,136,137,MAE|SAE,5.838882675825154
6349,136,137,MAE|SAE,5.74276959952495
6350,136,137,MAE|SAE,5.966297071390251
6351,136,138,LAE|MAE|SAE,1.5776230289573185
6352,136,137,MAE|SAE,5.768142378205966
6353,136,137,MAE|SAE,1.5753871690841665
6354,136,139,MAE|SAE,6.487939067007619
6355,136,140,MAE|SAE,3.3637399847087512
6356,136,141,MAE|SAE,6.343828629942361
6357,135,139,LAE|MAE,3.2919329949811695
6358,137,144,LAE|MAE|SAE,4.00560639842001
6359,137,140,LAE|MAE|SAE,6.1348772888933985
6360,137,138,LAE|MAE,1.7750415996686184
6361,135,139,MAE,24.574615537290786
6362,135,145,MAE,42.03188815369824
6363,135,141,MAE,28.48415250776476
6364,135,139,MAE,26.77468650457828
6365,135,143,MAE,44.827268127769166
6366,135,141,MAE,30.710205852268878
6367,135,141,MAE,17.19616119343336
6368,135,149,MAE,29.730358818338765
6369,136,139,MAE|SAE,3.3554951320617423
6370,137,141,MAE|SAE,2.7580152754665095
6371,137,141,MAE,34.58259534732226
6372,137,141,MAE,5.794667551100922
6373,137,140,MAE|SAE,2.1853061804931793
6374,137,139,MAE,31.65439936005921
6375,137,145,MAE,27.764592406573687
6376,137,139,MAE,30.80760033492804
6377,137,149,MAE,22.16101594407751
6378,137,141,MAE,21.660498776811842
6379,137,141,MAE|SAE,6.003359712135405
6380,137,140,MAE|SAE,2.2492830423263257
6381,137,140,MAE|SAE,2.268220602709089
6382,137,141,MAE,25.51163351872283
6383,137,141,MAE,38.32393902640609
6384,137,147,MAE,32.052764561037016
6385,137,139,MAE,5.642824172189641
6386,137,140,MAE|SAE,5.018514035704664
6387,137,139,MAE,26.558641731345915
6388,137,139,MAE,8.2772981669789
6389,137,139,MAE,5.834806567520587
6390,137,139,MAE,32.56479450512593
6391,137,141,MAE,30.387229204797364
6392,137,145,MAE,50.99303729389085
6393,137,141,MAE,7.310783621644816
6394,137,141,MAE,47.712025646146564
6395,137,139,MAE,40.75018872924776
6396,137,139,MAE,39.209539740488076
6397,137,141,MAE,20.635060055619725
6398,137,139,MAE,33.489963863638245
6399,137,140,MAE|SAE,2.0167645655305395
6400,137,141,MAE,50.283990192694226
6401,137,147,MAE,23.902018211021897
6402,137,149,MAE,30.489079373554578
6403,137,139,MAE,3.1491557985860137
6404,137,139,MAE,33.0801613033627
6405,137,139,MAE,38.37195562354209
6406,137,141,MAE,40.691849498006206
6407,137,145,MAE,26.007271797294713
6408,137,139,MAE,43.89818136403685
6409,137,145,MAE,37.23234324278259
6410,137,145,MAE,21.27670483959523
6411,137,144,LAE|MAE|SAE,3.8268016337255935
6412,137,166,LAE|MAE,29.420400545756717
6413,137,147,MAE,31.725036468548986
6414,137,141,MAE,34.90899298070706
6415,137,139,MAE,27.689471680115005
6416,137,139,MAE,36.31785733185003
6417,137,139,MAE,56.637989134163924
6418,137,139,MAE,26.655569698924154
6419,137,140,MAE|SAE,4.482275213565002
6420,137,139,MAE,58.40366985803854
6421,137,139,MAE,32.0224000448033
6422,137,139,MAE,2.7189283358606002
6423,137,141,MAE,6.370392813787339
6424,137,139,MAE,41.14328878130178
6425,137,139,MAE,28.737999708943086
6426,137,140,MAE|SAE,2.5979147033273615
6427,137,141,MAE,52.54301943323457
6428,137,139,MAE,49.657574761616964
6429,137,141,MAE,57.09831008432739
6430,138,139,LAE|MAE,1.6200017260776598
6431,138,155,LAE|MAE,39.867031980847074
6432,136,140,SAE,6.149119798334244
6433,136,144,SAE,6.410888889247437
6434,136,140,SAE,7.320398285634883
6435,136,140,SAE,3.8027394313591762
6436,137,140,MAE|SAE,2.562952551456123
6437,137,140,MAE|SAE,2.9777635870105263
6438,137,140,MAE|SAE,2.351788382250271
6439,137,140,MAE|SAE,2.2832631468267435
6440,137,141,MAE|SAE,2.9979239085249656
6441,137,140,MAE|SAE,2.227580298876383
6442,137,144,MAE|SAE,6.40097332374582
6443,137,140,MAE|SAE,5.695357284743371
6444,137,144,MAE|SAE,3.2583773076751146
6445,137,141,MAE|SAE,3.0007089092726194
6446,137,141,MAE|SAE,2.8928453845404887
6447,137,140,MAE|SAE,2.6984625715466826
6448,137,140,MAE|SAE,3.731145339570515
6449,137,141,MAE|SAE,2.66768355923393
6450,139,141,MAE|SAE,1.6776878502534736
6451,139,140,MAE|SAE,2.180129907031999
6452,139,141,MAE|SAE,3.081551694258727
6453,139,140,MAE|SAE,2.2439090705743174
6454,139,140,MAE|SAE,2.366239260077428
6455,139,140,MAE|SAE,2.55274736250274
6456,139,140,MAE|SAE,1.5895214369218722
6457,139,140,MAE|SAE,1.359097446180098
6458,139,140,MAE|SAE,1.2327817520310145
6459,139,140,MAE|SAE,2.571060091108842
6460,139,143,MAE|SAE,2.956808602250515
6461,139,141,MAE|SAE,2.1958031523898955
6462,139,141,MAE|SAE,4.372785990509589
6463,139,140,MAE|SAE,6.182579785931546
6464,139,140,MAE|SAE,4.528541106508698
6465,139,140,MAE|SAE,1.3363930463901692
6466,139,140,MAE|SAE,1.3529175970773581
6467,139,141,MAE|SAE,2.314354608724321
6468,139,140,MAE|SAE,1.889246547121604
6469,139,140,MAE|SAE,1.2656754600393552
6470,137,145,MAE,23.2730575574586
6471,137,141,MAE,42.026040830819404
6472,137,145,MAE,26.383405837172777
6473,137,141,MAE,45.58234725899248
6474,137,145,MAE,23.99009182808461
6475,137,141,MAE,45.50564329855182
6476,137,143,MAE,40.2985990144616
6477,138,158,LAE|MAE,40.2307800607513
6478,139,150,LAE|MAE,34.95401998255496
6479,139,141,MAE,33.88856318259537
6480,139,141,MAE,37.561979487924
6481,139,141,MAE,19.500014144183584
6482,139,141,MAE,35.1676330020022
6483,139,141,MAE,27.628623894886235
6484,139,147,MAE,26.3257323959696
6485,139,141,MAE,33.15925599500138
6486,139,142,LAE|MAE,2.909961701102381
6487,139,141,MAE,28.94946867143275
6488,139,141,MAE,6.72832759750103
6489,139,149,MAE,26.602052985239823
6490,139,147,MAE,23.460049381417537
6491,139,141,MAE,27.477903537402206
6492,139,141,MAE,22.431930309332007
6493,139,147,MAE,21.496925665403058
6494,139,141,MAE,44.31860741628576
6495,139,149,MAE,47.51985603001478
6496,139,150,LAE|MAE,34.633370685860605
6497,139,141,MAE,33.32377297880814
6498,139,141,MAE,37.142359201056955
6499,139,145,MAE|SAE,3.2184472087592133
6500,139,141,MAE,33.729501527024624
6501,139,141,MAE,44.126123558089255
6502,139,141,MAE,40.87545129656658
6503,139,145,MAE,22.78074602562694
6504,139,141,MAE,26.19172899614238
6505,139,141,MAE,58.54043792110515
6506,139,141,MAE,32.38569149933271
6507,139,149,MAE,30.78078092127399
6508,139,145,MAE,43.58046269215039
6509,139,147,MAE,31.926564233274235
6510,139,141,MAE,7.257574668522218
6511,139,149,MAE,45.49566037663391
6512,139,145,MAE,21.468168672948643
6513,139,154,LAE|MAE,41.87616178813293
6514,139,141,MAE,19.25910938048642
6515,139,141,MAE,26.974991673145997
6516,139,141,MAE,28.609173567816008
6517,139,141,MAE,34.19670944554622
6518,139,141,MAE,22.62300914471465
6519,139,141,MAE,45.06473215432857
6520,139,147,MAE,31.86253153738945
6521,139,141,MAE,29.06812011980106
6522,139,141,MAE,2.719485667269702
6523,139,141,MAE,12.41423735863696
6524,139,141,MAE,33.75462325473657
6525,139,146,LAE|MAE|SAE,4.130276605314425
6526,139,141,MAE,19.407288177644958
6527,139,166,LAE|MAE|SAE,38.640227478800334
6528,139,158,LAE|MAE,27.074876242517387
6529,139,143,MAE,41.47259191295377
6530,139,147,MAE,31.950153014785467
6531,139,141,MAE,36.24948941471983
6532,139,141,MAE,20.0726963517605
6533,139,141,MAE,43.28532069432214
6534,139,141,MAE,44.72437698755687
6535,139,141,MAE,2.2711534094565478
6536,139,141,MAE,37.17694971378961
6537,139,141,MAE,59.388937481033466
6538,139,141,MAE,25.787004091420027
6539,139,141,MAE,23.497779734828686
6540,139,145,MAE,43.29864601857903
6541,139,141,MAE,19.419728186094332
6542,139,154,LAE|MAE,37.81479373744325
6543,139,145,MAE,22.427163505689027
6544,139,147,MAE,45.510273503501864
6545,139,145,MAE,26.593250536894946
6546,139,147,MAE,49.723296001850535
6547,139,141,MAE,25.481417870789752
6548,139,143,MAE,24.36021542234487
6549,139,141,MAE,52.34443662687011
6550,139,141,MAE,45.45859524244222
6551,139,145,LAE|MAE|SAE,3.291511787405205
6552,139,141,MAE,3.04913591939673
6553,139,141,MAE,35.43932555066035
6554,139,145,MAE,19.794152100020465
6555,139,147,MAE,44.522017162020305
6556,139,145,MAE,46.81549627250124
6557,139,141,MAE,28.637641606853542
6558,139,141,MAE,26.803825409399924
6559,139,141,MAE,51.65323564504755
6560,139,141,MAE,40.39372246437408
6561,139,141,MAE,6.303124777195367
6562,139,141,MAE,47.734746237642234
6563,139,141,MAE,28.247241578192995
6564,139,149,MAE,25.97452902151194
6565,139,144,MAE|SAE,3.911839513466781
6566,139,142,LAE|MAE,27.024594956859932
6567,139,143,MAE,38.31030206045952
6568,139,141,MAE,55.32579292626682
6569,139,144,MAE|SAE,3.2452160067374614
6570,139,143,MAE,58.74037686960388
6571,140,144,MAE|SAE,2.0035333671557134
6572,140,144,MAE|SAE,2.7174224891177516
6573,140,141,MAE|SAE,1.2484790408943973
6574,140,141,MAE|SAE,1.9586053251221873
6575,140,141,MAE|SAE,1.2949570628529607
6576,140,141,MAE|SAE,1.4667267744489898
6577,140,141,MAE|SAE,1.3206770761549154
6578,140,144,MAE|SAE,2.673369568821746
6579,140,141,MAE|SAE,3.499928869475142
6580,140,144,MAE|SAE,2.571689952181791
6581,140,141,MAE|SAE,1.6067837350782954
6582,140,141,MAE|SAE,1.1697682828997238
6583,140,144,LAE|MAE|SAE,2.9675741779950555
6584,140,141,MAE|SAE,1.993605854065987
6585,140,141,MAE|SAE,1.2235550955986476
6586,140,141,MAE|SAE,4.285444596307355
6587,140,144,LAE|MAE|SAE,3.511724069366594
6588,140,144,MAE|SAE,4.999020926377806
6589,140,141,MAE|SAE,1.381116148082569
6590,140,141,MAE|SAE,1.3288269369292796
6591,140,144,MAE|SAE,3.170125037645989
6592,140,141,MAE|SAE,5.332107433536611
6593,138,142,LAE,53.53607145625031
6594,141,160,LAE|MAE|SAE,42.27372064111199
6595,141,142,LAE|MAE,2.6065369005591514
6596,141,142,LAE|MAE,1.230817328337306
6597,139,143,MAE,31.14768139282382
6598,139,145,MAE,57.838396783424265
6599,139,147,MAE,18.316745121481276
6600,139,160,MAE|SAE,31.32242504392124
6601,139,143,MAE,34.32743833015703
6602,139,143,MAE,25.34515033645492
6603,139,143,MAE,53.43609753104972
6604,139,143,MAE,29.05317425774935
6605,139,143,MAE,27.39947777384867
6606,139,143,MAE,48.52825606145443
6607,139,143,MAE,29.261099405896633
6608,139,149,MAE,32.0961877465627
6609,139,149,MAE,48.511389268815144
6610,139,143,MAE,25.640098587536126
6611,139,143,MAE,24.563163477231974
6612,139,145,MAE,33.49085902079958
6613,141,149,MAE,32.12160987771692
6614,141,147,MAE,32.6768763050529
6615,141,147,MAE,25.463235775949325
6616,141,149,MAE,31.779197760332522
6617,141,156,LAE|MAE|SAE,26.108165553481737
6618,141,147,MAE,22.549288010595394
6619,141,143,MAE,39.298132560571574
6620,141,147,MAE,28.937750280712855
6621,141,143,MAE,20.449468222999535
6622,141,143,MAE,38.85497684481754
6623,141,147,MAE,41.68777359082736
6624,141,143,MAE,38.381336439748516
6625,141,150,LAE|MAE,4.515135636915811
6626,141,145,MAE,35.52763606163017
6627,141,145,MAE,25.787146781835528
6628,141,143,MAE,15.6717258727543
6629,141,143,MAE,48.908149556343325
6630,141,147,LAE|MAE,4.104820420903309
6631,141,143,MAE,35.99010484526782
6632,141,143,MAE,34.03872838695522
6633,141,143,MAE,1.971474333566212
6634,141,149,LAE|MAE,28.57193538779387
6635,141,143,MAE,4.681397019164444
6636,141,145,MAE,37.63515478918145
6637,141,143,MAE,22.193186177332176
6638,141,144,MAE|SAE,3.3686727945084547
6639,141,147,MAE,27.82360287194026
6640,141,143,MAE,38.138253688869206
6641,141,145,MAE,7.3230382499045215
6642,141,147,MAE,23.88763294947169
6643,141,147,MAE,43.373516422611424
6644,141,145,MAE,48.76355051542125
6645,141,143,MAE,35.49187631141074
6646,141,145,MAE,33.48001905720814
6647,141,143,MAE,5.282936340289395
6648,141,143,MAE,24.183551090384018
6649,141,149,LAE|MAE,22.69556402763121
6650,141,154,LAE|MAE,5.640092624214806
6651,141,147,MAE,55.1211131101181
6652,141,143,MAE,21.43537702955834
6653,141,145,MAE,39.56256727231867
6654,141,145,MAE,41.17513744807115
6655,141,145,MAE,40.18416321329886
6656,142,145,LAE|MAE,4.214603413166744
6657,142,144,LAE|MAE|SAE,1.7821913270824161
6658,142,147,LAE|MAE,32.39044139331632
6659,140,144,SAE,5.589113601808719
6660,140,144,SAE,5.5620914180886185
6661,140,144,SAE,5.767369318458143
6662,140,144,SAE,4.699859326057767
6663,141,144,MAE|SAE,2.246703017024134
6664,141,144,MAE|SAE,2.7863574589352273
6665,143,144,MAE|SAE,2.493510004776658
6666,143,144,MAE|SAE,2.113773379196247
6667,143,144,MAE|SAE,1.3089567556112203
6668,143,145,MAE|SAE,2.993838614479856
6669,143,144,MAE|SAE,1.678106695474843
6670,143,146,LAE|MAE|SAE,2.4819419396340767
6671,143,150,LAE|MAE|SAE,4.013509072953616
6672,143,144,MAE|SAE,2.5570492472652186
6673,141,145,MAE,38.163698162815855
6674,141,154,LAE|MAE,23.652498184358926
6675,141,145,MAE,5.552471272179526
6676,141,145,MAE,30.160901159486286
6677,141,145,MAE,39.11409411688131
6678,141,145,MAE,25.194703169996348
6679,141,145,MAE,34.45954613863891
6680,141,149,MAE,26.867542986301117
6681,141,145,MAE,27.480019051821483
6682,141,145,MAE,41.07432466879727
6683,141,149,MAE,34.07829603549119
6684,141,145,MAE,27.94150301458525
6685,141,145,MAE,35.208215091031924
6686,141,145,MAE,19.5651775711937
6687,141,149,MAE,29.64511275685463
6688,141,145,MAE,32.51598974070189
6689,141,146,LAE|MAE,18.065321385907925
6690,141,149,MAE,23.443519534719066
6691,141,145,MAE,31.961297551967597
6692,141,145,MAE,27.371834521892605
6693,143,145,MAE,24.572708139659746
6694,143,162,LAE|MAE,26.66659598094962
6695,143,145,MAE,31.70055155723559
6696,143,147,MAE,29.065428476372734
6697,143,147,MAE,43.50844095421226
6698,143,145,MAE,23.570379081725424
6699,143,147,MAE,46.260076445001
6700,143,149,MAE,29.703378870803135
6701,143,145,MAE,24.011699212707146
6702,143,145,MAE,24.065708008402904
6703,143,145,MAE,38.33570223669
6704,143,145,MAE,22.84177788305775
6705,143,149,MAE,25.399759198445633
6706,143,156,MAE|SAE,23.324751209986452
6707,143,145,MAE,33.66222690888618
6708,143,145,MAE,26.92591077377447
6709,143,145,MAE,23.32464663116599
6710,143,149,MAE,22.77514765336812
6711,143,145,MAE,30.89383280694614
6712,143,147,MAE,26.584584652090776
6713,143,149,MAE,40.653354342980315
6714,143,145,MAE,23.68693739512091
6715,143,149,MAE,20.125992894867547
6716,143,145,MAE,42.25471727943773
6717,143,147,MAE,33.84187933195234
6718,143,145,MAE,30.655833032953407
6719,143,168,LAE|MAE|SAE,49.54177621599
6720,143,145,MAE,6.190376041986795
6721,143,145,MAE,21.46705876796412
6722,143,147,MAE,51.92211517691694
6723,143,149,MAE,29.274397943871815
6724,143,145,MAE,5.807199663474894
6725,143,147,MAE,49.410990779110264
6726,143,151,MAE,17.729779182196896
6727,143,147,MAE,47.88748782094234
6728,143,145,MAE,5.115778899015236
6729,143,147,MAE,24.783138822808283
6730,143,149,MAE,21.490056689881232
6731,143,147,MAE,31.970350794032043
6732,143,147,MAE,26.012642916981697
6733,143,149,MAE,28.025608052441818
6734,143,147,MAE,24.13343562741583
6735,143,149,MAE,58.21848485994822
6736,143,147,MAE,35.924813382790695
6737,143,145,MAE,26.152350377875663
6738,143,145,MAE,28.789344722154663
6739,143,145,MAE,31.63920703164437
6740,143,147,MAE,22.61442414912192
6741,143,149,MAE,55.31279114572722
6742,143,145,MAE,34.63727131125965
6743,143,145,MAE,18.403060469553356
6744,143,149,MAE,34.26080678985639
6745,143,149,MAE,38.90008553824482
6746,143,147,MAE,38.188992227991854
6747,143,151,MAE,12.014598887545834
6748,143,145,MAE,28.800442953771405
6749,143,145,MAE,26.854343093960036
6750,143,145,MAE,36.301657182208196
6751,143,145,MAE,20.771932516473473
6752,143,147,MAE,35.138661862460175
6753,143,149,MAE,28.585922540469156
6754,143,147,MAE,30.605898070825194
6755,143,145,MAE,49.44515189526868
6756,143,145,MAE,6.261453264109629
6757,143,150,LAE|MAE,25.858129753480558
6758,143,149,MAE,30.161657399553803
6759,143,145,MAE,34.09547032123084
6760,143,145,MAE,30.898771824405582
6761,143,149,MAE,29.785569178429764
6762,143,145,MAE,40.60255269400035
6763,143,145,MAE,19.95728257272365
6764,143,145,MAE,25.598323308773235
6765,143,149,MAE,30.681229992442223
6766,143,145,MAE,22.783403566616116
6767,143,145,MAE,22.156301986258555
6768,143,145,MAE,47.437125318332754
6769,143,145,MAE,53.93397338788345
6770,143,145,MAE,41.09851422700564
6771,143,145,MAE,30.586445729412766
6772,143,145,MAE,38.6232651574238
6773,143,145,MAE,50.849695511085564
6774,143,147,MAE,37.92821685922878
6775,144,146,LAE|MAE|SAE,2.240319492999096
6776,144,145,MAE|SAE,1.4949487782152429
6777,144,145,MAE|SAE,1.212605845895424
6778,144,145,MAE|SAE,1.1671243002422595
6779,144,145,MAE|SAE,3.622110091168282
6780,144,146,LAE|MAE|SAE,3.363358315048224
6781,144,146,LAE|MAE|SAE,1.9553227319913664
6782,144,145,MAE|SAE,3.154080964027916
6783,142,146,LAE,39.11960871106743
6784,142,146,LAE,38.74445822057098
6785,143,147,LAE|MAE,27.918837415596794
6786,143,150,LAE|MAE,25.062085593211286
6787,145,166,LAE|MAE|SAE,21.516137437036093
6788,145,158,LAE|MAE,22.518162361400616
6789,145,146,LAE|MAE,8.143557789270497
6790,145,146,LAE|MAE,2.1662238679992174
6791,145,147,LAE|MAE,4.740561071299118
6792,145,146,LAE|MAE,3.3573700352973916
6793,145,147,LAE|MAE,15.376326576561272
6794,145,146,LAE|MAE,2.004640510623572
6795,145,149,LAE|MAE,30.065873302719716
6796,145,146,LAE|MAE,19.23059928884459
6797,145,146,LAE|MAE,4.208740091824307
6798,145,150,LAE|MAE,21.49409287124008
6799,143,147,MAE,20.13096853080589
6800,143,147,MAE,29.02935730867535
6801,143,147,MAE,45.52064917778853
6802,143,149,MAE,29.215285785155615
6803,143,147,MAE,52.955743012857255
6804,143,147,MAE,27.373084382155334
6805,143,147,MAE,38.467441623753906
6806,143,149,MAE,25.35040289808172
6807,143,147,MAE,59.6337883486594
6808,143,147,MAE,41.18293256724939
6809,143,149,MAE,39.22468782462404
6810,143,149,MAE,31.90389321798379
6811,143,147,MAE,51.688213316248614
6812,143,149,MAE,48.81793866494266
6813,143,147,MAE,37.90833665118812
6814,143,154,LAE|MAE,5.071142060063082
6815,143,147,MAE,27.448924068990085
6816,143,147,MAE,38.84441207684092
6817,143,147,MAE,59.54366058438436
6818,143,147,MAE,23.184384805636867
6819,143,149,MAE,22.689179293937357
6820,143,147,MAE,40.333192876363206
6821,143,147,MAE,36.53666422492934
6822,143,147,MAE,32.45773058018439
6823,143,149,MAE,15.351390898455065
6824,145,147,MAE,42.5611829511453
6825,145,147,MAE,21.824110711340012
6826,145,147,MAE,33.36859661905906
6827,145,147,MAE,30.718930410527065
6828,145,149,MAE,21.07725708123073
6829,145,147,MAE,18.365700019629255
6830,145,163,LAE|MAE|SAE,21.98838926871488
6831,145,147,MAE,21.513529707117772
6832,145,147,MAE,25.713557766032544
6833,145,147,MAE,25.4965960812027
6834,145,147,MAE,25.316785324853264
6835,145,147,MAE,44.12132519519381
6836,145,154,LAE|MAE,5.53691023986255
6837,145,147,MAE,23.577507174389517
6838,145,154,LAE|MAE,28.008087187337697
6839,145,147,MAE,49.778534616342014
6840,145,147,MAE,25.319121933802723
6841,145,157,MAE|SAE,29.212048979819027
6842,145,147,MAE,34.545095298512095
6843,145,147,MAE,31.09712096680726
6844,145,151,LAE|MAE,4.616721357051645
6845,145,158,LAE|MAE,18.11469010173833
6846,145,150,LAE|MAE,45.425620264216874
6847,145,149,MAE,35.91557751298842
6848,145,147,MAE,29.000663023748267
6849,145,147,MAE,50.20522574662039
6850,145,147,MAE,31.208558327210334
6851,145,147,MAE,40.073029440427334
6852,145,149,MAE,26.239213576178972
6853,145,147,MAE,38.903805723055505
6854,145,147,MAE,21.314360586837946
6855,145,147,MAE,31.970915878038575
6856,145,149,MAE,22.266027119240665
6857,145,147,MAE,22.36644118262093
6858,145,147,MAE,25.986323756334606
6859,145,147,MAE,41.201110562514316
6860,145,153,MAE,12.12059131694144
6861,145,147,MAE,33.25423958967159
6862,146,147,LAE|MAE,3.857281285099528
6863,146,150,LAE|MAE,24.358478193951427
6864,146,150,LAE|MAE,57.67543867996847
6865,146,158,LAE|MAE,23.267959030674497
6866,146,147,LAE|MAE,3.4882803877797546
6867,146,166,LAE|MAE|SAE,29.676131992965754
6868,144,148,SAE,32.81143686764436
6869,144,148,SAE,27.07407693588376
6870,144,148,SAE,24.600424418101472
6871,144,148,SAE,25.81230745981637
6872,144,148,SAE,26.95930966948924
6873,144,148,SAE,33.416523761872924
6874,144,148,SAE,47.10469422305814
6875,144,148,SAE,18.160451326373057
6876,144,148,SAE,28.23766319653627
6877,144,148,SAE,35.06712378712918
6878,144,148,SAE,20.210436902468437
6879,144,148,SAE,27.322799850445712
6880,145,148,MAE|SAE,3.978511179531091
6881,145,149,MAE,22.323376756389443
6882,145,149,MAE,28.23179862029845
6883,145,149,MAE,49.07404360549881
6884,145,149,MAE,46.48046983983187
6885,145,149,MAE,17.823620644564798
6886,145,149,MAE,22.889263226200438
6887,145,149,MAE,15.79370718769356
6888,145,149,MAE,41.46597116909542
6889,145,149,MAE,49.070578314199174
6890,145,149,MAE,56.69508035337236
6891,145,149,MAE,38.5497256319856
6892,145,149,MAE,39.80972950628748
6893,145,149,MAE,23.4766527292852
6894,146,153,LAE|MAE,22.158840639467744
6895,146,157,LAE|MAE|SAE,19.191942167084928
6896,147,149,MAE,18.64574897955092
6897,147,149,MAE,25.604450691553545
6898,147,153,MAE,50.234409736882
6899,147,149,MAE,23.487330040400725
6900,147,149,MAE,25.67418802809462
6901,147,149,MAE,32.38445876742022
6902,147,149,MAE,25.353943947447764
6903,147,149,MAE,18.93923907659691
6904,147,155,LAE|MAE,24.08538198046412
6905,147,149,MAE,35.767220624468195
6906,147,149,MAE,35.64501194465267
6907,147,151,MAE,35.41573522273783
6908,147,149,MAE,23.757564907435434
6909,147,149,MAE,43.7888377146568
6910,147,149,MAE,22.580990588214416
6911,147,149,MAE,30.84071925883841
6912,147,150,LAE|MAE,52.744417956998724
6913,147,149,MAE,24.196853376268137
6914,147,149,MAE,26.81795198016836
6915,147,151,MAE,29.743860379522324
6916,147,149,MAE,25.462842886779928
6917,147,149,MAE,41.406497286638434
6918,147,149,MAE,25.448951594985857
6919,147,149,MAE,23.799367926380935
6920,147,149,MAE,4.4022137255616585
6921,147,149,MAE,53.166678664948726
6922,147,149,MAE,28.27216645235084
6923,147,149,MAE,22.21334582234698
6924,147,150,LAE|MAE,4.256252664336064
6925,147,149,MAE,15.544812502662957
6926,147,149,MAE,26.491971753749365
6927,147,149,MAE,30.35964840453432
6928,147,149,MAE,26.631315256460343
6929,146,150,LAE,22.46073201514453
6930,146,159,LAE|MAE|SAE,39.08156775936596
6931,146,162,LAE|MAE|SAE,29.514886534051517
6932,146,150,LAE,56.3161604576878
6933,146,150,LAE,37.06747997638298
6934,146,155,LAE|MAE,12.787971622646936
6935,146,150,LAE,36.99219346187569
6936,147,150,LAE|MAE,20.339217935653135
6937,147,150,LAE|MAE,24.418338858772916
6938,147,159,LAE|MAE|SAE,10.44340759367133
6939,147,153,LAE|MAE,4.337151812580747
6940,147,161,LAE|MAE,46.204863969762876
6941,149,159,LAE|MAE,45.65821666576548
6942,149,150,LAE|MAE,22.68018242260406
6943,149,155,LAE|MAE|SAE,3.412287559237428
6944,149,150,LAE|MAE,5.664668092557237
6945,149,150,LAE|MAE,23.601010239959873
6946,149,151,LAE|MAE,3.798371332967805
6947,149,150,LAE|MAE,40.61917570389693
6948,149,150,LAE|MAE,2.726533467842282
6949,149,159,LAE|MAE,24.455487387403274
6950,149,150,LAE|MAE,1.1940820110041208
6951,149,154,LAE|MAE,21.942831233964274
6952,149,153,LAE|MAE,24.22780858669378
6953,149,150,LAE|MAE,11.205555472561118
6954,147,151,MAE,34.904433887239364
6955,147,151,MAE,23.466430142001
6956,147,151,MAE,18.79281038126728
6957,147,151,MAE,24.30861437328815
6958,147,151,MAE,17.471231000944968
6959,147,151,MAE,31.33136900827567
6960,149,151,MAE,27.67359057014041
6961,149,151,MAE,36.50145236882391
6962,149,154,LAE|MAE,14.157317091949084
6963,149,151,MAE,25.071197233668904
6964,149,151,MAE,18.602132821964613
6965,149,151,MAE,21.442003650289475
6966,149,151,MAE,2.707144481559631
6967,150,157,LAE|MAE|SAE,3.81118669733726
6968,150,154,LAE|MAE,19.73395813273218
6969,150,155,LAE|MAE,29.53693204227775
6970,150,163,LAE|MAE|SAE,23.401151856675057
6971,150,153,LAE|MAE,57.06503657815192
6972,150,155,LAE|MAE,5.365440933101811
6973,150,151,LAE|MAE,1.8184021727898574
6974,150,154,LAE|MAE,3.186121010218863
6975,150,151,LAE|MAE,2.329405574979267
6976,150,151,LAE|MAE,24.631827925928675
6977,150,170,LAE|MAE,38.76271920133732
6978,150,151,LAE|MAE,3.617861130091143
6979,151,152,MAE|SAE,1.5255356254746926
6980,151,155,LAE|MAE|SAE,3.131057422711039
6981,149,153,MAE,34.21277181221462
6982,149,156,MAE|SAE,23.609253144605876
6983,150,159,LAE|MAE|SAE,41.96247845256781
6984,150,159,LAE|MAE|SAE,49.39581790368351
6985,150,154,LAE|MAE,23.574329381563825
6986,150,154,LAE|MAE,27.50594462115991
6987,150,155,LAE|MAE,3.6596168322421194
6988,151,153,MAE,22.288077491808117
6989,151,153,MAE,21.494972605102966
6990,151,153,MAE,30.587712441940344
6991,151,153,MAE,26.987193524175233
6992,151,153,MAE,51.960532600493806
6993,151,153,MAE,34.63555240880836
6994,151,153,MAE,38.16968318397823
6995,151,153,MAE,51.5559596388328
6996,151,153,MAE,21.917941258169417
6997,151,153,MAE,49.54304524697284
6998,151,164,MAE|SAE,27.60181447162672
6999,151,153,MAE,35.28044032789051
7000,151,153,MAE,26.88132966720065
7001,151,153,MAE,37.06358479338523
7002,151,153,MAE,35.27792322420668
7003,151,153,MAE,28.82460155918614
7004,151,153,MAE,38.31893938856699
7005,151,156,MAE|SAE,22.989338464678912
7006,151,153,MAE,35.297183656179385
7007,151,153,MAE,36.02178932549418
7008,151,153,MAE,29.241087201489737
7009,151,153,MAE,32.31302623597563
7010,151,153,MAE,28.367439793068666
7011,151,159,LAE|MAE,22.252631991750665
7012,151,162,LAE|MAE|SAE,22.416701916283284
7013,151,158,LAE|MAE|SAE,29.703249347186382
7014,151,153,MAE,36.47322049032189
7015,151,153,MAE,26.31447018019402
7016,151,153,MAE,27.315738164437334
7017,151,153,MAE,27.444966072833424
7018,151,153,MAE,45.70596322542787
7019,151,153,MAE,28.197278358363487
7020,151,153,MAE,28.937543863360553
7021,151,153,MAE,19.996384976614323
7022,151,153,MAE,27.010362103698416
7023,151,158,LAE|MAE|SAE,25.487849597811817
7024,151,153,MAE,50.62163299669676
7025,151,153,MAE,34.94435204651265
7026,151,153,MAE,27.313123507782823
7027,151,153,MAE,28.144928414677373
7028,151,160,LAE|MAE|SAE,4.86140227109514
7029,152,154,LAE|MAE|SAE,2.9172943379800755
7030,152,154,LAE|MAE|SAE,2.548071058163753
7031,150,158,LAE,25.937744854304643
7032,150,154,LAE,11.401943959852375
7033,150,165,LAE|MAE|SAE,8.572531298890544
7034,150,154,LAE,19.57727907096234
7035,150,159,LAE|MAE,20.30291214816547
7036,150,157,LAE|MAE|SAE,27.319909440570832
7037,151,165,LAE|MAE,46.61923285506657
7038,151,155,LAE|MAE,29.36118411751439
7039,151,154,LAE|MAE,32.716667569995366
7040,151,154,LAE|MAE,9.370373221773288
7041,153,154,LAE|MAE,35.383141478567865
7042,153,155,LAE|MAE,9.788657932750342
7043,153,157,LAE|MAE|SAE,16.93893810235654
7044,153,159,LAE|MAE|SAE,29.88080780190575
7045,153,155,LAE|MAE,2.111823819531936
7046,153,154,LAE|MAE,3.9921411466295034
7047,153,155,LAE|MAE,2.7119285705082254
7048,153,154,LAE|MAE,24.726303671563294
7049,153,154,LAE|MAE,25.252138704570175
7050,153,155,LAE|MAE,3.586789122067099
7051,153,154,LAE|MAE,2.606747477072474
7052,153,154,LAE|MAE,3.7195894844835347
7053,153,154,LAE|MAE,22.830231751104904
7054,153,155,LAE|MAE,2.6999835764596476
7055,153,166,LAE|MAE,46.424236884561076
7056,153,154,LAE|MAE,20.41208430651049
7057,153,154,LAE|MAE,1.5942652896088476
7058,153,155,LAE|MAE,2.4081298810514804
7059,153,154,LAE|MAE,2.1582363671928397
7060,153,154,LAE|MAE,1.439148669546358
7061,153,154,LAE|MAE,33.734644006822286
7062,153,166,LAE|MAE|SAE,24.39744079422964
7063,153,154,LAE|MAE,1.4457024338168802
7064,153,155,LAE|MAE,28.29483810395756
7065,153,155,LAE|MAE,23.246650476486966
7066,153,159,LAE|MAE,21.088959058481247
7067,153,155,LAE|MAE,1.5853809913038093
7068,153,155,LAE|MAE,2.3631494678747886
7069,153,155,LAE|MAE,2.4537752255922793
7070,153,154,LAE|MAE,2.219631430143089
7071,151,155,MAE,41.513298509618856
7072,151,155,MAE,42.108849482742535
7073,151,155,MAE,38.17514173756411
7074,151,155,MAE,50.133614318510595
7075,153,155,MAE,26.490958712166556
7076,153,155,MAE,15.743223592323401
7077,153,155,MAE,33.741862908391624
7078,153,155,MAE,34.49429617430961
7079,153,155,MAE,8.635642352376495
7080,154,155,LAE|MAE,2.633415728540565
7081,154,155,LAE|MAE,2.603622435943578
7082,154,155,LAE|MAE,1.6079127726466689
7083,154,155,LAE|MAE,1.5070018159137546
7084,154,166,LAE|MAE|SAE,46.102893343348526
7085,154,155,LAE|MAE,1.6475453152999258
7086,154,165,LAE|MAE|SAE,9.317945211812816
7087,154,155,LAE|MAE,2.4735991021316
7088,154,155,LAE|MAE,3.4718449418479236
7089,154,155,LAE|MAE,2.4335961090960563
7090,154,155,LAE|MAE,1.9167165148952385
7091,154,155,LAE|MAE,1.4517071370033603
7092,154,159,LAE|MAE,38.21323824337244
7093,154,155,LAE|MAE,2.4951870799146194
7094,154,155,LAE|MAE,24.572731603332876
7095,154,155,LAE|MAE,24.916219309677906
7096,154,155,LAE|MAE,23.883930949387018
7097,154,155,LAE|MAE,2.9992321073357147
7098,154,157,LAE|MAE|SAE,4.17319880559256
7099,154,155,LAE|MAE,2.2062271591956693
7100,154,166,LAE|MAE|SAE,10.144754849676103
7101,154,159,LAE|MAE|SAE,3.2612554727490766
7102,154,155,LAE|MAE,1.5311943620348565
7103,154,155,LAE|MAE,2.5137134866125095
7104,154,157,LAE|MAE|SAE,24.407573722645246
7105,154,155,LAE|MAE,2.4695932728299885
7106,154,159,LAE|MAE,41.82605395841644
7107,154,155,LAE|MAE,1.365145085104259
7108,154,155,LAE|MAE,2.799176297535238
7109,154,155,LAE|MAE,31.843857944337636
7110,154,157,LAE|MAE|SAE,5.992915022645361
7111,154,155,LAE|MAE,3.1066462304494484
7112,154,166,LAE|MAE,12.704969513914874
7113,154,157,LAE|MAE|SAE,36.93900408941414
7114,154,155,LAE|MAE,1.5011823515879201
7115,154,155,LAE|MAE,54.380671454815165
7116,154,155,LAE|MAE,26.928672522731357
7117,154,159,LAE|MAE|SAE,21.23365320361964
7118,154,159,LAE|MAE|SAE,20.657017546217997
7119,153,156,MAE|SAE,9.805816685813552
7120,153,156,MAE|SAE,28.87489527539814
7121,153,156,MAE|SAE,36.0919600636533
7122,153,156,MAE|SAE,19.959073536512783
7123,153,160,MAE|SAE,29.165626134043745
7124,153,156,MAE|SAE,31.66415022257672
7125,155,156,MAE|SAE,15.349414630606084
7126,155,156,MAE|SAE,3.7011147205259376
7127,155,165,LAE|MAE|SAE,48.21517306959553
7128,155,157,MAE|SAE,26.11533671385688
7129,155,160,MAE|SAE,21.832043062920025
7130,155,162,LAE|MAE|SAE,4.555742465152432
7131,155,157,MAE|SAE,2.218830144235184
7132,155,157,MAE|SAE,4.6863862696398515
7133,155,157,MAE|SAE,54.32796386671088
7134,155,157,MAE|SAE,31.101375018053865
7135,155,157,MAE|SAE,2.8964318588540303
7136,155,157,MAE|SAE,27.33695815355465
7137,155,160,MAE|SAE,4.675916937899259
7138,155,159,MAE|SAE,2.9496918046518235
7139,155,157,MAE|SAE,34.37702039232526
7140,155,158,LAE|MAE|SAE,17.47719367113094
7141,155,160,MAE|SAE,8.488930806690293
7142,155,164,MAE|SAE,19.257338050177644
7143,155,157,MAE|SAE,15.35928794555245
7144,155,164,MAE|SAE,10.50757609548145
7145,155,164,MAE|SAE,52.29628595532883
7146,155,157,MAE|SAE,26.65908563736652
7147,155,160,MAE|SAE,9.719274438466346
7148,155,157,MAE|SAE,10.110076209741816
7149,155,157,MAE|SAE,3.859477453753409
7150,155,164,MAE|SAE,24.81558287557459
7151,155,157,MAE|SAE,26.793939506432316
7152,155,164,MAE|SAE,35.95392393565634
7153,156,159,MAE|SAE,24.34619761560281
7154,156,157,SAE,25.263900781425036
7155,156,157,SAE,36.57004140712077
7156,156,159,MAE|SAE,21.09837195766679
7157,156,159,MAE|SAE,19.569250029792155
7158,156,163,MAE|SAE,24.82837598373955
7159,154,159,LAE|MAE,4.482521984535147
7160,154,158,LAE,20.724581543040422
7161,154,158,LAE,14.31942397165768
7162,154,158,LAE,45.0170814103845
7163,154,162,LAE,47.50600874804229
7164,154,159,LAE|MAE,12.724460710881383
7165,154,158,LAE,49.91996644988528
7166,154,162,LAE|MAE,57.335428202861
7167,154,158,LAE,26.118561112312225
7168,154,166,LAE,56.253897272126565
7169,154,158,LAE,24.835532258130982
7170,154,158,LAE,46.943178962201216
7171,154,158,LAE,20.115070788423264
7172,154,158,LAE,22.23582076345432
7173,155,158,LAE|MAE,26.168094348096297
7174,155,163,LAE|MAE|SAE,20.040360240659933
7175,155,159,LAE|MAE,28.06872238392698
7176,155,160,MAE|SAE,27.00486608175836
7177,156,159,MAE|SAE,32.37528699498076
7178,156,159,MAE|SAE,29.573401392211963
7179,156,160,MAE|SAE,32.154006414555276
7180,156,160,MAE|SAE,32.471511220064166
7181,157,159,MAE|SAE,1.7445325599773849
7182,157,165,MAE|SAE,31.770266253509668
7183,157,160,MAE|SAE,22.744637507019583
7184,157,159,MAE|SAE,2.591574311313972
7185,157,160,MAE|SAE,25.196094409011828
7186,157,165,MAE|SAE,26.12541483766824
7187,157,160,MAE|SAE,37.66160112310605
7188,157,160,MAE|SAE,9.88473611015905
7189,157,159,MAE|SAE,2.682804680256515
7190,157,163,MAE|SAE,4.046711448579973
7191,157,159,MAE|SAE,1.8653724851187508
7192,157,159,MAE|SAE,1.4400411341788097
7193,157,159,MAE|SAE,20.055672119697252
7194,157,159,MAE|SAE,19.882179904387574
7195,157,159,MAE|SAE,1.9773391223977619
7196,157,160,MAE|SAE,20.297245760670894
7197,157,166,LAE|MAE|SAE,26.87273435886864
7198,157,164,MAE|SAE,34.36447393019861
7199,157,159,MAE|SAE,20.363778132200398
7200,157,160,MAE|SAE,17.046217361419867
7201,157,159,MAE|SAE,9.388468379533846
7202,157,160,MAE|SAE,16.396666517521236
7203,157,159,MAE|SAE,2.5262130590345855
7204,158,159,LAE|MAE,21.602317924413185
7205,158,166,LAE|MAE,51.571511621344456
7206,158,159,LAE|MAE,1.617653013206098
7207,158,165,LAE|MAE,56.378518062974464
7208,158,159,LAE|MAE,3.307485386042815
7209,158,159,LAE|MAE,20.234800811272663
7210,158,159,LAE|MAE,17.296183198517287
7211,158,160,LAE|MAE|SAE,2.187422682747628
7212,158,162,LAE|MAE,2.9721811397945466
7213,158,160,LAE|MAE|SAE,20.291264150340655
7214,158,159,LAE|MAE,1.7872375026423062
7215,158,159,LAE|MAE,26.668250907586128
7216,158,159,LAE|MAE,1.9183495068514178
7217,158,162,LAE|MAE,19.18758649890877
7218,158,159,LAE|MAE,3.418270252928215
7219,158,159,LAE|MAE,19.62839300424922
7220,158,159,LAE|MAE,20.74853892822063
7221,158,159,LAE|MAE,2.3870858759296665
7222,158,159,LAE|MAE,2.587073226672588
7223,158,159,LAE|MAE,33.15161706554396
7224,158,159,LAE|MAE,21.333588603524422
7225,158,159,LAE|MAE,39.08643047356247
7226,158,159,LAE|MAE,40.616527785338924
7227,156,160,SAE,22.120266923288355
7228,157,160,SAE,25.175483308956363
7229,157,160,SAE,8.092786199337427
7230,157,160,SAE,6.95064532330661
7231,157,160,SAE,36.7102809968661
7232,157,160,SAE,20.825170298510095
7233,157,160,SAE,4.198734536488723
7234,157,160,SAE,23.492790482180368
7235,157,160,SAE,25.97754872432221
7236,157,164,SAE,44.27581307815732
7237,157,160,SAE,9.709886042489064
7238,157,160,SAE,36.88751953430525
7239,157,160,SAE,26.581157159986812
7240,157,160,SAE,42.347884826816625
7241,157,160,SAE,19.33938805168061
7242,157,160,SAE,14.768180300379798
7243,157,160,SAE,40.109075160652
7244,157,160,SAE,26.300132301696287
7245,157,160,SAE,21.821515610226218
7246,157,160,SAE,38.30163875063408
7247,157,160,SAE,53.271472692832496
7248,157,160,SAE,18.187778828053215
7249,157,160,SAE,9.630685799541196
7250,157,166,LAE|MAE|SAE,25.640155006756395
7251,157,160,SAE,4.295567113588806
7252,157,160,SAE,26.14747581545448
7253,157,160,SAE,20.6963236557856
7254,157,160,SAE,8.340899948160272
7255,157,160,SAE,34.315375074579464
7256,157,164,SAE,8.746069863942605
7257,157,160,SAE,27.146422692807064
7258,159,163,LAE|MAE|SAE,2.387701108910251
7259,159,162,LAE|MAE|SAE,1.9609473533249249
7260,159,160,MAE|SAE,16.798110479444166
7261,159,160,MAE|SAE,3.082591259624333
7262,159,163,LAE|MAE|SAE,2.417489517270768
7263,159,160,MAE|SAE,19.78843653730078
7264,159,160,MAE|SAE,1.6389977319807496
7265,159,160,MAE|SAE,2.411373796714043
7266,159,162,LAE|MAE|SAE,2.691902433759345
7267,159,160,MAE|SAE,1.6874890260198838
7268,159,161,MAE|SAE,2.732147025028501
7269,159,162,LAE|MAE|SAE,20.081548902938884
7270,159,160,MAE|SAE,54.72165902428478
7271,159,162,LAE|MAE|SAE,2.099013780569897
7272,159,162,LAE|MAE|SAE,2.1487928394795777
7273,159,160,MAE|SAE,12.070101973936653
7274,159,160,MAE|SAE,3.3221251540389716
7275,159,160,MAE|SAE,25.852389237463054
7276,157,166,LAE|MAE|SAE,30.626320157327413
7277,158,162,LAE|MAE,24.329928100582766
7278,158,161,LAE|MAE,45.683561400758705
7279,159,163,MAE,6.451610294699102
7280,159,161,MAE,4.082858251700175
7281,159,161,MAE,2.609306634746013
7282,159,161,MAE,3.701455092832096
7283,159,161,MAE,2.7567978036684444
7284,159,162,LAE|MAE,2.5385586800447637
7285,159,176,LAE|MAE|SAE,50.573798103502014
7286,159,162,LAE|MAE,2.65847608636432
7287,159,161,MAE,3.684671937951665
7288,159,163,MAE,3.854740837856068
7289,159,161,MAE,4.2528854375210745
7290,159,161,MAE,58.47172930986649
7291,159,161,MAE,5.366255921485666
7292,159,161,MAE,4.809866841898904
7293,159,163,MAE,5.597593373658686
7294,159,161,MAE,8.059280969333914
7295,159,162,LAE|MAE,2.8871138788562245
7296,159,163,MAE,8.580514299139125
7297,159,161,MAE,23.45269639160481
7298,159,163,MAE,5.121348005526207
7299,159,165,LAE|MAE,20.148671429969458
7300,159,163,LAE|MAE,2.884772330052459
7301,159,161,MAE,5.9596714996057925
7302,159,163,LAE|MAE,22.634521734690384
7303,159,163,MAE,5.8783652509388755
7304,159,163,MAE,4.356429969177389
7305,159,161,MAE,10.56932449692152
7306,159,170,LAE|MAE,9.461324174397104
7307,159,166,LAE|MAE,3.71645749558809
7308,159,161,MAE,22.019521404177343
7309,159,161,MAE,4.300825642528343
7310,159,161,MAE,32.30963156126748
7311,159,161,MAE,9.742901287676638
7312,159,161,MAE,53.79121738618157
7313,160,162,LAE|MAE|SAE,2.0591493807879258
7314,160,161,MAE|SAE,1.2031144626839683
7315,160,161,MAE|SAE,21.360178957802926
7316,160,161,MAE|SAE,54.555017507274925
7317,160,162,LAE|MAE|SAE,2.482236020227739
7318,160,161,MAE|SAE,1.6427644142638234
7319,160,161,MAE|SAE,3.106521753832789
7320,158,162,LAE,20.21540763954219
7321,158,166,LAE,18.74359660070398
7322,158,162,LAE,51.54990460870191
7323,158,162,LAE,29.54639662125524
7324,158,162,LAE,23.88191200583908
7325,158,162,LAE,30.86712719027253
7326,158,162,LAE,34.53445660680095
7327,158,162,LAE,27.851682234100227
7328,158,162,LAE,21.670108252659094
7329,158,162,LAE,28.945039381869712
7330,158,162,LAE,7.401789531665245
7331,158,166,LAE|MAE,51.917103354909614
7332,158,162,LAE,8.994814184270506
7333,158,162,LAE,59.499682768662986
7334,158,166,LAE,8.058711684861805
7335,158,209,LAE|MAE|SAE,53.82582970817153
7336,159,162,LAE|MAE,2.7837235467716632
7337,159,162,LAE|MAE,28.140653774983935
7338,159,169,LAE|MAE|SAE,20.025780589418627
7339,159,166,LAE|MAE,39.44262956158326
7340,159,162,LAE|MAE,14.933858278415428
7341,161,162,LAE|MAE,1.4799448477874368
7342,161,162,LAE|MAE,2.425387884008327
7343,161,162,LAE|MAE,1.0549581525106475
7344,161,162,LAE|MAE,33.5798187868946
7345,161,162,LAE|MAE,2.4716902364419173
7346,161,162,LAE|MAE,1.9252449130364817
7347,161,162,LAE|MAE,2.4757765698236223
7348,161,162,LAE|MAE,2.4710875629378632
7349,161,162,LAE|MAE,2.433537002257197
7350,161,162,LAE|MAE,2.2389913155293786
7351,161,162,LAE|MAE,2.0227052105636205
7352,161,162,LAE|MAE,2.5627680408026254
7353,161,163,LAE|MAE,2.0372313983352774
7354,161,162,LAE|MAE,27.48866264639965
7355,161,163,LAE|MAE,2.4263252860802424
7356,161,162,LAE|MAE,2.4026975103975525
7357,161,162,LAE|MAE,20.032732147453004
7358,161,162,LAE|MAE,2.1254743829151383
7359,161,165,LAE|MAE,31.27945265182509
7360,161,162,LAE|MAE,1.7708654879088908
7361,161,162,LAE|MAE,1.6580033903804368
7362,161,163,LAE|MAE,22.014457989926502
7363,161,162,LAE|MAE,33.679080102481166
7364,161,162,LAE|MAE,1.9120555012148726
7365,161,166,LAE|MAE,22.00764811633472
7366,161,163,LAE|MAE,16.475179425231
7367,161,162,LAE|MAE,2.403518789139717
7368,161,162,LAE|MAE,2.0429574414013048
7369,161,166,LAE|MAE,2.3429960586643435
7370,161,166,LAE|MAE,24.682745545618953
7371,159,163,MAE,4.557880902367587
7372,159,163,MAE,4.642151712985943
7373,159,163,MAE,3.876436371550042
7374,159,163,MAE,55.20060747589279
7375,159,163,MAE,36.97118169382311
7376,159,163,MAE,3.4253534737306572
7377,159,163,MAE,6.749963103324157
7378,159,163,MAE,7.193287241425851
7379,160,163,MAE|SAE,24.67965001222333
7380,160,166,LAE|MAE|SAE,26.397799265111757
7381,161,163,MAE,5.741133988639051
7382,161,163,MAE,3.4874156580546867
7383,161,163,MAE,30.580242390124912
7384,161,163,MAE,34.73365776593152
7385,161,163,MAE,5.169762451411322
7386,161,163,MAE,20.78738120567888
7387,161,163,MAE,4.656726491652814
7388,161,166,LAE|MAE,53.310582603897565
7389,161,163,MAE,7.035302677824448
7390,161,163,MAE,26.627446825002433
7391,161,163,MAE,5.2897382766396
7392,161,163,MAE,20.53092703497912
7393,161,163,MAE,18.04938394532219
7394,161,163,MAE,44.2495944175818
7395,161,163,MAE,3.5987115074749987
7396,161,163,MAE,2.414881410385747
7397,161,163,MAE,5.361671015475801
7398,161,163,MAE,3.780034893262304
7399,161,163,MAE,2.441529749337895
7400,162,166,LAE|MAE|SAE,20.247569756546525
7401,162,163,LAE|MAE,1.963252512150885
7402,162,163,LAE|MAE,2.214902995516786
7403,162,163,LAE|MAE,17.238265084300114
7404,162,163,LAE|MAE,2.1681676184672574
7405,162,166,LAE|MAE,2.1310160730793912
7406,162,163,LAE|MAE,1.9223463505972123
7407,162,163,LAE|MAE,1.816173659837704
7408,162,163,LAE|MAE,26.275070863013838
7409,162,164,LAE|MAE|SAE,2.1411850490436173
7410,162,166,LAE|MAE,22.90616881625329
7411,162,163,LAE|MAE,29.006276569795975
7412,162,163,LAE|MAE,18.645052575086325
7413,160,164,SAE,7.389615306695602
7414,160,168,SAE,24.20087979490666
7415,160,164,SAE,36.94614278542355
7416,160,164,SAE,36.51485490332498
7417,160,164,SAE,27.64881546616192
7418,160,164,SAE,17.82176139878884
7419,160,168,SAE,27.47493992829937
7420,160,164,SAE,7.879558839707399
7421,160,164,SAE,34.631882100808355
7422,160,168,SAE,26.42636136828589
7423,160,164,SAE,8.220851115730904
7424,160,164,SAE,16.431040247012806
7425,160,164,SAE,8.064706723139363
7426,160,164,SAE,38.21018439349642
7427,160,164,SAE,3.4673130308251614
7428,163,167,MAE|SAE,59.473927429851074
7429,163,164,MAE|SAE,22.711060688195797
7430,163,164,MAE|SAE,19.438743855728458
7431,163,169,MAE|SAE,19.271694876967906
7432,163,164,MAE|SAE,2.139549066301843
7433,161,167,MAE,58.85806878085521
7434,161,167,MAE,7.028604670521789
7435,161,166,LAE|MAE,21.46702829387465
7436,161,166,LAE|MAE,23.15001973437177
7437,162,165,LAE|MAE,15.608946651720604
7438,162,166,LAE|MAE,2.1640124836729804
7439,162,165,LAE|MAE,2.1949635993075303
7440,162,166,LAE|MAE,19.896544553051815
7441,162,176,LAE|MAE|SAE,57.39341326158471
7442,162,166,LAE|MAE,36.287788443933216
7443,163,165,MAE,19.58865763177865
7444,163,168,MAE|SAE,19.50835747179053
7445,163,165,MAE,6.101931504754666
7446,163,166,LAE|MAE,32.13022761011158
7447,164,165,MAE|SAE,24.373818504369964
7448,164,167,LAE|MAE|SAE,38.371871195442104
7449,164,165,MAE|SAE,24.400374248887623
7450,164,165,MAE|SAE,19.633685342837964
7451,164,165,MAE|SAE,1.6428776522031538
7452,164,166,LAE|MAE|SAE,20.37511279717052
7453,162,170,LAE,27.29398245557981
7454,162,166,LAE,6.86086115932012
7455,162,170,LAE,23.998524580442215
7456,162,170,LAE,22.819026153564753
7457,162,166,LAE,47.04496987016379
7458,162,166,LAE,44.97078786917733
7459,162,166,LAE,18.737621307123035
7460,162,166,LAE,31.04988274531113
7461,162,166,LAE,9.739472323749276
7462,162,166,LAE,58.27215962063219
7463,162,166,LAE,25.18708781834076
7464,163,166,LAE|MAE,22.640299895378952
7465,165,176,LAE|MAE|SAE,39.10072861848464
7466,165,166,LAE|MAE,1.168535118132882
7467,165,166,LAE|MAE,2.5549730514677567
7468,165,166,LAE|MAE,1.3282542713096257
7469,165,166,LAE|MAE,1.3334551447663037
7470,165,166,LAE|MAE,1.35010672218586
7471,165,166,LAE|MAE,18.550650877021436
7472,165,166,LAE|MAE,1.8687368377103655
7473,165,166,LAE|MAE,1.4987019272797701
7474,165,166,LAE|MAE,1.3692649883535226
7475,165,166,LAE|MAE,1.3283264624267956
7476,165,166,LAE|MAE,1.191335020809006
7477,165,166,LAE|MAE,1.3115376146075153
7478,165,168,LAE|MAE|SAE,26.209707199610346
7479,165,166,LAE|MAE,26.104634081793886
7480,165,166,LAE|MAE,1.3150654507577915
7481,165,166,LAE|MAE,34.119482793884366
7482,165,166,LAE|MAE,1.22850446532408
7483,165,167,LAE|MAE,2.0808737151391674
7484,165,166,LAE|MAE,29.761883157856403
7485,165,166,LAE|MAE,1.4666530243823273
7486,165,166,LAE|MAE,26.974612178169288
7487,165,166,LAE|MAE,2.6900678130543993
7488,165,166,LAE|MAE,16.7627350153458
7489,165,170,LAE|MAE,57.77909783334395
7490,165,166,LAE|MAE,2.1087117705091534
7491,165,166,LAE|MAE,1.0654563085844213
7492,165,166,LAE|MAE,1.39449334407664
7493,165,166,LAE|MAE,1.2741704785131105
7494,165,167,LAE|MAE,18.423977852038597
7495,165,166,LAE|MAE,1.1700880047233193
7496,165,166,LAE|MAE,1.2395540823072986
7497,165,166,LAE|MAE,5.410431615962669
7498,165,166,LAE|MAE,1.095831613604239
7499,165,166,LAE|MAE,5.093146107048521
7500,165,166,LAE|MAE,1.397916734462221
7501,165,166,LAE|MAE,1.158272529764396
7502,165,166,LAE|MAE,1.3656002582855766
7503,165,167,LAE|MAE,3.4498937591829297
7504,165,166,LAE|MAE,18.645340367868446
7505,165,177,LAE|MAE|SAE,23.804453043542747
7506,165,166,LAE|MAE,1.4075549447401272
7507,165,166,LAE|MAE,1.6639271774696356
7508,165,166,LAE|MAE,1.3761090733002748
7509,165,166,LAE|MAE,1.0762762554177754
7510,165,166,LAE|MAE,1.0932955930506971
7511,165,166,LAE|MAE,1.245491518407303
7512,165,166,LAE|MAE,55.76247700882101
7513,165,166,LAE|MAE,27.187248871129842
7514,165,166,LAE|MAE,17.03687829071778
7515,165,166,LAE|MAE,17.786514711289268
7516,165,167,MAE,1.7533078272141576
7517,165,167,MAE,57.78908240484686
7518,165,167,MAE,3.422232365483593
7519,165,167,MAE,3.2554950941430665
7520,165,167,MAE,6.00935601057505
7521,165,167,MAE,2.6038833515755977
7522,165,167,MAE,3.200037351128634
7523,165,167,MAE,3.552939262986676
7524,165,172,MAE|SAE,43.85911942721368
7525,165,169,MAE|SAE,3.543368600103754
7526,165,167,MAE,1.9748152418395997
7527,165,170,LAE|MAE,3.884350572893687
7528,165,167,MAE,1.3798111911508992
7529,165,167,MAE,1.4143116158735467
7530,165,167,MAE,1.3881470014343702
7531,166,167,LAE|MAE,22.9778964853241
7532,166,167,LAE|MAE,8.930948376726173
7533,166,178,LAE|MAE,33.54236533481588
7534,166,167,LAE|MAE,1.7671246909121427
7535,166,167,LAE|MAE,18.5076008437873
7536,166,167,LAE|MAE,1.1176020386414807
7537,166,191,LAE|MAE|SAE,52.072010654404025
7538,166,167,LAE|MAE,21.024317880344714
7539,166,167,LAE|MAE,6.395186065042333
7540,166,167,LAE|MAE,1.0898624662627223
7541,166,170,LAE|MAE,17.0921318281288
7542,166,167,LAE|MAE,20.888068608781808
7543,166,167,LAE|MAE,38.61274795282271
7544,164,168,SAE,45.04669254361988
7545,164,168,SAE,12.75040188497862
7546,164,168,SAE,15.330374210031701
7547,164,168,SAE,16.071414707896434
7548,165,168,MAE|SAE,19.00693666402782
7549,167,168,MAE|SAE,15.97306296778295
7550,165,169,MAE|SAE,3.8685650064518313
7551,165,169,MAE|SAE,3.949382667933919
7552,165,169,MAE|SAE,3.61869048046755
7553,165,169,MAE|SAE,4.001605298848751
7554,165,169,MAE|SAE,3.8367476642103577
7555,167,169,MAE|SAE,2.2036040264026457
7556,167,169,MAE|SAE,36.81091428734644
7557,167,169,MAE|SAE,2.5143493170188314
7558,167,169,MAE|SAE,1.7058327216882376
7559,167,184,LAE|MAE|SAE,43.311240622145284
7560,167,169,MAE|SAE,2.175265337722626
7561,167,169,MAE|SAE,5.360779281929506
7562,166,170,LAE,46.81830066132495
7563,166,201,LAE|MAE,55.036647625067516
7564,166,201,LAE|MAE|SAE,48.967816543990985
7565,166,174,LAE|MAE,21.339908835890554
7566,166,170,LAE,23.828970499300535
7567,166,170,LAE,6.281399305860187
7568,167,246,LAE|MAE|SAE,49.45785539484146
7569,169,171,MAE|SAE,56.7055711511827
7570,169,171,MAE|SAE,2.504289028426991
7571,170,171,LAE|MAE,1.4775101493799443
7572,170,171,LAE|MAE,1.3039989378039214
7573,170,171,LAE|MAE,2.4848630433956456
7574,170,171,LAE|MAE,1.1421814736481508
7575,170,171,LAE|MAE,1.1273788383510053
7576,170,171,LAE|MAE,1.295153644352059
7577,170,172,LAE|MAE|SAE,1.5794997149396388
7578,170,175,LAE|MAE|SAE,16.196719774488805
7579,170,172,LAE|MAE|SAE,2.2875790440061787
7580,170,171,LAE|MAE,19.152586441246964
7581,170,171,LAE|MAE,1.2574198402745964
7582,170,174,LAE|MAE|SAE,17.65484417052849
7583,170,171,LAE|MAE,1.8336762286183839
7584,170,171,LAE|MAE,14.718787660374465
7585,170,171,LAE|MAE,1.374143870798154
7586,170,171,LAE|MAE,1.490360448708306
7587,170,171,LAE|MAE,1.4899774162248756
7588,170,171,LAE|MAE,1.7438560391211406
7589,170,176,LAE|MAE|SAE,18.68732199505879
7590,170,171,LAE|MAE,1.5233815599933511
7591,170,172,LAE|MAE|SAE,14.064131060804717
7592,170,175,LAE|MAE|SAE,37.49851438472913
7593,170,174,LAE|MAE|SAE,15.067954839060393
7594,170,174,LAE|MAE|SAE,17.505564510164863
7595,170,171,LAE|MAE,1.5596378602198007
7596,170,172,LAE|MAE|SAE,1.605361729685189
7597,170,171,LAE|MAE,1.3397749850717358
7598,170,171,LAE|MAE,1.4711133182217002
7599,170,171,LAE|MAE,1.2856854410380874
7600,170,174,LAE|MAE|SAE,21.79636224357093
7601,170,171,LAE|MAE,1.5431190584795738
7602,170,174,LAE|MAE|SAE,15.427463823283636
7603,170,171,LAE|MAE,1.910660193266418
7604,170,171,LAE|MAE,2.5679171508057235
7605,170,171,LAE|MAE,38.05667367298991
7606,170,176,LAE|MAE|SAE,20.788946149179978
7607,170,171,LAE|MAE,1.4314211834969137
7608,170,172,LAE|MAE|SAE,2.117983489962536
7609,170,172,LAE|MAE|SAE,1.19933409946368
7610,170,171,LAE|MAE,1.3794183664147106
7611,170,174,LAE|MAE|SAE,18.532803228822356
7612,170,172,LAE|MAE|SAE,1.2681897058145861
7613,170,171,LAE|MAE,1.843418898661092
7614,170,171,LAE|MAE,1.2888916596591913
7615,168,175,MAE|SAE,36.19614929264187
7616,171,172,MAE|SAE,1.3531918340653828
7617,171,172,MAE|SAE,0.9508171138440205
7618,171,172,MAE|SAE,0.994157755873168
7619,171,173,MAE|SAE,1.2960981530676356
7620,171,176,LAE|MAE|SAE,34.26107981652392
7621,171,172,MAE|SAE,23.477338910435883
7622,171,183,LAE|MAE|SAE,20.766363615995385
7623,171,172,MAE|SAE,1.2015915142393099
7624,171,172,MAE|SAE,46.529569029083994
7625,171,172,MAE|SAE,16.51482950112785
7626,171,172,MAE|SAE,1.756509818771589
7627,171,176,LAE|MAE|SAE,25.192497760312655
7628,171,176,MAE|SAE,19.14579451504857
7629,171,172,MAE|SAE,14.848258168785136
7630,171,172,MAE|SAE,1.9882728239452256
7631,171,172,MAE|SAE,26.65569691077122
7632,171,172,MAE|SAE,14.876108063766495
7633,171,176,LAE|MAE|SAE,22.083193652796524
7634,171,173,MAE|SAE,35.30368624994909
7635,171,175,MAE|SAE,16.510156130250692
7636,171,172,MAE|SAE,29.608937710897322
7637,171,173,MAE|SAE,1.349173240767762
7638,171,172,MAE|SAE,34.48076494751073
7639,171,173,MAE|SAE,26.648947530576567
7640,171,173,MAE|SAE,29.443894900471147
7641,171,172,MAE|SAE,15.958950146812262
7642,171,182,LAE|MAE|SAE,40.11352876721583
7643,171,172,MAE|SAE,1.3895208969886028
7644,171,176,LAE|MAE|SAE,34.3090850312863
7645,171,172,MAE|SAE,1.502993986498797
7646,171,172,MAE|SAE,14.218196597741484
7647,171,172,MAE|SAE,1.3035447731621155
7648,171,172,MAE|SAE,1.2601978592251324
7649,170,173,LAE|MAE,56.01931259480858
7650,170,173,LAE|MAE,15.385006890143051
7651,170,189,LAE|MAE,54.485277048881905
7652,171,173,MAE,2.9554723387391855
7653,171,176,MAE|SAE,33.12196454256721
7654,171,176,LAE|MAE|SAE,17.78755671114547
7655,172,187,LAE|MAE|SAE,26.27998838842357
7656,172,173,MAE|SAE,14.919904027278253
7657,172,176,LAE|MAE|SAE,18.948581049720463
7658,172,183,LAE|MAE|SAE,33.67080559035547
7659,172,176,LAE|MAE|SAE,55.390453606480555
7660,172,174,LAE|MAE|SAE,15.590919890556458
7661,172,173,MAE|SAE,16.62431932475193
7662,172,173,MAE|SAE,1.3734750062167473
7663,172,173,MAE|SAE,16.0730075909868
7664,172,173,MAE|SAE,52.400710605852915
7665,172,174,LAE|MAE|SAE,14.427687387032748
7666,172,175,LAE|MAE|SAE,16.772413619709216
7667,172,173,MAE|SAE,0.941524866691501
7668,172,176,MAE|SAE,18.01813682083417
7669,172,175,MAE|SAE,16.105112272661056
7670,172,173,MAE|SAE,1.0784136001152105
7671,172,173,MAE|SAE,1.4758776224756696
7672,172,173,MAE|SAE,1.5550415445892003
7673,172,175,LAE|MAE|SAE,1.3839153335051027
7674,172,173,MAE|SAE,0.9829319430707618
7675,172,176,LAE|MAE|SAE,28.8055968963481
7676,172,176,MAE|SAE,16.82925960096585
7677,172,176,LAE|MAE|SAE,48.10427135135964
7678,172,173,MAE|SAE,1.5701873754941331
7679,172,173,MAE|SAE,44.07391712799702
7680,172,174,LAE|MAE|SAE,52.88224838220999
7681,170,174,LAE,24.550918107154892
7682,170,174,LAE,19.366637654151887
7683,171,186,LAE|MAE,33.69396639909313
7684,171,174,LAE|MAE,15.452259432859119
7685,173,176,LAE|MAE|SAE,1.9369031619883896
7686,173,175,LAE|MAE,2.225947403104601
7687,173,174,LAE|MAE,1.0336304914639725
7688,173,174,LAE|MAE,1.2308574643492451
7689,173,175,LAE|MAE,1.4136769156762574
7690,173,176,LAE|MAE|SAE,16.57271931658444
7691,173,174,LAE|MAE,1.1948272069942085
7692,173,174,LAE|MAE,1.1953224038988992
7693,173,174,LAE|MAE,1.2813401021494228
7694,173,174,LAE|MAE,14.198013793119731
7695,173,176,LAE|MAE|SAE,19.41699984155704
7696,173,174,LAE|MAE,4.55096094595697
7697,173,175,LAE|MAE,4.7023795707930365
7698,173,238,LAE|MAE|SAE,58.212263033409464
7699,173,178,LAE|MAE,53.6345524096404
7700,173,174,LAE|MAE,14.732086198200307
7701,173,174,LAE|MAE,1.5761821421601458
7702,173,183,LAE|MAE,28.525949451553974
7703,173,174,LAE|MAE,0.9083289592440109
7704,173,174,LAE|MAE,7.074479851577608
7705,173,174,LAE|MAE,1.136233064823057
7706,173,174,LAE|MAE,0.9943450057917105
7707,173,174,LAE|MAE,14.376179152971817
7708,173,179,LAE|MAE|SAE,56.21731417950798
7709,173,174,LAE|MAE,3.7892287650318153
7710,173,176,LAE|MAE|SAE,2.9075495974744148
7711,173,174,LAE|MAE,12.865827142043727
7712,173,175,LAE|MAE,1.2581409181301542
7713,173,185,LAE|MAE|SAE,55.55852356296526
7714,173,174,LAE|MAE,1.4988375877618951
7715,173,174,LAE|MAE,1.8592613390463468
7716,173,176,LAE|MAE|SAE,15.813947816008453
7717,173,174,LAE|MAE,1.291310343061501
7718,173,174,LAE|MAE,15.909103730077371
7719,173,174,LAE|MAE,21.6088318118686
7720,173,174,LAE|MAE,1.0076801436419283
7721,173,174,LAE|MAE,1.0134094112237848
7722,171,175,MAE,16.111162982751285
7723,171,182,LAE|MAE|SAE,47.047190565753766
7724,171,201,LAE|MAE|SAE,52.81289212724644
7725,172,189,LAE|MAE|SAE,13.797970832802562
7726,172,176,MAE|SAE,35.08818391126051
7727,172,176,MAE|SAE,34.76987591778943
7728,172,176,MAE|SAE,16.118701276225252
7729,172,179,MAE|SAE,34.76124968629557
7730,172,185,LAE|MAE|SAE,22.4829973074396
7731,173,179,MAE|SAE,27.10787168654982
7732,173,176,MAE|SAE,19.40359953310403
7733,174,175,LAE|MAE,1.1923481138933911
7734,174,176,LAE|MAE|SAE,1.239311960932682
7735,174,175,LAE|MAE,1.8151355453017342
7736,174,175,LAE|MAE,2.148521017744728
7737,174,175,LAE|MAE,1.4366856677425013
7738,174,176,LAE|MAE|SAE,1.9862313609777542
7739,174,175,LAE|MAE,2.232450199574014
7740,174,180,LAE|MAE|SAE,3.555268643462481
7741,174,175,LAE|MAE,1.7492239165721688
7742,174,175,LAE|MAE,1.0243333142848936
7743,174,175,LAE|MAE,2.5049465101362114
7744,174,184,LAE|MAE|SAE,44.35172869588151
7745,174,177,LAE|MAE|SAE,1.6461267494128293
7746,174,175,LAE|MAE,1.4553403055623417
7747,174,175,LAE|MAE,2.034380525296701
7748,174,177,LAE|MAE|SAE,1.4533126835348225
7749,174,175,LAE|MAE,1.3740954974689046
7750,174,175,LAE|MAE,2.1302858389313526
7751,174,177,LAE|MAE|SAE,2.1755159787118385
7752,174,175,LAE|MAE,48.273265715074324
7753,174,175,LAE|MAE,1.572823819461652
7754,174,175,LAE|MAE,1.7456887622047081
7755,174,175,LAE|MAE,1.0109400753685143
7756,174,175,LAE|MAE,1.6999334425958208
7757,174,175,LAE|MAE,1.2203174024315986
7758,174,176,LAE|MAE|SAE,1.2120965007874673
7759,174,175,LAE|MAE,1.476797943273398
7760,174,176,LAE|MAE|SAE,25.54092998281947
7761,174,177,LAE|MAE,3.72100437713302
7762,174,175,LAE|MAE,1.8379904489491192
7763,174,175,LAE|MAE,1.3196153523839638
7764,174,175,LAE|MAE,1.526890507573812
7765,174,175,LAE|MAE,2.178416067244578
7766,174,175,LAE|MAE,1.2691730476564331
7767,174,175,LAE|MAE,1.8007325212752436
7768,174,175,LAE|MAE,0.9774076682353356
7769,174,176,LAE|MAE|SAE,1.66455717356759
7770,174,176,LAE|MAE|SAE,1.4284949468270447
7771,174,180,LAE|MAE|SAE,2.4729945617618423
7772,174,176,LAE|MAE|SAE,17.179851356666923
7773,174,177,LAE|MAE,4.669586586588447
7774,174,175,LAE|MAE,2.730932742737897
7775,174,175,LAE|MAE,1.1593882048115556
7776,174,175,LAE|MAE,1.1901887353642089
7777,174,175,LAE|MAE,2.197341858199416
7778,172,176,SAE,54.48571072133678
7779,172,176,SAE,22.460900075289995
7780,172,189,MAE|SAE,36.8629144347559
7781,172,176,SAE,42.78441462070225
7782,172,179,MAE|SAE,36.90071230790809
7783,172,176,SAE,16.559163553169494
7784,172,176,SAE,23.397975930072683
7785,172,176,SAE,45.38212246568189
7786,172,176,SAE,35.965147632728915
7787,172,180,SAE,39.06346238489265
7788,173,205,LAE|MAE|SAE,58.42303911713609
7789,173,177,MAE|SAE,11.185283064677312
7790,173,184,LAE|MAE|SAE,52.9716238207065
7791,173,176,MAE|SAE,43.05488953751634
7792,173,179,MAE|SAE,41.6709697569911
7793,173,183,LAE|MAE|SAE,33.10737298893611
7794,173,176,MAE|SAE,51.89066242772483
7795,173,176,MAE|SAE,15.360541263663817
7796,173,177,MAE|SAE,19.07516309022425
7797,175,176,MAE|SAE,3.6715665541376232
7798,175,178,LAE|MAE|SAE,2.1604594297800945
7799,175,176,MAE|SAE,1.8400625277119462
7800,175,176,MAE|SAE,1.9031086304022606
7801,175,177,MAE|SAE,10.3842020834812
7802,175,176,MAE|SAE,1.3233933324316212
7803,175,188,MAE|SAE,41.485930748710345
7804,175,177,MAE|SAE,10.128466398206301
7805,175,177,MAE|SAE,1.3058738677024608
7806,175,177,MAE|SAE,1.3126033107588855
7807,175,187,LAE|MAE|SAE,18.65718048221027
7808,175,176,MAE|SAE,1.0411272492499801
7809,175,176,MAE|SAE,1.0170033461066832
7810,175,176,MAE|SAE,1.7109182541155592
7811,175,176,MAE|SAE,1.132283722435865
7812,175,177,MAE|SAE,1.198997367958688
7813,175,176,MAE|SAE,1.2030256268961217
7814,175,176,MAE|SAE,1.423946651004981
7815,175,176,MAE|SAE,4.7291767902636
7816,175,181,LAE|MAE|SAE,4.078909620669177
7817,175,176,MAE|SAE,1.058228828196904
7818,175,176,MAE|SAE,9.538948747861733
7819,175,176,MAE|SAE,0.9444648848081195
7820,175,176,MAE|SAE,41.859049264192414
7821,175,176,MAE|SAE,40.02719806159774
7822,175,184,LAE|MAE|SAE,28.37570452312425
7823,175,188,LAE|MAE|SAE,52.96283543435538
7824,175,176,MAE|SAE,1.5889416421719305
7825,175,176,MAE|SAE,1.0015100788854108
7826,175,176,MAE|SAE,14.077612903981047
7827,175,178,LAE|MAE|SAE,41.028788988228506
7828,175,189,MAE|SAE,9.186323600462373
7829,175,176,MAE|SAE,1.5080433413321097
7830,175,176,MAE|SAE,1.095654013603504
7831,175,176,MAE|SAE,1.7620631673048979
7832,173,177,MAE,58.32787944916869
7833,174,177,LAE|MAE,2.7405352527154303
7834,174,181,LAE|MAE,50.81760286578791
7835,174,188,LAE|MAE|SAE,29.29913265099689
7836,174,179,LAE|MAE,41.48538624731618
7837,174,191,LAE|MAE|SAE,58.00607023182923
7838,175,231,LAE|MAE|SAE,55.86000132136322
7839,175,217,LAE|MAE|SAE,52.88852975236487
7840,175,177,MAE,3.3001667160152968
7841,175,201,LAE|MAE|SAE,38.94758581037126
7842,176,177,MAE|SAE,18.50588668814985
7843,176,177,MAE|SAE,1.1443418739662041
7844,176,177,MAE|SAE,1.0290057934636392
7845,176,178,LAE|MAE|SAE,1.469834482396147
7846,176,180,MAE|SAE,44.69431439983977
7847,176,179,LAE|MAE|SAE,53.28473743973599
7848,176,213,LAE|MAE|SAE,35.68913141204849
7849,176,181,MAE|SAE,10.483399997998443
7850,176,178,LAE|MAE|SAE,19.692825397787615
7851,176,177,MAE|SAE,16.139106416390725
7852,176,177,MAE|SAE,31.49098944476174
7853,176,179,LAE|MAE|SAE,2.0210693948958594
7854,176,177,MAE|SAE,1.8317419923250604
7855,176,177,MAE|SAE,3.4840965351211945
7856,176,177,MAE|SAE,1.0154916263662124
7857,176,177,MAE|SAE,8.764714536265112
7858,176,184,LAE|MAE|SAE,10.023758232237457
7859,176,177,MAE|SAE,0.9596760975504823
7860,176,177,MAE|SAE,1.0822432072452746
7861,176,177,MAE|SAE,0.9304791004900103
7862,176,177,MAE|SAE,3.0669768044189643
7863,176,177,MAE|SAE,1.449854228588851
7864,176,177,MAE|SAE,1.4976116723135602
7865,176,183,LAE|MAE|SAE,17.778215793195187
7866,176,177,MAE|SAE,3.1869620726934076
7867,176,177,MAE|SAE,3.330611564856277
7868,174,179,LAE|MAE,3.9955360426448894
7869,175,187,LAE|MAE,57.03706283246515
7870,177,178,LAE|MAE,1.2510923099206408
7871,177,178,LAE|MAE,1.0903232243761767
7872,177,178,LAE|MAE,1.1090020726103547
7873,177,178,LAE|MAE,1.076647251586914
7874,177,178,LAE|MAE,1.7270724529495896
7875,177,178,LAE|MAE,2.390149980013175
7876,177,179,LAE|MAE,1.5472867194316158
7877,177,178,LAE|MAE,1.2150015959211793
7878,177,178,LAE|MAE,0.8944605809311411
7879,177,178,LAE|MAE,1.3816323715455434
7880,177,181,LAE|MAE|SAE,1.9231633679434306
7881,177,178,LAE|MAE,48.70661189426524
7882,177,198,LAE|MAE|SAE,54.83897455027191
7883,177,178,LAE|MAE,1.2025757460708077
7884,177,178,LAE|MAE,1.0762159954092048
7885,177,181,LAE|MAE,1.7313304371543847
7886,177,178,LAE|MAE,1.0623998213751604
7887,177,178,LAE|MAE,1.0134380463299768
7888,177,179,LAE|MAE,58.498853963220945
7889,177,178,LAE|MAE,2.742162269094993
7890,177,183,LAE|MAE,25.938578987891358
7891,177,178,LAE|MAE,2.9315961723142063
7892,177,179,LAE|MAE,1.4006083278347288
7893,177,178,LAE|MAE,1.5873198617384703
7894,177,178,LAE|MAE,1.1670500015982013
7895,177,179,LAE|MAE,1.5432631417218472
7896,177,181,LAE|MAE|SAE,9.487413962552402
7897,177,179,LAE|MAE,18.994499192694036
7898,177,180,LAE|MAE|SAE,16.202114425367007
7899,177,178,LAE|MAE,2.7237941917392754
7900,177,178,LAE|MAE,1.4509465463426043
7901,177,178,LAE|MAE,1.8857803061820404
7902,177,178,LAE|MAE,1.0150325017966009
7903,177,178,LAE|MAE,4.329663175102309
7904,175,185,LAE|MAE,57.26291603596753
7905,176,225,LAE|MAE|SAE,51.27657435856678
7906,176,180,MAE|SAE,14.516906713750394
7907,176,179,MAE|SAE,49.90277689356739
7908,176,212,LAE|MAE|SAE,48.934443048852096
7909,176,179,MAE|SAE,53.99963842624178
7910,176,180,MAE|SAE,51.582404361362684
7911,176,187,LAE|MAE|SAE,16.25699691788802
7912,176,191,LAE|MAE|SAE,45.266883720209115
7913,176,179,MAE|SAE,50.485623387286644
7914,177,179,MAE,9.828692437717944
7915,177,179,MAE,3.4307395010369794
7916,177,182,LAE|MAE,9.957065856114923
7917,177,181,MAE|SAE,16.047691239348076
7918,177,179,MAE,14.20748883924816
7919,177,182,LAE|MAE,2.315066683406718
7920,178,179,LAE|MAE,1.0261846119391889
7921,178,183,LAE|MAE,27.442235009385602
7922,178,184,LAE|MAE|SAE,16.61340309819753
7923,178,184,LAE|MAE|SAE,17.121744344204245
7924,178,182,LAE|MAE,37.60051918885451
7925,178,181,LAE|MAE|SAE,1.4933087270424508
7926,178,180,LAE|MAE|SAE,2.1487661771701503
7927,178,180,LAE|MAE|SAE,2.0444537723321368
7928,178,180,LAE|MAE|SAE,1.2776250013596813
7929,178,179,LAE|MAE,42.21675279406774
7930,178,180,LAE|MAE|SAE,1.1727963439974656
7931,178,179,LAE|MAE,1.311711428683774
7932,178,197,LAE|MAE|SAE,23.38697415122319
7933,178,179,LAE|MAE,0.958165102130419
7934,178,179,LAE|MAE,1.0948361038795666
7935,178,183,LAE|MAE|SAE,10.380797870917133
7936,178,179,LAE|MAE,1.0468373265419164
7937,178,179,LAE|MAE,1.4915509736165589
7938,178,180,LAE|MAE|SAE,1.0537582066165438
7939,178,179,LAE|MAE,55.9435170776029
7940,178,182,LAE|MAE,9.987488942962058
7941,178,245,LAE|MAE|SAE,57.434570295459324
7942,178,187,LAE|MAE|SAE,16.27562585121795
7943,178,180,LAE|MAE|SAE,1.319689030877904
7944,178,180,LAE|MAE|SAE,3.550459924179023
7945,178,181,LAE|MAE,2.229263174810371
7946,178,179,LAE|MAE,1.1442989190977426
7947,178,179,LAE|MAE,4.090039715521867
7948,178,179,LAE|MAE,1.5229160425436183
7949,178,183,LAE|MAE|SAE,37.2704986336719
7950,178,179,LAE|MAE,2.6909027543135036
7951,178,180,LAE|MAE|SAE,2.621928374159537
7952,178,179,LAE|MAE,1.482173858707654
7953,178,179,LAE|MAE,0.9584327973347714
7954,178,184,LAE|MAE|SAE,13.999273900739691
7955,178,182,LAE|MAE|SAE,5.95366295965947
7956,176,180,SAE,39.3320465844566
7957,176,180,SAE,31.443847584065587
7958,176,184,SAE,33.77314948226671
7959,176,184,MAE|SAE,41.51563495193293
7960,176,180,SAE,31.801140848837036
7961,176,187,MAE|SAE,55.25604121548529
7962,177,180,MAE|SAE,3.0045756221655906
7963,179,183,LAE|MAE|SAE,1.768431093553451
7964,179,180,MAE|SAE,0.939257687373275
7965,179,180,MAE|SAE,0.9092630424174765
7966,179,182,LAE|MAE|SAE,5.842054291722931
7967,179,180,MAE|SAE,0.9441293770986666
7968,179,181,MAE|SAE,2.6617277152715233
7969,179,180,MAE|SAE,0.9570391492021323
7970,179,180,MAE|SAE,1.3835264837416168
7971,179,180,MAE|SAE,0.9003969524058203
7972,179,180,MAE|SAE,1.0940185087502774
7973,179,180,MAE|SAE,5.96637197000574
7974,179,180,MAE|SAE,0.968988115151989
7975,179,180,MAE|SAE,1.0377028521221194
7976,179,180,MAE|SAE,4.8197052878926465
7977,179,182,LAE|MAE|SAE,2.573038251392031
7978,179,180,MAE|SAE,1.0854820506860932
7979,179,180,MAE|SAE,1.2422700838676901
7980,179,180,MAE|SAE,1.990220904440724
7981,179,183,LAE|MAE|SAE,2.99906653267875
7982,179,182,LAE|MAE|SAE,3.855898219846533
7983,179,180,MAE|SAE,2.270657575196048
7984,179,180,MAE|SAE,1.2526409825201057
7985,179,186,LAE|MAE|SAE,5.542940053772269
7986,179,181,MAE|SAE,4.696648583047511
7987,179,183,MAE|SAE,19.22713273324275
7988,179,180,MAE|SAE,0.9199565316212782
7989,179,186,LAE|MAE|SAE,5.8535657837598025
7990,179,180,MAE|SAE,1.0696080417242182
7991,179,180,MAE|SAE,1.39667691691492
7992,179,180,MAE|SAE,0.8476882490163459
7993,179,181,MAE|SAE,3.9508266469177773
7994,179,182,LAE|MAE|SAE,15.587457609501667
7995,179,180,MAE|SAE,0.9687159901987775
7996,179,246,LAE|MAE|SAE,31.5400832058525
7997,179,180,MAE|SAE,2.0036578319517027
7998,179,180,MAE|SAE,2.192874886800801
7999,179,180,MAE|SAE,3.6809425119363914
8000,179,180,MAE|SAE,0.9110816555905965
8001,179,180,MAE|SAE,4.510402954799093
8002,179,180,MAE|SAE,4.633851673651643
8003,177,181,MAE,18.77015069382347
8004,178,181,LAE|MAE,14.866104104288953
8005,178,191,LAE|MAE|SAE,52.26540908534612
8006,178,190,LAE|MAE,10.1014519088384
8007,178,189,LAE|MAE|SAE,38.77120510432239
8008,178,209,LAE|MAE,45.92204905282344
8009,179,183,MAE,2.346831694932124
8010,179,181,MAE,1.753963654642731
8011,179,181,MAE,1.9310683479188298
8012,179,182,LAE|MAE,3.691934543777127
8013,179,181,MAE,56.338483018514616
8014,179,184,LAE|MAE|SAE,27.472866386127688
8015,179,182,LAE|MAE,1.9236884156451792
8016,179,181,MAE,2.312563888696554
8017,179,181,MAE,4.36485034318481
8018,179,181,MAE,1.980574856385424
8019,180,181,MAE|SAE,9.21630980036602
8020,180,181,MAE|SAE,1.2096210835279977
8021,180,181,MAE|SAE,1.530399646387253
8022,180,184,LAE|MAE|SAE,10.054081519596323
8023,180,181,MAE|SAE,1.9241802758696571
8024,180,181,MAE|SAE,9.263938391752086
8025,180,181,MAE|SAE,40.60218615850901
8026,180,181,MAE|SAE,0.9562983583564332
8027,180,184,LAE|MAE|SAE,30.490609230734222
8028,180,181,MAE|SAE,10.308838133604556
8029,180,181,MAE|SAE,3.596113505864095
8030,180,181,MAE|SAE,3.3826496114571656
8031,180,186,LAE|MAE|SAE,28.778463171499933
8032,180,181,MAE|SAE,54.09101980580577
8033,180,181,MAE|SAE,14.239872596482227
8034,180,183,LAE|MAE|SAE,2.0076105938089004
8035,180,181,MAE|SAE,1.578944814363453
8036,180,181,MAE|SAE,31.975554146637126
8037,180,192,MAE|SAE,16.044045861642573
8038,180,183,LAE|MAE|SAE,3.648096622832791
8039,180,182,LAE|MAE|SAE,1.4747209543826922
8040,178,188,LAE|MAE|SAE,16.488894618528914
8041,178,194,LAE|MAE,54.73738368021441
8042,179,182,LAE|MAE,45.63229391983092
8043,179,182,LAE|MAE,49.65743194722722
8044,179,196,LAE|MAE|SAE,44.47936168656914
8045,179,192,LAE|MAE|SAE,12.048894697359264
8046,179,186,LAE|MAE,58.283716505992125
8047,179,182,LAE|MAE,2.989591137166112
8048,179,182,LAE|MAE,10.826571805992305
8049,181,182,LAE|MAE,15.88815423677557
8050,181,182,LAE|MAE,0.8023860001926488
8051,181,182,LAE|MAE,0.9007885479869147
8052,181,182,LAE|MAE,0.9455387091168078
8053,181,241,LAE|MAE|SAE,56.77810865110417
8054,181,182,LAE|MAE,1.5228965199693836
8055,181,182,LAE|MAE,50.93667576259145
8056,181,183,LAE|MAE,1.3254810961360897
8057,181,182,LAE|MAE,1.3695560613295363
8058,181,182,LAE|MAE,1.147549492875942
8059,181,182,LAE|MAE,1.8069785477975544
8060,181,183,LAE|MAE,1.116073069296892
8061,181,184,LAE|MAE|SAE,2.086749801678934
8062,181,182,LAE|MAE,3.808032345700658
8063,181,182,LAE|MAE,2.7831139004927485
8064,181,182,LAE|MAE,1.141365841708816
8065,181,182,LAE|MAE,3.404172318053345
8066,181,182,LAE|MAE,1.6768619448008435
8067,181,182,LAE|MAE,1.6492863168886778
8068,181,182,LAE|MAE,10.656885776790627
8069,181,183,LAE|MAE,2.2741814146614847
8070,181,183,LAE|MAE,1.3628768663516988
8071,181,182,LAE|MAE,1.7083969266905046
8072,181,182,LAE|MAE,1.1917108879547718
8073,181,182,LAE|MAE,1.59021869910856
8074,181,182,LAE|MAE,8.791684132817759
8075,181,182,LAE|MAE,1.8442263773040493
8076,181,185,LAE|MAE|SAE,17.632413929193504
8077,181,182,LAE|MAE,0.9698726100476647
8078,181,182,LAE|MAE,1.0504516642393655
8079,181,193,LAE|MAE|SAE,9.826470412112151
8080,181,182,LAE|MAE,15.972768815724953
8081,181,197,LAE|MAE|SAE,31.12005397249177
8082,181,182,LAE|MAE,1.6323773138259907
8083,181,182,LAE|MAE,48.55274139008027
8084,181,193,LAE|MAE|SAE,53.468045899311974
8085,181,182,LAE|MAE,1.1687174848478457
8086,181,182,LAE|MAE,1.7670860595626898
8087,181,182,LAE|MAE,1.0690348801897087
8088,181,182,LAE|MAE,1.345618302353113
8089,181,188,LAE|MAE|SAE,33.047212389627916
8090,179,183,MAE,10.71460271506406
8091,180,185,MAE|SAE,38.240898974028454
8092,180,226,LAE|MAE|SAE,49.98757391193566
8093,180,183,MAE|SAE,18.572286134154254
8094,181,183,MAE,1.3788187778796632
8095,181,185,MAE|SAE,2.173608471725636
8096,181,184,MAE|SAE,1.8656015211445773
8097,181,183,MAE,36.646117836788655
8098,181,185,MAE|SAE,5.249819354832827
8099,181,183,MAE,3.4197687368883423
8100,182,184,LAE|MAE|SAE,8.385573682211819
8101,182,186,LAE|MAE|SAE,19.146450555163486
8102,182,184,LAE|MAE|SAE,1.1750203704245137
8103,182,193,LAE|MAE|SAE,4.076753054371097
8104,182,203,LAE|MAE,58.51238187236223
8105,182,183,LAE|MAE,1.4941014544113582
8106,182,184,LAE|MAE|SAE,8.672685052317531
8107,182,183,LAE|MAE,1.7639100998823936
8108,182,183,LAE|MAE,16.69432100829481
8109,182,193,LAE|MAE|SAE,10.35304186136505
8110,182,183,LAE|MAE,1.0048113653814206
8111,182,243,LAE|MAE|SAE,53.680842368992884
8112,182,183,LAE|MAE,2.0304288912703155
8113,182,184,LAE|MAE|SAE,1.4563915226547086
8114,182,184,LAE|MAE|SAE,1.919871891946806
8115,182,200,LAE|MAE|SAE,16.496119252210782
8116,182,185,LAE|MAE,9.19100662911906
8117,182,183,LAE|MAE,0.9571382994675597
8118,182,183,LAE|MAE,1.8229341745605085
8119,182,194,LAE|MAE|SAE,48.81551657186677
8120,182,183,LAE|MAE,4.226899885843839
8121,182,199,LAE|MAE|SAE,5.144435590469276
8122,182,183,LAE|MAE,1.5434003314447176
8123,182,183,LAE|MAE,0.8896684270395124
8124,182,184,LAE|MAE|SAE,1.6231014773958252
8125,182,184,LAE|MAE|SAE,42.042274981250245
8126,182,185,LAE|MAE,5.1893491548895705
8127,182,183,LAE|MAE,1.056176622559949
8128,182,183,LAE|MAE,1.5950936882890314
8129,182,183,LAE|MAE,29.33068108029516
8130,182,184,LAE|MAE|SAE,1.4845945353361
8131,182,185,LAE|MAE|SAE,1.997101800257875
8132,182,183,LAE|MAE,0.8182467790400153
8133,182,184,LAE|MAE|SAE,1.8938072399958141
8134,182,183,LAE|MAE,1.757889549804253
8135,182,190,LAE|MAE|SAE,3.2429346422225884
8136,182,183,LAE|MAE,6.877319960631004
8137,182,183,LAE|MAE,1.0363850329511743
8138,182,185,LAE|MAE|SAE,1.9059256783904452
8139,182,186,LAE|MAE,24.118575551942488
8140,182,184,LAE|MAE|SAE,5.2016648108435035
8141,182,183,LAE|MAE,54.054578750782646
8142,182,183,LAE|MAE,1.9711869423806652
8143,180,187,MAE|SAE,10.004870555718055
8144,180,185,MAE|SAE,14.560712233062766
8145,180,191,MAE|SAE,35.919414426885254
8146,180,184,SAE,16.382254193509254
8147,181,184,MAE|SAE,2.599220370729484
8148,183,184,MAE|SAE,1.2353138541346058
8149,183,187,LAE|MAE|SAE,37.98662243496295
8150,183,184,MAE|SAE,1.1562472534171941
8151,183,185,MAE|SAE,1.2749002368736302
8152,183,189,LAE|MAE|SAE,2.2665928732785923
8153,183,184,MAE|SAE,1.033871496649517
8154,183,184,MAE|SAE,1.0807409590617663
8155,183,184,MAE|SAE,19.81344077342597
8156,183,187,MAE|SAE,5.177114594311234
8157,183,184,MAE|SAE,1.5369136411518112
8158,183,184,MAE|SAE,48.894550403801375
8159,183,184,MAE|SAE,1.4244638579269648
8160,183,184,MAE|SAE,3.496548883715031
8161,183,185,MAE|SAE,8.47598613435733
8162,183,184,MAE|SAE,23.84160817093596
8163,183,184,MAE|SAE,1.1382244696702004
8164,183,187,LAE|MAE|SAE,4.957059281098056
8165,183,184,MAE|SAE,1.365921694376607
8166,183,184,MAE|SAE,1.7633158463463676
8167,183,184,MAE|SAE,1.8499189494791326
8168,183,208,LAE|MAE|SAE,31.968746895546605
8169,183,190,LAE|MAE|SAE,8.739546392338513
8170,183,196,LAE|MAE|SAE,5.100334411986458
8171,183,199,LAE|MAE|SAE,17.210304965781788
8172,181,186,LAE|MAE,56.52617834135749
8173,181,188,MAE|SAE,49.77413006132453
8174,181,187,LAE|MAE,39.98360711673603
8175,182,187,LAE|MAE,3.4853373702140815
8176,182,189,LAE|MAE,39.958993847863155
8177,182,246,LAE|MAE|SAE,41.03673352679039
8178,182,188,LAE|MAE|SAE,49.27982780154986
8179,182,193,LAE|MAE,4.0024061939942825
8180,182,185,LAE|MAE,16.34444993958143
8181,183,188,LAE|MAE|SAE,10.278400521472667
8182,183,190,LAE|MAE,36.70508971862913
8183,183,186,LAE|MAE,1.4277174715668093
8184,183,185,MAE,2.235281417430921
8185,183,195,LAE|MAE|SAE,40.07970913955028
8186,183,185,MAE,1.4466358434506617
8187,183,185,MAE,2.390061372044662
8188,183,185,MAE,1.2725451200768387
8189,183,186,LAE|MAE,2.530580653199651
8190,183,185,MAE,1.6820346602791365
8191,183,185,MAE,15.766220417583806
8192,184,185,MAE|SAE,2.0998062693190733
8193,184,185,MAE|SAE,1.0660002105791688
8194,184,185,MAE|SAE,1.3380623336129651
8195,184,189,LAE|MAE|SAE,43.26903948580311
8196,184,185,MAE|SAE,1.02599776180901
8197,184,185,MAE|SAE,1.1439745553417522
8198,184,185,MAE|SAE,1.2153314097127283
8199,184,188,LAE|MAE|SAE,8.20397388713861
8200,184,185,MAE|SAE,1.0234814902823237
8201,184,190,LAE|MAE|SAE,13.067514582606432
8202,184,185,MAE|SAE,1.5723914850722822
8203,184,186,LAE|MAE|SAE,1.0656143647535063
8204,184,185,MAE|SAE,0.9513702334385402
8205,184,189,LAE|MAE|SAE,41.09021519789073
8206,184,185,MAE|SAE,1.1977461346957736
8207,184,185,MAE|SAE,51.06994823306531
8208,184,185,MAE|SAE,1.2840583512516297
8209,184,185,MAE|SAE,1.198595625074174
8210,184,191,LAE|MAE|SAE,3.8067962473840025
8211,184,185,MAE|SAE,1.0561469252735152
8212,184,185,MAE|SAE,1.4484719248362898
8213,184,200,LAE|MAE|SAE,41.44191911845856
8214,184,185,MAE|SAE,0.8423526384116315
8215,184,188,LAE|MAE|SAE,10.80194192468401
8216,184,201,LAE|MAE|SAE,12.371432632849384
8217,184,185,MAE|SAE,1.6403956395666621
8218,184,185,MAE|SAE,1.1609967563803472
8219,184,185,MAE|SAE,2.010480864183974
8220,184,185,MAE|SAE,28.981917813668282
8221,184,191,LAE|MAE|SAE,6.9859251975860275
8222,184,185,MAE|SAE,1.4412592528411057
8223,184,185,MAE|SAE,4.043953580765844
8224,184,185,MAE|SAE,1.7098535747679633
8225,184,185,MAE|SAE,1.031387496573799
8226,184,186,LAE|MAE|SAE,1.0511224888989696
8227,182,190,LAE,49.896478266452895
8228,182,197,LAE|MAE,52.16370679360637
8229,182,186,LAE,9.516688792628688
8230,182,186,LAE,23.372223205838363
8231,183,186,LAE|MAE,4.114927806315518
8232,185,186,LAE|MAE,0.9959678084057112
8233,185,187,LAE|MAE,1.8536802143638027
8234,185,186,LAE|MAE,1.414615815371173
8235,185,246,LAE|MAE|SAE,44.44922451430513
8236,185,186,LAE|MAE,0.9339170631021357
8237,185,187,LAE|MAE,1.9270447454419808
8238,185,187,LAE|MAE,2.0251502439096956
8239,185,188,LAE|MAE|SAE,35.23520584008661
8240,185,186,LAE|MAE,1.0455132639911755
8241,185,186,LAE|MAE,1.0423812395324978
8242,185,187,LAE|MAE,2.0326223282801377
8243,185,186,LAE|MAE,1.050802776142693
8244,185,186,LAE|MAE,2.0280339025798195
8245,185,186,LAE|MAE,1.0542844548959662
8246,185,190,LAE|MAE|SAE,2.5918949321422042
8247,185,186,LAE|MAE,0.8589717821313183
8248,185,186,LAE|MAE,0.9313890564271842
8249,185,186,LAE|MAE,1.2246749595726965
8250,185,186,LAE|MAE,0.9351048628650542
8251,185,186,LAE|MAE,1.3891283598142958
8252,185,189,LAE|MAE|SAE,1.9693974784469774
8253,185,188,LAE|MAE|SAE,44.28172070619148
8254,185,188,LAE|MAE|SAE,43.52386743585504
8255,185,186,LAE|MAE,1.1664913400519765
8256,185,186,LAE|MAE,1.2173745817174915
8257,185,186,LAE|MAE,1.4036758523533288
8258,185,192,LAE|MAE|SAE,28.702664543395993
8259,185,186,LAE|MAE,2.0480528330902867
8260,185,186,LAE|MAE,1.6267238898956267
8261,185,186,LAE|MAE,1.061590799349551
8262,185,186,LAE|MAE,51.49750483022242
8263,185,186,LAE|MAE,1.7266360741400577
8264,185,195,LAE|MAE|SAE,44.35405521295363
8265,185,186,LAE|MAE,1.1999251864466718
8266,185,187,LAE|MAE,1.0894798847877927
8267,185,191,LAE|MAE|SAE,23.127728161669737
8268,184,188,MAE|SAE,9.144629489746855
8269,184,193,LAE|MAE|SAE,42.29187386779116
8270,184,188,MAE|SAE,8.343908869668274
8271,184,192,LAE|MAE|SAE,3.6359690009245296
8272,184,191,LAE|MAE|SAE,17.015975493334718
8273,184,187,MAE|SAE,4.253445034846794
8274,184,192,MAE|SAE,43.65816915963187
8275,184,188,MAE|SAE,9.185403192364546
8276,184,193,LAE|MAE|SAE,4.066439768243055
8277,184,192,LAE|MAE|SAE,21.15575941982073
8278,184,195,MAE|SAE,34.43889326002691
8279,184,190,LAE|MAE|SAE,20.121225975567594
8280,184,190,LAE|MAE|SAE,8.125445623673873
8281,184,192,LAE|MAE|SAE,3.660423229660706
8282,185,187,MAE,2.940569283976563
8283,185,207,LAE|MAE|SAE,48.35073309605244
8284,185,223,LAE|MAE|SAE,29.61214947223331
8285,185,187,MAE,4.4164321145051195
8286,185,189,MAE,2.7561782927817
8287,185,188,MAE|SAE,9.306808194919833
8288,185,187,MAE,8.961524251541716
8289,185,187,MAE,1.7459317783704655
8290,185,187,MAE,16.341231141415843
8291,185,189,MAE|SAE,21.744649752354185
8292,186,187,LAE|MAE,1.1640434446311432
8293,186,187,LAE|MAE,0.8581344209771761
8294,186,187,LAE|MAE,3.279619922025898
8295,186,187,LAE|MAE,10.241455550018266
8296,186,187,LAE|MAE,1.1055782516017276
8297,186,190,LAE|MAE|SAE,1.7364188818087753
8298,186,187,LAE|MAE,1.089445130165106
8299,186,189,LAE|MAE|SAE,44.21378262631616
8300,186,188,LAE|MAE|SAE,9.215491722578255
8301,186,189,LAE|MAE|SAE,3.981312863152736
8302,186,187,LAE|MAE,0.8431490023963029
8303,186,203,LAE|MAE,56.38497014689507
8304,186,187,LAE|MAE,1.4508724469723435
8305,186,187,LAE|MAE,0.857312724807943
8306,186,187,LAE|MAE,1.274801634009153
8307,186,189,LAE|MAE|SAE,6.7473263104710455
8308,186,187,LAE|MAE,1.6832197440159389
8309,186,187,LAE|MAE,1.284517537673034
8310,186,187,LAE|MAE,0.9763371582168968
8311,186,187,LAE|MAE,0.8232135251711898
8312,186,188,LAE|MAE|SAE,1.0904756323434075
8313,186,188,LAE|MAE|SAE,9.06001926103365
8314,186,217,LAE|MAE|SAE,40.09494313306221
8315,186,187,LAE|MAE,1.7240180576508577
8316,186,187,LAE|MAE,1.7135043757558714
8317,186,192,LAE|MAE|SAE,59.03694984937883
8318,186,187,LAE|MAE,1.1794011543846323
8319,186,187,LAE|MAE,19.770448174886962
8320,186,192,LAE|MAE|SAE,31.454546340580013
8321,186,187,LAE|MAE,1.1434006566413835
8322,186,187,LAE|MAE,8.533828965171262
8323,186,188,LAE|MAE|SAE,41.1116110479611
8324,186,187,LAE|MAE,1.8278879817397853
8325,186,187,LAE|MAE,42.75311325876396
8326,186,187,LAE|MAE,0.9092362707568901
8327,186,187,LAE|MAE,3.2846430998624325
8328,186,187,LAE|MAE,1.5600104570851046
8329,186,187,LAE|MAE,1.8125674000394318
8330,184,188,SAE,49.69716087916098
8331,185,195,MAE|SAE,25.4427950457591
8332,185,189,MAE|SAE,3.327106305473281
8333,185,188,MAE|SAE,36.97395834316716
8334,187,190,LAE|MAE|SAE,1.3298508393690458
8335,187,188,MAE|SAE,2.2276688039002495
8336,187,188,MAE|SAE,5.643330576938945
8337,187,188,MAE|SAE,0.8845639717322192
8338,187,192,MAE|SAE,29.457575701765208
8339,187,188,MAE|SAE,22.421833899078266
8340,187,189,MAE|SAE,1.5147194932163717
8341,187,191,LAE|MAE|SAE,2.8671108795514852
8342,187,193,MAE|SAE,33.6166799432835
8343,187,188,MAE|SAE,2.1356778132004317
8344,187,189,MAE|SAE,8.270324481750732
8345,187,188,MAE|SAE,3.0131503459757227
8346,187,188,MAE|SAE,12.481810721117824
8347,187,189,MAE|SAE,44.95378174412154
8348,187,190,LAE|MAE|SAE,28.100174333806795
8349,187,188,MAE|SAE,16.00023815644797
8350,187,188,MAE|SAE,5.7438013367326795
8351,187,188,MAE|SAE,0.8357146689636122
8352,187,189,MAE|SAE,43.60574139083929
8353,187,188,MAE|SAE,2.057570714085032
8354,187,189,MAE|SAE,9.157732080073762
8355,187,188,MAE|SAE,1.4903195747169418
8356,187,189,MAE|SAE,1.4034082233379337
8357,187,190,LAE|MAE|SAE,1.4825412901227262
8358,187,188,MAE|SAE,35.16322380039502
8359,187,190,LAE|MAE|SAE,1.376318266615979
8360,187,188,MAE|SAE,32.96361128043784
8361,187,189,MAE|SAE,2.940455079058474
8362,187,188,MAE|SAE,5.348299074033342
8363,187,195,LAE|MAE|SAE,28.04596987865465
8364,187,203,LAE|MAE|SAE,55.83640355387738
8365,187,246,LAE|MAE|SAE,48.11761094438852
8366,187,188,MAE|SAE,4.488262717475459
8367,186,189,LAE|MAE,3.1823312173994727
8368,186,192,LAE|MAE|SAE,3.6091920534342257
8369,186,194,LAE|MAE,26.414368599896683
8370,186,189,LAE|MAE,51.28602164472341
8371,186,189,LAE|MAE,2.850831490808325
8372,186,190,LAE|MAE,31.957388845501654
8373,186,189,LAE|MAE,30.677307293872875
8374,187,192,LAE|MAE|SAE,2.488804479897905
8375,187,189,MAE,2.2638566927851524
8376,187,189,MAE,2.285814250194228
8377,187,189,MAE,1.4338823037311856
8378,187,191,MAE,2.4609130092653215
8379,187,189,MAE,1.1753903010853477
8380,187,191,MAE,2.1211819679460087
8381,187,194,LAE|MAE|SAE,3.2665361482727557
8382,187,191,MAE,1.8250473250228492
8383,188,189,MAE|SAE,2.1955768170322894
8384,188,190,LAE|MAE|SAE,1.2178796506754903
8385,188,189,MAE|SAE,1.094267255024562
8386,188,190,LAE|MAE|SAE,1.3143529761848098
8387,188,189,MAE|SAE,3.87307373325786
8388,188,221,LAE|MAE|SAE,41.466055945415114
8389,188,189,MAE|SAE,2.6612050593120347
8390,188,189,MAE|SAE,8.704185757806188
8391,188,189,MAE|SAE,0.8404704662046121
8392,188,189,MAE|SAE,31.254374467581574
8393,188,189,MAE|SAE,1.1548321115799072
8394,188,189,MAE|SAE,3.5961415243568715
8395,188,189,MAE|SAE,1.0308511482257894
8396,188,189,MAE|SAE,1.011079920275794
8397,188,191,LAE|MAE|SAE,2.9391709002304793
8398,188,190,LAE|MAE|SAE,2.0977715073504535
8399,188,189,MAE|SAE,1.3590215675726198
8400,186,194,LAE,37.83134915841142
8401,186,190,LAE,35.1580352006327
8402,187,190,LAE|MAE,8.322975630918691
8403,187,190,LAE|MAE,55.976045262148695
8404,187,200,LAE|MAE|SAE,24.311697222472453
8405,187,197,LAE|MAE,51.89388200026932
8406,187,193,LAE|MAE,58.05314817540034
8407,189,192,LAE|MAE|SAE,2.2475958285868427
8408,189,190,LAE|MAE,1.0701383430469071
8409,189,192,LAE|MAE|SAE,2.1626422498502658
8410,189,190,LAE|MAE,1.7754384521951565
8411,189,192,LAE|MAE|SAE,35.06650583484901
8412,189,190,LAE|MAE,0.9350282628889748
8413,189,190,LAE|MAE,1.7299426237068454
8414,189,190,LAE|MAE,2.279710128092749
8415,189,190,LAE|MAE,1.1560927109134616
8416,189,191,LAE|MAE,1.2786226929573785
8417,189,190,LAE|MAE,0.8766145798993491
8418,189,190,LAE|MAE,1.8989534000946358
8419,189,193,LAE|MAE,55.398826797851505
8420,189,190,LAE|MAE,39.25056316828733
8421,189,190,LAE|MAE,3.227694475033153
8422,189,194,LAE|MAE|SAE,24.16476898172719
8423,189,190,LAE|MAE,1.0771496978611355
8424,189,202,LAE|MAE|SAE,30.749827574804602
8425,189,190,LAE|MAE,0.9872974789980891
8426,189,190,LAE|MAE,6.589308432032749
8427,189,190,LAE|MAE,52.772906501127494
8428,189,190,LAE|MAE,1.0692802780201507
8429,189,190,LAE|MAE,54.61466430114288
8430,189,200,LAE|MAE|SAE,15.174836864127386
8431,189,208,LAE|MAE|SAE,29.32866079229859
8432,189,190,LAE|MAE,2.532581532460535
8433,189,190,LAE|MAE,0.9179155622866404
8434,189,199,LAE|MAE|SAE,12.28344990942867
8435,189,190,LAE|MAE,0.9966314212794992
8436,189,191,LAE|MAE,45.16332607031074
8437,189,195,LAE|MAE|SAE,14.54860463609953
8438,189,190,LAE|MAE,0.8809499974509926
8439,189,190,LAE|MAE,1.0846140653083243
8440,187,192,MAE|SAE,52.57594903056875
8441,187,192,MAE|SAE,15.676613704483085
8442,187,191,MAE,14.24575936112075
8443,187,191,MAE,43.72052130754375
8444,188,191,MAE|SAE,15.554569626057138
8445,188,197,LAE|MAE|SAE,46.013497386396665
8446,188,199,MAE|SAE,51.77070604459535
8447,188,191,MAE|SAE,58.13495182353417
8448,188,221,LAE|MAE|SAE,32.92243950649685
8449,188,198,LAE|MAE|SAE,44.98393108476962
8450,188,191,MAE|SAE,31.281308691176857
8451,188,196,MAE|SAE,28.592659164447706
8452,189,191,MAE,1.057032332023031
8453,189,191,MAE,1.2903290928756463
8454,189,191,MAE,1.404752391141796
8455,189,191,MAE,7.496838453608071
8456,189,246,LAE|MAE|SAE,35.533527264438874
8457,189,191,MAE,1.0906075856089397
8458,189,191,MAE,2.059726283093412
8459,189,196,MAE|SAE,13.443147713807617
8460,189,191,MAE,1.8171495161044409
8461,190,195,LAE|MAE,2.1404845766588534
8462,190,193,LAE|MAE|SAE,1.8636490383581747
8463,190,195,LAE|MAE|SAE,31.456498430093554
8464,190,194,LAE|MAE,2.2254884662048644
8465,190,191,LAE|MAE,1.4769453725208688
8466,190,191,LAE|MAE,1.60479876953981
8467,190,191,LAE|MAE,13.998018837051823
8468,190,191,LAE|MAE,5.847361594135082
8469,190,196,LAE|MAE|SAE,31.75589973408351
8470,190,191,LAE|MAE,1.759432202959454
8471,190,192,LAE|MAE|SAE,8.687610159127816
8472,190,191,LAE|MAE,1.8574663229076434
8473,190,194,LAE|MAE|SAE,2.109740402645863
8474,190,194,LAE|MAE,11.981172567943862
8475,190,206,LAE|MAE,30.382317722704766
8476,190,191,LAE|MAE,1.0888622174036362
8477,190,193,LAE|MAE|SAE,2.6903159498002203
8478,190,192,LAE|MAE|SAE,1.2318209945935137
8479,190,191,LAE|MAE,0.8676203110825017
8480,190,194,LAE|MAE,17.925697497242982
8481,190,193,LAE|MAE|SAE,55.75652154610145
8482,190,217,LAE|MAE,39.067941487567985
8483,190,195,LAE|MAE,52.36281260179193
8484,190,193,LAE|MAE|SAE,1.3656476340254324
8485,190,192,LAE|MAE|SAE,2.268158246489687
8486,190,193,LAE|MAE|SAE,1.4829205311136648
8487,190,191,LAE|MAE,1.0431988386517603
8488,190,191,LAE|MAE,1.1279476809330564
8489,190,192,LAE|MAE|SAE,2.389907832795338
8490,190,193,LAE|MAE|SAE,14.17430130084464
8491,190,191,LAE|MAE,7.556295827520986
8492,190,191,LAE|MAE,2.139276688087741
8493,190,191,LAE|MAE,15.29378367485619
8494,190,197,LAE|MAE|SAE,38.118808429396246
8495,188,199,MAE|SAE,5.4340339196660805
8496,188,193,MAE|SAE,33.291446671849904
8497,188,192,SAE,18.239445294796944
8498,188,208,LAE|MAE|SAE,26.774507080547497
8499,188,192,SAE,38.74319244758251
8500,189,192,MAE|SAE,17.405228457289773
8501,189,192,MAE|SAE,33.25528788501816
8502,191,192,MAE|SAE,0.9964581490744966
8503,191,194,LAE|MAE|SAE,1.526174705679482
8504,191,194,LAE|MAE|SAE,1.3789296706459129
8505,191,193,MAE|SAE,1.6138672003976364
8506,191,192,MAE|SAE,1.2833772347533756
8507,191,197,LAE|MAE|SAE,2.611719992353156
8508,191,195,LAE|MAE|SAE,48.593771907888915
8509,191,193,MAE|SAE,1.8618427367077162
8510,191,193,MAE|SAE,1.274162639956826
8511,191,199,MAE|SAE,11.76142247368702
8512,191,192,MAE|SAE,1.6232398664853882
8513,191,192,MAE|SAE,0.8746614259648805
8514,191,195,MAE|SAE,45.75064090317238
8515,191,194,LAE|MAE|SAE,4.331690701632549
8516,191,192,MAE|SAE,42.34084187648006
8517,191,195,LAE|MAE|SAE,2.0251371953410033
8518,191,192,MAE|SAE,1.5363314961963859
8519,191,194,LAE|MAE|SAE,1.4425542747853812
8520,191,196,MAE|SAE,2.0486469201313855
8521,191,192,MAE|SAE,1.0089933045293382
8522,191,192,MAE|SAE,1.5849936457982075
8523,191,192,MAE|SAE,0.8365850598875166
8524,191,194,LAE|MAE|SAE,2.1022425436003664
8525,191,192,MAE|SAE,1.9295058542782428
8526,191,192,MAE|SAE,55.59476536702242
8527,191,196,MAE|SAE,27.317205268960258
8528,191,193,MAE|SAE,1.934784847394258
8529,191,199,LAE|MAE|SAE,15.711533118321524
8530,191,207,LAE|MAE|SAE,27.422479874920192
8531,191,192,MAE|SAE,2.151547256773802
8532,191,192,MAE|SAE,1.6713884370250418
8533,191,192,MAE|SAE,2.2396226105204513
8534,191,193,MAE|SAE,11.688427963522157
8535,189,193,MAE,33.43361683621985
8536,189,201,MAE,18.571701922850146
8537,190,196,LAE|MAE|SAE,34.81314489605382
8538,190,193,LAE|MAE,59.83710108470346
8539,190,194,LAE|MAE,41.78933183367826
8540,190,201,LAE|MAE|SAE,25.846478942202886
8541,190,197,LAE|MAE,41.083203448688735
8542,191,193,MAE,1.368126299263395
8543,191,193,MAE,50.877364262659206
8544,191,193,MAE,1.4613947024479008
8545,191,195,LAE|MAE,1.7413444584502464
8546,191,211,MAE,15.76919555164665
8547,191,194,LAE|MAE,2.0394121932170988
8548,191,193,MAE,1.4262591058025185
8549,191,193,MAE,15.260771417041237
8550,191,193,MAE,1.6500944476019097
8551,191,193,MAE,41.33052825295601
8552,191,193,MAE,2.251528222493533
8553,191,193,MAE,11.409041575381444
8554,191,197,MAE,50.944780289505125
8555,192,196,LAE|MAE|SAE,2.821869689895227
8556,192,197,MAE|SAE,15.125938119683992
8557,192,193,MAE|SAE,2.1790876824989285
8558,192,193,MAE|SAE,1.7672387870660762
8559,192,210,LAE|MAE|SAE,15.314758799044776
8560,192,194,LAE|MAE|SAE,1.304856386292297
8561,192,193,MAE|SAE,0.9129520199774719
8562,192,193,MAE|SAE,19.65371829788805
8563,192,193,MAE|SAE,22.817658006551383
8564,192,193,MAE|SAE,59.79637001819711
8565,192,209,LAE|MAE|SAE,28.903703022591625
8566,192,193,MAE|SAE,1.0031816665783446
8567,192,193,MAE|SAE,1.310515808251955
8568,192,196,MAE|SAE,58.837549208569015
8569,192,197,MAE|SAE,13.222433115204689
8570,192,201,LAE|MAE|SAE,16.338983327004748
8571,192,194,LAE|MAE|SAE,1.3566218105480916
8572,192,193,MAE|SAE,1.1295156999800307
8573,192,194,LAE|MAE|SAE,23.367214685199425
8574,192,193,MAE|SAE,2.554417795004099
8575,192,196,LAE|MAE|SAE,1.7961028366174863
8576,192,195,LAE|MAE|SAE,1.8252963211107278
8577,192,193,MAE|SAE,1.2302434606054025
8578,190,194,LAE,22.73022435415075
8579,190,194,LAE,52.006314595082486
8580,190,194,LAE,45.462402670008075
8581,191,194,LAE|MAE,36.687190667050444
8582,191,194,LAE|MAE,2.155288374735463
8583,193,194,LAE|MAE,0.9359104136904306
8584,193,194,LAE|MAE,1.6087868885722625
8585,193,194,LAE|MAE,0.9966406739251115
8586,193,194,LAE|MAE,1.8999739707736343
8587,193,210,LAE|MAE|SAE,53.68852933322504
8588,193,194,LAE|MAE,1.8719428324117222
8589,193,194,LAE|MAE,3.8572114491022655
8590,193,201,LAE|MAE|SAE,15.870406047072096
8591,193,194,LAE|MAE,34.41874999840877
8592,193,195,LAE|MAE,1.4049157889004076
8593,193,194,LAE|MAE,1.2026876230495491
8594,193,195,LAE|MAE,1.064004740292417
8595,193,194,LAE|MAE,35.69137628410021
8596,193,194,LAE|MAE,28.60863946823586
8597,193,195,LAE|MAE,1.7182269478483825
8598,193,194,LAE|MAE,1.676151039081857
8599,193,196,LAE|MAE|SAE,31.18916808103934
8600,193,195,LAE|MAE,2.4489446965360884
8601,193,195,LAE|MAE,1.6199568310049521
8602,193,194,LAE|MAE,18.879259262802506
8603,193,204,LAE|MAE|SAE,43.02311446246893
8604,193,194,LAE|MAE,16.47610436257915
8605,193,194,LAE|MAE,1.018781762120938
8606,193,194,LAE|MAE,0.8782782070772733
8607,193,194,LAE|MAE,0.7726275269484167
8608,193,194,LAE|MAE,0.864108487631175
8609,193,194,LAE|MAE,13.169584996823783
8610,193,194,LAE|MAE,46.004488017722394
8611,193,195,LAE|MAE,1.4848090632941895
8612,193,194,LAE|MAE,24.800061732775664
8613,193,196,LAE|MAE|SAE,7.446638831363624
8614,193,194,LAE|MAE,0.8524785181090968
8615,193,194,LAE|MAE,0.8324622919298115
8616,193,195,LAE|MAE,1.5520680801986046
8617,193,194,LAE|MAE,2.1844710671484453
8618,193,194,LAE|MAE,7.046897261787387
8619,193,194,LAE|MAE,7.18234718269473
8620,193,194,LAE|MAE,1.134700396622242
8621,193,194,LAE|MAE,1.543668499419359
8622,191,196,MAE|SAE,42.55232282805941
8623,192,235,MAE|SAE,43.37464499413739
8624,192,196,MAE|SAE,35.352730066054576
8625,192,200,MAE|SAE,4.571349761067566
8626,192,196,MAE|SAE,32.782555806868565
8627,192,198,LAE|MAE|SAE,6.3337168414640175
8628,192,196,MAE|SAE,15.574550446413875
8629,192,200,MAE|SAE,39.28665992585739
8630,192,207,MAE|SAE,36.870509296867525
8631,192,196,MAE|SAE,44.80964477090659
8632,193,195,MAE,1.4582800458615417
8633,193,195,MAE,17.642358082575036
8634,193,246,LAE|MAE|SAE,43.43179183163215
8635,193,195,MAE,2.011789103653978
8636,193,195,MAE,13.850709295757804
8637,193,195,MAE,2.6625794838748464
8638,193,209,LAE|MAE|SAE,36.997919977971186
8639,193,201,MAE|SAE,35.6043295209339
8640,193,196,MAE|SAE,2.4995103964098746
8641,193,195,MAE,49.49219945312201
8642,194,196,LAE|MAE|SAE,52.03116636094068
8643,194,196,LAE|MAE|SAE,14.509371150360538
8644,194,195,LAE|MAE,2.3296422716743304
8645,194,195,LAE|MAE,1.0152562248187826
8646,194,195,LAE|MAE,1.9269063481085709
8647,194,195,LAE|MAE,1.3097064575295236
8648,194,196,LAE|MAE|SAE,25.8164135862564
8649,194,196,LAE|MAE|SAE,2.700842434914023
8650,194,196,LAE|MAE|SAE,1.5199214353604895
8651,194,195,LAE|MAE,6.0452565526532105
8652,194,195,LAE|MAE,1.2036676861029205
8653,194,196,LAE|MAE|SAE,6.717063113887503
8654,194,195,LAE|MAE,4.827478040560662
8655,194,199,LAE|MAE|SAE,25.731810810014085
8656,194,196,LAE|MAE|SAE,1.7362117834383348
8657,194,195,LAE|MAE,0.9488290279196689
8658,194,195,LAE|MAE,36.085447881938876
8659,194,209,LAE|MAE|SAE,21.006595101129637
8660,194,195,LAE|MAE,2.0975591559937974
8661,194,195,LAE|MAE,2.7272081181482237
8662,194,195,LAE|MAE,21.456816388038433
8663,194,195,LAE|MAE,5.1242874956275
8664,192,196,SAE,47.79242864433804
8665,192,197,MAE|SAE,25.156937321098873
8666,193,198,LAE|MAE|SAE,40.80950145235888
8667,193,196,MAE|SAE,36.30192946439654
8668,195,196,MAE|SAE,1.0045285217217983
8669,195,196,MAE|SAE,32.608658892399866
8670,195,196,MAE|SAE,1.0597014276285768
8671,195,196,MAE|SAE,1.054272682962385
8672,195,197,MAE|SAE,17.53376674208831
8673,195,207,LAE|MAE|SAE,21.713762100049415
8674,195,196,MAE|SAE,27.805573004124962
8675,195,196,MAE|SAE,32.62881026997617
8676,195,196,MAE|SAE,1.1404809028439888
8677,195,196,MAE|SAE,1.177457415551066
8678,195,199,LAE|MAE|SAE,13.655750677228168
8679,195,201,LAE|MAE|SAE,13.156897967579546
8680,195,196,MAE|SAE,1.2235064059310055
8681,195,196,MAE|SAE,5.332392699018715
8682,195,196,MAE|SAE,1.3010530635497866
8683,195,196,MAE|SAE,1.2181884707433224
8684,195,246,LAE|MAE|SAE,43.19389343791201
8685,195,197,MAE|SAE,21.029068046985316
8686,195,201,MAE|SAE,40.4571761075716
8687,195,196,MAE|SAE,1.061354291854684
8688,195,197,MAE|SAE,2.0951502484122266
8689,195,196,MAE|SAE,40.35572020525136
8690,195,196,MAE|SAE,0.9408213179317934
8691,195,196,MAE|SAE,1.7022506115696583
8692,195,196,MAE|SAE,2.05827451155848
8693,195,196,MAE|SAE,2.3882331630088767
8694,193,197,MAE,14.819588228700773
8695,194,201,LAE|MAE,10.387502804234723
8696,194,202,LAE|MAE,25.034066619717525
8697,194,201,LAE|MAE,11.132787795409602
8698,194,201,LAE|MAE,48.519555913796246
8699,194,197,LAE|MAE,17.785435455843338
8700,194,202,LAE|MAE,28.61988550456317
8701,194,198,LAE|MAE,4.143958164199622
8702,194,199,LAE|MAE,34.85956023826334
8703,195,197,MAE,22.326035660270342
8704,195,197,MAE,27.093403105820666
8705,195,201,MAE,54.24627404194076
8706,195,222,LAE|MAE|SAE,50.83778994404889
8707,195,197,MAE,46.21009461710374
8708,195,197,MAE,19.798182675186467
8709,196,197,MAE|SAE,14.804670087777101
8710,196,197,MAE|SAE,26.359738088250257
8711,196,197,MAE|SAE,34.63226500243645
8712,196,198,LAE|MAE|SAE,2.0222865762381876
8713,196,197,MAE|SAE,1.3184578870797858
8714,196,197,MAE|SAE,1.83119576637642
8715,196,197,MAE|SAE,24.42251935516467
8716,196,198,LAE|MAE|SAE,17.676856922411243
8717,196,197,MAE|SAE,1.6100676007050816
8718,196,197,MAE|SAE,0.8675682390954264
8719,196,199,LAE|MAE|SAE,1.9817707182354043
8720,196,198,LAE|MAE|SAE,40.53412156791871
8721,196,197,MAE|SAE,5.391583267894946
8722,196,197,MAE|SAE,27.501882576620282
8723,196,208,MAE|SAE,21.29257565553699
8724,196,197,MAE|SAE,1.1735138765912971
8725,196,200,MAE|SAE,23.07049847754205
8726,196,199,LAE|MAE|SAE,6.471443569373877
8727,196,212,LAE|MAE|SAE,42.43090352243281
8728,196,227,LAE|MAE|SAE,25.02450440199536
8729,196,203,MAE|SAE,25.40558924226615
8730,196,198,LAE|MAE|SAE,6.760731281734934
8731,196,197,MAE|SAE,49.916855778981486
8732,196,197,MAE|SAE,22.689697540055782
8733,196,201,LAE|MAE|SAE,50.3677572551249
8734,196,197,MAE|SAE,4.05023531337194
8735,196,197,MAE|SAE,1.0636538903464345
8736,196,200,LAE|MAE|SAE,15.376118366644766
8737,196,201,LAE|MAE|SAE,21.897625765789805
8738,196,209,LAE|MAE|SAE,45.82418941230737
8739,196,197,MAE|SAE,13.86379306775532
8740,196,198,LAE|MAE|SAE,21.35835317912579
8741,196,197,MAE|SAE,19.980788886091435
8742,194,201,LAE|MAE,36.44607926768052
8743,194,202,LAE,40.07027032717105
8744,194,198,LAE,48.003436335462126
8745,195,198,LAE|MAE,24.14830334601467
8746,195,199,LAE|MAE,20.785143098579873
8747,197,201,LAE|MAE,16.879623338833525
8748,197,199,LAE|MAE,2.070483574548015
8749,197,198,LAE|MAE,1.6756934938809946
8750,197,199,LAE|MAE,2.304839223972198
8751,197,198,LAE|MAE,19.250042016912097
8752,197,198,LAE|MAE,25.318197245990714
8753,197,200,LAE|MAE|SAE,35.46730373427294
8754,197,208,LAE|MAE|SAE,27.719583683389274
8755,197,198,LAE|MAE,38.32476577660783
8756,197,204,LAE|MAE|SAE,59.47213859720125
8757,197,201,LAE|MAE,11.883818626621583
8758,197,198,LAE|MAE,1.6537463278646856
8759,197,216,LAE|MAE|SAE,39.95305048191043
8760,197,198,LAE|MAE,2.300034464383352
8761,197,199,LAE|MAE,3.2938452292675215
8762,197,198,LAE|MAE,1.676659785953813
8763,197,198,LAE|MAE,12.743647377495451
8764,197,199,LAE|MAE,27.140828678809207
8765,197,198,LAE|MAE,1.0009679861854663
8766,197,246,LAE|MAE|SAE,51.80869036940298
8767,197,201,LAE|MAE|SAE,18.234941713127533
8768,197,210,LAE|MAE|SAE,20.589447046206796
8769,197,198,LAE|MAE,7.56884486298405
8770,197,198,LAE|MAE,1.6753775997896188
8771,197,198,LAE|MAE,46.6842128661006
8772,197,227,LAE|MAE|SAE,11.635647276353001
8773,197,198,LAE|MAE,1.4614583780677675
8774,197,212,LAE|MAE|SAE,17.704376060574752
8775,197,198,LAE|MAE,0.9455732378863787
8776,196,199,MAE|SAE,20.991328192340525
8777,196,199,MAE|SAE,5.308572999313999
8778,196,203,MAE|SAE,25.760748762454444
8779,196,200,MAE|SAE,26.102533064321246
8780,196,199,MAE|SAE,37.25813300126112
8781,196,211,MAE|SAE,29.71265786977323
8782,197,202,LAE|MAE|SAE,55.37627369529419
8783,197,199,MAE,41.5744987491995
8784,197,199,MAE,15.431865472830358
8785,197,212,LAE|MAE|SAE,16.59370183196289
8786,197,201,MAE,29.365283969551164
8787,197,199,MAE,38.85345427378403
8788,198,201,LAE|MAE,15.742385012009317
8789,198,200,LAE|MAE|SAE,44.81887760303875
8790,198,199,LAE|MAE,1.3811497606372052
8791,198,200,LAE|MAE|SAE,27.7146637528031
8792,198,199,LAE|MAE,1.5626726050935955
8793,198,199,LAE|MAE,13.209907592896956
8794,198,199,LAE|MAE,18.949126457889967
8795,198,199,LAE|MAE,1.4571071765999135
8796,198,205,LAE|MAE|SAE,21.556304402943134
8797,198,202,LAE|MAE,3.649536749148886
8798,198,201,LAE|MAE,17.23931757880447
8799,198,199,LAE|MAE,1.4787965136670946
8800,198,199,LAE|MAE,45.26598972251943
8801,198,199,LAE|MAE,13.144052230315925
8802,198,199,LAE|MAE,1.2048400900346663
8803,198,199,LAE|MAE,13.017833858126783
8804,198,201,LAE|MAE|SAE,13.239780979837876
8805,198,201,LAE|MAE|SAE,20.51507719593553
8806,198,199,LAE|MAE,1.2640249318379957
8807,198,203,LAE|MAE,3.5657998600305434
8808,198,199,LAE|MAE,52.03186575362669
8809,198,215,LAE|MAE|SAE,17.619485406351714
8810,198,199,LAE|MAE,1.275678641196513
8811,198,199,LAE|MAE,31.079695536647215
8812,198,199,LAE|MAE,54.18149575216984
8813,198,199,LAE|MAE,2.181878695906309
8814,196,200,SAE,33.64986718062322
8815,196,200,SAE,28.884461198183594
8816,196,204,MAE|SAE,36.960449716374015
8817,196,201,MAE|SAE,31.70873410515008
8818,196,201,MAE|SAE,24.67577739625397
8819,196,200,SAE,24.735622657765553
8820,197,200,MAE|SAE,20.543788833805145
8821,197,203,MAE|SAE,44.814012324716444
8822,197,201,MAE|SAE,13.336779953043942
8823,197,204,MAE|SAE,28.902962497851068
8824,197,200,MAE|SAE,49.31349759898269
8825,197,200,MAE|SAE,33.231409893449324
8826,199,200,MAE|SAE,23.309889357444472
8827,199,201,MAE|SAE,28.844864269163196
8828,199,200,MAE|SAE,29.954246099933396
8829,199,200,MAE|SAE,1.1232209222535119
8830,199,208,LAE|MAE|SAE,39.63307913083504
8831,199,200,MAE|SAE,1.8202215040718863
8832,199,200,MAE|SAE,43.38144546959907
8833,199,202,LAE|MAE|SAE,26.712763577706532
8834,199,210,LAE|MAE|SAE,24.160103762324603
8835,199,206,LAE|MAE|SAE,13.797489482878234
8836,199,204,MAE|SAE,17.355554838264435
8837,199,203,MAE|SAE,21.21619416700067
8838,199,201,MAE|SAE,28.334139622857826
8839,199,200,MAE|SAE,53.770669964051145
8840,199,202,LAE|MAE|SAE,14.99824483432292
8841,199,200,MAE|SAE,23.38545448491827
8842,197,203,MAE,12.152600449456484
8843,198,204,LAE|MAE|SAE,17.863458879775017
8844,198,203,LAE|MAE,33.402748145579395
8845,198,202,LAE|MAE,15.47931868779361
8846,198,201,LAE|MAE,37.29567970770189
8847,198,201,LAE|MAE,26.135380163182425
8848,198,201,LAE|MAE,3.67954309428212
8849,198,208,LAE|MAE|SAE,57.86630220503184
8850,198,206,LAE|MAE,38.26296150711408
8851,198,208,LAE|MAE|SAE,32.671031470580964
8852,198,201,LAE|MAE,25.722836814519237
8853,198,203,LAE|MAE,45.86337686804254
8854,198,202,LAE|MAE,33.485103851989074
8855,199,209,MAE,56.00637757189709
8856,199,201,MAE,23.624421538312212
8857,199,201,MAE,23.653221448400718
8858,199,211,LAE|MAE|SAE,12.064896396368558
8859,199,201,MAE,27.718410338705837
8860,199,202,LAE|MAE,24.66802072968836
8861,199,201,MAE,1.2950130345276882
8862,199,217,MAE|SAE,27.595272799543082
8863,199,201,MAE,17.300492062176353
8864,199,203,LAE|MAE,4.5118303105540605
8865,199,213,LAE|MAE|SAE,35.23570578433896
8866,199,203,LAE|MAE,20.537562472944053
8867,199,201,MAE,14.430721519227397
8868,199,203,LAE|MAE,39.598406772052385
8869,199,211,LAE|MAE|SAE,19.044826069040997
8870,200,201,MAE|SAE,22.32276615519703
8871,200,201,MAE|SAE,5.450794000519943
8872,200,201,MAE|SAE,38.04737853096038
8873,200,204,MAE|SAE,34.96745410911004
8874,200,201,MAE|SAE,6.2540835829039505
8875,200,203,LAE|MAE|SAE,44.46800957723057
8876,200,202,LAE|MAE|SAE,14.863578548622547
8877,200,202,LAE|MAE|SAE,22.789140990716145
8878,200,206,LAE|MAE|SAE,26.60617338774316
8879,200,201,MAE|SAE,15.121153517898493
8880,200,202,LAE|MAE|SAE,17.997194069818015
8881,200,203,LAE|MAE|SAE,31.073421089820314
8882,200,202,LAE|MAE|SAE,32.819880480797096
8883,200,201,MAE|SAE,16.56431043184036
8884,200,202,LAE|MAE|SAE,53.73455753130735
8885,200,204,MAE|SAE,38.76622085356467
8886,200,201,MAE|SAE,27.55235415339113
8887,200,204,MAE|SAE,17.279898303429327
8888,200,202,LAE|MAE|SAE,53.1980998793934
8889,200,209,MAE|SAE,27.216055109715462
8890,200,202,LAE|MAE|SAE,59.51463659863713
8891,200,201,MAE|SAE,23.9280277297138
8892,200,201,MAE|SAE,4.849741933734145
8893,200,204,LAE|MAE|SAE,23.862094217956585
8894,200,201,MAE|SAE,16.578596535314727
8895,200,204,LAE|MAE|SAE,13.987618636168616
8896,200,208,LAE|MAE|SAE,26.35607955137389
8897,200,202,LAE|MAE|SAE,54.56970668296447
8898,200,201,MAE|SAE,33.645252985769275
8899,200,208,LAE|MAE|SAE,29.53014177485981
8900,200,201,MAE|SAE,27.677692985674465
8901,200,207,LAE|MAE|SAE,51.63714191153473
8902,200,204,MAE|SAE,11.893165147512237
8903,200,201,MAE|SAE,4.604840738573456
8904,200,202,LAE|MAE|SAE,2.5438880909264916
8905,200,201,MAE|SAE,28.192420772853417
8906,198,202,LAE,53.802670201413655
8907,198,206,LAE,27.966693526403194
8908,198,203,LAE|MAE,56.52850342403487
8909,198,202,LAE,15.193546211609494
8910,198,205,LAE|MAE|SAE,32.187192060524275
8911,199,202,LAE|MAE,34.35203696240504
8912,199,202,LAE|MAE,19.122713745817613
8913,199,202,LAE|MAE,23.816425658206608
8914,199,215,LAE|MAE,49.23271353153267
8915,199,202,LAE|MAE,31.69205674271784
8916,199,220,LAE|MAE|SAE,38.635120031334246
8917,199,206,LAE|MAE|SAE,51.05668006371098
8918,201,202,LAE|MAE,1.1972946108128564
8919,201,202,LAE|MAE,1.1312978494129229
8920,201,212,LAE|MAE|SAE,39.67113168133303
8921,201,202,LAE|MAE,5.355753743419094
8922,201,203,LAE|MAE,33.13721781441872
8923,201,204,LAE|MAE|SAE,25.7934307832395
8924,201,208,LAE|MAE|SAE,25.15976676075358
8925,201,202,LAE|MAE,18.63633323594312
8926,201,203,LAE|MAE,21.351100670325966
8927,201,206,LAE|MAE,38.69894369945578
8928,201,202,LAE|MAE,32.76988376373517
8929,201,219,LAE|MAE|SAE,30.42972229527671
8930,201,204,LAE|MAE|SAE,15.546536035950043
8931,201,202,LAE|MAE,28.93711726366824
8932,201,202,LAE|MAE,0.8966410617261698
8933,201,210,LAE|MAE|SAE,25.875156985714355
8934,201,202,LAE|MAE,29.11708693521262
8935,201,202,LAE|MAE,1.5399780919983521
8936,201,213,LAE|MAE|SAE,20.229703729106507
8937,201,246,LAE|MAE|SAE,30.31949173568788
8938,201,202,LAE|MAE,30.691751148427638
8939,201,203,LAE|MAE,36.51370552347395
8940,201,208,LAE|MAE|SAE,27.63101591652815
8941,201,202,LAE|MAE,1.9041247529925291
8942,201,202,LAE|MAE,4.012764779931122
8943,201,208,LAE|MAE|SAE,19.417086289781686
8944,201,203,LAE|MAE,15.458404223415364
8945,201,202,LAE|MAE,35.47628266321849
8946,199,203,MAE,42.194188357490816
8947,199,226,LAE|MAE|SAE,29.563293464217885
8948,199,206,LAE|MAE|SAE,30.72317422013036
8949,199,203,MAE,35.115859348178155
8950,199,209,MAE|SAE,22.945071512659855
8951,199,208,MAE|SAE,22.909401798026366
8952,199,207,MAE,15.087937538105919
8953,199,204,MAE|SAE,28.537129470461227
8954,199,203,MAE,48.83732117142804
8955,199,203,MAE,15.203793564176868
8956,200,204,MAE|SAE,34.04947981013437
8957,200,203,MAE|SAE,13.764152812584909
8958,200,203,MAE|SAE,49.10804389792053
8959,200,204,MAE|SAE,21.826173384893668
8960,200,203,MAE|SAE,10.7522815880598
8961,200,206,LAE|MAE|SAE,19.41605377154604
8962,200,204,MAE|SAE,23.24474362684402
8963,201,203,MAE,46.652594732663886
8964,201,206,LAE|MAE|SAE,24.12176493324801
8965,201,204,MAE|SAE,20.088113609165877
8966,201,204,MAE|SAE,1.4990231751824687
8967,201,203,MAE,3.4006982774761862
8968,201,203,MAE,5.6506649731296505
8969,201,210,LAE|MAE|SAE,28.22801673057521
8970,201,203,MAE,30.800341973355216
8971,202,205,LAE|MAE|SAE,5.90605688808682
8972,202,203,LAE|MAE,2.099981914033377
8973,202,206,LAE|MAE|SAE,23.98594453786082
8974,202,204,LAE|MAE|SAE,15.53564625018346
8975,202,209,LAE|MAE|SAE,34.271229484702225
8976,202,209,LAE|MAE|SAE,33.434022778602824
8977,202,203,LAE|MAE,1.0570187903903507
8978,202,203,LAE|MAE,4.218172988561968
8979,202,212,LAE|MAE|SAE,6.680573099646448
8980,202,207,LAE|MAE|SAE,2.8230794849627636
8981,202,203,LAE|MAE,4.437715240786629
8982,202,208,LAE|MAE|SAE,22.791912612910465
8983,202,212,LAE|MAE|SAE,24.42908849441119
8984,202,204,LAE|MAE|SAE,5.7411324863249895
8985,202,210,LAE|MAE|SAE,20.69013283705776
8986,202,203,LAE|MAE,2.1319012510031663
8987,202,203,LAE|MAE,26.797932937113664
8988,202,203,LAE|MAE,1.8580646654838897
8989,202,206,LAE|MAE|SAE,17.152491030237574
8990,202,203,LAE|MAE,39.16842923816989
8991,200,207,MAE|SAE,29.597762628447246
8992,200,210,LAE|MAE|SAE,16.76752084217008
8993,200,204,SAE,13.756714496388073
8994,200,207,MAE|SAE,22.350779226086132
8995,201,204,MAE|SAE,24.014660778936943
8996,201,204,MAE|SAE,32.955400511734524
8997,201,209,MAE|SAE,28.352480261040668
8998,201,204,MAE|SAE,45.001534323192026
8999,201,204,MAE|SAE,23.185895843238235
9000,203,206,LAE|MAE|SAE,58.581551554080086
9001,203,207,MAE|SAE,52.59398372842994
9002,203,204,MAE|SAE,22.45257025844149
9003,203,207,LAE|MAE|SAE,39.524124113678525
9004,203,205,MAE|SAE,22.184396751623456
9005,203,204,MAE|SAE,17.83961158565705
9006,203,205,MAE|SAE,1.059293395030883
9007,203,206,LAE|MAE|SAE,15.823019185621433
9008,203,204,MAE|SAE,27.160920301339235
9009,203,204,MAE|SAE,32.95797278293181
9010,203,216,LAE|MAE|SAE,26.159515586681515
9011,203,215,LAE|MAE|SAE,41.13089589327048
9012,203,207,LAE|MAE|SAE,18.986987892032733
9013,203,204,MAE|SAE,2.180885503422292
9014,203,204,MAE|SAE,21.20585682758489
9015,203,214,LAE|MAE|SAE,13.425648347355413
9016,203,219,LAE|MAE|SAE,15.027762433383606
9017,203,205,MAE|SAE,1.0885085168948858
9018,203,204,MAE|SAE,19.785206924472977
9019,203,204,MAE|SAE,24.26436259375363
9020,203,209,LAE|MAE|SAE,42.56423698595136
9021,203,204,MAE|SAE,2.283555666841859
9022,203,204,MAE|SAE,25.196477401508204
9023,203,204,MAE|SAE,33.95314007689859
9024,203,218,LAE|MAE|SAE,23.97682171504982
9025,203,206,LAE|MAE|SAE,56.718052805444316
9026,203,204,MAE|SAE,29.38607751493326
9027,203,215,MAE|SAE,35.13554607829058
9028,203,206,LAE|MAE|SAE,4.045726967875041
9029,203,206,LAE|MAE|SAE,43.36576427314876
9030,203,204,MAE|SAE,26.855376279052333
9031,203,205,MAE|SAE,19.038967161502946
9032,203,204,MAE|SAE,50.048923854066096
9033,203,204,MAE|SAE,19.96206672771059
9034,203,204,MAE|SAE,1.344069950910079
9035,201,209,MAE,35.44673025808796
9036,202,246,LAE|MAE|SAE,45.027169710098285
9037,202,208,LAE|MAE|SAE,33.952722286894286
9038,202,210,LAE|MAE|SAE,50.58696014912367
9039,202,205,LAE|MAE,21.012422841037672
9040,203,208,LAE|MAE|SAE,20.60379487995161
9041,203,205,MAE,20.839414835116386
9042,203,206,LAE|MAE,36.176400594111165
9043,203,246,LAE|MAE|SAE,54.783757293045724
9044,203,205,MAE,18.77021267822364
9045,203,205,MAE,3.799720013310542
9046,204,207,LAE|MAE|SAE,33.430986008945155
9047,204,220,LAE|MAE|SAE,31.32657818196993
9048,204,205,MAE|SAE,27.880113012375777
9049,204,210,LAE|MAE|SAE,17.687634472261674
9050,204,206,LAE|MAE|SAE,32.25361192633183
9051,204,211,LAE|MAE|SAE,14.913133160670581
9052,204,205,MAE|SAE,25.8640666028986
9053,204,216,LAE|MAE|SAE,22.53270552184845
9054,204,205,MAE|SAE,19.58894444847666
9055,204,205,MAE|SAE,25.292652521353904
9056,204,205,MAE|SAE,24.840017066822107
9057,204,206,LAE|MAE|SAE,28.798449845744106
9058,204,205,MAE|SAE,42.72135640036851
9059,204,207,LAE|MAE|SAE,2.960192095798926
9060,204,213,LAE|MAE|SAE,30.86869600205182
9061,204,208,MAE|SAE,27.011458831364042
9062,204,209,LAE|MAE|SAE,2.4890850265299904
9063,204,206,LAE|MAE|SAE,3.4887781987096225
9064,204,216,MAE|SAE,15.487897042761505
9065,204,205,MAE|SAE,41.740383521715465
9066,204,206,LAE|MAE|SAE,21.905373259430757
9067,204,205,MAE|SAE,49.60274106777262
9068,204,209,LAE|MAE|SAE,15.64621513036492
9069,204,205,MAE|SAE,1.3379517960041196
9070,204,209,MAE|SAE,29.132237142234548
9071,204,206,LAE|MAE|SAE,24.540910446331264
9072,204,206,LAE|MAE|SAE,27.916859623593755
9073,204,210,LAE|MAE|SAE,45.744717988916264
9074,204,205,MAE|SAE,9.610547271013456
9075,204,205,MAE|SAE,0.945867480039072
9076,202,209,LAE|MAE,17.961390002878346
9077,202,207,LAE|MAE,49.14148948769568
9078,202,210,LAE|MAE,43.745140879132165
9079,202,207,LAE|MAE,24.06972112316999
9080,202,216,LAE|MAE|SAE,26.84417634285154
9081,202,206,LAE,39.433028315108004
9082,202,209,LAE|MAE,10.633123723510385
9083,202,207,LAE|MAE,46.11118346204304
9084,202,214,LAE,23.179056796767043
9085,203,209,LAE|MAE,49.71984948947495
9086,203,206,LAE|MAE,20.074150933721178
9087,203,207,LAE|MAE,28.644098696796046
9088,205,206,LAE|MAE,44.07194768521401
9089,205,206,LAE|MAE,23.166719613426935
9090,205,206,LAE|MAE,27.178743550681048
9091,205,206,LAE|MAE,0.851273801964083
9092,205,207,LAE|MAE,49.869715227328925
9093,205,207,LAE|MAE,1.7398844819476336
9094,205,206,LAE|MAE,1.7923153057263927
9095,205,207,LAE|MAE,19.08607567217962
9096,205,209,LAE|MAE|SAE,2.196421136913594
9097,205,206,LAE|MAE,22.147496068252366
9098,205,206,LAE|MAE,10.062347603710132
9099,205,206,LAE|MAE,26.3958414654646
9100,205,210,LAE|MAE|SAE,5.198182439976695
9101,205,206,LAE|MAE,17.007159895243596
9102,205,206,LAE|MAE,14.516945282617632
9103,205,206,LAE|MAE,2.5162258727785467
9104,205,208,LAE|MAE|SAE,26.753232757727442
9105,205,207,LAE|MAE,1.4344472792185985
9106,205,206,LAE|MAE,30.89819788279794
9107,205,207,LAE|MAE,2.103244445400392
9108,205,206,LAE|MAE,37.655527395585935
9109,205,206,LAE|MAE,20.87198021641231
9110,205,210,LAE|MAE|SAE,18.843808485424137
9111,205,206,LAE|MAE,1.0134321550329473
9112,205,211,LAE|MAE|SAE,13.073971974247666
9113,205,214,LAE|MAE,50.250676845443586
9114,205,215,LAE|MAE|SAE,38.339911905773434
9115,205,208,LAE|MAE|SAE,19.997098078401457
9116,203,208,MAE|SAE,23.964021099588738
9117,203,207,MAE,42.860428310345036
9118,204,246,LAE|MAE|SAE,35.96263979967957
9119,204,207,MAE|SAE,13.608786341505173
9120,204,207,MAE|SAE,3.408634086903619
9121,204,208,MAE|SAE,49.566964921436714
9122,204,211,MAE|SAE,32.313753666331685
9123,205,215,LAE|MAE|SAE,44.55253712784374
9124,205,208,MAE|SAE,30.03698518365978
9125,205,209,MAE,36.10955195854059
9126,205,207,MAE,30.796727837248206
9127,205,216,LAE|MAE|SAE,56.11317195155175
9128,205,211,MAE|SAE,37.686717870318105
9129,205,216,MAE|SAE,25.644148427225364
9130,205,207,MAE,22.81685944524788
9131,205,207,MAE,45.17742970184516
9132,205,207,MAE,56.04270893471794
9133,205,207,MAE,35.61503894448739
9134,205,207,MAE,1.9500554063934803
9135,206,207,LAE|MAE,25.34033868263825
9136,206,221,LAE|MAE|SAE,29.5671522513001
9137,206,209,LAE|MAE|SAE,42.774973646594844
9138,206,207,LAE|MAE,3.4927095600386266
9139,206,207,LAE|MAE,0.9818735682121948
9140,206,211,LAE|MAE|SAE,27.78378155123565
9141,206,207,LAE|MAE,19.46810062035652
9142,206,207,LAE|MAE,13.092339120765478
9143,206,214,LAE|MAE,53.25952322877383
9144,206,216,LAE|MAE|SAE,4.004141211184858
9145,206,208,LAE|MAE|SAE,3.752064881318986
9146,206,216,LAE|MAE|SAE,14.31503866702714
9147,206,212,LAE|MAE|SAE,25.30277809890027
9148,206,213,LAE|MAE|SAE,38.8633494858917
9149,206,212,LAE|MAE|SAE,43.984947247678264
9150,206,208,LAE|MAE|SAE,23.113096432870705
9151,206,207,LAE|MAE,15.245320313243575
9152,206,207,LAE|MAE,22.638127452445342
9153,206,210,LAE|MAE,13.95602043500829
9154,206,223,LAE|MAE|SAE,30.246626593366663
9155,206,207,LAE|MAE,19.118907195473827
9156,206,211,LAE|MAE|SAE,39.942530896270235
9157,206,209,LAE|MAE|SAE,25.14329576690991
9158,206,213,LAE|MAE|SAE,23.715104165305107
9159,206,207,LAE|MAE,31.244722893997547
9160,206,208,LAE|MAE|SAE,31.978032354136516
9161,206,207,LAE|MAE,19.893825722108605
9162,206,207,LAE|MAE,12.736968028737268
9163,204,208,SAE,31.189022792550638
9164,204,208,SAE,19.76468720166594
9165,204,208,SAE,12.927899351082878
9166,204,208,SAE,13.66969304784235
9167,205,208,MAE|SAE,15.832369421177688
9168,205,220,LAE|MAE|SAE,40.24099422774372
9169,207,208,MAE|SAE,22.033932484142344
9170,207,208,MAE|SAE,21.91837161369099
9171,207,208,MAE|SAE,1.3933531394067147
9172,207,212,LAE|MAE|SAE,38.262643089821395
9173,207,208,MAE|SAE,22.322629334374653
9174,207,208,MAE|SAE,20.76259400249806
9175,207,209,MAE|SAE,14.058975864831687
9176,207,209,MAE|SAE,38.89196029007431
9177,207,209,MAE|SAE,29.502404343306605
9178,207,208,MAE|SAE,9.39093913728782
9179,207,213,MAE|SAE,30.285795850817916
9180,207,210,LAE|MAE|SAE,30.925516546452524
9181,207,208,MAE|SAE,32.15911170914757
9182,207,229,LAE|MAE|SAE,27.820138706580188
9183,207,209,MAE|SAE,5.234948584536096
9184,207,208,MAE|SAE,2.1186037617349425
9185,207,209,MAE|SAE,3.7345175739305843
9186,207,221,MAE|SAE,19.933731960902758
9187,207,208,MAE|SAE,30.926901874649708
9188,207,208,MAE|SAE,3.572833399948872
9189,207,209,MAE|SAE,27.19846753839315
9190,207,208,MAE|SAE,1.100468031961268
9191,207,208,MAE|SAE,15.905078956441555
9192,207,212,LAE|MAE|SAE,31.424829727936523
9193,207,208,MAE|SAE,12.327376551079823
9194,207,209,MAE|SAE,3.3063761856324767
9195,207,208,MAE|SAE,25.244763357064347
9196,207,209,MAE|SAE,16.7599005175119
9197,207,208,MAE|SAE,4.507156811158164
9198,207,210,LAE|MAE|SAE,1.786605986089198
9199,207,208,MAE|SAE,22.95474261464085
9200,207,208,MAE|SAE,22.01596334342932
9201,207,211,LAE|MAE|SAE,25.28305245158233
9202,207,208,MAE|SAE,41.564077636953115
9203,205,212,LAE|MAE|SAE,24.951732085352727
9204,206,213,LAE|MAE,21.913265381409786
9205,206,209,LAE|MAE,49.009956413087124
9206,206,210,LAE|MAE,14.97762261329363
9207,206,209,LAE|MAE,10.454173742667134
9208,206,209,LAE|MAE,10.014309050974235
9209,206,209,LAE|MAE,30.81760918694606
9210,206,209,LAE|MAE,35.14121648441652
9211,206,209,LAE|MAE,48.780569305254936
9212,207,209,MAE,25.74234733098613
9213,207,209,MAE,50.68894075942447
9214,207,209,MAE,1.7520556760903983
9215,207,213,LAE|MAE,18.028347809834308
9216,207,209,MAE,23.937968106612274
9217,207,218,LAE|MAE|SAE,44.435164960498525
9218,207,209,MAE,27.171601973183986
9219,207,223,LAE|MAE|SAE,5.696009960124391
9220,207,210,LAE|MAE,42.17593888540074
9221,208,209,MAE|SAE,0.8983299386112511
9222,208,209,MAE|SAE,21.195932688695702
9223,208,210,LAE|MAE|SAE,1.6078036233092239
9224,208,209,MAE|SAE,4.206900605917685
9225,208,220,LAE|MAE|SAE,23.36993813213066
9226,208,209,MAE|SAE,23.050941842375394
9227,208,209,MAE|SAE,2.096357302310918
9228,208,210,LAE|MAE|SAE,26.62886973007319
9229,208,209,MAE|SAE,26.13763775962646
9230,208,209,MAE|SAE,1.57555441016476
9231,208,214,LAE|MAE|SAE,32.381924866423006
9232,208,209,MAE|SAE,41.04961874092522
9233,208,210,LAE|MAE|SAE,14.898621519196011
9234,208,210,LAE|MAE|SAE,16.797944602594093
9235,208,212,LAE|MAE|SAE,41.01690798398122
9236,208,209,MAE|SAE,1.0245213030890588
9237,208,220,LAE|MAE|SAE,29.832916446132316
9238,208,209,MAE|SAE,4.183176033672162
9239,208,220,LAE|MAE|SAE,49.787434867929036
9240,208,210,LAE|MAE|SAE,3.41184429719088
9241,208,210,LAE|MAE|SAE,17.34064021152535
9242,208,209,MAE|SAE,30.10596971847754
9243,208,225,MAE|SAE,47.89627904807156
9244,208,212,MAE|SAE,29.848308748221292
9245,208,209,MAE|SAE,13.196078245081717
9246,208,209,MAE|SAE,4.641515306278115
9247,206,210,LAE,35.38512677012989
9248,206,211,LAE|MAE,16.916845277131728
9249,206,210,LAE,14.60552247762837
9250,206,210,LAE,40.126552301033556
9251,206,210,LAE,30.69908207958464
9252,206,211,LAE|MAE,13.892200246933918
9253,207,212,LAE|MAE|SAE,3.646898425119541
9254,207,219,LAE|MAE|SAE,20.72838009965449
9255,207,214,LAE|MAE,26.65084453169462
9256,207,210,LAE|MAE,45.2393881649984
9257,207,210,LAE|MAE,32.423686340231804
9258,207,216,LAE|MAE|SAE,23.321818346443752
9259,209,212,LAE|MAE|SAE,3.1983749101433565
9260,209,210,LAE|MAE,4.063846219545801
9261,209,211,LAE|MAE,24.073890088886806
9262,209,210,LAE|MAE,3.482348773016205
9263,209,210,LAE|MAE,16.000845685029166
9264,209,210,LAE|MAE,4.895746120609727
9265,209,210,LAE|MAE,50.09838141107812
9266,209,213,LAE|MAE|SAE,27.584265781332743
9267,209,214,LAE|MAE|SAE,16.47368263968109
9268,209,212,LAE|MAE|SAE,27.50608522385774
9269,209,214,LAE|MAE|SAE,36.43265999405233
9270,209,210,LAE|MAE,4.987579652726615
9271,209,210,LAE|MAE,1.4618501010090585
9272,209,210,LAE|MAE,2.6872581066415955
9273,209,210,LAE|MAE,1.325399479308955
9274,209,210,LAE|MAE,2.7987278500551342
9275,209,210,LAE|MAE,55.50573067115929
9276,209,210,LAE|MAE,26.56549364493327
9277,209,210,LAE|MAE,21.803097052158243
9278,209,210,LAE|MAE,35.30821339513468
9279,209,210,LAE|MAE,2.891246569898684
9280,209,210,LAE|MAE,1.3797323440113274
9281,209,210,LAE|MAE,3.2014082594978786
9282,209,210,LAE|MAE,0.977871666532136
9283,209,214,LAE|MAE|SAE,3.021645761076174
9284,209,222,LAE|MAE|SAE,5.409961994715894
9285,209,210,LAE|MAE,4.404928435969212
9286,209,210,LAE|MAE,2.0568258208118437
9287,209,210,LAE|MAE,28.449963877595124
9288,209,210,LAE|MAE,1.0004766541236114
9289,209,210,LAE|MAE,1.540012001927227
9290,209,210,LAE|MAE,15.123251649524768
9291,207,211,MAE,57.30281728347163
9292,207,211,MAE,27.15502587113566
9293,207,225,LAE|MAE|SAE,47.480252570095686
9294,207,211,MAE,31.366017670131466
9295,207,211,MAE,39.48020900159365
9296,207,211,MAE,13.019468267579356
9297,207,246,LAE|MAE|SAE,38.267912735126934
9298,208,211,MAE|SAE,19.040854423522923
9299,208,216,MAE|SAE,26.64256982820675
9300,208,211,MAE|SAE,19.276928878304727
9301,208,211,MAE|SAE,23.798292085108564
9302,208,215,MAE|SAE,30.56712608662576
9303,208,211,MAE|SAE,3.3241233906272685
9304,208,213,MAE|SAE,19.05333367339881
9305,209,215,LAE|MAE,16.539409293273888
9306,209,219,LAE|MAE|SAE,5.27495901002254
9307,209,215,MAE,52.83707718656778
9308,209,216,MAE|SAE,27.51454973756606
9309,209,211,MAE,27.02246216881668
9310,209,211,MAE,16.9373371640124
9311,209,211,MAE,5.166800240084221
9312,209,226,LAE|MAE|SAE,46.42938815925444
9313,209,219,MAE,13.926169038175084
9314,209,211,MAE,23.30794850462838
9315,210,215,LAE|MAE|SAE,30.967833961588966
9316,210,212,LAE|MAE|SAE,3.5924830636308998
9317,210,216,LAE|MAE|SAE,22.757030529660582
9318,210,212,LAE|MAE|SAE,3.0629339438814864
9319,210,211,LAE|MAE,2.9467802918652968
9320,210,211,LAE|MAE,22.167020859624927
9321,210,211,LAE|MAE,27.344739966798297
9322,210,211,LAE|MAE,56.46177609500595
9323,210,211,LAE|MAE,25.448892543654303
9324,210,215,LAE|MAE,19.11460027701989
9325,210,217,LAE|MAE|SAE,37.011739876755286
9326,210,212,LAE|MAE|SAE,16.63628819795717
9327,210,211,LAE|MAE,39.95520271595417
9328,210,211,LAE|MAE,29.95151510546915
9329,210,211,LAE|MAE,56.890527470343784
9330,210,218,LAE|MAE|SAE,30.620674081768414
9331,210,214,LAE|MAE,3.4476561252212434
9332,210,211,LAE|MAE,40.91088192980137
9333,210,211,LAE|MAE,3.450210849046608
9334,210,213,LAE|MAE|SAE,4.184375670869144
9335,210,211,LAE|MAE,1.087640438362727
9336,210,218,LAE|MAE|SAE,34.08022732978522
9337,210,211,LAE|MAE,19.3802004737453
9338,210,212,LAE|MAE|SAE,16.57275855082035
9339,210,211,LAE|MAE,22.759806631329315
9340,208,213,MAE|SAE,21.82457195636503
9341,208,212,SAE,28.575906309584873
9342,209,212,MAE|SAE,31.107935322051393
9343,209,215,LAE|MAE|SAE,48.152293941435126
9344,209,213,MAE|SAE,19.854879015558055
9345,209,212,MAE|SAE,9.693048580878937
9346,209,212,MAE|SAE,15.86038149962535
9347,211,223,MAE|SAE,20.7702617495934
9348,211,212,MAE|SAE,24.687256095660548
9349,211,215,LAE|MAE|SAE,18.121342775227376
9350,211,217,MAE|SAE,26.286785730081853
9351,211,212,MAE|SAE,37.260302025600105
9352,211,214,LAE|MAE|SAE,31.14996799062805
9353,211,212,MAE|SAE,24.614571779282397
9354,211,212,MAE|SAE,3.2688153859272484
9355,211,212,MAE|SAE,14.077018460823119
9356,211,217,MAE|SAE,13.104323855778226
9357,211,215,LAE|MAE|SAE,21.656891323777806
9358,211,223,LAE|MAE|SAE,21.073532397806552
9359,211,212,MAE|SAE,17.075224248492646
9360,211,212,MAE|SAE,3.99117348437569
9361,211,212,MAE|SAE,18.194692772766025
9362,211,212,MAE|SAE,33.883796362322556
9363,209,216,MAE|SAE,54.128687299201005
9364,209,213,MAE,50.49628259705539
9365,209,213,MAE,37.78417637864396
9366,209,213,MAE,26.552503850325753
9367,210,222,LAE|MAE|SAE,29.635451142364033
9368,210,213,LAE|MAE,13.207500671059982
9369,210,244,LAE|MAE|SAE,29.401176689412512
9370,210,214,LAE|MAE,41.09551069987929
9371,210,216,LAE|MAE|SAE,44.56764321248611
9372,210,213,LAE|MAE,17.616936644898143
9373,210,213,LAE|MAE,17.0604232436981
9374,210,225,LAE|MAE,30.151068501956686
9375,210,214,LAE|MAE,57.39575176027317
9376,211,216,MAE|SAE,47.28984587011025
9377,211,214,LAE|MAE,2.4364165878320025
9378,211,213,MAE,47.05836134326658
9379,211,213,MAE,20.903877063694527
9380,212,213,MAE|SAE,0.9886050168465066
9381,212,213,MAE|SAE,28.88969718284504
9382,212,215,MAE|SAE,23.008326339012715
9383,212,217,MAE|SAE,28.24410659930944
9384,212,224,LAE|MAE|SAE,50.729343903331845
9385,212,215,MAE|SAE,35.89358690462513
9386,212,215,LAE|MAE|SAE,2.1469493805491884
9387,212,213,MAE|SAE,13.029104291267124
9388,212,213,MAE|SAE,23.23497647880858
9389,212,218,LAE|MAE|SAE,27.568644447782276
9390,212,216,MAE|SAE,50.91070695800496
9391,212,219,MAE|SAE,22.41132645703759
9392,212,215,MAE|SAE,48.973527900476206
9393,212,213,MAE|SAE,7.521480236566214
9394,212,213,MAE|SAE,0.9105861327293837
9395,212,215,MAE|SAE,32.8915691751624
9396,212,214,LAE|MAE|SAE,28.405945443539398
9397,210,214,LAE,46.03710648358991
9398,210,214,LAE,35.12254691117295
9399,210,214,LAE,27.44977447113286
9400,210,214,LAE,45.65058919512809
9401,210,214,LAE,20.02306959711382
9402,211,219,LAE|MAE,22.178495804510717
9403,211,219,LAE|MAE,16.213192102105225
9404,211,214,LAE|MAE,14.402291697253744
9405,213,214,LAE|MAE,3.1025591369769163
9406,213,214,LAE|MAE,2.567423487811272
9407,213,214,LAE|MAE,0.8642773406296766
9408,213,215,LAE|MAE,5.504223584134095
9409,213,214,LAE|MAE,2.852046962536603
9410,213,219,LAE|MAE,19.153434738821772
9411,213,214,LAE|MAE,3.724619293798951
9412,213,214,LAE|MAE,4.4755601888096015
9413,213,218,LAE|MAE,23.70423273205789
9414,213,214,LAE|MAE,21.089141233539735
9415,213,215,LAE|MAE,24.954473303532993
9416,213,214,LAE|MAE,1.964092987938573
9417,213,214,LAE|MAE,19.87753186465972
9418,213,220,LAE|MAE|SAE,2.2330803893800226
9419,213,214,LAE|MAE,31.886512897077495
9420,213,215,LAE|MAE,21.392510408692544
9421,213,214,LAE|MAE,28.545790318259925
9422,213,214,LAE|MAE,16.62586022911998
9423,213,214,LAE|MAE,2.3380257018722115
9424,213,214,LAE|MAE,4.942516053465417
9425,213,246,LAE|MAE|SAE,17.756485786700924
9426,213,214,LAE|MAE,0.8356807397576003
9427,213,214,LAE|MAE,14.592628646254266
9428,213,215,LAE|MAE,16.129494827207306
9429,211,219,LAE|MAE,30.794872253686407
9430,212,221,LAE|MAE|SAE,55.8349725329657
9431,212,215,MAE|SAE,25.53543034404935
9432,212,215,MAE|SAE,25.84783213815346
9433,212,217,MAE|SAE,20.414819130636616
9434,212,215,MAE|SAE,22.95468593175609
9435,212,218,LAE|MAE|SAE,19.106331080775547
9436,212,215,MAE|SAE,2.588286816041173
9437,212,215,MAE|SAE,21.21714083796215
9438,212,217,MAE|SAE,24.719204180036563
9439,212,215,MAE|SAE,25.350542466215163
9440,213,215,MAE,39.052415191227276
9441,213,216,MAE|SAE,35.341139825713
9442,213,220,LAE|MAE|SAE,17.991043768373356
9443,213,216,MAE|SAE,18.85971570292133
9444,213,219,LAE|MAE,26.517845938711275
9445,213,215,MAE,23.654799619826246
9446,213,216,MAE|SAE,47.31450925798806
9447,213,218,LAE|MAE,17.090255303936424
9448,213,222,LAE|MAE|SAE,42.1721530729725
9449,214,222,LAE|MAE|SAE,7.193223375882053
9450,214,227,LAE|MAE|SAE,42.16237970410747
9451,214,215,LAE|MAE,42.23016122329031
9452,214,229,LAE|MAE|SAE,32.441740267688466
9453,214,218,LAE|MAE|SAE,1.7244150220916952
9454,214,215,LAE|MAE,20.74879836879289
9455,214,216,LAE|MAE|SAE,2.2943689495525605
9456,214,215,LAE|MAE,2.4980711883823647
9457,214,215,LAE|MAE,53.47759506638796
9458,214,218,LAE|MAE|SAE,23.025205756436815
9459,214,215,LAE|MAE,27.186089924686115
9460,214,216,LAE|MAE|SAE,23.408485018616034
9461,214,218,LAE|MAE|SAE,23.43024009967734
9462,214,223,LAE|MAE|SAE,7.8272696662989585
9463,214,229,LAE|MAE|SAE,25.554436130712592
9464,214,215,LAE|MAE,3.4281848642437227
9465,214,222,LAE|MAE,3.115442448503514
9466,214,215,LAE|MAE,1.6429346947031995
9467,214,219,LAE|MAE,15.937480786000354
9468,214,215,LAE|MAE,20.643634939863016
9469,214,215,LAE|MAE,25.540285844434983
9470,214,215,LAE|MAE,17.838831935037234
9471,214,232,LAE|MAE|SAE,29.577625959634325
9472,214,215,LAE|MAE,11.929883544676677
9473,214,217,LAE|MAE,17.355267217228473
9474,214,215,LAE|MAE,34.09893682111912
9475,214,225,LAE|MAE|SAE,50.80669542688499
9476,212,216,SAE,24.6914017725523
9477,212,217,MAE|SAE,21.55845339384139
9478,212,216,SAE,16.128616064704733
9479,212,216,SAE,47.67421510088833
9480,212,233,MAE|SAE,36.444603503939526
9481,213,216,MAE|SAE,18.932182393763217
9482,213,221,MAE|SAE,31.274157138423714
9483,213,217,MAE|SAE,29.20735662949174
9484,213,224,MAE|SAE,28.101989836885558
9485,213,230,LAE|MAE|SAE,49.85272515190206
9486,213,219,MAE|SAE,21.40739546167351
9487,213,221,MAE|SAE,35.50854897326249
9488,213,216,MAE|SAE,17.165366426069866
9489,213,216,MAE|SAE,23.916642409973225
9490,213,216,MAE|SAE,35.06919823666426
9491,215,221,LAE|MAE|SAE,27.584859611585696
9492,215,224,LAE|MAE|SAE,26.2484215124951
9493,215,218,LAE|MAE|SAE,25.32402443330506
9494,215,216,MAE|SAE,22.760891136298497
9495,215,222,LAE|MAE|SAE,17.744368169055523
9496,215,216,MAE|SAE,14.269975416026908
9497,215,216,MAE|SAE,31.23936360345123
9498,215,218,LAE|MAE|SAE,1.936563071497101
9499,215,219,MAE|SAE,26.40806835442312
9500,215,223,LAE|MAE|SAE,46.9835865154542
9501,215,223,LAE|MAE|SAE,3.129930853153288
9502,215,218,LAE|MAE|SAE,26.572223859608105
9503,215,216,MAE|SAE,17.006538451891853
9504,215,216,MAE|SAE,2.302583840583738
9505,215,216,MAE|SAE,28.404165887766453
9506,215,246,LAE|MAE|SAE,23.6844890369017
9507,215,216,MAE|SAE,49.80199678174241
9508,215,220,MAE|SAE,15.962591606511609
9509,215,216,MAE|SAE,29.563973293352102
9510,215,217,MAE|SAE,23.108713051699638
9511,215,216,MAE|SAE,1.9446412081086437
9512,213,217,MAE,56.57885110849366
9513,213,246,LAE|MAE|SAE,49.426083775138466
9514,213,217,MAE,22.403860503187236
9515,213,224,LAE|MAE|SAE,23.710256796229352
9516,213,226,LAE|MAE,55.829971204599026
9517,214,217,LAE|MAE,26.124171612975665
9518,214,217,LAE|MAE,37.49288415633764
9519,214,223,LAE|MAE,32.29084008265031
9520,214,217,LAE|MAE,27.0050553753871
9521,214,225,LAE|MAE,7.983674088312168
9522,214,220,LAE|MAE|SAE,40.34094629375553
9523,214,217,LAE|MAE,18.291583904590176
9524,215,217,MAE,28.957728429502826
9525,215,219,MAE,53.17836384405804
9526,215,223,LAE|MAE|SAE,3.683731171447859
9527,215,217,MAE,43.53219702879042
9528,215,220,LAE|MAE|SAE,16.96745364004733
9529,215,217,MAE,40.13267072704155
9530,215,228,MAE|SAE,24.582426792426205
9531,215,220,MAE|SAE,4.805849355083645
9532,215,217,MAE,23.255538066259867
9533,215,217,MAE,1.7219563722355933
9534,215,246,LAE|MAE|SAE,12.204094342875239
9535,215,217,MAE,25.417063429503138
9536,215,228,LAE|MAE|SAE,21.81602031367073
9537,215,223,MAE|SAE,16.492412257066935
9538,215,217,MAE,36.61861597194874
9539,215,218,LAE|MAE,26.910044382546612
9540,216,219,LAE|MAE|SAE,42.76572414089478
9541,216,217,MAE|SAE,24.715684347967294
9542,216,220,MAE|SAE,26.53778229873046
9543,216,225,LAE|MAE|SAE,24.27403131527457
9544,216,220,MAE|SAE,29.525150738678285
9545,216,228,LAE|MAE|SAE,22.775859057602933
9546,216,218,LAE|MAE|SAE,17.427221263133564
9547,216,217,MAE|SAE,10.765290964515158
9548,216,220,LAE|MAE|SAE,4.341181433367239
9549,216,217,MAE|SAE,1.449167582626125
9550,216,219,LAE|MAE|SAE,20.370045926905775
9551,216,217,MAE|SAE,10.211900946049779
9552,216,217,MAE|SAE,32.32143498032889
9553,216,218,LAE|MAE|SAE,1.7922639869509354
9554,216,221,LAE|MAE|SAE,23.505266228321737
9555,216,217,MAE|SAE,28.11899488444059
9556,216,221,LAE|MAE|SAE,2.8380264770114185
9557,216,217,MAE|SAE,29.477867639791018
9558,216,217,MAE|SAE,43.18117799878028
9559,216,217,MAE|SAE,50.043361370571574
9560,216,217,MAE|SAE,40.22267958884456
9561,216,218,LAE|MAE|SAE,1.4423314600967878
9562,216,218,LAE|MAE|SAE,11.80732278353179
9563,216,219,MAE|SAE,43.43924591842356
9564,214,246,LAE|MAE|SAE,30.742688479310218
9565,214,218,LAE,39.341262275885235
9566,214,225,LAE|MAE|SAE,3.558937127631903
9567,214,223,LAE|MAE|SAE,9.3521444329279
9568,214,218,LAE,11.101748242527005
9569,215,218,LAE|MAE,21.62157009594545
9570,215,218,LAE|MAE,8.573817907135588
9571,215,218,LAE|MAE,46.17340672331707
9572,217,218,LAE|MAE,0.969246489752645
9573,217,218,LAE|MAE,31.06408611033113
9574,217,218,LAE|MAE,26.29490481330885
9575,217,218,LAE|MAE,15.859996289680586
9576,217,218,LAE|MAE,1.3018061902274527
9577,217,218,LAE|MAE,36.493653046095915
9578,217,218,LAE|MAE,2.4055861178723448
9579,217,218,LAE|MAE,3.8742631907455043
9580,217,218,LAE|MAE,24.271994425811503
9581,217,219,LAE|MAE,1.3415233680178944
9582,217,218,LAE|MAE,42.04193611008417
9583,217,218,LAE|MAE,1.6244966048237839
9584,217,218,LAE|MAE,1.284815752601705
9585,217,218,LAE|MAE,0.9671744327840426
9586,217,219,LAE|MAE,1.7561783036227414
9587,217,218,LAE|MAE,1.509533292338163
9588,217,219,LAE|MAE,15.860992695509324
9589,217,218,LAE|MAE,22.079184842437158
9590,217,218,LAE|MAE,1.065519515733969
9591,217,221,LAE|MAE|SAE,17.092410829756055
9592,217,218,LAE|MAE,1.7056211483721342
9593,217,219,LAE|MAE,2.1810481085750295
9594,217,223,LAE|MAE,26.75797170206578
9595,217,221,LAE|MAE|SAE,1.7391382972437395
9596,217,221,LAE|MAE,33.93986185684345
9597,217,218,LAE|MAE,25.081073630136913
9598,217,219,LAE|MAE,28.13313778136754
9599,217,218,LAE|MAE,1.6544211331773642
9600,217,218,LAE|MAE,40.33587898702368
9601,217,224,LAE|MAE|SAE,17.342505883996445
9602,215,219,MAE,36.23938040119905
9603,215,219,MAE,55.919825747861594
9604,215,219,MAE,56.42566735271147
9605,215,219,MAE,49.90105119179505
9606,215,219,MAE,31.40699980219945
9607,216,219,MAE|SAE,29.27839742889831
9608,216,221,MAE|SAE,15.909706460213345
9609,216,220,MAE|SAE,27.952684325432873
9610,216,219,MAE|SAE,18.573845384042947
9611,216,219,MAE|SAE,33.17934216589288
9612,216,229,LAE|MAE|SAE,33.21677377103171
9613,216,219,MAE|SAE,21.476094226465396
9614,217,219,MAE,19.118611645470445
9615,217,221,MAE,43.579137337154485
9616,217,219,MAE,29.989941431170426
9617,217,219,MAE,36.85552664230943
9618,217,221,MAE|SAE,26.147343775752418
9619,217,219,MAE,19.552198074431825
9620,217,219,MAE,22.249612278385758
9621,217,220,MAE|SAE,27.067161711387147
9622,217,219,MAE,1.5163039590974439
9623,217,221,MAE|SAE,21.515740426856105
9624,218,221,LAE|MAE,34.947952586155786
9625,218,219,LAE|MAE,47.10619418214217
9626,218,219,LAE|MAE,1.0756091479552545
9627,218,219,LAE|MAE,30.08628613247731
9628,218,219,LAE|MAE,1.5017778751257869
9629,218,219,LAE|MAE,18.874632465561003
9630,218,220,LAE|MAE|SAE,27.77661761566631
9631,218,219,LAE|MAE,34.16288025251254
9632,218,220,LAE|MAE|SAE,2.3634155270423403
9633,218,228,LAE|MAE|SAE,16.140671033515922
9634,218,219,LAE|MAE,45.74994656244414
9635,218,224,LAE|MAE|SAE,2.843485562460687
9636,218,219,LAE|MAE,1.828430666990168
9637,218,219,LAE|MAE,1.090528464428584
9638,218,230,LAE|MAE|SAE,25.937674515738635
9639,218,219,LAE|MAE,1.273540172261284
9640,218,226,LAE|MAE,51.174534009718194
9641,218,222,LAE|MAE|SAE,3.1907575984093954
9642,218,219,LAE|MAE,22.249223807403265
9643,218,219,LAE|MAE,0.9528326798680864
9644,218,221,LAE|MAE,52.42504554646302
9645,218,223,LAE|MAE|SAE,2.4191104454351824
9646,218,222,LAE|MAE|SAE,3.3356308895530873
9647,216,228,SAE,7.265323589992981
9648,216,220,SAE,23.839733160881877
9649,216,220,SAE,21.339462724264173
9650,216,220,SAE,20.83670853157749
9651,216,221,MAE|SAE,15.380671035556261
9652,216,220,SAE,19.676413175968843
9653,216,221,MAE|SAE,45.962953346142
9654,216,220,SAE,22.956844845158127
9655,216,220,SAE,17.798898205951136
9656,216,227,MAE|SAE,25.55308273839787
9657,217,220,MAE|SAE,20.811915517509192
9658,217,220,MAE|SAE,59.75792735698288
9659,217,220,MAE|SAE,27.314654747488007
9660,217,225,MAE|SAE,31.742825119132814
9661,217,220,MAE|SAE,8.3777997631782
9662,217,222,LAE|MAE|SAE,19.192079760541098
9663,219,220,MAE|SAE,1.1181476235965868
9664,219,220,MAE|SAE,1.290126389635331
9665,219,220,MAE|SAE,0.8392299648996997
9666,219,224,MAE|SAE,2.9221877551473963
9667,219,228,MAE|SAE,31.34224346330484
9668,219,239,LAE|MAE|SAE,44.07890030050449
9669,219,227,LAE|MAE|SAE,24.524926878920425
9670,219,221,MAE|SAE,21.624530965651637
9671,219,220,MAE|SAE,25.381610397228126
9672,219,222,LAE|MAE|SAE,22.35038489634688
9673,219,220,MAE|SAE,1.0916004434398074
9674,219,221,MAE|SAE,31.180669123586704
9675,219,222,LAE|MAE|SAE,18.728273898940042
9676,219,221,MAE|SAE,22.780912223261655
9677,219,220,MAE|SAE,38.455665673115696
9678,219,220,MAE|SAE,59.65715999840851
9679,219,220,MAE|SAE,0.8210145256164308
9680,219,220,MAE|SAE,24.129325608784413
9681,217,227,LAE|MAE,35.13018669710212
9682,217,221,MAE,18.313016131399692
9683,217,223,MAE,51.911621997004254
9684,217,221,MAE,12.920959358974546
9685,217,226,LAE|MAE,19.74531402303106
9686,218,221,LAE|MAE,28.657069382656136
9687,218,227,LAE|MAE,31.223092442522113
9688,218,227,LAE|MAE,19.415336663527867
9689,218,227,LAE|MAE,32.43661166496275
9690,218,222,LAE|MAE,39.85116967744392
9691,218,221,LAE|MAE,27.863443999735228
9692,219,221,MAE,1.330220522277969
9693,219,223,MAE,19.421414069365223
9694,219,222,LAE|MAE,27.89778121134482
9695,219,229,LAE|MAE|SAE,23.56277842948912
9696,219,221,MAE,21.341612855615654
9697,219,221,MAE,17.096049820495374
9698,219,221,MAE,17.97325874019505
9699,219,225,MAE,29.137277231675156
9700,219,227,LAE|MAE,37.72669697418771
9701,219,221,MAE,21.50298055017159
9702,220,222,LAE|MAE|SAE,1.10796026962556
9703,220,222,LAE|MAE|SAE,22.965002003011357
9704,220,221,MAE|SAE,1.8855100522434995
9705,220,222,LAE|MAE|SAE,2.2376800466713056
9706,220,221,MAE|SAE,26.782002214215222
9707,220,223,LAE|MAE|SAE,2.527400057641817
9708,220,221,MAE|SAE,0.9284753295932102
9709,220,228,LAE|MAE|SAE,22.170226457088408
9710,220,221,MAE|SAE,24.51962055401461
9711,220,222,LAE|MAE|SAE,14.56570651992729
9712,220,221,MAE|SAE,25.429717763643577
9713,220,222,LAE|MAE|SAE,25.817015842005016
9714,220,221,MAE|SAE,21.262174187619205
9715,220,221,MAE|SAE,1.8046945702383077
9716,220,221,MAE|SAE,26.77499924124068
9717,220,221,MAE|SAE,19.38967916527527
9718,220,221,MAE|SAE,15.765934898524842
9719,220,227,LAE|MAE|SAE,31.891242883163624
9720,220,246,LAE|MAE|SAE,30.775464226827996
9721,220,223,LAE|MAE|SAE,1.6540532599321605
9722,220,230,LAE|MAE|SAE,21.046459010504385
9723,220,221,MAE|SAE,15.056830913693414
9724,220,221,MAE|SAE,17.97713123465287
9725,220,245,LAE|MAE|SAE,32.53549292639486
9726,220,221,MAE|SAE,1.8249108243298624
9727,220,221,MAE|SAE,35.65914259703449
9728,220,224,MAE|SAE,21.49353666552952
9729,220,224,LAE|MAE|SAE,29.228702776890003
9730,220,223,MAE|SAE,41.08997580504554
9731,218,222,LAE,40.974918166213286
9732,218,222,LAE,2.299828138489831
9733,218,246,LAE|MAE,37.53673060189074
9734,218,222,LAE,24.510505131242255
9735,219,222,LAE|MAE,27.11845813428355
9736,219,226,LAE|MAE,53.25858599179483
9737,219,228,LAE|MAE|SAE,15.706141744309638
9738,221,222,LAE|MAE,18.367466894118813
9739,221,226,LAE|MAE|SAE,47.91229904684615
9740,221,222,LAE|MAE,14.468146586924178
9741,221,224,LAE|MAE|SAE,18.3036598210609
9742,221,223,LAE|MAE,2.557434057986098
9743,221,223,LAE|MAE,30.592204597047598
9744,221,246,LAE|MAE,37.41230408184696
9745,221,222,LAE|MAE,0.9052741481365637
9746,221,225,LAE|MAE,29.766226582106274
9747,221,223,LAE|MAE,2.1176819072653283
9748,221,228,LAE|MAE|SAE,14.142153759179228
9749,221,246,LAE|MAE|SAE,20.87427431497123
9750,221,223,LAE|MAE,1.820739981893497
9751,221,224,LAE|MAE|SAE,21.61326917973205
9752,221,222,LAE|MAE,2.1845088401213295
9753,221,222,LAE|MAE,15.239976319254406
9754,221,246,LAE|MAE,30.82812654980591
9755,221,224,LAE|MAE|SAE,46.430299886179455
9756,221,222,LAE|MAE,2.5094218890876787
9757,221,233,LAE|MAE,53.24556317148942
9758,221,227,LAE|MAE,24.724453306531682
9759,219,225,MAE|SAE,41.66628370696028
9760,219,224,MAE|SAE,23.654659572658993
9761,219,225,MAE|SAE,24.446703070125935
9762,219,223,MAE,24.797066537582808
9763,219,223,MAE,22.251019476096086
9764,219,225,MAE,38.564528455370215
9765,219,223,MAE,31.612293951781787
9766,220,235,LAE|MAE|SAE,24.140923549615856
9767,220,223,MAE|SAE,28.13073425796072
9768,220,223,MAE|SAE,31.5134665553087
9769,220,223,MAE|SAE,26.04614244423275
9770,220,225,MAE|SAE,26.161139537929717
9771,220,225,MAE|SAE,19.464478914939633
9772,221,232,MAE|SAE,52.15507396924664
9773,221,246,LAE|MAE|SAE,51.41642886949091
9774,221,223,MAE,18.00840751596454
9775,221,246,LAE|MAE|SAE,25.209049696504213
9776,221,223,MAE,23.105977424236862
9777,221,223,MAE,20.021982492182836
9778,221,223,MAE,38.445577669304534
9779,221,223,MAE,31.358915713040854
9780,221,227,MAE,44.8040569421055
9781,221,232,LAE|MAE|SAE,24.559874257790057
9782,221,223,MAE,17.375045515809806
9783,222,223,LAE|MAE,50.28203055326958
9784,222,227,LAE|MAE|SAE,32.01511306453964
9785,222,225,LAE|MAE,27.639141307624993
9786,222,223,LAE|MAE,1.1277578797330108
9787,222,225,LAE|MAE,29.283078907450697
9788,222,228,LAE|MAE|SAE,24.2378039538232
9789,222,227,LAE|MAE|SAE,26.680484149750825
9790,222,227,LAE|MAE,24.263360520615784
9791,222,228,LAE|MAE|SAE,16.151153508177384
9792,222,224,LAE|MAE|SAE,1.2290211568189329
9793,222,223,LAE|MAE,2.5017337981200223
9794,222,226,LAE|MAE|SAE,21.435609854134754
9795,222,230,LAE|MAE,38.36573873747742
9796,222,223,LAE|MAE,1.4087950318734517
9797,222,229,LAE|MAE,21.57343384356199
9798,222,223,LAE|MAE,1.3778068915239994
9799,222,223,LAE|MAE,31.93400127400023
9800,222,223,LAE|MAE,59.72856371651238
9801,222,224,LAE|MAE|SAE,26.032368712290847
9802,222,223,LAE|MAE,1.761196924962164
9803,222,223,LAE|MAE,43.41750769382863
9804,220,224,SAE,15.296274910340022
9805,220,224,SAE,54.136038144104305
9806,220,224,SAE,31.328004048026507
9807,220,224,SAE,6.565021561747721
9808,221,224,MAE|SAE,15.288034174561508
9809,221,224,MAE|SAE,10.930835990573234
9810,221,228,MAE|SAE,21.61389472607479
9811,221,224,MAE|SAE,22.275351933396422
9812,223,227,LAE|MAE|SAE,34.89245566823683
9813,223,224,MAE|SAE,24.489841435074936
9814,223,246,LAE|MAE|SAE,40.68957319940732
9815,223,246,LAE|MAE|SAE,25.566446652340968
9816,223,224,MAE|SAE,1.0359289137275705
9817,223,224,MAE|SAE,1.1193604554436758
9818,223,224,MAE|SAE,1.19827178525616
9819,223,224,MAE|SAE,19.44522021254567
9820,223,225,MAE|SAE,1.942507832266736
9821,223,227,MAE|SAE,25.18697174251637
9822,223,228,MAE|SAE,21.48666604775786
9823,223,224,MAE|SAE,35.2243382455881
9824,223,224,MAE|SAE,23.513192180088858
9825,223,224,MAE|SAE,1.3867948447173388
9826,223,224,MAE|SAE,1.2774743367954156
9827,223,225,MAE|SAE,1.3299904303105
9828,223,224,MAE|SAE,28.941031989444454
9829,223,224,MAE|SAE,20.611429329908166
9830,223,226,LAE|MAE|SAE,14.240739705438902
9831,223,224,MAE|SAE,1.0335339200782558
9832,223,225,MAE|SAE,19.692848502741953
9833,223,246,LAE|MAE|SAE,8.886687736010332
9834,221,226,LAE|MAE,21.56630231056406
9835,221,225,MAE,28.90154664244312
9836,221,228,MAE|SAE,23.225480500015127
9837,221,225,MAE,58.65940560831404
9838,221,225,MAE,39.586383340409995
9839,222,225,LAE|MAE,12.252599148193953
9840,222,225,LAE|MAE,1.7158193432778632
9841,222,226,LAE|MAE,23.05239370503712
9842,222,225,LAE|MAE,32.51626294253277
9843,222,225,LAE|MAE,44.45892391127759
9844,222,226,LAE|MAE,6.428552376803268
9845,223,225,MAE,1.4455668053945958
9846,223,225,MAE,26.266027731760033
9847,223,229,MAE,32.18881785520327
9848,223,229,LAE|MAE,39.811481279396105
9849,223,237,LAE|MAE|SAE,37.23300537049479
9850,223,229,LAE|MAE|SAE,33.66824798122388
9851,223,226,LAE|MAE,56.06961786258372
9852,223,226,LAE|MAE,2.7541934531533547
9853,224,225,MAE|SAE,0.8265024776755691
9854,224,235,LAE|MAE|SAE,32.09512019643042
9855,224,246,LAE|MAE|SAE,25.655041189665653
9856,224,225,MAE|SAE,40.8551139471562
9857,224,225,MAE|SAE,0.7840892576227931
9858,224,229,MAE|SAE,30.393648646569357
9859,224,246,LAE|MAE|SAE,42.96465223279747
9860,224,225,MAE|SAE,0.8637792290025903
9861,224,225,MAE|SAE,27.686308514043393
9862,224,225,MAE|SAE,1.5927565624547246
9863,224,225,MAE|SAE,1.4216864112427348
9864,224,225,MAE|SAE,1.0192748887218765
9865,224,240,LAE|MAE|SAE,42.446086829259364
9866,224,226,LAE|MAE|SAE,26.66279682869682
9867,224,225,MAE|SAE,27.318121473072274
9868,224,225,MAE|SAE,24.031753513056884
9869,224,237,LAE|MAE|SAE,25.808581116702854
9870,224,225,MAE|SAE,33.01948642830373
9871,224,225,MAE|SAE,38.29095637516769
9872,224,225,MAE|SAE,30.159203486230677
9873,222,226,LAE,22.889340157658605
9874,222,226,LAE,17.843349028222644
9875,222,226,LAE,21.777495605423713
9876,223,233,LAE|MAE|SAE,14.394320422910598
9877,223,226,LAE|MAE,28.947602592743895
9878,223,226,LAE|MAE,35.89606639440905
9879,223,226,LAE|MAE,38.676301219627646
9880,223,226,LAE|MAE,18.79133430293807
9881,223,227,LAE|MAE,17.092984989518904
9882,225,226,LAE|MAE,0.7847138991341649
9883,225,226,LAE|MAE,1.5416996025473106
9884,225,226,LAE|MAE,0.9725884977324173
9885,225,226,LAE|MAE,15.97717110555764
9886,225,226,LAE|MAE,35.240430579187944
9887,225,228,LAE|MAE|SAE,2.8031104160689617
9888,225,228,LAE|MAE|SAE,1.9583974534983568
9889,225,226,LAE|MAE,1.0387481767686393
9890,225,226,LAE|MAE,1.384396499814522
9891,225,227,LAE|MAE,28.697921673177056
9892,225,228,LAE|MAE|SAE,24.09481654343525
9893,225,246,LAE|MAE|SAE,1.9726423383291445
9894,225,230,LAE|MAE,42.57124563348902
9895,225,226,LAE|MAE,15.475909329451179
9896,225,246,LAE|MAE|SAE,16.266143755348327
9897,225,233,LAE|MAE|SAE,16.1373190020269
9898,225,227,LAE|MAE,1.2043784050311077
9899,225,245,LAE|MAE|SAE,29.730550649562865
9900,225,246,LAE|MAE|SAE,1.779967153207992
9901,225,231,LAE|MAE|SAE,1.5072149307564218
9902,225,229,LAE|MAE,51.081721443716134
9903,225,226,LAE|MAE,1.3589863109042286
9904,225,226,LAE|MAE,21.615743863879054
9905,225,226,LAE|MAE,1.7202352645501193
9906,225,239,LAE|MAE|SAE,32.03455059051518
9907,225,226,LAE|MAE,57.29162462683513
9908,225,228,LAE|MAE|SAE,41.028533292459095
9909,225,226,LAE|MAE,0.9630606512741711
9910,225,227,LAE|MAE,19.756876159155254
9911,225,226,LAE|MAE,20.68560083908368
9912,224,229,MAE|SAE,28.835312805980276
9913,224,228,MAE|SAE,55.189422542191714
9914,224,228,MAE|SAE,31.23671231704186
9915,224,227,MAE|SAE,46.71412905890969
9916,224,231,MAE|SAE,40.483908418880404
9917,225,246,LAE|MAE|SAE,26.12262178278736
9918,225,233,MAE,27.479195450238045
9919,225,233,LAE|MAE|SAE,19.189165971266387
9920,225,227,MAE,14.263731680807524
9921,225,227,MAE,38.022605381784146
9922,225,227,MAE,1.3229849487700804
9923,226,227,LAE|MAE,18.795073010178193
9924,226,240,LAE|MAE|SAE,14.932741087705077
9925,226,227,LAE|MAE,22.791390457728628
9926,226,246,LAE|MAE|SAE,17.733811238824355
9927,226,227,LAE|MAE,18.596530494459305
9928,226,227,LAE|MAE,10.855987015030125
9929,226,227,LAE|MAE,1.573170887455639
9930,226,235,LAE|MAE|SAE,43.909009787355124
9931,226,227,LAE|MAE,13.857894947892111
9932,226,234,LAE|MAE|SAE,18.26289869023022
9933,226,237,LAE|MAE|SAE,41.649268762164226
9934,226,230,LAE|MAE|SAE,1.6099642440309987
9935,226,232,LAE|MAE|SAE,15.691237465851952
9936,226,227,LAE|MAE,1.6158980088331607
9937,226,227,LAE|MAE,27.343739535795716
9938,226,230,LAE|MAE,41.82747113609672
9939,226,235,LAE|MAE,34.09416781391537
9940,226,246,LAE|MAE|SAE,14.757636618024474
9941,226,246,LAE|MAE|SAE,13.84305784048546
9942,226,229,LAE|MAE|SAE,16.34956620963418
9943,226,229,LAE|MAE,19.396487055293605
9944,226,227,LAE|MAE,1.5057349076855389
9945,226,246,LAE|MAE|SAE,21.115730636203793
9946,226,227,LAE|MAE,1.0130040809246812
9947,226,227,LAE|MAE,7.892150199383984
9948,226,227,LAE|MAE,16.041569528908145
9949,226,227,LAE|MAE,1.563008418021319
9950,226,232,LAE|MAE|SAE,21.46606547826124
9951,226,229,LAE|MAE|SAE,1.7644743812215866
9952,226,246,LAE|MAE|SAE,35.28642371431641
9953,226,227,LAE|MAE,1.8386531389825667
9954,224,228,SAE,39.72816062993665
9955,224,228,SAE,27.66220994902238
9956,224,228,SAE,27.128478459831214
9957,224,228,SAE,54.24697552584414
9958,224,228,SAE,20.346789746062893
9959,224,228,SAE,14.27700170007039
9960,224,228,SAE,53.592215776457884
9961,224,228,SAE,16.797442638708276
9962,224,234,LAE|MAE|SAE,28.383137003425166
9963,224,228,SAE,34.74984696414673
9964,225,228,MAE|SAE,21.520599434492514
9965,225,228,MAE|SAE,22.7988381111368
9966,225,228,MAE|SAE,2.9188263259289013
9967,225,231,MAE|SAE,26.43917949223974
9968,225,228,MAE|SAE,26.020524962343885
9969,225,231,LAE|MAE|SAE,1.8084873788870666
9970,227,228,MAE|SAE,1.1875667573661555
9971,227,245,LAE|MAE|SAE,23.510018184428723
9972,227,228,MAE|SAE,39.06624469256577
9973,227,228,MAE|SAE,20.99469700389967
9974,227,228,MAE|SAE,1.243812189442214
9975,227,228,MAE|SAE,46.02841680851976
9976,227,246,LAE|MAE|SAE,1.4408057289128968
9977,227,228,MAE|SAE,23.157044404610403
9978,227,228,MAE|SAE,39.22342048555759
9979,227,246,LAE|MAE|SAE,23.52161227270477
9980,227,245,LAE|MAE|SAE,1.6808980650324643
9981,227,232,LAE|MAE|SAE,25.752262710748926
9982,227,228,MAE|SAE,18.906794620478696
9983,227,233,LAE|MAE|SAE,1.4465868373126614
9984,227,228,MAE|SAE,1.2177486204819785
9985,227,228,MAE|SAE,1.7506157892182983
9986,227,232,MAE|SAE,27.3922247151937
9987,227,228,MAE|SAE,0.9067568353164132
9988,227,228,MAE|SAE,19.78529644431515
9989,227,230,LAE|MAE|SAE,1.478519782767051
9990,227,231,LAE|MAE|SAE,1.6077832569753745
9991,227,228,MAE|SAE,16.57080399773749
9992,227,244,LAE|MAE|SAE,2.4194593432198372
9993,227,228,MAE|SAE,47.26298664570641
9994,225,229,MAE,13.92126195010618
9995,225,232,MAE|SAE,24.111186447678314
9996,225,229,MAE,11.54176761854228
9997,225,242,LAE|MAE|SAE,32.196006732751734
9998,226,229,LAE|MAE,11.107682319144379
9999,226,232,LAE|MAE|SAE,25.03119198154614
10000,226,230,LAE|MAE,24.411815503963517
10001,226,233,LAE|MAE,16.592083365429747
10002,227,245,LAE|MAE|SAE,24.52221668528138
10003,227,246,LAE|MAE|SAE,1.8151645131189622
10004,227,231,MAE,1.4333156447102628
10005,227,229,MAE,1.107339020172193
10006,227,229,MAE,0.8691038670139434
10007,227,246,LAE|MAE|SAE,19.736084908075085
10008,227,229,MAE,1.4672409467081164
10009,227,229,MAE,40.96956632238523
10010,228,230,LAE|MAE|SAE,0.8718907823843584
10011,228,230,LAE|MAE|SAE,0.8463265092956839
10012,228,229,MAE|SAE,15.24912199887402
10013,228,245,LAE|MAE|SAE,24.456279627009074
10014,228,245,LAE|MAE|SAE,22.400752316426267
10015,228,229,MAE|SAE,27.546283793674018
10016,228,230,LAE|MAE|SAE,0.833111540276669
10017,228,246,LAE|MAE|SAE,3.9867923054615737
10018,228,229,MAE|SAE,47.04019982254078
10019,228,235,MAE|SAE,1.5322871742154083
10020,228,230,LAE|MAE|SAE,1.3915249040647335
10021,228,246,LAE|MAE|SAE,1.3656759212803768
10022,228,244,LAE|MAE|SAE,6.093207102622134
10023,228,241,LAE|MAE|SAE,25.950509026589664
10024,228,229,MAE|SAE,28.311523878913405
10025,228,236,LAE|MAE|SAE,1.0376807150844634
10026,228,236,LAE|MAE|SAE,20.892525343618523
10027,228,246,LAE|MAE|SAE,19.097756216883205
10028,228,229,MAE|SAE,0.9417504338469073
10029,228,233,LAE|MAE|SAE,28.895432485898656
10030,228,232,LAE|MAE|SAE,25.78818237114848
10031,228,229,MAE|SAE,33.52510448646121
10032,228,229,MAE|SAE,15.747890317592157
10033,228,230,LAE|MAE|SAE,56.630700122133696
10034,228,229,MAE|SAE,15.533652390045855
10035,226,246,LAE|MAE|SAE,18.769088549051464
10036,226,238,LAE,16.544920309639572
10037,226,230,LAE,30.36349521782378
10038,226,246,LAE|MAE,28.65134772681018
10039,227,233,LAE|MAE,1.5843073868838913
10040,227,233,LAE|MAE,1.325371068342324
10041,227,230,LAE|MAE,31.487157141997578
10042,227,230,LAE|MAE,35.31687912105348
10043,227,234,LAE|MAE,1.1250445465549477
10044,227,242,LAE|MAE,1.7208693977033147
10045,227,246,LAE|MAE|SAE,1.6753082353796866
10046,227,230,LAE|MAE,41.86061272423783
10047,229,230,LAE|MAE,0.9202789889068875
10048,229,232,LAE|MAE|SAE,16.047895480859736
10049,229,245,LAE|MAE|SAE,29.449839350431045
10050,229,230,LAE|MAE,1.4273896640536803
10051,229,230,LAE|MAE,0.7299201233040641
10052,229,245,LAE|MAE|SAE,24.225483609279713
10053,229,233,LAE|MAE,15.573415912206686
10054,229,242,LAE|MAE,20.934873093989864
10055,229,238,LAE|MAE,39.992663798878354
10056,229,246,LAE|MAE|SAE,1.676643332943533
10057,229,230,LAE|MAE,2.65191218467118
10058,229,232,LAE|MAE|SAE,27.397462317809662
10059,229,230,LAE|MAE,21.510713867542655
10060,229,234,LAE|MAE,6.100325287480888
10061,229,230,LAE|MAE,5.500962201493337
10062,229,231,LAE|MAE,37.308799834882706
10063,229,246,LAE|MAE|SAE,1.9409341290462168
10064,229,236,LAE|MAE|SAE,22.927866608237686
10065,229,232,LAE|MAE|SAE,1.0169519895799821
10066,229,245,LAE|MAE|SAE,43.07465344065661
10067,229,231,LAE|MAE,0.8163433449327236
10068,229,246,LAE|MAE,25.928744524251503
10069,229,246,LAE|MAE|SAE,17.532237360207244
10070,229,232,LAE|MAE|SAE,1.3987982986879788
10071,229,239,LAE|MAE|SAE,5.514310981824827
10072,228,239,MAE|SAE,1.3212117255609286
10073,228,243,MAE|SAE,1.2345034891037543
10074,228,235,MAE|SAE,13.57232602233843
10075,228,246,LAE|MAE|SAE,30.560510616751646
10076,228,244,LAE|MAE|SAE,26.876705929963105
10077,229,231,MAE,23.392071273825348
10078,229,232,MAE|SAE,15.709147436143413
10079,229,232,MAE|SAE,27.640332964747635
10080,229,232,MAE|SAE,1.020318302251702
10081,229,233,MAE|SAE,27.50111610289691
10082,229,234,LAE|MAE|SAE,18.20514743128296
10083,229,234,LAE|MAE|SAE,1.612564004575718
10084,229,237,MAE|SAE,47.31197465827706
10085,229,231,MAE,18.529688793505553
10086,229,231,MAE,40.712233973094506
10087,229,233,MAE,1.8243274379610024
10088,229,231,MAE,21.38625595316849
10089,229,234,LAE|MAE,1.3483207568834705
10090,229,246,LAE|MAE|SAE,17.817939095152365
10091,229,231,MAE,20.631165829327283
10092,229,231,MAE,18.87901606546244
10093,229,231,MAE,51.365940077020525
10094,229,246,LAE|MAE|SAE,26.72365445974815
10095,229,235,MAE,1.1163132234670428
10096,229,232,MAE|SAE,40.33928590393442
10097,229,233,MAE,20.211367710806968
10098,230,244,LAE|MAE|SAE,59.69623576055595
10099,230,233,LAE|MAE,0.8771514995450423
10100,230,234,LAE|MAE,1.0515662521536728
10101,230,231,LAE|MAE,0.7577086027655204
10102,230,245,LAE|MAE|SAE,29.340733864658453
10103,230,231,LAE|MAE,0.9385322528520219
10104,230,233,LAE|MAE|SAE,0.7919664345526383
10105,230,235,LAE|MAE,13.547469577105467
10106,230,246,LAE|MAE|SAE,0.9845579977370038
10107,230,234,LAE|MAE|SAE,0.8899296961180405
10108,230,234,LAE|MAE|SAE,20.398684360267566
10109,230,246,LAE|MAE,20.774272380359477
10110,230,231,LAE|MAE,2.8765566608637054
10111,230,231,LAE|MAE,20.40437941790878
10112,230,246,LAE|MAE,38.553637033406616
10113,230,239,LAE|MAE,39.67969804411612
10114,230,232,LAE|MAE|SAE,1.2010376955187219
10115,230,231,LAE|MAE,0.9213227428067363
10116,230,231,LAE|MAE,41.109333426970686
10117,230,231,LAE|MAE,57.74681846347542
10118,230,236,LAE|MAE|SAE,0.7199170680428331
10119,230,233,LAE|MAE,32.03560161117721
10120,230,237,LAE|MAE|SAE,21.68218098903165
10121,230,243,LAE|MAE|SAE,31.83485142928056
10122,230,231,LAE|MAE,0.9051896936193035
10123,230,246,LAE|MAE|SAE,37.74213604194674
10124,230,233,LAE|MAE,12.346259913838328
10125,230,231,LAE|MAE,1.403943483431558
10126,230,233,LAE|MAE|SAE,19.223294838406247
10127,230,231,LAE|MAE,13.388493390636306
10128,230,245,LAE|MAE|SAE,22.80131113094762
10129,230,246,LAE|MAE|SAE,0.9336578464837071
10130,230,235,LAE|MAE|SAE,24.518298501629783
10131,230,232,LAE|MAE|SAE,17.56567633333782
10132,230,241,LAE|MAE|SAE,16.248707519515836
10133,230,238,LAE|MAE|SAE,38.30246302786869
10134,230,246,LAE|MAE|SAE,27.805499559420277
10135,230,237,LAE|MAE|SAE,0.7211439790451337
10136,230,234,LAE|MAE,40.312387369790734
10137,230,231,LAE|MAE,0.9851889262739097
10138,230,238,LAE|MAE,41.58038949481025
10139,230,231,LAE|MAE,1.0738611046206983
10140,228,235,MAE|SAE,17.811656100184194
10141,228,232,SAE,20.351631446150826
10142,228,233,MAE|SAE,44.03073484820819
10143,228,232,SAE,19.12607379808776
10144,228,232,SAE,25.94299130081579
10145,229,235,MAE|SAE,14.443015861417612
10146,229,232,MAE|SAE,25.646519090875017
10147,229,246,LAE|MAE|SAE,44.05781344888252
10148,229,232,MAE|SAE,22.044057838268905
10149,229,232,MAE|SAE,28.915523537989703
10150,229,233,MAE|SAE,18.646131180960666
10151,231,233,MAE|SAE,1.1446604357847023
10152,231,246,LAE|MAE|SAE,15.774210433652325
10153,231,232,MAE|SAE,20.841053073363767
10154,231,244,MAE|SAE,33.35466914931908
10155,231,246,LAE|MAE|SAE,0.8861081169279271
10156,231,246,LAE|MAE|SAE,0.8496456615143803
10157,231,232,MAE|SAE,0.6624232020206903
10158,231,246,LAE|MAE|SAE,1.6045039724654093
10159,231,246,LAE|MAE|SAE,0.8185814912154402
10160,231,246,LAE|MAE|SAE,0.8897550091244675
10161,231,243,MAE|SAE,1.5712346329316904
10162,231,237,LAE|MAE|SAE,1.2238389701547336
10163,231,246,LAE|MAE|SAE,0.7941488082598414
10164,231,234,LAE|MAE|SAE,34.23358789646803
10165,231,246,LAE|MAE|SAE,0.8829387015021588
10166,231,232,MAE|SAE,0.7554670690670033
10167,231,246,LAE|MAE|SAE,17.34983439051083
10168,231,246,LAE|MAE|SAE,17.515716306007604
10169,231,245,LAE|MAE|SAE,1.029930612370861
10170,231,245,MAE|SAE,32.320803769500586
10171,231,233,MAE|SAE,1.1913992150394288
10172,231,233,MAE|SAE,10.335749900252278
10173,231,246,LAE|MAE|SAE,19.442705384744972
10174,231,235,MAE|SAE,18.57800941298747
10175,231,234,LAE|MAE|SAE,0.7492930766372977
10176,231,237,LAE|MAE|SAE,13.841537828629237
10177,231,232,MAE|SAE,17.549713287657518
10178,231,232,MAE|SAE,0.8064710717838602
10179,231,246,LAE|MAE|SAE,23.468839871402054
10180,231,235,MAE|SAE,58.80147605790957
10181,231,232,MAE|SAE,0.9985257897998296
10182,229,233,MAE,29.512548694566764
10183,229,246,LAE|MAE|SAE,29.064267638754156
10184,230,233,LAE|MAE,1.105994875420389
10185,230,233,LAE|MAE,0.8268017153330492
10186,230,238,LAE|MAE,39.905470025013585
10187,230,245,LAE|MAE,0.990513917227004
10188,230,233,LAE|MAE,19.45523903448908
10189,230,241,LAE|MAE|SAE,0.8727830593164984
10190,230,233,LAE|MAE,34.14074859240573
10191,230,246,LAE|MAE,0.9405130405082728
10192,230,233,LAE|MAE,0.6865399074852628
10193,230,241,LAE|MAE,40.31905054346063
10194,230,235,LAE|MAE,46.09875835464039
10195,230,246,LAE|MAE,5.668143909577191
10196,230,246,LAE|MAE|SAE,1.3475166584426566
10197,231,244,LAE|MAE|SAE,0.8437844418788536
10198,231,246,LAE|MAE,0.8553695026096011
10199,231,233,MAE,44.23687471392238
10200,231,246,LAE|MAE|SAE,0.7601314666604185
10201,231,234,LAE|MAE,1.7968424633215654
10202,231,234,LAE|MAE,0.8865470906615096
10203,231,235,LAE|MAE,3.1538075563697276
10204,231,236,MAE|SAE,1.6378461821022183
10205,231,236,LAE|MAE|SAE,0.9413660117829628
10206,231,233,MAE,16.134093174834348
10207,231,235,MAE,0.7691599635293747
10208,231,246,LAE|MAE|SAE,1.4924133426090362
10209,231,233,MAE,22.67070315006096
10210,232,246,LAE|MAE|SAE,16.240947539391
10211,232,233,MAE|SAE,1.085467496994822
10212,232,246,LAE|MAE|SAE,0.9990521298505659
10213,232,246,LAE|MAE|SAE,0.9398705322908164
10214,232,233,MAE|SAE,18.42396142061015
10215,232,245,LAE|MAE|SAE,0.9534764663288064
10216,232,245,LAE|MAE|SAE,23.343753154666032
10217,232,233,MAE|SAE,18.384935215136114
10218,232,233,MAE|SAE,0.7972623161723188
10219,232,246,LAE|MAE|SAE,0.9549092640506845
10220,232,246,LAE|MAE|SAE,12.333206788149301
10221,232,234,LAE|MAE|SAE,34.34563240459816
10222,232,245,LAE|MAE|SAE,0.7644907736509335
10223,232,246,LAE|MAE|SAE,13.329260415389282
10224,232,246,LAE|MAE|SAE,1.5103915572872952
10225,232,233,MAE|SAE,23.13174038986954
10226,232,234,LAE|MAE|SAE,12.131282743452854
10227,232,246,LAE|MAE|SAE,0.9313943278131039
10228,232,239,LAE|MAE|SAE,0.9125605367584256
10229,232,246,LAE|MAE|SAE,0.7833940790530375
10230,232,236,MAE|SAE,32.03506233768918
10231,230,234,LAE,1.1317383463003137
10232,230,234,LAE,5.8448930302407796
10233,230,237,LAE|MAE,15.611555481067162
10234,230,246,LAE|MAE,40.966835580762805
10235,230,246,LAE|MAE|SAE,13.390053095079821
10236,230,238,LAE,0.8783462501694508
10237,230,234,LAE,0.8941082961071081
10238,231,234,LAE|MAE,0.7751380835775498
10239,231,246,LAE|MAE|SAE,1.0042602918048407
10240,231,246,LAE|MAE|SAE,1.4446296563853689
10241,231,246,LAE|MAE|SAE,21.48289634974754
10242,233,235,LAE|MAE,36.80392140217208
10243,233,235,LAE|MAE,29.839573496197712
10244,233,246,LAE|MAE|SAE,55.13325259947744
10245,233,234,LAE|MAE,0.5495182983172836
10246,233,246,LAE|MAE|SAE,17.724779813600975
10247,233,246,LAE|MAE,0.7097444767172731
10248,233,238,LAE|MAE|SAE,51.06053208225642
10249,233,234,LAE|MAE,10.916456006565587
10250,233,234,LAE|MAE,0.7358999931891088
10251,233,246,LAE|MAE|SAE,12.798767215951546
10252,233,234,LAE|MAE,24.800885695884322
10253,233,246,LAE|MAE|SAE,14.245716537166707
10254,233,234,LAE|MAE,19.87379387515939
10255,233,234,LAE|MAE,16.012666239764375
10256,233,245,LAE|MAE|SAE,31.129799924752543
10257,233,237,LAE|MAE|SAE,0.863741521056523
10258,233,234,LAE|MAE,32.998491890353854
10259,233,234,LAE|MAE,47.64836218320253
10260,233,244,LAE|MAE|SAE,1.5701586831357919
10261,233,235,LAE|MAE,0.9208185429823288
10262,233,246,LAE|MAE|SAE,14.602517260132483
10263,233,242,LAE|MAE,37.15082681850977
10264,233,246,LAE|MAE,15.116327180971014
10265,233,246,LAE|MAE|SAE,15.084434541529271
10266,233,234,LAE|MAE,0.9100904432371905
10267,233,234,LAE|MAE,0.6030168661562485
10268,233,234,LAE|MAE,0.7327643506350263
10269,231,235,MAE,1.0595900752931222
10270,231,237,MAE,0.8105197501894356
10271,231,238,LAE|MAE,40.26033956091332
10272,231,245,LAE|MAE,31.60738910838928
10273,231,235,MAE,1.010084233335306
10274,232,246,LAE|MAE|SAE,0.7798668370723292
10275,232,238,LAE|MAE|SAE,1.1110253656503015
10276,232,243,MAE|SAE,0.7933535392855695
10277,232,244,MAE|SAE,21.034563899101563
10278,232,244,MAE|SAE,22.65189749914686
10279,232,243,MAE|SAE,1.2294874346250912
10280,232,245,LAE|MAE|SAE,0.7344615625826498
10281,232,244,MAE|SAE,0.8280997536713135
10282,232,246,LAE|MAE|SAE,36.705288034059464
10283,232,246,LAE|MAE|SAE,1.1628746734751472
10284,232,238,LAE|MAE|SAE,0.7516194487732109
10285,232,244,MAE|SAE,0.827997154119172
10286,232,235,MAE|SAE,47.376652415449556
10287,232,236,MAE|SAE,34.55306580870262
10288,232,236,MAE|SAE,0.7683977595790794
10289,232,242,LAE|MAE|SAE,20.043950819587074
10290,232,244,MAE|SAE,0.8591960941259856
10291,233,235,MAE,56.57036370758804
10292,233,245,MAE|SAE,0.7606316841301355
10293,233,235,MAE,1.0039572683974713
10294,233,246,LAE|MAE|SAE,1.0082294786565018
10295,233,246,LAE|MAE|SAE,26.109989888606442
10296,233,246,LAE|MAE|SAE,0.7447154303648269
10297,233,245,LAE|MAE|SAE,0.7304235573856538
10298,234,236,LAE|MAE|SAE,0.7939668252957169
10299,234,246,LAE|MAE|SAE,23.177075845886314
10300,234,246,LAE|MAE|SAE,14.662342300082974
10301,234,243,LAE|MAE|SAE,0.8193015324470118
10302,234,238,LAE|MAE|SAE,16.917364698055007
10303,234,237,LAE|MAE,0.8005577124535834
10304,234,245,LAE|MAE|SAE,21.698064576188806
10305,234,236,LAE|MAE|SAE,17.946577481024455
10306,234,246,LAE|MAE|SAE,25.54399376736845
10307,234,236,LAE|MAE|SAE,0.501963861666247
10308,234,245,LAE|MAE|SAE,13.909724569407404
10309,234,244,LAE|MAE|SAE,14.898411939042917
10310,234,242,LAE|MAE,22.345932853054663
10311,234,237,LAE|MAE,0.7215838205008522
10312,234,242,LAE|MAE|SAE,1.7249965124883817
10313,234,246,LAE|MAE|SAE,1.5711384172449747
10314,234,235,LAE|MAE,0.6388003798831787
10315,234,241,LAE|MAE|SAE,16.742978305734603
10316,234,239,LAE|MAE,0.7459608163291171
10317,234,246,LAE|MAE|SAE,15.752078698420572
10318,234,246,LAE|MAE|SAE,22.039664906661603
10319,234,235,LAE|MAE,0.6557957001519343
10320,232,236,SAE,1.233678432326489
10321,232,243,MAE|SAE,1.5280784281995323
10322,232,236,SAE,0.7263138497577925
10323,232,236,SAE,0.9087238465414049
10324,232,236,SAE,0.7941463290896521
10325,232,239,MAE|SAE,1.1517439139577639
10326,232,246,LAE|MAE|SAE,1.706484416199403
10327,232,236,SAE,0.77799935942637
10328,232,246,LAE|MAE|SAE,23.092915108683854
10329,232,236,SAE,40.580397386225606
10330,232,237,MAE|SAE,39.44513994552312
10331,232,236,SAE,22.172902585247357
10332,232,236,SAE,31.047595813563035
10333,233,246,LAE|MAE|SAE,14.119608663932043
10334,233,236,MAE|SAE,57.64876698419943
10335,233,237,MAE|SAE,0.8486073180600014
10336,233,236,MAE|SAE,0.7913012391759349
10337,233,236,MAE|SAE,0.6743808647036438
10338,235,238,LAE|MAE|SAE,0.6714254305887248
10339,235,240,LAE|MAE|SAE,0.9383719233127225
10340,235,238,LAE|MAE|SAE,43.63176847156208
10341,235,236,MAE|SAE,0.9630695030225676
10342,235,239,LAE|MAE|SAE,1.0079177483271584
10343,235,244,LAE|MAE|SAE,1.3172479167643287
10344,235,246,LAE|MAE|SAE,0.8872380871125354
10345,235,245,LAE|MAE|SAE,1.2003796920072967
10346,235,238,LAE|MAE|SAE,5.454381795679284
10347,235,236,MAE|SAE,0.6200889381396456
10348,235,236,MAE|SAE,0.6107457413062243
10349,235,246,LAE|MAE|SAE,0.9045782850872307
10350,235,246,LAE|MAE|SAE,16.920770438842226
10351,235,238,LAE|MAE|SAE,0.6428691697340309
10352,235,236,MAE|SAE,0.6447684854686245
10353,235,240,MAE|SAE,14.378099187746967
10354,235,245,LAE|MAE|SAE,39.7027874822462
10355,235,246,LAE|MAE|SAE,0.7772920991248475
10356,235,236,MAE|SAE,26.029049387074654
10357,235,241,LAE|MAE|SAE,17.38594214138162
10358,235,244,MAE|SAE,12.070904079675369
10359,235,246,LAE|MAE|SAE,16.868293397535222
10360,235,246,LAE|MAE|SAE,0.887860026983111
10361,233,243,LAE|MAE|SAE,1.7458094965058268
10362,233,246,LAE|MAE,46.414292847930554
10363,233,239,LAE|MAE,34.21988228284228
10364,234,246,LAE|MAE|SAE,0.6646888898040122
10365,234,246,LAE|MAE|SAE,0.6878221040678073
10366,234,242,LAE|MAE,0.7604983593811765
10367,234,246,LAE|MAE,55.703667425523804
10368,234,237,LAE|MAE,1.1963159132436427
10369,234,237,LAE|MAE,1.5001247059406826
10370,234,237,LAE|MAE,0.8396626394922795
10371,234,246,LAE|MAE,0.8614263568633054
10372,234,237,LAE|MAE,18.915463147291838
10373,234,238,LAE|MAE,18.56395412148072
10374,234,246,LAE|MAE,1.1917087834685733
10375,234,246,LAE|MAE|SAE,0.7185300161540505
10376,234,237,LAE|MAE,0.7133708381327233
10377,234,237,LAE|MAE,0.722267931572308
10378,234,242,LAE|MAE,32.81561631673524
10379,234,246,LAE|MAE|SAE,35.15407878423232
10380,234,245,LAE|MAE|SAE,1.0672324155175155
10381,234,238,LAE|MAE,40.076868674023
10382,235,246,LAE|MAE|SAE,24.49464493962001
10383,235,246,LAE|MAE|SAE,1.1818136354407067
10384,235,246,LAE|MAE,34.90873213828501
10385,235,244,MAE|SAE,0.720131306605808
10386,235,246,LAE|MAE|SAE,1.8996342323725088
10387,235,244,LAE|MAE|SAE,1.1635694044391864
10388,235,246,LAE|MAE,22.483612785479174
10389,235,239,LAE|MAE,5.913955304227147
10390,235,237,MAE,0.6849615068072382
10391,235,243,MAE|SAE,18.620978393815065
10392,235,246,LAE|MAE,41.424173859841915
10393,235,246,LAE|MAE,0.7197968239515864
10394,235,246,LAE|MAE|SAE,1.2634074677041602
10395,235,246,LAE|MAE|SAE,0.6605167598410853
10396,235,245,LAE|MAE|SAE,28.77139134949478
10397,236,246,LAE|MAE|SAE,0.6459328103442195
10398,236,246,LAE|MAE|SAE,0.9645474349118842
10399,236,245,MAE|SAE,44.02261755331504
10400,236,245,LAE|MAE|SAE,0.6712165628017213
10401,236,246,LAE|MAE|SAE,42.03484862681618
10402,236,245,LAE|MAE|SAE,0.6964367000966903
10403,236,237,MAE|SAE,2.372986366122943
10404,236,237,MAE|SAE,15.220451159554667
10405,236,239,MAE|SAE,22.986444264070816
10406,236,245,LAE|MAE|SAE,0.802782856430341
10407,234,239,LAE|MAE,0.6748024225343701
10408,234,238,LAE,2.870226114342257
10409,234,244,LAE|MAE|SAE,32.254401990762794
10410,234,243,LAE|MAE,20.203802223280253
10411,234,245,LAE|MAE,0.7122008965484976
10412,235,242,LAE|MAE|SAE,20.158367763104433
10413,235,243,LAE|MAE|SAE,0.7743192803949801
10414,235,241,LAE|MAE,0.9658219784249028
10415,235,246,LAE|MAE,1.4282747483949272
10416,237,246,LAE|MAE|SAE,0.7528122284986496
10417,237,240,LAE|MAE|SAE,0.6568941104222107
10418,237,238,LAE|MAE,1.0988942468839893
10419,237,238,LAE|MAE,0.8330093605710001
10420,237,238,LAE|MAE,54.762787257229604
10421,237,244,LAE|MAE|SAE,30.631781944331223
10422,237,244,LAE|MAE|SAE,0.6533229687043182
10423,237,246,LAE|MAE|SAE,1.2439754495657214
10424,237,241,LAE|MAE,28.114773575237358
10425,237,238,LAE|MAE,0.6466397723598742
10426,237,245,LAE|MAE|SAE,28.071606814353103
10427,237,246,LAE|MAE|SAE,23.96852804838195
10428,237,244,LAE|MAE|SAE,21.102425263152156
10429,237,246,LAE|MAE|SAE,0.7583237016804802
10430,237,246,LAE|MAE|SAE,17.171115927328703
10431,237,238,LAE|MAE,1.9102562289566745
10432,237,245,LAE|MAE|SAE,1.3031819712695982
10433,237,245,LAE|MAE|SAE,0.6933114332912407
10434,237,246,LAE|MAE,12.543483393978446
10435,237,238,LAE|MAE,0.8365404790576537
10436,237,246,LAE|MAE|SAE,18.036697880707088
10437,237,243,LAE|MAE|SAE,30.26895464195087
10438,235,240,MAE|SAE,15.847558852928717
10439,235,242,LAE|MAE,13.408492548470814
10440,236,244,MAE|SAE,16.821734174368846
10441,236,244,MAE|SAE,18.30380800724406
10442,236,239,MAE|SAE,0.6888854176596158
10443,236,239,MAE|SAE,0.6598067678696703
10444,236,246,LAE|MAE|SAE,1.6303959660518188
10445,236,239,MAE|SAE,25.84709917370911
10446,236,243,MAE|SAE,22.358530173735133
10447,236,244,MAE|SAE,0.8586349623371419
10448,236,239,MAE|SAE,0.7831145228442945
10449,237,244,LAE|MAE|SAE,0.7355875062213265
10450,237,239,MAE,0.7357567548562755
10451,237,246,LAE|MAE|SAE,20.623290087993407
10452,237,246,LAE|MAE,0.7332735120677453
10453,237,246,LAE|MAE,17.65484831169342
10454,237,239,MAE,1.6265561253639649
10455,237,245,LAE|MAE,0.6519669364932167
10456,237,246,LAE|MAE,1.06634073001164
10457,237,242,LAE|MAE,1.0581178511543243
10458,237,242,LAE|MAE,0.7791904723631125
10459,237,245,MAE|SAE,1.505055120985259
10460,238,246,LAE|MAE|SAE,27.54938402541291
10461,238,246,LAE|MAE|SAE,0.8138740777851681
10462,238,246,LAE|MAE|SAE,0.959226234703439
10463,238,241,LAE|MAE,0.6482493644052757
10464,238,244,LAE|MAE|SAE,0.9721831380876724
10465,238,245,LAE|MAE,39.80784699615932
10466,238,246,LAE|MAE|SAE,0.5902335375447666
10467,238,246,LAE|MAE,0.8773538739410531
10468,238,243,LAE|MAE,31.78991922953811
10469,238,239,LAE|MAE,0.8231979371754714
10470,238,240,LAE|MAE|SAE,0.6976302778867197
10471,238,246,LAE|MAE,29.866909185773103
10472,238,246,LAE|MAE|SAE,32.353086491421884
10473,238,244,LAE|MAE|SAE,0.8443158314562578
10474,238,239,LAE|MAE,30.188917725720483
10475,236,240,SAE,0.8129094877637894
10476,236,244,MAE|SAE,0.7672919887670394
10477,236,243,MAE|SAE,35.06047889279408
10478,236,244,MAE|SAE,0.9854719584529179
10479,236,240,SAE,0.6651869535236318
10480,236,240,SAE,10.578833881309018
10481,236,240,SAE,0.8179897952814239
10482,236,244,SAE,6.304801226812203
10483,236,245,MAE|SAE,1.189516307362206
10484,237,240,MAE|SAE,0.6285734487482297
10485,239,246,LAE|MAE|SAE,21.000866671957958
10486,239,244,LAE|MAE|SAE,0.9639950148759988
10487,239,244,MAE|SAE,31.827119425012746
10488,239,240,MAE|SAE,0.7611662276156246
10489,239,245,MAE|SAE,14.353142813817966
10490,239,243,LAE|MAE|SAE,11.772925425258482
10491,239,244,MAE|SAE,1.0152966627661955
10492,239,244,LAE|MAE|SAE,20.81950494243222
10493,239,246,LAE|MAE|SAE,16.469254936227554
10494,239,244,MAE|SAE,13.71510490173873
10495,239,244,MAE|SAE,27.957357881997766
10496,239,243,LAE|MAE|SAE,12.97175354105267
10497,239,240,MAE|SAE,0.6754438594175418
10498,239,240,MAE|SAE,38.472356817673294
10499,237,246,LAE|MAE,25.998216526676096
10500,237,245,MAE,0.6996454532696148
10501,237,241,MAE,0.6884235743467045
10502,238,246,LAE|MAE|SAE,37.99139999713052
10503,238,245,LAE|MAE,0.9652810895298121
10504,238,246,LAE|MAE,29.556085389458065
10505,238,246,LAE|MAE,16.979396509563493
10506,238,241,LAE|MAE,0.7348426739571191
10507,238,242,LAE|MAE,1.605873873849117
10508,238,244,LAE|MAE|SAE,1.5656642897358037
10509,238,244,LAE|MAE|SAE,1.4005231837246663
10510,238,241,LAE|MAE,0.9473625945911807
10511,239,246,LAE|MAE,31.389242012199734
10512,239,244,MAE|SAE,5.629011836636303
10513,239,246,LAE|MAE|SAE,34.00451556138085
10514,239,245,MAE|SAE,20.13720681552787
10515,239,241,MAE,13.915026747102813
10516,239,244,LAE|MAE|SAE,9.10139865036419
10517,240,242,LAE|MAE|SAE,0.7062786556141678
10518,240,245,LAE|MAE|SAE,0.8411701112622675
10519,240,241,MAE|SAE,47.03973670718981
10520,240,246,LAE|MAE|SAE,21.056988594993854
10521,240,245,LAE|MAE|SAE,0.7791029048766721
10522,240,242,LAE|MAE|SAE,30.90079469010957
10523,240,245,MAE|SAE,0.5687791954079853
10524,240,241,MAE|SAE,1.5852788375234783
10525,240,244,MAE|SAE,14.697798432682163
10526,238,245,LAE|MAE,0.9594739228131931
10527,238,243,LAE|MAE,0.6733772318876134
10528,238,242,LAE,51.10557746661865
10529,238,242,LAE,2.2820337323443307
10530,238,242,LAE,10.645069425126644
10531,238,242,LAE,34.99245640333158
10532,238,245,LAE|MAE,16.7043937494395
10533,238,242,LAE,22.421656139947647
10534,238,246,LAE,28.960862718687423
10535,238,242,LAE,19.769063939002024
10536,238,242,LAE,11.279005758662658
10537,238,242,LAE,0.7887957812155335
10538,238,242,LAE,0.9021037877565032
10539,239,242,LAE|MAE,0.6306027622160455
10540,239,245,LAE|MAE,28.81685234889903
10541,239,246,LAE|MAE,0.5813661014964903
10542,239,246,LAE|MAE,19.510754469894273
10543,241,242,LAE|MAE,3.516306115121854
10544,239,243,MAE,0.7329730505010702
10545,239,245,MAE,0.9492073845602316
10546,239,243,MAE,0.8689252466479442
10547,239,243,MAE,12.940060861751629
10548,239,245,MAE|SAE,32.843012419370034
10549,240,243,MAE|SAE,14.649210213086
10550,240,243,MAE|SAE,0.6577010131137262
10551,240,244,MAE|SAE,1.3595689585892328
10552,240,243,MAE|SAE,26.504853985699565
10553,240,243,MAE|SAE,31.549266195951652
10554,240,244,MAE|SAE,17.349400226963137
10555,240,243,MAE|SAE,0.8176744028931473
10556,240,243,MAE|SAE,0.9453918749789149
10557,240,243,MAE|SAE,0.8744039705108436
10558,240,243,MAE|SAE,0.6347028246463551
10559,240,246,LAE|MAE|SAE,13.672798613077912
10560,240,244,MAE|SAE,56.087641938274764
10561,240,243,MAE|SAE,1.343345587986788
10562,240,243,MAE|SAE,41.712845820754765
10563,241,245,MAE,0.7499995200155299
10564,241,243,MAE,16.297028502972992
10565,241,245,MAE,10.434408786394284
10566,241,243,MAE,0.64066397678402
10567,241,243,MAE,14.579736849529143
10568,241,243,MAE,0.9932824130647308
10569,242,246,LAE|MAE,24.86527969907687
10570,242,246,LAE|MAE|SAE,0.8081916545837682
10571,242,245,LAE|MAE,0.8508162591036738
10572,242,243,LAE|MAE,0.7870545120614509
10573,242,243,LAE|MAE,26.735383450542592
10574,242,246,LAE|MAE|SAE,2.4058303171252216
10575,242,244,LAE|MAE|SAE,21.68296049647986
10576,242,243,LAE|MAE,31.853229858925012
10577,242,243,LAE|MAE,0.6218227538313903
10578,242,243,LAE|MAE,18.740766394171978
10579,240,244,SAE,0.8129568329031099
10580,240,244,SAE,0.7166617423226372
10581,240,245,MAE|SAE,0.6862897936890874
10582,240,244,SAE,33.98382780077186
10583,240,244,SAE,1.0581677920255155
10584,240,244,SAE,5.47048731713347
10585,240,244,SAE,19.96377422786496
10586,240,244,SAE,0.5999555266992512
10587,240,244,SAE,20.20190077121757
10588,240,244,SAE,0.6959866806126168
10589,240,244,SAE,47.02914594921717
10590,240,244,SAE,31.20548478211019
10591,241,244,MAE|SAE,0.7843298403724266
10592,241,246,LAE|MAE|SAE,0.6518224541497095
10593,241,244,MAE|SAE,0.5687273903023147
10594,241,244,MAE|SAE,45.98165740082697
10595,241,244,MAE|SAE,25.02318556242653
10596,243,244,MAE|SAE,46.04496912030236
10597,243,246,LAE|MAE|SAE,1.0866905038417298
10598,243,244,MAE|SAE,0.6395267536172716
10599,243,244,MAE|SAE,0.8080517942231173
10600,243,244,MAE|SAE,0.9398428698095314
10601,243,244,MAE|SAE,0.6849246799158931
10602,241,245,MAE,1.0122046259634228
10603,241,245,MAE,0.7194667280284398
10604,242,245,LAE|MAE,38.88874757579076
10605,242,245,LAE|MAE,22.79284718316757
10606,242,245,LAE|MAE,24.77363790374986
10607,242,245,LAE|MAE,2.376706308166896
10608,242,245,LAE|MAE,31.066247866100145
10609,242,246,LAE|MAE,0.6334744051025976
10610,242,245,LAE|MAE,24.350979359153456
10611,242,245,LAE|MAE,0.8108249480647756
10612,242,246,LAE|MAE,0.6417695757944953
10613,243,245,MAE,0.6404831588417125
10614,243,245,MAE,1.03775027755071
10615,243,245,MAE,0.9127150022532572
10616,243,246,LAE|MAE,1.2188572108644855
10617,243,245,MAE,20.870612530590105
10618,244,245,MAE|SAE,17.623333756459935
10619,244,245,MAE|SAE,25.921198616107052
10620,244,245,MAE|SAE,10.350530200302645
10621,244,246,LAE|MAE|SAE,41.09021519789073
10622,244,245,MAE|SAE,31.08255437323004
10623,244,245,MAE|SAE,53.29325436306311
10624,244,246,LAE|MAE|SAE,0.9558185186717016
10625,244,246,LAE|MAE|SAE,0.9539910541477509
10626,244,245,MAE|SAE,0.8160638953909476
10627,244,246,LAE|MAE|SAE,0.6049147626188408
10628,244,246,LAE|MAE|SAE,26.395604586595198
10629,244,245,MAE|SAE,17.836080756023975
10630,244,246,LAE|MAE|SAE,5.374586264677935
10631,244,245,MAE|SAE,22.361528547555245
10632,244,245,MAE|SAE,0.9866685471848644
10633,244,245,MAE|SAE,0.7555744253903722
10634,244,246,LAE|MAE|SAE,0.6185190533648319
10635,242,246,LAE,38.23360568860782
10636,242,246,LAE,0.797012136266926
10637,242,246,LAE,5.493862100652657
10638,242,246,LAE,5.396442280242994
10639,242,246,LAE,37.22937170992597
10640,242,246,LAE,34.61188792655808
10641,242,246,LAE,1.0492654998962627
10642,242,246,LAE,23.778377924246854
10643,242,246,LAE,8.868298246931165
10644,242,246,LAE,23.50500247162857
10645,242,246,LAE,1.330364203893118
10646,243,246,LAE|MAE,0.8197225313893906
10647,243,246,LAE|MAE,35.785869540383054
10648,243,246,LAE|MAE,57.32646100424074
10649,243,246,LAE|MAE,1.0216756092783787
10650,243,246,LAE|MAE,0.6691635384187375
10651,243,246,LAE|MAE,35.29149555273673
10652,245,246,LAE|MAE,0.6980035730884994
10653,245,246,LAE|MAE,0.6250491092389536
10654,245,246,LAE|MAE,35.34278945864855
10655,245,246,LAE|MAE,24.992769466607626
10656,245,246,LAE|MAE,20.00892300744682
10657,245,246,LAE|MAE,22.85688084652902
10658,245,246,LAE|MAE,36.19215915291201
10659,245,246,LAE|MAE,37.683446808413784
10660,245,246,LAE|MAE,28.125924217617886
10661,245,246,LAE|MAE,17.008912715170613
10662,245,246,LAE|MAE,18.651265277510774
