landmark_id,first_frame_idx,last_frame_idx,slots_seen,creation_depth_m
0,0,20,LAE,13.314236701267937
1,0,7,LAE,17.815601173982873
2,0,9,LAE,13.90714309067466
3,0,22,LAE,20.645418250239576
4,0,38,LAE,31.52681537641829
5,0,16,LAE,40.463369207985096
6,0,13,LAE,27.879474069824443
7,0,3,LAE,13.539755301228881
8,0,3,LAE,16.68807483583229
9,0,13,LAE,25.37207578678645
10,0,12,LAE,16.43316689472336
11,0,11,LAE,29.958657221643723
12,0,4,LAE,1.0034640348128994
13,0,1,LAE,44.51373678731392
14,0,46,LAE,20.86055346853483
15,0,16,LAE,15.305849324450845
16,0,1,LAE,2.9625758999963177
17,0,3,LAE,0.6715146282160811
18,0,17,LAE,1.5361774013512013
19,0,14,LAE,12.086549024190731
20,0,11,LAE,9.601228832832202
21,0,4,LAE,32.196139490374605
22,0,8,LAE,0.7159075765749753
23,0,14,LAE,24.473850872947313
24,0,6,LAE,14.193443222137445
25,0,5,LAE,10.735362855365935
26,0,25,LAE,22.825061075533558
27,0,17,LAE,18.383965534324133
28,0,12,LAE,21.368562391279326
29,0,4,LAE,0.6692231914040676
30,0,5,LAE,23.32020495707873
31,0,3,LAE,1.5767689165813596
32,0,5,LAE,12.213079050197894
33,0,8,LAE,0.8669546207025467
34,0,5,LAE,13.758878952922723
35,0,1,LAE,12.949964778561768
36,0,7,LAE,0.6718647438124179
37,0,6,LAE,29.556395201144486
38,0,2,LAE,0.5499730362039171
39,0,4,LAE,12.212051885094816
40,0,5,LAE,14.583134945643604
41,0,6,LAE,31.446967540398834
42,0,1,LAE,0.8143452145134762
43,0,8,LAE,1.7953726695324104
44,0,4,LAE,0.9328139175045262
45,0,40,LAE,11.063494606219404
46,0,1,LAE,32.08828078653008
47,0,1,LAE,22.8101948761924
48,0,10,LAE,18.78012197214713
49,0,10,LAE,27.080459810757652
50,0,5,LAE,10.04347960996504
51,0,3,LAE,1.213113058890541
52,0,11,LAE,0.9304304496033078
53,0,19,LAE,21.669905416820004
54,0,2,LAE,0.5375640981040077
55,0,1,LAE,21.088046558289705
56,0,2,LAE,32.17989905709177
57,0,20,LAE,11.773085669523367
58,0,2,LAE,0.8311188839864848
59,0,7,LAE,0.937384195002886
60,0,2,LAE,0.8511222554144929
61,0,2,LAE,12.956843879823975
62,0,13,LAE,17.260658964701214
63,0,28,LAE,12.77322345948901
64,0,8,LAE,0.8653243571408236
65,0,1,LAE,4.468688942275002
66,0,1,LAE,18.572188948736134
67,0,14,LAE,16.460791494221603
68,0,1,LAE,1.4401253044063427
69,0,61,LAE,15.409262536150454
70,0,31,LAE,21.32015707358304
71,0,4,LAE,13.093381641309891
72,0,5,LAE,0.9660323399182028
73,0,6,LAE,29.28388839494658
74,0,13,LAE,1.0664831126263135
75,0,24,LAE,18.129625079853568
76,0,1,LAE,0.5091760071655907
77,0,17,LAE,17.30112744798516
78,0,1,LAE,27.22360183912029
79,0,6,LAE,0.7037100159313524
80,0,37,LAE,20.122882715551786
81,0,9,LAE,14.760176638610648
82,0,8,LAE,2.1593425505396504
83,0,10,LAE,16.32482715032612
84,0,4,LAE,11.335471474628166
85,0,7,LAE,11.735895305370187
86,0,19,LAE,17.928699534235093
87,0,1,LAE,0.9616373206961031
88,0,18,LAE,19.920336759310896
89,0,1,LAE,45.318692863018036
90,0,1,LAE,10.42026898478357
91,0,4,LAE,1.0211256568844294
92,0,4,LAE,25.934448356634753
93,0,1,LAE,15.555245889274449
94,0,1,LAE,53.39174253596411
95,0,6,LAE,1.3752401040821904
96,0,5,LAE,18.142450300553033
97,0,2,LAE,13.689243960914535
98,0,8,LAE,0.9429233172953666
99,0,9,LAE,19.26490367148606
100,0,4,LAE,24.646452724474912
101,0,4,LAE,31.551216521853117
102,0,4,LAE,22.24086015220512
103,0,1,LAE,14.498873997228282
104,0,23,LAE,20.843482057917647
105,0,8,LAE,1.5638647505510126
106,0,1,LAE,14.210914022815778
107,0,2,LAE,17.212877634792086
108,0,1,LAE,17.467960836771844
109,0,1,LAE,1.2621799533516587
110,0,1,LAE,0.5775977734077851
111,0,12,LAE,1.5412943798153906
112,0,1,LAE,1.284940925824056
113,0,21,LAE,18.109263965852396
114,0,3,LAE,0.8492414311604171
115,0,1,LAE,51.12837261686919
116,0,1,LAE,2.863031467818425
117,0,2,LAE,41.441388585189756
118,0,9,LAE,13.065175873145604
119,0,5,LAE,16.43397909663802
120,0,15,LAE,1.3239929598573874
121,0,16,LAE,19.850089020282915
122,0,1,LAE,1.504670675256374
123,0,2,LAE,14.465307220663826
124,0,1,LAE,0.9529965774987382
125,0,5,LAE,0.5730978156272689
126,0,8,LAE,0.8774968109759901
127,0,10,LAE,15.721443252826251
128,0,12,LAE,3.822800053780965
129,0,1,LAE,2.678743379993213
130,0,1,LAE,22.098714846396394
131,0,2,LAE,0.6685286649770279
132,0,1,LAE,9.954515873272808
133,0,6,LAE,0.7322408556692108
134,0,4,LAE,14.773736187817311
135,0,1,LAE,11.92406465389566
136,0,10,LAE,2.6111758021208087
137,0,1,LAE,19.643531446096006
138,0,27,LAE,22.047791249757807
139,0,32,LAE,18.079450397696274
140,0,4,LAE,1.018348191540247
141,0,18,LAE,19.80282559456941
142,0,2,LAE,28.185472981002004
143,0,1,LAE,29.06073285561264
144,0,10,LAE,12.106093925532088
145,0,1,LAE,11.978770559134858
146,0,1,LAE,11.48440587150193
147,0,1,LAE,1.0400441346914782
148,0,16,LAE,14.446761213311637
149,0,7,LAE,1.5117752556390027
150,0,11,LAE,14.716992891224795
151,0,3,LAE,0.5544488335427309
152,0,1,LAE,4.330040043294939
153,0,11,LAE,16.350042912041165
154,0,3,LAE,11.012669709283296
155,0,10,LAE,16.472579972083807
156,0,2,LAE,18.804249548355102
157,0,1,LAE,22.79398401001644
158,0,13,LAE,14.970464889519706
159,0,11,LAE,0.8849764210711555
160,0,5,LAE,15.634855007589033
161,0,7,LAE,0.8813782062112685
162,0,1,LAE,10.696809405660144
163,0,4,LAE,28.04568521182654
164,0,46,LAE,12.635886307068173
165,0,2,LAE,2.222703304335514
166,0,5,LAE,8.64367830411841
167,0,2,LAE,10.546888780346555
168,0,5,LAE,13.025175632535326
169,0,8,LAE,18.825664765854143
170,0,20,LAE,9.841442444917494
171,0,2,LAE,14.401743988304005
172,0,2,LAE,17.16804553642396
173,0,2,LAE,1.1237733817683733
174,0,5,LAE,19.13616693031934
175,0,13,LAE,25.931879194558842
176,0,7,LAE,1.7807290672156137
177,0,2,LAE,0.9795773242912915
178,0,2,LAE,24.35081655414883
179,0,24,LAE,12.459246274958812
180,0,29,LAE,15.84548973096385
181,0,8,LAE,17.077497242648516
182,0,36,LAE,15.968777643009986
183,0,5,LAE,4.010304813997825
184,0,13,LAE,26.550384011587028
185,0,7,LAE,0.640500780130812
186,0,7,LAE,24.511493171949596
187,0,18,LAE,1.4669680414097708
188,0,4,LAE,13.754489653666132
189,0,5,LAE,1.0605091234524657
190,0,17,LAE,2.8256274484376234
191,0,2,LAE,22.17625716663155
192,0,2,LAE,3.349736537728597
193,0,53,LAE,18.979826626945243
194,0,6,LAE,0.8090673024105987
195,0,6,LAE,3.4311877641416095
196,0,17,LAE,13.407622800222185
197,0,7,LAE,13.571780794094487
198,0,11,LAE,25.00394916198246
199,0,4,LAE,10.152118442669423
200,0,16,LAE,1.80995802085218
201,1,7,LAE,1.2392966179217388
202,1,25,LAE,13.944762287109354
203,1,8,LAE,0.82118166252706
204,1,2,LAE,1.069131464156831
205,1,33,LAE,10.592605785527228
206,1,5,LAE,0.5982739692033499
207,1,7,LAE,0.6483308244913044
208,1,21,LAE,47.6910723338895
209,1,19,LAE,11.224014306847204
210,1,2,LAE,14.17289769078495
211,1,71,LAE,14.18339364162889
212,1,11,LAE,1.2180623620663258
213,1,2,LAE,11.58669981441545
214,1,11,LAE,22.13277658858502
215,1,2,LAE,0.6177423793431952
216,1,11,LAE,13.368277921705142
217,1,5,LAE,1.197163719547012
218,1,3,LAE,11.5092603597909
219,1,2,LAE,13.252335907256057
220,1,2,LAE,14.856788068776957
221,1,2,LAE,16.078634979270053
222,1,7,LAE,0.6648136866079131
223,1,15,LAE,29.071788602705873
224,1,5,LAE,15.03185282610126
225,1,7,LAE,0.8647857059409924
226,1,8,LAE,1.0470171430977477
227,1,74,LAE,16.58685956689385
228,1,8,LAE,18.54398841009731
229,1,2,LAE,21.23857535847056
230,1,47,LAE,20.92761933860956
231,1,6,LAE,0.8933723719866479
232,1,20,LAE,13.40881106233969
233,1,7,LAE,14.690046563994823
234,1,4,LAE,0.9802140624422109
235,1,2,LAE,0.5392706154409006
236,0,24,LAE,10.729382904663835
237,0,11,LAE,19.27120756310378
238,0,3,LAE,13.231077269484276
239,0,6,LAE,0.6121747837791233
240,0,3,LAE,16.598992107766588
241,0,4,LAE,1.2063502553058163
242,0,9,LAE,15.442007840397071
243,0,6,LAE,15.836330627520757
244,0,3,LAE,1.5298341836590998
245,0,6,LAE,2.1154033358325175
246,0,9,LAE,0.7140845509095468
247,0,7,LAE,1.0148403329789961
248,0,7,LAE,16.80784318550675
249,0,20,LAE,19.016949722902623
250,0,3,LAE,15.891280377811
251,0,4,LAE,14.751014806461853
252,0,13,LAE,9.148168110925546
253,0,12,LAE,20.682223988298375
254,0,3,LAE,1.0184544322889781
255,0,6,LAE,12.31228092196136
256,1,8,LAE,1.1622700826308916
257,1,11,LAE,16.85116594596567
258,1,4,LAE,0.5724009109327547
259,1,74,LAE,16.83943598194997
260,1,3,LAE,0.573318489346124
261,1,15,LAE,22.312608374438522
262,1,3,LAE,30.481114636049846
263,1,3,LAE,15.951634375188245
264,1,3,LAE,0.8515340005513053
265,1,3,LAE,22.23504534876761
266,1,3,LAE,2.9260847919343265
267,1,7,LAE,1.5975020335719357
268,1,14,LAE,25.15750663531657
269,1,3,LAE,15.084445642052964
270,1,3,LAE,17.359802544723376
271,1,3,LAE,0.6739001935638049
272,2,4,LAE,0.5222309445339164
273,2,3,LAE,24.531279613882024
274,2,3,LAE,0.7383095943355875
275,2,13,LAE,10.440944645388125
276,2,3,LAE,0.5825808417938653
277,2,3,LAE,12.119553593135056
278,2,9,LAE,9.61371202089212
279,2,7,LAE,14.342705646488945
280,2,10,LAE,12.715145723396665
281,2,3,LAE,20.6190498673134
282,2,3,LAE,0.9499535862438258
283,2,9,LAE,2.9331294535136494
284,2,11,LAE,14.57455654780378
285,2,14,LAE,27.86569830688179
286,2,7,LAE,17.693646401973428
287,2,3,LAE,0.5158444287077281
288,2,7,LAE,26.865841389101817
289,2,50,LAE,18.643125621584723
290,2,8,LAE,22.288780199898923
291,2,9,LAE,8.21628728839391
292,2,24,LAE,29.284862944408133
293,2,11,LAE,1.5980560709845797
294,2,3,LAE,2.1890010214527176
295,2,3,LAE,39.232455912048685
296,2,5,LAE,8.439794633454438
297,2,54,LAE,21.32700648148106
298,2,10,LAE,32.1802208269235
299,2,9,LAE,10.308277994557026
300,0,5,LAE,0.6371700075116254
301,0,5,LAE,0.6790842212830286
302,0,11,LAE,1.3830069423750668
303,0,4,LAE,29.132313626010074
304,0,14,LAE,1.4915749226851072
305,0,5,LAE,13.705060909386855
306,0,21,LAE,12.874062068141683
307,0,10,LAE,14.235260290685972
308,0,9,LAE,17.027331777352728
309,0,8,LAE,38.562569961603884
310,0,4,LAE,32.54904413488383
311,1,4,LAE,19.358365710592132
312,1,11,LAE,21.30650276490469
313,1,7,LAE,1.0263159025955753
314,1,13,LAE,20.804950263715057
315,2,19,LAE,9.255764471455894
316,2,4,LAE,3.906556448109019
317,2,11,LAE,20.317003285381375
318,2,13,LAE,43.85354376836811
319,2,12,LAE,15.392527305232333
320,2,8,LAE,23.778690546422922
321,2,4,LAE,0.5404618262331863
322,2,66,LAE,43.18888131609198
323,2,15,LAE,17.469587542060612
324,2,7,LAE,13.147525510119507
325,2,4,LAE,17.97098779222089
326,3,16,LAE,13.88171715333792
327,3,4,LAE,40.56095879602502
328,3,5,LAE,3.630768117972763
329,3,4,LAE,34.08691958109422
330,3,12,LAE,11.735170660518587
331,3,4,LAE,0.7704616732793752
332,3,64,LAE,32.59434771234824
333,3,25,LAE,17.285593547670143
334,3,15,LAE,23.74507259076758
335,3,7,LAE,28.031749775286404
336,3,9,LAE,8.094602913447156
337,3,6,LAE,17.663071719068682
338,3,11,LAE,14.340086829149818
339,3,4,LAE,11.966512036018834
340,3,4,LAE,13.957241505739471
341,3,6,LAE,25.459917949052418
342,3,4,LAE,1.4745688610283882
343,3,4,LAE,20.068410458154148
344,3,7,LAE,15.827207471649878
345,3,10,LAE,14.059899963812285
346,3,8,LAE,22.523726904710237
347,3,18,LAE,10.149261253701301
348,3,4,LAE,22.789963050059352
349,3,4,LAE,7.449492554067946
350,3,4,LAE,27.750484521018862
351,1,8,LAE,10.546888780346555
352,1,5,LAE,0.7241664254929894
353,1,7,LAE,30.458274844976824
354,1,16,LAE,4.542318477129532
355,1,16,LAE,18.73603574966369
356,1,5,LAE,2.2260826732810597
357,1,5,LAE,0.640500780130812
358,1,9,LAE,32.42529759540603
359,1,8,LAE,0.9308300878207972
360,1,5,LAE,2.7794545454490573
361,1,18,LAE,10.42094996206932
362,1,5,LAE,12.895988344580665
363,1,17,LAE,12.12197383988899
364,1,5,LAE,22.677566758869045
365,1,5,LAE,1.4687077263070019
366,1,5,LAE,0.571811320184834
367,1,5,LAE,19.77689797236436
368,2,13,LAE,20.634742962968307
369,2,10,LAE,43.54054677226194
370,2,9,LAE,21.027175874519525
371,2,5,LAE,9.55410410283952
372,2,13,LAE,33.469882192694335
373,2,7,LAE,13.146556593345997
374,2,7,LAE,20.415589346620692
375,3,9,LAE,0.848610511678799
376,3,21,LAE,19.75938359293618
377,3,47,LAE,16.48233452200981
378,3,8,LAE,13.59233724719658
379,3,8,LAE,16.880137484665195
380,3,5,LAE,21.779469641682592
381,3,12,LAE,37.857455003050035
382,3,12,LAE,21.90641684500038
383,3,9,LAE,13.828448197460085
384,3,5,LAE,13.047294963096617
385,4,36,LAE,20.778425043897396
386,4,6,LAE,18.462433684235442
387,4,99,LAE,16.019179139076027
388,4,5,LAE,59.09749237359751
389,4,19,LAE,11.56833574838459
390,4,5,LAE,14.100421174926856
391,4,8,LAE,1.0586715221395195
392,4,8,LAE,33.406750062945
393,4,13,LAE,15.672663637533654
394,4,19,LAE,19.456870520730728
395,4,22,LAE,11.041274054654552
396,4,5,LAE,17.693269169915222
397,4,5,LAE,3.929079643132636
398,4,20,LAE,28.21079930972889
399,4,8,LAE,11.707270560294981
400,4,8,LAE,16.195416247061825
401,4,5,LAE,3.0975088606633374
402,4,5,LAE,21.834143320839335
403,4,5,LAE,18.151669261745273
404,4,5,LAE,9.153878693682252
405,4,5,LAE,25.410054334657435
406,2,6,LAE,20.395338520181728
407,2,6,LAE,49.86975449022106
408,2,12,LAE,11.53292280484587
409,2,6,LAE,48.0821100648662
410,3,6,LAE,1.0273089420470367
411,3,8,LAE,19.847576165682177
412,3,10,LAE,16.61478676586895
413,3,6,LAE,33.45950895604572
414,3,10,LAE,11.940515857334526
415,3,6,LAE,20.533802275339674
416,3,10,LAE,25.420363528662257
417,3,8,LAE,42.60972915634899
418,3,6,LAE,23.800448356002395
419,3,6,LAE,12.737451258208312
420,4,8,LAE,39.57148215276577
421,4,9,LAE,15.47757188529031
422,4,8,LAE,1.2600979982649332
423,4,9,LAE,16.37516423213561
424,4,6,LAE,0.7266624102286867
425,4,6,LAE,0.9301288911958976
426,5,6,LAE,14.183848872961406
427,5,9,LAE,7.796917595830764
428,5,6,LAE,8.767207362371602
429,5,13,LAE,30.5696275317542
430,5,9,LAE,14.483387863060342
431,5,15,LAE,21.963202412238676
432,5,8,LAE,12.153375470720732
433,5,6,LAE,2.7260572875558973
434,5,9,LAE,34.34737172976336
435,3,7,LAE,19.2269062495796
436,3,7,LAE,13.240500600661585
437,3,7,LAE,0.9962562079713051
438,3,7,LAE,15.756444862338562
439,3,7,LAE,39.68554071927999
440,3,8,LAE,1.0033382023211037
441,3,7,LAE,42.65945204079467
442,3,7,LAE,46.78848446930283
443,3,13,LAE,7.859711992791556
444,3,7,LAE,15.164505201922436
445,4,7,LAE,9.41600495602403
446,4,7,LAE,16.288070888874337
447,4,11,LAE,19.266726825075416
448,4,17,LAE,22.927448048758997
449,4,7,LAE,23.59811980088996
450,4,7,LAE,2.761034734448003
451,4,10,LAE,16.361313198852674
452,4,12,LAE,12.637449191263665
453,4,7,LAE,28.363971550886195
454,5,14,LAE,10.244746802925782
455,5,7,LAE,1.04375180422346
456,5,7,LAE,1.0319554647195244
457,5,7,LAE,29.159974010746122
458,5,7,LAE,11.82447682502601
459,5,12,LAE,12.088548491846556
460,5,15,LAE,18.88978782303253
461,5,7,LAE,11.098263115548948
462,5,15,LAE,14.4790110016707
463,5,7,LAE,14.755456315790234
464,6,9,LAE,0.9659242600670345
465,6,7,LAE,1.0021037797538899
466,6,8,LAE,0.8887759211847425
467,6,30,LAE,23.249281424950166
468,6,7,LAE,0.9481580399205441
469,6,13,LAE,2.0513129781173016
470,6,7,LAE,0.8196609310869652
471,6,7,LAE,23.50859406128562
472,6,8,LAE,18.44755540509273
473,6,7,LAE,1.7580355526364095
474,6,9,LAE,1.0090569136713154
475,6,7,LAE,0.6708329097471861
476,6,15,LAE,29.60828295307967
477,6,10,LAE,11.35695779491094
478,6,7,LAE,12.453998868406606
479,6,7,LAE,9.88419879847339
480,6,14,LAE,1.0802507585467451
481,6,9,LAE,14.180920862278098
482,4,12,LAE,9.334125716647744
483,4,8,LAE,0.8318146161708956
484,4,11,LAE,1.223973876417217
485,4,20,LAE,16.810753070526317
486,4,15,LAE,3.9947295210284715
487,4,12,LAE,16.281384857501607
488,5,9,LAE,20.44323429462134
489,5,13,LAE,20.758086108537288
490,5,13,LAE,10.969101714978866
491,5,8,LAE,18.96204534978543
492,5,21,LAE,2.157760035548584
493,5,16,LAE,3.882456704872754
494,5,10,LAE,2.339802077643804
495,5,8,LAE,0.9645590445261105
496,5,12,LAE,8.329061714141885
497,5,8,LAE,1.210989628680491
498,6,15,LAE,15.744485837550034
499,6,12,LAE,3.613926544219512
500,6,8,LAE,17.001449212653952
501,6,8,LAE,10.660311693308572
502,6,8,LAE,11.325851977925197
503,6,10,LAE,1.5250673339113416
504,6,8,LAE,7.028630828723316
505,6,8,LAE,12.387068096885633
506,6,8,LAE,19.462670050243805
507,7,8,LAE,13.116821525678771
508,7,10,LAE,4.1029848636826065
509,7,11,LAE,17.254096324247023
510,7,15,LAE,29.16931912112115
511,7,8,LAE,11.31451978518901
512,7,8,LAE,8.726356776664671
513,7,8,LAE,1.1882001736532384
514,7,8,LAE,17.04501692319965
515,7,8,LAE,10.673286073763073
516,7,8,LAE,14.80537560489273
517,7,8,LAE,0.602262075117543
518,7,8,LAE,2.8840737809953234
519,7,35,LAE,23.44762863615532
520,7,9,LAE,18.34467779763879
521,5,21,LAE,10.348436329992538
522,5,9,LAE,13.264422393478847
523,5,86,LAE,17.82655389172223
524,5,9,LAE,1.816862284903924
525,6,10,LAE,25.733666188265953
526,6,9,LAE,30.250071613199797
527,6,9,LAE,12.852066012129963
528,6,11,LAE,9.349527696742589
529,6,12,LAE,14.182946362879994
530,6,11,LAE,1.4781213693745279
531,6,17,LAE,10.499695425191819
532,6,9,LAE,53.686450392664725
533,7,11,LAE,17.00863020771196
534,7,20,LAE,11.36905614017919
535,7,12,LAE,17.45133596668518
536,7,20,LAE,19.042777953246183
537,7,9,LAE,19.742183690343367
538,7,9,LAE,9.30333224523898
539,7,9,LAE,9.979998849610872
540,7,9,LAE,10.88489715541665
541,7,13,LAE,19.228845025717515
542,7,9,LAE,1.068561063048221
543,7,10,LAE,21.73794787316162
544,8,14,LAE,20.940127933259795
545,8,14,LAE,14.791253772934127
546,8,15,LAE,18.893650760597907
547,8,9,LAE,10.088960913123637
548,8,12,LAE,35.923760909414455
549,8,20,LAE,13.42496531101099
550,8,21,LAE,15.874753915856912
551,8,18,LAE,1.6773607440950997
552,8,15,LAE,1.800097729888228
553,8,9,LAE,15.334879489551232
554,8,9,LAE,2.1111581268708344
555,8,9,LAE,23.253883493312827
556,8,20,LAE,4.288880283321774
557,6,10,LAE,17.112138305408163
558,6,10,LAE,20.740791263898466
559,6,10,LAE,24.206200256983447
560,6,17,LAE,20.38108156865741
561,6,90,LAE,16.206662858002918
562,6,18,LAE,1.8676758448164
563,6,10,LAE,16.02064875978264
564,6,11,LAE,14.216141439774384
565,7,14,LAE,12.970715615705364
566,7,10,LAE,9.591786243546853
567,7,13,LAE,18.976768630357043
568,7,15,LAE,20.06638821981596
569,8,15,LAE,19.13408602091857
570,8,15,LAE,21.28815498526986
571,8,10,LAE,17.770917027742502
572,8,11,LAE,25.78661477119801
573,8,15,LAE,15.124409795453456
574,8,14,LAE,22.544840923299347
575,8,13,LAE,14.209526095692125
576,8,10,LAE,1.279084916111222
577,8,16,LAE,21.597789522657873
578,8,10,LAE,22.36516690273617
579,9,10,LAE,0.80772874615681
580,9,18,LAE,10.444015112755988
581,9,19,LAE,13.335301990536912
582,9,10,LAE,0.8649345612311671
583,9,10,LAE,2.1024785503359005
584,9,10,LAE,27.98611654824938
585,9,11,LAE,1.4410095598841246
586,9,10,LAE,0.91352998429342
587,9,10,LAE,43.367502762366904
588,9,10,LAE,27.789083328254453
589,9,10,LAE,1.419124416170206
590,9,12,LAE,10.687159304842865
591,9,41,LAE,15.266149021168454
592,9,10,LAE,0.9289831775606472
593,9,13,LAE,20.740735468300038
594,9,19,LAE,16.579067964054445
595,9,10,LAE,12.259994767443644
596,9,10,LAE,8.055232088313687
597,9,10,LAE,21.004100203314763
598,9,24,LAE,22.157298198542872
599,9,10,LAE,9.971693670209874
600,9,31,LAE,20.32590784815377
601,9,14,LAE,20.159469240654598
602,9,17,LAE,38.33952874555373
603,7,15,LAE,24.240851977784054
604,7,11,LAE,18.39499099103049
605,7,11,LAE,36.72700598067274
606,7,11,LAE,15.803028789926344
607,8,13,LAE,9.75375231240475
608,8,11,LAE,10.336995921291905
609,8,14,LAE,2.497478869216311
610,8,21,LAE,1.8184451720351427
611,8,15,LAE,37.61287669819519
612,8,11,LAE,1.040450094420082
613,8,17,LAE,23.453524919982303
614,8,11,LAE,22.296811333001976
615,8,11,LAE,47.27256320509268
616,8,11,LAE,18.148291048065754
617,8,17,LAE,20.120030382170622
618,8,11,LAE,1.0938191156773212
619,8,28,LAE,12.775420511533536
620,8,11,LAE,15.385347044415854
621,9,41,LAE,13.151504645448677
622,9,21,LAE,13.91024260657733
623,9,16,LAE,11.740454989443954
624,9,14,LAE,8.915987907429258
625,9,12,LAE,0.7742777883722092
626,9,35,LAE,18.512787306489116
627,9,11,LAE,15.641039478618916
628,9,13,LAE,0.9352367003722636
629,9,11,LAE,23.066109087739303
630,9,11,LAE,10.66190792906899
631,9,11,LAE,17.240743786582808
632,9,11,LAE,17.011859628117584
633,9,11,LAE,15.545975671204179
634,9,12,LAE,12.241353654435722
635,9,11,LAE,14.71596875095077
636,10,15,LAE,39.019062151969244
637,10,11,LAE,26.285760347244334
638,10,34,LAE,13.521776647463028
639,10,12,LAE,13.377264046572021
640,10,11,LAE,0.6957686401397211
641,10,11,LAE,1.1113612264266621
642,10,12,LAE,12.558600838112238
643,10,12,LAE,17.389792393930918
644,10,14,LAE,15.24690353165045
645,10,17,LAE,12.138604649186144
646,10,11,LAE,44.672546987182066
647,8,29,LAE,12.914605811900001
648,8,16,LAE,1.7388114468718352
649,8,23,LAE,15.508838353632736
650,8,19,LAE,23.707101207149233
651,9,17,LAE,16.56307857212025
652,9,12,LAE,11.161357984779956
653,9,55,LAE,42.709064294387716
654,9,12,LAE,1.6813388140377086
655,9,12,LAE,19.6576648545127
656,9,12,LAE,16.580846392424046
657,9,20,LAE,12.487071020603558
658,9,17,LAE,15.986252170828186
659,9,12,LAE,12.453266285320577
660,9,19,LAE,8.800894441757093
661,9,13,LAE,11.052646185096147
662,9,12,LAE,1.3884428730028473
663,9,20,LAE,12.683808265586338
664,10,12,LAE,13.381429481814795
665,10,13,LAE,0.828322615452452
666,10,14,LAE,4.421033034132117
667,10,15,LAE,19.26969203194501
668,10,12,LAE,10.435548590048452
669,10,15,LAE,12.330010206162518
670,10,15,LAE,18.40924994218038
671,10,15,LAE,19.735724966468673
672,10,15,LAE,9.195237874790525
673,10,16,LAE,12.577509707212233
674,10,13,LAE,10.810287968972006
675,10,18,LAE,42.09170638547597
676,10,15,LAE,18.643086866239415
677,10,12,LAE,19.83375451276237
678,10,14,LAE,14.941338971228726
679,10,12,LAE,19.85011127681286
680,10,12,LAE,11.841378210110976
681,10,12,LAE,29.555936828314103
682,10,12,LAE,21.528275318438123
683,11,20,LAE,21.829617160786917
684,11,13,LAE,11.183826400222534
685,11,15,LAE,20.240798043776486
686,11,13,LAE,17.78744374925395
687,11,15,LAE,33.63295723047758
688,11,12,LAE,34.31862540749504
689,11,29,LAE,13.412861143839855
690,11,15,LAE,13.431583474370564
691,9,13,LAE,19.784958021087576
692,9,15,LAE,9.75056123857355
693,9,18,LAE,25.90053493835665
694,9,13,LAE,11.910598049390087
695,9,13,LAE,2.5423747046156757
696,10,17,LAE,19.848701475327125
697,10,13,LAE,24.82870227959439
698,10,13,LAE,19.51889267173393
699,10,13,LAE,19.131989618066026
700,10,13,LAE,11.640775354557867
701,10,13,LAE,23.371433145582383
702,10,18,LAE,8.443889277758066
703,10,13,LAE,14.66740260734709
704,10,13,LAE,9.730894562907599
705,10,13,LAE,18.686633694882985
706,10,14,LAE,21.376883460209477
707,10,13,LAE,15.659732841600961
708,10,22,LAE,23.679533244914396
709,10,13,LAE,1.0756152717774123
710,11,15,LAE,1.1634717790097668
711,11,17,LAE,25.347581373658834
712,11,16,LAE,1.6314520004700779
713,11,16,LAE,4.338381082508144
714,11,13,LAE,1.3513891928696993
715,11,21,LAE,2.3898788601861005
716,11,13,LAE,18.954079650999056
717,11,15,LAE,11.433104715409973
718,11,13,LAE,17.294859661044285
719,11,15,LAE,1.0956899757085918
720,11,13,LAE,3.1215372984948826
721,11,13,LAE,0.8361925696219052
722,11,18,LAE,14.744057762792673
723,11,15,LAE,11.545017262100005
724,11,13,LAE,19.385115386153505
725,11,13,LAE,16.295616115837294
726,11,13,LAE,1.1761564773571263
727,11,22,LAE,32.63813657382301
728,11,14,LAE,1.124247847412987
729,11,13,LAE,12.021021151164433
730,12,21,LAE,13.402785479501219
731,12,13,LAE,26.92276116668893
732,12,13,LAE,40.05095339644875
733,12,13,LAE,14.115799070479735
734,12,19,LAE,14.253025653546002
735,12,16,LAE,14.226718853196958
736,12,13,LAE,13.193806191531786
737,12,30,LAE,14.592308697952594
738,12,33,LAE,20.95753880418955
739,12,13,LAE,9.857540950510755
740,12,13,LAE,19.95122329071011
741,12,15,LAE,25.573476584939467
742,10,14,LAE,16.768673911916427
743,10,23,LAE,11.086426672605853
744,10,19,LAE,11.904609611405789
745,10,14,LAE,12.20400719647608
746,10,24,LAE,11.836515453370394
747,10,14,LAE,18.398335721221382
748,10,14,LAE,8.113988642780711
749,11,14,LAE,1.0169832080710453
750,11,14,LAE,1.0028551854486762
751,11,16,LAE,1.5716704594785893
752,11,14,LAE,0.8330892338595557
753,11,17,LAE,23.750997710985974
754,11,19,LAE,24.72819643493575
755,11,15,LAE,2.7318622783468247
756,12,17,LAE,13.920279910459804
757,12,19,LAE,37.44584068921541
758,12,17,LAE,11.619757139878741
759,12,18,LAE,14.67925808570979
760,12,14,LAE,10.26422342017252
761,12,15,LAE,17.242761137788627
762,12,14,LAE,10.058295909595993
763,12,18,LAE,9.467775020446084
764,12,17,LAE,10.408183343503854
765,12,14,LAE,13.391407700248159
766,12,14,LAE,15.099635652867722
767,12,14,LAE,15.100680872109978
768,12,14,LAE,25.748246006175098
769,13,15,LAE,26.175387032129958
770,13,18,LAE,14.11556086161528
771,13,14,LAE,0.9818953056024025
772,13,16,LAE,1.782682130082621
773,13,31,LAE,10.763068959657202
774,13,14,LAE,19.11486780377848
775,13,17,LAE,12.186923140741232
776,13,20,LAE,14.244974265898925
777,13,14,LAE,1.5340705015924085
778,13,14,LAE,14.631800924849884
779,13,14,LAE,0.8739457821254453
780,13,16,LAE,10.7880886820195
781,13,14,LAE,0.9193362582334373
782,13,14,LAE,38.72042685114996
783,13,28,LAE,12.086790567045897
784,13,14,LAE,18.510310396205995
785,13,18,LAE,12.311102757879636
786,13,14,LAE,13.956460311548685
787,11,18,LAE,10.738678796022453
788,11,15,LAE,9.668499450933972
789,11,15,LAE,51.256716078726164
790,12,15,LAE,15.735703826855511
791,12,19,LAE,19.950254191854775
792,12,15,LAE,54.306560384464284
793,12,16,LAE,1.4915181810676996
794,12,16,LAE,18.41012714667737
795,12,19,LAE,17.632239394387394
796,12,15,LAE,34.33681756433429
797,12,15,LAE,12.461708452725546
798,12,15,LAE,0.9311601881654601
799,12,15,LAE,14.946190395675853
800,12,25,LAE,21.743631917703397
801,12,15,LAE,16.999006146739568
802,12,23,LAE,18.02713701634879
803,12,23,LAE,12.835705536355201
804,13,23,LAE,28.69590177279922
805,13,17,LAE,30.735381758846444
806,13,18,LAE,11.141773440190418
807,13,15,LAE,15.767125702250343
808,13,15,LAE,26.18086344237616
809,13,15,LAE,16.895146332230343
810,13,15,LAE,17.139922597405597
811,13,15,LAE,1.6408081999032003
812,13,18,LAE,47.35824205519257
813,13,15,LAE,11.977458111203964
814,13,19,LAE,49.89096216361467
815,13,20,LAE,27.922777365368873
816,13,17,LAE,13.791462862470944
817,13,15,LAE,12.048283724561136
818,13,20,LAE,17.49735288865707
819,13,15,LAE,27.195929660957948
820,14,21,LAE,14.77327019269906
821,14,15,LAE,15.721064168286603
822,14,22,LAE,16.58257343458651
823,14,17,LAE,6.394604160735633
824,14,15,LAE,19.024437137676923
825,14,16,LAE,20.391837931346842
826,14,15,LAE,14.908352032586414
827,14,15,LAE,35.16856199100696
828,14,17,LAE,20.133627139930024
829,14,15,LAE,17.012079274961287
830,14,18,LAE,7.90402283352859
831,14,17,LAE,13.17249221135214
832,14,15,LAE,18.674877438061905
833,14,18,LAE,34.83494826431388
834,14,35,LAE,15.1207253190402
835,14,19,LAE,20.945389134040063
836,14,23,LAE,54.59241564730587
837,12,16,LAE,8.465488153659509
838,12,16,LAE,14.913636729127184
839,12,20,LAE,17.273460051327675
840,12,16,LAE,18.975294667782467
841,12,23,LAE,25.851231734192048
842,13,17,LAE,15.249958810914723
843,13,16,LAE,8.770301973033886
844,13,16,LAE,20.933560877551457
845,13,18,LAE,4.150393142220462
846,13,16,LAE,7.8755609094446255
847,13,16,LAE,10.233900869632885
848,13,16,LAE,43.35582446094558
849,13,25,LAE,2.8090725394489744
850,14,17,LAE,11.308478664194931
851,14,19,LAE,9.295610388838439
852,14,19,LAE,3.5651320065419716
853,14,25,LAE,20.585522539533127
854,14,16,LAE,48.62979779350163
855,14,31,LAE,19.299736769132686
856,14,25,LAE,10.146417669039243
857,14,16,LAE,37.6244541249879
858,14,16,LAE,28.70062974357614
859,15,16,LAE,37.24032220333374
860,15,18,LAE,0.9323923249600108
861,15,21,LAE,12.712517888021793
862,15,16,LAE,15.840772771806224
863,15,30,LAE,42.6618692726358
864,15,18,LAE,1.353591097118032
865,15,18,LAE,30.384502740702274
866,15,16,LAE,28.812092704556452
867,15,49,LAE,32.856725474012165
868,15,16,LAE,18.35436685652426
869,15,16,LAE,1.9866849806139526
870,15,24,LAE,15.996400922777823
871,15,16,LAE,14.998039549257182
872,15,16,LAE,1.0281065901574316
873,13,32,LAE,23.525528257711695
874,13,20,LAE,17.164828250737212
875,13,17,LAE,18.53433485050664
876,13,19,LAE,20.530390433226707
877,13,17,LAE,15.785137808364729
878,13,17,LAE,1.1681203785065684
879,13,17,LAE,58.98249416108089
880,14,25,LAE,21.26979044013256
881,14,17,LAE,4.335914717202224
882,14,28,LAE,16.377928156623014
883,14,20,LAE,13.374736557310834
884,14,17,LAE,14.900053184315096
885,14,17,LAE,0.8472859711731073
886,14,17,LAE,13.470247370629007
887,14,17,LAE,12.685282438100494
888,15,20,LAE,10.478328648905212
889,15,22,LAE,25.768199309372427
890,15,17,LAE,25.32140238499618
891,15,17,LAE,16.002883520212905
892,15,17,LAE,9.609245352801938
893,15,17,LAE,4.334264213084458
894,15,20,LAE,18.583773771632202
895,15,19,LAE,13.979464862976606
896,15,17,LAE,14.134830416792973
897,16,17,LAE,1.3447880426534018
898,16,18,LAE,51.47448460447111
899,16,30,LAE,58.86985256032689
900,16,17,LAE,20.399054349388194
901,16,17,LAE,19.393685789121793
902,16,17,LAE,1.5694258080638712
903,16,17,LAE,9.692553547391888
904,16,24,LAE,1.9629570700044772
905,16,17,LAE,19.605012461072377
906,16,17,LAE,29.987925228766272
907,16,17,LAE,55.75119289875146
908,16,26,LAE,1.9303297323183721
909,16,17,LAE,1.101968927583336
910,16,27,LAE,21.153742599795187
911,16,17,LAE,13.603674242027068
912,16,19,LAE,20.701579648376118
913,16,17,LAE,11.720005740518793
914,16,17,LAE,15.555511091588613
915,16,17,LAE,26.576982883378975
916,16,32,LAE,15.075370969057104
917,16,31,LAE,21.710856489165753
918,16,17,LAE,1.013864423094664
919,16,17,LAE,15.756748222124086
920,14,18,LAE,14.070811276704111
921,14,19,LAE,15.155314752128248
922,14,18,LAE,8.852545360159198
923,14,18,LAE,3.310137349695553
924,14,21,LAE,3.9403369897807248
925,14,18,LAE,16.07567967549734
926,15,18,LAE,17.240605843018667
927,15,18,LAE,35.38538939500096
928,16,26,LAE,22.93034026251716
929,16,25,LAE,32.59018462959369
930,16,18,LAE,27.94560463562893
931,16,18,LAE,0.774869875471285
932,16,21,LAE,2.417621470773073
933,16,18,LAE,17.026947414697023
934,16,18,LAE,19.47519145189734
935,16,18,LAE,1.558630713106051
936,16,23,LAE,11.032856972258534
937,16,53,LAE,14.65527976623881
938,16,55,LAE,16.08654817993848
939,16,18,LAE,12.178130925910288
940,16,31,LAE,17.725778025566562
941,16,18,LAE,23.12944749740703
942,16,21,LAE,12.766409598109425
943,17,21,LAE,9.414226549932883
944,17,18,LAE,18.396425130524072
945,17,18,LAE,24.243723879035485
946,17,18,LAE,16.74907922450094
947,17,19,LAE,10.108464585336241
948,17,18,LAE,21.086187916511168
949,17,19,LAE,30.990820550192076
950,17,26,LAE,9.908177690325667
951,17,18,LAE,1.0484086568143198
952,17,28,LAE,19.667975376238743
953,17,20,LAE,0.9844306792569698
954,17,18,LAE,8.202308899442114
955,17,18,LAE,40.39387052925368
956,17,21,LAE,2.6575177547137776
957,17,18,LAE,11.139620016103922
958,17,18,LAE,17.854094787491267
959,17,40,LAE,17.82231484165145
960,17,18,LAE,24.18686936477695
961,17,18,LAE,16.973541216693288
962,17,18,LAE,14.975722442777109
963,17,18,LAE,20.07807273658315
964,17,21,LAE,17.537004537230942
965,17,21,LAE,17.085447187339085
966,17,18,LAE,19.482140883096548
967,17,18,LAE,0.9695288367571958
968,17,22,LAE,32.2653897634109
969,17,18,LAE,19.049132437543783
970,17,24,LAE,24.507054639914717
971,15,19,LAE,8.507365358809187
972,15,19,LAE,31.06935558925809
973,15,20,LAE,14.96749347987202
974,15,19,LAE,13.765660884732736
975,15,19,LAE,18.273141439094122
976,15,20,LAE,22.17757817611451
977,15,19,LAE,12.998324943882523
978,15,19,LAE,2.8319381062235682
979,15,19,LAE,14.376974640497341
980,15,19,LAE,15.474147190356497
981,15,19,LAE,3.092166148857594
982,15,19,LAE,36.25369072592818
983,15,20,LAE,10.280970148490098
984,15,40,LAE,15.25140657491763
985,16,21,LAE,12.52815957917274
986,16,19,LAE,21.476630107543496
987,16,50,LAE,18.515309944056057
988,16,24,LAE,1.43157118832622
989,16,27,LAE,17.7096354256001
990,16,29,LAE,22.598202017148264
991,17,19,LAE,10.619467587983936
992,17,20,LAE,18.825267286138853
993,17,19,LAE,1.2120838355074246
994,17,19,LAE,9.05182918063196
995,17,21,LAE,11.863883807734886
996,17,19,LAE,0.9060168345351236
997,17,19,LAE,8.964217795446773
998,17,19,LAE,26.949384311594905
999,17,19,LAE,14.49568718046463
1000,17,20,LAE,2.2187887092296386
1001,17,26,LAE,3.15650395184342
1002,17,19,LAE,14.516361864086527
1003,17,19,LAE,2.793837840358896
1004,17,23,LAE,1.4538566455459945
1005,17,19,LAE,13.56055190141725
1006,17,19,LAE,36.344423833988984
1007,18,19,LAE,12.705706350723046
1008,18,19,LAE,14.9407878940022
1009,18,20,LAE,1.8154158526020046
1010,18,19,LAE,20.340087271939115
1011,18,19,LAE,40.23607369805403
1012,18,21,LAE,22.746360751000523
1013,18,20,LAE,26.901582195279293
1014,18,19,LAE,20.248351655829325
1015,18,20,LAE,58.13330984046043
1016,18,19,LAE,16.174267785829308
1017,18,19,LAE,16.141508155888403
1018,18,19,LAE,40.74094575716429
1019,18,27,LAE,17.59553066744841
1020,18,23,LAE,1.53157309282152
1021,18,26,LAE,1.7825804959141018
1022,18,19,LAE,0.8356410461624827
1023,18,30,LAE,26.34132969160489
1024,16,23,LAE,2.4731770866956877
1025,16,20,LAE,18.09773839176769
1026,16,24,LAE,29.326074039496703
1027,16,32,LAE,18.17453704604692
1028,16,20,LAE,2.1787579397974772
1029,16,20,LAE,20.29292910938815
1030,16,20,LAE,19.46994271021603
1031,17,20,LAE,24.411140239193063
1032,17,29,LAE,3.029470862730493
1033,17,20,LAE,11.7068009776895
1034,17,62,LAE,16.22407595747454
1035,18,31,LAE,50.94382973434587
1036,18,20,LAE,20.643130171705113
1037,18,27,LAE,19.539448645216194
1038,18,31,LAE,15.446266218789159
1039,18,22,LAE,18.37786692981188
1040,18,24,LAE,10.724923782885268
1041,18,25,LAE,10.904947629764264
1042,18,30,LAE,21.763254250209464
1043,18,27,LAE,17.467462932858407
1044,18,26,LAE,13.166224527014288
1045,18,22,LAE,1.844711989972047
1046,18,20,LAE,0.9170960313843586
1047,18,25,LAE,9.078359669878468
1048,18,22,LAE,39.76355239030107
1049,18,22,LAE,18.494424456969778
1050,18,29,LAE,13.809625705221036
1051,18,20,LAE,17.85493588403733
1052,18,24,LAE,2.2552799092376214
1053,18,36,LAE,12.745520082945301
1054,18,20,LAE,1.5078572047727217
1055,18,20,LAE,1.4133659158929424
1056,18,20,LAE,15.976746854572097
1057,18,24,LAE,11.795837900745683
1058,19,22,LAE,12.390779153394039
1059,19,22,LAE,0.9903967442583438
1060,19,39,LAE,28.806772344823894
1061,19,20,LAE,16.733057857152804
1062,19,20,LAE,9.554722520181592
1063,19,21,LAE,11.511776385567915
1064,19,22,LAE,41.98974450872129
1065,19,20,LAE,18.131479142460595
1066,19,20,LAE,1.4193174520162986
1067,19,20,LAE,19.872764591481108
1068,19,20,LAE,15.625882447500341
1069,19,20,LAE,17.78938884889166
1070,19,21,LAE,1.4795897069009014
1071,19,22,LAE,17.226774381079107
1072,19,20,LAE,15.387687399502227
1073,19,44,LAE,8.384059443486121
1074,19,20,LAE,7.23030697042488
1075,19,23,LAE,16.63080683681436
1076,19,20,LAE,12.916757063456517
1077,17,21,LAE,14.421657303067828
1078,18,33,LAE,2.995185517464166
1079,18,22,LAE,12.882720690675827
1080,18,35,LAE,13.891153663977937
1081,18,24,LAE,9.24086792333644
1082,18,23,LAE,38.82407289666787
1083,18,21,LAE,3.268988366933049
1084,18,21,LAE,21.52824485971909
1085,18,21,LAE,15.384400071055541
1086,19,21,LAE,11.082221639366747
1087,19,25,LAE,12.50076383917804
1088,19,21,LAE,14.919906366515738
1089,19,28,LAE,23.28169503969
1090,19,23,LAE,10.322124931966345
1091,19,22,LAE,9.991900597799221
1092,19,21,LAE,13.048985752490989
1093,19,22,LAE,12.168371821018185
1094,19,21,LAE,11.783501128672539
1095,19,26,LAE,11.394480017418772
1096,19,21,LAE,11.896451356842435
1097,19,27,LAE,23.503057922748336
1098,19,21,LAE,29.778894712280913
1099,19,21,LAE,13.504998619670792
1100,19,22,LAE,26.339613013954796
1101,19,21,LAE,16.58777698566515
1102,20,24,LAE,18.195786357485705
1103,20,21,LAE,1.2056506985045514
1104,20,32,LAE,2.7384650082228754
1105,20,21,LAE,12.359993134280018
1106,20,21,LAE,19.651871767276713
1107,20,60,LAE,16.00785577338063
1108,20,26,LAE,11.71071275609345
1109,20,21,LAE,33.62390589603126
1110,20,21,LAE,1.3654019944958555
1111,20,23,LAE,17.410513641248635
1112,20,22,LAE,17.48399681969761
1113,20,22,LAE,1.6344291636556618
1114,20,21,LAE,8.419443840713742
1115,20,23,LAE,14.168327137399121
1116,20,32,LAE,35.79386342658737
1117,20,33,LAE,12.143043760947876
1118,20,30,LAE,23.50389655611495
1119,20,23,LAE,11.192894492192456
1120,20,21,LAE,10.406216650832363
1121,20,21,LAE,40.591359481743325
1122,20,21,LAE,34.61813368755855
1123,20,23,LAE,16.57891552414555
1124,20,22,LAE,20.543894243898826
1125,20,32,LAE,16.40803188530047
1126,18,29,LAE,28.323523119128705
1127,18,22,LAE,16.07738546290773
1128,18,28,LAE,13.34753981943422
1129,18,38,LAE,19.705965562932064
1130,18,22,LAE,22.53271580068477
1131,19,22,LAE,26.25340430274299
1132,19,22,LAE,0.9950980871274724
1133,19,22,LAE,4.911262448619376
1134,19,23,LAE,39.591489848173616
1135,19,28,LAE,9.5815642075726
1136,19,22,LAE,1.3575096757118856
1137,19,24,LAE,1.4456294892284693
1138,19,22,LAE,2.1906964434847036
1139,19,22,LAE,11.936601070618892
1140,20,34,LAE,47.76495934524824
1141,20,25,LAE,17.804591499521756
1142,20,27,LAE,15.076334974128628
1143,20,25,LAE,13.369602490776385
1144,20,28,LAE,23.966051526302426
1145,20,22,LAE,17.614584041337345
1146,20,22,LAE,0.8656298803638672
1147,20,22,LAE,14.636642196669708
1148,20,22,LAE,14.221302963794537
1149,20,22,LAE,10.455174068890015
1150,20,22,LAE,54.757247083192915
1151,20,22,LAE,1.564448730840572
1152,20,22,LAE,17.898563860507892
1153,20,26,LAE,53.0481500333147
1154,20,37,LAE,23.870865155909538
1155,20,23,LAE,35.25811253986619
1156,20,44,LAE,17.03215583472436
1157,20,26,LAE,50.359806222395335
1158,20,22,LAE,9.822155202648787
1159,21,28,LAE,29.862243097891064
1160,21,25,LAE,12.871313993193498
1161,21,33,LAE,2.3646336525421456
1162,21,31,LAE,17.489051392338258
1163,21,26,LAE,16.64048873245551
1164,21,24,LAE,54.8358016833535
1165,21,23,LAE,13.96123006254556
1166,21,24,LAE,1.2021827902836157
1167,21,23,LAE,12.08419492112259
1168,21,22,LAE,12.273140810445776
1169,21,26,LAE,20.343241079837885
1170,21,22,LAE,17.341541134041748
1171,21,22,LAE,17.539252733757273
1172,21,28,LAE,15.987176758377018
1173,21,29,LAE,15.026360011107977
1174,21,24,LAE,26.80857011503631
1175,21,29,LAE,13.242658162796712
1176,21,22,LAE,13.289492058083724
1177,21,23,LAE,14.464881792550857
1178,21,22,LAE,0.8119407540225931
1179,21,22,LAE,1.2308602776852586
1180,21,23,LAE,16.866130457191694
1181,21,24,LAE,31.36788863689191
1182,21,24,LAE,14.716689791367958
1183,21,37,LAE,18.889219188847964
1184,21,28,LAE,10.45782563797834
1185,19,30,LAE,59.62706780904131
1186,19,23,LAE,16.56429423005148
1187,19,23,LAE,17.480630041900536
1188,19,24,LAE,14.715217942713192
1189,19,27,LAE,14.831414402524874
1190,20,27,LAE,43.56544335812192
1191,20,23,LAE,8.134161549896643
1192,20,23,LAE,1.5437443620428044
1193,20,24,LAE,21.699421136407622
1194,20,23,LAE,37.42052042095492
1195,20,23,LAE,10.062031845421139
1196,20,31,LAE,19.5436975250016
1197,20,23,LAE,21.074266480037668
1198,20,23,LAE,14.862967084332158
1199,20,26,LAE,10.037988125314566
1200,21,36,LAE,22.66954391020587
1201,21,29,LAE,21.17130764851523
1202,21,23,LAE,14.40802675429404
1203,21,29,LAE,9.40655656850993
1204,21,23,LAE,14.356397837881302
1205,21,23,LAE,6.611088375249572
1206,22,25,LAE,23.986124331513317
1207,22,23,LAE,17.61117024486797
1208,22,34,LAE,12.897245129054872
1209,22,23,LAE,29.215460694670867
1210,22,24,LAE,1.1568821873415436
1211,22,24,LAE,11.090716783335465
1212,22,24,LAE,15.727085790800071
1213,22,23,LAE,13.395194062614497
1214,22,23,LAE,43.405480437476896
1215,22,23,LAE,14.288329125318352
1216,22,29,LAE,14.490204741623723
1217,22,32,LAE,50.37543560177744
1218,22,23,LAE,27.979169711391616
1219,22,29,LAE,19.56849662262547
1220,22,25,LAE,17.16600462687852
1221,22,23,LAE,11.213148503944383
1222,22,23,LAE,13.784398553689272
1223,22,27,LAE,14.608476318452535
1224,22,23,LAE,19.580500311512328
1225,22,23,LAE,16.294578879490953
1226,22,26,LAE,16.140356751341695
1227,22,23,LAE,13.682614528216229
1228,22,27,LAE,11.360810795502196
1229,22,23,LAE,14.909846572582621
1230,22,27,LAE,14.40710281243546
1231,22,27,LAE,11.480535494712385
1232,22,24,LAE,11.755657837464277
1233,20,24,LAE,8.866554405539148
1234,20,24,LAE,3.2756817902734263
1235,20,35,LAE,18.889030935559298
1236,21,24,LAE,16.226557986805837
1237,21,29,LAE,14.29149315058894
1238,21,24,LAE,0.9969246106990606
1239,21,31,LAE,13.352035455912658
1240,21,27,LAE,17.297497753713454
1241,21,25,LAE,9.849007354843055
1242,21,24,LAE,31.23301652560407
1243,21,33,LAE,12.457703584698608
1244,22,24,LAE,8.004861987129598
1245,22,24,LAE,10.931578518466768
1246,22,25,LAE,0.9561218834323878
1247,22,28,LAE,7.602646537428966
1248,22,36,LAE,3.545338036821343
1249,22,31,LAE,17.72667616030874
1250,22,28,LAE,16.848478392529717
1251,22,33,LAE,2.047375242186593
1252,22,24,LAE,10.534177417488566
1253,22,24,LAE,10.453134234757828
1254,22,24,LAE,16.84557708245602
1255,22,27,LAE,1.9238471920838476
1256,22,24,LAE,17.462852017683396
1257,22,24,LAE,15.909289611971928
1258,22,24,LAE,16.315158188115245
1259,22,30,LAE,1.8019050387379818
1260,22,24,LAE,11.051451962973783
1261,22,24,LAE,39.20817877485891
1262,22,29,LAE,14.126236110282028
1263,22,26,LAE,15.415971179481113
1264,22,25,LAE,50.04564157990338
1265,22,29,LAE,23.222996547835592
1266,22,24,LAE,4.658561990702582
1267,23,24,LAE,15.020383121247194
1268,23,39,LAE,20.3446011092801
1269,23,29,LAE,22.88688846134937
1270,23,24,LAE,12.18978228527507
1271,23,55,LAE,18.60161159049228
1272,23,26,LAE,15.751302920183823
1273,23,24,LAE,0.8401138812134104
1274,23,32,LAE,22.114412751721485
1275,23,24,LAE,1.2888560796155615
1276,23,25,LAE,0.8831734681071837
1277,23,24,LAE,11.318200125285339
1278,23,24,LAE,27.312652559888217
1279,23,26,LAE,14.915193514257632
1280,23,24,LAE,23.238138263708617
1281,23,27,LAE,1.9347368781460228
1282,23,44,LAE,8.78282145129932
1283,23,26,LAE,2.4240204500029763
1284,23,24,LAE,1.0117118015716429
1285,23,30,LAE,26.21701082687197
1286,23,24,LAE,25.249191121505266
1287,23,28,LAE,10.150950274464043
1288,23,27,LAE,1.5961200359357255
1289,23,24,LAE,10.441733467012153
1290,23,27,LAE,21.633119185024228
1291,23,24,LAE,13.6020507557885
1292,23,24,LAE,17.164141341043923
1293,23,24,LAE,18.413402247919745
1294,21,26,LAE,12.332251612996652
1295,21,29,LAE,9.254709622823714
1296,22,42,LAE,12.374891807163733
1297,22,25,LAE,1.9406065858015016
1298,22,34,LAE,16.01799861408998
1299,23,25,LAE,10.212241085215018
1300,23,25,LAE,1.130704374447964
1301,23,25,LAE,28.416976300133886
1302,23,34,LAE,14.320246305659321
1303,23,30,LAE,15.207348176924379
1304,23,25,LAE,46.00470091598717
1305,23,25,LAE,0.8205166827303927
1306,23,27,LAE,18.811562590196974
1307,23,30,LAE,32.97598841151693
1308,23,25,LAE,17.882527508327062
1309,23,25,LAE,24.004943582764177
1310,23,28,LAE,26.288608337780307
1311,24,27,LAE,9.721893910804537
1312,24,27,LAE,13.034371171238773
1313,24,39,LAE,10.045479959531656
1314,24,25,LAE,11.912651404937533
1315,24,33,LAE,18.828528426880332
1316,24,32,LAE,2.213381865839107
1317,24,25,LAE,21.31484826254593
1318,24,25,LAE,15.204157057998968
1319,24,25,LAE,17.640321857325752
1320,24,30,LAE,47.7795342995149
1321,24,26,LAE,28.833020796867423
1322,24,26,LAE,16.73769379570177
1323,24,30,LAE,1.745074484045559
1324,24,25,LAE,0.8457662682027555
1325,24,25,LAE,4.24762251071449
1326,24,25,LAE,13.513933764580107
1327,24,25,LAE,10.955208680236925
1328,24,25,LAE,10.337430467202957
1329,24,30,LAE,13.959058103492783
1330,24,25,LAE,0.8729152790414969
1331,24,26,LAE,1.5970127611391023
1332,22,35,LAE,44.51458710910906
1333,22,34,LAE,19.30109357562213
1334,22,26,LAE,14.189136782051783
1335,22,27,LAE,2.0758168684039187
1336,22,26,LAE,1.4840261224103803
1337,22,26,LAE,12.806594850776376
1338,22,27,LAE,15.886835814299355
1339,22,26,LAE,19.488153395555784
1340,23,27,LAE,10.994145479396717
1341,23,64,LAE,16.290952387924392
1342,23,33,LAE,11.808938884471711
1343,23,26,LAE,44.607125034420804
1344,23,35,LAE,2.7914680330057413
1345,23,31,LAE,11.796395498118954
1346,23,26,LAE,1.5143575810084602
1347,23,28,LAE,13.796942409946086
1348,24,26,LAE,1.6229142573077173
1349,24,26,LAE,0.998752362222063
1350,24,28,LAE,12.693749156403067
1351,24,27,LAE,36.37519724626913
1352,24,26,LAE,11.407355333696923
1353,24,38,LAE,19.00783198906588
1354,24,28,LAE,12.984848678622258
1355,24,31,LAE,9.155892995445043
1356,24,26,LAE,5.841917162908799
1357,25,28,LAE,12.947311909329652
1358,25,45,LAE,16.013326600263312
1359,25,29,LAE,2.2385383008433624
1360,25,28,LAE,13.264064660433386
1361,25,26,LAE,14.859595966222889
1362,25,26,LAE,10.615909260656496
1363,25,26,LAE,11.956728373882317
1364,25,27,LAE,20.88136628633158
1365,25,26,LAE,34.16325567467866
1366,25,33,LAE,11.010874258104776
1367,25,41,LAE,9.397101385396448
1368,25,30,LAE,2.156477731412378
1369,25,26,LAE,17.122694339160915
1370,25,26,LAE,0.9891740990038533
1371,25,40,LAE,14.373404268293728
1372,25,29,LAE,56.48615718261268
1373,25,27,LAE,1.0969404517548016
1374,25,26,LAE,0.8229107019769765
1375,25,26,LAE,8.332000716996923
1376,25,26,LAE,19.11131477751196
1377,25,26,LAE,12.455706208543992
1378,25,26,LAE,36.95315265705224
1379,25,26,LAE,11.16260561582797
1380,25,28,LAE,20.32666811846547
1381,25,36,LAE,8.314684144735686
1382,25,27,LAE,10.435164355329603
1383,25,27,LAE,0.9438494128902921
1384,25,26,LAE,0.9806553651165157
1385,23,30,LAE,20.55472496078186
1386,23,27,LAE,10.735904899930393
1387,23,27,LAE,19.046400190624002
1388,24,28,LAE,1.226161534366073
1389,24,27,LAE,14.524201187400068
1390,24,27,LAE,1.7676765233922809
1391,24,34,LAE,21.840011308093214
1392,24,30,LAE,11.041382403030205
1393,24,27,LAE,1.5260359100383425
1394,24,27,LAE,0.9650474144441042
1395,25,27,LAE,1.1460040651747816
1396,25,27,LAE,11.033576577622638
1397,25,28,LAE,14.197218696134092
1398,25,42,LAE,13.555093557368721
1399,25,31,LAE,28.630580287534414
1400,25,27,LAE,0.7642604252617539
1401,25,37,LAE,19.98296381748493
1402,25,27,LAE,12.62149950965349
1403,25,31,LAE,11.3545324851559
1404,25,27,LAE,17.87093525290109
1405,26,30,LAE,19.104971738849677
1406,26,30,LAE,9.775819962746048
1407,26,42,LAE,23.300607846101112
1408,26,29,LAE,32.29436039584404
1409,26,28,LAE,7.820280090947025
1410,26,27,LAE,1.0655011429306296
1411,26,31,LAE,17.306802570739276
1412,26,27,LAE,16.797276605484335
1413,26,27,LAE,19.7309335331895
1414,26,28,LAE,1.724080601445614
1415,26,30,LAE,2.3662212356269148
1416,26,27,LAE,15.529095693354149
1417,26,27,LAE,12.590770442396318
1418,26,27,LAE,32.00401178465128
1419,26,27,LAE,20.522329039324177
1420,26,27,LAE,10.748766232538834
1421,26,29,LAE,11.181760062981565
1422,26,27,LAE,11.530899223236265
1423,26,29,LAE,1.4987718255266238
1424,26,27,LAE,0.8360610688379746
1425,26,29,LAE,10.78829711577996
1426,26,30,LAE,33.264245055792
1427,26,28,LAE,11.10855499021507
1428,26,29,LAE,11.97391093830785
1429,26,27,LAE,11.398927728366006
1430,24,28,LAE,9.741967584349293
1431,24,28,LAE,11.586380579060167
1432,24,28,LAE,2.4490839019127995
1433,24,28,LAE,10.778720463099022
1434,24,29,LAE,21.9161943005155
1435,24,28,LAE,9.179498862310432
1436,24,29,LAE,25.55708525297595
1437,24,33,LAE,24.341239244925955
1438,24,28,LAE,13.76910698519916
1439,24,32,LAE,16.016546513013164
1440,25,28,LAE,11.915367522166864
1441,25,28,LAE,8.34275896251271
1442,25,28,LAE,23.240142368894897
1443,25,33,LAE,2.11558143074915
1444,25,28,LAE,20.63714729211359
1445,26,28,LAE,1.8055438640967656
1446,26,29,LAE,13.27725521187721
1447,26,32,LAE,18.872699874185457
1448,26,29,LAE,14.71087849762694
1449,26,28,LAE,33.187970594729855
1450,26,32,LAE,15.64660659942094
1451,26,28,LAE,12.228365285482827
1452,26,28,LAE,51.403980865296184
1453,26,28,LAE,17.19222735047121
1454,27,43,LAE,24.946014416185193
1455,27,28,LAE,0.7154403965573697
1456,27,32,LAE,14.723364205247105
1457,27,33,LAE,25.010490506524228
1458,27,28,LAE,19.977304449155078
1459,27,31,LAE,30.658085621469095
1460,27,28,LAE,14.827549634381365
1461,27,30,LAE,12.79790340450869
1462,27,35,LAE,32.947861510578065
1463,27,36,LAE,4.0870918542039805
1464,27,28,LAE,2.413674094743417
1465,27,28,LAE,20.15967392271916
1466,27,28,LAE,17.78237578462671
1467,27,30,LAE,16.56619913351359
1468,27,28,LAE,0.9356589747976661
1469,27,28,LAE,59.854088694493555
1470,27,28,LAE,10.70567051963299
1471,27,31,LAE,1.7993300889354529
1472,27,31,LAE,2.0366767468532307
1473,27,29,LAE,8.913854249171175
1474,27,28,LAE,2.7395175559848237
1475,27,28,LAE,12.914516478427752
1476,25,29,LAE,13.282531743192992
1477,25,29,LAE,11.409901179076789
1478,26,31,LAE,10.947773339458262
1479,26,47,LAE,26.14094368969526
1480,26,29,LAE,12.840663428071032
1481,26,29,LAE,1.5669912663761367
1482,26,29,LAE,1.7029031666177101
1483,26,36,LAE,12.921980501732131
1484,26,29,LAE,10.050357469692988
1485,26,29,LAE,1.375413583764824
1486,26,31,LAE,1.8441253564574325
1487,26,32,LAE,1.9102974811921334
1488,26,29,LAE,11.761952476952217
1489,27,31,LAE,13.527027187435811
1490,27,29,LAE,58.760850938660504
1491,27,41,LAE,13.05286519122814
1492,27,32,LAE,2.848938633736954
1493,27,30,LAE,22.02492881024041
1494,27,29,LAE,11.51284033926106
1495,27,29,LAE,8.324012981358662
1496,27,34,LAE,18.333021330640783
1497,27,34,LAE,2.464040231969641
1498,27,29,LAE,2.045707222962203
1499,27,74,LAE,22.45934964134285
1500,27,29,LAE,34.85654200078679
1501,27,29,LAE,8.551289559596155
1502,27,31,LAE,16.387631871503036
1503,27,29,LAE,10.519742870758344
1504,28,31,LAE,19.44015768811732
1505,28,39,LAE,9.649151418008113
1506,28,29,LAE,14.126447550135358
1507,28,29,LAE,20.621530971275174
1508,28,38,LAE,22.088750927628954
1509,28,29,LAE,9.393464714864642
1510,28,29,LAE,13.60536333576031
1511,28,29,LAE,17.17821887507445
1512,28,29,LAE,24.897233876620167
1513,28,29,LAE,12.510922693014628
1514,28,33,LAE,20.783147019697456
1515,28,32,LAE,15.831478449992186
1516,28,29,LAE,12.147882995150734
1517,28,33,LAE,26.179164652163102
1518,28,56,LAE,18.879228214031887
1519,28,40,LAE,15.53847683427454
1520,28,29,LAE,49.16706392828572
1521,28,33,LAE,16.19702209497867
1522,28,30,LAE,14.049052586322706
1523,28,29,LAE,11.860496130040913
1524,28,29,LAE,15.377887122009149
1525,28,29,LAE,15.997750873479426
1526,28,30,LAE,1.222515975608625
1527,26,30,LAE,1.7640151706804807
1528,26,30,LAE,24.9596008208755
1529,26,30,LAE,10.371438734013429
1530,26,30,LAE,21.76700019338205
1531,27,30,LAE,47.981320570997596
1532,27,30,LAE,12.254443581873122
1533,27,32,LAE,9.93376227947396
1534,27,34,LAE,16.155959629605558
1535,27,54,LAE,14.571373847400261
1536,27,33,LAE,13.894250543659489
1537,27,30,LAE,11.459295255269282
1538,27,31,LAE,13.758677925087024
1539,27,33,LAE,17.405975867656636
1540,28,30,LAE,9.98005216003369
1541,28,34,LAE,16.135662331643566
1542,28,30,LAE,16.337933159843796
1543,28,30,LAE,11.932198672432115
1544,28,32,LAE,12.687973863978444
1545,28,31,LAE,20.262456602517666
1546,28,30,LAE,13.320718670669228
1547,28,30,LAE,10.025916818333625
1548,28,35,LAE,2.1803344590514198
1549,28,31,LAE,16.008250571058944
1550,28,34,LAE,22.885221676279716
1551,28,33,LAE,14.446777631048835
1552,28,36,LAE,2.6629579894300943
1553,28,30,LAE,33.443746079202604
1554,29,34,LAE,16.519839438637515
1555,29,30,LAE,14.1029117661382
1556,29,30,LAE,2.268195613549347
1557,29,34,LAE,2.054631509084831
1558,29,30,LAE,17.46761895106401
1559,29,30,LAE,10.8191914443938
1560,29,40,LAE,19.184997661340926
1561,29,32,LAE,9.826279556125147
1562,29,36,LAE,16.207922589792876
1563,29,30,LAE,5.976864527923763
1564,29,43,LAE,10.352020335505125
1565,29,30,LAE,13.639365317356225
1566,29,30,LAE,2.2965359668836767
1567,29,30,LAE,34.05219664838756
1568,29,30,LAE,9.982603439127352
1569,29,40,LAE,2.1664215839335808
1570,29,34,LAE,9.863263814663283
1571,29,30,LAE,1.1021063718767874
1572,29,37,LAE,22.25224118862937
1573,29,32,LAE,7.403686571997279
1574,27,31,LAE,19.040386175260235
1575,27,31,LAE,9.782579309679985
1576,27,31,LAE,1.7948256812377192
1577,27,34,LAE,2.0404417915448585
1578,27,31,LAE,21.25414981034543
1579,27,41,LAE,2.6823024755923397
1580,27,31,LAE,11.335233586970002
1581,28,37,LAE,36.93470915257464
1582,28,31,LAE,21.179153680924703
1583,28,38,LAE,34.803419857684126
1584,28,31,LAE,34.963182544088326
1585,28,36,LAE,11.425548232943097
1586,28,32,LAE,1.9017086667569276
1587,28,34,LAE,2.2387862904678038
1588,28,38,LAE,24.385113731352202
1589,29,31,LAE,11.18401747363826
1590,29,33,LAE,42.42254150661689
1591,29,38,LAE,39.51226438731114
1592,29,33,LAE,1.7558007814767427
1593,29,32,LAE,16.291872860476197
1594,29,41,LAE,36.99407624089415
1595,29,31,LAE,1.965271469880811
1596,30,35,LAE,11.38955141339057
1597,30,31,LAE,19.428492235818148
1598,30,31,LAE,10.669188178667913
1599,30,34,LAE,19.856262408073622
1600,30,31,LAE,13.12328996730754
1601,30,42,LAE,44.22414202444656
1602,30,31,LAE,11.070951069302023
1603,30,33,LAE,11.055191432359564
1604,30,40,LAE,11.612187209101108
1605,30,36,LAE,1.6984866027624974
1606,30,32,LAE,17.983630910640564
1607,30,31,LAE,1.215691484258607
1608,30,32,LAE,8.2488767729032
1609,30,32,LAE,17.754050690507594
1610,30,34,LAE,1.358236074343677
1611,30,31,LAE,1.1672183767321223
1612,30,32,LAE,13.570311305962647
1613,30,43,LAE,22.60678069908281
1614,30,34,LAE,22.512315630469647
1615,30,33,LAE,3.1777540878804955
1616,30,31,LAE,1.5071024828066506
1617,30,38,LAE,14.786311196474555
1618,28,32,LAE,14.440812071324066
1619,28,32,LAE,22.214495289602514
1620,29,42,LAE,18.058232490248468
1621,29,42,LAE,19.191930275310632
1622,29,32,LAE,1.4088770848688645
1623,29,33,LAE,40.309159729045
1624,29,32,LAE,16.094232266098455
1625,29,33,LAE,11.68610029276886
1626,29,32,LAE,12.65574341628989
1627,29,77,LAE,14.178924091191607
1628,29,32,LAE,9.854937662068611
1629,30,34,LAE,14.159332330238316
1630,30,32,LAE,1.0982687851452715
1631,30,32,LAE,23.23916277881888
1632,30,33,LAE,11.324119732682302
1633,30,32,LAE,11.383131880821788
1634,30,35,LAE,17.275837068437706
1635,30,32,LAE,18.064167404090533
1636,30,32,LAE,10.524128136502275
1637,30,43,LAE,18.378593178938658
1638,30,32,LAE,25.72294075601877
1639,30,32,LAE,8.0437664660621
1640,30,32,LAE,9.079208555641264
1641,30,33,LAE,13.396048360245832
1642,30,32,LAE,16.03105210247578
1643,31,32,LAE,17.212798534582124
1644,31,36,LAE,25.918171675716092
1645,31,32,LAE,25.460369180786092
1646,31,42,LAE,24.680652090068666
1647,31,37,LAE,15.266762076488684
1648,31,40,LAE,18.554306882054068
1649,31,32,LAE,1.1985285846263065
1650,31,32,LAE,7.580902564788757
1651,31,32,LAE,13.191767143187162
1652,31,33,LAE,1.240003073070892
1653,31,35,LAE,18.66584863857094
1654,31,33,LAE,20.709329734639415
1655,31,42,LAE,13.623695031461303
1656,31,32,LAE,16.02722171592506
1657,31,58,LAE,8.10611976157354
1658,31,38,LAE,11.99264013724083
1659,31,32,LAE,15.593143432516447
1660,31,36,LAE,9.82846500063914
1661,31,37,LAE,8.706255707695908
1662,31,38,LAE,14.275703857124356
1663,31,53,LAE,18.69099920399189
1664,31,32,LAE,1.3689330314126682
1665,31,32,LAE,11.139704492596245
1666,31,33,LAE,1.4217915819621063
1667,31,36,LAE,16.742739143082883
1668,31,33,LAE,17.13053220690685
1669,31,32,LAE,16.840147493147388
1670,29,51,LAE,11.348660799086483
1671,29,33,LAE,42.135203408456704
1672,29,33,LAE,14.194479564833985
1673,30,33,LAE,1.498512404319171
1674,30,33,LAE,14.62354335735327
1675,30,33,LAE,8.396718420512707
1676,31,34,LAE,30.346737336529717
1677,31,40,LAE,24.381054963464486
1678,31,48,LAE,17.845987313677735
1679,31,37,LAE,10.357861210316173
1680,31,36,LAE,1.988024908939643
1681,31,33,LAE,14.239157003013336
1682,31,37,LAE,32.7819100569922
1683,31,41,LAE,24.552199563525807
1684,31,37,LAE,16.538293169732025
1685,31,34,LAE,19.080234525007185
1686,31,42,LAE,18.253502187508154
1687,31,38,LAE,27.334163152465376
1688,31,34,LAE,11.944403819219495
1689,32,33,LAE,23.6412633191366
1690,32,35,LAE,2.493258553744163
1691,32,33,LAE,1.37556722340776
1692,32,33,LAE,21.23852807629167
1693,32,36,LAE,1.7307179725004558
1694,32,33,LAE,12.01004813812354
1695,32,33,LAE,19.93835590833153
1696,32,47,LAE,17.90315131603875
1697,32,33,LAE,1.6262723557844372
1698,32,36,LAE,25.37950900633781
1699,32,41,LAE,11.781386644260074
1700,32,34,LAE,8.950279788603426
1701,32,41,LAE,37.26232120428492
1702,32,37,LAE,1.603288561682375
1703,32,36,LAE,1.830781347337443
1704,32,36,LAE,7.4689035576931975
1705,32,33,LAE,2.118879780170639
1706,32,33,LAE,11.510469250032738
1707,32,37,LAE,9.339448448716512
1708,32,33,LAE,2.3209416961083145
1709,32,33,LAE,13.376927874101014
1710,32,33,LAE,26.901448577306464
1711,32,33,LAE,1.3419263765973268
1712,32,34,LAE,14.071386804604394
1713,32,36,LAE,10.247063801691784
1714,32,33,LAE,13.136781924537637
1715,32,33,LAE,13.106789078115822
1716,32,33,LAE,15.447558963600759
1717,32,33,LAE,22.038864154713295
1718,32,33,LAE,1.6112791456545508
1719,30,37,LAE,16.863890215804286
1720,30,34,LAE,2.2179257543721125
1721,30,37,LAE,11.361702250114876
1722,30,34,LAE,7.919829488183547
1723,30,41,LAE,12.36555130895814
1724,30,34,LAE,2.9806887235215083
1725,30,34,LAE,14.774815830085615
1726,30,36,LAE,16.66969988812688
1727,31,37,LAE,20.759883459600196
1728,31,34,LAE,16.800766249336615
1729,31,34,LAE,43.73227860954993
1730,31,41,LAE,13.694171157428585
1731,31,35,LAE,19.927724641903854
1732,31,36,LAE,29.078898210172227
1733,31,34,LAE,14.01261494551054
1734,31,35,LAE,10.200492294179028
1735,31,34,LAE,11.341612383894576
1736,31,38,LAE,2.3640781512863276
1737,31,34,LAE,11.59034966722221
1738,32,34,LAE,15.241716530752644
1739,32,40,LAE,11.284638572482107
1740,32,34,LAE,10.213391047103034
1741,32,63,LAE,10.81426967177425
1742,32,35,LAE,18.41514753597327
1743,32,39,LAE,39.89707105968863
1744,32,52,LAE,13.024437474743271
1745,32,34,LAE,18.219746939352085
1746,32,49,LAE,23.614133342693233
1747,32,40,LAE,16.459221641392432
1748,32,34,LAE,1.7123830820491492
1749,32,34,LAE,16.98487167417607
1750,32,34,LAE,18.271399255466743
1751,32,34,LAE,11.820135590007519
1752,33,34,LAE,14.406317743926802
1753,33,34,LAE,31.84509607847126
1754,33,40,LAE,17.053245967828666
1755,33,41,LAE,32.23811592699625
1756,33,54,LAE,15.271470388796192
1757,33,40,LAE,7.509180442113647
1758,33,34,LAE,1.8615414390059062
1759,33,37,LAE,12.238516315489775
1760,33,35,LAE,10.894982025122266
1761,33,37,LAE,13.440429521344877
1762,33,34,LAE,12.504967056261451
1763,33,56,LAE,16.085763683034084
1764,33,39,LAE,14.994132484660742
1765,33,34,LAE,20.986710566115768
1766,33,63,LAE,11.094189910419372
1767,33,34,LAE,14.157717400691753
1768,33,44,LAE,10.523617479326846
1769,33,39,LAE,25.301528186735737
1770,33,34,LAE,24.762021282064197
1771,33,34,LAE,1.631127794195254
1772,33,34,LAE,1.7368683824784041
1773,33,34,LAE,1.8097988561234104
1774,31,35,LAE,16.256824373241717
1775,31,35,LAE,12.359273877316575
1776,31,35,LAE,53.27494951818918
1777,32,48,LAE,55.57936235013493
1778,32,35,LAE,22.078788974138337
1779,32,61,LAE,20.689169778291635
1780,32,39,LAE,39.4587991605722
1781,32,35,LAE,10.384549020828487
1782,32,38,LAE,11.771099854649078
1783,32,35,LAE,12.059999998449987
1784,32,35,LAE,22.194025860780282
1785,32,36,LAE,7.929001145724107
1786,32,35,LAE,47.26605844434442
1787,33,35,LAE,19.86813417216253
1788,33,35,LAE,16.502397269253468
1789,33,35,LAE,0.9142863855999606
1790,33,35,LAE,1.146315404372779
1791,33,36,LAE,23.05511910771152
1792,33,36,LAE,8.995569641535345
1793,33,35,LAE,12.094775185861844
1794,33,35,LAE,10.79432228882233
1795,33,35,LAE,10.876769359370025
1796,33,36,LAE,21.09424845736598
1797,33,35,LAE,11.539935851131801
1798,33,36,LAE,9.999826450350525
1799,33,35,LAE,2.5009449549176317
1800,33,38,LAE,15.848833944970675
1801,33,35,LAE,15.388165957782697
1802,34,44,LAE,7.657542720228538
1803,34,35,LAE,2.008052572552132
1804,34,35,LAE,13.208197924354614
1805,34,36,LAE,8.645492239603678
1806,34,35,LAE,9.689189483943586
1807,34,35,LAE,9.715043093507855
1808,34,38,LAE,1.10681827104159
1809,34,104,LAE,13.73590820685552
1810,34,35,LAE,7.368699735141001
1811,34,45,LAE,16.322735487369254
1812,34,37,LAE,16.617516254858067
1813,34,35,LAE,13.546434626283556
1814,34,35,LAE,17.450358025780382
1815,34,36,LAE,27.124098900742503
1816,34,35,LAE,0.9153836259618048
1817,34,37,LAE,15.993982408623248
1818,34,43,LAE,18.55817585439662
1819,34,35,LAE,13.712524088939743
1820,34,35,LAE,21.451531820840824
1821,34,35,LAE,9.500744193662756
1822,34,35,LAE,15.485773686752509
1823,34,35,LAE,11.11730709160866
1824,34,35,LAE,1.833970269946455
1825,34,37,LAE,14.949770407564117
1826,34,39,LAE,14.34711067266719
1827,34,35,LAE,12.006584309865447
1828,34,49,LAE,12.594962577101043
1829,34,45,LAE,17.847778809126147
1830,34,37,LAE,33.639658275614465
1831,34,35,LAE,13.36072415186991
1832,34,35,LAE,8.858937442428607
1833,34,35,LAE,14.211254460733256
1834,32,36,LAE,9.983135241269956
1835,32,36,LAE,18.568485064456084
1836,32,36,LAE,19.06122420360883
1837,32,36,LAE,9.956305202025618
1838,33,38,LAE,14.515320422939146
1839,33,41,LAE,15.37100100914763
1840,33,38,LAE,42.647658327626154
1841,33,36,LAE,16.080763096967246
1842,33,42,LAE,12.634835535387571
1843,33,36,LAE,1.8926082658117613
1844,33,36,LAE,1.458141401540367
1845,33,36,LAE,15.942129427000156
1846,33,37,LAE,16.703122834341965
1847,33,36,LAE,32.640514474572925
1848,33,40,LAE,10.513750846631499
1849,33,41,LAE,51.373002496687775
1850,33,37,LAE,11.215667617605979
1851,33,36,LAE,28.546681168577916
1852,34,36,LAE,11.206223052478288
1853,34,36,LAE,1.927961328825146
1854,34,38,LAE,1.7483012485370402
1855,34,36,LAE,51.406560713786874
1856,34,47,LAE,23.664451855061365
1857,34,36,LAE,13.350963164484547
1858,34,36,LAE,27.04200262570311
1859,34,36,LAE,17.554600108265152
1860,35,49,LAE,8.423398877123546
1861,35,37,LAE,15.494496991202219
1862,35,36,LAE,1.2987719674104585
1863,35,36,LAE,10.541291910269223
1864,35,37,LAE,15.425195521727366
1865,35,36,LAE,1.4715543069758699
1866,35,37,LAE,1.4153851628312726
1867,35,36,LAE,18.768792865512378
1868,35,36,LAE,1.8741464119001578
1869,35,39,LAE,13.504650059109183
1870,35,37,LAE,9.758501863703602
1871,35,36,LAE,34.569365853941726
1872,35,38,LAE,37.48899688684685
1873,35,36,LAE,1.4848618700938132
1874,35,36,LAE,12.914388307145497
1875,35,39,LAE,19.91530110720815
1876,35,60,LAE,23.024901711546946
1877,35,36,LAE,1.6654186489554792
1878,35,50,LAE,15.40567971142699
1879,35,40,LAE,15.463563829956316
1880,35,42,LAE,12.342348977153856
1881,35,56,LAE,13.734565975239047
1882,35,38,LAE,13.691442215906301
1883,33,37,LAE,9.983968294234614
1884,33,46,LAE,15.366302399399382
1885,33,37,LAE,9.81816550145456
1886,34,41,LAE,34.66477379478134
1887,34,43,LAE,12.08048987538236
1888,34,54,LAE,15.439059032566634
1889,34,37,LAE,1.7221552598426508
1890,34,37,LAE,24.73877516290985
1891,34,39,LAE,45.94259341640061
1892,34,41,LAE,16.872144718981694
1893,34,40,LAE,1.9077824763539228
1894,34,37,LAE,31.016276530168337
1895,35,42,LAE,13.933874448327503
1896,35,41,LAE,11.027030037653436
1897,35,47,LAE,47.156043613643604
1898,35,38,LAE,17.851280325057104
1899,35,39,LAE,9.93411573846129
1900,35,41,LAE,17.31660101582775
1901,35,40,LAE,19.436787929843472
1902,35,37,LAE,2.1942848817029086
1903,35,37,LAE,9.256911296669399
1904,35,37,LAE,14.04702954293514
1905,35,37,LAE,2.851079559381906
1906,35,56,LAE,12.316393747387677
1907,36,37,LAE,17.95046997271534
1908,36,39,LAE,11.738735217564228
1909,36,40,LAE,20.26742853221846
1910,36,37,LAE,41.299859233525325
1911,36,39,LAE,19.948682683449366
1912,36,37,LAE,23.703366203204087
1913,36,40,LAE,19.888868885442815
1914,36,42,LAE,28.925343192466762
1915,36,37,LAE,7.817827172374467
1916,36,37,LAE,1.9851827819360082
1917,36,37,LAE,26.019828805423206
1918,36,42,LAE,1.880676772686339
1919,36,39,LAE,1.1991717090958547
1920,36,37,LAE,16.678242622421372
1921,36,38,LAE,10.706693268202603
1922,36,37,LAE,26.615403498471533
1923,34,51,LAE,29.103737875994838
1924,34,46,LAE,9.246304837806461
1925,34,38,LAE,19.97158448770625
1926,34,38,LAE,26.969049823857652
1927,34,55,LAE,14.029126789780154
1928,35,40,LAE,1.746724080891432
1929,35,38,LAE,22.654863361598476
1930,35,42,LAE,2.085812296526264
1931,35,47,LAE,13.1310190257385
1932,35,38,LAE,10.78687384116894
1933,35,38,LAE,13.592510859213544
1934,35,38,LAE,7.4922294292432206
1935,35,38,LAE,1.5577243680908301
1936,35,38,LAE,13.867798966465271
1937,35,49,LAE,16.515055616864327
1938,35,42,LAE,11.438058950861068
1939,36,40,LAE,15.620635588737105
1940,36,45,LAE,26.122495662534753
1941,36,40,LAE,19.47214021242421
1942,36,38,LAE,31.181598226426953
1943,36,38,LAE,1.4865386404828054
1944,36,38,LAE,35.43503797568806
1945,36,38,LAE,17.98816576890284
1946,36,40,LAE,1.6982382347289007
1947,36,46,LAE,27.237201043043218
1948,36,38,LAE,1.64278127818433
1949,37,38,LAE,1.6592028596202013
1950,37,38,LAE,13.778814093392747
1951,37,38,LAE,16.873769160692028
1952,37,38,LAE,30.817010931260533
1953,37,40,LAE,8.827881212916646
1954,37,38,LAE,5.8472399910667665
1955,37,40,LAE,17.451726198043616
1956,37,38,LAE,28.94963376652297
1957,37,38,LAE,42.05981830309879
1958,37,44,LAE,17.481702251406418
1959,37,42,LAE,1.4885480296477733
1960,37,38,LAE,58.231349661396436
1961,37,41,LAE,6.725983542334286
1962,37,48,LAE,16.47935522996194
1963,37,39,LAE,11.971767637608865
1964,37,38,LAE,21.37981025111353
1965,37,39,LAE,18.063875142746774
1966,37,40,LAE,16.85496650167046
1967,37,42,LAE,10.603930022133822
1968,37,40,LAE,18.862226636886252
1969,37,39,LAE,0.9070474058829743
1970,37,38,LAE,43.05487300338283
1971,37,40,LAE,1.3711248952256339
1972,37,38,LAE,20.646780336550982
1973,37,40,LAE,14.759424227942123
1974,37,38,LAE,0.9857583280082121
1975,37,40,LAE,10.004802340175754
1976,37,61,LAE,31.95449907123043
1977,37,38,LAE,1.1517034987077086
1978,37,44,LAE,2.6791025762666005
1979,37,40,LAE,9.70176436914634
1980,37,38,LAE,32.3705958565674
1981,37,44,LAE,13.421307824058282
1982,37,38,LAE,18.544552431055575
1983,37,38,LAE,14.644385114689115
1984,37,38,LAE,1.7011050272153598
1985,37,45,LAE,10.131023439166526
1986,37,38,LAE,2.367548881510741
1987,35,39,LAE,11.773525558357353
1988,35,42,LAE,16.340304609878963
1989,35,40,LAE,18.88981598587347
1990,35,39,LAE,6.170255624865989
1991,35,46,LAE,24.504569517622798
1992,35,39,LAE,39.06627076744814
1993,35,39,LAE,9.626364310564941
1994,35,40,LAE,38.37122885508397
1995,36,40,LAE,21.76151946808724
1996,36,39,LAE,41.415405938612444
1997,36,39,LAE,6.231699143240883
1998,36,52,LAE,27.368142214154403
1999,36,39,LAE,28.607753970429997
2000,36,40,LAE,11.545554718724459
2001,36,39,LAE,12.821573128261688
2002,36,40,LAE,14.356123622003695
2003,37,39,LAE,28.576839177691905
2004,37,44,LAE,23.965811761629443
2005,37,39,LAE,9.858792321599564
2006,37,39,LAE,11.121429340264168
2007,37,39,LAE,12.04546780691989
2008,37,39,LAE,24.067062497460107
2009,37,43,LAE,13.25319661072415
2010,37,50,LAE,11.211530233749247
2011,37,39,LAE,31.285870436578936
2012,37,39,LAE,14.729996779416142
2013,37,41,LAE,15.290824315994762
2014,37,39,LAE,11.163819573454948
2015,37,39,LAE,13.628158524499996
2016,37,44,LAE,1.9120295571454597
2017,37,39,LAE,7.38727498661907
2018,38,48,LAE,14.098126628999237
2019,38,40,LAE,12.718210485166301
2020,38,49,LAE,9.847058864041793
2021,38,43,LAE,1.699757678920039
2022,38,53,LAE,9.513734989578214
2023,38,39,LAE,13.49802345728799
2024,38,45,LAE,19.334389786447797
2025,38,39,LAE,14.112496489676818
2026,38,39,LAE,21.922246388309357
2027,38,39,LAE,12.702758116678954
2028,38,39,LAE,38.25833998413956
2029,38,43,LAE,15.896630228399232
2030,38,55,LAE,14.56594052065185
2031,38,42,LAE,10.144068238483094
2032,38,49,LAE,14.969579121885968
2033,38,39,LAE,24.395866651820842
2034,38,42,LAE,13.647584192522963
2035,38,45,LAE,26.720982893340885
2036,38,39,LAE,12.263983037616834
2037,38,63,LAE,11.422510682245015
2038,38,54,LAE,12.253624212512767
2039,38,39,LAE,12.389793420797709
2040,38,39,LAE,1.2024054928324264
2041,38,42,LAE,11.871098690834131
2042,38,40,LAE,15.894417910262334
2043,38,39,LAE,47.73027315924812
2044,38,39,LAE,1.7523098335990825
2045,36,40,LAE,12.860820950745397
2046,36,44,LAE,38.78516761606024
2047,36,40,LAE,15.092644414508214
2048,36,41,LAE,40.2287737052264
2049,36,49,LAE,21.572123938124022
2050,37,40,LAE,43.89602604752555
2051,37,40,LAE,16.211420166434493
2052,37,40,LAE,1.3374881519267146
2053,37,40,LAE,1.2051404955122624
2054,37,40,LAE,18.071799495690374
2055,37,40,LAE,29.63720114751471
2056,37,40,LAE,12.77254668911443
2057,37,60,LAE,16.53284895674729
2058,37,43,LAE,9.953183448334713
2059,37,40,LAE,7.713654091634948
2060,37,41,LAE,1.8056033486712877
2061,38,40,LAE,11.105907950321505
2062,38,40,LAE,10.425819331904291
2063,38,47,LAE,21.42199066711253
2064,38,48,LAE,29.348415081484127
2065,38,42,LAE,13.134749288975499
2066,38,44,LAE,3.3684248427163554
2067,38,40,LAE,32.24535236038939
2068,38,40,LAE,10.346048363046714
2069,38,40,LAE,1.2883948251083612
2070,38,42,LAE,40.41282992906077
2071,38,41,LAE,12.467778501689322
2072,38,40,LAE,1.0558627640442946
2073,38,40,LAE,13.124519865373639
2074,38,40,LAE,1.1055615755622563
2075,38,57,LAE,12.554956162196637
2076,39,42,LAE,16.026962119417554
2077,39,40,LAE,15.578968363212047
2078,39,40,LAE,10.60779182519299
2079,39,40,LAE,32.06873817070181
2080,39,45,LAE,13.687569994720237
2081,39,53,LAE,13.861571455504205
2082,39,42,LAE,2.3748641055020303
2083,39,46,LAE,8.09314695520313
2084,39,40,LAE,14.346221072065465
2085,39,41,LAE,12.25740629546959
2086,39,40,LAE,2.056345993911791
2087,39,45,LAE,26.565986332622987
2088,39,43,LAE,8.684555826104406
2089,39,40,LAE,1.5105758704669976
2090,39,40,LAE,10.410840929090506
2091,39,42,LAE,33.1283094454094
2092,37,50,LAE,32.15678392162495
2093,37,49,LAE,3.446937945839686
2094,37,45,LAE,31.43891007582518
2095,37,48,LAE,11.172194384910268
2096,37,41,LAE,11.928551609867585
2097,37,41,LAE,14.824716280387728
2098,38,49,LAE,12.262374243317723
2099,38,41,LAE,26.12889157977254
2100,38,42,LAE,34.68012946571658
2101,38,44,LAE,21.434720473877828
2102,38,41,LAE,36.56399163937527
2103,38,41,LAE,1.5251765840651266
2104,38,41,LAE,12.73528415664194
2105,39,47,LAE,31.79600980286912
2106,39,54,LAE,10.291390606199416
2107,39,46,LAE,12.143767456024717
2108,39,50,LAE,9.65495371615813
2109,39,41,LAE,27.1433811757079
2110,39,41,LAE,10.538342611194059
2111,39,45,LAE,28.05664958496411
2112,39,41,LAE,23.199318969040633
2113,39,47,LAE,8.77746650204714
2114,39,41,LAE,1.449767668961067
2115,39,56,LAE,13.258662091572981
2116,39,52,LAE,10.38423293264285
2117,39,45,LAE,20.344609930392586
2118,39,42,LAE,11.183367808808573
2119,39,41,LAE,33.11707319449602
2120,39,43,LAE,13.525588840981726
2121,39,41,LAE,28.199723933454685
2122,39,41,LAE,12.10291454342022
2123,40,46,LAE,19.139679403749273
2124,40,44,LAE,12.421449246056099
2125,40,41,LAE,1.0434150979176438
2126,40,42,LAE,1.011415130957915
2127,40,45,LAE,9.484409764092366
2128,40,41,LAE,16.06643666366949
2129,40,43,LAE,21.921033669818254
2130,40,42,LAE,16.163485666191505
2131,40,45,LAE,24.139626232569366
2132,40,42,LAE,1.4896710798386852
2133,40,41,LAE,21.09311447949021
2134,40,44,LAE,14.238445394029062
2135,40,41,LAE,19.490216338376648
2136,40,41,LAE,0.8475134063710481
2137,40,45,LAE,12.208385782249437
2138,40,43,LAE,9.34331935891089
2139,40,41,LAE,0.9963691828661977
2140,40,41,LAE,2.2246646254302718
2141,40,43,LAE,1.3338357877989815
2142,40,41,LAE,1.2457561276963978
2143,40,48,LAE,13.764483731399897
2144,38,43,LAE,28.398349844787095
2145,38,42,LAE,17.342227152192677
2146,38,42,LAE,22.422011488374725
2147,38,42,LAE,34.05029999521525
2148,39,42,LAE,15.402518347335384
2149,39,42,LAE,8.28078997526703
2150,39,43,LAE,8.204382776771698
2151,39,42,LAE,12.949688480321985
2152,39,44,LAE,12.728296983960439
2153,39,43,LAE,17.387437623476792
2154,39,42,LAE,15.013403070930723
2155,39,42,LAE,15.156962787679571
2156,39,42,LAE,14.923224411352166
2157,39,42,LAE,10.406077816288132
2158,39,42,LAE,19.77636075679885
2159,39,46,LAE,45.787601529965194
2160,39,42,LAE,12.624567165846614
2161,40,42,LAE,50.74676231135838
2162,40,43,LAE,1.6028594021588554
2163,40,42,LAE,31.056354333411964
2164,40,43,LAE,30.32982822921896
2165,40,42,LAE,15.998786059970627
2166,40,45,LAE,12.80867992347602
2167,40,42,LAE,1.3413688192867919
2168,40,47,LAE,16.82922224231772
2169,40,42,LAE,11.027854595615427
2170,41,45,LAE,16.46297777583742
2171,41,42,LAE,16.335835423047083
2172,41,42,LAE,1.3744864969179635
2173,41,45,LAE,21.80164770966984
2174,41,42,LAE,22.955392445917386
2175,41,42,LAE,11.651922651027446
2176,41,42,LAE,14.91157435322558
2177,41,43,LAE,14.42026812190866
2178,41,48,LAE,37.63898057087202
2179,41,42,LAE,1.5425918608415101
2180,41,42,LAE,16.72170787181992
2181,41,42,LAE,26.876517464978924
2182,41,49,LAE,9.247970824193676
2183,41,42,LAE,14.039143579057837
2184,41,42,LAE,11.459839605418559
2185,41,42,LAE,19.754070095045627
2186,41,54,LAE,22.87071482770805
2187,39,43,LAE,9.955395150250036
2188,39,43,LAE,12.248309726706292
2189,39,43,LAE,9.018572659838298
2190,39,43,LAE,10.995415295332354
2191,39,43,LAE,9.686013213988204
2192,39,46,LAE,20.73009293961828
2193,39,43,LAE,11.141828706575795
2194,40,52,LAE,22.3500778787287
2195,40,43,LAE,7.194690087172074
2196,40,43,LAE,10.701172983751421
2197,40,43,LAE,30.041380001847887
2198,40,43,LAE,19.97978900732297
2199,40,44,LAE,10.041552967705284
2200,40,51,LAE,18.388796848454376
2201,40,47,LAE,19.391384782857816
2202,40,43,LAE,21.2225225231076
2203,40,44,LAE,20.843560535521224
2204,40,51,LAE,14.970780013370566
2205,40,54,LAE,11.738523391220518
2206,41,43,LAE,11.368358338409916
2207,41,43,LAE,10.644841043584444
2208,41,43,LAE,13.27518737387193
2209,41,43,LAE,15.243284445857356
2210,41,46,LAE,16.4165475209103
2211,41,43,LAE,14.145386124587892
2212,41,49,LAE,9.366107674183892
2213,41,43,LAE,6.240756481333289
2214,41,53,LAE,17.824800875845174
2215,41,45,LAE,12.724707710345003
2216,41,43,LAE,13.137869441935571
2217,41,43,LAE,22.81259716905389
2218,41,45,LAE,7.873678007643385
2219,42,64,LAE,34.63038292910706
2220,42,43,LAE,52.238286208958726
2221,42,43,LAE,30.16279495653869
2222,42,46,LAE,40.888622145065185
2223,42,43,LAE,9.960344900519633
2224,42,43,LAE,19.215219407946538
2225,42,43,LAE,1.8746547618357956
2226,42,43,LAE,12.13252568920368
2227,42,43,LAE,10.72281793636892
2228,42,45,LAE,22.51218816344497
2229,42,80,LAE,14.047771538675583
2230,42,43,LAE,7.300933516554522
2231,42,43,LAE,20.046741841418932
2232,42,44,LAE,9.713193269064705
2233,42,45,LAE,9.501645805394183
2234,42,46,LAE,1.4284703500325522
2235,42,43,LAE,9.92878704602056
2236,42,43,LAE,9.191806232627204
2237,40,48,LAE,17.0213407182847
2238,40,52,LAE,17.33973868734473
2239,40,44,LAE,9.548631368234881
2240,40,54,LAE,8.310796405608578
2241,40,44,LAE,15.867569527026046
2242,40,44,LAE,20.183607587047604
2243,41,46,LAE,10.607252922337214
2244,41,47,LAE,13.356926886447456
2245,41,47,LAE,12.284029727453621
2246,42,50,LAE,14.261756785257433
2247,42,44,LAE,13.414997100391252
2248,42,44,LAE,1.0897958798350962
2249,42,44,LAE,11.003859559352357
2250,42,44,LAE,28.21295498623503
2251,42,48,LAE,10.660410878605719
2252,42,44,LAE,11.764633633863577
2253,42,44,LAE,10.821839606440763
2254,42,52,LAE,18.18100131054827
2255,42,44,LAE,16.29964800967431
2256,42,44,LAE,16.510183897376308
2257,42,49,LAE,9.144859314711203
2258,43,49,LAE,38.24994685141011
2259,43,44,LAE,11.427985110375358
2260,43,46,LAE,1.3942978124517782
2261,43,48,LAE,13.59589147841116
2262,43,47,LAE,14.854431288473803
2263,43,49,LAE,46.50254119596637
2264,43,46,LAE,23.650429780348425
2265,43,47,LAE,14.306136925698313
2266,43,44,LAE,1.2871025509205163
2267,43,46,LAE,9.235252793050961
2268,43,44,LAE,11.039182989573648
2269,43,45,LAE,0.9602283237791235
2270,43,44,LAE,1.2333685323836414
2271,43,69,LAE,16.667430822587136
2272,43,44,LAE,1.703144136186993
2273,43,46,LAE,13.457393527540042
2274,43,44,LAE,1.3247072199120713
2275,43,49,LAE,9.000744796523076
2276,43,44,LAE,1.9027872549884777
2277,43,49,LAE,13.00038153703716
2278,43,57,LAE,23.770855731040665
2279,43,44,LAE,2.015704420357766
2280,43,44,LAE,12.644663653013833
2281,43,52,LAE,10.331888657857075
2282,43,44,LAE,7.217413320160097
2283,43,44,LAE,2.090101050442825
2284,43,44,LAE,11.46900971191379
2285,41,55,LAE,6.497307329899823
2286,41,53,LAE,9.08661843473727
2287,41,45,LAE,13.574885696224033
2288,41,45,LAE,9.756052716741273
2289,41,45,LAE,40.02850491447399
2290,42,61,LAE,9.610761506703444
2291,42,45,LAE,7.063395265055315
2292,42,45,LAE,52.374896079486504
2293,42,53,LAE,2.7715875536986876
2294,42,52,LAE,33.52231285217717
2295,42,45,LAE,29.852289207626598
2296,42,45,LAE,8.339060312678207
2297,43,45,LAE,10.23063923188715
2298,43,50,LAE,10.67992945985713
2299,43,49,LAE,14.353218020987175
2300,43,45,LAE,1.7365809086403186
2301,43,49,LAE,27.411018213974884
2302,43,45,LAE,9.381971979540847
2303,43,45,LAE,1.2770773634105732
2304,43,46,LAE,10.195840032370844
2305,43,45,LAE,8.563009769297457
2306,43,45,LAE,3.5398650024615192
2307,44,59,LAE,9.97904297172149
2308,44,45,LAE,29.945936358164378
2309,44,45,LAE,8.16921750231879
2310,44,45,LAE,14.382998024151272
2311,44,45,LAE,13.241148176623815
2312,44,46,LAE,10.45541423990543
2313,44,45,LAE,33.778168848332335
2314,44,50,LAE,12.053197357198233
2315,44,47,LAE,53.88146150479685
2316,44,46,LAE,13.522916403875728
2317,44,46,LAE,22.134810515707784
2318,44,48,LAE,1.16695578145064
2319,44,45,LAE,39.846526648487284
2320,44,45,LAE,8.848724517217562
2321,44,47,LAE,29.041955949196147
2322,44,45,LAE,1.9666354046154284
2323,44,46,LAE,13.101213606529841
2324,44,48,LAE,7.380312557897329
2325,44,45,LAE,9.779768845898639
2326,44,45,LAE,9.819943848837173
2327,44,47,LAE,1.8035237384699734
2328,44,45,LAE,12.531980280438107
2329,44,68,LAE,9.885409496793008
2330,44,45,LAE,9.179626545601266
2331,44,45,LAE,2.433632863582913
2332,44,45,LAE,1.4927962303062454
2333,44,45,LAE,11.363616747095143
2334,44,52,LAE,13.09357888070504
2335,44,45,LAE,7.842010870193511
2336,44,50,LAE,16.533681864667827
2337,44,45,LAE,19.19531890982676
2338,42,53,LAE,8.767003137901463
2339,42,57,LAE,24.456668554050093
2340,43,46,LAE,25.51204559323512
2341,43,47,LAE,15.369243944104298
2342,43,46,LAE,10.940861509024836
2343,43,47,LAE,24.371785526094232
2344,43,46,LAE,1.2413741963286264
2345,43,46,LAE,2.829721840331536
2346,43,46,LAE,26.696060694787736
2347,43,46,LAE,12.077385352419034
2348,43,59,LAE,16.42838287112881
2349,44,88,LAE,10.585478970137432
2350,44,46,LAE,9.9602112175643
2351,44,48,LAE,2.32649430915927
2352,44,47,LAE,16.74690111119508
2353,44,46,LAE,0.8724884133708135
2354,44,46,LAE,1.4566407712198721
2355,44,49,LAE,29.517856110791953
2356,44,53,LAE,7.21055067421917
2357,44,48,LAE,18.62778978419661
2358,44,55,LAE,35.92459124194577
2359,44,53,LAE,43.77537524865431
2360,45,46,LAE,32.00575392380453
2361,45,46,LAE,9.930215561931552
2362,45,49,LAE,11.697000884100632
2363,45,56,LAE,13.84618485422141
2364,45,48,LAE,10.337643260992154
2365,45,50,LAE,13.144645106438988
2366,45,50,LAE,7.07643947021375
2367,45,47,LAE,13.748255157901282
2368,45,46,LAE,8.024394846767166
2369,45,46,LAE,34.19528869172919
2370,45,46,LAE,22.54078016411223
2371,45,46,LAE,9.567362044515441
2372,45,52,LAE,15.196181376299068
2373,45,52,LAE,14.402580021180485
2374,45,46,LAE,1.1891991122159087
2375,45,48,LAE,11.475843921573711
2376,45,55,LAE,10.658380935339771
2377,43,48,LAE,12.223633102671648
2378,43,48,LAE,57.56040909548473
2379,43,47,LAE,39.65506000529272
2380,43,49,LAE,12.480413804424813
2381,43,51,LAE,9.670695256105116
2382,43,47,LAE,18.336654463788758
2383,44,47,LAE,16.61268797090951
2384,44,50,LAE,24.347007253370304
2385,44,50,LAE,9.602464845210886
2386,44,55,LAE,35.38372003334011
2387,44,50,LAE,34.17479163449662
2388,44,48,LAE,35.298321447535294
2389,44,47,LAE,9.057509094376277
2390,44,47,LAE,12.900821743715243
2391,44,54,LAE,6.742839301144948
2392,44,47,LAE,25.2838140124969
2393,44,74,LAE,27.881376077701017
2394,44,48,LAE,39.10447173783824
2395,44,47,LAE,18.383449015345853
2396,45,48,LAE,21.91894784157723
2397,45,51,LAE,29.58082108143236
2398,45,47,LAE,22.26612379440193
2399,45,52,LAE,10.04770221633275
2400,45,56,LAE,10.696515716497071
2401,45,48,LAE,14.288436165863477
2402,45,47,LAE,7.422253165019041
2403,45,47,LAE,37.49191428251558
2404,46,51,LAE,12.316018127441955
2405,46,48,LAE,0.8438944465438856
2406,46,48,LAE,2.244325058741316
2407,46,47,LAE,29.580534343462986
2408,46,47,LAE,1.087483255518692
2409,46,49,LAE,14.295670421238583
2410,46,47,LAE,14.123411983871184
2411,46,47,LAE,1.1457388969734326
2412,46,57,LAE,10.900329431002032
2413,46,51,LAE,13.890096292645529
2414,46,59,LAE,30.215596074540617
2415,46,53,LAE,12.165579875382443
2416,46,49,LAE,9.267779930930182
2417,46,94,LAE,42.98709835163796
2418,46,59,LAE,24.180378852374087
2419,46,47,LAE,15.182882990273171
2420,46,47,LAE,1.706485809995192
2421,46,53,LAE,38.845482361430626
2422,46,47,LAE,8.03853559385724
2423,46,51,LAE,14.968433366440271
2424,46,47,LAE,2.3176802110972523
2425,46,53,LAE,10.603532419942672
2426,46,48,LAE,32.53870569580972
2427,46,47,LAE,12.32655300220186
2428,46,47,LAE,2.413421881745973
2429,46,47,LAE,9.887608373212982
2430,46,51,LAE,1.7781327087004213
2431,46,49,LAE,28.550371222139642
2432,46,47,LAE,24.137860954639393
2433,46,55,LAE,8.132181690676203
2434,46,52,LAE,22.63629311579971
2435,46,47,LAE,11.360771783107937
2436,46,57,LAE,15.059278903189842
2437,46,48,LAE,11.020855507282334
2438,46,47,LAE,9.962920256941722
2439,46,47,LAE,14.760982915093555
2440,44,49,LAE,23.649608440284187
2441,44,56,LAE,14.301258410459653
2442,44,55,LAE,2.734106511052805
2443,44,48,LAE,27.848871781075204
2444,44,48,LAE,17.080555230004776
2445,45,48,LAE,12.752095233006955
2446,45,50,LAE,19.09528971792526
2447,45,48,LAE,1.6993026242081646
2448,45,48,LAE,13.976673058169846
2449,45,48,LAE,13.273781409514461
2450,45,56,LAE,13.718154728343206
2451,45,60,LAE,18.29955413544456
2452,46,49,LAE,49.46830322927412
2453,46,52,LAE,1.6007453291567495
2454,46,48,LAE,15.936879976724217
2455,46,48,LAE,6.591962774848491
2456,46,48,LAE,11.28764106145462
2457,46,48,LAE,12.13353045819505
2458,46,48,LAE,10.434556074705108
2459,46,48,LAE,10.382695824706754
2460,46,49,LAE,12.08220132699817
2461,46,48,LAE,10.512122310633485
2462,46,49,LAE,8.925008286076883
2463,46,60,LAE,12.915825969570946
2464,46,50,LAE,24.894699046792056
2465,46,50,LAE,1.8723001238847512
2466,46,54,LAE,13.653193951155586
2467,46,48,LAE,13.914264166335828
2468,46,51,LAE,12.660943448982726
2469,46,48,LAE,8.910063559675011
2470,47,48,LAE,45.7697781956419
2471,47,48,LAE,6.955234419133845
2472,47,50,LAE,11.84986303650756
2473,47,61,LAE,16.300857589153143
2474,47,51,LAE,10.10902237924301
2475,47,48,LAE,15.051726173534533
2476,47,48,LAE,1.5502631061070398
2477,47,55,LAE,14.287785867159892
2478,47,48,LAE,11.422660498266232
2479,47,54,LAE,8.796836516162026
2480,47,58,LAE,14.590797750400604
2481,47,49,LAE,11.536810294780102
2482,47,50,LAE,19.345792322407185
2483,47,48,LAE,11.429619032366126
2484,47,53,LAE,2.3500100668124255
2485,47,48,LAE,1.2694963363553908
2486,47,65,LAE,13.507871901565192
2487,47,48,LAE,16.88694619149949
2488,47,48,LAE,9.278916077447155
2489,47,49,LAE,10.97363461888519
2490,47,50,LAE,12.406413405632703
2491,47,51,LAE,2.4113215578303047
2492,47,50,LAE,10.814000635295251
2493,45,58,LAE,22.472992356329026
2494,45,50,LAE,1.3369245894042725
2495,45,49,LAE,1.7213557180464054
2496,45,54,LAE,8.547083188358894
2497,45,49,LAE,10.741679989998012
2498,45,49,LAE,7.250333863632933
2499,45,49,LAE,43.711995221961836
2500,46,51,LAE,24.067411400052897
2501,46,49,LAE,10.8183758196673
2502,46,49,LAE,8.12380091122123
2503,46,49,LAE,2.0473268339773942
2504,46,49,LAE,2.0588585519295712
2505,46,51,LAE,8.844553915609827
2506,46,61,LAE,15.027311497429954
2507,47,49,LAE,20.033284339478175
2508,47,52,LAE,14.254191968012286
2509,47,49,LAE,13.031180631658046
2510,47,50,LAE,8.734008324533736
2511,47,53,LAE,46.06162066961572
2512,47,52,LAE,15.82216159595216
2513,47,49,LAE,14.851186802558665
2514,47,49,LAE,11.710720726392088
2515,47,49,LAE,9.87969033834245
2516,47,50,LAE,10.267182191654722
2517,47,49,LAE,26.642834161470024
2518,47,49,LAE,14.523633250987183
2519,47,49,LAE,9.192974704721284
2520,47,49,LAE,28.280946506447417
2521,47,49,LAE,21.974971916466327
2522,47,49,LAE,7.6048650357163075
2523,47,50,LAE,26.470764913121712
2524,48,52,LAE,9.832793190519272
2525,48,55,LAE,17.2200592018682
2526,48,49,LAE,1.05243286253397
2527,48,51,LAE,24.269334181720637
2528,48,49,LAE,12.170747607766085
2529,48,49,LAE,35.64667023480842
2530,48,49,LAE,8.647431650668505
2531,48,55,LAE,13.149209821793246
2532,48,49,LAE,18.719306358440257
2533,48,51,LAE,18.06038831161578
2534,48,52,LAE,2.267466387685734
2535,48,52,LAE,32.101707928440234
2536,48,49,LAE,1.7286290918913405
2537,48,49,LAE,12.289804974147387
2538,48,51,LAE,1.8211761380363556
2539,48,50,LAE,10.347034541590933
2540,48,53,LAE,12.661581491257916
2541,48,49,LAE,14.063133562816923
2542,48,51,LAE,13.28000125299899
2543,48,49,LAE,11.696513749426881
2544,46,60,LAE,18.79494585864719
2545,46,51,LAE,39.96096158241318
2546,46,68,LAE,16.01319015762181
2547,47,50,LAE,15.255581261439051
2548,47,50,LAE,18.554093444747863
2549,48,63,LAE,11.343293841952878
2550,48,50,LAE,7.85527102816634
2551,48,53,LAE,2.2068390672848133
2552,48,52,LAE,22.910437847995954
2553,48,50,LAE,1.2587415866934608
2554,48,51,LAE,1.5975852640515213
2555,48,67,LAE,24.24397585547232
2556,48,52,LAE,8.999053037072887
2557,48,57,LAE,11.454379589874632
2558,49,54,LAE,12.284099737253866
2559,49,53,LAE,3.318102681831905
2560,49,50,LAE,9.405235104563134
2561,49,50,LAE,13.820153671309605
2562,49,50,LAE,13.076811495495155
2563,49,55,LAE,11.490754561866762
2564,49,51,LAE,11.701791348758313
2565,49,60,LAE,5.7925838496494055
2566,49,50,LAE,9.96079932307909
2567,49,54,LAE,11.45923068493255
2568,49,61,LAE,38.44787832239891
2569,49,50,LAE,9.21032835306133
2570,49,55,LAE,8.687863890466435
2571,49,52,LAE,16.914322820801285
2572,49,50,LAE,13.094693226770346
2573,49,52,LAE,7.456204670348722
2574,49,62,LAE,12.441749911667983
2575,49,50,LAE,19.392843760758186
2576,49,57,LAE,7.836747423267375
2577,49,52,LAE,1.7499787708621188
2578,49,50,LAE,35.575070363107244
2579,49,50,LAE,1.8524327578660562
2580,49,50,LAE,1.5598497277107852
2581,49,51,LAE,16.81148445415921
2582,49,50,LAE,3.8742457652501794
2583,49,52,LAE,58.59392586701874
2584,49,52,LAE,11.008508303110094
2585,47,51,LAE,9.918045367275537
2586,47,52,LAE,26.18159677955435
2587,47,59,LAE,14.86754815569618
2588,47,51,LAE,8.265282212290197
2589,48,51,LAE,27.35125370112015
2590,48,52,LAE,16.653074833346306
2591,48,51,LAE,12.800698996632484
2592,48,51,LAE,10.030598740084496
2593,48,55,LAE,25.071465402654493
2594,48,53,LAE,20.321911353483067
2595,49,51,LAE,11.177931676869802
2596,49,51,LAE,14.641734499656208
2597,49,51,LAE,1.7270951474861362
2598,49,51,LAE,1.024474983376712
2599,49,60,LAE,28.283014274127815
2600,49,51,LAE,14.222312690960809
2601,49,52,LAE,27.454155293806163
2602,49,51,LAE,18.570238689618215
2603,49,51,LAE,8.391148280125025
2604,49,56,LAE,14.579375891917458
2605,49,51,LAE,13.385403022251534
2606,49,55,LAE,10.923290508073594
2607,49,51,LAE,20.751674763070415
2608,49,56,LAE,2.036994247696088
2609,50,51,LAE,26.337706819959262
2610,50,52,LAE,29.076673022299538
2611,50,54,LAE,47.659645883341184
2612,50,59,LAE,16.394200423541676
2613,50,51,LAE,24.933280594133546
2614,50,56,LAE,19.318793088015397
2615,50,53,LAE,7.848697044915931
2616,50,51,LAE,1.1143463987747624
2617,50,51,LAE,14.907886134674637
2618,50,51,LAE,21.555234687445363
2619,50,59,LAE,2.61765423900882
2620,50,51,LAE,19.704432292239243
2621,50,51,LAE,1.241205784696975
2622,50,52,LAE,1.8387156180992064
2623,50,63,LAE,13.12152952732125
2624,50,54,LAE,12.690091175757857
2625,50,52,LAE,6.527175225406172
2626,50,51,LAE,1.2214408947326085
2627,50,51,LAE,32.599590249561004
2628,50,51,LAE,22.361196910127003
2629,50,51,LAE,34.754895298497274
2630,50,51,LAE,31.91456788806984
2631,50,51,LAE,13.211427935932551
2632,48,52,LAE,16.57845743231392
2633,48,52,LAE,27.697517468523937
2634,48,56,LAE,17.249879476644427
2635,48,52,LAE,12.288619991826554
2636,48,52,LAE,12.274794954626506
2637,48,52,LAE,20.868485853347558
2638,48,62,LAE,14.313677839310577
2639,48,52,LAE,5.256855491654942
2640,48,52,LAE,15.971082551200727
2641,48,52,LAE,6.371719666878201
2642,48,55,LAE,17.69379553004679
2643,49,53,LAE,26.79180945131712
2644,49,52,LAE,1.232535386906378
2645,49,58,LAE,12.034352621874064
2646,49,54,LAE,35.51401184361191
2647,49,71,LAE,40.558281627039854
2648,49,57,LAE,15.136344897547371
2649,49,53,LAE,1.6353010663987353
2650,49,52,LAE,2.1457862298540147
2651,50,71,LAE,12.720307855519007
2652,50,54,LAE,15.7250615704653
2653,50,52,LAE,1.0176326076893356
2654,50,52,LAE,9.878770834511897
2655,50,52,LAE,13.34387068741258
2656,50,52,LAE,11.778903481921484
2657,50,53,LAE,12.635390323333164
2658,50,58,LAE,7.158098054264591
2659,51,52,LAE,25.548051631355477
2660,51,52,LAE,11.279890143319726
2661,51,55,LAE,14.45128023660752
2662,51,55,LAE,11.024219553158238
2663,51,52,LAE,15.513193171672919
2664,51,62,LAE,11.44515504970367
2665,51,53,LAE,6.470256050037288
2666,51,52,LAE,1.5044534169318995
2667,51,52,LAE,13.534656554379254
2668,51,52,LAE,12.93635486549693
2669,51,52,LAE,11.373226840296995
2670,51,52,LAE,8.82934599480893
2671,51,55,LAE,1.3959360027075594
2672,51,53,LAE,25.671884552679824
2673,51,52,LAE,17.313227526012323
2674,49,53,LAE,2.0471148915996253
2675,49,56,LAE,13.597732765308102
2676,50,55,LAE,15.230679709423942
2677,50,53,LAE,9.258306999988424
2678,50,54,LAE,5.661798090810426
2679,50,55,LAE,44.21044069629801
2680,50,53,LAE,9.348824608219951
2681,50,53,LAE,2.079686152236255
2682,50,53,LAE,45.891537822638156
2683,50,73,LAE,33.40530609677395
2684,50,53,LAE,13.637687756553895
2685,51,54,LAE,10.12965545139517
2686,51,53,LAE,13.565909058243651
2687,51,53,LAE,15.573132022917418
2688,51,56,LAE,13.222836118340725
2689,51,53,LAE,9.355574774296342
2690,51,58,LAE,13.248986366456938
2691,51,53,LAE,29.214782664279458
2692,51,53,LAE,7.504980691342557
2693,51,57,LAE,15.343013278066978
2694,51,56,LAE,11.86904068947608
2695,51,59,LAE,6.871329009429682
2696,52,54,LAE,14.261526362289587
2697,52,53,LAE,14.117479087760069
2698,52,60,LAE,7.411323856974564
2699,52,53,LAE,10.78163530248591
2700,52,53,LAE,1.4956111799991085
2701,52,53,LAE,13.57626224199512
2702,52,53,LAE,1.7762438969833299
2703,52,53,LAE,12.896081773016673
2704,52,59,LAE,27.856467059366924
2705,52,54,LAE,20.161175700748036
2706,52,55,LAE,27.91876630285843
2707,52,53,LAE,14.35767317358621
2708,52,53,LAE,10.220121354962371
2709,52,62,LAE,30.457456558263495
2710,52,58,LAE,2.4117374166856544
2711,52,53,LAE,10.0218859770198
2712,52,53,LAE,10.452241073446585
2713,52,54,LAE,25.36429500652558
2714,52,80,LAE,12.881736075701454
2715,52,56,LAE,11.19403910002646
2716,52,53,LAE,12.8666621020817
2717,50,57,LAE,5.240022488163042
2718,51,54,LAE,12.972593269549979
2719,51,64,LAE,9.756285215260167
2720,51,55,LAE,47.709091774408165
2721,51,60,LAE,18.019808557279646
2722,51,54,LAE,9.618864517998778
2723,52,55,LAE,11.696254063040547
2724,52,62,LAE,26.37090078231534
2725,52,54,LAE,11.239709299486794
2726,52,55,LAE,1.706520206646546
2727,52,54,LAE,32.68402757526733
2728,52,54,LAE,15.593569241462212
2729,52,55,LAE,8.274845493263673
2730,52,55,LAE,19.865641207030567
2731,52,54,LAE,48.107243239422914
2732,52,61,LAE,25.675729666561903
2733,52,54,LAE,24.699992561046187
2734,53,57,LAE,4.08848638016881
2735,53,54,LAE,23.99647114484426
2736,53,54,LAE,17.585657231111465
2737,53,54,LAE,12.079032903360444
2738,53,61,LAE,9.067446383957014
2739,53,55,LAE,11.812904011524076
2740,53,54,LAE,14.250588174488083
2741,53,54,LAE,21.13339326464522
2742,53,54,LAE,37.66354204714383
2743,53,55,LAE,16.2918724162324
2744,53,54,LAE,7.974071943813124
2745,53,54,LAE,27.021818151356204
2746,53,60,LAE,11.15789543202199
2747,53,54,LAE,29.91909742408306
2748,53,61,LAE,22.843082499508697
2749,53,60,LAE,9.061505080301481
2750,53,61,LAE,11.056797392945102
2751,53,60,LAE,15.52944856613731
2752,53,64,LAE,34.80752088076241
2753,53,57,LAE,18.389580894569526
2754,53,55,LAE,12.011798686672362
2755,53,55,LAE,24.293198637654566
2756,53,54,LAE,15.890424205507664
2757,53,54,LAE,9.812219244290052
2758,53,59,LAE,11.084283707012272
2759,53,59,LAE,10.744613316871963
2760,53,54,LAE,12.248863010836475
2761,51,55,LAE,17.075821876820658
2762,51,57,LAE,13.593805013811576
2763,51,58,LAE,5.9473717321221296
2764,51,56,LAE,6.010802827720892
2765,51,55,LAE,17.190186930292843
2766,51,57,LAE,2.6845010512569516
2767,52,55,LAE,9.233861973513164
2768,52,55,LAE,13.18697126693832
2769,52,57,LAE,21.575964841097953
2770,52,55,LAE,12.707680715990907
2771,52,63,LAE,16.07406788646747
2772,52,55,LAE,15.893711360646316
2773,52,56,LAE,1.2567396260431831
2774,52,56,LAE,11.607719820477282
2775,53,57,LAE,10.463093913427317
2776,53,55,LAE,10.19435800584675
2777,53,56,LAE,13.809747134705567
2778,53,57,LAE,8.71008778524035
2779,53,65,LAE,13.144374059714645
2780,53,55,LAE,11.902744313004904
2781,53,57,LAE,22.926853034138304
2782,53,60,LAE,15.858617104072723
2783,53,63,LAE,8.41505258919032
2784,53,61,LAE,15.777136912405346
2785,53,61,LAE,21.960631824191648
2786,53,55,LAE,14.740131253892146
2787,54,55,LAE,4.748279565284027
2788,54,58,LAE,8.699914558312457
2789,54,59,LAE,2.8042115998087613
2790,54,55,LAE,9.374350313481589
2791,54,55,LAE,1.830677488257191
2792,54,55,LAE,49.600713863914415
2793,54,55,LAE,6.676507050314359
2794,54,55,LAE,7.664826415016811
2795,54,70,LAE,13.033802285270296
2796,54,61,LAE,14.200750271205521
2797,54,59,LAE,34.11375224447928
2798,54,58,LAE,1.477302413687132
2799,54,61,LAE,14.313758190057369
2800,54,55,LAE,1.5477169066985041
2801,54,63,LAE,21.05868896760479
2802,54,55,LAE,9.526157933307962
2803,54,55,LAE,1.6023044175384171
2804,54,55,LAE,1.248491501099871
2805,54,55,LAE,26.729930338370806
2806,54,55,LAE,15.875664802683707
2807,52,57,LAE,23.611736976200007
2808,52,56,LAE,33.80186709556647
2809,52,58,LAE,24.081507879758718
2810,52,62,LAE,24.976673565811925
2811,53,56,LAE,9.180391747624169
2812,53,57,LAE,13.928268638110815
2813,53,61,LAE,7.514698849675744
2814,53,65,LAE,18.151864086173507
2815,53,59,LAE,51.76961588589932
2816,53,56,LAE,8.808645423161916
2817,53,56,LAE,7.6853296754563365
2818,53,59,LAE,14.253899370500685
2819,53,58,LAE,8.567460668082472
2820,54,73,LAE,35.08663533049648
2821,54,56,LAE,2.87626958705771
2822,54,57,LAE,11.871000926816432
2823,54,62,LAE,16.452856040660855
2824,54,56,LAE,41.87854690982986
2825,54,56,LAE,12.18570501242156
2826,54,56,LAE,11.718537727853438
2827,54,56,LAE,1.7651143445531319
2828,54,56,LAE,5.5049360569577575
2829,54,57,LAE,10.35049754673035
2830,54,56,LAE,12.793688936368744
2831,55,58,LAE,33.46203336121855
2832,55,58,LAE,23.0055276710366
2833,55,56,LAE,18.339013309728365
2834,55,59,LAE,22.68984746221317
2835,55,56,LAE,1.1973854171491565
2836,55,56,LAE,1.5071988694403735
2837,55,56,LAE,16.216910994579894
2838,55,56,LAE,28.876600793881845
2839,55,57,LAE,12.24910450797817
2840,55,58,LAE,15.35032759311849
2841,55,56,LAE,12.140520955681966
2842,55,56,LAE,3.988125012155096
2843,55,60,LAE,2.264885076128064
2844,55,58,LAE,1.1589777926386835
2845,55,59,LAE,13.502144297891421
2846,55,56,LAE,27.438738336215366
2847,55,56,LAE,18.126365505728423
2848,55,60,LAE,29.839538524954325
2849,55,61,LAE,14.725186535983022
2850,55,59,LAE,14.526538260420491
2851,53,57,LAE,35.94874813454515
2852,53,59,LAE,19.537330107014412
2853,53,61,LAE,14.419547778690655
2854,53,64,LAE,13.844307348054082
2855,53,62,LAE,13.156668733245994
2856,54,57,LAE,18.890999252344038
2857,54,57,LAE,16.085098292038232
2858,54,64,LAE,9.140468978287537
2859,54,57,LAE,7.131600102827005
2860,54,57,LAE,14.006269108242462
2861,55,57,LAE,3.285476205761048
2862,55,61,LAE,19.447658080045297
2863,55,57,LAE,19.66588549928933
2864,55,57,LAE,26.128081785691485
2865,55,63,LAE,26.845225515304087
2866,55,57,LAE,11.639791690345413
2867,55,58,LAE,10.818723633149007
2868,55,58,LAE,13.7137428949757
2869,55,62,LAE,9.415102124686525
2870,55,63,LAE,11.363795026753944
2871,55,58,LAE,1.361170315897494
2872,55,63,LAE,17.138403212512355
2873,55,64,LAE,11.184770195309225
2874,55,57,LAE,1.4640783397510224
2875,56,60,LAE,18.498230528323617
2876,56,57,LAE,7.442717386997297
2877,56,57,LAE,25.359915280364135
2878,56,61,LAE,14.095098925091769
2879,56,57,LAE,16.99354834212031
2880,56,61,LAE,12.653984143373693
2881,56,58,LAE,5.897129939830977
2882,56,65,LAE,5.6434859248131755
2883,56,62,LAE,12.47537713314052
2884,56,57,LAE,28.696209425265618
2885,56,57,LAE,0.8010352750961488
2886,56,57,LAE,11.526564577661407
2887,56,57,LAE,21.409287007960813
2888,56,57,LAE,2.9949988834402084
2889,56,57,LAE,16.03417131482659
2890,56,62,LAE,15.637989725054005
2891,56,57,LAE,14.824185183025156
2892,54,58,LAE,1.745364335121495
2893,54,77,LAE,15.96953089662057
2894,54,58,LAE,8.35017065050447
2895,54,61,LAE,5.743224230644188
2896,54,62,LAE,4.887371013317268
2897,54,58,LAE,17.332187314920876
2898,55,71,LAE,12.348964839976674
2899,55,58,LAE,1.3171485593140158
2900,55,66,LAE,11.86012675055074
2901,55,59,LAE,2.163277764227494
2902,55,62,LAE,11.456221262792708
2903,55,58,LAE,55.503000761468435
2904,55,58,LAE,21.681349682186223
2905,55,58,LAE,9.100908907617848
2906,56,66,LAE,12.905262628638697
2907,56,58,LAE,13.993178023110595
2908,56,63,LAE,11.349307841274019
2909,56,62,LAE,17.24374923090568
2910,56,59,LAE,12.64513084669734
2911,56,63,LAE,11.145383754631073
2912,56,58,LAE,5.942605862677776
2913,56,60,LAE,12.23889411969691
2914,56,58,LAE,10.710625744023824
2915,56,58,LAE,16.703618911604465
2916,56,64,LAE,24.150094669246716
2917,57,58,LAE,9.924251580424611
2918,57,58,LAE,1.5955366630943102
2919,57,64,LAE,38.96549614463382
2920,57,58,LAE,12.36661163573399
2921,57,60,LAE,10.611288281071628
2922,57,62,LAE,29.84788603030509
2923,57,58,LAE,15.888829204245692
2924,57,59,LAE,11.227145886951831
2925,57,58,LAE,9.66750150004241
2926,57,63,LAE,18.03429256092208
2927,57,58,LAE,32.25527537782901
2928,57,58,LAE,16.052840532226504
2929,57,61,LAE,26.79873893302855
2930,57,63,LAE,14.551939354892461
2931,57,58,LAE,20.802991451265004
2932,57,58,LAE,1.7099479907129573
2933,57,58,LAE,1.1319283247756968
2934,55,59,LAE,2.139963809327264
2935,55,59,LAE,2.9293923484612856
2936,56,59,LAE,58.717776574776636
2937,56,59,LAE,17.27717185923722
2938,56,59,LAE,10.500816009989032
2939,57,59,LAE,13.954114078817888
2940,57,59,LAE,12.371481318379582
2941,57,59,LAE,14.582111143472975
2942,57,59,LAE,36.79989410651228
2943,57,59,LAE,21.37659446037517
2944,57,70,LAE,7.409838829054119
2945,57,66,LAE,12.073582721300326
2946,57,103,LAE,11.11789742213647
2947,57,59,LAE,19.856842906699008
2948,57,63,LAE,11.273771955831316
2949,57,59,LAE,15.101829261607675
2950,57,59,LAE,30.366606043272295
2951,57,59,LAE,5.6318895185189035
2952,58,71,LAE,13.16887844443938
2953,58,62,LAE,20.870538505212924
2954,58,59,LAE,20.034665167227978
2955,58,59,LAE,7.606309458054947
2956,58,61,LAE,15.735100881840937
2957,58,59,LAE,11.721420782883676
2958,58,59,LAE,14.290308952340059
2959,58,63,LAE,12.825564124903794
2960,58,62,LAE,1.9756823706352247
2961,58,59,LAE,10.76456835438684
2962,58,59,LAE,11.142884508026958
2963,58,62,LAE,17.10616857105344
2964,58,60,LAE,8.80908409708908
2965,58,66,LAE,12.140304886281333
2966,58,59,LAE,26.623842287389373
2967,58,59,LAE,16.808508868564616
2968,58,59,LAE,1.9554663423111383
2969,58,63,LAE,18.969737739516777
2970,58,59,LAE,11.498056563113511
2971,58,59,LAE,2.4155461302556187
2972,58,59,LAE,1.545440860595264
2973,58,59,LAE,13.00749921625444
2974,56,64,LAE,10.5482641744034
2975,56,67,LAE,14.434329803033076
2976,56,60,LAE,13.084729813398623
2977,56,65,LAE,11.116449518205211
2978,56,65,LAE,57.89231098408503
2979,57,60,LAE,26.03815847493879
2980,57,63,LAE,11.634454484826156
2981,57,60,LAE,17.620424635609833
2982,57,60,LAE,26.527967057494653
2983,57,60,LAE,5.168744652941003
2984,57,69,LAE,19.270605976137848
2985,58,62,LAE,12.767224280798967
2986,58,61,LAE,10.044789838663949
2987,58,60,LAE,9.61041275887583
2988,58,64,LAE,15.193975624294572
2989,58,60,LAE,4.215119316020763
2990,58,63,LAE,44.720856542588265
2991,58,75,LAE,9.925747596655428
2992,58,68,LAE,11.067868172052718
2993,58,74,LAE,12.936083944086706
2994,58,60,LAE,10.77691955033561
2995,59,60,LAE,15.962543655787378
2996,59,78,LAE,12.289102408551756
2997,59,63,LAE,24.090753004797925
2998,59,62,LAE,21.57826805064576
2999,59,64,LAE,11.532165621537624
3000,59,60,LAE,23.43380928433304
3001,59,60,LAE,2.171128977413275
3002,59,63,LAE,12.159356595174344
3003,59,63,LAE,1.7356826938381125
3004,59,60,LAE,9.748684589980142
3005,59,60,LAE,26.044319434779243
3006,59,60,LAE,21.738534358268495
3007,59,68,LAE,11.655639774845751
3008,59,60,LAE,12.704525910583143
3009,59,64,LAE,6.663344223358124
3010,59,60,LAE,22.972004891058383
3011,59,62,LAE,33.71650868496191
3012,59,64,LAE,5.568790696288459
3013,59,67,LAE,15.306889889457828
3014,59,60,LAE,14.861806370652062
3015,59,77,LAE,17.01224665695941
3016,59,60,LAE,7.653614663202099
3017,59,60,LAE,1.0939907945622813
3018,57,61,LAE,10.886154745811057
3019,57,61,LAE,14.714547616974183
3020,57,61,LAE,2.431015331911385
3021,58,99,LAE,12.323592889988936
3022,58,61,LAE,1.6307727461573607
3023,58,65,LAE,27.660384553354945
3024,58,64,LAE,19.267567753954175
3025,58,61,LAE,20.972765402093394
3026,58,102,LAE,14.560336584549486
3027,58,61,LAE,11.34373266522513
3028,58,61,LAE,7.234855407878311
3029,59,61,LAE,8.670072279812775
3030,59,61,LAE,8.72725124548786
3031,59,81,LAE,13.086200803397702
3032,59,61,LAE,14.537409127788738
3033,59,61,LAE,25.46975016638194
3034,59,63,LAE,24.8975814886137
3035,59,62,LAE,27.226045293324407
3036,59,61,LAE,13.18269100411009
3037,60,61,LAE,11.388250195174964
3038,60,71,LAE,11.792287763152588
3039,60,62,LAE,17.927745076873357
3040,60,61,LAE,15.463902259804824
3041,60,61,LAE,10.130756670164121
3042,60,63,LAE,1.743638749544242
3043,60,61,LAE,46.970859151723836
3044,60,62,LAE,11.727804907012914
3045,60,63,LAE,11.879474336028238
3046,60,61,LAE,9.056990740427505
3047,60,62,LAE,12.670250017217167
3048,60,61,LAE,6.992217341925387
3049,60,64,LAE,16.322415531003553
3050,60,63,LAE,20.057142279140006
3051,60,61,LAE,8.623923586417856
3052,60,63,LAE,22.54634194282984
3053,60,61,LAE,45.20010237519759
3054,60,91,LAE,10.952185438460198
3055,60,66,LAE,15.870515519488368
3056,60,61,LAE,20.183350882267142
3057,60,78,LAE,11.577383055397009
3058,60,61,LAE,15.386441397156249
3059,60,61,LAE,7.694227406591542
3060,60,65,LAE,14.419695363159684
3061,60,68,LAE,12.559558403358897
3062,58,62,LAE,10.605406903713453
3063,58,66,LAE,49.5102655907984
3064,58,62,LAE,1.462600044374849
3065,58,62,LAE,10.746293665803348
3066,59,62,LAE,10.538505733672759
3067,59,62,LAE,9.638755700871718
3068,59,67,LAE,5.663942332432683
3069,59,62,LAE,10.639880996416787
3070,59,74,LAE,14.064634204342223
3071,59,62,LAE,33.25444377569481
3072,59,70,LAE,9.993745704263533
3073,60,64,LAE,11.786797343519236
3074,60,62,LAE,1.6118369811431925
3075,60,63,LAE,13.18759620612315
3076,60,90,LAE,47.95454971525001
3077,60,64,LAE,6.6942648250649155
3078,60,64,LAE,11.507567388066395
3079,60,66,LAE,22.392795943107707
3080,60,64,LAE,29.83402840056038
3081,60,66,LAE,26.347182546181347
3082,60,62,LAE,1.348105092010912
3083,60,62,LAE,5.501721834066104
3084,60,62,LAE,2.1357958424772674
3085,61,62,LAE,1.050990087123059
3086,61,63,LAE,10.597766971281363
3087,61,70,LAE,16.85968528428482
3088,61,63,LAE,17.177130950241953
3089,61,65,LAE,1.9411946883738505
3090,61,62,LAE,15.811176515025373
3091,61,65,LAE,12.838953725646912
3092,61,62,LAE,1.0685722186689133
3093,61,62,LAE,11.882488160551357
3094,61,65,LAE,7.837284666403804
3095,61,62,LAE,8.617261666273134
3096,61,64,LAE,23.165584864611972
3097,61,62,LAE,1.09823265760935
3098,61,62,LAE,0.9411614491517841
3099,61,62,LAE,13.89039469027271
3100,61,62,LAE,1.2137894811684762
3101,61,62,LAE,9.143185564803076
3102,61,62,LAE,27.986548761822263
3103,61,62,LAE,1.1368309232399259
3104,61,62,LAE,13.579532798548435
3105,61,62,LAE,12.329086602526218
3106,61,62,LAE,16.137832192792438
3107,61,71,LAE,6.9518891785704415
3108,61,65,LAE,2.179737104863873
3109,61,62,LAE,4.792162091818641
3110,61,62,LAE,15.51081527459705
3111,59,63,LAE,36.86778028760868
3112,59,63,LAE,11.514209939951208
3113,59,63,LAE,11.607922295578623
3114,59,81,LAE,11.749751667364619
3115,59,63,LAE,9.973928891931369
3116,59,85,LAE,11.70482227444345
3117,59,88,LAE,11.254515927336303
3118,60,66,LAE,8.719947604277404
3119,60,67,LAE,11.735788766449879
3120,60,63,LAE,12.101525487942242
3121,60,63,LAE,8.92090776279984
3122,60,68,LAE,10.251649055808585
3123,60,63,LAE,12.226079780012125
3124,60,64,LAE,10.605255578236875
3125,61,63,LAE,11.734757213424169
3126,61,63,LAE,12.82447305872161
3127,61,92,LAE,11.53925566510643
3128,61,69,LAE,13.33789454514235
3129,61,63,LAE,11.614935705538715
3130,61,63,LAE,2.1211754893098007
3131,61,64,LAE,12.2553626964774
3132,61,63,LAE,17.037173336865937
3133,61,65,LAE,17.18414074502304
3134,61,63,LAE,24.480642943112386
3135,61,63,LAE,0.8248081794526297
3136,61,67,LAE,26.144090851398637
3137,61,63,LAE,1.4772865466628546
3138,61,64,LAE,13.018044133882388
3139,61,72,LAE,15.8722362737717
3140,62,67,LAE,17.762341792746838
3141,62,63,LAE,11.47343057674327
3142,62,67,LAE,11.09234208828141
3143,62,63,LAE,22.12282520590415
3144,62,63,LAE,11.267159955697066
3145,62,63,LAE,2.3639800181474544
3146,62,64,LAE,21.449765505842485
3147,62,66,LAE,3.454096191058476
3148,62,63,LAE,1.0283549774539265
3149,62,64,LAE,38.08475181968194
3150,62,63,LAE,1.4190024626366893
3151,62,65,LAE,19.148444953824168
3152,62,63,LAE,38.09957883345428
3153,60,66,LAE,12.139084048294595
3154,60,71,LAE,23.709658697450138
3155,61,64,LAE,29.202810708850574
3156,61,70,LAE,15.231675782539245
3157,61,64,LAE,1.1694466537255173
3158,62,64,LAE,8.99573855345203
3159,62,66,LAE,11.814944271655135
3160,62,64,LAE,11.256581314102842
3161,62,89,LAE,21.935110584956625
3162,62,65,LAE,14.062803710575174
3163,62,66,LAE,11.675449479797052
3164,62,66,LAE,20.211472216681706
3165,62,64,LAE,10.099005145489322
3166,62,65,LAE,8.987556296516463
3167,62,64,LAE,12.647055475658068
3168,62,64,LAE,5.157159858059777
3169,62,70,LAE,4.964871401222696
3170,63,64,LAE,10.011953769802084
3171,63,75,LAE,18.269424689490304
3172,63,66,LAE,32.007638999536525
3173,63,64,LAE,1.2389512015384248
3174,63,66,LAE,11.571540851357717
3175,63,64,LAE,27.585727618279734
3176,63,64,LAE,3.5093339272291173
3177,63,64,LAE,7.430771525420598
3178,63,64,LAE,18.902553590681787
3179,63,64,LAE,10.444226674844403
3180,63,64,LAE,4.868594620993041
3181,63,64,LAE,19.98179193845811
3182,63,64,LAE,10.824011259352242
3183,63,83,LAE,8.512960405125618
3184,63,66,LAE,7.535277456077871
3185,63,71,LAE,15.218326764326175
3186,63,64,LAE,15.469216520675207
3187,63,64,LAE,4.427747319261217
3188,63,66,LAE,10.821002634872023
3189,63,64,LAE,0.92520577451864
3190,63,64,LAE,12.969727995328913
3191,63,64,LAE,15.992355306272131
3192,61,65,LAE,14.102522315454934
3193,61,68,LAE,10.276865438856566
3194,61,69,LAE,8.51204031935774
3195,61,69,LAE,14.263128327121423
3196,62,68,LAE,10.4769064560696
3197,62,65,LAE,6.391501817812378
3198,62,65,LAE,10.771702045735738
3199,62,71,LAE,8.690409971195638
3200,62,71,LAE,6.688570131551246
3201,62,65,LAE,1.5040136399848543
3202,62,70,LAE,51.60233390736244
3203,62,66,LAE,12.120842648984745
3204,62,65,LAE,10.56576556111156
3205,63,65,LAE,13.822841907843705
3206,63,65,LAE,12.450372517996435
3207,63,65,LAE,11.99240939576968
3208,63,66,LAE,10.592123975898087
3209,64,73,LAE,11.353308333025875
3210,64,67,LAE,2.3928727049222
3211,64,67,LAE,11.336174353303948
3212,64,66,LAE,6.093324590020364
3213,64,66,LAE,18.889602333607254
3214,64,71,LAE,6.853366622741036
3215,64,65,LAE,2.4783684039479934
3216,64,65,LAE,8.299495578878284
3217,64,68,LAE,1.8418441689296792
3218,64,75,LAE,10.444399012363911
3219,64,65,LAE,12.82971267264181
3220,62,81,LAE,13.802322541716206
3221,62,66,LAE,11.787414586600809
3222,62,66,LAE,7.947310429702569
3223,62,66,LAE,15.407985613716669
3224,62,66,LAE,18.00322901989464
3225,62,66,LAE,2.1808011902114273
3226,63,74,LAE,7.245288480152781
3227,63,67,LAE,7.914861867052395
3228,63,67,LAE,17.291710833972477
3229,64,66,LAE,9.265961775420749
3230,64,66,LAE,10.495674292007456
3231,64,66,LAE,26.510681702021223
3232,64,67,LAE,10.822716290738153
3233,64,90,LAE,34.08097881670143
3234,65,66,LAE,26.49821308304925
3235,65,67,LAE,3.9310992167377328
3236,65,66,LAE,18.501267615555477
3237,65,66,LAE,5.5611823854288795
3238,65,66,LAE,30.737934548453683
3239,65,66,LAE,4.320446161927312
3240,65,84,LAE,14.286723197294213
3241,65,72,LAE,12.205407496044371
3242,65,66,LAE,19.102841719263715
3243,65,70,LAE,14.662485866384513
3244,65,71,LAE,13.17342416688226
3245,65,68,LAE,11.393331104060124
3246,65,67,LAE,11.591125906079757
3247,65,66,LAE,10.627382194900258
3248,65,66,LAE,11.191575663363148
3249,65,68,LAE,26.428898530344487
3250,65,72,LAE,12.792373728874574
3251,65,70,LAE,4.866379314439275
3252,65,66,LAE,6.176487167439733
3253,65,70,LAE,12.136394180478424
3254,65,66,LAE,6.8071419304785605
3255,65,67,LAE,9.211267536061966
3256,65,66,LAE,9.938435532265324
3257,65,72,LAE,10.318584406348963
3258,65,66,LAE,9.654364740485324
3259,65,66,LAE,10.99768860149234
3260,65,66,LAE,23.57737127992731
3261,65,66,LAE,14.997518478379385
3262,65,66,LAE,16.18179088819662
3263,65,66,LAE,9.216699240067891
3264,65,66,LAE,20.204971557202033
3265,65,66,LAE,17.71134983153633
3266,65,68,LAE,11.939756832917254
3267,63,75,LAE,28.363207042494064
3268,63,72,LAE,15.592739375681631
3269,63,67,LAE,16.81226370338236
3270,63,71,LAE,24.82024958428986
3271,63,71,LAE,11.89886625034663
3272,63,69,LAE,2.033155010236581
3273,63,67,LAE,7.9303792686647085
3274,64,67,LAE,4.76418369913762
3275,64,77,LAE,10.094739691738157
3276,64,67,LAE,47.011144904978316
3277,64,67,LAE,13.495773643584677
3278,64,67,LAE,10.072565757842604
3279,64,67,LAE,16.029045910977878
3280,64,67,LAE,13.235994510603888
3281,64,67,LAE,12.829152464689454
3282,64,67,LAE,9.853681770624178
3283,64,67,LAE,9.69288320521275
3284,65,67,LAE,25.778233422728384
3285,65,67,LAE,13.871765925240705
3286,65,68,LAE,12.050587693792727
3287,65,67,LAE,10.594187681764446
3288,65,67,LAE,9.650436342749494
3289,65,67,LAE,10.948257803339944
3290,66,67,LAE,20.80691950681941
3291,66,68,LAE,9.814976812213823
3292,66,68,LAE,12.079327611164054
3293,66,69,LAE,0.9854768968981321
3294,66,67,LAE,22.87123528584415
3295,66,67,LAE,18.469159272825443
3296,66,67,LAE,7.354957433019279
3297,66,72,LAE,13.162574404859452
3298,66,67,LAE,10.67016328941411
3299,66,67,LAE,10.069700501439076
3300,66,75,LAE,11.85189430401137
3301,66,67,LAE,10.819704188898738
3302,66,73,LAE,11.358361452941494
3303,66,72,LAE,21.141342880668997
3304,66,72,LAE,4.496097120304711
3305,66,67,LAE,4.611727061812003
3306,66,74,LAE,9.203934110795556
3307,66,67,LAE,15.406742835106087
3308,66,69,LAE,43.49124219070625
3309,66,67,LAE,1.0265201174342848
3310,66,67,LAE,4.448453641468833
3311,66,67,LAE,2.1366880536663775
3312,64,68,LAE,1.3666105218949631
3313,64,69,LAE,6.569501200118147
3314,64,68,LAE,7.5687593421435615
3315,64,72,LAE,11.45836360465426
3316,64,68,LAE,16.015785550112298
3317,64,68,LAE,20.102642114481313
3318,64,69,LAE,4.507261992162038
3319,64,68,LAE,14.048575592199766
3320,65,68,LAE,7.879108401498577
3321,65,80,LAE,7.317185870525255
3322,65,72,LAE,10.796290545079621
3323,65,68,LAE,12.939272869511283
3324,65,69,LAE,5.325990222466814
3325,65,68,LAE,11.672750788145311
3326,65,69,LAE,14.902496243470807
3327,65,70,LAE,13.07950202267764
3328,65,68,LAE,8.764799853853225
3329,66,72,LAE,15.084072146945413
3330,66,68,LAE,10.877570932285016
3331,66,79,LAE,18.95923105610626
3332,66,68,LAE,15.749123938799727
3333,66,68,LAE,23.0066265469744
3334,66,68,LAE,20.278143847820324
3335,66,68,LAE,13.441570240581488
3336,66,68,LAE,12.88776608500118
3337,66,72,LAE,18.530880435933252
3338,66,68,LAE,13.216881623240202
3339,66,68,LAE,15.799615350747628
3340,66,68,LAE,11.9759156988505
3341,66,68,LAE,13.470454497360342
3342,66,68,LAE,11.002087862293308
3343,66,68,LAE,9.24110778583758
3344,66,68,LAE,11.53046607713248
3345,66,68,LAE,40.31583777009996
3346,67,68,LAE,12.094927316593338
3347,67,68,LAE,11.218078987580391
3348,67,71,LAE,9.166771375121145
3349,67,68,LAE,12.14195884524551
3350,67,68,LAE,11.806999282425114
3351,67,77,LAE,12.036245643584978
3352,67,68,LAE,4.430087365295764
3353,67,70,LAE,13.438076505614786
3354,67,68,LAE,1.1832391609836939
3355,67,69,LAE,34.56089396277952
3356,67,71,LAE,31.385626302493385
3357,67,68,LAE,8.628492294467204
3358,67,68,LAE,35.75324430700451
3359,67,81,LAE,6.919090700637996
3360,67,70,LAE,1.775651755105418
3361,67,68,LAE,10.207263141752218
3362,67,73,LAE,12.416627456515917
3363,67,68,LAE,24.656643533549012
3364,67,69,LAE,5.004191285712619
3365,67,74,LAE,28.570639596434756
3366,67,68,LAE,0.8521834921523064
3367,67,71,LAE,2.480798585460819
3368,65,69,LAE,11.850920913170714
3369,65,69,LAE,23.596735721331342
3370,66,69,LAE,13.952508447429762
3371,66,69,LAE,19.270305998714846
3372,66,69,LAE,10.561135810560323
3373,66,76,LAE,11.117614935612357
3374,66,79,LAE,9.889000812677425
3375,66,69,LAE,10.245606361664343
3376,67,69,LAE,34.08790326559846
3377,67,74,LAE,24.520266852346868
3378,67,69,LAE,4.712073108704396
3379,67,70,LAE,8.367143151422573
3380,67,69,LAE,8.692202953344538
3381,67,69,LAE,4.553672995454034
3382,67,69,LAE,12.528599851890574
3383,67,70,LAE,13.868243550456702
3384,67,70,LAE,13.588179082151857
3385,68,70,LAE,10.350737338830454
3386,68,70,LAE,15.035104131926374
3387,68,69,LAE,10.051637062476024
3388,68,71,LAE,26.676956778518857
3389,68,69,LAE,19.309095007600718
3390,68,69,LAE,11.313736317441569
3391,68,69,LAE,22.224735055305274
3392,68,69,LAE,15.77384366136972
3393,68,69,LAE,22.175434148271595
3394,68,69,LAE,1.1557109881895058
3395,68,73,LAE,20.79256510443271
3396,68,69,LAE,10.77355802262516
3397,68,76,LAE,17.2188328003069
3398,66,70,LAE,29.698797018220873
3399,66,70,LAE,5.928220910940884
3400,66,70,LAE,4.474945040044687
3401,67,70,LAE,22.584102481688568
3402,67,72,LAE,20.943705246135877
3403,67,70,LAE,19.154450997600815
3404,67,70,LAE,14.748878363800436
3405,67,75,LAE,16.46689557804529
3406,67,72,LAE,1.8074958414264062
3407,67,70,LAE,14.89693443603248
3408,67,71,LAE,10.588617111862169
3409,67,71,LAE,18.91576851476689
3410,68,76,LAE,21.51429280775342
3411,68,74,LAE,11.742652438320963
3412,68,74,LAE,5.425783202388533
3413,68,76,LAE,11.247844338431225
3414,68,71,LAE,24.379508418711026
3415,68,70,LAE,29.774924268039072
3416,68,72,LAE,35.23385969613056
3417,68,70,LAE,26.000722105300294
3418,68,85,LAE,11.513052382157413
3419,68,74,LAE,26.65216238244065
3420,68,86,LAE,12.771124257215376
3421,69,72,LAE,8.614742407674951
3422,69,80,LAE,5.384096944075261
3423,69,76,LAE,9.906637315890851
3424,69,71,LAE,9.639528570227816
3425,69,70,LAE,1.6400311708794708
3426,69,76,LAE,23.245472370083817
3427,69,70,LAE,1.8227283139079515
3428,69,70,LAE,1.7400278759022394
3429,69,70,LAE,21.409340567700802
3430,69,84,LAE,51.96578187026996
3431,69,115,LAE,13.678418595435867
3432,69,71,LAE,1.8858414850839162
3433,69,77,LAE,14.517426688588339
3434,69,73,LAE,52.996390419442506
3435,69,82,LAE,6.94194016373945
3436,69,70,LAE,12.34094604009273
3437,69,70,LAE,10.332460340433146
3438,69,71,LAE,8.504317437178653
3439,69,70,LAE,11.545768158995417
3440,69,70,LAE,25.98537086906692
3441,69,71,LAE,45.0126218678187
3442,69,75,LAE,17.916575039900966
3443,69,70,LAE,6.129007068994076
3444,69,79,LAE,14.13201666876382
3445,69,75,LAE,6.597163499387505
3446,69,248,LAE,29.690285034044585
3447,69,70,LAE,15.284956542078966
3448,69,70,LAE,20.156008579212
3449,69,72,LAE,12.3022175455862
3450,69,75,LAE,27.13303949581876
3451,69,71,LAE,6.547378528114626
3452,69,70,LAE,20.464723413878627
3453,69,70,LAE,8.188287470740306
3454,69,76,LAE,5.9410315377927345
3455,67,71,LAE,2.6236401405878933
3456,67,79,LAE,21.93361096144227
3457,67,76,LAE,20.8565501090901
3458,67,74,LAE,16.41006137639156
3459,67,71,LAE,21.65728462162496
3460,67,71,LAE,30.91136965643431
3461,67,71,LAE,8.704552697098638
3462,67,74,LAE,10.568467827822907
3463,67,75,LAE,11.183660724995919
3464,67,71,LAE,15.620890563534237
3465,68,71,LAE,18.047308743877842
3466,68,72,LAE,22.702519572754248
3467,68,71,LAE,21.43519978396416
3468,68,75,LAE,28.18860395398635
3469,68,92,LAE,19.03762868882337
3470,68,73,LAE,31.32350140385117
3471,68,71,LAE,3.757192619293393
3472,69,84,LAE,11.047700976602725
3473,69,71,LAE,10.345238607964099
3474,69,74,LAE,9.610420281012221
3475,69,73,LAE,15.361477934146158
3476,69,73,LAE,9.760759693275784
3477,69,73,LAE,33.32327114682137
3478,69,73,LAE,13.03903972538883
3479,69,71,LAE,0.9360648284290156
3480,69,87,LAE,11.0154690840398
3481,69,72,LAE,26.100115051641385
3482,70,73,LAE,10.79048161384367
3483,70,72,LAE,6.024710908190773
3484,70,71,LAE,1.1474624043782635
3485,70,85,LAE,12.379407140819614
3486,70,71,LAE,11.086226390149802
3487,70,71,LAE,9.644284908771356
3488,70,71,LAE,11.046781263681229
3489,70,72,LAE,9.283304021627687
3490,70,71,LAE,10.132928732824702
3491,70,71,LAE,1.27261770737347
3492,70,75,LAE,22.455646205880733
3493,70,74,LAE,4.348498460230733
3494,70,74,LAE,13.434483905035401
3495,70,71,LAE,1.8936386516035073
3496,70,83,LAE,6.972509681382535
3497,70,71,LAE,49.26276980596561
3498,70,79,LAE,19.528599325223286
3499,70,74,LAE,1.707558923756711
3500,70,71,LAE,1.0218108794709058
3501,68,72,LAE,12.938728820420769
3502,68,72,LAE,5.532363150980427
3503,68,72,LAE,10.49216409754168
3504,69,72,LAE,11.090108805426013
3505,69,72,LAE,40.82254846673011
3506,69,72,LAE,27.067314101153226
3507,69,72,LAE,38.48303751808559
3508,69,72,LAE,13.855994559393944
3509,69,72,LAE,19.646680801454
3510,69,72,LAE,22.346064580740233
3511,70,72,LAE,1.898408804842251
3512,70,75,LAE,10.680701248465638
3513,70,76,LAE,10.016981525538364
3514,70,74,LAE,13.797914691704372
3515,70,72,LAE,9.750203313609186
3516,70,74,LAE,9.244503015427993
3517,70,76,LAE,4.0142221377828875
3518,70,72,LAE,1.8888900184883968
3519,70,82,LAE,7.290803741957555
3520,70,73,LAE,12.240403252505404
3521,70,73,LAE,12.10892256750533
3522,70,73,LAE,46.30028666094008
3523,71,73,LAE,16.05337034422058
3524,71,72,LAE,1.2460017409538395
3525,71,73,LAE,7.9856794402949
3526,71,81,LAE,11.233843158573887
3527,71,75,LAE,5.942818455950451
3528,71,72,LAE,20.950188308477184
3529,71,72,LAE,1.0916615336218305
3530,71,72,LAE,14.680136888630019
3531,71,74,LAE,10.315749171641267
3532,71,72,LAE,16.902132339863776
3533,71,72,LAE,13.205424653418063
3534,71,75,LAE,1.6859978020613
3535,71,72,LAE,14.808284394325456
3536,71,72,LAE,11.091072006619473
3537,69,78,LAE,10.618127193033247
3538,69,77,LAE,8.449943693786551
3539,69,76,LAE,11.161091635969223
3540,69,73,LAE,11.688049038994004
3541,70,77,LAE,21.627904001562776
3542,70,73,LAE,38.05041013281875
3543,70,73,LAE,9.09431904667141
3544,70,73,LAE,11.133105446054211
3545,70,73,LAE,4.196567720812903
3546,70,74,LAE,8.604102400088612
3547,71,77,LAE,13.074189219140951
3548,71,73,LAE,17.727020786390217
3549,71,74,LAE,17.94589568423474
3550,71,74,LAE,11.056505706426893
3551,71,76,LAE,18.32107524428794
3552,71,73,LAE,8.548300462516464
3553,71,73,LAE,12.600732378860343
3554,71,77,LAE,10.654977313416401
3555,71,80,LAE,7.7249060533125595
3556,71,75,LAE,10.133234987067262
3557,71,74,LAE,10.551857868588458
3558,71,75,LAE,22.42990702527783
3559,71,73,LAE,23.59925448558541
3560,71,81,LAE,13.48735012010988
3561,71,73,LAE,39.76861890205433
3562,71,73,LAE,13.732923338283571
3563,71,73,LAE,0.8597771437766983
3564,72,73,LAE,1.570192279771441
3565,72,73,LAE,1.1687773566738142
3566,72,79,LAE,9.007226017448183
3567,72,73,LAE,0.9035800659447684
3568,72,73,LAE,11.368097327281573
3569,72,73,LAE,2.1278999306554627
3570,72,73,LAE,0.8640618428635014
3571,72,73,LAE,7.175095222943362
3572,72,81,LAE,20.866397163868598
3573,72,73,LAE,14.312933623587815
3574,72,74,LAE,1.4552678576260962
3575,72,77,LAE,22.022057126976975
3576,72,75,LAE,4.35397789619354
3577,72,74,LAE,11.155816108171045
3578,72,74,LAE,1.5712231340191305
3579,70,77,LAE,11.031941723258027
3580,70,84,LAE,11.422966544637585
3581,70,74,LAE,24.91163647684581
3582,70,74,LAE,6.8083471555923545
3583,70,74,LAE,5.691687854104695
3584,70,76,LAE,17.12600493166991
3585,71,74,LAE,11.775286315046325
3586,71,75,LAE,19.976132828572197
3587,71,74,LAE,9.252675685691388
3588,71,75,LAE,9.930882641407363
3589,71,76,LAE,15.416187731182857
3590,71,74,LAE,9.665052477436397
3591,71,77,LAE,18.389341414144045
3592,71,74,LAE,11.039129701571966
3593,71,114,LAE,22.172623873157367
3594,72,74,LAE,9.960909699217195
3595,72,77,LAE,12.050948387884043
3596,72,75,LAE,5.341855964334302
3597,72,98,LAE,13.092692002961885
3598,73,98,LAE,12.312178138485688
3599,73,74,LAE,7.325357683847222
3600,73,74,LAE,1.6079472807751711
3601,73,76,LAE,13.961761848004889
3602,73,80,LAE,19.068076305067972
3603,73,74,LAE,9.325514657810078
3604,73,76,LAE,6.905955420753302
3605,73,74,LAE,1.0622532361292008
3606,73,74,LAE,8.514128643729512
3607,73,75,LAE,9.682290113673078
3608,73,76,LAE,11.543185045604684
3609,73,75,LAE,9.96992013489628
3610,73,76,LAE,29.395997122672497
3611,73,75,LAE,29.83101468424933
3612,73,74,LAE,0.788565164048202
3613,73,74,LAE,1.039117811572755
3614,73,85,LAE,13.726377556303396
3615,73,77,LAE,32.82974073862731
3616,73,74,LAE,8.684751086929083
3617,71,83,LAE,7.4649487481245815
3618,71,78,LAE,9.816558630040054
3619,72,75,LAE,11.340972676740643
3620,72,79,LAE,37.89433005263127
3621,72,75,LAE,5.725304729319026
3622,72,75,LAE,20.679481862411805
3623,72,76,LAE,10.021069187433447
3624,72,82,LAE,4.536114094034072
3625,73,87,LAE,11.070377891950033
3626,73,75,LAE,33.74157783523899
3627,73,77,LAE,5.425342456270222
3628,74,75,LAE,9.204138377105627
3629,74,77,LAE,9.905717920826227
3630,74,77,LAE,8.694987573740026
3631,74,76,LAE,10.082173130354041
3632,74,78,LAE,11.438925024408189
3633,74,87,LAE,11.910491119840122
3634,74,75,LAE,12.901370588886273
3635,74,76,LAE,13.147025280072707
3636,74,75,LAE,26.341927248711325
3637,74,75,LAE,0.84583699503661
3638,74,75,LAE,18.277995730108017
3639,74,77,LAE,9.020018058227414
3640,74,80,LAE,10.876688032527431
3641,72,76,LAE,27.504297108300484
3642,72,89,LAE,10.225531318797147
3643,72,76,LAE,18.45781938669208
3644,72,76,LAE,24.860878830216944
3645,72,76,LAE,21.485264981627587
3646,72,76,LAE,4.518566143675794
3647,72,76,LAE,9.62576032598161
3648,73,80,LAE,8.779834245856502
3649,73,76,LAE,10.129979412658399
3650,73,76,LAE,10.17835348300331
3651,73,76,LAE,8.894201067542944
3652,73,96,LAE,11.302106451697826
3653,73,79,LAE,8.315417545117668
3654,74,76,LAE,22.360058755276636
3655,74,84,LAE,15.670826611874796
3656,74,79,LAE,29.573485247541075
3657,74,76,LAE,2.636409908067558
3658,74,76,LAE,23.44277472696684
3659,74,83,LAE,11.858372826248461
3660,74,76,LAE,9.746370518999903
3661,74,77,LAE,44.11275528253203
3662,74,77,LAE,13.604552466800335
3663,74,76,LAE,27.434877377461387
3664,74,76,LAE,29.729114404927312
3665,75,81,LAE,9.642952270762486
3666,75,77,LAE,1.0799310530801447
3667,75,76,LAE,6.219021926820275
3668,75,78,LAE,19.052874433742804
3669,75,76,LAE,1.9648409877471285
3670,75,83,LAE,10.97791931194142
3671,75,76,LAE,9.682362267175494
3672,75,76,LAE,8.835365735477813
3673,75,80,LAE,25.489849929541393
3674,75,76,LAE,23.67079763763291
3675,75,76,LAE,4.033082965349527
3676,75,76,LAE,10.374930248611149
3677,75,76,LAE,7.46929283068692
3678,75,77,LAE,18.676178426924476
3679,75,76,LAE,1.193633270495997
3680,75,76,LAE,10.913842056014216
3681,75,76,LAE,10.036580564829544
3682,75,76,LAE,1.920661691119478
3683,75,81,LAE,9.215326633857355
3684,75,76,LAE,17.361236280094527
3685,75,76,LAE,7.59148160988668
3686,75,81,LAE,10.940316126656123
3687,75,76,LAE,6.7933038445322955
3688,75,76,LAE,10.033977626512431
3689,75,76,LAE,3.825134494323013
3690,75,76,LAE,5.035162252174382
3691,75,76,LAE,5.9246402117025605
3692,75,76,LAE,11.548822835821094
3693,73,77,LAE,25.39426483398503
3694,73,77,LAE,9.353611408751243
3695,73,80,LAE,11.369487750967911
3696,73,91,LAE,13.04173226253641
3697,74,77,LAE,50.59826212100979
3698,74,77,LAE,1.5601793349096307
3699,74,80,LAE,29.838319181669224
3700,74,77,LAE,57.846004538549245
3701,74,80,LAE,8.03936677322951
3702,74,77,LAE,7.318587917108613
3703,74,77,LAE,9.728032633435136
3704,75,87,LAE,12.600882457230139
3705,75,78,LAE,9.37627423925531
3706,75,94,LAE,7.0013303905041715
3707,75,77,LAE,0.9352609166409238
3708,75,77,LAE,1.8972417315656573
3709,75,77,LAE,44.04167842836891
3710,75,77,LAE,1.8230024570785264
3711,75,77,LAE,1.1572307660213077
3712,75,77,LAE,24.362670198689006
3713,75,78,LAE,10.368223108008321
3714,76,80,LAE,18.855117178058613
3715,76,77,LAE,18.10250600120719
3716,76,77,LAE,10.772366088960458
3717,76,77,LAE,10.3409929204051
3718,76,84,LAE,16.38996784867444
3719,76,83,LAE,2.0922111357191002
3720,76,77,LAE,9.633703682230145
3721,76,77,LAE,5.067050169407115
3722,76,77,LAE,1.632035467953916
3723,76,77,LAE,0.9314192488834897
3724,76,77,LAE,1.2207050447573464
3725,76,77,LAE,1.030784658648462
3726,76,77,LAE,8.24099925702871
3727,76,80,LAE,12.796641869106082
3728,76,99,LAE,9.474578332930479
3729,76,78,LAE,11.184872848782982
3730,76,77,LAE,9.195781931170089
3731,76,77,LAE,13.769543434553972
3732,76,80,LAE,3.683143058594839
3733,76,77,LAE,10.042012386374624
3734,76,77,LAE,1.4060897195150093
3735,74,78,LAE,12.800338966838895
3736,74,82,LAE,5.046839585735965
3737,74,78,LAE,25.819131633338337
3738,74,78,LAE,47.19099368993794
3739,74,78,LAE,9.083946912052058
3740,74,78,LAE,12.41004232258817
3741,74,78,LAE,10.329876720172864
3742,74,79,LAE,5.094080242666528
3743,75,87,LAE,12.260419631699211
3744,75,78,LAE,7.051145177826205
3745,75,79,LAE,10.244978911437267
3746,75,78,LAE,26.55108627735062
3747,75,78,LAE,14.677408557622572
3748,76,79,LAE,2.6236512503593326
3749,76,80,LAE,10.828307141268652
3750,76,78,LAE,6.338424049171234
3751,76,88,LAE,13.21049696229585
3752,76,78,LAE,14.729911406214091
3753,76,83,LAE,7.912290695327962
3754,76,78,LAE,6.4980514839315475
3755,76,81,LAE,9.2457958336028
3756,77,78,LAE,9.683688211111358
3757,77,89,LAE,9.563942403266102
3758,77,92,LAE,5.999270144572144
3759,77,78,LAE,44.0860621232631
3760,77,81,LAE,13.656321477517606
3761,77,79,LAE,7.940937812589136
3762,77,80,LAE,12.446805790069629
3763,77,78,LAE,9.024549208424567
3764,77,100,LAE,9.001400887344364
3765,77,86,LAE,6.559597395819129
3766,77,78,LAE,2.5118326700977143
3767,75,80,LAE,9.239081865974251
3768,75,91,LAE,16.75289168645278
3769,75,83,LAE,9.198462130468855
3770,75,79,LAE,12.28491201968204
3771,75,83,LAE,20.6613357728317
3772,76,83,LAE,9.940356464641832
3773,76,86,LAE,18.49085353771496
3774,76,79,LAE,17.81540415841168
3775,76,79,LAE,8.514245691489036
3776,76,79,LAE,9.300011247468843
3777,77,82,LAE,14.626445766866091
3778,77,79,LAE,8.032299010491178
3779,77,79,LAE,7.204393573186492
3780,77,81,LAE,5.9105015709803
3781,78,79,LAE,9.155759332288376
3782,78,88,LAE,10.423601237594706
3783,78,83,LAE,9.200393694105971
3784,78,79,LAE,13.040141286827158
3785,78,80,LAE,8.654079610926575
3786,78,103,LAE,10.724518784423909
3787,78,85,LAE,8.913380085459512
3788,78,82,LAE,17.500077910062107
3789,78,79,LAE,10.943177350442427
3790,78,80,LAE,10.82615223399561
3791,78,79,LAE,18.302496741759587
3792,78,85,LAE,16.95577843218998
3793,78,79,LAE,9.776371229801802
3794,78,79,LAE,9.296360065394229
3795,76,89,LAE,10.7787028912046
3796,76,85,LAE,15.125652816399382
3797,76,80,LAE,10.055658739770665
3798,76,83,LAE,8.989597350757068
3799,76,80,LAE,14.404398872034783
3800,76,80,LAE,7.803045113358383
3801,77,120,LAE,22.53464689262356
3802,77,84,LAE,9.913229072793039
3803,77,80,LAE,46.00526353435905
3804,77,81,LAE,17.20719177573518
3805,77,80,LAE,16.115187099936435
3806,77,80,LAE,9.59484366886171
3807,77,82,LAE,35.771903794361926
3808,78,80,LAE,28.662815628719244
3809,78,83,LAE,8.746909005448458
3810,78,85,LAE,13.223668365843956
3811,78,83,LAE,10.024500931988245
3812,78,87,LAE,12.41443620218283
3813,78,80,LAE,17.104821601320353
3814,79,80,LAE,40.57053445431186
3815,79,80,LAE,14.012114485801405
3816,79,80,LAE,5.8807401916950885
3817,79,86,LAE,9.11888897316266
3818,79,85,LAE,3.0426182029085034
3819,79,80,LAE,6.316561799036782
3820,79,80,LAE,43.326862099909086
3821,79,82,LAE,12.681112438760481
3822,79,80,LAE,8.466225041035244
3823,79,85,LAE,12.028946382251466
3824,79,80,LAE,8.615243420546548
3825,79,80,LAE,9.39854214843075
3826,79,87,LAE,8.896782859261686
3827,79,82,LAE,19.49891277794387
3828,79,80,LAE,10.514637356681801
3829,79,83,LAE,4.8635448539598425
3830,77,81,LAE,25.457997815410884
3831,77,81,LAE,5.4650982458487185
3832,77,81,LAE,10.433161945969024
3833,77,81,LAE,4.837814787218336
3834,78,93,LAE,9.829875436945494
3835,78,85,LAE,29.450413983099907
3836,78,99,LAE,30.3586011395827
3837,78,81,LAE,17.959222144926812
3838,78,83,LAE,11.41774782235696
3839,78,82,LAE,4.7331914972729665
3840,79,82,LAE,7.764620786588394
3841,79,81,LAE,11.514707313381145
3842,79,84,LAE,13.944828308360702
3843,79,84,LAE,8.748168300641169
3844,79,89,LAE,8.898695929776181
3845,79,81,LAE,6.086011176926435
3846,79,81,LAE,9.421072745161744
3847,79,81,LAE,1.697298561915385
3848,79,81,LAE,1.589902169627947
3849,79,81,LAE,1.4766719615289325
3850,79,81,LAE,10.124228507904364
3851,79,81,LAE,13.180854451441343
3852,79,86,LAE,9.687417849649108
3853,79,90,LAE,17.05863939018377
3854,79,81,LAE,4.313204087122345
3855,80,81,LAE,11.627154808949484
3856,80,81,LAE,4.504097587526546
3857,80,81,LAE,4.771545795653346
3858,80,81,LAE,9.639357267377799
3859,80,81,LAE,20.02972193443083
3860,80,81,LAE,9.583463080036829
3861,80,85,LAE,23.231173879336957
3862,80,81,LAE,3.61422496384537
3863,80,82,LAE,1.6152991006427304
3864,80,82,LAE,4.262065102924718
3865,80,81,LAE,10.61610933891924
3866,80,81,LAE,14.091889432943995
3867,80,81,LAE,9.005599829091576
3868,78,82,LAE,9.91461236949265
3869,78,89,LAE,7.115681503144683
3870,78,85,LAE,30.57781173641346
3871,78,83,LAE,15.314702945325081
3872,78,82,LAE,10.30457514975242
3873,78,87,LAE,10.708213908351622
3874,79,85,LAE,8.601041530392898
3875,79,84,LAE,8.063958304583212
3876,79,91,LAE,9.676067597342062
3877,80,82,LAE,11.07897280008487
3878,80,82,LAE,14.763761398591091
3879,80,84,LAE,23.58709084871848
3880,80,92,LAE,5.370903631713358
3881,80,85,LAE,4.305870742347039
3882,80,82,LAE,11.20747982929501
3883,80,82,LAE,27.546556907021778
3884,80,89,LAE,6.246705998396926
3885,80,82,LAE,8.598536993689331
3886,80,82,LAE,5.065926374697565
3887,80,82,LAE,18.364376473787015
3888,80,84,LAE,18.988990767682612
3889,80,89,LAE,12.817175110149163
3890,81,84,LAE,37.486230485863196
3891,81,82,LAE,1.7696573053343432
3892,81,88,LAE,9.143754174326926
3893,81,82,LAE,12.013807505318821
3894,81,82,LAE,3.467286099985275
3895,81,82,LAE,1.3845632436071396
3896,81,93,LAE,9.412242391580445
3897,81,84,LAE,20.941872428482814
3898,81,91,LAE,10.983096807582093
3899,81,86,LAE,8.652271964765681
3900,81,84,LAE,12.728244792478865
3901,81,84,LAE,9.79766986311431
3902,79,85,LAE,10.673460405687232
3903,79,89,LAE,11.993841337618845
3904,79,83,LAE,9.693437610960391
3905,79,83,LAE,12.638811766499495
3906,79,84,LAE,13.444537418288599
3907,80,89,LAE,12.261973859554656
3908,80,92,LAE,9.41755304600606
3909,80,83,LAE,10.710561918983704
3910,80,87,LAE,8.97479882503838
3911,81,86,LAE,28.143379249388218
3912,81,89,LAE,8.807051293840214
3913,81,83,LAE,15.874348832538193
3914,81,83,LAE,8.423139485997202
3915,81,88,LAE,12.43171327085389
3916,81,85,LAE,9.950246077833512
3917,81,89,LAE,13.688173451557807
3918,81,83,LAE,9.426958829521178
3919,81,83,LAE,6.023106655624957
3920,82,86,LAE,10.793545471933827
3921,82,83,LAE,6.930213954968362
3922,82,87,LAE,9.3877620956456
3923,82,90,LAE,14.195983049845943
3924,82,92,LAE,16.949152461615263
3925,82,83,LAE,5.427580022317424
3926,82,86,LAE,30.0049565289338
3927,82,90,LAE,9.343449180368593
3928,82,88,LAE,17.075856915897656
3929,82,83,LAE,8.219277005817991
3930,82,83,LAE,6.121543635494535
3931,82,110,LAE,26.151065823543213
3932,82,83,LAE,9.459110584058838
3933,82,84,LAE,8.291780397434993
3934,82,83,LAE,6.368065109944707
3935,82,86,LAE,7.749663481249449
3936,82,83,LAE,44.049618041967285
3937,82,87,LAE,9.891204005552021
3938,82,83,LAE,21.04410197206627
3939,80,84,LAE,11.570689490160323
3940,80,90,LAE,4.231198408307363
3941,80,86,LAE,9.926104947616224
3942,80,84,LAE,4.466212622073107
3943,80,88,LAE,42.00902247388066
3944,80,84,LAE,6.649839110381595
3945,80,94,LAE,13.505606234488289
3946,80,84,LAE,1.6224956462625264
3947,80,96,LAE,8.675216313168294
3948,81,87,LAE,13.756037757581016
3949,81,106,LAE,9.10522923591175
3950,81,85,LAE,6.110821869099394
3951,81,91,LAE,9.990586187844693
3952,81,91,LAE,9.21578101669815
3953,81,84,LAE,11.108566644187844
3954,81,105,LAE,8.31526882179222
3955,81,88,LAE,18.177102598521945
3956,81,84,LAE,8.692094168477109
3957,82,84,LAE,21.17890923345981
3958,82,84,LAE,4.424553496907278
3959,82,84,LAE,12.605313300382235
3960,82,84,LAE,1.244459114100283
3961,82,86,LAE,11.39445068011968
3962,83,84,LAE,28.269060844379624
3963,83,104,LAE,11.59236982943564
3964,83,85,LAE,1.3652806235134147
3965,83,84,LAE,22.027936255749474
3966,83,87,LAE,8.280084323663798
3967,83,84,LAE,8.365996902884172
3968,83,88,LAE,18.95157630921195
3969,83,86,LAE,8.476659257456783
3970,83,84,LAE,10.230616593814522
3971,83,85,LAE,14.452358547665998
3972,83,84,LAE,3.2103848629504523
3973,83,84,LAE,16.066854499289903
3974,83,84,LAE,14.408906440413896
3975,83,88,LAE,10.97716744108809
3976,83,88,LAE,10.65965324962885
3977,81,89,LAE,13.425900192772994
3978,81,88,LAE,12.18694185142646
3979,82,85,LAE,8.403354286991998
3980,82,88,LAE,8.387260317604833
3981,82,86,LAE,12.011896332819362
3982,82,85,LAE,16.289675536582305
3983,82,101,LAE,13.713348742800536
3984,82,85,LAE,33.73645434410316
3985,82,92,LAE,23.26990749975889
3986,83,86,LAE,11.45670675839297
3987,83,85,LAE,1.2560866460049738
3988,83,85,LAE,8.886275979699441
3989,83,85,LAE,9.37703034349691
3990,83,85,LAE,1.267661925158885
3991,83,85,LAE,10.238470658053979
3992,83,85,LAE,41.04900153097923
3993,83,85,LAE,13.208994371952166
3994,83,106,LAE,8.192193872606005
3995,83,86,LAE,13.542878295137857
3996,83,87,LAE,4.203868307716057
3997,83,89,LAE,3.834743105855089
3998,83,103,LAE,13.009460111562353
3999,83,85,LAE,9.55457745700794
4000,84,85,LAE,9.732569048030037
4001,84,88,LAE,12.15355190887351
4002,84,89,LAE,10.822934905788708
4003,84,85,LAE,8.106965808948072
4004,84,85,LAE,1.567232310136338
4005,84,85,LAE,8.330257675789523
4006,84,85,LAE,0.9826261617817591
4007,84,85,LAE,27.619464049928776
4008,84,85,LAE,23.371230698547237
4009,84,85,LAE,7.832320228011733
4010,84,86,LAE,8.171261428542296
4011,84,91,LAE,36.22905992349359
4012,84,85,LAE,8.832277864333793
4013,84,85,LAE,1.1266579507578796
4014,84,85,LAE,14.116354843467853
4015,84,87,LAE,8.889444283160795
4016,84,85,LAE,12.078170767839264
4017,84,85,LAE,11.448805490775182
4018,84,85,LAE,7.193694118677994
4019,82,88,LAE,11.595870605639224
4020,82,86,LAE,22.74530333163892
4021,82,87,LAE,9.875561146363895
4022,82,86,LAE,8.029909045808775
4023,83,98,LAE,11.502371193657568
4024,83,95,LAE,8.59760895635537
4025,83,86,LAE,8.978252959933117
4026,83,93,LAE,10.665467878201028
4027,83,99,LAE,19.78315135791205
4028,83,87,LAE,28.367520672637344
4029,84,86,LAE,22.98078472461057
4030,84,86,LAE,3.620608940207191
4031,84,86,LAE,30.31202004509722
4032,84,92,LAE,8.200459936811699
4033,84,96,LAE,8.547009047043957
4034,84,86,LAE,17.48609277357674
4035,84,86,LAE,9.760364575532856
4036,84,108,LAE,8.349516316270623
4037,84,86,LAE,17.887578325601616
4038,85,88,LAE,3.7529597210445234
4039,85,87,LAE,7.73042362960769
4040,85,96,LAE,7.992902396217193
4041,85,86,LAE,14.060154729022612
4042,85,90,LAE,8.491071229311611
4043,85,87,LAE,16.591751810993866
4044,85,88,LAE,10.612792905383385
4045,85,87,LAE,9.19120001005595
4046,85,104,LAE,9.263497274289334
4047,85,87,LAE,13.94292013229671
4048,85,86,LAE,6.277286199703099
4049,85,86,LAE,8.329394183781629
4050,85,86,LAE,7.776224154762845
4051,85,86,LAE,7.533347307680859
4052,85,86,LAE,19.41629479573649
4053,83,91,LAE,16.427908873712738
4054,83,99,LAE,8.060551210184613
4055,83,97,LAE,7.941879679366019
4056,83,87,LAE,35.39744937836716
4057,83,87,LAE,33.42135945881489
4058,83,87,LAE,11.73847957154044
4059,84,96,LAE,24.995567297021836
4060,85,91,LAE,8.377932477789729
4061,85,90,LAE,12.152177036367485
4062,85,89,LAE,8.771532785060021
4063,85,87,LAE,27.88196753529381
4064,85,87,LAE,7.6816165032639185
4065,85,87,LAE,9.062904280080417
4066,85,87,LAE,23.40117139736238
4067,85,91,LAE,10.596231694492944
4068,86,91,LAE,8.280286442009055
4069,86,93,LAE,9.577949025126838
4070,86,87,LAE,58.78144572924629
4071,86,89,LAE,22.80178763353727
4072,86,87,LAE,12.847229672406407
4073,86,87,LAE,9.887941592251346
4074,86,87,LAE,10.525341806410145
4075,86,87,LAE,10.92761580151113
4076,86,87,LAE,11.594544971719616
4077,86,87,LAE,5.311768178245308
4078,86,87,LAE,8.53285239650563
4079,86,87,LAE,8.157125969654402
4080,86,87,LAE,1.9055401620746955
4081,84,88,LAE,13.674050626887045
4082,84,92,LAE,8.91823997789111
4083,84,88,LAE,7.16917206545655
4084,85,89,LAE,6.997151076988909
4085,85,90,LAE,7.616886583289885
4086,85,88,LAE,16.374861748663175
4087,85,94,LAE,9.668007698814387
4088,85,95,LAE,7.912292643906898
4089,85,91,LAE,7.415762208735177
4090,85,88,LAE,16.08020457405166
4091,85,88,LAE,12.263676612124664
4092,85,88,LAE,8.202119238153902
4093,85,88,LAE,1.436363456430489
4094,86,88,LAE,8.194907429410357
4095,86,88,LAE,7.38843254026376
4096,86,88,LAE,25.751997277739832
4097,86,88,LAE,12.443518162276103
4098,86,88,LAE,12.381982033422135
4099,86,88,LAE,32.44998374306934
4100,86,88,LAE,8.30154326568947
4101,87,88,LAE,9.451638264919735
4102,87,88,LAE,33.136921223524794
4103,87,92,LAE,9.96336155451042
4104,87,92,LAE,8.251609814080682
4105,87,88,LAE,10.030072767795778
4106,87,88,LAE,15.246034264070135
4107,87,88,LAE,17.629736002672637
4108,87,96,LAE,18.31842923338994
4109,87,88,LAE,2.4133961276536064
4110,87,88,LAE,5.282590721102584
4111,87,95,LAE,20.868040416184865
4112,87,88,LAE,3.401785063384153
4113,87,100,LAE,7.633383250999566
4114,87,88,LAE,12.943426306748407
4115,85,90,LAE,8.085876525286002
4116,85,89,LAE,38.029779974856616
4117,85,89,LAE,8.264032425219478
4118,86,89,LAE,3.5247845186905415
4119,86,89,LAE,17.106084023021054
4120,86,89,LAE,5.1281035844002965
4121,86,97,LAE,35.31643753665898
4122,86,94,LAE,3.686451603910156
4123,86,94,LAE,17.0980714583462
4124,86,95,LAE,25.977216348753938
4125,87,94,LAE,8.248556545065863
4126,87,94,LAE,9.123096360578117
4127,87,89,LAE,13.445555686495577
4128,87,89,LAE,9.022072564931666
4129,87,89,LAE,10.395847088043585
4130,87,92,LAE,12.981203722284866
4131,87,89,LAE,3.455935530015056
4132,87,90,LAE,9.3339345218075
4133,87,89,LAE,6.244471538691137
4134,87,89,LAE,6.534574286960253
4135,88,96,LAE,26.40734376026076
4136,88,94,LAE,7.347140874459242
4137,88,91,LAE,12.65311631761508
4138,88,96,LAE,24.519598458789595
4139,88,108,LAE,7.7142816279595126
4140,88,95,LAE,7.294762644940648
4141,88,89,LAE,11.061710040747208
4142,88,94,LAE,8.354539487539846
4143,88,89,LAE,17.096189521970985
4144,88,89,LAE,6.122927536292544
4145,88,89,LAE,4.402786144014145
4146,88,89,LAE,9.102758617679296
4147,88,100,LAE,10.328806231721908
4148,88,89,LAE,7.0147740896598805
4149,88,89,LAE,7.207995640146593
4150,88,92,LAE,20.202589139364584
4151,88,99,LAE,20.5091373344879
4152,88,89,LAE,4.249737861043882
4153,88,91,LAE,6.391963661159538
4154,88,89,LAE,9.969280300384783
4155,88,89,LAE,20.25732420490141
4156,88,89,LAE,5.05974987566939
4157,88,90,LAE,5.790808491117019
4158,88,89,LAE,8.02689485735319
4159,88,89,LAE,6.771796417324338
4160,88,89,LAE,11.911376973001726
4161,88,89,LAE,16.96761865682011
4162,86,91,LAE,12.128883982251605
4163,86,90,LAE,3.4523512216618806
4164,86,90,LAE,3.084265140771859
4165,87,91,LAE,43.60693535657069
4166,87,90,LAE,15.523925275744041
4167,87,90,LAE,16.526126535320152
4168,87,90,LAE,10.099217579758841
4169,87,108,LAE,8.077456396054412
4170,88,90,LAE,7.183884517623758
4171,88,98,LAE,3.7735731280650864
4172,88,92,LAE,10.020173679042468
4173,88,90,LAE,6.8058693810607505
4174,89,95,LAE,14.93684397742438
4175,89,99,LAE,7.895707284975574
4176,89,90,LAE,9.486492779340885
4177,89,90,LAE,9.980083624471243
4178,89,95,LAE,7.871787689038487
4179,89,103,LAE,9.448947836516354
4180,89,90,LAE,7.492202540918618
4181,89,90,LAE,7.731600912180176
4182,89,91,LAE,6.677683690094934
4183,89,90,LAE,7.495164371264353
4184,89,90,LAE,4.555682062099145
4185,89,90,LAE,7.961843479401754
4186,89,90,LAE,7.476596470008521
4187,89,91,LAE,10.643312904353458
4188,89,90,LAE,8.58301087471881
4189,89,93,LAE,7.3277720096091805
4190,89,91,LAE,4.620932806255543
4191,87,91,LAE,5.334915046865116
4192,87,95,LAE,7.961203849964961
4193,87,91,LAE,12.478395904344815
4194,88,94,LAE,9.116976103236189
4195,88,93,LAE,7.520938302457287
4196,88,91,LAE,10.678105860320676
4197,88,104,LAE,9.312289821294229
4198,88,91,LAE,18.629991044407657
4199,89,101,LAE,2.7521514153199242
4200,89,91,LAE,14.429027919180077
4201,89,94,LAE,3.5714918458051264
4202,89,91,LAE,11.147028735638962
4203,89,91,LAE,9.273366743702468
4204,89,93,LAE,25.05751217256924
4205,89,94,LAE,22.933898293755515
4206,89,91,LAE,18.997383607916724
4207,89,93,LAE,14.21816113657209
4208,89,93,LAE,19.977487290236308
4209,89,91,LAE,19.3422057884373
4210,89,91,LAE,24.859699009312884
4211,90,92,LAE,9.056660508792724
4212,90,91,LAE,2.7994176813912084
4213,90,110,LAE,8.729418876346594
4214,90,96,LAE,10.644632361689148
4215,90,91,LAE,5.818143698867354
4216,90,92,LAE,26.961962519115886
4217,90,91,LAE,27.9013521201393
4218,90,91,LAE,8.214592544655526
4219,90,93,LAE,12.399142197493834
4220,90,92,LAE,9.17685677300644
4221,90,92,LAE,7.820878075372431
4222,90,92,LAE,12.163247451899025
4223,90,91,LAE,11.988450552735989
4224,90,91,LAE,10.953487029999588
4225,90,96,LAE,10.468944351163064
4226,88,92,LAE,6.739829017191926
4227,88,93,LAE,7.815368894641433
4228,88,102,LAE,7.752281845594346
4229,88,92,LAE,8.990912190240808
4230,88,92,LAE,4.573137274909283
4231,89,92,LAE,3.2679946876344963
4232,89,100,LAE,45.163021892844874
4233,89,98,LAE,11.698109709901779
4234,89,92,LAE,7.389575943245055
4235,89,93,LAE,2.9910103381732744
4236,89,92,LAE,26.62397964186058
4237,89,92,LAE,3.1802058600382095
4238,90,92,LAE,5.835252395826916
4239,90,92,LAE,8.415479697058435
4240,90,93,LAE,23.028779927607644
4241,90,94,LAE,57.41086758499816
4242,90,99,LAE,10.646782294883911
4243,90,92,LAE,11.688924068434527
4244,90,99,LAE,7.929528971397918
4245,90,93,LAE,7.9986567596922695
4246,90,92,LAE,10.693758115293784
4247,90,108,LAE,5.573282534377697
4248,90,103,LAE,10.761609327144747
4249,90,102,LAE,11.11060508905267
4250,90,92,LAE,16.87520667062424
4251,91,96,LAE,7.5452437639458125
4252,91,92,LAE,20.996596346267715
4253,91,93,LAE,10.439828899386763
4254,91,92,LAE,3.724388143029613
4255,91,95,LAE,15.264542623522907
4256,91,95,LAE,9.504872242131311
4257,91,95,LAE,8.13133217232397
4258,91,92,LAE,7.613375680068441
4259,91,98,LAE,8.536015874391968
4260,91,92,LAE,11.674325155809075
4261,91,92,LAE,7.51841179591841
4262,91,92,LAE,1.4009710627472423
4263,91,93,LAE,10.038764016354174
4264,91,94,LAE,17.815466899893142
4265,91,100,LAE,8.519394843801617
4266,91,93,LAE,28.685987141983123
4267,91,96,LAE,7.843271740148768
4268,91,92,LAE,4.280279442170241
4269,91,100,LAE,9.142032773682745
4270,91,92,LAE,25.21496085213568
4271,91,92,LAE,1.917068684446417
4272,91,92,LAE,7.424637218775776
4273,91,92,LAE,9.02887943480092
4274,89,93,LAE,3.8560841417812224
4275,89,93,LAE,1.6603476194003755
4276,89,93,LAE,4.159413677615027
4277,89,93,LAE,10.974822650336506
4278,90,97,LAE,6.189776034372062
4279,90,93,LAE,8.724706633501523
4280,90,101,LAE,8.512693871118747
4281,90,93,LAE,7.596260798935966
4282,91,93,LAE,4.730095597079491
4283,91,95,LAE,2.6897305895932266
4284,91,93,LAE,7.926905511091909
4285,91,100,LAE,7.454456753434472
4286,92,93,LAE,13.256906361748769
4287,92,93,LAE,6.178539270100359
4288,92,93,LAE,6.847708697456557
4289,92,93,LAE,7.575644895760717
4290,92,96,LAE,8.271733013625992
4291,92,93,LAE,3.337926260352322
4292,92,95,LAE,10.009763727306124
4293,92,94,LAE,7.461536342281328
4294,92,100,LAE,7.2436669317814895
4295,92,93,LAE,7.996066598515164
4296,92,93,LAE,6.926552052502229
4297,92,98,LAE,9.080228685092107
4298,92,95,LAE,27.810490108640543
4299,92,93,LAE,7.611791737884272
4300,90,94,LAE,25.47699160906812
4301,90,94,LAE,12.883435520099463
4302,90,94,LAE,51.51185092611893
4303,90,94,LAE,10.911986731208446
4304,91,94,LAE,7.095352213894279
4305,91,99,LAE,8.733572575350482
4306,91,94,LAE,9.486982208533119
4307,91,100,LAE,20.974121506559463
4308,91,139,LAE,8.192156368250975
4309,91,97,LAE,11.510424240499969
4310,91,111,LAE,8.4685409503378
4311,91,94,LAE,4.186172538596555
4312,91,112,LAE,8.54622813793522
4313,91,94,LAE,16.914807741788394
4314,92,98,LAE,10.078017126469813
4315,92,94,LAE,11.56243947997588
4316,92,94,LAE,10.328853066480677
4317,92,94,LAE,31.873138143044628
4318,92,94,LAE,10.020916892267438
4319,92,94,LAE,7.301875292027291
4320,92,102,LAE,7.965434865159799
4321,92,97,LAE,12.06146053602244
4322,93,94,LAE,5.565256811833885
4323,93,94,LAE,6.672560892390144
4324,93,101,LAE,10.099731527489615
4325,93,97,LAE,7.293267757677724
4326,93,94,LAE,1.6313880610997271
4327,93,94,LAE,3.149954936630928
4328,93,95,LAE,3.48057645474804
4329,93,94,LAE,8.387515960030214
4330,93,97,LAE,4.659689863695353
4331,93,94,LAE,2.5852238100521743
4332,93,100,LAE,2.20944480869724
4333,93,98,LAE,11.7146909800881
4334,93,94,LAE,10.222476637015234
4335,93,107,LAE,7.3462909959779665
4336,93,94,LAE,36.5825671231452
4337,93,94,LAE,3.328031778279506
4338,93,94,LAE,21.191260220336318
4339,91,95,LAE,11.477597975226752
4340,91,95,LAE,2.7737511337144447
4341,91,95,LAE,59.695056620582704
4342,91,95,LAE,3.2454630918668834
4343,91,95,LAE,4.124750809513772
4344,91,98,LAE,7.800761250208122
4345,92,102,LAE,7.335023792963159
4346,92,95,LAE,1.761992461367326
4347,92,96,LAE,3.1925550032147956
4348,92,96,LAE,10.38326171307709
4349,92,95,LAE,15.665512048698783
4350,93,95,LAE,10.070768416964166
4351,93,99,LAE,16.95714516102162
4352,93,95,LAE,5.298576759926178
4353,93,95,LAE,26.737419303206504
4354,93,95,LAE,13.113784585125511
4355,93,96,LAE,6.985144296159609
4356,93,96,LAE,3.451157133111565
4357,93,97,LAE,8.119468238418392
4358,93,95,LAE,21.691053415836944
4359,94,96,LAE,9.567356579928788
4360,94,95,LAE,4.441866668505118
4361,94,95,LAE,4.680861711045385
4362,94,97,LAE,8.505723402730673
4363,94,100,LAE,7.266646844233443
4364,94,95,LAE,19.480878528096643
4365,94,96,LAE,8.680003378120334
4366,94,95,LAE,9.054435776592026
4367,94,95,LAE,11.81008569609525
4368,94,95,LAE,4.876333378248361
4369,94,95,LAE,6.283247700554412
4370,94,98,LAE,6.985244525999101
4371,94,98,LAE,3.903439431521821
4372,94,97,LAE,22.799838662801342
4373,92,98,LAE,7.389388068264829
4374,92,96,LAE,7.624120935093631
4375,92,97,LAE,13.714986099102289
4376,92,96,LAE,8.327168390180239
4377,93,96,LAE,7.159302750669952
4378,93,102,LAE,9.96111161370761
4379,93,96,LAE,12.671566790023569
4380,93,96,LAE,11.156660016035955
4381,93,96,LAE,7.608315701121077
4382,94,102,LAE,6.137903775395194
4383,94,98,LAE,10.463232367673294
4384,94,96,LAE,8.92766173942908
4385,94,102,LAE,3.089803895657501
4386,94,96,LAE,21.36467243666292
4387,94,96,LAE,8.25220499980611
4388,94,96,LAE,3.238111441389336
4389,94,96,LAE,19.856561294840265
4390,94,100,LAE,35.91699688640878
4391,94,96,LAE,3.7256127002099273
4392,94,96,LAE,3.6733672787974596
4393,94,96,LAE,1.273674180995493
4394,94,96,LAE,10.556622474950593
4395,94,99,LAE,7.242451201925986
4396,94,96,LAE,27.636599579798972
4397,94,96,LAE,9.1071092248825
4398,95,98,LAE,7.041439504210677
4399,95,109,LAE,8.492942831465538
4400,95,96,LAE,2.659795604650703
4401,95,96,LAE,9.828194798874817
4402,95,96,LAE,9.659830503824898
4403,95,99,LAE,16.523942301123675
4404,95,96,LAE,26.35762636056818
4405,95,96,LAE,2.315999888654969
4406,93,97,LAE,26.662526075772277
4407,93,97,LAE,9.838095874990472
4408,94,99,LAE,7.315727336058751
4409,94,97,LAE,6.885611495988684
4410,94,99,LAE,2.5166742305128667
4411,94,100,LAE,2.4206821736708064
4412,94,100,LAE,7.097123077747939
4413,95,97,LAE,19.169813885091518
4414,95,98,LAE,7.35195713047625
4415,95,97,LAE,2.8682764028483345
4416,95,103,LAE,8.237443414776786
4417,95,97,LAE,6.53618718547094
4418,95,98,LAE,4.391572486289541
4419,95,106,LAE,8.175439805468708
4420,95,99,LAE,17.37194573925073
4421,95,101,LAE,10.803532871639034
4422,95,97,LAE,30.8665434675086
4423,95,97,LAE,2.8138032909722064
4424,95,107,LAE,6.9398449407506595
4425,95,97,LAE,3.7297574299230174
4426,95,105,LAE,11.206965728138263
4427,95,101,LAE,10.005249493091048
4428,95,99,LAE,11.466482228784916
4429,96,97,LAE,3.570796098361312
4430,96,104,LAE,10.111477128212917
4431,96,101,LAE,7.940607823489079
4432,96,97,LAE,2.7185113271509227
4433,96,97,LAE,10.664608775654992
4434,96,97,LAE,7.754581915308495
4435,96,97,LAE,7.2626176856233124
4436,96,97,LAE,12.96243379739543
4437,96,97,LAE,2.288669641242611
4438,96,99,LAE,9.153653046222987
4439,96,97,LAE,3.2191079974672476
4440,96,103,LAE,2.7901841225843547
4441,96,97,LAE,18.422334725611574
4442,96,97,LAE,9.201258167667078
4443,96,97,LAE,4.16738753455
4444,96,97,LAE,0.783534394502647
4445,94,99,LAE,6.572835865070705
4446,94,103,LAE,7.466569310373127
4447,94,107,LAE,6.971249396980539
4448,94,98,LAE,6.51355001226839
4449,94,98,LAE,3.6648709355394784
4450,95,101,LAE,2.981906846992671
4451,95,102,LAE,14.767400467807207
4452,95,98,LAE,7.268213687283233
4453,95,98,LAE,8.947455951246233
4454,96,102,LAE,10.758186067572742
4455,96,99,LAE,1.5925612452424673
4456,96,98,LAE,6.889700786743266
4457,96,107,LAE,7.737228192124332
4458,96,98,LAE,4.549956002879436
4459,96,98,LAE,0.9169804881180242
4460,96,98,LAE,5.984893367557699
4461,96,98,LAE,7.414324970931878
4462,96,99,LAE,1.305048846164182
4463,96,98,LAE,3.2758504150791614
4464,96,102,LAE,10.572195084440946
4465,96,111,LAE,7.975554491711113
4466,96,101,LAE,9.12569027021989
4467,96,98,LAE,44.99132664450357
4468,96,106,LAE,5.502424369879334
4469,96,98,LAE,7.534773737826815
4470,96,98,LAE,10.890727374389765
4471,96,98,LAE,7.690722646602273
4472,96,98,LAE,6.151162644122196
4473,96,98,LAE,9.095363583734688
4474,96,102,LAE,8.830326295414567
4475,96,98,LAE,9.756341798561884
4476,97,98,LAE,50.18501310519594
4477,97,101,LAE,2.6716010116320055
4478,97,99,LAE,6.7354992202160515
4479,97,98,LAE,4.534586177932281
4480,97,98,LAE,5.0409960060049235
4481,97,98,LAE,12.444342597833284
4482,97,98,LAE,5.639723518101179
4483,97,98,LAE,25.634906264205256
4484,97,142,LAE,7.3308884883100935
4485,97,103,LAE,2.6503586886162687
4486,97,98,LAE,2.841989028009379
4487,97,98,LAE,7.24469207421251
4488,97,98,LAE,23.269070736265146
4489,97,98,LAE,3.024348554876143
4490,97,108,LAE,6.721838844573462
4491,97,99,LAE,9.01823571401505
4492,97,102,LAE,3.206463311159427
4493,97,98,LAE,32.15786249267171
4494,97,98,LAE,10.147006360445607
4495,97,98,LAE,1.8379592404401237
4496,97,100,LAE,6.791111116558811
4497,95,105,LAE,6.833699822487793
4498,95,99,LAE,4.961657041496804
4499,96,102,LAE,6.641971344811958
4500,96,99,LAE,9.91181576183082
4501,96,99,LAE,6.746767745592761
4502,96,102,LAE,3.3216269156647478
4503,96,99,LAE,3.20640982830128
4504,96,99,LAE,4.871686780993307
4505,97,101,LAE,6.660592380724729
4506,97,99,LAE,6.690316310874116
4507,97,100,LAE,3.341302521811186
4508,97,99,LAE,9.210151565164791
4509,97,99,LAE,28.406637283962677
4510,97,99,LAE,8.578105861662989
4511,97,99,LAE,28.063609624127785
4512,97,103,LAE,7.792189420746758
4513,97,103,LAE,6.972123090792962
4514,97,99,LAE,1.0889593373917572
4515,97,100,LAE,7.089929013216318
4516,97,107,LAE,8.798817634648922
4517,97,103,LAE,2.385066017983816
4518,97,99,LAE,3.888701991269704
4519,97,102,LAE,11.31950986662354
4520,97,109,LAE,18.091406288377165
4521,97,108,LAE,3.403318145337843
4522,97,99,LAE,3.4273912952403642
4523,98,100,LAE,1.6243484720570371
4524,98,103,LAE,2.889027683276949
4525,98,101,LAE,11.079081266171615
4526,98,99,LAE,7.492742466098173
4527,98,102,LAE,10.459223757895185
4528,98,99,LAE,6.772711257500763
4529,98,99,LAE,10.025780671133669
4530,98,99,LAE,9.117764753865895
4531,98,99,LAE,30.687022744113122
4532,98,100,LAE,1.0219155579857797
4533,98,99,LAE,7.634991329421913
4534,98,99,LAE,2.328067528420253
4535,98,99,LAE,8.497869228743864
4536,98,99,LAE,1.349079155086966
4537,98,99,LAE,8.501316013220212
4538,98,99,LAE,6.28228480809715
4539,98,99,LAE,1.0098795489792087
4540,98,99,LAE,2.1673698438019486
4541,98,99,LAE,5.408179144475058
4542,98,99,LAE,3.018321340305117
4543,98,103,LAE,2.8759552274503477
4544,97,105,LAE,6.915771939189619
4545,97,100,LAE,3.0220099602946036
4546,97,100,LAE,6.578772137538248
4547,97,100,LAE,6.731006617049398
4548,97,102,LAE,6.670941963846608
4549,97,100,LAE,8.737376224426857
4550,97,100,LAE,12.070283439815991
4551,97,102,LAE,2.3557096488503806
4552,98,102,LAE,17.598154775812162
4553,98,118,LAE,6.9450732282086305
4554,98,100,LAE,4.316836274864297
4555,98,104,LAE,7.277590284030126
4556,98,100,LAE,6.866139894085151
4557,98,100,LAE,9.943575197364249
4558,98,100,LAE,1.3913885472563872
4559,99,103,LAE,3.304998026340174
4560,99,100,LAE,3.16060860094161
4561,99,101,LAE,7.253966089984337
4562,99,106,LAE,6.021627627251692
4563,99,103,LAE,6.206897881232411
4564,99,119,LAE,6.824673625628846
4565,99,100,LAE,2.663851545461197
4566,99,100,LAE,12.561779324066157
4567,97,101,LAE,9.787061123499871
4568,97,101,LAE,2.65784573687568
4569,98,103,LAE,10.795195764646909
4570,98,102,LAE,10.482028666092392
4571,98,102,LAE,10.177991467527624
4572,98,101,LAE,3.123984042142908
4573,99,103,LAE,6.8507938171594365
4574,99,101,LAE,6.5138961421466215
4575,99,101,LAE,7.812425607174177
4576,99,102,LAE,9.717744858009928
4577,99,101,LAE,11.330270823201229
4578,99,108,LAE,8.86723542718812
4579,99,103,LAE,3.68386895546566
4580,99,105,LAE,4.249648077631589
4581,99,101,LAE,7.130824636773397
4582,100,101,LAE,5.974615133236469
4583,100,103,LAE,3.6126594132578314
4584,100,101,LAE,2.979782618510886
4585,100,101,LAE,12.72271363047555
4586,100,113,LAE,7.072177975122164
4587,100,102,LAE,7.176194563759967
4588,100,105,LAE,7.526626228884906
4589,100,101,LAE,2.0767219742504994
4590,98,103,LAE,19.506654776557703
4591,98,102,LAE,6.6828437755432315
4592,98,107,LAE,7.001648504688362
4593,99,124,LAE,10.093298499197152
4594,99,106,LAE,6.5189869307352515
4595,99,102,LAE,2.7804010731748146
4596,99,103,LAE,10.09716650425274
4597,99,102,LAE,9.80764065962764
4598,100,102,LAE,43.46471830190858
4599,101,121,LAE,7.109040954450161
4600,101,102,LAE,7.439741996429221
4601,101,105,LAE,6.053062220169816
4602,101,102,LAE,1.8935405907558858
4603,101,124,LAE,6.2512163162845
4604,101,107,LAE,5.671094254762311
4605,101,102,LAE,2.11425065633068
4606,101,116,LAE,5.076836285255385
4607,101,102,LAE,6.406929771829768
4608,101,102,LAE,7.769809514440313
4609,101,102,LAE,1.4124912185125742
4610,101,104,LAE,2.0099616924861827
4611,101,108,LAE,7.926997211446118
4612,101,125,LAE,5.338762876371191
4613,101,102,LAE,11.74843616922022
4614,101,102,LAE,3.6578318592970986
4615,101,102,LAE,9.291100030153984
4616,101,103,LAE,5.491042708769314
4617,101,102,LAE,41.0464564143724
4618,101,108,LAE,10.42812064016198
4619,101,102,LAE,12.637180810072271
4620,101,102,LAE,7.095761195384241
4621,101,102,LAE,2.095853076847783
4622,101,115,LAE,3.403582659478828
4623,99,119,LAE,7.837764469288128
4624,100,104,LAE,8.122538587781664
4625,100,106,LAE,5.9528098110517815
4626,101,108,LAE,6.983413893155799
4627,101,105,LAE,6.615904133769703
4628,101,103,LAE,7.970001809284887
4629,101,103,LAE,4.7369959799031385
4630,101,103,LAE,1.712027571616991
4631,101,103,LAE,8.849654206769936
4632,101,103,LAE,2.408252677604388
4633,101,109,LAE,6.8839528847588385
4634,102,103,LAE,2.8077348939120066
4635,102,105,LAE,1.1910661997910683
4636,102,103,LAE,2.365558497781211
4637,102,103,LAE,1.0633309644527968
4638,102,103,LAE,7.6341244876201175
4639,102,103,LAE,1.2758295099003805
4640,102,103,LAE,7.087167493657879
4641,102,103,LAE,1.8580728493317162
4642,102,103,LAE,1.8059103959259595
4643,102,103,LAE,2.76877950092649
4644,102,114,LAE,8.949864656381333
4645,102,103,LAE,1.7574820609469275
4646,100,109,LAE,5.459288345159411
4647,100,105,LAE,6.8726150549291605
4648,100,104,LAE,2.9523877179765585
4649,100,106,LAE,7.770407631068756
4650,100,104,LAE,6.078226722207668
4651,101,109,LAE,7.5018610107027985
4652,101,104,LAE,7.284622763273183
4653,102,104,LAE,8.416980458394947
4654,102,104,LAE,6.253236087896083
4655,102,125,LAE,7.964789969371253
4656,102,107,LAE,5.78635000812855
4657,102,105,LAE,2.2000891325363567
4658,103,104,LAE,28.37399290739548
4659,103,104,LAE,1.2647627752914181
4660,103,105,LAE,1.8959288542676505
4661,103,107,LAE,14.878084620735326
4662,103,104,LAE,5.138676301403257
4663,103,104,LAE,24.843688895910645
4664,103,106,LAE,30.096427934330656
4665,103,119,LAE,6.041923094053222
4666,103,104,LAE,1.6662201024474397
4667,103,108,LAE,9.759176493101313
4668,103,107,LAE,8.406612667500589
4669,103,104,LAE,1.9619758172613935
4670,103,104,LAE,1.9758885040523082
4671,103,104,LAE,11.17853570433165
4672,103,107,LAE,2.0295892044382775
4673,103,109,LAE,6.550715414392412
4674,103,106,LAE,19.91323314472689
4675,103,124,LAE,6.13777839799812
4676,101,108,LAE,7.350676396661429
4677,101,105,LAE,2.574295625353913
4678,101,105,LAE,9.384220850999348
4679,102,120,LAE,5.964578383637389
4680,102,105,LAE,9.638602606491526
4681,102,107,LAE,3.4036492083255463
4682,102,105,LAE,6.428264147195414
4683,102,107,LAE,6.183920727883138
4684,102,118,LAE,11.24524455797816
4685,102,108,LAE,7.7501360617890285
4686,102,106,LAE,2.3652754501981086
4687,102,105,LAE,7.75080893018228
4688,102,106,LAE,7.584831505034846
4689,102,105,LAE,4.9078652839273555
4690,102,105,LAE,1.880784289021016
4691,103,105,LAE,2.6963872173935983
4692,103,107,LAE,5.954308985846403
4693,103,105,LAE,1.8509141170083543
4694,103,105,LAE,7.545795999587334
4695,103,113,LAE,4.2532504853073
4696,103,105,LAE,3.639269135626487
4697,103,110,LAE,2.287720433363868
4698,103,105,LAE,1.592302849124387
4699,103,137,LAE,8.586364266619093
4700,104,105,LAE,6.475897540203582
4701,104,105,LAE,8.08223177521061
4702,104,105,LAE,1.722172796699995
4703,104,111,LAE,12.394250706745732
4704,104,109,LAE,1.635177972644825
4705,104,108,LAE,5.4205397946456335
4706,104,106,LAE,7.626677198032099
4707,104,108,LAE,1.336413597036129
4708,104,105,LAE,21.226365771425865
4709,104,105,LAE,1.7030040565734403
4710,104,105,LAE,10.245404288265737
4711,104,105,LAE,6.954331724567074
4712,104,105,LAE,53.58590083941235
4713,104,105,LAE,8.177637837472838
4714,102,106,LAE,2.304127894872802
4715,102,109,LAE,6.055872107745217
4716,102,116,LAE,5.4301189715880955
4717,103,106,LAE,8.378575088277978
4718,103,107,LAE,7.592946754003664
4719,103,106,LAE,3.935467589853055
4720,103,108,LAE,6.443461844267683
4721,103,106,LAE,5.530795234158588
4722,103,106,LAE,6.2501004528947375
4723,104,108,LAE,1.347269102188569
4724,104,106,LAE,7.087535537698351
4725,104,107,LAE,30.73484216230179
4726,104,106,LAE,7.753032727372311
4727,104,106,LAE,5.666965441450804
4728,104,106,LAE,4.913952265041212
4729,104,106,LAE,5.640885895638124
4730,104,106,LAE,6.900353678977267
4731,104,106,LAE,9.393821561015237
4732,104,106,LAE,1.170965661284338
4733,105,107,LAE,5.564333570419522
4734,105,108,LAE,5.4432622247330125
4735,105,106,LAE,7.7632401663810295
4736,105,110,LAE,7.9448961797928614
4737,105,110,LAE,1.5064431358018344
4738,105,106,LAE,5.780720039872066
4739,105,106,LAE,1.9227105468247474
4740,105,106,LAE,1.110791977353205
4741,105,108,LAE,5.840088749660278
4742,105,106,LAE,7.407481637249
4743,105,108,LAE,2.3609214714299487
4744,105,110,LAE,3.43250403839283
4745,105,106,LAE,0.9037475877613461
4746,103,107,LAE,5.839551201726621
4747,104,107,LAE,5.785914860238527
4748,104,108,LAE,5.659065836816593
4749,104,111,LAE,2.405584209629216
4750,105,107,LAE,5.755166347906474
4751,105,110,LAE,1.7089754867137528
4752,105,108,LAE,5.712457236149271
4753,105,107,LAE,2.911242036207004
4754,105,107,LAE,5.3592417923197475
4755,105,107,LAE,3.749205718295627
4756,105,125,LAE,5.870080181980452
4757,105,107,LAE,3.3195597402291113
4758,105,107,LAE,5.515815395166464
4759,105,132,LAE,6.076502177157581
4760,105,107,LAE,7.374754257396083
4761,105,109,LAE,5.619934213805644
4762,106,107,LAE,5.541745933602565
4763,106,109,LAE,1.6244520903125035
4764,106,107,LAE,1.5273981104204657
4765,106,108,LAE,5.584275995571525
4766,106,107,LAE,1.6416254382657305
4767,106,107,LAE,5.342874211560759
4768,106,107,LAE,1.3165025363422371
4769,106,110,LAE,1.408435026498553
4770,106,109,LAE,3.6741104561466558
4771,106,107,LAE,2.236778234888499
4772,106,111,LAE,2.2371812279720102
4773,106,108,LAE,2.0478974114796236
4774,106,110,LAE,5.589341785220671
4775,106,110,LAE,1.7981551204356816
4776,106,107,LAE,1.3867562926976575
4777,106,107,LAE,14.277603212583324
4778,106,107,LAE,2.02646834398338
4779,106,111,LAE,5.776252573341777
4780,106,107,LAE,1.7726296532742882
4781,106,112,LAE,2.057680928063275
4782,104,108,LAE,5.875157876520262
4783,104,108,LAE,15.211770614415675
4784,104,110,LAE,7.230801244949845
4785,105,108,LAE,1.1898405263940768
4786,105,108,LAE,1.7519566235531512
4787,105,108,LAE,5.964120908185166
4788,105,110,LAE,18.699413960004858
4789,105,108,LAE,2.4854603933765294
4790,105,108,LAE,12.06233275054993
4791,106,108,LAE,1.3766365897149508
4792,106,115,LAE,11.762232468697789
4793,106,108,LAE,1.028334472812185
4794,106,108,LAE,5.6002475795925735
4795,106,108,LAE,1.2151638363787798
4796,106,108,LAE,6.255975113708784
4797,106,109,LAE,6.144274829556043
4798,106,108,LAE,1.69763951595748
4799,106,108,LAE,7.433838293940784
4800,106,123,LAE,5.715860786149332
4801,107,108,LAE,2.064548179675242
4802,107,110,LAE,6.243411117706957
4803,107,112,LAE,1.47694680986739
4804,107,115,LAE,8.29302108870937
4805,107,108,LAE,1.2937356626450591
4806,107,108,LAE,6.161530374541276
4807,107,110,LAE,1.6620965930040055
4808,107,108,LAE,1.5591518913428517
4809,107,108,LAE,1.3095921890662965
4810,107,111,LAE,2.68230119231493
4811,107,115,LAE,8.875245047863006
4812,107,126,LAE,5.653238085265415
4813,107,108,LAE,2.0307111848292054
4814,107,108,LAE,14.977104379553431
4815,107,108,LAE,4.813933954337956
4816,107,112,LAE,4.3759039767782415
4817,107,111,LAE,1.7603144002518611
4818,107,117,LAE,5.439659578367202
4819,107,108,LAE,7.698926188152639
4820,107,108,LAE,1.1640389281150265
4821,107,109,LAE,1.287122571201502
4822,107,108,LAE,2.56628123949296
4823,107,108,LAE,7.999933365572992
4824,107,108,LAE,3.933949433706392
4825,105,109,LAE,5.995579057236004
4826,106,109,LAE,5.105078856966275
4827,106,112,LAE,1.6000596763883228
4828,106,109,LAE,5.684212562349492
4829,106,109,LAE,4.906550631228569
4830,107,109,LAE,5.81879416304434
4831,107,109,LAE,1.1803764969374881
4832,107,109,LAE,0.8907973917819968
4833,107,109,LAE,1.7817751667626154
4834,107,109,LAE,31.22957443987799
4835,107,109,LAE,2.101590662641038
4836,107,109,LAE,5.278024444600742
4837,107,109,LAE,1.894269155628384
4838,108,109,LAE,0.8434158013322979
4839,108,109,LAE,1.6848914913118644
4840,108,115,LAE,1.7060083007378593
4841,108,109,LAE,1.45310315686548
4842,108,109,LAE,7.185802049608045
4843,108,112,LAE,1.6314257053825558
4844,108,109,LAE,5.371805396486939
4845,108,109,LAE,1.0103718509716517
4846,108,109,LAE,2.018934810786199
4847,108,110,LAE,7.314921683251131
4848,108,114,LAE,4.041856191432211
4849,108,111,LAE,4.451572495341087
4850,108,109,LAE,7.7353142661089915
4851,108,109,LAE,8.679332923404273
4852,108,113,LAE,2.6270616501385713
4853,106,113,LAE,8.106863200325865
4854,106,118,LAE,2.142366865466581
4855,106,110,LAE,2.8900951501731624
4856,106,110,LAE,6.869772870869007
4857,107,110,LAE,1.2607167161996853
4858,107,110,LAE,41.41879676606347
4859,107,112,LAE,8.841415385351212
4860,107,111,LAE,1.8663522299420316
4861,107,110,LAE,1.3570057084725828
4862,107,121,LAE,6.616132224551585
4863,108,114,LAE,1.8991906524174855
4864,108,110,LAE,1.3002489051200377
4865,108,110,LAE,7.539656585943138
4866,108,118,LAE,9.228652378186077
4867,108,113,LAE,9.18997503284753
4868,108,110,LAE,1.5606430374505835
4869,108,112,LAE,6.230671287790274
4870,108,127,LAE,5.478835658866651
4871,108,114,LAE,4.266232042654972
4872,108,132,LAE,8.649942637571103
4873,108,114,LAE,7.026971541370612
4874,108,119,LAE,5.585844959649632
4875,108,115,LAE,3.8918812251229573
4876,109,137,LAE,5.3335423212130655
4877,109,111,LAE,1.5189888793303556
4878,109,111,LAE,1.1441841078332462
4879,109,124,LAE,5.588085044574308
4880,109,110,LAE,1.1259176346292334
4881,109,110,LAE,1.3736945968625967
4882,109,142,LAE,6.009157204874371
4883,109,110,LAE,7.362484277980997
4884,109,110,LAE,1.1751409066387033
4885,109,114,LAE,4.729731319565964
4886,109,116,LAE,5.061539229866876
4887,107,111,LAE,5.265978005804396
4888,107,111,LAE,1.7641076395110795
4889,107,111,LAE,5.635353075383794
4890,107,111,LAE,1.6208672272955658
4891,107,111,LAE,1.9321915424174898
4892,108,115,LAE,5.29679774401106
4893,108,111,LAE,8.74625757726723
4894,108,111,LAE,1.2913128023110687
4895,108,116,LAE,5.047292364206788
4896,108,111,LAE,1.3332270434413755
4897,108,113,LAE,5.968223353973606
4898,108,111,LAE,1.5832042684994287
4899,108,111,LAE,2.3864890251948703
4900,109,111,LAE,0.9576068209116368
4901,109,111,LAE,0.9218195527645482
4902,109,117,LAE,39.17615881917515
4903,109,112,LAE,1.6861377680782699
4904,109,111,LAE,7.843023700535591
4905,109,111,LAE,1.412494181017305
4906,109,113,LAE,4.886931861720059
4907,109,112,LAE,5.110627972380488
4908,109,111,LAE,1.9026561190131723
4909,109,111,LAE,1.4640173679530077
4910,109,111,LAE,1.1363989643324401
4911,109,120,LAE,5.699217604133149
4912,109,114,LAE,2.4703712301011858
4913,109,111,LAE,3.359510684666883
4914,109,111,LAE,1.2245384003299502
4915,109,111,LAE,1.6800835164419186
4916,109,111,LAE,1.3541255371358663
4917,109,111,LAE,4.394549461387299
4918,110,111,LAE,3.4764670327804903
4919,110,114,LAE,1.9841599033510302
4920,110,128,LAE,7.880195298883171
4921,110,112,LAE,1.997952091294404
4922,110,116,LAE,2.18550862115786
4923,110,118,LAE,8.34974902122232
4924,110,125,LAE,5.433859310301033
4925,110,130,LAE,5.250365845636868
4926,110,111,LAE,6.5019445636569575
4927,110,111,LAE,1.8705674912488868
4928,110,120,LAE,4.303306139742267
4929,110,114,LAE,5.077836956074444
4930,110,111,LAE,1.0944232991892755
4931,110,111,LAE,1.2177927542008096
4932,110,111,LAE,7.476847164095088
4933,110,111,LAE,1.1537338171031122
4934,110,111,LAE,4.791809395192258
4935,110,111,LAE,1.4230777543517004
4936,110,111,LAE,6.733942369773348
4937,110,113,LAE,1.5473818601309055
4938,110,120,LAE,4.588269411584856
4939,108,127,LAE,5.416612532969648
4940,108,113,LAE,6.565958463359172
4941,108,112,LAE,8.739644654746899
4942,108,140,LAE,9.830249984953667
4943,108,120,LAE,3.8233734399464745
4944,109,112,LAE,6.133886335801019
4945,109,116,LAE,2.1506987133702715
4946,109,113,LAE,1.4661456369111627
4947,109,112,LAE,6.054077848985674
4948,109,112,LAE,5.399507354481001
4949,110,113,LAE,1.4917318644416393
4950,110,112,LAE,4.877905479564639
4951,110,119,LAE,6.061102277300572
4952,110,116,LAE,2.031376561409849
4953,110,112,LAE,2.9670801258948103
4954,110,113,LAE,5.528923269543289
4955,110,113,LAE,1.5552266567963309
4956,110,120,LAE,4.969654638585784
4957,110,112,LAE,6.481255960183405
4958,110,112,LAE,1.3851034841820207
4959,110,112,LAE,24.017159350183466
4960,110,112,LAE,3.645538717443009
4961,110,112,LAE,1.0575138872333594
4962,111,114,LAE,1.4410187355030142
4963,111,115,LAE,5.036228386917046
4964,111,112,LAE,0.9594696304683272
4965,111,118,LAE,2.0135610753084783
4966,111,112,LAE,7.061338974962361
4967,111,113,LAE,0.9541386376957697
4968,111,112,LAE,1.5480556685942122
4969,111,114,LAE,0.9866578251813142
4970,111,117,LAE,2.0836091140480733
4971,111,112,LAE,0.8615361109757876
4972,111,112,LAE,7.9158805927107165
4973,111,112,LAE,7.123044666624956
4974,111,118,LAE,2.6607589693235547
4975,111,116,LAE,3.7792969713131734
4976,109,123,LAE,5.006500588804253
4977,109,116,LAE,7.529830299262267
4978,110,113,LAE,7.626802562300717
4979,110,117,LAE,6.750594747386282
4980,110,113,LAE,1.2013924614053462
4981,110,113,LAE,1.5005369312025099
4982,110,127,LAE,7.853654538130573
4983,110,113,LAE,2.2529087859142254
4984,110,113,LAE,3.014975159757163
4985,110,114,LAE,7.984666332265047
4986,110,115,LAE,6.065959043637796
4987,111,115,LAE,8.549328811612778
4988,111,114,LAE,7.7610490323575245
4989,111,113,LAE,1.2071050893242579
4990,111,113,LAE,2.7528817457677897
4991,111,119,LAE,4.839306658328895
4992,111,119,LAE,10.203209395005905
4993,111,122,LAE,6.695201326585108
4994,112,118,LAE,2.070974552876174
4995,112,113,LAE,1.2932174238392506
4996,112,117,LAE,1.5634194385849767
4997,112,113,LAE,4.847915548289886
4998,112,117,LAE,2.005506927751928
4999,112,113,LAE,2.237802981200779
5000,112,113,LAE,1.1823299704658414
5001,112,120,LAE,39.45221794577369
5002,112,113,LAE,7.095821227852344
5003,112,113,LAE,1.4261901838352204
5004,112,113,LAE,8.665879196829232
5005,112,120,LAE,2.1821024659573554
5006,112,113,LAE,6.033829128876971
5007,112,113,LAE,1.114993588590545
5008,112,113,LAE,8.641876971287854
5009,112,137,LAE,8.922930454044598
5010,112,113,LAE,1.1346889070361852
5011,112,113,LAE,8.221808914991566
5012,111,121,LAE,7.097055823091388
5013,111,114,LAE,1.499440865868056
5014,111,114,LAE,1.1407642741067023
5015,111,117,LAE,6.813751104748486
5016,111,114,LAE,6.830223583541934
5017,111,116,LAE,6.196822510657784
5018,111,121,LAE,8.494406027659833
5019,112,114,LAE,1.3857055140774965
5020,112,114,LAE,5.578540806367727
5021,112,115,LAE,5.722252674261941
5022,112,130,LAE,4.776174968240526
5023,112,125,LAE,6.002728205426725
5024,112,116,LAE,8.524112287182007
5025,113,114,LAE,5.426514289277077
5026,113,114,LAE,4.802635469879406
5027,113,114,LAE,7.2538410539717475
5028,113,135,LAE,4.657589486086166
5029,113,114,LAE,2.2484292154610936
5030,113,122,LAE,4.631080083484355
5031,113,115,LAE,4.290747911204367
5032,113,114,LAE,6.493127063267174
5033,113,114,LAE,1.579030015571074
5034,113,114,LAE,7.445992061400438
5035,113,114,LAE,1.1778710677921287
5036,113,128,LAE,6.395792880174324
5037,113,133,LAE,5.124840680393803
5038,113,120,LAE,5.181250190530842
5039,113,114,LAE,1.0377268275277747
5040,113,117,LAE,1.5403824014581309
5041,113,115,LAE,4.800300918498165
5042,113,114,LAE,3.6513284232207033
5043,113,120,LAE,6.049656652967086
5044,113,117,LAE,5.235276932435976
5045,113,114,LAE,6.2980824550436205
5046,113,114,LAE,6.035164444685952
5047,113,116,LAE,6.819189641493963
5048,113,115,LAE,4.066547815812574
5049,113,114,LAE,1.7163753526527405
5050,113,123,LAE,5.01726259045874
5051,111,115,LAE,5.18010925060753
5052,111,117,LAE,6.885864968676977
5053,111,125,LAE,6.7447122501116175
5054,112,115,LAE,5.689596307068673
5055,113,124,LAE,6.497708173694476
5056,113,115,LAE,6.443600246913379
5057,113,118,LAE,2.0082457684140524
5058,113,121,LAE,2.582107460227148
5059,113,116,LAE,4.8935122685183
5060,113,124,LAE,4.622739152765639
5061,113,118,LAE,30.77031197632268
5062,113,118,LAE,41.73120039369533
5063,113,121,LAE,4.466255909243898
5064,113,118,LAE,6.015238739342496
5065,113,115,LAE,7.58906277485712
5066,113,116,LAE,1.7947762810216068
5067,113,116,LAE,5.423535966340794
5068,113,115,LAE,6.3852997009319665
5069,113,139,LAE,7.9418633656547515
5070,113,115,LAE,3.5719123051336714
5071,114,115,LAE,4.41322520465843
5072,114,116,LAE,6.280343570883668
5073,114,125,LAE,4.080493584113228
5074,114,124,LAE,4.878845215898326
5075,114,116,LAE,1.8586563482628606
5076,114,115,LAE,6.238534200208181
5077,114,115,LAE,2.0772945033763675
5078,114,129,LAE,6.168401157648097
5079,114,115,LAE,0.9300692868641164
5080,114,121,LAE,4.692119957400046
5081,114,115,LAE,0.987209241250055
5082,114,117,LAE,8.391678386904232
5083,114,115,LAE,5.23203566275666
5084,114,115,LAE,5.901968758960066
5085,114,117,LAE,4.863432217874302
5086,112,141,LAE,8.445854067371702
5087,112,116,LAE,7.793760972460254
5088,112,116,LAE,2.9513684368803053
5089,112,120,LAE,8.376134183484883
5090,113,116,LAE,8.08764309411116
5091,114,127,LAE,4.396910874508034
5092,114,122,LAE,2.1818133432101683
5093,114,130,LAE,6.569107169112518
5094,114,116,LAE,2.3946320728911044
5095,114,116,LAE,7.477219251630984
5096,114,116,LAE,0.8856536506829106
5097,114,116,LAE,1.4658285917706904
5098,114,130,LAE,4.734602317105909
5099,114,117,LAE,8.680795510639813
5100,115,117,LAE,1.4810858816691033
5101,115,116,LAE,1.6913588963629516
5102,115,123,LAE,4.750231744672788
5103,115,119,LAE,4.568903563924752
5104,115,116,LAE,1.4524182366410838
5105,115,122,LAE,3.2471382079754716
5106,115,122,LAE,2.057692415006817
5107,115,116,LAE,0.7503460495101928
5108,115,116,LAE,6.810421776843664
5109,115,118,LAE,6.175464604892598
5110,115,117,LAE,2.8636822271203424
5111,115,118,LAE,1.7991471811129174
5112,115,117,LAE,1.5898267099033985
5113,115,116,LAE,1.5229121636854128
5114,115,121,LAE,2.166398714999911
5115,115,120,LAE,2.6974884045938645
5116,115,118,LAE,3.699470896680977
5117,115,116,LAE,5.384810163195955
5118,115,116,LAE,7.665398432711334
5119,115,116,LAE,4.330165612881597
5120,115,121,LAE,6.891155845057847
5121,115,119,LAE,1.7626871958082386
5122,115,116,LAE,1.535627442926795
5123,113,126,LAE,6.313272770819805
5124,113,117,LAE,5.32240247202146
5125,113,117,LAE,8.15434877345867
5126,113,117,LAE,1.6343786980699606
5127,113,117,LAE,5.505843145384054
5128,114,132,LAE,4.39928783044784
5129,114,117,LAE,1.737420511178355
5130,114,129,LAE,4.879450493678814
5131,114,122,LAE,4.189990963647373
5132,114,128,LAE,4.7510489464470185
5133,114,117,LAE,2.1168925951267314
5134,114,124,LAE,6.266081729978727
5135,114,120,LAE,5.902015759604124
5136,114,117,LAE,4.8843181843653305
5137,115,117,LAE,6.183359748890098
5138,115,118,LAE,6.600358724910375
5139,115,120,LAE,2.798073129935624
5140,115,123,LAE,4.790881616411425
5141,115,117,LAE,6.0025252382162275
5142,115,117,LAE,7.066004082972996
5143,115,117,LAE,4.009686131179043
5144,115,117,LAE,3.661162421947632
5145,115,118,LAE,6.258199428466113
5146,115,122,LAE,1.572139934527139
5147,116,135,LAE,4.53637012214809
5148,116,117,LAE,2.2173291792377308
5149,116,122,LAE,4.394776330256349
5150,116,121,LAE,4.982407804717243
5151,116,117,LAE,1.0794714118901365
5152,116,117,LAE,8.304514922828067
5153,116,117,LAE,1.4356546697884718
5154,116,130,LAE,5.947087527296095
5155,116,121,LAE,1.7866036466322868
5156,116,118,LAE,8.101288474567685
5157,116,122,LAE,4.632096117824189
5158,116,117,LAE,1.6128058875735938
5159,116,117,LAE,0.8037170606753811
5160,116,118,LAE,1.4202827369063724
5161,116,125,LAE,4.127452958465798
5162,116,123,LAE,7.008947863202896
5163,116,117,LAE,6.367731550058889
5164,116,117,LAE,1.817321448888251
5165,116,124,LAE,4.679216050616709
5166,114,127,LAE,6.653816256544529
5167,114,118,LAE,5.788860265273513
5168,114,121,LAE,2.4452217903364435
5169,115,118,LAE,4.830356386512019
5170,115,121,LAE,1.578064153052639
5171,115,124,LAE,6.051891738691578
5172,115,126,LAE,4.665972196427623
5173,115,118,LAE,6.4354697940742485
5174,115,119,LAE,14.98716309928318
5175,115,121,LAE,1.9558289269398872
5176,115,118,LAE,1.7190077510225865
5177,115,118,LAE,1.3378653317051923
5178,116,127,LAE,3.1040669645612273
5179,116,121,LAE,4.689283733931347
5180,116,119,LAE,1.2483807678793175
5181,116,119,LAE,2.039537288555051
5182,116,121,LAE,4.179299084546373
5183,116,119,LAE,1.2725502343133177
5184,116,140,LAE,7.815695181818013
5185,116,118,LAE,7.793460675685728
5186,116,121,LAE,5.667176586237546
5187,116,118,LAE,1.7575264728555422
5188,116,121,LAE,3.010898491196411
5189,116,127,LAE,4.239296328686182
5190,116,118,LAE,1.458251113558536
5191,116,122,LAE,5.590085324850953
5192,116,121,LAE,7.3496828626215525
5193,116,119,LAE,4.306801787677611
5194,116,119,LAE,6.240377574056554
5195,116,118,LAE,3.5811510134211106
5196,116,122,LAE,4.939398511688993
5197,116,118,LAE,1.4102955157181216
5198,117,119,LAE,1.5146914951536505
5199,117,128,LAE,4.405939408527106
5200,117,118,LAE,1.2348048337701047
5201,117,120,LAE,1.9670506250355118
5202,117,126,LAE,5.047807401134061
5203,117,118,LAE,6.390744008555536
5204,117,118,LAE,3.0636384554041878
5205,117,118,LAE,5.387057296451517
5206,117,125,LAE,5.782157343182692
5207,117,118,LAE,1.287705469816467
5208,117,118,LAE,1.8016581314746376
5209,117,120,LAE,2.7482972476228023
5210,117,118,LAE,7.71340127518627
5211,117,118,LAE,0.93124982677923
5212,117,121,LAE,1.7029617490183888
5213,117,120,LAE,1.271920242144893
5214,117,120,LAE,1.386730078618095
5215,117,118,LAE,1.4757929717374443
5216,117,118,LAE,1.3973819496492552
5217,117,123,LAE,5.556582463017588
5218,117,123,LAE,7.406699999875209
5219,117,118,LAE,7.576113805205249
5220,117,128,LAE,6.081978737223362
5221,117,119,LAE,7.462669298918937
5222,117,119,LAE,7.244696202799552
5223,117,118,LAE,2.1291886679134184
5224,115,119,LAE,7.1279189468587285
5225,116,119,LAE,1.7613617494526672
5226,116,119,LAE,4.577697590183357
5227,116,126,LAE,4.589255547060843
5228,116,119,LAE,6.762693263136025
5229,116,119,LAE,1.9175191664044715
5230,117,121,LAE,6.25462085749492
5231,117,119,LAE,4.320177390943114
5232,117,119,LAE,4.924822204786291
5233,117,119,LAE,1.3394770951766097
5234,117,119,LAE,5.293855396899947
5235,117,126,LAE,5.141553740478021
5236,117,126,LAE,4.566808010317561
5237,118,123,LAE,2.107053049123933
5238,118,123,LAE,4.803467088413892
5239,118,122,LAE,1.689479362547509
5240,118,119,LAE,2.0263610742900084
5241,118,128,LAE,4.443018807479735
5242,118,121,LAE,4.057479810040124
5243,118,119,LAE,1.8507755013845664
5244,118,121,LAE,5.897659717674905
5245,118,123,LAE,2.418441563134117
5246,118,125,LAE,5.15176956828168
5247,118,119,LAE,7.046247189634903
5248,118,119,LAE,3.1029051157511547
5249,118,119,LAE,1.146781767003437
5250,118,120,LAE,2.9037720227427632
5251,118,121,LAE,4.2565019754582805
5252,116,150,LAE,7.94032450366967
5253,116,120,LAE,28.255296701684664
5254,116,131,LAE,4.863064651393126
5255,116,120,LAE,3.79790759134745
5256,116,126,LAE,3.619144056254954
5257,117,122,LAE,6.370743558175139
5258,117,120,LAE,6.463428280282638
5259,117,120,LAE,1.715745699339345
5260,117,120,LAE,4.2962275453292795
5261,117,120,LAE,4.559215892844833
5262,118,129,LAE,4.203019596813736
5263,118,120,LAE,3.3995853629170796
5264,118,134,LAE,4.355006888393249
5265,118,123,LAE,6.754085175457395
5266,118,130,LAE,4.048036705337223
5267,118,130,LAE,4.787639016260083
5268,118,120,LAE,1.2195851114544527
5269,118,121,LAE,3.5576489329935073
5270,118,120,LAE,1.3571808675681687
5271,118,120,LAE,1.2128097218308298
5272,118,139,LAE,5.061633203632422
5273,118,121,LAE,5.0924927303352785
5274,119,120,LAE,0.9047577832619306
5275,119,120,LAE,1.8657939106674153
5276,119,122,LAE,1.1757092794378692
5277,119,120,LAE,1.266675210010836
5278,119,120,LAE,4.15232381584801
5279,119,120,LAE,1.439919130992111
5280,119,137,LAE,4.832444467178748
5281,119,120,LAE,0.97861491136561
5282,119,120,LAE,3.1155297209616997
5283,119,120,LAE,1.5932208898976437
5284,119,120,LAE,1.4735638444633952
5285,119,120,LAE,0.9288990807472556
5286,119,120,LAE,2.3915262802193493
5287,119,122,LAE,5.886357637629476
5288,119,127,LAE,2.2871979871569814
5289,119,120,LAE,2.435319511145278
5290,119,120,LAE,7.163472282025984
5291,119,135,LAE,5.223929771411914
5292,119,120,LAE,1.550414813567536
5293,119,124,LAE,4.2597351025619545
5294,119,125,LAE,4.3257738401476
5295,119,133,LAE,4.326962620334434
5296,119,120,LAE,1.3886351166879918
5297,119,120,LAE,1.0236916645844758
5298,119,120,LAE,3.988934332292562
5299,119,133,LAE,3.2545643597322935
5300,119,120,LAE,5.680137771994511
5301,119,120,LAE,3.8718433927355957
5302,119,120,LAE,1.5719111966038593
5303,117,125,LAE,4.948254919885927
5304,117,121,LAE,4.999436125043942
5305,117,126,LAE,4.25889247906052
5306,117,121,LAE,2.459978054107064
5307,117,121,LAE,6.342792329289599
5308,117,132,LAE,4.391360629981246
5309,118,132,LAE,4.357424139805599
5310,118,121,LAE,6.208269532819732
5311,118,123,LAE,7.9000992132666985
5312,118,121,LAE,7.1859735682666575
5313,118,121,LAE,4.217986374506309
5314,118,124,LAE,1.90676325072207
5315,118,132,LAE,5.044394435643558
5316,118,123,LAE,2.579705855998284
5317,118,121,LAE,2.3989332652405744
5318,119,121,LAE,3.9834066994572503
5319,119,121,LAE,5.426087922674039
5320,119,121,LAE,5.285046889333408
5321,119,121,LAE,4.810303613824075
5322,119,121,LAE,4.817547638786433
5323,119,121,LAE,1.1916662702799004
5324,119,121,LAE,3.369960427227741
5325,119,126,LAE,4.192328184979085
5326,119,121,LAE,3.995081131176607
5327,119,126,LAE,4.142361026628023
5328,119,123,LAE,6.0984722767466275
5329,119,127,LAE,4.2086912675475485
5330,119,121,LAE,4.188942340520909
5331,120,121,LAE,1.260425783818157
5332,120,121,LAE,0.9015909757103718
5333,120,123,LAE,1.219370878094342
5334,120,136,LAE,4.777404551990431
5335,120,121,LAE,3.3401230259598247
5336,120,121,LAE,0.9587519639049844
5337,120,124,LAE,4.002731216133421
5338,120,131,LAE,4.076162006880314
5339,120,122,LAE,1.812316926275398
5340,120,126,LAE,5.052242919747523
5341,120,122,LAE,4.095150683504733
5342,120,125,LAE,4.258428455059234
5343,120,121,LAE,6.391467932228565
5344,120,121,LAE,2.3451308490476594
5345,120,121,LAE,1.5700040734511316
5346,120,121,LAE,1.3375167744283087
5347,118,122,LAE,4.108837807181591
5348,118,129,LAE,4.399838444046482
5349,118,122,LAE,4.047146763106507
5350,118,122,LAE,5.013781865187446
5351,118,127,LAE,7.201106775621803
5352,118,128,LAE,7.1987159678122445
5353,118,128,LAE,7.3780770816779055
5354,119,129,LAE,4.1356415708744105
5355,120,126,LAE,1.794448423888128
5356,120,126,LAE,2.4913171580606512
5357,120,124,LAE,2.5023188705664476
5358,120,125,LAE,1.5655973890128572
5359,120,125,LAE,1.9936163581195756
5360,120,122,LAE,1.0472026970525543
5361,120,122,LAE,1.4244401809486715
5362,120,123,LAE,2.435834877968242
5363,120,122,LAE,1.3266641953830753
5364,120,129,LAE,2.5093953134358498
5365,120,122,LAE,1.3464805857050948
5366,120,123,LAE,1.6120453992438164
5367,120,122,LAE,1.6814524972801546
5368,120,122,LAE,2.4775202119691
5369,120,122,LAE,2.3287546671021597
5370,120,122,LAE,1.877578465454983
5371,120,131,LAE,6.980862595758285
5372,120,125,LAE,1.49065369726314
5373,120,132,LAE,3.985322471076028
5374,121,122,LAE,0.81612871837445
5375,121,132,LAE,3.994926291899735
5376,121,125,LAE,3.5195338865505437
5377,121,122,LAE,1.2447660971027723
5378,121,122,LAE,0.8368968596250606
5379,121,122,LAE,1.4900019685832253
5380,121,122,LAE,1.014428264053155
5381,121,122,LAE,1.6398254566533141
5382,121,123,LAE,1.0104850936938323
5383,121,124,LAE,3.8909386541555158
5384,121,122,LAE,0.7888631136343635
5385,121,122,LAE,4.443446144294694
5386,121,122,LAE,3.875238548639075
5387,121,122,LAE,1.5083730462005356
5388,121,123,LAE,3.541475260758099
5389,121,130,LAE,3.841174566662917
5390,121,126,LAE,5.339094632092042
5391,121,127,LAE,4.010204911399145
5392,121,124,LAE,2.166699572496666
5393,121,122,LAE,3.8975648841926698
5394,119,123,LAE,2.040962892880324
5395,119,127,LAE,3.68548200047464
5396,119,123,LAE,3.707266553684043
5397,120,123,LAE,1.4693286857477657
5398,120,124,LAE,4.047640006707676
5399,120,123,LAE,5.6557434613939925
5400,121,125,LAE,3.819838385339349
5401,121,123,LAE,1.2185395599568578
5402,121,123,LAE,2.974466911968861
5403,121,131,LAE,4.0815621638594495
5404,121,132,LAE,4.036927819023758
5405,121,126,LAE,1.7277367181157095
5406,121,123,LAE,3.4297877153526093
5407,121,125,LAE,3.15129140139463
5408,121,126,LAE,3.2472607220677627
5409,121,123,LAE,5.616395899638835
5410,121,126,LAE,5.716719466892329
5411,121,123,LAE,7.204593194550075
5412,121,123,LAE,1.729029077652756
5413,122,124,LAE,2.123942675651004
5414,122,123,LAE,2.0315261036516867
5415,122,126,LAE,4.126117972181645
5416,122,132,LAE,2.1974772358265433
5417,122,123,LAE,0.9024558557518362
5418,122,123,LAE,5.59542444153868
5419,122,123,LAE,0.9397685732738478
5420,122,123,LAE,3.6646823358836538
5421,122,123,LAE,1.7924252717382787
5422,122,125,LAE,4.638418370182757
5423,122,127,LAE,1.6468326870447345
5424,122,126,LAE,4.008717623592946
5425,122,123,LAE,1.4148227856443292
5426,122,123,LAE,2.1749689127212495
5427,122,127,LAE,1.5827365627324441
5428,122,129,LAE,3.7688553636545596
5429,122,135,LAE,3.755455524190866
5430,122,123,LAE,1.2336870738236012
5431,122,133,LAE,3.792428524239068
5432,122,123,LAE,5.260960306296882
5433,122,123,LAE,1.1374246189634072
5434,122,128,LAE,4.483167960341264
5435,122,123,LAE,1.1431577816624672
5436,122,130,LAE,3.6139772114383746
5437,122,123,LAE,1.2455936827246705
5438,122,125,LAE,3.8470659239027967
5439,122,126,LAE,5.986099922843039
5440,122,123,LAE,2.0192071999699888
5441,122,123,LAE,0.9214099668372993
5442,122,123,LAE,2.491598123254046
5443,122,129,LAE,2.5667283336792317
5444,122,123,LAE,3.441907007988824
5445,122,127,LAE,2.922515641236427
5446,122,130,LAE,2.4990945545183085
5447,122,123,LAE,1.856973825365901
5448,122,126,LAE,6.889762845462436
5449,122,123,LAE,1.0953166152393967
5450,122,123,LAE,0.8195750177661288
5451,122,123,LAE,1.1939352428338807
5452,120,124,LAE,2.2752624757944946
5453,120,128,LAE,3.876792921374763
5454,120,133,LAE,4.1763517811032775
5455,120,129,LAE,5.136377649522731
5456,121,124,LAE,1.4502182430439121
5457,122,124,LAE,1.1903875729107598
5458,122,142,LAE,4.3857385953542645
5459,122,124,LAE,3.796786512190169
5460,122,124,LAE,1.100468495049082
5461,122,124,LAE,0.925330815776494
5462,122,126,LAE,2.256767074416002
5463,122,125,LAE,2.454415479131123
5464,122,124,LAE,1.337062909080097
5465,122,127,LAE,3.807510919784459
5466,122,124,LAE,1.328147026562032
5467,122,127,LAE,2.0247046492081555
5468,122,124,LAE,1.218312050411984
5469,122,124,LAE,3.7936665102437446
5470,122,126,LAE,2.322487418396701
5471,122,124,LAE,1.2016314381155289
5472,122,124,LAE,1.7092757847372233
5473,122,124,LAE,0.9669381048298026
5474,122,124,LAE,2.457246778922341
5475,122,128,LAE,1.7493211284749197
5476,122,124,LAE,1.0905643504233173
5477,122,124,LAE,3.2527655850414843
5478,122,172,LAE,19.82590177305627
5479,122,128,LAE,5.337296315205173
5480,122,127,LAE,2.3685351764935483
5481,123,124,LAE,1.2465001730289256
5482,123,128,LAE,3.6345826579196627
5483,123,125,LAE,2.31579853346248
5484,123,125,LAE,1.133013945027123
5485,123,124,LAE,3.9176675524575537
5486,123,124,LAE,3.6169839006300997
5487,123,124,LAE,1.037505636763369
5488,123,129,LAE,5.7346936006256515
5489,123,134,LAE,3.8232710922279574
5490,123,124,LAE,3.276413118786116
5491,123,124,LAE,1.1767323033406563
5492,123,124,LAE,2.010948124672451
5493,123,139,LAE,6.9667210386369955
5494,123,134,LAE,3.7591500551927086
5495,123,124,LAE,6.851716102970746
5496,121,125,LAE,3.8374367425652003
5497,121,126,LAE,3.699126448212987
5498,121,125,LAE,5.539544083982458
5499,122,125,LAE,2.4567580525068915
5500,122,125,LAE,5.643855088514164
5501,122,125,LAE,4.319368006519121
5502,122,125,LAE,2.4535527068240053
5503,123,125,LAE,3.282304783605917
5504,123,125,LAE,3.961100168027262
5505,123,125,LAE,3.687140257721755
5506,123,125,LAE,3.5292014442744586
5507,123,125,LAE,3.3067981003997886
5508,123,137,LAE,4.182733504606465
5509,123,125,LAE,3.7014848330072243
5510,123,125,LAE,4.286585713785005
5511,124,125,LAE,1.0165170982761074
5512,124,132,LAE,1.8375091714109035
5513,124,125,LAE,1.130085950040326
5514,124,136,LAE,4.066612740272326
5515,124,125,LAE,1.3682519051035453
5516,124,125,LAE,1.0301326084487052
5517,124,125,LAE,0.9669075918361109
5518,124,126,LAE,1.4473844100234916
5519,124,125,LAE,2.95487209545015
5520,124,129,LAE,2.3635539016414207
5521,124,127,LAE,3.5486802134113624
5522,124,128,LAE,5.938073467153488
5523,124,125,LAE,1.0989704797771178
5524,124,125,LAE,3.5073323980268745
5525,124,125,LAE,1.3967325586356492
5526,124,127,LAE,3.576336779135378
5527,124,125,LAE,1.108331854728341
5528,124,128,LAE,4.619628819331802
5529,124,125,LAE,1.407055868773277
5530,124,126,LAE,2.930072929716365
5531,122,126,LAE,3.8122049897561965
5532,122,128,LAE,3.7373021619851903
5533,122,126,LAE,2.237010983174616
5534,122,127,LAE,3.7081085449202313
5535,122,126,LAE,2.703547617485762
5536,122,126,LAE,3.778734570900592
5537,123,131,LAE,2.411618734203161
5538,123,126,LAE,1.1169136528722206
5539,123,133,LAE,4.390316130006271
5540,123,128,LAE,4.086263174048034
5541,123,127,LAE,3.896638835834936
5542,123,130,LAE,6.298215605231126
5543,123,128,LAE,6.6112193467180305
5544,123,136,LAE,3.5014225601546936
5545,123,130,LAE,6.888895413533649
5546,123,126,LAE,7.1305318650475105
5547,124,126,LAE,5.0416957172188965
5548,124,130,LAE,4.441041446334444
5549,124,128,LAE,3.481538218243475
5550,124,126,LAE,1.117554180135694
5551,124,126,LAE,3.1827848242172068
5552,124,126,LAE,1.1655997260736197
5553,124,126,LAE,1.6719664324979755
5554,124,129,LAE,4.991098578983234
5555,124,128,LAE,5.962782538398521
5556,124,126,LAE,3.1330117297794815
5557,124,126,LAE,1.8393706978866755
5558,124,128,LAE,5.873880142917296
5559,124,128,LAE,3.703191736233645
5560,124,140,LAE,6.388999344859778
5561,125,126,LAE,1.1658080657903047
5562,125,134,LAE,3.13409555877963
5563,125,128,LAE,4.123358965009664
5564,125,130,LAE,2.8552315056099395
5565,125,129,LAE,2.4233455649075024
5566,125,126,LAE,2.0608835254542544
5567,125,129,LAE,1.7774575951414824
5568,125,127,LAE,3.7163058715206243
5569,125,127,LAE,1.0373118873776634
5570,125,126,LAE,1.1765186527306415
5571,125,126,LAE,1.671203272689366
5572,125,127,LAE,3.2934196767257147
5573,125,142,LAE,3.4490169807652666
5574,125,127,LAE,3.3691561024001833
5575,125,132,LAE,3.0873203876489326
5576,125,130,LAE,1.358195732364559
5577,123,127,LAE,3.4528276236218813
5578,123,131,LAE,3.6319233436651444
5579,123,127,LAE,2.0376449965893735
5580,123,127,LAE,3.2339782702601823
5581,124,127,LAE,2.0474141611763153
5582,124,132,LAE,3.4794341600547605
5583,124,128,LAE,1.3780134837158116
5584,124,130,LAE,5.5208634156601955
5585,124,127,LAE,3.5141699370555535
5586,124,127,LAE,1.965425854690247
5587,125,128,LAE,1.2873486490122588
5588,125,129,LAE,2.5034704729677038
5589,125,127,LAE,2.02748517135076
5590,125,128,LAE,1.2381743449869544
5591,126,129,LAE,4.60611130653496
5592,126,131,LAE,3.794221049686435
5593,126,130,LAE,1.3627637928214265
5594,126,129,LAE,5.038755484946022
5595,126,127,LAE,1.1064112236765005
5596,126,129,LAE,1.284277644963474
5597,126,129,LAE,3.6072153906326654
5598,126,130,LAE,3.2490234692521582
5599,126,127,LAE,3.2941029390519345
5600,126,128,LAE,1.0835084454759523
5601,126,133,LAE,4.584131054597654
5602,126,137,LAE,3.903595803966389
5603,126,132,LAE,2.8848179268929752
5604,126,136,LAE,5.924854405135197
5605,126,138,LAE,6.800921084997605
5606,126,133,LAE,4.922486840848484
5607,126,127,LAE,0.8097927246615815
5608,126,127,LAE,1.0517528584713858
5609,126,138,LAE,6.610358271942959
5610,126,134,LAE,3.1447432611533337
5611,126,127,LAE,1.101369906628997
5612,126,138,LAE,3.2921482151901915
5613,126,127,LAE,1.393658906741407
5614,126,131,LAE,2.8073487116640377
5615,126,128,LAE,5.885820941219308
5616,126,128,LAE,5.3228615915054025
5617,126,127,LAE,1.431155780857416
5618,126,129,LAE,1.8905831866512892
5619,126,128,LAE,0.9228604296023828
5620,126,127,LAE,5.672154008414108
5621,126,137,LAE,3.4165786657384203
5622,126,131,LAE,3.5753725021032348
5623,126,140,LAE,6.639434745373663
5624,126,127,LAE,1.6850979047689811
5625,126,132,LAE,3.2253687942711102
5626,126,127,LAE,1.8650988968174542
5627,126,127,LAE,1.875268151303254
5628,126,130,LAE,1.4804187327288691
5629,126,128,LAE,3.2435157926591476
5630,126,133,LAE,2.9621325390244984
5631,126,131,LAE,1.9924432978340212
5632,126,129,LAE,3.265274449514744
5633,126,127,LAE,3.231430696184149
5634,126,128,LAE,2.793912949758132
5635,124,128,LAE,3.516361002442083
5636,124,128,LAE,2.360041691408796
5637,125,132,LAE,5.733601684858071
5638,125,129,LAE,3.3746895393607814
5639,126,143,LAE,6.722615693205788
5640,126,130,LAE,1.2002995544201809
5641,126,128,LAE,1.5002440444795462
5642,126,128,LAE,1.5218966914586436
5643,126,128,LAE,3.1389512355087508
5644,126,129,LAE,1.4678639564589033
5645,126,128,LAE,2.7261225027233276
5646,126,128,LAE,2.500056768812613
5647,126,128,LAE,1.7512921974837716
5648,126,140,LAE,6.608594487327059
5649,126,128,LAE,6.004204110055853
5650,126,137,LAE,3.238733890628339
5651,126,128,LAE,3.1224379853225153
5652,126,137,LAE,3.3133610541181144
5653,126,128,LAE,5.889244155985633
5654,126,129,LAE,1.2042618371426674
5655,126,146,LAE,6.201487422690743
5656,126,131,LAE,2.925156756440587
5657,127,131,LAE,1.2293042411336987
5658,127,128,LAE,3.6104333698244675
5659,127,128,LAE,2.4503056309928453
5660,127,130,LAE,1.2396344906008328
5661,127,129,LAE,1.0979939136859986
5662,127,128,LAE,0.9983991965816315
5663,127,129,LAE,3.2459326268996422
5664,127,136,LAE,6.541484523440606
5665,127,128,LAE,1.2388080221177633
5666,127,142,LAE,9.292060936868916
5667,127,143,LAE,3.781552959955561
5668,127,131,LAE,1.301509727006981
5669,127,130,LAE,1.543121387865568
5670,127,139,LAE,20.805387448091118
5671,127,133,LAE,2.792955171668317
5672,127,128,LAE,2.548547098213408
5673,127,128,LAE,2.391086799052169
5674,127,162,LAE,6.220478064563434
5675,127,128,LAE,2.7877878467947568
5676,127,128,LAE,1.4329419832364303
5677,127,128,LAE,2.998553442242004
5678,127,128,LAE,2.4581255903506842
5679,127,130,LAE,3.631405697741974
5680,127,128,LAE,0.7903291030941174
5681,127,128,LAE,4.75586234879378
5682,127,128,LAE,4.857079351945146
5683,127,128,LAE,1.476369361219733
5684,127,135,LAE,2.998130843441385
5685,125,129,LAE,5.1412800881756215
5686,125,133,LAE,3.190939280996217
5687,125,131,LAE,1.7271753386037807
5688,125,129,LAE,2.536414544380222
5689,125,132,LAE,3.478124171310459
5690,125,129,LAE,2.6946950033011117
5691,126,129,LAE,3.8034019667109247
5692,126,129,LAE,1.4043196032533174
5693,126,131,LAE,1.6919231656722493
5694,127,130,LAE,1.9464868442158068
5695,127,129,LAE,1.128496965503908
5696,127,132,LAE,2.4808421773951217
5697,127,131,LAE,1.9736831589764177
5698,127,135,LAE,2.89413210321442
5699,127,129,LAE,3.4922901484860263
5700,127,129,LAE,1.079275941727828
5701,127,131,LAE,3.2291971660403105
5702,127,129,LAE,1.2126961575560709
5703,127,130,LAE,3.808155148509012
5704,127,129,LAE,1.1707829226569824
5705,127,129,LAE,4.875953955461205
5706,127,131,LAE,6.520889748019801
5707,128,138,LAE,3.1875171718747324
5708,128,129,LAE,0.8803549041813775
5709,128,130,LAE,2.2494575695269194
5710,128,132,LAE,2.6000658535677044
5711,128,129,LAE,0.8871051399923887
5712,128,129,LAE,2.2477241133254346
5713,128,130,LAE,3.7131180177385716
5714,128,129,LAE,2.670018752808092
5715,128,129,LAE,3.5655311463001413
5716,128,131,LAE,1.7758777825394523
5717,128,129,LAE,3.3021567605701763
5718,128,131,LAE,2.504485732261738
5719,128,129,LAE,0.9084674573039785
5720,128,129,LAE,2.875047306729877
5721,128,131,LAE,2.934083405539451
5722,128,138,LAE,2.9404627003758446
5723,128,133,LAE,1.4864214835990495
5724,128,132,LAE,3.107978476679027
5725,128,129,LAE,1.1175345531772838
5726,128,129,LAE,3.7402668234745526
5727,128,133,LAE,3.323411985142645
5728,128,129,LAE,1.1195885396483942
5729,128,129,LAE,2.327323327067354
5730,128,129,LAE,1.0827113357774327
5731,128,129,LAE,3.270375814803205
5732,128,129,LAE,1.0608648641659268
5733,128,129,LAE,1.0048789690121973
5734,128,129,LAE,2.047686777577427
5735,128,129,LAE,1.6504026066682482
5736,128,129,LAE,2.9706256548956054
5737,128,129,LAE,1.4563237052704106
5738,128,129,LAE,2.1211732032672077
5739,128,132,LAE,1.1919066615500027
5740,128,130,LAE,1.84009810449581
5741,128,132,LAE,1.6080743626176195
5742,128,129,LAE,3.681363334190103
5743,126,133,LAE,1.979688966993335
5744,126,132,LAE,3.299341398068613
5745,126,131,LAE,3.2148184012466734
5746,126,139,LAE,6.838242312476561
5747,126,130,LAE,4.328109183665814
5748,126,138,LAE,6.297891391605342
5749,127,139,LAE,6.2291169894454
5750,127,130,LAE,3.1114220005913147
5751,127,130,LAE,1.0904996898571233
5752,127,131,LAE,1.2654942836073957
5753,127,130,LAE,2.79406176764788
5754,127,130,LAE,1.548460679847659
5755,127,136,LAE,6.141965077951958
5756,127,130,LAE,3.753849359226818
5757,128,130,LAE,2.0499928075273663
5758,128,138,LAE,6.237903380156411
5759,128,133,LAE,1.6101894060751964
5760,128,139,LAE,3.486155025976457
5761,128,130,LAE,2.1303209982120324
5762,128,137,LAE,3.7107528281590803
5763,128,130,LAE,3.0298161145375215
5764,128,130,LAE,3.3547823540227073
5765,128,135,LAE,2.1291034694774567
5766,129,130,LAE,0.9595951360679721
5767,129,132,LAE,2.6506681107475933
5768,129,161,LAE,5.688363327762788
5769,129,135,LAE,2.9157148699114623
5770,129,130,LAE,1.2956835457280063
5771,129,130,LAE,1.4178393821381488
5772,129,132,LAE,2.088473155453189
5773,129,130,LAE,1.2264241294531004
5774,129,132,LAE,18.500094215172098
5775,129,130,LAE,2.296377602330041
5776,129,132,LAE,1.072717732670459
5777,129,130,LAE,3.1754495412667936
5778,129,130,LAE,1.036224925755898
5779,129,130,LAE,0.9966968997836383
5780,129,150,LAE,5.921681187714178
5781,129,130,LAE,0.8913294966020029
5782,129,132,LAE,2.896039343917499
5783,129,130,LAE,3.1542051188333597
5784,129,130,LAE,5.136903843346971
5785,129,130,LAE,1.1954834656954996
5786,129,130,LAE,2.7971003504903593
5787,129,130,LAE,4.1930372829173415
5788,129,130,LAE,4.467301718044065
5789,129,130,LAE,1.538616746529974
5790,129,133,LAE,2.7879182851941176
5791,129,130,LAE,1.4740022264472046
5792,129,131,LAE,0.9274223554986867
5793,129,130,LAE,1.1352168583047069
5794,127,162,LAE,6.0772194636719545
5795,127,131,LAE,1.487661437275807
5796,127,131,LAE,1.4587966558078234
5797,127,133,LAE,3.0083953418283116
5798,127,134,LAE,6.350924792640393
5799,128,132,LAE,1.2262608795182082
5800,128,131,LAE,6.149979735719561
5801,128,131,LAE,2.9780561852844314
5802,129,131,LAE,5.749221997017181
5803,129,132,LAE,2.299099542989399
5804,129,135,LAE,2.425040870290023
5805,129,132,LAE,2.925386850368267
5806,129,131,LAE,1.49046550292512
5807,129,131,LAE,4.423785616396779
5808,129,131,LAE,1.0608871973346
5809,129,131,LAE,5.4726594925743886
5810,129,162,LAE,4.913825434196229
5811,129,131,LAE,1.4113642031798201
5812,130,131,LAE,3.290886204556615
5813,130,136,LAE,2.696802972207734
5814,130,131,LAE,2.754530266995815
5815,130,137,LAE,2.7062434751086584
5816,130,131,LAE,2.718503831930267
5817,130,131,LAE,4.028367289207252
5818,130,131,LAE,0.9815668195401762
5819,130,131,LAE,1.550670175548627
5820,130,133,LAE,1.1064678534175831
5821,130,131,LAE,1.3478698980419856
5822,130,136,LAE,2.695810885235747
5823,130,134,LAE,1.8580081750425164
5824,130,161,LAE,5.121570583236112
5825,130,131,LAE,0.7809998304729773
5826,130,131,LAE,2.8432276699165926
5827,130,133,LAE,3.507864809345417
5828,130,131,LAE,1.4478511595148649
5829,130,132,LAE,1.1272908973918394
5830,130,132,LAE,2.704615289267725
5831,130,138,LAE,5.9949090229185895
5832,130,131,LAE,1.0574673328164934
5833,130,135,LAE,3.3843928565309467
5834,130,132,LAE,0.9977750715906647
5835,130,138,LAE,3.957041860722685
5836,130,131,LAE,1.7790880697028175
5837,130,131,LAE,0.9974458235674823
5838,130,134,LAE,1.6727080860685286
5839,130,131,LAE,2.3136184661074517
5840,130,131,LAE,0.8501050385059141
5841,130,136,LAE,9.023802189104305
5842,130,134,LAE,2.5167177056310477
5843,130,131,LAE,2.71549691492736
5844,130,133,LAE,1.5822660249836973
5845,130,134,LAE,1.2854061875953209
5846,130,139,LAE,3.3087293857141264
5847,130,136,LAE,5.427075263153347
5848,130,149,LAE,8.923829539952594
5849,130,131,LAE,2.280532527319671
5850,130,158,LAE,5.868019093473681
5851,130,131,LAE,1.4741371758058315
5852,130,135,LAE,3.834725452360744
5853,130,131,LAE,0.8763532289329408
5854,130,135,LAE,2.649810896423184
5855,130,131,LAE,1.2566255852981434
5856,130,131,LAE,0.8965484902883097
5857,128,132,LAE,3.015482596101857
5858,128,132,LAE,4.178571936228482
5859,128,136,LAE,3.5921834214748225
5860,129,132,LAE,1.9802827389400253
5861,129,135,LAE,1.7780621113287476
5862,129,140,LAE,3.5555531896480117
5863,129,136,LAE,3.3361725165578977
5864,129,136,LAE,3.522213381591644
5865,129,132,LAE,1.2513502425482492
5866,129,132,LAE,1.3288219367906395
5867,130,132,LAE,2.6882963970865643
5868,130,135,LAE,2.84677530353287
5869,130,144,LAE,4.430999509954505
5870,130,138,LAE,2.469978057530751
5871,130,133,LAE,1.0282903064062605
5872,130,136,LAE,14.460665410950721
5873,130,133,LAE,2.8059855258923245
5874,130,134,LAE,1.227095757984304
5875,131,132,LAE,2.3043026620488662
5876,131,134,LAE,2.5328579514322027
5877,131,141,LAE,3.2534643008776625
5878,131,135,LAE,1.7685066493092751
5879,131,133,LAE,2.2139613859312175
5880,131,133,LAE,3.0169358613619868
5881,131,132,LAE,3.8716517549251575
5882,131,132,LAE,3.7555428770401744
5883,131,132,LAE,1.1674901591240547
5884,131,134,LAE,1.1827678540759603
5885,131,133,LAE,1.3989766416053069
5886,131,132,LAE,1.130434190698411
5887,131,136,LAE,2.391588140031285
5888,131,133,LAE,0.9430491715909528
5889,131,140,LAE,3.8916418715175967
5890,131,138,LAE,2.411436798986433
5891,131,138,LAE,1.89569103075772
5892,131,135,LAE,2.5192900513739303
5893,131,132,LAE,2.2240873907302983
5894,131,132,LAE,3.5190585568853376
5895,131,132,LAE,0.871299836622442
5896,131,132,LAE,2.561240566581116
5897,131,132,LAE,2.9629231956356636
5898,131,133,LAE,1.5739179576253584
5899,131,135,LAE,1.6138042811811395
5900,131,133,LAE,1.6567352059335008
5901,131,133,LAE,0.9580806650539357
5902,129,133,LAE,23.10060424852504
5903,130,133,LAE,2.9790726226065374
5904,130,133,LAE,12.08480281126604
5905,130,133,LAE,1.5396291429522333
5906,131,137,LAE,2.532908413222146
5907,131,133,LAE,0.9819685023967922
5908,131,133,LAE,0.9939122203053812
5909,131,137,LAE,2.9775634550427967
5910,131,136,LAE,1.7269010326014258
5911,131,137,LAE,2.2056543721676203
5912,131,134,LAE,3.823054940110836
5913,131,133,LAE,2.37739991673892
5914,131,133,LAE,1.1456936699580842
5915,131,136,LAE,5.984195819008971
5916,131,133,LAE,0.9453400013219256
5917,131,141,LAE,3.1618600991310384
5918,131,133,LAE,2.0723476205862124
5919,131,133,LAE,2.695388567225552
5920,131,133,LAE,2.613951312036708
5921,131,133,LAE,0.9551421435489308
5922,131,133,LAE,2.072658063037752
5923,131,137,LAE,2.5010007524148166
5924,131,145,LAE,9.006462305813264
5925,131,146,LAE,3.253438201479276
5926,131,134,LAE,1.3556321807637517
5927,131,136,LAE,2.5072717547006445
5928,132,133,LAE,1.0909277116010867
5929,132,137,LAE,2.4497920860319264
5930,132,133,LAE,2.0813200730531656
5931,132,133,LAE,3.1288699922200296
5932,132,133,LAE,2.4308014442738948
5933,132,133,LAE,1.162597695072975
5934,132,143,LAE,3.8028218320735454
5935,132,134,LAE,2.7042537045145645
5936,132,133,LAE,0.9208801748277672
5937,132,135,LAE,2.2782080579683193
5938,132,133,LAE,2.258201658674564
5939,132,133,LAE,2.2915414066331588
5940,132,138,LAE,2.426436467663419
5941,132,135,LAE,3.9567164679947964
5942,132,143,LAE,6.705612471009483
5943,132,133,LAE,0.8387102100743082
5944,132,134,LAE,2.256643739751432
5945,132,133,LAE,2.4924854540397186
5946,132,135,LAE,5.914618386071953
5947,132,137,LAE,2.0143598491254564
5948,132,139,LAE,2.168198821386321
5949,132,133,LAE,2.0124115488784575
5950,132,133,LAE,1.6903437615701398
5951,132,134,LAE,0.9927399865533225
5952,132,133,LAE,4.431290371358421
5953,132,133,LAE,2.4486890771296834
5954,132,134,LAE,0.9974943706576986
5955,132,133,LAE,2.1338051119827104
5956,132,133,LAE,2.4356573748052623
5957,130,139,LAE,5.962482733107471
5958,130,136,LAE,2.6058058122360874
5959,131,134,LAE,2.5373709221803358
5960,131,135,LAE,2.4520950373981574
5961,131,135,LAE,2.4645957364302062
5962,131,134,LAE,3.113162328180264
5963,131,137,LAE,3.4757289295134792
5964,132,137,LAE,1.763647058247135
5965,132,134,LAE,2.3638417006038988
5966,132,134,LAE,5.705995834487738
5967,132,134,LAE,2.3137505330548644
5968,132,134,LAE,2.395743988160299
5969,132,142,LAE,3.6350467790419208
5970,132,134,LAE,1.4701907526786273
5971,132,134,LAE,3.418298783568456
5972,132,134,LAE,2.4185158064366523
5973,132,140,LAE,3.096429814366637
5974,133,134,LAE,2.2002091123366943
5975,133,134,LAE,1.9993475361341146
5976,133,136,LAE,1.046103978421791
5977,133,134,LAE,2.3104542163169164
5978,133,134,LAE,0.8622593205346311
5979,133,134,LAE,1.7992895228239827
5980,133,134,LAE,2.9860573607796885
5981,133,137,LAE,3.166442003729686
5982,133,135,LAE,1.0256954613073757
5983,133,134,LAE,0.7493637913820079
5984,133,134,LAE,1.7359857771184288
5985,133,137,LAE,2.21224306806346
5986,133,134,LAE,2.1724206685647225
5987,133,138,LAE,2.4699967109500363
5988,133,134,LAE,0.7759619345916225
5989,133,134,LAE,1.2944124668182935
5990,133,134,LAE,2.2180641891137607
5991,133,134,LAE,2.2436568166414004
5992,133,137,LAE,1.1971977188894167
5993,133,134,LAE,2.3238734130910017
5994,133,135,LAE,2.1577322447794915
5995,133,134,LAE,0.8235515014227492
5996,133,138,LAE,2.684651749342932
5997,133,134,LAE,2.425582953334054
5998,131,136,LAE,2.4718905508337676
5999,131,135,LAE,2.464768813737839
6000,131,138,LAE,5.677289229623614
6001,131,184,LAE,8.636366526654909
6002,131,135,LAE,5.836725223968377
6003,132,135,LAE,2.364771479877282
6004,132,135,LAE,2.4697016688395066
6005,132,135,LAE,2.194627933344902
6006,132,138,LAE,2.2649559947791325
6007,132,135,LAE,2.570842937338671
6008,132,135,LAE,1.7440100685600535
6009,132,138,LAE,1.9949851322841285
6010,133,135,LAE,1.3686680158857434
6011,133,135,LAE,1.5688931153272527
6012,133,138,LAE,15.095987700142336
6013,133,135,LAE,2.2981742161338117
6014,133,137,LAE,5.203390538031874
6015,133,135,LAE,2.3044878299491525
6016,133,135,LAE,2.4155981909045
6017,133,135,LAE,1.8258845676933977
6018,133,135,LAE,1.9598895929831597
6019,133,164,LAE,8.960620058151678
6020,133,135,LAE,3.0051291566403475
6021,133,138,LAE,7.761017343581317
6022,133,171,LAE,8.43530364908519
6023,133,135,LAE,2.22887343384562
6024,133,135,LAE,3.1030370503854083
6025,133,135,LAE,1.8921283805931746
6026,133,135,LAE,2.1888283710972583
6027,133,182,LAE,8.45291695013367
6028,133,135,LAE,1.8342846994934412
6029,133,135,LAE,1.7529879907164032
6030,133,135,LAE,1.688158496403081
6031,133,138,LAE,1.8015361849156275
6032,133,135,LAE,2.1859742070993065
6033,133,139,LAE,3.11689807160485
6034,133,151,LAE,5.726732961648038
6035,133,135,LAE,2.1956653408561007
6036,134,136,LAE,2.1509408236768603
6037,134,135,LAE,0.8588799580906588
6038,134,135,LAE,1.18445144017167
6039,134,136,LAE,2.177469856339411
6040,134,138,LAE,2.131848304897775
6041,134,138,LAE,2.077577884504725
6042,134,142,LAE,1.9124983389924408
6043,134,135,LAE,2.1435499107423834
6044,134,135,LAE,0.9905390348926119
6045,134,137,LAE,1.3083768167332295
6046,134,139,LAE,2.09125985817082
6047,134,135,LAE,0.7756145341531
6048,134,138,LAE,2.093134518907522
6049,134,135,LAE,1.5049341498512605
6050,134,135,LAE,0.8752417934023458
6051,134,135,LAE,2.070652704451228
6052,134,142,LAE,3.628773265385597
6053,134,142,LAE,2.4204167730913686
6054,134,135,LAE,2.677010614165821
6055,134,140,LAE,5.010272669942924
6056,134,183,LAE,8.00876715872354
6057,134,135,LAE,2.852777168767209
6058,134,135,LAE,0.8911693675853488
6059,134,135,LAE,1.8769206847521398
6060,134,138,LAE,2.738203148445452
6061,134,142,LAE,2.706705107708913
6062,134,137,LAE,8.632984462972141
6063,134,137,LAE,2.1502943535175434
6064,134,151,LAE,19.501954697996872
6065,134,136,LAE,5.603445383738825
6066,134,135,LAE,0.757139543029537
6067,134,135,LAE,2.2685003536055786
6068,132,136,LAE,2.3348644491830237
6069,132,136,LAE,2.4364585910572387
6070,132,140,LAE,3.0080316949658172
6071,132,140,LAE,3.045636111231108
6072,132,142,LAE,3.693681802899832
6073,132,136,LAE,2.4944471215104094
6074,133,136,LAE,2.319574592335877
6075,133,136,LAE,2.2918976239285604
6076,133,136,LAE,2.474499084035219
6077,133,136,LAE,2.2290786166239
6078,133,136,LAE,2.397587373459471
6079,134,136,LAE,2.6039875417733938
6080,134,140,LAE,2.6903476846476013
6081,134,137,LAE,2.3201467328807444
6082,134,138,LAE,2.8186177164614943
6083,134,139,LAE,2.797568024150361
6084,134,136,LAE,2.109507959375412
6085,134,138,LAE,4.62407401859539
6086,134,136,LAE,1.4787476460691977
6087,134,136,LAE,2.1286649213721796
6088,134,136,LAE,2.686715754601383
6089,134,136,LAE,1.4987580031523384
6090,134,151,LAE,19.447133389010173
6091,135,136,LAE,1.977883852324779
6092,135,136,LAE,1.516392694507385
6093,135,136,LAE,0.7611050641260062
6094,135,136,LAE,1.7150218257161518
6095,135,140,LAE,5.261931772857268
6096,135,136,LAE,1.5176671839255484
6097,135,137,LAE,1.0083954959038497
6098,135,137,LAE,1.0312230666804463
6099,135,136,LAE,1.0695153719068289
6100,135,136,LAE,2.2426075435880577
6101,135,139,LAE,1.7899087023140638
6102,135,136,LAE,1.8799326312713378
6103,135,136,LAE,2.120670203305113
6104,135,137,LAE,1.9645094594125123
6105,135,136,LAE,2.9492346894934998
6106,135,136,LAE,1.3187728288928284
6107,135,139,LAE,19.29177001754131
6108,135,140,LAE,2.586132924689276
6109,135,136,LAE,2.684488827282477
6110,135,136,LAE,1.1208510003825978
6111,135,136,LAE,2.333980609061561
6112,135,193,LAE,14.136451235077624
6113,135,136,LAE,1.4182336368441846
6114,135,143,LAE,1.92632575677164
6115,135,136,LAE,3.509766105248874
6116,135,136,LAE,1.6627839852797948
6117,135,136,LAE,15.347573705170339
6118,135,136,LAE,2.237793036875233
6119,135,136,LAE,0.9125343434565177
6120,135,141,LAE,2.375342463687688
6121,135,136,LAE,2.126192841894663
6122,135,140,LAE,1.3719461363690564
6123,135,136,LAE,2.382241857410027
6124,135,138,LAE,2.010031330757875
6125,133,144,LAE,3.77400468265127
6126,134,137,LAE,2.352456185287583
6127,134,137,LAE,1.346149669022146
6128,134,137,LAE,2.750669112723519
6129,134,137,LAE,2.0609998298588703
6130,134,138,LAE,1.569606538312024
6131,134,138,LAE,2.281860288209328
6132,134,137,LAE,1.3858286243008382
6133,134,137,LAE,1.6570324633184226
6134,134,137,LAE,1.7031832550164903
6135,134,137,LAE,2.4971576400458595
6136,134,138,LAE,2.159413379983147
6137,134,137,LAE,2.997950699753236
6138,135,137,LAE,2.5695326843969135
6139,135,143,LAE,3.1161458286976793
6140,135,139,LAE,1.634933442854499
6141,135,137,LAE,1.8424644923747613
6142,135,137,LAE,4.919015788254701
6143,136,140,LAE,1.5824442520149349
6144,136,137,LAE,0.8130972361681522
6145,136,137,LAE,0.9159691498412789
6146,136,137,LAE,1.1117803533580255
6147,136,137,LAE,1.527709587483318
6148,136,137,LAE,1.850941096658222
6149,136,139,LAE,1.9872555960193783
6150,136,137,LAE,1.5431085446743436
6151,136,143,LAE,3.4637068378568348
6152,134,138,LAE,1.8082474458782951
6153,134,138,LAE,2.126139419499007
6154,134,141,LAE,2.9029225212312424
6155,135,138,LAE,1.2121580679584303
6156,135,138,LAE,1.703521227560738
6157,135,138,LAE,4.9450842143736775
6158,135,165,LAE,5.299465490804158
6159,135,140,LAE,1.7838259156243896
6160,135,139,LAE,5.021825122485574
6161,135,139,LAE,1.8249875469856653
6162,135,138,LAE,7.961341308677934
6163,135,142,LAE,1.8009907310857687
6164,135,138,LAE,7.894054211430123
6165,135,138,LAE,1.394023087659438
6166,136,140,LAE,1.8848303635595902
6167,136,141,LAE,1.4045770865024128
6168,136,141,LAE,3.350434204412163
6169,136,138,LAE,1.1352626128545693
6170,136,143,LAE,1.6883755132082598
6171,136,138,LAE,1.2965153235252387
6172,136,183,LAE,8.26980321972886
6173,136,138,LAE,0.9858900239268015
6174,136,138,LAE,1.052024639015465
6175,136,141,LAE,1.6461221960540564
6176,136,138,LAE,1.6708923307834773
6177,136,138,LAE,1.0526630844833769
6178,136,140,LAE,1.3676931622314548
6179,136,138,LAE,1.7911188991049167
6180,136,138,LAE,1.213982552052696
6181,136,138,LAE,2.0262554917726483
6182,137,138,LAE,1.7446468980369836
6183,137,139,LAE,1.7308946733522306
6184,137,139,LAE,1.151435752195441
6185,137,138,LAE,1.7486727951511039
6186,137,138,LAE,1.7614685497438096
6187,137,138,LAE,1.802932994393147
6188,137,138,LAE,1.5000264470195392
6189,137,138,LAE,1.7539659622329529
6190,137,143,LAE,2.8421461689221132
6191,137,138,LAE,1.2689305846560042
6192,137,138,LAE,1.2452790904931315
6193,137,141,LAE,2.7873584559222393
6194,137,167,LAE,22.317857345868962
6195,137,160,LAE,4.069998982255307
6196,137,138,LAE,1.0631503445574122
6197,137,138,LAE,1.3167912894387137
6198,137,142,LAE,1.367131096076218
6199,137,141,LAE,1.4556449597374377
6200,137,138,LAE,1.4942470695813435
6201,137,143,LAE,2.7020571131263647
6202,137,141,LAE,4.749207984341177
6203,137,138,LAE,1.4281005327874465
6204,137,138,LAE,1.7972014741535292
6205,135,139,LAE,5.27717211556196
6206,135,141,LAE,1.9024532746874045
6207,136,139,LAE,1.8520797116004837
6208,136,143,LAE,2.995450287985386
6209,136,139,LAE,7.873407057920653
6210,136,139,LAE,1.426365733163277
6211,136,143,LAE,1.7387939938943895
6212,136,139,LAE,1.9086297075836578
6213,136,139,LAE,1.8846516530936386
6214,137,139,LAE,1.5999694605539854
6215,137,139,LAE,1.723526951107461
6216,137,139,LAE,1.7438617901205617
6217,137,139,LAE,3.6348343901727067
6218,137,139,LAE,2.304998040062166
6219,137,139,LAE,2.8144244485237087
6220,137,139,LAE,1.8245998844270825
6221,137,144,LAE,2.8364935556609665
6222,137,144,LAE,3.0214017741358146
6223,138,139,LAE,4.125647264021569
6224,138,140,LAE,3.0974266635809777
6225,138,210,LAE,12.442724854744498
6226,138,140,LAE,1.1233371360631788
6227,138,141,LAE,1.6205136227498294
6228,138,145,LAE,2.9519705020920686
6229,138,139,LAE,1.4307916158038403
6230,138,139,LAE,2.661782203859431
6231,138,142,LAE,1.2844582980743335
6232,138,141,LAE,1.6347312751026941
6233,138,140,LAE,1.2739222747264414
6234,138,139,LAE,2.8350999595199022
6235,138,140,LAE,1.8156010677812326
6236,138,139,LAE,4.822857848354403
6237,138,140,LAE,1.9662679485224317
6238,138,144,LAE,2.8455242609605023
6239,138,139,LAE,1.7034411711884492
6240,138,139,LAE,1.1191910466076314
6241,138,140,LAE,1.6158673439542248
6242,138,139,LAE,2.4511490067241435
6243,138,145,LAE,1.654152125399933
6244,138,139,LAE,1.0766195568654833
6245,138,139,LAE,4.690913408746327
6246,138,142,LAE,1.4618817429077386
6247,138,139,LAE,1.063305661565277
6248,138,139,LAE,4.916223564183001
6249,138,139,LAE,0.860259176163872
6250,138,140,LAE,3.095107558006766
6251,138,139,LAE,1.4675721719183246
6252,138,139,LAE,4.75406026467128
6253,138,139,LAE,1.325140523390919
6254,138,139,LAE,4.453632048587472
6255,138,139,LAE,1.3159172691594903
6256,138,139,LAE,0.9844386290079662
6257,138,139,LAE,5.096607376926587
6258,138,139,LAE,4.906687188134409
6259,138,139,LAE,5.090282809175962
6260,138,140,LAE,1.230403073796751
6261,138,139,LAE,0.9542848974896732
6262,138,140,LAE,3.622206041609287
6263,138,139,LAE,0.9164210885241054
6264,138,139,LAE,5.065762405507406
6265,138,139,LAE,1.4635857034372992
6266,138,139,LAE,1.080652922056353
6267,138,140,LAE,0.9836883777327283
6268,138,139,LAE,5.14228892122687
6269,138,139,LAE,1.6026686303408133
6270,138,143,LAE,1.2092820216280316
6271,138,143,LAE,2.580516525940196
6272,136,140,LAE,1.8945362036544215
6273,137,140,LAE,2.4098782721880627
6274,137,140,LAE,2.193393029538631
6275,137,167,LAE,18.56127732726763
6276,137,140,LAE,2.574855851547503
6277,137,140,LAE,4.818363892228385
6278,138,156,LAE,4.298986972519659
6279,138,141,LAE,1.7349092274643525
6280,138,140,LAE,1.0645178634392944
6281,138,142,LAE,1.8880626304477641
6282,138,140,LAE,1.388311371599851
6283,138,140,LAE,2.564497880601358
6284,138,140,LAE,5.323602542733392
6285,138,140,LAE,4.077642385739367
6286,138,143,LAE,1.3758147069180406
6287,138,140,LAE,1.6450936292110585
6288,138,141,LAE,1.3759535550623683
6289,138,140,LAE,1.6069773108496812
6290,138,141,LAE,2.3230338352810063
6291,138,140,LAE,1.6819478020741387
6292,138,144,LAE,2.710556143625979
6293,139,140,LAE,1.201124176759682
6294,139,140,LAE,1.1354460857206867
6295,139,140,LAE,1.7622833405191896
6296,139,143,LAE,1.1822468235665051
6297,139,142,LAE,2.767845940231
6298,139,149,LAE,3.1787514270307318
6299,139,140,LAE,2.1113729361452442
6300,139,141,LAE,1.3618257261479711
6301,139,140,LAE,0.9527442088610006
6302,139,156,LAE,3.739867217001083
6303,139,140,LAE,0.8436056366185846
6304,139,140,LAE,2.2463729756756634
6305,139,142,LAE,1.3186382359981967
6306,139,140,LAE,1.1759875485005329
6307,139,140,LAE,1.079562405985395
6308,139,140,LAE,1.8212531284956814
6309,139,143,LAE,2.4840525352638316
6310,139,156,LAE,4.4311244765038476
6311,139,140,LAE,3.0741763540952887
6312,139,140,LAE,1.7536220142488448
6313,139,161,LAE,4.695056574368056
6314,139,140,LAE,4.901060572117171
6315,139,146,LAE,1.7155481520178066
6316,139,140,LAE,2.3623259514598662
6317,139,140,LAE,4.851475720689163
6318,139,140,LAE,1.1577235806872008
6319,139,141,LAE,1.2623480389674528
6320,139,141,LAE,2.739560821584972
6321,139,142,LAE,1.6889980855612823
6322,139,140,LAE,2.081098099167725
6323,139,140,LAE,2.3521350710739575
6324,137,141,LAE,5.30367983454538
6325,137,141,LAE,15.532877430557313
6326,137,146,LAE,3.242455925747093
6327,137,141,LAE,2.39658501711255
6328,137,141,LAE,13.944081262847424
6329,137,141,LAE,7.48157769083947
6330,137,141,LAE,16.52771454550999
6331,138,149,LAE,3.4615774990827446
6332,138,143,LAE,1.8911027169061008
6333,138,142,LAE,1.2652295951059522
6334,138,143,LAE,1.451446556972437
6335,138,142,LAE,1.5603269563665503
6336,138,142,LAE,1.8886797074644879
6337,138,143,LAE,1.4673898862167896
6338,138,144,LAE,3.8434526107479066
6339,139,143,LAE,1.200709222275281
6340,139,141,LAE,1.0290733817075624
6341,139,152,LAE,3.3938565851083324
6342,139,143,LAE,2.9968938372355622
6343,139,141,LAE,4.417339656386724
6344,139,142,LAE,1.2157469287842475
6345,139,145,LAE,12.068397831606779
6346,139,143,LAE,2.655598644187922
6347,140,141,LAE,1.6836148454986708
6348,140,142,LAE,0.9126916040361285
6349,140,142,LAE,1.0445021730424267
6350,140,141,LAE,0.9500519523063077
6351,140,141,LAE,0.799583762001342
6352,140,141,LAE,1.1598036967403753
6353,140,141,LAE,0.7573517844599412
6354,140,142,LAE,0.8155576450057159
6355,140,141,LAE,0.8198342875600327
6356,140,141,LAE,1.1468488323247703
6357,140,141,LAE,1.0022965544618607
6358,140,143,LAE,1.1016622126800184
6359,140,143,LAE,4.702831493699674
6360,140,141,LAE,1.1660316857488184
6361,140,143,LAE,1.1730931213501385
6362,140,144,LAE,1.5389610456024587
6363,140,142,LAE,1.0780311740604105
6364,140,141,LAE,2.331077526026157
6365,140,144,LAE,3.3402725217423264
6366,138,168,LAE,18.395659491409937
6367,139,142,LAE,1.2455112321149024
6368,139,142,LAE,2.65979343292483
6369,139,142,LAE,2.0262687816236995
6370,139,146,LAE,2.437476436309069
6371,139,142,LAE,1.6992137837541335
6372,139,142,LAE,2.9235453131787414
6373,139,143,LAE,2.6756621235832387
6374,139,142,LAE,1.2531922540228926
6375,139,142,LAE,1.747725851348799
6376,139,142,LAE,3.1132232489446983
6377,139,143,LAE,1.2484605893864917
6378,139,145,LAE,2.303537748245202
6379,139,142,LAE,1.2804872172758124
6380,139,144,LAE,2.065168088318106
6381,139,142,LAE,1.7102963033455587
6382,139,142,LAE,1.2574223274160208
6383,139,143,LAE,1.2704288630914518
6384,139,142,LAE,1.209658685573586
6385,139,154,LAE,3.5371175133352275
6386,140,143,LAE,2.0278062065997275
6387,140,142,LAE,1.448034930336727
6388,140,144,LAE,1.5526087997859954
6389,140,142,LAE,1.5424731258980466
6390,140,142,LAE,0.9156572930077435
6391,140,142,LAE,1.1475320169810477
6392,140,142,LAE,1.6326007807543295
6393,140,142,LAE,1.3518405729882141
6394,140,148,LAE,3.2374185703522964
6395,140,161,LAE,4.430976556981522
6396,140,144,LAE,2.070076253925634
6397,140,142,LAE,1.3600908414823216
6398,140,145,LAE,2.6013386113792447
6399,140,142,LAE,1.1896509981851637
6400,140,142,LAE,1.478568200885155
6401,140,142,LAE,0.8421398983294123
6402,140,142,LAE,2.6762250400257206
6403,141,143,LAE,1.1349897154942656
6404,141,143,LAE,0.9419052455654049
6405,141,142,LAE,1.646571785994318
6406,141,143,LAE,0.9151177423214012
6407,141,142,LAE,1.083165139015786
6408,141,142,LAE,1.2948221510568758
6409,141,142,LAE,0.8320846191376509
6410,141,149,LAE,2.1682022144885162
6411,141,142,LAE,1.1666720041764373
6412,141,142,LAE,0.8077467432937271
6413,141,143,LAE,0.9351694750543431
6414,141,142,LAE,0.88829727520988
6415,141,143,LAE,1.0934241872609463
6416,141,142,LAE,0.8918739004821681
6417,141,142,LAE,1.1789626751442324
6418,141,154,LAE,3.463320506301138
6419,141,142,LAE,0.9431888738571792
6420,141,143,LAE,1.8678264676258691
6421,141,143,LAE,1.0223256447610143
6422,141,143,LAE,3.601395819997788
6423,141,142,LAE,1.0372811356827467
6424,141,143,LAE,1.0722965635453883
6425,141,143,LAE,0.9862920341752854
6426,141,143,LAE,2.143101613823366
6427,139,143,LAE,1.315941929076706
6428,139,147,LAE,2.3579859488413146
6429,139,143,LAE,2.7687414114003714
6430,139,150,LAE,4.690992950791298
6431,139,144,LAE,1.848454800275185
6432,139,166,LAE,20.04310600700545
6433,139,143,LAE,1.3264571402906702
6434,139,143,LAE,1.8798890300365718
6435,140,143,LAE,1.4589994427165724
6436,140,144,LAE,2.022963014314311
6437,140,143,LAE,1.1909217138775465
6438,140,143,LAE,1.907216045781172
6439,140,143,LAE,2.133715715530015
6440,141,147,LAE,2.5059200865597746
6441,141,143,LAE,1.4335411880474056
6442,141,143,LAE,1.4837297586416947
6443,141,143,LAE,2.1235000082054394
6444,141,167,LAE,6.754899074786994
6445,141,143,LAE,1.0625147119890856
6446,141,143,LAE,1.1368472659064421
6447,141,143,LAE,1.5104835059893307
6448,141,143,LAE,1.0749632378215923
6449,141,143,LAE,1.0260827317843166
6450,141,143,LAE,2.35072183554108
6451,141,143,LAE,1.3206470292172832
6452,141,143,LAE,0.9886621836499917
6453,141,143,LAE,1.6537460514629891
6454,142,151,LAE,4.080480478629043
6455,142,143,LAE,0.8354257954445365
6456,142,143,LAE,0.8568947770604258
6457,142,143,LAE,0.8110106532063228
6458,142,151,LAE,9.881018724819045
6459,142,143,LAE,0.7777809537834048
6460,142,146,LAE,2.0626447350775656
6461,142,143,LAE,0.7509925380011637
6462,142,143,LAE,1.3274881755906434
6463,142,147,LAE,4.309778657180643
6464,142,143,LAE,1.4591274479063916
6465,142,143,LAE,1.3667563034804784
6466,142,145,LAE,2.695819375442097
6467,142,143,LAE,2.477443298894102
6468,142,143,LAE,0.8571283136921575
6469,142,145,LAE,2.8088478878180574
6470,142,143,LAE,0.8601770937795601
6471,142,143,LAE,1.0153394587336748
6472,142,143,LAE,2.198166151277182
6473,142,143,LAE,1.207010077680137
6474,142,143,LAE,0.8653966928375654
6475,142,143,LAE,1.6174652138248733
6476,142,143,LAE,1.9546917401344686
6477,142,144,LAE,1.9206460246451316
6478,142,143,LAE,1.4493092396719285
6479,142,143,LAE,0.7762075405937827
6480,142,143,LAE,1.6043005296622859
6481,142,143,LAE,1.180821698552376
6482,142,143,LAE,0.7436690367207397
6483,142,143,LAE,0.9388231281453167
6484,142,146,LAE,1.4514983248116662
6485,140,144,LAE,2.761956770511736
6486,140,144,LAE,3.4009898629457043
6487,141,145,LAE,1.719409014781757
6488,141,144,LAE,2.1282793787667504
6489,142,144,LAE,1.2575543811837662
6490,142,144,LAE,1.3281547325313472
6491,142,145,LAE,3.824778396399993
6492,142,144,LAE,3.0318892892110476
6493,142,146,LAE,2.3366971852145015
6494,142,145,LAE,2.9145165219673985
6495,142,144,LAE,3.254230734788163
6496,142,144,LAE,2.334313440152039
6497,142,146,LAE,4.025000127423481
6498,143,146,LAE,2.18565925150095
6499,143,156,LAE,3.8921739789026915
6500,143,146,LAE,3.1383910633909085
6501,143,150,LAE,4.016053090732818
6502,143,190,LAE,11.461049619186385
6503,143,146,LAE,2.215675616869869
6504,143,144,LAE,1.049777701700973
6505,143,156,LAE,3.1004872921185327
6506,143,144,LAE,4.375607962786693
6507,143,157,LAE,3.4549365594387504
6508,143,144,LAE,3.1645422492310646
6509,143,148,LAE,3.742640978027252
6510,143,201,LAE,19.539756739332176
6511,143,144,LAE,1.0501029697642987
6512,143,144,LAE,4.055969439210179
6513,141,145,LAE,3.895253155172371
6514,142,145,LAE,2.0737745419967917
6515,142,145,LAE,1.6959483071475139
6516,142,145,LAE,1.8157768790062394
6517,142,145,LAE,1.3431852335205494
6518,143,145,LAE,1.4220193625561814
6519,143,145,LAE,1.58338273197161
6520,143,145,LAE,1.839145130572029
6521,143,145,LAE,1.5439576340356707
6522,144,145,LAE,1.272817370047148
6523,144,146,LAE,1.8119303257176855
6524,144,145,LAE,0.8350104388783581
6525,144,145,LAE,1.5727476589723643
6526,144,145,LAE,0.8949426106541852
6527,144,145,LAE,0.8038006783784262
6528,144,145,LAE,1.7831618936844957
6529,144,146,LAE,1.028465823630957
6530,144,145,LAE,0.8712145284766445
6531,144,145,LAE,0.8589929637205159
6532,144,154,LAE,2.878141804856349
6533,144,145,LAE,0.7257882864150538
6534,144,145,LAE,16.975385394082267
6535,144,145,LAE,1.5374766742012071
6536,144,145,LAE,0.804945757751467
6537,144,145,LAE,1.002301453853673
6538,144,145,LAE,1.5759673570705823
6539,144,145,LAE,1.671438582893221
6540,144,145,LAE,1.6600032102252578
6541,144,145,LAE,0.8769083582894488
6542,144,145,LAE,1.1910406079512406
6543,144,145,LAE,1.2886009747975253
6544,144,162,LAE,3.8984015673081602
6545,144,145,LAE,1.118206295732906
6546,144,145,LAE,1.4336354718899733
6547,144,231,LAE,18.414035290821573
6548,144,145,LAE,1.0195060848519861
6549,144,145,LAE,6.934291303850077
6550,144,145,LAE,1.086991936207248
6551,143,146,LAE,3.1137597108781194
6552,143,157,LAE,2.8989696388510815
6553,143,148,LAE,4.009859179400139
6554,143,151,LAE,3.8523307526111243
6555,144,151,LAE,3.608408599209635
6556,144,146,LAE,1.5338009865313618
6557,144,170,LAE,8.054304403664222
6558,144,178,LAE,6.776594243931809
6559,144,146,LAE,1.3813318311215737
6560,144,146,LAE,2.12229529996955
6561,144,158,LAE,32.57870044911924
6562,144,146,LAE,1.30103685551959
6563,144,177,LAE,6.8072101233221645
6564,144,158,LAE,3.878066113642587
6565,144,161,LAE,3.829267993419306
6566,144,174,LAE,6.457028661231673
6567,144,147,LAE,1.4628410757593093
6568,145,146,LAE,0.9384357885646766
6569,145,146,LAE,0.7972420557351778
6570,145,146,LAE,0.8932005085285467
6571,145,147,LAE,1.4806182516146649
6572,145,147,LAE,2.469102306140485
6573,145,146,LAE,1.3031732675754144
6574,145,151,LAE,2.5310455595705728
6575,145,152,LAE,3.7373792134748975
6576,145,146,LAE,1.920027469761777
6577,145,150,LAE,4.2745784164335845
6578,145,146,LAE,0.9459003770564746
6579,145,146,LAE,1.8017326200692636
6580,145,146,LAE,2.170238842760821
6581,145,150,LAE,2.7967777371076203
6582,145,146,LAE,0.6606178447824239
6583,145,146,LAE,0.9521766789628581
6584,145,150,LAE,2.5999303514697716
6585,145,152,LAE,3.7313225879948133
6586,145,146,LAE,0.9484547304958632
6587,145,149,LAE,2.7029905905329046
6588,145,146,LAE,1.3358850126963102
6589,143,148,LAE,4.263331461045236
6590,143,151,LAE,2.346440269459092
6591,143,147,LAE,3.1209435191961683
6592,143,147,LAE,3.8818562105128533
6593,144,170,LAE,6.802406302977697
6594,145,150,LAE,2.5248537155174438
6595,145,147,LAE,1.1473510722273312
6596,145,147,LAE,1.4461180841233252
6597,145,147,LAE,1.3069829641894635
6598,145,152,LAE,2.50651722985319
6599,145,148,LAE,1.5257060437677505
6600,145,147,LAE,1.4566786385856163
6601,146,151,LAE,2.5786158746755254
6602,146,147,LAE,0.7804032858772505
6603,146,155,LAE,16.302364444643228
6604,146,147,LAE,1.9117628116168068
6605,146,147,LAE,2.0784553534658263
6606,146,162,LAE,3.795778599940832
6607,146,147,LAE,2.9257254452031605
6608,146,147,LAE,1.5832979845074189
6609,146,147,LAE,1.619901477982542
6610,146,148,LAE,3.6004950192254537
6611,146,147,LAE,1.2792749674408135
6612,146,148,LAE,2.57218476322223
6613,146,160,LAE,3.487034565545851
6614,146,147,LAE,0.7626688635284822
6615,146,147,LAE,1.1160472359703513
6616,146,147,LAE,1.5542252195941262
6617,146,159,LAE,3.4902021761207505
6618,146,147,LAE,1.5753014278074178
6619,144,148,LAE,4.130025967514433
6620,144,148,LAE,3.7943885769738297
6621,144,149,LAE,3.1279796825466346
6622,145,150,LAE,3.6582830641973922
6623,145,156,LAE,3.0975805968095647
6624,146,148,LAE,1.4500687715798877
6625,146,162,LAE,3.7326208924666404
6626,146,148,LAE,3.8707893931010315
6627,146,148,LAE,1.5721127151366838
6628,146,148,LAE,1.7037721081102533
6629,146,149,LAE,1.2905607073117935
6630,146,155,LAE,3.8090681285906003
6631,146,215,LAE,10.862169718698057
6632,146,152,LAE,2.1153917129761335
6633,147,151,LAE,3.4228515372968205
6634,147,148,LAE,3.4359727318752404
6635,147,151,LAE,6.21964922902094
6636,147,151,LAE,4.137301026531917
6637,147,166,LAE,15.734513765644484
6638,147,148,LAE,1.315222208390481
6639,147,151,LAE,11.129063321047438
6640,147,151,LAE,14.575943675364462
6641,147,151,LAE,6.027811428473181
6642,147,148,LAE,1.0113407792353248
6643,147,148,LAE,1.9489612735658297
6644,147,148,LAE,1.4903761733637977
6645,147,148,LAE,3.3678153207016
6646,147,151,LAE,2.76173263284353
6647,147,223,LAE,14.864077578024421
6648,147,152,LAE,4.052323763118604
6649,147,151,LAE,14.552627367758172
6650,147,162,LAE,3.3854993522752825
6651,147,148,LAE,1.878587510766619
6652,147,151,LAE,13.79878809379619
6653,147,148,LAE,1.2168860246043258
6654,147,150,LAE,3.407057202524215
6655,147,151,LAE,3.4407370585198316
6656,147,176,LAE,6.019476948721062
6657,145,149,LAE,1.79407684080618
6658,145,150,LAE,1.8446586223392485
6659,145,149,LAE,2.573474121261366
6660,145,149,LAE,1.8546861927324227
6661,145,149,LAE,1.9797374742318776
6662,145,149,LAE,1.6977285895837162
6663,145,151,LAE,1.9974073459669521
6664,145,173,LAE,8.183085484891292
6665,145,151,LAE,2.075220757596334
6666,146,150,LAE,2.303737148257027
6667,146,149,LAE,3.222854804482426
6668,146,149,LAE,2.656077476594048
6669,146,157,LAE,3.5880827043880767
6670,146,149,LAE,4.143902770146944
6671,146,150,LAE,3.8722749613120837
6672,146,154,LAE,3.552163800423131
6673,146,150,LAE,3.352387314367997
6674,146,160,LAE,3.5176252425253
6675,146,150,LAE,3.6913519244346586
6676,146,149,LAE,3.412730307389862
6677,146,149,LAE,2.4251356378824367
6678,146,187,LAE,11.632977548761033
6679,147,160,LAE,3.2862990342703897
6680,147,162,LAE,3.4236959441913135
6681,147,149,LAE,7.086867253578537
6682,148,149,LAE,1.011896796321904
6683,148,149,LAE,1.0236759319775817
6684,148,149,LAE,3.599421375948497
6685,148,149,LAE,2.0365809178830814
6686,148,151,LAE,3.536502344542395
6687,148,150,LAE,3.5556336428501365
6688,148,149,LAE,3.6025585252497665
6689,148,149,LAE,3.5087948424455875
6690,148,149,LAE,3.7281853769829825
6691,148,149,LAE,3.6716562426511756
6692,148,149,LAE,3.5690778261695306
6693,148,149,LAE,3.5839024000148783
6694,148,150,LAE,2.9568240832311425
6695,148,149,LAE,3.6459199965629314
6696,148,150,LAE,3.45794591935506
6697,148,149,LAE,3.644352173101508
6698,148,150,LAE,2.0734075434164363
6699,148,149,LAE,1.3169712910185782
6700,148,162,LAE,3.416302259907464
6701,148,151,LAE,1.3783721664512947
6702,148,149,LAE,3.584843760547484
6703,148,149,LAE,3.6322826822388588
6704,148,156,LAE,3.4915118287213702
6705,148,149,LAE,3.337378867504108
6706,148,149,LAE,3.5726516169201017
6707,148,149,LAE,3.733372621694385
6708,148,178,LAE,5.920789240133991
6709,148,149,LAE,1.373755700615434
6710,148,150,LAE,1.7364160776601287
6711,146,152,LAE,2.4677960313258436
6712,146,150,LAE,2.3616250459903405
6713,146,207,LAE,18.86792696334876
6714,147,150,LAE,3.153235774054693
6715,147,158,LAE,3.342936042426976
6716,147,159,LAE,3.5025861650990615
6717,148,150,LAE,1.6287250326156155
6718,148,150,LAE,3.632687805837204
6719,148,150,LAE,1.7761250158793904
6720,148,151,LAE,2.011179785435729
6721,148,150,LAE,1.8255965109918157
6722,148,150,LAE,1.9324021525376787
6723,148,182,LAE,5.9112491954834185
6724,149,152,LAE,1.542642016845665
6725,149,150,LAE,2.2463417872762057
6726,149,151,LAE,1.8538533586550023
6727,149,150,LAE,1.9044591204290884
6728,149,150,LAE,1.454223804368269
6729,149,150,LAE,1.376174632577939
6730,149,150,LAE,1.2553793032803917
6731,149,179,LAE,6.044144111170685
6732,149,152,LAE,1.7864466726452117
6733,149,150,LAE,2.054495474013956
6734,149,150,LAE,1.8054510149121203
6735,149,150,LAE,3.104779519289504
6736,149,150,LAE,1.9121962229952494
6737,149,150,LAE,1.8604658168470705
6738,149,151,LAE,1.6417333347642353
6739,149,154,LAE,1.6865823855818804
6740,149,151,LAE,1.2398000020265216
6741,149,151,LAE,1.571257227129449
6742,149,151,LAE,1.4833295154932475
6743,149,163,LAE,3.445575914072501
6744,149,151,LAE,1.5060172529275015
6745,149,151,LAE,1.6708377384301838
6746,149,150,LAE,1.95189713390424
6747,149,150,LAE,1.872954988993676
6748,149,150,LAE,1.6113728706981785
6749,149,150,LAE,1.7568163197458382
6750,149,151,LAE,1.6756987288240306
6751,149,151,LAE,1.970157235726124
6752,149,150,LAE,2.1836168105352503
6753,149,151,LAE,1.5272589372968408
6754,149,150,LAE,1.1223757339063463
6755,149,150,LAE,1.391499047900202
6756,149,150,LAE,1.7754131915968168
6757,149,150,LAE,1.9598873917603796
6758,149,150,LAE,1.4948489153484097
6759,149,151,LAE,1.582177818143311
6760,149,155,LAE,2.1673681170116725
6761,149,151,LAE,1.568489497019366
6762,149,161,LAE,9.900599150134425
6763,149,150,LAE,1.9738743226080755
6764,149,151,LAE,3.263454661306606
6765,149,162,LAE,3.2254335055999266
6766,149,151,LAE,1.7511595085695477
6767,149,151,LAE,1.6012521630527454
6768,149,150,LAE,3.71774602836997
6769,149,162,LAE,3.344382065535459
6770,149,150,LAE,2.052991354734265
6771,149,191,LAE,13.327783782209723
6772,149,150,LAE,2.3759405046779767
6773,149,151,LAE,1.5058564638849539
6774,149,156,LAE,2.5310079870973174
6775,149,150,LAE,2.1685569416576858
6776,149,151,LAE,1.4887179886216084
6777,149,150,LAE,1.7602804018719713
6778,149,150,LAE,1.772104232566631
6779,149,151,LAE,1.6135270353140851
6780,149,151,LAE,1.7182418082502402
6781,149,150,LAE,1.9053580640606418
6782,149,151,LAE,1.6527251915690238
6783,149,150,LAE,1.4265910845306131
6784,149,157,LAE,2.8268511021600515
6785,149,150,LAE,1.9523729669989676
6786,149,151,LAE,2.0346141813194936
6787,149,150,LAE,1.7586511245853882
6788,149,150,LAE,1.9686899838320486
6789,149,151,LAE,2.047707410253789
6790,149,150,LAE,1.6050232065393468
6791,149,150,LAE,1.3677241304542997
6792,149,150,LAE,3.7168956735645913
6793,149,155,LAE,2.1721605417686978
6794,149,155,LAE,3.329115199196427
6795,149,151,LAE,1.510397644663492
6796,149,150,LAE,22.485601293227507
6797,149,158,LAE,2.47676139207157
6798,149,152,LAE,1.8993099676039547
6799,149,150,LAE,1.4803805673441772
6800,149,150,LAE,1.4177424051841743
6801,149,150,LAE,1.5941270607246267
6802,149,151,LAE,1.6000202376724746
6803,149,150,LAE,1.693591722955671
6804,149,152,LAE,1.9741423023308302
6805,149,151,LAE,1.6662739805711542
6806,149,150,LAE,1.5411752447937637
6807,149,153,LAE,3.1825889786103776
6808,149,150,LAE,3.294430291322431
6809,149,150,LAE,1.4621974414050969
6810,149,150,LAE,2.010421931481894
6811,149,151,LAE,1.5681550740436752
6812,149,150,LAE,1.9762175686800678
6813,149,150,LAE,1.4234641204045648
6814,149,177,LAE,12.124820024448434
6815,149,151,LAE,1.6189195925103603
6816,149,150,LAE,1.462415777919713
6817,149,160,LAE,3.5350109386021593
6818,149,150,LAE,1.663083267250943
6819,149,151,LAE,1.5743810138355765
6820,149,150,LAE,1.2371227721716165
6821,147,151,LAE,3.3414116725523266
6822,147,151,LAE,6.23409695231629
6823,147,151,LAE,2.3689959526717894
6824,147,161,LAE,6.585864031436165
6825,148,151,LAE,37.260901887086476
6826,148,162,LAE,5.129593242794293
6827,148,159,LAE,2.945858259286037
6828,148,156,LAE,9.287349447897022
6829,148,171,LAE,6.346984094332699
6830,148,151,LAE,3.664277308459651
6831,148,151,LAE,3.3219310214327025
6832,148,151,LAE,3.5359940821099975
6833,148,151,LAE,6.599042447436555
6834,149,151,LAE,1.5961236782806485
6835,149,151,LAE,1.5367613593156397
6836,149,151,LAE,1.6723058847253445
6837,149,160,LAE,3.183182064213218
6838,149,151,LAE,1.6647089529808583
6839,149,151,LAE,1.5722799470739155
6840,149,151,LAE,1.8477688343786733
6841,149,151,LAE,1.6532529422339954
6842,149,156,LAE,2.0727184474238465
6843,149,151,LAE,1.6833624922256418
6844,149,151,LAE,1.7528393215287221
6845,149,155,LAE,17.781821054808216
6846,149,151,LAE,1.4677888595310002
6847,149,151,LAE,1.5775130280297749
6848,149,151,LAE,1.7365239329750108
6849,150,151,LAE,1.447182263884363
6850,150,151,LAE,1.6967301190562722
6851,150,151,LAE,1.9099314342318603
6852,150,151,LAE,1.7666023845255223
6853,150,151,LAE,1.4238171169085363
6854,150,151,LAE,1.5628297557078683
6855,150,151,LAE,1.8780177996350709
6856,150,151,LAE,1.9360885251726625
6857,150,154,LAE,1.2234941581106498
6858,150,151,LAE,1.475810212662401
6859,150,158,LAE,2.242101878272635
6860,150,151,LAE,1.3278174522548685
6861,150,152,LAE,1.6031566105149317
6862,150,152,LAE,1.4285335338632268
6863,150,152,LAE,1.697688959711211
6864,150,151,LAE,1.7037643360987762
6865,150,151,LAE,1.4540967629571815
6866,150,151,LAE,1.4928020401647424
6867,150,151,LAE,1.5019796316795127
6868,150,151,LAE,1.5981041550704387
6869,150,151,LAE,1.7187437440710536
6870,150,151,LAE,1.505004681503284
6871,150,155,LAE,2.161764683792505
6872,150,151,LAE,1.689583164783601
6873,150,151,LAE,1.6453931240255917
6874,150,151,LAE,1.7332143385705971
6875,150,151,LAE,1.630094447093025
6876,150,151,LAE,2.206289688726441
6877,150,151,LAE,1.5043706321339556
6878,150,151,LAE,1.4648055650582448
6879,150,153,LAE,1.8745238508919306
6880,150,159,LAE,2.383107573547916
6881,150,152,LAE,1.3950421647881344
6882,150,151,LAE,1.3980959579849752
6883,150,153,LAE,1.6385121343001408
6884,150,151,LAE,2.10964229280605
6885,150,151,LAE,1.4287597923629223
6886,148,156,LAE,6.096199121603035
6887,149,184,LAE,6.460997267730592
6888,149,158,LAE,3.0292129972744037
6889,149,176,LAE,5.809178537499191
6890,149,152,LAE,1.748431344541341
6891,149,159,LAE,3.2734034887943317
6892,149,177,LAE,9.816286689825539
6893,149,171,LAE,9.869680172912693
6894,149,176,LAE,5.969013755883838
6895,149,168,LAE,3.7487765386404677
6896,150,155,LAE,2.2445469719535045
6897,150,179,LAE,5.878458506688425
6898,150,154,LAE,2.04697274841337
6899,150,199,LAE,10.034916479149576
6900,150,212,LAE,16.83702055454614
6901,150,156,LAE,2.0627428725073287
6902,150,153,LAE,1.6017676516579817
6903,150,154,LAE,2.0198716368348246
6904,150,181,LAE,12.665777685476533
6905,150,152,LAE,3.9805930028881007
6906,150,159,LAE,3.0984289060717067
6907,150,156,LAE,2.064641065289606
6908,151,156,LAE,2.3206393623788073
6909,151,152,LAE,1.4739322358517521
6910,151,153,LAE,1.4694609809410792
6911,151,154,LAE,1.9817150626564115
6912,151,166,LAE,5.715588384616769
6913,151,153,LAE,2.542261514926096
6914,151,154,LAE,2.0474116236940736
6915,151,213,LAE,10.996414830402387
6916,151,152,LAE,1.9962123149208948
6917,151,156,LAE,2.9571071267040714
6918,151,159,LAE,11.362961530320508
6919,151,152,LAE,1.1801380845005196
6920,149,157,LAE,3.3641634647082648
6921,149,153,LAE,15.315147379311137
6922,149,209,LAE,16.10048534443836
6923,150,156,LAE,2.7407637463405825
6924,150,162,LAE,3.2053450606630554
6925,150,156,LAE,3.3381762657937624
6926,150,154,LAE,2.3334509848433025
6927,151,153,LAE,1.4017037101637797
6928,151,154,LAE,1.5112457047395944
6929,151,153,LAE,1.479991988916512
6930,151,153,LAE,1.6814794105173247
6931,151,153,LAE,2.6067347627897135
6932,151,156,LAE,1.7999075660621913
6933,151,157,LAE,1.8668261713849625
6934,152,162,LAE,2.7761170523441905
6935,152,155,LAE,5.564201578391143
6936,152,155,LAE,1.3102310854378134
6937,152,166,LAE,5.535555143104482
6938,152,157,LAE,1.7334079531391156
6939,152,198,LAE,18.441203371737185
6940,152,178,LAE,5.591425957320427
6941,152,161,LAE,5.263418834859948
6942,152,154,LAE,1.4590694011431604
6943,152,153,LAE,1.4656162586446135
6944,152,156,LAE,1.401656738011436
6945,152,154,LAE,1.4312196485252486
6946,152,161,LAE,2.9107770700394897
6947,152,153,LAE,1.430027377686198
6948,152,153,LAE,1.2967528081891262
6949,152,154,LAE,1.4702514141092473
6950,152,153,LAE,1.3248643494262868
6951,152,153,LAE,1.0039516847155199
6952,152,155,LAE,1.8083681186757858
6953,152,156,LAE,1.696386400662539
6954,152,171,LAE,5.683200418674268
6955,152,153,LAE,1.4041925043843306
6956,152,156,LAE,1.3994638860041846
6957,152,170,LAE,5.420225416135265
6958,152,172,LAE,3.1750786460038176
6959,152,155,LAE,1.7587017524637427
6960,152,174,LAE,5.645733729747814
6961,152,164,LAE,5.683275082302056
6962,152,161,LAE,5.260303367071394
6963,152,158,LAE,2.3885322058208813
6964,152,153,LAE,1.467487648994741
6965,152,153,LAE,1.9617091645363083
6966,152,154,LAE,1.6241262945785075
6967,152,155,LAE,1.7908765265954987
6968,152,153,LAE,2.838497892441987
6969,152,155,LAE,1.4843536915533793
6970,152,161,LAE,2.671174367077581
6971,152,162,LAE,5.7000815554277455
6972,152,231,LAE,14.092820582001321
6973,152,164,LAE,4.61799974630318
6974,152,160,LAE,8.626216523363933
6975,152,153,LAE,1.5323450760614874
6976,152,155,LAE,2.7310068945524746
6977,152,183,LAE,8.284755974657068
6978,152,157,LAE,1.5895824497230346
6979,152,159,LAE,2.154902402789392
6980,150,154,LAE,3.197271799287623
6981,150,154,LAE,2.1884787935033545
6982,150,154,LAE,2.8732276298540915
6983,150,161,LAE,3.0400718032016565
6984,150,155,LAE,2.1869349935108446
6985,150,178,LAE,5.93337570169589
6986,151,154,LAE,2.030579944505833
6987,151,156,LAE,1.643326682574516
6988,151,154,LAE,1.115723331585326
6989,151,201,LAE,15.045037496184616
6990,151,167,LAE,3.3627868340821
6991,151,155,LAE,1.613768869657903
6992,152,154,LAE,1.4231388323461664
6993,152,155,LAE,2.6741335312216457
6994,152,155,LAE,2.087560311570134
6995,152,180,LAE,11.950490338282792
6996,152,154,LAE,1.4155022983171
6997,152,155,LAE,1.990097098389603
6998,152,154,LAE,1.4831281498082984
6999,152,154,LAE,1.8845753921535955
7000,152,157,LAE,1.9939283762368858
7001,152,156,LAE,4.784901147595495
7002,152,213,LAE,12.301570123287947
7003,152,154,LAE,1.480557242246931
7004,152,161,LAE,2.7208781897775793
7005,152,157,LAE,3.1331585305665364
7006,152,164,LAE,3.7937693290805945
7007,153,154,LAE,1.496832458382524
7008,153,162,LAE,2.6951413040244407
7009,153,154,LAE,5.691593302878791
7010,153,154,LAE,14.917082128310966
7011,153,160,LAE,2.64674675259747
7012,153,157,LAE,1.500084562216023
7013,153,155,LAE,3.726511910492895
7014,153,154,LAE,2.8993819444315654
7015,153,161,LAE,3.4207286907393435
7016,153,154,LAE,1.2871451825028946
7017,153,170,LAE,6.394264900190897
7018,153,159,LAE,4.682324464187901
7019,153,157,LAE,2.240611012240689
7020,153,154,LAE,1.780864879780682
7021,153,154,LAE,2.8342611637114947
7022,153,154,LAE,1.3967674376398966
7023,153,156,LAE,2.489532046539014
7024,153,161,LAE,2.5492607691260414
7025,153,154,LAE,1.4598546846493725
7026,153,154,LAE,2.772570160156672
7027,153,173,LAE,5.25110379386459
7028,153,158,LAE,3.2771124079084064
7029,153,155,LAE,2.5124812303547106
7030,153,156,LAE,1.2670856611718333
7031,153,180,LAE,5.8268958351732
7032,153,158,LAE,2.186556665239099
7033,153,154,LAE,5.052019402256966
7034,153,155,LAE,2.4641666371396496
7035,153,161,LAE,2.5106173746777745
7036,153,156,LAE,2.60242905183811
7037,153,154,LAE,3.01098577317531
7038,153,162,LAE,23.907538490737604
7039,153,157,LAE,2.8373819245205114
7040,153,157,LAE,2.6430081299444907
7041,153,161,LAE,2.7358209260512694
7042,153,209,LAE,15.55221447356539
7043,151,156,LAE,13.357472825768562
7044,151,160,LAE,2.868323331465311
7045,151,155,LAE,4.628918201038503
7046,151,156,LAE,2.979433830280215
7047,151,155,LAE,1.702397930571586
7048,152,156,LAE,1.338664327168055
7049,152,155,LAE,1.648805719100364
7050,152,156,LAE,1.9637698224943463
7051,152,155,LAE,1.9546285449990295
7052,152,159,LAE,18.14539256828113
7053,152,158,LAE,2.572873923813464
7054,152,155,LAE,1.6429426155227131
7055,152,156,LAE,2.01292436721557
7056,152,157,LAE,2.5916945336685737
7057,153,160,LAE,5.555533364875284
7058,153,159,LAE,2.568739921825276
7059,153,178,LAE,5.954546346360507
7060,153,161,LAE,5.285261162163017
7061,153,159,LAE,1.6541833169930458
7062,153,155,LAE,1.701946033910448
7063,153,155,LAE,6.008136054803164
7064,153,165,LAE,3.253444162189638
7065,153,157,LAE,2.6356936614803437
7066,153,169,LAE,5.292455944862433
7067,153,157,LAE,1.5089144748567132
7068,153,156,LAE,1.3241934465428178
7069,153,161,LAE,1.9069531266185296
7070,153,156,LAE,3.273283392621047
7071,153,158,LAE,2.308103945019032
7072,153,164,LAE,5.160498525727599
7073,153,171,LAE,5.473481351620952
7074,153,157,LAE,2.356128688237547
7075,153,164,LAE,5.500022212062639
7076,153,159,LAE,5.8088269811399575
7077,153,166,LAE,5.171764853538864
7078,153,216,LAE,9.73004884285885
7079,153,155,LAE,5.12708959368795
7080,153,195,LAE,16.53802915045651
7081,153,155,LAE,13.316763633503687
7082,153,160,LAE,1.8016417032939591
7083,154,170,LAE,5.4030389305758515
7084,154,156,LAE,1.4918696160380644
7085,154,155,LAE,1.3708121563088933
7086,154,156,LAE,2.4790740161945095
7087,154,158,LAE,2.724587368805339
7088,154,161,LAE,2.747007939015752
7089,154,156,LAE,3.656963342486411
7090,154,160,LAE,2.4759968570687976
7091,154,156,LAE,1.6074280770668707
7092,154,155,LAE,2.503382937269158
7093,154,160,LAE,2.7905459874235627
7094,154,157,LAE,1.3006794390336796
7095,154,155,LAE,1.5526268360972142
7096,154,155,LAE,2.193192518744622
7097,154,158,LAE,2.1421070555805803
7098,154,162,LAE,5.409897628059649
7099,154,155,LAE,1.0585261480535222
7100,154,163,LAE,2.559158838062746
7101,154,155,LAE,2.4357843301298177
7102,154,158,LAE,2.461481783526555
7103,154,155,LAE,2.1950156975555233
7104,154,160,LAE,2.122501844437831
7105,154,160,LAE,2.5462267808274506
7106,154,156,LAE,1.1948281045646514
7107,154,216,LAE,11.48087362351796
7108,154,159,LAE,2.542248377979044
7109,154,159,LAE,6.2155983144148275
7110,154,156,LAE,3.562835192379084
7111,154,157,LAE,1.92951558099924
7112,154,155,LAE,1.7539661407020777
7113,154,179,LAE,5.9927630394577145
7114,154,155,LAE,3.9113797207910714
7115,154,156,LAE,2.4183622305433112
7116,154,159,LAE,10.671562361405535
7117,154,155,LAE,4.431363672246546
7118,154,170,LAE,3.574675340426831
7119,154,155,LAE,1.476992259860735
7120,154,155,LAE,4.154745732037829
7121,154,164,LAE,14.323029082102712
7122,154,155,LAE,2.419750688320664
7123,154,171,LAE,8.715935912031956
7124,154,163,LAE,3.1842013569628316
7125,154,157,LAE,1.966880577524369
7126,154,158,LAE,2.5143530033021295
7127,154,159,LAE,2.81966186666583
7128,154,155,LAE,2.7107766161937197
7129,154,169,LAE,5.568773964350092
7130,154,155,LAE,1.8782837833782418
7131,154,170,LAE,5.6469983064355525
7132,154,162,LAE,2.93193535323293
7133,154,184,LAE,5.519846273095421
7134,154,158,LAE,2.4580974717071244
7135,154,167,LAE,5.081114555625691
7136,154,155,LAE,3.5651267448895254
7137,154,156,LAE,1.86411763255179
7138,154,185,LAE,11.069190760543139
7139,154,156,LAE,9.190457632229368
7140,152,157,LAE,2.049832471548325
7141,152,167,LAE,5.700842381527975
7142,153,158,LAE,1.976433387230965
7143,153,156,LAE,1.5567911450575265
7144,153,156,LAE,1.82265849537783
7145,153,159,LAE,2.5420411617864764
7146,153,157,LAE,3.382325337660732
7147,153,156,LAE,2.585227709417397
7148,153,158,LAE,2.671796908495583
7149,153,175,LAE,4.148894898996941
7150,153,166,LAE,13.095179713690126
7151,153,156,LAE,1.2591601691819243
7152,154,157,LAE,10.58101611739331
7153,154,156,LAE,2.21938128447424
7154,154,156,LAE,1.7293073457012245
7155,154,156,LAE,1.0904043553981748
7156,154,156,LAE,4.737431493364982
7157,154,156,LAE,2.5083089402706813
7158,154,156,LAE,2.3184540691972573
7159,154,160,LAE,1.9298395192062536
7160,154,157,LAE,2.2128930539447067
7161,154,165,LAE,4.664374357672489
7162,154,156,LAE,1.6930491478186493
7163,154,161,LAE,5.207477752395232
7164,154,156,LAE,2.5138636848847984
7165,154,156,LAE,3.6450961658987944
7166,154,156,LAE,2.794640504063452
7167,155,175,LAE,6.64960269962324
7168,155,181,LAE,5.3769987871815115
7169,155,158,LAE,1.483725606058612
7170,155,157,LAE,1.2172907023227821
7171,155,158,LAE,3.001074269259578
7172,155,156,LAE,1.3866232793919093
7173,155,158,LAE,2.401620385976045
7174,155,158,LAE,4.782157931517924
7175,155,157,LAE,1.9610061987322844
7176,155,156,LAE,1.8752694054470953
7177,155,167,LAE,2.9533636901536804
7178,155,178,LAE,5.20212583066614
7179,155,156,LAE,2.596771740309379
7180,155,161,LAE,2.37568433041723
7181,155,157,LAE,14.809729823178728
7182,155,159,LAE,5.512398589258033
7183,155,171,LAE,3.486147221159017
7184,155,156,LAE,1.3650001451949836
7185,155,156,LAE,2.2689090422820493
7186,155,156,LAE,3.6411018662516517
7187,155,158,LAE,2.3643167153322158
7188,155,163,LAE,2.8721933534168422
7189,155,161,LAE,4.075380619562231
7190,155,178,LAE,4.510165660070239
7191,155,159,LAE,2.1440720493038348
7192,155,179,LAE,5.595918673205238
7193,155,156,LAE,1.462464792009743
7194,155,162,LAE,4.166722194153067
7195,155,156,LAE,5.648019901340402
7196,155,163,LAE,4.413021276143479
7197,155,163,LAE,2.3795938139253097
7198,155,161,LAE,3.0663768197272776
7199,155,156,LAE,2.636984194848058
7200,155,158,LAE,2.5765243914659504
7201,155,156,LAE,1.825313002215662
7202,155,174,LAE,3.9334432797058576
7203,155,159,LAE,2.359363003340818
7204,155,169,LAE,5.80228565422406
7205,155,156,LAE,4.576471898006448
7206,155,156,LAE,1.3285357673055929
7207,155,156,LAE,1.396511110288021
7208,155,159,LAE,1.2507196407086012
7209,155,157,LAE,1.142493519904693
7210,155,157,LAE,1.4261636163576978
7211,155,156,LAE,1.4260024588034732
7212,155,180,LAE,12.235317412636137
7213,155,156,LAE,1.2189427678091698
7214,155,158,LAE,12.843230301066132
7215,155,157,LAE,2.3039793723038384
7216,155,156,LAE,2.693068219076821
7217,155,169,LAE,3.98286990583081
7218,155,159,LAE,2.6112553964408978
7219,155,157,LAE,2.3730032605472298
7220,155,163,LAE,2.4416148904644466
7221,155,156,LAE,1.6471198829884919
7222,155,165,LAE,4.839013962668459
7223,153,159,LAE,1.8690590811483554
7224,153,157,LAE,1.5472725429424101
7225,154,157,LAE,2.4975651420561156
7226,154,158,LAE,3.7499674326763826
7227,154,165,LAE,3.2344868872104477
7228,154,161,LAE,2.611658469300328
7229,154,157,LAE,2.961530367339897
7230,154,162,LAE,2.5350349729953923
7231,154,172,LAE,5.638889341642213
7232,154,161,LAE,2.304479355970759
7233,154,158,LAE,2.5794104262393693
7234,154,159,LAE,2.4639220031337623
7235,154,157,LAE,1.6624787657513207
7236,155,162,LAE,5.624730741974984
7237,155,157,LAE,16.967392071331382
7238,155,159,LAE,5.516814806510598
7239,155,159,LAE,1.8460683242547866
7240,155,169,LAE,5.380085429133461
7241,155,165,LAE,5.810787747853031
7242,155,185,LAE,5.9204666153952115
7243,155,157,LAE,4.923645939589389
7244,155,158,LAE,2.1859042147256775
7245,155,168,LAE,4.9694226739308105
7246,155,160,LAE,9.398024556780342
7247,155,165,LAE,5.814246376536062
7248,155,160,LAE,5.147705116761229
7249,155,165,LAE,6.244696411552108
7250,155,163,LAE,5.108816866090514
7251,155,162,LAE,2.36217457315131
7252,155,163,LAE,4.778667522921923
7253,155,157,LAE,2.3806195761869238
7254,155,157,LAE,1.329463613970626
7255,155,157,LAE,5.3756177200454225
7256,155,168,LAE,5.212480156477077
7257,155,157,LAE,4.5975959191504785
7258,155,157,LAE,2.567768119247106
7259,155,164,LAE,4.865099150321639
7260,155,160,LAE,5.0891785502158
7261,155,158,LAE,2.521986897882906
7262,155,157,LAE,4.949818952059065
7263,155,177,LAE,5.578597260202054
7264,155,170,LAE,5.799323324523144
7265,155,157,LAE,3.751659655624016
7266,155,175,LAE,5.744856748170296
7267,155,158,LAE,6.144196014224959
7268,155,235,LAE,13.45103117322781
7269,155,183,LAE,4.997993375366764
7270,155,159,LAE,4.380927834750847
7271,155,157,LAE,16.425147424075213
7272,156,161,LAE,4.268093903300629
7273,156,173,LAE,6.486249382278369
7274,156,159,LAE,1.1794781576860922
7275,156,160,LAE,2.2461524452347876
7276,156,183,LAE,4.978977982339201
7277,156,159,LAE,1.4477716005317562
7278,156,163,LAE,24.42922534808003
7279,156,171,LAE,3.636795616112544
7280,156,157,LAE,1.1664346549004445
7281,156,158,LAE,8.319824606154135
7282,156,175,LAE,5.115424677205631
7283,156,157,LAE,0.9625626104931978
7284,156,157,LAE,1.0608674113127674
7285,156,158,LAE,12.794927513878603
7286,156,157,LAE,1.4033194780422285
7287,156,168,LAE,5.4051853759441695
7288,156,168,LAE,4.927264943667071
7289,156,177,LAE,8.334847607552572
7290,156,158,LAE,1.5319441901323514
7291,156,160,LAE,2.142906674245576
7292,156,157,LAE,5.145930041179065
7293,156,157,LAE,1.1289715296480796
7294,156,158,LAE,1.6195180695244713
7295,156,157,LAE,1.4749124552453126
7296,156,165,LAE,2.5353926123830948
7297,156,157,LAE,1.8767243373402125
7298,156,164,LAE,3.0466201853893993
7299,156,157,LAE,1.4788473447596382
7300,156,165,LAE,5.61899365261853
7301,156,159,LAE,2.4689675074141424
7302,156,186,LAE,7.995984957682914
7303,156,159,LAE,1.1710474959711559
7304,156,157,LAE,4.85313338036996
7305,156,157,LAE,2.2112579966609878
7306,156,158,LAE,4.757293741774586
7307,156,159,LAE,2.1388966543383083
7308,156,159,LAE,2.0854078039530313
7309,154,158,LAE,3.4621582390036596
7310,154,166,LAE,15.49381185498491
7311,155,163,LAE,5.339471022955846
7312,155,162,LAE,5.644076604906885
7313,155,167,LAE,5.621151328961131
7314,155,158,LAE,3.474560594487423
7315,155,160,LAE,2.004070015316475
7316,155,158,LAE,3.1049856015728254
7317,155,164,LAE,5.044620576350794
7318,155,179,LAE,8.68840506014795
7319,155,162,LAE,4.954877929071771
7320,155,158,LAE,13.318958324989627
7321,155,160,LAE,4.719556078000634
7322,156,159,LAE,1.4209321457615698
7323,156,158,LAE,2.4715082820775702
7324,156,159,LAE,4.6408971022076315
7325,156,160,LAE,1.6263123996480053
7326,156,161,LAE,2.5011930838926713
7327,156,160,LAE,2.229472179336921
7328,156,158,LAE,1.0300301686795246
7329,156,161,LAE,1.9939287262500671
7330,156,159,LAE,5.735011956105265
7331,156,158,LAE,1.3552052871085287
7332,156,191,LAE,8.394062039892546
7333,156,170,LAE,5.57799267303491
7334,156,159,LAE,2.259859180344638
7335,156,162,LAE,2.240418318084247
7336,156,160,LAE,1.931488839362023
7337,156,160,LAE,4.043589456074713
7338,157,160,LAE,3.8296182916353523
7339,157,162,LAE,3.0764025145548066
7340,157,164,LAE,4.389923396600562
7341,157,159,LAE,1.7187663207872417
7342,157,160,LAE,2.4762719596698433
7343,157,158,LAE,5.426678454511673
7344,157,158,LAE,1.2958633561910784
7345,157,158,LAE,1.3409546208284462
7346,157,158,LAE,4.18185868933775
7347,157,165,LAE,6.161046709373052
7348,157,163,LAE,3.757345758324802
7349,157,158,LAE,1.005265307476028
7350,157,170,LAE,6.063156337431094
7351,157,164,LAE,5.967050037022941
7352,157,180,LAE,5.276554430298219
7353,157,160,LAE,3.648339875585115
7354,157,158,LAE,1.957219357264122
7355,157,160,LAE,1.993963355285186
7356,157,159,LAE,3.494947897941027
7357,157,163,LAE,3.1176005383345933
7358,157,175,LAE,6.240126436849252
7359,157,162,LAE,2.135787837262973
7360,157,158,LAE,1.254030268888709
7361,157,173,LAE,3.301205894444754
7362,157,158,LAE,0.8521102714469072
7363,157,160,LAE,1.6985742099335641
7364,157,162,LAE,4.634139801197364
7365,157,158,LAE,1.0003510304230465
7366,157,173,LAE,5.808693779612496
7367,157,176,LAE,7.197929058899035
7368,157,167,LAE,19.970807104210625
7369,157,164,LAE,2.765162274569375
7370,157,168,LAE,4.778924413230199
7371,157,158,LAE,1.066642651714544
7372,157,158,LAE,1.2688978186008202
7373,157,160,LAE,4.3614283516719246
7374,157,158,LAE,1.0362085291446534
7375,157,158,LAE,1.2689134800439035
7376,157,159,LAE,2.2764068791354743
7377,157,163,LAE,2.2405697540388836
7378,157,163,LAE,4.134326637402735
7379,157,158,LAE,0.7858083577560208
7380,157,175,LAE,3.817752640751006
7381,157,160,LAE,1.5515937706226524
7382,157,158,LAE,2.1127565842646243
7383,157,158,LAE,1.3946598344319194
7384,157,158,LAE,1.736742095949462
7385,155,159,LAE,2.0529865407643615
7386,155,159,LAE,2.6905483788866116
7387,156,159,LAE,1.4492941961680688
7388,156,159,LAE,2.065733427638559
7389,156,181,LAE,11.894431178981312
7390,156,162,LAE,2.2526233540273557
7391,156,183,LAE,4.976415331960168
7392,156,159,LAE,4.662374179345681
7393,157,159,LAE,6.428283485703195
7394,157,159,LAE,1.0223010750705412
7395,157,160,LAE,1.5326792897478165
7396,157,161,LAE,4.103792215315059
7397,157,161,LAE,4.3887133567065675
7398,157,159,LAE,2.3371631906638166
7399,157,162,LAE,4.767376133323857
7400,157,171,LAE,4.836426682567179
7401,157,160,LAE,4.142589939826162
7402,157,164,LAE,4.749859532019984
7403,157,170,LAE,2.6564505562765817
7404,157,160,LAE,4.096396713374925
7405,157,159,LAE,4.626022407860024
7406,157,159,LAE,1.2281015113708302
7407,157,159,LAE,1.028857236301504
7408,157,163,LAE,4.0219877765375385
7409,157,159,LAE,5.1445097480173345
7410,158,159,LAE,1.904593319200439
7411,158,159,LAE,1.241219955049412
7412,158,160,LAE,1.8911209366054076
7413,158,159,LAE,1.0417600334186456
7414,158,159,LAE,1.9886184544502272
7415,158,164,LAE,2.3778684818455047
7416,158,167,LAE,6.477499607018045
7417,158,184,LAE,8.238705705346387
7418,158,164,LAE,4.904666387952621
7419,158,159,LAE,2.108828856726805
7420,158,159,LAE,1.4536044716592926
7421,158,160,LAE,1.0035147664162303
7422,158,168,LAE,18.721658140901653
7423,158,160,LAE,0.9651341072272819
7424,158,174,LAE,5.765988292010351
7425,158,161,LAE,4.797370771963222
7426,158,159,LAE,1.6579702183799134
7427,158,162,LAE,4.775502183062299
7428,158,159,LAE,2.363664010326873
7429,158,161,LAE,1.4693858534060986
7430,158,164,LAE,1.8028507159002158
7431,158,165,LAE,4.497875973122487
7432,158,160,LAE,1.576940956798137
7433,158,223,LAE,11.328190850548637
7434,158,168,LAE,2.9289616496664723
7435,158,160,LAE,4.235677785932804
7436,158,159,LAE,1.3992769960733806
7437,158,159,LAE,1.5387228113318676
7438,158,165,LAE,4.72854340913653
7439,158,159,LAE,9.571265545794018
7440,158,160,LAE,2.2329863955500437
7441,158,159,LAE,4.738758043734769
7442,158,161,LAE,1.9897789163642665
7443,158,164,LAE,1.8459898272257294
7444,158,159,LAE,1.9783561633308733
7445,158,159,LAE,2.0505309248268335
7446,158,159,LAE,2.4691929205656784
7447,158,173,LAE,5.226582278821054
7448,158,171,LAE,5.171781334824874
7449,156,168,LAE,13.626400953422182
7450,157,161,LAE,7.490315866781996
7451,158,164,LAE,2.4861472440565477
7452,158,160,LAE,1.2310947942671466
7453,158,160,LAE,4.209435723293988
7454,158,160,LAE,1.339675515391304
7455,158,160,LAE,4.4875104580583525
7456,158,161,LAE,1.6082690539929732
7457,158,163,LAE,1.560923664827196
7458,158,160,LAE,1.8179347772274126
7459,159,169,LAE,4.781102601382691
7460,159,166,LAE,4.7326402559114875
7461,159,160,LAE,1.7543458665059322
7462,159,167,LAE,4.3412020034559
7463,159,205,LAE,9.279348744601776
7464,159,161,LAE,3.90130874712084
7465,159,160,LAE,0.7477175816134455
7466,159,161,LAE,1.8400062978557454
7467,159,160,LAE,1.1101106895404294
7468,159,170,LAE,2.6422344904312034
7469,159,160,LAE,1.178261345446129
7470,159,160,LAE,0.9628005185552578
7471,159,160,LAE,5.445826879982054
7472,159,160,LAE,0.8026550843503675
7473,159,160,LAE,1.833570384943942
7474,159,161,LAE,1.862503664663414
7475,159,163,LAE,4.601270746567007
7476,159,160,LAE,2.1244420653667904
7477,159,160,LAE,1.0455698625921395
7478,159,164,LAE,1.8914605143950267
7479,159,161,LAE,4.774529766518747
7480,159,164,LAE,2.286043074495269
7481,159,163,LAE,4.389216942313245
7482,159,183,LAE,4.496408007478395
7483,159,172,LAE,5.897976893534756
7484,159,165,LAE,2.230205760528756
7485,159,160,LAE,1.1086238329920362
7486,159,161,LAE,12.005573061190207
7487,159,164,LAE,1.8227925387566717
7488,159,162,LAE,1.5557380159048058
7489,159,160,LAE,1.5603452868193313
7490,159,160,LAE,1.835383187118376
7491,157,169,LAE,5.426859239603676
7492,157,176,LAE,7.134567493963467
7493,157,161,LAE,2.127599819886368
7494,158,163,LAE,1.6256420838926526
7495,158,175,LAE,6.344906312929088
7496,158,172,LAE,5.355093526654882
7497,159,161,LAE,1.643557039919903
7498,159,162,LAE,15.835161462784804
7499,159,161,LAE,1.3349377047311262
7500,159,174,LAE,15.700727639136803
7501,159,161,LAE,1.1057912944505446
7502,159,164,LAE,4.6442374611043915
7503,159,161,LAE,4.252982056510288
7504,159,174,LAE,5.947505299423336
7505,159,239,LAE,12.302504368927393
7506,159,178,LAE,4.144689441456148
7507,159,162,LAE,4.497760288008084
7508,160,164,LAE,1.6924634078132985
7509,160,162,LAE,4.879424325719938
7510,160,165,LAE,1.7309026566095396
7511,160,164,LAE,4.81917944988526
7512,160,161,LAE,0.9753760310585518
7513,160,161,LAE,1.5574769528315857
7514,160,161,LAE,1.5228617077010747
7515,160,161,LAE,1.071612934782609
7516,160,161,LAE,2.1473052489373057
7517,160,163,LAE,1.9680553466290311
7518,160,161,LAE,1.7134373607182884
7519,160,162,LAE,1.226798893512776
7520,160,211,LAE,13.719641530140855
7521,160,164,LAE,1.7449222441330627
7522,160,165,LAE,2.0633393168452008
7523,160,161,LAE,3.3725415849737463
7524,160,161,LAE,3.484020769634895
7525,160,161,LAE,1.1198629321034692
7526,160,162,LAE,1.9664520521978828
7527,160,162,LAE,2.218289009407599
7528,160,164,LAE,2.136682583875217
7529,160,173,LAE,6.141416415480902
7530,160,168,LAE,5.366971593343808
7531,160,166,LAE,4.08772048914683
7532,160,163,LAE,1.8892376191233489
7533,160,161,LAE,0.7633161469862091
7534,160,168,LAE,19.787996063298948
7535,158,165,LAE,2.2199794758458635
7536,158,162,LAE,5.254973544306436
7537,158,185,LAE,8.601890888733937
7538,159,162,LAE,5.542214170173857
7539,159,162,LAE,2.2434819803768677
7540,159,170,LAE,2.8250931540117468
7541,159,168,LAE,2.240411768458841
7542,159,162,LAE,2.367190260099475
7543,159,167,LAE,2.074171510761116
7544,160,162,LAE,1.302886849039296
7545,160,162,LAE,2.1264833947684827
7546,160,162,LAE,1.4702794640507448
7547,160,162,LAE,2.027785146941886
7548,160,162,LAE,15.681698661271296
7549,160,165,LAE,2.1721967604506713
7550,160,162,LAE,2.008593671618844
7551,160,162,LAE,2.1036639878940444
7552,160,169,LAE,2.684507179060865
7553,160,162,LAE,1.4465849700921556
7554,160,162,LAE,1.6763625400369455
7555,160,162,LAE,4.707953946163523
7556,160,162,LAE,1.684795479246557
7557,160,171,LAE,3.0746562870248715
7558,160,182,LAE,4.741494126937876
7559,160,183,LAE,4.490586337503128
7560,160,162,LAE,21.923501176304097
7561,160,162,LAE,2.156994670269776
7562,160,162,LAE,2.7435566065347246
7563,160,172,LAE,3.0142521720135917
7564,161,210,LAE,12.901679298668466
7565,161,162,LAE,0.9862818084912192
7566,161,167,LAE,1.7266148427573709
7567,161,170,LAE,14.28960255086763
7568,161,162,LAE,1.2780404568015231
7569,161,164,LAE,1.3858100623724443
7570,161,162,LAE,1.5349551473319039
7571,161,162,LAE,1.9166007225108719
7572,161,164,LAE,1.7776394404814633
7573,161,162,LAE,1.7312742181330811
7574,161,175,LAE,5.258617819782142
7575,161,162,LAE,1.6642720399588322
7576,161,162,LAE,1.3332337077767338
7577,161,164,LAE,1.838505622655171
7578,161,163,LAE,1.164595222344376
7579,161,162,LAE,1.7097537992529541
7580,161,180,LAE,4.187777895781688
7581,161,165,LAE,1.386361885888508
7582,161,165,LAE,4.4578050657473085
7583,161,175,LAE,15.62286318540453
7584,161,165,LAE,1.7742649194649334
7585,161,169,LAE,10.429602765397249
7586,161,162,LAE,1.811487607479797
7587,161,162,LAE,1.5507063008987534
7588,161,178,LAE,9.736925687884632
7589,161,166,LAE,4.378282266871873
7590,161,163,LAE,1.7191669946380486
7591,161,164,LAE,1.5397757701246648
7592,161,165,LAE,2.5213484439347424
7593,161,180,LAE,5.141964222711454
7594,161,164,LAE,1.4977124907354051
7595,161,183,LAE,4.231040039589194
7596,161,167,LAE,2.179342463677497
7597,161,162,LAE,1.9800979269220742
7598,161,167,LAE,2.741236542300415
7599,161,163,LAE,2.8300432621564346
7600,161,162,LAE,2.0024457296589695
7601,161,162,LAE,2.2707746670615023
7602,161,162,LAE,3.7222287554003346
7603,161,183,LAE,4.262505926762067
7604,159,163,LAE,1.6746928083912014
7605,159,166,LAE,2.20606861653454
7606,159,195,LAE,7.340638087363186
7607,160,163,LAE,4.585901842267453
7608,160,164,LAE,1.3606708208688505
7609,160,169,LAE,4.93638407300472
7610,160,163,LAE,3.672380293600482
7611,160,163,LAE,20.27617398609618
7612,161,163,LAE,1.7309900984855866
7613,161,178,LAE,4.477276791385905
7614,161,176,LAE,12.35134769321001
7615,161,184,LAE,4.261406101212118
7616,161,166,LAE,15.10015873016076
7617,161,165,LAE,2.61118704885888
7618,161,163,LAE,4.502133300902047
7619,161,163,LAE,1.3209959283325492
7620,162,187,LAE,5.621301355884164
7621,162,166,LAE,1.8677957290867822
7622,162,168,LAE,1.8980152604727876
7623,162,182,LAE,4.586575189683934
7624,162,163,LAE,1.3427739534127674
7625,162,174,LAE,13.830837084388046
7626,162,164,LAE,5.116869507113796
7627,162,163,LAE,1.8055562376736087
7628,162,164,LAE,1.7566414041666998
7629,162,166,LAE,2.1483956736631473
7630,162,163,LAE,1.3292012718880062
7631,162,163,LAE,2.6466078849193466
7632,162,181,LAE,4.762429674717586
7633,162,167,LAE,5.078286258956791
7634,162,163,LAE,2.0348861250334114
7635,162,163,LAE,1.0861120258342176
7636,162,174,LAE,9.884350287092262
7637,162,199,LAE,7.335449101611416
7638,162,206,LAE,9.159831462440298
7639,162,164,LAE,1.6100027371864785
7640,162,187,LAE,11.758166692666297
7641,162,198,LAE,10.577303259645873
7642,162,165,LAE,1.4344372352127872
7643,162,163,LAE,1.652815893288456
7644,162,166,LAE,1.4798353326286249
7645,162,166,LAE,1.968301865025467
7646,162,164,LAE,1.5331114015344471
7647,162,172,LAE,4.021683769600879
7648,162,168,LAE,1.824063947926625
7649,162,163,LAE,1.0869865047094334
7650,162,174,LAE,3.1665985699714283
7651,162,163,LAE,2.661127375633007
7652,162,185,LAE,6.550902292974136
7653,162,166,LAE,1.7185172141081773
7654,162,163,LAE,1.7739223374231379
7655,162,183,LAE,3.866772980800701
7656,162,186,LAE,5.277338443271795
7657,160,164,LAE,2.01424363678479
7658,161,178,LAE,4.557766325665401
7659,161,164,LAE,1.9347831456684097
7660,161,171,LAE,9.07739880304953
7661,161,181,LAE,4.606835225588416
7662,161,164,LAE,2.1510430322169687
7663,161,183,LAE,4.432296200253957
7664,162,164,LAE,1.107249548475815
7665,162,164,LAE,1.691249218017365
7666,162,179,LAE,4.933549875800285
7667,162,164,LAE,2.3268838289039966
7668,162,182,LAE,10.288694240451944
7669,162,164,LAE,1.468749461908572
7670,162,180,LAE,4.720629173841004
7671,162,165,LAE,3.964465894220914
7672,162,164,LAE,2.060563463911322
7673,162,164,LAE,1.3855240360143892
7674,162,164,LAE,1.713456320616266
7675,162,168,LAE,12.455416654436458
7676,162,164,LAE,2.150173238444121
7677,162,175,LAE,5.431930102159893
7678,162,175,LAE,4.337818550809613
7679,162,171,LAE,12.434344703276853
7680,163,164,LAE,1.2173687681004872
7681,163,172,LAE,4.4808931068677404
7682,163,164,LAE,1.2238887634039775
7683,163,164,LAE,1.3943093581008303
7684,163,179,LAE,3.8203238456385744
7685,163,169,LAE,4.0794599517131305
7686,163,170,LAE,4.199934904594537
7687,163,175,LAE,6.153421492757333
7688,163,165,LAE,1.1859053897265077
7689,163,164,LAE,0.841986708376017
7690,163,166,LAE,1.6844483700839414
7691,163,170,LAE,2.993087222370229
7692,163,164,LAE,0.8578820185597533
7693,163,164,LAE,1.277323804843713
7694,163,180,LAE,4.363588355770846
7695,163,164,LAE,2.106632638253068
7696,163,168,LAE,1.8048360959125809
7697,163,169,LAE,4.687531769221753
7698,163,198,LAE,7.106575915449024
7699,163,165,LAE,1.6819277839148916
7700,163,175,LAE,13.99847139085179
7701,163,169,LAE,1.522495472379921
7702,163,164,LAE,2.0553527724266565
7703,163,167,LAE,1.8951393032414567
7704,163,164,LAE,3.354409349760803
7705,163,182,LAE,3.8727350490969354
7706,163,164,LAE,1.7298645598311975
7707,163,241,LAE,10.980770286354813
7708,163,184,LAE,4.399516049446211
7709,163,185,LAE,4.6055243986743095
7710,163,165,LAE,1.6191783619171316
7711,163,165,LAE,1.5728063688609162
7712,163,177,LAE,3.804321336547688
7713,163,166,LAE,1.7217628799471028
7714,163,184,LAE,3.979934315698282
7715,163,177,LAE,4.966045237311603
7716,163,165,LAE,2.449455163758874
7717,163,210,LAE,8.686660423541422
7718,163,174,LAE,2.625159431907984
7719,163,195,LAE,7.023879373251081
7720,163,173,LAE,2.662964716406568
7721,163,174,LAE,5.315334760883558
7722,163,171,LAE,12.05906822558515
7723,163,168,LAE,3.9096110204998884
7724,163,169,LAE,2.0211600616642036
7725,163,175,LAE,3.5638995248647807
7726,163,166,LAE,4.004877003413383
7727,163,196,LAE,8.963111979168454
7728,163,168,LAE,8.303285262872857
7729,161,166,LAE,19.057926744802987
7730,161,172,LAE,13.111478788146501
7731,161,173,LAE,4.398671799608863
7732,161,166,LAE,4.457416824691944
7733,161,165,LAE,14.383538163004
7734,162,168,LAE,6.085128807893536
7735,162,170,LAE,10.944270688920792
7736,162,165,LAE,1.7802496672018275
7737,163,165,LAE,1.6922309046893447
7738,163,176,LAE,5.749871335136733
7739,163,171,LAE,9.776888851395382
7740,163,172,LAE,3.9235223844661506
7741,163,238,LAE,11.641238694128953
7742,163,181,LAE,4.769854452945002
7743,163,165,LAE,1.928089958908384
7744,163,166,LAE,2.204189552079222
7745,163,166,LAE,1.5940885684079313
7746,163,176,LAE,3.881299581519881
7747,163,174,LAE,5.633997327482226
7748,163,175,LAE,3.812165302719004
7749,163,169,LAE,2.3675908868020414
7750,163,165,LAE,5.313937335399619
7751,163,165,LAE,1.3175714837944947
7752,163,170,LAE,2.0967167778737936
7753,163,165,LAE,4.888974792044187
7754,163,165,LAE,4.346864155617728
7755,163,167,LAE,5.434354797963736
7756,164,165,LAE,1.1253324215236342
7757,164,177,LAE,4.304661156930478
7758,164,182,LAE,4.761263908711833
7759,164,188,LAE,4.997787457775435
7760,164,183,LAE,4.171218019156809
7761,164,165,LAE,1.5431960867790966
7762,164,180,LAE,4.20694182670157
7763,164,188,LAE,10.51133977794081
7764,164,182,LAE,3.801300910545041
7765,164,177,LAE,4.792505894007509
7766,164,186,LAE,11.005187866012765
7767,164,165,LAE,1.069390921133349
7768,164,170,LAE,1.9172898597390455
7769,164,165,LAE,0.9553499175218069
7770,164,184,LAE,6.6665130630738165
7771,164,169,LAE,1.9644821575577287
7772,164,181,LAE,4.784399253831403
7773,164,183,LAE,3.7863216995192186
7774,164,165,LAE,9.75266277452762
7775,164,167,LAE,4.309256138568513
7776,164,168,LAE,5.958107330017205
7777,164,166,LAE,2.2892735831802726
7778,164,177,LAE,4.282176944348762
7779,164,174,LAE,2.2780618307198823
7780,164,173,LAE,5.397149841697725
7781,164,167,LAE,12.20785905640701
7782,164,165,LAE,2.2802207603254927
7783,164,172,LAE,2.7572109329963066
7784,164,239,LAE,13.042349485086998
7785,164,167,LAE,4.583166297919639
7786,164,177,LAE,8.407661146153064
7787,164,170,LAE,2.5771056587089802
7788,164,174,LAE,2.540823684513427
7789,164,178,LAE,3.5648034360412115
7790,164,166,LAE,1.477307545397001
7791,162,166,LAE,5.555437991887088
7792,162,167,LAE,18.569937340277743
7793,163,166,LAE,4.393946252503612
7794,163,166,LAE,4.451370221642368
7795,163,172,LAE,4.817185897464282
7796,163,171,LAE,2.6330285436627805
7797,164,173,LAE,6.431719236996044
7798,164,182,LAE,4.3274641903192705
7799,164,174,LAE,5.062624614889799
7800,164,182,LAE,7.7865275433533645
7801,164,170,LAE,10.066873711363561
7802,164,171,LAE,11.009219470010725
7803,164,177,LAE,4.573617469934897
7804,164,194,LAE,8.904664096860243
7805,164,208,LAE,8.250230646542066
7806,164,168,LAE,4.5776441566740385
7807,164,175,LAE,4.19384233901476
7808,164,182,LAE,6.052565561178856
7809,164,167,LAE,4.079753971084755
7810,164,166,LAE,3.0194354000462758
7811,164,166,LAE,4.054075367027781
7812,164,176,LAE,4.068578907498237
7813,164,166,LAE,3.045045316113926
7814,164,186,LAE,4.967218332377918
7815,165,247,LAE,13.761057051939448
7816,165,166,LAE,2.183142455278501
7817,165,178,LAE,3.997967631723035
7818,165,166,LAE,1.1314666535391216
7819,165,176,LAE,3.019555492093636
7820,165,166,LAE,1.8913927138662194
7821,165,179,LAE,4.553845216442098
7822,165,171,LAE,4.513470597372678
7823,165,183,LAE,3.5598326500961837
7824,165,167,LAE,1.3571332886169403
7825,165,171,LAE,10.811970843106932
7826,165,168,LAE,1.4596039231046145
7827,165,168,LAE,1.5565531382978606
7828,165,167,LAE,1.257206210143557
7829,165,175,LAE,4.647578244887338
7830,165,167,LAE,4.5255092602533695
7831,165,169,LAE,4.479667105676419
7832,165,196,LAE,16.102149094542515
7833,165,178,LAE,3.8245953026632153
7834,165,170,LAE,4.253319813735492
7835,165,166,LAE,2.091574970549443
7836,165,177,LAE,2.84162513812641
7837,165,179,LAE,13.789814439557517
7838,165,179,LAE,7.546904688903659
7839,165,166,LAE,1.736932290715677
7840,165,166,LAE,6.07953337056971
7841,165,167,LAE,1.3598695498293334
7842,165,169,LAE,2.8509402721808144
7843,165,171,LAE,7.431820679697713
7844,165,227,LAE,13.798097368996226
7845,165,166,LAE,10.442808182751621
7846,165,168,LAE,4.779855144402966
7847,165,172,LAE,12.303748649311363
7848,163,168,LAE,4.208633903906684
7849,163,167,LAE,4.589762704556165
7850,163,173,LAE,4.29572664761802
7851,163,170,LAE,13.225473308183586
7852,163,169,LAE,3.9607206530511174
7853,164,169,LAE,3.6713161642674095
7854,164,171,LAE,16.689837426360782
7855,164,172,LAE,4.471318347612174
7856,164,168,LAE,5.431863655863883
7857,164,168,LAE,2.039200335979694
7858,164,167,LAE,2.1628850229682373
7859,164,174,LAE,3.276062572111975
7860,164,167,LAE,4.40789525565366
7861,165,167,LAE,4.116952713299994
7862,165,167,LAE,1.1833076384090353
7863,165,188,LAE,4.523390748007527
7864,165,168,LAE,5.273528484540874
7865,165,168,LAE,11.970319076996848
7866,165,169,LAE,5.623646406371283
7867,165,171,LAE,2.682156657999385
7868,165,210,LAE,7.977480285645658
7869,165,170,LAE,5.647482948072444
7870,165,167,LAE,1.2491154320714435
7871,166,172,LAE,3.6002147905717767
7872,166,167,LAE,4.11279560993574
7873,166,179,LAE,8.337294771635808
7874,166,173,LAE,4.558986496691512
7875,166,168,LAE,3.846193383591598
7876,166,180,LAE,3.222925966095319
7877,166,178,LAE,7.88561408004152
7878,166,201,LAE,7.202450135806862
7879,166,181,LAE,4.253026515089319
7880,166,181,LAE,6.827415112460083
7881,166,167,LAE,18.365409934160578
7882,166,182,LAE,6.702584207685409
7883,166,167,LAE,1.198540254115145
7884,166,174,LAE,2.342864708095565
7885,166,171,LAE,4.662934275544162
7886,166,179,LAE,7.184730151198717
7887,166,203,LAE,6.541091799381095
7888,166,175,LAE,3.266423706625023
7889,166,171,LAE,4.332284866460756
7890,166,192,LAE,6.805158530956566
7891,166,167,LAE,1.1784083878489318
7892,166,195,LAE,6.808471147911975
7893,166,167,LAE,7.097087754744606
7894,166,167,LAE,1.3130675298039638
7895,166,167,LAE,1.1554526494849178
7896,166,181,LAE,3.608622651317587
7897,166,183,LAE,3.3008583719333275
7898,166,168,LAE,2.6016446907086306
7899,166,167,LAE,2.6815933257468765
7900,166,178,LAE,3.9237328096302804
7901,166,198,LAE,6.518522002715727
7902,166,167,LAE,0.9179992611232684
7903,164,168,LAE,5.088069598996119
7904,164,179,LAE,3.3266588744989636
7905,164,179,LAE,7.053130440551949
7906,164,180,LAE,4.413489319504917
7907,165,171,LAE,2.2981138968249453
7908,165,178,LAE,4.048393007419912
7909,165,176,LAE,10.428259500804803
7910,165,243,LAE,14.829430668800782
7911,165,179,LAE,3.6525542848736956
7912,166,173,LAE,5.154323467167301
7913,166,182,LAE,7.073693574756168
7914,166,173,LAE,5.195039112560879
7915,166,168,LAE,1.1654712736939392
7916,166,168,LAE,5.426433363327725
7917,166,174,LAE,2.3396915235315454
7918,166,170,LAE,5.588270631948646
7919,166,168,LAE,4.939267664053318
7920,166,181,LAE,4.193749131310818
7921,166,176,LAE,2.455608092973215
7922,166,169,LAE,13.71226594113276
7923,166,178,LAE,4.621496627529429
7924,166,172,LAE,16.420445072781288
7925,167,230,LAE,12.989971183393203
7926,167,178,LAE,3.454347456119957
7927,167,181,LAE,6.421459965449222
7928,167,214,LAE,7.656253455647825
7929,167,176,LAE,3.659187848725162
7930,167,170,LAE,1.1954646303027445
7931,167,184,LAE,3.772336146628828
7932,167,170,LAE,4.520192943206377
7933,167,168,LAE,11.325694525121849
7934,167,171,LAE,1.8677092323312556
7935,167,180,LAE,7.198377360292263
7936,167,176,LAE,4.341342676276446
7937,167,170,LAE,1.8077208746774138
7938,167,249,LAE,15.122580576071988
7939,167,168,LAE,3.9833518020747767
7940,167,168,LAE,1.3407149387275155
7941,167,169,LAE,5.390257725670243
7942,167,177,LAE,3.3406150629277747
7943,167,170,LAE,3.3853777537003533
7944,167,185,LAE,3.9064560326343827
7945,167,168,LAE,4.151634267608558
7946,167,172,LAE,4.046749834958299
7947,167,170,LAE,1.5488651802686042
7948,167,168,LAE,1.0039140554604742
7949,167,172,LAE,3.75564667746477
7950,167,171,LAE,9.579788320815501
7951,167,178,LAE,4.319355717586266
7952,167,226,LAE,13.478037032190803
7953,167,176,LAE,4.337618944215462
7954,167,168,LAE,5.315916077872852
7955,167,170,LAE,1.1571496446288279
7956,167,168,LAE,11.424857305379074
7957,167,169,LAE,5.028023535990561
7958,167,168,LAE,1.0539183925457627
7959,167,172,LAE,4.364742621051356
7960,167,177,LAE,10.164566175628902
7961,165,169,LAE,4.821727533865104
7962,165,171,LAE,2.577354799758162
7963,165,182,LAE,4.052980839103127
7964,165,171,LAE,9.762480039840726
7965,166,181,LAE,3.539229940682858
7966,166,169,LAE,2.0237795779188956
7967,166,169,LAE,6.256253780555595
7968,166,172,LAE,11.909887048356225
7969,166,173,LAE,12.039548557320572
7970,166,197,LAE,10.627338514342771
7971,166,171,LAE,1.9858343024651004
7972,167,174,LAE,6.167366581634297
7973,167,176,LAE,6.975927479046422
7974,167,185,LAE,6.894595266511325
7975,167,169,LAE,6.721758085102903
7976,167,170,LAE,2.143178561618363
7977,167,178,LAE,2.8295340233038746
7978,167,180,LAE,5.968349726573872
7979,167,172,LAE,11.973770567630533
7980,167,169,LAE,1.595423100491831
7981,167,175,LAE,4.406724162115499
7982,167,169,LAE,4.478924133239182
7983,167,183,LAE,14.46317699932265
7984,167,171,LAE,3.277968813138664
7985,168,169,LAE,0.9344008128323834
7986,168,175,LAE,5.55200278337995
7987,168,184,LAE,6.309783913152225
7988,168,176,LAE,2.686592424562509
7989,168,187,LAE,3.977995257674267
7990,168,199,LAE,6.491177650690952
7991,168,178,LAE,3.74455134518072
7992,168,200,LAE,11.849978963960568
7993,168,169,LAE,4.826792949805638
7994,168,180,LAE,4.359547074085956
7995,168,176,LAE,6.487046973282603
7996,168,173,LAE,1.8550190738127468
7997,168,189,LAE,4.623027318964804
7998,168,176,LAE,3.317143336133961
7999,168,171,LAE,1.5790288873777425
8000,168,179,LAE,2.9240096329619454
8001,168,172,LAE,4.802597271514074
8002,168,172,LAE,4.9825338106894
8003,168,178,LAE,3.6956755137557877
8004,168,171,LAE,1.485504209974506
8005,168,170,LAE,4.6743152111969835
8006,168,177,LAE,8.599739987587625
8007,168,173,LAE,1.4771728119861758
8008,168,201,LAE,11.638234990094892
8009,168,169,LAE,7.2047687478646045
8010,168,174,LAE,2.9316511407354335
8011,168,204,LAE,6.3102805291638004
8012,168,173,LAE,6.002137446174633
8013,168,169,LAE,0.9408363878986945
8014,168,174,LAE,2.1406882958776263
8015,168,213,LAE,10.667795057052981
8016,168,173,LAE,1.8019750662497298
8017,168,180,LAE,5.995076129894247
8018,168,169,LAE,1.1689594434000112
8019,168,169,LAE,2.818938349483516
8020,168,169,LAE,13.659780129973033
8021,168,246,LAE,13.524171785055731
8022,168,194,LAE,6.488316981656983
8023,166,174,LAE,8.020689613125036
8024,166,178,LAE,2.9065233325956807
8025,166,170,LAE,4.735976620870367
8026,167,178,LAE,9.093192143900247
8027,167,199,LAE,12.763294668315439
8028,167,172,LAE,4.023028418604985
8029,167,171,LAE,14.712119507528358
8030,168,170,LAE,4.622856202104438
8031,168,175,LAE,11.2863781517976
8032,168,187,LAE,4.260781293731887
8033,168,170,LAE,4.350859799796362
8034,168,181,LAE,12.033336095579601
8035,168,173,LAE,4.561692418556091
8036,168,172,LAE,4.436167244666907
8037,168,173,LAE,5.688206251356045
8038,168,174,LAE,7.202056202125612
8039,168,170,LAE,7.270942964043725
8040,168,191,LAE,8.458894214106033
8041,169,177,LAE,2.627480512297707
8042,169,171,LAE,1.5647055729723331
8043,169,170,LAE,2.8619216593654073
8044,169,182,LAE,4.336400897344434
8045,169,175,LAE,2.223067405934394
8046,169,171,LAE,1.4140861571489576
8047,169,172,LAE,6.0854003957438625
8048,169,201,LAE,14.476298978734455
8049,169,177,LAE,2.4353105963372137
8050,169,170,LAE,1.7629459179689706
8051,169,177,LAE,3.6460347323540003
8052,169,171,LAE,3.4210521317042684
8053,169,173,LAE,1.7581914967641172
8054,169,176,LAE,3.777158460188673
8055,169,172,LAE,10.230533322367735
8056,169,173,LAE,1.6901402880301186
8057,169,183,LAE,2.9566453577335854
8058,169,174,LAE,1.8926256648561544
8059,169,197,LAE,6.216315480359119
8060,169,202,LAE,6.825793845056265
8061,169,170,LAE,6.184200911691493
8062,169,171,LAE,1.4934181365945423
8063,169,173,LAE,1.4604080821975138
8064,169,174,LAE,4.362983443398112
8065,169,170,LAE,5.915264299956335
8066,169,182,LAE,2.9688478754217855
8067,169,174,LAE,3.0404823020181153
8068,169,173,LAE,10.08669579473701
8069,169,174,LAE,4.654665279245463
8070,169,171,LAE,4.284713338648431
8071,169,185,LAE,3.6725790548140513
8072,169,170,LAE,1.5867044566007797
8073,169,171,LAE,1.3147223857407386
8074,169,170,LAE,1.4727363829116824
8075,169,179,LAE,2.612632211275386
8076,169,170,LAE,1.511874891564131
8077,169,192,LAE,4.859534289512217
8078,169,190,LAE,6.276417779413962
8079,167,171,LAE,3.823043654553758
8080,168,171,LAE,11.60811124841672
8081,168,171,LAE,3.1978627647723856
8082,168,181,LAE,3.248172807977014
8083,168,171,LAE,3.145853377439217
8084,168,176,LAE,4.7012784586523875
8085,168,171,LAE,6.5287772386122995
8086,168,171,LAE,2.620170489628503
8087,168,172,LAE,2.0257073007038735
8088,168,171,LAE,3.570413085967958
8089,169,173,LAE,7.695368286180458
8090,169,183,LAE,11.195668059300202
8091,169,173,LAE,1.6365448890516847
8092,169,179,LAE,3.5020502454462767
8093,169,171,LAE,9.651811441879092
8094,169,175,LAE,2.874378315326276
8095,169,174,LAE,2.3042499790178965
8096,169,171,LAE,2.123641565936121
8097,169,171,LAE,8.434998198328778
8098,169,218,LAE,11.192153627644315
8099,169,177,LAE,10.61561986116713
8100,169,173,LAE,5.145508299315283
8101,170,175,LAE,2.2603098882995045
8102,170,194,LAE,6.679469555320311
8103,170,181,LAE,4.24018409203243
8104,170,174,LAE,2.6955576911828385
8105,170,174,LAE,2.362441567861955
8106,170,180,LAE,15.125324310401677
8107,170,173,LAE,3.401454426507402
8108,170,171,LAE,1.1522163289064016
8109,170,171,LAE,3.3994704633640778
8110,170,175,LAE,3.5099230580837393
8111,170,182,LAE,3.4934835087737355
8112,170,171,LAE,3.1752239652966847
8113,170,184,LAE,3.355021153794091
8114,170,171,LAE,1.3879631666172962
8115,170,192,LAE,6.385700958699264
8116,170,173,LAE,2.6127252683470417
8117,170,171,LAE,1.6399222895304304
8118,170,178,LAE,3.081249373832684
8119,170,174,LAE,1.504048701897508
8120,170,176,LAE,9.237385889344411
8121,170,171,LAE,14.087691998943118
8122,170,171,LAE,1.3610092488224215
8123,170,176,LAE,3.2571155031099375
8124,170,179,LAE,3.6022723636884675
8125,170,171,LAE,6.516759933812929
8126,168,172,LAE,4.6673480038672785
8127,168,176,LAE,2.614028632537591
8128,168,173,LAE,6.661184540804035
8129,169,172,LAE,1.8096966214720696
8130,169,184,LAE,4.3878670994773605
8131,169,184,LAE,4.670614433325546
8132,169,172,LAE,4.004175011884867
8133,169,173,LAE,9.968572733422267
8134,169,173,LAE,5.825543404489999
8135,170,172,LAE,3.5372221937448005
8136,170,178,LAE,5.919707528749779
8137,170,172,LAE,3.7275133343862166
8138,170,175,LAE,1.9483770103305211
8139,170,172,LAE,3.888926991513697
8140,170,172,LAE,1.910041290119697
8141,170,174,LAE,3.3306285354793226
8142,170,201,LAE,5.966326904469647
8143,170,190,LAE,6.201012931325246
8144,170,185,LAE,5.870783503077744
8145,170,188,LAE,6.564648035418686
8146,170,174,LAE,7.743212752877073
8147,170,172,LAE,1.313574601647689
8148,170,173,LAE,1.3822631142486486
8149,170,172,LAE,3.7612219149279
8150,170,172,LAE,3.3219005766000933
8151,170,203,LAE,6.046860173016765
8152,170,194,LAE,4.653612494745917
8153,170,192,LAE,6.2543319962947885
8154,170,179,LAE,5.546436068470888
8155,170,172,LAE,6.106108898593072
8156,170,180,LAE,3.4736096338440956
8157,170,216,LAE,7.3902096148978815
8158,171,193,LAE,5.616087126253683
8159,171,189,LAE,5.92715831276558
8160,171,172,LAE,3.547272734248524
8161,171,174,LAE,2.8169044424376595
8162,171,174,LAE,2.3306260987148684
8163,171,190,LAE,4.069443047002139
8164,171,174,LAE,1.6516082576418092
8165,171,184,LAE,5.69604508913464
8166,171,176,LAE,2.574650960016286
8167,171,174,LAE,2.5601170641286437
8168,171,182,LAE,15.162418187176925
8169,171,177,LAE,4.630268525547945
8170,171,176,LAE,1.7698941478705406
8171,171,175,LAE,2.8585739041866565
8172,169,191,LAE,4.420071384353444
8173,169,173,LAE,2.100485053952828
8174,169,173,LAE,3.0889319139198617
8175,169,191,LAE,4.721632336563852
8176,170,182,LAE,4.172581925953691
8177,170,173,LAE,1.6397472363126342
8178,170,191,LAE,4.468470279560229
8179,170,175,LAE,2.2930111420766925
8180,170,173,LAE,6.35654504479059
8181,170,174,LAE,4.544591660017643
8182,170,178,LAE,10.844194017931567
8183,170,186,LAE,6.252501666122225
8184,170,173,LAE,2.0504108344361685
8185,171,176,LAE,2.7885167728519042
8186,171,177,LAE,6.536858290390286
8187,171,179,LAE,3.0978407939518475
8188,171,173,LAE,1.7441266574800665
8189,171,176,LAE,2.841721743117821
8190,171,173,LAE,3.0051947409931237
8191,171,178,LAE,2.166467874955438
8192,171,174,LAE,1.7326907702863636
8193,171,179,LAE,2.3313426804976833
8194,171,177,LAE,3.3646917658313162
8195,171,177,LAE,8.139948841718898
8196,171,173,LAE,11.077883725994973
8197,171,183,LAE,2.9453283724849517
8198,172,187,LAE,5.327531099158132
8199,172,178,LAE,5.430634916412908
8200,172,184,LAE,5.652472202141286
8201,172,175,LAE,4.446255566514683
8202,172,196,LAE,5.784462390229356
8203,172,175,LAE,1.733250257493616
8204,172,189,LAE,7.640385674697037
8205,172,183,LAE,2.522118704981478
8206,172,178,LAE,5.429131289017978
8207,172,197,LAE,6.327174184546499
8208,172,183,LAE,4.972486742235492
8209,172,173,LAE,5.459184964233363
8210,172,174,LAE,4.27083870505429
8211,172,173,LAE,5.267449660337717
8212,172,189,LAE,6.385107635992151
8213,172,177,LAE,3.032311745570459
8214,172,179,LAE,5.890202168998575
8215,172,174,LAE,1.205274044392906
8216,172,176,LAE,4.94853318271517
8217,172,174,LAE,6.6388973590045985
8218,172,173,LAE,1.1415769355355374
8219,172,184,LAE,5.868852604157614
8220,172,179,LAE,6.4072922607194425
8221,172,190,LAE,6.662977466755256
8222,172,188,LAE,5.7352530595325355
8223,172,194,LAE,5.966276459278685
8224,172,173,LAE,3.0847477263570275
8225,172,173,LAE,12.8878686240323
8226,172,201,LAE,6.095721125883954
8227,172,200,LAE,5.687469296760648
8228,172,185,LAE,15.64763092815781
8229,172,173,LAE,1.6699967412908827
8230,172,173,LAE,1.81501075178153
8231,172,175,LAE,1.7205682477553552
8232,172,201,LAE,6.352651409328388
8233,172,187,LAE,6.2089274949008795
8234,172,175,LAE,5.753498305899718
8235,172,175,LAE,3.5734480579496033
8236,172,184,LAE,5.910046899443713
8237,170,178,LAE,5.263245529505755
8238,170,174,LAE,5.087060264451035
8239,170,185,LAE,4.507076820919126
8240,170,174,LAE,2.8669944842749406
8241,170,177,LAE,3.586819355415108
8242,170,178,LAE,5.898250639012447
8243,171,174,LAE,3.1645059460868077
8244,171,175,LAE,3.1333615494221703
8245,171,174,LAE,6.399794349940739
8246,171,180,LAE,9.357707500284151
8247,171,175,LAE,3.1448355341048613
8248,171,177,LAE,2.142923425683088
8249,171,174,LAE,3.7234179342201883
8250,171,180,LAE,2.9311013731856317
8251,171,174,LAE,2.8603052108610765
8252,171,181,LAE,6.168117294232289
8253,172,186,LAE,5.946669340769179
8254,172,198,LAE,6.273390691202442
8255,172,199,LAE,6.306976259654394
8256,172,187,LAE,3.5930020425683167
8257,172,174,LAE,1.4477168093991912
8258,172,174,LAE,1.7239962954000894
8259,172,191,LAE,6.683810536311607
8260,172,175,LAE,10.123585644834517
8261,172,174,LAE,3.8516910613968487
8262,172,174,LAE,4.2745246913615365
8263,172,175,LAE,2.505633983800391
8264,172,174,LAE,4.420979998198138
8265,172,181,LAE,5.3704584494841505
8266,173,200,LAE,6.0247734102954436
8267,173,178,LAE,4.727271807050152
8268,173,184,LAE,4.801605055472205
8269,173,178,LAE,5.893705375513604
8270,173,174,LAE,5.2830790225459285
8271,173,175,LAE,1.7623050372673041
8272,173,174,LAE,3.7170635754947217
8273,173,203,LAE,5.857876578280388
8274,173,183,LAE,3.1971405162304785
8275,173,174,LAE,1.0849331733460277
8276,173,178,LAE,1.863792647913334
8277,173,181,LAE,2.487333734388297
8278,173,174,LAE,4.836377152024034
8279,173,174,LAE,5.130036696381325
8280,173,176,LAE,1.1801493261079867
8281,173,175,LAE,1.153916109778062
8282,173,184,LAE,2.3965075545957313
8283,173,202,LAE,5.861558591861199
8284,173,194,LAE,6.339973100920014
8285,173,199,LAE,5.984961814866116
8286,173,178,LAE,2.05642699410929
8287,173,180,LAE,3.5262817686631585
8288,171,195,LAE,4.618235417637176
8289,171,183,LAE,2.611147934026298
8290,171,175,LAE,3.1417895371120137
8291,171,177,LAE,2.7492546001219664
8292,171,175,LAE,10.449391733491943
8293,171,175,LAE,7.989386456194377
8294,171,175,LAE,16.1918790402318
8295,171,186,LAE,3.7311389607063363
8296,172,187,LAE,3.7415984975451075
8297,172,192,LAE,6.623163485511949
8298,172,175,LAE,3.7704770681834665
8299,172,178,LAE,6.759280360724854
8300,172,179,LAE,5.949707627720748
8301,172,175,LAE,10.264021406391162
8302,172,175,LAE,3.6542707381766837
8303,172,176,LAE,6.797947297132762
8304,172,182,LAE,5.056818522016872
8305,173,179,LAE,2.1108390270075144
8306,173,176,LAE,2.5729698440716455
8307,173,220,LAE,9.368107102904775
8308,173,180,LAE,2.7644223793218825
8309,173,176,LAE,4.706484255534818
8310,173,184,LAE,5.286667713219419
8311,173,177,LAE,3.0822617525445906
8312,173,175,LAE,2.384760077683988
8313,173,175,LAE,5.9285021212623885
8314,173,181,LAE,2.0781127641602413
8315,173,175,LAE,3.2357667276873303
8316,173,196,LAE,4.8242012422319025
8317,173,178,LAE,5.9206250111552245
8318,173,175,LAE,2.342777934136638
8319,173,175,LAE,1.3434884092226127
8320,174,177,LAE,1.4485354205530803
8321,174,200,LAE,5.8259857742730965
8322,174,177,LAE,2.5858300012221616
8323,174,181,LAE,4.38000975022906
8324,174,183,LAE,2.330209308925033
8325,174,175,LAE,4.367475697889544
8326,174,177,LAE,5.176855017131297
8327,174,194,LAE,4.296684891170008
8328,174,178,LAE,4.352006397555407
8329,174,175,LAE,4.833910675349888
8330,174,180,LAE,4.230192859325427
8331,174,184,LAE,6.435289826549746
8332,174,177,LAE,1.458041664925058
8333,174,195,LAE,5.73179774132517
8334,174,188,LAE,5.460413741497105
8335,174,175,LAE,1.4728801724367906
8336,174,217,LAE,19.16907576002458
8337,174,175,LAE,2.3217279445661525
8338,174,175,LAE,1.33229550919648
8339,174,175,LAE,4.06892220173259
8340,174,179,LAE,3.3256036250679353
8341,174,182,LAE,2.2231395469798296
8342,174,181,LAE,5.397996203721002
8343,174,175,LAE,4.699127705169253
8344,174,189,LAE,5.700646249623725
8345,174,175,LAE,1.5255958787047
8346,174,175,LAE,1.2394111096695528
8347,172,185,LAE,5.832845192821558
8348,172,176,LAE,2.8905496765315064
8349,172,188,LAE,5.727670415508385
8350,172,179,LAE,5.046220488896522
8351,172,176,LAE,3.390299778393625
8352,172,180,LAE,8.002468328215414
8353,173,176,LAE,6.735799340998051
8354,173,176,LAE,4.814137517051955
8355,173,176,LAE,2.3774607024031456
8356,173,177,LAE,2.9974033173303365
8357,173,177,LAE,2.2713559119434215
8358,173,177,LAE,5.263296777294978
8359,173,186,LAE,3.2924401851416536
8360,174,184,LAE,4.996836045674221
8361,174,176,LAE,9.424064279553864
8362,174,180,LAE,11.730689106413315
8363,174,190,LAE,6.460715446219816
8364,174,176,LAE,6.2966571217751515
8365,174,184,LAE,7.425026798855735
8366,174,176,LAE,2.8450659591166123
8367,174,195,LAE,4.261316100102208
8368,174,183,LAE,9.483532653452421
8369,174,192,LAE,6.763349222329067
8370,174,182,LAE,5.348003072201939
8371,174,177,LAE,1.9156641774514371
8372,175,182,LAE,5.056744815952667
8373,175,181,LAE,4.529540644640317
8374,175,179,LAE,4.629886060085387
8375,175,178,LAE,5.657294126016741
8376,175,176,LAE,1.403820653510404
8377,175,176,LAE,1.3905295612754627
8378,175,178,LAE,15.715134341310202
8379,175,180,LAE,2.154726919600535
8380,175,201,LAE,5.398962073682292
8381,175,193,LAE,6.367274435686653
8382,175,179,LAE,1.7591104957150627
8383,175,176,LAE,2.1582440866096135
8384,175,189,LAE,3.4159016956035484
8385,175,190,LAE,5.6807418254123805
8386,175,180,LAE,4.832738509118912
8387,175,176,LAE,4.8226257624668465
8388,175,180,LAE,3.025166175873179
8389,175,208,LAE,6.590493609932985
8390,175,178,LAE,2.179189954518177
8391,175,177,LAE,5.142617506143743
8392,173,177,LAE,6.665843768346511
8393,173,177,LAE,3.644529124063721
8394,173,177,LAE,2.7665521944431775
8395,173,180,LAE,3.18940015925004
8396,174,179,LAE,5.66689591895617
8397,174,183,LAE,2.225760181792531
8398,175,178,LAE,1.8322446216873647
8399,175,177,LAE,1.6062363861230842
8400,175,177,LAE,4.77115863631171
8401,175,178,LAE,6.076040859030518
8402,175,237,LAE,11.754307566715488
8403,175,196,LAE,4.260313096514793
8404,175,180,LAE,2.134722591113359
8405,176,180,LAE,2.0064610784501276
8406,176,195,LAE,4.116709234445274
8407,176,177,LAE,0.9674137667428253
8408,176,181,LAE,4.580002704062129
8409,176,181,LAE,2.8945728356445333
8410,176,181,LAE,1.8242055877719823
8411,176,182,LAE,2.9752372233963205
8412,176,177,LAE,1.9650642278515318
8413,176,177,LAE,5.677342077224731
8414,176,177,LAE,1.5493380167911348
8415,176,182,LAE,2.536483920144212
8416,176,177,LAE,5.6331890389825805
8417,176,193,LAE,3.8162455165679527
8418,176,187,LAE,3.277755257481311
8419,176,177,LAE,2.0286980901227536
8420,176,177,LAE,1.1633515496273694
8421,176,180,LAE,1.9574697474969371
8422,176,178,LAE,1.943333209960612
8423,176,179,LAE,6.326237209881185
8424,176,177,LAE,11.059807801273603
8425,174,228,LAE,15.812055465143043
8426,174,188,LAE,5.6123695222881524
8427,174,178,LAE,4.78556675109633
8428,174,191,LAE,5.940689728009967
8429,174,184,LAE,14.664769912315476
8430,175,178,LAE,4.458516128548872
8431,175,178,LAE,5.175327777561725
8432,175,178,LAE,2.8101130678020483
8433,175,182,LAE,5.145304396737835
8434,175,181,LAE,2.8757872839120626
8435,175,184,LAE,11.942090234081197
8436,175,200,LAE,5.658169607058504
8437,175,193,LAE,6.411972958934558
8438,175,178,LAE,5.766321804382955
8439,175,178,LAE,2.46807360730125
8440,176,200,LAE,4.795675844007854
8441,176,194,LAE,6.6598968441533675
8442,176,184,LAE,13.866614851007467
8443,176,182,LAE,2.977140542582877
8444,176,191,LAE,3.486596444332203
8445,176,190,LAE,4.270557954553375
8446,176,190,LAE,9.36210969707545
8447,177,183,LAE,4.630080330216899
8448,177,178,LAE,4.222771933053443
8449,177,183,LAE,1.7928456027793824
8450,177,178,LAE,4.930864863329929
8451,177,182,LAE,5.317140111294517
8452,177,178,LAE,1.8972711394849713
8453,177,178,LAE,1.20213420581413
8454,177,187,LAE,3.939028138974945
8455,177,179,LAE,3.699747105344699
8456,177,179,LAE,1.4780362172405552
8457,177,201,LAE,4.8101547741260875
8458,177,181,LAE,1.8089900659404126
8459,177,183,LAE,2.1909533936358114
8460,177,195,LAE,12.346331127145712
8461,177,184,LAE,4.973800795801204
8462,177,184,LAE,1.812087331530759
8463,177,178,LAE,1.2923744119843
8464,177,182,LAE,1.6925359094156425
8465,177,180,LAE,4.21687424401592
8466,177,181,LAE,2.1997098054926925
8467,177,182,LAE,1.7506049119593239
8468,177,188,LAE,4.835300105815525
8469,177,180,LAE,1.324534618676042
8470,177,178,LAE,5.442640696373819
8471,177,194,LAE,6.376264690044299
8472,177,208,LAE,9.681753819366266
8473,177,180,LAE,3.6510419972892523
8474,177,182,LAE,2.8082898094732145
8475,177,178,LAE,1.1900335301750815
8476,177,182,LAE,1.7658079585354007
8477,175,181,LAE,5.4031596793529895
8478,175,179,LAE,6.355871382849453
8479,175,179,LAE,6.908605021783041
8480,176,179,LAE,4.908582044007186
8481,176,179,LAE,4.319227864654307
8482,176,186,LAE,5.437247287525047
8483,176,216,LAE,6.723954738762038
8484,176,181,LAE,2.209308710418917
8485,176,185,LAE,4.606097724107312
8486,176,202,LAE,5.5919079963804315
8487,176,182,LAE,6.1046957608299
8488,176,181,LAE,2.7902482093631154
8489,177,185,LAE,2.8467856478979607
8490,177,179,LAE,5.113481973919452
8491,177,181,LAE,4.80773168594801
8492,177,180,LAE,12.826830957058691
8493,177,179,LAE,3.1256130469720547
8494,177,179,LAE,1.4970456891219668
8495,177,179,LAE,1.4377325042288265
8496,177,187,LAE,2.7303439832629333
8497,177,179,LAE,2.624127608844651
8498,177,194,LAE,3.4993487403208428
8499,177,179,LAE,1.8665292582884458
8500,177,179,LAE,4.998483553448301
8501,177,179,LAE,2.4778026642411928
8502,177,183,LAE,13.72779391081261
8503,177,179,LAE,1.5994315873111014
8504,178,182,LAE,2.5526964963160625
8505,178,182,LAE,2.0042417572684776
8506,178,182,LAE,1.5594462811704022
8507,178,182,LAE,2.1623655526738905
8508,178,183,LAE,1.988937287809634
8509,178,179,LAE,1.2462229127001139
8510,178,182,LAE,4.3484633794010845
8511,178,181,LAE,3.847877505203004
8512,178,187,LAE,3.691311676752838
8513,178,182,LAE,3.2308534599239596
8514,178,181,LAE,1.5341427439077404
8515,178,179,LAE,3.0877017278260954
8516,178,198,LAE,4.088647919183235
8517,178,188,LAE,5.574656433206143
8518,178,188,LAE,5.1334367569524835
8519,178,180,LAE,4.4307107676688995
8520,178,192,LAE,3.951418526828444
8521,178,179,LAE,1.4890582000652763
8522,178,179,LAE,1.5335247327383685
8523,178,189,LAE,4.825030383014237
8524,176,180,LAE,13.5724099915867
8525,176,180,LAE,5.592892714409587
8526,176,195,LAE,6.9271491056729975
8527,176,186,LAE,5.162342807625404
8528,176,202,LAE,9.927551106573247
8529,176,197,LAE,6.88056113590695
8530,177,184,LAE,3.4791146381216147
8531,177,184,LAE,4.671991605190215
8532,177,180,LAE,4.623657589613037
8533,177,180,LAE,5.085005783186238
8534,177,192,LAE,3.455223500219271
8535,177,219,LAE,8.395411084625486
8536,177,200,LAE,12.115212882800517
8537,177,188,LAE,3.0728685411383974
8538,177,186,LAE,4.999071226029554
8539,178,180,LAE,2.4359284019738223
8540,178,186,LAE,4.5340727410093455
8541,178,188,LAE,3.200307169776286
8542,178,180,LAE,4.12296986871793
8543,178,181,LAE,1.6501006572813965
8544,178,197,LAE,3.623885726779998
8545,178,180,LAE,5.740283894421982
8546,178,180,LAE,1.6853545045476193
8547,178,193,LAE,6.178319979804016
8548,178,184,LAE,3.0215710916474032
8549,178,180,LAE,4.216934066430026
8550,178,180,LAE,4.727509364961155
8551,178,180,LAE,2.2073165196343925
8552,179,189,LAE,3.0372458812110454
8553,179,208,LAE,5.967087695137221
8554,179,181,LAE,5.054225545077302
8555,179,183,LAE,1.487103630823893
8556,179,181,LAE,1.853349004854283
8557,179,183,LAE,1.5015172459781174
8558,179,195,LAE,6.179564180363055
8559,179,183,LAE,1.5158443344235484
8560,179,180,LAE,1.5556156187792356
8561,179,191,LAE,5.357575333992495
8562,179,183,LAE,2.0897775304917734
8563,179,180,LAE,5.071599707657722
8564,179,180,LAE,5.992231904399677
8565,179,184,LAE,1.4585261789993749
8566,179,180,LAE,10.804227609455728
8567,179,180,LAE,2.095919264155029
8568,179,238,LAE,10.019452723950357
8569,179,180,LAE,1.0065975823479014
8570,179,182,LAE,2.5209304910901515
8571,179,180,LAE,4.864201082652187
8572,177,181,LAE,1.9563343655825278
8573,177,181,LAE,7.458663609777887
8574,177,181,LAE,4.694134156317978
8575,177,181,LAE,7.667665884229155
8576,177,204,LAE,7.016962517699516
8577,178,190,LAE,5.316025680634547
8578,178,181,LAE,12.948642259977298
8579,178,210,LAE,7.809673847603252
8580,178,210,LAE,14.977068538386439
8581,178,184,LAE,4.826086685392678
8582,178,181,LAE,5.399547749554146
8583,178,186,LAE,5.206056584169778
8584,178,202,LAE,4.453120887816231
8585,178,182,LAE,8.363042848047066
8586,178,181,LAE,6.678066694519895
8587,179,181,LAE,4.182176958476666
8588,179,198,LAE,4.117580101675388
8589,179,189,LAE,5.059284112561479
8590,179,196,LAE,3.8290217664763686
8591,179,185,LAE,10.978993398215437
8592,179,187,LAE,3.010463583624618
8593,179,197,LAE,5.994018959702245
8594,179,181,LAE,1.7863428626423385
8595,179,183,LAE,1.6910205746388793
8596,179,186,LAE,5.31173431886873
8597,179,181,LAE,4.171575281925118
8598,179,181,LAE,1.8894853206622342
8599,179,182,LAE,5.580732518403542
8600,180,184,LAE,3.8182797144636593
8601,180,181,LAE,1.1900268086280443
8602,180,183,LAE,4.197429930507544
8603,180,189,LAE,4.839234242359482
8604,180,189,LAE,5.050585888544257
8605,180,183,LAE,1.3027091591583373
8606,180,181,LAE,6.350764495798626
8607,180,181,LAE,4.5993699083483115
8608,180,181,LAE,1.7068814343760776
8609,180,194,LAE,3.0270918893086405
8610,180,181,LAE,14.34969880935142
8611,180,195,LAE,5.238813301999466
8612,180,181,LAE,4.615597948916793
8613,180,184,LAE,1.9196562616285893
8614,180,181,LAE,0.8277312203988315
8615,180,181,LAE,1.2322176662226423
8616,180,181,LAE,1.7357786733364482
8617,180,181,LAE,7.000901521335701
8618,180,194,LAE,3.0393120845453603
8619,180,191,LAE,4.99861963634511
8620,180,181,LAE,4.7199529677963685
8621,180,181,LAE,2.588054175691301
8622,180,181,LAE,5.040485391423739
8623,178,182,LAE,4.164555978380551
8624,178,197,LAE,4.92563914325742
8625,178,194,LAE,6.634491865374301
8626,178,186,LAE,4.592545514668494
8627,178,190,LAE,3.131990100636068
8628,179,185,LAE,4.870583209348552
8629,179,195,LAE,3.5730961116320876
8630,179,192,LAE,3.2458959046492004
8631,179,182,LAE,5.646525266908532
8632,180,185,LAE,4.731385290971134
8633,180,183,LAE,1.371706777376524
8634,180,194,LAE,4.889756409121817
8635,180,194,LAE,4.768513363989665
8636,180,191,LAE,4.846059744999858
8637,180,182,LAE,4.0408266256603955
8638,180,182,LAE,4.672468499798198
8639,180,190,LAE,3.677368864862167
8640,180,184,LAE,4.1002048627741425
8641,180,182,LAE,1.4182556838011184
8642,180,182,LAE,5.958459771622422
8643,180,199,LAE,3.7267858160627503
8644,180,182,LAE,1.303399820807954
8645,181,205,LAE,6.031845207059762
8646,181,185,LAE,4.469444489367411
8647,181,182,LAE,1.3035790868165755
8648,181,188,LAE,1.8998218940888516
8649,181,186,LAE,4.528021176010692
8650,181,188,LAE,2.6031443344376974
8651,181,183,LAE,4.320622125407884
8652,181,182,LAE,4.1372170342439025
8653,181,234,LAE,8.662573718678702
8654,181,182,LAE,1.6261329114035281
8655,181,201,LAE,6.887140004234615
8656,181,182,LAE,1.6356246259761362
8657,181,188,LAE,5.4096199356836046
8658,181,200,LAE,4.040505051595387
8659,181,186,LAE,4.324637006762374
8660,181,224,LAE,10.387639863824992
8661,181,188,LAE,2.471788855387966
8662,181,193,LAE,3.172601442493468
8663,181,198,LAE,5.6895259101682045
8664,181,182,LAE,1.235560449774559
8665,179,193,LAE,3.391999951767953
8666,179,183,LAE,5.821318051004206
8667,179,198,LAE,7.856411959846155
8668,179,192,LAE,3.807217259926873
8669,179,187,LAE,5.2373560012188385
8670,180,184,LAE,2.151345210520638
8671,180,183,LAE,6.580142079866412
8672,180,203,LAE,4.485650248057024
8673,180,183,LAE,1.8305192718012906
8674,180,187,LAE,4.886635741762392
8675,180,187,LAE,4.74787513082918
8676,181,185,LAE,1.7275101752526933
8677,181,187,LAE,2.0746204049741834
8678,181,184,LAE,12.742479008928749
8679,181,183,LAE,13.781947629564455
8680,181,183,LAE,13.16354081980416
8681,181,192,LAE,5.302756929380557
8682,181,186,LAE,3.555332010931183
8683,181,184,LAE,1.6134308397438561
8684,181,183,LAE,1.1353185165481572
8685,181,183,LAE,13.92470216918603
8686,181,191,LAE,3.082199347047646
8687,182,188,LAE,2.3773004471447647
8688,182,183,LAE,1.7734891982129652
8689,182,184,LAE,4.186485778450969
8690,182,183,LAE,1.5902601953812452
8691,182,187,LAE,2.268151054877731
8692,182,186,LAE,4.751171695648887
8693,182,183,LAE,0.9946680853770371
8694,182,187,LAE,4.430991484790133
8695,182,189,LAE,1.8351062027732088
8696,182,187,LAE,9.148140696187234
8697,182,204,LAE,4.684953064037213
8698,182,204,LAE,9.929259518749053
8699,182,194,LAE,4.10396999320586
8700,182,204,LAE,4.392698458394702
8701,182,201,LAE,5.965096375745246
8702,182,195,LAE,3.4368776762171658
8703,182,204,LAE,8.848952653895564
8704,182,183,LAE,5.536543471974665
8705,182,183,LAE,1.0575199655665386
8706,180,188,LAE,4.399545283862124
8707,180,184,LAE,4.510112942106196
8708,180,184,LAE,3.4505974156097756
8709,180,192,LAE,3.0414548220176614
8710,180,184,LAE,4.963499720565025
8711,181,185,LAE,13.009221579987134
8712,181,189,LAE,4.817494393217138
8713,181,189,LAE,11.336899445600583
8714,181,186,LAE,3.2370881509680514
8715,181,186,LAE,6.300832029171555
8716,181,187,LAE,5.12567866517113
8717,182,203,LAE,11.407496988944901
8718,182,184,LAE,2.0831998873244233
8719,182,185,LAE,4.774286955567525
8720,182,188,LAE,4.48366964817971
8721,182,189,LAE,7.9733644911394315
8722,183,195,LAE,3.007101453661058
8723,183,184,LAE,1.0139314443919378
8724,183,187,LAE,3.232353286599047
8725,183,184,LAE,0.8384945064876368
8726,183,190,LAE,4.864759653749091
8727,183,185,LAE,4.316858934868312
8728,183,189,LAE,2.033501492217429
8729,183,184,LAE,4.306532283029937
8730,183,185,LAE,12.632087595199947
8731,183,190,LAE,4.867128341185779
8732,183,184,LAE,0.9435788567788276
8733,183,184,LAE,10.865926774228013
8734,183,184,LAE,1.3193011822326508
8735,183,199,LAE,4.6577384593108535
8736,183,209,LAE,11.175849037559221
8737,183,193,LAE,4.52153743907671
8738,183,191,LAE,4.700655262480492
8739,183,213,LAE,7.080141405474625
8740,183,196,LAE,7.1920202251839385
8741,181,185,LAE,14.562853689227355
8742,181,194,LAE,11.178616915237207
8743,181,186,LAE,5.43390992566067
8744,181,185,LAE,6.113421064046369
8745,181,215,LAE,13.066841562359052
8746,181,193,LAE,3.124344851041639
8747,182,185,LAE,4.245237966183264
8748,182,185,LAE,4.485727969329633
8749,182,202,LAE,4.480542159148032
8750,182,195,LAE,11.966383231462267
8751,182,185,LAE,4.586893668499929
8752,183,185,LAE,1.7169874662393996
8753,183,187,LAE,1.9748309001650899
8754,183,185,LAE,3.6862288234548486
8755,183,185,LAE,3.353400875399378
8756,184,195,LAE,4.302663893481693
8757,184,210,LAE,10.517996839847543
8758,184,187,LAE,1.467520733380805
8759,184,188,LAE,1.7084077104176054
8760,184,189,LAE,3.7702391595623066
8761,184,203,LAE,4.078666827551868
8762,184,185,LAE,1.844483004810089
8763,184,188,LAE,5.4192418285683015
8764,184,192,LAE,4.678415222032318
8765,184,199,LAE,3.9687545774279736
8766,184,201,LAE,3.7382473589384966
8767,184,206,LAE,8.147258968961333
8768,184,185,LAE,1.9014130420431183
8769,184,190,LAE,4.626814282413124
8770,184,203,LAE,6.752480893904921
8771,184,185,LAE,4.864582547977391
8772,184,236,LAE,5.764879472421311
8773,184,186,LAE,4.690999053856042
8774,184,185,LAE,1.1379148572958904
8775,184,187,LAE,1.806135477632843
8776,184,192,LAE,5.4452144381218455
8777,184,200,LAE,3.492381947037183
8778,184,185,LAE,1.6686467179520728
8779,184,187,LAE,1.9779623234934993
8780,184,186,LAE,1.7344318939344763
8781,184,199,LAE,3.5240598526022042
8782,184,198,LAE,3.2375688349027993
8783,182,199,LAE,3.8973077155236506
8784,182,206,LAE,14.510276475741707
8785,182,186,LAE,4.787632236617024
8786,183,192,LAE,6.7115898192287675
8787,183,188,LAE,4.388742528600534
8788,183,186,LAE,4.71182039103116
8789,183,189,LAE,11.29791950124093
8790,183,188,LAE,4.181788124850739
8791,183,193,LAE,4.44255509055729
8792,184,186,LAE,3.717331129766143
8793,184,199,LAE,4.370214068733069
8794,184,194,LAE,4.440594525163076
8795,184,187,LAE,3.7637178863823966
8796,184,186,LAE,5.601626240140215
8797,184,186,LAE,4.313718389916326
8798,184,186,LAE,4.383467150259162
8799,184,202,LAE,3.838941239079153
8800,184,186,LAE,4.5323021020511165
8801,184,206,LAE,7.106284768948021
8802,184,186,LAE,4.309754688330082
8803,184,196,LAE,2.9480093449825877
8804,184,203,LAE,7.129395450405346
8805,184,189,LAE,3.322560569698756
8806,185,191,LAE,2.5448507326054597
8807,185,188,LAE,2.7880358719747513
8808,185,186,LAE,1.3590071434071158
8809,185,201,LAE,3.204174243883853
8810,185,241,LAE,10.059167926341164
8811,185,186,LAE,1.716257421226054
8812,185,187,LAE,1.0856416172338272
8813,185,187,LAE,1.497175334030843
8814,185,198,LAE,4.27808433090481
8815,185,189,LAE,4.817351683387861
8816,185,186,LAE,4.076510004887995
8817,185,194,LAE,2.6400171628817874
8818,185,187,LAE,1.3094718990652519
8819,185,190,LAE,4.0191018158666845
8820,185,204,LAE,4.04294780685249
8821,185,198,LAE,5.8064982338598465
8822,185,188,LAE,3.7307633593703478
8823,185,192,LAE,4.478761167464758
8824,185,186,LAE,3.1514639997866927
8825,185,227,LAE,11.586315851396368
8826,185,186,LAE,3.2162702490821498
8827,185,186,LAE,4.715721336026802
8828,185,186,LAE,1.3733475883235733
8829,185,186,LAE,4.5770570774787664
8830,185,186,LAE,4.191925805265938
8831,185,192,LAE,5.405612326522196
8832,183,187,LAE,3.9982279754795242
8833,183,192,LAE,3.5072931979227406
8834,184,190,LAE,3.3134169334719243
8835,184,187,LAE,5.017535347416114
8836,184,192,LAE,12.013948727334586
8837,184,187,LAE,14.247914788512135
8838,184,206,LAE,6.5056316254147495
8839,185,187,LAE,4.5113334075296105
8840,185,188,LAE,9.88624287588238
8841,185,202,LAE,3.654246128018045
8842,185,190,LAE,18.016049734418782
8843,185,187,LAE,2.126729993799131
8844,185,187,LAE,1.237189600315623
8845,185,190,LAE,16.00328400850091
8846,185,187,LAE,1.974435203610927
8847,185,187,LAE,3.7919380458197334
8848,185,201,LAE,3.916590133215167
8849,185,190,LAE,3.626875656675517
8850,185,189,LAE,3.944897727877601
8851,185,196,LAE,2.942265045858103
8852,185,187,LAE,10.243136944523023
8853,186,242,LAE,9.460705354088322
8854,186,188,LAE,2.791271559275225
8855,186,202,LAE,4.081688698616801
8856,186,213,LAE,8.994616605415754
8857,186,188,LAE,1.5980649007024312
8858,186,187,LAE,3.6709698082067757
8859,186,189,LAE,3.6935671913811237
8860,186,190,LAE,2.991662793918629
8861,186,207,LAE,5.887253552314432
8862,186,198,LAE,3.194304633629187
8863,186,192,LAE,3.0114952494924485
8864,186,190,LAE,4.072529015684776
8865,186,191,LAE,4.496526836577513
8866,186,192,LAE,2.545155292597742
8867,186,196,LAE,2.5903156502581854
8868,186,197,LAE,3.7569626056796532
8869,186,188,LAE,1.2667002337583095
8870,186,202,LAE,4.182622644722887
8871,186,216,LAE,7.406343251827904
8872,184,197,LAE,5.856311734068251
8873,184,189,LAE,5.394073675190909
8874,184,197,LAE,5.592686435065615
8875,184,188,LAE,6.599336140270541
8876,184,188,LAE,4.409496374962918
8877,184,188,LAE,4.686201989100269
8878,184,188,LAE,4.412928898573076
8879,184,188,LAE,4.5654789246711
8880,184,188,LAE,4.331775327244809
8881,184,188,LAE,4.838920147402218
8882,184,197,LAE,5.6342382157458095
8883,185,195,LAE,5.029081727945988
8884,185,194,LAE,5.157063727840281
8885,185,198,LAE,4.832139365598712
8886,185,190,LAE,4.173373285037453
8887,185,191,LAE,4.339209940703277
8888,185,188,LAE,3.8421996579928392
8889,185,193,LAE,4.47059976569321
8890,185,193,LAE,2.4210777965093033
8891,185,188,LAE,3.9326848595577872
8892,186,216,LAE,4.881651982962912
8893,186,200,LAE,3.994885581861724
8894,186,206,LAE,5.235434851741174
8895,186,188,LAE,3.709720153318317
8896,186,202,LAE,4.068944354907354
8897,186,202,LAE,3.7685608067946537
8898,186,202,LAE,7.545806352058228
8899,186,203,LAE,7.077246560658588
8900,186,188,LAE,5.126119124582726
8901,186,218,LAE,7.019391203798116
8902,186,190,LAE,12.093202074103873
8903,186,216,LAE,5.210997017532602
8904,187,188,LAE,4.0227204913141765
8905,187,191,LAE,2.0874002137041914
8906,187,201,LAE,3.366757435477316
8907,187,196,LAE,2.8467929666494043
8908,187,202,LAE,3.841125451464231
8909,187,203,LAE,3.54506807380216
8910,187,211,LAE,8.713945562068094
8911,187,198,LAE,12.771054555480893
8912,187,188,LAE,1.2203290879278987
8913,187,188,LAE,0.8964155528097745
8914,187,191,LAE,3.4073066166238664
8915,187,188,LAE,3.105522309752407
8916,187,216,LAE,5.49793159591022
8917,187,200,LAE,4.446309834055398
8918,187,192,LAE,2.5958357364281115
8919,187,205,LAE,6.102196749102114
8920,187,188,LAE,2.932498701862107
8921,187,203,LAE,3.8406452740496686
8922,187,206,LAE,5.406948441751909
8923,187,202,LAE,11.045974238380495
8924,187,188,LAE,8.975449690779948
8925,187,189,LAE,1.4495927718192607
8926,187,188,LAE,3.9059881403265373
8927,185,189,LAE,4.845612598650376
8928,185,195,LAE,7.567082630865847
8929,185,190,LAE,3.653467680761614
8930,185,189,LAE,4.702697249755895
8931,186,193,LAE,4.426769679140485
8932,186,189,LAE,4.524792532839435
8933,186,191,LAE,7.12361799178602
8934,187,202,LAE,3.596735313495107
8935,187,202,LAE,3.813893543502887
8936,187,190,LAE,4.042340709864217
8937,187,189,LAE,1.1215783788476166
8938,187,189,LAE,2.087067990022228
8939,187,189,LAE,1.3259585129656708
8940,187,203,LAE,3.974891524645952
8941,187,199,LAE,3.7706880797481386
8942,187,194,LAE,4.163952996434559
8943,187,190,LAE,1.6813178700326155
8944,187,189,LAE,2.3671249587139314
8945,187,206,LAE,4.225405386336634
8946,187,189,LAE,4.191551803089727
8947,187,189,LAE,1.6951866498503538
8948,187,203,LAE,7.201677799770706
8949,187,190,LAE,2.019166140495493
8950,188,200,LAE,3.2426444135909627
8951,188,193,LAE,4.01563639883275
8952,188,189,LAE,0.8199103359898381
8953,188,203,LAE,6.322645694056789
8954,188,189,LAE,0.7964032058520647
8955,188,200,LAE,3.1302239867620525
8956,188,200,LAE,3.7592993547742166
8957,188,191,LAE,1.4393781584763201
8958,188,196,LAE,3.4608945815617527
8959,188,198,LAE,4.581491608763229
8960,188,193,LAE,11.05434536435146
8961,188,196,LAE,4.324772744513261
8962,188,196,LAE,2.898820616362314
8963,188,194,LAE,3.0868824461113245
8964,188,200,LAE,6.0448759988016665
8965,188,202,LAE,5.89137335059571
8966,188,189,LAE,5.352792715651829
8967,188,195,LAE,2.556237993771944
8968,188,190,LAE,1.8459802779830299
8969,188,189,LAE,3.707395237516376
8970,188,202,LAE,3.437431135636099
8971,188,205,LAE,3.322329982005932
8972,188,202,LAE,5.573352823805039
8973,188,189,LAE,5.769874764160105
8974,188,202,LAE,6.611112741589126
8975,188,189,LAE,3.539382765636965
8976,188,193,LAE,2.2192656023831328
8977,188,204,LAE,6.472159580435328
8978,188,189,LAE,2.2457360665010206
8979,188,194,LAE,2.0476075726664322
8980,188,204,LAE,3.7276289084006393
8981,188,203,LAE,6.794841969866718
8982,186,194,LAE,5.271528735759808
8983,186,190,LAE,9.791334648738024
8984,186,190,LAE,12.817069115787723
8985,186,201,LAE,7.013744752291359
8986,186,193,LAE,4.293657040601818
8987,186,190,LAE,4.530463458330495
8988,186,219,LAE,7.334660886278298
8989,187,190,LAE,11.400455718794632
8990,187,190,LAE,4.178925830522499
8991,187,212,LAE,6.871702987964432
8992,187,208,LAE,4.327238921666799
8993,187,203,LAE,6.306390116903317
8994,187,190,LAE,4.8066230385058
8995,187,192,LAE,1.869095457489511
8996,187,206,LAE,5.7508970680035345
8997,187,190,LAE,4.804544553820924
8998,187,191,LAE,4.743562087971684
8999,187,192,LAE,10.218524140029963
9000,187,190,LAE,10.07263110213762
9001,188,199,LAE,3.3576516757587207
9002,188,192,LAE,3.8963435801892214
9003,188,190,LAE,3.966440687437516
9004,188,191,LAE,3.5842665434165233
9005,188,205,LAE,6.248657797928716
9006,188,200,LAE,2.965646821380022
9007,188,190,LAE,5.106433678614764
9008,188,190,LAE,1.666207583998647
9009,188,190,LAE,4.815129424271157
9010,188,190,LAE,1.5375665023935854
9011,188,194,LAE,4.350147448749531
9012,188,190,LAE,4.233002316738355
9013,188,191,LAE,1.7413107343681717
9014,188,191,LAE,4.16842886755473
9015,188,190,LAE,1.47714717799881
9016,188,190,LAE,3.6653103098782713
9017,188,201,LAE,4.2147175834334165
9018,188,190,LAE,1.0881768105243266
9019,189,192,LAE,4.864765087926517
9020,189,201,LAE,3.1920677846400127
9021,189,190,LAE,1.5045162239964067
9022,189,192,LAE,1.5315631885384644
9023,189,194,LAE,3.069390452364042
9024,189,193,LAE,1.9960977002777205
9025,189,212,LAE,4.713281700730418
9026,189,199,LAE,4.299917537304129
9027,189,198,LAE,3.58631142980555
9028,189,204,LAE,3.656531638031362
9029,189,194,LAE,1.84433724740554
9030,189,190,LAE,1.614111887214697
9031,189,191,LAE,1.3855720760114438
9032,189,190,LAE,3.7648229208735002
9033,189,191,LAE,2.6518791964427293
9034,189,198,LAE,2.5110166707531194
9035,189,190,LAE,1.9747479913277497
9036,189,207,LAE,3.787395826284394
9037,189,190,LAE,9.619451190827606
9038,189,190,LAE,9.430875381581812
9039,189,191,LAE,1.565933348334879
9040,189,190,LAE,5.047156721789043
9041,189,190,LAE,3.586925172082354
9042,189,191,LAE,1.5397922338470478
9043,189,192,LAE,1.6801624477403427
9044,189,203,LAE,6.119700230968563
9045,189,191,LAE,1.4206280447151856
9046,189,190,LAE,1.7464961677951139
9047,189,190,LAE,5.270277093312756
9048,189,192,LAE,3.9332139415733347
9049,189,194,LAE,2.027222301776412
9050,189,191,LAE,6.994946649352498
9051,189,190,LAE,3.2579196771511927
9052,189,194,LAE,4.291674644988055
9053,187,195,LAE,2.26057651475483
9054,187,194,LAE,4.209040752369641
9055,187,191,LAE,4.274608184628498
9056,187,191,LAE,4.469330722979606
9057,187,191,LAE,4.240170694612073
9058,187,191,LAE,4.819796791632602
9059,187,191,LAE,5.151687051953388
9060,187,191,LAE,5.185198956737089
9061,188,200,LAE,5.6458040741831805
9062,188,198,LAE,2.9500656306514688
9063,188,194,LAE,3.7191482033715575
9064,188,199,LAE,5.437731969325925
9065,188,200,LAE,5.442418213413668
9066,188,194,LAE,4.714019224586385
9067,188,202,LAE,5.819154436716465
9068,188,207,LAE,7.0681555872356565
9069,188,192,LAE,3.459505039823231
9070,188,195,LAE,2.4380096631409396
9071,188,196,LAE,4.656069519662925
9072,188,196,LAE,4.834896348830395
9073,188,195,LAE,4.052953433719485
9074,188,205,LAE,6.5157668290000945
9075,188,205,LAE,6.507330936077451
9076,188,202,LAE,6.592352910175305
9077,188,193,LAE,3.6734147243636337
9078,188,202,LAE,3.2541824404869426
9079,188,204,LAE,6.505158408769059
9080,188,191,LAE,3.277472117582603
9081,188,195,LAE,5.498006881269035
9082,188,197,LAE,4.581689494540552
9083,188,214,LAE,9.980202751161391
9084,188,202,LAE,5.0778012889216315
9085,188,208,LAE,5.986031172547012
9086,188,193,LAE,5.966272976267747
9087,188,205,LAE,6.7885389022359215
9088,188,193,LAE,9.353727967752054
9089,188,198,LAE,5.263453283408756
9090,188,191,LAE,3.455529537960345
9091,189,191,LAE,1.6903575210271715
9092,189,195,LAE,2.2230194628231
9093,189,195,LAE,4.627833813155782
9094,189,203,LAE,3.5741797372838136
9095,189,193,LAE,3.277080689415558
9096,189,236,LAE,9.21049930575602
9097,189,194,LAE,3.7819343429439782
9098,189,192,LAE,3.3381870178062547
9099,189,191,LAE,3.9667758129489825
9100,189,191,LAE,3.6363606060514035
9101,189,213,LAE,4.84571984461028
9102,189,217,LAE,5.843409488350484
9103,189,191,LAE,2.2975461483419024
9104,189,191,LAE,4.747312481514098
9105,189,191,LAE,3.188399164151868
9106,189,196,LAE,2.1285387503483846
9107,189,202,LAE,3.6669413499318284
9108,189,192,LAE,11.556881023569503
9109,189,191,LAE,1.5329365413409801
9110,189,206,LAE,6.369844560151735
9111,190,195,LAE,1.9792452492452288
9112,190,191,LAE,11.021480793532758
9113,190,193,LAE,1.7168808632687496
9114,190,191,LAE,3.8843686477347283
9115,190,199,LAE,3.639064567657041
9116,190,191,LAE,1.4019484009272363
9117,190,191,LAE,1.8175163123880134
9118,190,195,LAE,4.2288847354834544
9119,190,191,LAE,4.139446959851083
9120,190,199,LAE,3.706269560867618
9121,190,191,LAE,3.963575467728677
9122,190,208,LAE,4.008126630330822
9123,190,216,LAE,7.485624238658766
9124,190,191,LAE,4.541199926518166
9125,190,239,LAE,8.716172573217348
9126,190,194,LAE,3.9016406977795457
9127,190,191,LAE,4.3314887708953425
9128,188,194,LAE,4.965886362292807
9129,188,203,LAE,3.3318825056114965
9130,188,192,LAE,3.92075178254581
9131,188,192,LAE,5.607511153801622
9132,188,195,LAE,4.183617900240504
9133,188,195,LAE,4.095285647560718
9134,188,205,LAE,6.28857712427954
9135,188,192,LAE,3.7544516786923765
9136,188,192,LAE,4.300840311435107
9137,188,192,LAE,5.02628275553172
9138,188,205,LAE,6.0403507763964885
9139,189,192,LAE,3.835182060926191
9140,189,198,LAE,4.060396971490762
9141,189,192,LAE,5.282097624424387
9142,189,195,LAE,3.951297440044111
9143,189,195,LAE,4.7836182784154015
9144,189,205,LAE,4.496439769490938
9145,189,192,LAE,7.822866618549941
9146,190,193,LAE,3.011344656239705
9147,190,208,LAE,4.547965666568594
9148,190,192,LAE,1.2623464114933705
9149,190,193,LAE,2.8949573151023666
9150,190,192,LAE,3.3853779119064247
9151,190,199,LAE,2.9187993858849093
9152,190,236,LAE,7.799746657945614
9153,190,214,LAE,4.701788173314435
9154,191,200,LAE,2.645578799172019
9155,191,195,LAE,4.085637105409519
9156,191,195,LAE,2.445116091381516
9157,191,201,LAE,3.361829238171816
9158,191,202,LAE,6.2335677108241745
9159,191,204,LAE,6.138415783752113
9160,191,205,LAE,6.2900345293450055
9161,191,193,LAE,2.3621037931140583
9162,191,195,LAE,3.257715682872906
9163,191,192,LAE,3.8459510741604777
9164,191,194,LAE,4.1877304016561565
9165,191,203,LAE,6.197368001660295
9166,191,192,LAE,4.036967737972839
9167,191,193,LAE,3.390718041262623
9168,191,216,LAE,15.351477356350344
9169,191,192,LAE,3.5450773955941757
9170,191,205,LAE,3.2544280274727653
9171,191,209,LAE,6.556190637751724
9172,191,196,LAE,2.4154743150726143
9173,191,192,LAE,4.364107868133754
9174,191,194,LAE,4.4168463468576755
9175,191,192,LAE,4.157903197132786
9176,191,196,LAE,2.32636246606254
9177,191,192,LAE,4.513187041113022
9178,189,193,LAE,4.07593954803893
9179,189,208,LAE,8.165501181883362
9180,189,193,LAE,8.958367005188668
9181,189,193,LAE,4.214765999128199
9182,189,193,LAE,3.5677253570185257
9183,189,195,LAE,4.643329210343135
9184,190,206,LAE,3.649242553125785
9185,190,206,LAE,11.13956859768547
9186,190,196,LAE,5.153491306326807
9187,190,196,LAE,4.979966082312238
9188,190,193,LAE,11.201085559518475
9189,190,202,LAE,5.6658339008883365
9190,190,195,LAE,4.95507093427193
9191,190,193,LAE,4.897461605227454
9192,190,194,LAE,9.836759861297958
9193,190,196,LAE,2.14163801258172
9194,190,193,LAE,3.9017550650888304
9195,191,194,LAE,3.3975592344589702
9196,191,195,LAE,1.776026821576268
9197,191,208,LAE,6.295079040204211
9198,191,218,LAE,5.599532961661858
9199,191,196,LAE,4.368051511629109
9200,191,193,LAE,3.91082427120115
9201,191,200,LAE,4.58177554471508
9202,191,201,LAE,4.195069831016921
9203,191,194,LAE,1.4000374559358357
9204,191,193,LAE,2.899000266689246
9205,191,205,LAE,6.66644088218826
9206,191,193,LAE,4.429295680896451
9207,191,207,LAE,6.299378419166944
9208,192,196,LAE,2.5054029800935673
9209,192,195,LAE,1.8625370315558663
9210,192,193,LAE,1.1133425614052035
9211,192,193,LAE,12.092886739604007
9212,192,194,LAE,1.647720791364881
9213,192,200,LAE,2.7607412975659407
9214,192,193,LAE,1.3519889287812545
9215,192,193,LAE,1.6693821532412858
9216,192,202,LAE,3.2852392444524323
9217,192,199,LAE,2.189657331779167
9218,192,196,LAE,1.829670859001955
9219,192,193,LAE,1.4029986903626386
9220,192,240,LAE,7.322529308746349
9221,192,199,LAE,9.79148923772555
9222,192,195,LAE,1.5304676359349914
9223,192,193,LAE,6.805703947452237
9224,192,195,LAE,1.873696875273941
9225,192,227,LAE,6.41761636654721
9226,192,193,LAE,2.7694212044518185
9227,192,198,LAE,3.475839947509365
9228,192,193,LAE,4.291349992405288
9229,192,196,LAE,6.356088829192688
9230,192,207,LAE,4.7874821824630125
9231,192,193,LAE,4.812497451203006
9232,190,198,LAE,2.5071252042175405
9233,190,194,LAE,7.857812992414607
9234,190,195,LAE,2.5136292264763718
9235,190,201,LAE,16.432748260132477
9236,191,197,LAE,4.705732157191774
9237,191,195,LAE,4.3987494234581845
9238,191,202,LAE,3.256906553660808
9239,191,197,LAE,2.876275852879308
9240,191,194,LAE,4.479580686856148
9241,191,194,LAE,5.086999491837315
9242,191,194,LAE,3.097334612869195
9243,192,196,LAE,4.178272139714191
9244,192,198,LAE,10.987346176141118
9245,192,200,LAE,3.144896925604009
9246,192,198,LAE,3.0741726619850884
9247,192,194,LAE,3.683713427064875
9248,192,194,LAE,1.7177008405757654
9249,192,194,LAE,4.178680889494203
9250,192,197,LAE,4.5060271980502975
9251,192,195,LAE,1.6266114783750767
9252,192,202,LAE,3.8510609289684328
9253,192,197,LAE,3.911753116679586
9254,193,194,LAE,3.844088929474746
9255,193,196,LAE,1.9630448943019685
9256,193,202,LAE,3.09285089392913
9257,193,194,LAE,3.516682880341781
9258,193,194,LAE,1.2997449585863678
9259,193,203,LAE,3.3596559372674952
9260,193,194,LAE,4.573366686301282
9261,193,194,LAE,3.8313599453948726
9262,193,198,LAE,2.9617329748972776
9263,193,194,LAE,3.7398980488936533
9264,193,196,LAE,1.829761748575665
9265,193,194,LAE,3.8160189443531487
9266,193,194,LAE,4.468257712409154
9267,193,205,LAE,5.130981524668816
9268,193,194,LAE,1.1919185111563928
9269,193,194,LAE,2.9218745958763916
9270,193,195,LAE,1.1323278762256586
9271,193,195,LAE,1.4469480086429418
9272,193,211,LAE,5.951643295170681
9273,193,194,LAE,3.617546067742356
9274,193,205,LAE,6.123052640349892
9275,193,200,LAE,2.3166534869270583
9276,193,220,LAE,6.379086967119354
9277,193,202,LAE,6.494063654603249
9278,193,198,LAE,2.3528512309253498
9279,193,213,LAE,5.591027619117788
9280,193,200,LAE,4.9859801607455125
9281,193,198,LAE,4.7785858857149925
9282,193,199,LAE,2.2171596102541793
9283,191,195,LAE,3.1764244200784053
9284,191,199,LAE,3.2223341746946783
9285,191,195,LAE,4.680076039629877
9286,191,206,LAE,5.497154824645813
9287,191,207,LAE,6.117417891236617
9288,192,195,LAE,4.366063607698967
9289,192,195,LAE,1.7528951414756149
9290,192,195,LAE,4.7467780669246995
9291,192,203,LAE,5.647482948072444
9292,192,195,LAE,4.773859008934109
9293,192,195,LAE,4.624769242601414
9294,192,202,LAE,3.0838181072514543
9295,192,213,LAE,10.217269279473435
9296,192,195,LAE,4.296571215200446
9297,192,195,LAE,4.930040329810794
9298,193,195,LAE,1.09371732471033
9299,193,203,LAE,2.7858460397629776
9300,193,195,LAE,4.4876976690196795
9301,193,201,LAE,13.189433208852243
9302,193,197,LAE,7.9184729457321
9303,193,195,LAE,1.5816134894202953
9304,193,195,LAE,4.948572857935567
9305,193,195,LAE,4.451096673875064
9306,194,206,LAE,3.0286249194443164
9307,194,201,LAE,3.203760826713859
9308,194,195,LAE,3.0251864068612537
9309,194,202,LAE,2.8423123591757737
9310,194,195,LAE,0.8032608592630547
9311,194,208,LAE,11.686349381727181
9312,194,209,LAE,5.655344426817949
9313,194,200,LAE,2.673187545699268
9314,194,197,LAE,2.140383447478668
9315,194,197,LAE,2.5696433303977475
9316,194,196,LAE,2.8078264824288808
9317,194,195,LAE,2.610142015287771
9318,194,195,LAE,1.3072301703942453
9319,194,201,LAE,2.444170307587006
9320,194,195,LAE,1.413312899916369
9321,194,197,LAE,11.67773260004411
9322,194,195,LAE,16.646078331111845
9323,192,238,LAE,11.559710290033102
9324,192,196,LAE,8.074806201446021
9325,192,196,LAE,12.027053969260857
9326,192,201,LAE,3.0697067077345577
9327,192,210,LAE,5.7959088909999625
9328,192,196,LAE,3.1129847616593187
9329,193,206,LAE,6.351822948577676
9330,193,196,LAE,4.12854232391445
9331,193,199,LAE,8.496003961544577
9332,193,196,LAE,10.233313048315914
9333,193,196,LAE,1.9894019955473203
9334,193,197,LAE,2.600993601374482
9335,193,198,LAE,1.7668743715741162
9336,193,221,LAE,5.6591409939744395
9337,194,200,LAE,14.43578257601895
9338,194,196,LAE,4.091014726822228
9339,194,196,LAE,1.7675823575248755
9340,194,202,LAE,2.5167980768389677
9341,194,196,LAE,4.766910167384249
9342,194,201,LAE,7.368654474738489
9343,194,196,LAE,6.064523054373038
9344,194,196,LAE,4.347224447998646
9345,194,200,LAE,4.695906488345833
9346,194,199,LAE,4.4369121488443115
9347,194,197,LAE,1.8931492724337966
9348,194,208,LAE,6.251024496670605
9349,194,196,LAE,10.411165479954162
9350,195,211,LAE,4.161495327282511
9351,195,208,LAE,3.2743052546450846
9352,195,196,LAE,4.156146603144546
9353,195,196,LAE,10.64002882387804
9354,195,196,LAE,1.1397614344990128
9355,195,196,LAE,1.4270301054067587
9356,195,196,LAE,9.949443970500518
9357,195,198,LAE,13.28869940845112
9358,195,214,LAE,4.493246222415702
9359,195,199,LAE,2.1005881060966747
9360,195,201,LAE,2.194157318856377
9361,195,200,LAE,1.8307834203189464
9362,195,211,LAE,3.5845318875532928
9363,195,198,LAE,1.7941057731561467
9364,195,200,LAE,2.9937944052385537
9365,195,201,LAE,2.9849780772326557
9366,195,216,LAE,3.7762545857056877
9367,195,198,LAE,1.5854819097815351
9368,195,197,LAE,3.8264945992588446
9369,195,197,LAE,4.483625209761189
9370,195,196,LAE,4.124995840663465
9371,193,205,LAE,3.0570831320633944
9372,193,200,LAE,4.760552093914682
9373,193,197,LAE,4.491634959667711
9374,193,199,LAE,7.941178970038851
9375,193,197,LAE,4.978494527868807
9376,193,197,LAE,4.238155550966999
9377,193,204,LAE,3.0734378604441153
9378,193,216,LAE,11.190077963739112
9379,194,211,LAE,6.078345166692455
9380,194,197,LAE,2.918864370604263
9381,194,197,LAE,11.381274637236574
9382,194,197,LAE,3.3294684573087143
9383,194,197,LAE,10.340154717022584
9384,194,199,LAE,4.591484436352759
9385,194,199,LAE,2.6508803897368405
9386,194,197,LAE,2.1495801720709435
9387,194,205,LAE,15.31944112519143
9388,195,198,LAE,6.852518827848818
9389,195,198,LAE,3.6462157570616065
9390,195,197,LAE,3.582540011928748
9391,195,202,LAE,2.5965645400455544
9392,195,197,LAE,3.3044747933263623
9393,195,198,LAE,5.008225770985697
9394,195,224,LAE,5.88730532474016
9395,195,204,LAE,3.987423668794564
9396,195,197,LAE,4.032102864969466
9397,196,247,LAE,7.417284452446043
9398,196,204,LAE,3.979238649082024
9399,196,206,LAE,8.665986097121303
9400,196,206,LAE,3.0684777989285563
9401,196,201,LAE,7.183213584583652
9402,196,208,LAE,3.906851639684835
9403,196,197,LAE,1.401504409158251
9404,196,205,LAE,8.654765035848905
9405,196,197,LAE,1.4780482730782818
9406,196,199,LAE,1.6100342574496562
9407,196,197,LAE,1.3687934682297074
9408,196,204,LAE,2.4132003296899045
9409,196,200,LAE,2.1128345735242826
9410,196,205,LAE,9.11924635696899
9411,196,197,LAE,4.6044166233683255
9412,196,201,LAE,4.057146097389291
9413,196,202,LAE,2.2291423099213854
9414,194,198,LAE,4.701232992127374
9415,195,198,LAE,2.555376328591093
9416,195,198,LAE,2.452274557971304
9417,196,204,LAE,2.6016065548819682
9418,196,209,LAE,3.3572613353239626
9419,196,207,LAE,9.107378382271198
9420,196,198,LAE,3.83108822569226
9421,196,208,LAE,5.509736519604804
9422,196,198,LAE,7.60490812946247
9423,196,201,LAE,2.5059252281964577
9424,196,198,LAE,1.6455187738772235
9425,196,200,LAE,2.2912507055407905
9426,196,200,LAE,1.7932116530379398
9427,196,201,LAE,5.3712835255233715
9428,196,206,LAE,7.9978023401950775
9429,196,200,LAE,1.9781010238453651
9430,196,198,LAE,2.5397867390459226
9431,196,215,LAE,10.177877621066056
9432,196,198,LAE,4.623481774075493
9433,196,234,LAE,9.368830748379118
9434,196,198,LAE,5.538806911830445
9435,196,213,LAE,3.517767941172133
9436,197,199,LAE,2.2351687272880625
9437,197,212,LAE,8.113800748068847
9438,197,198,LAE,1.242823257408075
9439,197,211,LAE,5.510865276348735
9440,197,214,LAE,3.616206713600471
9441,197,198,LAE,12.125056178794688
9442,197,201,LAE,1.8893648421681655
9443,197,216,LAE,5.155222193697604
9444,197,198,LAE,1.472836183484138
9445,197,199,LAE,5.36577086731647
9446,197,201,LAE,4.782203665446587
9447,197,198,LAE,2.1271320765927904
9448,197,198,LAE,2.051829956148474
9449,197,198,LAE,3.4479887599021937
9450,197,212,LAE,3.5662478827471475
9451,197,198,LAE,1.4290830887600714
9452,197,208,LAE,3.1707690795951846
9453,197,198,LAE,3.93404439832318
9454,197,201,LAE,1.7011011480205058
9455,197,198,LAE,4.676371240250994
9456,197,198,LAE,1.5897867263665992
9457,197,205,LAE,3.6650028980837566
9458,197,200,LAE,5.998929857929955
9459,195,199,LAE,4.374237550947418
9460,196,204,LAE,3.4268057273667143
9461,196,206,LAE,3.9438802896626735
9462,196,199,LAE,2.63245493798974
9463,196,204,LAE,2.3832223413595353
9464,196,202,LAE,3.220262380317466
9465,196,208,LAE,5.713014785087849
9466,196,203,LAE,4.603304330726033
9467,196,199,LAE,7.082013771479085
9468,196,206,LAE,4.853248615282123
9469,196,199,LAE,3.8752320055381486
9470,196,199,LAE,4.372399532938612
9471,196,199,LAE,6.2987071832386965
9472,197,207,LAE,2.4789962740888796
9473,197,212,LAE,5.347410997483539
9474,197,204,LAE,3.6912199421430425
9475,197,204,LAE,12.223898087006837
9476,197,202,LAE,2.282024824709034
9477,197,207,LAE,3.499558389696757
9478,197,208,LAE,3.8904211676354716
9479,197,199,LAE,9.379544252705418
9480,198,212,LAE,8.472961277377651
9481,198,203,LAE,7.098713992131362
9482,198,222,LAE,7.984853637695574
9483,198,201,LAE,2.1197550454259737
9484,198,214,LAE,3.998624855271677
9485,198,200,LAE,3.9000223132979515
9486,198,199,LAE,0.9191692983030763
9487,198,199,LAE,1.321664610656868
9488,198,200,LAE,1.5997619635385265
9489,198,221,LAE,8.369907282322195
9490,198,206,LAE,2.785565571570505
9491,198,202,LAE,8.111933092952183
9492,198,200,LAE,2.1468127999213236
9493,198,203,LAE,3.448661918231818
9494,198,202,LAE,12.855458821420468
9495,198,208,LAE,5.234593856436905
9496,198,213,LAE,3.492726898931919
9497,198,200,LAE,1.4373385970712758
9498,198,199,LAE,2.1071271713230004
9499,198,201,LAE,4.606296959757838
9500,198,200,LAE,3.348902316033429
9501,198,202,LAE,2.7406620490774944
9502,196,200,LAE,3.522355078435572
9503,196,200,LAE,4.527910381746501
9504,197,200,LAE,10.270062934953874
9505,197,200,LAE,6.349185281809206
9506,197,210,LAE,3.6378074694051743
9507,197,208,LAE,7.196302956922325
9508,197,202,LAE,9.980863899180575
9509,198,206,LAE,3.5038176904881944
9510,198,206,LAE,12.274267064961778
9511,198,200,LAE,7.615003187412104
9512,198,200,LAE,1.2466030386714555
9513,198,209,LAE,5.369109517592967
9514,198,204,LAE,2.2759284781012092
9515,198,200,LAE,1.351979920430916
9516,198,211,LAE,3.5264037590319406
9517,198,206,LAE,2.842019711084813
9518,199,203,LAE,4.106738265024712
9519,199,201,LAE,3.7970768047956547
9520,199,200,LAE,3.456087652571
9521,199,202,LAE,3.9214067835563537
9522,199,200,LAE,3.581659564097637
9523,199,223,LAE,4.924496450318634
9524,199,203,LAE,1.9709967451058419
9525,199,214,LAE,3.373505019052291
9526,199,215,LAE,3.3206192650330584
9527,199,203,LAE,1.9748006114290921
9528,199,201,LAE,10.272673590243443
9529,199,200,LAE,3.6810100947412696
9530,199,203,LAE,3.9130322617562845
9531,199,200,LAE,14.246173784420945
9532,199,201,LAE,3.790400560865928
9533,199,212,LAE,5.4798168817709385
9534,199,203,LAE,1.6814064119969334
9535,199,200,LAE,1.973519027370633
9536,199,200,LAE,11.28166433034039
9537,197,205,LAE,3.8955377444763917
9538,197,201,LAE,4.317636474420871
9539,197,203,LAE,2.353127430525902
9540,197,201,LAE,2.6637364516543376
9541,197,203,LAE,4.873961501107065
9542,197,201,LAE,4.6763059098299316
9543,198,209,LAE,10.539684222323947
9544,198,201,LAE,5.3695057088043
9545,198,206,LAE,2.58442575662386
9546,198,201,LAE,1.9574822003918309
9547,198,201,LAE,2.0025329508870144
9548,198,215,LAE,3.8141074230427643
9549,198,201,LAE,2.195076951688828
9550,198,204,LAE,6.401464061698835
9551,199,214,LAE,7.493222279604518
9552,199,203,LAE,4.2540809075088495
9553,199,206,LAE,21.551985205163437
9554,199,212,LAE,5.590380568373638
9555,199,204,LAE,2.5586614895764224
9556,199,201,LAE,1.8719617597928604
9557,199,209,LAE,3.2731429876626477
9558,199,202,LAE,2.0688511969720786
9559,199,204,LAE,10.87430161938575
9560,200,201,LAE,1.1517321399578098
9561,200,201,LAE,3.313417173721869
9562,200,212,LAE,9.94013259665746
9563,200,201,LAE,1.5998562211679292
9564,200,207,LAE,10.983963295079334
9565,200,201,LAE,1.8982706845163926
9566,200,202,LAE,2.2380632010649633
9567,200,201,LAE,1.8804822962665748
9568,200,202,LAE,2.452786820022842
9569,200,206,LAE,2.995596347331745
9570,200,205,LAE,2.2928354308864156
9571,200,211,LAE,3.4424729464536066
9572,200,211,LAE,8.582092409429677
9573,200,201,LAE,4.364956559777614
9574,198,202,LAE,2.1590600771133084
9575,198,202,LAE,10.1348607298946
9576,198,202,LAE,2.1580186731996402
9577,198,202,LAE,9.768873390995294
9578,199,202,LAE,4.649631411457635
9579,199,202,LAE,3.6469006096470675
9580,199,202,LAE,2.0196132684952337
9581,200,217,LAE,3.7706065058229887
9582,200,203,LAE,1.8509795157370776
9583,200,205,LAE,2.0899112365534522
9584,200,203,LAE,1.7333006312189447
9585,200,205,LAE,9.58529827871204
9586,200,202,LAE,1.755965886727916
9587,200,208,LAE,9.440793296916699
9588,200,202,LAE,1.8826483444941038
9589,200,212,LAE,5.84070967274177
9590,200,204,LAE,14.692729337170142
9591,200,202,LAE,3.6986653534547584
9592,200,210,LAE,2.924263571708532
9593,201,224,LAE,7.000022697978261
9594,201,214,LAE,7.042704175257207
9595,201,202,LAE,4.200405725599029
9596,201,203,LAE,1.497409718270606
9597,201,205,LAE,1.603599898576291
9598,201,208,LAE,2.009715775730547
9599,201,212,LAE,5.738550874478913
9600,201,202,LAE,3.6592150376951165
9601,201,207,LAE,5.368095421232777
9602,201,203,LAE,5.008698470404425
9603,201,209,LAE,10.62922245567807
9604,201,202,LAE,1.7161118489616871
9605,201,219,LAE,3.5765945343110648
9606,201,204,LAE,7.647348818688551
9607,201,202,LAE,2.7398468235304314
9608,201,219,LAE,4.515947014558741
9609,201,217,LAE,3.69436988234321
9610,201,202,LAE,1.2133568802069483
9611,201,202,LAE,2.2421851305079676
9612,201,205,LAE,1.8491773608131783
9613,201,203,LAE,1.7833298614979862
9614,201,202,LAE,10.977108657667712
9615,201,202,LAE,7.247297413422963
9616,201,202,LAE,7.080296182336746
9617,201,223,LAE,5.148051370300422
9618,201,205,LAE,1.7950907257479165
9619,201,205,LAE,6.363859293607272
9620,201,202,LAE,1.934758030497316
9621,199,203,LAE,4.9770960517566385
9622,199,203,LAE,2.0205259841830547
9623,199,203,LAE,4.1459333065481925
9624,199,204,LAE,2.4106494821932065
9625,200,210,LAE,5.309952789802909
9626,200,203,LAE,4.444867442228776
9627,200,210,LAE,7.070295997337223
9628,200,211,LAE,8.185061716319963
9629,200,203,LAE,9.26486527386801
9630,200,214,LAE,5.753550201794167
9631,200,208,LAE,5.5269361618703305
9632,201,204,LAE,1.7104854069350826
9633,201,204,LAE,1.6223720971203022
9634,201,223,LAE,6.336997096334592
9635,201,212,LAE,22.046229238759537
9636,201,206,LAE,9.833405810353778
9637,201,203,LAE,1.8191412844153416
9638,201,203,LAE,1.5845853256195745
9639,201,213,LAE,4.815398917360801
9640,201,204,LAE,10.13816260182313
9641,202,213,LAE,5.107914766919142
9642,202,204,LAE,1.5224811775133995
9643,202,203,LAE,1.3494504544073669
9644,202,210,LAE,8.064695244494507
9645,202,204,LAE,1.5844916991429063
9646,202,203,LAE,1.5820616081777792
9647,202,206,LAE,12.834364950217413
9648,202,214,LAE,3.113278092811972
9649,202,207,LAE,8.021582154308996
9650,202,203,LAE,1.4763270660533456
9651,202,213,LAE,2.9862146862772114
9652,202,237,LAE,6.213093182963209
9653,202,204,LAE,1.556966339549492
9654,202,206,LAE,1.8267553312628109
9655,202,206,LAE,2.769459611216181
9656,200,204,LAE,5.0174872982088505
9657,200,206,LAE,8.813562665259257
9658,201,206,LAE,1.7546128669300642
9659,201,206,LAE,2.282559267542213
9660,201,204,LAE,11.324451650006594
9661,201,225,LAE,5.002842868332457
9662,201,204,LAE,4.534346493896358
9663,201,204,LAE,5.672918776064499
9664,202,209,LAE,8.497247757972096
9665,202,220,LAE,3.6681972809253276
9666,202,204,LAE,2.189466431789882
9667,202,206,LAE,3.0662259010587904
9668,202,204,LAE,7.211551823531625
9669,202,206,LAE,8.899890630471203
9670,202,212,LAE,4.558506836905078
9671,202,204,LAE,6.431022479845283
9672,202,204,LAE,6.479158292388463
9673,202,204,LAE,3.0418016818296434
9674,203,207,LAE,1.9358460886846496
9675,203,222,LAE,3.793571590125353
9676,203,206,LAE,1.5550500139101395
9677,203,204,LAE,3.6737826206397446
9678,203,226,LAE,4.578251858844448
9679,203,204,LAE,3.5641187265012015
9680,203,204,LAE,1.2807503356346364
9681,203,221,LAE,3.6686229355435196
9682,203,204,LAE,3.679757115740446
9683,203,208,LAE,4.701704039879715
9684,203,207,LAE,1.845526277161864
9685,203,204,LAE,3.625217410652596
9686,203,206,LAE,9.16420190859544
9687,203,208,LAE,6.432361897007477
9688,203,204,LAE,2.5947799101309945
9689,203,208,LAE,2.8363999190614253
9690,201,209,LAE,10.619806937094413
9691,201,205,LAE,12.367601715161145
9692,201,210,LAE,8.739899638403855
9693,202,212,LAE,12.020137385162922
9694,202,205,LAE,9.475322695274926
9695,202,205,LAE,2.116940380156491
9696,202,232,LAE,5.715601851025491
9697,203,205,LAE,3.037737543328108
9698,203,212,LAE,5.290285247715817
9699,203,206,LAE,2.9664725459214525
9700,203,207,LAE,2.7802167311005372
9701,203,205,LAE,3.3246467912413595
9702,203,216,LAE,2.53381768213345
9703,203,216,LAE,2.710148968181223
9704,203,216,LAE,2.789349000390952
9705,203,207,LAE,1.687490246576202
9706,203,205,LAE,4.279038449382329
9707,203,207,LAE,1.7712382228028984
9708,203,205,LAE,10.297608694866156
9709,203,205,LAE,1.861671323119594
9710,203,206,LAE,3.9280252876463813
9711,203,218,LAE,2.84828261465282
9712,203,210,LAE,10.394881562785502
9713,203,215,LAE,3.306893268405378
9714,203,211,LAE,5.004168201282548
9715,203,205,LAE,4.045399342432708
9716,203,210,LAE,2.7724799466429517
9717,204,208,LAE,2.3579491298989472
9718,204,214,LAE,9.575825252829512
9719,204,210,LAE,4.3947270892395025
9720,204,209,LAE,1.8345948313657172
9721,204,207,LAE,1.5103162167685342
9722,204,205,LAE,4.5436015718020375
9723,204,217,LAE,2.584933234975243
9724,204,206,LAE,1.8265278945404075
9725,204,216,LAE,2.504524910969043
9726,204,205,LAE,4.116642275506422
9727,204,224,LAE,4.409455790501916
9728,204,205,LAE,1.2077492904771594
9729,204,210,LAE,5.178632600442535
9730,204,206,LAE,4.595453631502176
9731,204,205,LAE,1.1217822263914072
9732,204,216,LAE,2.5226059612986647
9733,204,209,LAE,4.085429512840492
9734,204,207,LAE,9.966429997725898
9735,204,210,LAE,1.8996407979232988
9736,204,206,LAE,5.6766372198284945
9737,204,221,LAE,4.017638129862923
9738,202,208,LAE,3.5082051954703015
9739,202,212,LAE,4.716976461146395
9740,202,206,LAE,7.456720375574136
9741,203,206,LAE,8.505286409688127
9742,203,219,LAE,10.215023629146868
9743,203,212,LAE,2.363400892405416
9744,203,209,LAE,17.533755782922373
9745,204,206,LAE,2.517636147807459
9746,204,206,LAE,2.746706883613943
9747,204,206,LAE,1.36249390862073
9748,204,225,LAE,4.303234189096131
9749,204,206,LAE,3.92763561887669
9750,204,206,LAE,1.6987289573325695
9751,204,210,LAE,1.8107692838102136
9752,204,210,LAE,1.9512581424219895
9753,204,243,LAE,7.992334854740001
9754,204,209,LAE,2.370564266016024
9755,204,210,LAE,4.107312209855155
9756,204,208,LAE,2.7752963362509497
9757,204,208,LAE,4.261544039317418
9758,204,206,LAE,1.409153239107534
9759,204,209,LAE,1.9520278817430454
9760,204,208,LAE,11.628075716416403
9761,204,212,LAE,2.105226100707677
9762,204,206,LAE,4.662208509280332
9763,205,206,LAE,1.0140978970661354
9764,205,213,LAE,2.5283393743281604
9765,205,211,LAE,4.796307278163995
9766,205,233,LAE,6.653676882971808
9767,205,206,LAE,3.831301397220786
9768,205,215,LAE,2.7968870952080995
9769,205,206,LAE,4.716021865964844
9770,205,206,LAE,6.7047600953064945
9771,205,221,LAE,3.860385411507303
9772,205,206,LAE,1.9960573484120174
9773,205,210,LAE,10.07931844931972
9774,205,210,LAE,7.20523076938926
9775,205,208,LAE,4.111574136292331
9776,205,209,LAE,1.638018317591532
9777,205,206,LAE,10.124584997567078
9778,205,216,LAE,2.4172829133371168
9779,205,206,LAE,5.543372865709636
9780,203,216,LAE,2.71558196014206
9781,203,211,LAE,9.38893924510614
9782,203,208,LAE,9.815894273739437
9783,203,207,LAE,3.0590221363377594
9784,204,209,LAE,1.7873401992099702
9785,204,207,LAE,3.9011563419757036
9786,204,209,LAE,1.916704360312375
9787,204,215,LAE,5.97389432191953
9788,204,207,LAE,3.0120382309475393
9789,204,207,LAE,11.840733761612427
9790,204,207,LAE,3.5451284829085523
9791,204,209,LAE,2.0441038371271194
9792,204,208,LAE,5.104498446708099
9793,204,208,LAE,2.8674371527212306
9794,204,208,LAE,1.764452551583344
9795,205,222,LAE,3.8842775502086773
9796,205,207,LAE,2.5851405256309397
9797,205,225,LAE,4.315505038450199
9798,205,207,LAE,6.386613268893539
9799,205,208,LAE,5.989119970856361
9800,205,216,LAE,2.5461765185345766
9801,205,207,LAE,6.333823446873759
9802,205,207,LAE,2.1094520055365256
9803,205,207,LAE,2.7759409465386913
9804,205,207,LAE,3.426122556888935
9805,205,207,LAE,3.8490128568190936
9806,205,222,LAE,3.7685550890392356
9807,206,214,LAE,2.9750421153652353
9808,206,207,LAE,2.634513564100059
9809,206,210,LAE,9.384519182435014
9810,206,216,LAE,3.3074730675888535
9811,206,211,LAE,6.281542342560656
9812,206,227,LAE,3.984967143495844
9813,206,216,LAE,2.360704630686335
9814,206,209,LAE,2.298281106110761
9815,206,207,LAE,2.4114897933110737
9816,206,207,LAE,7.9235788785874
9817,206,226,LAE,4.267549586405778
9818,206,211,LAE,4.764365474226108
9819,204,208,LAE,8.477618462171222
9820,204,209,LAE,1.8562487415760869
9821,205,208,LAE,4.488640143713354
9822,205,208,LAE,7.789721859541511
9823,205,208,LAE,4.378826497320269
9824,205,208,LAE,1.8104319000846885
9825,205,212,LAE,6.6404704189321855
9826,205,208,LAE,3.687006912331253
9827,206,210,LAE,1.6535567859266977
9828,206,217,LAE,2.3102390490872087
9829,206,208,LAE,5.867347737936384
9830,206,213,LAE,3.671980382933533
9831,206,217,LAE,2.8544489918734386
9832,206,208,LAE,4.992460077917988
9833,206,211,LAE,2.6754807923582637
9834,206,208,LAE,4.8953792493326365
9835,206,214,LAE,3.8649306736252576
9836,206,208,LAE,5.698204729864407
9837,206,212,LAE,2.576380318810695
9838,206,211,LAE,1.709070654735109
9839,207,211,LAE,2.025762973880733
9840,207,213,LAE,1.9695997205604276
9841,207,217,LAE,6.089667268494214
9842,207,217,LAE,6.637761714905643
9843,207,208,LAE,2.3850878166467453
9844,207,215,LAE,2.921535660612549
9845,207,209,LAE,1.3381366149208243
9846,207,210,LAE,11.602399675489346
9847,207,208,LAE,4.127950340575858
9848,207,216,LAE,2.151827990259243
9849,207,208,LAE,3.434484300487189
9850,207,227,LAE,4.694838953013336
9851,207,209,LAE,1.288510158293984
9852,205,221,LAE,3.7359502931610655
9853,206,229,LAE,6.771631119640874
9854,206,209,LAE,4.104986431205965
9855,206,209,LAE,5.844997733974407
9856,206,209,LAE,9.545824781576215
9857,206,209,LAE,6.12040018294551
9858,206,209,LAE,6.2923349834252935
9859,206,211,LAE,2.47192624807224
9860,206,215,LAE,6.341015691320989
9861,206,209,LAE,3.993908355520597
9862,207,209,LAE,1.589374227689798
9863,207,214,LAE,2.900705582218321
9864,207,216,LAE,3.0906196564893453
9865,207,209,LAE,2.2272827423476795
9866,207,209,LAE,1.8725431678935631
9867,207,209,LAE,9.170269460030775
9868,207,224,LAE,4.5780710100721835
9869,208,210,LAE,10.811884013006095
9870,208,212,LAE,11.137614882668144
9871,208,210,LAE,5.797644398378549
9872,208,209,LAE,4.107397770179598
9873,208,215,LAE,8.314658218863531
9874,208,209,LAE,1.2999646542648593
9875,208,216,LAE,3.668815211302865
9876,208,209,LAE,9.252142663897326
9877,208,211,LAE,8.144309793381948
9878,208,214,LAE,2.914488833776794
9879,208,235,LAE,5.107321776908685
9880,208,213,LAE,2.214685715727069
9881,208,214,LAE,2.649098182906839
9882,208,216,LAE,3.838516164095334
9883,208,214,LAE,1.9830097420704085
9884,208,213,LAE,4.472527213622937
9885,208,209,LAE,2.1058069590209554
9886,208,209,LAE,8.767979627885522
9887,208,209,LAE,1.2770838563890832
9888,206,210,LAE,4.701052055971425
9889,206,210,LAE,4.405200327057956
9890,207,212,LAE,5.1656318883725225
9891,207,210,LAE,1.9787782237590057
9892,207,210,LAE,5.71289607512207
9893,207,210,LAE,3.4201593365758223
9894,207,213,LAE,5.180154153401856
9895,207,210,LAE,5.2295738450374625
9896,207,240,LAE,5.305610095671525
9897,207,210,LAE,1.4550972016091226
9898,208,212,LAE,10.284306770643742
9899,208,210,LAE,10.686372941623754
9900,208,210,LAE,2.096282192355406
9901,208,210,LAE,2.115659520894827
9902,208,212,LAE,1.6387188807232806
9903,208,218,LAE,5.81326257610476
9904,208,221,LAE,5.752014047480026
9905,208,216,LAE,2.0153338824849705
9906,208,212,LAE,6.581425580819058
9907,208,215,LAE,9.142968614755345
9908,208,210,LAE,2.156080282766117
9909,208,210,LAE,4.324933494876835
9910,209,217,LAE,1.924103471169284
9911,209,217,LAE,3.5641636166985204
9912,209,213,LAE,1.650698073166641
9913,209,212,LAE,12.169103737543306
9914,209,229,LAE,3.960006636195712
9915,209,216,LAE,1.9020939561525825
9916,209,210,LAE,9.626711257552817
9917,209,210,LAE,1.1435942691927907
9918,209,210,LAE,6.730089539365424
9919,209,213,LAE,1.7729701105779883
9920,209,223,LAE,3.405393339375725
9921,209,217,LAE,6.244386130345959
9922,209,212,LAE,7.192140820454577
9923,209,210,LAE,8.607541530434196
9924,209,210,LAE,5.47480237250459
9925,209,210,LAE,5.664173873848479
9926,209,211,LAE,11.77751446165239
9927,209,211,LAE,5.8807000108702345
9928,209,214,LAE,10.855685116625555
9929,209,210,LAE,17.21614098220315
9930,209,210,LAE,6.194453750538945
9931,207,211,LAE,4.108979965524653
9932,207,211,LAE,2.9983478003379886
9933,207,213,LAE,3.5447026728356077
9934,207,234,LAE,6.042625162024767
9935,208,225,LAE,9.098112315696003
9936,208,212,LAE,1.9315808018082443
9937,208,218,LAE,3.55368271858535
9938,208,224,LAE,5.720447111219155
9939,208,214,LAE,3.1649098160855624
9940,209,214,LAE,2.7901437206802497
9941,209,211,LAE,1.2672056259139444
9942,209,215,LAE,7.46419567428099
9943,209,213,LAE,11.620809211155835
9944,209,211,LAE,8.3994063652213
9945,209,215,LAE,3.0121598114335235
9946,209,211,LAE,4.066463119637152
9947,209,213,LAE,1.5577588704339176
9948,209,211,LAE,2.059455329567191
9949,209,211,LAE,1.2922141732385521
9950,209,213,LAE,1.933440417103637
9951,209,229,LAE,4.058409421892125
9952,209,215,LAE,2.308993579892822
9953,209,211,LAE,1.2741065685869137
9954,210,212,LAE,19.555307167728948
9955,210,225,LAE,3.4149169664651238
9956,210,211,LAE,3.8862463967009675
9957,210,211,LAE,7.317473257716005
9958,210,211,LAE,5.304175111618478
9959,210,224,LAE,3.3461748637219033
9960,210,211,LAE,2.932632080274033
9961,210,217,LAE,10.696883401416791
9962,210,212,LAE,3.629529136559743
9963,210,227,LAE,9.342255278611129
9964,210,218,LAE,3.6618456470288865
9965,210,223,LAE,3.1876699748233985
9966,210,214,LAE,2.0618689728189397
9967,210,211,LAE,12.285945617757214
9968,210,232,LAE,4.4583517990874615
9969,210,211,LAE,8.630879563058953
9970,208,212,LAE,5.126593409996727
9971,209,216,LAE,8.54405891220626
9972,209,212,LAE,9.960563419440184
9973,209,213,LAE,6.9573906053245915
9974,209,213,LAE,9.10503962524854
9975,210,222,LAE,9.111531277347806
9976,210,213,LAE,3.402850062965271
9977,210,213,LAE,3.6399813758450805
9978,210,216,LAE,10.868642164475244
9979,210,212,LAE,1.8815771992098396
9980,210,218,LAE,4.361154759855557
9981,210,232,LAE,4.924930247099174
9982,210,222,LAE,3.0989841444388233
9983,211,213,LAE,2.6504736328752805
9984,211,225,LAE,2.977784817914007
9985,211,215,LAE,4.979616193393648
9986,211,212,LAE,10.146488319704632
9987,211,215,LAE,1.4743188619698546
9988,211,213,LAE,1.5538095908861285
9989,211,225,LAE,3.298365926280207
9990,211,221,LAE,3.1222071403247287
9991,211,214,LAE,4.29728718291358
9992,211,212,LAE,10.187234369405024
9993,211,219,LAE,3.14904238772928
9994,211,227,LAE,3.0595971187192466
9995,211,226,LAE,3.235968269734505
9996,211,212,LAE,6.644200037351633
9997,211,215,LAE,3.2711668301426307
9998,211,212,LAE,11.077907296389295
9999,211,219,LAE,3.07160236536987
10000,211,223,LAE,2.952165586137783
10001,211,230,LAE,6.886711976736745
10002,211,212,LAE,1.3799380327147912
10003,211,214,LAE,1.9794434377132786
10004,211,212,LAE,3.0762876244638
10005,211,227,LAE,3.522745204181888
10006,211,220,LAE,2.342205579730669
10007,211,212,LAE,1.7394205385723713
10008,211,212,LAE,5.077197499467203
10009,211,212,LAE,1.5223264635013947
10010,209,221,LAE,3.0400648661705696
10011,209,213,LAE,6.631761843243702
10012,209,213,LAE,6.12389814852929
10013,210,213,LAE,1.7810142075431468
10014,210,215,LAE,1.812850948704819
10015,210,213,LAE,17.943428510367806
10016,210,213,LAE,10.187967833305345
10017,211,214,LAE,9.705979298966007
10018,211,213,LAE,3.68673232777538
10019,211,214,LAE,8.822598078323253
10020,211,213,LAE,1.7055001974111161
10021,211,215,LAE,1.7429031610692323
10022,212,229,LAE,10.85880599786394
10023,212,224,LAE,3.136356285833038
10024,212,224,LAE,3.07809321026695
10025,212,222,LAE,3.132982207388627
10026,212,215,LAE,8.348074755525523
10027,212,214,LAE,1.9504974138892235
10028,212,224,LAE,3.025193147947533
10029,212,235,LAE,5.039146105212142
10030,212,213,LAE,4.95421465549926
10031,212,215,LAE,1.9689819488010973
10032,212,214,LAE,10.378898346484885
10033,212,220,LAE,3.151206511117043
10034,212,222,LAE,11.947814428002948
10035,212,223,LAE,4.817062261917164
10036,212,213,LAE,1.4922308067431993
10037,212,228,LAE,7.0323507381720445
10038,212,232,LAE,4.321962115455587
10039,212,243,LAE,7.319574238594937
10040,212,213,LAE,2.0422423117150927
10041,212,213,LAE,1.6571237949325266
10042,212,213,LAE,1.359391311879007
10043,212,231,LAE,4.515313026472946
10044,212,226,LAE,3.1347032659155407
10045,212,221,LAE,3.1108029085235915
10046,212,213,LAE,1.0798119816442895
10047,210,217,LAE,9.8819252520203
10048,210,216,LAE,1.7341994761368476
10049,210,226,LAE,11.32362362520455
10050,211,218,LAE,3.4329704234119527
10051,211,224,LAE,3.2233526505642396
10052,211,214,LAE,6.7199141729900145
10053,211,219,LAE,5.272106818080001
10054,211,214,LAE,7.218288086307883
10055,211,229,LAE,3.9230335640710057
10056,212,214,LAE,1.7975057677930433
10057,212,225,LAE,3.229160352684166
10058,212,222,LAE,3.0727743132209855
10059,212,228,LAE,3.435648355499533
10060,212,217,LAE,4.576623757165437
10061,212,232,LAE,7.29033430631188
10062,212,214,LAE,6.307898110105951
10063,212,235,LAE,4.771762444230945
10064,212,216,LAE,8.125024188918502
10065,212,217,LAE,1.702105368051402
10066,212,214,LAE,2.9572138035244078
10067,212,214,LAE,7.179614905217677
10068,213,218,LAE,8.84975238611977
10069,213,214,LAE,1.4651346395454974
10070,213,217,LAE,2.2762773042641387
10071,213,225,LAE,3.2125766089377104
10072,213,215,LAE,1.341321690056178
10073,213,214,LAE,1.5839698620224583
10074,213,214,LAE,1.421852745046297
10075,213,214,LAE,1.460049724609626
10076,213,216,LAE,13.889677870254504
10077,213,219,LAE,4.427747452841377
10078,213,214,LAE,7.199012820390298
10079,213,240,LAE,8.626022817051965
10080,213,215,LAE,11.789127813099045
10081,213,227,LAE,2.956011459666665
10082,213,217,LAE,1.3680231947880808
10083,213,225,LAE,5.668840367676355
10084,213,221,LAE,3.181805911774838
10085,213,226,LAE,6.029041149407926
10086,213,221,LAE,2.8616645858278424
10087,213,215,LAE,1.4747912776728085
10088,213,229,LAE,3.2933457879141383
10089,211,215,LAE,5.409653091395303
10090,212,215,LAE,3.0147676948479707
10091,212,217,LAE,1.6432169717652445
10092,212,217,LAE,3.169607973601993
10093,212,228,LAE,5.388513523354251
10094,213,216,LAE,4.685351227854496
10095,213,218,LAE,3.8087337515676634
10096,213,225,LAE,5.187464869261321
10097,213,215,LAE,8.394128717825298
10098,213,215,LAE,13.407756485206274
10099,213,215,LAE,3.5571106789733085
10100,213,220,LAE,2.9594746634362274
10101,213,215,LAE,4.4887339062455505
10102,213,222,LAE,4.738613090862648
10103,213,223,LAE,4.919570728288403
10104,213,217,LAE,11.510970432298395
10105,213,218,LAE,11.26262752213604
10106,214,227,LAE,3.3739852087943327
10107,214,215,LAE,1.3316381249103102
10108,214,221,LAE,2.972007400990319
10109,214,222,LAE,2.32459522163818
10110,214,216,LAE,1.3249418257788246
10111,214,225,LAE,3.1631580448062495
10112,214,227,LAE,3.2101461223791072
10113,214,228,LAE,3.3449242089322655
10114,214,216,LAE,1.3135851948672381
10115,214,215,LAE,1.220680788535984
10116,214,231,LAE,3.7015493459625324
10117,214,215,LAE,1.5180471970180975
10118,214,216,LAE,3.417425388062531
10119,214,223,LAE,2.458222248341812
10120,214,215,LAE,6.650405212590235
10121,214,222,LAE,2.9484465122318966
10122,212,223,LAE,3.751376773926456
10123,212,226,LAE,2.946013267005853
10124,212,232,LAE,6.439890193731375
10125,213,216,LAE,12.188428638703769
10126,213,221,LAE,4.173602702695481
10127,213,216,LAE,10.205210500368274
10128,213,216,LAE,3.975490803335809
10129,213,240,LAE,4.873821689994926
10130,213,216,LAE,1.31462153692321
10131,213,224,LAE,2.999508748403465
10132,213,216,LAE,5.920689419984156
10133,213,216,LAE,4.92551920955647
10134,213,234,LAE,3.8619917058858277
10135,213,228,LAE,3.343480226922052
10136,214,219,LAE,7.466898871164103
10137,214,217,LAE,1.6688358699699073
10138,214,218,LAE,1.3828818004647867
10139,214,216,LAE,8.02509128757742
10140,214,227,LAE,3.3943032818349987
10141,214,217,LAE,1.2402423150884452
10142,214,225,LAE,3.1144568148995613
10143,214,224,LAE,3.102953179585908
10144,214,216,LAE,10.062019777638719
10145,214,221,LAE,11.552768778138436
10146,214,216,LAE,2.6725152469293976
10147,214,256,LAE,9.874846132927008
10148,214,233,LAE,3.5248717992157306
10149,214,231,LAE,3.587931362305084
10150,215,217,LAE,1.2180100025344607
10151,215,216,LAE,6.48134870847273
10152,215,221,LAE,2.8663350863957904
10153,215,216,LAE,3.918243720344702
10154,215,226,LAE,5.083893926019482
10155,215,216,LAE,6.721750547767311
10156,215,225,LAE,5.989512393684758
10157,215,216,LAE,1.0844193541637512
10158,215,225,LAE,4.58485946462275
10159,215,226,LAE,5.185627794131461
10160,215,219,LAE,2.2594531696141993
10161,215,220,LAE,2.1593726445477848
10162,215,229,LAE,6.599956510271699
10163,215,228,LAE,3.629680900631596
10164,215,228,LAE,5.85277109108105
10165,215,219,LAE,3.009587150107319
10166,215,224,LAE,2.1504132242788656
10167,215,219,LAE,1.8336064617298333
10168,215,216,LAE,8.270936343458585
10169,215,232,LAE,3.4767112929398625
10170,215,224,LAE,5.788628776799291
10171,215,227,LAE,5.803537380942132
10172,215,226,LAE,5.18344362004158
10173,215,225,LAE,2.8927104111491286
10174,215,217,LAE,1.1451889220525817
10175,215,216,LAE,3.692285363475516
10176,215,218,LAE,1.4990403974011917
10177,215,223,LAE,3.1712745007000795
10178,213,217,LAE,6.540682968224933
10179,213,221,LAE,5.06345272785209
10180,213,217,LAE,3.915709494985424
10181,213,217,LAE,3.5029212085491004
10182,213,233,LAE,4.0973527966004415
10183,213,233,LAE,4.574947887599232
10184,213,230,LAE,6.843577512713917
10185,214,217,LAE,1.9935693747487868
10186,214,222,LAE,3.0305645973049926
10187,214,227,LAE,3.414526420850351
10188,214,217,LAE,7.498256980103186
10189,214,217,LAE,1.2391741549527269
10190,214,219,LAE,1.9140800339758062
10191,215,224,LAE,2.7195587306639104
10192,215,225,LAE,2.474646574145753
10193,215,228,LAE,5.059009401205038
10194,215,223,LAE,4.743304351782545
10195,215,222,LAE,2.435493578165382
10196,215,218,LAE,4.40316926977115
10197,215,223,LAE,2.2913867722695085
10198,215,217,LAE,4.567277310948897
10199,216,217,LAE,2.809906679237831
10200,216,226,LAE,2.1278725677915973
10201,216,218,LAE,4.535740860734085
10202,216,219,LAE,1.8474032518346097
10203,216,230,LAE,3.4417904572929907
10204,216,221,LAE,5.718874843908759
10205,216,230,LAE,3.071502967169233
10206,216,221,LAE,1.8306788956237388
10207,216,229,LAE,3.274972070626785
10208,216,219,LAE,1.9283678244495346
10209,216,229,LAE,2.43694828536057
10210,216,220,LAE,4.583923944264299
10211,216,221,LAE,1.8507791541923686
10212,216,224,LAE,2.343727840538492
10213,216,233,LAE,6.153708996465997
10214,216,225,LAE,5.247452063575984
10215,216,217,LAE,0.8980932360566555
10216,216,217,LAE,12.748035425472382
10217,216,219,LAE,3.84718630241434
10218,216,217,LAE,4.478833327486592
10219,216,237,LAE,4.460212947907593
10220,216,219,LAE,1.689604488614835
10221,216,217,LAE,1.8209622869923607
10222,216,232,LAE,3.347427123907832
10223,214,226,LAE,3.8490974026664797
10224,214,219,LAE,10.322526273205582
10225,214,218,LAE,3.0654844431346957
10226,215,240,LAE,4.451928635450938
10227,215,218,LAE,3.691576262724401
10228,215,225,LAE,2.7000854203145015
10229,215,226,LAE,4.359667713055591
10230,215,221,LAE,16.3318575454097
10231,215,218,LAE,3.2718595599504976
10232,216,231,LAE,5.649211535655635
10233,216,226,LAE,3.0218777926927407
10234,216,228,LAE,5.689309707378946
10235,216,230,LAE,5.61283909853377
10236,216,231,LAE,3.4721328406675243
10237,216,231,LAE,6.068259704118439
10238,216,227,LAE,5.764414154537368
10239,216,218,LAE,3.1421038339525578
10240,216,218,LAE,6.371582091158935
10241,216,222,LAE,4.387254097456895
10242,216,224,LAE,5.410886199465462
10243,216,219,LAE,1.8137837984386422
10244,216,227,LAE,5.643795499183993
10245,217,220,LAE,9.783485689726108
10246,217,224,LAE,2.8619802408037263
10247,217,218,LAE,1.563774162090827
10248,217,226,LAE,2.725171599774536
10249,217,220,LAE,2.8723109425976765
10250,217,225,LAE,7.640539972178645
10251,217,225,LAE,5.732613961517734
10252,217,227,LAE,3.395414979704741
10253,217,218,LAE,9.253209856319936
10254,217,234,LAE,3.9085662841363287
10255,217,218,LAE,7.520080673182258
10256,217,221,LAE,4.318428166092774
10257,217,227,LAE,2.311776589422395
10258,217,219,LAE,9.018796441015299
10259,217,218,LAE,0.8755053488780393
10260,217,223,LAE,4.551584182649119
10261,217,229,LAE,6.347831910872818
10262,217,218,LAE,6.2890582517196405
10263,217,233,LAE,5.535766038247082
10264,217,218,LAE,1.7376042992774512
10265,217,218,LAE,10.466233722372731
10266,217,218,LAE,0.9876484257433923
10267,217,229,LAE,3.4732929789434768
10268,217,226,LAE,2.6852567745670766
10269,217,234,LAE,5.241262715194366
10270,217,223,LAE,4.221807743879624
10271,217,238,LAE,5.043409552743282
10272,217,218,LAE,5.722731493575863
10273,215,219,LAE,4.610565113266518
10274,215,219,LAE,12.017145951890404
10275,216,235,LAE,3.9042502657047393
10276,216,232,LAE,6.057489419229137
10277,217,225,LAE,2.126176103812181
10278,217,224,LAE,6.352538461497491
10279,217,235,LAE,4.201756831688112
10280,217,220,LAE,1.474913747781967
10281,217,234,LAE,3.9530939732855943
10282,217,223,LAE,2.6192017522936326
10283,217,223,LAE,1.9446488298168452
10284,217,223,LAE,4.418245713222436
10285,217,227,LAE,4.14439913699236
10286,217,220,LAE,3.6423335728492257
10287,217,221,LAE,2.9582552280936136
10288,217,220,LAE,2.5150099711874465
10289,217,228,LAE,2.7023089164798693
10290,217,219,LAE,2.778233005831945
10291,217,230,LAE,4.2414234989258714
10292,217,227,LAE,4.15775382626012
10293,218,221,LAE,1.9136646787855738
10294,218,221,LAE,4.197271391685203
10295,218,224,LAE,4.678000670826812
10296,218,219,LAE,3.6856634974948475
10297,218,224,LAE,3.92678984298837
10298,218,227,LAE,4.263766567581718
10299,218,229,LAE,2.7651932179409804
10300,218,234,LAE,5.916181362338186
10301,218,219,LAE,8.205264126952759
10302,218,221,LAE,8.527530299212014
10303,218,222,LAE,3.9482287019849522
10304,218,224,LAE,2.256487548740459
10305,218,245,LAE,5.939222572160569
10306,218,225,LAE,2.791516892797159
10307,218,222,LAE,1.238882076154572
10308,218,219,LAE,4.039535121141263
10309,218,220,LAE,1.5239849691508693
10310,218,230,LAE,7.894252418594965
10311,218,232,LAE,3.8227935590624944
10312,218,219,LAE,1.245251586388297
10313,218,237,LAE,5.288469442038355
10314,216,220,LAE,8.27959744451583
10315,216,227,LAE,3.700554774297286
10316,216,223,LAE,6.647864271155908
10317,216,224,LAE,2.149297676571075
10318,216,240,LAE,4.608818260374292
10319,217,226,LAE,2.148574827848813
10320,217,230,LAE,4.993094607386504
10321,218,225,LAE,3.0511093321678544
10322,218,223,LAE,3.107444963284168
10323,218,224,LAE,2.008520751988792
10324,218,229,LAE,5.37592403344318
10325,218,221,LAE,8.3232325746259
10326,218,228,LAE,5.055357085320538
10327,218,223,LAE,4.964941718696582
10328,218,233,LAE,5.56737893702607
10329,218,227,LAE,2.9820526029730936
10330,218,221,LAE,1.6174267370936313
10331,218,221,LAE,2.105521985318946
10332,218,220,LAE,1.310577572018117
10333,219,222,LAE,1.8873700179300221
10334,219,227,LAE,2.316127073754623
10335,219,237,LAE,3.518593430265229
10336,219,220,LAE,0.9588268339381403
10337,219,222,LAE,4.481436071362189
10338,219,220,LAE,0.9565667726422112
10339,219,234,LAE,3.582380069071164
10340,219,238,LAE,4.368063412154041
10341,219,224,LAE,2.090399062230867
10342,219,222,LAE,1.8314728037122943
10343,219,220,LAE,1.0106771472714458
10344,219,222,LAE,2.3365171710994836
10345,219,226,LAE,9.14473835607274
10346,219,229,LAE,4.313733584612102
10347,219,223,LAE,1.963039322913362
10348,219,220,LAE,0.7370826891036301
10349,219,233,LAE,3.358754672580786
10350,219,237,LAE,7.268040197133329
10351,219,220,LAE,1.5545443986518708
10352,219,226,LAE,2.2388160461667375
10353,219,220,LAE,3.5646636593154444
10354,219,221,LAE,1.3334363301114283
10355,219,227,LAE,3.1262071841169425
10356,219,223,LAE,2.21331613309216
10357,217,240,LAE,4.570978168719928
10358,218,223,LAE,2.1292860626350194
10359,218,231,LAE,5.469743756788897
10360,218,227,LAE,4.913541151097044
10361,218,221,LAE,4.058536820593806
10362,218,240,LAE,3.9885047855799085
10363,218,222,LAE,5.6577218942784615
10364,219,223,LAE,1.699038967649378
10365,219,221,LAE,13.02346700805425
10366,219,227,LAE,2.111957593228563
10367,219,226,LAE,2.7236548759210235
10368,219,241,LAE,4.281120583266795
10369,219,238,LAE,4.301057596595851
10370,219,242,LAE,5.369051773576291
10371,219,221,LAE,4.595560282293471
10372,219,221,LAE,6.656959426081212
10373,219,221,LAE,2.2640694315319894
10374,219,223,LAE,1.6061850568931078
10375,219,224,LAE,5.186794617313008
10376,219,223,LAE,4.810436628876601
10377,219,235,LAE,5.191446405235669
10378,219,221,LAE,2.9885879709936014
10379,220,224,LAE,1.7259014595349866
10380,220,245,LAE,8.190834655277968
10381,220,236,LAE,3.7691437467770856
10382,220,221,LAE,2.06628201090743
10383,220,238,LAE,4.373571601402049
10384,220,224,LAE,2.044414636523855
10385,220,221,LAE,1.496554429684222
10386,220,221,LAE,5.953218631654416
10387,220,221,LAE,3.789574044274593
10388,220,221,LAE,2.0450226555936855
10389,220,242,LAE,5.240629406840844
10390,220,224,LAE,4.109025106030984
10391,220,238,LAE,4.309959311081333
10392,220,228,LAE,10.694245065779791
10393,220,221,LAE,0.9403424620872621
10394,220,225,LAE,2.0264461561174243
10395,220,222,LAE,1.620712590194129
10396,220,222,LAE,6.390105748151159
10397,220,221,LAE,5.942284936777741
10398,220,221,LAE,1.680070537827671
10399,220,222,LAE,7.4044071191395755
10400,218,222,LAE,4.601622254553341
10401,218,226,LAE,8.842599898988414
10402,218,232,LAE,5.417213239764545
10403,218,226,LAE,2.1988458189722566
10404,219,226,LAE,8.596664935844267
10405,219,225,LAE,1.9756815838762851
10406,220,223,LAE,3.7417416866826625
10407,220,225,LAE,2.037067898732611
10408,220,227,LAE,7.583858437069504
10409,220,222,LAE,2.5610632458417655
10410,220,222,LAE,6.4692523265114215
10411,220,237,LAE,4.564040051402226
10412,220,223,LAE,11.474759131029456
10413,220,223,LAE,7.3465253400522625
10414,220,223,LAE,3.8171046765532233
10415,220,224,LAE,2.0816668275346624
10416,220,223,LAE,5.474245029228201
10417,220,222,LAE,8.027333595137174
10418,221,223,LAE,8.410169156706766
10419,221,222,LAE,7.072529564907377
10420,221,230,LAE,10.08627453280236
10421,221,224,LAE,3.601230490980224
10422,221,223,LAE,8.065702754709054
10423,221,224,LAE,1.9077995907161227
10424,221,242,LAE,4.904203999396865
10425,221,222,LAE,8.24395053780021
10426,221,228,LAE,8.73570182212832
10427,221,228,LAE,3.318692572730884
10428,221,234,LAE,5.307669066774523
10429,221,222,LAE,1.8982551616729673
10430,221,235,LAE,3.6981620972945044
10431,221,235,LAE,5.694219985472519
10432,221,234,LAE,4.2201091601244025
10433,221,224,LAE,1.9267885399705924
10434,221,223,LAE,5.639527166143021
10435,221,229,LAE,4.072561037613081
10436,221,229,LAE,2.625773561682066
10437,221,222,LAE,8.183462190575371
10438,221,223,LAE,1.922432232119366
10439,221,228,LAE,1.9590148773145104
10440,221,222,LAE,1.9714940931621852
10441,221,232,LAE,2.7525365153127663
10442,221,230,LAE,5.751143927840277
10443,221,224,LAE,1.55154948946272
10444,221,222,LAE,4.065226201883746
10445,221,229,LAE,2.5030145760179696
10446,219,228,LAE,6.560689250935283
10447,219,228,LAE,2.5374525771539944
10448,219,223,LAE,5.100252596860056
10449,220,243,LAE,12.974248848848745
10450,220,225,LAE,2.1324162140628222
10451,220,223,LAE,2.103688627728023
10452,220,237,LAE,5.6780404025134
10453,220,225,LAE,2.163688259728591
10454,221,225,LAE,10.337201505038818
10455,221,226,LAE,4.173112836267947
10456,221,235,LAE,4.6065286967114
10457,221,223,LAE,11.29506094544542
10458,221,229,LAE,3.7843083029931917
10459,221,228,LAE,9.128574785382273
10460,221,253,LAE,8.676501760134324
10461,222,233,LAE,3.763848105848926
10462,222,242,LAE,7.916957381124022
10463,222,238,LAE,4.38918418392374
10464,222,224,LAE,10.193410262976704
10465,222,231,LAE,3.722915138929218
10466,222,224,LAE,10.50692522402836
10467,222,223,LAE,4.066672245712973
10468,222,224,LAE,9.616421179276651
10469,222,230,LAE,7.412770438105265
10470,222,223,LAE,8.038976504380855
10471,222,227,LAE,7.077815953434441
10472,222,243,LAE,6.977281150563542
10473,222,223,LAE,7.069400371255917
10474,222,241,LAE,4.81257698667098
10475,222,223,LAE,9.626909945961755
10476,222,224,LAE,1.8004191098768576
10477,222,225,LAE,1.8034389984439716
10478,222,223,LAE,9.581029286441428
10479,222,223,LAE,7.757546904358503
10480,222,224,LAE,3.486895329808355
10481,222,223,LAE,2.1170463093226477
10482,222,237,LAE,5.0548378992793
10483,222,238,LAE,4.443236980579997
10484,222,223,LAE,1.3766460649967132
10485,222,223,LAE,2.0666791468159755
10486,222,240,LAE,3.408224332209416
10487,222,248,LAE,17.158304781853253
10488,222,232,LAE,2.44152467369922
10489,222,226,LAE,1.783939939723259
10490,220,232,LAE,5.423659848837722
10491,220,224,LAE,5.155392500335768
10492,221,228,LAE,5.020984525994076
10493,221,239,LAE,5.136528533183547
10494,221,225,LAE,3.937688421342595
10495,221,224,LAE,1.9292425023509414
10496,222,238,LAE,3.385316644978055
10497,222,236,LAE,3.68092594672964
10498,222,224,LAE,9.711146274514967
10499,222,224,LAE,10.18767855881785
10500,222,224,LAE,6.226897083480667
10501,222,228,LAE,4.164564348822759
10502,222,225,LAE,7.3645058875844525
10503,222,229,LAE,2.2437413028017725
10504,222,224,LAE,3.4068653709912398
10505,222,236,LAE,3.703598145427235
10506,222,224,LAE,11.0235352478087
10507,223,224,LAE,6.07797677653286
10508,223,224,LAE,1.2096402351520417
10509,223,224,LAE,1.517366401507444
10510,223,238,LAE,4.425558502127929
10511,223,241,LAE,4.6595446259431315
10512,223,227,LAE,4.653162847910182
10513,223,224,LAE,3.480804596518144
10514,223,224,LAE,3.143453524287573
10515,223,224,LAE,1.9639162008445012
10516,223,231,LAE,2.332419898799946
10517,223,243,LAE,4.786215018648374
10518,223,236,LAE,6.5607694602925895
10519,223,224,LAE,1.6321999328606376
10520,223,224,LAE,4.49035481194517
10521,223,224,LAE,1.6275359627392512
10522,223,225,LAE,1.6440494295426458
10523,223,224,LAE,1.9404558999902557
10524,223,224,LAE,8.457443368429203
10525,223,238,LAE,3.9441075097301947
10526,223,225,LAE,1.7233669207367215
10527,223,230,LAE,2.1416750786970837
10528,223,229,LAE,5.2102185782540085
10529,221,225,LAE,8.97154732595224
10530,221,230,LAE,2.717070499051293
10531,221,225,LAE,4.0382543280256025
10532,221,231,LAE,4.907920760113168
10533,222,229,LAE,10.835201332390497
10534,222,230,LAE,2.1214608103316452
10535,222,239,LAE,4.369319442079198
10536,222,225,LAE,7.610886848925235
10537,222,225,LAE,1.575647088859487
10538,223,225,LAE,3.389383398013759
10539,223,227,LAE,7.170558489718897
10540,223,237,LAE,5.746753569762363
10541,223,225,LAE,1.3789838179594778
10542,223,227,LAE,3.797436119286795
10543,223,238,LAE,4.208003897773616
10544,223,226,LAE,1.780217054518799
10545,223,229,LAE,14.237407971477452
10546,223,226,LAE,1.6345344047359442
10547,223,235,LAE,3.037097515043227
10548,223,225,LAE,8.04005080154686
10549,224,225,LAE,9.050219187028608
10550,224,225,LAE,1.5106527253031865
10551,224,227,LAE,5.630315685945074
10552,224,225,LAE,1.494433784903153
10553,224,225,LAE,6.0593732101638755
10554,224,229,LAE,7.1298243594381825
10555,224,225,LAE,3.0888392196719323
10556,224,227,LAE,3.302376932759737
10557,224,239,LAE,3.045690964852448
10558,224,231,LAE,9.843755537616284
10559,224,242,LAE,3.719324580589383
10560,224,225,LAE,4.125547131838525
10561,224,225,LAE,6.416105870370778
10562,224,229,LAE,2.377215448692054
10563,224,240,LAE,6.524008713611526
10564,224,227,LAE,1.6845437310789475
10565,224,235,LAE,5.185254940666909
10566,224,225,LAE,5.508084077105632
10567,224,239,LAE,3.211979637976269
10568,224,226,LAE,1.5665026473438415
10569,224,225,LAE,1.5143499738357291
10570,224,228,LAE,1.656048556576663
10571,224,227,LAE,4.954916731327338
10572,224,232,LAE,12.330345382096745
10573,224,225,LAE,3.2062133384834475
10574,224,234,LAE,2.321269752204571
10575,224,238,LAE,4.136709709989547
10576,224,234,LAE,4.731536715414409
10577,224,225,LAE,1.5119684197535475
10578,222,233,LAE,7.892636943035934
10579,222,249,LAE,7.809997674091499
10580,222,226,LAE,9.968767691492504
10581,222,227,LAE,7.626683627209162
10582,222,234,LAE,11.251548803343521
10583,223,237,LAE,12.215130733237084
10584,223,226,LAE,4.878662235645837
10585,224,234,LAE,3.4521166501493927
10586,224,226,LAE,3.240083535756269
10587,224,226,LAE,1.3896645771034732
10588,224,230,LAE,7.27337056019486
10589,224,232,LAE,4.437298880082399
10590,224,226,LAE,9.356440175851416
10591,224,230,LAE,2.614973179468569
10592,224,236,LAE,3.6406480000324977
10593,225,226,LAE,1.0539103179003995
10594,225,230,LAE,6.927837234566748
10595,225,241,LAE,4.051351608401643
10596,225,229,LAE,5.571189747633736
10597,225,230,LAE,1.6297626653587458
10598,225,246,LAE,4.086416954993622
10599,225,233,LAE,4.900174791408287
10600,225,235,LAE,2.883455576680368
10601,225,234,LAE,2.5640899346159363
10602,225,240,LAE,4.1345598026229515
10603,225,241,LAE,4.318417072996793
10604,225,226,LAE,1.386904359274968
10605,225,226,LAE,1.9681416629020811
10606,225,234,LAE,2.3549431211267535
10607,225,227,LAE,1.4302105776917744
10608,225,228,LAE,9.530812909301575
10609,225,238,LAE,5.5251764637324134
10610,225,227,LAE,1.3489105873339708
10611,225,241,LAE,11.87596604616159
10612,225,234,LAE,2.299890778869304
10613,224,235,LAE,6.822679304102569
10614,224,230,LAE,11.275937881611627
10615,224,238,LAE,5.511196008994027
10616,224,240,LAE,3.260361166172737
10617,224,242,LAE,6.526337555754244
10618,224,232,LAE,2.4462495867984413
10619,225,227,LAE,4.58793545742755
10620,225,240,LAE,5.9383361654348015
10621,225,227,LAE,7.587691733621461
10622,225,228,LAE,2.2303724409005383
10623,225,234,LAE,2.7751707336893703
10624,225,236,LAE,8.050501197331192
10625,225,227,LAE,1.3093262406886153
10626,225,229,LAE,1.6499558990924827
10627,225,227,LAE,5.716420090121679
10628,226,254,LAE,13.306690661002268
10629,226,231,LAE,1.5536862272693286
10630,226,228,LAE,6.557071991008245
10631,226,229,LAE,4.379671599483265
10632,226,235,LAE,8.377721340745191
10633,226,227,LAE,11.93390220977868
10634,226,240,LAE,2.9331465615742296
10635,226,231,LAE,4.156829721659667
10636,226,232,LAE,7.630861179354502
10637,226,237,LAE,5.201759319359906
10638,226,230,LAE,1.7349747014729375
10639,226,233,LAE,2.9380771515567217
10640,226,227,LAE,1.3976209810512166
10641,226,231,LAE,1.847825432522549
10642,226,227,LAE,15.356879214132231
10643,226,228,LAE,1.537058238952126
10644,226,232,LAE,4.618467854062027
10645,226,227,LAE,1.7377899731651099
10646,226,228,LAE,1.058631950728314
10647,226,230,LAE,1.860172256368973
10648,226,233,LAE,2.6310671399486387
10649,226,229,LAE,1.0628198901180843
10650,226,243,LAE,3.6138881560621825
10651,224,228,LAE,6.746772229073381
10652,224,230,LAE,3.264010879405646
10653,224,228,LAE,1.901891637227561
10654,225,242,LAE,6.148864131052589
10655,225,230,LAE,1.700476352794382
10656,225,236,LAE,5.2425189663329546
10657,225,229,LAE,10.00634184041502
10658,225,228,LAE,1.5403165041808369
10659,225,228,LAE,1.7192839778156364
10660,225,243,LAE,5.8433793262026725
10661,226,242,LAE,4.868167591241125
10662,226,228,LAE,4.200107070328869
10663,226,234,LAE,2.9611592445949957
10664,226,243,LAE,8.470803829182293
10665,226,228,LAE,5.25250760706055
10666,226,228,LAE,1.8538855876203395
10667,226,228,LAE,4.328761792848646
10668,226,228,LAE,4.24079080155905
10669,227,235,LAE,15.506286990548013
10670,227,251,LAE,5.306719656166772
10671,227,231,LAE,2.8147263759383283
10672,227,234,LAE,4.242955179076891
10673,227,228,LAE,1.5982896022596693
10674,227,233,LAE,2.017560524429184
10675,227,228,LAE,0.900592079366021
10676,227,233,LAE,4.171092073500994
10677,227,228,LAE,8.22440904325521
10678,227,243,LAE,10.631750073173356
10679,227,229,LAE,1.395080739866263
10680,227,228,LAE,14.441861467797574
10681,227,229,LAE,0.9485992206919964
10682,227,231,LAE,6.767447225822058
10683,227,228,LAE,5.3350118829049045
10684,225,232,LAE,2.9975556562158023
10685,226,229,LAE,7.086559405002504
10686,226,231,LAE,10.47639125296513
10687,226,236,LAE,5.237734487925386
10688,226,233,LAE,7.544515755924599
10689,226,230,LAE,7.67183398759306
10690,226,233,LAE,2.8108055897436226
10691,226,238,LAE,3.759386405878102
10692,226,239,LAE,5.35566812949437
10693,226,229,LAE,3.326097687895885
10694,227,229,LAE,2.4453056516801386
10695,227,232,LAE,1.9559554478917007
10696,227,229,LAE,1.5274208114542611
10697,227,239,LAE,4.303807443524027
10698,227,230,LAE,6.738938081640461
10699,227,229,LAE,3.5353613247648967
10700,227,229,LAE,4.429460713578042
10701,227,231,LAE,1.8305438874370534
10702,227,237,LAE,2.8752582995114637
10703,227,230,LAE,4.3837140672374355
10704,227,232,LAE,7.604169302280167
10705,227,230,LAE,5.28632208511554
10706,228,230,LAE,5.0606681259344715
10707,228,240,LAE,2.654677238730115
10708,228,231,LAE,7.4076809436327915
10709,228,235,LAE,10.744759512241114
10710,228,234,LAE,4.294812744535698
10711,228,231,LAE,8.536416514832409
10712,228,235,LAE,4.656060006304831
10713,228,229,LAE,1.3392494173439335
10714,228,232,LAE,10.186635761256289
10715,228,238,LAE,4.3842774721941025
10716,228,240,LAE,5.366139191213689
10717,228,233,LAE,1.880700430751039
10718,228,230,LAE,1.527537397433989
10719,228,229,LAE,0.8397352345886064
10720,228,229,LAE,8.657925275932898
10721,228,230,LAE,6.32960524700141
10722,228,230,LAE,6.755290532975062
10723,228,235,LAE,2.7281511464084556
10724,226,230,LAE,3.015870539894414
10725,226,232,LAE,4.482552030540529
10726,226,234,LAE,2.2755762028065707
10727,226,230,LAE,2.990092392567702
10728,226,230,LAE,4.527762019462341
10729,227,243,LAE,5.69396806617268
10730,227,232,LAE,3.1588414047832796
10731,227,238,LAE,5.9657514599777635
10732,227,230,LAE,7.36700379056697
10733,228,230,LAE,4.711909333299007
10734,228,245,LAE,6.727018101631713
10735,228,237,LAE,3.035275243335383
10736,228,230,LAE,7.976809403330652
10737,228,230,LAE,4.49703794588164
10738,228,240,LAE,2.586052614930287
10739,229,237,LAE,2.7763984956442638
10740,229,235,LAE,2.310439143488628
10741,229,241,LAE,10.409023473671724
10742,229,234,LAE,4.37301500268239
10743,229,250,LAE,6.943203641135509
10744,229,234,LAE,2.575620158385456
10745,229,230,LAE,5.9972169305467276
10746,229,230,LAE,5.148703352289742
10747,229,232,LAE,6.269432779705118
10748,229,235,LAE,3.0523456914608653
10749,229,233,LAE,1.7026560437134908
10750,229,230,LAE,9.100820228062878
10751,229,230,LAE,4.625356268959053
10752,229,244,LAE,5.933755813262452
10753,229,230,LAE,6.344661694969264
10754,229,234,LAE,3.8923395768020552
10755,229,230,LAE,1.0582196237736592
10756,229,233,LAE,6.854667276180503
10757,229,230,LAE,9.54632494006331
10758,229,235,LAE,2.535591365803024
10759,229,231,LAE,1.6355212052741073
10760,229,234,LAE,2.6733845324667693
10761,229,239,LAE,11.668474170606336
10762,229,238,LAE,7.733761416680935
10763,227,241,LAE,5.742285593837074
10764,227,231,LAE,7.0826969409645
10765,228,232,LAE,9.311027227424997
10766,228,231,LAE,7.263278409403881
10767,228,231,LAE,9.38978233392366
10768,228,231,LAE,11.114480131611993
10769,228,231,LAE,11.915191397801314
10770,228,231,LAE,1.736256009445103
10771,229,237,LAE,3.8638437661952634
10772,229,231,LAE,10.19810446687796
10773,229,231,LAE,4.027944308953585
10774,229,232,LAE,2.4976326621698983
10775,229,238,LAE,5.0145076470077825
10776,229,231,LAE,6.814017973975463
10777,229,243,LAE,4.66330574902778
10778,229,232,LAE,6.973510991299345
10779,229,232,LAE,5.136129486119356
10780,229,234,LAE,11.00863367207381
10781,229,239,LAE,2.8579082288941358
10782,229,233,LAE,6.886790499543428
10783,229,231,LAE,6.124770735926977
10784,229,237,LAE,7.8815418235926735
10785,230,232,LAE,5.901426243212333
10786,230,232,LAE,11.019045019262256
10787,230,237,LAE,2.5958328103562174
10788,230,235,LAE,6.9363073600500025
10789,230,232,LAE,1.323083109740573
10790,230,234,LAE,1.7151992398564389
10791,230,231,LAE,8.281946151016081
10792,230,242,LAE,5.58399168557736
10793,230,235,LAE,6.759031562667568
10794,230,232,LAE,1.643377680435806
10795,230,231,LAE,3.4362989486374893
10796,230,238,LAE,8.939443479521787
10797,230,234,LAE,1.8321741022041267
10798,230,234,LAE,1.8883242799322009
10799,230,237,LAE,4.3815464011410405
10800,230,231,LAE,6.7970752752379475
10801,230,238,LAE,2.547926146763695
10802,230,244,LAE,5.4865401439446675
10803,230,233,LAE,1.4191006973062947
10804,230,238,LAE,9.169050083069372
10805,230,231,LAE,1.424813755795466
10806,230,233,LAE,2.205318676179806
10807,230,246,LAE,6.430815150466626
10808,230,231,LAE,1.459122168206166
10809,230,236,LAE,2.950968017890095
10810,228,236,LAE,2.874787792412446
10811,229,234,LAE,9.048060461848157
10812,229,243,LAE,7.755800066579994
10813,229,233,LAE,7.084676652350044
10814,230,232,LAE,3.3076636419177623
10815,230,232,LAE,1.8898261506510579
10816,230,232,LAE,2.3640502287118923
10817,230,235,LAE,2.57679252005284
10818,230,232,LAE,3.789170671489584
10819,230,237,LAE,2.333943525757191
10820,230,232,LAE,7.327006479325196
10821,230,240,LAE,3.6837645721409342
10822,230,239,LAE,4.115410282160009
10823,231,237,LAE,6.586791685974565
10824,231,238,LAE,6.334281528430968
10825,231,240,LAE,5.1999646997976745
10826,231,234,LAE,1.655004082681481
10827,231,233,LAE,1.4793355019630579
10828,231,249,LAE,9.42319380702413
10829,231,232,LAE,2.0677251939282972
10830,231,249,LAE,4.420157868912713
10831,231,234,LAE,2.92233095257923
10832,231,232,LAE,1.2480189361317455
10833,231,238,LAE,2.18101917019519
10834,231,234,LAE,3.691602026705554
10835,231,236,LAE,3.0207339938025637
10836,231,233,LAE,1.7543321059825827
10837,231,232,LAE,1.6823834084955245
10838,229,233,LAE,9.538142617714295
10839,230,245,LAE,5.935690143443507
10840,230,238,LAE,4.889622072656089
10841,230,236,LAE,5.59641747537197
10842,230,248,LAE,7.04733106799067
10843,230,237,LAE,5.090944500893024
10844,230,233,LAE,3.219034412506634
10845,231,249,LAE,6.129173552902086
10846,231,236,LAE,4.973425737229852
10847,231,235,LAE,4.184878943292128
10848,231,236,LAE,14.2983694207182
10849,231,233,LAE,6.651211258412879
10850,231,234,LAE,4.79844395112059
10851,231,233,LAE,2.288339988815349
10852,231,233,LAE,2.3640755608730943
10853,232,237,LAE,1.824334994201127
10854,232,240,LAE,2.605619291619678
10855,232,243,LAE,3.4365501779441874
10856,232,233,LAE,1.6320100585125092
10857,232,233,LAE,1.2579962488242602
10858,232,239,LAE,5.7667889371569485
10859,232,243,LAE,3.619346972326128
10860,232,233,LAE,4.459049292524042
10861,232,233,LAE,2.1601863237382273
10862,232,233,LAE,1.9334840055738252
10863,232,233,LAE,2.0788203310777704
10864,232,236,LAE,1.7620594447640454
10865,230,238,LAE,4.533725699198448
10866,230,236,LAE,13.162236862066955
10867,230,234,LAE,1.9641566790747211
10868,230,238,LAE,7.53563560053999
10869,231,235,LAE,2.220988017002563
10870,231,234,LAE,4.082478774752409
10871,232,237,LAE,1.8959560098844275
10872,232,234,LAE,8.727316248738738
10873,232,234,LAE,2.095919786170095
10874,232,237,LAE,4.96521270503803
10875,232,238,LAE,8.595702889679933
10876,232,238,LAE,3.03837542111089
10877,233,244,LAE,4.855205574877484
10878,233,239,LAE,1.9463505199223001
10879,233,236,LAE,1.9040316571700298
10880,233,246,LAE,3.9575087652642713
10881,233,235,LAE,4.490831083411172
10882,233,236,LAE,4.657777252219173
10883,233,240,LAE,4.5557668505695705
10884,233,234,LAE,3.6674629455297496
10885,233,242,LAE,4.583799598662383
10886,233,234,LAE,1.9358304613056596
10887,233,243,LAE,3.714849141174746
10888,233,234,LAE,15.095975974162679
10889,233,234,LAE,6.515466926876869
10890,233,248,LAE,4.4067780042008895
10891,233,246,LAE,4.741316336436583
10892,233,235,LAE,1.590368210575295
10893,233,250,LAE,5.755689178630174
10894,233,234,LAE,1.357508089767393
10895,233,234,LAE,5.156491045331794
10896,233,245,LAE,10.612147889891384
10897,233,234,LAE,17.440163544032494
10898,233,234,LAE,1.3560503077647574
10899,233,245,LAE,7.234669832526272
10900,233,234,LAE,1.0647490155798884
10901,233,237,LAE,7.010321417028674
10902,231,235,LAE,5.4872486387348705
10903,231,235,LAE,2.232118657884396
10904,231,239,LAE,13.127653918843464
10905,232,238,LAE,9.114001078803422
10906,232,236,LAE,6.649797424241179
10907,232,235,LAE,4.7110775877646685
10908,232,237,LAE,8.323330547807698
10909,233,236,LAE,2.0014346928888735
10910,233,235,LAE,18.50253761013496
10911,233,239,LAE,4.056954566536096
10912,233,237,LAE,4.287126847024922
10913,233,235,LAE,2.0234707620333903
10914,233,235,LAE,4.699347922274554
10915,233,235,LAE,1.7970413458026058
10916,233,238,LAE,3.365706445866903
10917,234,240,LAE,3.104468324017455
10918,234,237,LAE,1.921655404976814
10919,234,243,LAE,2.65641963156003
10920,234,247,LAE,4.377669193515625
10921,234,235,LAE,0.8376284250898539
10922,234,241,LAE,6.888900149096807
10923,234,240,LAE,4.245943677825807
10924,234,244,LAE,7.248886894097462
10925,234,245,LAE,3.8223468501759017
10926,234,244,LAE,3.580933865384544
10927,234,237,LAE,7.169181025113465
10928,234,243,LAE,3.291530511409893
10929,234,246,LAE,4.093626962643389
10930,234,241,LAE,3.145937921398187
10931,234,248,LAE,4.71868562985922
10932,234,236,LAE,3.37909475772459
10933,234,239,LAE,3.981648298910114
10934,234,236,LAE,1.4509729971635825
10935,234,238,LAE,4.078507698084658
10936,234,235,LAE,1.5864243963220785
10937,234,247,LAE,3.9552732237029016
10938,234,235,LAE,1.6911257101640909
10939,234,240,LAE,3.448319036911659
10940,234,248,LAE,4.734075115404842
10941,234,236,LAE,2.1627039911788866
10942,234,248,LAE,4.936761284293711
10943,234,239,LAE,1.783623267551939
10944,232,241,LAE,4.384846549440621
10945,233,236,LAE,3.579371215912239
10946,233,250,LAE,9.290425432776395
10947,233,236,LAE,1.6881482545851019
10948,233,236,LAE,5.675265059529278
10949,233,237,LAE,1.9808228739016196
10950,233,253,LAE,5.194198134393129
10951,234,236,LAE,9.420792251075978
10952,234,245,LAE,5.3927617980415095
10953,234,238,LAE,3.1942253390254605
10954,234,239,LAE,4.626422057387159
10955,234,236,LAE,5.157955407141991
10956,234,239,LAE,8.94440111964842
10957,234,236,LAE,6.099149956483175
10958,234,236,LAE,6.428639937160018
10959,234,238,LAE,7.805676922560214
10960,235,242,LAE,3.105670176647068
10961,235,243,LAE,2.9418207694708114
10962,235,244,LAE,3.564626535646964
10963,235,236,LAE,3.3898129382649564
10964,235,249,LAE,3.361784668025259
10965,235,237,LAE,4.406052329077541
10966,235,236,LAE,3.615944222046929
10967,235,237,LAE,4.667530729704304
10968,235,236,LAE,1.5945618720437897
10969,235,244,LAE,2.807886878609298
10970,235,249,LAE,4.523520358919191
10971,235,237,LAE,1.9556057272735925
10972,235,236,LAE,3.5384537655273314
10973,235,238,LAE,4.641533892700524
10974,235,237,LAE,4.120829793770202
10975,233,237,LAE,12.743622439076553
10976,233,238,LAE,5.564957133163945
10977,233,245,LAE,6.542832862538789
10978,233,237,LAE,11.456812706685838
10979,234,237,LAE,8.97399536449481
10980,234,237,LAE,3.1528397884233517
10981,234,241,LAE,4.4725642625995015
10982,235,242,LAE,3.0432553546753147
10983,236,239,LAE,5.376917307732858
10984,236,237,LAE,1.2293266090025943
10985,236,242,LAE,3.692649660491658
10986,236,237,LAE,3.8877599304333477
10987,236,243,LAE,3.736187529451425
10988,236,237,LAE,3.9852379540355716
10989,236,237,LAE,1.3033710202099138
10990,236,238,LAE,1.3993944567059116
10991,236,242,LAE,2.890383743678995
10992,236,238,LAE,1.3702959117011286
10993,236,237,LAE,2.667624443555164
10994,236,237,LAE,1.589230206820508
10995,236,237,LAE,2.81791718616843
10996,236,238,LAE,4.730110879100495
10997,236,237,LAE,1.501364957958756
10998,236,237,LAE,1.5834683965965235
10999,236,244,LAE,2.759793824712354
11000,236,238,LAE,1.7114465881296101
11001,236,237,LAE,3.612848106516244
11002,236,243,LAE,9.993711126259862
11003,236,237,LAE,5.207858067932314
11004,234,244,LAE,3.6340360157043414
11005,234,238,LAE,8.515643172883548
11006,235,249,LAE,3.256908406338324
11007,235,238,LAE,10.662799004208754
11008,235,238,LAE,3.244402385550149
11009,235,244,LAE,2.782985996845069
11010,235,238,LAE,6.707234518287547
11011,236,249,LAE,7.8713534320279965
11012,236,246,LAE,5.333005746141118
11013,236,238,LAE,6.423972691068392
11014,236,240,LAE,7.407513382208548
11015,236,240,LAE,8.18221036344676
11016,236,246,LAE,2.721656627381786
11017,237,238,LAE,5.586815848615522
11018,237,245,LAE,2.7691879747605763
11019,237,238,LAE,5.867427885236048
11020,237,246,LAE,8.438913384032592
11021,237,241,LAE,8.826095695602229
11022,237,243,LAE,9.091477137354486
11023,237,242,LAE,3.7266973278253284
11024,237,238,LAE,1.402598591827659
11025,237,242,LAE,2.165323708276983
11026,237,239,LAE,1.3439892340299746
11027,237,238,LAE,8.181593343065837
11028,237,241,LAE,2.7961558856891044
11029,237,238,LAE,7.539382717629046
11030,237,239,LAE,6.00897195215544
11031,237,245,LAE,9.87633628976798
11032,237,238,LAE,1.742073617403113
11033,237,242,LAE,2.6849283326169022
11034,237,238,LAE,6.6031310401659615
11035,237,238,LAE,8.556542929356842
11036,237,241,LAE,7.486178275176094
11037,237,238,LAE,5.531958955994944
11038,237,238,LAE,4.008163655237635
11039,237,238,LAE,2.9261913649253155
11040,235,252,LAE,5.339573168586969
11041,236,245,LAE,2.563278954660886
11042,237,239,LAE,1.4646660555692463
11043,237,251,LAE,8.826759135241412
11044,237,253,LAE,10.837268784887385
11045,237,239,LAE,13.5237008329333
11046,238,242,LAE,2.004736062264703
11047,238,241,LAE,2.584230070002659
11048,238,242,LAE,2.822986189528733
11049,238,258,LAE,8.284798947865802
11050,238,239,LAE,2.6074564830944613
11051,238,242,LAE,7.82877242510802
11052,238,243,LAE,2.5305936514928655
11053,238,241,LAE,7.1344626052928
11054,238,239,LAE,4.756984274183748
11055,238,243,LAE,2.564229610415728
11056,238,241,LAE,8.959968625068832
11057,238,239,LAE,14.636433456470364
11058,238,244,LAE,2.6764587473702526
11059,238,253,LAE,5.08364402287815
11060,238,254,LAE,8.570784206418066
11061,238,243,LAE,11.599687693593882
11062,238,246,LAE,7.638773547791311
11063,238,241,LAE,2.6843071270286587
11064,238,243,LAE,2.3783010629455035
11065,238,241,LAE,2.6443874458118697
11066,238,243,LAE,2.6186770792792973
11067,238,245,LAE,14.19515007437707
11068,238,240,LAE,2.7774723968429167
11069,236,244,LAE,8.69602181486426
11070,236,259,LAE,8.863094846427918
11071,236,247,LAE,6.739445802392479
11072,236,247,LAE,5.68108398002536
11073,237,240,LAE,6.104998014991224
11074,237,248,LAE,4.877341998226795
11075,237,242,LAE,1.9964865166968353
11076,238,243,LAE,2.55036242916214
11077,238,241,LAE,2.641931317037106
11078,238,242,LAE,2.350311624111943
11079,238,240,LAE,3.6510675072626073
11080,238,242,LAE,5.627588288538426
11081,238,240,LAE,4.7903755990246175
11082,238,251,LAE,3.6587322625627046
11083,238,240,LAE,5.4607218096737045
11084,239,243,LAE,2.6422016777993806
11085,239,246,LAE,5.096036544699622
11086,239,245,LAE,8.270476084631001
11087,239,243,LAE,8.709067254678637
11088,239,242,LAE,1.977185098179607
11089,239,241,LAE,5.53921975804029
11090,239,240,LAE,5.564323364668343
11091,239,244,LAE,12.915799292578509
11092,239,240,LAE,5.9968536742053855
11093,239,244,LAE,2.59412613387083
11094,239,243,LAE,3.9827583002164615
11095,239,243,LAE,3.974251693126771
11096,239,240,LAE,3.6060325422687907
11097,239,241,LAE,1.690920891875972
11098,239,240,LAE,4.549867410724077
11099,239,240,LAE,6.3871815286970275
11100,239,247,LAE,7.41978929261686
11101,239,240,LAE,1.244328601095762
11102,239,250,LAE,4.818211912195734
11103,239,254,LAE,8.275014679158794
11104,239,240,LAE,1.987330826443889
11105,239,240,LAE,1.357895227927098
11106,239,240,LAE,4.807606697040115
11107,239,242,LAE,2.4794100538321713
11108,239,240,LAE,2.41589173513269
11109,239,243,LAE,2.4753777476685133
11110,239,244,LAE,2.4438727840524
11111,239,241,LAE,2.4304950654372335
11112,239,240,LAE,7.519140133354217
11113,239,250,LAE,4.536437806521402
11114,239,240,LAE,6.214664932203084
11115,239,240,LAE,3.382737041549232
11116,239,243,LAE,2.68091710966162
11117,239,240,LAE,3.830162659696968
11118,239,240,LAE,7.636755327387452
11119,239,240,LAE,5.212096302741254
11120,237,249,LAE,3.9679135463747337
11121,237,244,LAE,6.077125708755919
11122,238,244,LAE,3.7005965662529787
11123,238,241,LAE,2.6052299721864807
11124,238,243,LAE,3.0428238217229016
11125,238,249,LAE,3.340013386975086
11126,238,241,LAE,3.525235653314135
11127,238,241,LAE,2.2844942153231624
11128,238,252,LAE,3.719175341459029
11129,238,241,LAE,1.557588637271952
11130,239,247,LAE,9.154461519671132
11131,239,252,LAE,4.097324789500509
11132,239,241,LAE,5.193823031974837
11133,239,241,LAE,8.440092899771352
11134,239,258,LAE,13.514012749648025
11135,239,252,LAE,2.9995291687022587
11136,239,251,LAE,7.784362303821529
11137,239,243,LAE,8.962398375301069
11138,239,244,LAE,7.561655823663655
11139,239,241,LAE,2.147044490238684
11140,239,241,LAE,2.4421611547683044
11141,240,250,LAE,3.200674068015092
11142,240,242,LAE,1.8124731329298451
11143,240,273,LAE,7.876761859979537
11144,240,244,LAE,3.511752128765057
11145,240,241,LAE,6.81522006948684
11146,240,242,LAE,4.369151665312784
11147,240,247,LAE,5.541801343589034
11148,240,247,LAE,4.349597122946457
11149,240,273,LAE,8.319290033846288
11150,240,246,LAE,9.264012156719149
11151,240,241,LAE,2.83171248162811
11152,240,243,LAE,3.16559799381473
11153,240,241,LAE,3.556509770747409
11154,240,241,LAE,2.2797993558050043
11155,240,241,LAE,4.790225915603525
11156,240,249,LAE,6.832969153419089
11157,240,241,LAE,6.160770853001548
11158,240,241,LAE,7.849636292478546
11159,240,241,LAE,4.046371564726228
11160,240,241,LAE,4.431053306627187
11161,240,242,LAE,2.2634794294251748
11162,240,241,LAE,5.436660943965605
11163,240,244,LAE,2.523754542271784
11164,240,241,LAE,2.222176344838651
11165,238,243,LAE,2.2094542333563547
11166,238,242,LAE,5.18384202785371
11167,238,247,LAE,4.712386064750939
11168,238,254,LAE,3.731326693807722
11169,239,244,LAE,7.12221157370435
11170,239,248,LAE,4.880670778605508
11171,239,242,LAE,4.211546748248559
11172,240,252,LAE,7.389593738242546
11173,240,242,LAE,1.9835361800749574
11174,240,253,LAE,3.306649189032119
11175,240,242,LAE,3.556347499009113
11176,240,242,LAE,3.9541964448145728
11177,240,248,LAE,3.254901959011797
11178,240,242,LAE,1.8050905676346427
11179,240,242,LAE,1.6568453079219365
11180,240,254,LAE,4.714213065095971
11181,240,242,LAE,3.5330223153020914
11182,240,249,LAE,4.103404508555987
11183,240,247,LAE,2.3389227220999103
11184,240,248,LAE,2.2973606151151955
11185,240,242,LAE,5.353656981567618
11186,240,247,LAE,3.363247599710246
11187,241,244,LAE,3.6821303563460486
11188,241,242,LAE,1.2651926925205974
11189,241,245,LAE,2.146030809040343
11190,241,242,LAE,3.071061861339425
11191,241,242,LAE,2.755138276408284
11192,241,245,LAE,5.021072318385486
11193,241,243,LAE,1.0478155190330158
11194,241,247,LAE,6.05395353757158
11195,241,243,LAE,1.93216920183407
11196,241,242,LAE,6.337274143865663
11197,241,245,LAE,2.048061006643966
11198,241,242,LAE,1.3645729349088804
11199,241,244,LAE,1.738511586951725
11200,241,249,LAE,4.5463418687584705
11201,241,247,LAE,2.3316145412717906
11202,241,253,LAE,5.7300017506470144
11203,241,251,LAE,6.460589508474223
11204,241,242,LAE,4.547249306293822
11205,241,244,LAE,1.562667511306688
11206,241,242,LAE,1.7952585792152422
11207,241,247,LAE,6.4263151344773775
11208,241,242,LAE,1.2164415733732914
11209,241,246,LAE,2.1584114487059396
11210,241,245,LAE,2.3207556393177615
11211,241,248,LAE,2.4213846635398903
11212,241,242,LAE,1.4235656991041645
11213,241,245,LAE,3.561869862080591
11214,241,242,LAE,1.7557826574671613
11215,241,243,LAE,5.07825676957814
11216,241,243,LAE,4.517609658645057
11217,239,243,LAE,5.610686398726323
11218,240,246,LAE,9.032626796851574
11219,240,246,LAE,8.941352865904257
11220,241,244,LAE,1.786835323228675
11221,241,243,LAE,1.4399785721209564
11222,241,243,LAE,3.365532021597274
11223,241,243,LAE,6.499616977657142
11224,241,245,LAE,7.31204073606372
11225,241,243,LAE,7.756238243218027
11226,241,248,LAE,8.93101821479173
11227,241,243,LAE,2.1000892767910466
11228,241,243,LAE,8.289849998858818
11229,241,243,LAE,2.0895962861359134
11230,241,249,LAE,4.7084497957127915
11231,242,246,LAE,7.304674002759075
11232,242,251,LAE,5.076856336947125
11233,242,244,LAE,6.0582926286156935
11234,242,243,LAE,7.083969621142157
11235,242,257,LAE,8.355677170821007
11236,242,246,LAE,2.0327582107780637
11237,242,249,LAE,5.985154403355178
11238,242,246,LAE,5.762461386526475
11239,242,245,LAE,1.9350504285324008
11240,242,251,LAE,6.693148846993727
11241,242,243,LAE,4.814434261941093
11242,242,246,LAE,1.8294554603388198
11243,242,243,LAE,3.5392615189612413
11244,242,244,LAE,1.8881627660904234
11245,242,244,LAE,7.005798901182628
11246,240,244,LAE,7.944900744165155
11247,240,244,LAE,8.405549026070497
11248,240,244,LAE,7.23030480413345
11249,241,248,LAE,7.7751478975299335
11250,241,256,LAE,7.1123502443453255
11251,241,245,LAE,8.553453681648952
11252,241,256,LAE,3.5757873836157077
11253,242,262,LAE,7.406602842444555
11254,242,244,LAE,8.9661204074234
11255,242,245,LAE,6.274951503064115
11256,242,244,LAE,3.5980816607652377
11257,242,258,LAE,7.235356443591209
11258,242,246,LAE,6.185602041502756
11259,242,249,LAE,4.228600189407865
11260,242,254,LAE,7.200615395046734
11261,242,247,LAE,8.549549557524411
11262,242,245,LAE,5.7431291495315815
11263,242,244,LAE,2.0180162855346886
11264,242,259,LAE,7.728002940702994
11265,242,247,LAE,8.45556342302049
11266,242,245,LAE,1.9090571471895943
11267,242,244,LAE,1.5371446349965467
11268,243,250,LAE,6.665795901358607
11269,243,245,LAE,6.209604981107886
11270,243,253,LAE,5.261103228214584
11271,243,246,LAE,7.809023843952005
11272,243,246,LAE,4.901780476399915
11273,243,258,LAE,7.446656553058772
11274,243,246,LAE,3.5835268053045755
11275,243,252,LAE,7.00035277431606
11276,243,248,LAE,4.216216134732888
11277,243,244,LAE,6.526538726496311
11278,243,249,LAE,4.371352785943604
11279,243,248,LAE,4.477582571024963
11280,243,250,LAE,5.285408556241492
11281,243,245,LAE,2.462921909135474
11282,243,245,LAE,1.8315417296620673
11283,243,248,LAE,3.0230563488748903
11284,243,244,LAE,1.770892776763585
11285,243,244,LAE,6.0737269296234
11286,243,253,LAE,2.8616856826340262
11287,243,246,LAE,3.1156854437526054
11288,243,244,LAE,4.8068757977610375
11289,243,247,LAE,4.563979933835856
11290,243,244,LAE,1.235325425502837
11291,243,249,LAE,7.776401612258233
11292,243,262,LAE,7.209078588670632
11293,241,246,LAE,4.236971003040798
11294,242,253,LAE,4.47432525523828
11295,242,247,LAE,1.9290391361404227
11296,242,245,LAE,7.249586861433719
11297,242,245,LAE,5.460342103909303
11298,242,247,LAE,6.7444418748831785
11299,242,245,LAE,3.0194136288416726
11300,242,253,LAE,7.8337398013206885
11301,243,255,LAE,7.3401895623118465
11302,243,246,LAE,6.577142751682997
11303,243,245,LAE,1.58455370948951
11304,243,251,LAE,6.920821379773118
11305,243,247,LAE,2.931274831819874
11306,243,270,LAE,7.880024676430764
11307,243,245,LAE,2.8333581058996447
11308,243,247,LAE,1.972228764550425
11309,243,245,LAE,8.0965306509759
11310,243,245,LAE,5.670360579099146
11311,243,245,LAE,4.547507230172685
11312,243,258,LAE,9.219904133121359
11313,243,246,LAE,1.7794237681025555
11314,243,245,LAE,3.3136322653142924
11315,244,245,LAE,7.11230093762718
11316,244,249,LAE,5.584120156861248
11317,244,258,LAE,5.402197531043123
11318,244,245,LAE,2.792301380528334
11319,244,245,LAE,6.047045580236978
11320,244,245,LAE,1.6043228320488605
11321,244,253,LAE,6.471430733604325
11322,244,255,LAE,2.7031241506455457
11323,244,245,LAE,6.177041281875886
11324,244,248,LAE,6.973703242384219
11325,244,246,LAE,3.0689494113360083
11326,244,251,LAE,7.12758983842828
11327,244,255,LAE,2.730364069711398
11328,244,248,LAE,7.684640249303742
11329,244,255,LAE,2.685286360683188
11330,244,245,LAE,1.6968930083012845
11331,244,246,LAE,8.24677772330079
11332,244,252,LAE,7.2472353680758435
11333,244,253,LAE,8.245972900877291
11334,244,249,LAE,7.63653505741082
11335,244,253,LAE,2.6898609309466472
11336,244,245,LAE,1.6157893544048012
11337,244,247,LAE,4.881352256257127
11338,244,245,LAE,3.7695185158455264
11339,244,245,LAE,1.6362978206883803
11340,244,246,LAE,1.4016675618835153
11341,244,254,LAE,4.782790855963107
11342,244,251,LAE,4.842688556769915
11343,244,245,LAE,6.71365504462176
11344,244,245,LAE,1.5051770390366759
11345,244,245,LAE,3.833003545064946
11346,244,246,LAE,6.015886232190618
11347,244,251,LAE,2.692074399106106
11348,244,252,LAE,7.1136962503539305
11349,244,245,LAE,2.6749350497993345
11350,244,253,LAE,6.469380502008354
11351,244,246,LAE,10.677410833706512
11352,244,246,LAE,6.479448269512304
11353,243,249,LAE,2.2481167215109052
11354,243,248,LAE,3.6950552385700486
11355,243,246,LAE,7.134930384803378
11356,243,247,LAE,8.209398920112198
11357,243,258,LAE,6.724702006637005
11358,243,252,LAE,7.955479649094623
11359,243,246,LAE,1.7059057601305223
11360,243,246,LAE,6.9249423205361875
11361,244,251,LAE,6.391431842287645
11362,244,251,LAE,4.433174892463399
11363,244,249,LAE,2.0098517082880796
11364,244,246,LAE,2.8780696983038765
11365,244,246,LAE,3.5972815388174224
11366,244,252,LAE,10.651171947554879
11367,244,248,LAE,8.685760584284244
11368,244,246,LAE,5.909257853797256
11369,245,247,LAE,1.5686474776650396
11370,245,247,LAE,2.62149533750834
11371,245,246,LAE,6.57375348465659
11372,245,248,LAE,7.046672900041898
11373,245,254,LAE,2.5970865136560075
11374,245,246,LAE,5.340602127378292
11375,245,247,LAE,4.309876929706658
11376,245,253,LAE,6.323450374902649
11377,245,253,LAE,2.571618438986343
11378,245,246,LAE,1.180120193122359
11379,245,246,LAE,6.318698123932218
11380,245,246,LAE,8.066495904290106
11381,245,246,LAE,1.1585180163771198
11382,245,246,LAE,1.4153321518005195
11383,245,254,LAE,2.575256730299318
11384,245,246,LAE,6.471994825658396
11385,245,250,LAE,5.1000216194901276
11386,245,249,LAE,6.872827635467997
11387,245,247,LAE,4.322704375289741
11388,245,249,LAE,2.3416148417712486
11389,245,246,LAE,5.833314137264138
11390,245,246,LAE,11.261632342476286
11391,245,248,LAE,1.83572332416001
11392,245,252,LAE,4.4860508960170575
11393,245,252,LAE,5.685321673175465
11394,245,246,LAE,1.3546025449401342
11395,245,246,LAE,5.555779424033392
11396,245,247,LAE,1.4950825395528966
11397,243,255,LAE,6.982417909006673
11398,243,247,LAE,7.471135365599447
11399,243,249,LAE,4.770544063785685
11400,243,247,LAE,6.882890952539246
11401,243,254,LAE,8.964171312510816
11402,244,247,LAE,1.669913727429647
11403,244,254,LAE,2.662183019342105
11404,244,248,LAE,3.0125768784202007
11405,244,254,LAE,2.7177843685781955
11406,244,254,LAE,7.632284770021384
11407,245,247,LAE,9.838297563122257
11408,245,252,LAE,4.178897981108473
11409,245,261,LAE,8.295141470821646
11410,245,247,LAE,2.812229958564225
11411,245,248,LAE,4.519765395267801
11412,245,247,LAE,2.6157407742579366
11413,245,256,LAE,6.882684942956773
11414,245,252,LAE,6.1937097305201725
11415,245,247,LAE,5.058320396501439
11416,245,248,LAE,2.7296108361004072
11417,246,249,LAE,6.270484601068529
11418,246,247,LAE,1.6302409051956408
11419,246,247,LAE,2.009729975000738
11420,246,247,LAE,1.2205474966752266
11421,246,248,LAE,1.7033698610467962
11422,246,254,LAE,5.735092684187081
11423,246,249,LAE,2.966834392154911
11424,246,247,LAE,1.2723562107225779
11425,246,249,LAE,1.54859832743164
11426,246,250,LAE,4.5873169883060445
11427,246,253,LAE,2.3800322420183355
11428,246,247,LAE,4.704113489721343
11429,246,247,LAE,1.3192364230342402
11430,246,253,LAE,7.2010698880814425
11431,246,250,LAE,2.4175459498587046
11432,246,250,LAE,6.929913767518439
11433,246,247,LAE,1.295503853965698
11434,246,259,LAE,6.869651337114649
11435,246,247,LAE,1.434070103868155
11436,246,250,LAE,1.782981835443529
11437,246,247,LAE,8.035592669457579
11438,246,247,LAE,1.1859418776504984
11439,246,250,LAE,3.9380812573203876
11440,246,247,LAE,1.3155687130894287
11441,246,247,LAE,4.060852682980485
11442,246,247,LAE,2.3350654691846393
11443,246,247,LAE,2.4089855904429434
11444,246,271,LAE,6.806954400259643
11445,246,247,LAE,2.0192689824439403
11446,244,252,LAE,2.774027379451275
11447,244,250,LAE,7.910210750068617
11448,244,252,LAE,6.792380197503264
11449,245,248,LAE,2.4947771822759597
11450,245,254,LAE,7.711485237397724
11451,245,249,LAE,6.844405277529622
11452,245,251,LAE,6.223705157220148
11453,246,250,LAE,4.729874557247366
11454,246,252,LAE,2.4017880006063566
11455,246,248,LAE,1.5173553661073307
11456,246,254,LAE,2.455957818196285
11457,246,248,LAE,4.436091281042332
11458,246,249,LAE,2.1097700172975227
11459,246,254,LAE,2.4465830116691043
11460,246,250,LAE,1.7034528657354497
11461,246,249,LAE,5.034994005067578
11462,246,248,LAE,2.0744025116503813
11463,246,248,LAE,1.557508796996245
11464,246,248,LAE,2.5806100346369845
11465,247,256,LAE,7.624587701623928
11466,247,250,LAE,5.571430919326741
11467,247,254,LAE,7.099701659232804
11468,247,253,LAE,8.016817846971172
11469,247,248,LAE,9.513598233264412
11470,247,249,LAE,2.438845225798551
11471,247,251,LAE,7.0788801848411245
11472,247,254,LAE,8.256563677061163
11473,247,248,LAE,4.156669791891152
11474,247,253,LAE,7.475129394511219
11475,247,248,LAE,8.558421454557411
11476,247,256,LAE,4.156973029179498
11477,247,251,LAE,1.7117150986125518
11478,247,248,LAE,1.3873741362077257
11479,247,248,LAE,8.346655532211908
11480,247,249,LAE,4.02157771448221
11481,247,250,LAE,4.020482768744631
11482,247,253,LAE,2.0057740527754246
11483,247,249,LAE,6.604001179580841
11484,247,254,LAE,7.1957272398109
11485,245,249,LAE,7.203206294621174
11486,246,249,LAE,1.5246604904981036
11487,246,253,LAE,6.247395714275588
11488,247,249,LAE,5.82029332711036
11489,247,249,LAE,3.9158739069371613
11490,247,249,LAE,5.2258157902058
11491,247,249,LAE,7.2062485678908885
11492,247,274,LAE,8.053759882540222
11493,248,256,LAE,7.318869985536779
11494,248,249,LAE,1.6281435573205474
11495,248,251,LAE,2.315995382580273
11496,248,249,LAE,1.0288898932640314
11497,248,250,LAE,2.539950718967118
11498,248,249,LAE,3.572117870575507
11499,248,249,LAE,1.0387413452426388
11500,248,250,LAE,2.9675203664608176
11501,248,250,LAE,2.936002512400859
11502,248,251,LAE,3.7336127901013754
11503,248,249,LAE,7.575073897516126
11504,248,258,LAE,6.134116628342317
11505,248,255,LAE,2.8901741661660485
11506,248,251,LAE,6.136257127430777
11507,248,249,LAE,1.4658360697186352
11508,248,249,LAE,2.3362184507182295
11509,248,249,LAE,4.199760401485622
11510,248,260,LAE,5.114956307522052
11511,248,249,LAE,2.388470971198357
11512,248,250,LAE,2.6842491669908206
11513,248,253,LAE,4.024829543719386
11514,248,256,LAE,7.276121625933948
11515,248,251,LAE,3.1903040587143194
11516,248,253,LAE,2.703848170290774
11517,248,249,LAE,1.5066886344584
11518,248,249,LAE,1.0541229509312477
11519,248,250,LAE,1.5724980499620789
11520,248,250,LAE,1.5475395914379115
11521,248,249,LAE,1.8748032735027995
11522,246,250,LAE,5.806778633371742
11523,246,250,LAE,6.908764040448602
11524,247,253,LAE,5.657481329038472
11525,247,250,LAE,1.8884566659706332
11526,247,253,LAE,4.501444773749821
11527,247,251,LAE,4.221666772354343
11528,247,255,LAE,6.176281657066508
11529,248,250,LAE,4.811079816360635
11530,248,250,LAE,7.363632384426068
11531,248,251,LAE,8.17443229903167
11532,248,256,LAE,7.06996611492916
11533,248,252,LAE,1.9593339382165875
11534,248,252,LAE,7.35785593928904
11535,249,255,LAE,6.719027582103142
11536,249,262,LAE,4.816922656540126
11537,249,252,LAE,3.7238786879615846
11538,249,254,LAE,1.9462663426144606
11539,249,250,LAE,3.087410283587655
11540,249,252,LAE,1.6859724887001712
11541,249,252,LAE,1.7229344774966933
11542,249,254,LAE,6.711572486442818
11543,249,251,LAE,3.7584186770181742
11544,249,250,LAE,1.402017473683821
11545,249,250,LAE,8.29588930017665
11546,249,253,LAE,3.62657029079346
11547,249,253,LAE,8.636677785535626
11548,249,250,LAE,3.0438933861672335
11549,249,250,LAE,3.6778818440198084
11550,249,250,LAE,0.8717463930821384
11551,248,262,LAE,5.809882695940532
11552,249,252,LAE,6.757161918359833
11553,249,253,LAE,1.7069802432262988
11554,250,251,LAE,6.226770328737807
11555,250,251,LAE,5.606865164684449
11556,250,252,LAE,4.284565639519725
11557,250,251,LAE,1.5588276172474196
11558,250,253,LAE,3.437218761263063
11559,250,257,LAE,6.18496145646509
11560,250,251,LAE,1.252146087372681
11561,250,251,LAE,2.6233875604159373
11562,250,254,LAE,6.198169020792966
11563,250,261,LAE,5.146648071466015
11564,250,253,LAE,6.261501923198074
11565,250,253,LAE,7.172423357799113
11566,250,251,LAE,1.1631912407656415
11567,250,251,LAE,6.913794639866228
11568,250,251,LAE,6.346592998961657
11569,250,252,LAE,2.6353808401792085
11570,250,251,LAE,1.199080091481682
11571,250,254,LAE,6.530536396092819
11572,250,251,LAE,2.971198778642623
11573,250,256,LAE,6.734012893496104
11574,250,252,LAE,1.4443567364741692
11575,250,251,LAE,1.2510081814426917
11576,250,251,LAE,6.78422768943421
11577,250,251,LAE,1.0140929481242533
11578,250,253,LAE,6.646883368603108
11579,250,251,LAE,3.4579817259166896
11580,250,253,LAE,7.216240384560414
11581,250,255,LAE,1.8575435555677091
11582,248,255,LAE,5.322096210396772
11583,248,274,LAE,5.961221253731478
11584,248,255,LAE,7.345012322734523
11585,249,252,LAE,2.331639838203103
11586,250,252,LAE,6.628165906708076
11587,250,252,LAE,4.849550030981018
11588,250,254,LAE,2.8047950240133064
11589,251,253,LAE,3.7180636203191395
11590,251,254,LAE,2.2725660720882903
11591,251,278,LAE,7.025496004500368
11592,251,252,LAE,1.7958437554711741
11593,251,253,LAE,4.849691477579648
11594,251,252,LAE,3.495309263498665
11595,251,252,LAE,2.410817014273741
11596,251,252,LAE,2.7092538320533515
11597,251,254,LAE,2.018998639376196
11598,251,253,LAE,1.51680760446958
11599,251,253,LAE,3.8773666762588603
11600,251,253,LAE,2.0739157329637568
11601,251,253,LAE,4.774485072446212
11602,251,252,LAE,4.341397183080354
11603,251,253,LAE,1.4323663160429316
11604,251,258,LAE,3.530499952730367
11605,251,259,LAE,2.248626742154418
11606,250,253,LAE,5.731287836758087
11607,251,253,LAE,3.5942708795953373
11608,251,256,LAE,7.637586913903314
11609,251,253,LAE,1.511654017386326
11610,251,256,LAE,4.793899723173355
11611,252,253,LAE,5.490475850184213
11612,252,253,LAE,1.5653074897796238
11613,252,254,LAE,1.5531624396173302
11614,252,253,LAE,6.448951793048933
11615,252,256,LAE,5.551171137033658
11616,252,254,LAE,8.794263341472568
11617,252,256,LAE,6.807846800020131
11618,252,255,LAE,6.386800312333948
11619,252,254,LAE,1.553537551210253
11620,252,253,LAE,5.8357442719960835
11621,252,253,LAE,4.276079004493425
11622,252,254,LAE,5.841921116032849
11623,252,253,LAE,2.8569889221613076
11624,252,253,LAE,1.5325324158165805
11625,252,254,LAE,1.651223598276446
11626,252,253,LAE,2.880040411722824
11627,252,255,LAE,7.366333577117627
11628,252,254,LAE,1.5133315950008595
11629,252,258,LAE,6.941725900568894
11630,252,255,LAE,5.350566435153496
11631,252,257,LAE,1.7123492503415674
11632,252,253,LAE,5.448774608293823
11633,252,253,LAE,1.4372735726224328
11634,252,263,LAE,3.294650499566505
11635,252,254,LAE,1.4430777152227545
11636,252,255,LAE,1.8976056207191634
11637,252,255,LAE,4.428350612431175
11638,252,254,LAE,4.814607925660347
11639,252,258,LAE,3.5946206720856986
11640,252,258,LAE,3.3309823673670724
11641,253,255,LAE,5.599584857318182
11642,253,254,LAE,1.1428700279235566
11643,253,254,LAE,1.9991556326546291
11644,253,259,LAE,6.037805872419841
11645,253,256,LAE,4.492059471879921
11646,253,261,LAE,5.946849625676618
11647,253,255,LAE,3.0883163409596683
11648,253,256,LAE,1.5140512893370905
11649,253,255,LAE,5.285022480956085
11650,253,257,LAE,2.99352042939366
11651,253,261,LAE,4.128276764751526
11652,253,256,LAE,5.992633260821357
11653,253,262,LAE,6.512847448722785
11654,253,261,LAE,5.074019337035035
11655,253,255,LAE,4.479811054463048
11656,253,254,LAE,1.4199011565952455
11657,253,254,LAE,5.619332717083808
11658,253,255,LAE,5.041861813133543
11659,253,255,LAE,6.534821450478111
11660,253,254,LAE,5.056437461986797
11661,253,254,LAE,2.9646446899725913
11662,253,254,LAE,3.1414507379473835
11663,253,254,LAE,3.77501505134767
11664,253,256,LAE,3.6718848867940572
11665,252,260,LAE,4.308814830550067
11666,252,255,LAE,3.167114558046036
11667,252,255,LAE,3.3025731197905936
11668,252,259,LAE,6.5416361429293355
11669,252,264,LAE,7.7358104728892325
11670,253,255,LAE,6.193691339451275
11671,253,255,LAE,6.4930417280542185
11672,253,259,LAE,3.1664583103894053
11673,253,256,LAE,5.553790188105434
11674,253,255,LAE,4.580375354462601
11675,253,262,LAE,3.1333317226380406
11676,253,255,LAE,6.072923831331821
11677,254,260,LAE,2.6385256780219843
11678,254,256,LAE,2.419914556938343
11679,254,256,LAE,3.425304715860431
11680,254,255,LAE,2.458282289442712
11681,254,255,LAE,1.5623917224839634
11682,254,261,LAE,1.9908892628434227
11683,254,255,LAE,3.1069874540956004
11684,254,255,LAE,5.827986386701762
11685,254,255,LAE,1.5123540792114152
11686,254,255,LAE,4.612297476355671
11687,254,255,LAE,1.1243352759518073
11688,254,264,LAE,2.3670873941102246
11689,254,258,LAE,3.657337690952007
11690,254,255,LAE,2.062075394527962
11691,254,255,LAE,5.520589589504914
11692,254,256,LAE,6.212711281990873
11693,254,257,LAE,5.297228004271669
11694,254,257,LAE,3.3626449964726106
11695,254,258,LAE,6.334860595919684
11696,254,261,LAE,5.767040315384486
11697,254,258,LAE,2.9960269032550473
11698,253,258,LAE,4.522853258452728
11699,253,256,LAE,5.747646340845291
11700,253,256,LAE,6.591889942737755
11701,254,259,LAE,1.6806079016785198
11702,254,256,LAE,6.722323851970603
11703,254,256,LAE,5.912731603498141
11704,254,256,LAE,5.308407330575634
11705,254,256,LAE,4.6209048233425385
11706,255,256,LAE,4.840086609394129
11707,255,261,LAE,3.6022955126581127
11708,255,258,LAE,2.5566367797356
11709,255,256,LAE,2.6019780632167646
11710,255,258,LAE,2.2475603871616405
11711,255,256,LAE,1.1471294108160088
11712,255,256,LAE,3.370692789095465
11713,255,258,LAE,5.097089229380399
11714,255,258,LAE,1.4069049009150925
11715,255,256,LAE,3.528394721379604
11716,255,257,LAE,1.7490057427861174
11717,255,257,LAE,1.2837492778172346
11718,255,257,LAE,2.990818274263373
11719,255,258,LAE,6.86196137100851
11720,255,256,LAE,2.580374247513527
11721,255,257,LAE,1.2773296929320619
11722,255,256,LAE,3.1221368060921573
11723,255,257,LAE,5.15492546758685
11724,253,258,LAE,6.019138109165518
11725,253,257,LAE,5.010487956372482
11726,254,259,LAE,4.291418367431
11727,254,259,LAE,6.246757351092171
11728,254,263,LAE,4.119259885341608
11729,255,257,LAE,3.1383713963420026
11730,255,257,LAE,1.3377307274944112
11731,255,257,LAE,6.273480190599159
11732,255,257,LAE,2.6445119252994584
11733,255,261,LAE,5.839965742404114
11734,255,257,LAE,3.0341975920457656
11735,255,257,LAE,3.3738010700328447
11736,255,257,LAE,1.2711481344488824
11737,255,262,LAE,4.092228248587823
11738,255,257,LAE,5.375898064770956
11739,256,259,LAE,2.5750172300988887
11740,256,257,LAE,2.539058366519955
11741,256,257,LAE,3.7298403342414312
11742,256,261,LAE,3.7897485291731985
11743,256,257,LAE,2.4916753871124975
11744,256,260,LAE,4.262942495329637
11745,256,257,LAE,2.3317546421109476
11746,256,257,LAE,2.402055956038379
11747,256,265,LAE,4.454551988541182
11748,256,261,LAE,1.704398772812952
11749,256,257,LAE,2.406245782418499
11750,256,257,LAE,3.5519792419700527
11751,256,258,LAE,1.4252476016891302
11752,256,264,LAE,5.11514639355912
11753,256,257,LAE,6.154865865674744
11754,256,257,LAE,2.1546229898766267
11755,256,257,LAE,3.4709148758192607
11756,256,268,LAE,5.451784549934756
11757,254,258,LAE,5.596294991845167
11758,254,258,LAE,4.296937553261071
11759,255,260,LAE,3.2224283731440297
11760,255,260,LAE,3.787850844619814
11761,255,259,LAE,6.090637156482037
11762,256,264,LAE,3.23028894830714
11763,256,258,LAE,1.7920437143842678
11764,256,258,LAE,2.88364004875903
11765,257,265,LAE,3.1616451499974323
11766,257,258,LAE,4.38656636689156
11767,257,260,LAE,5.594618837166315
11768,257,258,LAE,0.9700419510222464
11769,257,258,LAE,4.11616268218765
11770,257,260,LAE,6.651432054991281
11771,257,258,LAE,1.405335930218034
11772,257,260,LAE,6.267371735778532
11773,257,261,LAE,5.161640077035664
11774,257,261,LAE,3.4923495467694816
11775,257,259,LAE,1.6716108325012013
11776,257,261,LAE,3.1040488239771946
11777,257,258,LAE,1.1745773070123102
11778,257,259,LAE,2.7773680702530386
11779,257,259,LAE,5.066264417819129
11780,257,258,LAE,1.71678530650091
11781,257,258,LAE,1.3937680898231728
11782,257,258,LAE,2.3730051036490845
11783,257,262,LAE,3.5096440133409152
11784,257,260,LAE,6.039352557194037
11785,257,258,LAE,1.1160169705617045
11786,257,261,LAE,6.201313161917229
11787,257,258,LAE,1.9665592535192629
11788,257,258,LAE,1.425899342913977
11789,257,265,LAE,2.745877605273872
11790,255,259,LAE,5.024326460338406
11791,255,261,LAE,6.072162692448217
11792,256,259,LAE,2.6285185696752413
11793,257,260,LAE,1.428583693298503
11794,257,260,LAE,1.5468678765116983
11795,257,272,LAE,5.170713692995658
11796,258,267,LAE,4.508768373972606
11797,258,259,LAE,5.83168659408008
11798,258,263,LAE,3.5370871738562046
11799,258,260,LAE,2.24833743025557
11800,258,259,LAE,2.42835946718065
11801,258,259,LAE,5.121054715574997
11802,258,261,LAE,4.310515946416211
11803,258,260,LAE,6.937698122975319
11804,258,259,LAE,2.662304963905233
11805,258,259,LAE,2.195884852690444
11806,258,259,LAE,2.7195720403531296
11807,258,259,LAE,2.544105013359794
11808,258,259,LAE,1.24998561638112
11809,258,259,LAE,3.9003517634870377
11810,258,276,LAE,5.613845931538836
11811,258,259,LAE,2.6547833220586248
11812,258,261,LAE,1.3503488828896364
11813,258,261,LAE,5.926342304422559
11814,256,273,LAE,5.950798244075857
11815,257,260,LAE,4.814601156100169
11816,257,260,LAE,1.9295642339475578
11817,258,263,LAE,1.6625586469374023
11818,258,261,LAE,3.8365829629278894
11819,258,261,LAE,3.919922634881021
11820,258,262,LAE,3.7694925228942693
11821,258,268,LAE,4.629280451557139
11822,259,260,LAE,0.9479795485689257
11823,259,261,LAE,2.601894491501879
11824,259,265,LAE,3.7139265799635437
11825,259,260,LAE,2.8194687259708133
11826,259,260,LAE,0.9045183464502804
11827,259,260,LAE,1.1446541615155925
11828,259,263,LAE,2.8799216435280965
11829,259,262,LAE,4.188043608870388
11830,259,260,LAE,2.729272182350781
11831,259,262,LAE,3.4608354146853166
11832,259,260,LAE,2.3900366457003104
11833,259,266,LAE,4.1143680280738355
11834,259,260,LAE,1.011689033347818
11835,259,260,LAE,3.3631325977956825
11836,259,261,LAE,3.514278442375661
11837,259,260,LAE,2.027601360014126
11838,259,260,LAE,2.4391741732317764
11839,259,260,LAE,1.1414104040980397
11840,259,261,LAE,2.141527663722141
11841,259,262,LAE,1.8881253766624644
11842,259,260,LAE,1.4597175197805123
11843,259,262,LAE,3.535686802951552
11844,259,260,LAE,1.3019612303518948
11845,258,261,LAE,6.00722896348365
11846,258,262,LAE,1.5329919225497752
11847,258,275,LAE,5.346748645545465
11848,259,261,LAE,1.3676941918608843
11849,259,261,LAE,3.2134718088428187
11850,259,261,LAE,1.6728121767636224
11851,259,261,LAE,4.57909231953374
11852,259,261,LAE,1.5498510771017584
11853,259,261,LAE,2.159867020846163
11854,259,277,LAE,5.590195272349544
11855,259,268,LAE,3.624896793233255
11856,259,261,LAE,1.378091724815258
11857,260,263,LAE,4.198830441215722
11858,260,264,LAE,5.937025449317528
11859,260,261,LAE,1.0272714446203615
11860,260,261,LAE,1.3539634019954594
11861,260,261,LAE,3.5829611136248953
11862,260,261,LAE,2.5908512405436315
11863,260,261,LAE,3.500737651977465
11864,260,261,LAE,3.107252291849834
11865,260,261,LAE,2.9620662671115
11866,260,261,LAE,2.6814411682040196
11867,260,262,LAE,2.6796526755135655
11868,260,261,LAE,1.1096890737264953
11869,260,261,LAE,1.070086564896564
11870,260,261,LAE,2.9290561186411606
11871,260,261,LAE,5.6660227496186275
11872,260,261,LAE,3.3392450304255563
11873,260,261,LAE,2.2561286730876513
11874,260,261,LAE,3.315411259107243
11875,260,261,LAE,2.3490634302094247
11876,260,261,LAE,1.9998132232372128
11877,260,261,LAE,4.444817270913715
11878,260,262,LAE,4.502988808318283
11879,260,261,LAE,1.4133086455359656
11880,260,261,LAE,4.985825132912293
11881,260,261,LAE,1.1662791112586437
11882,260,261,LAE,4.681387610220942
11883,260,261,LAE,7.138272218636614
11884,260,261,LAE,1.4621886120447922
11885,260,262,LAE,3.796755837542289
11886,258,270,LAE,5.708143315570073
11887,259,264,LAE,1.709750868140666
11888,259,262,LAE,4.928846975098473
11889,260,262,LAE,4.463181506592643
11890,260,269,LAE,5.632979440406352
11891,260,262,LAE,3.0153086082201903
11892,260,262,LAE,1.2954062674439561
11893,260,263,LAE,4.261140800174826
11894,261,262,LAE,3.389916237589849
11895,261,263,LAE,4.272306640857862
11896,261,262,LAE,1.9887476849244607
11897,261,267,LAE,2.670556894553163
11898,261,264,LAE,4.50053117567735
11899,261,269,LAE,4.110461435832706
11900,261,262,LAE,3.3420303948609207
11901,261,262,LAE,1.657817793263524
11902,261,262,LAE,3.2480845087518024
11903,261,262,LAE,3.0508919130987966
11904,261,262,LAE,3.725067424222663
11905,261,263,LAE,3.9159562745247722
11906,261,262,LAE,0.8867651434847887
11907,261,263,LAE,2.9180728428124496
11908,261,262,LAE,1.7462613006620802
11909,261,263,LAE,1.239544033137735
11910,261,264,LAE,2.847974943086072
11911,261,263,LAE,2.8008264198633563
11912,260,263,LAE,3.518322581377837
11913,260,263,LAE,5.768307679864018
11914,260,264,LAE,1.606487352963986
11915,260,263,LAE,2.7752434431022555
11916,261,263,LAE,1.3617685996012174
11917,261,263,LAE,1.470975847483559
11918,261,265,LAE,5.93924671693653
11919,261,263,LAE,5.295649453520704
11920,262,263,LAE,2.379748879724239
11921,262,264,LAE,2.462390842540757
11922,262,263,LAE,3.7673747885906215
11923,262,266,LAE,1.6749790592188496
11924,262,263,LAE,1.5810884138203956
11925,262,263,LAE,2.158142211028999
11926,262,263,LAE,1.5467479225416478
11927,262,263,LAE,2.021124604885766
11928,262,263,LAE,4.155017463671004
11929,262,263,LAE,1.0292742870619265
11930,262,264,LAE,2.803570114411498
11931,262,263,LAE,2.257510790789773
11932,262,263,LAE,4.791917159597368
11933,262,264,LAE,3.3501724709955485
11934,262,264,LAE,3.007297512205294
11935,262,263,LAE,1.828541072752794
11936,262,263,LAE,2.0311314219671956
11937,262,263,LAE,3.3097453790330564
11938,262,263,LAE,2.184499601593343
11939,262,266,LAE,3.3065711956373764
11940,262,263,LAE,1.6130148505326758
11941,262,263,LAE,2.067584822422149
11942,262,263,LAE,1.318141886624091
11943,262,263,LAE,2.358611795749239
11944,262,263,LAE,4.2915886055076315
11945,262,263,LAE,1.8758491783334201
11946,262,263,LAE,1.5264025788657236
11947,262,263,LAE,1.720871127103601
11948,262,263,LAE,2.053347733653889
11949,262,263,LAE,1.8880320204120198
11950,262,264,LAE,1.708744838964486
11951,262,263,LAE,1.5213848369751648
11952,262,269,LAE,4.950953369906441
11953,262,263,LAE,1.2333886626459212
11954,262,263,LAE,1.675328511093225
11955,261,264,LAE,5.051206185885605
11956,262,264,LAE,1.7854171440460478
11957,263,267,LAE,3.480348417723042
11958,263,264,LAE,2.509544774367423
11959,263,264,LAE,3.092165686074377
11960,263,264,LAE,2.962565619348344
11961,263,264,LAE,4.876435694883261
11962,263,264,LAE,1.6440656899089747
11963,263,268,LAE,1.6555968544045603
11964,263,264,LAE,2.706946675388629
11965,263,265,LAE,2.3033413988820204
11966,263,264,LAE,3.839923811145911
11967,263,271,LAE,2.7990027961410195
11968,263,266,LAE,2.550563407133265
11969,263,264,LAE,4.340783034194997
11970,263,264,LAE,4.089876484614533
11971,263,264,LAE,2.1998190568500524
11972,263,264,LAE,3.422834086581494
11973,263,264,LAE,3.5080267904225844
11974,263,264,LAE,2.1694210221254333
11975,262,265,LAE,2.4440731287964033
11976,263,268,LAE,3.879687468829501
11977,263,265,LAE,4.077459722959641
11978,263,271,LAE,5.540236898067854
11979,263,265,LAE,4.28671281274212
11980,264,266,LAE,2.9110149009446746
11981,264,268,LAE,4.198828467492641
11982,264,265,LAE,4.465818123102585
11983,264,265,LAE,4.646049191080451
11984,264,265,LAE,1.671451361863465
11985,264,265,LAE,1.8651987711900948
11986,264,265,LAE,2.6812635476259197
11987,264,266,LAE,3.02181909865942
11988,264,266,LAE,3.860087784315127
11989,264,265,LAE,0.8345434903045953
11990,264,265,LAE,2.1556555828039556
11991,264,268,LAE,5.076994258616882
11992,264,266,LAE,3.602744125334043
11993,264,265,LAE,1.1343803896467757
11994,264,267,LAE,3.462672541410617
11995,264,265,LAE,1.2389660583157824
11996,264,265,LAE,1.0619661147656514
11997,264,268,LAE,4.152930049934759
11998,262,271,LAE,4.350632147796266
11999,263,266,LAE,3.9148880649374065
12000,263,266,LAE,3.6417755993751704
12001,264,266,LAE,3.382898500024669
12002,264,266,LAE,1.5317051993890698
12003,265,266,LAE,2.7866633181552984
12004,265,266,LAE,1.9862521967057307
12005,265,266,LAE,1.7174484157014354
12006,265,267,LAE,2.6021510324252204
12007,265,268,LAE,5.106617749435844
12008,265,266,LAE,1.814537730882847
12009,265,266,LAE,1.4866593546362892
12010,265,266,LAE,1.851938329653633
12011,265,268,LAE,3.3520311333429977
12012,265,266,LAE,1.8797028330952046
12013,265,267,LAE,1.1235287847777384
12014,265,267,LAE,1.7032216851565083
12015,265,266,LAE,1.1499187518219824
12016,265,266,LAE,1.6534195883354494
12017,265,266,LAE,3.7106617889971294
12018,265,267,LAE,2.2749510030051057
12019,265,268,LAE,3.0345770450525915
12020,265,266,LAE,1.7495202234826717
12021,265,266,LAE,1.8681353729513683
12022,265,266,LAE,1.8153029131442475
12023,265,267,LAE,0.9703403705566562
12024,265,267,LAE,3.4484610181741853
12025,265,267,LAE,2.898668263976823
12026,265,267,LAE,4.070303774207749
12027,265,266,LAE,2.9981146598749064
12028,265,269,LAE,1.4517284339325929
12029,265,266,LAE,3.4062156177495413
12030,265,266,LAE,1.5257297176617577
12031,265,267,LAE,1.3600592938001428
12032,265,272,LAE,4.726705317345465
12033,265,266,LAE,1.236747169593272
12034,265,267,LAE,2.538377805024364
12035,263,272,LAE,5.311039757949112
12036,264,268,LAE,3.4864340623306944
12037,264,267,LAE,3.903687157230998
12038,265,267,LAE,3.103219960991672
12039,265,267,LAE,5.6107615623471565
12040,265,267,LAE,3.55102840288575
12041,265,267,LAE,2.9466591796832287
12042,265,267,LAE,1.0502178757510188
12043,265,268,LAE,3.207669512778555
12044,265,267,LAE,5.556767099790223
12045,266,267,LAE,2.841016692141679
12046,266,267,LAE,3.173674632401308
12047,266,267,LAE,1.5684098865937748
12048,266,267,LAE,2.7021518157758804
12049,266,268,LAE,1.4305108441079932
12050,266,268,LAE,3.441294510455753
12051,266,273,LAE,3.8382350820084263
12052,266,269,LAE,2.4082174326059196
12053,266,267,LAE,4.547610037826717
12054,266,267,LAE,3.227481800696484
12055,266,272,LAE,2.3620017732054075
12056,266,268,LAE,1.368112011987472
12057,266,268,LAE,2.8279123423617034
12058,266,267,LAE,5.355703620519139
12059,266,267,LAE,2.3840557633702897
12060,266,267,LAE,2.0911023977017282
12061,266,267,LAE,1.9443541059365637
12062,266,267,LAE,2.915601657162849
12063,266,269,LAE,4.175402289388326
12064,266,268,LAE,3.041428461868558
12065,266,268,LAE,2.572651765487603
12066,266,268,LAE,4.93902613468236
12067,266,268,LAE,1.4420138002006224
12068,266,268,LAE,3.084865458547701
12069,266,267,LAE,3.5578589207847164
12070,266,267,LAE,2.3144715042129596
12071,266,267,LAE,3.7044307858228236
12072,266,267,LAE,3.361247332557284
12073,266,269,LAE,3.1829559902774003
12074,266,267,LAE,1.7172960172254432
12075,266,268,LAE,1.7668479062725009
12076,266,268,LAE,3.0316140688728943
12077,266,267,LAE,2.6517899064063806
12078,266,268,LAE,2.0821404714743053
12079,266,267,LAE,1.3933576281767261
12080,266,267,LAE,3.1471957571904814
12081,266,268,LAE,1.1678246551604288
12082,266,267,LAE,4.0281877874422305
12083,266,267,LAE,1.5937811022961603
12084,266,267,LAE,4.064914410445427
12085,266,267,LAE,1.0581404513348986
12086,266,267,LAE,3.2558901054622265
12087,266,268,LAE,2.416901345869954
12088,266,267,LAE,1.9128532764385038
12089,266,268,LAE,2.96304109668595
12090,266,267,LAE,2.2104324237881134
12091,266,267,LAE,1.6550054314303682
12092,266,267,LAE,1.7966421959782004
12093,266,272,LAE,5.1893196235772185
12094,266,268,LAE,2.2773007383559714
12095,265,270,LAE,4.188585572083535
12096,265,268,LAE,1.5093473012449812
12097,265,268,LAE,5.129307388170489
12098,266,271,LAE,3.961253300492763
12099,266,268,LAE,3.376591387756906
12100,266,268,LAE,3.261377363968294
12101,267,271,LAE,1.16419425579333
12102,267,268,LAE,2.854404103350407
12103,267,268,LAE,2.722214659599801
12104,267,270,LAE,1.0110294868086742
12105,267,269,LAE,5.318711923198641
12106,267,268,LAE,3.0616863256026554
12107,267,268,LAE,2.7019608776489
12108,267,268,LAE,1.540037030171024
12109,267,268,LAE,2.868191669813121
12110,267,268,LAE,1.3521138270698994
12111,267,269,LAE,1.1359100704740581
12112,267,268,LAE,4.860145279432941
12113,267,268,LAE,1.6151929080191183
12114,267,268,LAE,2.8807489476083186
12115,267,268,LAE,1.5985017314641257
12116,267,268,LAE,1.2353459945494936
12117,267,268,LAE,1.418427564052369
12118,267,268,LAE,0.9570923834088414
12119,267,268,LAE,2.783776554204224
12120,267,268,LAE,3.2716193592739056
12121,267,270,LAE,0.9876738029867139
12122,267,269,LAE,4.05605784327722
12123,267,269,LAE,3.260464964202642
12124,267,268,LAE,1.5277623024074138
12125,267,268,LAE,1.3036516789100085
12126,267,268,LAE,5.022537033145816
12127,267,268,LAE,1.9992094366162594
12128,267,268,LAE,1.6836888731372825
12129,267,273,LAE,4.014300223935832
12130,267,272,LAE,2.027585124923587
12131,267,268,LAE,2.51700691385203
12132,267,268,LAE,2.5085169585138876
12133,267,268,LAE,1.5725475846148689
12134,267,268,LAE,3.163985483175117
12135,267,268,LAE,3.980815467287913
12136,267,268,LAE,1.4580140600265714
12137,267,268,LAE,3.7983515883609944
12138,267,268,LAE,3.047840397722059
12139,267,268,LAE,2.4748166755225367
12140,267,268,LAE,2.572881927553905
12141,267,269,LAE,1.6824737351554668
12142,265,269,LAE,5.0811552682276515
12143,266,271,LAE,1.7542055780251748
12144,267,273,LAE,2.2579014991106137
12145,267,269,LAE,3.8056134464149216
12146,267,269,LAE,4.457076288097513
12147,267,272,LAE,4.627412329687641
12148,267,270,LAE,4.672907775172458
12149,267,270,LAE,5.2557410405934935
12150,268,271,LAE,3.5164261806501935
12151,268,269,LAE,2.9074323667760247
12152,268,270,LAE,3.39625134442108
12153,268,270,LAE,1.3055827061401322
12154,268,269,LAE,4.775624285327165
12155,268,269,LAE,2.6365875499798634
12156,268,269,LAE,1.2835425850191533
12157,268,270,LAE,1.0112090628969899
12158,268,269,LAE,3.401360363560827
12159,268,269,LAE,1.365046295842292
12160,268,269,LAE,5.060965130957313
12161,268,269,LAE,0.9887713708329506
12162,268,272,LAE,1.8995295196178752
12163,268,269,LAE,1.000699850678842
12164,268,273,LAE,2.994169167655738
12165,268,269,LAE,4.0649006072138105
12166,268,269,LAE,1.0227509933521288
12167,268,269,LAE,3.6080730427014043
12168,268,269,LAE,1.0372032442435823
12169,268,269,LAE,0.9819388395981916
12170,268,270,LAE,1.3824789511495232
12171,268,269,LAE,1.3991740384254696
12172,268,273,LAE,2.9105520371386144
12173,268,270,LAE,3.9332169644050885
12174,268,269,LAE,2.306573900853397
12175,268,270,LAE,3.8032361511573187
12176,268,269,LAE,1.5772666667437967
12177,268,272,LAE,4.376182526388171
12178,268,269,LAE,1.5235896996067892
12179,268,271,LAE,3.142666435410351
12180,268,269,LAE,0.8780938948717747
12181,268,269,LAE,1.5858944594660611
12182,268,274,LAE,3.9800569216301813
12183,268,269,LAE,0.800994102410999
12184,268,269,LAE,0.8859059655736422
12185,266,270,LAE,4.332179577344382
12186,267,270,LAE,3.8668998296570702
12187,267,271,LAE,4.71660777843868
12188,268,270,LAE,3.970801515055917
12189,268,270,LAE,3.631566942272296
12190,268,270,LAE,3.7790695767642983
12191,269,270,LAE,2.817422780895715
12192,269,271,LAE,1.398038918108041
12193,269,271,LAE,4.326659035582314
12194,269,270,LAE,1.1162408660497747
12195,269,272,LAE,1.312847765011919
12196,269,274,LAE,5.676373870788529
12197,269,270,LAE,3.544299811906095
12198,269,270,LAE,1.5787100425747413
12199,269,270,LAE,0.9247029827950274
12200,269,271,LAE,1.0301401585541583
12201,269,270,LAE,3.5161396584409594
12202,269,270,LAE,2.6367476431341594
12203,269,277,LAE,4.038220508293297
12204,269,270,LAE,1.8213294743350061
12205,269,270,LAE,2.903611919803209
12206,269,272,LAE,2.118671310533964
12207,269,272,LAE,1.9377774980557914
12208,269,270,LAE,0.7894119603765322
12209,269,273,LAE,1.7360677764113497
12210,269,270,LAE,2.1432023997942067
12211,269,270,LAE,2.765592172948254
12212,269,271,LAE,3.2797709364423624
12213,269,271,LAE,1.759225968247204
12214,269,270,LAE,2.2326981609028422
12215,269,271,LAE,3.2315755802490043
12216,269,271,LAE,3.578173868750694
12217,269,270,LAE,0.9871804462218112
12218,269,272,LAE,2.056850479195906
12219,269,273,LAE,2.0949055582983984
12220,269,270,LAE,1.1999086228856317
12221,269,270,LAE,1.6401832572177475
12222,269,270,LAE,1.6200956488766727
12223,269,271,LAE,1.8995153013826545
12224,269,271,LAE,1.6347159884553908
12225,269,271,LAE,1.9569259716800385
12226,269,270,LAE,1.5717125588650733
12227,269,270,LAE,1.8669230932943868
12228,269,278,LAE,2.818752829973319
12229,269,273,LAE,4.116025701248046
12230,269,270,LAE,3.841212021904549
12231,269,270,LAE,1.650500435217581
12232,269,270,LAE,4.997372149702685
12233,268,271,LAE,3.615548814912359
12234,269,271,LAE,2.7383634658148575
12235,269,271,LAE,1.2593609181677852
12236,269,274,LAE,2.068746261086715
12237,269,271,LAE,3.6001129427652465
12238,270,271,LAE,3.065099670308246
12239,270,271,LAE,1.0326386453490939
12240,270,274,LAE,2.3772011394173678
12241,270,273,LAE,3.2609268892691965
12242,270,272,LAE,1.0056888350105604
12243,270,272,LAE,1.1932324721137497
12244,270,271,LAE,0.9073230349931514
12245,270,272,LAE,1.0667668349249797
12246,270,272,LAE,1.0433724817258307
12247,270,271,LAE,1.0660186320260208
12248,270,271,LAE,2.0331666556594588
12249,270,271,LAE,1.7933927712894275
12250,270,271,LAE,2.9085152774938794
12251,270,271,LAE,0.975182264035894
12252,270,273,LAE,1.3730598955326516
12253,270,271,LAE,2.1898495134550378
12254,270,271,LAE,2.2576611020987656
12255,270,271,LAE,0.8414439977446342
12256,270,271,LAE,1.739632236155502
12257,270,271,LAE,3.32636686667253
12258,270,272,LAE,2.579188531326719
12259,270,271,LAE,2.2108730710853233
12260,270,272,LAE,1.8895516673568618
12261,270,272,LAE,2.0656858822975392
12262,271,274,LAE,55.21616693749243
12263,271,273,LAE,4.289892752086604
12264,271,273,LAE,1.4752031951584628
12265,271,272,LAE,1.8255182299763033
12266,271,273,LAE,3.6593107874269575
12267,271,272,LAE,3.322623700521661
12268,271,277,LAE,24.182621061804266
12269,271,272,LAE,26.62125774609191
12270,271,282,LAE,26.32211229335051
12271,271,272,LAE,2.593321495566594
12272,271,273,LAE,4.36071798757009
12273,271,273,LAE,4.214454753154818
12274,271,274,LAE,2.726186258706649
12275,271,274,LAE,21.130807283996763
12276,271,274,LAE,3.4682252000265636
12277,271,280,LAE,22.984338337535867
12278,271,275,LAE,5.063989679123473
12279,271,276,LAE,54.93141252074891
12280,271,281,LAE,20.272471762153003
12281,271,274,LAE,3.0716856314470484
12282,271,273,LAE,5.248931039552195
12283,271,272,LAE,20.838713093551927
12284,271,274,LAE,4.412529184026
12285,271,274,LAE,4.182348768765462
12286,271,273,LAE,5.143863375595748
12287,271,272,LAE,2.413360694912133
12288,271,272,LAE,2.971533373791138
12289,271,274,LAE,2.595493879918977
12290,271,272,LAE,26.18330147574396
12291,271,274,LAE,1.4048499223294981
12292,271,272,LAE,4.6803595329799235
12293,271,272,LAE,32.175488571989305
12294,271,279,LAE,29.716086986237876
12295,271,274,LAE,24.735108205894676
12296,271,272,LAE,1.2649413493285628
12297,271,274,LAE,1.7037900583284673
12298,271,272,LAE,2.857048196396885
12299,271,272,LAE,3.1040255717437026
12300,271,279,LAE,26.180652256461805
12301,271,272,LAE,4.848341418813819
12302,271,274,LAE,1.722481873541954
12303,271,278,LAE,5.308032567752216
12304,271,272,LAE,52.49304533844597
12305,271,272,LAE,2.4661002900850852
12306,271,273,LAE,2.865954090480056
12307,271,281,LAE,27.618519896062068
12308,271,272,LAE,1.0445411161034874
12309,271,272,LAE,30.654879470128947
12310,271,274,LAE,28.56278179600161
12311,271,272,LAE,35.91529784093502
12312,271,273,LAE,1.8229027270231022
12313,271,272,LAE,2.5086231616885044
12314,271,272,LAE,3.4440948001040876
12315,271,272,LAE,2.3509518313010003
12316,271,274,LAE,32.577525349168056
12317,271,272,LAE,2.109100049430665
12318,271,275,LAE,4.46585480727167
12319,271,273,LAE,2.143209620939463
12320,271,273,LAE,3.3830048532796098
12321,271,274,LAE,2.613378898351816
12322,271,274,LAE,4.538123612782133
12323,271,273,LAE,1.571100137191434
12324,271,273,LAE,4.62173704023043
12325,271,273,LAE,2.7993058338352315
12326,271,273,LAE,3.613166216647679
12327,271,273,LAE,2.5328969535280152
12328,271,277,LAE,2.3463783994389353
12329,272,274,LAE,38.11456659938934
12330,272,281,LAE,32.25581838158387
12331,272,273,LAE,1.9528103547924178
12332,272,281,LAE,24.671752089390445
12333,272,274,LAE,2.5816947800871337
12334,272,273,LAE,1.7887370064485628
12335,272,274,LAE,2.5755383199061663
12336,272,273,LAE,1.7710556765551924
12337,272,274,LAE,3.0515825618106676
12338,272,283,LAE,30.13802212246243
12339,272,273,LAE,2.9744448909521624
12340,272,274,LAE,4.166404754000818
12341,272,274,LAE,25.33359115563442
12342,272,273,LAE,3.3699945022459072
12343,272,273,LAE,3.0217395707525596
12344,272,273,LAE,2.2300273944946403
12345,272,273,LAE,2.3391969912093704
12346,272,273,LAE,2.141831947846424
12347,272,273,LAE,2.1270931718387134
12348,272,273,LAE,2.759112120534493
12349,272,274,LAE,34.11838060967205
12350,272,274,LAE,4.206794296362391
12351,272,276,LAE,28.02386646696915
12352,272,273,LAE,1.7673161538459983
12353,272,273,LAE,2.5116966892402086
12354,272,273,LAE,2.4613888716414922
12355,272,273,LAE,4.144093142106719
12356,272,274,LAE,2.5356290248758775
12357,272,273,LAE,2.105940990151728
12358,272,274,LAE,19.30360026816739
12359,272,273,LAE,2.819026629094121
12360,272,274,LAE,2.7424326496350826
12361,272,274,LAE,25.204506599699965
12362,272,273,LAE,2.763356220978917
12363,272,273,LAE,4.5904896267986
12364,272,273,LAE,3.3465826925814315
12365,272,273,LAE,2.8560012407863504
12366,272,273,LAE,3.4827328735403067
12367,272,274,LAE,40.643624426711305
12368,272,273,LAE,2.114070441762302
12369,272,273,LAE,3.3110976193017954
12370,272,273,LAE,2.2968437946322298
12371,272,276,LAE,3.9266457884138517
12372,272,277,LAE,21.360602958435972
12373,272,280,LAE,20.446977952386128
12374,272,273,LAE,2.325188109460873
12375,272,273,LAE,1.707917231625443
12376,272,273,LAE,2.0215115836058355
12377,272,273,LAE,2.610470277706129
12378,272,273,LAE,3.281657473573554
12379,272,273,LAE,2.8518782432293754
12380,272,282,LAE,27.70993369508796
12381,272,273,LAE,1.707187273233225
12382,272,273,LAE,1.7945224995356837
12383,272,274,LAE,3.1298948894215566
12384,272,277,LAE,1.7571004621165829
12385,272,273,LAE,3.027073047822281
12386,272,273,LAE,2.4222133498656904
12387,272,273,LAE,2.788661997532512
12388,272,273,LAE,2.0878084102325802
12389,272,273,LAE,2.977203487618654
12390,272,275,LAE,4.319842394798905
12391,272,273,LAE,1.8143424505970693
12392,272,274,LAE,3.870820934271029
12393,272,278,LAE,3.050850249156641
12394,272,273,LAE,4.015777264493122
12395,272,273,LAE,1.2075823564758903
12396,271,280,LAE,32.85016730568952
12397,271,274,LAE,4.431601517891656
12398,271,274,LAE,2.042980355295041
12399,271,274,LAE,1.805411951000682
12400,271,274,LAE,2.220580496127428
12401,272,274,LAE,27.115546347106967
12402,272,274,LAE,3.293598476015758
12403,272,274,LAE,27.12006967372669
12404,272,274,LAE,24.071414819407586
12405,272,274,LAE,4.444766014055506
12406,272,274,LAE,2.889801847234133
12407,272,274,LAE,2.628041206737529
12408,272,274,LAE,1.9267735329818725
12409,272,274,LAE,25.135465485392352
12410,272,274,LAE,2.5604419799727314
12411,272,274,LAE,3.150268952500845
12412,272,274,LAE,3.32279218735012
12413,272,274,LAE,5.1138331214928225
12414,272,275,LAE,1.9757590261614772
12415,272,278,LAE,4.141218834657059
12416,273,274,LAE,5.040787534893088
12417,273,279,LAE,19.98446612548472
12418,273,274,LAE,26.091314586752123
12419,273,274,LAE,3.5004254381613022
12420,273,274,LAE,4.27983899000592
12421,273,276,LAE,1.2414311894543753
12422,273,274,LAE,0.8965302898397288
12423,273,282,LAE,25.493019469008782
12424,273,274,LAE,2.092436383792851
12425,273,277,LAE,3.2034400369524794
12426,273,274,LAE,2.095888077963163
12427,273,281,LAE,27.22723817144323
12428,273,274,LAE,26.893348433172708
12429,273,274,LAE,1.5148858625075219
12430,273,274,LAE,4.9370052337128145
12431,273,274,LAE,2.1397320426610182
12432,273,274,LAE,2.300245408054792
12433,273,274,LAE,2.230178833593197
12434,273,274,LAE,2.2519768782286214
12435,273,274,LAE,2.2264760578496854
12436,273,276,LAE,43.75473254390148
12437,273,284,LAE,16.45571802039
12438,273,274,LAE,2.087871124093856
12439,273,274,LAE,2.930425178046549
12440,273,274,LAE,3.4644129669503747
12441,273,274,LAE,1.7594200172730028
12442,273,274,LAE,1.9436638588776682
12443,273,274,LAE,2.1270741199853807
12444,273,284,LAE,39.11111446744517
12445,273,278,LAE,9.819392869023469
12446,273,274,LAE,34.84312426682506
12447,273,274,LAE,2.1706070900909573
12448,273,277,LAE,26.587814306106633
12449,273,276,LAE,2.776102936644528
12450,273,276,LAE,30.080568404530375
12451,273,280,LAE,11.776308193701638
12452,273,278,LAE,27.65204775717846
12453,273,278,LAE,25.892327844022915
12454,273,275,LAE,24.24342632447662
12455,273,278,LAE,35.03169729079286
12456,273,275,LAE,1.6003500139041813
12457,273,279,LAE,27.171023575248633
12458,273,277,LAE,4.804333373465664
12459,273,276,LAE,2.381972451952422
12460,274,277,LAE,19.907613896739548
12461,274,282,LAE,4.077735704108314
12462,274,282,LAE,26.874872500828545
12463,274,275,LAE,3.217645263075694
12464,274,276,LAE,29.562179107592527
12465,274,278,LAE,18.22104934103736
12466,274,275,LAE,39.717805679033596
12467,274,277,LAE,2.7062639481917015
12468,274,276,LAE,1.7688208478605338
12469,274,277,LAE,1.3751017694473588
12470,274,281,LAE,3.0954368298624413
12471,274,275,LAE,24.658302616015643
12472,274,275,LAE,2.2048302145069716
12473,274,277,LAE,2.272501303890015
12474,274,278,LAE,26.46104668125541
12475,274,276,LAE,2.1690662796841864
12476,274,286,LAE,2.9752772095348736
12477,274,275,LAE,4.171148655612328
12478,274,278,LAE,1.7198818743820032
12479,274,275,LAE,2.3392134497803583
12480,273,276,LAE,22.71238795542007
12481,273,278,LAE,32.500843734303096
12482,273,279,LAE,20.06211525645953
12483,274,281,LAE,20.78461745312739
12484,274,276,LAE,1.9769749849670804
12485,274,278,LAE,26.219750538672944
12486,274,276,LAE,18.041819153928767
12487,274,277,LAE,3.1743318372465836
12488,274,276,LAE,1.6609233131753316
12489,274,277,LAE,2.720449988453414
12490,274,281,LAE,39.961139322916885
12491,274,276,LAE,2.043972316665102
12492,275,279,LAE,25.1332898195123
12493,275,281,LAE,3.75617723398369
12494,275,276,LAE,1.1287787834741287
12495,275,277,LAE,3.10892701373354
12496,275,277,LAE,1.6129875515383962
12497,275,276,LAE,2.5381498312341453
12498,275,276,LAE,2.6577471143385023
12499,275,276,LAE,2.4321322385079407
12500,275,281,LAE,19.957383360171495
12501,275,278,LAE,21.63668221776146
12502,275,282,LAE,2.176931248848319
12503,275,276,LAE,1.4192373411754131
12504,275,282,LAE,27.329502854786764
12505,275,276,LAE,44.2884109334491
12506,275,284,LAE,20.30190067227846
12507,275,281,LAE,37.24705115071222
12508,275,277,LAE,2.5801227558371105
12509,275,278,LAE,13.798758492502241
12510,275,276,LAE,1.7582470246795097
12511,275,277,LAE,1.1574654399655744
12512,275,277,LAE,3.2784990837730694
12513,275,276,LAE,1.3869995150730376
12514,275,281,LAE,22.467327492216565
12515,275,281,LAE,29.78087715367273
12516,275,277,LAE,1.1958741844229877
12517,275,276,LAE,5.695925512273986
12518,275,277,LAE,2.9215976675806865
12519,275,276,LAE,1.5831416220517371
12520,275,277,LAE,1.2851339889760527
12521,275,277,LAE,26.063447239212948
12522,275,278,LAE,29.750347403158877
12523,275,277,LAE,23.067481106985966
12524,275,276,LAE,1.365864589979523
12525,275,276,LAE,57.43263267929252
12526,275,278,LAE,15.284023549677086
12527,275,281,LAE,19.695401632741664
12528,275,278,LAE,30.769826170769576
12529,275,276,LAE,1.105170316100632
12530,275,281,LAE,24.789900859167467
12531,275,278,LAE,33.773367900611085
12532,275,276,LAE,0.876566816282259
12533,275,276,LAE,1.602287173197695
12534,275,276,LAE,4.795281579986529
12535,275,276,LAE,2.881601845618365
12536,275,279,LAE,18.749624892131365
12537,275,277,LAE,2.3239230344876622
12538,275,278,LAE,20.41713838126238
12539,275,276,LAE,20.944070618932756
12540,275,281,LAE,29.142978298604522
12541,275,276,LAE,3.946090938222217
12542,275,286,LAE,26.96314682640712
12543,275,277,LAE,42.30689788749929
12544,275,276,LAE,1.2206517248552893
12545,275,278,LAE,6.033687277918251
12546,275,276,LAE,2.6609064657967503
12547,275,277,LAE,38.35734792199339
12548,275,279,LAE,22.168750857200497
12549,275,277,LAE,1.1976922611136718
12550,275,282,LAE,28.211094982346726
12551,275,277,LAE,4.354114747368924
12552,275,276,LAE,36.111366930779624
12553,275,277,LAE,3.9290679527851586
12554,275,278,LAE,20.40030392362449
12555,275,277,LAE,2.416580312220115
12556,275,280,LAE,2.6131389910823124
12557,275,279,LAE,24.163475982141367
12558,275,279,LAE,5.765575009734822
12559,275,280,LAE,21.559731008819366
12560,275,279,LAE,26.890105235534108
12561,275,278,LAE,1.7049749481926733
12562,275,276,LAE,1.7266100023132567
12563,275,281,LAE,26.526417762652983
12564,275,278,LAE,47.64407108015258
12565,275,278,LAE,38.949843388615555
12566,275,276,LAE,22.755216206965795
12567,275,277,LAE,2.101702362330133
12568,275,279,LAE,3.7243473764629984
12569,275,276,LAE,21.543169310439676
12570,275,277,LAE,4.84798075102301
12571,275,276,LAE,1.4141474377962482
12572,275,276,LAE,26.233508181066345
12573,275,279,LAE,23.290353505409637
12574,275,276,LAE,1.1103061682419773
12575,275,276,LAE,3.6448590015371427
12576,275,278,LAE,26.067301615951095
12577,275,278,LAE,3.8994593609543173
12578,275,278,LAE,2.4191171198489934
12579,275,278,LAE,26.41754377741278
12580,275,281,LAE,17.06667706389728
12581,275,278,LAE,21.08247891057591
12582,275,278,LAE,2.2373405420221655
12583,275,276,LAE,2.4842278486318405
12584,275,276,LAE,33.611705176322396
12585,275,277,LAE,2.249278611578915
12586,275,281,LAE,15.495969674651562
12587,275,277,LAE,1.5600939743981996
12588,275,278,LAE,38.763761893352914
12589,275,277,LAE,0.991145037644724
12590,275,276,LAE,1.895354476051731
12591,275,278,LAE,1.976056035408121
12592,275,279,LAE,27.666494692955855
12593,275,276,LAE,3.081537719722618
12594,275,278,LAE,24.456477319391333
12595,275,276,LAE,11.3204539838219
12596,275,279,LAE,35.05590006503456
12597,275,276,LAE,1.963129062559845
12598,275,276,LAE,3.286218335196685
12599,275,277,LAE,2.593896798129387
12600,273,277,LAE,2.3047407088606797
12601,275,277,LAE,27.537182213216514
12602,275,278,LAE,16.480303119939858
12603,275,278,LAE,39.2673374270449
12604,275,281,LAE,23.400352312867927
12605,275,281,LAE,15.271432134632159
12606,275,281,LAE,27.635448968662477
12607,275,281,LAE,34.11126878887562
12608,275,277,LAE,1.7385387139374795
12609,275,277,LAE,3.708450586762476
12610,275,277,LAE,26.996111984398485
12611,275,278,LAE,24.747456273171988
12612,275,284,LAE,28.194122357925952
12613,275,281,LAE,19.982777987594908
12614,275,281,LAE,2.1573359338491844
12615,275,277,LAE,31.565179645304877
12616,275,277,LAE,2.303986984128688
12617,275,286,LAE,31.32629565700461
12618,275,277,LAE,2.9117279386607744
12619,275,284,LAE,54.21122306599902
12620,275,277,LAE,5.047851171741051
12621,276,282,LAE,4.701680637212724
12622,276,278,LAE,24.998538335407297
12623,276,278,LAE,37.360286176575066
12624,276,277,LAE,42.86421150067105
12625,276,280,LAE,25.163755845137572
12626,276,291,LAE,33.45922533525456
12627,276,282,LAE,17.65939216190255
12628,276,280,LAE,57.57082144678332
12629,276,277,LAE,26.112948134625974
12630,276,277,LAE,33.18056088966616
12631,276,279,LAE,20.580416873649053
12632,276,278,LAE,3.7438383468793446
12633,276,279,LAE,18.467603169127536
12634,276,277,LAE,1.5722102385625667
12635,276,281,LAE,23.045189103363114
12636,276,277,LAE,1.853817454897651
12637,276,277,LAE,31.46946634469387
12638,276,278,LAE,2.3702149520896976
12639,276,278,LAE,19.580586994791837
12640,276,278,LAE,16.09015410549919
12641,276,277,LAE,18.531088313744426
12642,276,279,LAE,3.767009057656094
12643,276,278,LAE,3.743748598729482
12644,276,277,LAE,25.10823211382135
12645,276,277,LAE,3.53519257191469
12646,276,278,LAE,40.31244014225977
12647,276,282,LAE,13.836377897633797
12648,276,279,LAE,23.830158600895036
12649,276,277,LAE,4.626192735498996
12650,276,279,LAE,27.56093069913097
12651,276,278,LAE,31.893185421018263
12652,276,277,LAE,14.902353179874144
12653,276,285,LAE,15.241480861914566
12654,276,278,LAE,3.1100051687269112
12655,276,284,LAE,3.716366968475811
12656,276,278,LAE,3.957604062279883
12657,276,278,LAE,38.67083325119347
12658,276,277,LAE,23.883181743360677
12659,276,278,LAE,26.451995439972936
12660,276,277,LAE,1.0862790944080485
12661,276,279,LAE,3.8412792521929795
12662,276,281,LAE,2.6198213321254853
12663,276,277,LAE,1.1578926018252258
12664,276,277,LAE,3.548080871625688
12665,276,277,LAE,21.606199994640196
12666,276,277,LAE,2.2420549235859535
12667,276,277,LAE,2.9008922479295802
12668,276,278,LAE,32.988962033974886
12669,276,277,LAE,2.8542548490435653
12670,276,277,LAE,16.300573251319133
12671,276,277,LAE,2.8027092599045638
12672,276,277,LAE,25.901087670664314
12673,276,289,LAE,33.246856432412535
12674,276,277,LAE,2.556549435377563
12675,276,280,LAE,26.049043205943352
12676,276,277,LAE,41.98361585818587
12677,276,277,LAE,29.541825970190214
12678,276,277,LAE,23.623989736347667
12679,276,277,LAE,2.1377902291396413
12680,276,278,LAE,1.8295023591961705
12681,276,278,LAE,24.04376676655863
12682,275,279,LAE,28.290135287356343
12683,275,278,LAE,24.967424480167864
12684,275,282,LAE,3.880589636093874
12685,275,278,LAE,38.188843511439686
12686,275,282,LAE,29.381857698580976
12687,275,278,LAE,25.74760566685358
12688,275,278,LAE,21.442556662625492
12689,275,280,LAE,25.708239046186385
12690,275,278,LAE,45.99202722308243
12691,275,278,LAE,29.925280513756263
12692,275,281,LAE,22.88882247250455
12693,275,281,LAE,21.0221726893526
12694,275,278,LAE,33.618398405536
12695,275,278,LAE,20.05985782065111
12696,275,279,LAE,23.850464189276526
12697,275,278,LAE,25.018190033333102
12698,275,278,LAE,41.01834681068776
12699,275,278,LAE,28.508071681518224
12700,276,278,LAE,30.01372987294786
12701,276,281,LAE,23.53763633502254
12702,276,278,LAE,42.799762184333645
12703,276,282,LAE,19.942642173825856
12704,276,278,LAE,13.194206707238514
12705,276,283,LAE,26.434109337269938
12706,276,283,LAE,3.455114757418798
12707,276,278,LAE,42.78946581893275
12708,276,278,LAE,23.40872366468854
12709,276,278,LAE,29.498798217769753
12710,276,282,LAE,49.49826598220292
12711,276,281,LAE,27.034886252385036
12712,276,278,LAE,18.66546239997818
12713,276,278,LAE,41.21560782290416
12714,276,278,LAE,24.215214438949044
12715,276,280,LAE,4.53862448709847
12716,276,278,LAE,25.544996145270222
12717,276,278,LAE,21.403490150216577
12718,276,278,LAE,2.441157388326979
12719,276,281,LAE,27.81843183789545
12720,276,278,LAE,30.680405799958656
12721,276,281,LAE,38.04134599740721
12722,276,278,LAE,4.983301323958332
12723,277,283,LAE,39.037933284140145
12724,277,280,LAE,19.344828079262967
12725,277,278,LAE,35.124957453262404
12726,277,281,LAE,35.435602091610185
12727,277,279,LAE,3.390324780996325
12728,277,278,LAE,1.6747149750951582
12729,277,282,LAE,16.71891529286524
12730,277,280,LAE,2.4949163536638874
12731,277,278,LAE,4.90463606501908
12732,277,278,LAE,39.53692182415254
12733,277,278,LAE,2.987206820103724
12734,277,281,LAE,26.943678000634396
12735,277,284,LAE,40.013497417405084
12736,277,278,LAE,26.739086891106872
12737,277,278,LAE,27.612598436569126
12738,277,281,LAE,7.666060717020392
12739,277,278,LAE,32.74492362126187
12740,277,279,LAE,19.806344716847804
12741,277,282,LAE,13.66472484758533
12742,277,281,LAE,18.297141190495207
12743,277,279,LAE,20.63190575155339
12744,277,278,LAE,31.236603081233586
12745,277,282,LAE,3.679724285453216
12746,277,278,LAE,51.611069334611216
12747,277,278,LAE,30.705979945004056
12748,277,278,LAE,12.01492724529955
12749,277,283,LAE,30.356408846756054
12750,277,278,LAE,34.70116103616386
12751,277,278,LAE,22.19713424110486
12752,277,278,LAE,19.392522795957976
12753,277,278,LAE,29.85182244676711
12754,277,278,LAE,25.166247396506712
12755,277,278,LAE,2.842166203819513
12756,277,283,LAE,25.89979383773752
12757,277,278,LAE,42.70187585997964
12758,277,285,LAE,25.998179377187682
12759,277,278,LAE,0.8179730372491159
12760,277,278,LAE,18.771911785263786
12761,277,281,LAE,25.903229858881918
12762,277,278,LAE,34.56079792116426
12763,277,278,LAE,3.198447185878268
12764,277,278,LAE,5.8832215147392315
12765,277,279,LAE,22.091510195465318
12766,277,278,LAE,1.9998173012803468
12767,277,278,LAE,27.79242330586598
12768,277,278,LAE,28.355516344300923
12769,277,282,LAE,18.1670814344947
12770,277,281,LAE,42.36489545680654
12771,277,278,LAE,2.4350458105361925
12772,277,279,LAE,21.319566589529444
12773,275,279,LAE,19.787079961965805
12774,276,279,LAE,20.779087137599447
12775,276,281,LAE,23.51290535077503
12776,276,283,LAE,30.644212500867376
12777,277,286,LAE,14.023528209557538
12778,277,279,LAE,53.78784723746344
12779,277,279,LAE,23.475478779706183
12780,277,281,LAE,28.28316800874432
12781,277,279,LAE,22.263742976831654
12782,277,279,LAE,2.9535396313697597
12783,277,281,LAE,20.4454021084656
12784,277,279,LAE,21.978235449686
12785,277,281,LAE,30.717687098986485
12786,277,283,LAE,20.456482426410364
12787,277,282,LAE,22.669457720036608
12788,277,279,LAE,46.20463383829308
12789,277,282,LAE,29.146752983171762
12790,277,286,LAE,24.6125468783271
12791,277,281,LAE,3.5902336377872097
12792,277,279,LAE,20.93463281839465
12793,277,280,LAE,24.45220408295102
12794,277,282,LAE,18.184178011554827
12795,277,279,LAE,32.87669725150344
12796,277,282,LAE,27.477849137070013
12797,277,279,LAE,23.818572392302602
12798,277,279,LAE,21.253884296664474
12799,277,279,LAE,27.501628768917254
12800,277,279,LAE,20.214741805870208
12801,277,279,LAE,31.64941085971867
12802,277,286,LAE,23.476434321296267
12803,277,281,LAE,32.683761418424154
12804,277,281,LAE,43.91983739543684
12805,277,283,LAE,26.00143649378273
12806,277,281,LAE,24.586092843593054
12807,278,279,LAE,4.797290305043159
12808,278,281,LAE,13.480316828946771
12809,278,279,LAE,33.49329777365353
12810,278,284,LAE,20.10667692208978
12811,278,285,LAE,35.78658304172287
12812,278,279,LAE,1.451620954048114
12813,278,280,LAE,1.7081712521572838
12814,278,281,LAE,33.57821094847028
12815,278,279,LAE,18.562368987178008
12816,278,279,LAE,23.840938488639683
12817,278,279,LAE,20.557820754346174
12818,278,282,LAE,21.259551395940406
12819,278,281,LAE,1.6334823135266379
12820,278,280,LAE,24.060153716689012
12821,278,279,LAE,1.3598114544987472
12822,278,279,LAE,1.704683756389593
12823,278,279,LAE,2.45481464326129
12824,278,279,LAE,16.266729589694773
12825,278,279,LAE,1.9772664115063627
12826,278,279,LAE,2.235372938586459
12827,278,279,LAE,40.14132339639405
12828,276,287,LAE,16.004154097668792
12829,277,282,LAE,3.7165381355096563
12830,277,284,LAE,20.34206277066691
12831,277,281,LAE,21.33502589607049
12832,277,280,LAE,23.174796564421225
12833,277,283,LAE,3.427917374985673
12834,277,280,LAE,32.17565920119405
12835,278,281,LAE,16.544517490501686
12836,278,280,LAE,13.33023287376664
12837,278,280,LAE,34.515784697651604
12838,278,280,LAE,1.7105753890215403
12839,278,282,LAE,19.50493236863517
12840,278,280,LAE,16.972674094700455
12841,278,284,LAE,15.346328823318988
12842,279,281,LAE,21.793163873036278
12843,279,281,LAE,26.968126183975357
12844,279,280,LAE,24.72084059392712
12845,279,282,LAE,25.614533993635355
12846,279,283,LAE,31.732140933067917
12847,279,281,LAE,2.441631957067998
12848,279,282,LAE,20.29736575519231
12849,279,280,LAE,4.899106908629347
12850,279,281,LAE,1.8178358137317874
12851,279,283,LAE,11.52803583622515
12852,279,280,LAE,2.963135743732906
12853,279,282,LAE,19.78201985283307
12854,279,292,LAE,24.98864795219131
12855,279,282,LAE,44.018531123428424
12856,279,280,LAE,37.743614411954965
12857,279,283,LAE,25.94746902141584
12858,279,282,LAE,18.709014872310664
12859,279,280,LAE,21.03857747202985
12860,279,284,LAE,17.72621886890176
12861,279,282,LAE,25.7317362711059
12862,279,282,LAE,14.947756747650425
12863,279,283,LAE,27.83730792246995
12864,279,282,LAE,36.42396557019224
12865,279,281,LAE,42.240088056587894
12866,279,282,LAE,28.8307330926807
12867,279,281,LAE,12.416289924388979
12868,279,283,LAE,24.848143355193436
12869,279,284,LAE,33.6679235507637
12870,279,282,LAE,22.41007475538881
12871,279,282,LAE,20.92406292670936
12872,279,282,LAE,30.731106171866255
12873,279,280,LAE,23.754643101938118
12874,279,281,LAE,2.2964842959412777
12875,279,280,LAE,32.88230655044856
12876,279,280,LAE,25.816405445428007
12877,279,280,LAE,23.026045519964725
12878,279,284,LAE,18.586585043442444
12879,279,281,LAE,24.116129233261937
12880,279,286,LAE,25.697735568487673
12881,279,284,LAE,24.133150805196507
12882,279,284,LAE,3.255002214686107
12883,279,282,LAE,25.74520793559123
12884,279,281,LAE,17.137535458906278
12885,279,280,LAE,39.8502561877443
12886,279,280,LAE,30.298834556703742
12887,279,280,LAE,5.1998587605468884
12888,279,281,LAE,20.32050109717475
12889,279,283,LAE,28.478843029073477
12890,279,280,LAE,25.12544958725197
12891,279,280,LAE,49.00530603791045
12892,279,283,LAE,31.104692172815287
12893,279,283,LAE,16.045239992266715
12894,279,281,LAE,24.997230437991004
12895,279,283,LAE,3.3890424971284125
12896,279,280,LAE,21.7258726741637
12897,279,280,LAE,49.71426558413746
12898,279,281,LAE,23.212573560192805
12899,279,281,LAE,2.30853784536605
12900,279,280,LAE,1.527341085493392
12901,279,282,LAE,21.05775448061431
12902,279,283,LAE,22.524662598775254
12903,279,280,LAE,5.113282529438801
12904,279,280,LAE,30.095769442138426
12905,279,280,LAE,22.638385419001416
12906,279,280,LAE,18.61726070985837
12907,277,281,LAE,59.412165436344694
12908,277,281,LAE,36.628641890504575
12909,277,285,LAE,35.831415866548106
12910,277,281,LAE,51.460634569856744
12911,277,281,LAE,3.5889105402452373
12912,277,281,LAE,27.75598397491434
12913,277,282,LAE,35.46016370856645
12914,277,281,LAE,34.06789644771837
12915,277,281,LAE,24.33712167521276
12916,277,281,LAE,52.76698130816003
12917,277,281,LAE,20.657626299849852
12918,277,281,LAE,15.692767746415363
12919,277,281,LAE,15.216589514449499
12920,277,282,LAE,26.999546391725914
12921,278,283,LAE,17.1808862852338
12922,278,281,LAE,34.15737703284684
12923,278,281,LAE,57.37095696666919
12924,278,281,LAE,17.775669065295823
12925,278,281,LAE,1.6401521249928317
12926,278,281,LAE,3.651687917170638
12927,278,281,LAE,46.94981515830958
12928,278,281,LAE,1.861059775787663
12929,278,281,LAE,41.31478709515506
12930,278,283,LAE,3.2794331906965173
12931,279,281,LAE,26.455105436095664
12932,279,282,LAE,22.840234348303998
12933,279,284,LAE,22.85824504663727
12934,279,285,LAE,13.520960382434524
12935,279,281,LAE,2.9342628328665348
12936,279,281,LAE,25.518907165020256
12937,279,281,LAE,27.851234643343318
12938,279,281,LAE,30.15031460734298
12939,279,281,LAE,23.780505849815654
12940,279,281,LAE,26.90600867008799
12941,279,282,LAE,12.507753330823052
12942,279,281,LAE,15.682962292830942
12943,279,283,LAE,16.38281385341934
12944,279,281,LAE,14.453631038446531
12945,279,282,LAE,29.627592381718713
12946,279,281,LAE,50.203994149604824
12947,279,281,LAE,48.05616757804752
12948,279,281,LAE,5.430082527002318
12949,279,281,LAE,57.54014847556025
12950,279,281,LAE,29.394530009366644
12951,279,281,LAE,17.3017970126531
12952,279,281,LAE,3.2338391523090633
12953,279,283,LAE,28.168229195361654
12954,279,281,LAE,22.53506710775097
12955,279,281,LAE,31.190887952949467
12956,279,281,LAE,27.332311270963718
12957,279,281,LAE,19.062748974985826
12958,279,281,LAE,14.574044282248266
12959,280,282,LAE,25.016424337622418
12960,280,283,LAE,27.36060051854879
12961,280,281,LAE,19.2422421691842
12962,280,283,LAE,19.85534284576661
12963,280,281,LAE,7.174255007367791
12964,280,281,LAE,35.022318158450574
12965,280,281,LAE,45.19975864581331
12966,280,286,LAE,27.345554765329688
12967,280,281,LAE,24.664413699697818
12968,280,283,LAE,31.791790087278926
12969,280,281,LAE,5.656823662697095
12970,280,281,LAE,23.855535744395254
12971,280,281,LAE,24.275794050319462
12972,280,286,LAE,43.24886661356217
12973,280,281,LAE,56.47335118479606
12974,280,281,LAE,20.427191495858708
12975,280,286,LAE,17.208015798050006
12976,280,281,LAE,5.291610856172182
12977,280,284,LAE,25.35475842593088
12978,280,281,LAE,25.39094208155353
12979,280,282,LAE,15.706656266182982
12980,280,281,LAE,9.31299143285099
12981,280,281,LAE,57.17133411695688
12982,280,282,LAE,19.309379360046425
12983,280,282,LAE,2.76778932554042
12984,280,281,LAE,5.055204436768077
12985,280,285,LAE,17.754747463648076
12986,280,281,LAE,1.9176318990538515
12987,280,281,LAE,27.780783983783923
12988,280,281,LAE,24.791570013071635
12989,280,281,LAE,24.980966023470458
12990,280,284,LAE,23.137005907430613
12991,280,281,LAE,18.109603673685413
12992,280,281,LAE,32.97609124589126
12993,280,281,LAE,30.22407688800688
12994,280,281,LAE,4.530667215602892
12995,278,282,LAE,19.385923799302407
12996,278,282,LAE,19.38811552597167
12997,278,282,LAE,25.219395923509744
12998,278,283,LAE,26.626064241699133
12999,279,282,LAE,33.95660173556294
13000,279,282,LAE,40.97376258224435
13001,279,282,LAE,29.691340921878904
13002,279,282,LAE,32.349765913127804
13003,279,282,LAE,25.898462774970508
13004,279,283,LAE,24.684232250951258
13005,279,282,LAE,26.085884563596586
13006,279,283,LAE,52.13792037744467
13007,279,283,LAE,23.584450947387577
13008,279,282,LAE,18.66905469740103
13009,279,285,LAE,33.84891477364914
13010,279,284,LAE,24.6788794886469
13011,279,282,LAE,16.371472483189134
13012,279,282,LAE,35.518879902287864
13013,280,284,LAE,57.91101157038333
13014,280,282,LAE,21.93044177657892
13015,280,282,LAE,14.02037481473145
13016,280,283,LAE,17.805867919593247
13017,280,282,LAE,23.044409337060372
13018,280,282,LAE,19.79078057712716
13019,280,282,LAE,21.69120315731917
13020,280,282,LAE,34.64477554766197
13021,280,283,LAE,40.38925956360399
13022,280,286,LAE,21.35833124282036
13023,280,283,LAE,15.645051195638768
13024,280,282,LAE,18.90045387828696
13025,280,283,LAE,19.657416299500852
13026,280,282,LAE,28.862908498024314
13027,280,283,LAE,20.12577453475805
13028,280,282,LAE,3.049546578550839
13029,280,285,LAE,25.794417875362512
13030,280,284,LAE,14.825311497868745
13031,280,282,LAE,24.983388510133008
13032,280,282,LAE,21.013906533174136
13033,280,282,LAE,23.02214449447724
13034,281,283,LAE,21.08915750047495
13035,281,282,LAE,26.928371662424976
13036,281,285,LAE,18.72714714713872
13037,281,283,LAE,29.392829898939027
13038,281,285,LAE,33.290869967586765
13039,281,283,LAE,18.68172667361211
13040,281,283,LAE,23.556774079241393
13041,281,282,LAE,21.90636087432135
13042,281,282,LAE,24.088830194705917
13043,281,282,LAE,21.499626900544754
13044,281,282,LAE,20.1103759846226
13045,281,285,LAE,30.695407315413593
13046,281,283,LAE,28.254535366649403
13047,281,283,LAE,22.735507718575427
13048,281,282,LAE,11.28427955533809
13049,281,282,LAE,20.706493170790104
13050,281,283,LAE,19.339809093542275
13051,281,283,LAE,24.195720232287638
13052,281,282,LAE,24.115704418471513
13053,281,282,LAE,32.149707404615185
13054,281,282,LAE,30.20352098170025
13055,281,282,LAE,23.968625754958033
13056,281,282,LAE,15.683023487188557
13057,281,283,LAE,23.362133951486083
13058,281,282,LAE,35.74981648409959
13059,281,282,LAE,27.9907310588904
13060,281,282,LAE,29.009816768492136
13061,281,282,LAE,16.745414616753163
13062,281,285,LAE,20.22412383764572
13063,281,285,LAE,16.592707377761666
13064,281,283,LAE,32.440108755694986
13065,281,282,LAE,49.37264335254782
13066,281,284,LAE,25.17198668721671
13067,281,282,LAE,29.030749300238924
13068,279,283,LAE,20.454156306261684
13069,279,283,LAE,30.277294203014765
13070,279,284,LAE,37.539903885838235
13071,279,283,LAE,50.507988449530075
13072,279,285,LAE,31.46453348490951
13073,280,285,LAE,14.17214027214577
13074,280,283,LAE,53.36543669423223
13075,280,283,LAE,34.13322770969925
13076,280,283,LAE,31.988750885656895
13077,280,283,LAE,20.670386266055527
13078,280,283,LAE,24.431051475762686
13079,280,283,LAE,44.5500932567516
13080,280,283,LAE,18.5422803508049
13081,280,283,LAE,23.027846291209098
13082,280,285,LAE,17.862370621500972
13083,281,283,LAE,21.37315535133391
13084,281,283,LAE,19.126731056822045
13085,281,283,LAE,27.894559208790902
13086,281,285,LAE,17.496798004359707
13087,281,283,LAE,20.719509858840148
13088,281,284,LAE,23.746855002930207
13089,281,283,LAE,12.976276591118461
13090,281,283,LAE,29.641384404468617
13091,281,283,LAE,20.150379521535175
13092,281,283,LAE,20.00739863333407
13093,281,283,LAE,25.836789079654395
13094,281,283,LAE,30.150003884205262
13095,281,283,LAE,22.585206002543924
13096,282,286,LAE,21.91818804800135
13097,282,283,LAE,20.989521387746063
13098,282,286,LAE,24.278436118218487
13099,282,283,LAE,29.684261045628162
13100,282,285,LAE,19.468427770827592
13101,282,283,LAE,51.20895088127319
13102,282,283,LAE,19.751732315184807
13103,282,283,LAE,16.571184839428202
13104,282,283,LAE,28.94478977662671
13105,282,283,LAE,18.032082513019883
13106,282,283,LAE,4.764661703591952
13107,282,283,LAE,20.575424086574753
13108,282,283,LAE,49.01730429197878
13109,282,283,LAE,32.604520995891384
13110,282,286,LAE,20.51264419236786
13111,282,285,LAE,44.58305661100541
13112,282,283,LAE,25.295882346136487
13113,282,283,LAE,23.90860574894541
13114,282,283,LAE,20.977391406495904
13115,282,283,LAE,23.743292883167832
13116,282,283,LAE,18.195922549115785
13117,282,283,LAE,21.306114931974975
13118,282,285,LAE,46.98800638397683
13119,282,284,LAE,24.10007264758559
13120,282,283,LAE,29.361780114200148
13121,282,283,LAE,21.075616340828198
13122,282,283,LAE,49.47633327702417
13123,282,283,LAE,36.32852394764293
13124,280,286,LAE,41.00573001537355
13125,280,285,LAE,16.991135844353064
13126,280,286,LAE,51.69145404158087
13127,280,284,LAE,24.165126670976495
13128,280,285,LAE,34.06970116708901
13129,280,284,LAE,14.602174497114381
13130,281,284,LAE,23.240930644252668
13131,281,285,LAE,17.751264874688133
13132,282,285,LAE,28.737967652005114
13133,282,285,LAE,23.907521641092806
13134,282,287,LAE,49.481186736566706
13135,282,286,LAE,58.65503728086296
13136,282,284,LAE,19.280213421541394
13137,282,284,LAE,28.3970434177674
13138,282,284,LAE,25.98341198521299
13139,282,284,LAE,27.329745717122158
13140,283,284,LAE,25.875150230241204
13141,283,284,LAE,3.2847477531338654
13142,283,284,LAE,29.12759491598964
13143,283,284,LAE,22.342884409688647
13144,283,286,LAE,42.414779724553114
13145,283,285,LAE,23.07080583175338
13146,283,284,LAE,44.070356260660574
13147,283,285,LAE,55.26165379863133
13148,283,286,LAE,29.24392082479842
13149,283,286,LAE,24.210794055410556
13150,283,286,LAE,14.998354136448699
13151,283,284,LAE,42.894588934116896
13152,283,284,LAE,20.6233769774518
13153,283,286,LAE,23.140069020289438
13154,282,285,LAE,43.392809636619575
13155,282,285,LAE,37.42219481579322
13156,282,289,LAE,25.32665310611197
13157,282,285,LAE,16.793488175606214
13158,282,285,LAE,22.63250501341384
13159,283,285,LAE,21.025842800349047
13160,283,285,LAE,16.180447706768966
13161,283,286,LAE,11.466800591686221
13162,283,285,LAE,26.2979676243493
13163,283,285,LAE,27.325208705503
13164,283,290,LAE,23.124412404172812
13165,283,285,LAE,32.01732853852418
13166,283,287,LAE,25.083352556948366
13167,283,285,LAE,26.946154091976506
13168,283,289,LAE,18.91221906088943
13169,283,285,LAE,27.25321235671307
13170,283,288,LAE,25.84571336486118
13171,283,285,LAE,45.99114738865336
13172,283,285,LAE,22.838680756064086
13173,283,285,LAE,11.48518445075329
13174,284,285,LAE,31.519622887373064
13175,284,285,LAE,18.80403587986585
13176,284,285,LAE,22.704583625004993
13177,284,285,LAE,34.73740304742987
13178,284,285,LAE,24.396147755295008
13179,284,285,LAE,28.102711146008826
13180,284,285,LAE,35.41845511422157
13181,284,294,LAE,20.355666601401484
13182,284,285,LAE,23.14605144455183
13183,284,285,LAE,24.449914591046106
13184,284,285,LAE,32.139159934059734
13185,284,285,LAE,28.612048922581273
13186,284,286,LAE,22.480739643376367
13187,284,285,LAE,37.944155928255036
13188,284,285,LAE,17.863516636143647
13189,284,285,LAE,38.794799266312914
13190,284,285,LAE,21.917847727370205
13191,284,285,LAE,33.45914046476569
13192,284,287,LAE,30.909786561159052
13193,284,285,LAE,46.52405533517449
13194,284,286,LAE,19.97154218194803
13195,284,285,LAE,56.867850196103326
13196,284,285,LAE,35.75255790195404
13197,284,289,LAE,2.58341692391647
13198,284,287,LAE,37.8299474789784
13199,284,288,LAE,30.10421148186715
13200,282,289,LAE,11.028593711223571
13201,282,295,LAE,43.959816227773985
13202,282,286,LAE,19.315344917786778
13203,283,290,LAE,12.628663635980459
13204,283,286,LAE,36.98237084646007
13205,284,288,LAE,20.36176881482867
13206,284,286,LAE,3.922499671296583
13207,284,286,LAE,30.373486494193187
13208,284,286,LAE,28.344940825426782
13209,284,286,LAE,22.89521230621961
13210,284,286,LAE,20.50312086119972
13211,284,286,LAE,43.48230903804026
13212,284,286,LAE,24.604766131820593
13213,284,286,LAE,28.930926677573805
13214,284,286,LAE,2.2920535823926076
13215,284,296,LAE,49.64625710164279
13216,284,289,LAE,54.721253932784414
13217,284,286,LAE,23.352882100436588
13218,284,291,LAE,43.181861001057094
13219,284,286,LAE,23.73492789590084
13220,285,287,LAE,20.857375599357177
13221,285,287,LAE,29.98920663264488
13222,285,286,LAE,25.884690373787983
13223,285,287,LAE,30.74699883921628
13224,285,286,LAE,17.795892581558018
13225,285,286,LAE,29.878895912985843
13226,285,293,LAE,26.54328044397922
13227,285,286,LAE,19.2703923568313
13228,285,286,LAE,18.5638970145767
13229,285,286,LAE,21.739390833756797
13230,285,286,LAE,23.265896023510358
13231,285,303,LAE,26.274451448238164
13232,285,286,LAE,18.164486872373438
13233,285,286,LAE,12.954719870105325
13234,285,288,LAE,29.08398358901862
13235,284,288,LAE,2.3404013765434244
13236,284,289,LAE,35.42353277726044
13237,285,287,LAE,20.77527201082274
13238,285,292,LAE,25.79507223803295
13239,285,290,LAE,44.45081908498378
13240,285,287,LAE,47.4407887211598
13241,285,288,LAE,26.189745258143866
13242,285,288,LAE,30.29757139364658
13243,286,291,LAE,31.435431279901973
13244,286,288,LAE,20.04635276220264
13245,286,287,LAE,57.77671937789186
13246,286,292,LAE,33.24911687052047
13247,286,287,LAE,39.63469830860181
13248,286,294,LAE,26.843104903680956
13249,286,288,LAE,21.71392892106263
13250,286,288,LAE,15.382630668863317
13251,286,291,LAE,23.499046862673
13252,286,288,LAE,28.8778673365221
13253,286,287,LAE,42.30107974631909
13254,286,287,LAE,27.022753689977407
13255,286,288,LAE,20.84648126209418
13256,284,289,LAE,20.51899027175221
13257,285,288,LAE,20.044736297890147
13258,285,288,LAE,40.61664324260115
13259,285,288,LAE,26.086556808885494
13260,285,288,LAE,21.046476571440035
13261,286,288,LAE,42.950260552302275
13262,286,288,LAE,19.84121532819845
13263,286,288,LAE,29.540358377067644
13264,286,288,LAE,27.42465556591398
13265,286,288,LAE,21.36953463721274
13266,286,296,LAE,31.94881258786939
13267,286,296,LAE,32.58627457461442
13268,286,288,LAE,29.989066553087305
13269,286,288,LAE,40.73492586982678
13270,286,288,LAE,22.206016174351234
13271,287,289,LAE,35.67968734094425
13272,287,290,LAE,36.2026661289282
13273,287,293,LAE,18.241784766300256
13274,287,288,LAE,46.999372788764106
13275,287,288,LAE,36.42049080922975
13276,287,288,LAE,24.97572188598742
13277,287,288,LAE,47.44257063806793
13278,287,288,LAE,20.424430200522334
13279,287,288,LAE,45.81078934685193
13280,287,290,LAE,21.946312338281952
13281,287,288,LAE,39.69414656809452
13282,287,290,LAE,22.219236406786507
13283,287,288,LAE,4.039918603100777
13284,287,288,LAE,18.4783328139887
13285,287,294,LAE,51.85209370641264
13286,287,290,LAE,36.451007229132685
13287,287,288,LAE,26.9941440586728
13288,287,294,LAE,35.094956173288054
13289,287,292,LAE,20.05982944149222
13290,287,288,LAE,1.7009043588531423
13291,287,288,LAE,22.325741095294457
13292,287,289,LAE,33.069521901102426
13293,287,288,LAE,29.333681679998016
13294,287,304,LAE,21.60919628285346
13295,287,288,LAE,2.336176128947186
13296,287,288,LAE,19.2823924280482
13297,287,292,LAE,19.683781442123387
13298,287,293,LAE,19.884059243871384
13299,287,292,LAE,32.37919593540385
13300,285,296,LAE,20.72959000269666
13301,285,289,LAE,9.566878670645385
13302,285,289,LAE,16.74039479774212
13303,286,289,LAE,20.968911762841916
13304,286,289,LAE,30.314778417593875
13305,286,289,LAE,40.424929979575516
13306,286,290,LAE,22.475211913399132
13307,286,291,LAE,21.250220348716358
13308,286,289,LAE,38.19338346654955
13309,287,292,LAE,32.178241139299686
13310,287,294,LAE,22.91025129523092
13311,287,289,LAE,22.898249332339024
13312,287,293,LAE,37.37846531137079
13313,287,289,LAE,25.79495208970826
13314,287,289,LAE,21.79892722082342
13315,287,291,LAE,24.81115124352967
13316,287,289,LAE,58.683068598231955
13317,287,290,LAE,30.924123871824243
13318,287,289,LAE,42.516747404623636
13319,287,290,LAE,15.608807384945742
13320,287,289,LAE,26.78916040728267
13321,287,289,LAE,25.173988675675446
13322,287,294,LAE,21.353042428939496
13323,287,292,LAE,29.41857561115026
13324,288,289,LAE,33.2467220753883
13325,288,289,LAE,36.979332370167825
13326,288,289,LAE,54.77300358018915
13327,288,289,LAE,39.86057812823455
13328,288,289,LAE,28.431853534161615
13329,288,294,LAE,19.643643577163743
13330,288,289,LAE,44.05394607921065
13331,288,289,LAE,19.94802205086409
13332,288,294,LAE,30.342168196503952
13333,288,290,LAE,16.246098104002087
13334,288,296,LAE,32.56405375091758
13335,288,289,LAE,34.84004832419188
13336,288,289,LAE,20.815466876057037
13337,288,289,LAE,26.33457357252775
13338,288,289,LAE,41.31718001291919
13339,288,289,LAE,55.0592699915845
13340,288,289,LAE,50.39666226016742
13341,286,293,LAE,32.01442996700133
13342,286,290,LAE,25.84452470908267
13343,286,293,LAE,18.912457769389594
13344,286,295,LAE,28.343159757688078
13345,287,290,LAE,20.969038325812587
13346,287,294,LAE,30.78588300252183
13347,287,290,LAE,21.329390382221295
13348,287,290,LAE,19.930575542317637
13349,287,292,LAE,22.700511832257966
13350,287,291,LAE,41.557675840637124
13351,288,290,LAE,32.0073009444052
13352,288,290,LAE,32.609720908865896
13353,288,293,LAE,16.39061501232739
13354,288,290,LAE,20.68334866721109
13355,288,292,LAE,17.70898173426214
13356,289,290,LAE,25.89361497707403
13357,289,292,LAE,29.16671931725073
13358,289,291,LAE,38.435284000389196
13359,289,291,LAE,24.109302172613283
13360,289,290,LAE,38.74325726636297
13361,289,291,LAE,23.986370041967287
13362,289,291,LAE,19.78889894387013
13363,289,296,LAE,37.27979355519714
13364,289,293,LAE,32.94481422886699
13365,289,290,LAE,20.29974395597079
13366,287,291,LAE,38.169532841523676
13367,287,291,LAE,44.59931580979298
13368,287,291,LAE,23.960024021057276
13369,287,291,LAE,38.23741142859294
13370,287,291,LAE,25.436755937516928
13371,288,291,LAE,42.92805315051866
13372,288,294,LAE,32.425252012025084
13373,288,291,LAE,36.861537634862565
13374,288,293,LAE,52.07936674561183
13375,289,292,LAE,17.410385907823514
13376,289,291,LAE,24.683945550815526
13377,289,295,LAE,26.445178354064645
13378,289,291,LAE,22.69117534517911
13379,289,291,LAE,34.59120223157196
13380,289,291,LAE,3.7042020954865076
13381,290,291,LAE,46.90524731248973
13382,290,294,LAE,25.534132977092685
13383,290,293,LAE,16.493324939778912
13384,290,291,LAE,29.54334685680854
13385,290,292,LAE,27.576636364341514
13386,290,296,LAE,2.654539056178844
13387,290,291,LAE,19.95973699719015
13388,290,291,LAE,23.0832521820511
13389,290,294,LAE,21.52371229025723
13390,290,291,LAE,14.668337860207755
13391,290,291,LAE,21.91532452790694
13392,290,291,LAE,25.89334393493542
13393,290,298,LAE,20.683318759878766
13394,290,293,LAE,24.98286392557984
13395,290,291,LAE,35.55592572564772
13396,290,292,LAE,22.798147406017208
13397,290,291,LAE,18.42079868406846
13398,290,292,LAE,24.957087324790926
13399,290,291,LAE,18.249226100378536
13400,290,296,LAE,16.331467229615047
13401,290,293,LAE,43.190180112526086
13402,290,295,LAE,25.368464602629068
13403,290,291,LAE,40.44822889797299
13404,288,292,LAE,37.24227440599388
13405,288,292,LAE,27.335044868326314
13406,288,292,LAE,18.02218931686148
13407,288,292,LAE,37.51509675008039
13408,288,296,LAE,39.181736892758046
13409,288,292,LAE,52.37973738427593
13410,289,295,LAE,17.803323904440354
13411,289,292,LAE,28.01307655167442
13412,289,292,LAE,21.70048871823939
13413,289,292,LAE,28.681748636127715
13414,289,292,LAE,31.363563223249404
13415,289,292,LAE,20.871217276412956
13416,289,292,LAE,19.516829520039334
13417,289,292,LAE,18.604175811232146
13418,289,292,LAE,27.271022899513728
13419,289,297,LAE,17.618902666081382
13420,289,292,LAE,21.751141796740715
13421,289,292,LAE,44.3666558850327
13422,290,292,LAE,50.09610068660672
13423,290,292,LAE,41.93024425430916
13424,290,292,LAE,32.7321350844449
13425,290,292,LAE,34.76417481137794
13426,290,296,LAE,53.4337844223459
13427,290,292,LAE,33.75421178503111
13428,290,292,LAE,14.316747585857913
13429,290,292,LAE,19.016247672863766
13430,290,296,LAE,48.69978544552412
13431,290,292,LAE,32.98939311959234
13432,291,299,LAE,36.23695024254653
13433,291,294,LAE,29.17163383380937
13434,291,292,LAE,22.186352877222046
13435,291,292,LAE,32.21512031561488
13436,291,300,LAE,19.61927249758931
13437,291,294,LAE,31.3003170834098
13438,291,293,LAE,51.6360051271958
13439,291,292,LAE,44.03255499768335
13440,291,292,LAE,29.58436975629175
13441,291,293,LAE,51.54411004776922
13442,291,292,LAE,49.24765680858638
13443,291,292,LAE,25.559063563230644
13444,291,292,LAE,26.413139028645634
13445,291,292,LAE,54.467952303256446
13446,289,294,LAE,35.66125324724864
13447,289,293,LAE,23.189622272655246
13448,289,293,LAE,45.434590469150045
13449,289,293,LAE,21.389432711843856
13450,290,298,LAE,30.15699842533762
13451,290,293,LAE,26.904810058966234
13452,290,293,LAE,24.945476785421686
13453,290,293,LAE,26.32973834661361
13454,290,293,LAE,23.111626826632055
13455,290,293,LAE,11.623637124519867
13456,290,293,LAE,57.90227091055569
13457,291,296,LAE,32.73347755197035
13458,291,293,LAE,58.96717081136767
13459,291,297,LAE,31.717957271065536
13460,291,294,LAE,27.0950585656953
13461,291,293,LAE,30.21701554517721
13462,291,301,LAE,28.8053933752864
13463,291,293,LAE,59.132842125726725
13464,291,293,LAE,26.905176504416332
13465,291,297,LAE,38.95820909773925
13466,291,301,LAE,21.08601041976561
13467,291,293,LAE,18.010250527680686
13468,291,297,LAE,41.60663136358031
13469,292,293,LAE,33.31149981365334
13470,292,293,LAE,9.340739866112495
13471,292,293,LAE,34.99935338731779
13472,292,293,LAE,53.56936140616998
13473,292,293,LAE,36.52139328487511
13474,292,294,LAE,23.665738241727613
13475,290,295,LAE,20.472068903610428
13476,290,299,LAE,40.58720820827882
13477,290,294,LAE,24.269679072501795
13478,291,294,LAE,25.305003523898637
13479,291,294,LAE,27.002812677319092
13480,291,294,LAE,26.792288749727668
13481,291,297,LAE,40.787223139374646
13482,292,296,LAE,37.477238810444874
13483,292,294,LAE,18.911321281186858
13484,292,294,LAE,17.276986467752987
13485,292,294,LAE,27.4369649411113
13486,292,294,LAE,23.171485169320537
13487,292,294,LAE,11.924543234166073
13488,293,297,LAE,2.252954472705184
13489,293,295,LAE,32.29679959745974
13490,293,294,LAE,52.35713062760442
13491,293,294,LAE,17.940746050162915
13492,293,297,LAE,24.00951901714076
13493,293,295,LAE,20.73763148253462
13494,293,294,LAE,35.25640247883262
13495,293,295,LAE,16.491971219686853
13496,293,295,LAE,38.35094518336503
13497,291,295,LAE,48.11476515502731
13498,291,295,LAE,31.64547312112131
13499,292,295,LAE,44.06403055034975
13500,292,295,LAE,30.000775866055964
13501,292,295,LAE,18.03869875866132
13502,292,295,LAE,27.160129176692976
13503,292,297,LAE,13.149566345272406
13504,293,295,LAE,14.251189636394832
13505,293,299,LAE,20.530770200138658
13506,293,295,LAE,19.946288801970255
13507,293,295,LAE,32.35369673173983
13508,293,297,LAE,20.353070139827878
13509,293,295,LAE,22.13487535939695
13510,293,295,LAE,30.214648543605293
13511,293,295,LAE,3.2583619741712564
13512,293,295,LAE,20.151951057339446
13513,294,295,LAE,43.009053577403385
13514,294,296,LAE,30.445094374104773
13515,294,295,LAE,33.41608653721463
13516,294,300,LAE,45.42152562947103
13517,294,295,LAE,53.47566996388257
13518,294,295,LAE,22.08477743106201
13519,294,299,LAE,43.53757130722452
13520,294,297,LAE,49.37300494597573
13521,294,297,LAE,43.98600161961309
13522,294,295,LAE,24.943837472425074
13523,294,295,LAE,34.82691772341882
13524,294,302,LAE,2.5766907299939423
13525,294,297,LAE,46.307940513067635
13526,294,296,LAE,47.935143193900075
13527,294,296,LAE,10.338374475777357
13528,294,296,LAE,19.85664959997242
13529,294,295,LAE,39.0004159377119
13530,294,301,LAE,18.225174076900313
13531,292,296,LAE,27.9456754779222
13532,293,296,LAE,25.74730624153631
13533,293,297,LAE,32.4820879117495
13534,293,296,LAE,39.80556604900787
13535,293,298,LAE,23.051721653185187
13536,294,296,LAE,18.875591287723676
13537,294,296,LAE,38.14661996291621
13538,294,296,LAE,23.59713515290512
13539,294,296,LAE,24.31206567150536
13540,294,298,LAE,2.6927549130126653
13541,294,309,LAE,17.566565993310977
13542,294,296,LAE,20.87174751155168
13543,294,296,LAE,32.4925288385827
13544,294,306,LAE,34.19475179675743
13545,294,298,LAE,28.98391884104127
13546,294,297,LAE,36.94869599923859
13547,294,302,LAE,10.479211301295202
13548,295,296,LAE,25.10730044931359
13549,295,296,LAE,44.77980055745914
13550,295,299,LAE,33.0495552326483
13551,295,302,LAE,28.66009539114281
13552,295,299,LAE,29.18453423626326
13553,295,296,LAE,28.211218223534328
13554,295,303,LAE,47.546887809848215
13555,295,296,LAE,34.38457417961641
13556,295,296,LAE,18.939382196701995
13557,295,306,LAE,24.038052135462937
13558,295,296,LAE,59.45584225515139
13559,295,304,LAE,20.4885853776338
13560,295,299,LAE,36.36002315161842
13561,295,296,LAE,18.973633631912747
13562,295,296,LAE,23.773813497522724
13563,295,298,LAE,40.44007298240455
13564,295,296,LAE,29.1509338456462
13565,295,296,LAE,25.5815453385062
13566,295,297,LAE,34.010082444158336
13567,295,299,LAE,24.248453380159997
13568,295,296,LAE,47.736876565204106
13569,293,297,LAE,19.230685198702627
13570,293,297,LAE,29.173859737751506
13571,293,297,LAE,51.40048447574818
13572,293,297,LAE,29.29577164975167
13573,293,297,LAE,23.10105121015159
13574,293,297,LAE,19.014942651847747
13575,294,297,LAE,11.83433966289818
13576,294,297,LAE,26.032485995972063
13577,294,297,LAE,24.921530499655066
13578,294,297,LAE,36.04671590503804
13579,295,297,LAE,53.249772677547895
13580,295,297,LAE,23.257147021379136
13581,295,301,LAE,42.17241918689939
13582,295,299,LAE,4.3812028357676915
13583,295,301,LAE,48.37957232398057
13584,295,298,LAE,57.74780131076069
13585,295,299,LAE,34.64775627850748
13586,295,297,LAE,19.216938001722472
13587,295,297,LAE,3.3835495953715773
13588,295,297,LAE,32.527701586026375
13589,295,301,LAE,4.217158743697074
13590,295,300,LAE,34.029029185897365
13591,295,297,LAE,52.639052483575085
13592,296,297,LAE,24.285846749828806
13593,296,297,LAE,21.873821697151886
13594,296,315,LAE,23.72800602046584
13595,296,297,LAE,2.45551658723482
13596,296,297,LAE,57.12036678821836
13597,296,297,LAE,33.02623886026311
13598,296,297,LAE,36.01444045653116
13599,296,297,LAE,2.458244023219075
13600,296,297,LAE,47.534429111195884
13601,296,299,LAE,23.058906162085574
13602,296,297,LAE,31.67944911394602
13603,296,303,LAE,23.103389683534328
13604,296,297,LAE,23.513671345651414
13605,296,297,LAE,8.861838412583385
13606,296,297,LAE,27.61660626461491
13607,296,297,LAE,3.3470039469283908
13608,296,297,LAE,26.10026818828045
13609,294,298,LAE,43.00900107965771
13610,294,302,LAE,58.951875724996384
13611,294,300,LAE,23.845735823060355
13612,295,298,LAE,35.3246826056066
13613,295,298,LAE,3.053952497307009
13614,296,305,LAE,46.963833341346955
13615,296,303,LAE,2.2932547048283425
13616,296,298,LAE,30.424607384667954
13617,296,298,LAE,15.861679000472574
13618,296,307,LAE,21.92129140881239
13619,296,298,LAE,46.24155892478683
13620,296,299,LAE,29.35271951981937
13621,296,298,LAE,22.998089774420638
13622,296,298,LAE,39.471171314077665
13623,296,301,LAE,12.142103534085702
13624,297,299,LAE,22.463459562105093
13625,297,298,LAE,28.808270851902588
13626,297,302,LAE,10.19597786606783
13627,297,298,LAE,42.90423972089275
13628,297,301,LAE,2.274788323521008
13629,297,303,LAE,57.79483262879064
13630,297,307,LAE,22.236406667300837
13631,297,301,LAE,3.0858042974574413
13632,297,300,LAE,2.434993057822699
13633,297,300,LAE,2.719214466981535
13634,297,298,LAE,33.67697313334017
13635,297,307,LAE,25.274927804843895
13636,297,298,LAE,3.311439529996871
13637,297,298,LAE,23.859077748530222
13638,297,298,LAE,19.129088720509234
13639,297,298,LAE,16.65483029867447
13640,297,302,LAE,24.219409787156124
13641,297,298,LAE,3.2201191718568327
13642,297,298,LAE,2.420693549635222
13643,297,298,LAE,43.870862300423596
13644,297,298,LAE,36.93152875322029
13645,297,298,LAE,2.1070205763741905
13646,297,298,LAE,2.5996565320066196
13647,297,300,LAE,25.173135393831572
13648,297,298,LAE,11.126857675062963
13649,297,300,LAE,2.3818534898114763
13650,297,299,LAE,2.973566969142363
13651,295,299,LAE,16.669243516346988
13652,296,303,LAE,37.77969424815929
13653,296,299,LAE,29.609144474984962
13654,296,299,LAE,21.15660633466071
13655,296,301,LAE,33.51324434578675
13656,296,309,LAE,26.324139696882575
13657,296,299,LAE,19.982810340978222
13658,296,299,LAE,30.57927027919005
13659,296,300,LAE,21.910878145698337
13660,296,299,LAE,24.12690299403764
13661,297,305,LAE,19.375702007313617
13662,297,317,LAE,29.895298403431166
13663,297,302,LAE,21.642323552996352
13664,297,299,LAE,33.88885514468288
13665,297,300,LAE,43.38461670604737
13666,297,302,LAE,21.860324807654933
13667,297,304,LAE,18.832789092455435
13668,297,301,LAE,1.729835495492385
13669,297,308,LAE,18.67837011752407
13670,297,299,LAE,3.3834289518515637
13671,297,299,LAE,45.90454678413911
13672,297,299,LAE,22.9941813216311
13673,297,299,LAE,30.074938442835233
13674,297,299,LAE,23.221244034279074
13675,297,303,LAE,30.39334302240132
13676,297,309,LAE,33.0179089043453
13677,298,300,LAE,19.39488483580661
13678,298,300,LAE,26.589112777748127
13679,298,301,LAE,18.655009932153718
13680,298,299,LAE,4.790034994630844
13681,298,303,LAE,28.068298474902456
13682,298,299,LAE,2.4810830840905607
13683,298,299,LAE,2.497922241536738
13684,298,299,LAE,2.240141662351186
13685,298,308,LAE,20.801554591505127
13686,298,307,LAE,31.65365020739587
13687,298,299,LAE,2.8500911130671214
13688,298,299,LAE,1.7821646607078467
13689,298,303,LAE,2.1143985604980555
13690,298,299,LAE,28.54430802987341
13691,298,299,LAE,17.538239890647137
13692,298,299,LAE,2.610999959950581
13693,298,300,LAE,1.4064948861808193
13694,298,299,LAE,35.29587842246787
13695,298,305,LAE,2.126829146455807
13696,298,302,LAE,2.2736791999287624
13697,298,299,LAE,1.87249867516467
13698,298,302,LAE,2.9319733231629432
13699,298,302,LAE,2.378431278318661
13700,298,302,LAE,2.315182169087002
13701,298,299,LAE,10.790266413126721
13702,298,299,LAE,1.3359165882154098
13703,298,300,LAE,2.2211601122066607
13704,298,300,LAE,2.1129281086831697
13705,298,299,LAE,21.240363070940536
13706,298,299,LAE,8.000748915758905
13707,298,300,LAE,35.43748308173919
13708,298,299,LAE,3.0043945933524765
13709,298,299,LAE,2.038049890912913
13710,298,299,LAE,19.389771438282207
13711,298,305,LAE,8.052684958677837
13712,298,299,LAE,42.7089420117999
13713,296,300,LAE,2.7124675865556616
13714,297,300,LAE,38.39705795934858
13715,297,301,LAE,17.6468676315358
13716,297,301,LAE,9.279521659717783
13717,297,300,LAE,28.740660693328387
13718,297,303,LAE,21.534036626804763
13719,297,304,LAE,21.319645653244756
13720,297,301,LAE,11.637232466451586
13721,297,300,LAE,18.74503473677133
13722,297,300,LAE,20.0924948942409
13723,297,304,LAE,17.255291733087457
13724,298,300,LAE,57.60938754658578
13725,298,306,LAE,5.166417331029317
13726,298,302,LAE,2.423471518040162
13727,298,300,LAE,2.4374768730595586
13728,298,303,LAE,3.0209986409839016
13729,298,303,LAE,2.2232658866236803
13730,298,302,LAE,23.166032501838796
13731,298,304,LAE,20.41383750265782
13732,298,301,LAE,51.044554008355334
13733,298,302,LAE,2.683609095823671
13734,298,304,LAE,39.101754139970055
13735,299,300,LAE,29.73042318262803
13736,299,301,LAE,2.6677949526204268
13737,299,303,LAE,2.5614766252648935
13738,299,307,LAE,26.826729622676663
13739,299,302,LAE,2.688680620767228
13740,299,306,LAE,2.060969002882123
13741,299,302,LAE,2.83313016436978
13742,299,300,LAE,20.549598320841863
13743,299,300,LAE,28.96983744994333
13744,299,300,LAE,52.11396945822988
13745,299,300,LAE,1.8571633128993807
13746,299,304,LAE,27.944269637788896
13747,299,301,LAE,29.965152398547662
13748,299,300,LAE,1.285649344696729
13749,299,300,LAE,2.11153452355418
13750,299,302,LAE,1.7882540249906254
13751,299,303,LAE,20.682937494584408
13752,299,300,LAE,18.86885085220183
13753,299,304,LAE,16.48659225848497
13754,299,302,LAE,1.9562043298917824
13755,299,304,LAE,2.1016318255073116
13756,299,303,LAE,1.9651171820580593
13757,299,303,LAE,3.0177508737088816
13758,299,302,LAE,22.156611338503975
13759,299,301,LAE,2.954923216192154
13760,299,300,LAE,2.123765157156872
13761,299,301,LAE,27.686393903590314
13762,299,300,LAE,22.370530953994507
13763,297,301,LAE,18.00961043859254
13764,297,301,LAE,42.098325586669034
13765,297,301,LAE,3.203491544657847
13766,298,301,LAE,29.88792234642483
13767,298,301,LAE,25.96949324496082
13768,298,301,LAE,27.936325047172822
13769,298,305,LAE,23.808957481690783
13770,298,301,LAE,9.134868795272128
13771,298,301,LAE,20.058276858113903
13772,298,302,LAE,56.037203542120494
13773,299,305,LAE,21.124232827863352
13774,299,309,LAE,8.475920711411852
13775,299,301,LAE,8.676398423407171
13776,299,301,LAE,2.439910110444817
13777,299,301,LAE,46.44388537394997
13778,299,301,LAE,2.2418345474978136
13779,299,309,LAE,23.42938208438062
13780,299,301,LAE,38.69396971551733
13781,299,303,LAE,33.908658302424804
13782,299,301,LAE,23.933864593936843
13783,299,301,LAE,58.14853581422799
13784,299,303,LAE,2.8958849183814386
13785,299,303,LAE,2.322365824086266
13786,299,301,LAE,8.063548175024009
13787,299,303,LAE,1.952150279713134
13788,299,308,LAE,41.492558072266455
13789,299,301,LAE,2.2045072962569954
13790,299,305,LAE,29.31218875093362
13791,299,306,LAE,21.363800455306777
13792,300,306,LAE,2.5120561136228767
13793,300,301,LAE,2.30570229152241
13794,300,301,LAE,18.96559762118484
13795,300,303,LAE,1.730180881009063
13796,300,301,LAE,2.567159755178941
13797,300,305,LAE,22.27663632212743
13798,300,302,LAE,1.7040024739468886
13799,300,301,LAE,1.7236962464375547
13800,300,304,LAE,37.72702417853096
13801,300,305,LAE,17.260946353237657
13802,300,301,LAE,1.0875007749148407
13803,298,302,LAE,20.165131916018478
13804,298,306,LAE,38.15764004255075
13805,298,303,LAE,38.60501546331775
13806,298,307,LAE,21.160004344649142
13807,298,302,LAE,49.99500512511131
13808,298,303,LAE,52.456184244226414
13809,299,302,LAE,41.3893265001786
13810,299,302,LAE,3.894695254935754
13811,299,306,LAE,3.81581687415529
13812,299,302,LAE,10.27070045228784
13813,299,304,LAE,29.89473134116071
13814,299,302,LAE,46.96621999726645
13815,299,305,LAE,19.933253203604217
13816,299,302,LAE,27.94279490215463
13817,299,302,LAE,22.07393492699097
13818,299,302,LAE,9.68377791480768
13819,299,302,LAE,22.20207970125213
13820,299,314,LAE,19.02155191038833
13821,299,306,LAE,17.976760240356906
13822,300,302,LAE,2.7467299888175414
13823,300,303,LAE,1.9213084364328505
13824,300,303,LAE,20.087674997718953
13825,300,303,LAE,2.7104440468721744
13826,300,306,LAE,8.569800819046174
13827,300,302,LAE,2.7360282304351857
13828,300,302,LAE,17.16317994192063
13829,300,302,LAE,2.727747992032513
13830,300,307,LAE,27.657239139684677
13831,300,302,LAE,2.0346873106471857
13832,300,306,LAE,2.5510608263199663
13833,300,305,LAE,18.432997779386472
13834,301,302,LAE,19.588000412833654
13835,301,303,LAE,1.7249518197587828
13836,301,302,LAE,25.526180314859346
13837,301,304,LAE,16.613303099481943
13838,301,302,LAE,1.3982306591072267
13839,301,302,LAE,1.809276258558892
13840,301,302,LAE,1.8499661485076393
13841,301,302,LAE,9.66291720794526
13842,301,302,LAE,10.56869140333325
13843,299,303,LAE,13.0185459701324
13844,299,303,LAE,47.39078199757701
13845,299,303,LAE,23.84871239027604
13846,299,306,LAE,18.112910944951533
13847,299,303,LAE,43.21318013864229
13848,299,306,LAE,26.845304962198373
13849,299,303,LAE,23.93720108156429
13850,299,303,LAE,2.1633764480144313
13851,299,303,LAE,18.551199595922235
13852,299,303,LAE,51.56031945098625
13853,299,305,LAE,1.974366429171454
13854,299,305,LAE,19.549941678313484
13855,300,307,LAE,20.814925144686246
13856,300,305,LAE,23.904317235852954
13857,300,311,LAE,34.254718839392375
13858,300,305,LAE,23.48699553920583
13859,300,303,LAE,11.043283667730348
13860,300,303,LAE,35.085031877717654
13861,300,305,LAE,2.6595930774730356
13862,300,305,LAE,2.65749275407375
13863,300,303,LAE,24.892117749560242
13864,300,303,LAE,2.360881512121762
13865,301,303,LAE,33.3811140105632
13866,301,303,LAE,38.78713160237496
13867,301,306,LAE,25.842654621092223
13868,301,303,LAE,2.651280936362726
13869,301,303,LAE,23.679778723985347
13870,301,303,LAE,52.07531321006139
13871,301,304,LAE,24.601070941541284
13872,301,303,LAE,28.557765637036
13873,301,303,LAE,19.672972658141422
13874,301,303,LAE,2.2718848519967456
13875,301,306,LAE,1.992475281512701
13876,301,303,LAE,18.594472531442563
13877,301,304,LAE,27.242824545029396
13878,301,303,LAE,1.8871265449894312
13879,301,303,LAE,24.53002515462584
13880,301,303,LAE,2.2752728128315716
13881,302,305,LAE,2.270562677717397
13882,302,306,LAE,16.92756343414645
13883,302,309,LAE,33.45927658408166
13884,302,307,LAE,24.599290357158903
13885,302,303,LAE,2.117399509976205
13886,302,303,LAE,2.3301671330830476
13887,302,305,LAE,2.4216305331607564
13888,302,303,LAE,1.9739612956792356
13889,302,306,LAE,2.0383772576210055
13890,302,303,LAE,2.295731259541787
13891,302,303,LAE,1.8693854888014672
13892,302,306,LAE,36.345557427369
13893,302,303,LAE,1.6332195834041179
13894,302,303,LAE,42.69982901619094
13895,302,308,LAE,3.475911123614009
13896,302,303,LAE,1.2844405076103917
13897,302,304,LAE,13.568584416504375
13898,302,318,LAE,44.64783753837855
13899,302,306,LAE,2.116735101970159
13900,302,303,LAE,1.964430646841249
13901,302,303,LAE,8.492076087766065
13902,302,303,LAE,38.62733327133045
13903,300,304,LAE,11.355601775597014
13904,300,304,LAE,26.50040270722784
13905,300,304,LAE,1.873617356338646
13906,300,304,LAE,12.53783272333586
13907,300,304,LAE,17.11270908080204
13908,300,304,LAE,42.12814404176571
13909,301,304,LAE,15.654154526060152
13910,301,304,LAE,23.425235839072784
13911,301,304,LAE,30.674772734327693
13912,301,304,LAE,22.960360916102935
13913,301,304,LAE,39.668974080843775
13914,301,308,LAE,43.06310703457218
13915,301,304,LAE,50.68643219810306
13916,301,306,LAE,19.3458199583183
13917,301,304,LAE,17.154349694126935
13918,301,304,LAE,41.0444654051695
13919,301,304,LAE,24.86664160576351
13920,301,304,LAE,15.894494965196744
13921,301,307,LAE,59.56636375254838
13922,302,306,LAE,46.59904567001706
13923,302,304,LAE,30.865434648721376
13924,302,304,LAE,20.74967598150239
13925,302,305,LAE,1.6090409707365334
13926,302,304,LAE,2.385240668939591
13927,302,305,LAE,26.255602953757627
13928,302,308,LAE,21.802093572874472
13929,302,304,LAE,18.99405724606477
13930,302,307,LAE,2.653371430577534
13931,302,304,LAE,21.093859699639456
13932,302,304,LAE,41.31720082184159
13933,302,305,LAE,1.684188261292605
13934,302,304,LAE,1.5901261815446142
13935,303,304,LAE,5.250105409707317
13936,303,306,LAE,2.018378794670422
13937,303,304,LAE,28.43115566802273
13938,303,304,LAE,1.4012811927224098
13939,303,304,LAE,3.8419630696618046
13940,303,305,LAE,41.76796892489906
13941,303,305,LAE,14.423412677967521
13942,303,304,LAE,10.960867609201708
13943,303,306,LAE,2.3576235984399223
13944,303,304,LAE,2.2706855098833607
13945,303,304,LAE,24.89808101389025
13946,303,304,LAE,18.523488334504055
13947,301,305,LAE,23.084503371863274
13948,301,305,LAE,19.79145317740387
13949,301,305,LAE,21.21720969850561
13950,301,305,LAE,33.50794620617896
13951,301,305,LAE,11.179835664204369
13952,302,305,LAE,52.635635366141265
13953,302,305,LAE,2.259602840569393
13954,302,305,LAE,9.630937970756815
13955,303,305,LAE,17.383628949190374
13956,303,305,LAE,21.868984138572287
13957,303,305,LAE,1.9816319142555996
13958,303,305,LAE,1.5727098413177882
13959,303,308,LAE,20.07684345766669
13960,303,305,LAE,18.103914079853478
13961,303,306,LAE,1.3908570595838918
13962,304,305,LAE,1.3210479117341307
13963,304,305,LAE,40.53702837277334
13964,304,305,LAE,1.3604527301390095
13965,304,307,LAE,1.2604316218791196
13966,304,305,LAE,17.724667523676327
13967,304,305,LAE,1.2141448454103443
13968,304,306,LAE,1.3790569793150191
13969,304,305,LAE,19.025422574465136
13970,304,305,LAE,37.94600574147244
13971,304,305,LAE,1.3746729230317603
13972,304,305,LAE,1.6447730084097032
13973,304,307,LAE,20.57547041984847
13974,304,310,LAE,2.183389274068405
13975,304,305,LAE,1.3520359319771045
13976,304,306,LAE,6.920562071968952
13977,304,307,LAE,1.3048493868467612
13978,304,305,LAE,2.0804465216934562
13979,304,305,LAE,35.43933608028265
13980,304,307,LAE,39.90931463260718
13981,304,305,LAE,23.493184133167095
13982,304,305,LAE,1.0372337246750296
13983,304,307,LAE,54.648729981596
13984,304,305,LAE,2.093554423621197
13985,304,305,LAE,18.559888410764643
13986,302,308,LAE,24.412715103921794
13987,302,306,LAE,19.802142120380836
13988,302,306,LAE,7.602818787923671
13989,302,306,LAE,19.50256888211065
13990,302,306,LAE,21.620105446803375
13991,303,307,LAE,20.9272691894444
13992,303,306,LAE,6.17054999756208
13993,303,306,LAE,20.957081912401115
13994,304,310,LAE,27.247342141824678
13995,304,306,LAE,30.01947456125911
13996,304,306,LAE,21.028515443311218
13997,304,312,LAE,43.65365782520918
13998,304,308,LAE,57.77342605275474
13999,304,307,LAE,25.18703652255965
14000,304,306,LAE,54.74208510033563
14001,305,308,LAE,1.8932690174718596
14002,305,306,LAE,12.898050846910193
14003,305,306,LAE,31.32389219435397
14004,305,306,LAE,1.227792371726747
14005,305,306,LAE,2.5034484166493094
14006,305,310,LAE,6.844919844020666
14007,305,307,LAE,26.86947670911488
14008,305,306,LAE,2.5103984751479453
14009,305,311,LAE,2.2075592074519435
14010,305,309,LAE,2.043984266654233
14011,305,306,LAE,10.598430847976676
14012,305,306,LAE,55.27666101119174
14013,305,307,LAE,17.486520414632214
14014,305,306,LAE,1.861045225941304
14015,305,307,LAE,39.792242958232656
14016,305,306,LAE,2.0771386047548113
14017,305,306,LAE,18.64770475575712
14018,305,306,LAE,1.582897169638748
14019,305,306,LAE,1.193951162692991
14020,303,309,LAE,25.62284999332101
14021,303,311,LAE,58.90009307661817
14022,305,307,LAE,3.197714412273443
14023,305,307,LAE,2.417076241499026
14024,305,309,LAE,2.7221445071445483
14025,305,307,LAE,10.29732217473048
14026,305,307,LAE,20.295825715028744
14027,306,307,LAE,17.9230680568029
14028,306,307,LAE,1.7836761034971895
14029,306,312,LAE,49.43372767700367
14030,306,307,LAE,21.72856339479719
14031,306,307,LAE,20.082698625605076
14032,306,307,LAE,0.9763786813445727
14033,306,308,LAE,16.91642082191999
14034,306,307,LAE,1.1832734936251614
14035,306,309,LAE,1.8359230803408848
14036,306,307,LAE,32.37267906536338
14037,306,307,LAE,1.0810552710475572
14038,306,307,LAE,15.27274732979857
14039,306,307,LAE,1.927792090911505
14040,306,309,LAE,2.1649482315249413
14041,306,310,LAE,16.959594983342473
14042,306,307,LAE,1.546646834628483
14043,306,307,LAE,1.9062334366733258
14044,306,307,LAE,1.2048304201190827
14045,306,307,LAE,18.360716194062928
14046,306,311,LAE,2.0043077392812703
14047,306,307,LAE,1.8043458768266807
14048,306,307,LAE,35.523719192775104
14049,306,307,LAE,19.286514543736015
14050,306,307,LAE,1.202776036400894
14051,306,307,LAE,1.871393405012483
14052,306,307,LAE,18.946049185972125
14053,306,307,LAE,1.6265074801244257
14054,304,308,LAE,16.96813660213899
14055,305,310,LAE,23.666184513722317
14056,305,308,LAE,1.7958514155033063
14057,305,308,LAE,18.998666733786724
14058,305,308,LAE,21.205511931517332
14059,306,312,LAE,36.61930674460096
14060,306,309,LAE,2.3858841029504254
14061,306,309,LAE,1.733334668215481
14062,306,309,LAE,2.1969376009804678
14063,307,310,LAE,27.03391420486496
14064,307,309,LAE,1.7559121574010832
14065,307,311,LAE,2.0459590023602017
14066,307,308,LAE,19.447558192101216
14067,307,310,LAE,5.084979997863832
14068,307,308,LAE,2.0398448662630737
14069,307,309,LAE,18.001902495379248
14070,307,308,LAE,48.000761641567244
14071,307,308,LAE,17.946393196404998
14072,307,308,LAE,2.1024047103970593
14073,307,312,LAE,4.859196815012378
14074,307,308,LAE,50.80101219258605
14075,307,308,LAE,2.3431056476406913
14076,307,308,LAE,0.9853594850350882
14077,307,309,LAE,19.742650668559943
14078,307,308,LAE,1.786765664044939
14079,307,308,LAE,0.9353093585477873
14080,307,309,LAE,21.313374146481948
14081,307,308,LAE,19.94067080583513
14082,307,308,LAE,1.0467759704761728
14083,307,308,LAE,40.82201198245763
14084,307,308,LAE,16.259380814321243
14085,307,308,LAE,53.89760768394476
14086,307,309,LAE,1.1903398062889934
14087,307,308,LAE,1.384175800685583
14088,307,308,LAE,43.17860776747856
14089,305,309,LAE,19.03556728681705
14090,305,309,LAE,3.425725525919846
14091,305,310,LAE,2.1193989590927376
14092,306,309,LAE,11.425865458870197
14093,306,312,LAE,18.096594585637718
14094,306,310,LAE,22.804000079164684
14095,306,309,LAE,1.883437933418303
14096,306,309,LAE,33.16840286924947
14097,307,309,LAE,44.51210207154666
14098,307,310,LAE,1.7453905656631896
14099,307,309,LAE,33.641972424908275
14100,307,309,LAE,48.934386670652906
14101,307,309,LAE,10.319283471368026
14102,307,309,LAE,0.9631472330897105
14103,308,309,LAE,2.1949103813641
14104,308,309,LAE,21.46660030837193
14105,308,309,LAE,20.09380404077385
14106,308,314,LAE,2.20025597599192
14107,308,309,LAE,16.290340156226492
14108,308,309,LAE,2.4730213408021946
14109,308,309,LAE,0.8233572288091361
14110,308,310,LAE,18.32657730467162
14111,308,309,LAE,22.756355799792534
14112,308,309,LAE,1.662313097684744
14113,308,309,LAE,17.817924941771242
14114,308,310,LAE,19.08149555148973
14115,308,309,LAE,1.6192624241084934
14116,308,309,LAE,1.2871393096804744
14117,308,309,LAE,43.70190969656823
14118,308,310,LAE,21.953736302140697
14119,308,309,LAE,20.745305516216856
14120,308,309,LAE,20.862242329896304
14121,308,309,LAE,1.7786595769174096
14122,308,309,LAE,18.20725952154428
14123,308,309,LAE,48.493979539677085
14124,308,310,LAE,22.54951516729255
14125,308,310,LAE,27.99321546131857
14126,308,309,LAE,17.727398488959693
14127,308,309,LAE,16.31744337615579
14128,308,309,LAE,0.8358691284028316
14129,308,312,LAE,15.655368525051605
14130,308,310,LAE,22.460708619207498
14131,306,310,LAE,22.42817132734788
14132,306,313,LAE,7.090643997696991
14133,307,310,LAE,11.006794757116005
14134,307,311,LAE,18.943774752993633
14135,307,311,LAE,6.394800839511761
14136,307,310,LAE,43.00040043107147
14137,307,310,LAE,2.458404396107354
14138,307,310,LAE,2.138778525000591
14139,307,310,LAE,21.030135601817587
14140,308,310,LAE,16.115111852571477
14141,308,310,LAE,2.0970567568295606
14142,308,310,LAE,1.4636980574404663
14143,308,311,LAE,39.312142384485384
14144,308,310,LAE,1.7861968363479475
14145,308,314,LAE,43.98440781430354
14146,309,310,LAE,1.5053327602610893
14147,309,310,LAE,1.8832729502072596
14148,309,310,LAE,3.3084499176905195
14149,309,310,LAE,16.391902912218804
14150,309,310,LAE,0.8504420328190369
14151,309,313,LAE,32.14405840406919
14152,309,311,LAE,22.94810765299368
14153,309,310,LAE,1.6106767241305435
14154,309,310,LAE,1.4027662963538206
14155,309,310,LAE,20.202491195175327
14156,309,310,LAE,1.615401306614169
14157,309,310,LAE,19.447312646313407
14158,309,310,LAE,1.4693317223114617
14159,309,310,LAE,35.44642964907407
14160,309,311,LAE,1.361042853457287
14161,309,310,LAE,7.392666633633252
14162,309,310,LAE,2.224345429166177
14163,309,313,LAE,7.5715200683650234
14164,309,310,LAE,22.557496838398983
14165,309,310,LAE,1.232334154581267
14166,307,311,LAE,35.32935709347035
14167,307,311,LAE,31.690078379696622
14168,307,311,LAE,22.10479283014426
14169,308,311,LAE,1.628638882834345
14170,308,311,LAE,7.751963186740097
14171,308,313,LAE,35.64181861761748
14172,309,313,LAE,1.5943021943717175
14173,309,311,LAE,22.04634750361719
14174,309,311,LAE,3.338451550994607
14175,309,311,LAE,1.7049159855957878
14176,310,311,LAE,4.350150452558709
14177,310,311,LAE,1.4589498747991287
14178,310,311,LAE,1.2381925734654098
14179,310,311,LAE,1.03872043848881
14180,310,311,LAE,4.378604408505578
14181,310,311,LAE,6.148445233116628
14182,310,311,LAE,27.372737707688092
14183,310,311,LAE,1.2899630020149981
14184,310,312,LAE,1.6526594105330166
14185,310,311,LAE,2.2000831285435893
14186,310,312,LAE,47.45128119542428
14187,311,312,LAE,0.8836629103724809
14188,311,312,LAE,1.0904656593905717
14189,311,315,LAE,14.497630551980658
14190,311,312,LAE,1.8368676399318227
14191,311,313,LAE,16.662461826347037
14192,311,312,LAE,1.2053374636053333
14193,311,313,LAE,4.418877977637915
14194,311,312,LAE,22.289709859307123
14195,311,312,LAE,49.17503160970739
14196,311,312,LAE,0.7276506413585655
14197,311,312,LAE,1.203794377449106
14198,311,312,LAE,0.7978180574782298
14199,311,313,LAE,1.1418742011296823
14200,311,312,LAE,0.9857937109605611
14201,311,312,LAE,56.58313635904231
14202,311,312,LAE,1.1432763160972799
14203,311,313,LAE,16.66540195146894
14204,309,313,LAE,27.864622713211652
14205,311,313,LAE,1.227758350285682
14206,311,313,LAE,1.8757641740802533
14207,311,315,LAE,1.6431074869197415
14208,311,313,LAE,31.90855453580665
14209,311,313,LAE,17.728770019135208
14210,311,313,LAE,17.941520609776155
14211,311,313,LAE,53.71977626497922
14212,311,315,LAE,7.9548999933879365
14213,311,313,LAE,21.4137090439087
14214,311,313,LAE,26.224909642415497
14215,312,313,LAE,1.175561759616777
14216,312,313,LAE,2.068101081680791
14217,312,313,LAE,1.4295760733127092
14218,312,314,LAE,13.538979804820388
14219,312,313,LAE,12.704752734179939
14220,312,313,LAE,3.5815378730541076
14221,312,313,LAE,1.3119232832863779
14222,312,313,LAE,0.9702869932349178
14223,312,313,LAE,2.139786755990819
14224,312,313,LAE,21.375236155592102
14225,312,313,LAE,2.4749052076106803
14226,312,313,LAE,5.495275867323848
14227,312,314,LAE,10.098585151103684
14228,310,314,LAE,18.186379259834005
14229,311,314,LAE,15.857198094840646
14230,311,314,LAE,19.35403937681555
14231,313,315,LAE,20.99434137280139
14232,313,314,LAE,3.4814701849699325
14233,313,314,LAE,6.120018083553139
14234,313,315,LAE,26.91072109479813
14235,313,314,LAE,25.382599453655885
14236,313,314,LAE,1.3088031526377026
14237,313,315,LAE,17.50728666453578
14238,313,314,LAE,55.022805020172854
14239,313,315,LAE,38.753692082062095
14240,313,315,LAE,6.826568189328645
14241,313,315,LAE,57.30808190020117
14242,313,314,LAE,3.3762143752414016
14243,313,314,LAE,23.308905287803746
14244,313,314,LAE,1.049484091837959
14245,313,314,LAE,1.3357148857673111
14246,311,315,LAE,27.186341324523184
14247,312,315,LAE,8.563719168723072
14248,312,315,LAE,4.279816416014991
14249,312,315,LAE,29.90124204416076
14250,313,315,LAE,6.408528197089767
14251,313,315,LAE,1.3882941450194912
14252,313,315,LAE,2.2023057923056966
14253,313,315,LAE,4.207301454968438
14254,313,320,LAE,41.03931047035112
14255,313,315,LAE,1.6922098231752818
14256,313,315,LAE,31.48792585547421
14257,314,315,LAE,0.8355713039825395
14258,314,315,LAE,46.35042147175908
14259,314,315,LAE,43.419412661605534
14260,314,315,LAE,1.2457953994582405
14261,314,323,LAE,25.08131378243691
14262,314,315,LAE,37.3636657542892
14263,314,315,LAE,1.6270265980311966
14264,314,315,LAE,1.1142964110664286
14265,314,315,LAE,2.3072003852644474
14266,314,315,LAE,29.58386124934984
14267,314,315,LAE,24.400879253520085
14268,314,315,LAE,42.2019388643078
14269,314,315,LAE,0.874887379539074
14270,314,317,LAE,36.9092639003257
14271,314,315,LAE,4.9145456446652656
14272,314,315,LAE,1.1370501220126645
14273,314,316,LAE,16.058853733439832
14274,314,315,LAE,1.4163159074018903
14275,314,315,LAE,21.572974525029057
14276,314,315,LAE,5.481804747093429
14277,314,315,LAE,42.207648652446096
14278,314,315,LAE,1.1023748014620733
14279,314,316,LAE,26.018260066013617
14280,314,316,LAE,32.72439626462867
14281,314,342,LAE,57.72129961278141
14282,314,337,LAE,15.00297085161349
14283,315,316,LAE,42.280442288688825
14284,315,319,LAE,32.6142953651849
14285,315,316,LAE,28.745970158093076
14286,316,317,LAE,1.2489715021027572
14287,316,317,LAE,2.1895207629184696
14288,316,320,LAE,2.815657357129035
14289,316,317,LAE,17.90211322808397
14290,316,323,LAE,3.364619893133176
14291,316,330,LAE,16.406211058668482
14292,316,317,LAE,1.6415319205923047
14293,316,317,LAE,0.962593013723185
14294,316,317,LAE,38.972319031417875
14295,316,333,LAE,15.001697100629425
14296,317,319,LAE,4.6406554107066
14297,317,322,LAE,1.9638907386219706
14298,317,318,LAE,1.606050570388762
14299,317,320,LAE,2.1137769704335674
14300,317,318,LAE,1.855812944504264
14301,317,329,LAE,3.967974187880149
14302,317,318,LAE,1.0784376540350995
14303,317,318,LAE,2.117073500039547
14304,317,318,LAE,1.2103817647537394
14305,317,318,LAE,0.8976387832624498
14306,317,318,LAE,1.3027280341688126
14307,317,318,LAE,1.354265987836357
14308,317,318,LAE,1.3332277951001659
14309,317,318,LAE,0.9132301147792918
14310,317,320,LAE,2.228986521564842
14311,317,321,LAE,13.98164165224266
14312,317,318,LAE,2.3798822592874123
14313,317,319,LAE,1.0721194978300284
14314,317,318,LAE,1.083321895505487
14315,317,319,LAE,3.074488642679051
14316,317,318,LAE,4.1384730465394695
14317,317,318,LAE,0.9273235138218036
14318,316,320,LAE,57.45591607813408
14319,316,348,LAE,53.61459969353859
14320,316,325,LAE,11.617771748917265
14321,317,324,LAE,59.31648529133999
14322,317,319,LAE,0.9593427387918481
14323,317,321,LAE,20.60145899761315
14324,318,319,LAE,0.8534956416435078
14325,318,319,LAE,1.61590526047337
14326,318,329,LAE,14.462226675578652
14327,318,336,LAE,33.30610028424593
14328,318,319,LAE,1.2772277132281245
14329,318,323,LAE,18.955058351911042
14330,318,319,LAE,1.1991171080106835
14331,318,319,LAE,2.2923224674491007
14332,318,319,LAE,1.070345208983069
14333,318,345,LAE,25.847436825959072
14334,318,320,LAE,1.2891385167597826
14335,318,332,LAE,28.344606098233786
14336,318,319,LAE,1.6753485722174182
14337,318,321,LAE,7.565354975772011
14338,318,359,LAE,47.75063186807457
14339,318,363,LAE,40.00321470113193
14340,318,319,LAE,0.8876918236670998
14341,318,319,LAE,2.097346855484759
14342,318,319,LAE,10.9938534869993
14343,318,324,LAE,36.1503194565427
14344,318,343,LAE,37.53981214100535
14345,318,319,LAE,0.8527224911250957
14346,318,321,LAE,6.5029596747524545
14347,318,321,LAE,16.885442353333865
14348,318,327,LAE,39.986745196567156
14349,318,355,LAE,11.66470939395249
14350,318,331,LAE,15.310187233141507
14351,318,327,LAE,14.711090085201262
14352,318,347,LAE,37.161187253998804
14353,318,319,LAE,1.0488531908637533
14354,318,325,LAE,14.40933111627254
14355,318,325,LAE,11.422738037166523
14356,318,319,LAE,1.6217545884575197
14357,318,319,LAE,34.06587863856365
14358,318,319,LAE,2.614615752693106
14359,318,319,LAE,0.8718388458194775
14360,318,319,LAE,3.2998021517674974
14361,318,319,LAE,1.6685985725722101
14362,318,320,LAE,1.689236142800023
14363,318,320,LAE,43.31280009380422
14364,318,320,LAE,1.4768244404684459
14365,318,319,LAE,1.4437134991285463
14366,318,319,LAE,1.943069467453439
14367,318,319,LAE,1.7187758452425268
14368,318,343,LAE,38.89433888749751
14369,317,350,LAE,47.6954151110261
14370,317,321,LAE,12.617399911595388
14371,318,320,LAE,43.5225033295136
14372,318,320,LAE,2.383336158716999
14373,318,362,LAE,23.21669468200725
14374,318,320,LAE,1.870384313567903
14375,318,372,LAE,37.72082623456449
14376,318,321,LAE,1.749973100831586
14377,318,331,LAE,23.257416902669753
14378,318,325,LAE,15.920054046443992
14379,318,322,LAE,22.358119463351688
14380,318,322,LAE,1.6310763644777888
14381,318,330,LAE,15.528428646241526
14382,319,321,LAE,1.18909064473321
14383,319,320,LAE,1.2266308339222765
14384,319,321,LAE,1.6628877479646973
14385,319,320,LAE,0.750736040730469
14386,319,320,LAE,1.6770908581517339
14387,319,320,LAE,0.8827937514478214
14388,319,322,LAE,10.139281550368507
14389,319,343,LAE,37.457238411449545
14390,319,320,LAE,42.16109116740437
14391,319,323,LAE,52.24781117644577
14392,319,320,LAE,0.7977967900616887
14393,319,324,LAE,33.73629536051341
14394,319,367,LAE,38.95865314374058
14395,319,320,LAE,21.813453006992432
14396,319,324,LAE,18.667898313688916
14397,319,324,LAE,57.30420707642709
14398,319,320,LAE,1.3509684021373454
14399,319,323,LAE,49.97283786148176
14400,319,338,LAE,52.57376501923331
14401,319,321,LAE,1.7090691854582991
14402,319,320,LAE,1.7056965192001454
14403,319,322,LAE,1.3661046326492792
14404,319,322,LAE,1.1647163158547218
14405,319,324,LAE,19.551488364263612
14406,319,320,LAE,1.633130146541923
14407,319,324,LAE,38.90324214665193
14408,319,320,LAE,1.6838733129660608
14409,319,320,LAE,15.757636537628395
14410,319,326,LAE,29.53549075106386
14411,319,321,LAE,10.472447834987973
14412,319,320,LAE,18.422190918301148
14413,319,320,LAE,47.20508913089365
14414,319,426,LAE,43.06251212559898
14415,319,320,LAE,1.5866573815196026
14416,319,321,LAE,21.517666946381684
14417,319,391,LAE,24.9172014552293
14418,319,324,LAE,55.258574301854736
14419,319,337,LAE,29.094762809422328
14420,319,323,LAE,14.328535346346985
14421,319,323,LAE,21.3563767372016
14422,319,320,LAE,0.9865395328854538
14423,319,322,LAE,42.586213565465606
14424,319,320,LAE,1.7278919535040722
14425,319,320,LAE,0.794357741289902
14426,319,320,LAE,17.119591760387756
14427,319,320,LAE,33.380893902750955
14428,319,343,LAE,44.39925152647263
14429,319,320,LAE,0.8043381325181901
14430,319,327,LAE,14.192198628849889
14431,319,331,LAE,37.45528203663993
14432,319,320,LAE,32.71431550741765
14433,319,320,LAE,1.1399959088253744
14434,319,340,LAE,20.708878099110315
14435,319,322,LAE,1.0794980222489368
14436,319,320,LAE,45.09709267147441
14437,319,325,LAE,11.120120906088271
14438,319,344,LAE,57.70642449220468
14439,319,320,LAE,31.439743829738802
14440,319,320,LAE,1.0744792081224375
14441,319,325,LAE,18.889906109967434
14442,319,326,LAE,10.887023624090139
14443,318,321,LAE,27.481366882336683
14444,318,322,LAE,1.962070256463445
14445,318,331,LAE,14.702544433036167
14446,318,321,LAE,2.210658473702143
14447,319,321,LAE,1.2084461618250895
14448,319,324,LAE,8.60980081767089
14449,319,324,LAE,10.87376934095159
14450,319,342,LAE,38.21507527823364
14451,319,323,LAE,52.80286609204187
14452,319,327,LAE,37.75935360125502
14453,319,331,LAE,50.7336253328659
14454,319,325,LAE,39.85827728978282
14455,319,330,LAE,14.951369109975069
14456,319,328,LAE,22.562613721961693
14457,319,329,LAE,24.781073351182847
14458,320,323,LAE,2.5614125352442767
14459,320,321,LAE,55.5909304642071
14460,320,321,LAE,1.2641971529764306
14461,320,322,LAE,16.091013790956556
14462,320,321,LAE,0.9459507379966856
14463,320,324,LAE,20.16163174593999
14464,320,322,LAE,1.2922227964767126
14465,320,321,LAE,19.10384909552918
14466,320,329,LAE,12.72518903197658
14467,320,322,LAE,1.303741697263798
14468,320,356,LAE,27.97625488111043
14469,320,321,LAE,1.0979639795340732
14470,320,321,LAE,1.2861208921809912
14471,320,348,LAE,18.56362077549502
14472,320,324,LAE,22.38195530225802
14473,320,321,LAE,0.8811378560485802
14474,320,328,LAE,18.571031092412092
14475,320,321,LAE,10.494697576742716
14476,320,323,LAE,1.586389866141507
14477,320,336,LAE,21.225966191471972
14478,320,326,LAE,43.99161527131083
14479,320,332,LAE,19.345271854109285
14480,320,340,LAE,48.459387746591545
14481,320,321,LAE,1.2897356079365634
14482,320,323,LAE,1.3715849555764235
14483,320,325,LAE,24.173229088946552
14484,320,338,LAE,17.697103521391178
14485,320,321,LAE,0.7653519937863587
14486,320,322,LAE,34.71257706182492
14487,320,322,LAE,22.01549626474703
14488,320,324,LAE,5.7049906326196265
14489,320,322,LAE,16.948743455170995
14490,320,331,LAE,34.42715901540346
14491,320,328,LAE,22.87482439511093
14492,320,323,LAE,18.838040801561185
14493,320,322,LAE,0.8889063658583088
14494,320,321,LAE,1.1695718054962996
14495,320,321,LAE,0.9341348760563254
14496,320,321,LAE,0.9992198964529029
14497,320,321,LAE,0.8607977954943737
14498,320,321,LAE,11.016262399474591
14499,318,322,LAE,53.495639451741965
14500,318,337,LAE,22.113648281965748
14501,319,322,LAE,34.88474100382279
14502,319,322,LAE,41.93495277077312
14503,319,330,LAE,44.40012175054014
14504,319,323,LAE,9.429140371404877
14505,319,322,LAE,42.98380793322903
14506,319,330,LAE,49.85105768528881
14507,320,322,LAE,32.4144156867338
14508,320,323,LAE,1.3438969120822093
14509,320,322,LAE,17.52810096234827
14510,320,325,LAE,1.6692691422108086
14511,320,322,LAE,1.3763230276143674
14512,320,322,LAE,1.5070235389674138
14513,320,322,LAE,1.5841188441003669
14514,320,322,LAE,1.4408056007383911
14515,320,323,LAE,11.089666361268787
14516,320,323,LAE,1.5761801493436738
14517,320,328,LAE,16.031064469106433
14518,320,325,LAE,57.90802032720261
14519,320,327,LAE,16.7443604688835
14520,320,322,LAE,28.29005991400653
14521,320,325,LAE,1.6849571643734391
14522,320,322,LAE,22.200916615208456
14523,320,325,LAE,15.681053723494959
14524,320,337,LAE,31.384212433310246
14525,321,333,LAE,6.45933459112352
14526,321,322,LAE,0.7896837023489275
14527,321,322,LAE,56.81051035542294
14528,321,323,LAE,6.484908646100133
14529,321,346,LAE,23.288194778290915
14530,321,330,LAE,14.120506996594672
14531,321,324,LAE,1.6867707198186368
14532,321,325,LAE,17.395126543749058
14533,321,329,LAE,3.2942614825096443
14534,321,324,LAE,1.1898236315729955
14535,321,322,LAE,3.1181952471848704
14536,321,328,LAE,14.110296324935586
14537,321,322,LAE,0.8551809515326717
14538,321,322,LAE,1.3104578174645685
14539,321,322,LAE,1.1423419672106387
14540,321,322,LAE,0.9203158660814263
14541,321,324,LAE,34.048465522521326
14542,321,322,LAE,1.1353182835438669
14543,321,322,LAE,1.2310137878061616
14544,321,324,LAE,14.29287625668402
14545,321,323,LAE,1.012687066351661
14546,321,354,LAE,7.778169490101056
14547,321,325,LAE,11.436811235811078
14548,321,322,LAE,54.5942191941584
14549,321,322,LAE,0.82018150715188
14550,321,322,LAE,0.8367545625573045
14551,321,322,LAE,0.8533248411953156
14552,321,322,LAE,0.82167273412521
14553,321,327,LAE,15.21980801738582
14554,321,324,LAE,24.187520077180473
14555,321,322,LAE,1.11372163207487
14556,321,322,LAE,1.5420464306013026
14557,321,344,LAE,41.56077549785215
14558,321,334,LAE,19.515228996003458
14559,319,334,LAE,41.280819346751436
14560,319,354,LAE,19.633854553134352
14561,319,332,LAE,15.197538635827865
14562,320,324,LAE,11.233377815102823
14563,320,323,LAE,22.11114884478798
14564,320,323,LAE,20.86460583503182
14565,320,332,LAE,9.64247353354692
14566,320,323,LAE,18.522891765852496
14567,320,342,LAE,39.9915610397296
14568,321,325,LAE,1.4110669784352237
14569,321,329,LAE,16.260256337521305
14570,321,342,LAE,35.46950331202052
14571,321,332,LAE,20.679972938066275
14572,321,323,LAE,41.756033686997505
14573,321,323,LAE,42.81012508878022
14574,321,326,LAE,41.071495509280844
14575,322,328,LAE,26.330647958805542
14576,322,323,LAE,1.1269056521345824
14577,322,326,LAE,35.95117333193133
14578,322,325,LAE,6.012464911391089
14579,322,324,LAE,1.0686738917873089
14580,322,325,LAE,1.1069232758008867
14581,322,326,LAE,4.680705942461312
14582,322,361,LAE,38.701128068567186
14583,322,331,LAE,10.06444265641957
14584,322,331,LAE,39.29114587133035
14585,322,323,LAE,0.961397613221327
14586,322,323,LAE,23.687822875484663
14587,322,323,LAE,0.9707625511262138
14588,322,342,LAE,32.706184289221376
14589,322,323,LAE,1.0961854701417426
14590,322,323,LAE,0.8485072059569722
14591,322,323,LAE,1.0586909227419967
14592,322,323,LAE,0.8473172405130994
14593,322,323,LAE,1.0199702931317276
14594,322,329,LAE,16.738743976629284
14595,322,323,LAE,1.0955824506160965
14596,322,325,LAE,1.122142448532639
14597,322,330,LAE,6.218480704258231
14598,322,323,LAE,1.0204238514713082
14599,322,323,LAE,3.2943507503739338
14600,322,323,LAE,0.8427078427912427
14601,322,324,LAE,1.0662866112787712
14602,322,340,LAE,57.93516643524876
14603,322,326,LAE,43.31228787780169
14604,322,335,LAE,27.479199681039173
14605,322,329,LAE,5.732045182399519
14606,322,335,LAE,32.9549006746523
14607,322,324,LAE,16.226202670477715
14608,322,324,LAE,5.9808858056960865
14609,322,323,LAE,0.9617055094253554
14610,322,323,LAE,0.9410087763701336
14611,322,323,LAE,14.04438770841973
14612,322,329,LAE,44.36703038721238
14613,322,325,LAE,54.933742137283765
14614,322,323,LAE,17.951859441827
14615,320,327,LAE,58.1561542103154
14616,320,324,LAE,33.831426246090864
14617,320,324,LAE,21.10226862420283
14618,320,324,LAE,10.064672985264327
14619,321,331,LAE,59.12164684039645
14620,321,327,LAE,11.559150517311327
14621,321,344,LAE,50.3271788288595
14622,322,324,LAE,20.839425390076705
14623,322,324,LAE,9.773824530547378
14624,322,325,LAE,14.076939538469409
14625,322,332,LAE,37.31300209385234
14626,322,325,LAE,37.03337192802304
14627,322,324,LAE,11.875673544336587
14628,322,326,LAE,1.2480758846006164
14629,323,324,LAE,1.5494228872352773
14630,323,324,LAE,1.0546014258968186
14631,323,325,LAE,1.3756104552198125
14632,323,324,LAE,32.50000560532539
14633,323,332,LAE,5.72805838928561
14634,323,324,LAE,0.8485706631221107
14635,323,324,LAE,0.8078888136507373
14636,323,326,LAE,13.618221422863057
14637,323,324,LAE,0.906059701534861
14638,323,338,LAE,20.696217277194112
14639,323,324,LAE,50.127110462375384
14640,323,325,LAE,0.9636238455552382
14641,323,328,LAE,14.73345916387646
14642,323,337,LAE,34.442161624693405
14643,323,324,LAE,1.5100881366696792
14644,323,325,LAE,10.434566081146503
14645,323,324,LAE,46.326497176994955
14646,323,324,LAE,1.0503175875133297
14647,323,324,LAE,0.932641705406431
14648,323,324,LAE,1.0913515792263568
14649,323,324,LAE,0.801304155205855
14650,323,341,LAE,55.211729442830844
14651,323,326,LAE,1.0929764291545445
14652,323,324,LAE,11.068664021720092
14653,323,324,LAE,5.261960183105283
14654,323,329,LAE,19.125940394118462
14655,323,324,LAE,30.44394671639162
14656,323,331,LAE,9.366467546271483
14657,323,326,LAE,1.5101525236690136
14658,323,352,LAE,16.105169137213654
14659,323,326,LAE,1.549478599206034
14660,323,325,LAE,5.960026340396537
14661,323,326,LAE,17.728561507670154
14662,323,333,LAE,28.496444015068498
14663,323,327,LAE,23.27330679606761
14664,323,324,LAE,4.262483578425652
14665,323,345,LAE,55.36442493733642
14666,323,324,LAE,1.0526439601650235
14667,323,325,LAE,1.0817974817842184
14668,323,324,LAE,6.152773364254692
14669,323,324,LAE,1.0667181926125533
14670,323,325,LAE,11.980022126953802
14671,322,326,LAE,4.985211616808097
14672,322,338,LAE,15.89602722713762
14673,322,329,LAE,2.030957596003522
14674,322,325,LAE,11.566076885874125
14675,322,329,LAE,10.404164359356361
14676,322,325,LAE,24.3864886571633
14677,323,325,LAE,1.4002759696978977
14678,323,325,LAE,22.64235831422791
14679,323,325,LAE,9.2374713713102
14680,323,333,LAE,39.03214735565564
14681,323,325,LAE,14.66768627060137
14682,323,325,LAE,7.23094855901419
14683,324,327,LAE,12.94603832041069
14684,324,328,LAE,1.2169813499403097
14685,324,325,LAE,0.8717111196576837
14686,324,326,LAE,1.8463166506869317
14687,324,326,LAE,9.201102029051734
14688,324,325,LAE,1.0243470381969744
14689,324,325,LAE,0.8879943691205797
14690,324,325,LAE,0.9335543168460821
14691,324,337,LAE,14.154606825220519
14692,324,325,LAE,0.9403147110266359
14693,324,337,LAE,51.673320286820314
14694,324,328,LAE,45.07069304408883
14695,324,332,LAE,21.70605927125998
14696,324,325,LAE,0.9638490238797144
14697,324,326,LAE,0.9431118654461526
14698,324,337,LAE,32.41741683022913
14699,324,326,LAE,14.437008940947818
14700,324,329,LAE,35.65050882698015
14701,324,325,LAE,1.1029818191113983
14702,324,340,LAE,33.91731890694956
14703,324,325,LAE,0.8677850131783695
14704,324,325,LAE,39.963333740763616
14705,324,326,LAE,1.1234669067153382
14706,324,325,LAE,1.207169857553243
14707,324,331,LAE,3.1808826255942257
14708,324,325,LAE,40.03539893915686
14709,324,328,LAE,1.4301246270344852
14710,324,325,LAE,0.8419799074438482
14711,324,326,LAE,1.1161137220768593
14712,324,348,LAE,41.94931719407433
14713,324,329,LAE,6.202830064965668
14714,324,325,LAE,1.1795964805565977
14715,324,325,LAE,0.8875258219720691
14716,324,325,LAE,49.47345019522612
14717,324,327,LAE,3.043727547220915
14718,324,325,LAE,0.9757596674946866
14719,322,326,LAE,45.008689882379706
14720,322,326,LAE,9.251502481401653
14721,322,343,LAE,55.77466852802595
14722,323,327,LAE,50.639225662124986
14723,323,331,LAE,27.119090052060688
14724,323,343,LAE,17.780175555638845
14725,323,338,LAE,17.387703776254043
14726,323,327,LAE,37.59264974416877
14727,323,340,LAE,17.23643642076446
14728,324,331,LAE,13.639191441302334
14729,324,326,LAE,1.923728974475292
14730,324,326,LAE,0.908943342584724
14731,324,326,LAE,1.6460715719703956
14732,324,326,LAE,3.664589816244594
14733,324,326,LAE,51.11476575723229
14734,324,339,LAE,46.27462471804202
14735,324,326,LAE,0.8966137728713973
14736,324,326,LAE,0.9524450260368601
14737,325,327,LAE,1.5546915373544403
14738,325,328,LAE,1.218768171686115
14739,325,332,LAE,18.80417514831497
14740,325,343,LAE,59.64367823309023
14741,325,327,LAE,1.3389579126961133
14742,325,326,LAE,1.5575744356839434
14743,325,326,LAE,8.98657730249599
14744,325,326,LAE,1.7341551913119637
14745,325,326,LAE,1.5036072018465936
14746,325,327,LAE,1.5746606656264366
14747,325,326,LAE,1.0077038060693004
14748,325,335,LAE,14.76688627700138
14749,325,328,LAE,38.09112112369255
14750,325,334,LAE,34.06272078913095
14751,325,326,LAE,1.7389563867736355
14752,325,327,LAE,0.863648897417347
14753,325,327,LAE,0.8512149906709948
14754,325,328,LAE,1.4079705685868744
14755,325,326,LAE,10.750839195655464
14756,325,326,LAE,16.645405326669746
14757,325,326,LAE,1.025641063025608
14758,325,326,LAE,3.263910240191623
14759,325,326,LAE,1.0647652234334661
14760,325,326,LAE,0.8666085126538922
14761,325,326,LAE,1.5194557714228605
14762,325,326,LAE,27.40954187392416
14763,325,326,LAE,0.9292800418862563
14764,325,331,LAE,13.164266790759504
14765,325,326,LAE,1.1532240434050234
14766,325,326,LAE,5.85336517901125
14767,325,326,LAE,0.8585216143110711
14768,325,337,LAE,35.61421516518288
14769,325,331,LAE,46.79860364585819
14770,323,327,LAE,7.202460609817086
14771,324,343,LAE,58.48078327513357
14772,324,330,LAE,7.361696183787371
14773,324,327,LAE,5.258662824055617
14774,324,327,LAE,52.31871157990987
14775,324,327,LAE,6.006609490296023
14776,324,332,LAE,13.99024192437809
14777,325,330,LAE,49.98383323309819
14778,325,327,LAE,46.862496617372386
14779,325,332,LAE,48.941909604048185
14780,325,327,LAE,0.9608852012243567
14781,325,335,LAE,5.751205696604481
14782,325,335,LAE,9.896554484872894
14783,325,331,LAE,3.50385715525454
14784,325,327,LAE,28.04949719832498
14785,326,327,LAE,10.28802576176184
14786,326,330,LAE,1.5478903074330297
14787,326,328,LAE,0.9318705029368126
14788,326,327,LAE,47.9717369277839
14789,326,327,LAE,0.8521664867661488
14790,326,328,LAE,1.6277061616631292
14791,326,330,LAE,1.438112132457997
14792,326,327,LAE,47.781052495058994
14793,326,327,LAE,0.9163131831446407
14794,326,327,LAE,0.8592446256407891
14795,326,328,LAE,1.0541880939848927
14796,326,327,LAE,0.9826555487329304
14797,326,327,LAE,16.93284056436438
14798,326,333,LAE,43.110063219618915
14799,326,327,LAE,1.1325561174245198
14800,326,334,LAE,34.65691194748539
14801,326,351,LAE,20.784371983493042
14802,326,327,LAE,0.9107253944211184
14803,326,331,LAE,46.03334935093638
14804,326,328,LAE,1.0233234660727564
14805,326,327,LAE,39.30237469303045
14806,326,327,LAE,15.752630181580372
14807,326,327,LAE,18.742504080866922
14808,326,328,LAE,1.5994396009072445
14809,326,328,LAE,14.748857527862738
14810,326,327,LAE,1.3961063346301257
14811,326,327,LAE,0.8391060428848524
14812,326,330,LAE,54.7639998887408
14813,326,332,LAE,13.612565667040402
14814,326,327,LAE,0.8107238325870074
14815,326,335,LAE,35.08482924741648
14816,326,332,LAE,37.04810896557854
14817,326,329,LAE,2.252667188476335
14818,326,333,LAE,55.98795198311544
14819,326,327,LAE,18.623582270629605
14820,326,329,LAE,32.45374081915275
14821,324,334,LAE,30.35984774169307
14822,325,331,LAE,15.879132943085331
14823,325,328,LAE,31.702474984819272
14824,325,334,LAE,24.097989365937945
14825,326,329,LAE,53.19567514872478
14826,326,328,LAE,14.007448204992912
14827,326,331,LAE,13.373279795965397
14828,326,328,LAE,25.38623088384482
14829,326,332,LAE,28.65245524320326
14830,326,342,LAE,15.92177677336207
14831,326,328,LAE,1.1016228131145176
14832,327,328,LAE,1.0584199639703156
14833,327,328,LAE,0.9524991699794072
14834,327,333,LAE,56.33536207701881
14835,327,328,LAE,0.8570098400646405
14836,327,328,LAE,0.8787318722386922
14837,327,328,LAE,1.684176884950703
14838,327,328,LAE,0.9778039161243178
14839,327,328,LAE,1.0504723980142583
14840,327,328,LAE,18.56706411097529
14841,327,328,LAE,0.8571242569602773
14842,327,342,LAE,21.5206977534215
14843,327,329,LAE,1.0304728274907897
14844,327,329,LAE,0.9912933217310498
14845,327,332,LAE,17.81263031947516
14846,327,335,LAE,26.53981020043071
14847,327,328,LAE,1.2788777057331284
14848,327,328,LAE,19.81636961903141
14849,327,328,LAE,15.65876974227904
14850,327,330,LAE,22.393395977708103
14851,327,348,LAE,17.857946132377588
14852,327,331,LAE,20.795202106225226
14853,327,331,LAE,14.17741176675046
14854,327,328,LAE,4.924353711108715
14855,327,334,LAE,40.93437848623132
14856,327,338,LAE,16.652490689594487
14857,327,331,LAE,18.058579383263485
14858,327,329,LAE,17.299064256954118
14859,327,328,LAE,17.693498801023352
14860,325,329,LAE,17.750322225842336
14861,325,329,LAE,35.11922040242237
14862,325,339,LAE,15.73750270759323
14863,326,334,LAE,5.004046163185236
14864,326,331,LAE,5.874219190711525
14865,326,331,LAE,5.856608407559923
14866,326,329,LAE,51.974301128079546
14867,326,329,LAE,25.862441544757434
14868,327,329,LAE,6.080177185691208
14869,327,333,LAE,51.33903095924173
14870,327,329,LAE,36.21525741537191
14871,327,338,LAE,18.203418656540382
14872,327,329,LAE,1.1201450975816454
14873,327,343,LAE,53.479860970975984
14874,327,335,LAE,3.8056237685782137
14875,327,331,LAE,4.054278121818567
14876,327,329,LAE,53.20476859835757
14877,327,329,LAE,44.559408707155846
14878,327,362,LAE,41.99597253290913
14879,327,334,LAE,36.47837606793651
14880,327,329,LAE,1.3345521940654483
14881,327,329,LAE,1.3120506135212098
14882,328,329,LAE,0.7539064351146701
14883,328,333,LAE,30.18586793157099
14884,328,329,LAE,1.008240763119505
14885,328,329,LAE,0.9859688957317554
14886,328,336,LAE,50.81714381522657
14887,328,329,LAE,5.362103671641105
14888,328,329,LAE,5.214229169359547
14889,328,332,LAE,5.304077291401636
14890,328,330,LAE,0.9065061667412644
14891,328,329,LAE,0.952596848981984
14892,328,332,LAE,16.415313761189992
14893,328,329,LAE,1.08309518908021
14894,328,329,LAE,0.8525044886537216
14895,328,330,LAE,42.995119543710246
14896,328,329,LAE,1.0284967024282317
14897,328,329,LAE,1.094731790329676
14898,328,332,LAE,1.4687373572593536
14899,328,329,LAE,1.4183412266583135
14900,328,329,LAE,0.8377993146631977
14901,328,329,LAE,23.820140907184584
14902,328,331,LAE,1.0792925425800066
14903,328,341,LAE,5.764979000202454
14904,328,331,LAE,17.713191688380572
14905,328,338,LAE,19.280860856386862
14906,328,329,LAE,0.9081157378085445
14907,328,331,LAE,5.577023496880902
14908,328,331,LAE,3.226515998569504
14909,328,332,LAE,17.18650256589018
14910,328,347,LAE,4.920691466423018
14911,328,329,LAE,40.54583036860841
14912,328,336,LAE,34.547232817176344
14913,328,333,LAE,16.710811106433777
14914,328,332,LAE,21.233433438969005
14915,326,330,LAE,54.475282492191184
14916,326,330,LAE,46.53267425965602
14917,327,330,LAE,35.43324700481287
14918,328,333,LAE,25.88079534321071
14919,328,332,LAE,48.39611362244225
14920,328,332,LAE,4.8414707245216
14921,328,342,LAE,56.94360504358688
14922,328,341,LAE,27.650761525380812
14923,328,333,LAE,16.37940945555066
14924,328,330,LAE,50.936113813370895
14925,328,332,LAE,47.14667691462544
14926,328,330,LAE,12.602890532052202
14927,328,331,LAE,51.95977938654356
14928,328,330,LAE,30.84205441079559
14929,328,330,LAE,24.79879480640262
14930,329,332,LAE,1.1907077747928672
14931,329,330,LAE,0.9074777247593017
14932,329,330,LAE,57.626040163467145
14933,329,330,LAE,12.286913881179995
14934,329,330,LAE,4.695928962899822
14935,329,330,LAE,19.189103077268733
14936,329,343,LAE,40.83155611827564
14937,329,331,LAE,47.13114597408086
14938,329,331,LAE,36.447305743762726
14939,329,331,LAE,1.6474525336762325
14940,329,330,LAE,0.7692971225711651
14941,329,330,LAE,0.7673499950545599
14942,329,330,LAE,9.433709096583707
14943,329,330,LAE,0.8265290050452584
14944,329,331,LAE,5.506038755465571
14945,329,330,LAE,0.8918779979172674
14946,329,334,LAE,5.434891572357686
14947,329,332,LAE,16.319778673931186
14948,329,342,LAE,20.7924850882218
14949,329,331,LAE,2.6699012686666204
14950,329,330,LAE,0.765002268382589
14951,329,332,LAE,15.23614313346293
14952,329,330,LAE,0.9412280391113585
14953,329,330,LAE,0.8454152450753379
14954,329,334,LAE,6.134008379322012
14955,329,330,LAE,0.9281194733892222
14956,329,333,LAE,5.216097657985826
14957,329,384,LAE,41.275094269189985
14958,329,330,LAE,19.81025249303374
14959,329,330,LAE,0.7934960991689072
14960,329,330,LAE,1.3256606426258688
14961,329,330,LAE,1.0733411798467427
14962,329,330,LAE,4.854582364878296
14963,329,332,LAE,1.7842244136035954
14964,329,330,LAE,13.837369675880204
14965,329,330,LAE,0.7589632826158448
14966,329,330,LAE,0.745016824822747
14967,329,331,LAE,29.58359095047202
14968,329,344,LAE,26.467242303602525
14969,327,331,LAE,24.56593121358601
14970,327,331,LAE,57.95190361062707
14971,328,334,LAE,56.69993326372441
14972,328,331,LAE,13.555151815677327
14973,328,334,LAE,22.882904567583303
14974,328,331,LAE,14.195036097226438
14975,328,345,LAE,19.077015843525675
14976,329,341,LAE,10.162266560943909
14977,329,333,LAE,5.135270118451902
14978,329,331,LAE,2.2405606868297787
14979,329,332,LAE,22.869128346426024
14980,329,335,LAE,5.137721187277908
14981,329,332,LAE,33.645966635583314
14982,329,335,LAE,34.25956524121296
14983,329,331,LAE,51.75945544140233
14984,330,332,LAE,2.344385671608614
14985,330,332,LAE,1.152432105243454
14986,330,331,LAE,0.7532340625010046
14987,330,331,LAE,0.8349104671900568
14988,330,332,LAE,1.2508376711660982
14989,330,331,LAE,1.1837397386073585
14990,330,334,LAE,12.772111417528071
14991,330,332,LAE,0.9400422548480355
14992,330,342,LAE,50.00725381942578
14993,330,333,LAE,1.3082918890364088
14994,330,331,LAE,2.3272188490799635
14995,330,331,LAE,0.8351364744990352
14996,330,331,LAE,0.8523124801558681
14997,330,361,LAE,59.517445829848825
14998,330,332,LAE,5.215332337439883
14999,330,332,LAE,1.3341969525574022
15000,330,334,LAE,5.225809522915305
15001,330,331,LAE,0.7528542284068587
15002,330,331,LAE,0.9892040235254742
15003,330,331,LAE,1.1947022065687198
15004,330,336,LAE,3.5352424562704647
15005,330,346,LAE,22.998665226114642
15006,330,332,LAE,1.995201856083418
15007,330,333,LAE,1.2851763858833973
15008,330,331,LAE,31.80569099111577
15009,330,333,LAE,1.971725674092249
15010,330,337,LAE,1.9778426590732319
15011,330,332,LAE,44.61827498592825
15012,330,331,LAE,41.83047202326549
15013,330,344,LAE,4.909135101436512
15014,330,331,LAE,2.5294006053898577
15015,328,337,LAE,4.6286905749505145
15016,328,333,LAE,16.965609196258495
15017,328,333,LAE,50.002445923973525
15018,329,333,LAE,39.98033782002089
15019,329,347,LAE,46.315055852815355
15020,329,334,LAE,5.88029404082004
15021,329,341,LAE,20.65225775395265
15022,329,335,LAE,25.773382949530742
15023,329,339,LAE,13.56287453294567
15024,330,335,LAE,33.316160153852394
15025,330,336,LAE,34.24065756540789
15026,330,339,LAE,27.91538122517517
15027,330,332,LAE,25.667000275496267
15028,330,332,LAE,1.3694420670499052
15029,330,332,LAE,1.440455855546637
15030,330,333,LAE,5.3663258766447814
15031,331,332,LAE,0.7496649256222674
15032,331,333,LAE,1.232218778331816
15033,331,332,LAE,0.7813234571835935
15034,331,336,LAE,1.8748599871131506
15035,331,332,LAE,1.0437189446756958
15036,331,332,LAE,8.664886242443762
15037,331,332,LAE,8.688197681847358
15038,331,332,LAE,1.1934411406996837
15039,331,334,LAE,1.119874365227875
15040,331,338,LAE,43.85252654512164
15041,331,336,LAE,5.255687143547892
15042,331,333,LAE,2.24433336846788
15043,331,332,LAE,0.7423660765007135
15044,331,346,LAE,18.657071461067996
15045,331,339,LAE,15.921287377461091
15046,331,332,LAE,0.8914770525233896
15047,331,345,LAE,14.456595727965215
15048,331,332,LAE,4.641574914320116
15049,331,332,LAE,0.8092671377593625
15050,331,332,LAE,1.0407451053496357
15051,331,332,LAE,10.125595700071752
15052,331,332,LAE,0.8030954926984969
15053,331,335,LAE,1.3317110842354196
15054,331,336,LAE,9.01115487764264
15055,331,332,LAE,16.822005704245257
15056,331,333,LAE,1.1472658025004936
15057,331,336,LAE,2.0042478807184416
15058,331,332,LAE,50.79221319251854
15059,331,332,LAE,2.3536094791377775
15060,331,333,LAE,1.0870168639938889
15061,331,332,LAE,0.7590268567907239
15062,331,333,LAE,0.9470469259551144
15063,331,335,LAE,1.3563852760605604
15064,331,336,LAE,3.777137681222343
15065,331,332,LAE,1.5765454386779332
15066,331,353,LAE,49.64650491125776
15067,331,332,LAE,13.852459563457755
15068,331,332,LAE,1.0052788576566
15069,331,332,LAE,4.135917238910289
15070,329,339,LAE,21.13232132060262
15071,329,334,LAE,28.484954755312845
15072,329,343,LAE,53.44049390500653
15073,329,333,LAE,2.541508513792419
15074,329,334,LAE,13.17116378269271
15075,329,339,LAE,41.753517479510684
15076,330,333,LAE,9.856009044184496
15077,330,334,LAE,4.834508082475629
15078,330,334,LAE,58.55574714968081
15079,330,333,LAE,21.333787507988223
15080,330,333,LAE,1.7682960899474343
15081,331,333,LAE,1.80524584947159
15082,331,333,LAE,16.569191958174567
15083,331,341,LAE,28.723016440874346
15084,331,336,LAE,47.0790478223562
15085,331,333,LAE,14.81390787589224
15086,331,333,LAE,49.275088691025765
15087,331,336,LAE,11.260008795768874
15088,331,333,LAE,54.11603170051674
15089,331,333,LAE,1.02971389739947
15090,332,334,LAE,3.9712374786967293
15091,332,333,LAE,1.039791590050247
15092,332,333,LAE,1.0598971578908098
15093,332,337,LAE,1.5001182200184755
15094,332,333,LAE,1.5945636695359124
15095,332,333,LAE,7.957576546045283
15096,332,334,LAE,0.9012763373411092
15097,332,333,LAE,16.589358472812975
15098,332,333,LAE,19.507329712550582
15099,332,333,LAE,51.76341870181128
15100,332,333,LAE,1.304485685371274
15101,332,335,LAE,5.1058980931326605
15102,332,360,LAE,40.08454845647482
15103,332,334,LAE,21.138351557244363
15104,332,333,LAE,1.1357027434586957
15105,332,333,LAE,1.7909419163115328
15106,332,333,LAE,1.0277656256119279
15107,332,333,LAE,35.15953311027951
15108,332,334,LAE,1.6762406836929018
15109,332,333,LAE,0.8314062410476746
15110,332,333,LAE,10.468409269989285
15111,332,333,LAE,3.871274761690698
15112,332,333,LAE,1.438755801522001
15113,332,341,LAE,4.057376156523922
15114,332,333,LAE,1.2847572584652485
15115,332,333,LAE,0.8653529479654098
15116,330,341,LAE,23.937472881628715
15117,330,334,LAE,5.770103748802576
15118,331,346,LAE,23.7789219866455
15119,332,335,LAE,4.6564420137564575
15120,332,339,LAE,25.813730724518727
15121,332,345,LAE,3.615755115071504
15122,332,334,LAE,14.78924171656439
15123,332,334,LAE,33.36121281362725
15124,332,334,LAE,1.5214149485394006
15125,332,340,LAE,15.46981858115184
15126,332,334,LAE,27.712906879596176
15127,332,334,LAE,1.1935889286651609
15128,332,334,LAE,13.7518930603056
15129,332,336,LAE,1.992042251401123
15130,333,338,LAE,15.377506342421142
15131,333,334,LAE,1.4649108156787187
15132,333,342,LAE,16.60234731184467
15133,333,335,LAE,0.9495109313374015
15134,333,342,LAE,3.4029527727198916
15135,333,335,LAE,1.2183838020956688
15136,333,338,LAE,1.4657217469954062
15137,333,337,LAE,1.0248136071237903
15138,333,334,LAE,2.6926246460838974
15139,333,335,LAE,4.891360513858555
15140,333,339,LAE,7.308726413691561
15141,333,334,LAE,1.3938005988680326
15142,333,334,LAE,4.211805205641277
15143,333,352,LAE,16.429600860109936
15144,333,334,LAE,0.8326540252834218
15145,333,337,LAE,5.334241237930264
15146,333,339,LAE,8.347688184727375
15147,333,334,LAE,41.90632685419316
15148,333,344,LAE,15.809947765874778
15149,333,336,LAE,1.3460911401219517
15150,333,334,LAE,31.724655489359876
15151,333,337,LAE,47.22603167772075
15152,333,334,LAE,1.21972797843736
15153,333,335,LAE,0.9979435289818099
15154,333,334,LAE,19.94545585639854
15155,332,344,LAE,5.445894132367997
15156,332,335,LAE,39.804949742844286
15157,333,366,LAE,34.43328895849024
15158,333,341,LAE,2.4819522864057095
15159,333,340,LAE,3.818808633859995
15160,334,335,LAE,0.8572951897345064
15161,334,335,LAE,0.9514887929467207
15162,334,336,LAE,1.9552230537735666
15163,334,335,LAE,0.8386266011135047
15164,334,339,LAE,52.022592926361106
15165,334,335,LAE,0.9269190865573274
15166,334,337,LAE,1.1117172543163827
15167,334,335,LAE,0.7946615993162452
15168,334,337,LAE,1.342701259276901
15169,334,337,LAE,52.38368819737263
15170,334,335,LAE,2.890473739552479
15171,334,335,LAE,46.78574140823039
15172,334,335,LAE,1.1743310295262577
15173,334,338,LAE,1.2378774741338956
15174,334,337,LAE,11.30820378503548
15175,334,335,LAE,1.117764343438487
15176,334,337,LAE,56.03316588689017
15177,334,335,LAE,12.174174156643879
15178,334,335,LAE,1.0081149821684865
15179,334,335,LAE,1.423536957498424
15180,334,338,LAE,16.227314913320303
15181,334,348,LAE,9.452915571193776
15182,334,335,LAE,0.8496801461369102
15183,334,335,LAE,1.1445759447858663
15184,334,335,LAE,1.2735237080955628
15185,334,335,LAE,5.228190681899168
15186,334,338,LAE,11.791750126641446
15187,334,335,LAE,0.9764806865008103
15188,334,335,LAE,0.8333460609299728
15189,334,335,LAE,0.8036276339372945
15190,334,336,LAE,1.0049930198623285
15191,334,335,LAE,3.561896709610204
15192,334,335,LAE,1.0693457304295224
15193,334,340,LAE,13.306049660079859
15194,334,336,LAE,36.25071043339063
15195,334,337,LAE,1.4823197165441282
15196,332,341,LAE,55.448542344502265
15197,333,337,LAE,45.55248249896131
15198,333,426,LAE,33.94722850417437
15199,333,336,LAE,35.46501050985027
15200,333,343,LAE,38.83910703130416
15201,333,337,LAE,30.853574250354093
15202,334,340,LAE,30.677003279854407
15203,334,336,LAE,14.643781456678296
15204,334,346,LAE,40.3650349047042
15205,334,336,LAE,32.86584042620066
15206,334,336,LAE,12.141921507478429
15207,334,336,LAE,1.0169670871313028
15208,334,336,LAE,18.22754502120072
15209,334,336,LAE,3.3507392620966305
15210,334,336,LAE,5.610119170758663
15211,334,340,LAE,9.292986105297107
15212,335,338,LAE,1.0997282549481697
15213,335,339,LAE,2.552545490825416
15214,335,336,LAE,0.9347338090810872
15215,335,339,LAE,1.2124249250788846
15216,335,336,LAE,1.0878277144055812
15217,335,337,LAE,4.579291008356371
15218,335,336,LAE,0.8166542000499647
15219,335,354,LAE,51.864694831613164
15220,335,336,LAE,1.0359730348833283
15221,335,336,LAE,1.0575430561573227
15222,335,337,LAE,54.44516013980476
15223,335,337,LAE,8.951903738341851
15224,335,336,LAE,2.2420588611832306
15225,335,338,LAE,1.0768904001580237
15226,335,336,LAE,0.8585451760558287
15227,335,339,LAE,16.48418569881279
15228,335,336,LAE,0.8739704347885401
15229,335,336,LAE,5.007028683065194
15230,335,337,LAE,1.1801913877672479
15231,335,336,LAE,1.0513587535216238
15232,335,336,LAE,0.7789950816046287
15233,335,336,LAE,1.004971587168497
15234,335,339,LAE,58.83148016258971
15235,335,338,LAE,5.264940153149267
15236,335,336,LAE,15.037427391142176
15237,335,337,LAE,1.3276158199627812
15238,335,343,LAE,10.023509624025944
15239,335,347,LAE,9.429570321067354
15240,335,336,LAE,0.9052366788085829
15241,335,337,LAE,3.711047109313118
15242,335,339,LAE,15.01941024645046
15243,335,336,LAE,0.86886352052959
15244,335,336,LAE,1.0076311837805587
15245,335,336,LAE,1.1671288209161683
15246,335,336,LAE,5.052672257699499
15247,335,338,LAE,1.6664043346705792
15248,335,336,LAE,0.8324330600321688
15249,335,338,LAE,1.688805412321451
15250,335,336,LAE,4.610809343643781
15251,335,339,LAE,1.4815326107749338
15252,335,336,LAE,0.934818716008508
15253,335,336,LAE,1.0853464964658208
15254,335,343,LAE,34.15077791118662
15255,335,336,LAE,1.0647051311738462
15256,335,336,LAE,8.842376622489729
15257,335,336,LAE,1.0240636422439373
15258,335,336,LAE,0.8725107354597743
15259,335,338,LAE,1.0065693944255252
15260,333,339,LAE,35.69348531949921
15261,334,367,LAE,59.60561902729571
15262,334,338,LAE,21.845498322885735
15263,334,337,LAE,20.451665980634836
15264,335,337,LAE,0.9432938606722719
15265,335,338,LAE,1.0829989724471834
15266,335,337,LAE,1.1058891355992322
15267,335,337,LAE,1.130749530012627
15268,335,337,LAE,2.0234213605306186
15269,335,337,LAE,0.96193095417401
15270,335,339,LAE,5.6033620695022615
15271,335,338,LAE,36.388939971156766
15272,335,339,LAE,1.8237638085913488
15273,335,337,LAE,0.9468481934233254
15274,336,337,LAE,0.8144283138551084
15275,336,337,LAE,1.1550962775533744
15276,336,337,LAE,30.794748586439994
15277,336,337,LAE,0.8140814553354201
15278,336,347,LAE,51.75869071693383
15279,336,350,LAE,39.73295621852927
15280,336,338,LAE,1.0473770093766783
15281,336,337,LAE,0.8066344976013706
15282,336,337,LAE,0.8298653346787076
15283,336,338,LAE,13.043807112296964
15284,336,337,LAE,0.9481985279738925
15285,336,337,LAE,18.965486445661686
15286,336,337,LAE,0.8374582949157224
15287,336,338,LAE,0.974509024496962
15288,336,337,LAE,1.1954056537139728
15289,336,359,LAE,38.219593729944194
15290,336,340,LAE,1.9322414104156964
15291,336,337,LAE,1.0118891030234445
15292,336,337,LAE,0.9930563300576385
15293,336,338,LAE,1.5340571513413392
15294,336,337,LAE,1.0395005289563264
15295,336,339,LAE,1.043701851770447
15296,336,340,LAE,30.58879222178343
15297,336,337,LAE,0.8173093036027042
15298,336,341,LAE,15.750962716769472
15299,336,337,LAE,5.448510211488907
15300,336,337,LAE,33.472098505620934
15301,336,344,LAE,27.822456372978646
15302,336,342,LAE,1.9070464808563992
15303,336,341,LAE,3.274569137083917
15304,336,339,LAE,4.664973626862347
15305,334,338,LAE,20.121708773238684
15306,334,338,LAE,17.58299148847923
15307,335,340,LAE,30.923179745059667
15308,335,338,LAE,48.045903889388924
15309,336,338,LAE,47.478582031662754
15310,336,343,LAE,8.832230549808571
15311,336,341,LAE,15.191968354376094
15312,336,340,LAE,1.8943188729058469
15313,336,339,LAE,30.363494671089494
15314,336,339,LAE,18.806492641962464
15315,336,341,LAE,24.147457556714205
15316,336,350,LAE,36.46412056829675
15317,337,344,LAE,1.9650145041070717
15318,337,338,LAE,0.8769398236645012
15319,337,341,LAE,1.8396620605666278
15320,337,340,LAE,16.15708749716939
15321,337,345,LAE,23.1473674498752
15322,337,338,LAE,0.8338441261130842
15323,337,341,LAE,57.23391096034559
15324,337,338,LAE,1.3391031773559319
15325,337,344,LAE,2.0819526911248922
15326,337,344,LAE,34.15264279161908
15327,337,338,LAE,1.0758566407397845
15328,337,338,LAE,41.94631886583248
15329,337,341,LAE,5.0106137078095205
15330,337,338,LAE,0.7332249173847754
15331,337,338,LAE,59.53078024992752
15332,337,338,LAE,0.8431732895400996
15333,337,346,LAE,33.11942250328772
15334,337,338,LAE,0.7116787587822836
15335,337,376,LAE,36.38918585755736
15336,337,338,LAE,0.7984484994274665
15337,337,341,LAE,1.899703101995481
15338,337,338,LAE,4.725152406736608
15339,337,347,LAE,34.860644413484884
15340,337,338,LAE,5.662997896145959
15341,337,340,LAE,1.1265033681089405
15342,337,338,LAE,1.1028843456634805
15343,337,338,LAE,1.355433862218373
15344,337,342,LAE,54.38113324856037
15345,337,338,LAE,0.8301397362172063
15346,337,338,LAE,8.169306018338183
15347,337,339,LAE,19.187422922636415
15348,337,354,LAE,15.139215556205185
15349,337,343,LAE,17.99685147750353
15350,335,343,LAE,25.23206313177144
15351,335,339,LAE,17.338595214243636
15352,336,345,LAE,53.54118903872071
15353,336,342,LAE,36.784666427307876
15354,337,351,LAE,16.226602338970498
15355,337,342,LAE,2.5897693381955236
15356,337,339,LAE,14.74730497130972
15357,337,341,LAE,2.0779235695804217
15358,337,339,LAE,45.88428497892466
15359,337,339,LAE,1.4123630641019638
15360,337,352,LAE,11.881050774792136
15361,338,340,LAE,33.33969798644946
15362,338,339,LAE,0.8880821425790714
15363,338,341,LAE,1.0386193270666846
15364,338,341,LAE,45.1581324911761
15365,338,345,LAE,3.5256894428220473
15366,338,339,LAE,0.9725729422572225
15367,338,347,LAE,18.95814391654747
15368,338,340,LAE,1.586609703443421
15369,338,340,LAE,0.8963455394582199
15370,338,341,LAE,1.5201532255746275
15371,338,340,LAE,2.200217319968075
15372,338,348,LAE,28.005961724494522
15373,338,341,LAE,52.16123769234015
15374,338,345,LAE,18.549013581153808
15375,338,339,LAE,16.648245180675232
15376,338,339,LAE,23.200164157819437
15377,338,339,LAE,0.7354216227219401
15378,338,340,LAE,0.9804642647153826
15379,338,339,LAE,0.7595706021424402
15380,338,347,LAE,21.618767730402286
15381,338,340,LAE,1.263684913404267
15382,338,339,LAE,0.7199998994189595
15383,338,344,LAE,4.437827901861575
15384,338,344,LAE,2.376638749221329
15385,338,344,LAE,1.9981060685520962
15386,338,339,LAE,0.7724375446992028
15387,338,363,LAE,31.45065291169295
15388,338,341,LAE,21.748104797650953
15389,338,339,LAE,0.7996356216338182
15390,338,339,LAE,18.494255430429828
15391,338,347,LAE,50.21203694610004
15392,336,340,LAE,3.0272205781218506
15393,336,349,LAE,31.28375348808745
15394,337,347,LAE,21.408821496277078
15395,337,340,LAE,41.49645877399319
15396,338,340,LAE,0.9966021835218721
15397,338,344,LAE,5.305424544735246
15398,338,341,LAE,2.454389082782765
15399,338,340,LAE,55.51582903440066
15400,338,340,LAE,35.7750429157459
15401,338,340,LAE,1.60072872198734
15402,338,340,LAE,2.9937736691145287
15403,338,340,LAE,17.44985688125918
15404,338,340,LAE,46.60080940272847
15405,338,351,LAE,21.58249189456644
15406,338,340,LAE,16.424016914933528
15407,338,349,LAE,8.127904307695555
15408,338,343,LAE,31.28639422792941
15409,338,342,LAE,38.28487384682804
15410,339,340,LAE,0.8109749284138126
15411,339,342,LAE,1.8225286608517204
15412,339,340,LAE,54.265540601234825
15413,339,350,LAE,34.15053590470288
15414,339,343,LAE,1.5762828505694624
15415,339,340,LAE,4.3382429458271625
15416,339,340,LAE,29.881183340616627
15417,339,343,LAE,1.9078462757519612
15418,339,340,LAE,0.9376989754076802
15419,339,341,LAE,1.178881982511328
15420,339,346,LAE,18.69709591635795
15421,339,361,LAE,46.950267562963774
15422,339,340,LAE,0.7045381589358267
15423,339,340,LAE,0.9221849566387632
15424,339,348,LAE,26.480502438531385
15425,339,340,LAE,0.9340270824832809
15426,339,343,LAE,58.96902985780011
15427,339,340,LAE,1.0951993664440858
15428,339,341,LAE,1.4732960829647164
15429,339,352,LAE,40.930016852471944
15430,339,342,LAE,1.5714496419823885
15431,339,342,LAE,20.056787079887318
15432,339,340,LAE,0.8879219816780789
15433,339,346,LAE,27.24176562300198
15434,339,340,LAE,0.7962445927245375
15435,339,341,LAE,1.4907447010854555
15436,339,345,LAE,24.20946104153367
15437,339,340,LAE,2.4007162531646893
15438,338,341,LAE,14.821459646305135
15439,338,341,LAE,46.16638579961246
15440,338,341,LAE,31.57761394102019
15441,338,347,LAE,4.900748746448369
15442,339,345,LAE,1.8704610771698027
15443,339,346,LAE,14.91217300995479
15444,339,341,LAE,4.08970033669299
15445,339,341,LAE,5.446423748582732
15446,339,355,LAE,28.784421016510077
15447,339,341,LAE,27.781035103310654
15448,339,342,LAE,39.19502817939969
15449,339,342,LAE,1.1071772816442058
15450,339,343,LAE,7.927183751171401
15451,339,344,LAE,1.9321324630012373
15452,340,342,LAE,0.9467412351850206
15453,340,341,LAE,3.573983785952888
15454,340,341,LAE,0.9187949419908058
15455,340,341,LAE,19.929200164385847
15456,340,341,LAE,0.7215902907246635
15457,340,342,LAE,19.099546962765064
15458,340,341,LAE,3.761678159549314
15459,340,342,LAE,1.6583420560209396
15460,340,350,LAE,4.128848084296118
15461,340,341,LAE,0.8101817798801555
15462,340,341,LAE,1.9493289101450195
15463,340,342,LAE,1.9655247173628416
15464,340,341,LAE,1.0598233060083284
15465,340,344,LAE,46.2510847863206
15466,340,341,LAE,1.3599906786608755
15467,340,345,LAE,2.0237549266916774
15468,340,345,LAE,17.31028977948475
15469,340,342,LAE,4.064425526693878
15470,340,341,LAE,0.8113321429838842
15471,340,362,LAE,7.502324675528905
15472,340,345,LAE,2.2220597500987966
15473,340,347,LAE,29.10001137836657
15474,340,341,LAE,50.05481598777631
15475,340,345,LAE,1.6383721832352418
15476,340,342,LAE,1.8653663677408072
15477,340,342,LAE,0.9386359084740369
15478,340,341,LAE,8.501190136151862
15479,340,344,LAE,2.691475384336835
15480,340,341,LAE,2.9669135571746077
15481,340,342,LAE,1.623305866576397
15482,340,344,LAE,2.206726532740335
15483,340,342,LAE,1.2299413528103962
15484,340,342,LAE,1.7461999748889063
15485,340,341,LAE,10.61235786482143
15486,338,348,LAE,50.42745612027783
15487,339,342,LAE,1.8193337222356214
15488,339,342,LAE,59.70733972763973
15489,340,349,LAE,55.95627592773212
15490,340,342,LAE,1.9349261348431541
15491,340,344,LAE,1.9914513078309386
15492,340,342,LAE,48.57634498139824
15493,340,349,LAE,10.591487205208486
15494,340,342,LAE,44.417442217476726
15495,340,350,LAE,32.34150467912893
15496,340,343,LAE,8.675252901486008
15497,340,345,LAE,57.84927220988537
15498,340,343,LAE,10.48128866806416
15499,340,342,LAE,16.38586512324389
15500,341,344,LAE,8.755686476304264
15501,341,344,LAE,2.1060235641651155
15502,341,342,LAE,1.2993251154550196
15503,341,342,LAE,34.61436344269039
15504,341,342,LAE,4.255469450135502
15505,341,342,LAE,0.9931451048174119
15506,341,342,LAE,7.189682775919672
15507,341,342,LAE,0.8135084962389854
15508,341,342,LAE,1.6363583815422995
15509,341,342,LAE,1.0786987397870242
15510,341,342,LAE,14.954330739312013
15511,341,347,LAE,34.50072475762529
15512,341,342,LAE,1.3080806055615488
15513,341,342,LAE,0.9296129175806319
15514,341,342,LAE,1.7502488721484453
15515,341,342,LAE,0.8440322707231113
15516,341,343,LAE,7.733051544789338
15517,341,342,LAE,1.759903707217579
15518,341,342,LAE,3.3680680110780927
15519,341,356,LAE,11.187704842693275
15520,341,355,LAE,16.42416153330937
15521,341,344,LAE,1.4508635221795314
15522,341,342,LAE,1.0451044991192833
15523,341,342,LAE,21.190606646753444
15524,341,342,LAE,0.9175864192055663
15525,341,342,LAE,0.9390434835375059
15526,339,343,LAE,2.086951737767547
15527,339,343,LAE,38.484510397483554
15528,339,343,LAE,49.165128526374914
15529,340,343,LAE,2.5633936725206166
15530,340,343,LAE,58.04192242857096
15531,340,350,LAE,7.443082334106587
15532,340,343,LAE,8.97244985139826
15533,341,343,LAE,4.7706726152666254
15534,341,344,LAE,35.065129003144726
15535,341,343,LAE,48.92232852181322
15536,341,343,LAE,1.6984692682633937
15537,341,350,LAE,26.404787797242538
15538,341,345,LAE,44.92915988711903
15539,341,350,LAE,47.584837540923004
15540,341,343,LAE,2.9985209438333844
15541,341,349,LAE,13.746533717992628
15542,341,343,LAE,1.3330127824757965
15543,341,358,LAE,17.831682300029627
15544,341,344,LAE,1.4975248581322367
15545,341,343,LAE,2.5154955413896776
15546,342,344,LAE,1.4736131842424134
15547,342,348,LAE,42.560343319447085
15548,342,346,LAE,22.766205104812627
15549,342,368,LAE,27.015822497371683
15550,342,346,LAE,31.760184653087748
15551,342,343,LAE,1.0235496070174732
15552,342,356,LAE,39.84557283899341
15553,342,345,LAE,1.7439819268305254
15554,342,343,LAE,1.9231012510698628
15555,342,343,LAE,1.199909620794876
15556,342,347,LAE,1.8639148146284152
15557,342,343,LAE,1.1396641846347475
15558,342,345,LAE,1.2179940980400212
15559,342,343,LAE,0.9296656844683064
15560,342,343,LAE,1.2954552914583803
15561,342,355,LAE,15.053812626545486
15562,342,343,LAE,0.8579614334442937
15563,342,343,LAE,36.705911951923014
15564,342,346,LAE,33.556969789719844
15565,342,344,LAE,0.9789417528795762
15566,342,343,LAE,28.375914423192942
15567,342,343,LAE,2.1530114463349084
15568,342,343,LAE,0.9915817859978389
15569,342,346,LAE,10.09545951768624
15570,342,352,LAE,11.856468673513543
15571,342,343,LAE,0.8827657196148838
15572,342,345,LAE,1.5341348066867777
15573,342,348,LAE,1.9022939980632558
15574,342,343,LAE,1.3091842304091874
15575,342,343,LAE,0.7823221020536862
15576,342,343,LAE,1.308362366575052
15577,342,344,LAE,1.513998674974494
15578,342,344,LAE,2.9641966223119884
15579,342,343,LAE,1.9213977844624663
15580,342,348,LAE,17.356240304822045
15581,342,343,LAE,1.0257489868742973
15582,342,345,LAE,2.087955583906625
15583,342,343,LAE,1.169675189227726
15584,340,344,LAE,23.37668423826644
15585,341,346,LAE,54.178244900130494
15586,342,344,LAE,9.386734006178024
15587,342,344,LAE,42.01977471368004
15588,342,344,LAE,7.506060593823738
15589,342,347,LAE,4.035529552175564
15590,342,345,LAE,55.18801229115352
15591,343,344,LAE,0.7411539405423674
15592,343,344,LAE,1.8384854695109574
15593,343,373,LAE,32.224938814481604
15594,343,344,LAE,7.818851912883528
15595,343,345,LAE,1.1341923065387998
15596,343,344,LAE,23.151738204909634
15597,343,344,LAE,0.8925249251394948
15598,343,344,LAE,2.565053182111056
15599,343,350,LAE,13.537395400731302
15600,343,344,LAE,1.447587850283931
15601,343,344,LAE,1.2511037366578366
15602,343,345,LAE,0.9337309085138381
15603,343,344,LAE,45.00856401926768
15604,343,352,LAE,2.9364843355919494
15605,343,344,LAE,0.7974603222921485
15606,343,344,LAE,0.9887639629783538
15607,343,345,LAE,1.3692030703327895
15608,343,347,LAE,1.2298749816978387
15609,343,344,LAE,4.279091097576063
15610,343,349,LAE,4.683582556281891
15611,343,344,LAE,1.0392218914578566
15612,343,344,LAE,0.9577078365501003
15613,343,344,LAE,38.94917885217233
15614,343,344,LAE,1.4370897615205318
15615,343,344,LAE,1.4636631774275892
15616,343,344,LAE,0.7271958423650382
15617,343,344,LAE,0.7753462325396031
15618,343,344,LAE,0.9764127886891327
15619,343,345,LAE,2.000242824028468
15620,343,345,LAE,30.085123954303302
15621,343,344,LAE,0.8114995688846574
15622,343,346,LAE,3.794838260396697
15623,343,349,LAE,2.7049756165435035
15624,343,347,LAE,1.1780610520699422
15625,343,344,LAE,0.7180286976915217
15626,343,345,LAE,1.3427471297476967
15627,343,353,LAE,2.5419282322185377
15628,343,345,LAE,29.33548077989919
15629,343,348,LAE,35.94680567690319
15630,343,344,LAE,0.7259572064962279
15631,341,345,LAE,30.574309828197286
15632,341,345,LAE,33.86807936855945
15633,341,345,LAE,36.72440281806617
15634,341,352,LAE,22.417829136500707
15635,342,346,LAE,1.688286448073622
15636,342,345,LAE,16.590341975719525
15637,342,345,LAE,1.8950596799009178
15638,343,346,LAE,36.53004435767166
15639,343,345,LAE,2.7647923619793593
15640,343,349,LAE,35.48480874118618
15641,343,348,LAE,2.2644410578010117
15642,343,347,LAE,44.018435462935784
15643,343,349,LAE,2.0448940939302727
15644,343,362,LAE,36.52718379603326
15645,343,345,LAE,2.010892864730469
15646,343,345,LAE,25.19132287658574
15647,344,347,LAE,1.2955501855509173
15648,344,345,LAE,1.448688175085041
15649,344,347,LAE,38.02265179201283
15650,344,345,LAE,1.9497259973547572
15651,344,345,LAE,3.6523577493919945
15652,344,345,LAE,45.334707531682064
15653,344,345,LAE,1.1933954765725476
15654,344,345,LAE,0.8142030606232942
15655,344,347,LAE,30.307443018632412
15656,344,345,LAE,34.07180485433072
15657,344,345,LAE,1.0370450160558555
15658,344,349,LAE,22.28060299007327
15659,344,352,LAE,34.958429491610616
15660,344,361,LAE,53.40352154514994
15661,344,345,LAE,4.365234819323174
15662,344,350,LAE,30.032782152918678
15663,344,345,LAE,55.46018498103284
15664,344,352,LAE,13.963193599935039
15665,344,349,LAE,2.5592767860039043
15666,344,345,LAE,0.9485884415031636
15667,344,346,LAE,0.9313283134045536
15668,344,349,LAE,4.67395874488859
15669,344,345,LAE,0.9440873798580184
15670,344,345,LAE,0.8353464308415738
15671,344,345,LAE,33.715361782373385
15672,344,345,LAE,1.123654292552803
15673,344,346,LAE,49.54918740251592
15674,344,345,LAE,50.229697805399034
15675,344,345,LAE,1.9483958798584755
15676,344,345,LAE,0.8487056480443601
15677,344,345,LAE,0.8403217774121181
15678,344,351,LAE,13.840396403607107
15679,344,345,LAE,53.859206895147366
15680,344,349,LAE,58.895725154949794
15681,344,345,LAE,1.342018501212582
15682,344,350,LAE,2.0642869151698173
15683,344,345,LAE,1.0153866796545477
15684,344,355,LAE,8.708550787663103
15685,342,348,LAE,30.755936079488485
15686,343,346,LAE,32.002933371337484
15687,343,347,LAE,56.23129916905115
15688,343,365,LAE,16.240311127142316
15689,343,351,LAE,24.685815602139815
15690,344,351,LAE,29.16866599998387
15691,344,348,LAE,1.9700437053539412
15692,344,348,LAE,22.09133240735296
15693,344,346,LAE,20.96697252003278
15694,344,348,LAE,1.9352655975494155
15695,344,347,LAE,15.101369720266703
15696,345,346,LAE,51.26145524759584
15697,345,346,LAE,1.3109204433273816
15698,345,349,LAE,37.63145736278004
15699,345,346,LAE,0.9936726821816574
15700,345,347,LAE,17.76075765798956
15701,345,346,LAE,31.29294208911383
15702,345,346,LAE,1.3064075212639181
15703,345,347,LAE,0.8986147925365211
15704,345,346,LAE,1.1683907864252485
15705,345,350,LAE,1.8472645449977974
15706,345,347,LAE,42.36676080945553
15707,345,346,LAE,23.278015612909563
15708,345,346,LAE,49.189070111121396
15709,345,347,LAE,48.79339226660801
15710,345,348,LAE,2.4963640371326004
15711,345,346,LAE,0.8012174853545511
15712,345,346,LAE,17.149503062600235
15713,345,346,LAE,30.911803306036827
15714,345,348,LAE,1.4045425987214402
15715,345,361,LAE,19.122734668375976
15716,345,359,LAE,5.005589725940946
15717,345,351,LAE,1.72791353588759
15718,343,347,LAE,37.26336427470673
15719,343,347,LAE,35.943019832791514
15720,343,349,LAE,32.565634251484404
15721,344,349,LAE,23.914384814318353
15722,344,348,LAE,1.8348420350969727
15723,344,351,LAE,28.355808900325755
15724,344,347,LAE,37.96380087192587
15725,345,348,LAE,19.062280936036494
15726,345,348,LAE,1.3951837797864783
15727,345,349,LAE,1.213298947589845
15728,345,347,LAE,0.9755859658367123
15729,345,349,LAE,14.121088204041193
15730,345,347,LAE,1.189785488842143
15731,345,348,LAE,3.374820592072463
15732,345,347,LAE,1.1601452668051455
15733,345,350,LAE,2.4727603480879554
15734,345,347,LAE,1.7252236853831882
15735,346,347,LAE,41.96754561752402
15736,346,349,LAE,1.943909746653244
15737,346,347,LAE,38.59481692755657
15738,346,349,LAE,1.5889878923572618
15739,346,348,LAE,2.0660115887311976
15740,346,347,LAE,0.8172173201897031
15741,346,347,LAE,18.930410677330222
15742,346,347,LAE,2.1344150210682598
15743,346,347,LAE,0.8352102988685104
15744,346,347,LAE,0.8026091403048052
15745,346,347,LAE,1.113020307977062
15746,346,352,LAE,1.793577524378642
15747,346,355,LAE,13.92413547053563
15748,346,347,LAE,24.631354304558442
15749,346,362,LAE,28.38619042446602
15750,346,347,LAE,0.7632401694237719
15751,346,348,LAE,1.539351473174243
15752,346,351,LAE,19.606022835009057
15753,346,347,LAE,0.7949949742930833
15754,346,353,LAE,27.037484538745936
15755,346,349,LAE,1.8397346424798116
15756,346,348,LAE,39.68949295975531
15757,346,347,LAE,1.1707852687815232
15758,346,349,LAE,1.9234744882045482
15759,346,347,LAE,1.8334811130927258
15760,346,350,LAE,46.49555642511417
15761,346,347,LAE,25.254058669485676
15762,344,351,LAE,24.556684165593474
15763,344,348,LAE,32.499100340302874
15764,344,361,LAE,48.7548757391495
15765,345,348,LAE,1.1799234189602392
15766,345,350,LAE,25.969248501690153
15767,345,348,LAE,50.72149933608799
15768,345,348,LAE,6.6257858825671665
15769,345,348,LAE,41.47944273064044
15770,346,353,LAE,14.202289667279505
15771,346,353,LAE,22.98111834829328
15772,346,367,LAE,28.71462510536326
15773,346,351,LAE,35.133327007053026
15774,346,369,LAE,39.127914654243185
15775,346,349,LAE,2.1972698160959587
15776,346,348,LAE,46.89876223474016
15777,346,348,LAE,7.248404919184017
15778,346,348,LAE,28.44978701129932
15779,347,348,LAE,2.9383835580427577
15780,347,348,LAE,0.8963508705301813
15781,347,348,LAE,0.920434800292526
15782,347,348,LAE,0.8496178162068352
15783,347,348,LAE,0.8340225528477923
15784,347,348,LAE,1.4046394551758914
15785,347,348,LAE,0.8738508838701963
15786,347,349,LAE,16.20251553046317
15787,347,351,LAE,35.75549754857166
15788,347,349,LAE,1.1519744814602138
15789,347,348,LAE,1.4093821780534055
15790,347,349,LAE,6.779159936277542
15791,347,348,LAE,1.2415016804569454
15792,347,350,LAE,1.2369545145734744
15793,347,348,LAE,1.8958975121967432
15794,347,349,LAE,1.5282073910008533
15795,347,354,LAE,38.54975887586201
15796,347,348,LAE,1.0240231139054536
15797,347,359,LAE,47.86876766007494
15798,347,348,LAE,1.3682983021583561
15799,347,348,LAE,6.422131642552643
15800,347,352,LAE,15.085507588420946
15801,347,348,LAE,0.9996670960371041
15802,347,360,LAE,50.147079238583565
15803,347,348,LAE,1.460438284784623
15804,347,350,LAE,13.134831986871728
15805,347,348,LAE,1.95595632854398
15806,347,348,LAE,2.929347522767627
15807,347,348,LAE,16.429324782265798
15808,347,352,LAE,19.303492310017386
15809,347,350,LAE,2.4167012414100153
15810,347,348,LAE,0.9279821441614846
15811,345,349,LAE,46.075170393438434
15812,346,349,LAE,1.9026978665885954
15813,346,350,LAE,1.365466678154741
15814,346,357,LAE,6.974328276543946
15815,347,349,LAE,1.6269091352106615
15816,347,354,LAE,39.96297362064282
15817,347,349,LAE,2.177470114392366
15818,347,349,LAE,2.9650536762331363
15819,347,355,LAE,12.226876733800257
15820,347,354,LAE,35.543492136389546
15821,347,349,LAE,22.638963240439388
15822,347,358,LAE,30.258471468925112
15823,348,350,LAE,59.552970321215845
15824,348,350,LAE,48.69422725585023
15825,348,351,LAE,1.1371243861189515
15826,348,349,LAE,3.403891100316413
15827,348,350,LAE,1.337778356607285
15828,348,349,LAE,1.402020905887352
15829,348,349,LAE,19.063329349451585
15830,348,349,LAE,58.65554739681793
15831,348,349,LAE,1.338282326938775
15832,348,353,LAE,4.737625677953021
15833,348,349,LAE,1.215422452918531
15834,348,350,LAE,1.8234553524149686
15835,348,349,LAE,3.293718716328444
15836,348,350,LAE,26.048587450084618
15837,348,352,LAE,1.8592799700885376
15838,348,349,LAE,2.4282619097809457
15839,348,349,LAE,1.1708044570785976
15840,348,357,LAE,2.5544815696749974
15841,348,351,LAE,1.3088598337579458
15842,348,350,LAE,57.93920068510413
15843,348,349,LAE,46.958822899452436
15844,348,351,LAE,2.0219537883447853
15845,348,349,LAE,0.7698170486602404
15846,347,352,LAE,4.865814576113771
15847,347,350,LAE,30.909636852003956
15848,347,350,LAE,20.856843561181588
15849,347,350,LAE,2.1657942540926274
15850,348,350,LAE,3.843793479769652
15851,348,361,LAE,55.678284314883165
15852,348,351,LAE,38.45563854477273
15853,348,350,LAE,1.8472917663887438
15854,348,351,LAE,44.72772686973559
15855,348,355,LAE,12.007481088203479
15856,348,350,LAE,1.443229445582131
15857,348,354,LAE,14.727207525067879
15858,348,352,LAE,1.1849198312376852
15859,348,351,LAE,13.461378128036532
15860,348,350,LAE,17.482783474171566
15861,348,352,LAE,14.17926357088171
15862,349,351,LAE,54.32369125633255
15863,349,350,LAE,0.8299061489948077
15864,349,353,LAE,25.177608179916056
15865,349,350,LAE,1.1073822759023335
15866,349,360,LAE,33.29702435292812
15867,349,350,LAE,0.8387762170807489
15868,349,352,LAE,16.941578593072865
15869,349,364,LAE,27.925306726244465
15870,349,351,LAE,1.1435201227702896
15871,349,350,LAE,0.9057341184524659
15872,349,350,LAE,26.988342714541847
15873,349,350,LAE,1.0568996000841562
15874,349,350,LAE,16.702853563248105
15875,349,352,LAE,59.485435034980036
15876,349,350,LAE,25.179614151564724
15877,349,351,LAE,44.65610031621634
15878,349,360,LAE,47.69316907811497
15879,349,351,LAE,15.330172775288137
15880,349,350,LAE,0.9250000422186252
15881,349,355,LAE,8.256328201062816
15882,349,351,LAE,1.275746520277755
15883,349,350,LAE,0.8029770642225703
15884,349,350,LAE,51.87311430716093
15885,349,350,LAE,34.11261806053622
15886,349,350,LAE,0.923360795024895
15887,349,350,LAE,0.8823789936298622
15888,349,353,LAE,32.921533316844375
15889,347,353,LAE,18.21893428378893
15890,347,351,LAE,29.80953796251543
15891,347,353,LAE,49.95774885150991
15892,348,371,LAE,24.02596047165214
15893,348,362,LAE,39.428713167978856
15894,348,351,LAE,47.258497953991814
15895,348,351,LAE,1.9061470689800455
15896,348,351,LAE,10.942285423813903
15897,348,351,LAE,1.4860684339753696
15898,348,360,LAE,26.370540952568494
15899,349,353,LAE,3.5644662138268637
15900,349,358,LAE,34.39770269007402
15901,349,360,LAE,43.11878947803557
15902,349,351,LAE,58.47420415070905
15903,349,352,LAE,22.73064808799739
15904,349,362,LAE,20.170582842404446
15905,349,355,LAE,3.087330010289954
15906,349,355,LAE,15.843940812951882
15907,349,351,LAE,15.550035926460238
15908,349,351,LAE,0.9504524528388845
15909,349,351,LAE,17.589477048379578
15910,349,355,LAE,35.12105279237136
15911,349,352,LAE,58.230076213649134
15912,349,351,LAE,59.952544677736945
15913,349,356,LAE,2.2577757010079513
15914,349,352,LAE,1.1796159999848135
15915,350,351,LAE,1.018679718528207
15916,350,351,LAE,1.1127824398306012
15917,350,356,LAE,31.41586060247555
15918,350,351,LAE,3.321185822971173
15919,350,351,LAE,1.1545279209150878
15920,350,351,LAE,42.86056568887627
15921,350,357,LAE,27.888849418719175
15922,350,351,LAE,27.116513845906233
15923,350,352,LAE,43.12849144982681
15924,350,351,LAE,22.775106119349736
15925,350,351,LAE,1.003021921152596
15926,350,351,LAE,53.69775551096071
15927,350,351,LAE,0.838477898445864
15928,350,351,LAE,48.38122338456372
15929,350,351,LAE,1.0526015556204247
15930,350,351,LAE,32.661607016573036
15931,350,351,LAE,56.61680409511857
15932,350,353,LAE,37.715684274939164
15933,350,357,LAE,17.177054341046805
15934,350,351,LAE,1.000430052482411
15935,350,354,LAE,1.526761542607792
15936,350,351,LAE,1.3091681014352503
15937,350,351,LAE,1.5885560085083108
15938,350,351,LAE,1.1830241247684832
15939,350,353,LAE,48.40039833353426
15940,350,356,LAE,46.47769392262518
15941,350,351,LAE,2.726191829918174
15942,350,357,LAE,19.20332723491901
15943,348,362,LAE,50.140041515998384
15944,349,352,LAE,32.11753916060573
15945,349,353,LAE,56.18784473244191
15946,349,355,LAE,33.22212241707828
15947,349,354,LAE,30.735878580367746
15948,349,358,LAE,3.443370106389646
15949,350,362,LAE,43.90986326108625
15950,350,352,LAE,1.1201876601235905
15951,350,352,LAE,15.159200051347991
15952,350,356,LAE,42.71814487295606
15953,350,352,LAE,28.62879377389461
15954,350,352,LAE,40.51476848507223
15955,350,354,LAE,31.734742797752748
15956,350,355,LAE,18.412605487740077
15957,351,355,LAE,2.859733100440399
15958,351,352,LAE,16.646404442744
15959,351,352,LAE,0.786421536564871
15960,351,356,LAE,23.221858705508783
15961,351,352,LAE,0.7763935433354234
15962,351,352,LAE,0.9693657216524829
15963,351,376,LAE,42.88412905837567
15964,351,357,LAE,20.874917958494862
15965,351,352,LAE,2.6055437647170843
15966,351,352,LAE,1.0619260069712906
15967,351,352,LAE,1.3118194699138255
15968,351,352,LAE,0.8856684151143863
15969,351,352,LAE,0.8052897231543726
15970,351,352,LAE,35.422530988559416
15971,351,352,LAE,0.8080539517477892
15972,351,352,LAE,0.7740562815263241
15973,351,353,LAE,45.538733919360276
15974,351,352,LAE,18.361148287313355
15975,351,354,LAE,42.52955760787778
15976,351,352,LAE,0.8034377502080914
15977,351,352,LAE,1.0674322873110478
15978,351,352,LAE,0.9291517215928136
15979,351,352,LAE,0.7593874646922549
15980,351,352,LAE,1.1611131017916145
15981,351,352,LAE,0.8004138905021759
15982,351,352,LAE,1.8043969707945116
15983,351,352,LAE,0.8576158883913847
15984,351,352,LAE,35.84228313872232
15985,351,355,LAE,2.434360161999716
15986,351,354,LAE,3.3835222177359805
15987,351,353,LAE,2.3918596701189827
15988,349,363,LAE,31.55761883550576
15989,349,375,LAE,33.47202968773667
15990,349,353,LAE,32.75283108537296
15991,350,353,LAE,2.2031349209390947
15992,350,377,LAE,57.3683831509371
15993,351,354,LAE,52.87583333317708
15994,351,364,LAE,40.22778783421981
15995,351,354,LAE,34.92964186771182
15996,351,355,LAE,42.92686940003293
15997,352,353,LAE,44.80584681473728
15998,352,355,LAE,1.2318471824040917
15999,352,353,LAE,1.1998803525241708
16000,352,353,LAE,0.9990379726642429
16001,352,353,LAE,32.27961178300437
16002,352,353,LAE,1.053230598701344
16003,352,354,LAE,1.4995222716372654
16004,352,353,LAE,33.28157600561638
16005,352,375,LAE,53.43356380637845
16006,352,353,LAE,1.0689993579787271
16007,352,353,LAE,19.6013456963534
16008,352,357,LAE,32.24380250105063
16009,352,355,LAE,1.144452459111166
16010,352,354,LAE,5.534625904769665
16011,352,354,LAE,35.64065211269716
16012,352,354,LAE,2.4084175826444527
16013,352,358,LAE,18.49383660746449
16014,352,353,LAE,14.979562542343274
16015,352,353,LAE,1.1453813940690956
16016,352,357,LAE,32.921343718395576
16017,352,353,LAE,0.9226769368010734
16018,352,356,LAE,16.76031018465047
16019,352,353,LAE,0.9381013757812598
16020,352,363,LAE,36.03469681137939
16021,352,359,LAE,10.570264569043884
16022,352,355,LAE,1.8928779495292276
16023,352,354,LAE,3.2393232692384935
16024,352,362,LAE,17.76538967607986
16025,352,354,LAE,32.609634326256
16026,352,353,LAE,12.09850276068456
16027,350,356,LAE,41.615326852935404
16028,350,354,LAE,20.54077044136007
16029,350,354,LAE,50.73433134596485
16030,351,358,LAE,40.92327891155002
16031,351,359,LAE,29.14575456583385
16032,351,362,LAE,52.901982261949136
16033,351,358,LAE,30.586164838957735
16034,352,357,LAE,15.36790134184001
16035,352,376,LAE,16.34137366379584
16036,352,366,LAE,18.00449363767361
16037,352,361,LAE,38.62848988352136
16038,352,354,LAE,1.290237735433722
16039,352,354,LAE,14.458750275913328
16040,352,354,LAE,25.34530853372771
16041,352,358,LAE,47.01828689959935
16042,353,354,LAE,0.8995188144360621
16043,353,362,LAE,12.39235587566066
16044,353,354,LAE,1.0887943346968607
16045,353,387,LAE,27.58943664348393
16046,353,354,LAE,2.3698447195723347
16047,353,365,LAE,34.1625201992295
16048,353,354,LAE,0.8605408754773457
16049,353,354,LAE,2.5027542459803334
16050,353,354,LAE,23.506125106848252
16051,353,354,LAE,20.461171609933995
16052,353,355,LAE,1.6664363599942846
16053,353,354,LAE,0.9052441152001863
16054,353,354,LAE,0.8645988871584922
16055,353,354,LAE,0.9043248081276405
16056,353,354,LAE,1.277085189644808
16057,353,355,LAE,1.3169533192068819
16058,353,354,LAE,3.131485081800963
16059,353,360,LAE,2.1195976128649203
16060,353,354,LAE,21.140994420453303
16061,353,354,LAE,2.887756114736457
16062,353,354,LAE,50.08436404266195
16063,353,361,LAE,17.95068206068826
16064,353,355,LAE,34.73790453016671
16065,353,354,LAE,1.3730657307206284
16066,353,368,LAE,32.74031368604343
16067,353,357,LAE,1.856042649814905
16068,353,359,LAE,35.452569395888055
16069,353,354,LAE,1.300095105940489
16070,353,354,LAE,0.7627257279523416
16071,353,357,LAE,3.1815416892987196
16072,353,354,LAE,0.9780755164803204
16073,353,354,LAE,6.551019957524936
16074,353,355,LAE,1.1650540648643652
16075,353,359,LAE,49.36839699144166
16076,353,357,LAE,36.68934531762024
16077,353,358,LAE,1.335754415976252
16078,353,354,LAE,1.28778123943001
16079,353,354,LAE,22.53671144993106
16080,351,372,LAE,14.6365697750623
16081,351,355,LAE,33.33508462626207
16082,351,355,LAE,59.75286942413518
16083,351,355,LAE,15.345554953111682
16084,351,357,LAE,32.65123189511001
16085,351,356,LAE,52.62449513048218
16086,352,364,LAE,46.820982877399736
16087,352,361,LAE,17.875901634955824
16088,352,355,LAE,9.761458458272974
16089,352,373,LAE,45.09678880176538
16090,352,360,LAE,15.353748786951561
16091,352,366,LAE,38.85133706619721
16092,352,363,LAE,48.43764379437054
16093,352,355,LAE,19.51977748721766
16094,353,357,LAE,1.4220367504435452
16095,353,360,LAE,2.755298811514776
16096,353,355,LAE,27.65271080865599
16097,353,355,LAE,27.4757974311872
16098,353,372,LAE,38.52465223372912
16099,353,362,LAE,31.445352045181224
16100,353,356,LAE,2.069336257104764
16101,353,367,LAE,3.2852169011366414
16102,353,359,LAE,44.410438803219975
16103,353,355,LAE,29.114848026677983
16104,353,357,LAE,26.18414019411785
16105,353,355,LAE,1.1210569235247994
16106,354,361,LAE,13.408851871808208
16107,354,362,LAE,8.656709333040657
16108,354,358,LAE,16.039326432602778
16109,354,355,LAE,3.222396317654801
16110,354,355,LAE,24.044981102034225
16111,354,355,LAE,2.1208150097584544
16112,354,355,LAE,0.9548970052647493
16113,354,355,LAE,1.9151147255174035
16114,354,360,LAE,43.99305359502862
16115,354,355,LAE,1.103873854480142
16116,354,355,LAE,0.7496636291657666
16117,354,355,LAE,15.060598580800068
16118,354,355,LAE,0.8144162740308808
16119,354,355,LAE,2.632274588279351
16120,354,363,LAE,48.28331246065457
16121,354,359,LAE,13.64184397387938
16122,354,362,LAE,16.14273618740132
16123,354,364,LAE,16.065223325563256
16124,354,362,LAE,7.9164142437622305
16125,353,358,LAE,13.80302137706686
16126,353,378,LAE,39.63087853284371
16127,354,358,LAE,2.310719647575229
16128,354,356,LAE,18.487590687729487
16129,354,357,LAE,48.06849316267922
16130,354,357,LAE,48.38506411450773
16131,354,391,LAE,27.588974042473055
16132,354,362,LAE,35.88493549776554
16133,354,361,LAE,19.83063495960725
16134,354,356,LAE,13.617879430998796
16135,354,356,LAE,16.24154632843034
16136,354,358,LAE,13.34631757215947
16137,354,367,LAE,29.18724781348718
16138,354,358,LAE,44.96855742853881
16139,354,356,LAE,0.9442725329779007
16140,354,361,LAE,14.773957892076215
16141,355,356,LAE,0.7986496048250606
16142,355,356,LAE,1.7474720344798154
16143,355,357,LAE,22.870905698976134
16144,355,356,LAE,1.2770045588047585
16145,355,356,LAE,1.3758444786790605
16146,355,356,LAE,1.4037596631889133
16147,355,356,LAE,14.62981388307909
16148,355,361,LAE,10.320966703886402
16149,355,356,LAE,0.8305751468818088
16150,355,359,LAE,26.02405611894873
16151,355,356,LAE,0.7676876211273235
16152,355,356,LAE,1.6613003553995922
16153,355,357,LAE,30.576884372771648
16154,355,357,LAE,23.9377595769708
16155,355,357,LAE,1.534997709467988
16156,355,357,LAE,1.1185012145859514
16157,355,360,LAE,20.320641221985067
16158,355,365,LAE,37.39913229630465
16159,355,361,LAE,48.652942971050614
16160,355,356,LAE,0.791763779510267
16161,355,357,LAE,1.134062217295685
16162,355,356,LAE,0.8203385755576418
16163,355,359,LAE,1.7761454104177297
16164,355,357,LAE,23.351883539056875
16165,355,356,LAE,1.9380279745469884
16166,355,360,LAE,2.0187330370810694
16167,355,360,LAE,45.52987940559586
16168,355,357,LAE,8.454147241579737
16169,355,356,LAE,2.799784662070304
16170,355,356,LAE,58.84137965818706
16171,355,357,LAE,2.5611270097615475
16172,355,356,LAE,1.4057776410647176
16173,355,356,LAE,22.171583237973238
16174,355,359,LAE,42.1279607059262
16175,355,356,LAE,18.057266201270195
16176,355,357,LAE,1.7115381921506407
16177,355,356,LAE,13.196072829959995
16178,354,357,LAE,30.14108928920584
16179,355,357,LAE,7.785924311151112
16180,355,359,LAE,30.27124689475551
16181,355,357,LAE,2.8217915847647155
16182,355,390,LAE,56.42521317266752
16183,355,357,LAE,28.316327126368055
16184,355,359,LAE,2.003085014659105
16185,355,357,LAE,0.9885184167622887
16186,356,357,LAE,3.0108605871921665
16187,356,359,LAE,1.4451233711957276
16188,356,357,LAE,28.648957720889044
16189,356,359,LAE,11.195754598965113
16190,356,357,LAE,0.7998514002823819
16191,356,358,LAE,14.593772766399367
16192,356,357,LAE,0.807290054532056
16193,356,357,LAE,0.9069416856272352
16194,356,360,LAE,33.55219572381534
16195,356,357,LAE,0.8385711884498211
16196,356,360,LAE,38.96808460291388
16197,356,357,LAE,0.8122575203160287
16198,356,359,LAE,1.8670487785280128
16199,356,357,LAE,33.007017384488975
16200,356,357,LAE,55.75277749019111
16201,356,360,LAE,6.128288512375851
16202,356,357,LAE,2.6553126050548177
16203,356,361,LAE,20.058489492435484
16204,356,357,LAE,55.00225204529915
16205,356,366,LAE,3.205215548078374
16206,356,367,LAE,47.91461010832226
16207,356,363,LAE,35.20373507214724
16208,356,357,LAE,0.8263419738262592
16209,356,362,LAE,1.8670655792922901
16210,356,360,LAE,2.3990096306846405
16211,356,362,LAE,39.92252781283635
16212,356,368,LAE,13.62147674039243
16213,356,360,LAE,33.04446389598841
16214,356,357,LAE,13.43286230606781
16215,356,360,LAE,18.807012993259054
16216,356,365,LAE,52.93781734623175
16217,356,360,LAE,2.734060405928374
16218,356,357,LAE,28.179692491762296
16219,356,358,LAE,43.70168665411265
16220,356,361,LAE,28.51213374388697
16221,354,358,LAE,37.744578655628736
16222,354,379,LAE,28.490169559025347
16223,355,362,LAE,31.29421140806313
16224,355,361,LAE,16.392971215089787
16225,356,364,LAE,2.207080310119612
16226,356,358,LAE,15.183974551262555
16227,356,359,LAE,58.69241901170577
16228,356,358,LAE,34.21856955677426
16229,356,358,LAE,2.6009562929673855
16230,356,359,LAE,37.98441419121213
16231,356,365,LAE,34.05770010804688
16232,357,358,LAE,2.2203868855570317
16233,357,359,LAE,1.8224393726937789
16234,357,358,LAE,1.1884491638812247
16235,357,361,LAE,2.20350517165574
16236,357,371,LAE,26.574535014326518
16237,357,359,LAE,1.4283539567591852
16238,357,359,LAE,3.0043779381953777
16239,357,362,LAE,2.140419643375931
16240,357,358,LAE,1.592654496984974
16241,357,365,LAE,12.307249303947064
16242,357,361,LAE,1.4447941076483102
16243,357,358,LAE,30.75946418317657
16244,357,359,LAE,5.188477689459579
16245,357,361,LAE,1.4082119150650152
16246,357,361,LAE,21.539715559910324
16247,357,358,LAE,1.5681560487000765
16248,357,358,LAE,4.737080303560715
16249,357,366,LAE,35.56009885342629
16250,357,360,LAE,28.956432279304227
16251,357,362,LAE,27.96223357961432
16252,357,358,LAE,1.3512090958799283
16253,357,358,LAE,34.88705764585875
16254,357,359,LAE,1.3098708766901805
16255,357,358,LAE,9.434419477124687
16256,355,378,LAE,39.177069797527366
16257,355,361,LAE,17.68367713697427
16258,355,359,LAE,21.6027230322591
16259,355,359,LAE,18.19632628755298
16260,356,359,LAE,30.763584090634055
16261,356,359,LAE,2.3338712446347647
16262,356,362,LAE,39.18949730476553
16263,356,365,LAE,54.95186861493677
16264,356,359,LAE,43.613717532192936
16265,357,361,LAE,23.2940257899694
16266,357,364,LAE,45.85807558222171
16267,357,363,LAE,50.25080608324789
16268,358,359,LAE,26.730105374099224
16269,358,359,LAE,14.407435291890724
16270,358,360,LAE,42.6329645222795
16271,358,359,LAE,1.53538004337504
16272,358,361,LAE,28.448831799592043
16273,358,360,LAE,11.762970593768527
16274,358,359,LAE,1.3931534057388537
16275,356,369,LAE,7.730790771998599
16276,356,363,LAE,2.290968952886462
16277,356,360,LAE,5.270282070727464
16278,357,363,LAE,11.599289427345443
16279,357,360,LAE,12.51770708686722
16280,357,362,LAE,29.037677038238936
16281,357,360,LAE,30.517760664558548
16282,357,376,LAE,58.726717296579615
16283,357,362,LAE,47.373572166551874
16284,357,361,LAE,26.633515750549215
16285,357,360,LAE,48.81297618999604
16286,357,362,LAE,4.267440662959729
16287,357,360,LAE,2.568104429948459
16288,358,360,LAE,51.002764528913104
16289,358,361,LAE,18.56312286994901
16290,358,361,LAE,2.302308672764628
16291,358,365,LAE,58.65393556727559
16292,358,365,LAE,42.322283748875016
16293,358,364,LAE,12.87086542361755
16294,358,360,LAE,1.0366711618878492
16295,358,361,LAE,1.3499963506604502
16296,358,364,LAE,23.674301410946732
16297,358,362,LAE,14.412523752407019
16298,358,360,LAE,53.16809483515885
16299,358,372,LAE,32.9117945305976
16300,358,365,LAE,41.13618469224739
16301,359,360,LAE,0.9627809753997656
16302,359,361,LAE,57.43728531128721
16303,359,360,LAE,22.813997570066423
16304,359,360,LAE,50.77954678295834
16305,359,360,LAE,15.602399314436555
16306,359,365,LAE,52.44694873969277
16307,359,366,LAE,16.316752232024783
16308,359,360,LAE,16.87523008383429
16309,359,360,LAE,1.084083852639055
16310,359,360,LAE,49.75353712711652
16311,359,360,LAE,0.9421479929371674
16312,359,360,LAE,1.132755666672572
16313,359,360,LAE,35.68959437699602
16314,359,368,LAE,20.097907490666692
16315,359,367,LAE,16.643136350234847
16316,359,360,LAE,32.72221641216289
16317,359,360,LAE,7.892528346840173
16318,359,361,LAE,38.21655974194445
16319,359,360,LAE,17.60969816187554
16320,359,362,LAE,33.24185029221475
16321,359,360,LAE,5.899393007954393
16322,359,361,LAE,45.80072080671892
16323,359,360,LAE,21.899432641276785
16324,359,360,LAE,0.870120317605022
16325,359,363,LAE,15.461447758912293
16326,359,361,LAE,43.69504084329234
16327,359,360,LAE,25.92470757674797
16328,358,362,LAE,32.77128133716022
16329,358,361,LAE,29.391618406351853
16330,358,361,LAE,34.21224995333384
16331,358,361,LAE,34.581619764892984
16332,358,361,LAE,27.66146445795257
16333,358,361,LAE,34.72297484230484
16334,358,364,LAE,32.281142306731994
16335,359,361,LAE,35.96137048302821
16336,359,361,LAE,12.609702569908348
16337,359,361,LAE,56.65559472951409
16338,359,361,LAE,36.93807054419694
16339,359,361,LAE,11.058298374218536
16340,359,362,LAE,31.706147732579538
16341,359,362,LAE,48.84928010839274
16342,359,362,LAE,25.519581271651166
16343,359,361,LAE,7.323246043390565
16344,359,366,LAE,31.808670881172908
16345,359,363,LAE,22.07732187811694
16346,360,361,LAE,16.026443552080377
16347,360,361,LAE,1.1034498369300085
16348,360,364,LAE,44.76075227171341
16349,360,361,LAE,24.805816706944775
16350,360,361,LAE,21.596921053073547
16351,360,362,LAE,31.490269564301368
16352,360,361,LAE,0.9066616334829745
16353,360,361,LAE,29.66583649108906
16354,360,362,LAE,19.136139385858954
16355,360,361,LAE,0.8257366562311023
16356,360,366,LAE,56.93849172856124
16357,360,372,LAE,10.451424242273188
16358,360,362,LAE,25.733069121487205
16359,360,361,LAE,14.978246452867612
16360,360,361,LAE,1.3019357365288526
16361,360,365,LAE,11.950052625888361
16362,360,362,LAE,1.2352565558278352
16363,360,361,LAE,1.0378856213397898
16364,360,361,LAE,0.8921416850707186
16365,360,362,LAE,1.9689271427478896
16366,358,362,LAE,15.266562241809542
16367,358,365,LAE,29.687445824786582
16368,358,362,LAE,22.482812229894417
16369,358,362,LAE,23.133691329420635
16370,358,362,LAE,25.808373742987467
16371,358,362,LAE,42.06585137427696
16372,359,362,LAE,17.35699808473069
16373,360,376,LAE,29.240241136988477
16374,360,362,LAE,21.54084858413307
16375,360,362,LAE,6.111713820163967
16376,360,365,LAE,41.64787568089817
16377,360,372,LAE,7.37879991960773
16378,360,365,LAE,23.63350014355351
16379,360,368,LAE,16.07021126923537
16380,360,362,LAE,30.947127627437716
16381,360,362,LAE,1.0471095334628597
16382,360,362,LAE,15.690729136517058
16383,360,362,LAE,33.57940041110522
16384,361,362,LAE,30.38064466683385
16385,361,363,LAE,1.5846621605164222
16386,361,363,LAE,1.5671228992670287
16387,361,366,LAE,42.771237533905385
16388,361,362,LAE,39.140739433457675
16389,361,362,LAE,0.8986316877716755
16390,361,362,LAE,2.4768729162609766
16391,361,362,LAE,39.40989619647687
16392,361,365,LAE,23.003297352148053
16393,361,362,LAE,49.04587680589478
16394,361,362,LAE,35.836286429481675
16395,359,371,LAE,35.821621953223065
16396,359,369,LAE,35.35757696860358
16397,359,373,LAE,18.836458431660407
16398,359,363,LAE,21.110045904634703
16399,359,365,LAE,34.46825669889874
16400,359,364,LAE,27.53510906183555
16401,359,373,LAE,38.36334018992191
16402,360,363,LAE,23.32111011380408
16403,360,368,LAE,27.32801222158739
16404,360,363,LAE,39.26912338289031
16405,360,363,LAE,32.8642238262478
16406,360,364,LAE,23.88135844010132
16407,361,363,LAE,6.004191162401032
16408,361,363,LAE,40.5201017097194
16409,361,363,LAE,41.01434045958861
16410,361,369,LAE,37.97438207612206
16411,361,402,LAE,30.35324461120022
16412,361,363,LAE,22.353382314570286
16413,362,363,LAE,33.02347233242347
16414,362,363,LAE,41.49080770504773
16415,362,363,LAE,1.0960697338530963
16416,362,363,LAE,46.426258452111085
16417,362,363,LAE,1.4161217229676204
16418,362,393,LAE,34.43880551649471
16419,362,364,LAE,2.001876523995297
16420,362,363,LAE,0.7732085479648938
16421,362,364,LAE,18.632100250047312
16422,362,367,LAE,13.633978633017591
16423,362,363,LAE,14.82459367969064
16424,362,363,LAE,21.1121984672025
16425,362,363,LAE,27.525153844987585
16426,362,365,LAE,43.06635559785592
16427,362,384,LAE,29.424164359502438
16428,362,363,LAE,29.768372347529482
16429,362,363,LAE,1.2781647956266595
16430,362,365,LAE,59.78781664912462
16431,362,363,LAE,1.001122348309022
16432,362,369,LAE,13.689547378295652
16433,362,363,LAE,1.3795179191249936
16434,360,368,LAE,3.0588997026816656
16435,360,369,LAE,45.989621687291546
16436,360,364,LAE,47.571637455676
16437,361,366,LAE,27.91078599303657
16438,362,373,LAE,33.406381197261844
16439,362,374,LAE,31.231401599747713
16440,362,364,LAE,42.090502279755626
16441,362,364,LAE,22.262568471897946
16442,362,366,LAE,38.66426611550724
16443,362,372,LAE,14.591705028193587
16444,362,364,LAE,4.156453594987735
16445,362,364,LAE,10.475826501682228
16446,363,364,LAE,22.0542635636759
16447,363,378,LAE,58.24295893813282
16448,363,376,LAE,29.603869037750332
16449,363,364,LAE,23.676390309996222
16450,363,364,LAE,20.80792185251684
16451,363,364,LAE,25.666402393462864
16452,363,364,LAE,26.966276114049435
16453,363,364,LAE,36.244840559675616
16454,363,364,LAE,7.135267905336012
16455,363,370,LAE,4.538590315063631
16456,363,365,LAE,38.79345738574344
16457,363,364,LAE,32.89113651513987
16458,363,364,LAE,48.57964064362639
16459,363,370,LAE,16.40151823242722
16460,363,364,LAE,38.133749305519494
16461,363,364,LAE,25.13476901171061
16462,363,383,LAE,49.48896354599221
16463,363,409,LAE,31.334803278513622
16464,363,364,LAE,22.767650472622524
16465,363,364,LAE,3.910180958696842
16466,363,364,LAE,19.98316192914629
16467,363,370,LAE,32.17163646571214
16468,363,364,LAE,39.6525260346977
16469,363,377,LAE,41.199378484600516
16470,363,364,LAE,1.2171327818864857
16471,363,364,LAE,31.5215722630464
16472,363,364,LAE,52.69861107558912
16473,363,364,LAE,30.133962526919007
16474,361,373,LAE,15.225146375265297
16475,361,365,LAE,47.0722968641685
16476,361,378,LAE,28.955018801035315
16477,362,365,LAE,27.094260020694513
16478,362,365,LAE,23.085417586240183
16479,362,365,LAE,59.00536329824595
16480,362,365,LAE,24.659086804901538
16481,362,365,LAE,32.876087509278825
16482,362,365,LAE,14.432298785498153
16483,362,367,LAE,4.267250218572884
16484,362,367,LAE,28.832496924279962
16485,362,367,LAE,14.199214043620398
16486,362,366,LAE,39.75169052077252
16487,363,365,LAE,42.71824571177902
16488,363,365,LAE,31.15285302103959
16489,363,365,LAE,23.773004975959473
16490,363,365,LAE,46.830856217041244
16491,363,365,LAE,41.325081266869084
16492,363,369,LAE,30.25045910213926
16493,363,365,LAE,16.767609420193107
16494,363,365,LAE,37.01865473494622
16495,364,371,LAE,40.881374812994224
16496,364,365,LAE,19.45833311255748
16497,364,372,LAE,23.676940936338806
16498,364,366,LAE,16.582477745414433
16499,364,365,LAE,1.1563926532630475
16500,364,367,LAE,13.409052454944142
16501,364,365,LAE,49.87098584376172
16502,364,366,LAE,5.248801239928568
16503,364,365,LAE,1.5994016109615476
16504,364,365,LAE,17.224837485570394
16505,364,368,LAE,16.743786491546242
16506,364,366,LAE,1.0857401223247765
16507,364,365,LAE,49.93245597087991
16508,364,369,LAE,19.006352796516236
16509,364,366,LAE,18.383712044432496
16510,364,365,LAE,56.55677477375683
16511,364,366,LAE,5.350224985493646
16512,364,365,LAE,0.8707637870599827
16513,363,366,LAE,29.993583221979595
16514,364,370,LAE,23.71345306847139
16515,364,366,LAE,22.81839954327717
16516,364,375,LAE,21.68657558456838
16517,364,366,LAE,42.19770341590066
16518,364,366,LAE,24.262274342259317
16519,364,366,LAE,46.01020528739478
16520,364,371,LAE,23.047910438647268
16521,364,366,LAE,30.313988299916893
16522,364,368,LAE,54.91041416268982
16523,364,368,LAE,46.61262216960218
16524,364,367,LAE,47.53272590811067
16525,364,368,LAE,22.743651063794648
16526,364,366,LAE,44.55012570219228
16527,364,366,LAE,15.460107723932081
16528,364,373,LAE,19.03414762935767
16529,364,373,LAE,21.64511912920801
16530,365,367,LAE,1.094710487422119
16531,365,366,LAE,11.85324160105215
16532,365,366,LAE,57.97643692197513
16533,365,366,LAE,19.575260345213845
16534,365,367,LAE,0.9459399389269084
16535,365,366,LAE,1.1272610267086525
16536,365,371,LAE,30.437601407557644
16537,365,370,LAE,46.14268309131423
16538,365,366,LAE,1.149150900373608
16539,365,379,LAE,48.40426791357821
16540,365,373,LAE,32.85936781479772
16541,365,366,LAE,43.349023849433536
16542,365,366,LAE,17.976627839994467
16543,365,368,LAE,1.0988038332052923
16544,365,366,LAE,1.2946948682399826
16545,365,366,LAE,40.42699326639685
16546,365,366,LAE,33.43686709648871
16547,365,382,LAE,42.15026373401743
16548,365,370,LAE,17.7017809700715
16549,365,366,LAE,2.40420817172392
16550,365,367,LAE,1.6754335368264075
16551,365,369,LAE,16.26800105879898
16552,365,366,LAE,13.036476150133371
16553,365,368,LAE,27.261313553413558
16554,363,371,LAE,31.829069340814304
16555,363,367,LAE,37.09431071299333
16556,363,367,LAE,25.551896908078614
16557,363,375,LAE,16.494558507187048
16558,363,369,LAE,15.346127837528323
16559,364,370,LAE,22.613344725287888
16560,364,374,LAE,55.210799160454286
16561,364,367,LAE,37.12084868422028
16562,365,367,LAE,1.0398388832426586
16563,365,367,LAE,21.054312838573253
16564,365,367,LAE,1.5005796391947386
16565,365,371,LAE,48.994912395568655
16566,365,368,LAE,36.583018407725696
16567,365,367,LAE,17.856946162050587
16568,365,367,LAE,36.505890110540506
16569,365,367,LAE,1.1337018020314715
16570,365,367,LAE,2.971607010567341
16571,366,369,LAE,30.146930842886082
16572,366,367,LAE,23.085155254749843
16573,366,367,LAE,16.737332672702447
16574,366,367,LAE,46.540434844071775
16575,366,367,LAE,27.3400075798047
16576,366,379,LAE,23.721448840704117
16577,366,367,LAE,0.9487310448858696
16578,366,367,LAE,26.430153163144524
16579,366,368,LAE,29.30184170667372
16580,366,370,LAE,23.33714876316215
16581,366,367,LAE,32.42591626076416
16582,366,371,LAE,19.539900457844215
16583,366,367,LAE,0.8961337060306223
16584,366,367,LAE,0.8223860425987524
16585,366,406,LAE,27.16755578557762
16586,366,386,LAE,32.94372534755297
16587,366,367,LAE,34.661938715238264
16588,366,369,LAE,47.40067783018389
16589,366,376,LAE,25.59023197957302
16590,366,367,LAE,33.89870382064054
16591,366,381,LAE,20.236566033570075
16592,366,367,LAE,59.18293090544809
16593,366,370,LAE,27.097903276989904
16594,366,372,LAE,33.03226679690156
16595,366,367,LAE,43.76454312462188
16596,366,369,LAE,44.153906081268474
16597,366,368,LAE,1.1214914140961492
16598,366,367,LAE,1.0733462290028053
16599,366,368,LAE,6.073991155632884
16600,366,373,LAE,32.30864548359009
16601,366,378,LAE,20.50209152646824
16602,366,368,LAE,1.1022324106587558
16603,366,378,LAE,43.95110710035333
16604,366,369,LAE,5.8708730831353275
16605,366,369,LAE,29.252541082733657
16606,366,367,LAE,6.888556523060616
16607,366,375,LAE,37.0467613114681
16608,366,367,LAE,27.817580211805566
16609,366,367,LAE,7.78792089221402
16610,366,367,LAE,42.16306132002666
16611,366,376,LAE,23.557185565688577
16612,366,367,LAE,39.950138388188954
16613,366,367,LAE,1.446566906141471
16614,364,380,LAE,42.889313965053816
16615,364,368,LAE,51.35349655214573
16616,365,374,LAE,18.3201974714547
16617,365,368,LAE,30.702470451701057
16618,365,378,LAE,29.783696563704257
16619,366,373,LAE,13.962866432622494
16620,366,368,LAE,26.527029919767077
16621,366,374,LAE,56.20773742325255
16622,366,369,LAE,28.028888245858642
16623,366,373,LAE,15.221820664885787
16624,366,371,LAE,59.46645524230481
16625,366,371,LAE,13.465659185650098
16626,366,369,LAE,2.308516124785977
16627,366,368,LAE,17.062979496224454
16628,366,368,LAE,1.6310471486858962
16629,366,375,LAE,29.039231802972974
16630,366,369,LAE,10.1104814274288
16631,366,376,LAE,17.225574754267555
16632,366,368,LAE,13.99879257590447
16633,367,368,LAE,28.825404043607456
16634,367,369,LAE,0.9259480289519438
16635,367,368,LAE,45.58668630966683
16636,367,368,LAE,14.27656647223989
16637,367,368,LAE,25.026363194051086
16638,367,368,LAE,38.65408959705919
16639,367,372,LAE,57.27518434728519
16640,367,376,LAE,31.41429874128443
16641,367,368,LAE,1.5804242646308249
16642,367,368,LAE,21.335991659553063
16643,367,369,LAE,45.291627715167124
16644,367,368,LAE,0.9776380643068718
16645,367,368,LAE,16.964715010662278
16646,367,375,LAE,51.39782585492458
16647,367,368,LAE,2.3167164877531174
16648,367,368,LAE,39.57742533713019
16649,367,371,LAE,51.905411489906164
16650,367,368,LAE,1.5817434826092684
16651,367,373,LAE,33.78952542362508
16652,367,369,LAE,10.900894536216166
16653,367,371,LAE,1.6877781534639587
16654,367,368,LAE,4.867374271872719
16655,367,372,LAE,39.633051973566424
16656,367,368,LAE,38.61275373861207
16657,367,368,LAE,25.928239917201193
16658,367,368,LAE,2.6237289087786717
16659,367,374,LAE,14.419130272297615
16660,367,368,LAE,3.893743175388605
16661,367,370,LAE,19.27234783201235
16662,365,369,LAE,56.35414996157505
16663,365,369,LAE,55.264552932608
16664,365,370,LAE,27.771466154731225
16665,366,370,LAE,13.186828917562057
16666,366,372,LAE,55.372225225398545
16667,366,370,LAE,17.344237245585834
16668,366,372,LAE,29.97246904762468
16669,366,373,LAE,15.213260243842626
16670,366,369,LAE,13.169526045317197
16671,367,378,LAE,3.7508828127430003
16672,367,370,LAE,24.52303016941285
16673,367,372,LAE,31.598237809560796
16674,367,370,LAE,33.629898374147885
16675,367,369,LAE,1.2079632670206506
16676,367,369,LAE,4.22141958064403
16677,367,373,LAE,9.135400076594758
16678,367,370,LAE,2.9004008921853233
16679,367,370,LAE,1.324767108016627
16680,367,369,LAE,3.740843020464683
16681,368,372,LAE,17.662458312890557
16682,368,371,LAE,31.115518096056086
16683,368,372,LAE,14.36257098795727
16684,368,369,LAE,15.290628365283377
16685,368,369,LAE,2.377106553446581
16686,368,370,LAE,18.95284974340724
16687,368,369,LAE,3.064852851021822
16688,368,369,LAE,0.8222915691434934
16689,368,377,LAE,34.426823243168286
16690,368,373,LAE,13.78952727745824
16691,368,369,LAE,36.13338266289102
16692,368,370,LAE,54.69441714510061
16693,368,369,LAE,14.595066939092366
16694,368,369,LAE,35.99641366282744
16695,368,373,LAE,13.720520076054857
16696,368,371,LAE,15.788749738688288
16697,368,369,LAE,20.76621572693584
16698,368,382,LAE,38.69797631419809
16699,368,369,LAE,31.412155029685664
16700,368,372,LAE,51.954305369746265
16701,368,369,LAE,49.75542911287774
16702,368,369,LAE,54.79244255050431
16703,368,369,LAE,1.5466185985971932
16704,368,370,LAE,2.407638205531056
16705,368,370,LAE,14.591456383925602
16706,368,372,LAE,17.28374233423277
16707,368,369,LAE,31.32223065884939
16708,368,378,LAE,48.47363165502846
16709,368,369,LAE,8.89883099999093
16710,368,369,LAE,1.0279016678521045
16711,366,370,LAE,23.758748906952196
16712,366,372,LAE,12.525355067501058
16713,366,371,LAE,36.52055459887199
16714,366,373,LAE,15.57718985023027
16715,366,384,LAE,36.6192391100341
16716,366,370,LAE,13.146416585167051
16717,366,370,LAE,20.149520306149785
16718,366,370,LAE,12.975203971336285
16719,366,370,LAE,15.140153359930949
16720,366,370,LAE,19.906104891350676
16721,367,370,LAE,25.88482277958456
16722,367,376,LAE,21.63378849495902
16723,367,375,LAE,32.318790579084116
16724,367,370,LAE,54.362722981291945
16725,367,370,LAE,20.770966009652266
16726,367,370,LAE,13.523675878738352
16727,367,370,LAE,22.218786663373407
16728,367,371,LAE,13.852089804899087
16729,368,370,LAE,17.647680240200206
16730,368,373,LAE,49.19833898936338
16731,368,370,LAE,33.467749067251376
16732,368,370,LAE,30.82821011152811
16733,368,383,LAE,29.73862364435343
16734,368,370,LAE,35.55754377793482
16735,368,370,LAE,9.127428286264834
16736,368,370,LAE,19.6039604389578
16737,368,426,LAE,37.638048330102144
16738,368,371,LAE,35.22508730728502
16739,368,370,LAE,22.434005647527737
16740,368,370,LAE,41.78934216981551
16741,368,371,LAE,55.85441902215777
16742,369,382,LAE,31.564915726203928
16743,369,370,LAE,38.220850713419736
16744,369,371,LAE,35.765501580012895
16745,369,372,LAE,39.450670496460994
16746,369,370,LAE,1.2258119999434827
16747,369,379,LAE,32.80706782347663
16748,369,374,LAE,43.92481218019439
16749,369,373,LAE,11.558886837211894
16750,369,370,LAE,50.4046088117446
16751,369,377,LAE,34.33155728354432
16752,369,370,LAE,21.974320270863583
16753,369,373,LAE,38.86005749600405
16754,369,375,LAE,40.738410664692815
16755,369,370,LAE,5.083630147866762
16756,369,374,LAE,23.767670991165776
16757,369,372,LAE,48.28606015492503
16758,369,372,LAE,26.25802235840236
16759,369,371,LAE,39.09666382115726
16760,369,370,LAE,37.525746846489994
16761,367,371,LAE,48.77303331461822
16762,367,375,LAE,15.276751664067065
16763,367,371,LAE,41.23104803788894
16764,367,371,LAE,13.07681615186031
16765,368,371,LAE,31.953864397492612
16766,368,371,LAE,14.21787683206075
16767,368,371,LAE,22.399239326150997
16768,368,371,LAE,33.181265746586384
16769,368,372,LAE,28.209698699902084
16770,368,371,LAE,9.046994194989496
16771,369,371,LAE,5.439992899077348
16772,369,371,LAE,6.989648702692373
16773,369,376,LAE,51.1743590819126
16774,369,371,LAE,24.406121076450624
16775,369,371,LAE,22.477537830456512
16776,369,371,LAE,49.148655760192085
16777,369,373,LAE,25.076766284369732
16778,369,371,LAE,40.530703770828296
16779,369,372,LAE,55.85698223464275
16780,369,373,LAE,15.262946381225142
16781,369,371,LAE,23.227165508139223
16782,369,374,LAE,54.56677997422573
16783,369,373,LAE,21.639734173045834
16784,369,375,LAE,12.090463380247105
16785,369,378,LAE,4.845487488246141
16786,370,373,LAE,33.37243728831822
16787,370,371,LAE,35.76515001417252
16788,370,371,LAE,32.233784967406386
16789,370,375,LAE,10.552333994376184
16790,370,377,LAE,25.551984236301713
16791,370,372,LAE,51.92133301096549
16792,370,371,LAE,45.10160978170946
16793,370,372,LAE,14.32418795548128
16794,370,374,LAE,33.498484723081795
16795,370,373,LAE,11.898140770435429
16796,370,375,LAE,24.938172397268602
16797,370,371,LAE,55.858737188740946
16798,370,371,LAE,39.034175907531484
16799,370,373,LAE,24.81795229613033
16800,370,371,LAE,39.61090393319518
16801,370,371,LAE,26.29864417605178
16802,370,371,LAE,20.8500242480127
16803,370,375,LAE,16.411971212429943
16804,370,371,LAE,2.443166599340101
16805,370,371,LAE,50.41450698615407
16806,370,377,LAE,42.13815417654071
16807,370,374,LAE,39.21458327412695
16808,370,378,LAE,16.933565528172256
16809,370,371,LAE,46.93948766127492
16810,370,374,LAE,21.765945614670937
16811,370,374,LAE,42.096121977713835
16812,370,394,LAE,35.9467795813802
16813,370,371,LAE,23.457877920727725
16814,370,371,LAE,42.85394469426681
16815,370,374,LAE,32.01033398668081
16816,368,373,LAE,16.223075715845074
16817,368,372,LAE,32.88561322321864
16818,369,372,LAE,20.157807485586364
16819,369,390,LAE,30.98657787470817
16820,369,373,LAE,15.553288470255243
16821,369,379,LAE,37.779864228031904
16822,369,372,LAE,13.042506626889345
16823,369,378,LAE,28.59911608913276
16824,369,374,LAE,14.091117193591431
16825,370,372,LAE,23.589264638088128
16826,370,378,LAE,57.023027720255946
16827,370,372,LAE,14.69111435929423
16828,370,378,LAE,22.636888965607767
16829,370,378,LAE,17.643717988206706
16830,370,372,LAE,27.08969826528456
16831,370,379,LAE,36.712286570769116
16832,370,378,LAE,27.630304665363596
16833,370,372,LAE,15.852054934957906
16834,370,379,LAE,4.097223353649947
16835,371,372,LAE,32.754207325348126
16836,371,385,LAE,23.54048464161438
16837,371,373,LAE,39.55259434831912
16838,371,372,LAE,49.621093863695116
16839,371,375,LAE,1.5148857042677706
16840,371,375,LAE,27.919819718670656
16841,371,372,LAE,38.321082077955566
16842,371,377,LAE,26.81993796935854
16843,371,373,LAE,36.34808759111395
16844,371,383,LAE,21.68536061293006
16845,371,377,LAE,42.09358348205592
16846,371,372,LAE,41.939794359223
16847,371,378,LAE,50.7918006968847
16848,371,372,LAE,43.010207543644704
16849,371,376,LAE,34.354009719721454
16850,371,372,LAE,28.769048519269067
16851,371,378,LAE,21.449894152719356
16852,369,376,LAE,29.18350566289486
16853,369,394,LAE,55.45517981089273
16854,369,374,LAE,13.232840866012728
16855,369,374,LAE,29.412436578957955
16856,370,374,LAE,19.517302769207536
16857,370,377,LAE,11.80387773959959
16858,370,373,LAE,43.827236638021404
16859,370,375,LAE,51.05479004524194
16860,370,373,LAE,41.95664396809814
16861,371,375,LAE,19.927223827418796
16862,371,377,LAE,8.83637374955133
16863,371,378,LAE,45.57741608037029
16864,371,377,LAE,16.897619702606466
16865,372,373,LAE,35.71957666013031
16866,372,387,LAE,42.70409176940711
16867,372,377,LAE,5.832308275443681
16868,372,373,LAE,40.225373913193664
16869,372,378,LAE,45.021751909009815
16870,372,374,LAE,15.013608702808645
16871,372,373,LAE,26.0893184601622
16872,372,379,LAE,37.3299404437226
16873,372,373,LAE,49.37169476482754
16874,372,373,LAE,12.726596687181466
16875,372,373,LAE,14.491846368101331
16876,372,373,LAE,1.0432069042624446
16877,372,373,LAE,12.253914327021105
16878,372,374,LAE,2.7407968846135233
16879,372,378,LAE,13.566637569078129
16880,372,373,LAE,7.063476923705711
16881,372,376,LAE,20.823700504065176
16882,372,377,LAE,17.065554904870574
16883,372,373,LAE,13.643786579101521
16884,372,373,LAE,14.766544701788277
16885,372,386,LAE,31.744924532534206
16886,372,373,LAE,32.55957293956353
16887,372,378,LAE,29.57406702873243
16888,372,373,LAE,21.896438061990747
16889,372,373,LAE,33.44865622885288
16890,372,373,LAE,44.07074626320191
16891,372,373,LAE,4.77501702486533
16892,372,373,LAE,18.84206528414383
16893,372,397,LAE,16.813478100298198
16894,372,390,LAE,38.71109448961595
16895,372,373,LAE,24.01312544743619
16896,370,379,LAE,30.07227079529795
16897,370,377,LAE,27.91879188409897
16898,370,381,LAE,16.434178404779228
16899,371,374,LAE,38.36961168435755
16900,371,374,LAE,45.05824799985969
16901,371,374,LAE,52.55080338166173
16902,371,374,LAE,32.73928986394065
16903,371,374,LAE,58.79059512854893
16904,371,374,LAE,59.05268232699476
16905,371,377,LAE,25.856164164724902
16906,371,374,LAE,41.22748340552342
16907,371,377,LAE,29.354113471882652
16908,371,375,LAE,40.00783699066986
16909,371,374,LAE,59.233107600281855
16910,372,397,LAE,28.114319373800203
16911,372,374,LAE,13.815095915197457
16912,372,374,LAE,21.795395048162142
16913,372,374,LAE,5.158295038813514
16914,372,374,LAE,7.231163570477391
16915,373,375,LAE,3.064164591469241
16916,373,374,LAE,12.95863593064659
16917,373,374,LAE,38.69453721034845
16918,373,374,LAE,41.16994195338887
16919,373,380,LAE,28.687546438866118
16920,373,374,LAE,14.717164025481715
16921,373,374,LAE,5.554679346920078
16922,373,378,LAE,18.66710081735253
16923,373,378,LAE,29.15024567732308
16924,373,374,LAE,14.980323938464302
16925,373,379,LAE,13.495352365262288
16926,373,374,LAE,11.085153487270317
16927,373,374,LAE,1.9057615578172549
16928,373,376,LAE,3.2566196401996192
16929,373,382,LAE,14.86415654783449
16930,373,374,LAE,23.489970013645998
16931,373,381,LAE,53.13682802166523
16932,373,384,LAE,11.590076283470177
16933,373,375,LAE,8.177496380010325
16934,373,374,LAE,14.480888243755757
16935,371,375,LAE,14.660496291625197
16936,371,378,LAE,36.82839627519624
16937,371,384,LAE,35.93519774073755
16938,371,375,LAE,12.949025056377312
16939,371,394,LAE,32.78536667242479
16940,372,375,LAE,32.18724628819155
16941,372,376,LAE,58.51018624986268
16942,372,377,LAE,55.56133163350226
16943,373,375,LAE,32.45797395887735
16944,373,375,LAE,36.28716758472456
16945,373,375,LAE,40.049383841299665
16946,373,375,LAE,12.835540772559467
16947,373,375,LAE,8.191733481592532
16948,373,375,LAE,22.351067947747946
16949,373,375,LAE,37.88879539337672
16950,373,375,LAE,2.3244214663783467
16951,373,375,LAE,34.97720647733663
16952,373,375,LAE,28.490776370260704
16953,373,376,LAE,17.10348664930492
16954,373,375,LAE,24.680167371899316
16955,373,375,LAE,5.505433604941268
16956,373,375,LAE,48.73412156906727
16957,374,377,LAE,11.456791852262459
16958,374,375,LAE,2.006140799317412
16959,374,375,LAE,12.43752103459144
16960,374,375,LAE,7.851033130093555
16961,374,382,LAE,10.181954823019309
16962,374,378,LAE,32.140390526377864
16963,374,382,LAE,12.356431102842805
16964,374,375,LAE,32.68777748894791
16965,374,377,LAE,32.86461421673643
16966,374,375,LAE,59.43252594885446
16967,374,375,LAE,1.565624301878152
16968,374,375,LAE,15.150001324021323
16969,374,379,LAE,6.995854318234824
16970,372,376,LAE,14.326335353614951
16971,372,378,LAE,21.531141034443603
16972,372,376,LAE,14.823105450678378
16973,372,379,LAE,14.286993604950531
16974,372,381,LAE,44.031246188202886
16975,372,378,LAE,21.020713534285104
16976,373,376,LAE,42.787174601229424
16977,373,380,LAE,13.084859249994693
16978,373,376,LAE,3.7638717552292693
16979,373,376,LAE,33.35059787942959
16980,373,376,LAE,49.77039025095134
16981,373,378,LAE,28.442525351561663
16982,373,395,LAE,49.37043443201471
16983,373,376,LAE,15.156522090402882
16984,373,376,LAE,27.653371275914434
16985,374,379,LAE,37.93825914905553
16986,374,376,LAE,49.57322768987066
16987,374,379,LAE,36.1797620669926
16988,374,377,LAE,17.040845727359375
16989,374,376,LAE,13.508654850539239
16990,374,382,LAE,8.424562970783048
16991,374,376,LAE,22.943994045330715
16992,374,393,LAE,30.292323235350793
16993,374,376,LAE,8.682312198943384
16994,374,385,LAE,26.173311396664122
16995,374,376,LAE,34.17596130038683
16996,374,379,LAE,23.55409017774408
16997,374,379,LAE,7.08460382001489
16998,374,376,LAE,37.15172011485671
16999,375,376,LAE,12.29507939939701
17000,375,376,LAE,32.55485861598394
17001,375,379,LAE,18.914386384262553
17002,375,379,LAE,14.127148060074067
17003,375,379,LAE,27.9561887224342
17004,375,376,LAE,24.951283958201824
17005,375,383,LAE,27.769894101432094
17006,375,376,LAE,7.738550315905484
17007,375,380,LAE,34.37229086091967
17008,375,379,LAE,34.91282391835476
17009,375,380,LAE,35.651110719126706
17010,375,378,LAE,14.362592510992371
17011,375,378,LAE,51.765748602337396
17012,375,376,LAE,5.721843778512279
17013,375,381,LAE,49.79748095852547
17014,375,376,LAE,5.412353308037063
17015,375,376,LAE,14.404904396065943
17016,373,377,LAE,22.305796394857673
17017,373,377,LAE,20.451725358698905
17018,373,377,LAE,27.11051198368117
17019,373,381,LAE,30.897170207474208
17020,373,378,LAE,24.617094340455992
17021,374,377,LAE,59.28523942333841
17022,374,383,LAE,13.044151785101072
17023,375,379,LAE,30.539416198193578
17024,375,377,LAE,10.956983894686905
17025,375,377,LAE,26.50627118922741
17026,375,377,LAE,21.745226593649132
17027,375,425,LAE,38.58036311949727
17028,375,377,LAE,18.639778275156303
17029,375,377,LAE,23.988981543764105
17030,375,377,LAE,12.647378382845964
17031,375,377,LAE,21.828154725621648
17032,375,386,LAE,41.447966895198434
17033,375,383,LAE,9.328261628734657
17034,375,381,LAE,24.27250369924012
17035,375,378,LAE,30.215397463368554
17036,375,377,LAE,2.9235626117288027
17037,376,380,LAE,9.92765540487619
17038,376,377,LAE,12.48032670898518
17039,376,383,LAE,43.047549050178155
17040,376,377,LAE,22.710329067882142
17041,376,377,LAE,20.258611728725192
17042,376,377,LAE,16.36792458619371
17043,376,378,LAE,14.91139329109353
17044,376,380,LAE,32.28584671012246
17045,376,377,LAE,56.6349916065704
17046,376,377,LAE,5.279693691506546
17047,376,380,LAE,41.64205867274508
17048,376,377,LAE,58.610015908161664
17049,376,379,LAE,46.59634376693814
17050,376,377,LAE,1.7204857450454114
17051,376,377,LAE,2.7315801791898098
17052,376,380,LAE,8.97050562964143
17053,376,377,LAE,1.64490134534732
17054,376,377,LAE,46.162120563297364
17055,376,381,LAE,13.03328133578356
17056,374,389,LAE,57.41159298296121
17057,374,378,LAE,41.04668658805263
17058,374,378,LAE,23.338194918357818
17059,374,380,LAE,5.863082073373199
17060,374,378,LAE,32.01822572105405
17061,374,378,LAE,44.76967259790104
17062,374,378,LAE,17.304128746632642
17063,374,378,LAE,30.07750468870006
17064,374,378,LAE,13.218737071096879
17065,374,382,LAE,45.45130216797282
17066,374,381,LAE,7.664010741777561
17067,375,378,LAE,15.488813112074531
17068,375,378,LAE,15.103495660145123
17069,375,378,LAE,31.355672319096843
17070,375,378,LAE,20.402779641067045
17071,375,378,LAE,21.68455451609892
17072,375,379,LAE,30.48044099708367
17073,375,378,LAE,9.10582440705851
17074,375,379,LAE,26.17505348985731
17075,375,378,LAE,48.278231472841796
17076,375,392,LAE,24.48532829610099
17077,375,378,LAE,12.789772700578403
17078,375,378,LAE,43.07425394729383
17079,375,380,LAE,15.263335681639123
17080,376,384,LAE,43.58872099852327
17081,376,400,LAE,25.158576749295698
17082,376,378,LAE,15.577920069714319
17083,376,378,LAE,19.773025457547426
17084,376,379,LAE,24.947941887114645
17085,376,378,LAE,7.244786415284922
17086,376,380,LAE,42.94122217503382
17087,376,386,LAE,41.22645150431297
17088,376,378,LAE,45.256225378305906
17089,376,378,LAE,26.36976652716966
17090,376,385,LAE,31.258192104563964
17091,376,384,LAE,55.466971177538596
17092,376,379,LAE,24.12744960579149
17093,376,379,LAE,28.952260461497232
17094,376,379,LAE,56.0312096464818
17095,376,378,LAE,30.3197608400329
17096,376,378,LAE,23.433704452610716
17097,376,382,LAE,39.583627577315205
17098,376,378,LAE,17.737081119563232
17099,376,378,LAE,6.7038611433308715
17100,376,379,LAE,26.493090595681515
17101,376,378,LAE,7.270821587685226
17102,376,393,LAE,12.674195473960928
17103,376,378,LAE,16.512015988293744
17104,376,378,LAE,21.43549699493536
17105,377,378,LAE,16.3478739509385
17106,377,382,LAE,16.638395499233752
17107,377,379,LAE,29.72637700732488
17108,377,384,LAE,26.777889999979546
17109,377,378,LAE,28.876895150337408
17110,377,381,LAE,15.607942263392742
17111,377,379,LAE,34.80516043472759
17112,377,378,LAE,32.42540681490902
17113,377,378,LAE,6.190816402343027
17114,377,378,LAE,1.0500092100814775
17115,377,378,LAE,2.8803671063388867
17116,377,378,LAE,12.975846234476046
17117,377,378,LAE,27.234269398933236
17118,377,382,LAE,45.54343009804367
17119,377,381,LAE,52.787655646183204
17120,377,391,LAE,33.60213466225969
17121,377,378,LAE,2.019116444904977
17122,377,383,LAE,12.586788917371685
17123,377,379,LAE,40.57475327544913
17124,377,378,LAE,0.798167335520488
17125,377,379,LAE,13.46749717381365
17126,377,378,LAE,1.4548287702836316
17127,377,384,LAE,9.732520000980685
17128,377,381,LAE,31.661477386392495
17129,377,392,LAE,44.06484031070191
17130,377,379,LAE,3.313757273840994
17131,377,378,LAE,1.4804649065339557
17132,377,378,LAE,29.247067710817443
17133,375,379,LAE,25.061934007935882
17134,375,380,LAE,10.902324022984528
17135,375,383,LAE,23.523270932100267
17136,375,379,LAE,53.63829052136973
17137,375,393,LAE,23.729335792115247
17138,375,379,LAE,33.84447195680777
17139,375,379,LAE,32.17938574696739
17140,375,379,LAE,39.84839700938879
17141,375,379,LAE,25.762479956257945
17142,376,379,LAE,26.951852103390504
17143,376,385,LAE,53.79026082607185
17144,376,379,LAE,37.14420127368516
17145,376,379,LAE,33.259651134642766
17146,376,379,LAE,23.471830452329666
17147,376,379,LAE,28.073019586773473
17148,376,379,LAE,32.47512001283941
17149,376,379,LAE,35.12341601735803
17150,376,379,LAE,49.53045515721705
17151,376,414,LAE,37.35123325865725
17152,376,381,LAE,35.94218208454045
17153,376,382,LAE,12.123499187776021
17154,377,379,LAE,9.860571207895905
17155,377,384,LAE,34.19717746582545
17156,377,380,LAE,55.44679615969066
17157,377,379,LAE,15.42258790904495
17158,377,379,LAE,24.2545436548194
17159,377,379,LAE,24.583020349074314
17160,377,393,LAE,22.46850413918572
17161,377,381,LAE,31.669085254442678
17162,377,384,LAE,23.953674269185136
17163,377,382,LAE,32.80781602284377
17164,377,386,LAE,32.2465113358093
17165,377,379,LAE,1.330751209932546
17166,377,391,LAE,39.39479115165553
17167,377,379,LAE,5.922799488094838
17168,378,380,LAE,12.049246970907692
17169,378,379,LAE,22.02093304671079
17170,378,381,LAE,11.264050168111368
17171,378,379,LAE,1.8417945402376472
17172,378,381,LAE,43.269382021314506
17173,378,379,LAE,13.404378621488641
17174,378,379,LAE,8.622453617718424
17175,378,379,LAE,48.63462324419887
17176,378,379,LAE,1.2192640357420976
17177,378,382,LAE,11.076910680446355
17178,378,379,LAE,1.3355710852523761
17179,378,379,LAE,0.8863828099228254
17180,378,382,LAE,14.31327935458749
17181,378,379,LAE,1.8396301553627665
17182,378,379,LAE,5.470862351747361
17183,378,379,LAE,10.95196399839876
17184,376,413,LAE,40.23099294229523
17185,376,393,LAE,22.210519569679573
17186,376,380,LAE,18.498443492302677
17187,376,386,LAE,26.742233402481315
17188,376,381,LAE,42.35461231200485
17189,376,380,LAE,33.78099111761249
17190,376,380,LAE,15.039792023574861
17191,377,380,LAE,39.71268999257214
17192,377,380,LAE,28.086214278063146
17193,377,382,LAE,17.755494200194942
17194,377,381,LAE,15.553531199297087
17195,377,380,LAE,22.995853404950726
17196,377,380,LAE,37.985670714338404
17197,378,382,LAE,29.68921801279558
17198,378,380,LAE,30.816796101761888
17199,378,381,LAE,15.017285306596966
17200,378,381,LAE,20.007946608324033
17201,378,383,LAE,42.79872968689063
17202,378,380,LAE,9.483882481665658
17203,378,381,LAE,8.31987634819447
17204,379,380,LAE,10.971592993224386
17205,379,380,LAE,22.883306161667882
17206,379,380,LAE,7.377813126470835
17207,379,402,LAE,51.8740502035321
17208,379,380,LAE,36.19375917731624
17209,379,380,LAE,34.5245046267226
17210,379,380,LAE,4.036237710813257
17211,379,380,LAE,33.2290915214098
17212,379,384,LAE,52.40419072652576
17213,379,380,LAE,39.61350550295751
17214,379,380,LAE,35.86413719130918
17215,377,391,LAE,11.670965958393314
17216,377,382,LAE,27.574032137275143
17217,377,381,LAE,29.46305463815864
17218,377,383,LAE,55.53791732583649
17219,377,389,LAE,23.640248789166158
17220,377,381,LAE,56.10272909650154
17221,378,388,LAE,8.666184192199923
17222,378,383,LAE,1.8282307872242365
17223,378,382,LAE,46.77341233310182
17224,378,386,LAE,5.2683627324636495
17225,378,381,LAE,17.493791806802054
17226,378,390,LAE,59.22515654956569
17227,378,381,LAE,16.40824477241819
17228,378,388,LAE,16.363549605913484
17229,378,384,LAE,30.052188436031024
17230,379,381,LAE,13.041975619178473
17231,379,393,LAE,56.17346767927536
17232,379,385,LAE,31.247714625676696
17233,379,381,LAE,26.455305274936453
17234,379,381,LAE,28.955226294319832
17235,379,381,LAE,11.593862411255087
17236,379,384,LAE,15.280032128677961
17237,379,381,LAE,1.1667149810253672
17238,379,382,LAE,10.159409401492953
17239,379,381,LAE,6.40004087488306
17240,379,382,LAE,15.929237258439304
17241,379,381,LAE,2.96835277886227
17242,379,387,LAE,48.80757078304038
17243,380,385,LAE,41.44445141602082
17244,380,381,LAE,0.8926166717885797
17245,380,385,LAE,52.10190944678647
17246,380,381,LAE,7.138456360809886
17247,380,381,LAE,4.78342992639411
17248,380,385,LAE,14.382336440898227
17249,380,381,LAE,4.052143035859407
17250,380,381,LAE,31.03841204798857
17251,380,388,LAE,22.463232385374237
17252,380,381,LAE,4.147793002946904
17253,380,384,LAE,23.798592102766612
17254,380,381,LAE,29.957992105898672
17255,380,381,LAE,53.69215720304468
17256,380,386,LAE,11.96174897692069
17257,380,383,LAE,29.927723013150096
17258,380,381,LAE,19.75602492306531
17259,380,381,LAE,8.964802632053608
17260,380,381,LAE,7.3033904966146075
17261,380,381,LAE,6.884602971607389
17262,380,383,LAE,21.88408692432723
17263,380,381,LAE,29.806823713098375
17264,380,383,LAE,2.062658454005706
17265,380,381,LAE,33.31302915905205
17266,380,384,LAE,54.80276884960789
17267,378,382,LAE,12.635020839925978
17268,378,384,LAE,31.947076465123903
17269,378,383,LAE,35.62875099165045
17270,378,384,LAE,15.712808244660561
17271,379,388,LAE,30.14631603050403
17272,379,382,LAE,16.682948189284136
17273,379,382,LAE,46.519232527354305
17274,379,386,LAE,59.499371921682894
17275,379,382,LAE,34.821311338197404
17276,379,382,LAE,56.13701605760251
17277,379,382,LAE,40.00069129376907
17278,379,382,LAE,16.84379408830666
17279,379,382,LAE,38.006949635549205
17280,379,389,LAE,20.135734705078715
17281,379,382,LAE,45.87495029465447
17282,379,382,LAE,48.031253829516885
17283,380,383,LAE,13.249096855446684
17284,380,382,LAE,18.47064685799234
17285,380,382,LAE,38.81880655168658
17286,380,383,LAE,20.856904642355374
17287,380,384,LAE,27.763267243921995
17288,381,402,LAE,12.248979308023491
17289,381,382,LAE,4.115727957137334
17290,381,383,LAE,4.677188459575774
17291,381,382,LAE,0.7567865765225458
17292,381,382,LAE,22.7352823357068
17293,381,382,LAE,33.45066838844304
17294,381,388,LAE,34.9876614130896
17295,381,384,LAE,3.1330717583789554
17296,381,395,LAE,30.744696878521577
17297,381,382,LAE,35.100295620011444
17298,381,382,LAE,14.082659602129475
17299,381,383,LAE,20.139966851252375
17300,381,382,LAE,1.9512825364615838
17301,381,387,LAE,37.356287451419
17302,381,385,LAE,37.95126224034081
17303,381,382,LAE,36.331145325438975
17304,381,382,LAE,25.623494256344014
17305,381,383,LAE,40.49135272830661
17306,381,386,LAE,1.447496117970054
17307,381,383,LAE,35.565822854355226
17308,381,383,LAE,2.039566297733607
17309,380,383,LAE,1.6099921172895928
17310,380,388,LAE,17.57240918242245
17311,380,383,LAE,20.74925019766245
17312,380,383,LAE,17.411781307901713
17313,380,384,LAE,3.5021523496265625
17314,380,384,LAE,3.6998659118396535
17315,380,383,LAE,1.2768643547371457
17316,380,383,LAE,33.6483056200762
17317,380,383,LAE,56.85025045103625
17318,380,383,LAE,33.64593445287806
17319,380,396,LAE,41.285630886529496
17320,380,383,LAE,30.62623149758737
17321,380,383,LAE,22.282375498734183
17322,381,385,LAE,42.644706012848644
17323,381,383,LAE,10.035734726571325
17324,381,389,LAE,48.93046674910126
17325,381,395,LAE,53.00352950568604
17326,381,387,LAE,30.327539799567802
17327,381,383,LAE,43.45953779400646
17328,381,383,LAE,32.796240892452886
17329,381,386,LAE,44.438999539410126
17330,381,383,LAE,34.292119257369755
17331,381,387,LAE,2.030176438483618
17332,381,383,LAE,3.5837241960503277
17333,381,383,LAE,14.906253621324165
17334,381,383,LAE,24.5096566593696
17335,381,426,LAE,11.627242680218927
17336,381,383,LAE,2.1904764194155515
17337,381,383,LAE,1.7199430164907108
17338,381,384,LAE,7.222050429004955
17339,382,383,LAE,16.875459794733235
17340,382,383,LAE,23.481704704926628
17341,382,388,LAE,38.375441893622266
17342,382,383,LAE,36.77798482751007
17343,382,383,LAE,9.093277351041072
17344,382,383,LAE,30.636454516989772
17345,382,388,LAE,29.044408286956443
17346,382,383,LAE,27.854932997160017
17347,382,383,LAE,12.940165161208144
17348,382,383,LAE,26.682983816008257
17349,382,388,LAE,31.419791931911202
17350,382,383,LAE,51.06005003261593
17351,382,388,LAE,18.997446744986455
17352,382,383,LAE,28.399114203660776
17353,382,383,LAE,25.15471581354764
17354,382,388,LAE,17.712058334608148
17355,380,392,LAE,4.251589722739534
17356,380,394,LAE,28.491801392386648
17357,380,384,LAE,15.524150371258555
17358,380,397,LAE,41.33436045590315
17359,380,384,LAE,27.33317093368284
17360,380,384,LAE,46.99969279680803
17361,380,387,LAE,19.25422557688833
17362,380,411,LAE,52.327196259972226
17363,381,384,LAE,2.073658480308466
17364,381,394,LAE,45.37461589118983
17365,381,384,LAE,11.686501184939582
17366,381,384,LAE,38.05552989671422
17367,381,384,LAE,18.290945608356402
17368,381,406,LAE,39.716547951307234
17369,381,391,LAE,20.727791914142202
17370,381,395,LAE,59.53293047910172
17371,381,384,LAE,33.26533126782383
17372,381,384,LAE,37.84675186130487
17373,382,386,LAE,23.295062504344152
17374,382,385,LAE,28.090358526295628
17375,382,384,LAE,33.57944466524819
17376,382,384,LAE,26.364573864085123
17377,382,389,LAE,9.07206355326228
17378,383,384,LAE,1.57796498390234
17379,383,384,LAE,1.0918346226503652
17380,383,385,LAE,41.63534595470167
17381,383,384,LAE,27.596170393835838
17382,383,384,LAE,23.329326371585644
17383,383,384,LAE,42.609790970568675
17384,383,384,LAE,3.9709116081682905
17385,383,386,LAE,15.390769128616956
17386,383,386,LAE,9.943188923003754
17387,383,388,LAE,2.449052836024008
17388,383,387,LAE,4.630600303990377
17389,383,384,LAE,31.144221307654593
17390,383,396,LAE,43.09063123044048
17391,381,385,LAE,33.762481282572615
17392,381,388,LAE,11.85720000095216
17393,381,401,LAE,32.626592335183496
17394,382,389,LAE,11.4891939193739
17395,382,386,LAE,45.213284871612736
17396,382,385,LAE,1.6452000763381074
17397,382,403,LAE,36.91003628367142
17398,382,385,LAE,1.6190630144981104
17399,382,392,LAE,25.82320649455472
17400,382,387,LAE,17.95113824259305
17401,382,385,LAE,44.197109304587514
17402,383,388,LAE,4.45907630345212
17403,383,387,LAE,4.8381339212497485
17404,383,398,LAE,3.7735763957616753
17405,383,385,LAE,25.881996402528454
17406,383,387,LAE,31.672678273309394
17407,383,387,LAE,22.145825913691272
17408,383,387,LAE,16.71824598406903
17409,384,389,LAE,21.945505031791814
17410,384,389,LAE,10.418763248241044
17411,384,386,LAE,15.68224397682703
17412,384,394,LAE,31.831915750191367
17413,384,385,LAE,21.779573914394543
17414,384,385,LAE,54.50939796127121
17415,384,388,LAE,39.2017780760679
17416,384,385,LAE,21.826001248613547
17417,384,385,LAE,25.83084080799747
17418,384,385,LAE,38.18297000117593
17419,384,385,LAE,21.41487194538451
17420,384,402,LAE,26.277935046555257
17421,384,385,LAE,1.8461902691440188
17422,384,386,LAE,19.72713334261341
17423,384,388,LAE,24.26580035201112
17424,384,386,LAE,19.44730541024689
17425,384,385,LAE,21.644879667361447
17426,384,385,LAE,11.38145987717091
17427,384,385,LAE,1.0067943251126217
17428,384,386,LAE,33.797755636025656
17429,384,385,LAE,8.799250853661759
17430,384,385,LAE,36.901689313094494
17431,384,385,LAE,42.7338462060201
17432,384,385,LAE,31.215434295974198
17433,384,400,LAE,39.186125707802844
17434,384,387,LAE,9.057990457430236
17435,384,394,LAE,21.673243795111468
17436,384,391,LAE,9.02584588721306
17437,384,392,LAE,26.17589367293501
17438,384,406,LAE,12.585314608016192
17439,384,385,LAE,37.86066511974498
17440,384,385,LAE,38.61855971821713
17441,384,394,LAE,31.16114340087505
17442,384,394,LAE,29.116390782277904
17443,384,385,LAE,44.063061080512824
17444,384,388,LAE,3.950136047576671
17445,384,388,LAE,32.59566815140841
17446,382,390,LAE,39.553247133048096
17447,383,386,LAE,24.005614121068508
17448,383,386,LAE,12.620894529033205
17449,383,386,LAE,15.46720111891307
17450,383,396,LAE,9.010484548937455
17451,384,413,LAE,32.39212901971009
17452,384,390,LAE,45.41550950938528
17453,384,386,LAE,20.398190910764146
17454,384,386,LAE,49.74475186279364
17455,384,396,LAE,19.50920036857406
17456,384,390,LAE,39.06617210157125
17457,384,391,LAE,54.930933466769105
17458,384,389,LAE,38.20302810393957
17459,384,392,LAE,34.49035703828975
17460,384,393,LAE,43.12123784373013
17461,384,386,LAE,22.677249971041523
17462,384,392,LAE,26.013775128578068
17463,384,386,LAE,27.53267490094812
17464,384,395,LAE,31.55000852680834
17465,384,390,LAE,32.718915095653266
17466,385,388,LAE,27.97088086367949
17467,385,387,LAE,28.14684394681748
17468,385,386,LAE,14.341446988012626
17469,385,386,LAE,26.12472561135376
17470,385,387,LAE,40.011788683340676
17471,385,391,LAE,10.381640635051454
17472,385,400,LAE,22.17609131950498
17473,385,388,LAE,14.991852758015352
17474,385,388,LAE,31.7519627137455
17475,385,409,LAE,5.526109679426474
17476,385,386,LAE,37.67979743228186
17477,385,387,LAE,1.6843969307714917
17478,385,426,LAE,27.40036673851308
17479,385,386,LAE,4.380957499553357
17480,385,386,LAE,23.87909352552673
17481,385,387,LAE,1.7555902191506043
17482,385,387,LAE,0.9555922978813518
17483,385,393,LAE,11.355757294558664
17484,385,387,LAE,27.97317579616947
17485,385,386,LAE,33.21422605450274
17486,385,387,LAE,7.802104458769358
17487,383,387,LAE,25.209151735425465
17488,383,387,LAE,7.581050058843514
17489,383,389,LAE,31.023818999740733
17490,383,396,LAE,44.21656392287233
17491,383,387,LAE,3.999146350405775
17492,383,387,LAE,21.7449265085654
17493,383,388,LAE,24.284168568329513
17494,383,390,LAE,16.29342484899619
17495,383,387,LAE,54.12409653448298
17496,384,387,LAE,36.896880392799424
17497,384,387,LAE,58.05100283854027
17498,384,387,LAE,18.368574788370285
17499,384,390,LAE,48.77119358069117
17500,384,387,LAE,7.192814883874773
17501,384,391,LAE,24.661756868364996
17502,384,387,LAE,18.88861862429262
17503,385,391,LAE,33.367281070595
17504,385,388,LAE,27.97506319922702
17505,385,387,LAE,1.649894922009517
17506,385,387,LAE,58.40563041177339
17507,385,387,LAE,1.6418548824702286
17508,385,387,LAE,46.25735498533573
17509,385,390,LAE,19.370208565763875
17510,385,387,LAE,23.476150675096456
17511,385,387,LAE,28.216670071723666
17512,385,387,LAE,23.75503461090348
17513,385,426,LAE,24.700926290024118
17514,385,387,LAE,22.66786842350241
17515,385,388,LAE,9.644632862974058
17516,385,391,LAE,34.63605316161263
17517,385,391,LAE,34.91003616819851
17518,385,392,LAE,35.64299335120276
17519,385,388,LAE,30.681710641926525
17520,385,390,LAE,31.333490013994805
17521,385,387,LAE,40.28939496891822
17522,385,387,LAE,37.30281340462111
17523,385,387,LAE,49.959143807842345
17524,385,387,LAE,31.965683134277732
17525,385,387,LAE,19.322401377504626
17526,386,387,LAE,48.6761502879861
17527,386,387,LAE,7.231235672923099
17528,386,387,LAE,16.48273151939544
17529,386,393,LAE,55.23587746040101
17530,386,387,LAE,26.135459490683036
17531,386,387,LAE,32.023629134383135
17532,386,387,LAE,16.31616244860148
17533,386,389,LAE,51.087734741123214
17534,386,387,LAE,32.20081756616431
17535,386,391,LAE,38.841429153829715
17536,386,395,LAE,19.920448983997495
17537,386,387,LAE,36.74488410568014
17538,386,387,LAE,13.96384660026018
17539,386,387,LAE,16.970339951833903
17540,386,392,LAE,22.198124310239443
17541,386,387,LAE,28.99354909754444
17542,386,387,LAE,3.705856927755226
17543,386,387,LAE,23.084261895467638
17544,384,388,LAE,18.074127322283104
17545,384,388,LAE,22.417043492433223
17546,385,388,LAE,2.442688867871856
17547,385,403,LAE,16.044421572484456
17548,385,390,LAE,1.7838558517651857
17549,385,388,LAE,1.8928775414203602
17550,385,388,LAE,49.882487047487125
17551,385,399,LAE,30.256450525915046
17552,385,388,LAE,57.803330453277695
17553,385,388,LAE,21.80949519955392
17554,386,395,LAE,36.94023778324516
17555,386,402,LAE,29.766034536959147
17556,386,395,LAE,55.030086947553
17557,386,390,LAE,13.097920400875953
17558,386,388,LAE,31.333070745953812
17559,386,388,LAE,44.67221434866701
17560,386,388,LAE,45.534311816830225
17561,386,390,LAE,45.577163845613505
17562,386,390,LAE,6.990142047542978
17563,386,388,LAE,32.82808369700848
17564,387,388,LAE,17.19074304289415
17565,387,397,LAE,3.3205490497354786
17566,387,388,LAE,35.57000863346633
17567,387,388,LAE,23.048439901193664
17568,387,388,LAE,30.746819640366496
17569,387,388,LAE,35.017084516688655
17570,387,398,LAE,20.35120584896794
17571,387,388,LAE,15.113328366399118
17572,387,394,LAE,26.767485865480094
17573,387,388,LAE,30.481451321557653
17574,387,388,LAE,39.819451495737724
17575,387,388,LAE,25.839151965935677
17576,387,388,LAE,31.441905763071976
17577,387,388,LAE,23.10290355083377
17578,387,388,LAE,35.92040657760967
17579,387,388,LAE,42.55430076493429
17580,387,388,LAE,23.955968972738173
17581,387,388,LAE,3.2198805404116912
17582,387,390,LAE,1.7639754546711748
17583,387,388,LAE,25.28031327495931
17584,387,390,LAE,32.86958666279506
17585,387,388,LAE,1.6948659308110976
17586,387,392,LAE,40.50537055230438
17587,387,388,LAE,36.81402312453121
17588,387,389,LAE,24.92932696216174
17589,387,388,LAE,32.12084494393325
17590,387,388,LAE,13.419573085707325
17591,387,395,LAE,43.69690554864253
17592,387,388,LAE,3.310741860913668
17593,387,388,LAE,1.4228905039527757
17594,385,392,LAE,43.327199584381596
17595,385,389,LAE,46.84341264751362
17596,386,389,LAE,19.99845571768476
17597,386,389,LAE,30.565689180231644
17598,386,392,LAE,26.021988747354076
17599,386,389,LAE,15.701324318900314
17600,386,391,LAE,22.51470039798949
17601,388,393,LAE,10.558016312539875
17602,388,389,LAE,45.984271762009975
17603,388,393,LAE,16.13165873932692
17604,388,389,LAE,14.951888506275516
17605,388,393,LAE,19.747873778791153
17606,386,390,LAE,27.384311944069758
17607,386,390,LAE,38.74342947465969
17608,386,390,LAE,18.669387249413482
17609,386,390,LAE,38.92810617655374
17610,386,390,LAE,17.31498343880747
17611,386,390,LAE,23.235538019715634
17612,387,391,LAE,9.408899381752148
17613,387,391,LAE,30.39547756441367
17614,387,396,LAE,12.164170734336084
17615,387,390,LAE,3.588733909696321
17616,387,391,LAE,27.64688741450348
17617,387,390,LAE,20.088797623822064
17618,387,394,LAE,19.848360341192695
17619,387,397,LAE,29.98443297063486
17620,387,391,LAE,28.21388365218102
17621,387,393,LAE,37.378555022829055
17622,387,390,LAE,41.35546595877268
17623,388,394,LAE,21.53180456300024
17624,388,390,LAE,31.340919769796038
17625,388,426,LAE,26.054386136606713
17626,388,394,LAE,14.540565208483097
17627,388,390,LAE,25.01229735728281
17628,388,426,LAE,20.608162151263137
17629,388,390,LAE,6.390945270362368
17630,388,390,LAE,36.18521043386086
17631,388,395,LAE,30.856502667959216
17632,388,391,LAE,16.83138347121039
17633,388,390,LAE,23.370445554223355
17634,388,390,LAE,1.507046692985522
17635,388,416,LAE,13.347843198707949
17636,388,390,LAE,22.276174594095313
17637,388,390,LAE,8.782961554463174
17638,388,390,LAE,16.61660889536963
17639,388,396,LAE,1.5465455685415994
17640,388,390,LAE,26.601469216782846
17641,388,395,LAE,55.197863627687795
17642,388,390,LAE,31.540863721273663
17643,388,391,LAE,47.95908817097638
17644,388,390,LAE,27.234354609586166
17645,389,403,LAE,42.16988236418825
17646,389,390,LAE,41.76925672237409
17647,389,392,LAE,10.079564086460733
17648,389,397,LAE,27.071934221736964
17649,387,392,LAE,29.828839819494466
17650,387,393,LAE,35.29806059703437
17651,387,391,LAE,8.71960328264526
17652,387,395,LAE,44.09492533020347
17653,388,391,LAE,30.531231550466607
17654,389,400,LAE,29.772394274484
17655,389,391,LAE,27.411016744095043
17656,389,391,LAE,32.52254187984748
17657,389,392,LAE,20.388430820472866
17658,389,391,LAE,25.955612016024705
17659,389,391,LAE,9.07936701164255
17660,389,391,LAE,17.620340378054756
17661,389,391,LAE,16.067898232171316
17662,389,393,LAE,30.364462882020508
17663,389,391,LAE,17.78394965792531
17664,389,395,LAE,15.900340895635575
17665,389,394,LAE,15.857548533066643
17666,389,391,LAE,35.090239326945216
17667,389,391,LAE,13.055065065532679
17668,389,391,LAE,35.77967940753141
17669,390,393,LAE,10.450847589467047
17670,390,393,LAE,3.0446565630452898
17671,390,391,LAE,52.164866103580614
17672,390,393,LAE,1.5953159096970684
17673,390,394,LAE,48.56825326857805
17674,390,391,LAE,41.2440756559807
17675,390,391,LAE,24.848046340426826
17676,390,395,LAE,26.310903274374024
17677,390,391,LAE,13.77279164674316
17678,390,397,LAE,46.63788782821302
17679,390,392,LAE,28.86813258575573
17680,390,391,LAE,20.919149770146984
17681,390,421,LAE,23.32609193181499
17682,390,391,LAE,26.014397612432074
17683,390,391,LAE,1.6184752454350275
17684,390,394,LAE,41.0502085303814
17685,390,391,LAE,2.0808567445843527
17686,390,410,LAE,49.446158712855656
17687,390,393,LAE,25.64772661647055
17688,390,391,LAE,21.624893455676286
17689,390,393,LAE,1.2726615400141392
17690,390,392,LAE,3.0208826877086845
17691,390,394,LAE,56.25921906727263
17692,390,395,LAE,46.62172821296767
17693,390,394,LAE,1.1682160009647231
17694,388,392,LAE,8.86714766834384
17695,388,392,LAE,27.25040031451141
17696,388,392,LAE,10.917925707634254
17697,388,392,LAE,21.938366820313767
17698,388,392,LAE,18.889813901949076
17699,388,392,LAE,35.501269575923736
17700,388,404,LAE,52.705655299724484
17701,388,392,LAE,44.11531971822244
17702,388,392,LAE,51.35470089887365
17703,389,402,LAE,32.97286022131139
17704,389,392,LAE,16.199871805833133
17705,389,392,LAE,32.859569422134605
17706,389,392,LAE,58.59455900174634
17707,389,398,LAE,44.36014038898953
17708,389,392,LAE,14.144506121950402
17709,389,392,LAE,51.541122830675086
17710,389,413,LAE,33.225477810674185
17711,389,392,LAE,20.511196604038535
17712,389,392,LAE,28.19684468881407
17713,389,392,LAE,52.941146497831056
17714,389,392,LAE,26.94855986084056
17715,389,392,LAE,38.730245440948536
17716,389,396,LAE,25.110347768669133
17717,389,393,LAE,53.674595933042866
17718,389,392,LAE,11.373277781303342
17719,389,399,LAE,50.38714669336116
17720,390,400,LAE,19.825811588855302
17721,390,392,LAE,23.554254241106232
17722,390,396,LAE,25.668000995698147
17723,390,392,LAE,11.716096337826412
17724,390,394,LAE,25.902631775866322
17725,390,392,LAE,14.001822156525943
17726,390,394,LAE,35.63084888795236
17727,390,392,LAE,1.9862616262809818
17728,390,392,LAE,33.60624277583078
17729,390,392,LAE,43.306772099786436
17730,390,392,LAE,40.46435018017769
17731,391,412,LAE,55.8583664796304
17732,391,393,LAE,1.933043810396931
17733,391,395,LAE,33.126978755239534
17734,391,393,LAE,30.111174172157977
17735,391,400,LAE,38.17802571089004
17736,391,396,LAE,17.494840822352984
17737,391,393,LAE,29.041124114165292
17738,391,392,LAE,42.134472402944716
17739,391,392,LAE,21.98675912868166
17740,391,394,LAE,1.7872714095144715
17741,391,393,LAE,45.897622870100925
17742,391,392,LAE,39.834306431314204
17743,391,392,LAE,2.713291107486747
17744,391,392,LAE,24.481413215296456
17745,391,394,LAE,39.43694963777491
17746,391,392,LAE,1.0879428075892164
17747,391,398,LAE,21.41481608990107
17748,391,399,LAE,20.98112113811938
17749,391,392,LAE,39.40649470124114
17750,391,392,LAE,46.26733484796316
17751,391,395,LAE,32.48339559474495
17752,391,392,LAE,0.9549100482740401
17753,391,393,LAE,14.819484347151109
17754,391,392,LAE,1.1061767404524734
17755,389,398,LAE,28.72701034167031
17756,389,393,LAE,45.08071012848693
17757,389,393,LAE,58.61226162368278
17758,389,393,LAE,25.110417584739075
17759,389,400,LAE,2.9359806763852054
17760,389,393,LAE,14.251174274778363
17761,389,393,LAE,18.52951318097654
17762,390,393,LAE,42.92965708621187
17763,390,400,LAE,12.17011203478965
17764,390,395,LAE,3.235284287148732
17765,390,393,LAE,23.79546519048999
17766,390,393,LAE,43.306738767393924
17767,390,393,LAE,3.8393737623886235
17768,390,393,LAE,32.50118005474749
17769,390,393,LAE,9.966919912423638
17770,390,393,LAE,26.306752871453472
17771,390,393,LAE,1.9821022212392512
17772,391,394,LAE,28.194681061162814
17773,391,393,LAE,45.68892910185754
17774,391,407,LAE,27.71856583537111
17775,391,393,LAE,27.465113714026394
17776,391,393,LAE,19.806394168345278
17777,391,393,LAE,37.69718821367819
17778,391,403,LAE,38.83724095242617
17779,391,393,LAE,39.72797810004951
17780,391,393,LAE,17.896063146465124
17781,391,393,LAE,12.827724311929359
17782,391,399,LAE,27.910146974772854
17783,391,393,LAE,24.97983839650211
17784,391,398,LAE,3.6098528572742947
17785,391,393,LAE,39.12807988402581
17786,391,393,LAE,53.54898510870372
17787,391,393,LAE,29.732811364519517
17788,391,393,LAE,2.872062381086087
17789,391,393,LAE,1.1120242257486055
17790,391,393,LAE,34.298627738012094
17791,391,393,LAE,12.640588896624765
17792,391,393,LAE,20.90662534802479
17793,391,393,LAE,4.076496953209964
17794,391,393,LAE,33.19439357504749
17795,392,396,LAE,25.24704624190838
17796,392,393,LAE,30.34274253346092
17797,392,393,LAE,0.8025583886953972
17798,392,393,LAE,17.20191072501773
17799,392,396,LAE,7.709945888008794
17800,392,396,LAE,41.78152306312599
17801,392,394,LAE,32.57078089367114
17802,392,393,LAE,33.61542535234922
17803,392,393,LAE,2.799370654275702
17804,392,395,LAE,1.196338333552018
17805,392,393,LAE,0.8356559679181488
17806,392,396,LAE,37.6644093549507
17807,392,393,LAE,32.02539052772502
17808,392,395,LAE,1.0245954499600027
17809,392,393,LAE,58.68788681489151
17810,392,396,LAE,45.14273641084871
17811,392,398,LAE,31.113403944075777
17812,390,404,LAE,21.675789521150673
17813,390,397,LAE,24.906934759869905
17814,390,395,LAE,10.164376319112133
17815,390,394,LAE,37.97594543784743
17816,390,394,LAE,14.467779527811595
17817,390,395,LAE,27.342408139760245
17818,390,394,LAE,8.083244952371892
17819,390,396,LAE,20.049366742117265
17820,390,394,LAE,14.774945369822637
17821,390,394,LAE,24.05001818293237
17822,391,396,LAE,25.872446887483346
17823,391,394,LAE,32.70288637037546
17824,392,395,LAE,21.10310848559502
17825,392,394,LAE,0.8212554732053102
17826,392,394,LAE,22.511792315723902
17827,392,396,LAE,11.220662264054347
17828,392,394,LAE,1.6975858893133695
17829,392,394,LAE,19.988465119078448
17830,392,394,LAE,30.994546296368043
17831,392,394,LAE,1.6492910610606644
17832,392,394,LAE,32.17390763554947
17833,392,394,LAE,19.610036462940965
17834,392,397,LAE,20.314498594082735
17835,392,394,LAE,23.248156920465814
17836,393,399,LAE,31.22010079206982
17837,393,394,LAE,3.5819011085771284
17838,393,401,LAE,36.334056030410515
17839,393,394,LAE,30.773177646353922
17840,393,395,LAE,57.935073807363246
17841,393,398,LAE,54.57452413035448
17842,393,396,LAE,11.2483936494686
17843,393,394,LAE,58.71879700344439
17844,393,406,LAE,49.94760679012312
17845,393,396,LAE,40.21882335097294
17846,393,394,LAE,48.50990255176908
17847,393,402,LAE,23.722605817328436
17848,393,394,LAE,0.9475324837846036
17849,393,394,LAE,0.908402482232616
17850,393,394,LAE,24.998747227274375
17851,393,398,LAE,11.072992599367176
17852,393,425,LAE,36.455843379139836
17853,393,403,LAE,51.30145933662264
17854,393,401,LAE,1.5685704610203453
17855,393,394,LAE,34.868013685961124
17856,393,400,LAE,22.23098760097288
17857,393,394,LAE,25.766783478377587
17858,391,395,LAE,7.429066871605351
17859,392,395,LAE,30.144204643737115
17860,392,401,LAE,36.73731350350679
17861,392,400,LAE,18.101770654171087
17862,392,395,LAE,16.09470919541424
17863,392,395,LAE,19.492030209536757
17864,393,397,LAE,20.90132421548008
17865,393,395,LAE,47.84898060487491
17866,393,395,LAE,1.0274446639630916
17867,393,397,LAE,37.610249327160275
17868,393,398,LAE,29.977190372623998
17869,393,404,LAE,13.44246408448429
17870,393,395,LAE,25.5985377583758
17871,394,401,LAE,12.822291700911189
17872,394,407,LAE,18.914439307853453
17873,394,395,LAE,28.37643556200334
17874,394,403,LAE,29.40528783380525
17875,394,422,LAE,43.640183537911746
17876,394,398,LAE,49.54099620242495
17877,394,398,LAE,33.270192867493805
17878,394,399,LAE,39.90462650118788
17879,394,395,LAE,26.580472612860486
17880,394,395,LAE,20.095310649816625
17881,394,395,LAE,13.674563953487352
17882,394,395,LAE,28.842431988097058
17883,394,397,LAE,15.6946321409782
17884,394,398,LAE,13.916361954016425
17885,394,397,LAE,28.251059539368086
17886,394,395,LAE,21.203731710175674
17887,394,395,LAE,18.017182024450843
17888,394,395,LAE,22.25655765143326
17889,394,395,LAE,3.2322916520145277
17890,394,395,LAE,44.76373502643955
17891,394,395,LAE,17.713453924798007
17892,394,397,LAE,22.30519464970885
17893,394,402,LAE,1.461056279054631
17894,394,395,LAE,39.92520599010745
17895,394,395,LAE,4.05288790601203
17896,394,395,LAE,7.841438308485995
17897,394,395,LAE,1.7204435449165423
17898,394,395,LAE,16.735474995117137
17899,394,395,LAE,1.6401702092384316
17900,394,397,LAE,29.837807374426525
17901,394,397,LAE,21.00681880504346
17902,394,398,LAE,2.340563705056964
17903,394,395,LAE,1.1917586487311596
17904,392,401,LAE,20.196570900473716
17905,392,396,LAE,31.014297721891747
17906,392,396,LAE,42.97633290693056
17907,392,396,LAE,31.778829402489972
17908,392,405,LAE,37.65870539459036
17909,392,396,LAE,2.556818056193544
17910,392,396,LAE,7.863582155846903
17911,392,396,LAE,29.004896146510056
17912,392,397,LAE,23.93958335991707
17913,393,404,LAE,21.550230985178963
17914,393,396,LAE,28.828055809604457
17915,393,396,LAE,12.807457872992481
17916,393,400,LAE,30.38499149818822
17917,394,396,LAE,21.229948233061673
17918,394,396,LAE,36.85135185513317
17919,394,405,LAE,52.62961024632505
17920,394,396,LAE,23.819027120045117
17921,394,396,LAE,23.810670281950287
17922,394,397,LAE,10.3052548870482
17923,394,398,LAE,22.405888914459677
17924,394,410,LAE,27.602046413344304
17925,394,400,LAE,20.19932298626834
17926,394,396,LAE,20.58538878655335
17927,394,396,LAE,21.07270156680103
17928,394,400,LAE,40.7903531211974
17929,394,396,LAE,16.926074104520858
17930,395,396,LAE,1.3744229775587544
17931,395,396,LAE,24.0577959696977
17932,395,396,LAE,58.645128316166925
17933,395,396,LAE,1.3059136539977927
17934,395,396,LAE,41.98679651766485
17935,395,396,LAE,45.51827912649325
17936,395,397,LAE,27.53665399910066
17937,395,397,LAE,28.108147995982147
17938,395,396,LAE,35.49896251522118
17939,395,396,LAE,0.8223123687679608
17940,395,396,LAE,35.03243698132804
17941,395,397,LAE,40.60940904782502
17942,395,396,LAE,28.120087028156096
17943,395,396,LAE,1.4583040104065628
17944,395,396,LAE,22.925053177754982
17945,395,396,LAE,38.28680569717473
17946,395,397,LAE,36.55836149548726
17947,395,399,LAE,49.08226334018426
17948,395,397,LAE,28.07470861458189
17949,393,397,LAE,20.021888871923448
17950,393,397,LAE,22.857098627622403
17951,394,397,LAE,54.61178003622804
17952,394,403,LAE,44.65362812317049
17953,394,397,LAE,48.69942864535806
17954,395,397,LAE,26.678645774318483
17955,395,401,LAE,24.703909665356175
17956,395,397,LAE,1.5814131243605158
17957,395,403,LAE,34.08460608852635
17958,395,398,LAE,27.142369607330487
17959,395,397,LAE,1.2058256308355293
17960,396,397,LAE,22.187639997423027
17961,396,397,LAE,13.18893649911685
17962,396,397,LAE,24.192981456409132
17963,396,397,LAE,24.93026761975483
17964,396,397,LAE,18.64249158794365
17965,396,397,LAE,8.264007489452236
17966,396,399,LAE,4.339621666247013
17967,396,397,LAE,17.85678705898108
17968,396,397,LAE,3.931090656417129
17969,396,398,LAE,38.71912154361515
17970,396,397,LAE,32.444541227626125
17971,396,397,LAE,22.78220594381791
17972,396,397,LAE,1.2653627515623176
17973,396,402,LAE,29.0658256407733
17974,396,397,LAE,34.53460910487924
17975,396,397,LAE,22.60309488521937
17976,396,397,LAE,27.28421105103169
17977,396,397,LAE,36.26831080177498
17978,396,397,LAE,8.066663568622452
17979,396,402,LAE,29.718448117286687
17980,396,397,LAE,23.470987288482096
17981,396,397,LAE,25.684806636106558
17982,396,397,LAE,53.42920703273582
17983,396,400,LAE,25.68293540023296
17984,396,397,LAE,40.81948075181115
17985,396,400,LAE,29.43599555941349
17986,396,413,LAE,46.48371044673613
17987,396,401,LAE,32.745615210616315
17988,396,399,LAE,18.786630773919335
17989,396,397,LAE,23.2246401161976
17990,396,397,LAE,0.9623089009737171
17991,396,397,LAE,51.769088027501965
17992,396,397,LAE,1.5253102618620609
17993,396,397,LAE,41.02378162616148
17994,396,397,LAE,26.050816226882535
17995,396,397,LAE,2.1416992228250256
17996,396,397,LAE,30.052955798013908
17997,396,406,LAE,25.06052638829405
17998,396,397,LAE,31.329500467020956
17999,396,397,LAE,1.3767896674809
18000,396,397,LAE,19.024454340925978
18001,396,401,LAE,39.41035546093192
18002,396,402,LAE,21.01968694159694
18003,396,398,LAE,0.9962276628782696
18004,396,397,LAE,18.196194479406127
18005,394,407,LAE,52.41258830718601
18006,394,398,LAE,24.029061939683174
18007,395,406,LAE,29.409492457919313
18008,395,409,LAE,32.18705148586783
18009,396,398,LAE,8.565413700021612
18010,396,398,LAE,23.867552347223018
18011,396,425,LAE,59.192435530158235
18012,396,404,LAE,28.7885211314213
18013,396,398,LAE,1.2328170948430281
18014,396,408,LAE,19.561632919733363
18015,396,398,LAE,25.976873998451385
18016,396,398,LAE,11.614777470139655
18017,396,398,LAE,29.95531696796458
18018,396,398,LAE,45.89692501055153
18019,397,399,LAE,28.223459414343314
18020,397,404,LAE,46.87375871619651
18021,397,398,LAE,54.574097817667834
18022,397,398,LAE,9.333898553841692
18023,397,398,LAE,26.880034363654115
18024,397,402,LAE,24.522451627825685
18025,397,398,LAE,3.2293375088301666
18026,395,402,LAE,18.59072784121368
18027,395,425,LAE,47.2497611443649
18028,396,419,LAE,56.76515676941527
18029,396,399,LAE,15.343114965171745
18030,396,404,LAE,35.06446422566602
18031,396,401,LAE,1.8242233474856733
18032,396,405,LAE,32.304808866403
18033,397,402,LAE,47.760688888701786
18034,397,402,LAE,8.696506828484102
18035,397,399,LAE,41.792787695428984
18036,397,404,LAE,54.29669116277735
18037,397,399,LAE,38.77336925084425
18038,397,399,LAE,1.3536956084372398
18039,398,404,LAE,16.25995440473316
18040,398,399,LAE,25.946435118559055
18041,398,401,LAE,37.05739345738433
18042,398,400,LAE,18.402214798205506
18043,398,401,LAE,29.385529649242695
18044,398,400,LAE,32.6324063006395
18045,398,399,LAE,0.7770556546634806
18046,398,405,LAE,21.939650827945446
18047,398,399,LAE,30.73430927592003
18048,398,399,LAE,42.99308598364258
18049,398,406,LAE,46.38235707571
18050,398,400,LAE,29.88420602934563
18051,398,399,LAE,0.8515202808388261
18052,398,426,LAE,14.793765172341027
18053,398,400,LAE,1.9509050105150352
18054,398,399,LAE,28.453492560207206
18055,398,399,LAE,12.501295695681936
18056,398,401,LAE,51.54894932710805
18057,398,402,LAE,30.336414805803898
18058,398,399,LAE,13.462808447534336
18059,398,399,LAE,13.373991808825286
18060,396,400,LAE,30.177109251015164
18061,397,406,LAE,51.74560719491036
18062,397,400,LAE,16.87434238317153
18063,397,400,LAE,26.022833557277604
18064,397,400,LAE,27.158180451917563
18065,398,411,LAE,22.794181387364894
18066,398,400,LAE,21.131874291191068
18067,398,400,LAE,18.04733189965643
18068,398,400,LAE,29.185240760518965
18069,398,400,LAE,53.2942912457818
18070,398,400,LAE,31.812001190490356
18071,398,400,LAE,26.29334821497019
18072,398,400,LAE,22.854990555913986
18073,398,426,LAE,55.271484368458744
18074,398,400,LAE,21.095641065500793
18075,398,400,LAE,8.96542021405656
18076,398,400,LAE,49.865620078536836
18077,398,400,LAE,31.368231188624197
18078,398,406,LAE,18.302907598489437
18079,399,400,LAE,14.506077896571647
18080,399,400,LAE,14.352980561729547
18081,399,400,LAE,1.0278860167705677
18082,399,400,LAE,0.8611372344911918
18083,399,406,LAE,31.909050431134602
18084,399,401,LAE,0.8742339795598362
18085,399,402,LAE,23.49581728084769
18086,399,401,LAE,0.9273342605342633
18087,399,401,LAE,41.39084776697671
18088,399,409,LAE,18.399289450922456
18089,399,400,LAE,3.3924538118246987
18090,399,402,LAE,32.24388293938914
18091,399,404,LAE,10.568844022785587
18092,399,400,LAE,25.240789643786858
18093,399,400,LAE,0.7990795542201719
18094,399,401,LAE,0.8334253597458928
18095,399,426,LAE,28.324838006473698
18096,399,400,LAE,1.9143551788312372
18097,397,401,LAE,21.866049521035993
18098,398,404,LAE,32.71684144587672
18099,398,404,LAE,17.826963333591994
18100,398,401,LAE,40.69608723684148
18101,398,401,LAE,27.648912199695907
18102,398,401,LAE,27.07200917134655
18103,398,401,LAE,23.468014862271048
18104,398,426,LAE,19.562451330530024
18105,398,401,LAE,47.08076682279371
18106,398,401,LAE,39.646590454908925
18107,398,401,LAE,0.9707489001840816
18108,398,401,LAE,20.7506160517224
18109,398,401,LAE,56.6825927427142
18110,398,406,LAE,16.150349627594398
18111,398,406,LAE,29.166152232157167
18112,398,407,LAE,29.712498404997863
18113,398,401,LAE,17.852920480713234
18114,398,401,LAE,16.790522038762894
18115,398,416,LAE,9.283171369012681
18116,398,403,LAE,8.030240646460301
18117,398,407,LAE,22.79327960080806
18118,398,401,LAE,40.187201622849834
18119,398,409,LAE,17.92618460165918
18120,398,403,LAE,32.97001977764631
18121,398,401,LAE,30.42105856382193
18122,398,402,LAE,15.540692610545765
18123,399,401,LAE,0.9986693346563166
18124,399,406,LAE,28.822740473381394
18125,399,401,LAE,28.96541241489971
18126,399,402,LAE,19.251039727913525
18127,399,401,LAE,16.940020506066244
18128,399,405,LAE,11.94333078915479
18129,399,411,LAE,40.37931843088031
18130,399,402,LAE,2.770452486383066
18131,400,401,LAE,22.595947528718447
18132,400,401,LAE,2.1850904202026555
18133,400,401,LAE,0.9065663101867016
18134,400,401,LAE,0.8966087011941675
18135,400,426,LAE,27.013579281181798
18136,400,401,LAE,9.679451474065663
18137,400,404,LAE,39.17713444194525
18138,400,401,LAE,20.78829524956829
18139,400,401,LAE,3.0577378721055557
18140,400,401,LAE,14.800696977795624
18141,400,401,LAE,27.12685394619318
18142,400,426,LAE,2.1972296367450603
18143,400,401,LAE,30.789802049092092
18144,400,401,LAE,18.487791927212776
18145,400,401,LAE,2.901661984293422
18146,400,401,LAE,30.612598953948734
18147,400,425,LAE,48.484201629958825
18148,400,401,LAE,13.75098103689134
18149,398,402,LAE,5.975695541490526
18150,398,402,LAE,55.90186042305108
18151,398,402,LAE,28.039701249091294
18152,398,402,LAE,12.37630428648306
18153,399,402,LAE,35.14709117410929
18154,399,402,LAE,7.374398338670168
18155,399,409,LAE,9.49829166315903
18156,399,402,LAE,23.74308805060338
18157,399,402,LAE,10.526205216454963
18158,399,425,LAE,22.65360135475205
18159,399,402,LAE,9.607571594361445
18160,399,402,LAE,48.98917847068329
18161,399,402,LAE,15.637401108900747
18162,400,403,LAE,11.310454874839726
18163,400,408,LAE,50.142100738119474
18164,400,407,LAE,54.20030184012962
18165,400,426,LAE,27.23273905610066
18166,400,415,LAE,58.421903982081076
18167,400,409,LAE,24.035189825415117
18168,400,407,LAE,23.404070499139397
18169,400,402,LAE,19.524026967537786
18170,400,414,LAE,29.07317806973445
18171,400,402,LAE,34.56907521471949
18172,400,421,LAE,2.080890325276208
18173,401,410,LAE,40.66700293429683
18174,401,414,LAE,22.98924979081961
18175,401,411,LAE,3.177380688552636
18176,401,409,LAE,54.15650649026631
18177,401,402,LAE,0.8801139006668104
18178,401,403,LAE,29.569334827341493
18179,401,416,LAE,20.18640359210983
18180,401,406,LAE,4.856658072782282
18181,401,406,LAE,43.533955536122114
18182,401,426,LAE,8.626709818298341
18183,401,402,LAE,17.479329747243764
18184,401,414,LAE,5.830975579456705
18185,401,402,LAE,0.838617359709412
18186,399,404,LAE,18.982238086136984
18187,399,407,LAE,38.14391371405959
18188,399,403,LAE,3.0606733654433036
18189,399,403,LAE,19.094495043997902
18190,399,403,LAE,32.85190996369757
18191,400,403,LAE,19.537243781836487
18192,400,413,LAE,1.9805784616876194
18193,400,404,LAE,25.64224242589266
18194,400,408,LAE,24.879922614179787
18195,400,403,LAE,24.292514033287855
18196,401,404,LAE,2.3323050751605847
18197,401,405,LAE,45.29401284882139
18198,401,407,LAE,12.596188065465611
18199,401,406,LAE,13.130188427650037
18200,401,405,LAE,23.048574345162525
18201,401,403,LAE,39.405134751328205
18202,401,403,LAE,19.993670339789638
18203,401,405,LAE,12.473277128149798
18204,401,416,LAE,29.345907589371762
18205,401,404,LAE,7.941601789310835
18206,401,403,LAE,25.696735585918347
18207,401,403,LAE,16.890524950428684
18208,402,406,LAE,44.25669514040183
18209,402,403,LAE,21.584249893757057
18210,402,404,LAE,25.174587956611745
18211,402,405,LAE,24.02430154087824
18212,402,403,LAE,23.15457500490199
18213,402,407,LAE,18.31811076230107
18214,402,403,LAE,49.07582399163853
18215,402,403,LAE,28.015522834093495
18216,402,403,LAE,9.973352972060226
18217,402,403,LAE,9.616496300519813
18218,402,403,LAE,21.52400768582552
18219,402,404,LAE,3.2881006354665194
18220,402,425,LAE,32.41104788634439
18221,402,404,LAE,29.167447481356636
18222,402,403,LAE,23.13904927648393
18223,402,403,LAE,26.189803025603876
18224,402,408,LAE,36.902865965612385
18225,402,420,LAE,25.859179082531277
18226,400,412,LAE,34.174760618891305
18227,400,409,LAE,24.777212209619552
18228,400,408,LAE,12.640936725797543
18229,400,409,LAE,24.22335433276928
18230,401,405,LAE,1.7077893733029328
18231,401,404,LAE,52.34582006597407
18232,401,407,LAE,10.220199280256532
18233,401,404,LAE,7.298156970590433
18234,401,407,LAE,20.746150600043816
18235,401,404,LAE,10.431828971285183
18236,401,426,LAE,19.437285436569823
18237,402,414,LAE,25.88600174229868
18238,402,406,LAE,11.524284672871584
18239,402,426,LAE,18.837159071813453
18240,402,404,LAE,25.23217310864903
18241,402,404,LAE,24.62696563581671
18242,403,404,LAE,25.297347317455063
18243,403,407,LAE,21.735515607161283
18244,403,407,LAE,29.57509454451892
18245,403,404,LAE,29.34128097779279
18246,403,413,LAE,23.688865506376633
18247,403,410,LAE,14.166244814087591
18248,403,404,LAE,10.053594266398546
18249,403,404,LAE,39.44729730127179
18250,403,413,LAE,18.36890100996761
18251,403,404,LAE,21.3153341530341
18252,403,405,LAE,27.33632390770703
18253,403,405,LAE,32.9856240691641
18254,403,407,LAE,26.02620538693169
18255,403,404,LAE,17.511079352432755
18256,403,404,LAE,17.196950938384923
18257,403,417,LAE,24.233627918528555
18258,403,408,LAE,32.627931009540575
18259,403,404,LAE,28.266058898757557
18260,403,415,LAE,1.5967062570094417
18261,403,408,LAE,23.3631897054387
18262,403,404,LAE,20.998205369676974
18263,403,407,LAE,21.076112556431042
18264,403,404,LAE,22.57642187130507
18265,403,408,LAE,13.90546255901074
18266,403,404,LAE,38.535136547354234
18267,403,404,LAE,24.644776939542176
18268,403,404,LAE,17.973783113148716
18269,403,404,LAE,50.30512461463597
18270,403,404,LAE,3.2248756370027274
18271,403,407,LAE,20.605163978693128
18272,403,404,LAE,0.6833220018332394
18273,403,405,LAE,24.937705173854866
18274,403,405,LAE,14.346088365872193
18275,403,404,LAE,23.656615786970633
18276,403,408,LAE,25.63955100046859
18277,403,426,LAE,20.203695005821
18278,403,404,LAE,16.616975343395847
18279,403,404,LAE,35.53222661862182
18280,403,404,LAE,15.051797451712536
18281,403,404,LAE,2.2928791914313953
18282,403,404,LAE,25.856929235415457
18283,403,404,LAE,22.99977186091347
18284,403,405,LAE,13.683882290040144
18285,403,404,LAE,2.439109561250546
18286,403,404,LAE,15.086302516117783
18287,403,409,LAE,1.5884048651274205
18288,403,423,LAE,59.006924522767626
18289,403,404,LAE,10.968765264802617
18290,401,409,LAE,14.499277601905733
18291,401,405,LAE,53.694714433580494
18292,401,405,LAE,30.37610027988154
18293,401,407,LAE,26.592476948765427
18294,401,412,LAE,24.567758061729727
18295,401,405,LAE,17.920710567702354
18296,401,405,LAE,19.765977174172466
18297,401,411,LAE,18.886612061117482
18298,401,405,LAE,2.7841754069738585
18299,401,405,LAE,19.75470119294495
18300,401,418,LAE,21.548945772681503
18301,401,407,LAE,7.221121204072914
18302,401,406,LAE,29.10421895047206
18303,401,405,LAE,2.8616992800967616
18304,401,407,LAE,29.963561204206513
18305,401,405,LAE,34.69998351096509
18306,401,405,LAE,13.452816283177938
18307,402,405,LAE,26.27057736441994
18308,402,405,LAE,38.15511366133674
18309,402,411,LAE,1.0790834982757025
18310,402,405,LAE,12.080392612522544
18311,402,410,LAE,29.25092613876648
18312,402,405,LAE,23.063296592067847
18313,402,406,LAE,16.518383528938703
18314,402,407,LAE,19.796969179859826
18315,402,409,LAE,41.38660925855133
18316,402,405,LAE,37.40898090564088
18317,403,408,LAE,1.6317437873954752
18318,403,412,LAE,8.500875994845764
18319,403,426,LAE,29.573053631692904
18320,403,405,LAE,24.060985397061636
18321,403,405,LAE,24.939740879193163
18322,403,407,LAE,2.564443822087882
18323,403,412,LAE,31.629290310009452
18324,403,405,LAE,40.50229348889349
18325,403,410,LAE,10.718563048042968
18326,403,405,LAE,23.010411601422685
18327,403,409,LAE,9.305468787822088
18328,403,407,LAE,23.84066990939678
18329,403,405,LAE,23.10235134753645
18330,403,409,LAE,33.79058513779159
18331,404,405,LAE,23.87957360815609
18332,404,412,LAE,20.31380618373446
18333,404,405,LAE,32.219650498989786
18334,404,405,LAE,29.170898485825223
18335,404,405,LAE,34.89886163508029
18336,404,413,LAE,24.108750237992684
18337,404,408,LAE,21.13551975939803
18338,404,405,LAE,15.43601807773356
18339,404,405,LAE,22.217373577041737
18340,404,415,LAE,22.80601153876501
18341,404,414,LAE,33.41918934226955
18342,404,409,LAE,13.614300488688729
18343,404,407,LAE,27.22876722611356
18344,404,407,LAE,27.620842203363264
18345,404,405,LAE,18.34101519696408
18346,402,408,LAE,22.48582010323881
18347,402,406,LAE,8.701734787190881
18348,402,406,LAE,20.71935107630015
18349,402,415,LAE,39.65322276695878
18350,403,426,LAE,2.052643715459866
18351,403,418,LAE,28.0428992129132
18352,403,406,LAE,39.22483969840734
18353,404,406,LAE,12.390211082111113
18354,404,407,LAE,28.080458592042373
18355,404,409,LAE,52.88268046520306
18356,404,406,LAE,1.5548851904433811
18357,404,407,LAE,16.344952975244304
18358,404,406,LAE,43.203319568577
18359,404,409,LAE,23.441059573411607
18360,404,410,LAE,6.7697175966738135
18361,404,406,LAE,22.959733431011333
18362,404,406,LAE,12.446190965668317
18363,405,407,LAE,22.039438856934424
18364,405,422,LAE,30.897628034842146
18365,405,407,LAE,25.141537577111563
18366,405,409,LAE,18.543773840651962
18367,405,406,LAE,18.566147741236357
18368,405,406,LAE,28.08198578982471
18369,405,426,LAE,19.45999890929311
18370,405,406,LAE,35.71291378333974
18371,405,406,LAE,24.413059233442272
18372,405,412,LAE,40.82702008614406
18373,405,406,LAE,18.179477213653755
18374,405,411,LAE,25.151254564116563
18375,405,406,LAE,37.75210800570322
18376,405,406,LAE,13.377060817877137
18377,405,409,LAE,1.617513205508519
18378,403,407,LAE,19.995659944089635
18379,403,410,LAE,19.980449768352624
18380,403,407,LAE,2.1739456949319282
18381,403,407,LAE,30.279379934515163
18382,403,412,LAE,21.269733283813785
18383,403,407,LAE,22.564594061397464
18384,403,411,LAE,3.4904329321363177
18385,403,413,LAE,14.990216780668284
18386,404,407,LAE,23.307360694160806
18387,404,408,LAE,43.9582297700642
18388,404,407,LAE,25.312562405733612
18389,405,411,LAE,31.343930347937583
18390,405,407,LAE,13.947354800190247
18391,405,415,LAE,9.158114187711726
18392,405,407,LAE,24.04531719423961
18393,405,407,LAE,23.50472359780053
18394,405,407,LAE,38.175491493207176
18395,405,407,LAE,45.649926253658876
18396,405,423,LAE,20.98389807002024
18397,405,407,LAE,33.42563922570774
18398,405,407,LAE,24.435155700600596
18399,406,407,LAE,2.386102942385942
18400,406,407,LAE,1.5930235577624312
18401,406,419,LAE,28.68757722883611
18402,406,411,LAE,53.483667825403785
18403,406,407,LAE,47.01777470870556
18404,406,407,LAE,1.774080071648564
18405,406,425,LAE,28.801516119151483
18406,406,426,LAE,2.2691139606346886
18407,406,418,LAE,18.349305699040976
18408,406,420,LAE,0.9769545992708861
18409,406,409,LAE,36.969064448188256
18410,406,408,LAE,26.495690649718686
18411,406,407,LAE,21.89468803386025
18412,406,407,LAE,26.82692660746504
18413,406,407,LAE,57.23924002304889
18414,404,408,LAE,19.333197442379177
18415,404,408,LAE,37.440938884459335
18416,405,409,LAE,15.652493478087047
18417,405,412,LAE,2.828562465332885
18418,405,420,LAE,15.739642884911106
18419,405,408,LAE,15.165477798090997
18420,405,409,LAE,35.451292049619454
18421,406,408,LAE,13.626050717483935
18422,406,410,LAE,11.226402862307996
18423,406,411,LAE,17.959976461919442
18424,406,408,LAE,31.978808835937496
18425,406,414,LAE,1.598871536107224
18426,406,408,LAE,2.036616744276202
18427,406,426,LAE,37.69509241205667
18428,406,408,LAE,33.61394077857781
18429,407,410,LAE,19.36154259891205
18430,407,410,LAE,1.3414438535265831
18431,407,425,LAE,13.880900825231702
18432,407,414,LAE,1.2291522226964946
18433,407,408,LAE,0.9799738849099479
18434,407,426,LAE,23.84212056447361
18435,407,408,LAE,8.708203033607752
18436,407,426,LAE,20.09332047339744
18437,407,417,LAE,2.63016198996793
18438,407,426,LAE,1.6399747499308177
18439,407,410,LAE,52.18308638078889
18440,407,417,LAE,22.475055940628103
18441,407,409,LAE,6.134718541684783
18442,407,408,LAE,31.50811032496465
18443,407,426,LAE,21.00567996749209
18444,407,408,LAE,0.9772104321794044
18445,407,409,LAE,1.5128180636013975
18446,407,408,LAE,37.893436843079584
18447,407,412,LAE,1.5249497450790548
18448,407,421,LAE,22.75663661404832
18449,407,411,LAE,22.6830562892693
18450,407,409,LAE,26.19697276893653
18451,407,409,LAE,39.62196865797477
18452,407,408,LAE,0.8873918322647038
18453,407,412,LAE,1.4189642369187638
18454,407,426,LAE,38.706960456798946
18455,407,408,LAE,37.26247040827737
18456,407,415,LAE,18.01150538249501
18457,407,426,LAE,1.3792067323099035
18458,407,418,LAE,30.6069890599045
18459,407,425,LAE,20.149217524520587
18460,405,409,LAE,24.399225910785237
18461,405,409,LAE,9.450542698833667
18462,405,409,LAE,41.606184075200076
18463,405,414,LAE,9.387668458283125
18464,405,413,LAE,8.236198279729683
18465,406,409,LAE,12.228832258893588
18466,406,409,LAE,25.420164659072825
18467,406,409,LAE,21.8781099888743
18468,406,411,LAE,33.18822218431275
18469,406,409,LAE,42.293351608380924
18470,407,426,LAE,17.378564098980817
18471,407,418,LAE,37.623908163065714
18472,407,412,LAE,17.112808342223605
18473,407,409,LAE,1.165850004699659
18474,407,409,LAE,11.840528760448008
18475,407,415,LAE,40.93619333234509
18476,407,410,LAE,20.48114179989366
18477,407,409,LAE,10.306820711989031
18478,408,414,LAE,32.84611603579913
18479,408,421,LAE,6.187056657791219
18480,408,410,LAE,15.915084454160839
18481,408,411,LAE,1.474489674298119
18482,408,409,LAE,1.6457601663873611
18483,408,423,LAE,41.15548810674031
18484,408,409,LAE,47.98996060235925
18485,408,415,LAE,20.872879873460114
18486,408,416,LAE,20.71360234712118
18487,408,409,LAE,21.02781418979197
18488,408,409,LAE,31.6810956046314
18489,408,409,LAE,6.400884755016071
18490,408,426,LAE,9.340487284787867
18491,408,409,LAE,1.1455614204840745
18492,408,425,LAE,21.190087101846498
18493,408,409,LAE,26.530930002623
18494,408,410,LAE,33.013410480536145
18495,408,412,LAE,26.243570557917828
18496,408,409,LAE,2.6295510418547985
18497,408,414,LAE,16.70546238522884
18498,408,410,LAE,17.934515715231555
18499,408,413,LAE,31.95546306239058
18500,408,409,LAE,11.691057312413207
18501,408,413,LAE,28.190578982720258
18502,408,409,LAE,17.43166531591588
18503,406,410,LAE,36.82041394890752
18504,406,410,LAE,8.162256981865703
18505,406,412,LAE,33.367063670868724
18506,406,412,LAE,28.846505385698123
18507,407,412,LAE,13.21818898378553
18508,407,414,LAE,39.15787652619018
18509,408,410,LAE,2.525488105486311
18510,408,410,LAE,27.89117752272144
18511,408,415,LAE,19.055037925399223
18512,408,410,LAE,36.55544274334226
18513,408,412,LAE,1.0474126841936207
18514,408,410,LAE,1.6191924074244495
18515,408,426,LAE,27.71141406119206
18516,408,424,LAE,20.591450230400334
18517,408,418,LAE,13.061390103832125
18518,408,418,LAE,32.21001387833321
18519,408,411,LAE,27.875079002773127
18520,408,410,LAE,20.010504653304242
18521,408,416,LAE,19.405558830446726
18522,408,410,LAE,1.0055176520399292
18523,408,416,LAE,1.068360199562241
18524,408,410,LAE,1.1998858833390769
18525,408,415,LAE,20.30964029440745
18526,409,422,LAE,1.1376324526413006
18527,409,413,LAE,19.824392878981005
18528,409,410,LAE,15.579740361487488
18529,409,425,LAE,2.502976330477345
18530,409,414,LAE,13.80918385657938
18531,409,420,LAE,17.384446518959013
18532,409,410,LAE,18.327608576715935
18533,409,426,LAE,22.929021814401022
18534,409,410,LAE,22.681505236882778
18535,409,410,LAE,22.741972861398587
18536,409,414,LAE,2.4083729206330955
18537,409,410,LAE,21.054588502220717
18538,409,414,LAE,20.15935202256439
18539,409,426,LAE,2.3458653851561437
18540,409,410,LAE,10.316917177551037
18541,409,413,LAE,23.384504326830655
18542,409,422,LAE,21.529110781634845
18543,409,412,LAE,25.527973005203933
18544,409,411,LAE,10.458606977872865
18545,409,410,LAE,37.43063145844421
18546,409,410,LAE,1.3502480245261321
18547,409,410,LAE,1.9565018400283598
18548,407,425,LAE,1.638139003711608
18549,407,411,LAE,1.0853507855216278
18550,407,412,LAE,1.2223296191515636
18551,407,411,LAE,1.433118045922694
18552,407,411,LAE,20.384898256772345
18553,408,426,LAE,7.152018389927737
18554,408,411,LAE,1.161874121558686
18555,408,412,LAE,13.552567885272133
18556,408,426,LAE,1.822664737066161
18557,408,411,LAE,27.422790573435375
18558,408,411,LAE,18.112184600541614
18559,409,426,LAE,2.3432606233174753
18560,409,412,LAE,2.336429633303652
18561,409,413,LAE,0.8975917538038859
18562,409,426,LAE,14.072695201140377
18563,409,412,LAE,2.41397011963571
18564,409,411,LAE,2.433942014611599
18565,409,412,LAE,7.73225455811895
18566,409,426,LAE,2.4330016288181606
18567,409,411,LAE,17.694501445172907
18568,409,411,LAE,2.2699695197537517
18569,409,411,LAE,2.422106962153982
18570,409,415,LAE,16.866484663498323
18571,409,412,LAE,8.887514266089454
18572,409,411,LAE,1.0472172195971756
18573,409,420,LAE,1.427198912683909
18574,409,416,LAE,2.231924292312237
18575,409,426,LAE,22.219133758965885
18576,410,415,LAE,11.80077550042115
18577,410,424,LAE,27.305079771436727
18578,410,426,LAE,15.095594200091243
18579,410,421,LAE,24.867491942034658
18580,410,414,LAE,9.815016603200872
18581,410,416,LAE,25.3891035946928
18582,410,412,LAE,1.4121901479948928
18583,410,426,LAE,0.9690672932465801
18584,410,411,LAE,0.8878438016423233
18585,410,424,LAE,0.8302867737364648
18586,410,411,LAE,27.777160491343274
18587,410,411,LAE,14.540616174120895
18588,410,411,LAE,1.3882209221787252
18589,410,426,LAE,18.16812022686235
18590,408,412,LAE,18.328930571963056
18591,408,423,LAE,33.478158563602484
18592,408,418,LAE,2.15351458712707
18593,409,412,LAE,1.1533682573585555
18594,409,416,LAE,11.196045502309703
18595,409,416,LAE,20.869833373671707
18596,409,426,LAE,33.96083903033037
18597,409,412,LAE,42.3061093335842
18598,409,412,LAE,2.6075396337903687
18599,409,414,LAE,2.4501709372992497
18600,409,419,LAE,23.725400142080737
18601,409,412,LAE,18.618084980898068
18602,409,412,LAE,16.36678787846913
18603,410,422,LAE,1.548062699886943
18604,410,426,LAE,17.390893276081112
18605,410,414,LAE,15.76171787778728
18606,410,414,LAE,22.024807854073778
18607,410,425,LAE,29.651786491939422
18608,410,426,LAE,19.326914529720806
18609,410,412,LAE,1.1225240305112407
18610,410,412,LAE,1.504195142053738
18611,410,419,LAE,0.6985410751794715
18612,410,412,LAE,2.4447934563074876
18613,410,414,LAE,1.1751660475935422
18614,410,412,LAE,1.5872603385339186
18615,410,412,LAE,1.1317084251783227
18616,410,415,LAE,15.062996823448815
18617,410,413,LAE,22.543415013389712
18618,410,423,LAE,1.781083248878743
18619,410,413,LAE,9.930639893029229
18620,411,418,LAE,12.89407823340397
18621,411,423,LAE,25.7660270609689
18622,411,412,LAE,2.291427537271757
18623,411,412,LAE,2.3999671689748605
18624,411,412,LAE,20.962276946079886
18625,411,426,LAE,2.3503984980458164
18626,411,415,LAE,2.4984405171344193
18627,411,412,LAE,20.487931345276525
18628,411,412,LAE,25.17058937038867
18629,411,412,LAE,0.9375283585325844
18630,411,412,LAE,1.0115134347861632
18631,411,413,LAE,48.37537731134301
18632,411,412,LAE,1.4066933043450311
18633,409,416,LAE,17.973575527619804
18634,409,414,LAE,0.8978918967289322
18635,409,418,LAE,26.418108555256826
18636,409,413,LAE,40.41793776205513
18637,410,426,LAE,21.163411456048102
18638,410,422,LAE,18.13784990127866
18639,410,413,LAE,24.389503615274783
18640,410,425,LAE,7.850068344269176
18641,411,415,LAE,22.695397485048943
18642,411,413,LAE,2.355864969062116
18643,411,415,LAE,7.2636390903094465
18644,411,413,LAE,39.74340881260592
18645,411,413,LAE,20.55513395364753
18646,411,415,LAE,16.769975196865463
18647,411,413,LAE,15.088915642573332
18648,411,413,LAE,26.68248371071544
18649,411,426,LAE,2.2465711170678158
18650,411,416,LAE,0.7474868433706772
18651,412,416,LAE,23.276489286152312
18652,412,413,LAE,26.763912180599654
18653,412,426,LAE,24.211721284360795
18654,412,426,LAE,16.490758972698774
18655,412,419,LAE,2.2966329300289208
18656,412,418,LAE,19.029780782798948
18657,412,414,LAE,14.606587902797573
18658,412,426,LAE,1.5182200917072957
18659,412,417,LAE,23.877962009673986
18660,412,419,LAE,18.39666904465406
18661,412,416,LAE,22.66947183173098
18662,412,413,LAE,16.89551327256766
18663,412,421,LAE,2.232771036005129
18664,412,413,LAE,26.04709249731295
18665,412,413,LAE,19.996254435193638
18666,412,417,LAE,2.3178506608602585
18667,412,426,LAE,25.342199927190443
18668,412,413,LAE,18.803045224455154
18669,412,414,LAE,17.66355287194817
18670,412,418,LAE,38.73202128708545
18671,412,413,LAE,14.021246554160673
18672,412,426,LAE,25.923178890779994
18673,412,420,LAE,1.062718813988375
18674,410,426,LAE,14.24505495825654
18675,410,414,LAE,1.537519523942458
18676,411,418,LAE,17.937351541209505
18677,412,426,LAE,2.3103192609204553
18678,412,414,LAE,23.648830844751426
18679,412,414,LAE,2.0832749167654767
18680,412,419,LAE,14.331323708858102
18681,412,414,LAE,1.9734640042279163
18682,412,415,LAE,39.80778866601211
18683,413,416,LAE,26.023595141200044
18684,413,416,LAE,24.06669538697895
18685,413,415,LAE,1.3812586164005427
18686,413,426,LAE,9.772276125683398
18687,413,414,LAE,0.798943950631298
18688,413,426,LAE,2.2011724886033797
18689,413,414,LAE,2.2169058973039792
18690,413,414,LAE,2.3315777842795633
18691,413,415,LAE,1.3692915187198071
18692,413,423,LAE,7.498405490673868
18693,413,414,LAE,37.79203762584745
18694,413,418,LAE,21.288488787746388
18695,413,420,LAE,11.756932632056586
18696,413,416,LAE,19.284111111903027
18697,413,414,LAE,22.62622139889284
18698,413,414,LAE,0.9851571702206833
18699,413,417,LAE,8.600749647951805
18700,413,416,LAE,11.107898059002592
18701,413,425,LAE,1.297588023380084
18702,413,414,LAE,40.214085869483256
18703,411,419,LAE,24.89877479892556
18704,411,415,LAE,29.336747250995135
18705,412,418,LAE,1.5105228571852853
18706,412,420,LAE,23.74901921799917
18707,413,426,LAE,14.740244490289681
18708,413,419,LAE,1.696011550052174
18709,413,415,LAE,16.81681387737061
18710,413,415,LAE,36.217258514481934
18711,413,418,LAE,2.2542564789881085
18712,414,421,LAE,1.3037213038872364
18713,414,421,LAE,26.05494893233558
18714,414,424,LAE,18.00286100781706
18715,414,418,LAE,2.1858409168106028
18716,414,415,LAE,22.5539751585514
18717,414,426,LAE,1.4826497537244574
18718,414,425,LAE,24.13248884829108
18719,414,425,LAE,52.88468065314769
18720,414,423,LAE,1.070635229623511
18721,414,418,LAE,9.251313659509176
18722,414,422,LAE,31.05171545859566
18723,414,426,LAE,19.907816916861318
18724,414,417,LAE,27.03158665388008
18725,412,416,LAE,0.8064602586884422
18726,412,422,LAE,20.214763790177848
18727,412,416,LAE,9.926175049570269
18728,412,422,LAE,23.788602675033932
18729,412,426,LAE,26.19625952437542
18730,412,425,LAE,0.8608735282398905
18731,412,420,LAE,2.3575092465220777
18732,412,419,LAE,2.269909788388636
18733,412,421,LAE,1.2985091111708642
18734,413,421,LAE,19.696710562595673
18735,413,421,LAE,21.11578277646979
18736,413,416,LAE,2.273392974308423
18737,413,420,LAE,21.700853780754006
18738,413,416,LAE,1.4234747289651217
18739,413,416,LAE,1.1380319191679271
18740,413,416,LAE,26.00615786249711
18741,413,416,LAE,37.87641721162799
18742,414,419,LAE,2.234415743446316
18743,414,416,LAE,59.74672435281593
18744,414,418,LAE,20.369078981186306
18745,414,418,LAE,15.427914646075312
18746,414,419,LAE,22.436494299070755
18747,414,416,LAE,24.862234241494697
18748,414,426,LAE,24.818960674182243
18749,414,416,LAE,1.9852814653321582
18750,414,420,LAE,0.7339779363320775
18751,414,418,LAE,0.7925387227977562
18752,414,417,LAE,23.67208725287553
18753,414,425,LAE,9.918675122845038
18754,414,425,LAE,38.35649743191425
18755,414,416,LAE,2.2654175598510156
18756,414,416,LAE,23.961409673335567
18757,415,425,LAE,1.242384119128224
18758,415,419,LAE,25.854033872014774
18759,415,416,LAE,26.726610127077453
18760,415,426,LAE,17.62312003822332
18761,415,426,LAE,36.6158175735873
18762,415,416,LAE,23.54063281779704
18763,415,421,LAE,40.31811870723704
18764,415,416,LAE,17.451454773005167
18765,413,425,LAE,2.3249409454502175
18766,413,417,LAE,13.438663997606175
18767,413,420,LAE,1.4991756382027481
18768,413,417,LAE,10.45339513525256
18769,413,426,LAE,1.2819715332011585
18770,414,425,LAE,1.1343890599113957
18771,414,426,LAE,10.091421440901438
18772,414,417,LAE,11.184955676883671
18773,414,421,LAE,2.667976852309628
18774,414,424,LAE,57.191889881161245
18775,415,422,LAE,0.8346762470599882
18776,415,417,LAE,35.83208604373987
18777,415,417,LAE,0.9001098150899465
18778,415,424,LAE,0.9658012793621894
18779,415,417,LAE,2.330551257735832
18780,416,422,LAE,2.2535960211625548
18781,416,419,LAE,11.47019019898795
18782,416,422,LAE,18.269383729338145
18783,416,418,LAE,24.164557908400266
18784,416,419,LAE,6.815286835155363
18785,416,421,LAE,21.217179498777305
18786,416,417,LAE,57.86032845838792
18787,416,417,LAE,30.876450498957396
18788,416,424,LAE,8.795438508094046
18789,416,421,LAE,16.507338241021507
18790,416,420,LAE,0.964465091517405
18791,416,417,LAE,27.203531248574908
18792,416,417,LAE,2.1922849275233105
18793,416,420,LAE,27.772050894038614
18794,414,423,LAE,40.51347442344042
18795,414,421,LAE,12.050612041834366
18796,415,425,LAE,16.385756070707522
18797,415,426,LAE,0.9793725764370312
18798,415,418,LAE,0.8787140508441635
18799,416,418,LAE,0.5302017857855329
18800,416,418,LAE,33.84931437121742
18801,416,418,LAE,1.2195406136625804
18802,416,418,LAE,18.930543863269204
18803,417,426,LAE,2.387702006813919
18804,417,425,LAE,0.9461472495630096
18805,417,419,LAE,2.185713571062836
18806,417,425,LAE,0.8175695601181988
18807,417,421,LAE,0.7387354253119149
18808,417,418,LAE,1.3974734956557069
18809,417,426,LAE,1.675454550488255
18810,417,426,LAE,0.9786605631762805
18811,417,421,LAE,22.875862686774564
18812,417,418,LAE,1.5408286858008144
18813,417,418,LAE,50.37265472631807
18814,417,421,LAE,20.616084289248334
18815,417,425,LAE,11.562196070621917
18816,417,421,LAE,0.8734523358194886
18817,416,422,LAE,2.1774507598292687
18818,416,424,LAE,50.70186071851744
18819,416,419,LAE,26.173321685088446
18820,417,422,LAE,1.5102827657610938
18821,417,419,LAE,0.5687571491637794
18822,417,423,LAE,1.0610632966987394
18823,417,426,LAE,37.20361791332393
18824,417,419,LAE,0.7241992457221927
18825,417,426,LAE,26.965876088369235
18826,417,425,LAE,0.6893332166526985
18827,417,424,LAE,8.307585803728228
18828,417,424,LAE,27.76123465231227
18829,417,423,LAE,26.00954843609137
18830,417,426,LAE,0.834104578680026
18831,417,426,LAE,1.2476507580731315
18832,418,419,LAE,0.5840711040053959
18833,418,426,LAE,0.7418915508899422
18834,418,426,LAE,8.673217773227536
18835,418,419,LAE,10.62714053153571
18836,418,421,LAE,13.91129985706393
18837,418,419,LAE,1.0543888789019102
18838,418,426,LAE,2.407363823991395
18839,418,426,LAE,2.3344544269239362
18840,418,426,LAE,22.33582780863991
18841,418,425,LAE,2.336835868113278
18842,418,421,LAE,0.7803266475462861
18843,418,426,LAE,11.177874377177655
18844,418,420,LAE,2.1189695026282824
18845,418,419,LAE,50.46210169798698
18846,418,419,LAE,0.8457392022102433
18847,418,419,LAE,52.75313640293356
18848,418,419,LAE,0.956236204204186
18849,416,420,LAE,1.8377576684429895
18850,417,422,LAE,25.021861399638887
18851,417,425,LAE,9.455842439143657
18852,417,426,LAE,22.624828151714034
18853,417,425,LAE,1.5529087128279249
18854,417,423,LAE,24.31262540089384
18855,417,420,LAE,15.586904800748414
18856,417,424,LAE,0.8067466656136877
18857,417,425,LAE,7.6967441035812545
18858,417,420,LAE,19.938162403755946
18859,417,420,LAE,8.013243237291082
18860,417,420,LAE,12.321330728225176
18861,417,420,LAE,16.183957973801707
18862,418,420,LAE,0.5964526838610656
18863,418,424,LAE,20.19522734418549
18864,418,426,LAE,0.6929004861241775
18865,418,420,LAE,20.036017246341736
18866,418,426,LAE,0.6211119922308056
18867,419,426,LAE,0.9722089353042718
18868,419,426,LAE,27.822881357493813
18869,419,426,LAE,0.837076846921071
18870,419,426,LAE,1.1698055339515963
18871,419,425,LAE,15.30987994620466
18872,419,420,LAE,34.25470387826008
18873,419,426,LAE,1.0556486136935568
18874,419,423,LAE,0.7989910678072959
18875,419,426,LAE,2.250366699309844
18876,419,421,LAE,0.7425400235249782
18877,419,420,LAE,12.979282249349957
18878,419,426,LAE,0.9745315497283259
18879,419,422,LAE,2.286764349234676
18880,419,420,LAE,0.8247123440178574
18881,417,425,LAE,36.232151757139
18882,417,423,LAE,29.42271630631667
18883,417,421,LAE,9.681390710595226
18884,417,421,LAE,7.63463709142691
18885,417,425,LAE,23.27281808340173
18886,418,421,LAE,34.36263364949522
18887,418,421,LAE,48.19790844009816
18888,418,422,LAE,0.7145568061737715
18889,418,424,LAE,11.17356649126144
18890,418,423,LAE,23.635166843333835
18891,419,426,LAE,2.3183055874479908
18892,419,425,LAE,12.565060436878754
18893,419,425,LAE,33.193048767799056
18894,419,421,LAE,37.07281110678679
18895,419,421,LAE,31.14064579918781
18896,419,422,LAE,39.51304193179937
18897,419,422,LAE,1.142102276908681
18898,419,423,LAE,2.218181212693279
18899,420,426,LAE,14.39752435776086
18900,420,426,LAE,0.7252599560090902
18901,420,421,LAE,0.788021663236662
18902,420,425,LAE,0.8074357375101807
18903,420,426,LAE,1.1055699929417395
18904,420,421,LAE,27.39871285035763
18905,420,426,LAE,12.27865530991297
18906,420,425,LAE,1.1361632359517015
18907,420,422,LAE,0.7166594216413118
18908,420,426,LAE,0.6847771665159732
18909,420,425,LAE,9.335309200678145
18910,418,422,LAE,0.7362699819252281
18911,418,424,LAE,1.1310806776014544
18912,418,426,LAE,0.5225716685180476
18913,418,424,LAE,1.6159429976572053
18914,419,422,LAE,2.191156998816703
18915,419,425,LAE,1.3388842826481109
18916,419,422,LAE,13.43141085584449
18917,419,426,LAE,0.7585221240126331
18918,419,422,LAE,12.704602504583649
18919,419,426,LAE,19.979835381866494
18920,420,422,LAE,2.1475250908343164
18921,420,422,LAE,13.732666713371891
18922,420,426,LAE,15.42265576830741
18923,421,426,LAE,1.074985398758237
18924,421,422,LAE,28.212110416579055
18925,421,425,LAE,0.5067533819107012
18926,421,426,LAE,0.9281735111669281
18927,421,425,LAE,2.267259787035698
18928,421,425,LAE,0.7060826944130364
18929,421,422,LAE,32.73350198420835
18930,421,423,LAE,15.570519616819986
18931,421,426,LAE,1.2103223343145
18932,421,422,LAE,27.68878666528789
18933,419,425,LAE,14.152518406553211
18934,420,423,LAE,30.64297848396545
18935,420,424,LAE,7.555467075251324
18936,420,425,LAE,35.89463432935829
18937,420,426,LAE,1.1071408408300134
18938,420,423,LAE,26.116225219387694
18939,421,425,LAE,25.21789716135426
18940,421,426,LAE,0.5645364384688698
18941,421,426,LAE,29.43150199584731
18942,421,425,LAE,19.24873753716999
18943,421,425,LAE,18.81728306623836
18944,421,426,LAE,0.5068508700117269
18945,421,423,LAE,0.7281656107772309
18946,421,423,LAE,26.958972099597517
18947,421,423,LAE,0.7721464371670326
18948,421,426,LAE,19.578385256591208
18949,422,426,LAE,0.49566840237017423
18950,422,423,LAE,2.2322166871366034
18951,422,425,LAE,0.6331237551764229
18952,422,426,LAE,0.6722150172373379
18953,422,423,LAE,0.6276146080371712
18954,422,426,LAE,2.252895200434122
18955,422,424,LAE,0.7038929958312827
18956,422,425,LAE,0.7990388796989278
18957,422,423,LAE,1.199867341945032
18958,420,424,LAE,26.315046977421403
18959,420,424,LAE,9.586437440896704
18960,420,424,LAE,26.261527973696527
18961,420,424,LAE,0.6310701909074781
18962,420,426,LAE,26.00495305587393
18963,420,424,LAE,1.409749917236875
18964,420,424,LAE,1.1350428652105062
18965,421,424,LAE,1.01992822771996
18966,422,424,LAE,1.3809483153308826
18967,422,426,LAE,18.6184737314609
18968,422,426,LAE,20.59743708557848
18969,422,424,LAE,12.774295122536492
18970,422,426,LAE,7.414737885834128
18971,422,424,LAE,0.6018183389601003
18972,422,426,LAE,19.095457585506562
18973,422,425,LAE,31.899398318842945
18974,422,424,LAE,5.262704627390624
18975,423,424,LAE,37.11036194798872
18976,423,425,LAE,21.243505555292256
18977,423,424,LAE,26.746147731513076
18978,423,425,LAE,0.670431268971705
18979,423,426,LAE,19.627755865358914
18980,423,426,LAE,14.164509746237075
18981,423,426,LAE,1.1564972862829663
18982,423,426,LAE,14.686199681198428
18983,423,425,LAE,1.1315847131720849
18984,423,426,LAE,0.8868664865074585
18985,423,426,LAE,2.1631241295960817
18986,423,426,LAE,0.8152216962703581
18987,423,426,LAE,13.34726119366483
18988,423,425,LAE,1.473705270833931
18989,423,424,LAE,0.5338020693999224
18990,423,426,LAE,0.4699937624356845
18991,421,425,LAE,20.743387440344204
18992,421,425,LAE,16.48983522736997
18993,422,425,LAE,0.7543840609212852
18994,422,425,LAE,15.197125485749233
18995,422,425,LAE,8.586910339416784
18996,422,425,LAE,44.72789649165972
18997,422,425,LAE,1.4050596536411888
18998,422,425,LAE,26.69451575275152
18999,423,425,LAE,2.393754266021469
19000,423,425,LAE,20.048121588350543
19001,423,425,LAE,0.686170784761499
19002,423,425,LAE,1.0547124828452836
19003,423,425,LAE,0.845640079491764
19004,424,426,LAE,20.90890675761433
19005,424,425,LAE,1.105005059216031
19006,424,425,LAE,39.57079484265317
19007,424,425,LAE,1.011783287851152
19008,424,425,LAE,18.47935740035498
19009,424,426,LAE,17.771054208317953
19010,424,426,LAE,0.9516000659953955
19011,424,425,LAE,1.077775829541014
19012,424,425,LAE,20.557886951924594
19013,424,426,LAE,1.7902848908098894
19014,424,426,LAE,0.5211496146005834
19015,424,425,LAE,19.867433350902353
19016,424,425,LAE,2.1675694623344888
19017,422,426,LAE,1.057519340554669
19018,422,426,LAE,0.7512434493310417
19019,423,426,LAE,56.4792084383901
19020,423,426,LAE,23.35353464640215
19021,423,426,LAE,26.00414029429712
19022,423,426,LAE,0.6874908368884523
19023,423,426,LAE,10.614913427765918
19024,424,426,LAE,0.7226580577008488
19025,424,426,LAE,24.986258221822165
19026,424,426,LAE,37.299236573173324
19027,424,426,LAE,28.630317641656625
19028,424,426,LAE,0.9629788630224206
19029,424,426,LAE,1.0345759064319493
19030,425,426,LAE,1.042267362813734
19031,425,426,LAE,0.6613857274881008
19032,425,426,LAE,0.9565569338656605
19033,425,426,LAE,1.1779986771808446
19034,425,426,LAE,1.0083110995079299
19035,425,426,LAE,18.197552719538237
19036,425,426,LAE,0.7720144310671052
19037,425,426,LAE,10.842815401605954
19038,425,426,LAE,1.3436103564046362
