277.621498400 0.000000000 0.000000000 0.000000000 0.000000000 0.000000000 0.000000000 1.000000000
277.654553792 -0.001439644 -0.001270714 0.000690524 -0.000518290 -0.000028811 -0.001799616 0.999998212
277.683210432 -0.001093870 -0.002347838 0.000911110 0.002897304 0.000039324 -0.000382935 0.999995708
277.715034912 -0.000174802 -0.001815200 0.009575251 0.001020805 0.000317484 -0.000218727 0.999999404
277.756538304 0.001733996 -0.002779849 0.027814761 0.005419312 0.002450019 -0.000032455 0.999982297
277.787905120 0.002446023 -0.003165010 0.050553106 0.006868226 0.004595847 -0.002327409 0.999963164
277.819866240 0.002022038 -0.001572166 0.079644628 0.006872186 0.006128224 -0.005770794 0.999940932
277.852007776 0.003760092 -0.000169810 0.115101159 0.009044372 0.008213165 -0.005467995 0.999910414
277.883766112 0.007058972 -0.001130861 0.157903492 0.012870908 0.010271058 -0.002419777 0.999861479
277.915936576 0.008715400 -0.002189466 0.210690767 0.009871253 0.011860431 -0.002707821 0.999877274
277.947421056 0.006683168 -0.003238301 0.262466043 0.012713326 0.012913931 -0.004931515 0.999823630
277.978768000 0.005311221 -0.004917850 0.314747602 0.014165329 0.014249895 -0.002960741 0.999793768
278.010171680 0.003953048 -0.002962491 0.382893801 0.006844359 0.013034460 -0.006025190 0.999873459
278.043083360 -0.004827668 -0.005858919 0.460987180 0.008172499 0.011421043 -0.007877410 0.999870360
278.075178816 -0.008135826 -0.010781962 0.536731482 0.011550067 0.008960434 -0.006596721 0.999871433
278.108983584 -0.014430502 -0.010868670 0.621607959 0.007439647 0.005978527 -0.010552536 0.999898791
278.143298592 -0.021484217 -0.009604714 0.703202188 0.011523869 0.003469155 -0.013291097 0.999839246
278.177030560 -0.025094321 -0.012273585 0.792304635 0.015244760 0.002818284 -0.017870065 0.999720097
278.212408128 -0.028508436 -0.012790714 0.891367316 0.010420393 0.003883518 -0.021228917 0.999712765
278.245143168 -0.030788470 -0.015768530 0.995778859 0.012815584 0.004543563 -0.019290090 0.999721467
278.285100224 -0.029350460 -0.013802120 1.125518084 0.015878122 0.003848843 -0.018923197 0.999687433
278.315387616 -0.035275489 -0.015288876 1.225276232 0.012104959 0.006430506 -0.022344718 0.999656379
278.347923104 -0.036306221 -0.016767753 1.332789898 0.017999999 0.008789704 -0.023418812 0.999525011
278.381895840 -0.034070805 -0.021342300 1.458831787 0.011252318 0.011173926 -0.019503169 0.999684036
278.413815616 -0.041235119 -0.022446327 1.568263769 0.009576892 0.016664142 -0.022348676 0.999565423
278.446262144 -0.040342942 -0.024147114 1.675800800 0.015605591 0.020363236 -0.023456959 0.999395609
278.478008768 -0.037301287 -0.030228507 1.799004793 0.014409205 0.022532728 -0.023627445 0.999363005
278.509728320 -0.037621081 -0.035643220 1.912444711 0.014700359 0.024118930 -0.020133523 0.999398232
278.541243840 -0.037486263 -0.040539525 2.024079800 0.014909216 0.026977343 -0.015972683 0.999397218
278.572816896 -0.036868144 -0.047541179 2.133206844 0.018570075 0.028181050 -0.012206948 0.999355793
278.604688480 -0.041797146 -0.055150449 2.256213903 0.016291736 0.029344168 -0.019537332 0.999245644
278.636935168 -0.041035578 -0.050230525 2.379057884 0.010711850 0.029561860 -0.024949612 0.999194145
278.670207680 -0.031072848 -0.050276853 2.498570204 0.015454138 0.027307974 -0.023336275 0.999235094
278.711064736 -0.018099537 -0.055587657 2.641969204 0.017446598 0.024178641 -0.021276968 0.999328911
278.744244192 -0.030359130 -0.056532778 2.780433416 0.014779765 0.028060550 -0.021116218 0.999273896
278.776827136 -0.032239914 -0.060959749 2.902924538 0.010887532 0.025979429 -0.023640865 0.999323606
278.809748896 -0.035116658 -0.063660614 3.022716045 0.017001752 0.023193710 -0.028936319 0.999167502
278.841160000 -0.042015936 -0.067240447 3.157417297 0.018488226 0.021639664 -0.034391198 0.999003053
278.874158016 -0.045425523 -0.069688350 3.291984081 0.012601008 0.020485494 -0.033799022 0.999139249
278.905648320 -0.056262717 -0.068410665 3.418782711 0.017187137 0.021148914 -0.038233560 0.998897135
278.937178400 -0.070014209 -0.065898165 3.551315308 0.015369982 0.023601014 -0.041914206 0.998724163
278.969573920 -0.080712140 -0.069334030 3.674024582 0.016648097 0.027304873 -0.044165239 0.998512208
279.008259520 -0.085819259 -0.080100358 3.827252626 0.017600816 0.028665256 -0.045071464 0.998417258
279.038916544 -0.088685654 -0.089091003 3.948226690 0.017408200 0.029753057 -0.044973176 0.998393238
279.071496768 -0.089854449 -0.095570743 4.077405453 0.016224252 0.031369153 -0.044373747 0.998390555
279.103736992 -0.092689306 -0.103656426 4.208677292 0.022879951 0.033748146 -0.047653724 0.998031378
279.135564416 -0.095410205 -0.106681228 4.336367130 0.022859316 0.037499115 -0.050368533 0.997764647
279.167324960 -0.097204536 -0.106379293 4.466241837 0.020660961 0.041162182 -0.050400112 0.997666597
279.201719104 -0.095636763 -0.111029044 4.600733757 0.025216963 0.045157913 -0.050376944 0.997390151
279.235255264 -0.084453613 -0.126175344 4.763938427 0.022583412 0.049448956 -0.045037240 0.997505128
279.267522464 -0.076918550 -0.133529991 4.903012276 0.018781971 0.050039060 -0.045391452 0.997538447
279.308346688 -0.069531195 -0.145756826 5.076365471 0.025968714 0.052238993 -0.045817960 0.997244954
279.337351264 -0.064109519 -0.153519318 5.208236694 0.026198918 0.055992361 -0.045153704 0.997065485
279.371280384 -0.054516613 -0.162542850 5.359279633 0.022779007 0.060451426 -0.045534600 0.996871769
279.402907648 -0.056316372 -0.167136163 5.498533249 0.032808051 0.064217746 -0.054256964 0.995919645
279.435128704 -0.053942598 -0.186249286 5.614170074 0.036845870 0.066467844 -0.046540588 0.996021271
279.467151392 -0.052613594 -0.192172229 5.789463520 0.028635388 0.068485305 -0.056944694 0.995613933
279.498556224 -0.038101241 -0.199972138 5.930717945 0.019939292 0.067572325 -0.049227785 0.996299684
279.529931840 -0.029305337 -0.207226247 6.068752289 0.024874555 0.067009389 -0.043764632 0.996481657
279.561372608 -0.025316192 -0.214779094 6.212157249 0.028695300 0.068262324 -0.056166790 0.995671690
279.593144352 -0.022342179 -0.225022972 6.350725174 0.024125312 0.070167921 -0.057582702 0.995579541
279.626550496 -0.018195394 -0.234049991 6.502135277 0.014674130 0.072256111 -0.065538898 0.995122254
279.658739168 -0.009925134 -0.242158428 6.660329819 0.023100009 0.072212912 -0.067677841 0.994822323
279.692884288 0.008662565 -0.253479362 6.804758549 0.035965763 0.072448246 -0.054045562 0.995257139
279.727044128 0.018665746 -0.267490685 6.969190121 0.034627501 0.075813733 -0.062634557 0.994550169
279.759381408 0.032715157 -0.277980179 7.115377426 0.025463670 0.079539947 -0.063315645 0.994492888
279.790836512 0.050118029 -0.288394570 7.253268719 0.022113370 0.082985505 -0.058628425 0.994578838
279.822871328 0.052166864 -0.299912632 7.410181999 0.037967745 0.087254919 -0.065492786 0.993305445
279.856235840 0.064042866 -0.318058550 7.571596622 0.037392382 0.092205681 -0.061925814 0.993108809
279.887996864 0.087167650 -0.337718904 7.732537270 0.030223642 0.099169992 -0.047596745 0.993471920
279.919511872 0.110539988 -0.346464306 7.881186485 0.023588531 0.103699118 -0.045069348 0.993306994
279.951047968 0.125138670 -0.354022384 8.018643379 0.031677920 0.108454533 -0.055289913 0.992057025
279.983729600 0.141181812 -0.368410349 8.159111977 0.035936516 0.114172719 -0.059057441 0.991052628
280.015587808 0.163666695 -0.384793282 8.300549507 0.037019696 0.119233698 -0.052861664 0.990766644
280.047138176 0.188898027 -0.406806409 8.439865112 0.043150790 0.120954178 -0.047713775 0.990571320
280.078502592 0.209360301 -0.421287030 8.582913399 0.045478117 0.121964760 -0.055869434 0.989916623
280.120717792 0.230315998 -0.437126726 8.739212990 0.042102549 0.122753486 -0.058761053 0.989801049
280.152305824 0.270563811 -0.469813228 8.920228958 0.054368127 0.121900275 -0.049784280 0.989800930
280.181266080 0.315458566 -0.497560680 9.044022560 0.058999237 0.117133766 -0.046576265 0.990267336
280.212781728 0.343557805 -0.513434887 9.195509911 0.047915522 0.119241193 -0.063251160 0.989689291
280.244849312 0.376323134 -0.516246736 9.354549408 0.039177224 0.122310162 -0.065057062 0.989582241
280.276352672 0.405626029 -0.535334885 9.496244431 0.043663818 0.119045056 -0.056004554 0.990346014
280.308139520 0.431286007 -0.557378888 9.636263847 0.044402175 0.116882004 -0.057558175 0.990481794
280.339857280 0.456737459 -0.581592917 9.777483940 0.040858861 0.116863646 -0.060295913 0.990473568
280.373382176 0.479913384 -0.601918221 9.924579620 0.042068079 0.118379205 -0.078258090 0.988985479
280.405381408 0.515255809 -0.617304444 10.074921608 0.049826097 0.118552260 -0.071276322 0.989132166
280.436748448 0.553111970 -0.632879257 10.229598045 0.039859168 0.122114092 -0.059144977 0.989950120
280.472451328 0.586358428 -0.655841231 10.387985229 0.047535144 0.129826680 -0.059403859 0.988613486
280.503944320 0.615837574 -0.684546947 10.531045914 0.056028694 0.136835068 -0.057287373 0.987347543
280.544596000 0.643153429 -0.710444331 10.750179291 0.050593406 0.147016585 -0.078793436 0.984691858
280.573446240 0.677212119 -0.726367950 10.890336990 0.053654186 0.147296414 -0.076858468 0.984640956
280.606175968 0.704957962 -0.746799469 11.043804169 0.057646520 0.146107063 -0.071316019 0.985009432
280.648459328 0.753676116 -0.780232549 11.274047852 0.044688266 0.143041790 -0.069718629 0.986246109
280.678643232 0.779515743 -0.793985665 11.434515953 0.041129269 0.143524170 -0.073371530 0.986065805
280.710029312 0.812082946 -0.818139017 11.577862740 0.045611694 0.142175704 -0.070379511 0.986282051
280.741808864 0.845288754 -0.837543726 11.727495193 0.043261800 0.144197240 -0.073891655 0.985837519
280.773245504 0.871742308 -0.853744090 11.888185501 0.034963455 0.149495214 -0.086035036 0.984391510
280.804641376 0.914051473 -0.870800436 12.031232834 0.031350225 0.153120518 -0.075988591 0.984782696
280.836140512 0.952373981 -0.876929879 12.187193871 0.026718631 0.158105135 -0.075482056 0.984170377
280.867806880 1.002161503 -0.884371877 12.343169212 0.016195472 0.158513561 -0.079615340 0.984008431
280.899290752 1.044084549 -0.902386665 12.487382889 0.013800913 0.156612739 -0.077786498 0.984495401
280.930797024 1.077478528 -0.921286762 12.635951042 0.012217939 0.158056512 -0.085908905 0.983609974
280.962406944 1.112721324 -0.936599851 12.788302422 0.012968241 0.158576950 -0.083547145 0.983720005
280.994013600 1.148573637 -0.943609774 12.937191010 0.016658068 0.159886509 -0.089215130 0.982954443
281.026514592 1.183911562 -0.956036448 13.083240509 0.027689025 0.162753716 -0.098680139 0.981329083
281.058773376 1.230901003 -0.976649046 13.250053406 0.039981596 0.167487055 -0.088759989 0.981056213
281.097375360 1.295061588 -0.998061657 13.441513062 0.033916686 0.173947021 -0.098765418 0.979202509
281.129261152 1.344959497 -1.010451913 13.599464417 0.031077834 0.179828271 -0.108446963 0.977207839
281.162193248 1.387577415 -1.028734565 13.758206367 0.032936003 0.181483418 -0.107913345 0.976900041
281.193813568 1.432144284 -1.046859145 13.928017616 0.022745414 0.180683061 -0.103207260 0.977846920
281.225488928 1.468811154 -1.059736967 14.073798180 0.020657597 0.180349812 -0.098202422 0.978469968
281.260024512 1.509459138 -1.073815465 14.232585907 0.022957601 0.179301575 -0.107228443 0.977663517
281.292209472 1.553790808 -1.086718559 14.391768456 0.022145238 0.183040589 -0.111689307 0.976489246
281.325377856 1.606391191 -1.106096625 14.546945572 0.027472463 0.189638898 -0.103520378 0.975994825
281.358211264 1.652356625 -1.129702330 14.698714256 0.038818523 0.195366994 -0.107686862 0.974026918
281.389926368 1.709406734 -1.147407770 14.870099068 0.041883182 0.201369241 -0.102860577 0.973198771
281.425254592 1.773918390 -1.161809921 15.077360153 0.042950653 0.207863852 -0.105890587 0.971460283
281.456772416 1.836586356 -1.190213919 15.247035027 0.054606792 0.209561557 -0.105961345 0.970502079
281.488004416 1.882748365 -1.219746709 15.397299767 0.061522160 0.210957170 -0.098244853 0.970597804
281.520810560 1.940002441 -1.249380589 15.606915474 0.052155126 0.211766779 -0.091355614 0.971642315
281.555824000 1.997183561 -1.262059331 15.782863617 0.044189669 0.213067412 -0.105421029 0.970327735
281.590825632 2.057087421 -1.278628707 15.992544174 0.047632750 0.217856452 -0.115376048 0.967965961
281.630117568 2.137011528 -1.314182878 16.212022781 0.052366264 0.222671419 -0.109241754 0.967337310
281.663533312 2.217778683 -1.348126769 16.440196991 0.052815996 0.226273328 -0.104311392 0.967021227
281.698767040 2.330997705 -1.378420711 16.641212463 0.040174823 0.230364770 -0.113293186 0.965651453
281.730431072 2.425455093 -1.395927787 16.819581985 0.031530708 0.232609108 -0.108262628 0.966011405
281.765532896 2.523340225 -1.427991509 16.999217987 0.030994348 0.234252438 -0.103901394 0.966110587
281.802192576 2.636568546 -1.476923704 17.206846237 0.032989930 0.233708367 -0.108502269 0.965670407
281.838696096 2.722678423 -1.492245078 17.405239105 0.031688329 0.236647591 -0.115573086 0.964176655
281.870596224 2.795715809 -1.514672637 17.551538467 0.040848233 0.236651242 -0.102833033 0.965273499
281.901869408 2.873647451 -1.531813145 17.714225769 0.035530012 0.237440631 -0.104313277 0.965131223
281.933256256 2.947443962 -1.554948926 17.856252670 0.035662089 0.235739499 -0.106127948 0.965345502
281.965196960 3.032626390 -1.578962207 18.000795364 0.032225963 0.235436976 -0.092229858 0.966966689
281.996817248 3.126389742 -1.600916982 18.152698517 0.029021112 0.238825008 -0.088823445 0.966556132
282.028669824 3.217251062 -1.629485369 18.312808990 0.030888164 0.243480578 -0.086773939 0.965522349
282.060600032 3.289488554 -1.655826330 18.469892502 0.041218761 0.247584432 -0.101046182 0.962700665
282.092436800 3.372995377 -1.686192155 18.643669128 0.042477850 0.248889834 -0.097644188 0.962660432
282.124056864 3.460680246 -1.710509181 18.793210983 0.045966137 0.247024387 -0.082579836 0.964389265
282.155656096 3.523936510 -1.729297042 18.956829071 0.073424242 0.241892874 -0.104150087 0.961898863
282.187003680 3.582269430 -1.795053482 19.155857086 0.064986743 0.243737832 -0.115328938 0.960764170
282.219281728 3.664458990 -1.818747878 19.331195831 0.053874206 0.242146581 -0.117644824 0.961572826
282.251267584 3.830259800 -1.856130004 19.483327866 0.068427935 0.230881065 -0.083355375 0.966986775
282.292681664 3.958082199 -1.890271783 19.717668533 0.036976226 0.238676786 -0.112036638 0.963905573
282.323133504 4.035871983 -1.903691530 19.887971878 0.021389578 0.239892736 -0.142876655 0.959989727
282.354992384 4.124502659 -1.935413837 20.048742294 0.027666066 0.237788618 -0.131749853 0.961942375
282.386777696 4.229247093 -1.977555871 20.203968048 0.034162190 0.234220311 -0.075939290 0.968610883
282.418389344 4.353356361 -1.997378945 20.381061554 0.038765892 0.234065190 -0.051843289 0.970063388
282.450522496 4.505055428 -1.937867165 20.567874908 0.046369333 0.232524484 -0.049053576 0.970245361
282.482002432 4.584626675 -1.775924206 20.791753769 0.085407890 0.238819525 -0.054862171 0.965743721
282.513427488 4.658967972 -1.802907348 20.940044403 0.115174986 0.238722309 -0.053941123 0.962723613
282.545238400 4.744990826 -1.870373726 21.102359772 0.115562893 0.232932717 -0.038876235 0.964819252
282.576594976 4.834493637 -1.898893833 21.275405884 0.097178705 0.227092624 -0.027627528 0.968618572
282.607971200 4.918268204 -1.915473700 21.466608047 0.076063916 0.225144833 -0.021290258 0.971118331
282.639666240 5.041194916 -1.925135493 21.656295776 0.055311617 0.223951280 -0.027205491 0.972649097
282.671186592 5.118533134 -1.961115599 21.809925079 0.053622771 0.224127710 -0.035142519 0.972448647
282.702753376 5.199821949 -1.991727352 21.958765030 0.060835458 0.225415766 -0.039220016 0.971570134
282.734690912 5.284229279 -2.015398979 22.116613388 0.062453285 0.225784972 -0.042511046 0.971243322
282.766574624 5.361722946 -2.039245367 22.269966125 0.060226236 0.224315584 -0.040051486 0.971828818
282.807528896 5.474884987 -2.083073854 22.505607605 0.063095778 0.221287519 -0.034629658 0.972549021
282.836399840 5.536688805 -2.109115839 22.648086548 0.062572166 0.220851243 -0.041848764 0.972398162
282.868413600 5.604184628 -2.141894579 22.824623108 0.060678516 0.220130846 -0.045888066 0.972499251
282.901733216 5.674568176 -2.179696560 23.014513016 0.065846652 0.218647525 -0.048988864 0.972346425
282.936890976 5.751218319 -2.233586311 23.214551926 0.067786850 0.217098728 -0.052213989 0.972392321
282.970837824 5.826334000 -2.272149801 23.410703659 0.071542248 0.215410918 -0.056889955 0.972236276
283.008367968 5.911471367 -2.320197105 23.624364853 0.073200278 0.215659797 -0.057229955 0.972037733
283.039756256 5.975382805 -2.357578754 23.798423767 0.070808649 0.217321798 -0.060370818 0.971654654
283.071307648 6.038294792 -2.399262190 23.974277496 0.068976507 0.218555778 -0.065441206 0.971181273
283.102793536 6.113080025 -2.443721294 24.152463913 0.069111854 0.219521031 -0.062796086 0.971128583
283.134538080 6.181076527 -2.478033304 24.331714630 0.069472149 0.221221417 -0.065652311 0.970527947
283.165926528 6.247058868 -2.525347710 24.491014481 0.068725698 0.223758593 -0.066464052 0.969944000
283.197278752 6.335875511 -2.560366392 24.666582108 0.069706656 0.225347266 -0.066914305 0.969475150
283.228794208 6.420350075 -2.605698824 24.847753525 0.068012297 0.225479573 -0.065758117 0.969643831
283.260281696 6.489785194 -2.651002407 25.040164948 0.068513043 0.227172166 -0.066617392 0.969154716
283.291688480 6.568451881 -2.672064304 25.226560593 0.066010363 0.229712531 -0.069040932 0.968559802
283.324001728 6.657300472 -2.714829206 25.406658173 0.055334885 0.232445478 -0.064292088 0.968903363
283.358436416 6.732653618 -2.742249966 25.574508667 0.056622252 0.237365872 -0.068271056 0.967362583
283.390812800 6.816110134 -2.785861492 25.767253876 0.057073038 0.242367148 -0.066782795 0.966199160
283.422416160 6.897618294 -2.824391603 25.940286636 0.052483995 0.244586393 -0.067639366 0.965840518
283.458804672 6.994087219 -2.877756357 26.142055511 0.058281828 0.244614795 -0.061421379 0.965916276
283.490594272 7.073602676 -2.905618668 26.311330795 0.056506995 0.245169461 -0.064321935 0.965692282
283.523611648 7.152458191 -2.944563389 26.486474991 0.053247262 0.245941311 -0.064611070 0.965661943
283.558162560 7.243296146 -2.985801935 26.662055969 0.054396164 0.246883363 -0.064959995 0.965334058
283.589835200 7.330986977 -3.026011944 26.819154739 0.054868359 0.246948376 -0.062197488 0.965472639
283.621705440 7.409077168 -3.054549694 26.976264954 0.053924423 0.246998161 -0.065899409 0.965267479
283.653107616 7.503318787 -3.091691732 27.145381927 0.058968276 0.244609252 -0.062729470 0.965791941
283.684776416 7.589130402 -3.128934145 27.318861008 0.059171159 0.244753554 -0.065353096 0.965568960
283.716166368 7.675012112 -3.176035881 27.502782822 0.058950033 0.245197877 -0.067277148 0.965337634
283.748162720 7.756102562 -3.213217735 27.680982590 0.058399472 0.245246142 -0.071743727 0.965037107
283.779848608 7.859121323 -3.262625694 27.861427307 0.056611478 0.241993219 -0.066206396 0.966359735
283.811627648 7.968089581 -3.299035072 28.057800293 0.060957532 0.240443632 -0.067402750 0.966399431
283.847647552 8.092504501 -3.358557701 28.241487503 0.057504576 0.237344548 -0.064372554 0.967583060
283.879626272 8.212467194 -3.398423910 28.458055496 0.054294482 0.235365972 -0.066003494 0.968141794
283.919392224 8.344657898 -3.464689493 28.696186066 0.054583620 0.231815964 -0.059990846 0.969372511
283.950125664 8.431467056 -3.497682571 28.870670319 0.047974143 0.231788188 -0.061493367 0.969634593
283.981919360 8.540006638 -3.544725895 29.053915024 0.048210956 0.228009149 -0.059207480 0.970660627
284.013781536 8.631220818 -3.584075928 29.229850769 0.049482349 0.224884972 -0.058104064 0.971391916
284.045501024 8.718805313 -3.613922596 29.403596878 0.049142282 0.222669646 -0.058224216 0.971912146
284.077310720 8.809621811 -3.647236109 29.580003738 0.051961206 0.220384613 -0.059739824 0.972194314
284.109167424 8.891735077 -3.680522919 29.759408951 0.050113704 0.220419437 -0.062057156 0.972138286
284.138372320 8.974577904 -3.715419054 29.936058044 0.048408635 0.218244642 -0.059795242 0.972856820
284.169868832 9.054314613 -3.752279043 30.114580154 0.047265399 0.215728790 -0.059555065 0.973488688
284.198469856 9.118800163 -3.780472755 30.275506973 0.049535021 0.214713648 -0.063961223 0.973320782
284.227449760 9.187337875 -3.810739279 30.445430756 0.045251701 0.213889807 -0.062629454 0.973797202
284.256779072 9.257710457 -3.820839643 30.612472534 0.050430298 0.216350079 -0.064290643 0.972890615
284.285493984 9.362730026 -3.855567932 30.793247223 0.053864092 0.212629825 -0.062742509 0.973627567
284.315318272 9.452174187 -3.899401188 30.986961365 0.050425392 0.214610010 -0.063309468 0.973340511
284.348176800 9.560371399 -3.947685480 31.189130783 0.049253099 0.212783158 -0.063084155 0.973816097
284.377995904 9.610030174 -3.973200560 31.375808716 0.052661885 0.215196952 -0.064612404 0.973006785
284.422462752 9.722449303 -4.030183792 31.613092422 0.048017979 0.212907135 -0.064368688 0.973766685
284.454057696 9.809316635 -4.067212105 31.802301407 0.051479258 0.212764308 -0.065000616 0.973579049
284.485986528 9.907446861 -4.140080929 32.010433197 0.049432788 0.210161954 -0.058048777 0.974689007
284.514608064 10.015591621 -4.159241676 32.261146545 0.049532413 0.212278172 -0.059151094 0.974158943
284.543310336 10.128395081 -4.201622486 32.458072662 0.051312055 0.208388850 -0.058900803 0.974921465
284.572343008 10.186743736 -4.230151653 32.666969299 0.050326750 0.212511033 -0.063421987 0.973798692
284.600978944 10.262771606 -4.285770416 32.866260529 0.048564617 0.214163497 -0.060937490 0.973684788
284.629769472 10.334978104 -4.315214157 33.067558289 0.051029105 0.218656346 -0.061377924 0.972531855
284.658711232 10.419105530 -4.367161751 33.257270813 0.046776246 0.218418941 -0.059167419 0.972935975
284.687687136 10.494238853 -4.398582935 33.448150635 0.045062825 0.218416587 -0.062123362 0.972833097
284.720330528 10.575481415 -4.443861485 33.633697510 0.049457464 0.217215419 -0.058750853 0.973097980
284.757415328 10.683823586 -4.468745708 33.888004303 0.046355098 0.219429627 -0.057111789 0.972851515
284.787797600 10.757411003 -4.496545315 34.121337891 0.048801836 0.220249265 -0.058643665 0.972455442
284.817628800 10.838901520 -4.529146194 34.328250885 0.049779024 0.220456913 -0.061105169 0.972207248
284.846537312 10.924357414 -4.580251217 34.532318115 0.050344560 0.220155403 -0.057880357 0.972443759
284.875196832 10.998970985 -4.608120918 34.710834503 0.052754119 0.220123976 -0.059251562 0.972240567
284.903928288 11.078516960 -4.647530556 34.888545990 0.051618941 0.218845084 -0.057906363 0.972671151
284.933738816 11.140712738 -4.676091194 35.081981659 0.050577667 0.220138267 -0.061404891 0.972219348
284.962622464 11.209834099 -4.713495731 35.267566681 0.050512385 0.220405966 -0.058075581 0.972366631
284.991505408 11.276644707 -4.743758678 35.446144104 0.049019828 0.221632034 -0.061014432 0.971984327
285.020346240 11.343832970 -4.774932861 35.629695892 0.046702161 0.223529562 -0.059757214 0.971742034
285.049272192 11.407859802 -4.796862125 35.810157776 0.045558330 0.224872440 -0.061529998 0.971375763
285.077868640 11.466381073 -4.823018551 35.990528107 0.044748295 0.227682158 -0.062350597 0.970706344
285.106784576 11.541105270 -4.846623421 36.148670197 0.043958619 0.230019346 -0.063047774 0.970146239
285.135977536 11.627513885 -4.882090092 36.310615540 0.042234417 0.234187871 -0.060725190 0.969373405
285.164761632 11.714300156 -4.909958839 36.473430634 0.041860249 0.237553239 -0.062223479 0.968475282
285.198853376 11.827281952 -4.951121330 36.647228241 0.042534307 0.237058759 -0.059379697 0.968745589
285.228018656 11.922728539 -4.978713036 36.816299438 0.043241907 0.236708015 -0.057546157 0.968910694
285.257777984 12.037600517 -5.006682873 36.981914520 0.045208059 0.233593851 -0.054523915 0.969751120
285.286846272 12.127029419 -5.031177998 37.137580872 0.042299684 0.231239676 -0.054132078 0.970468283
285.316800608 12.231662750 -5.055941582 37.298686981 0.038346156 0.227164760 -0.051902182 0.971715987
285.349187360 12.327032089 -5.081123352 37.474876404 0.035512030 0.224259883 -0.051249150 0.972532749
285.382145152 12.437350273 -5.117588043 37.673950195 0.039789606 0.222080961 -0.049836721 0.972940445
285.414941536 12.530443192 -5.129189014 37.881271362 0.041866653 0.223045886 -0.053023722 0.972463965
285.457959168 12.654447556 -5.178947926 38.133617401 0.045507375 0.219449118 -0.053606205 0.973086596
285.488398688 12.722838402 -5.200701237 38.332038879 0.046549484 0.222087115 -0.054632340 0.972381473
285.520314944 12.826753616 -5.220522881 38.516387939 0.041718412 0.219105452 -0.053395856 0.973345399
285.552193664 12.915595055 -5.249365807 38.700706482 0.045529474 0.218054220 -0.056739282 0.973221540
285.583476576 13.014297485 -5.288598537 38.890136719 0.045136753 0.215464547 -0.055761911 0.973872840
285.614965504 13.078899384 -5.307028770 39.068977356 0.041338950 0.219110295 -0.057107899 0.973149717
285.646903584 13.165172577 -5.331045628 39.252357483 0.052219283 0.218820155 -0.057160318 0.972688854
285.679062176 13.257386208 -5.355974674 39.441600800 0.048848793 0.222219169 -0.057343308 0.972082376
285.711349600 13.352235794 -5.393089771 39.643463135 0.045366153 0.222678766 -0.056745596 0.972181082
285.743399648 13.434801102 -5.421126842 39.828544617 0.044395607 0.225887224 -0.057762351 0.971425533
285.787780640 13.560386658 -5.464154720 40.088249207 0.043151118 0.229897052 -0.056797650 0.970597446
285.819806752 13.660312653 -5.490743637 40.260177612 0.046501495 0.231442317 -0.054676142 0.970197201
285.851216224 13.753395081 -5.516767025 40.439296722 0.046037838 0.234136030 -0.055722635 0.969513178
285.882879264 13.859969139 -5.542447090 40.614807129 0.049228173 0.231679007 -0.054763142 0.970001221
285.914832032 13.933887482 -5.567004681 40.784225464 0.054602191 0.234339669 -0.056975182 0.968946517
285.946571680 14.019259453 -5.600938320 40.967933655 0.054702405 0.235419884 -0.055903781 0.968741357
285.977989280 14.104895592 -5.632266045 41.136989594 0.054906044 0.234927446 -0.056053557 0.968840778
286.010254176 14.172931671 -5.660790443 41.301155090 0.056896072 0.237134099 -0.057218976 0.968119919
286.041409504 14.241797447 -5.690487862 41.472747803 0.059080999 0.239316434 -0.056191202 0.967512071
286.072995872 14.317648888 -5.720474720 41.640373230 0.054126576 0.242104843 -0.056435406 0.967093885
286.104437472 14.411752701 -5.757276058 41.816390991 0.057069410 0.242026448 -0.055178110 0.967016876
286.136176768 14.496616364 -5.791743279 41.993694305 0.056787819 0.243408382 -0.054563981 0.966721416
286.167602976 14.588645935 -5.826695442 42.170944214 0.053623769 0.244660616 -0.049446702 0.966861248
286.199173984 14.655351639 -5.852520943 42.343376160 0.058908090 0.248896807 -0.052979704 0.965284109
286.230739040 14.750149727 -5.890225410 42.514972687 0.058851320 0.249062553 -0.049768716 0.965415716
286.262848544 14.846914291 -5.922700405 42.693679810 0.056178503 0.249881238 -0.049838886 0.965359747
286.294494688 14.948605537 -5.958579063 42.860206604 0.063972153 0.248481810 -0.048378590 0.965310216
286.326421696 15.031269073 -5.988472462 43.034465790 0.061314881 0.250490278 -0.049802553 0.964891076
286.359642112 15.124547005 -6.030178547 43.216144562 0.058776774 0.251965016 -0.047531210 0.964779615
286.404929824 15.248657227 -6.072915077 43.456630707 0.060607277 0.253134519 -0.047911022 0.964341342
286.434044512 15.352499962 -6.101015091 43.613292694 0.060731214 0.251024485 -0.046910401 0.964934111
286.466068480 15.433519363 -6.131012440 43.780261993 0.061335064 0.253707498 -0.051608715 0.963953853
286.497737472 15.545179367 -6.162781715 43.945907593 0.062293638 0.251392543 -0.046578038 0.964754760
286.530130560 15.621805191 -6.196649075 44.106369019 0.064579763 0.252278507 -0.050087776 0.964197218
286.571208480 15.730254173 -6.241399288 44.327026367 0.069230624 0.253926724 -0.053145714 0.963277698
286.601517664 15.814746857 -6.264299393 44.477882385 0.071253799 0.252706558 -0.054830782 0.963356555
286.632993440 15.907785416 -6.295014858 44.631790161 0.074602880 0.251870513 -0.049343601 0.963618636
286.664385344 16.006206512 -6.325301647 44.791637421 0.077824667 0.250160486 -0.053705782 0.963576019
286.696056704 16.097295761 -6.359018326 44.952289581 0.073617302 0.249860764 -0.052963521 0.964025378
286.727600416 16.178510666 -6.398139954 45.116062164 0.073019527 0.252083302 -0.056959841 0.963264108
286.759139520 16.274192810 -6.434635162 45.272090912 0.084922254 0.250043899 -0.055761527 0.962889910
286.790453856 16.353029251 -6.472613335 45.422851562 0.088291071 0.249798283 -0.061967652 0.962271035
286.825571872 16.447250366 -6.509426117 45.587348938 0.085586108 0.247395605 -0.061234534 0.963182628
286.858284992 16.539966583 -6.549815178 45.757316589 0.099566489 0.246644080 -0.063710541 0.961870134
286.889636576 16.650932312 -6.581043243 45.922580719 0.090943396 0.245473891 -0.060217366 0.963247478
286.922648320 16.747730255 -6.609888077 46.098754883 0.080922432 0.249505267 -0.064521864 0.962826908
286.954378272 16.828298569 -6.646962166 46.250228882 0.082564019 0.253646225 -0.068275094 0.961345553
286.985834688 16.923198700 -6.679775238 46.404396057 0.074590094 0.256628811 -0.062565789 0.961594284
287.017744288 17.023174286 -6.704571247 46.564910889 0.072675936 0.258908927 -0.064160168 0.961024344
287.051965088 17.104963303 -6.737648487 46.715995789 0.086957134 0.259684294 -0.065636709 0.959528208
287.102599776 17.212720871 -6.781781673 46.960021973 0.087610818 0.262888819 -0.074871078 0.957918644
287.135644768 17.287483215 -6.806279182 47.130863190 0.091053665 0.267987460 -0.084011249 0.955423474
287.167357440 17.360179901 -6.840441704 47.281703949 0.090885617 0.270268053 -0.084209338 0.954779446
287.200249376 17.432884216 -6.877238274 47.425678253 0.089839965 0.272338718 -0.082109407 0.954472899
287.232150976 17.499408722 -6.914993763 47.560691833 0.088623665 0.274399728 -0.085981205 0.953655005
287.264120096 17.566637039 -6.948225975 47.697406769 0.089787431 0.277629077 -0.089834362 0.952255309
287.295677280 17.631048203 -6.978396416 47.821094513 0.097950779 0.281310916 -0.091644943 0.950195253
287.328248000 17.709072113 -7.018817425 47.967582703 0.098139443 0.283676535 -0.091434523 0.949492514
287.361173376 17.780984879 -7.062935352 48.105331421 0.104221962 0.285174757 -0.091648437 0.948374271
287.396724064 17.860654831 -7.115946293 48.254020691 0.117978916 0.286458939 -0.090082966 0.946523786
287.428333504 17.953233719 -7.156523705 48.410846710 0.131717175 0.286437958 -0.096213922 0.944111645
287.462753216 18.151222229 -7.288662434 48.766681671 0.120490663 0.285963029 -0.096606314 0.945713699
287.494540928 18.248720169 -7.331745148 48.948829651 0.108938538 0.289156288 -0.089918688 0.946802855
287.526340096 18.333492279 -7.364098072 49.109588623 0.097730152 0.287979305 -0.074665844 0.949706137
287.558542176 18.411233902 -7.398993969 49.295356750 0.085121699 0.288942844 -0.074663922 0.950626969
287.590489088 18.485717773 -7.426934719 49.462795258 0.071555302 0.292556524 -0.086578861 0.949628651
287.623721888 18.575717926 -7.451114178 49.617202759 0.052343242 0.292741001 -0.102104828 0.949282646
287.655764192 18.653957367 -7.472600937 49.761634827 0.036580179 0.295859247 -0.099350058 0.949346483
287.687440864 18.728170395 -7.503124714 49.896091461 0.038359877 0.298097938 -0.092206568 0.949296653
287.729027776 18.816135406 -7.535778999 50.050270081 0.064973831 0.301350802 -0.084320948 0.947552681
287.766300288 18.924371719 -7.568426609 50.233737946 0.066467859 0.305974036 -0.098065965 0.944640100
287.803159872 19.021041870 -7.598770142 50.394752502 0.075562291 0.310038865 -0.102995470 0.942103088
287.850439392 19.151475906 -7.646246433 50.595714569 0.068961248 0.318274468 -0.089581139 0.941233695
287.878387200 19.229904175 -7.673762798 50.716007233 0.067759685 0.322191358 -0.086618870 0.940265119
287.915279936 19.349447250 -7.697154522 50.892822266 0.058698379 0.325414926 -0.086439513 0.939780712
287.959657376 19.470659256 -7.741929054 51.071655273 0.048713163 0.332351446 -0.088363789 0.937742710
287.986190432 19.530788422 -7.773608208 51.225509644 0.048035510 0.338902295 -0.092469350 0.935033262
288.021613632 19.650981903 -7.808849812 51.392993927 0.046107955 0.340037733 -0.089611016 0.934996426
288.056797568 19.761903763 -7.846914291 51.530387878 0.053172525 0.340688765 -0.092384271 0.934113979
288.091885536 19.856098175 -7.891998291 51.666397095 0.071822949 0.344504178 -0.104093827 0.930227280
288.126935456 20.007768631 -7.961073875 51.833950043 0.110848285 0.338189125 -0.105986163 0.928497553
288.162106240 20.122573853 -8.027968407 51.997108459 0.143672958 0.337375343 -0.119470194 0.922639072
288.196722176 20.231521606 -8.175337791 52.260864258 0.151451916 0.338071138 -0.143236533 0.917743742
288.231862464 20.358846664 -8.187519073 52.376445770 0.149617821 0.336215794 -0.136547863 0.919743538
288.276473760 20.517068863 -8.242383957 52.594886780 0.123012573 0.335628003 -0.124740615 0.925560117
288.301671264 20.601581573 -8.306309700 52.702987671 0.115436167 0.334286958 -0.121651217 0.927430689
288.337984320 20.743070602 -8.375765800 52.848789215 0.103130229 0.331937343 -0.116734520 0.930351973
288.372954496 20.859773636 -8.433934212 52.992618561 0.102525607 0.332232594 -0.129903883 0.928566098
288.408647904 21.000749588 -8.488440514 53.145015717 0.111263447 0.329142928 -0.129927546 0.928657174
288.443651232 21.123958588 -8.555692673 53.291481018 0.115030967 0.327625960 -0.109480016 0.931366324
288.477958208 21.221340179 -8.584753036 53.450706482 0.126500487 0.333890319 -0.103191927 0.928367555
288.512152256 21.338205338 -8.620622635 53.624404907 0.130927026 0.329206914 -0.113047235 0.928278625
288.547190208 21.446702957 -8.683312416 53.757637024 0.135060444 0.325769156 -0.098479778 0.930556238
288.581444992 21.544237137 -8.744081497 53.887226105 0.147033155 0.324896097 -0.094975680 0.929410219
288.618783232 21.672023773 -8.833204269 54.065261841 0.131047413 0.330442548 -0.099873647 0.929332852
288.656463008 21.819904327 -8.872988701 54.211616516 0.140366107 0.328682512 -0.093755551 0.929233611
288.693097312 21.932138443 -8.940167427 54.354213715 0.145886227 0.328081787 -0.090802833 0.928888798
288.727694784 22.042804718 -9.008023262 54.501087189 0.134859860 0.328227639 -0.090241887 0.930556774
288.762852960 22.142925262 -9.063761711 54.653102875 0.137747556 0.331285685 -0.098585442 0.928200543
288.798831680 22.244375229 -9.124032974 54.802455902 0.130365491 0.337644488 -0.111477375 0.925512731
288.841969024 22.453907013 -9.280830383 54.961212158 0.101176389 0.331139475 -0.089878276 0.933826447
288.876354752 22.546760559 -9.328469276 55.079853058 0.107327811 0.324209422 -0.078067437 0.936629355
288.911106368 22.613958359 -9.372431755 55.206535339 0.121574536 0.322302729 -0.110543773 0.932266414
288.947125248 22.694791794 -9.422081947 55.361656189 0.118271045 0.322715551 -0.137619853 0.928938866
288.988773600 22.818178177 -9.483882904 55.511466980 0.141770661 0.310758650 -0.109444655 0.933462322
289.023438432 22.930469513 -9.532773018 55.653530121 0.141746193 0.306023210 -0.093874395 0.936720610
289.058396576 23.023342133 -9.580550194 55.800083160 0.142495409 0.313106805 -0.104695417 0.933112025
289.092928128 23.096887589 -9.635259628 55.924243927 0.146917298 0.319367141 -0.119489357 0.928516150
289.127715904 23.215715408 -9.704421997 56.052101135 0.161161959 0.314926833 -0.101722345 0.929785192
289.163700480 23.309656143 -9.786943436 56.190753937 0.158772916 0.316360295 -0.088322639 0.931078136
289.198471840 23.416437149 -9.838352203 56.327919006 0.151891932 0.315518409 -0.100417122 0.931285858
289.240021120 23.516153336 -9.899411201 56.459999084 0.150166735 0.313785076 -0.100121528 0.932182670
289.275764160 23.602842331 -9.978013039 56.612922668 0.159828559 0.316528380 -0.102263078 0.929412067
289.310979520 23.696273804 -10.058181763 56.759407043 0.148388907 0.321100622 -0.124706373 0.926997006
289.350928704 23.793100357 -10.119850159 56.887931824 0.138616592 0.323026419 -0.089858934 0.931860924
289.386871584 23.890098572 -10.164208412 57.023864746 0.135906681 0.325930178 -0.103660099 0.929813683
289.422235520 23.977939606 -10.220420837 57.162132263 0.137645498 0.321895629 -0.111308195 0.930079222
289.457807904 24.043066025 -10.267035484 57.310081482 0.136110082 0.324232131 -0.126920477 0.927490592
289.493147808 24.118606567 -10.325018883 57.428009033 0.132906497 0.315148920 -0.116481550 0.932442546
289.529155968 24.190696716 -10.373458862 57.547843933 0.132339031 0.306680918 -0.120246425 0.934865773
289.564866016 24.258144379 -10.418459892 57.661636353 0.136779338 0.299179643 -0.120546922 0.936617017
289.601833152 24.349987030 -10.473555565 57.807342529 0.123800151 0.293927759 -0.120871097 0.940037310
289.636988512 24.398715973 -10.513926506 57.935470581 0.121232152 0.291469634 -0.154095069 0.936270773
289.672460640 24.480199814 -10.561385155 58.040470123 0.136317208 0.276143789 -0.114807881 0.944447637
289.708048608 24.536418915 -10.614786148 58.155609131 0.140847951 0.261029571 -0.113402739 0.948243260
289.744077088 24.596160889 -10.665715218 58.255176544 0.156462416 0.238176927 -0.099566683 0.953350782
289.779503072 24.665376663 -10.714125633 58.404037476 0.153421193 0.227168873 -0.116825782 0.954572141
289.815094336 24.721984863 -10.744970322 58.540809631 0.128520206 0.224261239 -0.147618234 0.954671860
289.851136448 24.792285919 -10.782981873 58.659671783 0.137754112 0.201787159 -0.128961429 0.961079955
289.891307072 24.851045609 -10.832705498 58.773815155 0.144111663 0.180395618 -0.109271429 0.966824174
289.927292416 24.885059357 -10.879612923 58.879894257 0.143107414 0.162191167 -0.107125483 0.970432103
289.963320416 24.915357590 -10.937601089 58.999408722 0.124361940 0.144356206 -0.136265829 0.972176433
289.999963104 24.936950684 -10.967428207 59.119445801 0.129272461 0.126524508 -0.165104896 0.969546556
290.036201888 24.956649780 -10.994821548 59.235374451 0.128222734 0.112065710 -0.144214794 0.974783242
290.072609760 24.973470688 -11.029382706 59.347320557 0.137144178 0.096060589 -0.149244413 0.974520385
290.109178464 25.011192322 -11.075017929 59.469860077 0.130575061 0.078047439 -0.145467982 0.977597952
290.146528352 25.018766403 -11.106675148 59.600921631 0.131842241 0.068686903 -0.169355080 0.974278510
290.184908096 25.021614075 -11.136352539 59.725234985 0.138416022 0.057079192 -0.176940247 0.972766757
290.225368576 25.037574768 -11.166506767 59.847179413 0.145488277 0.043474570 -0.161942452 0.975047588
290.261770112 25.063451767 -11.196265221 60.018527985 0.123903081 0.034126867 -0.173214644 0.976463020
290.297857312 25.071142197 -11.238876343 60.148967743 0.126825139 0.020513002 -0.166444838 0.977645516
290.334618816 25.086576462 -11.276332855 60.281791687 0.123719066 0.011782655 -0.164586991 0.978501856
290.371876576 25.092332840 -11.300737381 60.418960571 0.119869098 0.007065678 -0.187382385 0.974920213
290.408396640 25.104276657 -11.333997726 60.546264648 0.116393656 -0.001763996 -0.170720503 0.978419065
290.445102144 25.122301102 -11.372833252 60.672435760 0.106919102 -0.010428352 -0.170764089 0.979438186
290.482882528 25.100606918 -11.383302689 60.790145874 0.099392772 -0.012466921 -0.191588402 0.976350129
290.519716672 25.082906723 -11.414036751 60.888450623 0.105549157 -0.029690331 -0.174525112 0.978528917
290.556427104 25.075609207 -11.456068039 61.015083313 0.100955568 -0.050321627 -0.162717596 0.980203390
290.593224672 25.043296814 -11.470724106 61.120563507 0.094471164 -0.059182778 -0.184272513 0.976532757
290.630020608 25.018802643 -11.475703239 61.233806610 0.089360625 -0.067220226 -0.194675073 0.974473059
290.676002144 25.026344299 -11.483923912 61.340545654 0.101454370 -0.088018462 -0.187934950 0.972954392
290.714877664 24.995357513 -11.496485710 61.457103729 0.108715385 -0.093941078 -0.199251547 0.969357967
290.752971232 24.939611435 -11.529057503 61.575622559 0.097049549 -0.093651682 -0.199920431 0.970485747
290.791730912 24.930732727 -11.544038773 61.688579559 0.106381238 -0.108394012 -0.189369574 0.970089138
290.829072096 24.886079788 -11.545934677 61.794612885 0.112797469 -0.110479042 -0.211909086 0.964451015
290.866288768 24.830318451 -11.567199707 61.884830475 0.102344483 -0.106890932 -0.210596934 0.966306806
290.903407360 24.795539856 -11.588640213 61.985973358 0.100608736 -0.107711010 -0.204919279 0.967617869
290.940842336 24.759511948 -11.607066154 62.079280853 0.109237142 -0.108646743 -0.211679071 0.965119243
290.985997120 24.714406967 -11.620431900 62.215347290 0.104840167 -0.109506115 -0.210112572 0.965851784
291.030477952 24.676275253 -11.643507004 62.345420837 0.111173272 -0.110572919 -0.206444100 0.965813100
291.058329664 24.643672943 -11.663286209 62.414077759 0.124807224 -0.110722736 -0.211395100 0.963055372
291.096040512 24.605159760 -11.687967300 62.506912231 0.135785654 -0.109982431 -0.210789680 0.961786807
291.142542592 24.553630829 -11.719286919 62.655254364 0.138386250 -0.110534795 -0.193184286 0.965044618
291.178619008 24.526889801 -11.735892296 62.757530212 0.148005053 -0.111541897 -0.206749275 0.960680842
291.215606688 24.496824265 -11.742297173 62.870819092 0.152013972 -0.109639272 -0.227568954 0.955553949
291.254155872 24.459539413 -11.753284454 62.994541168 0.134694025 -0.102005944 -0.225747526 0.959421873
291.292194272 24.422420502 -11.788186073 63.107887268 0.134792179 -0.097985677 -0.221647933 0.960781991
291.333531840 24.384130478 -11.820961952 63.224258423 0.137530535 -0.103232048 -0.207350388 0.963033915
291.373958304 24.346929550 -11.849052429 63.356239319 0.123862617 -0.110320158 -0.192254752 0.967225730
291.410771264 24.310523987 -11.869225502 63.460552216 0.113989636 -0.120041974 -0.186340302 0.968438745
291.447801088 24.263992310 -11.877068520 63.556873322 0.119714573 -0.132854149 -0.193540558 0.964655519
291.485005248 24.217500687 -11.873548508 63.662521362 0.123510435 -0.145649567 -0.212055638 0.958417356
291.523204288 24.173540115 -11.876945496 63.766983032 0.117803812 -0.158857256 -0.223185733 0.954502344
291.560099520 24.135761261 -11.894768715 63.867015839 0.100593872 -0.175632104 -0.213559911 0.955733418
291.596864128 24.084280014 -11.904208183 63.959747314 0.096823327 -0.183621213 -0.227117226 0.951486349
291.634848192 24.038047791 -11.910406113 64.051315308 0.094162434 -0.194026560 -0.230219990 0.948939323
291.671513696 24.003345490 -11.932184219 64.151176453 0.088072836 -0.213326544 -0.206890345 0.950753033
291.708167424 23.948436737 -11.940892220 64.249580383 0.086230859 -0.225778013 -0.206292897 0.948172867
291.747214496 23.885784149 -11.939961433 64.334114075 0.089256547 -0.235472068 -0.225599736 0.941111565
291.784287872 23.816539764 -11.931471825 64.423446655 0.088349953 -0.243348226 -0.235524356 0.936751962
291.821773376 23.758531570 -11.927011490 64.515602112 0.086122356 -0.259243131 -0.230402395 0.933965027
291.860320448 23.685985565 -11.920466423 64.596992493 0.085889466 -0.270159096 -0.233229488 0.930183351
291.901315552 23.601188660 -11.903541565 64.687492371 0.091131590 -0.277926952 -0.241743192 0.925209105
291.938133664 23.537137985 -11.908371925 64.764572144 0.092041694 -0.292267650 -0.231153443 0.923404574
291.986170144 23.433160782 -11.908280373 64.873580933 0.084458724 -0.303135514 -0.232754037 0.920217991
292.013397504 23.375003815 -11.908422470 64.933349609 0.076533161 -0.309323162 -0.227675945 0.920122504
292.050350816 23.295114517 -11.896863937 64.999176025 0.093526952 -0.316947728 -0.245600611 0.911305189
292.086815584 23.213018417 -11.893581390 65.076675415 0.089220800 -0.324594349 -0.240664154 0.910362005
292.123816576 23.127492905 -11.889405251 65.156272888 0.083672807 -0.330506325 -0.241913274 0.908428550
292.160447744 23.040660858 -11.888509750 65.234100342 0.083304390 -0.340712011 -0.241998136 0.904661596
292.196777152 22.957563400 -11.892153740 65.300544739 0.090769351 -0.350900978 -0.242726073 0.899840832
292.232980640 22.870042801 -11.891842842 65.385498047 0.079161689 -0.360404640 -0.234235987 0.899430633
292.269117216 22.785947800 -11.884963036 65.450950623 0.078838520 -0.368805796 -0.240049839 0.894507051
292.305362880 22.704421997 -11.874328613 65.510368347 0.086834051 -0.375306994 -0.245329916 0.889616668
292.341653632 22.626205444 -11.861729622 65.574584961 0.083997212 -0.377879590 -0.239239305 0.890458286
292.380488384 22.543434143 -11.847876549 65.653831482 0.082011767 -0.379472852 -0.239296556 0.889950335
292.419472960 22.451393127 -11.836679459 65.731536865 0.091524661 -0.380958408 -0.238582075 0.888578951
292.461328384 22.466749191 -11.939053535 65.852294922 0.069871418 -0.390896499 -0.243083507 0.885001898
292.498635712 22.360454559 -11.931751251 65.934234619 0.060387027 -0.391320109 -0.244250417 0.885191381
292.539785952 22.249273300 -11.916685104 66.016502380 0.054149352 -0.390850186 -0.249245778 0.884409726
292.583860768 22.131147385 -11.903674126 66.118263245 0.041509073 -0.392837644 -0.246901587 0.884870172
292.619330080 22.054347992 -11.904257774 66.184204102 0.044121761 -0.393384427 -0.242055431 0.885839224
292.655753920 21.962305069 -11.888839722 66.288490295 0.038981862 -0.394388884 -0.230485082 0.888715088
292.691931040 21.900545120 -11.912627220 66.341255188 0.040916201 -0.385948300 -0.235103309 0.891120732
292.728164000 21.851669312 -11.936769485 66.409202576 0.044129163 -0.386392623 -0.231023505 0.891841590
292.764327168 21.809326172 -11.947011948 66.479927063 0.048765253 -0.394655734 -0.220630825 0.890612602
292.801069312 21.701835632 -11.926403046 66.558303833 0.047375746 -0.394688517 -0.226826578 0.889115393
292.836945056 21.598054886 -11.915755272 66.641746521 0.038337331 -0.400571883 -0.218263313 0.889063299
292.873011808 21.501996994 -11.915035248 66.719955444 0.039235137 -0.411507040 -0.204846203 0.887220681
292.908910496 21.395191193 -11.900332451 66.793441772 0.037609104 -0.420789868 -0.205522612 0.882769406
292.945625600 21.290142059 -11.891788483 66.873741150 0.028464235 -0.428979069 -0.198986173 0.880665243
292.981945664 21.076698303 -11.872619629 66.954902649 0.034294695 -0.433757067 -0.215646371 0.874171197
293.018870016 20.935550690 -11.838539124 67.038085938 0.026184928 -0.434550792 -0.235954687 0.868795276
293.055967296 20.746381760 -11.709414482 67.143218994 0.026685622 -0.443481565 -0.232999116 0.865056872
293.092705344 20.643537521 -11.686424255 67.199981689 0.024429020 -0.450743824 -0.240681618 0.859247088
293.130178400 20.537971497 -11.668462753 67.260742188 0.020467078 -0.456746221 -0.247204483 0.854314804
293.167074720 20.444149017 -11.656849861 67.316253662 0.015789673 -0.464400679 -0.243737400 0.851278305
293.204314048 20.340438843 -11.639224052 67.376495361 0.017210716 -0.472388566 -0.252714276 0.844208717
293.240558528 20.236249924 -11.603814125 67.440574646 0.034050211 -0.484878004 -0.256695449 0.835369051
293.276810720 20.135786057 -11.575353622 67.469177246 0.048317093 -0.488289952 -0.263290375 0.830612183
293.313128320 20.044553757 -11.561298370 67.527000427 0.048404898 -0.491076529 -0.259690285 0.830097437
293.349665888 19.810451508 -11.429318428 67.660636902 0.053488269 -0.498271137 -0.256807715 0.826386511
293.386430944 19.689498901 -11.395912170 67.711212158 0.052251603 -0.494533211 -0.270269096 0.824415743
293.423006272 19.571752548 -11.380717278 67.775421143 0.052697815 -0.493563175 -0.261102408 0.827915370
293.460786560 19.456237793 -11.361042023 67.832496643 0.052597430 -0.490744710 -0.262787193 0.829063356
293.497420608 19.347015381 -11.346076012 67.898651123 0.050766367 -0.488354892 -0.263368666 0.830403030
293.534817440 19.221372604 -11.313878059 67.969017029 0.042667903 -0.484754980 -0.267725468 0.831573904
293.572130432 19.100934982 -11.293522835 68.035682678 0.038772706 -0.483215392 -0.266836375 0.832945287
293.609415456 18.990194321 -11.292445183 68.098648071 0.037375581 -0.483963400 -0.266162753 0.832790375
293.647437280 18.865465164 -11.272717476 68.176765442 0.022121074 -0.485262543 -0.264267564 0.833182752
293.685420704 18.728473663 -11.247748375 68.265312195 0.010788364 -0.491122961 -0.268326044 0.828663349
293.724081696 18.612371445 -11.213970184 68.325126648 0.011019190 -0.500099182 -0.264424622 0.824535668
293.763338944 18.497175217 -11.177090645 68.379539490 0.017010404 -0.506667614 -0.268120825 0.819212914
293.803752192 18.363216400 -11.143917084 68.443244934 0.007114817 -0.515360355 -0.266079366 0.814588785
293.843071904 18.231830597 -11.118522644 68.500923157 0.003146904 -0.524822891 -0.264422029 0.809093356
293.881164416 18.106224060 -11.083599091 68.558921814 0.004734350 -0.534625351 -0.268471092 0.801296830
293.921870304 17.976724625 -11.045215607 68.615730286 -0.006377621 -0.540778577 -0.266522348 0.797799289
293.963477664 17.862752914 -11.003441811 68.690628052 -0.008252525 -0.555963457 -0.260041565 0.789439559
294.006754688 17.722455978 -10.943346024 68.729545593 -0.015059859 -0.562674224 -0.267699212 0.781989753
294.054270720 17.579624176 -10.893641472 68.772850037 -0.024768662 -0.573566079 -0.257868171 0.777117968
294.100584704 17.419549942 -10.817135811 68.800025940 -0.018799491 -0.587631226 -0.265234619 0.764190257
294.142912960 17.273359299 -10.751987457 68.814056396 -0.021678708 -0.597765505 -0.272178411 0.753740907
294.183630304 17.134597778 -10.687892914 68.839202881 -0.024098631 -0.611466229 -0.267825544 0.744175971
294.225773472 17.002916336 -10.635532379 68.852813721 -0.024047341 -0.625321388 -0.263269246 0.734223604
294.269229728 16.865032196 -10.573794365 68.865165710 -0.031570550 -0.635319650 -0.259946644 0.726498485
294.310759968 16.726032257 -10.507910728 68.871612549 -0.034495458 -0.645780802 -0.259272099 0.717324913
294.353112544 16.570367813 -10.429766655 68.878890991 -0.044804879 -0.650320172 -0.269075662 0.708995402
294.386395488 16.458246231 -10.373699188 68.874694824 -0.043680381 -0.657405317 -0.272051185 0.701354682
294.427622464 16.318380356 -10.306085587 68.882339478 -0.063879773 -0.662570655 -0.266654164 0.697004378
294.459242272 16.214130402 -10.259583473 68.875106812 -0.066408798 -0.670669496 -0.268534511 0.688245296
294.498756000 16.082799911 -10.202249527 68.869682312 -0.078185536 -0.680806398 -0.262455732 0.679342747
294.529405792 15.988595963 -10.154185295 68.865127563 -0.076517552 -0.690321684 -0.258658826 0.671339452
294.560988384 15.881072998 -10.093186378 68.856384277 -0.081230916 -0.697883189 -0.260998219 0.661997378
294.594786528 15.764084816 -10.024063110 68.845336914 -0.076715015 -0.711663127 -0.248569727 0.652582109
294.626339968 15.654964447 -9.970799446 68.819335938 -0.073265925 -0.721263409 -0.248366073 0.642437041
294.657756288 15.552794456 -9.910325050 68.795204163 -0.081919670 -0.727282643 -0.250485212 0.633724093
294.689466784 15.451988220 -9.849932671 68.773056030 -0.088455103 -0.735303104 -0.248678133 0.624230921
294.721379072 15.351978302 -9.798695564 68.750915527 -0.097065516 -0.744352341 -0.240761563 0.615265608
294.754308832 15.250727654 -9.740451813 68.718551636 -0.095089823 -0.752299190 -0.247942924 0.602932930
294.785765664 15.153717995 -9.684405327 68.681465149 -0.098974250 -0.758278489 -0.255412489 0.591592848
294.818639456 15.051006317 -9.623312950 68.644325256 -0.100514039 -0.764800847 -0.261318803 0.580249190
294.851166432 14.948199272 -9.560352325 68.605361938 -0.093530960 -0.771544695 -0.264009863 0.571200192
294.882493184 14.853421211 -9.506829262 68.572830200 -0.096233353 -0.776232243 -0.253185868 0.569297671
294.914052672 14.752299309 -9.452461243 68.539947510 -0.104560718 -0.778674424 -0.246194780 0.567557335
294.946071424 14.643845558 -9.388107300 68.493995667 -0.101431765 -0.782043159 -0.250225008 0.561700642
294.977748512 14.537206650 -9.316500664 68.440040588 -0.092111066 -0.784382761 -0.260296702 0.555432379
295.009954048 14.424562454 -9.232178688 68.378990173 -0.085097134 -0.785527647 -0.265085518 0.552661300
295.041633600 14.312582016 -9.166025162 68.326980591 -0.080702230 -0.786683917 -0.252351671 0.557614625
295.073535680 14.159905434 -9.049061775 68.239768982 -0.081376813 -0.785213709 -0.247983336 0.561535001
295.105271232 14.049035072 -8.984207153 68.195571899 -0.083179370 -0.780579865 -0.255898535 0.564174116
295.136762752 13.936823845 -8.910531044 68.151115417 -0.078000322 -0.775550544 -0.270383626 0.565093040
295.168142496 13.831739426 -8.837286949 68.121284485 -0.068983927 -0.771968663 -0.275675446 0.568602264
295.199762816 13.714414597 -8.768652916 68.089385986 -0.067419298 -0.766832709 -0.274503708 0.576255143
295.233954848 13.574068069 -8.706917763 68.047630310 -0.069521695 -0.760555387 -0.274728745 0.584162712
295.266274336 13.453784943 -8.639794350 68.023284912 -0.066893287 -0.751124680 -0.285074770 0.591666400
295.298648608 13.324292183 -8.576162338 68.012382507 -0.062166594 -0.742928922 -0.277282476 0.606058061
295.331761376 13.205553055 -8.520742416 67.996162415 -0.043240122 -0.734601200 -0.265150189 0.623046339
295.363794976 13.056211472 -8.451520920 67.965797424 -0.033161800 -0.720938623 -0.273715079 0.635789156
295.396041024 12.911136627 -8.366890907 67.952758789 -0.038319025 -0.703525126 -0.292282194 0.646649301
295.428129216 12.769087791 -8.292776108 67.966842651 -0.033926766 -0.689873815 -0.288554728 0.663068056
295.459761632 12.655432701 -8.244162560 67.968498230 -0.023743242 -0.685090125 -0.267562866 0.677124798
295.491704224 12.518539429 -8.186868668 67.954689026 -0.016234711 -0.680815041 -0.274594694 0.678840995
295.524300416 12.386779785 -8.120328903 67.953735352 -0.026601952 -0.671765208 -0.291944444 0.680288374
295.556326272 12.267116547 -8.056000710 67.966949463 -0.034404587 -0.664903045 -0.289487690 0.687689781
295.585451776 12.161720276 -7.997202396 67.974922180 -0.035010722 -0.658860147 -0.286034375 0.694882631
295.618275200 12.043927193 -7.944917679 67.983551025 -0.023069682 -0.651786685 -0.292143792 0.699495494
295.649790464 11.921644211 -7.899422646 67.999038696 -0.021291139 -0.640365541 -0.292728156 0.709780812
295.682820416 11.789463043 -7.853810787 68.017898560 -0.018827533 -0.626229405 -0.297047704 0.720586479
295.716043488 11.675709724 -7.802365780 68.043518066 -0.006620395 -0.615127027 -0.290189594 0.733051777
295.747544032 11.540005684 -7.748718739 68.083618164 0.000537155 -0.601829529 -0.283773124 0.746507645
295.782445120 11.418443680 -7.701219559 68.120315552 0.007264415 -0.591521800 -0.272891045 0.758669674
295.824522848 11.250784874 -7.642085552 68.160346985 0.010925674 -0.584003687 -0.275770694 0.763394296
295.854888096 11.137533188 -7.609449863 68.187530518 0.013414034 -0.583103955 -0.272129238 0.765346646
295.894557632 10.965428352 -7.541718483 68.226097107 0.009711436 -0.579457760 -0.267569721 0.769766688
295.923460416 10.856776237 -7.501228333 68.256477356 0.006223614 -0.578142107 -0.274097949 0.768494129
295.962439648 10.713035583 -7.450989723 68.295135498 0.012691244 -0.579629183 -0.279792637 0.765235245
295.991000928 10.609744072 -7.421294212 68.328292847 0.012589872 -0.581462741 -0.276203364 0.765149832
296.022863072 10.493051529 -7.382763863 68.354507446 0.016486477 -0.581721723 -0.278173834 0.764164507
296.054360352 10.378895760 -7.342394352 68.367301941 0.035490576 -0.586451292 -0.279144913 0.759534955
296.085785824 10.265247345 -7.307500362 68.382980347 0.046548322 -0.591343284 -0.280588090 0.754597068
296.125987360 10.118238449 -7.257074833 68.418930054 0.032510735 -0.596716583 -0.269646019 0.755091608
296.156518080 9.973755836 -7.196833611 68.443923950 0.022603467 -0.598298848 -0.276257217 0.751804233
296.187720512 9.863128662 -7.158250809 68.483932495 0.023709957 -0.604721487 -0.290102661 0.741343558
296.220442240 9.741611481 -7.124955177 68.524780273 0.023922598 -0.604172766 -0.296865076 0.739103615
296.251974336 9.609416008 -7.082529545 68.557785034 0.022919443 -0.597975552 -0.308286905 0.739499152
296.283389120 9.488779068 -7.043912888 68.577880859 0.024396332 -0.595968783 -0.304018974 0.742831349
296.315088960 9.379097939 -7.001971722 68.600181580 0.026934313 -0.596399903 -0.295751691 0.745729625
296.347129824 9.261087418 -6.954020500 68.625030518 0.024797065 -0.600534558 -0.296655267 0.742117882
296.380296064 9.138294220 -6.906017780 68.641151428 0.020041259 -0.611307323 -0.295788914 0.733764708
296.418912800 8.995215416 -6.858283997 68.660072327 0.013901130 -0.625512004 -0.290892899 0.723825097
296.450750528 8.871569633 -6.807517529 68.668533325 0.012775381 -0.634796917 -0.297074616 0.713173389
296.482462272 8.754121780 -6.756347179 68.679252625 0.014579408 -0.642090738 -0.303552359 0.703820229
296.513919552 8.634192467 -6.710395336 68.694366455 0.012177192 -0.644060671 -0.302375793 0.702571332
296.546121216 8.510701180 -6.665483475 68.705085754 0.014611237 -0.644403875 -0.299775302 0.703324258
296.586104608 8.334191322 -6.598930836 68.722892761 0.010344488 -0.642624795 -0.303577155 0.703397036
296.615020800 8.219902039 -6.550074577 68.737289429 0.011849537 -0.642907739 -0.302307159 0.703661561
296.646785376 8.097384453 -6.501908302 68.746459961 0.016557727 -0.645806909 -0.296433121 0.703410625
296.678501440 7.969072342 -6.451797485 68.756469727 0.014008837 -0.646740317 -0.294669449 0.703349590
296.712085952 7.837085724 -6.393525600 68.764816284 0.009324907 -0.646902800 -0.296351403 0.702570796
296.743929792 7.726387024 -6.348639488 68.766807556 0.015301367 -0.649150789 -0.298711509 0.699385822
296.779084832 7.593027115 -6.298018456 68.780067444 0.019173995 -0.652411640 -0.293804288 0.698334157
296.811591168 7.456956387 -6.241315365 68.789314270 0.011245918 -0.649880350 -0.296804637 0.699597120
296.843121920 7.329505444 -6.188924313 68.798248291 0.006347924 -0.647504389 -0.297771066 0.701448560
296.875040032 7.198628426 -6.136500359 68.804435730 0.013033666 -0.648676038 -0.295704961 0.701147676
296.907468480 7.057723999 -6.076296806 68.814575195 0.015525887 -0.647903979 -0.295089155 0.702069521
296.939294624 6.921222210 -6.021726131 68.822860718 0.015697245 -0.646026552 -0.300843507 0.701353192
296.997856160 6.682791710 -5.941815376 68.857246399 0.010542313 -0.649853706 -0.285675138 0.704250515
297.027416736 6.553904057 -5.895991802 68.885147095 0.006808783 -0.651404738 -0.290025264 0.701078296
297.058982880 6.421965599 -5.837569714 68.902839661 0.011937882 -0.650523782 -0.300866961 0.697248459
297.090302560 6.299288750 -5.800751686 68.927734375 0.009012254 -0.651783347 -0.297338009 0.697629809
297.121961984 6.166194439 -5.760490894 68.942428589 0.006749359 -0.652144253 -0.295354903 0.698160291
297.153342208 6.039968014 -5.710535526 68.944015503 0.007711140 -0.654597223 -0.298578113 0.694474041
297.185373440 5.922753334 -5.664862633 68.949348450 0.008322679 -0.660315573 -0.292270482 0.691731155
297.216908224 5.805643559 -5.610147953 68.952262878 0.010966748 -0.666325510 -0.287015647 0.688122153
297.248419232 5.677612305 -5.556034565 68.952293396 0.013187256 -0.673005760 -0.287321270 0.681421936
297.279709088 5.556811810 -5.508745670 68.948501587 0.011579905 -0.681439102 -0.281547844 0.675453484
297.311417920 5.420725822 -5.444725513 68.934005737 0.013826740 -0.687853038 -0.285211056 0.667324185
297.342820864 5.298781872 -5.381001472 68.914001465 0.019775584 -0.693313241 -0.289081603 0.659816325
297.376108992 5.169197559 -5.331959248 68.903137207 0.017965745 -0.703670859 -0.280765325 0.652453423
297.407644704 5.027273178 -5.264509201 68.884811401 0.016888488 -0.707996070 -0.288435638 0.644407630
297.439628000 4.904526711 -5.203348637 68.876388550 0.014221740 -0.710485995 -0.294411153 0.639006615
297.470921280 4.777245522 -5.141698360 68.868438721 0.005495187 -0.709026098 -0.297530293 0.639318049
297.504432224 4.656704426 -5.090170860 68.861473083 0.003207668 -0.707551241 -0.295521647 0.641893923
297.537836608 4.526978970 -5.023357391 68.844718933 0.001358670 -0.702860296 -0.296343029 0.646657944
297.572248736 4.385790825 -4.960324764 68.832862854 -0.002666123 -0.699867725 -0.300515890 0.647972286
297.605088416 4.258999348 -4.895548820 68.822380066 -0.005468457 -0.697159290 -0.307414889 0.647638083
297.636403776 4.130659103 -4.825607777 68.811782837 -0.001083341 -0.701185703 -0.303775489 0.645025551
297.668144064 4.003902912 -4.756724834 68.801246643 -0.017015848 -0.700835466 -0.304818243 0.644690692
297.700074912 3.883410454 -4.695050240 68.795166016 -0.023926646 -0.701999962 -0.302332997 0.644374371
297.731818912 3.761271000 -4.643982410 68.782821655 -0.021256853 -0.704644382 -0.296924770 0.644096434
297.770950528 3.574319839 -4.535628796 68.748565674 -0.013095927 -0.705379128 -0.298645198 0.642712891
297.801042048 3.373882055 -4.438312531 68.714263916 -0.010191117 -0.701473594 -0.311362326 0.641002834
297.832604000 3.213262796 -4.375596523 68.745925903 -0.015805464 -0.703339577 -0.297847450 0.645252287
297.864683008 3.052194357 -4.332356930 68.792404175 -0.016053788 -0.708312929 -0.282008082 0.646920741
297.896459232 2.888579845 -4.261940479 68.796447754 -0.024216531 -0.705640972 -0.282946914 0.649172664
297.931125856 2.728605270 -4.197419643 68.792678833 -0.017287299 -0.704086781 -0.285275012 0.650062382
297.962996320 2.555988789 -4.129423141 68.798027039 -0.009502749 -0.702248633 -0.285826445 0.651966155
297.994668768 2.409406900 -4.083790779 68.821830750 -0.017511636 -0.698285758 -0.281902164 0.657739699
298.026327648 2.276673079 -4.028532982 68.830612183 -0.002228692 -0.697138071 -0.284227848 0.658185363
298.057897280 2.139678240 -3.984916687 68.852325439 -0.005172604 -0.696574509 -0.276744187 0.661943972
298.090814816 1.988793612 -3.929615259 68.873771667 -0.005036205 -0.696442604 -0.277931303 0.661586404
298.122245216 1.858908653 -3.871590137 68.883575439 -0.000023110 -0.698584855 -0.283299804 0.657054424
298.154060672 1.730489135 -3.819954157 68.898193359 -0.005394103 -0.704000473 -0.274543107 0.654965937
298.185486144 1.573462367 -3.757063150 68.910408020 -0.002370400 -0.707230508 -0.281146258 0.648672640
298.216901920 1.442932010 -3.691570997 68.905975342 -0.003292086 -0.708176374 -0.296173692 0.640902936
298.248352544 1.310688972 -3.625037193 68.892669678 -0.013689792 -0.711646914 -0.296210855 0.636891186
298.279790752 1.186635852 -3.563341141 68.878044128 -0.018132776 -0.721366405 -0.296219051 0.625744283
298.311311424 1.069492579 -3.496331215 68.858436584 -0.020494120 -0.731291831 -0.298421890 0.612973750
298.342814464 0.947304726 -3.427590370 68.838951111 -0.032227255 -0.739247143 -0.306632549 0.598708272
298.374303712 0.839449525 -3.376228571 68.810409546 -0.031518538 -0.753804147 -0.302571028 0.582440257
298.405816448 0.726741135 -3.317903042 68.787284851 -0.023841016 -0.769722342 -0.298940301 0.563554585
298.437206272 0.613685489 -3.234580517 68.751815796 -0.033025794 -0.774374604 -0.304304779 0.553761423
298.468522912 0.504404187 -3.154670715 68.724731445 -0.048814587 -0.777228117 -0.309758604 0.545511961
298.499846240 0.399649978 -3.087210178 68.692245483 -0.039968207 -0.784197688 -0.308795333 0.536732793
298.534498816 0.264655650 -3.014357567 68.667793274 -0.047836937 -0.785915673 -0.304638743 0.535950840
298.570954368 0.153238446 -2.948423386 68.631774902 -0.046840850 -0.782970309 -0.309466898 0.537581444
298.602435104 0.032501891 -2.870068312 68.589912415 -0.040768128 -0.779897988 -0.311743587 0.541214049
298.635129280 -0.068941414 -2.798465014 68.558433533 -0.036255550 -0.778156400 -0.304361671 0.548199236
298.668555968 -0.196488783 -2.725265026 68.530746460 -0.045469690 -0.775685430 -0.300704151 0.553011358
298.700299744 -0.305310220 -2.662333012 68.499534607 -0.041811429 -0.775520146 -0.297416002 0.555305362
298.732038400 -0.421863973 -2.594055653 68.464653015 -0.032951415 -0.775162756 -0.303418279 0.553149641
298.764345056 -0.548437119 -2.519473553 68.440902710 -0.039236821 -0.776787758 -0.297329277 0.553765953
298.795684896 -0.689634562 -2.453299284 68.416915894 -0.039573051 -0.779219508 -0.300564319 0.548554838
298.827207552 -0.815866470 -2.388067961 68.384910583 -0.034139566 -0.783836484 -0.294358373 0.545699775
298.858524768 -0.934592009 -2.340528011 68.361709595 -0.031178681 -0.790763199 -0.276136845 0.545408189
298.890866272 -1.054470539 -2.327894688 68.331962585 -0.024115672 -0.796713769 -0.259366930 0.545338869
298.923237344 -1.165941954 -2.284641027 68.292236328 -0.001344239 -0.805679858 -0.235063359 0.543712676
298.955065664 -1.300815344 -2.237624168 68.232322693 0.003997838 -0.808924794 -0.223063916 0.543936849
298.986393920 -1.420127153 -2.167786121 68.194221497 0.012108604 -0.809233069 -0.228149280 0.541242182
299.018083040 -1.548030376 -2.113180399 68.155181885 0.004360258 -0.806562245 -0.245400101 0.537788987
299.049770784 -1.679512501 -2.039152622 68.124458313 -0.021914748 -0.800162613 -0.271483988 0.534374416
299.081293216 -1.824101329 -1.978539467 68.079391479 -0.035549890 -0.796736956 -0.290906936 0.528506637
299.112714528 -1.943090796 -1.923487067 68.037422180 -0.045026150 -0.796969950 -0.296477884 0.524320662
299.144430720 -2.058447599 -1.870465279 67.999404907 -0.048381984 -0.797419727 -0.300520986 0.521026015
299.176414912 -2.160164833 -1.809227109 67.960350037 -0.036957551 -0.801114619 -0.301347136 0.515790164
299.207789472 -2.261401176 -1.743653297 67.930809021 -0.033085559 -0.803626120 -0.299636722 0.513135612
299.239536320 -2.371861458 -1.674816132 67.897415161 -0.040515024 -0.803331375 -0.300584435 0.512509704
299.281777568 -2.515248299 -1.592041731 67.842086792 -0.033647925 -0.806309462 -0.299072504 0.509203851
299.310362176 -2.614825249 -1.534156203 67.803451538 -0.033253171 -0.807459414 -0.300126731 0.506781816
299.342251072 -2.728424788 -1.473260760 67.764633179 -0.037166808 -0.808368087 -0.300287127 0.504962623
299.384758368 -2.871544123 -1.386381388 67.708343506 -0.037216589 -0.810126603 -0.299623579 0.502529085
299.417252544 -2.978192329 -1.318747640 67.666885376 -0.038663335 -0.810635865 -0.301981628 0.500181794
299.449936960 -3.103470325 -1.245546937 67.618858337 0.037523828 0.812354863 0.300082445 -0.498620093
299.481964864 -3.218608141 -1.171279669 67.572822571 0.039110281 0.813283086 0.298089266 -0.498180598
299.513844000 -3.336400270 -1.099844337 67.526901245 0.047955189 0.811728120 0.299215466 -0.499267310
299.545356256 -3.441897869 -1.032518029 67.481391907 0.044950295 0.813001454 0.297833651 -0.498300374
299.576816544 -3.548764944 -0.963606238 67.438957214 0.044297278 0.813742518 0.297026992 -0.497630268
299.608107648 -3.661449909 -0.894949436 67.396308899 0.049843047 0.812458575 0.300087959 -0.497366905
299.639192960 -3.765329838 -0.826320648 67.348571777 0.047704294 0.812802374 0.299049050 -0.497640669
299.670774496 -3.875944853 -0.755752683 67.302032471 0.051148299 0.812386572 0.298058748 -0.498570830
299.702633792 -3.996705055 -0.682102919 67.253059387 0.053492486 0.811968625 0.300293088 -0.497664124
299.734896000 -4.114144325 -0.603184044 67.205154419 0.054705493 0.811079979 0.302674025 -0.497538954
299.766802400 -4.235790730 -0.528688133 67.161628723 0.059640434 0.810739219 0.301726431 -0.498102486
299.798642016 -4.329501629 -0.455569774 67.105186462 -0.055059243 -0.808123469 -0.306159198 0.500171423
299.831139104 -4.444038391 -0.387674510 67.058212280 -0.057846062 -0.807066798 -0.308618665 0.500051439
299.862663072 -4.568416595 -0.303686261 67.007553101 0.063530020 0.804706812 0.313725471 -0.499987185
299.895302816 -4.675809383 -0.221872419 66.960319519 0.059098527 0.806056619 0.313598305 -0.498433739
299.928463840 -4.794951439 -0.131928593 66.915710449 0.066362813 0.804508984 0.316795319 -0.497998029
299.961065408 -4.922410488 -0.039611310 66.865516663 0.071547501 0.803327620 0.319814116 -0.497257113
299.992499168 -5.033945084 0.046533480 66.810798645 0.063640095 0.804582953 0.323527873 -0.493888438
300.026767392 -5.161914349 0.147022635 66.752349854 0.074485406 0.801446974 0.329563260 -0.493480146
300.059340512 -5.328502655 0.295567214 66.659080505 0.079490319 0.800377548 0.327279121 -0.495949060
300.091245344 -5.444859505 0.393968284 66.603958130 0.073166817 0.803658366 0.322366863 -0.494832724
300.123802592 -5.575941563 0.495159090 66.539863586 0.075331077 0.802957416 0.325591266 -0.493533164
300.155506976 -5.690868855 0.591744363 66.479728699 0.068359874 0.804069817 0.328553557 -0.490765929
300.186864992 -5.812519073 0.685618103 66.414596558 0.072628900 0.805558741 0.321085930 -0.492649883
300.218437408 -5.933455944 0.787047148 66.358764648 0.076706141 0.805357754 0.322368473 -0.491521716
300.250211648 -6.056513786 0.878045559 66.305885315 0.078837238 0.806082785 0.322720557 -0.489761829
300.281684416 -6.188540459 0.947318912 66.270820618 0.076546758 0.805939436 0.322603673 -0.490437686
300.313980224 -6.329477310 1.021386862 66.231559753 0.076000862 0.805702627 0.327090204 -0.487933576
300.345632640 -6.464392185 1.129311204 66.158691406 0.079281412 0.803807259 0.330161214 -0.488469005
300.378569568 -6.580024719 1.227506161 66.099220276 0.079942204 0.803983271 0.328577429 -0.489139020
300.410604832 -6.702214718 1.334298968 66.030776978 0.080236346 0.804746091 0.327459931 -0.488585532
300.442083872 -6.835935116 1.434876561 65.969619751 0.084501006 0.805780947 0.329435617 -0.484818488
300.476029696 -6.952352047 1.535939217 65.900276184 0.080763929 0.808712244 0.329129547 -0.480765462
300.509197856 -7.076952934 1.647262216 65.830848694 0.084961943 0.810367823 0.329077363 -0.477277279
300.541083360 -7.197153091 1.753212452 65.762496948 0.087295696 0.812316477 0.329542875 -0.473204911
300.572541888 -7.315388203 1.864593625 65.700836182 0.089974217 0.815908730 0.325943142 -0.468997449
300.604005952 -7.428607941 1.967355251 65.626495361 0.090778440 0.816832721 0.329676419 -0.464604199
300.635353344 -7.552664757 2.077733517 65.556755066 0.090063758 0.819192410 0.328016996 -0.461754441
300.666737024 -7.672464371 2.184293270 65.482185364 0.090699658 0.818764150 0.328587323 -0.461984038
300.698110496 -7.805171967 2.292228460 65.409400940 0.093647167 0.817990124 0.327768534 -0.463346779
300.729519840 -7.928223610 2.400030136 65.328063965 0.089732252 0.817679107 0.329571962 -0.463391215
300.760984960 -8.063175201 2.501156330 65.254188538 0.093039155 0.816722631 0.332083106 -0.462632269
300.792616928 -8.176437378 2.608502150 65.183471680 0.088962644 0.817957640 0.330729842 -0.462221533
300.824219744 -8.305075645 2.723663092 65.097053528 0.093769729 0.815347910 0.334208608 -0.463378549
300.855746944 -8.420488358 2.828217030 65.030410767 0.093209922 0.815480530 0.334055930 -0.463368207
300.887194368 -8.542585373 2.949784994 64.943824768 0.090903834 0.815572381 0.333468884 -0.464086890
300.915906304 -8.649545670 3.056957483 64.869186401 0.090573587 0.813536048 0.338204622 -0.464298576
300.947433792 -8.784604073 3.167751312 64.787864685 0.091009513 0.813483834 0.338023841 -0.464436382
300.986202784 -8.942100525 3.309301376 64.685386658 0.091705360 0.812258661 0.338569432 -0.466043681
301.015100256 -9.076625824 3.411387682 64.622116089 0.094496749 0.811731637 0.339115024 -0.466007650
301.044379808 -9.192685127 3.519509077 64.546661377 0.092453629 0.810801685 0.342524976 -0.465542138
301.074635872 -9.331071854 3.630488396 64.471420288 0.093415216 0.811540723 0.340088367 -0.465849042
301.103249248 -9.453947067 3.742103577 64.396255493 0.093769960 0.810812473 0.340287358 -0.466899246
301.131719808 -9.591581345 3.851732969 64.324043274 0.098302037 0.808793724 0.342924803 -0.467538118
301.160383904 -9.696592331 3.961511612 64.251960754 0.094571903 0.808739543 0.342991084 -0.468351930
301.189056128 -9.819497108 4.069075108 64.182701111 0.097595260 0.808353424 0.342437118 -0.468803465
301.217931808 -9.931335449 4.174458981 64.112419128 0.097509801 0.808549881 0.343633443 -0.467605561
301.246566240 -10.056603432 4.276731014 64.045417786 0.101563461 0.809133947 0.343396455 -0.465903401
301.275751424 -10.186583519 4.384813786 63.982780457 0.104563959 0.810357988 0.343480080 -0.463041842
301.305094080 -10.302346230 4.493842125 63.915817261 0.101654112 0.812142670 0.343843639 -0.460284978
301.333614304 -10.435478210 4.613289356 63.841281891 0.105263561 0.812362492 0.343989730 -0.458974749
301.362340800 -10.558609962 4.724149704 63.774677277 0.104778692 0.813037276 0.345029175 -0.457106858
301.390957952 -10.696910858 4.844267368 63.702869415 0.106969297 0.812678158 0.346980453 -0.455759048
301.419664800 -10.827277184 4.957503319 63.631164551 0.108404562 0.812461257 0.346760273 -0.455974251
301.448315904 -10.964191437 5.071546555 63.557506561 0.107265189 0.812537551 0.347081423 -0.455863327
301.477014048 -11.080345154 5.184852600 63.489292145 0.106084235 0.811474383 0.351185411 -0.454889506
301.505929536 -11.222277641 5.304613590 63.419303894 0.106845848 0.812647939 0.348887295 -0.454384238
301.534627968 -11.362207413 5.432414532 63.344104767 0.109403148 0.813769817 0.345763624 -0.454155385
301.563565056 -11.478509903 5.557325840 63.260143280 0.111159012 0.813854098 0.347748309 -0.452057868
301.592866400 -11.607664108 5.693261147 63.163684845 0.111922890 0.817834854 0.343053907 -0.448255986
301.621572288 -11.746511459 5.835282803 63.076248169 0.111783631 0.820751548 0.345087111 -0.441345930
301.650272224 -11.868009567 5.974046230 62.984096527 0.110279888 0.824203432 0.344634414 -0.435607761
301.678878304 -12.000956535 6.105446815 62.893745422 0.114011526 0.826247633 0.342848808 -0.432170033
301.709780416 -12.149012566 6.243349552 62.804222107 0.114503473 0.827339947 0.342728317 -0.430040598
301.738532352 -12.295219421 6.395833015 62.701610565 0.112791948 0.826888502 0.344022095 -0.430328041
301.767155872 -12.452445030 6.533606529 62.612998962 0.114313416 0.827016294 0.343488544 -0.430107087
301.795723040 -12.577494621 6.673107624 62.516819000 0.109737583 0.827806890 0.342114955 -0.430871993
301.824420832 -12.734392166 6.802241802 62.435951233 0.114251889 0.826479077 0.344025403 -0.430726558
301.853089920 -12.876117706 6.939540863 62.352085114 0.114775218 0.826363564 0.343011200 -0.431617051
301.881728672 -13.011481285 7.075343609 62.259410858 0.112640522 0.826864243 0.342337340 -0.431755394
301.910217440 -13.168639183 7.213803291 62.181739807 0.115611210 0.827033997 0.343449473 -0.429757267
301.938705152 -13.322935104 7.351876259 62.098239899 0.116995923 0.827484012 0.343430132 -0.428529978
301.967347264 -13.481334686 7.491872787 62.016902924 0.119780093 0.827469707 0.342921346 -0.428195715
301.995940288 -13.617682457 7.626696587 61.928268433 0.118120939 0.827537537 0.344059050 -0.427612484
302.024559616 -13.769446373 7.766197205 61.830284119 0.119760066 0.827017069 0.346465856 -0.426217914
302.053612544 -13.917151451 7.907898426 61.749912262 0.116494477 0.827680171 0.346508056 -0.425801218
302.082471680 -14.093518257 8.052158356 61.673706055 0.118819460 0.827178717 0.344799370 -0.427516878
302.111117728 -14.235320091 8.183537483 61.591484070 0.118802674 0.824679434 0.346840858 -0.430686921
302.139690208 -14.401296616 8.322900772 61.524742126 0.119643152 0.823611259 0.344979763 -0.433980405
302.168600864 -14.527496338 8.449139595 61.446426392 0.117447540 0.822141707 0.345576793 -0.436881781
302.197146496 -14.674934387 8.576053619 61.355430603 0.118942119 0.820828140 0.345849484 -0.438727945
302.226329184 -14.806631088 8.711927414 61.268573761 0.120080531 0.819166720 0.347979754 -0.439837128
302.255229632 -14.975562096 8.854928970 61.181331635 0.123525478 0.819453955 0.345519960 -0.440287054
302.284562048 -15.108041763 8.985218048 61.090419769 0.121366300 0.819853067 0.346468925 -0.439397782
302.313161344 -15.249666214 9.130149841 60.990249634 0.124898873 0.818026066 0.349329025 -0.439548343
302.342118272 -15.368276596 9.266895294 60.900131226 0.122388311 0.818990231 0.346778870 -0.440477699
302.370713376 -15.485897064 9.397857666 60.803333282 0.123341091 0.818485200 0.344696820 -0.442778766
302.399253632 -15.605031967 9.516276360 60.714527130 0.122738786 0.816638291 0.349193394 -0.442833036
302.436504832 -15.761179924 9.676413536 60.603458405 0.124045797 0.815436721 0.349974751 -0.444064528
302.465136992 -15.870450020 9.793331146 60.522926331 0.121092796 0.816040993 0.348801047 -0.444692522
302.493803392 -16.010290146 9.920168877 60.435573578 0.125905633 0.813523173 0.352039427 -0.445416749
302.522903712 -16.129489899 10.060112000 60.373916626 0.120910212 0.815619826 0.349216789 -0.445188433
302.551517440 -16.268527985 10.188917160 60.302677155 0.120694309 0.816969693 0.345431715 -0.445724607
302.581536416 -16.388380051 10.323415756 60.222537994 0.119487852 0.816392541 0.347377568 -0.445594877
302.610408192 -16.527902603 10.461791039 60.142333984 0.121289708 0.815869033 0.347778112 -0.445754319
302.641307200 -16.656883240 10.588696480 60.061775208 0.122292981 0.815030694 0.348593563 -0.446376443
302.670423168 -16.799467087 10.724478722 59.983966827 0.123837940 0.814212084 0.349556774 -0.446691096
302.699338624 -16.912933350 10.841485023 59.906421661 0.121380433 0.814063251 0.352129638 -0.445614815
302.728387200 -17.044456482 10.965459824 59.833030701 0.120286077 0.815846324 0.349273831 -0.444897473
302.757645088 -17.163534164 11.095321655 59.761177063 0.123804651 0.814533710 0.349671751 -0.446023405
302.786317440 -17.309354782 11.237160683 59.685443878 0.125965133 0.814518392 0.348843426 -0.446095079
302.815041440 -17.436697006 11.372830391 59.616840363 0.124210581 0.815063775 0.349729896 -0.444895297
302.844888768 -17.569715500 11.506474495 59.521160126 0.125857562 0.813211322 0.353339672 -0.444970042
302.873488000 -17.704793930 11.646386147 59.438934326 0.125532985 0.813328862 0.353064626 -0.445065141
302.902243488 -17.855888367 11.787230492 59.338573456 0.128073588 0.812258601 0.352275759 -0.446917027
302.931003872 -17.968896866 11.913608551 59.259696960 0.126045004 0.810449898 0.356072545 -0.447767735
302.959445952 -18.082004547 12.041069984 59.184825897 0.126735181 0.808803439 0.358147621 -0.448893607
302.988310208 -18.193510056 12.161722183 59.112365723 0.123954996 0.808979154 0.357167095 -0.450132817
303.017199200 -18.325531006 12.293920517 59.040840149 0.127614185 0.807178736 0.357949138 -0.451718390
303.046019808 -18.440387726 12.419288635 58.969139099 0.125989497 0.805815101 0.360775977 -0.452359796
303.075099520 -18.565061569 12.549324989 58.902046204 0.125338569 0.806165636 0.357011855 -0.454895258
303.103839648 -18.674343109 12.671793938 58.827934265 0.123034947 0.805886447 0.356305778 -0.456569582
303.132574752 -18.781679153 12.799165726 58.758251190 0.121547453 0.805167198 0.355474561 -0.458878875
303.163430464 -18.895736694 12.921269417 58.689521790 0.120255165 0.804212391 0.356935471 -0.459758848
303.192578528 -19.011772156 13.052539825 58.618385315 0.117312931 0.803691447 0.355886608 -0.462236315
303.222490240 -19.124542236 13.177043915 58.546024323 0.115447350 0.802307248 0.359433413 -0.462366194
303.261646976 -19.299983978 13.359212875 58.442729950 0.115527421 0.802942395 0.355710208 -0.464119822
303.290787648 -19.417526245 13.479124069 58.372638702 0.116020456 0.802332938 0.356894523 -0.464141637
303.323091872 -19.545879364 13.615048409 58.302848816 0.114928909 0.803193808 0.356492698 -0.463232279
303.354629728 -19.664211273 13.745952606 58.229957581 0.112575129 0.805164754 0.356465369 -0.460400969
303.386208352 -19.777143478 13.883310318 58.155422211 0.111694008 0.806423008 0.354828000 -0.459677547
303.417771264 -19.903205872 14.016736984 58.081645966 0.112213381 0.805858493 0.357149243 -0.458742499
303.449303264 -20.026632309 14.141974449 58.012725830 0.107715800 0.807730317 0.352697849 -0.459970981
303.480775680 -20.152759552 14.273064613 57.939132690 0.107385106 0.805864811 0.357770652 -0.459402353
303.512171136 -20.292137146 14.410881996 57.877407074 0.107323274 0.807767570 0.354190499 -0.458848894
303.543699872 -20.420360565 14.548061371 57.811203003 0.106264293 0.807745695 0.354183555 -0.459139287
303.575095584 -20.545204163 14.682485580 57.739517212 0.104265310 0.805800557 0.360396892 -0.458179265
303.606465760 -20.675029755 14.820812225 57.673828125 0.104596764 0.807038307 0.357677668 -0.458056062
303.637797856 -20.797351837 14.943044662 57.600234985 0.097225681 0.810502887 0.351629734 -0.458245218
303.669192864 -20.911342621 15.067155838 57.535633087 0.092278369 0.812683642 0.344623923 -0.460721552
303.700498272 -21.038862228 15.184434891 57.476863861 0.092607357 0.814485610 0.340469182 -0.460562348
303.731833824 -21.163055420 15.310767174 57.410179138 0.087121569 0.816815794 0.337383211 -0.459776372
303.763250016 -21.278017044 15.420298576 57.334014893 0.082559429 0.817111909 0.340529412 -0.457768291
303.794611616 -21.412860870 15.534990311 57.271373749 0.093697347 0.818562508 0.335077673 -0.457054883
303.826036544 -21.553750992 15.661509514 57.210094452 0.099853553 0.820159674 0.335030675 -0.452903718
303.857454528 -21.680517197 15.795563698 57.139221191 0.097120531 0.820661008 0.340561599 -0.448442698
303.888852576 -21.802833557 15.918636322 57.062580109 0.089598410 0.824166536 0.338061661 -0.445461392
303.920531616 -21.938707352 16.050142288 56.975276947 0.099132776 0.821259022 0.338029981 -0.448823005
303.960131552 -22.093868256 16.205360413 56.877483368 0.093932234 0.821330309 0.339325070 -0.448833793
303.990462784 -22.204694748 16.317050934 56.803737640 0.086469173 0.822331071 0.340356380 -0.447718948
304.022689280 -22.321846008 16.432893753 56.729461670 0.086454429 0.820737243 0.343062669 -0.448579997
304.054631424 -22.441308975 16.551168442 56.653392792 0.084784478 0.819862068 0.342700630 -0.450770438
304.085865440 -22.565372467 16.668069839 56.580661774 0.081302039 0.820372522 0.344913423 -0.448791265
304.118039104 -22.699913025 16.789581299 56.524051666 0.080894873 0.824575484 0.339770734 -0.445069849
304.149731520 -22.826068878 16.910818100 56.450679779 0.073231250 0.831781983 0.315932155 -0.450513959
304.181278112 -22.955129623 17.017353058 56.373405457 0.058251586 0.838391662 0.301463097 -0.450362414
304.212704352 -23.085329056 17.125391006 56.274688721 0.045162376 0.840621829 0.294810236 -0.452108711
304.244972096 -23.246078491 17.237962723 56.154281616 0.051261760 0.836789429 0.302345961 -0.453588605
304.276354656 -23.392307281 17.379714966 56.070377350 0.061162986 0.830669224 0.321714193 -0.450275272
304.307454752 -23.547094345 17.510087967 55.990398407 0.069219321 0.825291455 0.338176280 -0.446922302
304.338883360 -23.684097290 17.628067017 55.918640137 0.072076194 0.821947575 0.346904904 -0.445941955
304.370433440 -23.828638077 17.744731903 55.855789185 0.073031537 0.823085368 0.338000178 -0.450502783
304.401936640 -23.948986053 17.840406418 55.774646759 0.058428872 0.826943040 0.324445009 -0.455507070
304.441741888 -24.115493774 17.972745895 55.663902283 0.043149456 0.829260707 0.314183772 -0.460166603
304.470662592 -24.237770081 18.056667328 55.586639404 0.042175792 0.828005433 0.313286990 -0.463119358
304.502143008 -24.371837616 18.201444626 55.514019012 0.050925706 0.823418736 0.326272190 -0.461448371
304.533999520 -24.498346329 18.420650482 55.459724426 0.062510982 0.816337526 0.340670317 -0.462200314
304.566169696 -24.610963821 18.566419601 55.395698547 0.072030574 0.806921780 0.362003595 -0.461131513
304.597676160 -24.736700058 18.654523849 55.326885223 0.066712536 0.810129583 0.354073465 -0.462462425
304.629250528 -24.851940155 18.735046387 55.260459900 0.050672166 0.819712341 0.328684986 -0.466337055
304.660941376 -24.957027435 18.818567276 55.196468353 0.027073223 0.830462515 0.297520846 -0.470191896
304.692516992 -25.079957962 18.913398743 55.118419647 0.018831482 0.831795454 0.291764230 -0.471842468
304.725166848 -25.208642960 18.998691559 55.038440704 0.015664333 0.832858145 0.287209243 -0.472877175
304.758478528 -25.345363617 19.079608917 54.954284668 0.008729535 0.837424099 0.274653345 -0.472451299
304.790308960 -25.500160217 19.159748077 54.866676331 0.008862413 0.838873386 0.272059381 -0.471377283
304.821899616 -25.641063690 19.245532990 54.781837463 0.013981770 0.838777781 0.272207171 -0.471338153
304.855481472 -25.784070969 19.327859879 54.696548462 0.019312728 0.839365423 0.272205561 -0.470102996
304.886981472 -25.918979645 19.407550812 54.616851807 0.026826104 0.839907646 0.274903238 -0.467187077
304.920465952 -26.060413361 19.493122101 54.522186279 0.036751997 0.843499362 0.275623173 -0.459554136
304.951802144 -26.181970596 19.572914124 54.437229156 0.041441239 0.849123418 0.274120778 -0.449588597
304.983170656 -26.295240402 19.648700714 54.354866028 0.044798452 0.853473365 0.278251886 -0.438351750
305.014669024 -26.409034729 19.733608246 54.262222290 0.050522033 0.856476963 0.285277486 -0.427213639
305.046534272 -26.510658264 19.816200256 54.170902252 0.048274729 0.864932001 0.279672980 -0.413938612
305.077852896 -26.613925934 19.892589569 54.081169128 0.059783313 0.869489491 0.280240059 -0.402342439
305.109762848 -26.710590363 19.970438004 53.983879089 0.060334548 0.875049651 0.284487247 -0.386929989
305.141451424 -26.795211792 20.055345535 53.886402130 0.054811828 0.881974339 0.288096249 -0.368941069
305.173026368 -26.880788803 20.134300232 53.790889740 0.063504577 0.888693511 0.281102300 -0.356612504
305.204599968 -26.964830399 20.225625992 53.697235107 0.077620827 0.892391741 0.282390803 -0.343318254
305.236062080 -27.041261673 20.301506042 53.601654053 0.085194886 0.897343516 0.283667475 -0.327183664
305.267570560 -27.108335495 20.383508682 53.496761322 0.074348792 0.903797805 0.286494434 -0.309100032
305.298947872 -27.183210373 20.453151703 53.384361267 0.077880442 0.907912135 0.287717819 -0.294701010
305.331177888 -27.263648987 20.533922195 53.287235260 0.096334219 0.911996424 0.280960500 -0.282919347
305.364008960 -27.323246002 20.605182648 53.182346344 0.104206316 0.916797519 0.275233865 -0.269943953
305.398244928 -27.393892288 20.699325562 53.057529449 0.102166131 0.921931803 0.276338160 -0.251477689
305.429525440 -27.437704086 20.766014099 52.953205109 0.102677859 0.928057313 0.266329497 -0.239239320
305.460849216 -27.488912582 20.845539093 52.843341827 0.107766010 0.930324733 0.263746977 -0.230911091
305.492238784 -27.526607513 20.925626755 52.735504150 0.110343009 0.930041909 0.269579500 -0.223994061
305.523784000 -27.559379578 21.006462097 52.629207611 0.114515387 0.928678572 0.275956482 -0.219750583
305.563806336 -27.600225449 21.091760635 52.492656708 0.107334554 0.931652725 0.274303824 -0.212743700
305.593998432 -27.628021240 21.174015045 52.372737885 0.104892269 0.929041386 0.288285583 -0.206811845
305.625439392 -27.662620544 21.261529922 52.261215210 0.112204097 0.926593542 0.294580281 -0.205078393
305.657273184 -27.688062668 21.336273193 52.158813477 0.104618169 0.929416895 0.291437775 -0.200756937
305.688728928 -27.705551147 21.416175842 52.053710938 0.096356526 0.931213975 0.292623580 -0.194749594
305.720332960 -27.732761383 21.507810593 51.944099426 0.095588088 0.929690003 0.303132236 -0.186145604
305.751906080 -27.762231827 21.589199066 51.836368561 0.090557493 0.930679679 0.308016211 -0.175387353
305.783272352 -27.791925430 21.663389206 51.736808777 0.096640028 0.932942927 0.302746773 -0.169181719
305.814877984 -27.816209793 21.748231888 51.623138428 0.098441869 0.932025075 0.309114546 -0.161513686
305.846496960 -27.831100464 21.827774048 51.508274078 0.087547436 0.934415877 0.309363514 -0.153285921
305.877840672 -27.862251282 21.910804749 51.394985199 0.090913437 0.938961387 0.294789642 -0.152267113
305.909397504 -27.898681641 21.998643875 51.278373718 0.092973381 0.941224992 0.288802177 -0.148474962
305.942651872 -27.938976288 22.096624374 51.158138275 0.095632516 0.942233741 0.287860900 -0.142077938
305.978091392 -27.980108261 22.213415146 51.040229797 0.100770026 0.944174767 0.282198936 -0.136905611
306.009538432 -28.022796631 22.354759216 50.903522491 0.102545999 0.945522964 0.278919637 -0.132945374
306.041232128 -28.047073364 22.448696136 50.782543182 0.104099236 0.945072055 0.283332199 -0.125399470
306.072695072 -28.071357727 22.529962540 50.655315399 0.108957119 0.944737792 0.284366578 -0.121385798
306.104218528 -28.070777893 22.576044083 50.542373657 0.115777805 0.941650510 0.291155905 -0.122955672
306.135562912 -28.082878113 22.652532578 50.431892395 0.121705703 0.939453661 0.297170132 -0.119601369
306.166949184 -28.094942093 22.733964920 50.318740845 0.121897683 0.940513074 0.295252562 -0.115767062
306.198360192 -28.100629807 22.807071686 50.213424683 0.116824076 0.943288445 0.289530963 -0.112831235
306.229799968 -28.114385605 22.871404648 50.096492767 0.120763354 0.944351554 0.284877121 -0.111630581
306.261259936 -28.108999252 22.951583862 49.948749542 0.117512688 0.947600424 0.275997072 -0.109862618
306.293015872 -28.105049133 23.032337189 49.826984406 0.116120920 0.948914289 0.272567123 -0.108557560
306.326996448 -28.108596802 23.131696701 49.685451508 0.118547745 0.947920859 0.276997149 -0.103271872
306.359451680 -28.108192444 23.223682404 49.554576874 0.116161339 0.948588312 0.277032256 -0.099699117
306.391319936 -28.104436874 23.317420959 49.414581299 0.126674637 0.946647346 0.279076368 -0.099642701
306.423289792 -28.100782394 23.401073456 49.281318665 0.124802344 0.944895983 0.287356794 -0.094984449
306.454761792 -28.079265594 23.486270905 49.155235291 0.123119101 0.942126989 0.297672868 -0.092893630
306.486458336 -28.080661774 23.566480637 49.034229279 0.123382129 0.941456914 0.301244348 -0.087678902
306.517970848 -28.074148178 23.645975113 48.914810181 0.123461783 0.943552673 0.295144528 -0.085762866
306.551437216 -28.070016861 23.727874756 48.784549713 0.125694394 0.946708977 0.284762830 -0.082783923
306.583188064 -28.072088242 23.797313690 48.659557343 0.125813767 0.950224757 0.274834663 -0.075562708
306.614772992 -28.057117462 23.873914719 48.523601532 0.118743435 0.952747524 0.271210551 -0.067948483
306.646838240 -28.045688629 23.961091995 48.394130707 0.127144232 0.951633036 0.272367656 -0.063598365
306.686926176 -28.033157349 24.074806213 48.225879669 0.126980081 0.951017320 0.277005434 -0.052058063
306.718756800 -28.025482178 24.146089554 48.100109100 0.123348512 0.951851308 0.277524382 -0.041766636
306.752154144 -28.015550613 24.211877823 47.967769623 0.118326783 0.954395354 0.271863222 -0.034909312
306.783589600 -28.002311707 24.276857376 47.836051941 0.116065338 0.957863510 0.261003077 -0.030062879
306.815876544 -27.994377136 24.332056046 47.718849182 0.118783191 0.963307381 0.239124879 -0.027363770
306.850596384 -27.986785889 24.409202576 47.567047119 0.132340312 0.963717461 0.230565891 -0.023959132
306.882521216 -27.974414825 24.492692947 47.427654266 0.123643748 0.961929262 0.243281946 -0.014771963
306.923346272 -27.942876816 24.584270477 47.255702972 0.105230644 0.962565899 0.249768004 -0.003062536
306.952033216 -27.929191589 24.638185501 47.138992310 0.111295946 0.962047756 0.249152392 0.000664037
306.983483424 -27.913093567 24.695941925 47.013824463 0.123082891 0.960038245 0.251334548 0.002842085
307.014747200 -27.885927200 24.755922318 46.888973236 0.116088957 0.961518407 0.248797938 0.010259644
307.046419808 -27.854644775 24.819068909 46.771301270 0.103867918 0.965360343 0.238841549 0.015670439
307.077690912 -27.822496414 24.877397537 46.650104523 0.083202623 0.969585896 0.228850275 0.024659298
307.109117440 -27.807977676 24.940298080 46.520240784 0.112946115 0.965800762 0.232321694 0.022330472
307.140624096 -27.778301239 24.999210358 46.393955231 0.102685846 0.967405736 0.229546979 0.029832814
307.180636896 -27.751453400 25.073446274 46.230911255 0.110714264 0.969637632 0.215604410 0.032556821
307.210896768 -27.740953445 25.125288010 46.110855103 0.107236125 0.972464740 0.203657985 0.036553498
307.243448672 -27.727039337 25.179826736 45.983909607 0.108881198 0.974775434 0.190104112 0.042639945
307.279355744 -27.709585190 25.243341446 45.821502686 0.112161539 0.973056674 0.194432184 0.052693315
307.319936640 -27.668413162 25.338905334 45.631565094 0.101358861 0.972428858 0.198924959 0.067359544
307.351759648 -27.637975693 25.398334503 45.493572235 0.122111544 0.970429301 0.195776492 0.070903182
307.383179232 -27.651153564 25.466239929 45.357322693 0.126655310 0.968140721 0.196362421 0.090020612
307.415010464 -27.619293213 25.521362305 45.223369598 0.133474827 0.963368416 0.209628060 0.100806333
307.446645536 -27.569387436 25.572093964 45.098922729 0.133363247 0.962539554 0.211060613 0.105760321
307.478003008 -27.541009903 25.616867065 44.980495453 0.143072456 0.964475274 0.191011235 0.113280669
307.509388736 -27.508354187 25.669527054 44.851837158 0.158692211 0.963311374 0.180981740 0.118716232
307.541375520 -27.454917908 25.718446732 44.721748352 0.168268263 0.959326386 0.189601406 0.124217361
307.572736928 -27.400283813 25.753137589 44.607513428 0.171625271 0.959309101 0.184196502 0.127837628
307.606761792 -27.353689194 25.788261414 44.491184235 0.176343247 0.961362720 0.162796497 0.134840995
307.638270592 -27.277414322 25.846822739 44.323986053 0.179783821 0.958710194 0.165443406 0.145537078
307.669636768 -27.222473145 25.884679794 44.199153900 0.194445923 0.952887177 0.172307000 0.156547427
307.701161088 -27.154836655 25.913925171 44.082099915 0.191392809 0.952401459 0.166491777 0.169058338
307.732937280 -27.066387177 25.945661545 43.961513519 0.175381839 0.954773843 0.158775017 0.180107117
307.764616832 -26.974565506 25.978403091 43.828781128 0.174358800 0.951119542 0.171055496 0.188972652
307.796457984 -26.926044464 26.024511337 43.695667267 0.190225452 0.945387900 0.174826279 0.198725313
307.830660896 -26.844398499 26.047946930 43.579399109 0.190037370 0.947070420 0.162545457 0.201301798
307.862029920 -26.786790848 26.077247620 43.450145721 0.183114618 0.947365701 0.158393204 0.209472686
307.893982400 -26.703718185 26.109878540 43.325229645 0.170642167 0.947871506 0.163823515 0.213500991
307.926634208 -26.613153458 26.141519547 43.207489014 0.155569524 0.949208438 0.166979775 0.216608524
307.960068640 -26.521621704 26.176820755 43.082050323 0.173801109 0.946549058 0.159712613 0.219840765
307.993472544 -26.451061249 26.237079620 42.929317474 0.187112600 0.942278087 0.153277010 0.231531933
308.025262848 -26.361476898 26.255891800 42.813140869 0.179816172 0.940891564 0.155507624 0.241260394
308.056650816 -26.283746719 26.271713257 42.703948975 0.179688230 0.938126028 0.159501776 0.249380946
308.088288832 -26.208814621 26.285108566 42.607612610 0.170562342 0.940226078 0.145815223 0.256166577
308.119796032 -26.107950211 26.313549042 42.494289398 0.164656937 0.940297008 0.144690335 0.260373443
308.151586304 -26.028739929 26.337285995 42.378265381 0.179521486 0.935945868 0.152078375 0.262010485
308.183526880 -25.942310333 26.354030609 42.259975433 0.182542354 0.933952630 0.158675626 0.263121367
308.215155520 -25.845939636 26.374130249 42.147407532 0.169430554 0.935239851 0.159909010 0.266549885
308.246736320 -25.756822586 26.396341324 42.037307739 0.167210177 0.935489237 0.161447629 0.266149044
308.278126848 -25.681110382 26.416114807 41.927188873 0.176920012 0.935696006 0.159595549 0.260195285
308.309457760 -25.586339951 26.432691574 41.801898956 0.179138228 0.935555100 0.164981529 0.255787581
308.341139136 -25.420482635 26.480587006 41.610679626 0.172874704 0.934004724 0.178907484 0.256401330
308.374206240 -25.335395813 26.498786926 41.491603851 0.170880765 0.935214996 0.175466105 0.255703658
308.405753728 -25.253719330 26.524410248 41.385532379 0.174511164 0.940776587 0.149410799 0.249322489
308.437146048 -25.188083649 26.548191071 41.224674225 0.181521818 0.936556935 0.159006208 0.254220426
308.468907776 -25.075830460 26.600343704 41.116355896 0.167899355 0.937754869 0.165712193 0.254882514
308.500795360 -25.003631592 26.632291794 40.993450165 0.161836207 0.940829694 0.157466739 0.252690971
308.533330656 -24.913919449 26.666381836 40.863113403 0.158612490 0.942428231 0.161511153 0.246140718
308.564827680 -24.832534790 26.696523666 40.735553741 0.157295465 0.944413304 0.163827837 0.237701595
308.596338112 -24.749937057 26.725778580 40.603927612 0.160433009 0.947858453 0.157786399 0.225674585
308.627990016 -24.643898010 26.760118484 40.457904816 0.156183332 0.949351192 0.164570227 0.217383847
308.659728000 -24.563364029 26.800567627 40.325847626 0.161067754 0.948209643 0.171566993 0.213355199
308.691157760 -24.480127335 26.829319000 40.208316803 0.157593131 0.952691913 0.158439368 0.206008419
308.722298176 -24.387676239 26.859853745 40.083763123 0.151797876 0.954776943 0.157188565 0.201618791
308.755047520 -24.315860748 26.895887375 39.950927734 0.159534648 0.952970684 0.166544423 0.196617573
308.794469824 -24.219154358 26.941537857 39.781814575 0.161181912 0.954420686 0.163976490 0.190297782
308.824789792 -24.159322739 26.962467194 39.664829254 0.158263579 0.956513703 0.159738511 0.185789600
308.856276640 -24.077068329 27.006340027 39.519020081 0.152176380 0.958417892 0.161909014 0.179061338
308.887766784 -24.021949768 27.050912857 39.374656677 0.151170716 0.960128844 0.160871565 0.171523780
308.919611552 -23.986564636 27.104204178 39.234806061 0.157187864 0.961026549 0.156584099 0.164928377
308.951188320 -23.961462021 27.174242020 39.086704254 0.151323006 0.961292565 0.158095300 0.167403132
308.982757696 -23.911535263 27.230846405 38.943450928 0.144864321 0.961686671 0.165134296 0.164023489
309.014883936 -23.856306076 27.258911133 38.804073334 0.145527512 0.964936197 0.157187760 0.151696593
309.047411232 -23.795061111 27.292898178 38.651123047 0.146266907 0.965934157 0.156633660 0.145062193
309.078824992 -23.739091873 27.335155487 38.506862640 0.149625272 0.966362298 0.154224679 0.141318351
309.110146784 -23.669845581 27.359069824 38.383239746 0.143866256 0.969076872 0.147748426 0.135509714
309.141711392 -23.601518631 27.410335541 38.227638245 0.140101388 0.969321132 0.147419468 0.138042122
309.173477664 -23.539075851 27.464382172 38.085350037 0.138814837 0.968903840 0.152064204 0.137230515
309.207287904 -23.488019943 27.484720230 37.934135437 0.144624650 0.967841268 0.156530693 0.133660659
309.239882208 -23.421827316 27.521940231 37.789531708 0.144795954 0.969274879 0.151994437 0.128210977
309.271428608 -23.366622925 27.568584442 37.632419586 0.144630760 0.967931449 0.159477293 0.129451156
309.303159264 -23.312458038 27.613746643 37.483921051 0.141819552 0.968025625 0.161853418 0.128907010
309.334844864 -23.247081757 27.669349670 37.339107513 0.137004212 0.968305528 0.165890366 0.126864478
309.366441216 -23.190975189 27.701045990 37.194458008 0.134506583 0.969524026 0.164465472 0.121992953
309.402235040 -23.138168335 27.734560013 37.041717529 0.135287702 0.971424341 0.154504970 0.118996508
309.434535392 -23.077327728 27.785829544 36.857418060 0.139801696 0.970306158 0.157701135 0.118709065
309.466108480 -22.986072540 27.845893860 36.648029327 0.136728093 0.971075952 0.154633164 0.120023228
309.497458016 -22.930866241 27.896863937 36.475540161 0.135553554 0.971841931 0.148789480 0.122515708
309.529108544 -22.900241852 27.943111420 36.322547913 0.130797163 0.971387088 0.152696595 0.126423821
309.560779488 -22.867786407 27.996379852 36.155166626 0.139959201 0.967894912 0.164384201 0.128719345
309.592129472 -22.823535919 28.044219971 35.994331360 0.155133918 0.965024352 0.169613048 0.126066878
309.624697856 -22.770629883 28.086194992 35.826770782 0.164932817 0.962414086 0.178452790 0.121288359
309.656150208 -22.705106735 28.126987457 35.674690247 0.142317280 0.968115211 0.167469144 0.120219812
309.687510848 -22.648832321 28.179330826 35.512649536 0.139144868 0.970899701 0.155781135 0.117152780
309.719628928 -22.585447311 28.242301941 35.306079865 0.142285615 0.970306695 0.156999081 0.116666235
309.751376288 -22.490377426 28.321168900 35.086914062 0.142250746 0.967821538 0.172308922 0.115740411
309.786455616 -22.429267883 28.356325150 34.961921692 0.144309729 0.967188001 0.177280948 0.110876285
309.818906816 -22.379848480 28.394817352 34.807727814 0.146120667 0.967803001 0.174251214 0.107900709
309.911928672 -22.141138077 28.461481094 34.407970428 0.128804713 0.975478172 0.154597551 0.089169927
309.940465984 -22.091119766 28.504598618 34.259937286 0.126281798 0.978612244 0.138774365 0.084336631
309.971767680 -22.065740585 28.539205551 34.126045227 0.147462428 0.976152599 0.138023451 0.079564139
310.003137600 -22.036331177 28.590711594 33.951255798 0.152875930 0.974193871 0.144498616 0.081825607
310.034604832 -21.997613907 28.667795181 33.716907501 0.131104037 0.975909412 0.153304175 0.083128802
310.066003840 -21.954107285 28.743967056 33.505748749 0.106388062 0.975039124 0.174526572 0.086722314
310.097253632 -21.956649780 28.820714951 33.274227142 0.111570582 0.974672318 0.174168512 0.085036293
310.128778720 -21.930810928 28.864036560 33.102287292 0.116967946 0.978259206 0.152545884 0.077828325
310.160139936 -21.911687851 28.915365219 32.918071747 0.122548379 0.982526958 0.122231700 0.068426229
310.191578560 -21.899213791 28.965589523 32.708446503 0.114098065 0.985624313 0.108035833 0.062085725
310.223487072 -21.876411438 29.034957886 32.410491943 0.106159784 0.985009134 0.122130610 0.059759915
310.254858656 -21.839698792 29.081264496 32.198520660 0.106836557 0.983673394 0.134693697 0.053200010
310.286282624 -21.815479279 29.129238129 32.014381409 0.113259517 0.982630730 0.139147535 0.047403321
310.318152192 -21.780834198 29.181455612 31.818674088 0.114838511 0.982320011 0.142711326 0.038638789
310.349852800 -21.742485046 29.215219498 31.661840439 0.092313863 0.985818148 0.137819037 0.025428934
310.381777184 -21.714145660 29.252140045 31.495231628 0.075137854 0.987504661 0.137699336 0.015090429
310.421289280 -21.692470551 29.306222916 31.286115646 0.074634425 0.986577034 0.145219639 0.002590893
310.451488320 -21.670684814 29.369636536 31.106466293 0.084549911 0.984407604 0.153923839 -0.010023625
310.486225312 -21.670551300 29.423706055 30.937629700 0.080820598 0.985071540 0.150679559 -0.019945890
310.522586688 -21.678522110 29.490533829 30.745021820 0.076533787 0.983596027 0.160382032 -0.030968087
310.554587904 -21.688333511 29.551219940 30.557689667 0.060368404 0.982799947 0.168944627 -0.043790974
310.585988192 -21.714025497 29.608434677 30.394073486 0.061698318 0.981810927 0.170181721 -0.057260916
310.617658112 -21.728525162 29.657636642 30.231679916 0.052297119 0.980835080 0.170860723 -0.077679686
310.649276288 -21.743888855 29.711227417 30.065769196 0.045450997 0.980247140 0.165565461 -0.098172247
310.680544224 -21.767459869 29.767799377 29.907213211 0.047891635 0.977961361 0.165112272 -0.118473195
310.711957376 -21.795724869 29.826498032 29.752788544 0.036150925 0.976681173 0.162436321 -0.135652006
310.743781856 -21.820619583 29.878793716 29.594459534 0.030545749 0.974557996 0.158420026 -0.155585378
310.775274496 -21.852249146 29.924161911 29.429489136 0.015078225 0.974053085 0.142776147 -0.174952120
310.807172320 -21.888998032 29.967796326 29.264194489 -0.004814135 0.972496927 0.136162326 -0.188908502
310.838611680 -21.941287994 30.032390594 29.052976608 -0.005715681 0.970209062 0.127594322 -0.205867544
310.869981312 -21.996112823 30.074674606 28.886781693 -0.000338931 0.967641056 0.118943274 -0.222537965
310.901936800 -22.064033508 30.119640350 28.728088379 0.008826525 0.964628279 0.115707122 -0.236698747
310.933578528 -22.175495148 30.201078415 28.549337387 -0.001646275 0.962287068 0.114685491 -0.246674076
310.965018336 -22.243810654 30.246002197 28.400348663 -0.017420437 0.958367944 0.120969139 -0.258058041
310.996429856 -22.318626404 30.284278870 28.264516830 -0.001094772 0.953527391 0.125928402 -0.273726851
311.029964928 -22.385677338 30.327314377 28.132293701 -0.000322177 0.946727812 0.139063373 -0.290461093
311.061992064 -22.484922409 30.378952026 28.000667572 0.002046251 0.939945281 0.157060385 -0.303035945
311.095696576 -22.579719543 30.426477432 27.876180649 0.005016720 0.934625983 0.158754587 -0.318192035
311.127233344 -22.680948257 30.480888367 27.748704910 0.014869398 0.927480757 0.167198047 -0.334070683
311.158704832 -22.779060364 30.531770706 27.630945206 0.013348776 0.921107113 0.165592298 -0.352083355
311.190373376 -22.863788605 30.574110031 27.519979477 -0.001413932 0.915560305 0.164630756 -0.366938740
311.222848224 -22.958089828 30.618869781 27.408782959 -0.003548407 0.909039795 0.170576736 -0.380181134
311.254524448 -23.049650192 30.661849976 27.303936005 -0.014438317 0.901889563 0.167587057 -0.397871077
311.285764480 -23.142492294 30.698942184 27.209238052 -0.020372715 0.897004604 0.157224000 -0.412611574
311.317117312 -23.258554459 30.749824524 27.097421646 -0.008215264 0.891599417 0.158514023 -0.424094677
311.349030400 -23.360572815 30.789394379 27.007736206 -0.016669936 0.883283973 0.165937513 -0.438173711
311.380510432 -23.464923859 30.820978165 26.921382904 -0.029014610 0.876513064 0.162371472 -0.452237189
311.411842048 -23.574659348 30.856967926 26.838300705 -0.033571567 0.869715273 0.161617041 -0.465132475
311.443236896 -23.701896667 30.891317368 26.779119492 -0.029634643 0.863908172 0.161915675 -0.475991398
311.474674944 -23.821683884 30.920156479 26.716371536 -0.018332064 0.856414318 0.148136362 -0.494240940
311.506018496 -23.943290710 30.955339432 26.666286469 0.020558808 -0.851638854 -0.144215778 0.503478229
311.537415744 -24.080734253 30.989681244 26.617778778 0.024415899 -0.846392691 -0.153425872 0.509395301
311.568840672 -24.231233597 31.029861450 26.580604553 0.020801403 -0.840769947 -0.148884222 0.520102501
311.601842080 -24.355985641 31.055463791 26.521274567 0.009815295 -0.831142902 -0.146086246 0.536436319
311.634158464 -24.469955444 31.079477310 26.466964722 0.013486085 -0.820015073 -0.145392194 0.553402901
311.666836512 -24.589633942 31.106134415 26.416419983 0.012552743 -0.810514629 -0.138099283 0.569066763
311.699203744 -24.721811295 31.140520096 26.359899521 0.005800920 -0.803034186 -0.135953918 0.580188751
311.731595328 -24.849733353 31.168056488 26.311542511 0.013579466 -0.800106883 -0.134082481 0.584522665
311.763156864 -24.972217560 31.190265656 26.265148163 0.014867142 -0.799627006 -0.129774421 0.586117864
311.795022720 -25.103397369 31.211048126 26.213695526 0.014337666 -0.800877094 -0.132484719 0.583813429
311.826484320 -25.234426498 31.223466873 26.171976089 0.012317556 -0.802236021 -0.135784402 0.581229746
311.857921632 -25.356204987 31.250152588 26.121528625 0.005748075 -0.804102957 -0.129403606 0.580207109
311.889891136 -25.466547012 31.276422501 26.066608429 0.006555018 -0.807521999 -0.125999942 0.576185167
311.921899648 -25.585645676 31.304727554 26.010175705 -0.001402710 -0.812096059 -0.127958223 0.569319546
311.953633696 -25.703062057 31.338977814 25.945146561 -0.005383635 -0.817042947 -0.130640477 0.561555624
311.985092928 -25.812583923 31.363317490 25.882469177 -0.000312642 -0.824130118 -0.130493462 0.551163197
312.025390048 -25.943325043 31.392690659 25.802476883 0.008603587 -0.835201859 -0.123880714 0.535740137
312.055671232 -26.042921066 31.417959213 25.729526520 0.006651246 -0.841868281 -0.122443892 0.525567472
312.086966112 -26.151588440 31.450389862 25.653228760 0.004567442 -0.848156035 -0.121223576 0.515669942
312.118992544 -26.260770798 31.483699799 25.583616257 0.006836556 -0.854050934 -0.125025302 0.504894853
312.150800896 -26.376745224 31.519659042 25.508543015 -0.005874913 0.856237769 0.129773825 -0.499981105
312.182412032 -26.492366791 31.551427841 25.435102463 -0.010597255 0.856070578 0.133956209 -0.499085784
312.214750176 -26.613826752 31.578460693 25.368581772 0.007520783 -0.854627669 -0.139727756 0.500031471
312.249458592 -26.733711243 31.605257034 25.295415878 0.010127941 -0.853393376 -0.140074059 0.501992404
312.284576352 -26.857852936 31.638910294 25.216608047 0.010829844 -0.851868153 -0.137942776 0.505148411
312.315898656 -26.972646713 31.678800583 25.145265579 0.001080447 -0.849357605 -0.140733048 0.508709013
312.347550176 -27.086814880 31.720428467 25.074838638 0.016333278 -0.846719086 -0.145445794 0.511513114
312.379007296 -27.196168900 31.749511719 25.002756119 0.022800798 -0.844351709 -0.139104545 0.516914010
312.410359616 -27.323225021 31.775142670 24.938476562 0.018120520 -0.842105746 -0.140656203 0.520332038
312.441815872 -27.443609238 31.800117493 24.873210907 0.022844413 -0.837524056 -0.145100206 0.526286423
312.473264480 -27.575546265 31.831392288 24.819116592 0.023105904 -0.835153639 -0.137434646 0.532068014
312.505073280 -27.717803955 31.868974686 24.763986588 0.018684808 -0.831912458 -0.130542025 0.539009452
312.538156032 -27.844161987 31.897937775 24.700677872 0.026573053 -0.827683091 -0.132131472 0.544771433
312.570208160 -27.964286804 31.926000595 24.634624481 0.025346268 -0.824479043 -0.131892011 0.549723923
312.601762720 -28.086589813 31.957706451 24.569372177 0.024995616 -0.822993994 -0.135100082 0.551184356
312.633292416 -28.195413589 31.990890503 24.509029388 0.026413362 -0.821205556 -0.140257314 0.552495599
312.664726656 -28.307714462 32.022079468 24.453115463 0.025475865 -0.821932554 -0.135482475 0.552650213
312.696166176 -28.430984497 32.045589447 24.399038315 0.023159143 -0.822170973 -0.137520239 0.551893532
312.730243392 -28.550506592 32.068981171 24.344869614 0.031393800 -0.822684944 -0.136780605 0.550903857
312.761804640 -28.684947968 32.095451355 24.281061172 0.037348602 -0.822982490 -0.129321963 0.551888227
312.793462848 -28.814952850 32.125240326 24.215753555 0.039350696 -0.821796775 -0.124490701 0.554620147
312.825945120 -28.956527710 32.157428741 24.150297165 0.035200693 -0.820997477 -0.126663432 0.555590153
312.861237728 -29.095254898 32.190628052 24.086357117 0.035104237 -0.820120931 -0.126183420 0.556998432
312.894307136 -29.207086563 32.209518433 24.033851624 0.045224190 -0.819053352 -0.124132581 0.558298767
312.925842560 -29.320995331 32.235874176 23.974739075 0.044425026 -0.817212582 -0.129991233 0.559725225
312.957432256 -29.430694580 32.253795624 23.929012299 0.031588245 -0.815622509 -0.132479712 0.562326491
312.989370208 -29.544557571 32.284450531 23.870668411 0.026126279 -0.814696133 -0.127555609 0.565081418
313.021091232 -29.640052795 32.305557251 23.832254410 0.029446544 -0.813803196 -0.127577424 0.566199005
313.052448416 -29.730836868 32.333404541 23.790500641 0.039934244 -0.812265277 -0.134653643 0.566126227
313.081190496 -29.804891586 32.351142883 23.757005692 0.033018243 -0.810047388 -0.137010947 0.569175899
313.112496672 -29.870849609 32.361419678 23.728828430 0.029736925 -0.807142138 -0.138737008 0.573052645
313.144281216 -29.919084549 32.368507385 23.698850632 0.032355890 -0.803113937 -0.140102252 0.578215003
313.175638784 -29.987188339 32.378242493 23.674913406 0.025651617 -0.803444684 -0.142049536 0.577616394
313.207480320 -30.049379349 32.387664795 23.655550003 0.020916451 -0.803734124 -0.135857165 0.578892589
313.239198560 -30.100814819 32.400428772 23.630147934 0.033562042 -0.803324878 -0.134334326 0.579221010
313.270961920 -30.164836884 32.418994904 23.601594925 0.032496069 -0.802657247 -0.140561372 0.578729510
313.302435328 -30.214673996 32.428119659 23.585561752 0.031016883 -0.801879227 -0.138253734 0.580442607
313.334806912 -30.254913330 32.434993744 23.567720413 0.035065774 -0.801399767 -0.134334534 0.581792831
313.366357440 -30.306005478 32.446182251 23.546518326 0.033665858 -0.800413907 -0.139561117 0.582002401
313.397877568 -30.348026276 32.456214905 23.535320282 0.032261565 -0.800443053 -0.139399648 0.582080364
313.429491328 -30.388284683 32.464401245 23.525279999 0.032426815 -0.800628364 -0.139858022 0.581706464
313.463166144 -30.422981262 32.468860626 23.512166977 0.031200357 -0.801192582 -0.137980655 0.581445038
313.497085824 -30.459430695 32.475368500 23.505390167 0.029900460 -0.801945210 -0.133121595 0.581608534
313.535091232 -30.494186401 32.483028412 23.491754532 0.032985039 -0.801541686 -0.136967197 0.581104875
313.570704384 -30.529663086 32.491641998 23.478645325 0.031890694 -0.801221371 -0.136304945 0.581762850
313.603172736 -30.555484772 32.495662689 23.467727661 0.030750651 -0.801133752 -0.136586681 0.581879020
313.642191008 -30.582019806 32.499076843 23.458450317 0.031352524 -0.802008927 -0.134766161 0.581065238
313.672301472 -30.600046158 32.503841400 23.449359894 0.033038355 -0.802181244 -0.134094492 0.580889165
313.703785792 -30.619365692 32.508838654 23.442447662 0.031742111 -0.802243233 -0.135071382 0.580649614
313.732510112 -30.636020660 32.510822296 23.437141418 0.030244906 -0.801991403 -0.134309068 0.581254005
313.764131456 -30.650030136 32.512447357 23.430194855 0.030592496 -0.801358581 -0.133044273 0.582398295
313.795463168 -30.663822174 32.515819550 23.424951553 0.030607231 -0.801240146 -0.132730514 0.582631886
313.826800832 -30.671947479 32.516727448 23.419885635 0.030465076 -0.800806284 -0.132573873 0.583271384
313.858248512 -30.679815292 32.517192841 23.415567398 0.030364985 -0.800409973 -0.132220715 0.583900332
313.889525856 -30.690151215 32.518249512 23.411317825 0.030137403 -0.800086677 -0.132407799 0.584312677
313.921198496 -30.699157715 32.519523621 23.408355713 0.029842880 -0.800166726 -0.131378040 0.584450364
313.952623712 -30.707195282 32.521160126 23.405883789 0.029612640 -0.800390661 -0.131030917 0.584233463
313.984015168 -30.713579178 32.521633148 23.403583527 0.029078392 -0.800616384 -0.130792215 0.584004343
314.015812800 -30.719583511 32.521739960 23.401832581 0.028382765 -0.800889909 -0.130331382 0.583766580
314.047223968 -30.724405289 32.522823334 23.400117874 0.028222971 -0.800951898 -0.130021498 0.583758473
314.078609824 -30.728422165 32.523147583 23.398496628 0.028153006 -0.800791264 -0.129793599 0.584032714
314.109911008 -30.731515884 32.523368835 23.397684097 0.028067768 -0.800603807 -0.129355535 0.584391236
314.141345664 -30.735187531 32.523536682 23.396057129 0.027705232 -0.800369442 -0.129330084 0.584734857
314.172726400 -30.737699509 32.523876190 23.395545959 0.027727289 -0.800239384 -0.129303083 0.584917784
314.204359488 -30.739402771 32.524063110 23.395053864 0.027765036 -0.800147891 -0.129254460 0.585051894
314.235739296 -30.741456985 32.524417877 23.394123077 0.027898597 -0.800040424 -0.129302129 0.585182011
314.267071968 -30.743141174 32.524730682 23.393350601 0.028024839 -0.799861312 -0.129410043 0.585396886
314.298265856 -30.745056152 32.525188446 23.392642975 0.028234538 -0.799788415 -0.129464656 0.585474551
314.329703424 -30.746725082 32.525379181 23.392198563 0.028318744 -0.799685359 -0.129457802 0.585612655
314.360937856 -30.749019623 32.525676727 23.391033173 0.028341193 -0.799438655 -0.129843131 0.585862815
