landmark_id,first_frame_idx,last_frame_idx,slots_seen,creation_depth_m
0,0,1,LAE|MAE,0.5902295858720831
1,0,10,LAE|MAE|SAE,1.179007033476254
2,0,6,LAE|MAE|SAE,0.801443961250142
3,0,9,LAE|MAE,15.143123623436116
4,0,11,LAE|MAE|SAE,19.150444088888126
5,0,15,LAE|MAE|SAE,19.72219336082531
6,0,13,LAE|MAE,9.909649024727006
7,0,2,LAE|MAE,0.6070705229658998
8,0,6,LAE|MAE|SAE,1.1564759366939654
9,0,28,LAE|MAE|SAE,18.82353967898409
10,0,2,LAE|MAE,1.0391715006460989
11,0,4,LAE|MAE|SAE,15.863701853279933
12,0,1,LAE|MAE,0.6947076298371848
13,0,17,LAE|MAE|SAE,20.406703793808507
14,0,6,LAE|MAE,12.87525555463388
15,0,4,LAE|MAE|SAE,0.6910191621836912
16,0,32,LAE|MAE|SAE,33.33351571298443
17,0,42,LAE|MAE|SAE,22.003644734303926
18,0,12,LAE|MAE|SAE,1.3216020875312466
19,0,6,LAE|MAE|SAE,0.8747723124726258
20,0,8,LAE|MAE|SAE,3.6631529689600613
21,0,5,LAE|MAE,0.6512895565308504
22,0,9,LAE|MAE|SAE,1.2420726022393294
23,0,17,LAE|MAE,22.411046291197117
24,0,6,LAE|MAE,0.8117302169507338
25,0,39,LAE|MAE|SAE,18.7353551562488
26,0,6,LAE|MAE|SAE,1.0411923159799974
27,0,16,LAE|MAE|SAE,14.23106189962025
28,0,6,LAE|MAE|SAE,0.7974766123071163
29,0,22,LAE|MAE|SAE,17.95825645252762
30,0,9,LAE|MAE|SAE,20.10954110961296
31,0,46,LAE|MAE|SAE,23.93656142185619
32,0,4,LAE|MAE,0.6854588900515827
33,0,4,LAE|MAE,0.6473250190619513
34,0,17,LAE|MAE|SAE,15.027039185743087
35,0,4,LAE|MAE|SAE,1.0042413689441547
36,0,4,LAE|MAE,0.6458294296312113
37,0,4,LAE|MAE,0.8131683886041634
38,0,6,LAE|MAE|SAE,1.061057450105603
39,0,4,LAE|MAE,0.677952732389926
40,0,10,LAE|MAE|SAE,1.0690248504929558
41,0,6,LAE|MAE,1.5146214807161562
42,0,26,LAE|MAE|SAE,10.011432513986408
43,0,4,LAE|MAE,17.5591044066993
44,0,6,LAE|MAE,0.7338273314608981
45,0,5,LAE|MAE|SAE,1.0542394232703363
46,0,14,LAE|MAE|SAE,20.316945376118646
47,0,5,LAE|MAE,0.7290217244302637
48,0,5,LAE|MAE,0.7095191928483345
49,0,7,LAE|MAE|SAE,0.9106134257648955
50,0,3,LAE|MAE|SAE,0.8085020334982196
51,0,1,LAE|MAE,0.581895213513282
52,0,6,LAE|MAE,0.8068496885643789
53,0,77,LAE|MAE|SAE,18.806702846905775
54,0,9,LAE|MAE,20.885287347637757
55,0,10,LAE|MAE|SAE,22.01780848951136
56,0,46,LAE|MAE,17.2514591889821
57,0,4,LAE|MAE,0.6805284706619256
58,0,4,LAE|MAE,0.6816832467733686
59,0,9,LAE|MAE,1.3505465235096001
60,0,25,LAE|MAE|SAE,11.09762105675996
61,0,14,LAE|MAE|SAE,23.666706511222102
62,0,2,LAE|MAE,0.5986089193257942
63,0,8,LAE|MAE|SAE,19.158115840421456
64,0,21,LAE|MAE,35.08061648346398
65,0,24,LAE|MAE|SAE,22.306339765288016
66,0,30,LAE|MAE|SAE,15.142109980268176
67,0,5,LAE|MAE,0.7169057509705933
68,0,48,LAE|MAE|SAE,23.313105570416756
69,0,2,LAE|MAE,0.6209580270981483
70,0,6,LAE|MAE,1.0352680040028508
71,0,1,LAE|MAE,0.9431585957966657
72,0,1,LAE|MAE,0.7026224089354053
73,0,5,LAE|MAE,0.8042248416078203
74,0,2,LAE|MAE,0.6888357642216462
75,0,6,LAE|MAE|SAE,0.8305278275060386
76,0,11,LAE|MAE|SAE,21.00438732356184
77,0,4,LAE|MAE|SAE,19.897658432347473
78,0,26,LAE|MAE|SAE,16.767110444305004
79,0,5,LAE|MAE,15.381121731179446
80,0,2,LAE|MAE,0.5846306781645332
81,0,29,LAE|MAE|SAE,27.54670987125734
82,0,6,LAE|MAE|SAE,1.0234623697749428
83,0,5,LAE|MAE,0.7557908530684312
84,0,6,LAE|MAE,1.077006418990194
85,0,1,LAE|MAE,0.6953992630627771
86,0,11,LAE|MAE|SAE,17.64065030142116
87,0,5,LAE|MAE|SAE,0.8763194002356675
88,0,10,LAE|MAE|SAE,2.460291471242718
89,0,31,LAE|MAE|SAE,44.17139262861619
90,0,2,LAE|MAE,0.5510355988591495
91,0,12,LAE|MAE,10.224279351735323
92,0,6,LAE|MAE|SAE,0.8549541078669821
93,0,6,LAE|MAE|SAE,0.8066325429130367
94,0,16,LAE|MAE|SAE,1.8867531591601185
95,0,1,LAE|MAE,1.1849272617786388
96,0,78,LAE|MAE|SAE,17.779498310183165
97,0,30,LAE|MAE|SAE,41.029202732906086
98,0,4,LAE|MAE|SAE,1.0117543272868452
99,0,20,LAE|MAE,18.52248483459306
100,0,30,LAE|MAE|SAE,20.43695976437684
101,0,38,LAE|MAE|SAE,19.864833379741846
102,0,6,LAE|MAE|SAE,21.550016035214718
103,0,6,LAE|MAE|SAE,0.7653370000880446
104,0,5,LAE|MAE,0.7453272738490365
105,0,1,LAE|MAE,0.5303392563412276
106,0,8,LAE|MAE,12.262835332318554
107,0,6,LAE|MAE,16.855384561729135
108,0,1,LAE|MAE,17.813175225928845
109,0,4,LAE|MAE,1.4052955206741906
110,0,2,LAE|MAE,35.02059551285838
111,0,6,LAE|MAE,0.9345510152609429
112,0,5,LAE|MAE|SAE,0.8779214795232912
113,0,5,LAE|MAE|SAE,0.7207781476018682
114,0,28,LAE|MAE|SAE,20.313871679802293
115,0,2,LAE|MAE,14.350380423281273
116,0,6,LAE|MAE,1.1665401934134356
117,0,54,LAE|MAE|SAE,16.092827587987856
118,0,2,LAE|MAE,0.8141555006245985
119,0,9,LAE|MAE|SAE,1.4267332090632796
120,0,5,LAE|MAE,18.28151250605079
121,0,6,LAE|MAE,15.596990673709712
122,0,9,LAE|MAE|SAE,23.014649590565956
123,0,4,LAE|MAE|SAE,16.790322673838734
124,0,10,LAE|MAE|SAE,19.62671427568602
125,0,4,LAE|MAE,2.054780788728195
126,0,4,LAE|MAE|SAE,0.6894275671883687
127,0,44,LAE|MAE|SAE,18.21678356202911
128,0,2,LAE|MAE,21.40749886045418
129,0,22,LAE|MAE|SAE,28.20306626117319
130,0,4,LAE|MAE,0.77653132834853
131,0,1,LAE|MAE,13.227560636338225
132,0,5,LAE|MAE|SAE,1.1856271241620266
133,0,6,LAE|MAE,1.1697393928305284
134,0,6,LAE|MAE,1.8680398152298907
135,0,25,LAE|MAE|SAE,12.801983280735248
136,0,12,LAE|MAE|SAE,20.007675125262818
137,0,2,LAE|MAE,0.7014499450001472
138,0,12,LAE|MAE,16.19682677801086
139,0,5,LAE|MAE,0.8776735772264262
140,0,9,LAE|MAE|SAE,17.810714192629554
141,0,6,LAE|MAE,0.8284759852032126
142,0,6,LAE|MAE,2.0334762803908606
143,0,1,LAE|MAE,0.6151413113198023
144,0,24,LAE|MAE|SAE,17.593390284553
145,0,4,LAE|MAE,2.209125623241459
146,0,27,LAE|MAE|SAE,13.467309394577507
147,0,8,LAE|MAE|SAE,1.2151648525609247
148,0,26,LAE|MAE|SAE,18.61193579365499
149,0,16,LAE|MAE|SAE,11.134295778337313
150,0,26,LAE|MAE|SAE,25.586747763928187
151,0,4,LAE|MAE,2.0356650204092968
152,0,5,LAE|MAE,47.012705294898076
153,0,5,LAE|MAE,3.043690292000174
154,0,10,LAE|MAE,25.289856258907584
155,0,7,LAE|MAE|SAE,23.410899833705056
156,0,9,LAE|MAE|SAE,13.996577888777287
157,0,6,LAE|MAE,0.9154327376724706
158,0,5,LAE|MAE,14.44860400893377
159,0,4,LAE|MAE,15.955601051932051
160,0,5,LAE|MAE|SAE,0.9960244359687205
161,0,17,LAE|MAE|SAE,2.5895425626702524
162,0,6,LAE|MAE|SAE,1.2402196918236912
163,0,10,LAE|MAE,1.6500198630979268
164,0,1,LAE|MAE,0.6498121122699292
165,0,9,LAE|MAE|SAE,1.0379067360557963
166,0,9,LAE|MAE|SAE,1.4209759469888201
167,0,15,LAE|MAE|SAE,27.934527038003747
168,0,6,LAE|MAE,24.503105736412838
169,0,46,LAE|MAE|SAE,23.875089981558467
170,0,1,LAE|MAE,18.82199422566915
171,0,4,LAE|MAE,0.9600940152197451
172,0,1,LAE|MAE,12.188465109999692
173,0,19,LAE|MAE|SAE,9.781328563154364
174,0,25,LAE|MAE|SAE,18.76824984520298
175,0,6,LAE|MAE|SAE,1.0033720127136398
176,0,2,LAE|MAE,0.6484936515456988
177,0,28,LAE|MAE|SAE,25.127357520432305
178,0,6,LAE|MAE|SAE,1.215405627744999
179,0,72,LAE|MAE|SAE,16.914250357072987
180,0,1,LAE|MAE,9.557536438807928
181,0,23,LAE|MAE|SAE,20.427227242643347
182,0,6,LAE|MAE|SAE,0.8481271707835355
183,0,4,MAE,0.7933224218037483
184,0,12,MAE|SAE,18.078607228568437
185,0,8,MAE|SAE,24.503960431250082
186,0,8,LAE|MAE|SAE,1.3869210110451002
187,0,5,LAE|MAE,0.6546584338958021
188,0,6,MAE|SAE,1.1030604934141952
189,0,2,MAE,57.54660265452732
190,0,2,MAE,1.3759213314673506
191,0,4,MAE|SAE,1.0192659784206708
192,0,6,LAE|MAE,1.0600609128790086
193,0,6,LAE|MAE|SAE,0.7534447234249149
194,0,3,MAE|SAE,6.3199349596042005
195,0,5,LAE|MAE,12.475776724397704
196,0,3,MAE|SAE,1.3420600850667763
197,0,2,MAE,0.5646553029923039
198,0,8,LAE|MAE|SAE,0.9036884290701971
199,0,2,MAE,20.848786944263527
200,0,10,LAE|MAE|SAE,1.215927950733129
201,0,2,MAE,0.9786451217523922
202,0,52,LAE|MAE|SAE,16.686406383581893
203,0,20,LAE|MAE|SAE,19.260334496300832
204,0,2,MAE,0.5868104048261796
205,0,2,MAE,9.003225125160819
206,0,10,LAE|MAE|SAE,1.9599937438602353
207,0,2,MAE,0.5554126958841283
208,0,7,MAE|SAE,20.03696778163903
209,0,20,MAE,29.872929669460756
210,0,5,LAE|MAE,18.55705815076677
211,0,56,LAE|MAE|SAE,22.457438926712637
212,0,9,LAE|MAE,1.5542313745946164
213,0,2,MAE,22.71346522280964
214,0,7,LAE|MAE|SAE,2.060911698145688
215,0,4,MAE,0.7290639521211795
216,0,4,MAE,19.426451477831996
217,0,10,MAE,13.285358334837715
218,0,6,LAE|MAE|SAE,1.6089569668524115
219,0,2,MAE,17.238137359089507
220,0,7,LAE|MAE|SAE,25.245712617186264
221,0,2,MAE,0.9729425243863733
222,0,2,MAE,1.028371214329171
223,0,4,MAE|SAE,1.003575754436939
224,0,2,MAE,0.5766939182967135
225,0,33,LAE|MAE|SAE,18.96100465090699
226,0,14,LAE|MAE|SAE,20.199248489224193
227,0,2,MAE,20.631410332000524
228,0,2,MAE,1.1588261831489985
229,0,2,MAE,16.23761846978257
230,0,2,MAE,19.10947084891152
231,0,2,MAE,17.255593071276767
232,0,14,LAE|MAE|SAE,1.795092816211698
233,0,2,MAE,16.903362147092977
234,0,2,MAE,20.368580076248133
235,0,4,MAE,2.202628631603757
236,0,5,LAE|MAE,0.9459899762262097
237,0,12,MAE,32.666053701411165
238,0,2,MAE,0.6245608246759912
239,0,2,MAE,0.7598302390574675
240,0,2,MAE,0.6874864871248825
241,0,6,MAE,17.816413884432134
242,0,2,MAE,15.814477481135846
243,0,24,MAE,25.884567561241177
244,0,5,LAE|MAE,1.0430504438071042
245,0,5,LAE|MAE|SAE,0.758150423463359
246,0,2,MAE,12.785136100819374
247,0,2,MAE,0.7936959362148
248,0,16,MAE,27.169360167644655
249,0,2,MAE,21.544230047258434
250,0,4,MAE,0.9659554040230237
251,0,6,MAE,41.22714954456389
252,0,2,MAE,0.8525891889385089
253,0,7,LAE|MAE|SAE,21.906615113571522
254,0,6,MAE,1.0793667380004193
255,1,6,LAE|MAE|SAE,0.7783306548449237
256,1,2,LAE|MAE,0.8045458392230052
257,1,6,LAE|MAE,0.7978280589232276
258,1,6,LAE|MAE,0.7750163316187482
259,1,3,LAE|MAE|SAE,3.2109601533276257
260,1,10,LAE|MAE,1.491043503696438
261,1,6,LAE|MAE,0.8388436285736938
262,1,4,LAE|MAE,11.978033733931355
263,1,5,LAE|MAE,0.8749603022617831
264,1,2,LAE|MAE,1.0606537435630394
265,1,7,LAE|MAE|SAE,1.1909819737509095
266,1,10,LAE|MAE,14.802112710306835
267,1,46,LAE|MAE|SAE,20.700395719814896
268,1,12,LAE|MAE|SAE,19.175325348357728
269,1,6,LAE|MAE,16.78833867940579
270,1,21,LAE|MAE,22.721441097540485
271,1,4,LAE|MAE,1.0217662006584998
272,1,6,LAE|MAE,17.4311498159758
273,1,2,LAE|MAE,0.6666051527936802
274,1,4,LAE|MAE,1.4502515680464647
275,1,4,LAE|MAE,0.6880163564093097
276,1,5,LAE|MAE,0.7501259127876791
277,1,4,LAE|MAE,0.6168195357901533
278,1,4,LAE|MAE,14.17078665203546
279,1,7,LAE|MAE|SAE,2.304161074747232
280,1,2,LAE|MAE,1.1533672690464336
281,1,4,LAE|MAE,1.8472437142194458
282,1,3,LAE|MAE|SAE,21.48535724672715
283,1,9,LAE|MAE,1.1669561085557938
284,1,4,LAE|MAE,0.8402821228297911
285,1,7,LAE|MAE|SAE,1.203527531804401
286,1,32,LAE|MAE|SAE,27.109757407472067
287,1,2,LAE|MAE,13.596969649563501
288,1,15,LAE|MAE|SAE,25.61921591888435
289,1,11,LAE|MAE|SAE,1.4834034289634546
290,1,2,LAE|MAE,1.3007884075505634
291,1,2,LAE|MAE,1.322986944377106
292,1,4,LAE|MAE,14.197207826019786
293,1,2,LAE|MAE,0.8859883670124723
294,1,4,LAE|MAE,0.8554603877171891
295,1,6,LAE|MAE,2.415781062877196
296,1,4,LAE|MAE,0.6775044656059545
297,1,4,LAE|MAE,1.0401524452943132
298,1,14,LAE|MAE|SAE,26.853204034570254
299,0,4,MAE|SAE,18.51104537754361
300,0,13,LAE|MAE|SAE,1.8974604102285644
301,0,6,MAE|SAE,18.801844444104255
302,0,4,MAE|SAE,24.278952589689435
303,0,7,MAE|SAE,2.046374818508134
304,0,5,LAE|MAE|SAE,4.656282916177642
305,0,3,MAE|SAE,0.6574370995242964
306,0,6,LAE|MAE|SAE,0.7895327763181476
307,2,8,LAE|MAE|SAE,0.9365927575851706
308,2,6,LAE|MAE|SAE,10.621761388224796
309,2,12,LAE|MAE|SAE,22.749346937652764
310,2,11,LAE|MAE|SAE,16.44043590798493
311,2,7,MAE|SAE,8.99419640896547
312,2,13,LAE|MAE|SAE,3.15327054523941
313,2,6,LAE|MAE|SAE,1.2010151942288905
314,2,6,MAE|SAE,2.8368307192923865
315,2,5,LAE|MAE|SAE,0.6878238055609182
316,2,6,LAE|MAE|SAE,0.7896596698428687
317,2,15,MAE|SAE,15.244770483344887
318,0,4,MAE,58.14362380314939
319,0,14,LAE|MAE|SAE,2.5733045819396296
320,0,4,MAE,44.18611715927237
321,0,8,MAE,24.025832072918206
322,0,7,LAE|MAE|SAE,1.0472767889570525
323,0,4,MAE,0.6876747911116576
324,0,12,MAE|SAE,15.519165470101685
325,0,8,MAE,17.837951654924385
326,0,8,MAE,25.933740557038092
327,0,4,MAE,16.693781264059616
328,0,10,LAE|MAE,1.065382641569519
329,0,4,MAE,21.59799881645155
330,0,20,MAE,20.529493020112486
331,0,4,MAE,0.8211605978355927
332,0,10,MAE,16.95513970181125
333,0,4,MAE,29.899312314954603
334,0,6,MAE,27.271553187588363
335,0,8,MAE,44.49142925244162
336,0,30,MAE|SAE,16.411716970310103
337,0,4,MAE,4.5517026440044885
338,0,6,MAE,1.4685305017545955
339,1,13,LAE|MAE,20.746951740188567
340,1,12,LAE|MAE,15.034590096692721
341,1,64,LAE|MAE|SAE,41.55826004820133
342,1,6,LAE|MAE,19.3877654449897
343,1,4,LAE|MAE,3.789870131237974
344,1,6,LAE|MAE,13.781085097674291
345,1,4,LAE|MAE,0.8116916245030504
346,1,17,LAE|MAE|SAE,35.57192022781725
347,1,4,LAE|MAE,0.858998386486354
348,1,4,LAE|MAE,14.675286611624129
349,1,17,LAE|MAE,30.956088198540968
350,2,4,MAE,1.543131908858798
351,2,5,LAE|MAE,40.796734876889275
352,2,4,MAE,0.8205194709508905
353,2,10,LAE|MAE,15.874933158614411
354,2,4,MAE,1.056366052812976
355,2,4,MAE,0.7980451654479195
356,2,10,LAE|MAE,13.434504133307213
357,2,4,MAE,27.859446087344274
358,2,12,MAE,39.82358261785861
359,2,4,MAE,0.798434282360964
360,2,9,LAE|MAE,12.446562984986869
361,2,7,MAE|SAE,0.9872139177807343
362,2,7,LAE|MAE|SAE,1.7339993840604047
363,2,4,MAE,1.828112201502285
364,2,6,LAE|MAE,13.343711967073828
365,2,4,MAE,1.0857565885954945
366,2,8,LAE|MAE,1.3299352838184606
367,2,16,MAE,52.81989634716897
368,2,6,MAE,38.24591575421639
369,2,8,MAE,27.47338119424027
370,2,6,LAE|MAE,1.172294912173929
371,2,5,LAE|MAE,1.0277865678625326
372,2,6,MAE,36.6852245495568
373,2,4,MAE,0.6653222456461689
374,2,4,MAE,17.98070518118676
375,3,6,LAE|MAE|SAE,1.2092337417183037
376,3,4,MAE|SAE,17.284293733483942
377,3,4,MAE|SAE,1.2570876361717278
378,3,6,MAE|SAE,1.3043804102900975
379,3,4,MAE|SAE,17.122846640147472
380,3,12,LAE|MAE|SAE,19.229263533630068
381,3,6,MAE|SAE,1.1742062684243852
382,1,13,LAE,18.176283902542917
383,1,31,LAE|MAE|SAE,18.227598000197155
384,1,9,LAE,19.421632410531707
385,1,17,LAE|MAE,11.241418395366214
386,1,17,LAE,42.716772349583294
387,1,9,LAE,10.243721103031387
388,1,9,LAE,15.380537619745617
389,1,29,LAE|MAE,16.897258777219598
390,1,5,LAE,1.0899905730100405
391,1,5,LAE,14.031285857047108
392,1,5,LAE,16.732921794664914
393,1,5,LAE,38.59419309260885
394,1,17,LAE|MAE,30.02968682753722
395,1,5,LAE,13.735798509737188
396,1,24,LAE|MAE,38.47719253155284
397,1,13,LAE,27.65865824403036
398,1,40,LAE|MAE,18.645302120311655
399,1,9,LAE|MAE,22.09402398347393
400,1,5,LAE,16.216994453038527
401,1,29,LAE|MAE,16.462111995283546
402,1,8,LAE|MAE,3.0181986572578015
403,1,5,LAE,29.787177800142562
404,1,21,LAE|MAE,18.44609977706194
405,1,21,LAE|MAE,38.34529602320393
406,1,8,LAE|MAE,10.709821697095256
407,1,9,LAE|MAE,19.7424795076001
408,1,10,LAE|MAE,13.636882992728712
409,1,5,LAE,23.41888716268103
410,1,6,LAE|MAE,0.7716284413904505
411,1,5,LAE,57.169815877883714
412,2,5,LAE|MAE,1.5323434592411538
413,2,5,LAE|MAE,0.698497360040929
414,2,14,LAE|MAE,17.2310790618796
415,2,12,LAE|MAE,21.276560814477516
416,2,5,LAE|MAE,0.8335935767674261
417,2,19,LAE|MAE|SAE,23.47188444505414
418,2,15,LAE|MAE|SAE,19.69325541997407
419,2,5,LAE|MAE,1.0458126144098436
420,2,5,LAE|MAE,0.690341207531874
421,4,9,LAE|MAE|SAE,1.6577065907503798
422,4,5,LAE|MAE,1.1287259321448817
423,4,6,LAE|MAE,0.9711596413899076
424,4,6,LAE|MAE,1.3436125116165016
425,4,5,LAE|MAE,0.8453371935911613
426,4,5,LAE|MAE,23.77250421823524
427,4,5,LAE|MAE,0.815044768752564
428,4,7,LAE|MAE|SAE,15.29461265977415
429,4,9,LAE|MAE,0.9057481222325602
430,4,6,LAE|MAE,0.7633221104433268
431,4,6,LAE|MAE,0.6786560202201151
432,4,9,LAE|MAE,18.93492035520423
433,4,5,LAE|MAE,0.8107994978583978
434,4,5,LAE|MAE,15.156692127499548
435,4,10,LAE|MAE,9.749549001389381
436,4,5,LAE|MAE,24.66541685734487
437,4,21,LAE|MAE|SAE,21.076347079088485
438,4,6,LAE|MAE,0.9076792799178366
439,2,8,MAE,28.304330755169527
440,2,14,MAE,14.855143009252348
441,2,6,MAE,30.73664636530875
442,2,6,MAE,20.563453928436545
443,2,18,LAE|MAE,21.93732266391878
444,2,8,MAE,36.732173914154046
445,2,6,MAE,36.04958535932061
446,2,6,MAE,1.1275162238243224
447,3,6,MAE|SAE,0.6679819205824215
448,3,78,LAE|MAE|SAE,39.126246296188015
449,3,6,MAE|SAE,0.8096752653539047
450,3,11,MAE|SAE,17.58778067866925
451,3,7,MAE|SAE,11.088344694061883
452,3,47,MAE|SAE,24.794976877584975
453,3,9,LAE|MAE|SAE,1.0572191677094032
454,4,6,MAE,0.7990398557097707
455,4,6,MAE,1.0694431959463733
456,4,14,LAE|MAE|SAE,41.546443037848455
457,4,6,MAE,11.880838232474904
458,4,9,LAE|MAE,16.043882401209846
459,4,10,LAE|MAE|SAE,22.954910133780412
460,4,14,MAE,39.43618255115529
461,4,7,MAE|SAE,11.342254753956647
462,4,6,MAE,0.7777397737667858
463,4,12,MAE,54.21492409021114
464,4,15,LAE|MAE|SAE,2.7418998495693923
465,4,6,MAE,47.49418240175706
466,4,14,MAE,41.29342103670066
467,4,6,MAE,1.3900367027551876
468,4,9,LAE|MAE,17.883282026639357
469,4,6,MAE,1.0914832105245182
470,4,9,LAE|MAE,16.89607502308041
471,4,8,MAE,19.659998112845603
472,4,16,MAE,24.30666117523841
473,5,10,LAE|MAE|SAE,0.9739351055393867
474,5,8,LAE|MAE,0.8489427913125162
475,5,8,LAE|MAE,0.8894370905965951
476,5,6,LAE|MAE,18.090519984401354
477,5,11,LAE|MAE|SAE,1.0678487250041822
478,5,6,LAE|MAE,2.0213869049865214
479,5,6,LAE|MAE,13.619761511382109
480,5,6,LAE|MAE,1.0357895943171422
481,5,6,LAE|MAE,1.04432520189224
482,5,8,LAE|MAE,1.136640187568633
483,5,10,LAE|MAE,0.9598866670009334
484,5,14,LAE|MAE,21.647940881885308
485,5,6,LAE|MAE,0.7081133844781949
486,5,6,LAE|MAE,19.412123839416925
487,5,14,LAE|MAE|SAE,1.6154952467212993
488,5,18,LAE|MAE,1.9320548131439694
489,5,6,LAE|MAE,18.21762545958854
490,5,6,LAE|MAE,0.779540583430672
491,5,8,LAE|MAE,0.8966615998587053
492,5,7,LAE|MAE|SAE,19.17833604107864
493,5,6,LAE|MAE,0.9563899391742451
494,5,6,LAE|MAE,0.6944727476974096
495,5,11,LAE|MAE|SAE,15.583645737822183
496,5,6,LAE|MAE,0.6476532007595189
497,5,10,LAE|MAE,1.0560601011214312
498,5,6,LAE|MAE,0.7824546110429845
499,5,8,LAE|MAE|SAE,2.2311723905238305
500,3,7,SAE,30.422597042915385
501,3,7,SAE,20.73695164205269
502,3,7,SAE,32.365705025269264
503,3,7,SAE,17.25190766086765
504,3,11,SAE,12.696816777281926
505,3,11,MAE|SAE,11.388614238413913
506,3,7,SAE,40.56547788058901
507,3,7,SAE,18.25860342433443
508,3,7,SAE,51.67289034782252
509,3,8,MAE|SAE,16.283400419113566
510,3,7,SAE,35.80560269176002
511,3,11,SAE,22.97852847254511
512,3,13,LAE|MAE|SAE,21.43314988891322
513,3,7,SAE,14.428533808376777
514,3,7,SAE,22.92798485600138
515,3,7,SAE,23.364275329928205
516,3,7,SAE,45.797211875818725
517,3,7,SAE,18.262106819512
518,3,7,SAE,17.98097198176293
519,3,7,SAE,16.75333274544185
520,3,15,SAE,13.529049900861509
521,3,11,SAE,16.159070574134915
522,3,7,SAE,19.717147273628076
523,3,15,SAE,24.5773688490336
524,3,11,SAE,24.69106989980088
525,3,10,MAE|SAE,17.36228936353867
526,3,19,MAE|SAE,20.67209379234407
527,3,7,SAE,29.228407663187813
528,3,7,SAE,24.043157037173977
529,3,7,SAE,16.674751342531625
530,3,7,SAE,34.675422172464934
531,3,7,SAE,16.563416236869482
532,3,7,SAE,0.9328039238980584
533,3,7,SAE,10.908909665117138
534,3,7,SAE,28.351312677017123
535,3,7,SAE,11.678953367758552
536,3,7,SAE,37.494493597718254
537,3,11,SAE,20.67926200504115
538,3,7,SAE,37.37167571421793
539,3,7,SAE,12.96485843981472
540,3,7,SAE,14.926263545681469
541,3,11,SAE,25.73967458503471
542,3,7,SAE,18.881890174094014
543,4,8,MAE|SAE,3.857346625380101
544,4,7,MAE|SAE,19.465516258621307
545,4,7,MAE|SAE,0.7673106449279659
546,4,7,MAE|SAE,31.43724006629931
547,4,7,MAE|SAE,27.447959691782692
548,6,7,MAE|SAE,1.1686736675884468
549,6,9,LAE|MAE|SAE,13.092896435426827
550,6,7,MAE|SAE,21.4354747067511
551,6,7,MAE|SAE,1.370106764692313
552,4,8,MAE,20.258366155012794
553,4,8,MAE,29.973690188482312
554,4,16,MAE,17.702804105988402
555,4,9,LAE|MAE,0.9258615337335175
556,4,8,MAE,1.44660584054325
557,4,10,MAE,31.41083667964953
558,4,8,MAE,44.863051965812176
559,4,8,MAE,40.90559897795296
560,5,12,LAE|MAE,10.858524716071088
561,5,51,LAE|MAE|SAE,17.47736728436912
562,5,8,LAE|MAE,1.0862647489045012
563,5,8,LAE|MAE,0.7868128410395568
564,5,12,LAE|MAE,19.816573042735172
565,5,8,LAE|MAE,12.363131987733674
566,5,8,LAE|MAE,0.7997600315772966
567,6,8,MAE,1.2033215058787534
568,6,14,MAE,21.68937298900387
569,6,8,MAE,0.868089172323028
570,6,8,MAE,39.892744586087815
571,6,9,LAE|MAE,0.8588952265220785
572,6,10,LAE|MAE,19.559755605689723
573,6,8,MAE,20.138320501390506
574,6,11,LAE|MAE|SAE,1.622570948638065
575,6,17,LAE|MAE,10.245798123004528
576,6,9,LAE|MAE,0.8286447827171123
577,6,8,MAE,10.661045903960776
578,6,9,LAE|MAE,1.0111438947940985
579,6,14,LAE|MAE|SAE,1.9224947930163605
580,6,8,MAE,35.11548513605529
581,6,8,MAE,20.59784948359511
582,6,12,MAE,59.2804903439856
583,6,9,LAE|MAE,1.1679197705044206
584,6,8,MAE,0.7260242499482579
585,6,8,MAE,1.0588991915640884
586,6,9,LAE|MAE,0.9004805205844283
587,6,14,LAE|MAE|SAE,18.753465125594023
588,6,12,MAE,1.5044479452231683
589,6,8,MAE,19.168274627527865
590,6,29,LAE|MAE|SAE,21.54123603558007
591,6,12,MAE,1.2703941097482405
592,6,10,MAE,10.454626602833713
593,6,9,LAE|MAE,2.3711902077869538
594,6,10,LAE|MAE,14.600377880873944
595,6,8,MAE,0.9657532075385601
596,6,10,LAE|MAE,1.0575453227277207
597,6,8,MAE,45.94336730001416
598,6,10,LAE|MAE,1.0776864177342897
599,6,8,MAE,1.5163057310794583
600,7,24,MAE|SAE,19.612140727778353
601,7,9,LAE|MAE|SAE,12.52500311604282
602,7,8,MAE|SAE,0.8178151362729084
603,7,8,MAE|SAE,10.537646353311153
604,7,8,MAE|SAE,14.302254764272536
605,7,9,LAE|MAE|SAE,2.148973621392941
606,7,8,MAE|SAE,1.099755676609103
607,7,8,MAE|SAE,0.6882403782315935
608,7,9,LAE|MAE|SAE,0.8505916192082716
609,7,13,LAE|MAE|SAE,20.27222670340374
610,7,8,MAE|SAE,1.3491958895528178
611,7,11,MAE|SAE,18.20813444333265
612,7,8,MAE|SAE,0.8318536537901038
613,5,9,LAE,15.172218643805598
614,5,73,LAE|MAE|SAE,17.38360201074736
615,5,9,LAE,0.854818524281491
616,5,9,LAE,2.153862115200723
617,5,13,LAE|MAE,17.432626337517856
618,5,13,LAE,16.39399289172334
619,5,9,LAE,21.054869718345028
620,5,16,LAE|MAE,12.959729199085539
621,5,13,LAE,2.1544790586457316
622,5,9,LAE,14.528174861102869
623,5,13,LAE,16.82078644922218
624,6,9,LAE|MAE,21.440609573803034
625,8,9,LAE|MAE,1.1145139832388007
626,8,9,LAE|MAE,0.7107146705413268
627,8,18,LAE|MAE|SAE,23.107265868775634
628,8,9,LAE|MAE,0.7490667153048509
629,8,10,LAE|MAE,0.872533127915112
630,8,9,LAE|MAE,0.7186972856630963
631,8,9,LAE|MAE,0.7066280270279692
632,8,9,LAE|MAE,0.7117061680134691
633,8,10,LAE|MAE,1.1402119771448944
634,8,9,LAE|MAE,2.0383253683414266
635,8,10,LAE|MAE,0.7898701214256757
636,8,13,LAE|MAE,1.1670005535407653
637,8,9,LAE|MAE,0.6805690659060455
638,8,21,LAE|MAE|SAE,12.744849870817683
639,8,10,LAE|MAE,1.1190498612206572
640,8,18,LAE|MAE,15.106002913330896
641,8,12,LAE|MAE,1.0909347341206395
642,8,10,LAE|MAE,0.7840932915386205
643,8,14,LAE|MAE,3.0423809488321396
644,8,15,LAE|MAE|SAE,12.346117739159741
645,8,9,LAE|MAE,0.722512494561035
646,8,9,LAE|MAE,0.7210816126407026
647,8,9,LAE|MAE,24.658005223123087
648,8,10,LAE|MAE,0.89257536125091
649,8,9,LAE|MAE,0.7497176893572334
650,8,9,LAE|MAE,0.8360413884433667
651,8,12,LAE|MAE,0.9688320336866195
652,8,9,LAE|MAE,0.760227985332781
653,8,13,LAE|MAE,1.2137522640551541
654,8,14,LAE|MAE,10.67010029817364
655,8,9,LAE|MAE,0.867099161596274
656,8,10,LAE|MAE,0.8251864186295189
657,8,10,LAE|MAE,12.159026197779214
658,8,10,LAE|MAE,0.7357082423510214
659,8,9,LAE|MAE,0.7010550055751782
660,8,9,LAE|MAE,18.89892105396027
661,8,17,LAE|MAE|SAE,20.509827637541232
662,6,32,LAE|MAE,12.909485147189717
663,6,14,MAE,17.15369148024841
664,6,12,MAE,41.00242512408351
665,6,10,MAE,59.18729892164587
666,6,10,MAE,1.2225495979320415
667,7,10,MAE|SAE,21.591996133321345
668,7,14,MAE|SAE,1.4932779447611064
669,7,20,LAE|MAE|SAE,6.470008071243932
670,7,14,MAE|SAE,24.757783570723852
671,8,12,MAE,53.017783256973914
672,8,14,MAE,39.4901974361928
673,8,14,MAE,58.39786801420685
674,8,13,LAE|MAE,1.114313482560681
675,8,20,MAE,26.14659864077009
676,8,10,MAE,18.66695136812226
677,8,10,MAE,16.864864107740214
678,8,10,MAE,1.0019443501752459
679,8,14,LAE|MAE,1.3842930730750447
680,8,10,MAE,20.596728224012164
681,8,12,MAE,43.97415853893076
682,8,10,MAE,4.820224235547749
683,8,18,LAE|MAE,15.004289277761876
684,8,10,MAE,55.376400813597236
685,8,13,LAE|MAE,17.114587755696622
686,8,16,MAE|SAE,23.27493435407067
687,9,15,LAE|MAE|SAE,13.94684914667396
688,9,44,LAE|MAE,32.56358016424523
689,9,13,LAE|MAE,1.7828575110221714
690,9,10,LAE|MAE,1.3687982614124385
691,9,13,LAE|MAE,9.698014440751809
692,9,10,LAE|MAE,0.7055625975613123
693,9,10,LAE|MAE,0.7386796446653512
694,9,10,LAE|MAE,12.240541479838571
695,9,10,LAE|MAE,23.594680538702516
696,9,16,LAE|MAE|SAE,1.6759691811544082
697,9,13,LAE|MAE,1.1039292516614054
698,9,13,LAE|MAE|SAE,12.300530550325645
699,9,10,LAE|MAE,1.1210634544389568
700,9,16,LAE|MAE,1.8442491113062744
701,9,10,LAE|MAE,0.6987148264596752
702,9,10,LAE|MAE,0.8684445431286802
703,7,11,SAE,14.597173653939304
704,7,11,SAE,0.9905122295775002
705,7,11,SAE,12.17843511694472
706,7,11,SAE,36.32222914794757
707,7,11,SAE,24.780928697863622
708,7,11,SAE,33.52028522980118
709,7,19,SAE,24.150877372545494
710,7,15,SAE,14.88461906219638
711,7,31,SAE,21.52566403983206
712,7,11,SAE,38.49070025322496
713,7,11,SAE,42.7686192406895
714,7,11,SAE,14.816568770176495
715,7,11,SAE,1.0711606099643456
716,7,11,SAE,43.102080983795084
717,7,11,SAE,39.547638772033515
718,7,11,SAE,38.41354978771458
719,7,15,SAE,9.877356013025116
720,7,13,LAE|MAE|SAE,14.752850137985453
721,7,11,SAE,1.297871996906686
722,7,11,SAE,35.44779331050766
723,7,19,SAE,11.965885199692671
724,7,11,SAE,1.3297631611689187
725,7,11,SAE,12.701692477341277
726,8,11,MAE|SAE,1.596581617307034
727,8,12,MAE|SAE,14.942974836295978
728,8,14,LAE|MAE|SAE,1.5212507385253458
729,8,28,LAE|MAE|SAE,15.417781359333402
730,10,14,MAE|SAE,20.146661355802475
731,10,13,LAE|MAE|SAE,0.8675770090628194
732,10,13,LAE|MAE|SAE,1.990128434050334
733,10,11,MAE|SAE,10.793757523662071
734,10,11,MAE|SAE,0.7281839777797886
735,10,12,MAE|SAE,2.6542722094624094
736,10,16,MAE|SAE,11.759667119049784
737,10,12,MAE|SAE,17.143404034854374
738,10,17,LAE|MAE|SAE,1.6386161589244173
739,10,24,LAE|MAE|SAE,16.956578294205258
740,8,14,LAE|MAE,14.195820330790433
741,8,12,MAE,23.448677331049584
742,8,12,MAE,19.046911670647297
743,8,22,MAE,27.90266455907546
744,8,14,MAE,24.605424634007836
745,8,13,LAE|MAE,2.2204451683791007
746,8,12,MAE,37.06037895155905
747,9,14,LAE|MAE,24.373918638352777
748,9,13,LAE|MAE,1.3294130308746965
749,9,12,LAE|MAE,27.374864105655277
750,9,28,LAE|MAE,38.826946823046626
751,9,12,LAE|MAE,16.193899286659814
752,10,12,MAE,0.8450401980341599
753,10,12,MAE,0.9995724858427119
754,10,14,MAE,11.872091734945732
755,10,12,MAE,0.8600197803129506
756,10,14,LAE|MAE,18.636236153149124
757,10,18,LAE|MAE|SAE,13.465951851625821
758,10,13,LAE|MAE,1.2164422027234303
759,10,13,LAE|MAE,1.079124965974208
760,10,12,MAE,1.2472307834390666
761,10,12,MAE,11.28792605788917
762,10,15,MAE|SAE,21.395967723511472
763,10,12,MAE,0.9785995899404544
764,10,14,MAE,20.941214614835634
765,10,14,LAE|MAE,1.20973152032974
766,10,12,MAE,18.566133394279806
767,10,22,LAE|MAE,2.120192027411808
768,10,13,LAE|MAE,1.0951905387725585
769,10,18,MAE,24.903827497631866
770,10,12,MAE,1.1526740229798782
771,10,12,MAE,0.8125901973575508
772,10,13,LAE|MAE,9.901305270936021
773,10,12,MAE,31.93605189655024
774,10,12,MAE,59.11214471341226
775,10,26,LAE|MAE|SAE,19.204930659302022
776,10,22,MAE,32.001883054389175
777,10,24,MAE,26.031559742432258
778,10,12,MAE,14.136437592227873
779,10,14,MAE,1.3016323403067207
780,11,12,MAE|SAE,25.018856163557498
781,11,12,MAE|SAE,5.138018249298898
782,11,12,MAE|SAE,1.0353138725736994
783,11,13,LAE|MAE|SAE,0.8987530955706141
784,11,15,LAE|MAE|SAE,25.128070659653147
785,11,32,LAE|MAE|SAE,23.153389637719975
786,11,15,LAE|MAE|SAE,21.85859783728376
787,11,12,MAE|SAE,13.690250200023463
788,9,13,LAE,20.648134520046877
789,9,13,LAE,19.336980034002355
790,9,13,LAE,27.377819474378263
791,9,58,LAE|MAE|SAE,19.49207883773715
792,9,13,LAE,1.1553953422711791
793,9,17,LAE,39.2055241233369
794,9,19,LAE|MAE|SAE,12.266274360434137
795,9,16,LAE|MAE,21.13495351558359
796,9,13,LAE,17.05494921204032
797,9,13,LAE,15.924265870403948
798,9,13,LAE,18.034019704642578
799,10,13,LAE|MAE,0.9895264842234127
800,10,13,LAE|MAE,1.113431647012832
801,10,37,LAE|MAE|SAE,17.913247597162833
802,10,13,LAE|MAE,13.862893037142378
803,10,13,LAE|MAE,1.036166051130363
804,12,13,LAE|MAE,1.204633775599493
805,12,14,LAE|MAE,1.6870640730483406
806,12,24,LAE|MAE|SAE,10.321657037996697
807,12,13,LAE|MAE,0.9177167087277317
808,12,13,LAE|MAE,11.778469585278298
809,12,16,LAE|MAE,1.6027757557781734
810,12,25,LAE|MAE|SAE,10.821278401935109
811,12,13,LAE|MAE,1.5186472261309503
812,12,14,LAE|MAE,11.216938827344427
813,12,13,LAE|MAE,0.9496858291789494
814,12,22,LAE|MAE|SAE,51.46841166080056
815,12,14,LAE|MAE,0.9700471778327594
816,12,25,LAE|MAE|SAE,15.768788858057109
817,12,21,LAE|MAE,9.968534252976388
818,12,13,LAE|MAE,0.8045761158940345
819,12,13,LAE|MAE,0.7481631893240936
820,12,13,LAE|MAE,0.7423826795596972
821,12,20,LAE|MAE,10.139938026661154
822,12,18,LAE|MAE,14.788317913567061
823,12,13,LAE|MAE,0.9301045297571818
824,12,13,LAE|MAE,0.789634319434824
825,12,13,LAE|MAE,42.84155441284491
826,12,13,LAE|MAE,0.7119604684981482
827,12,17,LAE|MAE,3.722853988446889
828,12,13,LAE|MAE,0.7433211596009285
829,12,13,LAE|MAE,0.8449944533078224
830,12,13,LAE|MAE,0.742574364661444
831,12,14,LAE|MAE,3.0591834381076666
832,12,22,LAE|MAE,16.161304881035385
833,12,13,LAE|MAE,19.748360616820694
834,12,18,LAE|MAE|SAE,16.332274336535814
835,12,13,LAE|MAE,0.6793416871085375
836,12,14,LAE|MAE,20.495854183817123
837,12,14,LAE|MAE,2.6870026494213373
838,12,14,LAE|MAE,2.549491841404778
839,12,21,LAE|MAE,15.887781301956043
840,12,14,LAE|MAE,1.4594167453556801
841,12,18,LAE|MAE,12.552206583080533
842,10,16,MAE|SAE,1.7004868243695141
843,10,14,MAE,40.2887891776263
844,10,18,MAE,55.24681918108023
845,10,30,MAE,34.264921297146174
846,10,14,MAE,35.61470481512301
847,10,14,MAE,47.34627914958265
848,10,14,MAE,56.29111392968283
849,10,14,MAE,11.337057169828842
850,10,14,MAE,16.024611654503502
851,11,14,MAE|SAE,1.0642318928640877
852,11,17,LAE|MAE|SAE,1.7479699930866053
853,11,15,MAE|SAE,24.157034113909873
854,11,18,MAE|SAE,21.7850287605532
855,11,14,MAE|SAE,1.8159712477861147
856,11,14,MAE|SAE,16.134363360161426
857,11,14,MAE|SAE,19.344158173044512
858,12,20,MAE,17.82214159030902
859,12,14,MAE,14.911475237095223
860,12,24,MAE,28.47380431949341
861,12,16,MAE,14.785179071373166
862,12,18,LAE|MAE|SAE,1.9188969353674972
863,12,16,MAE,35.6201993340301
864,12,14,MAE,55.321769702400104
865,12,18,LAE|MAE|SAE,56.302531588214954
866,12,14,MAE,17.312533229441595
867,12,18,LAE|MAE,1.4145305568892172
868,12,14,MAE,10.362458362580577
869,12,44,LAE|MAE|SAE,19.032552412902838
870,12,15,MAE|SAE,2.51567966584541
871,12,22,LAE|MAE|SAE,2.152607168416788
872,12,14,MAE,32.83664767758118
873,12,14,MAE,12.600745241026292
874,12,14,MAE,27.90161536636437
875,12,23,LAE|MAE|SAE,13.3150298535018
876,12,14,MAE,48.90416791651536
877,13,14,LAE|MAE,16.578030436245005
878,13,14,LAE|MAE,0.8442184340724996
879,13,18,LAE|MAE|SAE,1.8494102710180387
880,13,14,LAE|MAE,0.9825026919340444
881,13,19,LAE|MAE|SAE,11.292929700272705
882,13,17,LAE|MAE,10.988037670219827
883,13,14,LAE|MAE,0.9469882595917976
884,13,15,LAE|MAE|SAE,1.8272684842819074
885,13,14,LAE|MAE,12.731818958895397
886,13,28,LAE|MAE|SAE,20.69271909453683
887,13,14,LAE|MAE,1.9418251530749415
888,13,14,LAE|MAE,1.9426838985124757
889,13,14,LAE|MAE,0.9601607337763328
890,13,14,LAE|MAE,11.870206725737441
891,13,14,LAE|MAE,17.286334363856373
892,13,14,LAE|MAE,0.8974296842797458
893,13,16,LAE|MAE|SAE,1.771651384391088
894,13,17,LAE|MAE,1.8052864667116544
895,13,14,LAE|MAE,13.457501779175413
896,13,18,LAE|MAE,16.63681961207935
897,13,14,LAE|MAE,2.9532699872649264
898,13,17,LAE|MAE,30.115758222622212
899,13,14,LAE|MAE,21.641805465062177
900,13,14,LAE|MAE,14.835491231832485
901,13,14,LAE|MAE,0.9947128679135254
902,13,14,LAE|MAE,1.5967133533613245
903,13,20,LAE|MAE|SAE,3.169150647746707
904,13,30,LAE|MAE|SAE,20.868143101504806
905,13,31,LAE|MAE|SAE,21.757411077356046
906,13,14,LAE|MAE,1.7276380048156461
907,13,14,LAE|MAE,19.5239625991303
908,13,22,LAE|MAE,16.351928457254832
909,11,15,SAE,35.87078576942444
910,11,19,SAE,41.267920457346875
911,11,15,SAE,51.426317772930275
912,11,19,SAE,19.476791506335967
913,11,23,SAE,32.28026819030216
914,11,22,LAE|MAE|SAE,14.463390326949877
915,11,15,SAE,29.476218100625992
916,11,15,SAE,16.791503144679396
917,11,15,SAE,13.771397656019719
918,11,23,SAE,32.138008785242114
919,11,27,SAE,22.449013702081846
920,11,15,SAE,26.107884906695876
921,11,15,SAE,17.11535001869038
922,11,15,SAE,35.2510362458201
923,11,15,SAE,53.79867459148412
924,11,15,SAE,18.089383478566766
925,11,15,SAE,47.57201508021234
926,11,15,SAE,25.58146183773095
927,11,15,SAE,26.029820809660134
928,11,15,SAE,28.433843701554764
929,11,15,SAE,40.3593415839992
930,11,19,SAE,33.451366843998294
931,11,27,SAE,27.532570473176204
932,11,15,SAE,17.940482624231286
933,11,19,SAE,48.59851551637321
934,11,23,SAE,38.61282134624237
935,11,15,SAE,18.85115515948955
936,11,15,SAE,20.891204482299912
937,11,15,SAE,26.631509769989574
938,11,23,SAE,41.20305360461982
939,11,15,SAE,16.955288591919512
940,11,15,SAE,10.681397235625818
941,11,15,SAE,22.86592554539644
942,11,19,SAE,33.771365943420385
943,11,15,SAE,16.99027303205241
944,12,15,MAE|SAE,1.579514832116926
945,12,15,MAE|SAE,29.855606748965023
946,14,15,MAE|SAE,1.6103564242442363
947,14,16,MAE|SAE,1.308672190804571
948,14,15,MAE|SAE,0.8387500713711674
949,14,15,MAE|SAE,1.517270736645734
950,14,15,MAE|SAE,0.9077407686910464
951,14,17,LAE|MAE|SAE,0.9909547395612041
952,14,17,LAE|MAE|SAE,31.506529708511792
953,14,15,MAE|SAE,0.7568596724229959
954,14,19,MAE|SAE,38.34881880192308
955,14,16,MAE|SAE,0.954253344340031
956,14,16,MAE|SAE,0.8655431873587173
957,14,18,LAE|MAE|SAE,2.898782846150604
958,14,17,LAE|MAE|SAE,1.2796847954158534
959,14,15,MAE|SAE,2.2214187983662934
960,14,22,LAE|MAE|SAE,3.202181900840618
961,14,18,MAE|SAE,19.75494064380986
962,14,15,MAE|SAE,16.88972158182612
963,12,18,MAE,24.698595693313564
964,12,30,LAE|MAE|SAE,17.45324490070024
965,12,24,MAE,31.210449340010705
966,12,16,MAE,37.13012206898828
967,13,24,LAE|MAE,16.86159173277697
968,13,21,LAE|MAE,39.33079700327309
969,13,20,LAE|MAE|SAE,2.070593224741183
970,13,21,LAE|MAE,1.9468136797351963
971,13,16,LAE|MAE,39.53125894496262
972,13,16,LAE|MAE,1.7778638194328056
973,13,16,LAE|MAE,56.42062453255828
974,13,21,LAE|MAE,23.209546920279188
975,13,17,LAE|MAE,1.4053350421813173
976,13,21,LAE|MAE,22.75392623110342
977,13,16,LAE|MAE,12.402467913106053
978,13,20,LAE|MAE,13.834692419945892
979,14,28,LAE|MAE|SAE,24.10632702260479
980,14,26,LAE|MAE,36.08667282122781
981,14,24,MAE,38.92693712773135
982,14,16,MAE,1.3190574661422745
983,14,20,LAE|MAE,1.5070928220828226
984,14,16,MAE,1.6034942593896353
985,14,32,LAE|MAE,19.845355885169205
986,14,16,MAE,1.0554549398828277
987,14,16,MAE,30.729198704218323
988,14,20,MAE|SAE,1.4774693953137368
989,14,18,MAE,31.109376137693047
990,14,16,MAE,15.430765985545989
991,14,16,MAE,2.471310504401815
992,14,21,LAE|MAE,30.912430473047092
993,14,16,MAE,1.0967717032031208
994,14,16,MAE,0.9881316930895813
995,14,18,MAE,44.321787916986146
996,14,16,MAE,56.52359594612086
997,14,18,MAE,24.532346305858237
998,14,16,MAE,14.909418850491955
999,14,16,MAE,18.174185869375542
1000,14,18,MAE,9.426767104772383
1001,15,22,LAE|MAE|SAE,1.552265506565126
1002,15,17,LAE|MAE|SAE,1.3508127821782758
1003,15,31,LAE|MAE|SAE,16.06823543602177
1004,15,16,MAE|SAE,0.9295609700626697
1005,15,16,MAE|SAE,10.286513701543264
1006,15,17,LAE|MAE|SAE,0.9696420187937014
1007,15,16,MAE|SAE,0.9457801656523651
1008,15,16,MAE|SAE,1.118836537218965
1009,15,17,LAE|MAE|SAE,18.245711795718954
1010,15,16,MAE|SAE,13.795442811456008
1011,15,18,LAE|MAE|SAE,1.022175611384593
1012,15,16,MAE|SAE,4.439315357153626
1013,15,22,LAE|MAE|SAE,1.8222615869789498
1014,15,18,LAE|MAE|SAE,1.2444051117831674
1015,15,17,LAE|MAE|SAE,1.0276767898029286
1016,15,16,MAE|SAE,5.161040882292993
1017,15,18,LAE|MAE|SAE,1.336419967120958
1018,15,19,LAE|MAE|SAE,20.475489613781185
1019,15,17,LAE|MAE|SAE,0.8889480201517549
1020,15,17,LAE|MAE|SAE,0.8467778614461544
1021,15,16,MAE|SAE,15.439626698608125
1022,15,16,MAE|SAE,1.9607750904237975
1023,15,21,LAE|MAE|SAE,17.281345668794973
1024,15,16,MAE|SAE,1.5120565195935562
1025,15,17,LAE|MAE|SAE,1.3885227441139762
1026,15,21,LAE|MAE|SAE,1.5270187818456817
1027,15,24,LAE|MAE|SAE,2.4061046951740535
1028,15,16,MAE|SAE,1.1128012002315848
1029,13,18,LAE|MAE,56.42586588914548
1030,13,17,LAE,13.807082501336629
1031,13,24,LAE|MAE,33.99898122628855
1032,13,30,LAE|MAE,32.28362847247016
1033,13,21,LAE,4.180780536994346
1034,13,17,LAE,12.716889876924496
1035,13,17,LAE,33.39185751435769
1036,13,17,LAE,16.91649833092666
1037,13,21,LAE,11.036679332787479
1038,14,22,LAE|MAE,34.52711838119376
1039,14,17,LAE|MAE,15.727954445222899
1040,14,17,LAE|MAE,18.933597500462138
1041,14,17,LAE|MAE,17.333136253626318
1042,14,23,LAE|MAE|SAE,13.567123868702142
1043,14,18,LAE|MAE,16.072294820385906
1044,14,31,LAE|MAE|SAE,25.35798363297613
1045,14,17,LAE|MAE,1.0489092371234243
1046,16,18,LAE|MAE,0.8814809209242288
1047,16,20,LAE|MAE|SAE,2.4622226885108884
1048,16,20,LAE|MAE,1.4550863769021358
1049,16,23,LAE|MAE|SAE,17.895690683365203
1050,16,17,LAE|MAE,0.6792686123331997
1051,16,18,LAE|MAE,0.8096226862560512
1052,16,20,LAE|MAE,1.2017432509777317
1053,16,18,LAE|MAE,1.089329689919772
1054,16,25,LAE|MAE|SAE,36.830814211654356
1055,16,18,LAE|MAE,1.2520784547925023
1056,16,17,LAE|MAE,0.8340074240595001
1057,16,20,LAE|MAE|SAE,1.1203784121013158
1058,16,17,LAE|MAE,1.4454878522965884
1059,16,17,LAE|MAE,0.7005958232018571
1060,16,17,LAE|MAE,1.094012346346198
1061,16,17,LAE|MAE,37.23926853391675
1062,16,21,LAE|MAE,10.054090087895508
1063,16,64,LAE|MAE|SAE,15.27060579998749
1064,16,25,LAE|MAE|SAE,12.410329677630916
1065,16,17,LAE|MAE,1.377098215236626
1066,16,17,LAE|MAE,17.90025857938428
1067,16,17,LAE|MAE,22.045715099114737
1068,16,17,LAE|MAE,16.882058033254946
1069,16,18,LAE|MAE,0.8628743686794996
1070,16,20,LAE|MAE,1.3315626227388593
1071,16,18,LAE|MAE,0.842905662631545
1072,16,20,LAE|MAE,1.2196772866342935
1073,16,17,LAE|MAE,0.8259417580425639
1074,16,20,LAE|MAE|SAE,2.5327906529930426
1075,16,17,LAE|MAE,1.3806642257436008
1076,16,18,LAE|MAE,15.01113006656755
1077,16,19,LAE|MAE|SAE,40.51204096511422
1078,14,28,MAE|SAE,22.917011239642264
1079,14,20,MAE,30.92486307003495
1080,14,32,LAE|MAE|SAE,14.04674126778057
1081,14,18,MAE,20.584356947607098
1082,14,18,MAE,40.05391134239219
1083,14,24,MAE,33.23573135875652
1084,14,18,MAE,1.5100333646695523
1085,15,19,MAE|SAE,1.5432724372281053
1086,15,21,LAE|MAE|SAE,53.218212794512624
1087,15,18,MAE|SAE,1.0618427364903205
1088,15,22,LAE|MAE|SAE,1.8356860898048237
1089,15,18,MAE|SAE,1.0026617567348015
1090,15,18,MAE|SAE,1.8540995448557052
1091,15,18,MAE|SAE,1.0257104326767403
1092,15,18,MAE|SAE,8.244061556965043
1093,15,33,LAE|MAE|SAE,49.335823927958785
1094,15,18,MAE|SAE,22.197932679184177
1095,15,38,LAE|MAE|SAE,15.509087204083503
1096,15,19,MAE|SAE,16.26349861366629
1097,15,18,MAE|SAE,16.896592080142693
1098,16,21,LAE|MAE,1.482537013468195
1099,16,23,LAE|MAE|SAE,5.313695541960468
1100,16,56,LAE|MAE|SAE,17.848840748670955
1101,16,18,MAE,0.95347573697037
1102,16,18,MAE,32.76835988722114
1103,16,18,MAE,3.967067858521605
1104,16,63,LAE|MAE|SAE,19.353442173470125
1105,16,22,MAE|SAE,1.5347156084119211
1106,16,18,MAE,26.427287426275846
1107,16,22,LAE|MAE|SAE,1.2690827195973093
1108,16,18,MAE,1.4431126761197886
1109,16,20,MAE,36.43444438114298
1110,16,18,MAE,20.676381628171384
1111,16,18,MAE,2.290228735127043
1112,16,21,LAE|MAE|SAE,1.5081306356581197
1113,16,26,MAE,14.869801884881554
1114,16,22,LAE|MAE|SAE,1.9111681544912267
1115,16,18,MAE,1.5111329093770423
1116,16,22,MAE,21.501548115321217
1117,16,18,MAE,32.58485013472819
1118,16,24,LAE|MAE|SAE,10.144990629899363
1119,17,18,LAE|MAE,0.8964509752120589
1120,17,20,LAE|MAE,1.52449392635956
1121,17,18,LAE|MAE,1.154046002330149
1122,17,18,LAE|MAE,13.110252472236688
1123,17,18,LAE|MAE,1.130917104047929
1124,17,18,LAE|MAE,0.7226066884508419
1125,17,21,LAE|MAE,1.187497995328437
1126,17,22,LAE|MAE|SAE,3.930237377140471
1127,17,20,LAE|MAE,1.1853376154233477
1128,17,18,LAE|MAE,1.2571052868861687
1129,17,18,LAE|MAE,0.9228876614031635
1130,17,18,LAE|MAE,0.8017165463144513
1131,17,21,LAE|MAE,16.012125854033002
1132,17,18,LAE|MAE,0.6906511773312634
1133,17,18,LAE|MAE,0.9380018076327318
1134,17,18,LAE|MAE,1.163589826853808
1135,17,18,LAE|MAE,0.7934413026378997
1136,17,18,LAE|MAE,0.6743825409878277
1137,17,18,LAE|MAE,1.0450555185399877
1138,17,18,LAE|MAE,1.5021850172728348
1139,17,28,LAE|MAE,19.528917960630533
1140,17,24,LAE|MAE|SAE,16.46932799111649
1141,17,19,LAE|MAE|SAE,1.1543446185859756
1142,17,18,LAE|MAE,1.2402291924905942
1143,17,18,LAE|MAE,0.9178982078347179
1144,17,22,LAE|MAE,32.31645821084776
1145,17,52,LAE|MAE|SAE,16.56391714792482
1146,17,18,LAE|MAE,19.977007306311002
1147,17,21,LAE|MAE,53.123997883576784
1148,17,18,LAE|MAE,8.939962754106096
1149,17,20,LAE|MAE,1.1964531961454081
1150,17,19,LAE|MAE|SAE,0.8281011044378712
1151,17,18,LAE|MAE,0.8725947774850522
1152,17,18,LAE|MAE,1.2578425909058388
1153,17,30,LAE|MAE,18.812817599479864
1154,17,18,LAE|MAE,1.3947736399281827
1155,17,18,LAE|MAE,12.41026610815526
1156,17,23,LAE|MAE|SAE,7.605389708124229
1157,15,19,SAE,21.22155050750217
1158,15,23,SAE,44.61383075266987
1159,15,23,SAE,20.55579863760584
1160,15,19,SAE,43.21868121169194
1161,15,22,MAE|SAE,15.219882691919151
1162,15,19,SAE,10.047268121360435
1163,15,23,SAE,37.81211064500466
1164,15,23,SAE,46.55522298472047
1165,15,19,SAE,40.25620404785642
1166,15,24,LAE|MAE|SAE,20.552981441152816
1167,15,19,SAE,20.59606228124221
1168,15,19,SAE,55.00086340882084
1169,15,23,SAE,55.69013273559094
1170,15,27,SAE,33.315480352734866
1171,15,31,SAE,43.06142942852967
1172,15,19,SAE,30.19664949640199
1173,15,19,SAE,24.910340476529655
1174,15,19,SAE,15.518913400368348
1175,15,19,SAE,56.727271394570586
1176,15,19,SAE,16.03395139148405
1177,15,19,SAE,18.251281380221737
1178,15,19,SAE,13.461949526517685
1179,15,31,SAE,41.58366977443319
1180,16,26,MAE|SAE,25.09776771558163
1181,16,20,MAE|SAE,19.514726670081156
1182,16,21,LAE|MAE|SAE,1.3470860633389234
1183,16,20,MAE|SAE,9.394391510946098
1184,16,42,LAE|MAE|SAE,25.65751648786265
1185,16,20,MAE|SAE,11.42121019047357
1186,18,21,LAE|MAE|SAE,1.0636022724667555
1187,18,19,MAE|SAE,0.7043319107674836
1188,18,19,MAE|SAE,1.1172814480293738
1189,18,19,MAE|SAE,10.467921984483478
1190,18,20,MAE|SAE,1.0246108270786953
1191,18,19,MAE|SAE,1.2678880961348367
1192,18,21,LAE|MAE|SAE,2.791956983866607
1193,18,19,MAE|SAE,0.7343487449918934
1194,18,20,MAE|SAE,4.300380453211564
1195,18,23,LAE|MAE|SAE,3.334677487874498
1196,18,20,MAE|SAE,1.4898691206821455
1197,18,19,MAE|SAE,16.51684948740984
1198,18,21,LAE|MAE|SAE,11.709206360383082
1199,18,19,MAE|SAE,0.9747284356728775
1200,18,19,MAE|SAE,0.9747855496197438
1201,18,19,MAE|SAE,1.4441122036192138
1202,18,19,MAE|SAE,1.185573553084572
1203,18,20,MAE|SAE,17.014628544046417
1204,18,19,MAE|SAE,1.231484721496103
1205,18,22,LAE|MAE|SAE,14.323052882688492
1206,18,49,LAE|MAE|SAE,14.308005548880566
1207,18,24,LAE|MAE|SAE,2.052229684253405
1208,18,19,MAE|SAE,0.7609124871329467
1209,18,19,MAE|SAE,2.447038503893689
1210,18,21,LAE|MAE|SAE,1.3760670812567883
1211,18,19,MAE|SAE,0.9919320390997542
1212,18,19,MAE|SAE,1.8184579699249803
1213,18,22,LAE|MAE|SAE,1.516075447203271
1214,16,28,MAE|SAE,27.878602092836907
1215,16,22,MAE,25.83272081151753
1216,16,24,MAE,16.98486659817207
1217,16,24,MAE,27.227911121786423
1218,16,20,MAE,7.510307240766444
1219,16,41,LAE|MAE|SAE,19.20694305971232
1220,17,23,LAE|MAE|SAE,14.446971338354924
1221,18,20,MAE,14.813554385970196
1222,18,26,MAE|SAE,11.554743271901094
1223,18,23,LAE|MAE|SAE,2.2883832924817025
1224,18,20,MAE,52.43238036762005
1225,18,20,MAE,1.7763202714315478
1226,18,32,MAE,37.575619896677345
1227,18,20,MAE,12.613535659799938
1228,18,25,LAE|MAE,8.939046704893242
1229,18,20,MAE,1.234172386626555
1230,18,20,MAE,1.0283187872448263
1231,18,20,MAE,8.094672619796919
1232,18,21,LAE|MAE,1.059671493810832
1233,18,20,MAE,1.1887649732488283
1234,18,42,LAE|MAE|SAE,19.50857744867493
1235,18,24,MAE,30.141255728030536
1236,18,22,MAE,1.5795009269468379
1237,18,20,MAE,1.3456666341789485
1238,18,20,MAE,8.60621733690028
1239,18,22,LAE|MAE,3.870551692484718
1240,19,21,LAE|MAE|SAE,1.112146463568483
1241,19,20,MAE|SAE,0.8271077177728393
1242,19,38,LAE|MAE|SAE,16.408639178628402
1243,19,45,LAE|MAE|SAE,15.626058797970005
1244,19,20,MAE|SAE,16.42017921738468
1245,19,22,LAE|MAE|SAE,0.9556569183517927
1246,19,21,LAE|MAE|SAE,1.0757148950275228
1247,19,26,LAE|MAE|SAE,1.9384728845103605
1248,19,20,MAE|SAE,13.343681930540686
1249,19,24,MAE|SAE,16.65943970524325
1250,19,22,LAE|MAE|SAE,3.8199887266519514
1251,19,20,MAE|SAE,9.770184476756254
1252,19,20,MAE|SAE,0.844249808141035
1253,19,20,MAE|SAE,6.8451588133920875
1254,19,25,LAE|MAE|SAE,2.466234576101728
1255,19,21,LAE|MAE|SAE,1.1843275762522911
1256,19,22,MAE|SAE,17.095384131912734
1257,19,20,MAE|SAE,19.11856938200765
1258,19,28,LAE|MAE|SAE,2.4001952183313002
1259,19,22,LAE|MAE|SAE,1.1045397441873117
1260,19,25,LAE|MAE|SAE,1.6167761459074321
1261,19,22,MAE|SAE,15.533919495141161
1262,19,24,LAE|MAE|SAE,44.95379642070673
1263,17,25,LAE,38.05831965293834
1264,17,21,LAE,18.409592992336755
1265,17,21,LAE,21.45499835900363
1266,17,49,LAE|MAE|SAE,36.024852490691565
1267,17,21,LAE,17.57565450685978
1268,17,21,LAE,13.331037520861397
1269,17,21,LAE,19.309595912249296
1270,17,21,LAE,19.947272777460615
1271,17,24,LAE|MAE|SAE,18.454175185340695
1272,17,25,LAE|MAE,18.674825883457483
1273,18,30,LAE|MAE,19.261409943753
1274,18,21,LAE|MAE,1.7457181347103168
1275,18,21,LAE|MAE,1.2895607599628474
1276,18,21,LAE|MAE,29.741945371018687
1277,18,21,LAE|MAE,15.668389032597482
1278,18,26,LAE|MAE|SAE,10.435101608317103
1279,18,25,LAE|MAE,2.5584574556281647
1280,20,21,LAE|MAE,0.8689127387853933
1281,20,34,LAE|MAE|SAE,18.2133741160823
1282,20,21,LAE|MAE,0.7918960073352925
1283,20,24,LAE|MAE,1.6299407337882696
1284,20,21,LAE|MAE,0.8248299282474226
1285,20,22,LAE|MAE,0.9347906107128047
1286,20,21,LAE|MAE,18.40168660128946
1287,20,21,LAE|MAE,0.8118227283047326
1288,20,24,LAE|MAE,2.201659561856673
1289,20,21,LAE|MAE,0.7625506793845211
1290,20,22,LAE|MAE,0.9343687623111893
1291,20,22,LAE|MAE,0.8682001209572551
1292,20,21,LAE|MAE,4.365415780986398
1293,20,21,LAE|MAE,1.5461466482273412
1294,20,22,LAE|MAE,0.8148969849006131
1295,20,24,LAE|MAE,1.2802790895318308
1296,20,21,LAE|MAE,1.0232925537638606
1297,20,21,LAE|MAE,1.6448667707938123
1298,20,22,LAE|MAE,1.9625723351384765
1299,20,26,LAE|MAE|SAE,1.3935904031919422
1300,20,21,LAE|MAE,0.7700909055908203
1301,20,21,LAE|MAE,3.6749543607111446
1302,20,24,LAE|MAE,31.71500994233803
1303,20,21,LAE|MAE,15.164840003220567
1304,20,21,LAE|MAE,0.7813634616505327
1305,20,25,LAE|MAE,1.4378814515703924
1306,20,23,LAE|MAE|SAE,1.2192543896068635
1307,20,21,LAE|MAE,1.0399170798596735
1308,20,22,LAE|MAE,0.8319423367795349
1309,20,21,LAE|MAE,0.7537211451076765
1310,20,25,LAE|MAE|SAE,2.529290227391217
1311,20,21,LAE|MAE,0.8916836297877873
1312,20,21,LAE|MAE,14.718034165607373
1313,20,21,LAE|MAE,0.767675047777321
1314,20,22,LAE|MAE,0.8932551710325917
1315,20,21,LAE|MAE,0.9199841198479506
1316,20,21,LAE|MAE,0.713261293997634
1317,20,21,LAE|MAE,1.1191128445071024
1318,20,21,LAE|MAE,10.3320014458692
1319,20,28,LAE|MAE,22.266363859670214
1320,20,22,LAE|MAE,16.61254427808497
1321,18,22,MAE,21.38340155656883
1322,18,30,LAE|MAE|SAE,22.882268548020825
1323,18,27,LAE|MAE|SAE,18.400772498278524
1324,18,22,MAE,24.42837438191466
1325,18,22,MAE,15.662307408285299
1326,19,22,MAE|SAE,1.224365440577148
1327,19,22,MAE|SAE,1.3339576945869795
1328,19,22,MAE|SAE,38.40713647950961
1329,19,22,MAE|SAE,26.476856263272584
1330,20,22,MAE,45.82142354472928
1331,20,34,LAE|MAE|SAE,8.206710450068593
1332,20,22,MAE,1.0648452345883233
1333,20,25,LAE|MAE,20.406448701209648
1334,20,29,LAE|MAE|SAE,16.977207994760285
1335,20,24,MAE,26.38370412387251
1336,20,22,MAE,44.00194875900184
1337,20,23,MAE|SAE,1.227618296470744
1338,20,26,LAE|MAE|SAE,14.143180158630193
1339,20,25,LAE|MAE,1.369575477076586
1340,21,22,LAE|MAE,0.818599533961419
1341,21,22,LAE|MAE,0.8121001098531561
1342,21,22,LAE|MAE,1.2411916424559644
1343,21,25,LAE|MAE,15.762927048228303
1344,21,23,LAE|MAE|SAE,0.9833378982428422
1345,21,25,LAE|MAE|SAE,1.1181797197618757
1346,21,22,LAE|MAE,0.9824152556872927
1347,21,22,LAE|MAE,19.87912086152452
1348,21,24,LAE|MAE|SAE,1.1566880360686531
1349,21,23,LAE|MAE|SAE,20.27257349865275
1350,21,47,LAE|MAE|SAE,19.93929698502294
1351,21,22,LAE|MAE,0.9948083157478655
1352,21,26,LAE|MAE,11.300827660514239
1353,21,24,LAE|MAE,1.485763127583029
1354,21,26,LAE|MAE|SAE,10.087296450908656
1355,21,22,LAE|MAE,1.1794752109965096
1356,21,22,LAE|MAE,1.0323013344738472
1357,21,22,LAE|MAE,0.7195298081363237
1358,21,27,LAE|MAE|SAE,20.40075534642395
1359,21,25,LAE|MAE|SAE,8.754985996186981
1360,21,22,LAE|MAE,0.792273504639366
1361,21,22,LAE|MAE,3.493165733474513
1362,21,26,LAE|MAE|SAE,10.155338178265168
1363,21,27,LAE|MAE|SAE,11.114992325509196
1364,21,25,LAE|MAE,1.9720460678655447
1365,21,26,LAE|MAE,1.4675482174562147
1366,21,22,LAE|MAE,1.224394243205203
1367,21,22,LAE|MAE,0.724649210658314
1368,21,25,LAE|MAE,1.088298976627303
1369,21,22,LAE|MAE,19.747982912557116
1370,21,22,LAE|MAE,10.250338967073493
1371,21,22,LAE|MAE,21.35088501967052
1372,21,22,LAE|MAE,0.9321496374284048
1373,21,26,LAE|MAE,16.710017130199283
1374,21,22,LAE|MAE,9.824724574523264
1375,21,44,LAE|MAE|SAE,17.58495380267534
1376,19,23,SAE,57.31876678542302
1377,19,23,SAE,14.040257087191609
1378,19,23,SAE,16.178415894476256
1379,19,23,SAE,14.231669896657086
1380,19,23,SAE,15.16471060127592
1381,19,84,LAE|MAE|SAE,14.641042492339993
1382,19,23,SAE,29.561783049187685
1383,19,27,SAE,9.99608752531735
1384,19,27,SAE,15.022661990842643
1385,19,23,SAE,14.892485772250794
1386,19,31,SAE,26.86134489514919
1387,19,23,SAE,35.623881966605246
1388,19,23,SAE,45.354736752306955
1389,19,23,SAE,54.33925328579712
1390,19,23,SAE,40.56256662785094
1391,19,27,SAE,30.42310198058111
1392,19,23,SAE,28.136928351155284
1393,19,23,SAE,36.6464025874715
1394,19,27,SAE,15.551076089777403
1395,19,23,SAE,18.258561319319025
1396,19,23,SAE,34.74305543340746
1397,19,23,SAE,17.46777779199871
1398,20,27,MAE|SAE,11.34846944146561
1399,20,27,MAE|SAE,17.27805678515265
1400,20,23,MAE|SAE,1.05680816107774
1401,22,23,MAE|SAE,17.554879355185285
1402,22,28,LAE|MAE|SAE,1.9435696371719562
1403,22,23,MAE|SAE,1.5850345325631368
1404,22,23,MAE|SAE,15.713048168290841
1405,22,30,MAE|SAE,11.339911178344778
1406,22,28,LAE|MAE|SAE,15.024073276855658
1407,22,30,LAE|MAE|SAE,11.57370804041463
1408,22,23,MAE|SAE,14.57407966387182
1409,22,24,MAE|SAE,1.2784581979593548
1410,22,26,LAE|MAE|SAE,1.9526464477259622
1411,22,23,MAE|SAE,18.309591222952836
1412,22,24,MAE|SAE,1.2241688176337688
1413,22,26,LAE|MAE|SAE,1.4555073869566826
1414,22,26,LAE|MAE|SAE,1.31456268380202
1415,22,24,MAE|SAE,0.9095285981068992
1416,22,23,MAE|SAE,0.9318617880839227
1417,22,24,MAE|SAE,16.198727014014665
1418,22,25,LAE|MAE|SAE,1.3958306651245855
1419,22,24,MAE|SAE,10.453838934439846
1420,22,23,MAE|SAE,0.8364868552905398
1421,22,23,MAE|SAE,3.4452741813287253
1422,22,30,LAE|MAE|SAE,15.863820671717425
1423,20,24,MAE,37.464296890751854
1424,20,26,LAE|MAE,20.874571743231805
1425,20,24,MAE,24.21009976225735
1426,20,28,MAE,24.529451210515983
1427,20,52,LAE|MAE|SAE,21.24472404202416
1428,21,54,LAE|MAE|SAE,12.513770174780387
1429,21,24,LAE|MAE,1.3269415956834691
1430,21,35,LAE|MAE|SAE,3.0196782094336463
1431,21,26,LAE|MAE,17.13779917187501
1432,21,24,LAE|MAE,46.43719026025987
1433,22,27,LAE|MAE|SAE,11.418142192573693
1434,22,25,LAE|MAE,1.1740169779019738
1435,22,24,MAE,0.9758424199370007
1436,22,25,LAE|MAE,1.0359062786882687
1437,22,24,MAE,11.610934447285803
1438,22,25,LAE|MAE,1.2691988000862333
1439,22,24,MAE,17.456524956249734
1440,22,25,LAE|MAE,1.7109229872058997
1441,22,24,MAE,1.1895443132209995
1442,22,30,LAE|MAE|SAE,24.018913889590998
1443,22,24,MAE,41.312045353423606
1444,22,24,MAE,24.2547016205479
1445,22,24,MAE,8.024450475988791
1446,22,36,LAE|MAE|SAE,10.524654767296964
1447,22,25,LAE|MAE,1.3862794972781798
1448,22,24,MAE,1.2724952142173933
1449,22,24,MAE,1.168577023078728
1450,22,25,LAE|MAE,13.919269440105133
1451,22,26,MAE,22.708836230463387
1452,23,25,LAE|MAE|SAE,1.0614380056224273
1453,23,30,MAE|SAE,16.112017577867103
1454,23,26,LAE|MAE|SAE,2.1183329651059744
1455,23,24,MAE|SAE,9.833147620448269
1456,23,29,LAE|MAE|SAE,18.812243210977492
1457,23,24,MAE|SAE,1.2849335732363867
1458,23,25,LAE|MAE|SAE,1.0414381751816273
1459,23,28,LAE|MAE|SAE,1.557707058342002
1460,23,25,LAE|MAE|SAE,1.762802495023822
1461,23,26,MAE|SAE,18.02013135447976
1462,23,32,LAE|MAE|SAE,2.3179933181725296
1463,23,25,LAE|MAE|SAE,0.9139329654803018
1464,23,24,MAE|SAE,0.897531234599395
1465,23,25,LAE|MAE|SAE,0.8644226355743851
1466,23,26,LAE|MAE|SAE,1.3017958947042898
1467,23,24,MAE|SAE,1.2655080433000443
1468,23,25,LAE|MAE|SAE,2.0382440591061415
1469,23,46,LAE|MAE|SAE,11.07016579051071
1470,23,26,MAE|SAE,15.723601922126546
1471,23,25,LAE|MAE|SAE,1.3809757811193515
1472,23,24,MAE|SAE,14.613021037335026
1473,23,24,MAE|SAE,0.7971261761338564
1474,23,26,MAE|SAE,1.231725675796852
1475,23,28,LAE|MAE|SAE,3.628525609256742
1476,21,25,LAE,59.80822490640583
1477,21,32,LAE|MAE,16.23300496472999
1478,21,25,LAE,1.7666279093856396
1479,21,37,LAE|MAE,21.64946531368408
1480,21,25,LAE,21.911697732478643
1481,21,25,LAE,11.960116317455407
1482,21,25,LAE,11.719439724043307
1483,21,29,LAE|MAE,15.397113378663757
1484,22,25,LAE|MAE,1.0223716435187313
1485,22,25,LAE|MAE,11.31791479699018
1486,22,25,LAE|MAE,3.8058081940994257
1487,24,28,LAE|MAE|SAE,1.638705235535817
1488,24,29,LAE|MAE|SAE,8.167253590352683
1489,24,25,LAE|MAE,1.1590719905055482
1490,24,26,LAE|MAE,1.1713719308617665
1491,24,26,LAE|MAE,1.3369380189191737
1492,24,27,LAE|MAE|SAE,2.1756432267288752
1493,24,28,LAE|MAE,1.969657128354133
1494,24,25,LAE|MAE,8.755955664435477
1495,24,27,LAE|MAE|SAE,2.0243147960213164
1496,24,40,LAE|MAE,33.678550769961056
1497,24,25,LAE|MAE,0.9839061701445082
1498,24,36,LAE|MAE|SAE,4.027392312437727
1499,24,25,LAE|MAE,0.7024928039203505
1500,24,25,LAE|MAE,1.4627100821638377
1501,24,25,LAE|MAE,0.7387035561332188
1502,24,25,LAE|MAE,13.278504295770485
1503,24,25,LAE|MAE,0.9554581498988785
1504,24,25,LAE|MAE,0.8047412577013391
1505,24,30,LAE|MAE,20.055251922347253
1506,24,25,LAE|MAE,20.28336891377092
1507,24,25,LAE|MAE,1.105939927784611
1508,24,26,LAE|MAE,1.007603912864724
1509,24,25,LAE|MAE,1.011543898628938
1510,24,26,LAE|MAE,19.21097700173322
1511,24,25,LAE|MAE,1.4811756805291028
1512,24,26,LAE|MAE,0.9233582393594929
1513,24,26,LAE|MAE,1.098061052228164
1514,24,25,LAE|MAE,0.7082512472959633
1515,24,28,LAE|MAE,1.4585413817587718
1516,24,28,LAE|MAE,1.9398537292957385
1517,24,25,LAE|MAE,1.7620058797981015
1518,24,30,LAE|MAE|SAE,1.6683543308313709
1519,24,25,LAE|MAE,2.0745054413471964
1520,24,25,LAE|MAE,18.36279625312187
1521,24,26,LAE|MAE,2.0433635070614016
1522,24,26,LAE|MAE,16.26886509146295
1523,24,27,LAE|MAE|SAE,15.840626540070996
1524,24,25,LAE|MAE,1.088041818186329
1525,24,26,LAE|MAE,0.9811343117008717
1526,24,30,LAE|MAE,1.9903982893544956
1527,24,25,LAE|MAE,17.189877735894406
1528,24,25,LAE|MAE,1.0185972062042687
1529,22,30,LAE|MAE,33.769093568851936
1530,22,26,MAE,19.560677612520845
1531,22,26,MAE,23.441859863132684
1532,22,30,LAE|MAE,15.254916421286381
1533,23,46,MAE|SAE,15.967873753734313
1534,23,27,MAE|SAE,12.503476531098201
1535,23,26,MAE|SAE,2.058245336018751
1536,23,37,LAE|MAE|SAE,16.866129466460837
1537,23,26,MAE|SAE,1.5146973660475753
1538,24,62,LAE|MAE|SAE,13.852945441808506
1539,24,26,MAE,1.0929051024715342
1540,24,26,MAE,30.52920691938998
1541,24,26,MAE,1.0123290662727722
1542,24,26,MAE,1.3872865383835906
1543,24,26,MAE,1.6858027476721014
1544,24,26,MAE,44.771115161752476
1545,24,26,MAE,38.29317950048034
1546,24,30,LAE|MAE|SAE,2.0166194933857207
1547,24,31,LAE|MAE|SAE,3.2221624884614597
1548,24,26,MAE,32.94337726744609
1549,24,45,LAE|MAE|SAE,15.0711102146868
1550,24,44,LAE|MAE|SAE,15.263300245765752
1551,25,26,LAE|MAE,0.8791437926487645
1552,25,29,LAE|MAE,1.5898404876947925
1553,25,26,LAE|MAE,1.2562674452250693
1554,25,27,LAE|MAE|SAE,17.03689676935418
1555,25,29,LAE|MAE,1.809460575155321
1556,25,26,LAE|MAE,1.8317527299349332
1557,25,26,LAE|MAE,1.6426214395782488
1558,25,26,LAE|MAE,1.4927653643074819
1559,25,28,LAE|MAE|SAE,9.338129238792089
1560,25,28,LAE|MAE,12.483010192104192
1561,25,37,LAE|MAE|SAE,10.697547712940018
1562,25,26,LAE|MAE,0.9824756001677909
1563,25,26,LAE|MAE,1.8325093845287102
1564,25,29,LAE|MAE|SAE,1.440491865055591
1565,25,26,LAE|MAE,17.072568685643727
1566,25,26,LAE|MAE,21.266496733444196
1567,25,41,LAE|MAE,29.664140993877886
1568,25,26,LAE|MAE,1.1015819958443223
1569,25,26,LAE|MAE,13.900636960349413
1570,25,26,LAE|MAE,15.85926319229764
1571,25,28,LAE|MAE|SAE,10.424267367304344
1572,25,26,LAE|MAE,0.971155763455953
1573,25,27,LAE|MAE|SAE,10.52170696576249
1574,25,26,LAE|MAE,0.9202175172210836
1575,25,26,LAE|MAE,22.56631850171431
1576,25,26,LAE|MAE,10.594010875861239
1577,25,26,LAE|MAE,1.1126544994393954
1578,25,29,LAE|MAE|SAE,1.949661578471394
1579,25,29,LAE|MAE,2.2015460434951266
1580,25,29,LAE|MAE|SAE,9.55952559947873
1581,25,26,LAE|MAE,0.8902822507881645
1582,25,26,LAE|MAE,14.971489636563213
1583,25,26,LAE|MAE,1.126851642151033
1584,25,26,LAE|MAE,20.106901414432386
1585,25,27,LAE|MAE|SAE,11.313256344633539
1586,25,29,LAE|MAE,1.7465306836484549
1587,23,28,MAE|SAE,21.549929888596367
1588,23,35,SAE,36.74496361168699
1589,23,31,SAE,42.213016988712006
1590,23,27,SAE,20.702932318993906
1591,23,27,SAE,18.21050960177012
1592,23,27,SAE,22.574586890863618
1593,23,30,MAE|SAE,15.269759249073944
1594,23,27,SAE,12.459690949617466
1595,23,27,SAE,8.843578927994828
1596,23,27,SAE,16.726817266628935
1597,24,27,MAE|SAE,10.348537995112098
1598,24,27,MAE|SAE,11.401265722308846
1599,26,48,LAE|MAE|SAE,15.03535012298338
1600,26,34,LAE|MAE|SAE,16.437437937907024
1601,26,28,MAE|SAE,12.669626849855101
1602,26,27,MAE|SAE,10.149549497839272
1603,26,27,MAE|SAE,1.293488737611235
1604,26,28,MAE|SAE,1.6393034404802893
1605,26,28,MAE|SAE,1.6335359452959362
1606,26,28,MAE|SAE,13.275923906463229
1607,26,28,MAE|SAE,1.2239380331683731
1608,26,29,LAE|MAE|SAE,1.661363645472246
1609,26,33,LAE|MAE|SAE,3.866450757134012
1610,26,29,LAE|MAE|SAE,1.2680819586494971
1611,26,27,MAE|SAE,2.3694424046037197
1612,26,27,MAE|SAE,1.1490697806353511
1613,26,30,MAE|SAE,17.780029215023266
1614,26,30,MAE|SAE,17.65571850366391
1615,26,30,MAE|SAE,36.31400243410166
1616,26,27,MAE|SAE,9.131357114783631
1617,24,30,MAE,30.26724040889535
1618,24,28,MAE,14.875990613937377
1619,25,68,LAE|MAE|SAE,14.952920984140007
1620,25,76,LAE|MAE|SAE,14.771878934508461
1621,25,28,LAE|MAE,1.4543084393583416
1622,25,33,LAE|MAE,14.68069484156806
1623,25,28,LAE|MAE,10.361792692284483
1624,25,29,LAE|MAE,11.092874240822207
1625,25,34,LAE|MAE,15.92685599394929
1626,25,44,LAE|MAE,38.169920939336386
1627,25,28,LAE|MAE,18.941543377923935
1628,26,29,LAE|MAE,1.5564120484867614
1629,26,28,MAE,11.039859207189085
1630,26,29,LAE|MAE,1.0819201660722135
1631,26,33,LAE|MAE,15.839907252753497
1632,26,38,LAE|MAE,17.575260948767124
1633,26,28,MAE,1.17692449155374
1634,26,36,MAE,43.539231623072894
1635,26,28,MAE,1.2743060451866488
1636,26,39,LAE|MAE|SAE,2.8864486894536174
1637,26,30,LAE|MAE,1.1768496343601984
1638,26,28,MAE,0.9581866663469965
1639,26,40,LAE|MAE|SAE,11.527592081593603
1640,26,28,MAE,1.2418280774143085
1641,26,28,MAE,17.26523409183016
1642,26,28,MAE,22.028186828264918
1643,26,28,MAE,1.074334263928025
1644,26,28,MAE,18.096787818432183
1645,26,34,LAE|MAE|SAE,13.719090318753135
1646,26,28,MAE,13.42743775152495
1647,26,28,MAE,1.3915128939729897
1648,26,30,LAE|MAE,10.115087637333392
1649,26,29,LAE|MAE,5.183200511102209
1650,26,29,LAE|MAE,1.2460666248462706
1651,26,28,MAE,18.38011642713782
1652,26,29,LAE|MAE,1.6047757263729596
1653,26,33,LAE|MAE,28.300459210256008
1654,26,28,MAE,1.2637976567967903
1655,27,31,MAE|SAE,16.097606915476522
1656,27,28,MAE|SAE,19.95237036901962
1657,27,33,LAE|MAE|SAE,11.195524101335767
1658,27,31,LAE|MAE|SAE,13.561118376532033
1659,27,28,MAE|SAE,0.7939767335961827
1660,27,31,LAE|MAE|SAE,13.794081969790108
1661,27,42,LAE|MAE|SAE,15.403435154844377
1662,27,32,MAE|SAE,16.5943562459052
1663,27,28,MAE|SAE,9.961488123088362
1664,27,29,LAE|MAE|SAE,14.305523335610168
1665,27,45,LAE|MAE|SAE,16.860309987695764
1666,27,29,LAE|MAE|SAE,2.4571295883957998
1667,27,35,LAE|MAE|SAE,2.295168873753423
1668,27,30,MAE|SAE,17.54629652078795
1669,27,28,MAE|SAE,0.7394970648376016
1670,27,28,MAE|SAE,15.995685304419775
1671,25,33,LAE|MAE,15.151551043163584
1672,25,29,LAE,19.402690380896296
1673,25,29,LAE,13.778703841860219
1674,25,29,LAE,11.593126767799719
1675,25,43,LAE|MAE|SAE,13.600105523295676
1676,25,33,LAE|MAE,2.4309018831754106
1677,25,29,LAE,16.65517608238498
1678,25,36,LAE|MAE|SAE,4.454803557689275
1679,26,29,LAE|MAE,1.1697025838245358
1680,26,42,LAE|MAE|SAE,15.490505269377444
1681,26,29,LAE|MAE,13.955127876179578
1682,26,29,LAE|MAE,40.78241937739849
1683,28,38,LAE|MAE|SAE,16.271117867393304
1684,28,29,LAE|MAE,14.111283768648468
1685,28,29,LAE|MAE,1.092045544942101
1686,28,30,LAE|MAE,0.9537403908393676
1687,28,34,LAE|MAE,2.0783211778443254
1688,28,29,LAE|MAE,29.549680507922737
1689,28,52,LAE|MAE|SAE,16.827798275409993
1690,28,29,LAE|MAE,0.9860461812543062
1691,28,33,LAE|MAE,11.151449898287563
1692,28,29,LAE|MAE,0.9174917799745488
1693,28,30,LAE|MAE,1.4310011237236715
1694,28,29,LAE|MAE,0.9634146089275792
1695,28,30,LAE|MAE,6.584487736750408
1696,28,30,LAE|MAE,17.108849832102923
1697,28,29,LAE|MAE,0.9148823506000479
1698,28,29,LAE|MAE,15.80614497623563
1699,28,30,LAE|MAE,1.6262365169703756
1700,28,31,LAE|MAE|SAE,2.1685815759381133
1701,28,37,LAE|MAE|SAE,10.527252027749016
1702,28,86,LAE|MAE|SAE,14.928498076301507
1703,28,30,LAE|MAE,1.1214244010155512
1704,28,29,LAE|MAE,9.981341690076691
1705,28,33,LAE|MAE,2.813121735270249
1706,28,30,LAE|MAE,1.3684885260607647
1707,28,30,LAE|MAE,1.2864651883169627
1708,28,33,LAE|MAE|SAE,1.642237313386103
1709,28,29,LAE|MAE,1.1906926268042748
1710,28,29,LAE|MAE,1.3541302157769994
1711,28,30,LAE|MAE,1.3530423089077481
1712,28,30,LAE|MAE,29.325494395849137
1713,28,29,LAE|MAE,1.0797816580915254
1714,28,31,LAE|MAE|SAE,2.222073609465696
1715,28,32,LAE|MAE|SAE,2.1305324893985613
1716,28,30,LAE|MAE,15.458793138260424
1717,28,29,LAE|MAE,11.1540134791862
1718,28,29,LAE|MAE,15.701840175058727
1719,26,30,MAE,33.373463139167086
1720,26,30,MAE,14.75102409303469
1721,26,33,LAE|MAE,14.177240796042934
1722,26,30,MAE,2.3572121952129894
1723,27,41,LAE|MAE|SAE,3.3749853636557683
1724,27,30,MAE|SAE,31.644223341951395
1725,27,30,MAE|SAE,10.588351835633944
1726,27,30,MAE|SAE,13.571084895791337
1727,27,38,LAE|MAE|SAE,2.633368531844049
1728,27,30,MAE|SAE,14.989382903178791
1729,28,30,MAE,1.0129078167333514
1730,28,30,MAE,10.206764765324376
1731,28,32,MAE,26.78145600165995
1732,28,32,MAE,2.1985384166320596
1733,28,35,MAE|SAE,16.037897536653865
1734,28,72,LAE|MAE|SAE,16.675326432585248
1735,28,34,LAE|MAE|SAE,18.897940524799314
1736,28,40,LAE|MAE|SAE,17.840204467492157
1737,28,30,MAE,1.0706290398277465
1738,28,30,MAE,13.610853728222343
1739,28,30,MAE,3.2508609281756335
1740,28,30,MAE,0.9559514478169652
1741,28,32,MAE,46.551666945672004
1742,28,34,MAE,29.646182951400167
1743,28,30,MAE,22.622160401945894
1744,28,30,MAE,13.955594773440321
1745,28,30,MAE,1.1981479382122469
1746,28,30,MAE,15.218102312773784
1747,28,30,MAE,1.2905266982909784
1748,28,32,MAE,13.392078028453424
1749,28,30,MAE,2.439577303533276
1750,28,30,MAE,41.66890284876831
1751,28,30,MAE,22.614780312006168
1752,29,42,LAE|MAE|SAE,13.133254291527336
1753,29,30,LAE|MAE,1.2081256671634688
1754,29,32,LAE|MAE|SAE,7.392576880355104
1755,29,30,LAE|MAE,1.0163017179268177
1756,29,38,LAE|MAE|SAE,14.993641895634324
1757,29,30,LAE|MAE,1.5129207509486362
1758,29,42,LAE|MAE|SAE,10.266431964733957
1759,29,30,LAE|MAE,15.463397890078868
1760,29,30,LAE|MAE,0.8190895857118186
1761,29,36,LAE|MAE|SAE,2.3487748148641896
1762,29,30,LAE|MAE,1.192001345113332
1763,29,30,LAE|MAE,0.9430418218970336
1764,29,30,LAE|MAE,0.8387969511238992
1765,29,30,LAE|MAE,1.47229184166986
1766,29,34,LAE|MAE|SAE,2.4793292558019178
1767,29,30,LAE|MAE,9.55180832398776
1768,29,32,LAE|MAE,1.4292634748830015
1769,29,30,LAE|MAE,1.391299202837189
1770,29,30,LAE|MAE,21.4399734037441
1771,29,31,LAE|MAE|SAE,9.222220934673187
1772,29,30,LAE|MAE,16.54723993235509
1773,29,34,LAE|MAE,2.4883524357146802
1774,29,31,LAE|MAE|SAE,8.645101784213521
1775,29,30,LAE|MAE,1.1745061436320492
1776,29,38,LAE|MAE|SAE,2.244436146601845
1777,29,32,LAE|MAE|SAE,39.255014343637065
1778,29,30,LAE|MAE,1.3377593322676657
1779,29,30,LAE|MAE,2.3842591773585675
1780,29,32,LAE|MAE|SAE,16.207863330731367
1781,29,30,LAE|MAE,1.3127076066012506
1782,29,30,LAE|MAE,0.9125066081325695
1783,27,31,SAE,18.396582860981564
1784,27,31,SAE,33.19377920766275
1785,27,31,SAE,12.033233325092773
1786,27,31,SAE,35.64066430235472
1787,27,31,SAE,21.809171326745833
1788,27,31,SAE,11.061858588619115
1789,27,35,SAE,52.941119366376924
1790,27,31,SAE,53.8121212517745
1791,27,31,SAE,29.929167095482672
1792,27,31,SAE,17.895250892406295
1793,27,36,MAE|SAE,19.808458084688844
1794,27,31,SAE,42.53817448004205
1795,27,31,SAE,41.67595219691466
1796,27,31,SAE,12.833741100142168
1797,27,31,SAE,36.9072399706259
1798,27,31,SAE,18.312457686354694
1799,27,31,SAE,14.532873339733696
1800,27,31,SAE,11.049091959124409
1801,27,31,SAE,56.77951909240162
1802,27,31,SAE,41.79707923978214
1803,27,35,SAE,44.61628718091551
1804,27,35,SAE,18.29967395261361
1805,28,31,MAE|SAE,19.51685179149646
1806,28,49,LAE|MAE|SAE,13.736148639240046
1807,30,34,LAE|MAE|SAE,1.7172921133246082
1808,30,32,MAE|SAE,15.914810990015603
1809,30,31,MAE|SAE,0.9155369822805675
1810,30,35,LAE|MAE|SAE,1.6577280986942566
1811,30,31,MAE|SAE,12.16487939216767
1812,30,34,LAE|MAE|SAE,1.6965689858475177
1813,30,31,MAE|SAE,26.327098599331702
1814,30,32,MAE|SAE,15.708423163717825
1815,30,36,LAE|MAE|SAE,1.5751111687020405
1816,30,31,MAE|SAE,13.139732203584236
1817,30,77,LAE|MAE|SAE,17.009881233552285
1818,30,38,LAE|MAE|SAE,21.978512705373273
1819,30,31,MAE|SAE,15.71086724851196
1820,30,40,LAE|MAE|SAE,3.122544132058271
1821,30,33,LAE|MAE|SAE,48.07360786266316
1822,30,31,MAE|SAE,8.36298147856937
1823,30,31,MAE|SAE,35.67160762240925
1824,30,32,MAE|SAE,17.80923365231533
1825,30,31,MAE|SAE,13.64618090372551
1826,30,32,MAE|SAE,0.994035603346978
1827,28,32,MAE,34.54377583955856
1828,28,37,LAE|MAE,26.96037595204255
1829,28,32,MAE,28.262933937801915
1830,28,36,LAE|MAE|SAE,17.166331557073704
1831,28,44,LAE|MAE|SAE,18.22482611112566
1832,29,41,LAE|MAE,16.43425325460176
1833,29,34,LAE|MAE,1.6381136256596678
1834,29,32,LAE|MAE,17.788020938408845
1835,29,36,LAE|MAE,2.296168528663369
1836,29,33,LAE|MAE,2.302008238097972
1837,29,40,LAE|MAE,12.755758792427486
1838,30,37,LAE|MAE|SAE,14.35611356442299
1839,30,32,MAE,2.650746290808344
1840,30,33,LAE|MAE,1.67018023021939
1841,30,77,LAE|MAE|SAE,14.636867853948617
1842,30,32,MAE,14.73060633683834
1843,30,32,MAE,1.5544824791474987
1844,30,36,LAE|MAE,2.1800234327363675
1845,30,38,LAE|MAE|SAE,2.6298338735944737
1846,30,34,MAE,9.292374878510387
1847,30,32,MAE,15.562254974847585
1848,30,32,MAE,11.38276420288169
1849,30,34,MAE,1.7544953196971738
1850,30,32,MAE,1.0334622177019623
1851,30,32,MAE,1.292644218194776
1852,30,33,LAE|MAE,27.718424551038506
1853,31,46,LAE|MAE|SAE,15.546806788508965
1854,31,32,MAE|SAE,14.37051916200213
1855,31,36,LAE|MAE|SAE,1.7839125495986674
1856,31,32,MAE|SAE,17.83578046268948
1857,31,32,MAE|SAE,12.934701322176194
1858,31,34,MAE|SAE,10.455331929439351
1859,31,32,MAE|SAE,0.7984607286764642
1860,31,33,LAE|MAE|SAE,1.6557867506646322
1861,31,32,MAE|SAE,1.3158724178421257
1862,31,33,LAE|MAE|SAE,1.3642221808177708
1863,31,33,LAE|MAE|SAE,1.163451660464072
1864,31,32,MAE|SAE,2.3995005756354617
1865,31,32,MAE|SAE,17.939357933054108
1866,31,32,MAE|SAE,1.5569142615884881
1867,31,36,MAE|SAE,1.4157370330177004
1868,31,32,MAE|SAE,1.2593049824889495
1869,31,34,LAE|MAE|SAE,1.3546626831602286
1870,31,32,MAE|SAE,1.3669334451445612
1871,31,32,MAE|SAE,0.7258532369581319
1872,31,32,MAE|SAE,0.9249556126734947
1873,31,33,LAE|MAE|SAE,0.9069138313891733
1874,31,34,LAE|MAE|SAE,1.4562376374627037
1875,31,32,MAE|SAE,3.61027050127132
1876,31,34,LAE|MAE|SAE,1.146133376634527
1877,31,39,LAE|MAE|SAE,13.848285375056236
1878,31,36,LAE|MAE|SAE,1.4984807619225795
1879,31,32,MAE|SAE,1.0524538130393197
1880,31,35,LAE|MAE|SAE,9.275741033596487
1881,31,37,LAE|MAE|SAE,1.7090562905919944
1882,31,36,MAE|SAE,19.022678288354285
1883,31,37,LAE|MAE|SAE,2.3183981384806915
1884,31,32,MAE|SAE,12.744467722159289
1885,29,36,LAE|MAE,28.770042908343942
1886,29,33,LAE,14.562989398979939
1887,29,33,LAE,31.709573625164534
1888,29,37,LAE,37.615746097413755
1889,29,33,LAE,22.33998292342981
1890,29,33,LAE,2.0110391661814617
1891,30,33,LAE|MAE,19.703724978236977
1892,30,33,LAE|MAE,31.753976275916532
1893,30,33,LAE|MAE,2.3387496904268463
1894,30,33,LAE|MAE,14.545718516736088
1895,30,33,LAE|MAE,1.3365053102587592
1896,30,33,LAE|MAE,1.6570089892515079
1897,30,33,LAE|MAE,15.272789427182783
1898,32,33,LAE|MAE,1.2797765626282755
1899,32,37,LAE|MAE|SAE,1.9339373789428633
1900,32,33,LAE|MAE,18.48167215295965
1901,32,37,LAE|MAE,20.065875575236895
1902,32,34,LAE|MAE,1.7406641548571118
1903,32,34,LAE|MAE,1.167645290984831
1904,32,34,LAE|MAE,18.356774834497102
1905,32,34,LAE|MAE,9.297891397884355
1906,32,34,LAE|MAE,0.921927483670312
1907,32,33,LAE|MAE,15.348791809630258
1908,32,33,LAE|MAE,8.147900180423681
1909,32,34,LAE|MAE,1.1339725441822697
1910,32,40,LAE|MAE|SAE,29.573162125083183
1911,32,33,LAE|MAE,0.8358701115150432
1912,32,33,LAE|MAE,6.850253507219171
1913,32,33,LAE|MAE,1.8329557180328502
1914,32,33,LAE|MAE,1.0783366368309373
1915,32,34,LAE|MAE,11.028711931818448
1916,32,34,LAE|MAE,1.3254550229430868
1917,32,35,LAE|MAE|SAE,1.2085641265088374
1918,32,33,LAE|MAE,10.264649248606192
1919,32,34,LAE|MAE,1.1201845263222776
1920,32,34,LAE|MAE,1.2059215070587772
1921,32,35,LAE|MAE|SAE,1.4342011711685956
1922,32,40,LAE|MAE|SAE,1.9519528376152504
1923,32,34,LAE|MAE,1.0850213232650536
1924,32,34,LAE|MAE,11.189159274681018
1925,32,33,LAE|MAE,15.3729339544302
1926,32,34,LAE|MAE,1.2071787658963542
1927,32,33,LAE|MAE,1.9498349870336746
1928,32,36,LAE|MAE,8.960046386178961
1929,32,33,LAE|MAE,9.916632743626652
1930,30,36,MAE,14.943911903822718
1931,30,34,MAE,15.18972009791682
1932,30,34,MAE,16.824275224266422
1933,30,34,MAE,13.232479379532457
1934,30,36,MAE,49.73764177605858
1935,30,34,MAE,35.778789486085536
1936,31,38,MAE|SAE,3.257677683843502
1937,31,39,LAE|MAE|SAE,15.561445389924263
1938,31,34,MAE|SAE,1.2967986772625435
1939,32,36,MAE,1.4357818468995338
1940,32,34,MAE,0.8748572379737639
1941,32,37,LAE|MAE,1.698343444906296
1942,32,34,MAE,1.2211361788215604
1943,32,34,MAE,1.3804429741802657
1944,32,36,MAE,30.647014973652738
1945,32,35,MAE|SAE,2.195682891801477
1946,32,34,MAE,2.007616768303912
1947,32,34,MAE,1.2909943591541
1948,32,34,MAE,1.437488607468514
1949,32,34,MAE,8.021962868121125
1950,32,34,MAE,9.556160993970314
1951,32,38,MAE,1.7875059052999789
1952,32,34,MAE,1.128716976743532
1953,32,34,MAE,2.6804402538463297
1954,33,36,LAE|MAE,1.2668028606017252
1955,33,36,LAE|MAE,1.366862951168294
1956,33,34,LAE|MAE,1.604674571957104
1957,33,35,LAE|MAE|SAE,17.604561646319855
1958,33,37,LAE|MAE,13.625941026643586
1959,33,36,LAE|MAE,9.125823101589663
1960,33,34,LAE|MAE,1.180790609762313
1961,33,34,LAE|MAE,1.1082025328306797
1962,33,37,LAE|MAE,8.812650471704186
1963,33,44,LAE|MAE|SAE,14.482341717940647
1964,33,36,LAE|MAE,1.4730699956908142
1965,33,34,LAE|MAE,0.9055009215943866
1966,33,34,LAE|MAE,10.504332126262167
1967,33,34,LAE|MAE,1.0072641535213978
1968,33,34,LAE|MAE,10.645372902469058
1969,33,35,LAE|MAE|SAE,1.4171513340834232
1970,33,34,LAE|MAE,11.103372324586038
1971,33,37,LAE|MAE,7.599337164035517
1972,33,36,LAE|MAE,1.2629307174132256
1973,33,44,LAE|MAE|SAE,14.444953459067943
1974,33,34,LAE|MAE,12.326055939324368
1975,33,34,LAE|MAE,0.9283532679545378
1976,33,36,LAE|MAE,1.3525236729216419
1977,33,37,LAE|MAE,17.559272381234496
1978,33,41,LAE|MAE,7.742032483676558
1979,33,34,LAE|MAE,18.25395893599934
1980,33,34,LAE|MAE,8.899366154263635
1981,33,38,LAE|MAE|SAE,13.900145339232484
1982,33,34,LAE|MAE,1.3945362135101371
1983,33,37,LAE|MAE,17.32735428341879
1984,33,34,LAE|MAE,0.7528191316242914
1985,33,34,LAE|MAE,30.926197217795075
1986,31,39,SAE,13.76800754084756
1987,31,35,SAE,13.18294989125521
1988,31,35,SAE,20.620109300530427
1989,31,35,SAE,37.35146895096534
1990,31,35,SAE,12.249693006757624
1991,31,35,SAE,17.230617793247173
1992,31,46,MAE|SAE,16.99889145648365
1993,32,40,MAE|SAE,12.045025708870263
1994,32,35,MAE|SAE,16.362015554050966
1995,32,37,LAE|MAE|SAE,4.071987337558657
1996,32,37,LAE|MAE|SAE,2.6280611637351736
1997,32,37,LAE|MAE|SAE,1.7508051136113398
1998,32,35,MAE|SAE,19.856261761005538
1999,32,35,MAE|SAE,9.66681605042297
2000,34,40,MAE|SAE,18.898293386017706
2001,34,35,MAE|SAE,20.318432886416158
2002,34,35,MAE|SAE,1.4485470458139578
2003,34,43,MAE|SAE,18.3586690435552
2004,34,36,MAE|SAE,1.8406443491299513
2005,34,39,LAE|MAE|SAE,1.4795562370375155
2006,34,35,MAE|SAE,1.7333876224808467
2007,34,35,MAE|SAE,16.661076483388975
2008,34,35,MAE|SAE,1.2665455457251131
2009,34,35,MAE|SAE,0.8170612885310006
2010,34,35,MAE|SAE,2.0796512494497077
2011,34,36,MAE|SAE,1.4205170873276445
2012,34,39,MAE|SAE,7.480949906927101
2013,34,45,LAE|MAE|SAE,3.217003611272471
2014,34,36,MAE|SAE,3.555421000969348
2015,34,36,MAE|SAE,1.2810145042122176
2016,34,35,MAE|SAE,0.9837371215067252
2017,34,50,LAE|MAE|SAE,16.681796946389355
2018,34,36,MAE|SAE,1.01228052923444
2019,34,35,MAE|SAE,3.4477614332082966
2020,34,38,LAE|MAE|SAE,14.673241276865014
2021,34,39,LAE|MAE|SAE,11.552442771485431
2022,34,42,LAE|MAE|SAE,2.478981134512326
2023,34,35,MAE|SAE,11.817525177918894
2024,34,36,MAE|SAE,1.8555705000284104
2025,34,35,MAE|SAE,1.412856836554299
2026,34,35,MAE|SAE,2.5629989797731016
2027,34,38,MAE|SAE,2.582004654338743
2028,32,36,MAE,7.700326033962176
2029,33,37,LAE|MAE,1.4248866350437983
2030,33,38,LAE|MAE,16.101778470181756
2031,33,36,LAE|MAE,1.4443135329791938
2032,33,37,LAE|MAE,2.929570587597235
2033,33,40,LAE|MAE,16.431561709750056
2034,33,36,LAE|MAE,20.16438044515398
2035,33,36,LAE|MAE,1.1351257466736198
2036,33,64,LAE|MAE,13.24442070748327
2037,34,36,MAE,9.881469196040925
2038,34,36,MAE,1.22605194244259
2039,34,36,MAE,15.38894645732351
2040,34,36,MAE,1.681047843266297
2041,34,36,MAE,1.3809584447177576
2042,34,36,MAE,14.168450781777347
2043,34,36,MAE,2.4568155845369666
2044,34,36,MAE,14.686951597105757
2045,34,36,MAE,1.4456246483519735
2046,34,36,MAE,1.4264781814364584
2047,34,37,LAE|MAE,9.044642110889903
2048,34,36,MAE,1.339004987405845
2049,35,41,LAE|MAE|SAE,15.678153855251246
2050,35,39,LAE|MAE|SAE,2.414804617060129
2051,35,38,MAE|SAE,3.512365305250857
2052,35,36,MAE|SAE,0.8408718083962506
2053,35,36,MAE|SAE,12.790527647260175
2054,35,36,MAE|SAE,21.42128369365669
2055,35,38,MAE|SAE,31.518650231234886
2056,35,36,MAE|SAE,1.6834373445701372
2057,35,36,MAE|SAE,7.162338387064018
2058,35,36,MAE|SAE,24.618970692847093
2059,35,36,MAE|SAE,1.1554778325674364
2060,35,38,LAE|MAE|SAE,15.109028404045192
2061,35,37,LAE|MAE|SAE,2.6523249969153997
2062,35,42,MAE|SAE,7.596826256647641
2063,35,36,MAE|SAE,2.04270828829868
2064,35,41,LAE|MAE|SAE,12.567560305900821
2065,35,36,MAE|SAE,3.57475337325207
2066,35,36,MAE|SAE,2.2391373024797305
2067,35,58,LAE|MAE|SAE,15.848214587715002
2068,35,36,MAE|SAE,13.381312858184074
2069,35,37,LAE|MAE|SAE,13.0781492111312
2070,35,38,LAE|MAE|SAE,2.267257604744861
2071,35,38,LAE|MAE|SAE,1.5459504728109332
2072,35,38,MAE|SAE,24.530760258753453
2073,35,45,LAE|MAE|SAE,2.664513832758396
2074,35,38,LAE|MAE|SAE,15.284416595117333
2075,35,36,MAE|SAE,20.056051147136024
2076,35,36,MAE|SAE,13.860587045729751
2077,35,36,MAE|SAE,1.2608367835988594
2078,35,36,MAE|SAE,1.509096269088564
2079,35,37,LAE|MAE|SAE,13.277148814110243
2080,35,36,MAE|SAE,6.7229812847764245
2081,35,36,MAE|SAE,1.927965269218089
2082,33,41,LAE,14.323194025305252
2083,33,37,LAE,17.177634290016524
2084,33,37,LAE,12.612562082491882
2085,33,37,LAE,17.596631511866104
2086,33,46,LAE|MAE|SAE,12.735797037456754
2087,33,42,LAE|MAE,46.55247260282281
2088,33,48,LAE|MAE|SAE,40.98431683622253
2089,34,39,LAE|MAE|SAE,9.910630244910877
2090,34,49,LAE|MAE|SAE,13.6852976345784
2091,36,38,LAE|MAE,26.77169536605967
2092,36,42,LAE|MAE|SAE,2.1311390748008137
2093,36,37,LAE|MAE,1.0616522490369766
2094,36,39,LAE|MAE|SAE,1.4817858021186139
2095,36,38,LAE|MAE,1.2810272666512466
2096,36,37,LAE|MAE,1.4614244467203266
2097,36,48,LAE|MAE|SAE,11.388232901883253
2098,36,42,LAE|MAE|SAE,12.998415652215574
2099,36,41,LAE|MAE,13.984520672276572
2100,36,38,LAE|MAE,1.3334387283133664
2101,36,37,LAE|MAE,11.668322125560225
2102,36,49,LAE|MAE|SAE,14.533650054910897
2103,36,37,LAE|MAE,3.3375597960426693
2104,36,41,LAE|MAE|SAE,13.16101106171819
2105,36,37,LAE|MAE,3.445204210763712
2106,36,37,LAE|MAE,1.146058988647049
2107,36,38,LAE|MAE,1.7355252703871307
2108,36,38,LAE|MAE,1.180661970336403
2109,36,38,LAE|MAE,1.0911677737781493
2110,36,37,LAE|MAE,10.966705269764429
2111,36,47,LAE|MAE|SAE,12.839378564481745
2112,36,42,LAE|MAE,7.342013983439822
2113,36,40,LAE|MAE,17.697778595152815
2114,36,37,LAE|MAE,0.8861813632181268
2115,36,37,LAE|MAE,32.354552970532474
2116,36,37,LAE|MAE,0.9592981419971961
2117,36,37,LAE|MAE,1.319569388737479
2118,36,37,LAE|MAE,0.851440129632551
2119,36,39,LAE|MAE|SAE,1.582786956861049
2120,36,38,LAE|MAE,2.172814536228117
2121,34,40,MAE|SAE,1.8450942734322178
2122,34,39,MAE|SAE,14.127916174152068
2123,34,38,MAE,3.3929279716704492
2124,35,38,MAE|SAE,18.345466703720554
2125,35,38,MAE|SAE,1.5044787741583983
2126,35,38,MAE|SAE,7.499877660633274
2127,35,39,MAE|SAE,15.785670000758774
2128,36,43,MAE|SAE,13.930902456704356
2129,36,38,MAE,12.568856434471241
2130,36,42,LAE|MAE|SAE,17.598930550560446
2131,36,41,LAE|MAE,12.664860645212991
2132,36,50,MAE|SAE,40.023939258018
2133,36,38,MAE,1.020070796504757
2134,36,39,MAE|SAE,33.11323145261868
2135,36,38,MAE,25.10597399775834
2136,36,38,MAE,49.35116493067148
2137,36,40,MAE,1.8306042173999824
2138,36,38,MAE,11.2161287608358
2139,37,38,LAE|MAE,12.291149340266266
2140,37,38,LAE|MAE,1.1723137803572083
2141,37,40,LAE|MAE|SAE,1.581562093274515
2142,37,38,LAE|MAE,14.074694243110015
2143,37,38,LAE|MAE,1.5126417702066561
2144,37,39,LAE|MAE|SAE,11.075501798949666
2145,37,40,LAE|MAE|SAE,14.652368562384757
2146,37,38,LAE|MAE,1.9887586292548478
2147,37,40,LAE|MAE|SAE,1.428749177652156
2148,37,40,LAE|MAE,12.513073035778415
2149,37,38,LAE|MAE,11.044747677735247
2150,37,38,LAE|MAE,12.575034271255904
2151,37,38,LAE|MAE,2.356808799490401
2152,37,42,LAE|MAE|SAE,1.3547493419370413
2153,37,38,LAE|MAE,1.0637828320207678
2154,37,42,LAE|MAE|SAE,2.450321238367468
2155,37,39,LAE|MAE|SAE,10.350192051833487
2156,37,38,LAE|MAE,1.250000017108953
2157,37,38,LAE|MAE,0.8142896982759135
2158,37,38,LAE|MAE,1.3193307296809034
2159,37,38,LAE|MAE,1.483609838116408
2160,37,38,LAE|MAE,2.1132431342427567
2161,37,39,LAE|MAE|SAE,12.225476847365002
2162,37,42,LAE|MAE,1.8153451747769613
2163,37,69,LAE|MAE|SAE,13.969538465427712
2164,37,41,LAE|MAE,1.3311652728923231
2165,37,38,LAE|MAE,1.1528005099873035
2166,35,43,SAE,31.59843285544491
2167,35,39,SAE,15.389790483560974
2168,35,39,SAE,12.294031993532107
2169,35,43,SAE,55.623944035374564
2170,35,47,SAE,32.07082345099879
2171,35,39,SAE,13.582561248508053
2172,36,39,MAE|SAE,1.9903929222398808
2173,36,44,MAE|SAE,16.07771757699507
2174,36,66,LAE|MAE|SAE,14.406454265058473
2175,38,39,MAE|SAE,1.7731270642815744
2176,38,41,LAE|MAE|SAE,9.406986475989392
2177,38,92,LAE|MAE|SAE,33.51066539144213
2178,38,45,LAE|MAE|SAE,15.284509282839066
2179,38,40,MAE|SAE,13.937213057938981
2180,38,39,MAE|SAE,14.275843073893663
2181,38,39,MAE|SAE,1.2135472486325436
2182,38,39,MAE|SAE,1.6778804479240683
2183,38,39,MAE|SAE,16.180736881669635
2184,38,39,MAE|SAE,1.860533529583261
2185,38,39,MAE|SAE,6.679088968094571
2186,38,41,LAE|MAE|SAE,12.428513369327604
2187,38,51,LAE|MAE|SAE,6.716727803715362
2188,38,39,MAE|SAE,13.856220940530172
2189,38,39,MAE|SAE,11.078245729206953
2190,38,42,LAE|MAE|SAE,1.8838363077864164
2191,38,39,MAE|SAE,1.4389484268562365
2192,38,39,MAE|SAE,12.78180668465398
2193,38,39,MAE|SAE,12.649317008694258
2194,36,49,LAE|MAE,12.134546185287459
2195,36,46,LAE|MAE,13.676689071339739
2196,37,40,LAE|MAE,11.334577851066062
2197,37,40,LAE|MAE,6.786586281846166
2198,37,40,LAE|MAE,5.6842335740109675
2199,37,77,LAE|MAE|SAE,12.534415698176376
2200,38,41,LAE|MAE,1.1623459290529612
2201,38,42,LAE|MAE,1.8222768058723047
2202,38,40,MAE,13.716693878242985
2203,38,41,LAE|MAE,1.2258822761055386
2204,38,41,LAE|MAE,12.804401793338226
2205,38,42,MAE,2.063428796799273
2206,38,42,LAE|MAE,1.4430355915946074
2207,38,42,LAE|MAE,1.3120447397385533
2208,38,40,MAE,7.641251088670789
2209,38,42,LAE|MAE,1.277480708713934
2210,38,40,MAE,1.0702505578811554
2211,38,40,MAE,3.2917011424820974
2212,38,40,MAE,13.676065333192378
2213,38,44,LAE|MAE,15.752504605837373
2214,39,44,MAE|SAE,14.388882923604113
2215,39,40,MAE|SAE,1.4292142089505866
2216,39,42,MAE|SAE,13.301440511114901
2217,39,40,MAE|SAE,23.192400964583992
2218,39,54,LAE|MAE|SAE,10.635533381828777
2219,39,40,MAE|SAE,12.576914008918553
2220,39,40,MAE|SAE,1.0200516779693607
2221,39,40,MAE|SAE,13.197675234248768
2222,39,40,MAE|SAE,14.320223346774162
2223,39,40,MAE|SAE,13.968212746465914
2224,39,50,LAE|MAE|SAE,13.397597103446781
2225,39,40,MAE|SAE,19.496924042956522
2226,39,41,LAE|MAE|SAE,0.894861232935092
2227,39,40,MAE|SAE,1.4286159084420296
2228,39,43,LAE|MAE|SAE,1.3884317647898152
2229,37,41,LAE,1.6961106583083692
2230,37,41,LAE,28.544105139374675
2231,37,49,LAE|MAE,11.60968409369505
2232,37,41,LAE,3.017550661772465
2233,38,41,LAE|MAE,1.9192186334244932
2234,38,42,LAE|MAE,47.69537020294184
2235,38,41,LAE|MAE,2.165185386773741
2236,38,52,LAE|MAE,26.115174901708645
2237,38,41,LAE|MAE,22.253004782445586
2238,38,41,LAE|MAE,28.199152517083377
2239,40,41,LAE|MAE,1.1684652328132712
2240,40,43,LAE|MAE|SAE,1.4882036599243338
2241,40,41,LAE|MAE,0.972112372067149
2242,40,46,LAE|MAE|SAE,14.340896740825098
2243,40,41,LAE|MAE,1.1887066874851675
2244,40,41,LAE|MAE,0.9382512423600202
2245,40,44,LAE|MAE,1.7328915127693434
2246,40,41,LAE|MAE,0.7747954454869052
2247,40,41,LAE|MAE,3.2786992879563726
2248,40,41,LAE|MAE,14.453699627866165
2249,40,42,LAE|MAE,1.1464495803132055
2250,40,42,LAE|MAE,1.0351821656644034
2251,40,42,LAE|MAE,1.0164741582626566
2252,40,45,LAE|MAE,1.5466317581085054
2253,40,41,LAE|MAE,1.954159071155701
2254,40,41,LAE|MAE,0.9322098539766178
2255,40,41,LAE|MAE,1.0065397554912852
2256,40,41,LAE|MAE,0.814942753078038
2257,40,41,LAE|MAE,15.21571686858262
2258,40,41,LAE|MAE,0.7531985813747999
2259,40,41,LAE|MAE,0.8602827920765876
2260,40,43,LAE|MAE|SAE,12.173158716206038
2261,40,45,LAE|MAE|SAE,1.7827698836780108
2262,40,42,LAE|MAE,0.9993413551573089
2263,40,46,LAE|MAE|SAE,1.8459561152996982
2264,40,41,LAE|MAE,1.2006000557181622
2265,40,41,LAE|MAE,0.8400616835434634
2266,40,41,LAE|MAE,1.1131725262562655
2267,40,41,LAE|MAE,16.343487275028846
2268,40,74,LAE|MAE|SAE,11.810749039833606
2269,40,42,LAE|MAE,1.1572431293793164
2270,40,41,LAE|MAE,1.99631549317332
2271,40,41,LAE|MAE,9.874463555374648
2272,40,43,LAE|MAE|SAE,2.0463210922607504
2273,40,41,LAE|MAE,0.9771850250612901
2274,40,41,LAE|MAE,14.213166753647377
2275,40,41,LAE|MAE,2.5587562798289203
2276,40,41,LAE|MAE,0.8427493489862817
2277,40,42,LAE|MAE,1.5886199508378371
2278,40,41,LAE|MAE,0.7412045401516338
2279,40,41,LAE|MAE,1.900586453409261
2280,40,41,LAE|MAE,0.9364159718417802
2281,40,41,LAE|MAE,0.920330508269166
2282,40,41,LAE|MAE,1.0010378610416033
2283,38,44,MAE,31.402658609421543
2284,38,42,MAE,54.97546437627258
2285,39,46,MAE|SAE,12.96383378584609
2286,39,42,MAE|SAE,10.63587483782984
2287,39,54,LAE|MAE|SAE,55.343306716339754
2288,39,51,MAE|SAE,14.123183075252442
2289,39,42,MAE|SAE,1.824141168918288
2290,39,42,MAE|SAE,1.3828847225730843
2291,40,42,MAE,1.1770093152284105
2292,40,57,LAE|MAE|SAE,10.94564879985913
2293,40,46,LAE|MAE|SAE,15.919757088080996
2294,40,43,MAE|SAE,2.0528958465763076
2295,40,42,MAE,1.095075360038637
2296,40,44,MAE|SAE,1.9038317277206702
2297,40,42,MAE,0.8761006600561688
2298,40,42,MAE,26.13631557363163
2299,40,42,MAE,1.104435283189835
2300,40,48,MAE,8.867018765490641
2301,40,42,MAE,1.1648475453168492
2302,40,73,LAE|MAE|SAE,12.279179430353723
2303,40,42,MAE,1.1134077601522256
2304,40,42,MAE,12.465766414027094
2305,40,42,MAE,25.431591486372977
2306,40,42,MAE,12.609109448726572
2307,41,43,LAE|MAE|SAE,6.790906932856359
2308,41,42,LAE|MAE,1.1041032009391296
2309,41,43,LAE|MAE|SAE,1.7348975268259987
2310,41,42,LAE|MAE,1.6065304854817686
2311,41,42,LAE|MAE,7.30905005386213
2312,41,48,LAE|MAE|SAE,14.123075591036836
2313,41,42,LAE|MAE,1.4545570585641339
2314,41,43,LAE|MAE|SAE,27.22224165826618
2315,41,42,LAE|MAE,5.732697791167478
2316,41,49,LAE|MAE|SAE,15.956380020825804
2317,41,44,LAE|MAE|SAE,1.713477233437171
2318,41,44,LAE|MAE,1.4199342536925414
2319,41,42,LAE|MAE,0.849600749278778
2320,41,42,LAE|MAE,0.8271583689225659
2321,41,42,LAE|MAE,0.9750190534212837
2322,41,42,LAE|MAE,1.3604636545967133
2323,41,42,LAE|MAE,15.340138177214317
2324,41,46,LAE|MAE,16.960629076513136
2325,41,44,LAE|MAE|SAE,1.071155350017664
2326,39,43,SAE,45.43195950931911
2327,39,43,SAE,13.929809040841747
2328,39,43,SAE,33.4750679013953
2329,39,51,SAE,32.64447723388677
2330,39,44,MAE|SAE,15.850438405390294
2331,39,43,SAE,13.510870661598041
2332,39,43,SAE,10.025627505205447
2333,39,43,SAE,29.13088446833178
2334,39,43,SAE,14.889989404931788
2335,39,43,SAE,10.125057543339935
2336,39,51,SAE,24.185586743892745
2337,39,47,SAE,42.405564139086664
2338,39,43,SAE,12.246051305590347
2339,40,53,LAE|MAE|SAE,12.242578151221569
2340,40,44,MAE|SAE,10.981309906412841
2341,40,44,MAE|SAE,47.883763061292925
2342,40,43,MAE|SAE,1.6215130849037285
2343,42,44,MAE|SAE,1.555549640138428
2344,42,43,MAE|SAE,6.504305206122865
2345,42,43,MAE|SAE,11.353137894861403
2346,42,44,MAE|SAE,1.2436880789511937
2347,42,49,LAE|MAE|SAE,3.675644198998089
2348,42,45,LAE|MAE|SAE,1.5473535529986693
2349,42,51,LAE|MAE|SAE,20.761679040048662
2350,42,44,MAE|SAE,1.5973149270440714
2351,42,44,MAE|SAE,0.9383279388563387
2352,42,49,LAE|MAE|SAE,4.982484768257567
2353,42,43,MAE|SAE,12.644177235016345
2354,42,44,MAE|SAE,1.0521519128440524
2355,42,43,MAE|SAE,1.7075398103525146
2356,42,43,MAE|SAE,24.13013690870262
2357,42,43,MAE|SAE,9.951700802159618
2358,42,43,MAE|SAE,13.245906934174718
2359,42,43,MAE|SAE,10.596788077061326
2360,42,44,MAE|SAE,0.9996663664710282
2361,40,44,MAE,2.0339105085109837
2362,40,45,LAE|MAE,1.9469431958717591
2363,40,44,MAE,12.755924181870286
2364,40,44,MAE,15.06224754742311
2365,41,52,LAE|MAE,13.594436065991184
2366,41,54,LAE|MAE|SAE,11.109819590750796
2367,41,47,LAE|MAE|SAE,8.93414553125374
2368,41,44,LAE|MAE,8.747136858826467
2369,41,64,LAE|MAE|SAE,14.56088630477116
2370,42,44,MAE,1.1596877794170166
2371,42,50,LAE|MAE|SAE,5.465726723831554
2372,42,44,MAE,10.785194610001188
2373,42,44,MAE,22.757685126498885
2374,42,45,LAE|MAE,1.79080413696143
2375,42,48,MAE,15.440616698236843
2376,42,44,MAE,20.75109187562596
2377,42,45,LAE|MAE,32.51999982422167
2378,42,45,LAE|MAE,1.6734423206907363
2379,43,44,MAE|SAE,11.549570503608257
2380,43,60,LAE|MAE|SAE,13.469470430341307
2381,43,46,LAE|MAE|SAE,1.457140678847715
2382,43,44,MAE|SAE,1.3745969574121057
2383,43,44,MAE|SAE,0.7748983327566085
2384,43,45,LAE|MAE|SAE,1.4822384306881842
2385,43,45,LAE|MAE|SAE,1.1136102149977918
2386,43,44,MAE|SAE,8.90211765246105
2387,43,45,LAE|MAE|SAE,15.275667660947844
2388,43,44,MAE|SAE,1.0698133247598487
2389,43,44,MAE|SAE,1.4347263368651888
2390,43,48,LAE|MAE|SAE,12.612171550216384
2391,43,44,MAE|SAE,3.642693089658554
2392,43,44,MAE|SAE,12.569645370244631
2393,43,45,LAE|MAE|SAE,1.4543865561988254
2394,43,44,MAE|SAE,9.107864240298245
2395,43,44,MAE|SAE,0.9498832108837346
2396,43,44,MAE|SAE,11.801861159769302
2397,43,49,LAE|MAE|SAE,12.944151765954606
2398,41,45,LAE,16.869484253483506
2399,42,45,LAE|MAE,1.6512492083941603
2400,42,45,LAE|MAE,1.2674782284661654
2401,42,50,LAE|MAE,12.281656018944982
2402,42,46,LAE|MAE,12.396872908384474
2403,44,46,LAE|MAE,13.209978332880157
2404,44,45,LAE|MAE,0.935037748106262
2405,44,45,LAE|MAE,13.57271545769149
2406,44,45,LAE|MAE,11.476340772514636
2407,44,49,LAE|MAE|SAE,12.917293809525695
2408,44,45,LAE|MAE,1.4009300071324562
2409,44,45,LAE|MAE,10.134571727205174
2410,44,45,LAE|MAE,1.055021202917203
2411,44,45,LAE|MAE,1.3677427317447783
2412,44,45,LAE|MAE,2.340560866037502
2413,44,50,LAE|MAE,12.189944584258598
2414,44,45,LAE|MAE,1.1130684984933386
2415,44,45,LAE|MAE,1.1571661094268855
2416,44,47,LAE|MAE|SAE,12.655992559339026
2417,44,50,LAE|MAE|SAE,11.423654732274834
2418,44,45,LAE|MAE,1.3324980527531638
2419,44,45,LAE|MAE,11.821001376900684
2420,44,45,LAE|MAE,9.497951095082101
2421,44,45,LAE|MAE,0.9672593972582054
2422,44,45,LAE|MAE,12.286972116222705
2423,44,45,LAE|MAE,0.8483680776660109
2424,44,45,LAE|MAE,30.256742209049754
2425,44,47,LAE|MAE|SAE,1.3348821093427077
2426,44,45,LAE|MAE,1.0491977221863786
2427,44,45,LAE|MAE,0.9501489651171557
2428,44,45,LAE|MAE,14.888322429082994
2429,44,45,LAE|MAE,0.8580963716766803
2430,44,46,LAE|MAE,10.634383342939962
2431,44,45,LAE|MAE,1.105602103330043
2432,44,48,LAE|MAE,1.5587865458204375
2433,44,60,LAE|MAE|SAE,10.66783854102719
2434,44,47,LAE|MAE|SAE,11.552231939832975
2435,44,45,LAE|MAE,1.5767447032564046
2436,44,45,LAE|MAE,1.3001286444677942
2437,42,52,MAE|SAE,7.971699301004953
2438,42,46,MAE,28.37052763387412
2439,42,46,MAE,29.690330030099968
2440,42,46,MAE,12.248167438029423
2441,42,46,MAE,14.364741285711647
2442,42,48,MAE,23.103511400484255
2443,43,54,MAE|SAE,14.752184571981392
2444,43,49,LAE|MAE|SAE,14.324637896166928
2445,43,46,MAE|SAE,13.91158782744465
2446,43,46,MAE|SAE,1.5322973591354063
2447,43,47,MAE|SAE,14.979927572509125
2448,43,47,MAE|SAE,2.445121147919448
2449,43,46,MAE|SAE,13.016512049536562
2450,44,49,LAE|MAE|SAE,15.40362523132252
2451,44,50,MAE,53.83996312337063
2452,44,57,LAE|MAE|SAE,10.576530025309083
2453,44,48,MAE,11.76019832911341
2454,44,46,MAE,1.1791460735820927
2455,44,46,MAE,12.900387837982189
2456,44,48,MAE,13.96670192904836
2457,45,46,LAE|MAE,1.1338644742750925
2458,45,46,LAE|MAE,1.3002604991721274
2459,45,49,LAE|MAE|SAE,6.1511737944407345
2460,45,49,LAE|MAE,1.968255157554353
2461,45,56,LAE|MAE|SAE,13.889096517754481
2462,45,46,LAE|MAE,13.35277045447566
2463,45,46,LAE|MAE,12.017032187569692
2464,45,49,LAE|MAE,11.716995521145675
2465,45,49,LAE|MAE,1.9545406944035204
2466,43,47,SAE,14.213378580334037
2467,43,47,SAE,53.26385664197516
2468,43,47,SAE,32.20475596509457
2469,43,47,SAE,10.235195554363676
2470,43,47,SAE,43.87136188378726
2471,43,47,SAE,12.091097105390933
2472,43,47,SAE,13.671884434001575
2473,43,47,SAE,30.894151155085105
2474,43,47,SAE,9.493598805885762
2475,43,47,SAE,26.739277011746296
2476,43,47,SAE,19.916873607563662
2477,44,47,MAE|SAE,4.918021992875563
2478,46,50,MAE|SAE,11.021365708092617
2479,46,50,LAE|MAE|SAE,15.23812548079641
2480,46,53,LAE|MAE|SAE,13.82520793357623
2481,46,48,MAE|SAE,1.1911589128596007
2482,46,50,MAE|SAE,4.546655471077249
2483,46,53,LAE|MAE|SAE,11.7903456074828
2484,46,48,MAE|SAE,11.904702869669379
2485,46,50,MAE|SAE,1.7827921957414983
2486,46,47,MAE|SAE,16.946276789337272
2487,46,48,MAE|SAE,2.172930353948881
2488,46,47,MAE|SAE,0.9441859588356066
2489,46,47,MAE|SAE,1.1549539721305766
2490,46,47,MAE|SAE,0.823517495226334
2491,46,57,LAE|MAE|SAE,11.162227635336057
2492,46,54,LAE|MAE|SAE,14.055514133537475
2493,46,53,LAE|MAE|SAE,4.2952971088370395
2494,46,52,LAE|MAE|SAE,2.0497124935662856
2495,46,47,MAE|SAE,1.5581064686116026
2496,46,47,MAE|SAE,46.573918690790705
2497,44,48,MAE,10.35390198451813
2498,44,48,MAE,12.223675067788104
2499,44,48,MAE,9.508946135344754
2500,44,50,MAE,15.694089152886852
2501,45,52,LAE|MAE,24.622661605845618
2502,45,56,LAE|MAE,12.835759503645166
2503,45,50,LAE|MAE,13.4125663254158
2504,45,48,LAE|MAE,12.01559702405792
2505,45,48,LAE|MAE,18.069841737066056
2506,45,48,LAE|MAE,2.136002812708295
2507,45,50,LAE|MAE,13.294384089940358
2508,45,57,LAE|MAE|SAE,15.707582228517138
2509,45,48,LAE|MAE,13.17628437586871
2510,46,48,MAE,0.8816564466573739
2511,46,48,MAE,1.175397666034682
2512,46,48,MAE,8.442955608652612
2513,46,48,MAE,1.9652755906462605
2514,46,52,LAE|MAE,2.440265696320036
2515,46,48,MAE,1.8692609947320364
2516,46,48,MAE,7.118940720735338
2517,46,50,LAE|MAE,2.461310077519726
2518,46,64,LAE|MAE|SAE,49.234608069076145
2519,46,49,LAE|MAE,1.6749813851795254
2520,46,48,MAE,1.92508997942824
2521,46,48,MAE,8.372351103530596
2522,46,48,MAE,1.0723954947857421
2523,46,48,MAE,2.5084761765389025
2524,46,52,MAE,9.24729485811859
2525,46,48,MAE,10.853632216166682
2526,47,48,MAE|SAE,10.926913134520372
2527,47,49,LAE|MAE|SAE,0.9867681392442134
2528,47,64,LAE|MAE|SAE,14.958555663666544
2529,47,56,LAE|MAE|SAE,10.941002838956745
2530,47,48,MAE|SAE,12.883403598977738
2531,47,52,LAE|MAE|SAE,1.6222565857009221
2532,47,50,LAE|MAE|SAE,11.64963252880378
2533,47,55,MAE|SAE,11.605643915608907
2534,47,53,LAE|MAE|SAE,15.392623946087783
2535,47,48,MAE|SAE,4.547968408654864
2536,47,55,LAE|MAE|SAE,10.499067127043732
2537,47,48,MAE|SAE,16.29453818875722
2538,45,49,LAE,21.71089742933884
2539,45,57,LAE,32.602699236108414
2540,45,49,LAE,26.21741963931533
2541,45,54,LAE|MAE,12.76928202289102
2542,46,49,LAE|MAE,2.053696266314637
2543,46,49,LAE|MAE,10.558161124043583
2544,46,52,LAE|MAE,3.5652486172200413
2545,46,49,LAE|MAE,24.30838437035946
2546,46,49,LAE|MAE,13.426730706709305
2547,46,49,LAE|MAE,1.1346590027990608
2548,46,49,LAE|MAE,11.879431521286234
2549,46,50,LAE|MAE,29.779330752732207
2550,46,49,LAE|MAE,34.38450236793928
2551,46,50,LAE|MAE,1.8427445452516464
2552,46,49,LAE|MAE,8.033196841766259
2553,46,69,LAE|MAE|SAE,22.63722438227269
2554,48,49,LAE|MAE,2.703517156907031
2555,48,49,LAE|MAE,10.005038043648746
2556,48,49,LAE|MAE,0.776104369230656
2557,48,52,LAE|MAE,1.6099113228449284
2558,48,49,LAE|MAE,0.8441346757093807
2559,48,52,LAE|MAE,11.624300628409912
2560,48,49,LAE|MAE,0.8058662764327572
2561,48,49,LAE|MAE,11.19233476106155
2562,48,52,LAE|MAE,1.811964192585168
2563,48,49,LAE|MAE,11.439225038493191
2564,48,52,LAE|MAE,1.7658161664648881
2565,48,54,LAE|MAE,15.248146800561345
2566,48,49,LAE|MAE,9.29557620436454
2567,48,52,LAE|MAE,2.186377586834242
2568,48,49,LAE|MAE,13.323505356343183
2569,48,49,LAE|MAE,11.329985951897383
2570,48,49,LAE|MAE,0.8621658286376038
2571,48,49,LAE|MAE,11.755477790204843
2572,48,51,LAE|MAE|SAE,7.88119738727933
2573,48,49,LAE|MAE,10.59934308650563
2574,48,49,LAE|MAE,5.313013756676024
2575,48,57,LAE|MAE,45.588690933884344
2576,48,49,LAE|MAE,0.7892395252737591
2577,46,50,MAE,10.718012444275848
2578,46,50,MAE,2.0119748472400456
2579,47,52,MAE|SAE,1.8940686324587994
2580,47,50,MAE|SAE,14.893309684491431
2581,47,52,MAE|SAE,1.7329980096886417
2582,47,50,MAE|SAE,1.6436247232242982
2583,47,50,MAE|SAE,14.3743322103913
2584,47,50,MAE|SAE,12.088858125056301
2585,48,50,MAE,0.919606328264424
2586,48,52,MAE|SAE,13.323206538340093
2587,48,50,MAE,1.084463307327227
2588,48,54,MAE|SAE,10.6709763785425
2589,48,81,LAE|MAE|SAE,11.149037884044635
2590,48,50,MAE,23.917569181721763
2591,48,54,MAE,13.764896004866603
2592,48,50,MAE,1.5275239176699709
2593,48,60,LAE|MAE,31.464717709683477
2594,48,50,MAE,1.6368355970513684
2595,49,54,LAE|MAE,10.497372865356672
2596,49,58,LAE|MAE|SAE,8.733068694220352
2597,49,50,LAE|MAE,0.8139106330514404
2598,49,59,LAE|MAE|SAE,8.129788642483316
2599,49,50,LAE|MAE,1.1673720632014626
2600,49,50,LAE|MAE,8.146938509660435
2601,49,50,LAE|MAE,0.7648384879045289
2602,49,50,LAE|MAE,1.341662191416654
2603,49,50,LAE|MAE,1.4333101420757164
2604,49,54,LAE|MAE|SAE,5.851827812156774
2605,49,53,LAE|MAE,11.173215322210444
2606,49,50,LAE|MAE,14.679931570229856
2607,49,52,LAE|MAE,10.821795666544954
2608,49,52,LAE|MAE,37.0183879373055
2609,49,50,LAE|MAE,18.428666575990583
2610,47,51,SAE,46.8306746110584
2611,47,53,LAE|MAE|SAE,13.537739864709987
2612,47,51,SAE,13.555801684088424
2613,47,67,MAE|SAE,9.370013639205258
2614,47,51,SAE,12.477484485843302
2615,47,51,SAE,10.647550929226208
2616,47,51,SAE,12.051541755121521
2617,47,51,SAE,48.38367555580746
2618,47,51,SAE,19.798499167790663
2619,47,51,SAE,29.062642689008012
2620,47,59,SAE,10.367310731980739
2621,47,51,SAE,17.238029717031168
2622,47,51,SAE,11.430978149260094
2623,47,55,SAE,28.468189730940132
2624,47,51,SAE,11.804183441590494
2625,47,51,SAE,25.75378015274837
2626,47,51,SAE,34.68695877473684
2627,47,51,SAE,24.00686273494504
2628,48,51,MAE|SAE,12.977270522763279
2629,50,51,MAE|SAE,1.575711337233128
2630,50,51,MAE|SAE,12.624247272327027
2631,50,68,LAE|MAE|SAE,7.2947054001574125
2632,50,54,MAE|SAE,6.191846147716473
2633,50,51,MAE|SAE,2.3781227021917295
2634,50,51,MAE|SAE,12.390723205834044
2635,50,51,MAE|SAE,8.821809676987082
2636,50,51,MAE|SAE,1.8437160246731699
2637,48,53,LAE|MAE,11.227361998881848
2638,48,52,MAE,14.146339201354094
2639,48,54,LAE|MAE,3.034655615442557
2640,48,70,LAE|MAE,21.122822402589804
2641,49,52,LAE|MAE,38.968635477489336
2642,49,54,LAE|MAE,6.560725467717416
2643,49,57,LAE|MAE,15.306698017914528
2644,49,54,LAE|MAE,17.96706926796108
2645,49,52,LAE|MAE,39.19692337409695
2646,50,53,LAE|MAE,1.8007662956230819
2647,50,52,MAE,26.435574636627898
2648,50,52,MAE,33.69297230012216
2649,50,65,LAE|MAE|SAE,7.735293207956237
2650,50,52,MAE,10.53583410548791
2651,50,68,MAE,48.72081749752619
2652,50,52,MAE,1.4753523979804275
2653,50,52,MAE,31.481986962734066
2654,50,52,MAE,4.2112826623107225
2655,50,52,MAE,13.061062441199445
2656,50,52,MAE,11.26034845154177
2657,50,52,MAE,1.9503375746728326
2658,50,52,MAE,9.956032396399078
2659,50,52,MAE,1.0943744345620372
2660,50,55,LAE|MAE|SAE,8.529876151940911
2661,50,52,MAE,1.2343942592377068
2662,50,52,MAE,32.707437881058816
2663,51,52,MAE|SAE,1.1317279690735642
2664,51,54,LAE|MAE|SAE,11.028519821285967
2665,51,52,MAE|SAE,14.383081164594987
2666,51,56,MAE|SAE,16.43811975739573
2667,51,52,MAE|SAE,1.627480297982198
2668,51,76,LAE|MAE|SAE,8.406974878153997
2669,51,54,MAE|SAE,58.351297403281784
2670,51,52,MAE|SAE,12.587492568017309
2671,51,63,MAE|SAE,11.693360714019107
2672,49,57,LAE|MAE,13.713358048037724
2673,49,89,LAE|MAE|SAE,12.48440263816088
2674,49,54,LAE|MAE,12.776002580575827
2675,49,53,LAE,16.10754838579355
2676,49,53,LAE,11.162746268083236
2677,50,53,LAE|MAE,9.38231070496799
2678,50,53,LAE|MAE,19.005725069504514
2679,50,53,LAE|MAE,11.28813359325627
2680,52,53,LAE|MAE,7.230300416663283
2681,52,54,LAE|MAE,10.787208358037363
2682,52,53,LAE|MAE,9.391962908066626
2683,52,53,LAE|MAE,2.3724082121076293
2684,52,54,LAE|MAE,1.6761807421269628
2685,52,53,LAE|MAE,1.1694247357986056
2686,52,54,LAE|MAE,1.7285424875431097
2687,52,54,LAE|MAE,16.426838907039773
2688,52,53,LAE|MAE,22.545360408221953
2689,52,66,LAE|MAE|SAE,15.416281237217333
2690,52,57,LAE|MAE,14.406701617177358
2691,52,53,LAE|MAE,0.8655100305002001
2692,52,53,LAE|MAE,1.1566339810978843
2693,52,57,LAE|MAE,34.725096678576925
2694,52,53,LAE|MAE,7.378724264905942
2695,52,80,LAE|MAE|SAE,10.017697247438461
2696,52,53,LAE|MAE,1.1264948923193632
2697,52,54,LAE|MAE,1.4093011456490019
2698,50,54,MAE,13.329769088098617
2699,50,54,MAE,11.170665422228247
2700,50,56,MAE,31.18330516454105
2701,51,62,MAE|SAE,6.250525139108938
2702,51,57,LAE|MAE|SAE,3.616655980856875
2703,51,56,MAE|SAE,23.875501535751866
2704,52,54,MAE,31.460553833558528
2705,52,54,MAE,14.838462657696523
2706,52,54,MAE,41.74166199007589
2707,52,55,MAE|SAE,6.253700469342796
2708,53,54,LAE|MAE,1.5377346668764242
2709,53,54,LAE|MAE,3.569063258602348
2710,53,54,LAE|MAE,10.445869379373722
2711,53,55,LAE|MAE|SAE,8.213326103632994
2712,53,58,LAE|MAE,1.7218787634011086
2713,53,55,LAE|MAE|SAE,8.800791979467995
2714,53,54,LAE|MAE,12.822848954236024
2715,53,59,LAE|MAE|SAE,11.06866338008222
2716,53,54,LAE|MAE,1.4799486607177033
2717,53,54,LAE|MAE,1.0137249186163937
2718,53,54,LAE|MAE,56.90340045773783
2719,53,55,LAE|MAE|SAE,1.5900100150502725
2720,53,80,LAE|MAE,10.014651833604704
2721,53,54,LAE|MAE,0.828709310568523
2722,53,55,LAE|MAE|SAE,9.436139343761074
2723,53,54,LAE|MAE,10.101253045476762
2724,53,54,LAE|MAE,0.9168498226511869
2725,53,54,LAE|MAE,1.030293692791163
2726,53,54,LAE|MAE,4.6435762414385495
2727,53,55,LAE|MAE|SAE,2.8522911910393405
2728,53,54,LAE|MAE,1.1693361850061974
2729,53,54,LAE|MAE,9.095039255915244
2730,51,55,SAE,32.171631053345145
2731,51,59,SAE,10.92711253308134
2732,51,55,SAE,25.471253201398657
2733,51,55,SAE,13.135657657419012
2734,51,59,SAE,12.577402701333394
2735,51,55,SAE,34.32765743387664
2736,51,55,SAE,8.05004783891602
2737,51,55,SAE,14.823962700336454
2738,51,55,SAE,23.057887355333456
2739,51,64,MAE|SAE,9.418552160586946
2740,51,55,SAE,11.251034013726
2741,51,55,SAE,58.663366356259196
2742,51,55,SAE,23.3325847376106
2743,51,59,SAE,39.450665641958956
2744,51,55,SAE,10.330176099789131
2745,51,55,SAE,34.722154765725854
2746,51,55,SAE,39.78115481616369
2747,51,55,SAE,56.590278674616506
2748,51,55,SAE,15.743413433550147
2749,52,55,MAE|SAE,2.3826349329341423
2750,52,56,MAE|SAE,10.729748780473246
2751,52,59,MAE|SAE,11.83858404049322
2752,52,55,MAE|SAE,13.738640091891831
2753,54,55,MAE|SAE,3.0907805247981233
2754,54,57,LAE|MAE|SAE,10.00428815057284
2755,54,55,MAE|SAE,8.92976099844835
2756,54,55,MAE|SAE,10.405863686900034
2757,54,56,MAE|SAE,18.36405265691702
2758,54,55,MAE|SAE,9.514124949188059
2759,54,56,MAE|SAE,11.29947603681625
2760,54,55,MAE|SAE,10.915633594056848
2761,54,55,MAE|SAE,2.8081415190808303
2762,54,62,MAE|SAE,11.461077254063092
2763,54,56,MAE|SAE,8.649222592815962
2764,54,55,MAE|SAE,12.749142674436497
2765,54,58,MAE|SAE,9.460619739370536
2766,52,56,MAE,13.401515870876201
2767,52,64,MAE,20.78076144464667
2768,52,58,MAE,45.37420019795288
2769,52,56,MAE,30.980264122942494
2770,52,56,MAE,10.84854030854064
2771,53,57,LAE|MAE,9.786098103499917
2772,53,56,LAE|MAE,11.65126586451178
2773,53,56,LAE|MAE,15.695101108374608
2774,54,56,MAE,10.144198061445252
2775,54,70,MAE|SAE,10.741286632788604
2776,54,58,MAE,33.86243894007747
2777,54,70,LAE|MAE,22.464381740156526
2778,54,56,MAE,16.570605505839946
2779,54,56,MAE,28.30810060078337
2780,54,57,LAE|MAE,9.7165903556532
2781,54,58,MAE,35.928688605909436
2782,54,56,MAE,9.590777696634468
2783,54,62,MAE,21.452241004358573
2784,55,56,MAE|SAE,1.1797681216389828
2785,55,57,LAE|MAE|SAE,1.3870936362679152
2786,55,66,LAE|MAE|SAE,6.033134553371037
2787,55,56,MAE|SAE,9.31844630353605
2788,55,58,MAE|SAE,8.00491429447849
2789,55,56,MAE|SAE,3.2324809958502367
2790,55,56,MAE|SAE,8.321364796115729
2791,55,63,MAE|SAE,11.347190891418476
2792,55,58,MAE|SAE,9.766520887071243
2793,55,57,LAE|MAE|SAE,1.2667712576824777
2794,55,56,MAE|SAE,3.3299470633224577
2795,53,57,LAE,9.964457833887444
2796,53,57,LAE,8.649960625252634
2797,53,57,LAE,3.655665044038566
2798,53,61,LAE,10.169175655179561
2799,53,57,LAE,22.727333566894117
2800,53,57,LAE,9.655121196804659
2801,54,57,LAE|MAE,3.6399109695966603
2802,54,61,LAE|MAE,9.543269413046497
2803,54,57,LAE|MAE,13.266973001825113
2804,54,62,LAE|MAE,12.257342797826812
2805,54,71,LAE|MAE|SAE,12.098057716889016
2806,56,60,LAE|MAE,6.451808376099152
2807,56,57,LAE|MAE,1.2128681610751748
2808,56,59,LAE|MAE|SAE,14.121718269737592
2809,56,58,LAE|MAE,10.701709334609644
2810,56,57,LAE|MAE,1.3588542076759442
2811,56,59,LAE|MAE|SAE,2.987618169910345
2812,56,61,LAE|MAE,6.032733316413277
2813,56,57,LAE|MAE,8.092043946933925
2814,56,69,LAE|MAE,21.57476733470302
2815,56,67,LAE|MAE|SAE,6.27344414704183
2816,56,57,LAE|MAE,4.308720079765968
2817,56,59,LAE|MAE|SAE,13.88402003279953
2818,56,58,LAE|MAE,1.9068523132660287
2819,56,59,LAE|MAE|SAE,14.458574887265332
2820,56,57,LAE|MAE,6.476660364226416
2821,56,61,LAE|MAE,9.580323187307936
2822,56,62,LAE|MAE|SAE,27.28438844467505
2823,56,72,LAE|MAE|SAE,11.96512136806336
2824,54,59,MAE|SAE,1.9920247888770595
2825,54,62,MAE,12.899391827137887
2826,54,58,MAE,6.055438447757512
2827,54,66,LAE|MAE|SAE,7.154497363223196
2828,54,70,MAE,46.196222482834195
2829,54,58,MAE,9.19549181642904
2830,54,58,MAE,38.4288291687898
2831,54,62,LAE|MAE,12.508219363366086
2832,55,58,MAE|SAE,10.783955874017591
2833,55,59,MAE|SAE,6.231990838261329
2834,55,65,LAE|MAE|SAE,15.15794077460207
2835,55,63,MAE|SAE,9.445066275965953
2836,55,58,MAE|SAE,35.668238043786424
2837,56,60,MAE,5.902491546534123
2838,56,69,LAE|MAE,28.551534774864308
2839,56,58,MAE,9.948122043003206
2840,56,58,MAE,2.9912879090105675
2841,56,65,LAE|MAE,28.418160589204756
2842,56,58,MAE,8.98088539620031
2843,56,61,LAE|MAE|SAE,3.551967185189933
2844,56,58,MAE,32.710892132062675
2845,56,58,MAE,2.062731146126274
2846,56,64,LAE|MAE|SAE,9.727595029876806
2847,57,58,LAE|MAE,9.117253358354793
2848,57,58,LAE|MAE,3.101610061448594
2849,57,58,LAE|MAE,2.1706495846865947
2850,57,87,LAE|MAE|SAE,9.354461726440105
2851,57,78,LAE|MAE|SAE,31.820779737073135
2852,57,81,LAE|MAE|SAE,24.959220239695462
2853,57,61,LAE|MAE,10.315504487880165
2854,57,58,LAE|MAE,13.245135704079003
2855,57,58,LAE|MAE,2.9884807073706767
2856,57,58,LAE|MAE,6.064541936834531
2857,57,58,LAE|MAE,1.7386292337702967
2858,57,58,LAE|MAE,1.79208541591374
2859,57,58,LAE|MAE,7.399582223581774
2860,57,58,LAE|MAE,10.250733392389662
2861,57,60,LAE|MAE,3.6777782703092408
2862,57,58,LAE|MAE,11.21406294086707
2863,57,58,LAE|MAE,3.1456392846611814
2864,57,58,LAE|MAE,10.260158698429672
2865,57,58,LAE|MAE,1.0349881093938462
2866,57,58,LAE|MAE,26.808493885899143
2867,55,59,SAE,31.058763896254014
2868,55,59,SAE,12.335968766276636
2869,55,63,LAE|MAE|SAE,13.048538116575813
2870,55,63,SAE,11.873373307646265
2871,55,63,SAE,33.827853082867364
2872,55,63,SAE,45.3130412935056
2873,55,59,SAE,10.155980654034481
2874,55,67,SAE,22.749831722517957
2875,55,63,SAE,11.223641386506538
2876,55,59,SAE,44.79886909694062
2877,55,62,MAE|SAE,6.816426104334831
2878,56,59,MAE|SAE,1.5934436035652626
2879,56,59,MAE|SAE,12.313226853364291
2880,56,62,MAE|SAE,9.22758774791691
2881,56,59,MAE|SAE,2.7090061532439855
2882,58,59,MAE|SAE,3.320312954444022
2883,58,59,MAE|SAE,9.47986131207178
2884,58,62,LAE|MAE|SAE,10.83259171819447
2885,58,59,MAE|SAE,2.122840947200167
2886,58,78,LAE|MAE|SAE,9.521530746765873
2887,58,61,LAE|MAE|SAE,8.827887731149517
2888,58,59,MAE|SAE,18.768879460799173
2889,58,59,MAE|SAE,1.272968341053088
2890,58,68,LAE|MAE|SAE,10.94973738200461
2891,58,59,MAE|SAE,1.6950077968558772
2892,58,59,MAE|SAE,2.7541823937661776
2893,58,59,MAE|SAE,9.437837299663661
2894,58,90,LAE|MAE|SAE,10.60970892806348
2895,56,62,MAE,9.346944731427326
2896,56,62,MAE,10.03966934393208
2897,57,61,LAE|MAE,8.373853068147936
2898,57,68,LAE|MAE,14.855942021405207
2899,57,64,LAE|MAE,5.509816628417962
2900,57,61,LAE|MAE,6.404628496383722
2901,58,60,MAE,8.302936949594091
2902,58,62,MAE,49.15275961654174
2903,58,64,MAE|SAE,14.363912963176462
2904,58,60,MAE,9.870744395263493
2905,58,64,MAE,6.260253331896733
2906,58,62,LAE|MAE,9.950690439769016
2907,59,61,LAE|MAE|SAE,8.935771766070832
2908,59,60,MAE|SAE,1.3076852213667711
2909,59,60,MAE|SAE,4.847604450813814
2910,59,62,MAE|SAE,11.717074481792116
2911,59,60,MAE|SAE,1.0098210112252477
2912,59,60,MAE|SAE,8.50131163816945
2913,59,61,LAE|MAE|SAE,8.809268136375366
2914,57,63,LAE|MAE|SAE,3.5152674194472873
2915,57,73,LAE|MAE,7.60897255287051
2916,57,64,LAE|MAE,26.578093718339886
2917,57,64,LAE|MAE,9.829706126760817
2918,58,61,LAE|MAE,1.2374215781861295
2919,58,61,LAE|MAE,15.56487600007958
2920,58,65,LAE|MAE,9.346655069244195
2921,58,61,LAE|MAE,9.569126644137016
2922,58,65,LAE|MAE,7.920692406109671
2923,60,62,LAE|MAE,13.617103863318091
2924,60,66,LAE|MAE|SAE,15.927346126401016
2925,60,64,LAE|MAE,8.202453750793229
2926,60,61,LAE|MAE,10.366301912030941
2927,60,63,LAE|MAE|SAE,8.998087613543643
2928,60,62,LAE|MAE,3.610276569124676
2929,60,64,LAE|MAE,6.72199507407653
2930,60,62,LAE|MAE,1.035352675987794
2931,60,61,LAE|MAE,1.3886385756696522
2932,60,61,LAE|MAE,9.521320733484432
2933,60,61,LAE|MAE,1.3078128583542192
2934,60,86,LAE|MAE|SAE,12.829919878666702
2935,60,61,LAE|MAE,13.892317743777527
2936,58,63,MAE|SAE,56.818511132949574
2937,58,62,MAE,28.42877491748624
2938,58,66,LAE|MAE,10.488121170044385
2939,58,62,MAE,5.769977867619771
2940,58,62,MAE,15.29616484241252
2941,58,62,MAE,11.597851901626658
2942,59,68,MAE|SAE,8.844189898391528
2943,60,62,MAE,9.761568711450423
2944,60,62,MAE,1.3347192517823578
2945,60,64,MAE|SAE,9.194424417612817
2946,60,62,MAE,19.22456348089534
2947,60,64,MAE,10.018199745949671
2948,60,62,MAE,14.58255187430081
2949,60,68,MAE|SAE,9.323000104668122
2950,60,62,MAE,12.718052582531602
2951,60,63,MAE|SAE,5.946907388049486
2952,61,64,LAE|MAE|SAE,9.809951653759578
2953,61,62,LAE|MAE,1.0827705325654255
2954,61,77,LAE|MAE,9.727099039779985
2955,61,63,LAE|MAE|SAE,7.390357097954029
2956,61,67,LAE|MAE|SAE,10.344964903718102
2957,61,62,LAE|MAE,2.2910273354133603
2958,61,62,LAE|MAE,9.289748606661401
2959,61,62,LAE|MAE,9.440047100431668
2960,59,63,SAE,57.481021274307814
2961,59,63,SAE,8.36905236028863
2962,59,67,SAE,14.65229397928611
2963,59,63,SAE,33.55591869548356
2964,59,63,SAE,9.806028422766255
2965,59,63,SAE,13.620926914220094
2966,59,63,SAE,23.86814793535564
2967,59,71,SAE,12.86871698818433
2968,59,63,SAE,8.636048093938383
2969,59,63,SAE,44.57982900631155
2970,59,63,SAE,37.633108697756725
2971,59,63,SAE,12.33800800903524
2972,59,63,SAE,54.76439934416222
2973,62,63,MAE|SAE,7.832620251242585
2974,62,63,MAE|SAE,8.919873496632999
2975,62,64,MAE|SAE,1.012280028239188
2976,62,81,LAE|MAE|SAE,18.765275025530336
2977,62,63,MAE|SAE,3.9025991973360723
2978,62,63,MAE|SAE,3.8204665879853295
2979,62,74,MAE|SAE,12.145013858395892
2980,62,76,LAE|MAE|SAE,9.119915187656119
2981,62,63,MAE|SAE,12.706809080026131
2982,62,66,LAE|MAE|SAE,11.785039584858495
2983,62,63,MAE|SAE,2.1080873778449893
2984,62,65,LAE|MAE|SAE,3.8833292057088413
2985,62,64,MAE|SAE,8.584676222688724
2986,62,68,MAE|SAE,11.775942131509229
2987,62,64,MAE|SAE,10.637721184989692
2988,62,63,MAE|SAE,3.579062371251277
2989,62,76,MAE|SAE,5.837829791359739
2990,60,64,MAE,17.679830937599263
2991,60,64,MAE,27.930972862598797
2992,60,66,MAE,9.831757912994103
2993,60,66,LAE|MAE,17.042258413436784
2994,60,64,MAE,36.64448262560979
2995,60,64,MAE,17.846807190950983
2996,60,64,MAE,16.581069852334842
2997,60,69,LAE|MAE,22.243464321642296
2998,61,64,LAE|MAE,5.663127213193544
2999,61,66,LAE|MAE,7.978680825986208
3000,61,68,LAE|MAE,10.539688976804515
3001,62,64,MAE,9.444342921591703
3002,62,65,LAE|MAE,6.559068231697653
3003,62,64,MAE,21.460773896922134
3004,62,64,MAE,4.152555744566889
3005,62,66,MAE,8.884087875448806
3006,62,64,MAE,8.048615839907006
3007,63,64,MAE|SAE,6.896373679978338
3008,63,64,MAE|SAE,0.934644304361015
3009,63,66,MAE|SAE,8.530953554111903
3010,63,64,MAE|SAE,4.738832356434088
3011,63,66,LAE|MAE|SAE,11.717541873102135
3012,63,73,LAE|MAE|SAE,11.152402752853718
3013,63,70,MAE|SAE,13.923275713427623
3014,63,69,LAE|MAE|SAE,8.196589207368103
3015,63,69,LAE|MAE|SAE,9.44345086953411
3016,63,69,LAE|MAE|SAE,8.48426326489752
3017,61,70,LAE|MAE|SAE,10.53449350171094
3018,61,65,LAE,52.42223770450717
3019,61,80,LAE|MAE|SAE,7.983409881961716
3020,61,66,LAE|MAE,24.519189857262724
3021,61,65,LAE,25.153707803234475
3022,61,78,LAE|MAE|SAE,10.980887849710305
3023,61,69,LAE|MAE,33.68275264156753
3024,61,65,LAE,13.2867482318763
3025,61,65,LAE,4.626783148333929
3026,62,76,LAE|MAE|SAE,8.285151949115901
3027,62,65,LAE|MAE,6.080674594884174
3028,62,65,LAE|MAE,8.440383828798788
3029,64,65,LAE|MAE,7.763922152992844
3030,64,70,LAE|MAE|SAE,8.094707131880774
3031,64,67,LAE|MAE|SAE,10.924086098407257
3032,64,65,LAE|MAE,9.828033358253691
3033,64,65,LAE|MAE,10.155227131020602
3034,64,92,LAE|MAE|SAE,7.990743497689655
3035,64,65,LAE|MAE,0.7559576597505465
3036,64,65,LAE|MAE,3.7413294525882916
3037,64,69,LAE|MAE|SAE,7.554487233373073
3038,64,68,LAE|MAE|SAE,10.467621674182134
3039,62,66,MAE,6.8316947682518085
3040,62,66,MAE,39.932967382216965
3041,62,68,MAE,10.425462491535542
3042,62,66,MAE,7.2204853568890766
3043,63,71,MAE|SAE,10.642132929035954
3044,63,67,MAE|SAE,5.508032301733182
3045,63,71,MAE|SAE,6.266175819695793
3046,63,77,LAE|MAE|SAE,12.19311647819733
3047,63,70,MAE|SAE,11.529255605651079
3048,64,70,LAE|MAE|SAE,8.72328791410097
3049,64,66,MAE,29.36590148259333
3050,64,66,MAE,30.540860980989986
3051,64,66,MAE,9.164025367656988
3052,64,66,MAE,9.640149987645946
3053,64,66,MAE,25.543183460485064
3054,64,72,MAE,5.134915278700966
3055,64,69,LAE|MAE,3.1048150046108423
3056,64,66,MAE,10.806987302120937
3057,65,66,LAE|MAE,10.71148660320664
3058,65,67,LAE|MAE|SAE,1.0682620076359615
3059,65,66,LAE|MAE,12.823191789632927
3060,65,68,LAE|MAE|SAE,3.8248948065725235
3061,65,66,LAE|MAE,8.340332430945129
3062,65,66,LAE|MAE,1.6016011190750583
3063,65,66,LAE|MAE,9.360206395952368
3064,65,69,LAE|MAE|SAE,2.304591788527789
3065,65,68,LAE|MAE,20.67564315661467
3066,65,67,LAE|MAE|SAE,6.493477880726068
3067,65,69,LAE|MAE|SAE,5.608721897298727
3068,65,73,LAE|MAE,13.279120674754596
3069,65,67,LAE|MAE|SAE,51.1651798446432
3070,65,66,LAE|MAE,1.8756572377405962
3071,65,66,LAE|MAE,8.350034539322795
3072,65,66,LAE|MAE,2.821369409945742
3073,63,71,SAE,10.707786988119402
3074,63,67,SAE,7.205922055848501
3075,63,68,MAE|SAE,12.092859138379634
3076,63,71,SAE,31.468914792462915
3077,63,67,SAE,28.960120162201527
3078,63,67,SAE,8.939428240410255
3079,63,67,SAE,9.030010074062533
3080,63,67,SAE,7.3849331071834134
3081,63,67,SAE,36.469118345576014
3082,63,67,SAE,10.351336678234857
3083,64,71,MAE|SAE,10.280195797139328
3084,66,67,MAE|SAE,0.9704518186713518
3085,66,67,MAE|SAE,2.222519318993846
3086,66,68,MAE|SAE,6.129511257674141
3087,66,67,MAE|SAE,8.482636943117525
3088,66,78,LAE|MAE|SAE,10.041262065232718
3089,66,68,MAE|SAE,5.809068242516504
3090,66,67,MAE|SAE,3.373992475920507
3091,66,67,MAE|SAE,1.857009443269243
3092,66,85,LAE|MAE|SAE,11.77056261688053
3093,66,77,LAE|MAE|SAE,8.17454875101885
3094,66,67,MAE|SAE,2.920551035087538
3095,66,70,MAE|SAE,1.434413700131122
3096,64,68,MAE,18.294200380631363
3097,64,69,LAE|MAE,9.674778330792686
3098,64,68,MAE,11.622917561010034
3099,64,68,MAE,7.750218947404562
3100,64,68,MAE,25.592553212309085
3101,64,69,LAE|MAE,22.667052958704172
3102,64,68,MAE,8.18156396776164
3103,64,68,MAE,8.329297653455773
3104,64,68,MAE,27.52454300166931
3105,64,68,MAE,8.24588978613847
3106,64,68,MAE,17.342782700475
3107,64,68,MAE,10.796264451856361
3108,64,68,MAE,9.70556962138742
3109,65,70,LAE|MAE,23.947039560599492
3110,65,69,LAE|MAE,12.49659048352388
3111,65,69,LAE|MAE,11.12896040729357
3112,65,77,LAE|MAE,12.662183439022323
3113,65,68,LAE|MAE,8.353443574134937
3114,65,68,LAE|MAE,4.958249716887139
3115,66,90,LAE|MAE|SAE,7.359595956687834
3116,66,68,MAE,1.66111287334424
3117,66,68,MAE,2.589048915756736
3118,66,71,LAE|MAE|SAE,10.19260425426378
3119,66,74,MAE,8.694767429614863
3120,66,68,MAE,5.041942520147176
3121,66,68,MAE,34.048392026169545
3122,66,68,MAE,12.504579148219468
3123,66,68,MAE,8.758363483586347
3124,66,68,MAE,7.859017708281982
3125,66,69,LAE|MAE,7.131576921392869
3126,66,68,MAE,8.662880454344586
3127,66,68,MAE,39.410223805263875
3128,66,68,MAE,1.9649404471124263
3129,67,68,MAE|SAE,0.8598380965136935
3130,67,68,MAE|SAE,0.8669053862098836
3131,67,70,MAE|SAE,15.608472337167262
3132,67,72,LAE|MAE|SAE,12.719183415434482
3133,67,68,MAE|SAE,10.404544168668544
3134,67,86,MAE|SAE,8.144974934186195
3135,67,73,LAE|MAE|SAE,8.617932948273728
3136,65,87,LAE|MAE|SAE,10.02547700537897
3137,65,70,LAE|MAE,2.706845809977296
3138,65,78,LAE|MAE,10.872854108398563
3139,65,73,LAE,9.902644632067078
3140,65,69,LAE,3.7600937506775445
3141,65,69,LAE,21.553748208303336
3142,66,69,LAE|MAE,3.6402408307739225
3143,66,84,LAE|MAE,7.377321717169831
3144,66,70,LAE|MAE,9.339652177233509
3145,66,69,LAE|MAE,3.584766433255911
3146,66,69,LAE|MAE,5.039576592510916
3147,66,73,LAE|MAE,2.1765842569791087
3148,66,70,LAE|MAE,7.930130786052127
3149,66,69,LAE|MAE,10.065449129308867
3150,68,70,LAE|MAE,3.0458303600418613
3151,68,70,LAE|MAE,8.615610943589708
3152,68,69,LAE|MAE,8.88860318584395
3153,68,69,LAE|MAE,7.133731411565526
3154,68,69,LAE|MAE,6.128855791511422
3155,68,69,LAE|MAE,6.794320857347789
3156,68,72,LAE|MAE,3.2166793960975584
3157,68,70,LAE|MAE,41.6341970129858
3158,68,69,LAE|MAE,7.522306526421032
3159,68,69,LAE|MAE,7.620509262595863
3160,68,83,LAE|MAE|SAE,8.280589133574608
3161,68,75,LAE|MAE|SAE,11.88735687792949
3162,68,69,LAE|MAE,7.670661573600021
3163,68,69,LAE|MAE,8.465447345434567
3164,68,69,LAE|MAE,9.660914432793225
3165,66,73,LAE|MAE,4.9914560740118255
3166,66,72,MAE,10.45885854449229
3167,66,70,MAE,8.913514597019274
3168,66,72,MAE,3.1914625944965813
3169,66,72,MAE,10.812303108151319
3170,66,70,MAE,7.373828522044503
3171,66,70,MAE,8.160572687452737
3172,67,70,MAE|SAE,11.241471866291889
3173,67,70,MAE|SAE,3.7923595424003644
3174,67,70,MAE|SAE,1.7583843316532224
3175,67,70,MAE|SAE,4.6894434697682374
3176,68,70,MAE,56.00160142692959
3177,68,74,MAE,27.819597790941113
3178,68,70,MAE,5.464942648862698
3179,68,70,MAE,1.9825516967612224
3180,68,70,MAE,7.720632776915213
3181,68,70,MAE,2.698221107496111
3182,68,70,MAE,34.046499748640066
3183,68,74,MAE,9.974710745748979
3184,68,70,MAE,35.35450254170985
3185,68,70,MAE,24.193269602309183
3186,68,70,MAE,7.181677668089532
3187,68,70,MAE,1.8524710666745057
3188,68,70,MAE,3.721959586812274
3189,68,70,MAE,14.131336474851533
3190,69,70,LAE|MAE,1.5374398948168555
3191,69,73,LAE|MAE,2.387318608072241
3192,69,73,LAE|MAE|SAE,4.179233955396721
3193,69,70,LAE|MAE,11.77157697737836
3194,69,89,LAE|MAE|SAE,11.314063873655204
3195,69,70,LAE|MAE,1.19564051673564
3196,69,70,LAE|MAE,8.10860386585949
3197,69,70,LAE|MAE,2.886449376348888
3198,69,75,LAE|MAE|SAE,7.793782996982353
3199,69,70,LAE|MAE,1.2510775698073573
3200,69,72,LAE|MAE|SAE,9.124337989333624
3201,67,75,SAE,9.148994686422036
3202,67,71,SAE,8.099829048031614
3203,67,71,SAE,9.353765154100964
3204,67,71,SAE,36.22739650405639
3205,67,71,SAE,8.472398306967898
3206,67,71,SAE,7.247634912262591
3207,67,75,SAE,7.8114849068729555
3208,67,71,SAE,11.452680025752786
3209,67,71,SAE,7.915572867453452
3210,67,71,SAE,12.19683116086568
3211,67,71,SAE,9.356171965876653
3212,67,71,SAE,19.62089910792403
3213,67,71,SAE,10.092836933208297
3214,67,71,SAE,19.7765126587356
3215,67,71,SAE,14.49256764086391
3216,67,71,SAE,7.772462751937397
3217,67,71,SAE,12.205832760660286
3218,67,71,SAE,32.87279240019278
3219,67,75,SAE,7.976484688954621
3220,67,71,SAE,6.79950395617008
3221,67,71,SAE,15.847849080234369
3222,68,71,MAE|SAE,4.556078859846052
3223,68,71,MAE|SAE,29.368763279413837
3224,68,71,MAE|SAE,7.605579366408276
3225,70,73,LAE|MAE|SAE,8.630090846303753
3226,70,77,LAE|MAE|SAE,11.47458311831013
3227,70,72,MAE|SAE,3.0129125755894517
3228,70,73,LAE|MAE|SAE,1.787253511242961
3229,70,74,MAE|SAE,2.9419714202714817
3230,70,86,LAE|MAE|SAE,7.486842665478692
3231,68,72,MAE,8.43463509545205
3232,68,72,MAE,12.152535695989474
3233,68,72,MAE,11.641831966906045
3234,68,72,MAE,13.524718192103622
3235,68,77,LAE|MAE,11.713308016976052
3236,69,72,LAE|MAE,2.9785232360790714
3237,69,76,LAE|MAE,9.207923121718371
3238,69,80,LAE|MAE,12.149087446244438
3239,69,86,LAE|MAE|SAE,5.381203180229895
3240,69,72,LAE|MAE,2.006270148706989
3241,69,72,LAE|MAE,1.7790106200168223
3242,69,76,LAE|MAE,8.927338249426498
3243,69,76,LAE|MAE|SAE,9.436140151820636
3244,69,72,LAE|MAE,2.8018058650528013
3245,69,72,LAE|MAE,9.14007856791688
3246,69,93,LAE|MAE|SAE,6.80093278484551
3247,70,72,MAE,2.631875198198027
3248,70,73,LAE|MAE,3.1445221832610963
3249,70,72,MAE,1.3841167406463066
3250,70,72,MAE,7.6167017404717585
3251,70,80,LAE|MAE|SAE,8.305767965805831
3252,70,72,MAE,2.5211319806555785
3253,70,79,LAE|MAE|SAE,8.831947595528634
3254,70,72,MAE,1.0983208576641383
3255,70,72,MAE,14.177898592255508
3256,70,73,LAE|MAE,6.475153058274836
3257,70,83,LAE|MAE|SAE,9.021967658121318
3258,70,76,LAE|MAE|SAE,3.366321946880182
3259,70,72,MAE,2.6293617727654177
3260,71,72,MAE|SAE,2.8020473804023234
3261,71,73,LAE|MAE|SAE,1.1515988329653448
3262,71,72,MAE|SAE,2.83400190130776
3263,71,75,MAE|SAE,7.092736012413251
3264,71,72,MAE|SAE,9.487939558861525
3265,71,77,LAE|MAE|SAE,2.6700658917038513
3266,71,72,MAE|SAE,2.916177267283131
3267,71,76,MAE|SAE,9.2562599778366
3268,71,72,MAE|SAE,0.9235483369419392
3269,71,72,MAE|SAE,7.231904800237105
3270,69,85,LAE|MAE,7.437185621028439
3271,69,77,LAE,6.57814861225316
3272,69,78,LAE|MAE,9.790941401089295
3273,70,73,LAE|MAE,9.432277603394512
3274,70,77,LAE|MAE,3.327727302962565
3275,70,79,LAE|MAE|SAE,5.997511640244987
3276,70,73,LAE|MAE,4.491896534506847
3277,72,86,LAE|MAE|SAE,8.45416114926353
3278,72,76,LAE|MAE,8.721005152400174
3279,72,78,LAE|MAE|SAE,9.337006417937598
3280,72,73,LAE|MAE,2.233679717295304
3281,72,73,LAE|MAE,1.4816533551488615
3282,72,77,LAE|MAE,7.647299705128287
3283,72,73,LAE|MAE,2.539060396975338
3284,72,73,LAE|MAE,1.445483803142911
3285,72,77,LAE|MAE,3.903138631903587
3286,72,76,LAE|MAE,2.6522605140655258
3287,72,73,LAE|MAE,1.8634751701661023
3288,72,78,LAE|MAE|SAE,7.695448849688539
3289,72,75,LAE|MAE|SAE,8.315725863597327
3290,72,73,LAE|MAE,8.54507044906117
3291,72,80,LAE|MAE|SAE,3.447903605702764
3292,72,77,LAE|MAE,6.873739796485263
3293,72,73,LAE|MAE,12.23159823458132
3294,72,73,LAE|MAE,6.1817985197392105
3295,70,74,MAE,8.51617439254017
3296,70,76,MAE,6.499472953853448
3297,70,74,MAE,10.88472885663949
3298,70,74,MAE,6.895874417565433
3299,71,89,LAE|MAE|SAE,7.073490447113246
3300,71,81,LAE|MAE|SAE,7.319427680161542
3301,72,75,MAE|SAE,10.56446649649128
3302,72,74,MAE,40.77562290383507
3303,72,85,LAE|MAE|SAE,8.206651180047656
3304,72,74,MAE,1.6012143806943495
3305,72,74,MAE,9.666878805440783
3306,72,74,MAE,2.7065466262223796
3307,72,74,MAE,13.273915700108269
3308,72,89,LAE|MAE|SAE,7.086911079652179
3309,73,74,LAE|MAE,1.2930328565677458
3310,73,79,LAE|MAE|SAE,9.131006876795993
3311,73,74,LAE|MAE,1.1385490266636291
3312,73,76,LAE|MAE|SAE,1.5884107759593433
3313,73,74,LAE|MAE,0.9314145996199655
3314,73,74,LAE|MAE,1.641494624003602
3315,73,74,LAE|MAE,7.787223862461676
3316,73,76,LAE|MAE,6.571424436738696
3317,73,74,LAE|MAE,0.757078949201257
3318,73,74,LAE|MAE,3.8870111173485067
3319,73,81,LAE|MAE,6.795208809723143
3320,73,77,LAE|MAE,4.267355321044444
3321,73,74,LAE|MAE,2.0715741189561543
3322,71,75,SAE,14.59704847105728
3323,71,75,SAE,10.19615219646026
3324,71,77,LAE|MAE|SAE,13.673452337545351
3325,71,78,LAE|MAE|SAE,8.501709351195858
3326,71,75,SAE,6.6551865192553175
3327,71,79,SAE,8.852188461120166
3328,71,80,MAE|SAE,8.608439750161267
3329,72,75,MAE|SAE,7.297899627217502
3330,72,90,LAE|MAE|SAE,20.380460096366992
3331,72,75,MAE|SAE,8.664702417657281
3332,72,80,MAE|SAE,9.33553669729987
3333,74,75,MAE|SAE,1.535898453474248
3334,74,76,MAE|SAE,4.1705648933127355
3335,74,75,MAE|SAE,7.438080511079544
3336,74,75,MAE|SAE,0.9651475963956642
3337,74,77,LAE|MAE|SAE,1.4758033210860044
3338,72,84,LAE|MAE,7.029418559277364
3339,72,81,LAE|MAE,8.411696905474138
3340,72,76,MAE,3.009495359865255
3341,72,88,LAE|MAE,8.733527646040843
3342,72,77,LAE|MAE,8.023397097636337
3343,73,81,LAE|MAE,6.451665221987783
3344,73,77,LAE|MAE,1.6418479807751416
3345,73,77,LAE|MAE,7.293565926171641
3346,73,77,LAE|MAE,2.9356632412061376
3347,73,81,LAE|MAE,11.468611631037065
3348,73,76,LAE|MAE,8.085266002026444
3349,73,77,LAE|MAE,2.7947332746610005
3350,73,77,LAE|MAE,9.904499284587558
3351,73,77,LAE|MAE,2.4065198671813133
3352,74,77,LAE|MAE,2.8596893618196972
3353,74,76,MAE,8.329013428295202
3354,74,76,MAE,2.3647924075363767
3355,74,76,MAE,7.903093619691684
3356,74,76,MAE,7.043360399216126
3357,74,86,LAE|MAE|SAE,6.6397507983307245
3358,75,78,LAE|MAE|SAE,7.516828812849124
3359,75,76,MAE|SAE,11.422601755465106
3360,75,76,MAE|SAE,4.239276148519031
3361,75,80,MAE|SAE,6.328459000453156
3362,75,80,LAE|MAE|SAE,7.776377137094159
3363,75,86,LAE|MAE|SAE,6.495684118029933
3364,75,87,LAE|MAE|SAE,10.241339346704816
3365,75,79,MAE|SAE,8.103927237251641
3366,75,77,LAE|MAE|SAE,2.1797510742049444
3367,75,76,MAE|SAE,4.228945924052504
3368,75,77,LAE|MAE|SAE,7.312625730595829
3369,75,77,LAE|MAE|SAE,7.994348342820106
3370,75,76,MAE|SAE,1.847179228356761
3371,75,79,MAE|SAE,9.857622591401487
3372,75,77,LAE|MAE|SAE,2.413938720738116
3373,75,78,MAE|SAE,1.4260592718716516
3374,75,76,MAE|SAE,10.144856912666075
3375,75,76,MAE|SAE,7.334861317613209
3376,75,77,LAE|MAE|SAE,2.431175015234612
3377,75,77,LAE|MAE|SAE,9.735917658798508
3378,75,76,MAE|SAE,1.9493205978902375
3379,75,78,LAE|MAE|SAE,2.310496848755564
3380,75,76,MAE|SAE,0.9137597250421742
3381,75,86,LAE|MAE|SAE,7.693837663179258
3382,75,76,MAE|SAE,6.732743899265245
3383,75,82,LAE|MAE|SAE,8.654613006983483
3384,73,84,LAE|MAE,6.6792660163104784
3385,73,86,LAE|MAE,19.46186886776708
3386,73,80,LAE|MAE,6.893302694203239
3387,73,77,LAE,7.122156286924012
3388,73,81,LAE,6.897993687512808
3389,73,77,LAE,2.4470322576468773
3390,73,77,LAE,6.87635298732202
3391,73,77,LAE,7.841949444551543
3392,74,77,LAE|MAE,6.465995901867791
3393,74,78,LAE|MAE,7.3941312302178375
3394,76,85,LAE|MAE|SAE,7.750470621901664
3395,76,77,LAE|MAE,7.894063962525714
3396,76,77,LAE|MAE,30.205031788872883
3397,76,78,LAE|MAE,1.8419054763481246
3398,76,87,LAE|MAE|SAE,6.878231330355904
3399,76,83,LAE|MAE|SAE,12.055882171918306
3400,76,77,LAE|MAE,2.2412393104066104
3401,76,77,LAE|MAE,2.2795741387999766
3402,76,82,LAE|MAE,7.11334062711123
3403,76,77,LAE|MAE,1.8572587059641725
3404,76,77,LAE|MAE,7.8564849148399345
3405,76,78,LAE|MAE,1.9213786368314556
3406,76,77,LAE|MAE,1.3311908768848424
3407,76,78,LAE|MAE,9.461357551977498
3408,76,77,LAE|MAE,0.9376026910270276
3409,76,80,LAE|MAE,6.392212797225486
3410,76,77,LAE|MAE,1.5243798485586546
3411,76,77,LAE|MAE,0.9844023415020853
3412,76,82,LAE|MAE|SAE,6.099642828119572
3413,76,77,LAE|MAE,1.918118633793515
3414,76,78,LAE|MAE,1.9426240458568862
3415,76,77,LAE|MAE,7.691845749334017
3416,76,77,LAE|MAE,1.3376332916094054
3417,76,77,LAE|MAE,1.9504802638843728
3418,76,78,LAE|MAE,8.178955998124849
3419,76,77,LAE|MAE,1.214949102789589
3420,76,77,LAE|MAE,6.178735631064044
3421,76,80,LAE|MAE,6.547688950658361
3422,76,88,LAE|MAE|SAE,9.660382117793832
3423,76,77,LAE|MAE,6.292354976071039
3424,74,84,MAE|SAE,7.01665723498764
3425,74,84,MAE,22.854675805530817
3426,74,78,MAE,6.289144145640282
3427,74,78,MAE,6.44433751862176
3428,74,82,MAE,6.314730532030618
3429,74,78,MAE,6.427148354395549
3430,75,82,MAE|SAE,10.358835652206288
3431,75,78,MAE|SAE,7.895944828407585
3432,75,78,MAE|SAE,10.86660834645861
3433,75,78,MAE|SAE,2.372078316893542
3434,75,86,MAE|SAE,7.484934677643667
3435,75,79,MAE|SAE,8.811160287621627
3436,75,78,MAE|SAE,2.576654239123725
3437,75,78,MAE|SAE,3.1800642117679305
3438,76,78,MAE,1.914056605119271
3439,76,78,MAE,12.419556320450528
3440,76,78,MAE,7.763513385679634
3441,76,78,MAE,1.1915350201753074
3442,76,78,MAE,13.585407644376616
3443,76,82,LAE|MAE|SAE,5.993796327736472
3444,76,88,LAE|MAE,6.056766401125808
3445,76,80,MAE|SAE,7.3920473319624405
3446,76,78,MAE,42.535234737103735
3447,76,78,MAE,6.302622852664556
3448,76,82,MAE,6.100183615181902
3449,76,78,MAE,1.3269612478129822
3450,76,81,LAE|MAE,6.377615557404101
3451,77,78,LAE|MAE,1.8484144497597819
3452,77,79,LAE|MAE|SAE,4.1343698005284715
3453,77,81,LAE|MAE,1.9719107995415837
3454,77,89,LAE|MAE|SAE,8.08550421827724
3455,77,80,LAE|MAE|SAE,6.1231637911095005
3456,77,78,LAE|MAE,3.280673099433666
3457,77,80,LAE|MAE,6.008254357497594
3458,77,78,LAE|MAE,6.313855377567316
3459,77,78,LAE|MAE,1.7813140090310573
3460,77,80,LAE|MAE,6.929133084429508
3461,75,79,SAE,6.035684591340144
3462,75,79,SAE,10.815153617565079
3463,75,79,SAE,6.512492930438837
3464,75,79,SAE,22.93560232016658
3465,75,79,SAE,5.568785367474805
3466,75,79,SAE,4.0756855091501105
3467,76,79,MAE|SAE,24.66718168957651
3468,76,81,LAE|MAE|SAE,2.9231007240239286
3469,78,79,MAE|SAE,1.49686686486975
3470,78,79,MAE|SAE,2.0235553892584437
3471,78,79,MAE|SAE,51.37371166583205
3472,78,79,MAE|SAE,1.5546496004584658
3473,78,87,LAE|MAE|SAE,7.380725131633131
3474,78,83,MAE|SAE,5.619014496316786
3475,78,80,MAE|SAE,1.615634313146873
3476,78,84,MAE|SAE,2.341975596298318
3477,76,80,MAE,2.197554921423827
3478,76,93,LAE|MAE|SAE,7.200844944539466
3479,77,84,LAE|MAE,7.8495907429721825
3480,77,81,LAE|MAE,23.78087654339536
3481,77,80,LAE|MAE,6.605703810500835
3482,77,82,LAE|MAE,7.235586562813584
3483,77,80,LAE|MAE,7.151833258580234
3484,77,80,LAE|MAE,9.570257371484251
3485,77,94,LAE|MAE|SAE,9.8929168192077
3486,77,83,LAE|MAE|SAE,7.83215559298762
3487,78,80,MAE,5.605628942795001
3488,78,86,LAE|MAE,42.81526812016935
3489,78,82,MAE,5.639596731266005
3490,78,80,MAE,5.709349377035667
3491,78,81,LAE|MAE,2.0363151574781035
3492,78,81,LAE|MAE,1.836788610413745
3493,78,90,LAE|MAE|SAE,4.6831990679387205
3494,78,80,MAE,2.1210258286910273
3495,78,82,MAE,6.8473852788440945
3496,78,80,MAE,5.534642692790439
3497,78,80,MAE,5.820455317827006
3498,79,81,LAE|MAE|SAE,1.3368608231587324
3499,79,80,MAE|SAE,1.5231532512221786
3500,79,88,LAE|MAE|SAE,5.538062025566978
3501,79,82,LAE|MAE|SAE,7.3588299906201335
3502,79,80,MAE|SAE,5.589421704922435
3503,79,87,LAE|MAE|SAE,6.947171955010639
3504,79,85,LAE|MAE|SAE,6.636985824227807
3505,79,80,MAE|SAE,1.926417097757124
3506,79,80,MAE|SAE,1.3071333584711275
3507,79,88,LAE|MAE|SAE,7.87880807632705
3508,79,81,LAE|MAE|SAE,1.5107256851417823
3509,79,84,MAE|SAE,5.756327444281297
3510,79,84,MAE|SAE,1.431830339119661
3511,79,80,MAE|SAE,1.306537552993913
3512,79,80,MAE|SAE,1.3359730879099634
3513,79,80,MAE|SAE,5.429801262300463
3514,79,80,MAE|SAE,1.4531339254269275
3515,77,81,LAE,9.492022473639404
3516,77,85,LAE|MAE,8.003466012937334
3517,77,85,LAE,6.375885344107912
3518,77,85,LAE|MAE,6.037365202047321
3519,77,81,LAE,7.629405738172464
3520,78,81,LAE|MAE,7.562374698181179
3521,80,81,LAE|MAE,6.0836739849417505
3522,80,86,LAE|MAE|SAE,6.762718151299616
3523,80,82,LAE|MAE,1.6388612213112361
3524,80,81,LAE|MAE,1.4580453900043695
3525,80,81,LAE|MAE,5.05664578265356
3526,80,83,LAE|MAE|SAE,1.82796193292292
3527,80,81,LAE|MAE,1.2499155494301355
3528,80,81,LAE|MAE,0.9461649889080684
3529,80,82,LAE|MAE,6.62873856105734
3530,80,81,LAE|MAE,1.2934456043883222
3531,80,81,LAE|MAE,1.1278445098394922
3532,80,88,LAE|MAE,52.13446663296677
3533,80,81,LAE|MAE,5.822934463694423
3534,80,81,LAE|MAE,0.8995701194136375
3535,80,81,LAE|MAE,1.7415540252638073
3536,80,87,LAE|MAE|SAE,6.812176690982584
3537,80,81,LAE|MAE,1.879723799145529
3538,80,90,LAE|MAE|SAE,7.644249145829357
3539,80,82,LAE|MAE,1.7845828544017486
3540,80,81,LAE|MAE,1.9106078554616739
3541,80,82,LAE|MAE,1.3236324564255744
3542,80,81,LAE|MAE,1.2817287532292931
3543,80,81,LAE|MAE,1.297477514254034
3544,80,90,LAE|MAE|SAE,5.671011996423305
3545,80,81,LAE|MAE,1.4508651746603234
3546,80,81,LAE|MAE,1.2191539598572316
3547,80,92,LAE|MAE|SAE,8.558112977034602
3548,80,90,LAE|MAE|SAE,7.607112118749066
3549,80,81,LAE|MAE,1.588925634421883
3550,80,81,LAE|MAE,1.0641757709902446
3551,80,81,LAE|MAE,1.4205170812846046
3552,80,81,LAE|MAE,1.104543414204108
3553,80,82,LAE|MAE,1.8710646197113123
3554,80,82,LAE|MAE,5.739139994183447
3555,78,82,MAE,18.440187308794815
3556,78,86,MAE,7.29724733080362
3557,79,82,MAE|SAE,2.094714779130823
3558,79,83,MAE|SAE,7.839222242668909
3559,79,86,MAE|SAE,7.704769040418626
3560,79,114,LAE|MAE|SAE,9.717618343934465
3561,79,86,MAE|SAE,6.56851560721467
3562,80,86,LAE|MAE|SAE,10.652572245533275
3563,80,85,LAE|MAE,6.288013557296216
3564,80,83,MAE|SAE,8.851413648287538
3565,80,82,MAE,1.3896217701325464
3566,80,82,MAE,1.5312001586543713
3567,80,88,MAE,33.395605325354616
3568,80,87,MAE|SAE,6.7532628151875285
3569,80,90,LAE|MAE|SAE,8.172883734478932
3570,80,82,MAE,8.487188217855213
3571,80,86,MAE,7.952532860367957
3572,80,84,MAE,3.956374930871809
3573,80,82,MAE,7.286159202676051
3574,80,82,MAE,1.311439290561163
3575,80,82,MAE,1.2977188362015324
3576,80,84,MAE,1.9194071665712105
3577,80,82,MAE,5.679023821113316
3578,80,82,MAE,6.527842509702165
3579,80,84,MAE,5.405534169676994
3580,80,90,MAE|SAE,15.772608728406725
3581,81,83,LAE|MAE|SAE,1.2959964616534905
3582,81,82,LAE|MAE,1.5663412975305335
3583,81,82,LAE|MAE,7.263569366507732
3584,81,82,LAE|MAE,1.554012096698407
3585,81,82,LAE|MAE,5.300747516100362
3586,81,83,LAE|MAE|SAE,2.228157227468707
3587,81,87,LAE|MAE|SAE,7.712488381074111
3588,81,90,LAE|MAE|SAE,6.9235367165218396
3589,81,84,LAE|MAE,9.35970545961169
3590,81,86,LAE|MAE,7.264513378148676
3591,81,89,LAE|MAE|SAE,6.146210105065984
3592,81,84,LAE|MAE,5.210863668675027
3593,79,83,SAE,5.631978888327716
3594,79,83,SAE,3.917598660912982
3595,79,83,SAE,4.133573919074559
3596,79,83,SAE,6.513916550125653
3597,79,83,SAE,5.395943553439348
3598,79,90,MAE|SAE,8.62171636114878
3599,79,83,SAE,18.924555181457883
3600,79,83,SAE,1.6731639316144904
3601,79,83,SAE,7.647813452295524
3602,79,83,SAE,6.241900823523929
3603,80,92,LAE|MAE|SAE,9.09490977236375
3604,80,94,LAE|MAE|SAE,9.40357765698798
3605,80,83,MAE|SAE,5.715364393653677
3606,80,83,MAE|SAE,50.696981453436976
3607,82,86,MAE|SAE,1.668983826498892
3608,82,83,MAE|SAE,0.8846949375010874
3609,82,83,MAE|SAE,1.467231180230957
3610,82,84,MAE|SAE,1.307405828661966
3611,82,85,LAE|MAE|SAE,1.8316929526664163
3612,82,90,MAE|SAE,8.254253794498505
3613,82,83,MAE|SAE,1.5531880613217504
3614,82,84,MAE|SAE,1.3185010348070019
3615,82,93,LAE|MAE|SAE,6.0084743533916045
3616,82,84,MAE|SAE,1.0166970171766456
3617,82,84,MAE|SAE,2.0370629049362705
3618,82,86,LAE|MAE|SAE,6.3767173818538225
3619,80,84,MAE,3.670480222685828
3620,80,90,MAE|SAE,9.176312364127746
3621,80,90,MAE|SAE,5.164587890778892
3622,80,84,MAE,5.632854498577902
3623,81,84,LAE|MAE,2.5184038551191645
3624,81,84,LAE|MAE,2.5741226956591166
3625,81,88,LAE|MAE,6.368421845550431
3626,81,84,LAE|MAE,6.424503547260164
3627,81,84,LAE|MAE,28.61282932444756
3628,82,84,MAE,8.975662252342556
3629,82,86,LAE|MAE,8.726049917657216
3630,82,84,MAE,5.093676325857098
3631,82,86,MAE,1.7200164625774175
3632,82,84,MAE,1.1141476156543229
3633,82,84,MAE,1.3445205717108903
3634,82,84,MAE,1.3524933505913403
3635,82,84,MAE,4.133742043870059
3636,82,92,LAE|MAE,4.580158119369774
3637,82,88,MAE,4.871882916134995
3638,82,86,MAE,6.92247982214043
3639,82,84,MAE,2.510361651656187
3640,82,84,MAE,1.4680355564422272
3641,82,84,MAE,8.492812471517539
3642,83,86,LAE|MAE|SAE,11.060751349998997
3643,83,84,MAE|SAE,8.284137760383228
3644,83,86,LAE|MAE|SAE,9.138305179552551
3645,83,84,MAE|SAE,1.4226631595876271
3646,83,84,MAE|SAE,1.6064641404544855
3647,83,84,MAE|SAE,1.2982126281724728
3648,83,84,MAE|SAE,8.266982158573148
3649,83,84,MAE|SAE,1.5470128169870159
3650,83,84,MAE|SAE,1.5208356734115227
3651,83,86,LAE|MAE|SAE,6.400580328953837
3652,83,84,MAE|SAE,1.2630510536683301
3653,83,84,MAE|SAE,8.661501405936635
3654,83,84,MAE|SAE,1.1706921790210405
3655,83,84,MAE|SAE,1.4281636118773589
3656,83,85,LAE|MAE|SAE,5.274326096014595
3657,83,90,LAE|MAE|SAE,4.850312929300374
3658,81,87,LAE|MAE|SAE,7.322076824773551
3659,82,85,LAE|MAE,19.471062334165726
3660,82,85,LAE|MAE,5.684019947016078
3661,84,85,LAE|MAE,1.3624416076672508
3662,84,86,LAE|MAE,8.860795888866766
3663,84,85,LAE|MAE,3.219150741363
3664,84,90,LAE|MAE|SAE,7.5748826882359515
3665,84,93,LAE|MAE|SAE,4.3041035541628245
3666,84,85,LAE|MAE,13.08675534443561
3667,84,86,LAE|MAE,2.049311538212197
3668,84,85,LAE|MAE,0.990995344895814
3669,84,89,LAE|MAE|SAE,5.06053199380501
3670,84,86,LAE|MAE,1.8525340020953025
3671,84,85,LAE|MAE,1.5396339173017155
3672,82,87,MAE|SAE,4.901230699378458
3673,82,89,LAE|MAE,5.0531018441099285
3674,83,86,MAE|SAE,38.124738027696374
3675,83,88,MAE|SAE,3.7540147789547986
3676,83,86,MAE|SAE,7.244353770901314
3677,83,86,MAE|SAE,4.692653411548252
3678,83,86,MAE|SAE,4.977716230903624
3679,83,86,MAE|SAE,8.482987607044707
3680,84,89,LAE|MAE|SAE,5.45074395160099
3681,84,86,MAE,38.24465046354869
3682,84,86,MAE,25.195741665428677
3683,84,86,MAE,7.268445298340397
3684,84,88,MAE,40.99154113657114
3685,84,107,LAE|MAE|SAE,5.676698183215059
3686,84,90,MAE|SAE,9.18874509220416
3687,84,90,LAE|MAE|SAE,11.14026576470157
3688,84,86,MAE,5.433308003290175
3689,84,86,MAE,4.41910755339147
3690,84,86,MAE,29.191290494456602
3691,84,89,LAE|MAE,5.484080905505933
3692,84,86,MAE,4.513409806193401
3693,85,86,LAE|MAE,6.02427649447261
3694,85,88,LAE|MAE,3.553230938157932
3695,85,86,LAE|MAE,1.0692037224000384
3696,85,86,LAE|MAE,6.811583319242099
3697,85,86,LAE|MAE,3.6617479393099215
3698,85,87,LAE|MAE|SAE,6.198557360002638
3699,85,86,LAE|MAE,8.051144861137406
3700,85,92,LAE|MAE|SAE,7.5126664103157585
3701,85,86,LAE|MAE,3.4705483915184847
3702,85,86,LAE|MAE,0.9882218385725248
3703,85,86,LAE|MAE,1.0906722477203086
3704,85,86,LAE|MAE,18.96536828314634
3705,85,86,LAE|MAE,1.4960289705809562
3706,85,86,LAE|MAE,5.611889506853011
3707,85,86,LAE|MAE,7.384856757168935
3708,85,88,LAE|MAE,7.133839269956253
3709,85,90,LAE|MAE|SAE,4.666154744243806
3710,85,95,LAE|MAE|SAE,7.865757843572983
3711,85,100,LAE|MAE|SAE,4.350178017064635
3712,85,88,LAE|MAE,7.14075918573237
3713,85,86,LAE|MAE,1.0940584407875125
3714,85,86,LAE|MAE,1.1367723314743419
3715,85,86,LAE|MAE,1.0033833101522238
3716,85,90,LAE|MAE|SAE,8.938805053611704
3717,85,90,LAE|MAE|SAE,7.331128644693339
3718,85,90,LAE|MAE|SAE,6.619045261534495
3719,85,86,LAE|MAE,1.7666423135706937
3720,85,86,LAE|MAE,9.009081197738375
3721,85,86,LAE|MAE,1.2181300963283173
3722,85,87,LAE|MAE|SAE,7.623599567812659
3723,85,86,LAE|MAE,0.9636801984621948
3724,85,89,LAE|MAE,4.822008828261068
3725,83,87,SAE,3.228612696078117
3726,83,87,SAE,32.92270591102238
3727,83,91,SAE,6.828806712780345
3728,83,87,SAE,3.787779431915883
3729,83,91,SAE,7.108855554993126
3730,83,91,SAE,5.381034996645159
3731,83,87,SAE,6.936389576403735
3732,83,87,SAE,7.582809236733719
3733,83,87,SAE,4.364507270468991
3734,84,87,MAE|SAE,8.061579481536643
3735,86,88,MAE|SAE,3.1551149759236528
3736,86,87,MAE|SAE,1.7953994044944575
3737,86,92,LAE|MAE|SAE,5.91488173796876
3738,86,94,LAE|MAE|SAE,6.9822667673989
3739,86,87,MAE|SAE,4.59079181708296
3740,86,90,MAE|SAE,21.88086117719447
3741,86,90,MAE|SAE,7.888606921814711
3742,86,89,LAE|MAE|SAE,6.725077814455273
3743,86,87,MAE|SAE,1.2590535082960546
3744,86,90,LAE|MAE|SAE,6.738346081535992
3745,86,88,MAE|SAE,7.638167437253398
3746,84,88,MAE,4.627096610844532
3747,84,88,MAE,5.009869669006787
3748,84,90,MAE|SAE,4.728820838512825
3749,85,88,LAE|MAE,7.935747929052799
3750,86,89,LAE|MAE,2.2882489451075854
3751,86,88,MAE,34.74488652536745
3752,86,90,MAE|SAE,2.8731794818215635
3753,86,92,LAE|MAE,2.2516894813214603
3754,86,90,MAE|SAE,4.278989295415998
3755,86,88,MAE,2.0725919672774356
3756,86,90,MAE|SAE,5.243164238878325
3757,86,88,MAE,2.8578591926253596
3758,86,88,MAE,2.6409234508937955
3759,86,90,MAE|SAE,7.115720127866079
3760,86,89,LAE|MAE,7.196259634986814
3761,86,89,LAE|MAE,11.342506757019333
3762,86,88,MAE,1.8233661388140392
3763,86,90,MAE|SAE,3.236903582284084
3764,86,88,MAE,6.661388115907511
3765,86,90,MAE|SAE,4.391199513824513
3766,87,88,MAE|SAE,6.6655805893775835
3767,87,90,LAE|MAE|SAE,4.1872292522151495
3768,87,94,LAE|MAE|SAE,4.329401900268294
3769,87,93,LAE|MAE|SAE,4.133848861790217
3770,87,89,LAE|MAE|SAE,2.5591564926914
3771,87,89,LAE|MAE|SAE,1.6754355409549444
3772,87,90,LAE|MAE|SAE,2.182494109458758
3773,85,89,LAE,6.7539142015886995
3774,85,89,LAE,4.414499655872881
3775,85,89,LAE,40.53549737301483
3776,85,89,LAE,7.3215351950987335
3777,85,89,LAE,7.017337763026463
3778,86,89,LAE|MAE,3.551014293000615
3779,86,89,LAE|MAE,6.425290141026087
3780,86,89,LAE|MAE,8.166097592151521
3781,86,92,LAE|MAE,14.560341773462461
3782,86,89,LAE|MAE,8.388487365690317
3783,86,90,LAE|MAE|SAE,7.030672791735987
3784,86,89,LAE|MAE,4.6546462576930345
3785,86,89,LAE|MAE,5.439696710167241
3786,86,90,LAE|MAE|SAE,8.357798584226623
3787,86,90,LAE|MAE|SAE,20.909539806454454
3788,88,93,LAE|MAE|SAE,3.6886807885365087
3789,88,89,LAE|MAE,4.108575140820282
3790,88,89,LAE|MAE,4.055990128493997
3791,88,90,LAE|MAE|SAE,3.6152303239830905
3792,88,89,LAE|MAE,2.573882021453056
3793,88,93,LAE|MAE,10.625247756331841
3794,88,89,LAE|MAE,2.47268698160542
3795,88,90,LAE|MAE|SAE,4.26061520713236
3796,88,89,LAE|MAE,1.2915747885425177
3797,88,89,LAE|MAE,1.2111252933319259
3798,88,90,LAE|MAE|SAE,4.003205122121522
3799,88,93,LAE|MAE,4.229321818616268
3800,88,89,LAE|MAE,6.147290320024558
3801,88,93,LAE|MAE|SAE,7.469400863805287
3802,88,93,LAE|MAE|SAE,3.8674005588177143
3803,88,89,LAE|MAE,4.919957647543562
3804,88,89,LAE|MAE,3.2522490176461316
3805,88,89,LAE|MAE,3.573547274825751
3806,88,89,LAE|MAE,1.468932364813568
3807,88,90,LAE|MAE|SAE,7.709118128873499
3808,88,89,LAE|MAE,7.879237161247488
3809,88,89,LAE|MAE,1.1232410399351869
3810,88,90,LAE|MAE|SAE,6.848045580308532
3811,88,90,LAE|MAE|SAE,10.643924212942496
3812,88,90,LAE|MAE|SAE,4.78980351143296
3813,88,89,LAE|MAE,18.32378418687079
3814,86,96,LAE|MAE|SAE,4.368400608677919
3815,86,90,MAE|SAE,4.454066086143269
3816,86,90,MAE|SAE,4.767576833523759
3817,86,90,MAE|SAE,1.9838403491947518
3818,87,91,SAE,4.389521700984524
3819,87,90,SAE,5.96659574860279
3820,88,90,MAE|SAE,42.41497646097912
3821,88,90,MAE|SAE,4.044107624318846
3822,88,90,MAE|SAE,4.133791026335111
3823,88,90,MAE|SAE,4.145868868498994
3824,88,92,MAE|SAE,7.215117570089866
3825,88,92,MAE|SAE,29.20014346242306
3826,88,90,MAE|SAE,4.49356032323989
3827,88,90,MAE|SAE,1.4404138183292676
3828,88,90,MAE|SAE,1.8798839815796058
3829,88,90,MAE|SAE,1.4412253970929405
3830,88,90,MAE|SAE,1.596873266175379
3831,88,90,MAE|SAE,1.728749664074595
3832,88,92,MAE|SAE,3.380088593901942
3833,88,90,MAE|SAE,4.896227887955268
3834,88,90,MAE|SAE,7.727268197555552
3835,88,96,LAE|MAE|SAE,10.773967293046432
3836,88,90,MAE|SAE,4.221791187381259
3837,88,90,MAE|SAE,1.416521908070444
3838,87,91,SAE,5.413577233437893
3839,87,91,SAE,4.330891849310767
3840,87,91,SAE,4.01649466803209
3841,87,91,SAE,5.143941809381184
3842,87,91,SAE,3.8102467702174256
3843,87,91,SAE,4.5381217493181065
3844,87,91,SAE,2.7340421322592694
3845,88,91,MAE|SAE,3.837917721543421
3846,88,91,MAE|SAE,50.97580270142727
3847,88,91,MAE|SAE,4.019165032266734
3848,90,91,SAE,2.530136114232165
3849,90,91,SAE,2.063825103469778
3850,90,91,SAE,17.57629189985736
3851,90,93,LAE|MAE|SAE,3.701095342904454
3852,90,142,LAE|MAE|SAE,9.399399727829397
3853,88,92,MAE,3.195954459731856
3854,88,98,MAE|SAE,3.3890960339364304
3855,88,92,MAE,2.187222500255094
3856,90,92,MAE|SAE,2.0510981743619165
3857,90,94,MAE|SAE,2.3952111011576616
3858,90,92,MAE|SAE,49.44347600185293
3859,90,96,MAE|SAE,3.6239772495659937
3860,90,92,MAE|SAE,1.1058023580569305
3861,90,92,MAE|SAE,8.659004743832346
3862,90,92,MAE|SAE,2.0189101651131285
3863,90,92,MAE|SAE,1.5616382783588345
3864,90,94,MAE|SAE,2.4436858873912435
3865,90,92,MAE|SAE,1.0075219014899826
3866,90,143,LAE|MAE|SAE,10.343542597421852
3867,90,92,MAE|SAE,3.921831351046323
3868,90,92,MAE|SAE,2.4514298725335757
3869,90,92,MAE|SAE,2.635193296506075
3870,90,92,MAE|SAE,2.214382693941798
3871,90,124,LAE|MAE|SAE,6.635924597574481
3872,91,96,MAE|SAE,2.9866639039843292
3873,91,92,MAE|SAE,4.952641287769108
3874,89,93,LAE,1.6354637414276927
3875,89,93,LAE,3.695388171256025
3876,89,93,LAE,3.853322752841132
3877,92,143,LAE|MAE|SAE,9.67873161910445
3878,92,93,LAE|MAE,3.501717256885229
3879,92,93,LAE|MAE,1.384388077763094
3880,92,93,LAE|MAE,3.3829761388839894
3881,92,93,LAE|MAE,1.3696659186132956
3882,92,93,LAE|MAE,2.382459223943836
3883,92,93,LAE|MAE,1.509609484262666
3884,92,93,LAE|MAE,5.331292435988358
3885,92,93,LAE|MAE,1.2387739821270214
3886,92,126,LAE|MAE|SAE,5.214938010932317
3887,90,94,MAE|SAE,2.3647077896812223
3888,90,97,LAE|MAE|SAE,3.1467649166479887
3889,92,94,MAE,4.155203332701372
3890,92,94,MAE,4.35538398827051
3891,92,94,MAE,4.286032025082366
3892,92,96,MAE|SAE,3.72006821707378
3893,92,96,MAE|SAE,1.5805249241421657
3894,92,94,MAE,3.6409435689104637
3895,92,97,LAE|MAE,3.0359796044069745
3896,93,96,LAE|MAE|SAE,5.833471759652034
3897,93,101,LAE|MAE,3.5967546645720345
3898,93,94,LAE|MAE,2.788532809121239
3899,93,94,LAE|MAE,1.1096685682131096
3900,93,94,LAE|MAE,3.510191074778899
3901,91,95,SAE,3.212738122289428
3902,92,95,MAE|SAE,3.642618706228665
3903,92,98,MAE|SAE,3.6093381497661996
3904,92,98,MAE|SAE,4.452252119617316
3905,92,96,MAE|SAE,2.1478750105700017
3906,94,96,MAE|SAE,3.159301626226598
3907,94,97,LAE|MAE|SAE,1.5230907341109032
3908,94,96,MAE|SAE,1.8817267555203143
3909,94,96,MAE|SAE,2.940822542165356
3910,94,96,MAE|SAE,5.740187071710348
3911,94,96,MAE|SAE,1.4645480702927263
3912,94,96,MAE|SAE,1.0595172996418691
3913,94,96,MAE|SAE,1.3982138005088849
3914,94,96,MAE|SAE,4.136246957308681
3915,94,96,MAE|SAE,2.4272541468879103
3916,94,96,MAE|SAE,1.9991209639925172
3917,94,96,MAE|SAE,1.684041452883254
3918,93,97,LAE,7.0368076492229035
3919,93,97,LAE,3.387291938232467
3920,93,101,LAE,3.4047963442650255
3921,93,100,LAE|MAE,3.3413201552704446
3922,93,97,LAE,3.0088929702061473
3923,93,143,LAE|MAE|SAE,9.155143129647143
3924,93,97,LAE,6.375509355858169
3925,93,105,LAE,6.522435513465271
3926,93,97,LAE,6.853699889928817
3927,93,97,LAE,7.383892752894696
3928,93,97,LAE,3.1102153369054455
3929,94,100,LAE|MAE,3.208163154198295
3930,94,97,LAE|MAE,2.438621585971365
3931,95,104,MAE|SAE,3.7629550304428205
3932,96,98,MAE|SAE,2.9491655627370132
3933,96,100,MAE|SAE,3.1076160533926482
3934,96,98,MAE|SAE,3.045925631401566
3935,96,98,MAE|SAE,2.9960067543278233
3936,96,124,LAE|MAE|SAE,6.166481461781251
3937,96,98,MAE|SAE,3.07625406826433
3938,96,104,LAE|MAE|SAE,2.4909155519282966
3939,96,98,MAE|SAE,3.150188488841057
3940,96,98,MAE|SAE,3.1029437576790633
3941,96,98,MAE|SAE,6.343288859772982
3942,97,102,LAE|MAE|SAE,3.1823224594260133
3943,97,98,LAE|MAE,3.09161366427579
3944,97,102,LAE|MAE,2.7919480880112704
3945,97,98,LAE|MAE,2.5559790866639465
3946,97,108,LAE|MAE|SAE,6.019364608445466
3947,95,99,SAE,3.221483755609265
3948,95,99,SAE,3.015300779551743
3949,96,132,LAE|MAE|SAE,9.519031968184178
3950,98,99,MAE|SAE,2.0592884680520283
3951,98,112,LAE|MAE|SAE,9.387716322383373
3952,98,103,MAE|SAE,2.4898933677268613
3953,98,104,LAE|MAE|SAE,2.4041052146094812
3954,98,99,MAE|SAE,1.093092535740764
3955,96,102,MAE|SAE,2.957063798323808
3956,96,112,MAE|SAE,6.464698133674151
3957,96,100,MAE|SAE,3.015173157532045
3958,97,104,LAE|MAE,2.9947635673155153
3959,97,104,LAE|MAE,3.5181056602260927
3960,97,108,LAE|MAE|SAE,6.241133031491015
3961,98,103,MAE|SAE,2.5002049034472718
3962,98,103,LAE|MAE|SAE,2.5135319801407587
3963,98,100,MAE,2.6404982227013107
3964,98,103,MAE|SAE,2.482029944241355
3965,98,124,LAE|MAE|SAE,5.633987786718821
3966,98,102,MAE,2.5050654609763026
3967,98,100,MAE,2.6458820956760696
3968,98,100,MAE,2.0668841826942623
3969,98,101,LAE|MAE,2.6632820841084626
3970,98,126,LAE|MAE|SAE,5.554921610448403
3971,98,100,MAE,2.4253228367374478
3972,98,103,MAE|SAE,2.455029421358901
3973,99,100,MAE|SAE,1.7295370699886428
3974,99,100,MAE|SAE,2.4232956691911984
3975,99,100,MAE|SAE,1.773927334055419
3976,99,100,MAE|SAE,2.4054073145344494
3977,99,100,MAE|SAE,3.0432843645410377
3978,99,106,LAE|MAE|SAE,5.158891808226349
3979,99,127,LAE|MAE|SAE,8.135197487021196
3980,97,101,LAE,2.3276695454473195
3981,97,101,LAE,5.980591021324638
3982,97,101,LAE,2.6458710560059924
3983,98,156,LAE|MAE|SAE,14.744974910660838
3984,98,101,LAE|MAE,2.499588251842087
3985,100,101,LAE|MAE,1.7184264785019099
3986,100,101,LAE|MAE,2.220940274964944
3987,100,122,LAE|MAE|SAE,5.409147204152647
3988,100,101,LAE|MAE,2.0786330312793844
3989,100,106,LAE|MAE|SAE,5.497670080649447
3990,100,104,LAE|MAE|SAE,2.266395728650274
3991,100,102,LAE|MAE,5.352977693901875
3992,100,101,LAE|MAE,1.741803098247875
3993,100,101,LAE|MAE,2.076916276409317
3994,100,108,LAE|MAE,5.4494088992721
3995,100,112,LAE|MAE|SAE,2.9991790412257067
3996,100,166,LAE|MAE|SAE,21.14861982530282
3997,100,102,LAE|MAE,5.575847050558949
3998,100,101,LAE|MAE,1.538361152344729
3999,100,108,LAE|MAE|SAE,2.791941221594624
4000,100,121,LAE|MAE|SAE,18.752132921385698
4001,100,101,LAE|MAE,5.024306366320798
4002,100,107,LAE|MAE|SAE,2.86866950844158
4003,100,101,LAE|MAE,2.4503732664995255
4004,100,101,LAE|MAE,1.741815157484763
4005,100,104,LAE|MAE,5.305283796929214
4006,99,109,LAE|MAE|SAE,5.559666298745574
4007,99,104,MAE|SAE,2.03397962462742
4008,99,102,MAE|SAE,2.013279201345493
4009,100,102,MAE,2.1206859751409395
4010,100,102,MAE,2.0620003018446007
4011,100,102,MAE,2.2019540171460417
4012,100,102,MAE,2.730508291220173
4013,100,102,MAE,1.6847797913592824
4014,100,102,MAE,2.0678304068821003
4015,100,103,MAE|SAE,2.023237594391924
4016,100,127,LAE|MAE|SAE,5.1736403794823715
4017,100,103,MAE|SAE,2.017454725502244
4018,100,102,MAE,2.177730642387092
4019,100,102,MAE,2.19517431763425
4020,100,106,MAE,5.278866612315199
4021,100,102,MAE,1.7492009380145797
4022,100,102,MAE,2.683413724136241
4023,100,191,LAE|MAE|SAE,17.427350075633086
4024,100,102,MAE,1.7815687338381987
4025,100,112,MAE|SAE,2.8258427606599374
4026,100,108,LAE|MAE|SAE,5.191889046847136
4027,100,107,MAE|SAE,2.7495327923285613
4028,100,104,MAE|SAE,2.86744353184925
4029,100,103,MAE|SAE,1.8144728084080086
4030,100,102,MAE,8.52434166524583
4031,100,102,MAE,4.781107759352472
4032,100,148,LAE|MAE|SAE,14.578361566286926
4033,100,102,MAE,1.989839498976442
4034,100,105,LAE|MAE,5.290597110970896
4035,100,137,LAE|MAE|SAE,7.912056973454205
4036,100,106,MAE|SAE,2.976456135802172
4037,100,102,MAE,1.7407315898806366
4038,100,102,MAE,1.80803874528549
4039,100,106,MAE,5.573657406165455
4040,101,104,LAE|MAE|SAE,2.6790595816017118
4041,101,102,LAE|MAE,1.5957899810336855
4042,101,142,LAE|MAE|SAE,8.053673691942539
4043,101,108,LAE|MAE|SAE,5.343021584569118
4044,101,103,LAE|MAE|SAE,2.764679064241029
4045,101,108,LAE|MAE,4.850132763464169
4046,101,102,LAE|MAE,2.9239088094712082
4047,101,102,LAE|MAE,0.6974081737344662
4048,101,106,LAE|MAE,5.356300081156329
4049,101,108,LAE|MAE|SAE,5.261316521813962
4050,101,127,LAE|MAE|SAE,4.965967512575742
4051,101,107,LAE|MAE|SAE,2.622174321292489
4052,101,112,LAE|MAE|SAE,2.5935794229741003
4053,101,104,LAE|MAE|SAE,2.6357818714103733
4054,101,102,LAE|MAE,7.95713215972403
4055,99,103,SAE,1.899273434004127
4056,99,103,SAE,1.987344056721178
4057,99,103,SAE,1.9897611206196628
4058,99,103,SAE,2.0616978070628114
4059,99,103,SAE,2.0101728930516694
4060,100,103,MAE|SAE,1.8378397368638575
4061,100,104,MAE|SAE,2.325070228514957
4062,100,103,MAE|SAE,2.0195876581598458
4063,102,104,MAE|SAE,2.2823919833276287
4064,102,112,LAE|MAE|SAE,2.5537791422251668
4065,102,103,MAE|SAE,0.8702877824903236
4066,102,103,MAE|SAE,2.500738367547852
4067,102,103,MAE|SAE,1.104283021940598
4068,102,103,MAE|SAE,0.8861357950039632
4069,102,106,MAE|SAE,2.498187482388711
4070,102,123,LAE|MAE|SAE,4.708096187319953
4071,102,104,MAE|SAE,1.0978895179564154
4072,102,103,MAE|SAE,5.064774866280757
4073,102,116,MAE|SAE,25.648563347647215
4074,102,103,MAE|SAE,1.525348461167598
4075,102,103,MAE|SAE,2.0530757923297154
4076,102,111,MAE|SAE,2.4839152127750044
4077,102,103,MAE|SAE,5.058416204892367
4078,102,188,LAE|MAE|SAE,18.321236053332196
4079,100,106,MAE,5.347387128749017
4080,100,107,MAE|SAE,12.440409273575744
4081,100,107,MAE|SAE,5.008121264632433
4082,101,104,LAE|MAE,4.867684398426486
4083,102,104,MAE,1.7909158292384861
4084,102,104,MAE,1.0213776356480873
4085,102,106,MAE,4.720203060212344
4086,102,104,MAE,4.937403199420622
4087,102,104,MAE,7.5577653234144515
4088,102,104,MAE,11.85993383224306
4089,102,104,MAE,1.143604435244506
4090,102,104,MAE,1.019593561615097
4091,102,110,MAE|SAE,4.995814621419569
4092,102,111,LAE|MAE|SAE,2.7937223158262245
4093,102,106,MAE,2.134525935616209
4094,102,121,LAE|MAE|SAE,12.363952650175388
4095,102,104,MAE,8.180198911422721
4096,102,104,MAE,1.4468048616321945
4097,102,123,MAE|SAE,4.854296417180875
4098,102,104,MAE,2.54480623275368
4099,102,108,LAE|MAE|SAE,4.924053241142347
4100,102,104,MAE,7.538547271316595
4101,102,112,MAE,11.023206748608876
4102,102,123,LAE|MAE|SAE,4.186267225831839
4103,102,147,LAE|MAE|SAE,11.432237094048618
4104,102,104,MAE,1.392846663752391
4105,102,121,LAE|MAE|SAE,19.447758531496586
4106,103,108,MAE|SAE,2.349554131436468
4107,103,106,MAE|SAE,1.1830633192790134
4108,103,107,MAE|SAE,2.715019214341771
4109,103,106,MAE|SAE,1.8617048999224246
4110,103,104,MAE|SAE,1.0872590950614844
4111,103,104,MAE|SAE,2.996098081468953
4112,103,104,MAE|SAE,2.436640179593152
4113,103,104,MAE|SAE,2.480203570584046
4114,103,104,MAE|SAE,2.164345104381941
4115,103,104,MAE|SAE,5.149607546755167
4116,101,109,LAE,26.95598112190475
4117,101,109,LAE|MAE,4.804362643353641
4118,101,109,LAE,5.687030136081571
4119,101,111,LAE|MAE|SAE,5.048263109555832
4120,101,116,LAE|MAE|SAE,4.752190469496737
4121,102,111,LAE|MAE|SAE,2.466255735780053
4122,102,168,LAE|MAE|SAE,11.819632399571613
4123,102,108,LAE|MAE,5.1772822060246115
4124,102,105,LAE|MAE,1.7624264623423516
4125,102,105,LAE|MAE,23.45035253912585
4126,104,106,LAE|MAE,1.0063474959164824
4127,104,123,LAE|MAE|SAE,4.679831010172749
4128,104,111,LAE|MAE|SAE,2.2401898809805343
4129,104,105,LAE|MAE,1.5430387868266933
4130,104,105,LAE|MAE,1.0569123470035788
4131,104,105,LAE|MAE,2.580643217433131
4132,104,105,LAE|MAE,4.268695661287125
4133,104,105,LAE|MAE,1.8796192258880213
4134,104,120,LAE|MAE|SAE,3.461709137653771
4135,102,122,LAE|MAE|SAE,22.01979696465736
4136,102,118,MAE|SAE,5.145143314307398
4137,102,106,MAE,7.042589271547803
4138,102,106,MAE,5.009215604271367
4139,102,121,LAE|MAE|SAE,4.919413060275853
4140,102,112,MAE,7.567270577419646
4141,103,115,MAE|SAE,25.394014784405446
4142,103,106,MAE|SAE,4.985545274935181
4143,104,124,LAE|MAE|SAE,4.702610426850813
4144,104,106,MAE,2.2397552100035134
4145,104,127,LAE|MAE|SAE,4.473801296625622
4146,104,106,MAE,2.1158694608817945
4147,104,126,LAE|MAE|SAE,4.457636757971685
4148,104,106,MAE,6.951638859509919
4149,104,106,MAE,9.407792136681424
4150,104,106,MAE,2.4773136630353347
4151,104,106,MAE,4.780659819570978
4152,104,108,MAE,4.659776106303856
4153,104,106,MAE,1.0995577035043884
4154,104,108,MAE,1.9113500298726636
4155,104,106,MAE,5.728976027168878
4156,104,107,MAE|SAE,2.105324117873749
4157,104,106,MAE,2.0667569291676475
4158,104,106,MAE,7.5490759997072026
4159,105,106,LAE|MAE,1.5714293364870842
4160,105,107,LAE|MAE|SAE,1.3875394853191971
4161,105,106,LAE|MAE,1.6638536903385899
4162,105,107,LAE|MAE|SAE,1.9713508332574035
4163,105,108,LAE|MAE,1.622810151967146
4164,105,106,LAE|MAE,0.8532315612906445
4165,103,119,MAE|SAE,4.8550262512207025
4166,103,124,LAE|MAE|SAE,16.825853100521588
4167,104,125,LAE|MAE|SAE,4.508282242692949
4168,106,110,MAE|SAE,1.782560201476052
4169,106,122,LAE|MAE|SAE,4.36724777774097
4170,106,110,MAE|SAE,1.957248299749035
4171,106,107,MAE|SAE,0.8237579168409092
4172,106,107,MAE|SAE,0.7962876453176465
4173,106,123,LAE|MAE|SAE,4.361828320659055
4174,106,107,MAE|SAE,0.8711392511730598
4175,106,108,MAE|SAE,1.649507086011155
4176,106,107,MAE|SAE,1.79733251412525
4177,106,108,MAE|SAE,1.9353681981405193
4178,106,107,MAE|SAE,1.429815705596937
4179,106,107,MAE|SAE,4.336206164369675
4180,106,107,MAE|SAE,0.8651374379831456
4181,106,126,LAE|MAE|SAE,4.292353324548733
4182,106,108,MAE|SAE,1.303345477733704
4183,106,107,MAE|SAE,1.7238957788135687
4184,106,111,MAE|SAE,2.250281808030401
4185,106,127,LAE|MAE|SAE,4.400007981439589
4186,106,107,MAE|SAE,0.9016763655953012
4187,106,107,MAE|SAE,0.9288542123506597
4188,106,107,MAE|SAE,0.7540983889540199
4189,106,107,MAE|SAE,0.8256037136149276
4190,104,108,MAE,4.728546821423804
4191,105,167,LAE|MAE|SAE,10.971480673619968
4192,105,108,LAE|MAE,1.6021435690025105
4193,105,120,LAE|MAE|SAE,3.866533602452234
4194,105,151,LAE|MAE|SAE,12.66706997723309
4195,106,125,LAE|MAE|SAE,4.4197142731416434
4196,106,108,MAE,25.747115435085508
4197,106,108,MAE,1.9274040202663876
4198,106,108,MAE,1.1351952514430657
4199,106,126,LAE|MAE|SAE,4.300011458522513
4200,106,108,MAE,2.052581227537833
4201,106,110,MAE,2.100836776630199
4202,106,110,MAE,4.693002795888564
4203,106,108,MAE,2.0438043195031943
4204,106,126,LAE|MAE|SAE,4.152324009758885
4205,106,111,MAE|SAE,2.491089681993837
4206,106,111,MAE|SAE,28.153185860244857
4207,106,114,MAE|SAE,4.326960479465772
4208,106,111,MAE|SAE,4.182934112877471
4209,107,108,MAE|SAE,1.6404713329594145
4210,107,110,MAE|SAE,2.7289881065631616
4211,107,123,LAE|MAE|SAE,4.111892465416786
4212,107,108,MAE|SAE,1.9083056223704529
4213,107,108,MAE|SAE,1.2137694844575255
4214,107,203,LAE|MAE|SAE,18.13569656882397
4215,107,108,MAE|SAE,1.732321076614356
4216,107,116,MAE|SAE,7.397403742249183
4217,107,108,MAE|SAE,4.209604090985692
4218,107,108,MAE|SAE,1.4425858393596205
4219,107,108,MAE|SAE,1.7264702194917916
4220,107,110,MAE|SAE,4.165043559463651
4221,107,112,MAE|SAE,1.7900225340905662
4222,107,124,LAE|MAE|SAE,4.431844663373113
4223,107,163,LAE|MAE|SAE,13.064292399764827
4224,107,108,MAE|SAE,1.017160965001443
4225,107,108,MAE|SAE,1.952420891023109
4226,107,142,LAE|MAE|SAE,7.361558492237895
4227,105,109,LAE,4.43029404169915
4228,105,109,LAE,4.5451169999214445
4229,105,109,LAE,3.47423065566113
4230,105,109,LAE,3.821712215982003
4231,105,109,LAE,4.511168243836251
4232,106,115,LAE|MAE|SAE,4.503570467880715
4233,108,111,LAE|MAE|SAE,1.6416839709576956
4234,108,109,LAE|MAE,1.3811423322852716
4235,108,115,LAE|MAE|SAE,4.1779678086954934
4236,108,111,LAE|MAE|SAE,55.00800527153326
4237,108,109,LAE|MAE,14.07087788247271
4238,108,109,LAE|MAE,4.176827700862222
4239,108,109,LAE|MAE,1.8054886878256116
4240,108,116,LAE|MAE|SAE,4.170167706739877
4241,106,110,MAE,7.289918082484635
4242,106,110,MAE,13.236854925888819
4243,107,126,LAE|MAE|SAE,3.995340758028592
4244,107,110,MAE|SAE,1.786038656643033
4245,107,115,MAE|SAE,2.5035045727169014
4246,107,119,MAE|SAE,5.431026936615419
4247,107,110,MAE|SAE,3.477724394471992
4248,107,110,MAE|SAE,16.252941802789078
4249,107,126,LAE|MAE|SAE,4.098716857912498
4250,107,118,MAE|SAE,4.332925902292004
4251,108,112,MAE|SAE,1.6310073155383251
4252,108,110,MAE,5.6546610359442315
4253,108,111,MAE|SAE,1.6895758258021845
4254,108,110,MAE,6.792317816048195
4255,108,126,LAE|MAE|SAE,4.31359505761351
4256,108,110,MAE,1.6589048446096109
4257,108,110,MAE,6.897873506039953
4258,108,110,MAE,1.4712770029842324
4259,108,111,MAE|SAE,2.3173715885427155
4260,108,110,MAE,6.988911114549955
4261,108,110,MAE,6.889625378508115
4262,108,110,MAE,6.720410803281478
4263,108,110,MAE,5.231051887885516
4264,108,111,MAE|SAE,1.566355690558942
4265,108,112,MAE,4.28918158794878
4266,108,114,MAE,6.445757625968082
4267,108,110,MAE,4.412018149195866
4268,108,112,MAE|SAE,1.6470540507970792
4269,108,113,LAE|MAE,3.8010181848842537
4270,108,110,MAE,1.1925114006063342
4271,108,111,MAE|SAE,2.380846939840283
4272,108,110,MAE,9.730574652719085
4273,109,110,LAE|MAE,1.815752363501358
4274,109,126,LAE|MAE|SAE,3.891777912058991
4275,109,126,LAE|MAE|SAE,3.832861628207168
4276,107,111,SAE,1.909103255081484
4277,107,116,MAE|SAE,55.29184469795509
4278,107,115,SAE,18.894581731014355
4279,107,111,SAE,55.90416946409946
4280,107,112,MAE|SAE,4.40333339862723
4281,108,111,MAE|SAE,1.617687763641719
4282,108,111,MAE|SAE,2.4691803976224374
4283,108,116,MAE|SAE,4.072936344589211
4284,108,111,MAE|SAE,3.956212250609739
4285,110,112,MAE|SAE,1.119641444656821
4286,110,112,MAE|SAE,1.3850134298689967
4287,110,112,MAE|SAE,1.1379012220615652
4288,110,111,MAE|SAE,0.7732301426642054
4289,110,112,MAE|SAE,1.2751665325804586
4290,110,111,MAE|SAE,0.8586205300630347
4291,110,111,MAE|SAE,1.2961593536425167
4292,110,111,MAE|SAE,1.2161082618883592
4293,110,112,MAE|SAE,1.0097248355142074
4294,110,111,MAE|SAE,1.3391650688656425
4295,110,137,LAE|MAE|SAE,6.623595019002122
4296,110,111,MAE|SAE,1.2707485513268155
4297,110,111,MAE|SAE,1.2716603257670864
4298,110,111,MAE|SAE,1.3232291035030068
4299,110,112,MAE|SAE,1.3130782400326364
4300,110,111,MAE|SAE,1.2936250951591048
4301,110,112,MAE|SAE,1.318161518353766
4302,110,111,MAE|SAE,1.3621771091590145
4303,110,112,MAE|SAE,1.3669987594551005
4304,110,111,MAE|SAE,1.7010186381435883
4305,110,112,MAE|SAE,1.1409554622421638
4306,110,111,MAE|SAE,1.3419303361307433
4307,110,111,MAE|SAE,1.3447640879685214
4308,110,111,MAE|SAE,0.7811681845420587
4309,110,111,MAE|SAE,1.6972828936786273
4310,110,111,MAE|SAE,1.3843492577506051
4311,110,111,MAE|SAE,3.5412203220563563
4312,110,111,MAE|SAE,2.115677378915529
4313,110,111,MAE|SAE,1.2627135260564601
4314,110,111,MAE|SAE,1.2744635917354339
4315,110,122,MAE|SAE,3.8255280383329113
4316,110,111,MAE|SAE,1.3088514040560513
4317,110,111,MAE|SAE,1.3280360036970236
4318,110,112,MAE|SAE,1.4421998884317582
4319,110,111,MAE|SAE,1.6772655291252605
4320,110,111,MAE|SAE,0.9188872946939249
4321,110,112,MAE|SAE,1.0515122379341817
4322,110,111,MAE|SAE,1.605524231369763
4323,110,111,MAE|SAE,0.9323580557950168
4324,110,112,MAE|SAE,1.2997234473561579
4325,110,112,MAE|SAE,3.920428290411448
4326,110,111,MAE|SAE,1.292998676610941
4327,110,111,MAE|SAE,3.702050691479224
4328,110,111,MAE|SAE,1.2823040052339458
4329,110,168,LAE|MAE|SAE,21.40912017579571
4330,110,132,LAE|MAE|SAE,6.530014349178419
4331,110,111,MAE|SAE,1.3086269452957262
4332,110,112,MAE|SAE,1.333073341068563
4333,110,111,MAE|SAE,7.079559390663172
4334,110,111,MAE|SAE,4.400266109796304
4335,110,148,LAE|MAE|SAE,12.622385996687022
4336,110,112,MAE|SAE,1.3482277408775294
4337,110,134,LAE|MAE|SAE,6.860217305436649
4338,110,122,LAE|MAE|SAE,3.7502063183721845
4339,110,111,MAE|SAE,1.7787598841933114
4340,110,112,MAE|SAE,1.1829462609538115
4341,110,129,LAE|MAE|SAE,16.89030147106497
4342,108,116,MAE,4.301641834242552
4343,108,112,MAE,1.5911617759862466
4344,109,112,LAE|MAE,3.271504265352355
4345,110,168,LAE|MAE|SAE,12.15811217445399
4346,110,112,MAE,7.005005729387613
4347,110,121,LAE|MAE|SAE,3.77891904898475
4348,110,112,MAE,1.3415768673810786
4349,110,112,MAE,3.8498809840699533
4350,111,112,MAE|SAE,1.2050002208651445
4351,111,112,MAE|SAE,1.2654320085730784
4352,111,112,MAE|SAE,1.039064273438921
4353,111,112,MAE|SAE,1.2399874539882139
4354,111,112,MAE|SAE,0.7613721878669083
4355,111,112,MAE|SAE,1.2432143975590708
4356,111,112,MAE|SAE,1.283431572366996
4357,111,112,MAE|SAE,1.2652902221445292
4358,111,112,MAE|SAE,1.191714954924455
4359,111,114,MAE|SAE,3.6705292113171466
4360,111,112,MAE|SAE,1.199561718544719
4361,111,112,MAE|SAE,1.2243844735800453
4362,111,112,MAE|SAE,1.238510793999059
4363,111,112,MAE|SAE,1.1902127142925085
4364,111,112,MAE|SAE,1.157336003874054
4365,111,112,MAE|SAE,1.1468304031918413
4366,111,122,MAE|SAE,18.69732290618681
4367,111,112,MAE|SAE,1.21341983091762
4368,111,112,MAE|SAE,1.3060869680671523
4369,111,116,MAE|SAE,3.5490318945677424
4370,111,112,MAE|SAE,1.2120823020120548
4371,111,112,MAE|SAE,1.8457438293397437
4372,111,112,MAE|SAE,1.1736647097030852
4373,111,116,MAE|SAE,24.638578894184217
4374,111,112,MAE|SAE,1.1797546267473715
4375,111,116,MAE|SAE,6.628224557346066
4376,111,114,MAE|SAE,3.845711803763927
4377,111,124,LAE|MAE|SAE,3.5226286329701804
4378,110,132,LAE|MAE|SAE,4.074216963476806
4379,110,127,LAE|MAE|SAE,3.583202889876315
4380,110,120,MAE|SAE,2.5215923011531314
4381,110,125,LAE|MAE|SAE,3.4674761270589793
4382,110,114,MAE,11.674944464014999
4383,111,126,LAE|MAE|SAE,3.4925055308446282
4384,111,114,MAE|SAE,3.5645850188375934
4385,111,116,MAE|SAE,3.5796963150124377
4386,111,120,MAE|SAE,2.4527916553923585
4387,111,123,LAE|MAE|SAE,3.505537680654838
4388,111,116,MAE|SAE,14.190755652545848
4389,111,124,LAE|MAE|SAE,3.732428192351102
4390,112,114,MAE,3.765813764931772
4391,112,114,MAE,3.0050379157565286
4392,112,114,MAE,3.5583877089454186
4393,112,114,MAE,3.732112872194533
4394,112,114,MAE,3.6378493078300185
4395,113,114,LAE|MAE,3.0745140659305217
4396,113,119,LAE|MAE|SAE,1.9788307877497295
4397,113,114,LAE|MAE,2.958483294086152
4398,113,123,LAE|MAE|SAE,3.2233159331111634
4399,111,115,SAE,3.6485299859957583
4400,111,115,SAE,4.0328009678845325
4401,111,116,MAE|SAE,3.661894369398368
4402,111,115,SAE,3.6138272348716685
4403,112,118,MAE|SAE,10.86278791039511
4404,112,115,MAE|SAE,6.072652611149509
4405,112,120,MAE|SAE,6.209562396474217
4406,112,115,MAE|SAE,9.355657555788554
4407,112,124,LAE|MAE|SAE,3.5385877752099986
4408,112,162,LAE|MAE|SAE,12.423889503217419
4409,112,119,MAE|SAE,3.674117870766884
4410,112,115,MAE|SAE,13.977661348061956
4411,112,131,LAE|MAE|SAE,8.415325975866214
4412,114,124,LAE|MAE|SAE,19.561181350377968
4413,114,115,MAE|SAE,0.9860015978912772
4414,114,126,LAE|MAE|SAE,2.929799055341967
4415,114,115,MAE|SAE,1.5385965538813342
4416,114,150,LAE|MAE|SAE,9.919218059903576
4417,114,115,MAE|SAE,1.0450086104923866
4418,114,120,MAE|SAE,3.0281561919068665
4419,114,115,MAE|SAE,1.4707468040573113
4420,114,116,MAE|SAE,1.7747495536797386
4421,114,115,MAE|SAE,1.044416584888772
4422,114,116,MAE|SAE,1.0112266946810942
4423,114,116,MAE|SAE,0.8530758662762512
4424,114,115,MAE|SAE,1.000205298629564
4425,114,115,MAE|SAE,1.7646899281660622
4426,114,116,MAE|SAE,1.753515689453438
4427,114,116,MAE|SAE,0.9625381094116242
4428,114,118,MAE|SAE,1.2128678594122988
4429,114,115,MAE|SAE,1.5778650695934533
4430,114,116,MAE|SAE,1.1279251972278443
4431,114,117,LAE|MAE|SAE,3.7854295635570723
4432,114,115,MAE|SAE,1.6199492446863648
4433,114,123,LAE|MAE|SAE,2.669890816194608
4434,114,115,MAE|SAE,0.9848538997432714
4435,114,119,MAE|SAE,2.215569778559936
4436,114,116,MAE|SAE,0.9948106503451396
4437,114,116,MAE|SAE,1.008954966853489
4438,114,116,MAE|SAE,3.1619518124390757
4439,114,116,MAE|SAE,1.1442650444567066
4440,114,123,LAE|MAE|SAE,3.1316559801776593
4441,114,156,LAE|MAE|SAE,17.521069875137268
4442,114,115,MAE|SAE,1.5081639612624667
4443,114,116,MAE|SAE,1.3095826345373807
4444,114,115,MAE|SAE,1.4570703558169469
4445,114,115,MAE|SAE,1.543609092188176
4446,114,115,MAE|SAE,1.815653646898706
4447,114,115,MAE|SAE,3.2028201894887856
4448,114,115,MAE|SAE,1.5849599457368884
4449,114,160,LAE|MAE|SAE,8.461535933507708
4450,114,116,MAE|SAE,0.9841863456271164
4451,114,115,MAE|SAE,0.7658172060669097
4452,114,116,MAE|SAE,0.95572921713728
4453,114,115,MAE|SAE,24.49803231948586
4454,114,119,MAE|SAE,3.2021212443362743
4455,114,115,MAE|SAE,0.8588338600537038
4456,114,115,MAE|SAE,1.3793836918444118
4457,114,123,LAE|MAE|SAE,3.1181041195067745
4458,114,115,MAE|SAE,1.828281705533868
4459,114,115,MAE|SAE,1.003054226544818
4460,114,115,MAE|SAE,1.0039990899843048
4461,114,115,MAE|SAE,1.6139413991723746
4462,114,115,MAE|SAE,1.5618759128030033
4463,114,124,LAE|MAE|SAE,3.157354198771368
4464,114,116,MAE|SAE,1.836316490115666
4465,114,119,MAE|SAE,2.480920319202849
4466,114,115,MAE|SAE,2.053536547158273
4467,113,132,LAE|MAE|SAE,4.885170333935547
4468,114,116,MAE,1.1717254806021535
4469,114,119,MAE|SAE,2.052515620437659
4470,114,118,MAE,1.9136652572222619
4471,114,116,MAE,1.8678765281440732
4472,114,130,LAE|MAE|SAE,3.7264046073276855
4473,114,120,MAE,2.1034165929857114
4474,114,126,LAE|MAE|SAE,2.9402403054607325
4475,114,116,MAE,14.454582037203041
4476,114,120,MAE,1.6556637225196813
4477,114,120,MAE|SAE,2.0917034918156427
4478,114,117,LAE|MAE,2.9904739738490473
4479,114,116,MAE,2.015939574486992
4480,114,116,MAE,3.22745333648012
4481,114,120,MAE|SAE,2.0803691762262595
4482,114,136,LAE|MAE,9.081515012072394
4483,114,116,MAE,0.8309113786074965
4484,114,116,MAE,2.0260958154124515
4485,115,116,MAE|SAE,0.7278341210543132
4486,115,116,MAE|SAE,1.6981461192471525
4487,115,116,MAE|SAE,1.5082292481020458
4488,115,116,MAE|SAE,3.2636790440264822
4489,115,116,MAE|SAE,1.5154575609643952
4490,115,124,LAE|MAE|SAE,2.9667016742741223
4491,115,116,MAE|SAE,3.2140403953257755
4492,115,119,MAE|SAE,3.2999843221082616
4493,115,116,MAE|SAE,3.80952498944193
4494,115,116,MAE|SAE,1.6421196774412612
4495,115,116,MAE|SAE,2.8107117121931173
4496,115,119,MAE|SAE,1.7391206375311237
4497,115,138,LAE|MAE|SAE,6.022177725315047
4498,115,123,LAE|MAE|SAE,2.8793055322256613
4499,115,116,MAE|SAE,0.901274453762364
4500,115,123,LAE|MAE|SAE,3.401272184849772
4501,115,120,MAE|SAE,2.273236896528195
4502,115,183,LAE|MAE|SAE,16.146546382518313
4503,115,124,LAE|MAE|SAE,34.076875328656904
4504,115,116,MAE|SAE,5.678042687020345
4505,115,116,MAE|SAE,1.9359327160319855
4506,115,116,MAE|SAE,1.9127170944296477
4507,115,116,MAE|SAE,2.661870762449414
4508,115,116,MAE|SAE,0.7407669591566338
4509,115,116,MAE|SAE,3.1609959400374255
4510,115,116,MAE|SAE,3.2391594618985873
4511,115,116,MAE|SAE,3.2893532253101885
4512,115,122,LAE|MAE|SAE,2.8701698634807866
4513,115,116,MAE|SAE,3.0817458590469053
4514,115,123,LAE|MAE|SAE,4.4521523349215295
4515,115,116,MAE|SAE,3.2565397837197483
4516,115,121,LAE|MAE|SAE,3.0298921320468315
4517,115,116,MAE|SAE,1.4359270676374305
4518,115,137,LAE|MAE|SAE,14.017595949268426
4519,115,126,LAE|MAE|SAE,13.163447273170474
4520,115,123,LAE|MAE|SAE,3.009800397633425
4521,115,116,MAE|SAE,2.956066378398191
4522,115,116,MAE|SAE,6.237641285452573
4523,115,119,MAE|SAE,3.0561370663418304
4524,115,116,MAE|SAE,1.8922487399819772
4525,115,122,LAE|MAE|SAE,2.9272898812986363
4526,115,138,LAE|MAE|SAE,17.65576358942471
4527,115,139,LAE|MAE|SAE,5.534301469337148
4528,115,122,LAE|MAE|SAE,2.968218777607618
4529,115,139,LAE|MAE|SAE,10.377303204222569
4530,115,138,LAE|MAE|SAE,6.324852841979573
4531,115,123,LAE|MAE|SAE,3.0060766629253366
4532,115,188,LAE|MAE|SAE,13.914240016190716
4533,115,133,LAE|MAE|SAE,15.274065277481164
4534,115,116,MAE|SAE,1.8872493978682325
4535,115,123,LAE|MAE|SAE,3.1331182697561935
4536,115,116,MAE|SAE,0.9072709648924117
4537,115,116,MAE|SAE,2.122331553425505
4538,115,116,MAE|SAE,2.2215804571804507
4539,115,116,MAE|SAE,6.000983971576549
4540,115,116,MAE|SAE,0.6848388307629147
4541,113,117,LAE,3.452160672054147
4542,114,128,LAE|MAE|SAE,4.403427503381023
4543,116,120,LAE|MAE|SAE,1.9946439641752423
4544,116,123,LAE|MAE|SAE,2.8907996451346056
4545,114,148,LAE|MAE|SAE,7.5892430072477435
4546,114,135,LAE|MAE|SAE,13.48091955371072
4547,114,119,MAE|SAE,2.261298972413813
4548,115,128,LAE|MAE|SAE,5.921880912385561
4549,115,119,MAE|SAE,3.3007630272024397
4550,115,118,MAE|SAE,3.1545675404733533
4551,115,136,LAE|MAE|SAE,5.598366052638875
4552,115,119,MAE|SAE,3.20190458895569
4553,115,122,LAE|MAE|SAE,2.5898162957044994
4554,116,119,MAE|SAE,1.782506234249454
4555,116,134,LAE|MAE|SAE,5.79031475184048
4556,116,118,MAE,1.1290083161520346
4557,116,128,LAE|MAE|SAE,3.971227027333408
4558,116,119,MAE|SAE,1.4719952033804473
4559,116,150,LAE|MAE|SAE,12.585748038865583
4560,116,118,MAE,1.9486548850454697
4561,116,122,MAE|SAE,20.75229643472304
4562,116,120,MAE|SAE,1.8618253198230676
4563,116,129,LAE|MAE|SAE,5.463061282685629
4564,116,118,MAE,1.2042757376830473
4565,116,119,MAE|SAE,1.9203694778157685
4566,116,127,LAE|MAE|SAE,3.489074462962105
4567,116,118,MAE,2.7719550786131646
4568,116,143,LAE|MAE|SAE,9.084424488005066
4569,116,119,MAE|SAE,1.248454885056807
4570,116,118,MAE,3.8736817873186062
4571,116,119,MAE|SAE,1.0907373825235687
4572,116,124,LAE|MAE|SAE,3.267961030063852
4573,116,121,LAE|MAE|SAE,13.728993125736256
4574,116,120,MAE|SAE,2.4727583049849278
4575,116,133,LAE|MAE|SAE,5.59288038531593
4576,116,120,MAE|SAE,2.8781644763750096
4577,116,118,MAE,1.1171454112517776
4578,116,125,LAE|MAE|SAE,4.627668208974145
4579,116,120,MAE|SAE,2.0112145851318193
4580,116,118,MAE,3.8234000169450266
4581,116,120,MAE|SAE,2.190636211452351
4582,116,182,LAE|MAE|SAE,14.02373664341203
4583,116,124,LAE|MAE|SAE,2.838366610977541
4584,116,120,MAE|SAE,2.8535763556434763
4585,116,120,MAE|SAE,1.6637742807041707
4586,116,120,MAE|SAE,1.883833425956072
4587,116,120,MAE|SAE,3.4289484669119923
4588,116,118,MAE,2.8332204106712005
4589,116,121,LAE|MAE|SAE,3.1938115467237704
4590,116,118,MAE,14.50959720330176
4591,117,127,LAE|MAE|SAE,5.644506792498532
4592,117,121,LAE|MAE|SAE,5.665288901101012
4593,117,131,LAE|MAE|SAE,4.400813614830032
4594,117,119,LAE|MAE|SAE,1.3966974066170026
4595,117,121,LAE|MAE|SAE,5.869392666993837
4596,117,118,LAE|MAE,0.9398079198763701
4597,117,118,LAE|MAE,1.3117126848667109
4598,117,123,LAE|MAE|SAE,2.14445589971955
4599,115,143,LAE|MAE|SAE,5.903173303386726
4600,115,130,LAE|MAE|SAE,5.786445582569448
4601,115,132,LAE|MAE|SAE,3.5796545391660173
4602,116,119,MAE|SAE,1.5663952623563968
4603,116,127,LAE|MAE|SAE,3.076765006793087
4604,116,119,MAE|SAE,3.0012071762444332
4605,116,119,MAE|SAE,1.1903996711394393
4606,116,119,MAE|SAE,1.593453272284946
4607,116,119,MAE|SAE,4.309990093507246
4608,116,119,MAE|SAE,1.4208150052610191
4609,116,119,MAE|SAE,5.617242113918393
4610,116,120,MAE|SAE,3.1477262934814063
4611,116,119,MAE|SAE,15.718009551545501
4612,116,163,LAE|MAE|SAE,11.60538217603836
4613,116,120,MAE|SAE,2.065935699466845
4614,116,119,MAE|SAE,1.460836492554528
4615,116,119,MAE|SAE,2.957048090354706
4616,116,123,MAE|SAE,2.7863944198934334
4617,116,134,LAE|MAE|SAE,5.784443770458026
4618,116,119,MAE|SAE,1.9191189646291738
4619,116,119,MAE|SAE,1.6933042733246793
4620,118,131,LAE|MAE|SAE,6.338935409012034
4621,118,119,MAE|SAE,4.831344124927286
4622,118,143,LAE|MAE|SAE,5.511749351206593
4623,118,119,MAE|SAE,4.810391827960763
4624,118,120,MAE|SAE,1.331124079981356
4625,118,120,MAE|SAE,2.7588732015709936
4626,118,140,LAE|MAE|SAE,5.557264313126908
4627,118,204,LAE|MAE|SAE,17.025468769221412
4628,118,120,MAE|SAE,13.852610188184075
4629,118,171,LAE|MAE|SAE,10.31118819936262
4630,118,129,LAE|MAE|SAE,4.955351817968443
4631,118,134,LAE|MAE|SAE,5.431299056616931
4632,118,135,LAE|MAE|SAE,5.36848748289934
4633,118,130,LAE|MAE|SAE,6.907891998697743
4634,118,131,LAE|MAE|SAE,5.72191767533777
4635,118,122,LAE|MAE|SAE,2.517821391391088
4636,118,122,LAE|MAE|SAE,2.505937609677566
4637,118,127,LAE|MAE|SAE,5.319898487445111
4638,118,126,LAE|MAE|SAE,4.274053421946382
4639,118,122,LAE|MAE|SAE,2.3133320510019213
4640,118,119,MAE|SAE,5.130619264871357
4641,118,120,MAE|SAE,2.576325706133802
4642,118,126,LAE|MAE|SAE,2.7933769919818854
4643,118,128,LAE|MAE|SAE,3.8399641991292017
4644,118,126,LAE|MAE|SAE,4.5391078426345635
4645,118,178,LAE|MAE|SAE,15.841313836577104
4646,118,120,MAE|SAE,2.516850806412501
4647,118,119,MAE|SAE,2.6413890519868715
4648,118,119,MAE|SAE,1.5141121089752232
4649,118,127,LAE|MAE|SAE,5.278375501290334
4650,118,119,MAE|SAE,6.214052082758845
4651,118,127,LAE|MAE|SAE,5.160736023238766
4652,118,124,LAE|MAE|SAE,5.502556880509621
4653,118,126,LAE|MAE|SAE,5.553959196886742
4654,118,136,LAE|MAE|SAE,5.166430197381784
4655,118,119,MAE|SAE,2.593073518827218
4656,118,139,LAE|MAE|SAE,4.69221393155762
4657,118,123,LAE|MAE|SAE,4.378696521402859
4658,118,123,MAE|SAE,2.686217459269362
4659,118,121,LAE|MAE|SAE,2.695831661654605
4660,118,119,MAE|SAE,1.3522646708054933
4661,118,119,MAE|SAE,0.7479734585963753
4662,118,119,MAE|SAE,2.7604329171371647
4663,118,119,MAE|SAE,4.6575740491425535
4664,118,134,LAE|MAE|SAE,5.374749123541277
4665,118,125,LAE|MAE|SAE,5.080768463775388
4666,118,124,LAE|MAE|SAE,2.4730227058780065
4667,118,119,MAE|SAE,5.652359608421643
4668,118,121,LAE|MAE|SAE,15.741234336588827
4669,118,124,MAE|SAE,13.554546902271781
4670,118,119,MAE|SAE,1.4137674384959156
4671,118,125,LAE|MAE|SAE,5.164249977139606
4672,118,122,LAE|MAE|SAE,12.37738632770235
4673,118,119,MAE|SAE,1.0332856140532407
4674,118,120,MAE|SAE,5.356899687058454
4675,118,124,LAE|MAE|SAE,4.065278406844733
4676,118,122,LAE|MAE|SAE,2.7116427322246444
4677,118,127,LAE|MAE|SAE,5.259799503991481
4678,118,119,MAE|SAE,1.1098136802280556
4679,118,120,MAE|SAE,3.002110237817097
4680,118,120,MAE|SAE,1.0066905063241154
4681,118,119,MAE|SAE,3.5720242394688912
4682,118,125,LAE|MAE|SAE,4.990961369194035
4683,118,131,LAE|MAE|SAE,4.245290953241992
4684,118,120,MAE|SAE,0.9682663305667967
4685,118,120,MAE|SAE,2.4032976178877576
4686,118,125,LAE|MAE|SAE,2.492304011472272
4687,118,120,MAE|SAE,2.33536876170133
4688,118,119,MAE|SAE,4.598371521432941
4689,118,119,MAE|SAE,4.660231602683068
4690,118,119,MAE|SAE,1.067546156973324
4691,118,120,MAE|SAE,1.8107963719893365
4692,118,120,MAE|SAE,2.640242922983275
4693,118,120,MAE|SAE,2.957714872805454
4694,118,120,MAE|SAE,1.9862799785166725
4695,118,120,MAE|SAE,6.00031697214441
4696,118,134,LAE|MAE|SAE,5.480901014221692
4697,118,125,LAE|MAE|SAE,2.807350599554927
4698,118,120,MAE|SAE,1.1117949559411653
4699,118,171,LAE|MAE|SAE,9.99138843308204
4700,118,125,LAE|MAE|SAE,2.46633245350369
4701,118,131,LAE|MAE|SAE,5.26649815247631
4702,118,121,LAE|MAE|SAE,2.8881802296454886
4703,118,123,LAE|MAE|SAE,3.4767324140002014
4704,118,119,MAE|SAE,0.8776904050030119
4705,118,175,LAE|MAE|SAE,11.999836532048322
4706,118,121,LAE|MAE|SAE,1.9381715168986717
4707,118,129,LAE|MAE|SAE,13.281295865525784
4708,118,124,MAE|SAE,2.6789973675303433
4709,118,120,MAE|SAE,1.0390302947955472
4710,118,122,LAE|MAE|SAE,2.0788290404609597
4711,118,123,LAE|MAE|SAE,2.471518340324069
4712,118,119,MAE|SAE,1.0044292380966036
4713,118,122,MAE|SAE,3.0052534789349954
4714,118,125,LAE|MAE|SAE,2.9366014510045724
4715,118,126,LAE|MAE|SAE,5.846245576273775
4716,118,124,MAE|SAE,2.5665653363440812
4717,118,122,LAE|MAE|SAE,2.135661765054842
4718,118,119,MAE|SAE,4.29746875529509
4719,118,120,MAE|SAE,5.198793685828168
4720,118,119,MAE|SAE,4.638571692031394
4721,118,120,MAE|SAE,1.5103318927060578
4722,118,171,LAE|MAE|SAE,9.560786765057912
4723,118,119,MAE|SAE,3.5681266927278816
4724,118,121,LAE|MAE|SAE,2.19550680126305
4725,118,123,LAE|MAE|SAE,2.577696566748557
4726,118,119,MAE|SAE,1.5112169667683146
4727,118,119,MAE|SAE,16.900034813657108
4728,118,124,MAE|SAE,2.2436389510227137
4729,118,126,LAE|MAE|SAE,4.297164991740226
4730,116,126,LAE|MAE|SAE,2.7919783865834162
4731,116,120,MAE,4.9151496199725075
4732,116,120,MAE,5.219007669283247
4733,116,120,MAE,4.005176399644455
4734,117,120,LAE|MAE,2.710775327608713
4735,117,120,LAE|MAE,4.563053926957517
4736,118,124,MAE|SAE,4.529667363693273
4737,118,120,MAE,4.577494120230415
4738,118,124,LAE|MAE|SAE,2.9313130433740002
4739,118,134,LAE|MAE|SAE,3.992285069498936
4740,118,123,LAE|MAE|SAE,5.099879146817249
4741,118,120,MAE,1.114917442469111
4742,118,120,MAE,15.041378761402175
4743,118,124,LAE|MAE|SAE,2.287821743699287
4744,118,120,MAE,1.0200491998689987
4745,118,120,MAE,2.8315221632168255
4746,118,121,LAE|MAE,2.8003445579248685
4747,118,129,LAE|MAE|SAE,5.369860506335131
4748,118,127,LAE|MAE|SAE,3.6730244808375327
4749,118,120,MAE,2.7236709520478617
4750,118,123,MAE|SAE,2.771900014701555
4751,118,125,LAE|MAE,2.3792065815440506
4752,118,120,MAE,2.4584851206835694
4753,118,125,LAE|MAE,5.899461085985404
4754,118,120,MAE,2.6346980484432607
4755,118,120,MAE,4.467004993361082
4756,118,125,LAE|MAE|SAE,2.833284059869707
4757,118,120,MAE,1.120684017187015
4758,118,123,MAE|SAE,5.691946855889326
4759,118,126,LAE|MAE|SAE,8.810295302197607
4760,119,121,LAE|MAE|SAE,1.297091647179246
4761,119,123,MAE|SAE,2.741197729027458
4762,119,127,LAE|MAE|SAE,2.3226672336295153
4763,119,129,LAE|MAE|SAE,3.038013815922046
4764,119,120,MAE|SAE,2.306432721748695
4765,119,121,LAE|MAE|SAE,0.9217317844575014
4766,119,120,MAE|SAE,1.0296523751184365
4767,119,134,LAE|MAE|SAE,5.315254167782071
4768,119,128,LAE|MAE|SAE,2.9590968552193897
4769,119,127,MAE|SAE,3.2834923303305787
4770,119,142,LAE|MAE|SAE,5.285534093570586
4771,119,120,MAE|SAE,1.0731471662220338
4772,119,124,LAE|MAE|SAE,4.7919932808713375
4773,119,121,LAE|MAE|SAE,1.1119980254323127
4774,119,127,LAE|MAE|SAE,4.75013153913526
4775,119,120,MAE|SAE,4.374011320337284
4776,119,154,LAE|MAE|SAE,8.05733041998971
4777,119,121,LAE|MAE|SAE,1.2761834425547727
4778,119,122,LAE|MAE|SAE,2.319112596890115
4779,119,121,LAE|MAE|SAE,1.6872776623789438
4780,119,123,LAE|MAE|SAE,2.765206024474482
4781,119,120,MAE|SAE,4.646952456749377
4782,119,120,MAE|SAE,14.903721397146064
4783,119,121,LAE|MAE|SAE,2.355324343587849
4784,119,120,MAE|SAE,6.099961732359271
4785,119,120,MAE|SAE,2.611040870039157
4786,119,120,MAE|SAE,3.4584206495324503
4787,119,120,MAE|SAE,2.6211454488775607
4788,119,126,LAE|MAE|SAE,4.817527380853257
4789,119,122,LAE|MAE|SAE,9.180202421776885
4790,119,123,MAE|SAE,3.2693768796856872
4791,119,139,LAE|MAE|SAE,5.359655754319017
4792,119,125,LAE|MAE|SAE,3.031497630771154
4793,119,126,LAE|MAE|SAE,7.8768075971406555
4794,119,126,LAE|MAE|SAE,5.408719651540283
4795,119,120,MAE|SAE,5.137581669315794
4796,119,123,LAE|MAE|SAE,2.4579294898210895
4797,119,124,MAE|SAE,5.924192597922525
4798,119,120,MAE|SAE,2.7089631425592167
4799,119,120,MAE|SAE,1.5472935921196598
4800,119,126,LAE|MAE|SAE,3.192921861335792
4801,119,122,MAE|SAE,5.984097204091361
4802,119,125,LAE|MAE|SAE,4.746263033801143
4803,119,120,MAE|SAE,2.591284743662194
4804,119,120,MAE|SAE,3.0890620108620728
4805,119,120,MAE|SAE,2.0696145342496517
4806,119,120,MAE|SAE,1.4741048183180583
4807,119,120,MAE|SAE,4.333398072056891
4808,119,123,LAE|MAE|SAE,4.94092155476208
4809,119,133,LAE|MAE|SAE,5.462561707871663
4810,119,120,MAE|SAE,4.495834600874651
4811,119,120,MAE|SAE,2.7114017936140584
4812,119,120,MAE|SAE,1.6940113178135874
4813,119,128,LAE|MAE|SAE,3.6505570022647875
4814,119,124,LAE|MAE|SAE,2.258152768090058
4815,119,120,MAE|SAE,2.779235013533643
4816,119,142,LAE|MAE|SAE,5.018087814098288
4817,119,181,LAE|MAE|SAE,16.333866407671
4818,119,120,MAE|SAE,2.677517598625108
4819,119,122,LAE|MAE|SAE,3.8533684963272585
4820,119,121,LAE|MAE|SAE,2.2576955960642144
4821,119,120,MAE|SAE,1.600729707997968
4822,119,122,LAE|MAE|SAE,4.135067184104061
4823,119,122,LAE|MAE|SAE,2.6592461769403717
4824,119,122,MAE|SAE,3.36890959659499
4825,119,133,LAE|MAE|SAE,3.7339969560650736
4826,119,120,MAE|SAE,1.543414775610494
4827,119,120,MAE|SAE,4.303882374949028
4828,119,126,LAE|MAE|SAE,2.9236007345351074
4829,119,120,MAE|SAE,2.306320829252748
4830,119,120,MAE|SAE,2.433776170911992
4831,119,120,MAE|SAE,2.393101584027449
4832,119,124,LAE|MAE|SAE,3.4275058418860374
4833,119,123,LAE|MAE|SAE,2.5835490714300606
4834,119,120,MAE|SAE,11.965288206880942
4835,119,134,LAE|MAE|SAE,5.436525818802018
4836,119,148,LAE|MAE|SAE,9.657339233140066
4837,119,121,LAE|MAE|SAE,2.3593987164898285
4838,119,124,MAE|SAE,5.2125195175653305
4839,119,122,LAE|MAE|SAE,2.030525503793625
4840,119,120,MAE|SAE,14.003071173784754
4841,119,121,LAE|MAE|SAE,1.3708100103945517
4842,119,120,MAE|SAE,1.4160617256137633
4843,117,121,LAE,4.771779365724684
4844,118,125,LAE|MAE,5.206409996148944
4845,118,121,LAE|MAE,5.7728984775347
4846,118,122,LAE|MAE,5.170079148116445
4847,118,125,LAE|MAE|SAE,2.683187755167747
4848,118,122,LAE|MAE,3.329204106394331
4849,118,125,LAE|MAE|SAE,3.17089252511681
4850,118,122,LAE|MAE,2.3433969866966664
4851,118,122,LAE|MAE,2.3138664086846714
4852,120,123,LAE|MAE|SAE,2.1716931827246073
4853,120,126,LAE|MAE|SAE,2.1457518857817273
4854,120,126,LAE|MAE|SAE,3.169967261925816
4855,120,125,LAE|MAE|SAE,6.235145498540397
4856,120,122,LAE|MAE,0.9712457677388306
4857,120,126,LAE|MAE,4.7642327865006795
4858,120,121,LAE|MAE,1.5607972042308045
4859,120,122,LAE|MAE,2.080073752236836
4860,120,123,LAE|MAE|SAE,2.251235254797019
4861,120,121,LAE|MAE,3.4635189126281043
4862,120,123,LAE|MAE|SAE,2.5134818326910073
4863,120,122,LAE|MAE,2.058948987436202
4864,120,139,LAE|MAE|SAE,5.125212327649171
4865,120,128,LAE|MAE|SAE,2.951787308243219
4866,120,121,LAE|MAE,4.926343499251502
4867,120,121,LAE|MAE,2.3886962587778817
4868,120,125,LAE|MAE|SAE,4.790194640088833
4869,120,121,LAE|MAE,2.2938032687259327
4870,120,125,LAE|MAE|SAE,2.5906787340945754
4871,120,124,LAE|MAE|SAE,2.6338250217817776
4872,120,123,LAE|MAE|SAE,2.6528613850235683
4873,120,127,LAE|MAE|SAE,2.2720417831299238
4874,120,121,LAE|MAE,11.307487030122356
4875,120,121,LAE|MAE,3.115819523269276
4876,120,138,LAE|MAE|SAE,5.166763006234207
4877,120,124,LAE|MAE|SAE,2.1588057234660645
4878,120,138,LAE|MAE|SAE,4.525516466776368
4879,120,121,LAE|MAE,1.3847475924989072
4880,118,124,MAE,3.206615851766615
4881,118,125,LAE|MAE|SAE,5.473362483404031
4882,118,122,MAE,2.6503747427227986
4883,119,122,MAE|SAE,10.34335606088018
4884,119,127,LAE|MAE|SAE,3.077368681707767
4885,119,122,MAE|SAE,2.035547497484739
4886,119,128,LAE|MAE|SAE,5.241477418118974
4887,119,122,MAE|SAE,2.37959035787496
4888,119,122,MAE|SAE,15.43524906207281
4889,119,122,MAE|SAE,5.094574597016791
4890,119,127,MAE|SAE,6.118666234795634
4891,119,127,LAE|MAE|SAE,3.156903728679969
4892,119,123,MAE|SAE,2.359446543465904
4893,119,124,MAE|SAE,2.2971804012721306
4894,119,139,LAE|MAE|SAE,5.017763458376662
4895,119,123,MAE|SAE,7.178127023711049
4896,119,138,MAE|SAE,5.581165691568172
4897,119,142,LAE|MAE|SAE,5.44561406867364
4898,119,135,MAE|SAE,5.5861497377652265
4899,119,123,MAE|SAE,2.3567353505592203
4900,120,125,LAE|MAE|SAE,5.15185255255477
4901,120,122,MAE,4.565713004282945
4902,120,123,MAE|SAE,2.515284189270391
4903,120,123,MAE|SAE,5.669102615196809
4904,120,125,LAE|MAE|SAE,2.5487107457681613
4905,120,124,MAE,2.1024046693112783
4906,120,125,LAE|MAE|SAE,2.1827437200793702
4907,120,124,MAE,4.6294989594925
4908,120,132,MAE|SAE,3.3463795060162584
4909,120,123,MAE|SAE,4.250310801190481
4910,120,125,LAE|MAE,4.569663520994825
4911,120,122,MAE,1.6598352106095746
4912,120,128,LAE|MAE|SAE,2.847763186849739
4913,120,122,MAE,2.0205614028071843
4914,120,122,MAE,4.256590500070405
4915,120,123,MAE|SAE,2.4823309724633034
4916,120,123,MAE|SAE,2.4715088395406655
4917,120,126,LAE|MAE,3.0500285255074275
4918,120,122,MAE,4.952315945786083
4919,120,124,MAE,2.4509458981212533
4920,120,122,MAE,8.58135161070911
4921,120,124,MAE|SAE,2.2328373655540834
4922,120,124,MAE,5.063576918562473
4923,120,124,MAE|SAE,2.4140661441333666
4924,120,125,LAE|MAE,2.577261252667611
4925,120,122,MAE,2.3492146098008027
4926,120,122,MAE,2.4844765625795255
4927,120,122,MAE,2.9783260035784767
4928,120,123,MAE|SAE,2.4188795289919067
4929,121,125,LAE|MAE|SAE,2.267109607749753
4930,121,122,LAE|MAE,2.3035426769066776
4931,121,123,LAE|MAE|SAE,2.046619802309588
4932,121,125,LAE|MAE|SAE,1.8726511680583549
4933,121,123,LAE|MAE|SAE,2.4645185199377377
4934,121,122,LAE|MAE,1.0484326028468405
4935,121,122,LAE|MAE,2.4398357173806398
4936,121,123,LAE|MAE|SAE,2.072871303934903
4937,121,124,LAE|MAE|SAE,2.4884651984434947
4938,121,143,LAE|MAE|SAE,4.63714148577378
4939,121,124,LAE|MAE|SAE,2.087615852710494
4940,121,124,LAE|MAE|SAE,2.1395028176655817
4941,121,124,LAE|MAE|SAE,2.122955065632711
4942,121,122,LAE|MAE,9.066726864527759
4943,121,125,LAE|MAE|SAE,1.8864817865656
4944,121,124,LAE|MAE,4.71436242699229
4945,121,123,LAE|MAE|SAE,2.2775854229895485
4946,121,125,LAE|MAE,5.36775635352651
4947,121,123,LAE|MAE|SAE,2.1379820136971706
4948,121,123,LAE|MAE|SAE,1.165150598903156
4949,121,124,LAE|MAE|SAE,5.138250075834217
4950,121,122,LAE|MAE,0.8040817187485604
4951,121,124,LAE|MAE|SAE,2.3393387342217333
4952,121,123,LAE|MAE|SAE,1.6889562967130596
4953,119,127,LAE|MAE|SAE,5.22099956258493
4954,119,123,SAE,5.039557333319172
4955,119,128,MAE|SAE,5.878997588272918
4956,119,123,SAE,6.548133061088019
4957,119,123,SAE,6.292145415475325
4958,119,144,MAE|SAE,6.493375145286045
4959,119,130,LAE|MAE|SAE,11.209409022950073
4960,119,127,LAE|MAE|SAE,11.269584747092866
4961,119,125,LAE|MAE|SAE,2.9168328852152956
4962,119,126,LAE|MAE|SAE,2.9102888801104667
4963,120,125,LAE|MAE|SAE,4.467690581585337
4964,120,128,MAE|SAE,2.4808689963241575
4965,120,123,MAE|SAE,6.412425141441135
4966,120,130,MAE|SAE,3.356736318315928
4967,120,126,MAE|SAE,5.411990304827981
4968,120,123,MAE|SAE,2.0409593896304044
4969,120,138,LAE|MAE|SAE,5.485990974457924
4970,120,123,MAE|SAE,2.267290139524221
4971,120,127,MAE|SAE,2.641842282492638
4972,120,123,MAE|SAE,8.283039580716949
4973,120,123,MAE|SAE,4.702835135218114
4974,120,124,MAE|SAE,2.2315727072656473
4975,122,125,LAE|MAE|SAE,19.522492306975664
4976,122,123,MAE|SAE,14.391606212808815
4977,122,124,MAE|SAE,2.200647052858526
4978,122,125,LAE|MAE|SAE,2.1046226964905226
4979,122,127,LAE|MAE|SAE,2.8156452754259678
4980,122,133,LAE|MAE|SAE,13.362374446965553
4981,122,123,MAE|SAE,2.042069845899635
4982,122,123,MAE|SAE,2.003832463725458
4983,122,126,LAE|MAE|SAE,2.2309783663035394
4984,122,126,LAE|MAE|SAE,2.414128162349084
4985,122,123,MAE|SAE,2.2823197229310392
4986,122,124,MAE|SAE,2.26510462409181
4987,122,123,MAE|SAE,1.7597954456677107
4988,122,123,MAE|SAE,1.7308746343368955
4989,122,125,LAE|MAE|SAE,2.1195874978023324
4990,122,124,MAE|SAE,1.8509970711313675
4991,122,123,MAE|SAE,4.9818661814075265
4992,122,124,MAE|SAE,1.957984370500682
4993,122,123,MAE|SAE,13.418693735984656
4994,122,124,MAE|SAE,1.6558894592956623
4995,122,125,LAE|MAE|SAE,2.103481283495896
4996,122,125,LAE|MAE|SAE,2.2280746205427397
4997,122,126,LAE|MAE|SAE,1.8696273949386486
4998,122,123,MAE|SAE,17.14599661506573
4999,122,123,MAE|SAE,1.8827815612522658
5000,122,124,MAE|SAE,2.089399563670632
5001,122,123,MAE|SAE,1.4074415032176109
5002,122,124,MAE|SAE,2.1715076621662064
5003,122,124,MAE|SAE,1.9865995422364715
5004,122,124,MAE|SAE,2.2305835510493077
5005,122,129,LAE|MAE|SAE,5.804233547465915
5006,122,123,MAE|SAE,1.9020130296311846
5007,122,124,MAE|SAE,1.7596239236388846
5008,122,123,MAE|SAE,2.0864600105157773
5009,122,123,MAE|SAE,1.8787021075681234
5010,122,123,MAE|SAE,2.4050723751712466
5011,122,139,LAE|MAE|SAE,4.466876565134516
5012,122,124,MAE|SAE,2.2300425673576765
5013,122,143,LAE|MAE|SAE,4.648913408283443
5014,122,127,MAE|SAE,4.024605283241423
5015,122,123,MAE|SAE,2.4286260640550554
5016,122,123,MAE|SAE,2.018301816766629
5017,122,125,LAE|MAE|SAE,2.0599133987260374
5018,122,135,LAE|MAE|SAE,5.972733621865197
5019,122,123,MAE|SAE,1.4658163853790753
5020,122,126,MAE|SAE,11.547993578227535
5021,122,138,LAE|MAE|SAE,4.610631998555532
5022,122,123,MAE|SAE,16.20845988791123
5023,122,126,MAE|SAE,10.99351997894356
5024,122,125,LAE|MAE|SAE,2.3193857981286032
5025,122,126,LAE|MAE|SAE,2.900939877889321
5026,122,142,LAE|MAE|SAE,4.14907471064262
5027,122,126,LAE|MAE|SAE,2.304929128366399
5028,122,123,MAE|SAE,4.858826648749677
5029,122,125,LAE|MAE|SAE,1.6986705957229706
5030,122,130,LAE|MAE|SAE,5.041632453350236
5031,122,134,LAE|MAE|SAE,5.503403122892093
5032,122,139,LAE|MAE|SAE,5.64062323454781
5033,122,124,MAE|SAE,2.1673246318449215
5034,122,123,MAE|SAE,18.369143559305304
5035,122,123,MAE|SAE,5.0788422742449075
5036,122,123,MAE|SAE,1.8720904689703493
5037,122,125,LAE|MAE|SAE,5.26847610578442
5038,122,131,MAE|SAE,5.014919905413824
5039,120,127,LAE|MAE|SAE,7.054905742814385
5040,120,129,LAE|MAE|SAE,6.277717146828777
5041,120,124,MAE,5.025185414698544
5042,120,124,MAE,5.092602454267588
5043,120,124,MAE,12.612873272212191
5044,121,124,LAE|MAE,2.2770789428799283
5045,121,144,LAE|MAE|SAE,8.205109657370603
5046,121,137,LAE|MAE,5.000317096718548
5047,121,124,LAE|MAE,2.0234091296618195
5048,121,133,LAE|MAE,5.129563829248688
5049,121,124,LAE|MAE,2.7365148008494793
5050,121,126,LAE|MAE,2.436782980979214
5051,121,128,LAE|MAE,5.582944196878399
5052,121,124,LAE|MAE,6.116634089195747
5053,121,124,LAE|MAE,2.1420763296693615
5054,121,125,LAE|MAE,10.664935918546695
5055,121,131,LAE|MAE|SAE,4.967698566302187
5056,121,124,LAE|MAE,2.541449371100524
5057,122,124,MAE,2.19058294416388
5058,122,124,MAE,1.9611094722296123
5059,122,129,LAE|MAE,5.001286194227603
5060,122,127,LAE|MAE|SAE,3.663206282981595
5061,122,125,LAE|MAE,2.3313394626635304
5062,122,127,LAE|MAE|SAE,2.7202715868012164
5063,122,129,LAE|MAE,4.848211193589854
5064,122,129,LAE|MAE|SAE,3.116671742836023
5065,122,125,LAE|MAE,2.0986622005824644
5066,122,126,LAE|MAE,2.3889225385141266
5067,122,125,LAE|MAE,2.196581845296592
5068,122,124,MAE,1.9115055640721406
5069,122,126,MAE,2.2207047179010786
5070,122,126,LAE|MAE,1.7961686101967111
5071,122,125,LAE|MAE,2.5734078295281257
5072,122,124,MAE,1.9781489631778162
5073,122,124,MAE,1.970030488010684
5074,122,124,MAE,2.2270516049247004
5075,122,124,MAE,4.1904554187450485
5076,122,138,LAE|MAE|SAE,4.431313101855051
5077,122,124,MAE,4.734746275451099
5078,122,143,LAE|MAE|SAE,3.9704711942802393
5079,122,128,LAE|MAE,5.776125331535866
5080,122,124,MAE,2.075557595406229
5081,123,124,MAE|SAE,1.7685024707230934
5082,123,126,LAE|MAE|SAE,1.5644025447350713
5083,123,139,LAE|MAE|SAE,4.472785550142074
5084,123,126,LAE|MAE|SAE,2.1021366766662077
5085,123,128,LAE|MAE|SAE,1.9464677104358215
5086,123,125,LAE|MAE|SAE,2.035539260193555
5087,123,126,LAE|MAE|SAE,2.2225761616056516
5088,123,125,LAE|MAE|SAE,4.3280163894295285
5089,123,124,MAE|SAE,1.8162545944593576
5090,123,124,MAE|SAE,1.791779928712827
5091,123,126,LAE|MAE|SAE,5.7589081773057265
5092,123,124,MAE|SAE,16.411204131586462
5093,123,124,MAE|SAE,1.984149116721193
5094,123,124,MAE|SAE,14.063790785143953
5095,123,124,MAE|SAE,2.2124876186184936
5096,123,124,MAE|SAE,2.120779096823479
5097,123,160,LAE|MAE|SAE,8.118327849360163
5098,123,125,LAE|MAE|SAE,1.913027618061145
5099,123,129,LAE|MAE|SAE,5.541718353793122
5100,123,128,LAE|MAE|SAE,15.299299955059443
5101,123,125,LAE|MAE|SAE,1.6454001727192888
5102,123,124,MAE|SAE,13.99711476644911
5103,123,124,MAE|SAE,1.734012382609833
5104,123,124,MAE|SAE,3.0056702350292026
5105,123,126,LAE|MAE|SAE,2.6819257887972388
5106,123,124,MAE|SAE,1.8464537639079608
5107,123,139,LAE|MAE|SAE,5.2375781605135305
5108,123,126,MAE|SAE,11.74774082185845
5109,123,143,LAE|MAE|SAE,4.78336945417935
5110,123,124,MAE|SAE,4.418555209738414
5111,123,128,LAE|MAE|SAE,4.56484566336111
5112,123,132,LAE|MAE|SAE,5.62307417477821
5113,123,129,LAE|MAE|SAE,5.99193430104947
5114,123,124,MAE|SAE,1.5406859396592343
5115,123,124,MAE|SAE,1.8636510094244487
5116,123,124,MAE|SAE,1.8468517584123767
5117,123,134,LAE|MAE|SAE,3.122719415951869
5118,123,124,MAE|SAE,2.5865130775550136
5119,123,126,MAE|SAE,3.717678948335198
5120,123,129,LAE|MAE|SAE,2.552312987651024
5121,123,126,MAE|SAE,1.5986843019812647
5122,123,124,MAE|SAE,15.97510362669182
5123,123,125,LAE|MAE|SAE,2.0041061041048946
5124,123,142,LAE|MAE|SAE,4.418201471847269
5125,123,124,MAE|SAE,1.8550452404341684
5126,123,134,MAE|SAE,4.715599890068826
5127,123,124,MAE|SAE,1.9922494221232787
5128,123,124,MAE|SAE,2.398990060307125
5129,123,127,LAE|MAE|SAE,2.6750685697801893
5130,123,140,LAE|MAE|SAE,5.565376627851983
5131,123,126,LAE|MAE|SAE,2.2692519777886355
5132,123,124,MAE|SAE,1.842621535812258
5133,123,124,MAE|SAE,1.820771424010855
5134,123,143,LAE|MAE|SAE,4.445886510434574
5135,123,125,LAE|MAE|SAE,1.9077728084465158
5136,123,124,MAE|SAE,1.8110851047093737
5137,123,126,LAE|MAE|SAE,1.8869270554338917
5138,123,124,MAE|SAE,1.869626807504632
5139,123,124,MAE|SAE,1.333503532982964
5140,123,127,LAE|MAE|SAE,1.724364765038112
5141,123,125,LAE|MAE|SAE,1.9048782186396527
5142,123,125,LAE|MAE|SAE,1.95849363129107
5143,121,129,LAE|MAE,5.9009534711103475
5144,122,127,LAE|MAE|SAE,2.69473510350185
5145,122,128,LAE|MAE,3.1020064995994834
5146,122,125,LAE|MAE,2.146430363422675
5147,122,148,LAE|MAE|SAE,10.737804190537734
5148,122,125,LAE|MAE,2.7613736133259046
5149,122,125,LAE|MAE,5.316020085947657
5150,122,127,LAE|MAE|SAE,4.665006478008715
5151,122,125,LAE|MAE,1.807093000401904
5152,122,129,LAE|MAE|SAE,5.444712481387637
5153,124,125,LAE|MAE,2.00879086808154
5154,124,125,LAE|MAE,2.0683398027698856
5155,124,126,LAE|MAE,2.05365062740555
5156,124,182,LAE|MAE|SAE,13.854537554542713
5157,124,125,LAE|MAE,1.5475754142893419
5158,124,127,LAE|MAE|SAE,3.881259506060687
5159,124,125,LAE|MAE,1.9761069591198714
5160,124,127,LAE|MAE|SAE,1.885005357679765
5161,124,126,LAE|MAE,2.214400486653455
5162,124,125,LAE|MAE,1.9476872694966332
5163,124,134,LAE|MAE|SAE,6.108839511275091
5164,124,126,LAE|MAE,2.116150356110474
5165,124,126,LAE|MAE,2.0175682930780683
5166,124,126,LAE|MAE,1.402428935369981
5167,124,125,LAE|MAE,2.1449170375175823
5168,124,139,LAE|MAE|SAE,4.658590166686789
5169,124,126,LAE|MAE,1.9917396968897487
5170,124,127,LAE|MAE|SAE,2.4139072229914977
5171,124,126,LAE|MAE,2.0032347870628366
5172,124,127,LAE|MAE|SAE,1.8678244760865939
5173,124,125,LAE|MAE,1.9696125288852862
5174,124,128,LAE|MAE|SAE,2.8460133852777654
5175,124,127,LAE|MAE|SAE,2.160237874748251
5176,124,125,LAE|MAE,1.7660489694300732
5177,124,125,LAE|MAE,5.061970728105157
5178,124,137,LAE|MAE|SAE,5.19283798699837
5179,124,126,LAE|MAE,2.0632312762817056
5180,124,127,LAE|MAE|SAE,2.287321130372
5181,124,125,LAE|MAE,1.848690766563439
5182,124,126,LAE|MAE,2.0033943565892995
5183,124,125,LAE|MAE,5.0184539310491205
5184,124,126,LAE|MAE,2.0936202292189665
5185,124,125,LAE|MAE,2.0834812597318617
5186,124,128,LAE|MAE|SAE,2.270655303263061
5187,124,138,LAE|MAE|SAE,5.316436026828239
5188,124,125,LAE|MAE,2.3178077179953624
5189,124,125,LAE|MAE,1.993707125516624
5190,124,139,LAE|MAE|SAE,5.218629579938501
5191,124,176,LAE|MAE|SAE,14.923568970209734
5192,124,127,LAE|MAE|SAE,17.4867808726904
5193,124,126,LAE|MAE,2.292268676753236
5194,124,128,LAE|MAE,5.9018027403163735
5195,124,125,LAE|MAE,2.1450109531251216
5196,124,126,LAE|MAE,1.9872298993312887
5197,124,137,LAE|MAE|SAE,4.61330707528598
5198,124,131,LAE|MAE|SAE,4.800439329751749
5199,124,180,LAE|MAE|SAE,16.193061915784096
5200,124,127,LAE|MAE|SAE,1.4739786736296536
5201,124,125,LAE|MAE,2.0370759173020048
5202,124,146,LAE|MAE|SAE,10.485726091661197
5203,124,125,LAE|MAE,1.7464953791683735
5204,124,125,LAE|MAE,1.9013160389039603
5205,124,136,LAE|MAE|SAE,4.565450083826929
5206,122,126,MAE,2.214342158929195
5207,123,130,MAE|SAE,11.312885858672603
5208,123,126,MAE|SAE,4.930545982635376
5209,123,128,MAE|SAE,1.9001649032823362
5210,123,143,MAE|SAE,4.368529947825844
5211,123,171,MAE|SAE,19.4275364940748
5212,123,138,MAE|SAE,4.724255454294825
5213,123,137,LAE|MAE|SAE,5.561049383095407
5214,123,126,MAE|SAE,3.222466474245514
5215,123,127,MAE|SAE,1.9606624285692134
5216,123,126,MAE|SAE,2.258274393873845
5217,123,136,MAE|SAE,11.464461694070424
5218,123,136,LAE|MAE|SAE,10.919743900443184
5219,123,126,MAE|SAE,7.66577121163266
5220,124,127,MAE|SAE,2.5489587327164496
5221,124,126,MAE,2.4383330521280246
5222,124,130,MAE|SAE,2.0333727196832134
5223,124,126,MAE,1.894170190263167
5224,124,126,MAE,2.0689092750617375
5225,124,136,LAE|MAE|SAE,3.414876585842168
5226,124,139,LAE|MAE|SAE,5.0848850255325155
5227,124,126,MAE,2.17716413890225
5228,124,126,MAE,2.058156755128784
5229,124,130,LAE|MAE|SAE,2.5198499089973883
5230,124,138,LAE|MAE|SAE,4.719008494262951
5231,124,126,MAE,4.874214959025237
5232,124,126,MAE,4.588443250476021
5233,124,134,LAE|MAE|SAE,13.519270636851706
5234,124,136,LAE|MAE|SAE,3.332383492510051
5235,125,126,LAE|MAE,1.9270820310844172
5236,125,127,LAE|MAE|SAE,2.7148045390189313
5237,125,126,LAE|MAE,2.249669351588988
5238,125,126,LAE|MAE,1.4829129128835974
5239,125,126,LAE|MAE,1.8272397111747356
5240,125,136,LAE|MAE|SAE,5.587007143266513
5241,125,132,LAE|MAE|SAE,2.722830516565526
5242,125,143,LAE|MAE|SAE,4.038852149376771
5243,125,129,LAE|MAE,4.242708387035843
5244,125,129,LAE|MAE|SAE,11.66311487622492
5245,125,129,LAE|MAE|SAE,4.027758005564614
5246,125,184,LAE|MAE|SAE,12.744437170990997
5247,125,133,LAE|MAE|SAE,8.36899735331224
5248,125,126,LAE|MAE,2.0089257527931554
5249,125,128,LAE|MAE|SAE,1.9635330929788621
5250,125,130,LAE|MAE|SAE,2.34544486861749
5251,125,128,LAE|MAE|SAE,2.1502000735317335
5252,125,131,LAE|MAE|SAE,2.6613629217185832
5253,125,126,LAE|MAE,1.9336047902666584
5254,125,126,LAE|MAE,2.558661640763239
5255,125,126,LAE|MAE,2.199955694445005
5256,125,160,LAE|MAE|SAE,11.85508645783133
5257,125,170,LAE|MAE|SAE,10.37703624033666
5258,125,127,LAE|MAE|SAE,1.7436667837041588
5259,125,132,LAE|MAE|SAE,5.140009137718767
5260,125,126,LAE|MAE,2.0620461905918392
5261,125,126,LAE|MAE,4.616637587690574
5262,125,133,LAE|MAE|SAE,4.665734282860519
5263,125,126,LAE|MAE,1.3563379139715497
5264,125,126,LAE|MAE,1.3653660034794532
5265,125,133,LAE|MAE|SAE,2.669603784717472
5266,125,127,LAE|MAE|SAE,1.8238770854917714
5267,125,126,LAE|MAE,2.0470942006314927
5268,125,126,LAE|MAE,1.9195387399514612
5269,125,126,LAE|MAE,2.129485700706062
5270,125,127,LAE|MAE|SAE,2.174952784450181
5271,125,128,LAE|MAE,11.579448935730543
5272,125,127,LAE|MAE|SAE,1.6879393180212974
5273,125,143,LAE|MAE|SAE,4.076838132508941
5274,125,130,LAE|MAE|SAE,3.993962430005451
5275,125,126,LAE|MAE,1.6733908490183471
5276,125,128,LAE|MAE|SAE,5.1514815922502
5277,125,128,LAE|MAE|SAE,1.9505123968073397
5278,125,127,LAE|MAE|SAE,4.486653082954442
5279,123,134,MAE|SAE,5.852934636903007
5280,123,127,SAE,4.560224669425556
5281,123,135,SAE,7.163771958559284
5282,123,127,SAE,2.5513739655528527
5283,123,127,SAE,4.880099564594431
5284,123,127,SAE,2.333062493604094
5285,123,127,SAE,5.024470788229297
5286,123,132,MAE|SAE,5.736223461324235
5287,123,134,MAE|SAE,5.526689745963988
5288,124,144,LAE|MAE|SAE,5.32296396545846
5289,124,138,LAE|MAE|SAE,12.864728355052597
5290,124,136,LAE|MAE|SAE,2.9005855065394113
5291,124,129,LAE|MAE|SAE,2.8053311863290227
5292,126,130,LAE|MAE|SAE,2.5874996258319864
5293,126,143,LAE|MAE|SAE,8.191452919706679
5294,126,127,MAE|SAE,2.0014998458733397
5295,126,130,LAE|MAE|SAE,1.8617794948934165
5296,126,128,MAE|SAE,1.6866997320310697
5297,126,127,MAE|SAE,1.8595028143319423
5298,126,196,LAE|MAE|SAE,14.988256963633678
5299,126,139,LAE|MAE|SAE,3.5451204088525636
5300,126,128,MAE|SAE,1.6962801535717118
5301,126,127,MAE|SAE,1.8747205129218747
5302,126,137,LAE|MAE|SAE,4.988203149568508
5303,126,127,MAE|SAE,1.1170598715632083
5304,126,128,MAE|SAE,1.2724487422609394
5305,126,176,LAE|MAE|SAE,13.301888263997633
5306,126,133,LAE|MAE|SAE,2.529885946091464
5307,126,127,MAE|SAE,2.1753666941409704
5308,126,144,LAE|MAE|SAE,9.989758012929958
5309,126,127,MAE|SAE,1.5699592723970066
5310,126,130,LAE|MAE|SAE,1.8987807781849804
5311,126,127,MAE|SAE,2.627018847648071
5312,126,127,MAE|SAE,1.1788529745943241
5313,126,127,MAE|SAE,2.1155494872290745
5314,126,138,LAE|MAE|SAE,14.867076743603267
5315,126,127,MAE|SAE,2.6536817465697755
5316,126,128,MAE|SAE,1.9241797503778562
5317,126,137,LAE|MAE|SAE,12.375127081927973
5318,126,127,MAE|SAE,6.27924181696877
5319,126,133,LAE|MAE|SAE,7.460624905251105
5320,126,165,LAE|MAE|SAE,7.401213805485549
5321,126,143,LAE|MAE|SAE,3.9161918101725686
5322,126,131,LAE|MAE|SAE,4.804402262265907
5323,126,127,MAE|SAE,1.5621784608866918
5324,126,128,MAE|SAE,1.3467960177789462
5325,126,143,LAE|MAE|SAE,4.386149615387084
5326,126,191,LAE|MAE|SAE,12.747259086117463
5327,126,129,LAE|MAE|SAE,4.26695326530293
5328,126,127,MAE|SAE,5.774894253366343
5329,126,156,LAE|MAE|SAE,7.477461407090316
5330,126,131,LAE|MAE|SAE,4.046441696535971
5331,126,143,LAE|MAE|SAE,3.9730798431252077
5332,126,144,LAE|MAE|SAE,4.891222688300376
5333,126,127,MAE|SAE,4.832239430813612
5334,126,138,LAE|MAE|SAE,3.5665416531000567
5335,126,140,LAE|MAE|SAE,4.553245208224684
5336,126,128,MAE|SAE,1.6393990598418136
5337,126,136,LAE|MAE|SAE,3.028478501014213
5338,126,129,LAE|MAE|SAE,2.132251672786381
5339,126,140,LAE|MAE|SAE,3.976385963285234
5340,126,143,LAE|MAE|SAE,4.200538428687377
5341,126,182,LAE|MAE|SAE,13.722599773999177
5342,126,127,MAE|SAE,5.187926645486593
5343,126,131,MAE|SAE,5.875004361351538
5344,126,127,MAE|SAE,2.4293267482616066
5345,126,132,LAE|MAE|SAE,2.3725565542506604
5346,126,128,MAE|SAE,1.6555575040038244
5347,126,127,MAE|SAE,1.2521162176165161
5348,126,135,LAE|MAE|SAE,2.5244018254725145
5349,126,127,MAE|SAE,4.882487741803263
5350,126,137,LAE|MAE|SAE,3.8676894248086255
5351,126,142,LAE|MAE|SAE,3.6228600307102305
5352,126,128,MAE|SAE,2.040832939119092
5353,124,128,MAE,3.1833110432675635
5354,124,160,LAE|MAE|SAE,7.847297287975309
5355,124,128,MAE,4.312251924428912
5356,125,140,LAE|MAE,4.132890469077809
5357,125,129,LAE|MAE,2.2188152401559686
5358,125,128,LAE|MAE,2.498380843281315
5359,125,134,LAE|MAE,5.058775193906228
5360,125,132,LAE|MAE,4.3743370933442645
5361,125,128,LAE|MAE,4.540922625617679
5362,125,132,LAE|MAE,4.360436089577819
5363,125,146,LAE|MAE|SAE,5.5013142997459035
5364,125,133,LAE|MAE,4.937181261823803
5365,125,128,LAE|MAE,9.223968344408364
5366,125,129,LAE|MAE,5.315005622090205
5367,125,128,LAE|MAE,1.957575706835886
5368,125,144,LAE|MAE|SAE,4.914722879002278
5369,125,128,LAE|MAE,10.22721144436841
5370,125,128,LAE|MAE,5.476848433516353
5371,125,128,LAE|MAE,2.478821857662687
5372,125,128,LAE|MAE,2.0443454795096305
5373,125,133,LAE|MAE,4.8273022457876875
5374,125,143,LAE|MAE|SAE,4.8806181548941385
5375,125,196,LAE|MAE,15.358823479952347
5376,125,128,LAE|MAE,5.54632543748418
5377,125,128,LAE|MAE,1.608457088497028
5378,125,128,LAE|MAE,2.6016355557896276
5379,125,138,LAE|MAE|SAE,4.0039295271608095
5380,125,128,LAE|MAE,3.857189993197599
5381,125,137,LAE|MAE,15.855451605965115
5382,125,129,LAE|MAE,2.0474763538218417
5383,126,132,MAE,4.999590976923456
5384,126,137,LAE|MAE,4.247488414737551
5385,126,129,LAE|MAE,5.006023656995003
5386,126,131,LAE|MAE|SAE,2.541204817473231
5387,126,128,MAE,2.408506904230061
5388,126,151,LAE|MAE|SAE,8.029343972380074
5389,126,132,LAE|MAE,12.984316647779243
5390,126,130,MAE,8.410089344673949
5391,126,142,LAE|MAE|SAE,6.078745118978566
5392,126,128,MAE,1.7084928184887271
5393,126,128,MAE,10.386898975352581
5394,126,128,MAE,1.9857648978881395
5395,126,128,MAE,1.6586926952371837
5396,126,128,MAE,4.720381324100578
5397,126,138,LAE|MAE|SAE,4.680354588275908
5398,126,140,LAE|MAE|SAE,4.56618388358396
5399,126,128,MAE,1.5677782722391753
5400,127,190,LAE|MAE|SAE,15.622201627764309
5401,127,164,LAE|MAE|SAE,13.999204134288004
5402,127,137,LAE|MAE|SAE,3.182244967117402
5403,127,128,MAE|SAE,1.612142440742433
5404,127,128,MAE|SAE,2.1782195613340423
5405,127,128,MAE|SAE,3.16940710238267
5406,127,128,MAE|SAE,1.9710612885900873
5407,127,128,MAE|SAE,3.5059783728916405
5408,127,156,LAE|MAE|SAE,10.025287077283282
5409,127,133,LAE|MAE|SAE,3.4769183198755864
5410,127,128,MAE|SAE,3.4632091840461983
5411,127,133,LAE|MAE|SAE,3.7934567675590287
5412,127,128,MAE|SAE,2.934823420171423
5413,127,133,LAE|MAE|SAE,2.1175682818203962
5414,127,128,MAE|SAE,2.214310323353742
5415,127,131,MAE|SAE,5.756355079262241
5416,127,145,LAE|MAE|SAE,4.781752498357151
5417,127,128,MAE|SAE,1.8728204504688961
5418,127,143,LAE|MAE|SAE,3.8213781416877732
5419,127,128,MAE|SAE,1.5359260739765919
5420,127,128,MAE|SAE,2.7367693771765738
5421,127,128,MAE|SAE,1.5263087914963502
5422,127,129,LAE|MAE|SAE,6.257682241994548
5423,127,128,MAE|SAE,5.191682663433545
5424,127,130,LAE|MAE|SAE,2.3130905632710808
5425,127,137,LAE|MAE|SAE,11.23557999339435
5426,127,128,MAE|SAE,2.222465419708548
5427,127,129,LAE|MAE|SAE,2.123565362292609
5428,127,170,LAE|MAE|SAE,9.487174301604334
5429,127,131,LAE|MAE|SAE,3.793381965224167
5430,127,128,MAE|SAE,1.2092635669257557
5431,127,128,MAE|SAE,2.150632505013038
5432,127,128,MAE|SAE,3.3875161466521266
5433,127,156,LAE|MAE|SAE,7.281650800682667
5434,127,128,MAE|SAE,5.3185541750740635
5435,127,128,MAE|SAE,3.9014505447783057
5436,127,129,LAE|MAE|SAE,1.993560021809407
5437,127,134,LAE|MAE|SAE,14.222293819437887
5438,127,128,MAE|SAE,6.874356881392822
5439,127,128,MAE|SAE,4.771205234910685
5440,127,142,LAE|MAE|SAE,3.729825535474036
5441,127,160,LAE|MAE|SAE,6.942847233435384
5442,125,129,LAE,6.236726503499253
5443,125,129,LAE,4.631342705418226
5444,125,136,LAE|MAE,5.2513203653816305
5445,125,129,LAE,6.4569463052024245
5446,126,129,LAE|MAE,11.752966117385474
5447,126,137,LAE|MAE|SAE,4.5450832498756295
5448,128,129,LAE|MAE,2.9838408367610048
5449,128,132,LAE|MAE|SAE,1.6905895338842758
5450,128,133,LAE|MAE|SAE,7.4310630846578265
5451,128,129,LAE|MAE,4.588243192947906
5452,128,129,LAE|MAE,4.817642408580659
5453,128,135,LAE|MAE|SAE,4.059594081920688
5454,128,131,LAE|MAE|SAE,3.280567167333642
5455,128,130,LAE|MAE,2.734475428797363
5456,128,191,LAE|MAE|SAE,13.155462733763951
5457,128,142,LAE|MAE|SAE,4.197063403451968
5458,128,155,LAE|MAE|SAE,6.929157847934648
5459,128,138,LAE|MAE|SAE,5.367227339824353
5460,128,129,LAE|MAE,3.9184235422468316
5461,128,140,LAE|MAE|SAE,7.815013670091979
5462,128,137,LAE|MAE|SAE,4.0537574065626005
5463,128,130,LAE|MAE,3.6643030714360636
5464,128,151,LAE|MAE|SAE,6.823004340501988
5465,128,139,LAE|MAE|SAE,4.032543110308853
5466,128,129,LAE|MAE,5.987949850264803
5467,128,130,LAE|MAE,12.534836128934964
5468,128,134,LAE|MAE|SAE,2.339740018635704
5469,128,163,LAE|MAE|SAE,12.938685119164292
5470,128,133,LAE|MAE|SAE,1.7255563245917325
5471,128,159,LAE|MAE|SAE,6.043085450295521
5472,128,134,LAE|MAE|SAE,4.535025691205919
5473,128,131,LAE|MAE|SAE,2.3221063469846746
5474,128,143,LAE|MAE|SAE,3.61047442760259
5475,128,131,LAE|MAE|SAE,2.016305212235761
5476,128,140,LAE|MAE|SAE,3.47439173216315
5477,128,142,LAE|MAE|SAE,4.202246235548922
5478,128,159,LAE|MAE|SAE,8.782249733227545
5479,128,129,LAE|MAE,2.9642426054363717
5480,128,129,LAE|MAE,4.082255891705975
5481,128,152,LAE|MAE|SAE,8.180523905502064
5482,128,133,LAE|MAE,2.240779774454884
5483,128,139,LAE|MAE|SAE,5.570458716294843
5484,128,159,LAE|MAE|SAE,7.300383892182323
5485,128,138,LAE|MAE|SAE,3.981558974855874
5486,128,143,LAE|MAE|SAE,3.579563980801874
5487,128,129,LAE|MAE,13.001393466736053
5488,128,188,LAE|MAE|SAE,14.0578060856592
5489,128,171,LAE|MAE|SAE,7.901768225240087
5490,128,131,LAE|MAE|SAE,17.23824812467364
5491,128,139,LAE|MAE|SAE,3.044646613786444
5492,128,195,LAE|MAE|SAE,9.659286242195082
5493,128,137,LAE|MAE|SAE,2.984422775405699
5494,128,138,LAE|MAE|SAE,3.068896823825101
5495,126,142,LAE|MAE|SAE,4.300688352601185
5496,126,130,MAE,7.8474246489534645
5497,127,138,LAE|MAE|SAE,5.288534212752093
5498,127,143,MAE|SAE,13.274366869330263
5499,127,137,LAE|MAE|SAE,5.408628963767278
5500,127,131,MAE|SAE,5.386310507146484
5501,127,134,MAE|SAE,4.7640098625982015
5502,127,131,MAE|SAE,2.166596577529567
5503,127,131,MAE|SAE,3.7139905106321867
5504,127,142,MAE|SAE,6.302403474361897
5505,127,131,MAE|SAE,4.1235718154653505
5506,127,130,MAE|SAE,4.704433364107666
5507,127,131,MAE|SAE,14.811415714347913
5508,127,139,MAE|SAE,3.4641718984380407
5509,127,140,MAE|SAE,3.594340911767563
5510,127,131,MAE|SAE,2.1488209024195237
5511,127,132,MAE|SAE,5.446491350865339
5512,127,130,MAE|SAE,2.501333124005897
5513,127,135,MAE|SAE,4.583556700207853
5514,127,132,MAE|SAE,2.1820488066220807
5515,127,131,MAE|SAE,5.765865876912383
5516,127,130,MAE|SAE,4.53763927332916
5517,127,138,MAE|SAE,4.102081182869911
5518,127,138,LAE|MAE|SAE,3.111746282494451
5519,127,135,MAE|SAE,13.010223530123776
5520,128,133,LAE|MAE,1.7983031492509887
5521,128,134,LAE|MAE|SAE,1.9111501938830764
5522,128,137,LAE|MAE,4.051761355556
5523,128,130,MAE,2.2402412245588312
5524,128,130,MAE,6.177025688159478
5525,128,130,MAE,4.3389088526080455
5526,128,130,MAE,2.5009679547649046
5527,128,130,MAE,4.55027165194565
5528,128,132,MAE|SAE,2.160232638653011
5529,128,130,MAE,1.8777165061278291
5530,128,133,LAE|MAE|SAE,4.127378313140889
5531,128,130,MAE,14.032709005201387
5532,128,130,MAE,15.602086152564794
5533,129,131,LAE|MAE|SAE,3.699666552579886
5534,129,130,LAE|MAE,1.2502006614025334
5535,129,142,LAE|MAE|SAE,5.358182033237861
5536,129,140,LAE|MAE|SAE,7.296181752611553
5537,129,131,LAE|MAE|SAE,1.1309886179501214
5538,129,133,LAE|MAE|SAE,3.708431765532743
5539,129,134,LAE|MAE|SAE,2.015474553031459
5540,129,158,LAE|MAE|SAE,7.044637845869906
5541,129,131,LAE|MAE|SAE,2.049430187575972
5542,129,131,LAE|MAE|SAE,2.2398361564062266
5543,129,135,LAE|MAE|SAE,7.3621348076038124
5544,129,144,LAE|MAE|SAE,6.202056619167827
5545,129,140,LAE|MAE|SAE,5.386052744589299
5546,129,131,LAE|MAE|SAE,2.065071345985231
5547,129,133,LAE|MAE|SAE,3.345795074206265
5548,129,131,LAE|MAE|SAE,2.588537381923075
5549,129,130,LAE|MAE,1.2416830503673637
5550,129,131,LAE|MAE|SAE,1.7710706543672132
5551,129,140,LAE|MAE,7.167989718772426
5552,129,131,LAE|MAE|SAE,1.6925225461392872
5553,129,132,LAE|MAE,1.9502254573731743
5554,129,152,LAE|MAE|SAE,9.845010426729772
5555,129,136,LAE|MAE|SAE,2.7067918429811426
5556,129,132,LAE|MAE,12.131884038965302
5557,129,133,LAE|MAE|SAE,2.3899422072191667
5558,129,130,LAE|MAE,1.5539097649514337
5559,129,139,LAE|MAE|SAE,2.9147293729943975
5560,129,204,LAE|MAE|SAE,17.031421620329997
5561,129,130,LAE|MAE,2.2822390456093316
5562,129,133,LAE|MAE|SAE,3.3945176503361343
5563,129,130,LAE|MAE,11.058684164812876
5564,129,152,LAE|MAE|SAE,6.60096180445306
5565,129,168,LAE|MAE|SAE,13.399918100809742
5566,129,132,LAE|MAE,13.44069370042338
5567,129,130,LAE|MAE,1.3348146612975573
5568,129,134,LAE|MAE,4.942097287800433
5569,129,130,LAE|MAE,1.1637900802208097
5570,129,152,LAE|MAE|SAE,6.638694050987396
5571,129,135,LAE|MAE|SAE,2.1498129911341883
5572,129,130,LAE|MAE,6.886526214744093
5573,129,130,LAE|MAE,3.2217027143694983
5574,129,131,LAE|MAE|SAE,3.760819974876279
5575,129,130,LAE|MAE,3.7395360685865358
5576,127,131,SAE,4.5187220303380835
5577,127,131,SAE,4.5333767688589415
5578,127,131,SAE,3.4940064871784102
5579,128,138,MAE|SAE,4.557672104080303
5580,128,132,MAE|SAE,2.1795894848604798
5581,128,132,MAE|SAE,4.937023918158876
5582,128,146,LAE|MAE|SAE,5.432509370479344
5583,128,148,MAE|SAE,7.054998622184471
5584,128,143,MAE|SAE,7.96053673267453
5585,128,135,MAE|SAE,7.389939387144631
5586,130,132,MAE|SAE,1.4057275574468873
5587,130,133,LAE|MAE|SAE,1.5217122115647148
5588,130,156,LAE|MAE|SAE,6.776840428172598
5589,130,135,LAE|MAE|SAE,2.467479752340766
5590,130,143,LAE|MAE|SAE,3.4871498587273586
5591,130,131,MAE|SAE,1.815178061416853
5592,130,134,MAE|SAE,1.7403551465853846
5593,130,138,LAE|MAE|SAE,4.326872258266562
5594,130,135,LAE|MAE|SAE,3.404287308213872
5595,130,132,MAE|SAE,6.2740573885293704
5596,130,131,MAE|SAE,3.1942104569047842
5597,130,133,LAE|MAE|SAE,5.015111907023792
5598,130,132,MAE|SAE,1.7245562602164617
5599,130,135,LAE|MAE|SAE,2.1905560055037556
5600,130,134,LAE|MAE|SAE,2.1802500054887584
5601,130,163,LAE|MAE|SAE,14.912371698159069
5602,130,138,LAE|MAE|SAE,4.90037472608566
5603,130,135,LAE|MAE|SAE,1.9115773573970543
5604,130,131,MAE|SAE,3.320387028126841
5605,130,175,LAE|MAE|SAE,14.672200562352273
5606,130,132,MAE|SAE,4.359862909265823
5607,130,131,MAE|SAE,1.8829147980363026
5608,130,135,MAE|SAE,2.191374047361747
5609,130,137,LAE|MAE|SAE,3.288537183199736
5610,130,131,MAE|SAE,2.490758772048688
5611,130,131,MAE|SAE,3.1612300003209093
5612,130,134,LAE|MAE|SAE,10.863102189742957
5613,130,199,LAE|MAE|SAE,13.480507109818026
5614,130,144,LAE|MAE|SAE,4.197041254134515
5615,130,132,MAE|SAE,1.6706434849635565
5616,130,135,MAE|SAE,4.728766597050556
5617,130,137,LAE|MAE|SAE,2.5182497274055673
5618,130,155,LAE|MAE|SAE,6.656369934955698
5619,130,134,LAE|MAE|SAE,2.4819552742587927
5620,130,144,LAE|MAE|SAE,19.313723178356728
5621,128,133,LAE|MAE,3.588191808650961
5622,128,132,MAE,5.01168208634038
5623,129,132,LAE|MAE,4.665311320840847
5624,129,136,LAE|MAE|SAE,3.638349315094418
5625,129,144,LAE|MAE,6.012477863511186
5626,129,133,LAE|MAE,3.3366735788075665
5627,129,136,LAE|MAE,2.982906414343982
5628,129,133,LAE|MAE,1.7061835184918182
5629,129,132,LAE|MAE,2.159219537994105
5630,129,134,LAE|MAE,5.323596817107554
5631,129,132,LAE|MAE,1.8218002058186167
5632,129,132,LAE|MAE,10.337068477928305
5633,129,140,LAE|MAE|SAE,3.8096089694578987
5634,129,133,LAE|MAE,2.399070402396625
5635,129,144,LAE|MAE,6.639221084411573
5636,129,132,LAE|MAE,3.481483031675695
5637,129,132,LAE|MAE,2.4804916028748076
5638,129,139,LAE|MAE|SAE,3.2096795072436586
5639,129,144,LAE|MAE,6.033790932045943
5640,129,139,LAE|MAE|SAE,4.332222511835203
5641,129,164,LAE|MAE|SAE,8.215917766972286
5642,129,140,LAE|MAE,5.8159181242966715
5643,129,133,LAE|MAE,10.266995683269583
5644,129,136,LAE|MAE,5.5980912586483065
5645,129,133,LAE|MAE,3.8657472992829947
5646,129,132,LAE|MAE,6.42839909299097
5647,130,132,MAE,1.5093996232910991
5648,130,132,MAE,1.3386641177861154
5649,130,132,MAE,3.2152515274445137
5650,130,134,MAE,11.012080797827874
5651,130,132,MAE,1.6369218944080897
5652,130,152,LAE|MAE|SAE,6.893088442021714
5653,130,134,LAE|MAE,2.3815069135002425
5654,130,132,MAE,1.8016542644041493
5655,130,139,LAE|MAE|SAE,4.045333624737105
5656,130,132,MAE,1.623644808293468
5657,130,132,MAE,1.7513252085124769
5658,130,132,MAE,1.8686481721777253
5659,130,132,MAE,1.721736184829377
5660,130,133,LAE|MAE,5.821916171063004
5661,130,138,LAE|MAE|SAE,4.142626810848787
5662,130,179,LAE|MAE|SAE,12.762624074047885
5663,130,162,LAE|MAE|SAE,18.286327402054557
5664,130,136,MAE|SAE,4.428592678542941
5665,130,136,MAE,56.949156730363526
5666,131,133,LAE|MAE|SAE,1.5830053312801282
5667,131,139,LAE|MAE|SAE,3.509589358284023
5668,131,135,LAE|MAE|SAE,1.7997177077783466
5669,131,132,MAE|SAE,8.456609844345827
5670,131,156,LAE|MAE|SAE,6.7104168189061655
5671,131,151,LAE|MAE|SAE,6.647986258168077
5672,131,141,LAE|MAE|SAE,3.312187908282989
5673,131,168,LAE|MAE|SAE,7.964631652735371
5674,131,135,LAE|MAE|SAE,1.9143644141280627
5675,131,132,MAE|SAE,6.39832430406735
5676,131,132,MAE|SAE,2.0032966577188773
5677,131,152,LAE|MAE|SAE,6.4213927702263165
5678,131,132,MAE|SAE,3.6690817470476706
5679,131,134,LAE|MAE|SAE,1.7918767034876035
5680,131,136,MAE|SAE,19.231909863977524
5681,131,132,MAE|SAE,2.864915504905475
5682,131,133,LAE|MAE|SAE,1.38132774931517
5683,131,135,MAE|SAE,3.1180358554883694
5684,131,134,LAE|MAE|SAE,2.028671664566727
5685,131,136,MAE|SAE,3.146780535761635
5686,131,139,LAE|MAE|SAE,3.759975400088726
5687,131,133,LAE|MAE|SAE,3.392475409826108
5688,131,133,LAE|MAE|SAE,8.91793457680572
5689,129,137,LAE|MAE,6.577916075147039
5690,129,137,LAE,3.298347493463642
5691,129,137,LAE,9.991410949974737
5692,129,133,LAE,1.8834835800311813
5693,129,133,LAE,4.887509864669661
5694,129,140,LAE|MAE,6.807745259973768
5695,129,133,LAE,6.567097633068342
5696,129,140,LAE|MAE,3.8566055349626556
5697,129,140,LAE|MAE|SAE,2.938918851828272
5698,129,133,LAE,44.925089348808626
5699,129,133,LAE,10.734651343856846
5700,129,133,LAE,36.702112488541246
5701,129,133,LAE,3.7164811754152076
5702,130,133,LAE|MAE,10.534796329679263
5703,130,133,LAE|MAE,1.7625769718679969
5704,130,138,LAE|MAE,3.397314859852748
5705,130,136,LAE|MAE,2.7620015760433607
5706,130,133,LAE|MAE,3.2132689718085112
5707,130,133,LAE|MAE,2.970816018280152
5708,130,156,LAE|MAE|SAE,6.983097538248428
5709,130,144,LAE|MAE|SAE,4.132764556977294
5710,130,137,LAE|MAE,3.4060892843290493
5711,130,133,LAE|MAE,2.356399640840873
5712,130,134,LAE|MAE,2.086709046629784
5713,132,135,LAE|MAE|SAE,4.147822858165878
5714,132,139,LAE|MAE|SAE,2.5682869988564905
5715,132,134,LAE|MAE,2.8258145282135403
5716,132,134,LAE|MAE,3.6430893372061717
5717,132,135,LAE|MAE|SAE,3.9798722602635084
5718,132,137,LAE|MAE|SAE,3.7601743099710143
5719,132,134,LAE|MAE,1.0806936671762208
5720,132,137,LAE|MAE,3.1329119737031923
5721,132,133,LAE|MAE,1.0970075064253233
5722,132,134,LAE|MAE,2.133942321746299
5723,132,137,LAE|MAE|SAE,3.6599870004533233
5724,132,133,LAE|MAE,1.79298578848508
5725,132,137,LAE|MAE,3.6796484590490355
5726,132,134,LAE|MAE,2.2550857497126375
5727,132,133,LAE|MAE,6.108609705610075
5728,132,139,LAE|MAE|SAE,2.545425087873729
5729,132,139,LAE|MAE|SAE,2.3675966942425917
5730,132,136,LAE|MAE,6.637537357391706
5731,132,133,LAE|MAE,2.863574300916759
5732,132,133,LAE|MAE,2.7479556000047958
5733,132,144,LAE|MAE|SAE,8.170773433233917
5734,132,133,LAE|MAE,2.3845668728119898
5735,132,146,LAE|MAE|SAE,9.309491303180677
5736,132,133,LAE|MAE,3.21193854330623
5737,132,166,LAE|MAE|SAE,12.514831132812088
5738,132,135,LAE|MAE|SAE,5.527547261041883
5739,132,133,LAE|MAE,13.532533804068233
5740,132,134,LAE|MAE,3.152494107256492
5741,132,136,LAE|MAE,2.6493721663270233
5742,132,137,LAE|MAE,3.2569510163032196
5743,132,139,LAE|MAE|SAE,2.257465781105107
5744,130,139,MAE|SAE,3.3046146748602743
5745,130,134,MAE,2.6392595353764494
5746,131,139,MAE|SAE,6.400135777866204
5747,131,143,MAE|SAE,6.861388180802346
5748,131,135,MAE|SAE,3.2956843316748032
5749,131,134,MAE|SAE,3.104177073336112
5750,131,155,LAE|MAE|SAE,6.231498221441641
5751,131,147,LAE|MAE|SAE,6.398252984823649
5752,131,135,MAE|SAE,2.5465683682251496
5753,131,139,MAE|SAE,6.624805588257671
5754,131,142,MAE|SAE,5.593351261579343
5755,131,143,MAE|SAE,6.674702596231182
5756,131,143,MAE|SAE,6.0651328497018895
5757,131,135,MAE|SAE,2.7422156986481543
5758,131,134,MAE|SAE,2.1300537097225605
5759,131,134,MAE|SAE,4.406927663196882
5760,131,134,MAE|SAE,3.562068636156957
5761,131,134,MAE|SAE,3.0103579440500456
5762,131,138,LAE|MAE|SAE,6.70750997474028
5763,131,139,LAE|MAE|SAE,3.724128810384671
5764,131,138,MAE|SAE,2.2065648559270565
5765,131,137,LAE|MAE|SAE,4.315716605493676
5766,131,148,LAE|MAE|SAE,11.54524882696641
5767,131,142,MAE|SAE,6.2619082951158465
5768,131,134,MAE|SAE,3.0145340414134134
5769,131,134,MAE|SAE,2.4880361553519195
5770,131,139,MAE|SAE,3.2434031386383975
5771,131,139,MAE|SAE,6.364119705077822
5772,131,134,MAE|SAE,3.7723511850111215
5773,131,134,MAE|SAE,5.573159246730091
5774,131,136,MAE|SAE,2.590814879184085
5775,132,136,MAE|SAE,1.5344195170088537
5776,132,142,LAE|MAE|SAE,3.2672521968350803
5777,132,136,MAE,2.0268470886084384
5778,132,152,LAE|MAE|SAE,4.697818640824305
5779,132,137,LAE|MAE,2.9544931839930886
5780,132,134,MAE,3.4959180805911743
5781,132,134,MAE,4.165896144933048
5782,132,134,MAE,2.810764524911168
5783,132,135,MAE|SAE,3.8585014605991663
5784,132,161,LAE|MAE|SAE,12.027335393201271
5785,133,137,LAE|MAE,4.37743098841234
5786,133,140,LAE|MAE,5.1857601792477235
5787,133,138,LAE|MAE|SAE,4.156693808611763
5788,133,140,LAE|MAE|SAE,2.6938516073252385
5789,133,134,LAE|MAE,2.7852667439018712
5790,133,143,LAE|MAE|SAE,3.234519962465644
5791,133,134,LAE|MAE,4.443166198500715
5792,133,134,LAE|MAE,1.2086061627788467
5793,133,135,LAE|MAE|SAE,1.7276860372099918
5794,133,134,LAE|MAE,6.177878534541992
5795,133,136,LAE|MAE,5.4534545557054
5796,133,144,LAE|MAE|SAE,6.480882404667587
5797,133,156,LAE|MAE|SAE,5.949070126816023
5798,133,134,LAE|MAE,6.171761401957389
5799,133,134,LAE|MAE,4.8826395648719325
5800,133,134,LAE|MAE,4.616408764301198
5801,133,159,LAE|MAE|SAE,5.5955933337104895
5802,133,134,LAE|MAE,2.9798262071653285
5803,133,137,LAE|MAE,3.7572263860786075
5804,133,136,LAE|MAE|SAE,1.7501657712048195
5805,133,135,LAE|MAE|SAE,3.6627733614616127
5806,133,134,LAE|MAE,3.9334978614431253
5807,133,138,LAE|MAE|SAE,2.6264661631575477
5808,133,148,LAE|MAE|SAE,6.029048020210086
5809,133,134,LAE|MAE,2.9076789432735675
5810,133,148,LAE|MAE|SAE,3.666191755631884
5811,133,171,LAE|MAE|SAE,7.273639941529168
5812,133,140,LAE|MAE|SAE,2.985036421076675
5813,133,150,LAE|MAE|SAE,8.665776698547097
5814,133,134,LAE|MAE,1.9525593354260107
5815,133,144,LAE|MAE|SAE,5.646309772323451
5816,133,138,LAE|MAE|SAE,6.1165958250080985
5817,133,138,LAE|MAE|SAE,13.466618180902168
5818,133,178,LAE|MAE|SAE,13.073637335829963
5819,133,138,LAE|MAE|SAE,6.412590349274753
5820,131,140,MAE|SAE,5.905446995927515
5821,131,139,MAE|SAE,6.659651929252028
5822,131,139,MAE|SAE,3.159215399672061
5823,131,135,SAE,3.4864391635428174
5824,131,138,MAE|SAE,3.788426911610798
5825,131,138,LAE|MAE|SAE,6.834311813896798
5826,131,148,MAE|SAE,6.897875281162895
5827,131,162,MAE|SAE,8.014370180587818
5828,131,139,SAE,7.21678015323517
5829,131,135,SAE,3.9227574096206834
5830,131,135,SAE,3.802386943790773
5831,132,135,MAE|SAE,2.019901624463052
5832,132,138,MAE|SAE,3.9906596397293725
5833,132,138,LAE|MAE|SAE,6.199248234979313
5834,132,138,MAE|SAE,2.786743286780866
5835,132,135,MAE|SAE,4.454641065379017
5836,132,135,MAE|SAE,4.204164530866764
5837,134,138,LAE|MAE|SAE,2.9027668112828833
5838,134,135,MAE|SAE,1.2183433918743087
5839,134,135,MAE|SAE,2.9947681962108432
5840,134,138,MAE|SAE,4.712274117429091
5841,134,138,LAE|MAE|SAE,2.787033012160773
5842,134,143,LAE|MAE|SAE,2.442033607742983
5843,134,135,MAE|SAE,1.4992836341113638
5844,134,135,MAE|SAE,2.979676265205613
5845,134,138,MAE|SAE,2.6431527502635745
5846,134,136,MAE|SAE,1.7080991981042661
5847,134,139,LAE|MAE|SAE,2.516748762728907
5848,134,151,LAE|MAE|SAE,5.968680372917348
5849,134,144,MAE|SAE,5.447523622990552
5850,134,137,LAE|MAE|SAE,2.415339194683459
5851,134,135,MAE|SAE,4.3054431172269
5852,134,140,LAE|MAE|SAE,4.713108490037977
5853,134,144,MAE|SAE,3.109233135825968
5854,134,136,MAE|SAE,2.7740791207982056
5855,134,139,MAE|SAE,2.13328532153677
5856,134,144,LAE|MAE|SAE,6.041289097683415
5857,134,138,MAE|SAE,5.966160945744833
5858,134,138,LAE|MAE|SAE,3.07908158945729
5859,134,136,MAE|SAE,2.7201257483612036
5860,134,135,MAE|SAE,1.5942201421583748
5861,134,143,LAE|MAE|SAE,5.719193140361348
5862,134,147,LAE|MAE|SAE,5.8469563372016315
5863,134,138,MAE|SAE,2.925023921093703
5864,134,139,LAE|MAE|SAE,2.6486405724481084
5865,134,160,MAE|SAE,9.007981412569304
5866,134,143,LAE|MAE|SAE,2.392990930062592
5867,134,143,LAE|MAE|SAE,6.462650498321936
5868,134,137,LAE|MAE|SAE,3.0859678624699085
5869,134,135,MAE|SAE,2.7656187234237644
5870,134,152,MAE|SAE,4.864312542047446
5871,134,135,MAE|SAE,3.124630736972279
5872,134,135,MAE|SAE,2.4204832880753555
5873,132,139,MAE|SAE,3.3125838293970813
5874,132,136,MAE,3.6458882780300303
5875,133,148,LAE|MAE,6.580990587515189
5876,133,137,LAE|MAE,2.8721201048733414
5877,133,144,LAE|MAE,5.270022909377698
5878,133,140,LAE|MAE,6.77806471911675
5879,133,137,LAE|MAE,2.6557344642407688
5880,133,148,LAE|MAE,6.01847770948092
5881,133,137,LAE|MAE,3.7308364364396653
5882,133,141,LAE|MAE,6.58959138153551
5883,133,160,LAE|MAE|SAE,6.212692085781538
5884,133,137,LAE|MAE,32.05235035276584
5885,133,136,LAE|MAE,2.7157617930966547
5886,133,141,LAE|MAE,6.484205390854505
5887,133,140,LAE|MAE,3.431322645108473
5888,133,136,LAE|MAE,4.912023637737492
5889,133,140,LAE|MAE,7.469660330305342
5890,133,162,LAE|MAE|SAE,7.365318852146873
5891,133,137,LAE|MAE,1.910517730143086
5892,133,137,LAE|MAE,3.5688673415196885
5893,133,137,LAE|MAE,2.8576213564183
5894,133,136,LAE|MAE,3.2988341350041885
5895,133,137,LAE|MAE,3.292821569914378
5896,133,143,LAE|MAE|SAE,6.427760369155718
5897,133,140,LAE|MAE,3.1605802284887736
5898,133,140,LAE|MAE,6.60385672680834
5899,133,136,LAE|MAE,4.888051012166561
5900,134,141,LAE|MAE|SAE,5.254952388277278
5901,134,148,LAE|MAE|SAE,5.831549628741788
5902,134,137,LAE|MAE,3.3069754049275084
5903,134,139,LAE|MAE|SAE,2.6862652290194737
5904,134,136,MAE,2.526898753745922
5905,135,138,LAE|MAE|SAE,3.8436401409665972
5906,135,136,MAE|SAE,3.6216485835182493
5907,135,138,LAE|MAE|SAE,3.615569599546691
5908,135,138,LAE|MAE|SAE,2.765394497871924
5909,135,139,MAE|SAE,3.0709829317831505
5910,135,138,LAE|MAE|SAE,4.216835497931461
5911,135,138,LAE|MAE|SAE,2.6787381072110334
5912,135,146,MAE|SAE,16.933701002221987
5913,135,136,MAE|SAE,3.4704489342355056
5914,135,137,LAE|MAE|SAE,1.673272678641662
5915,135,140,MAE|SAE,2.7828262185432604
5916,135,136,MAE|SAE,1.5469995428374042
5917,135,140,MAE|SAE,3.0115828647455674
5918,135,138,MAE|SAE,5.401508987470772
5919,135,136,MAE|SAE,2.2531185076941505
5920,135,140,MAE|SAE,5.485644519238329
5921,135,138,MAE|SAE,3.184497346177759
5922,135,139,LAE|MAE|SAE,5.8658187935090025
5923,135,147,MAE|SAE,5.240502256462325
5924,135,139,MAE|SAE,2.3988130499465967
5925,135,160,LAE|MAE|SAE,5.7566343677853595
5926,135,139,LAE|MAE|SAE,2.2614887601161344
5927,135,138,LAE|MAE|SAE,3.799472891579414
5928,135,138,MAE|SAE,2.562673301365507
5929,135,138,LAE|MAE|SAE,2.456372695813551
5930,135,136,MAE|SAE,2.338394907006541
5931,135,140,LAE|MAE|SAE,2.1804220480219194
5932,135,137,LAE|MAE|SAE,2.5446408150861655
5933,135,140,MAE|SAE,2.947743359301454
5934,135,138,MAE|SAE,2.7199862604593674
5935,135,137,LAE|MAE|SAE,1.5304220180807224
5936,135,136,MAE|SAE,4.62546042018386
5937,135,139,MAE|SAE,1.947982686878367
5938,135,137,LAE|MAE|SAE,4.2991743428230995
5939,135,138,LAE|MAE|SAE,1.9129815556953504
5940,135,136,MAE|SAE,1.4079382092198334
5941,135,159,LAE|MAE|SAE,8.214817397787343
5942,135,136,MAE|SAE,3.108054111773849
5943,135,138,LAE|MAE|SAE,3.1709873052954265
5944,135,136,MAE|SAE,2.970111381989276
5945,135,138,LAE|MAE|SAE,5.471487492778558
5946,135,137,LAE|MAE|SAE,2.1415121713233405
5947,135,136,MAE|SAE,2.9000155539995696
5948,135,136,MAE|SAE,3.0628820204359055
5949,135,136,MAE|SAE,2.9200659553579
5950,135,137,LAE|MAE|SAE,10.911934656799803
5951,135,136,MAE|SAE,3.198071637021769
5952,135,148,MAE|SAE,6.090001239637522
5953,135,137,LAE|MAE|SAE,2.2437085985886105
5954,135,136,MAE|SAE,3.2886550962617096
5955,135,136,MAE|SAE,5.480198334327355
5956,133,137,LAE,3.1501431017781196
5957,133,147,LAE|MAE|SAE,4.677753988391224
5958,133,137,LAE,10.059189841043608
5959,133,137,LAE,42.179043077729425
5960,133,137,LAE,4.829717619050739
5961,133,152,LAE|MAE|SAE,5.500627153573638
5962,133,137,LAE,45.39918998315857
5963,133,137,LAE,3.006995399006729
5964,133,137,LAE,2.562609905205652
5965,134,143,LAE|MAE|SAE,2.452660907612571
5966,134,138,LAE|MAE,2.4690145759747275
5967,134,137,LAE|MAE,6.11948762244399
5968,134,151,LAE|MAE|SAE,6.194477076131511
5969,134,150,LAE|MAE,4.859154358141443
5970,134,138,LAE|MAE,6.232427608989792
5971,134,145,LAE|MAE|SAE,5.812093421241401
5972,136,138,LAE|MAE,2.058927349372963
5973,136,140,LAE|MAE,2.1471126113043923
5974,136,137,LAE|MAE,3.211430728158138
5975,136,142,LAE|MAE,2.8333616568155255
5976,136,140,LAE|MAE|SAE,2.185648810986609
5977,136,137,LAE|MAE,2.6057783438461652
5978,136,137,LAE|MAE,9.771425651869844
5979,136,137,LAE|MAE,2.853258528847028
5980,136,141,LAE|MAE,2.6883953603794
5981,136,137,LAE|MAE,5.213352310938327
5982,136,140,LAE|MAE,1.832984732822664
5983,136,137,LAE|MAE,5.763044046530289
5984,136,137,LAE|MAE,2.9243277532013074
5985,136,138,LAE|MAE,1.8477688343786733
5986,136,137,LAE|MAE,2.940999332947633
5987,136,139,LAE|MAE|SAE,3.152066938923129
5988,136,139,LAE|MAE|SAE,2.770597778814536
5989,136,137,LAE|MAE,2.7293801779873057
5990,136,137,LAE|MAE,3.376308744231851
5991,136,140,LAE|MAE,2.564307085573677
5992,136,137,LAE|MAE,2.2248061486751105
5993,136,137,LAE|MAE,5.53442056038785
5994,136,137,LAE|MAE,2.187024859289706
5995,134,148,MAE|SAE,6.588172076220839
5996,134,140,MAE,6.067463133544462
5997,134,138,MAE,2.6931814151576505
5998,134,138,MAE,2.7716048134263076
5999,134,138,MAE,4.55147018062015
6000,134,138,MAE,5.283373162055802
6001,134,139,MAE|SAE,5.243534339830774
6002,134,158,MAE|SAE,5.758113158319563
6003,135,138,MAE|SAE,2.2486810883611716
6004,135,140,MAE|SAE,2.3239740481307165
6005,135,138,MAE|SAE,2.6752448533529067
6006,135,138,MAE|SAE,1.8041151067763919
6007,135,138,MAE|SAE,2.873952042972257
6008,135,138,MAE|SAE,3.2349816644468397
6009,135,138,MAE|SAE,3.1834609853109215
6010,135,160,MAE|SAE,6.064061694786789
6011,135,150,MAE|SAE,10.032745142738415
6012,135,139,MAE|SAE,5.795014141022877
6013,135,140,MAE|SAE,2.4139241082326435
6014,135,140,MAE|SAE,4.347382114498826
6015,135,148,MAE|SAE,5.464811972633321
6016,135,147,LAE|MAE|SAE,6.7097492732344035
6017,135,138,MAE|SAE,1.7907826378710296
6018,135,150,MAE|SAE,12.077321337168755
6019,135,138,MAE|SAE,4.846561206408103
6020,135,151,MAE|SAE,7.238951640790563
6021,135,138,MAE|SAE,2.8993477734908866
6022,135,139,MAE|SAE,3.2166774793377986
6023,135,139,MAE|SAE,2.544879495111303
6024,135,139,MAE|SAE,5.952478782947887
6025,135,158,LAE|MAE|SAE,5.336925933319406
6026,135,138,MAE|SAE,6.0470238461288615
6027,135,138,MAE|SAE,3.116231086714953
6028,135,138,MAE|SAE,2.270537857296092
6029,135,139,MAE|SAE,2.711767539655112
6030,135,138,MAE|SAE,5.944631543530893
6031,135,138,MAE|SAE,1.7626386981372555
6032,135,144,MAE|SAE,6.170632305765553
6033,136,139,MAE|SAE,2.5849416815447688
6034,136,140,MAE,4.888758628506535
6035,136,138,MAE,2.288148948343074
6036,136,142,MAE,6.486407445900727
6037,136,139,MAE|SAE,2.560293774347674
6038,136,140,MAE,5.334293186042738
6039,136,138,MAE,2.473614620070493
6040,136,142,MAE|SAE,2.192387801414106
6041,136,138,MAE,1.898936768353073
6042,136,138,MAE,2.441533941954115
6043,136,142,MAE,2.1373569423220027
6044,136,138,MAE,5.731741504050999
6045,136,138,MAE,4.424961459996678
6046,136,138,MAE,2.1952498794011355
6047,136,138,MAE,10.54231024278753
6048,136,139,MAE|SAE,3.1694765182085507
6049,136,146,MAE,26.664202308801343
6050,137,139,LAE|MAE|SAE,3.9158396747804134
6051,137,143,LAE|MAE|SAE,4.906364592734473
6052,137,143,LAE|MAE|SAE,2.8199447465272893
6053,137,138,LAE|MAE,2.6694356636234673
6054,137,138,LAE|MAE,1.4074465485726557
6055,137,144,LAE|MAE,2.8039652131788357
6056,137,140,LAE|MAE,3.669153075972538
6057,137,138,LAE|MAE,1.254119405259857
6058,137,150,LAE|MAE|SAE,4.070342930916852
6059,137,138,LAE|MAE,1.3580258465844408
6060,137,138,LAE|MAE,3.892358383349911
6061,137,138,LAE|MAE,3.0330911216934378
6062,137,138,LAE|MAE,2.3558627742603195
6063,137,138,LAE|MAE,5.191490929824119
6064,137,139,LAE|MAE|SAE,3.2993591008212855
6065,137,140,LAE|MAE|SAE,1.8164751093800737
6066,137,139,LAE|MAE|SAE,1.685488780039907
6067,137,138,LAE|MAE,2.4206631571004196
6068,137,145,LAE|MAE|SAE,3.69258798943335
6069,137,139,LAE|MAE|SAE,2.6421455672339125
6070,137,152,LAE|MAE|SAE,3.606793305176605
6071,135,143,SAE,4.760983452489527
6072,135,139,SAE,2.5295914117781
6073,135,139,SAE,2.811038394100689
6074,135,139,SAE,4.0385195502135405
6075,135,163,LAE|MAE|SAE,7.251674224380103
6076,135,139,SAE,4.545799625214495
6077,135,144,MAE|SAE,3.3582362652730398
6078,135,139,SAE,5.625357919794465
6079,135,152,MAE|SAE,4.114366018949999
6080,136,139,MAE|SAE,6.631329223777649
6081,136,140,MAE|SAE,2.7736946888369376
6082,136,140,MAE|SAE,4.171817402275795
6083,138,139,MAE|SAE,1.6705843576087454
6084,138,146,LAE|MAE|SAE,3.3143547887550944
6085,138,139,MAE|SAE,1.7053331589227367
6086,138,139,MAE|SAE,1.7350314766290016
6087,138,139,MAE|SAE,1.3222389985522547
6088,138,140,MAE|SAE,1.3189101436602042
6089,138,152,MAE|SAE,6.468702571721807
6090,138,140,MAE|SAE,2.2427832847763582
6091,138,140,MAE|SAE,1.8988139736202398
6092,138,142,MAE|SAE,1.5485582266480216
6093,138,142,MAE|SAE,2.6296629303987094
6094,138,142,MAE|SAE,2.8940215250966874
6095,138,139,MAE|SAE,1.0593291432573912
6096,138,147,MAE|SAE,4.05611369205779
6097,138,160,MAE|SAE,4.958713084127634
6098,138,139,MAE|SAE,2.534867068866307
6099,138,147,MAE|SAE,5.465388942823577
6100,138,139,MAE|SAE,1.8296569536646092
6101,138,139,MAE|SAE,1.2186101439374828
6102,138,144,MAE|SAE,5.148558658178171
6103,138,160,MAE|SAE,8.692940127221272
6104,138,139,MAE|SAE,3.063121133570141
6105,138,160,MAE|SAE,8.814188896690766
6106,138,144,MAE|SAE,3.1976876718009866
6107,138,178,MAE|SAE,14.782018981686138
6108,138,139,MAE|SAE,2.121764810888857
6109,138,142,MAE|SAE,2.018682319056439
6110,138,142,MAE|SAE,3.0773266689043135
6111,138,147,LAE|MAE|SAE,5.437644404757481
6112,138,139,MAE|SAE,1.6776115141011474
6113,138,139,MAE|SAE,2.745009182517861
6114,138,152,MAE|SAE,8.983498160425713
6115,138,148,MAE|SAE,5.714391658543569
6116,138,139,MAE|SAE,8.007185040093649
6117,138,143,MAE|SAE,2.093724977065555
6118,138,139,MAE|SAE,2.8844525745979195
6119,138,139,MAE|SAE,5.226326734530807
6120,138,139,MAE|SAE,1.9809627392814806
6121,136,148,MAE,55.06299149165756
6122,136,159,LAE|MAE|SAE,5.497313942384593
6123,136,140,MAE,6.153552327027393
6124,136,144,MAE,58.609425744645335
6125,136,140,MAE,4.909539553101511
6126,137,140,LAE|MAE,4.245151960781668
6127,137,151,LAE|MAE|SAE,6.425740495479659
6128,137,144,LAE|MAE,5.436798688384341
6129,137,142,LAE|MAE,2.1667699031022827
6130,137,140,LAE|MAE,6.260632949400527
6131,137,155,LAE|MAE|SAE,11.946025061922857
6132,137,159,LAE|MAE|SAE,9.342278701599481
6133,137,143,LAE|MAE|SAE,4.60012764488202
6134,137,140,LAE|MAE,3.80620198370718
6135,137,148,LAE|MAE|SAE,5.864146302664292
6136,137,142,LAE|MAE,1.9963509755356745
6137,137,140,LAE|MAE,7.038552677066219
6138,137,147,LAE|MAE|SAE,5.25474826259003
6139,137,140,LAE|MAE,5.886245083957257
6140,137,140,LAE|MAE,5.3118330192900505
6141,137,144,LAE|MAE,5.712965500890098
6142,137,140,LAE|MAE,2.3989262945584824
6143,137,151,LAE|MAE|SAE,6.663662052984386
6144,137,140,LAE|MAE,9.951129045379178
6145,137,147,LAE|MAE|SAE,5.881880088231277
6146,137,140,LAE|MAE,6.088451716541871
6147,138,142,MAE,4.05053450774396
6148,138,141,LAE|MAE,1.9325114865602735
6149,138,143,MAE|SAE,4.698766533727661
6150,138,140,MAE,5.618913130998986
6151,138,140,MAE,6.33308556715603
6152,138,144,MAE|SAE,2.5232989654052225
6153,138,152,MAE|SAE,5.244790354348828
6154,138,140,MAE,2.499289305325383
6155,138,143,MAE|SAE,5.150325618995447
6156,138,171,LAE|MAE|SAE,6.31583454181661
6157,138,142,MAE,2.012942915761403
6158,138,164,MAE|SAE,10.842763470979538
6159,139,144,MAE|SAE,3.443870779123025
6160,139,144,MAE|SAE,3.3151857068836637
6161,139,152,MAE|SAE,3.5412494565796777
6162,139,159,MAE|SAE,5.094344953584955
6163,139,160,LAE|MAE|SAE,4.875981373483172
6164,139,160,MAE|SAE,13.37914372177391
6165,139,142,MAE|SAE,2.21006965271952
6166,139,143,MAE|SAE,1.652770175360021
6167,139,142,MAE|SAE,1.639157177064198
6168,139,148,MAE|SAE,4.52295315776383
6169,139,140,MAE|SAE,5.857895339458928
6170,139,144,MAE|SAE,3.373104241303748
6171,139,159,MAE|SAE,14.300059914890719
6172,139,143,LAE|MAE|SAE,3.670864533780225
6173,139,140,MAE|SAE,2.751816037686277
6174,139,150,MAE|SAE,4.843992708144991
6175,139,140,MAE|SAE,1.5623501465277108
6176,139,140,MAE|SAE,3.242203858647062
6177,139,144,MAE|SAE,2.7490517732689392
6178,139,140,MAE|SAE,6.414521876329614
6179,139,140,MAE|SAE,5.805323784429891
6180,139,147,MAE|SAE,3.0097726176009143
6181,139,148,MAE|SAE,3.6107623791190893
6182,139,179,LAE|MAE|SAE,11.899798261189913
6183,139,151,MAE|SAE,5.608539606466418
6184,139,140,MAE|SAE,2.935610054439027
6185,140,143,LAE|MAE|SAE,4.362703381893613
6186,140,141,LAE|MAE,1.8512612756041735
6187,140,148,LAE|MAE|SAE,3.647224036219955
6188,140,141,LAE|MAE,3.8761387637982385
6189,140,143,LAE|MAE|SAE,1.4073023692463393
6190,140,144,LAE|MAE|SAE,3.488997653248575
6191,140,145,LAE|MAE|SAE,3.4303507345911823
6192,140,142,LAE|MAE,2.6468565785488964
6193,140,141,LAE|MAE,1.4366050524852207
6194,140,143,LAE|MAE|SAE,3.8070765020757973
6195,140,141,LAE|MAE,2.0785587370623624
6196,140,156,LAE|MAE|SAE,4.059065708218987
6197,138,150,MAE|SAE,5.712321641049613
6198,138,142,MAE,5.28147261430238
6199,138,142,MAE,4.828972716457577
6200,138,148,MAE,4.172346935503732
6201,138,144,MAE|SAE,5.747821136003986
6202,139,148,MAE|SAE,3.574058171620352
6203,139,147,MAE|SAE,6.105651065409994
6204,139,147,MAE|SAE,16.32278798300416
6205,139,142,MAE|SAE,5.124104050683003
6206,139,146,MAE|SAE,4.968626508677598
6207,139,171,LAE|MAE|SAE,6.684834234926984
6208,139,142,MAE|SAE,4.176654459577652
6209,139,142,MAE|SAE,4.693855678356966
6210,139,142,MAE|SAE,2.2470777600359173
6211,139,152,MAE|SAE,5.561251924507491
6212,139,147,MAE|SAE,2.8962682231858685
6213,139,144,MAE|SAE,2.8192439859484404
6214,139,202,LAE|MAE|SAE,15.978863090037576
6215,139,142,MAE|SAE,5.550906382743075
6216,139,142,MAE|SAE,1.9357498905210742
6217,139,142,MAE|SAE,1.9914586840603672
6218,139,142,MAE|SAE,10.872619047601413
6219,139,144,MAE|SAE,2.3320475924406083
6220,139,142,MAE|SAE,9.498918075030547
6221,139,150,MAE|SAE,5.483123170231303
6222,139,142,MAE|SAE,5.429195301374633
6223,140,159,MAE|SAE,4.533875721347176
6224,140,143,MAE|SAE,1.8799854240924254
6225,140,144,MAE,2.4650464701054213
6226,140,144,MAE,2.26317171763425
6227,140,143,MAE|SAE,4.092345043920921
6228,140,151,MAE|SAE,5.4956624613457
6229,140,144,MAE|SAE,1.888885471577811
6230,140,159,MAE|SAE,4.84608904227842
6231,140,146,MAE,4.982494438934531
6232,140,143,MAE|SAE,1.6757970317433424
6233,140,143,MAE|SAE,1.2879870166121015
6234,140,146,MAE|SAE,2.609109504932457
6235,140,158,MAE|SAE,4.210094879194507
6236,140,143,MAE|SAE,3.1088973259479924
6237,140,143,MAE|SAE,1.7175550904218853
6238,140,148,MAE|SAE,5.567555824435872
6239,140,155,MAE|SAE,5.210482986000563
6240,140,151,MAE|SAE,3.973356986338457
6241,140,144,MAE,9.66836443274986
6242,140,142,MAE,4.344611650494081
6243,140,144,MAE,1.8429911491526334
6244,140,143,MAE|SAE,1.3668302377519586
6245,140,143,MAE|SAE,1.698717699965493
6246,140,162,MAE|SAE,6.319906216344216
6247,140,142,MAE,1.5179919296847133
6248,140,142,MAE,2.431280206906069
6249,140,142,MAE,4.509300630800407
6250,140,148,MAE|SAE,2.9220275746565925
6251,140,143,MAE|SAE,3.7111824555964006
6252,140,144,MAE,3.6317389766018966
6253,140,160,MAE|SAE,4.816490120027155
6254,140,154,MAE|SAE,8.696340037482317
6255,140,151,MAE|SAE,3.253465287789502
6256,140,148,MAE|SAE,3.1725465018708245
6257,140,144,MAE|SAE,2.7581028330996937
6258,140,144,MAE|SAE,2.24252275106926
6259,140,146,MAE,4.806676129770974
6260,140,145,LAE|MAE|SAE,4.395696295376231
6261,140,146,MAE,52.38886937618272
6262,140,156,MAE,9.332519216384453
6263,140,144,MAE,3.495591036241617
6264,140,142,MAE,1.2481458080050654
6265,140,142,MAE,1.443237313967439
6266,140,143,MAE|SAE,2.97181259571674
6267,140,143,MAE|SAE,4.894903185641844
6268,140,142,MAE,1.338468884058768
6269,140,142,MAE,33.426971811188345
6270,140,146,MAE,4.449180406427022
6271,140,151,MAE|SAE,3.639108932959358
6272,140,144,MAE,5.333028544139782
6273,139,155,SAE,15.008744466246965
6274,139,146,MAE|SAE,3.178255061364326
6275,139,151,MAE|SAE,3.1942025836900334
6276,139,143,SAE,2.98106594177164
6277,139,147,SAE,7.141914171221142
6278,139,143,SAE,6.688311391092192
6279,140,152,MAE|SAE,3.7778110789010064
6280,140,148,MAE|SAE,3.68607780080796
6281,140,143,MAE|SAE,3.8679749474117533
6282,140,151,MAE|SAE,5.346263992088625
6283,140,143,MAE|SAE,1.3673925202414765
6284,140,144,MAE|SAE,2.7196207690113963
6285,140,151,MAE|SAE,5.7464041058484066
6286,140,163,MAE|SAE,5.890919095390987
6287,140,147,MAE|SAE,6.076582095346556
6288,140,150,MAE|SAE,3.3200771487688345
6289,140,146,MAE|SAE,3.643188782237744
6290,140,143,MAE|SAE,5.783669029792913
6291,140,143,MAE|SAE,5.116193504336951
6292,142,143,MAE|SAE,5.180193948801792
6293,142,144,MAE|SAE,2.214403603195355
6294,142,144,MAE|SAE,4.026207114540299
6295,142,191,LAE|MAE|SAE,9.595696244111785
6296,142,143,MAE|SAE,1.0651495235386361
6297,142,143,MAE|SAE,1.0979429296918193
6298,142,144,MAE|SAE,1.7166253038992727
6299,142,144,MAE|SAE,2.068044334759345
6300,142,147,MAE|SAE,2.848669599420086
6301,142,143,MAE|SAE,3.666694502165187
6302,142,144,MAE|SAE,2.8436815295495923
6303,142,144,MAE|SAE,1.9957489800263686
6304,142,146,MAE|SAE,2.0757993918171307
6305,142,144,MAE|SAE,2.437924088927221
6306,142,147,MAE|SAE,2.231492190768256
6307,142,144,MAE|SAE,6.4241242432530745
6308,142,143,MAE|SAE,1.3058182484736847
6309,142,143,MAE|SAE,1.7620646784282186
6310,142,151,MAE|SAE,3.3642252861266373
6311,142,144,MAE|SAE,1.6159123908463038
6312,142,143,MAE|SAE,3.367404632800874
6313,142,168,LAE|MAE|SAE,8.35394827357329
6314,142,146,MAE|SAE,4.731715053851736
6315,142,147,MAE|SAE,16.26470223684615
6316,142,203,LAE|MAE|SAE,11.427505652508325
6317,142,143,MAE|SAE,12.36957258506416
6318,142,148,MAE|SAE,3.0616465330722638
6319,142,144,MAE|SAE,4.76913354583504
6320,142,144,MAE|SAE,1.576005158016373
6321,142,159,LAE|MAE|SAE,4.641642680463302
6322,142,143,MAE|SAE,3.9293030060144742
6323,142,150,MAE|SAE,2.6249389284138083
6324,142,150,MAE|SAE,4.377028010665733
6325,142,144,MAE|SAE,2.2145752601385817
6326,142,144,MAE|SAE,3.2386755190110343
6327,140,152,MAE|SAE,4.0819672388932675
6328,140,181,LAE|MAE|SAE,13.933831519532726
6329,140,144,MAE,5.664844438366155
6330,140,156,MAE|SAE,4.475887715559018
6331,140,168,MAE|SAE,7.220402464853804
6332,140,144,MAE,6.03048133636739
6333,140,152,MAE,38.37741224019025
6334,142,144,MAE,2.544868276474214
6335,142,144,MAE,1.5265918097437698
6336,142,144,MAE,3.5117583111881188
6337,142,144,MAE,1.85736664368909
6338,142,144,MAE,2.2193489931452666
6339,142,167,LAE|MAE|SAE,8.221768470116556
6340,142,144,MAE,4.048414475958965
6341,142,155,MAE|SAE,3.5620051815670757
6342,142,144,MAE,4.750482417974908
6343,142,148,MAE|SAE,2.8332356117061854
6344,142,144,MAE,9.54524895889886
6345,142,147,MAE|SAE,2.4041636764042544
6346,142,152,MAE|SAE,3.22459610677487
6347,142,144,MAE,14.913122122178086
6348,142,144,MAE,4.781126569538159
6349,142,145,LAE|MAE,1.9496228233319797
6350,142,145,LAE|MAE,2.640078598888917
6351,142,147,MAE|SAE,3.704420841268096
6352,142,146,MAE,2.3868130274619723
6353,142,144,MAE,4.027707871862855
6354,142,148,MAE|SAE,5.0270020534099435
6355,142,152,MAE|SAE,8.30088175035744
6356,143,147,MAE|SAE,4.183794217148827
6357,143,152,MAE|SAE,4.681020009603274
6358,143,144,MAE|SAE,3.634880874014047
6359,143,147,LAE|MAE|SAE,4.532336036471085
6360,143,144,MAE|SAE,2.819088608447269
6361,143,144,MAE|SAE,2.5734003915271026
6362,143,188,LAE|MAE|SAE,9.556813571573379
6363,143,144,MAE|SAE,3.4507272353093956
6364,143,150,MAE|SAE,4.4516353904379615
6365,143,148,MAE|SAE,4.9895290315470975
6366,143,148,MAE|SAE,5.507818973527004
6367,143,144,MAE|SAE,2.931576459766444
6368,143,150,MAE|SAE,4.820393101265609
6369,143,146,MAE|SAE,4.955476541308526
6370,143,144,MAE|SAE,4.071387172398699
6371,143,147,MAE|SAE,5.41088396674245
6372,143,147,MAE|SAE,4.022315659631669
6373,143,152,MAE|SAE,3.1755725069385563
6374,143,152,MAE|SAE,3.6454123991860983
6375,143,144,MAE|SAE,2.083335623804729
6376,143,171,LAE|MAE|SAE,5.634552864239993
6377,143,147,MAE|SAE,4.156488303472739
6378,143,156,MAE|SAE,11.599728185431228
6379,143,144,MAE|SAE,4.544784544300765
6380,143,144,MAE|SAE,1.7261430629273242
6381,143,144,MAE|SAE,5.323603533797967
6382,143,144,MAE|SAE,4.072572731544929
6383,143,158,MAE|SAE,10.927529737326665
6384,143,144,MAE|SAE,5.894670882920015
6385,143,148,MAE|SAE,4.490777564198082
6386,143,171,LAE|MAE|SAE,5.930160886939104
6387,143,144,MAE|SAE,3.6488929622520305
6388,143,166,LAE|MAE|SAE,10.236314489400012
6389,143,151,MAE|SAE,7.38208529761062
6390,143,152,MAE|SAE,4.810465171206609
6391,143,156,MAE|SAE,8.992529968316417
6392,143,156,MAE|SAE,4.211945721951017
6393,143,151,MAE|SAE,4.4761821502301755
6394,143,148,MAE|SAE,4.017819818875315
6395,142,146,MAE,4.602982867137199
6396,142,147,MAE|SAE,2.039843255065446
6397,142,146,MAE,4.027223758051359
6398,142,162,MAE|SAE,4.269881079353934
6399,142,150,MAE,5.493670313709661
6400,142,160,MAE|SAE,4.799675282053263
6401,142,146,MAE,4.2896256587619
6402,142,148,MAE,4.741407523200891
6403,142,146,MAE,5.140576121107118
6404,142,155,MAE|SAE,7.277692096839499
6405,142,150,MAE,5.183197155686607
6406,142,168,MAE,24.120681831173364
6407,143,146,MAE|SAE,3.9478392095906933
6408,143,156,MAE|SAE,4.6255777060016925
6409,143,159,LAE|MAE|SAE,5.630543664923006
6410,143,146,MAE|SAE,3.954890074292719
6411,143,148,MAE|SAE,4.659206928906845
6412,143,146,MAE|SAE,5.420849942954085
6413,144,152,MAE|SAE,3.2688074070803665
6414,144,148,MAE|SAE,3.149908788494266
6415,144,150,MAE|SAE,6.1989420524957515
6416,144,147,MAE|SAE,4.129083745834751
6417,144,146,MAE,1.393812498750798
6418,144,152,MAE|SAE,5.525793331255297
6419,144,146,MAE,2.933751564783207
6420,144,156,MAE|SAE,3.2846429256721708
6421,144,147,MAE|SAE,3.206200060623003
6422,144,146,MAE,2.9173858972897544
6423,144,148,MAE,2.2690266625124624
6424,144,152,MAE|SAE,4.4217153872163575
6425,144,148,MAE|SAE,3.0869479151369874
6426,144,147,MAE|SAE,4.7126863816829685
6427,144,146,MAE,1.7319513435120228
6428,144,151,MAE|SAE,2.924881364413904
6429,144,156,MAE|SAE,3.4508080848595286
6430,144,146,MAE,4.476834864492739
6431,144,147,MAE|SAE,7.450944914720048
6432,144,150,MAE|SAE,2.470965078755103
6433,144,146,MAE,3.0948736379313635
6434,144,152,MAE|SAE,2.887864786470619
6435,144,152,MAE,4.488373718330923
6436,144,146,MAE,3.9585313360524093
6437,144,150,MAE,5.379705590790544
6438,144,146,MAE,4.743204820072947
6439,144,147,MAE|SAE,4.227744021850612
6440,144,151,MAE|SAE,2.67482386566286
6441,144,154,MAE|SAE,3.0983089029323168
6442,144,150,MAE,5.724614492466335
6443,144,180,MAE,15.708410034263574
6444,144,148,MAE,3.5525906655880894
6445,144,160,MAE|SAE,5.74422097652531
6446,144,148,MAE|SAE,3.6503806451626706
6447,143,171,LAE|MAE|SAE,7.617691308753966
6448,143,178,MAE|SAE,8.802975983473457
6449,143,155,MAE|SAE,4.102790211495241
6450,143,176,LAE|MAE|SAE,8.265970416561801
6451,144,156,MAE|SAE,3.4485900066317097
6452,144,147,MAE|SAE,4.299556632156852
6453,144,156,LAE|MAE|SAE,4.459349110514712
6454,144,147,MAE|SAE,5.496639993163171
6455,144,164,LAE|MAE|SAE,7.213453633518139
6456,144,147,MAE|SAE,3.6790785584186216
6457,144,147,MAE|SAE,5.895717998399461
6458,144,155,MAE|SAE,17.419863445297306
6459,144,151,MAE|SAE,4.835651356655971
6460,144,151,MAE|SAE,3.945730300806703
6461,144,147,MAE|SAE,13.107842133433987
6462,146,160,MAE|SAE,4.1073691272288775
6463,146,150,MAE|SAE,2.2063926899074198
6464,146,148,MAE|SAE,2.42952366323777
6465,146,155,MAE|SAE,2.6865727640575114
6466,146,147,MAE|SAE,4.104425919946464
6467,146,156,MAE|SAE,5.590272140117805
6468,146,147,MAE|SAE,1.329229322116667
6469,146,160,MAE|SAE,3.6707031729982735
6470,146,148,MAE|SAE,1.4404994633436763
6471,146,164,LAE|MAE|SAE,6.457498005954762
6472,146,158,MAE|SAE,3.0351589609388707
6473,146,147,MAE|SAE,4.064865991451995
6474,146,147,MAE|SAE,6.325812739744558
6475,146,160,LAE|MAE|SAE,4.965102820199028
6476,146,162,MAE|SAE,7.536435152550509
6477,146,159,MAE|SAE,3.598153963489739
6478,146,147,MAE|SAE,1.9965934500401845
6479,146,147,MAE|SAE,1.8681429930772948
6480,146,152,MAE|SAE,2.5136584786451937
6481,146,150,MAE|SAE,5.236223184588661
6482,146,147,MAE|SAE,2.0737442910445205
6483,146,148,MAE|SAE,3.3825976958544404
6484,146,147,MAE|SAE,1.2986684645898514
6485,146,152,MAE|SAE,7.047288129853198
6486,146,147,MAE|SAE,4.54174748667062
6487,146,163,LAE|MAE|SAE,6.740115494096425
6488,146,148,MAE|SAE,2.4162423971260285
6489,146,147,MAE|SAE,1.8373647257364385
6490,146,148,MAE|SAE,2.8900024815457654
6491,146,148,MAE|SAE,1.2489614924385832
6492,146,160,LAE|MAE|SAE,4.041984292280247
6493,146,147,MAE|SAE,5.211315311312737
6494,146,147,MAE|SAE,2.0965195046793426
6495,146,151,MAE|SAE,3.8333997325013374
6496,146,148,MAE|SAE,2.1500363319807896
6497,146,147,MAE|SAE,4.25495978900851
6498,146,147,MAE|SAE,1.3588209370086968
6499,146,156,MAE|SAE,7.375247925468192
6500,146,147,MAE|SAE,8.975842230432724
6501,146,147,MAE|SAE,3.426308151580176
6502,146,147,MAE|SAE,7.15821789515353
6503,146,148,MAE|SAE,3.6168899421971474
6504,146,155,MAE|SAE,3.074952953061459
6505,146,152,MAE|SAE,3.061013777888578
6506,146,148,MAE|SAE,2.496582751894093
6507,144,152,MAE,4.428849283135126
6508,144,148,MAE,11.830168666501168
6509,145,163,LAE|MAE|SAE,4.779568104199448
6510,145,148,LAE|MAE,4.034720843247721
6511,146,151,MAE|SAE,4.78517686284281
6512,146,148,MAE,3.61286724165764
6513,146,152,MAE,2.9314341242156474
6514,146,163,MAE|SAE,7.278293058910491
6515,146,160,MAE|SAE,3.9983120829231944
6516,146,148,MAE,18.19371150873694
6517,146,148,MAE,5.246864561416681
6518,146,164,MAE|SAE,13.731197415877164
6519,146,210,MAE,15.553967222797915
6520,146,148,MAE,2.3670990314429248
6521,146,152,MAE,52.73616998018159
6522,146,148,MAE,4.312610585604039
6523,146,148,MAE,7.975668377242064
6524,146,148,MAE,3.646790464584584
6525,146,156,MAE|SAE,4.999552824933457
6526,146,156,MAE|SAE,3.894347732026577
6527,146,168,MAE|SAE,5.8059503798083725
6528,146,164,LAE|MAE|SAE,7.416406923120995
6529,146,148,MAE,10.114857731737045
6530,146,148,MAE,4.984030316049369
6531,146,207,MAE|SAE,15.377441235631554
6532,146,148,MAE,7.962974605914567
6533,146,164,MAE,11.312035068422054
6534,146,148,MAE,15.172538545248457
6535,147,196,LAE|MAE|SAE,9.432125529701514
6536,147,156,LAE|MAE|SAE,3.1667084627202233
6537,147,148,MAE|SAE,2.1116408149075645
6538,147,159,MAE|SAE,3.1108496418784437
6539,147,159,MAE|SAE,3.178263592886329
6540,147,171,MAE|SAE,9.142741577140335
6541,147,151,MAE|SAE,3.3659348323113765
6542,147,159,MAE|SAE,3.4187984216456
6543,147,160,LAE|MAE|SAE,3.3202983208257426
6544,147,158,MAE|SAE,3.0697401940681197
6545,147,159,MAE|SAE,3.542258091042128
6546,147,152,MAE|SAE,2.1177471183367427
6547,147,148,MAE|SAE,1.5091932913951385
6548,147,152,MAE|SAE,2.19334613072309
6549,147,159,LAE|MAE|SAE,3.5435768270892867
6550,147,159,MAE|SAE,3.1170925203777506
6551,147,151,MAE|SAE,2.2455646532605624
6552,147,152,MAE|SAE,8.168259234621345
6553,147,148,MAE|SAE,14.444316374228524
6554,147,148,MAE|SAE,1.781880462454475
6555,147,152,MAE|SAE,3.396012782010521
6556,147,152,MAE|SAE,2.4508358268141017
6557,147,148,MAE|SAE,1.4048244457498777
6558,147,148,MAE|SAE,4.20889631844007
6559,147,155,MAE|SAE,5.786159397313761
6560,147,148,MAE|SAE,4.627675793684788
6561,147,150,MAE|SAE,4.3297404490256355
6562,147,148,MAE|SAE,1.6439824154286415
6563,147,148,MAE|SAE,3.6640203987104574
6564,147,151,MAE|SAE,3.53439852052129
6565,147,150,MAE|SAE,2.1220233779233464
6566,147,148,MAE|SAE,3.9505789028532217
6567,147,148,MAE|SAE,1.7568510064906604
6568,147,148,MAE|SAE,4.818719453011231
6569,147,148,MAE|SAE,2.9565490829388534
6570,147,152,MAE|SAE,6.720126235013917
6571,147,148,MAE|SAE,1.467874573953217
6572,147,158,MAE|SAE,3.4740297914358886
6573,147,148,MAE|SAE,4.161493491015924
6574,147,148,MAE|SAE,7.161718720386352
6575,146,154,MAE,3.697864955051917
6576,146,150,MAE,3.853556233819961
6577,146,162,MAE|SAE,6.247623635148633
6578,146,150,MAE,4.2086776996567306
6579,146,150,MAE,7.767647493795701
6580,146,154,MAE,4.93398898452059
6581,146,150,MAE,5.341237884755093
6582,147,154,MAE|SAE,4.7984949685760245
6583,147,150,MAE|SAE,4.295296622464434
6584,147,163,MAE|SAE,4.002512571012407
6585,147,164,LAE|MAE|SAE,8.153221788896694
6586,147,159,MAE|SAE,3.3747594252713022
6587,147,150,MAE|SAE,5.5095559925966455
6588,147,158,MAE|SAE,10.746154618603105
6589,147,188,LAE|MAE|SAE,8.511453730020918
6590,147,150,MAE|SAE,3.4108280378534483
6591,147,159,MAE|SAE,3.5113363283654793
6592,147,152,MAE|SAE,4.643805667938591
6593,147,150,MAE|SAE,1.6303289541439976
6594,147,150,MAE|SAE,3.684210046844326
6595,147,151,MAE|SAE,1.951589637604597
6596,147,150,MAE|SAE,4.620489898521167
6597,148,150,MAE,1.5117635470519706
6598,148,152,MAE|SAE,4.966815713293793
6599,148,156,MAE|SAE,2.565550600955864
6600,148,156,MAE|SAE,2.4366861728272324
6601,148,172,MAE|SAE,8.739937072444135
6602,148,158,LAE|MAE|SAE,3.5240248918608805
6603,148,194,LAE|MAE|SAE,8.371532064600718
6604,148,158,MAE|SAE,3.145315249937691
6605,148,154,MAE|SAE,2.1420963221058
6606,148,152,MAE,3.580020716375956
6607,148,152,MAE|SAE,1.4493656395361842
6608,148,151,MAE|SAE,7.0501940185232375
6609,148,158,MAE|SAE,8.098366113680223
6610,148,159,MAE|SAE,3.4263231667736846
6611,148,151,MAE|SAE,1.7609982655469687
6612,148,200,MAE,27.373982512999685
6613,148,151,MAE|SAE,3.6774297741577535
6614,148,150,MAE,1.7143176275816436
6615,148,150,MAE,1.5666060687191692
6616,148,154,MAE|SAE,6.226563670895898
6617,148,164,LAE|MAE|SAE,4.049760807164688
6618,148,166,MAE,13.613960287396075
6619,148,168,LAE|MAE|SAE,8.277240393925176
6620,148,150,MAE,1.6252781779298484
6621,148,158,MAE|SAE,8.220467534239043
6622,148,152,MAE|SAE,1.8471806506632253
6623,148,179,LAE|MAE|SAE,12.899058908275407
6624,148,159,MAE|SAE,7.68045115194066
6625,148,200,LAE|MAE,15.388888284154584
6626,148,152,MAE,3.759497161633731
6627,148,150,MAE,13.685074754617888
6628,148,150,MAE,6.137726744131248
6629,148,162,MAE|SAE,4.749702219812194
6630,147,158,MAE|SAE,2.990209178309285
6631,147,151,SAE,5.133034699294962
6632,147,155,SAE,11.004360674813098
6633,147,151,SAE,4.975756364621104
6634,147,155,MAE|SAE,2.682039408542664
6635,147,163,MAE|SAE,3.5456424545757774
6636,147,164,LAE|MAE|SAE,6.135317979136958
6637,147,154,MAE|SAE,6.144772748175173
6638,147,151,SAE,3.496274261168421
6639,147,179,LAE|MAE|SAE,8.37615644696568
6640,147,160,MAE|SAE,6.992734162682391
6641,147,160,MAE|SAE,6.351289758592813
6642,147,151,SAE,3.630571292998894
6643,147,151,SAE,10.009442212040234
6644,148,151,MAE|SAE,2.0885349119028085
6645,148,151,MAE|SAE,4.593567296670615
6646,148,151,MAE|SAE,4.052674320453497
6647,148,151,MAE|SAE,3.136712949244148
6648,148,151,MAE|SAE,3.500500532677167
6649,148,151,MAE|SAE,2.3966234704392284
6650,148,151,MAE|SAE,7.491124370719604
6651,148,151,MAE|SAE,4.733289214552851
6652,148,155,MAE|SAE,4.2944216486767735
6653,148,159,MAE|SAE,3.353468903463706
6654,148,151,MAE|SAE,4.862150316614606
6655,150,192,LAE|MAE|SAE,8.479238622318363
6656,150,160,LAE|MAE|SAE,3.1282787980053772
6657,150,159,MAE|SAE,2.7964238312342613
6658,150,158,MAE|SAE,3.437796749330978
6659,150,158,MAE|SAE,2.131084627605158
6660,150,151,MAE|SAE,6.1520414952961024
6661,150,151,MAE|SAE,5.010505224934198
6662,150,164,MAE|SAE,6.267127763467198
6663,150,151,MAE|SAE,3.3677186753868433
6664,150,156,MAE|SAE,2.878936222614608
6665,150,151,MAE|SAE,1.3970141073811144
6666,150,167,MAE|SAE,5.491617594637126
6667,150,160,MAE|SAE,3.2888543837861226
6668,150,151,MAE|SAE,4.386959941585538
6669,150,154,MAE|SAE,2.702993270756445
6670,150,151,MAE|SAE,1.3864480376192956
6671,150,163,MAE|SAE,3.857992226308314
6672,150,197,LAE|MAE|SAE,8.646799163473146
6673,150,164,MAE|SAE,5.774788276389294
6674,150,163,MAE|SAE,7.248550542748665
6675,150,151,MAE|SAE,2.009934776577575
6676,150,156,MAE|SAE,3.190042274755148
6677,150,151,MAE|SAE,4.502314538539705
6678,150,167,LAE|MAE|SAE,5.963167449170205
6679,150,156,MAE|SAE,3.083286430167826
6680,150,151,MAE|SAE,1.2939035194577369
6681,150,151,MAE|SAE,4.527166498031814
6682,150,160,MAE|SAE,3.642352086514203
6683,150,151,MAE|SAE,2.0304067630086395
6684,150,154,MAE|SAE,2.288526571352531
6685,150,163,MAE|SAE,12.149988227993576
6686,150,152,MAE|SAE,1.927020781270227
6687,150,191,LAE|MAE|SAE,8.687565467417715
6688,150,163,MAE|SAE,5.633522556298931
6689,150,160,MAE|SAE,3.015734620661181
6690,150,155,MAE|SAE,3.904032078280293
6691,150,156,MAE|SAE,3.2345099083842768
6692,148,152,MAE,3.159733584418882
6693,148,152,MAE,3.120650076855524
6694,148,156,MAE,6.4501726572035
6695,148,160,MAE,38.66727771056313
6696,148,152,MAE,3.5945021043403793
6697,148,159,MAE|SAE,5.576536684995262
6698,150,152,MAE,2.8254826886538402
6699,150,194,LAE|MAE|SAE,7.865136895104258
6700,150,152,MAE,1.6998438647960734
6701,150,152,MAE,4.05352065978949
6702,150,160,MAE|SAE,3.1765882379780366
6703,150,152,MAE,2.989242196180706
6704,150,152,MAE,6.062503786160689
6705,150,152,MAE,1.6320116942432403
6706,150,156,MAE,7.887094954201073
6707,150,170,MAE,16.294471684466245
6708,150,152,MAE,1.8088551028826954
6709,150,156,MAE,40.15056291466451
6710,150,152,MAE,2.9026765378508728
6711,150,152,MAE,1.373611747161714
6712,150,152,MAE,4.678198019418282
6713,150,159,MAE|SAE,9.240489622304796
6714,150,155,MAE|SAE,3.113370479870125
6715,150,156,MAE|SAE,3.944672389017727
6716,150,155,MAE|SAE,8.17139697872085
6717,150,152,MAE,2.8621434903329286
6718,151,160,MAE|SAE,3.482807615061369
6719,151,152,MAE|SAE,4.549896130001148
6720,151,160,MAE|SAE,2.6737142456110647
6721,151,152,MAE|SAE,3.9195008171484824
6722,151,152,MAE|SAE,1.5732699697395334
6723,151,152,MAE|SAE,3.6781699556137957
6724,151,166,MAE|SAE,4.698964293227213
6725,151,160,LAE|MAE|SAE,6.50640555837372
6726,151,154,MAE|SAE,2.8390503207432505
6727,151,152,MAE|SAE,2.1870714676392504
6728,151,156,MAE|SAE,2.8065462098345826
6729,151,152,MAE|SAE,1.865838929060836
6730,151,152,MAE|SAE,1.6088968739522647
6731,151,158,MAE|SAE,6.621489803787009
6732,151,163,LAE|MAE|SAE,5.888634528858825
6733,151,154,MAE|SAE,2.2687846623166257
6734,151,152,MAE|SAE,0.9987895730420782
6735,151,152,MAE|SAE,1.418356155696523
6736,151,155,MAE|SAE,3.4961914145458186
6737,152,164,LAE|MAE|SAE,4.083814652584671
6738,152,160,LAE|MAE|SAE,2.870408758031822
6739,150,170,MAE,18.196859020689924
6740,150,172,LAE|MAE|SAE,5.176172773575841
6741,150,154,MAE,4.239732165160674
6742,150,158,MAE,4.8820053127207075
6743,150,168,MAE|SAE,4.04440666913376
6744,150,163,MAE|SAE,3.904787088581627
6745,150,156,MAE|SAE,3.2431780842260864
6746,150,156,MAE,5.2525683992999
6747,150,164,MAE|SAE,8.595334018436624
6748,150,156,MAE,3.203068837053961
6749,150,154,MAE,4.079798427138303
6750,150,164,MAE,12.066295726384148
6751,150,170,MAE|SAE,5.194365844489253
6752,150,161,LAE|MAE,5.411135053121523
6753,150,168,LAE|MAE|SAE,4.859663471845228
6754,151,154,MAE|SAE,2.6916739685996767
6755,151,171,LAE|MAE|SAE,4.16563730817432
6756,151,165,LAE|MAE|SAE,6.0023868398446725
6757,151,160,MAE|SAE,3.105419401580614
6758,151,159,MAE|SAE,6.531330579742878
6759,151,156,MAE|SAE,2.832794829885624
6760,151,154,MAE|SAE,3.022656235355284
6761,151,165,LAE|MAE|SAE,5.940229559320828
6762,151,155,MAE|SAE,2.8647624440425594
6763,151,154,MAE|SAE,3.914508171554356
6764,151,154,MAE|SAE,2.5924268710173375
6765,152,160,MAE|SAE,6.543698157863763
6766,152,154,MAE,4.192952059838657
6767,152,158,MAE|SAE,2.1922659502853716
6768,152,154,MAE,2.0531770778360756
6769,152,158,MAE,5.348262679500605
6770,152,160,MAE|SAE,4.123260573675717
6771,152,156,MAE|SAE,1.9957411970603187
6772,152,160,MAE|SAE,3.0918754844777663
6773,152,154,MAE,42.201882178987354
6774,152,163,MAE|SAE,4.29641351925385
6775,152,158,MAE|SAE,2.097172870324835
6776,152,164,MAE|SAE,2.9230450682100124
6777,152,161,LAE|MAE|SAE,4.198250379338519
6778,152,156,MAE|SAE,2.880155412251609
6779,152,198,MAE,30.126719919868506
6780,152,158,MAE|SAE,2.3932578594870977
6781,152,160,MAE,24.284898431340334
6782,152,154,MAE,3.783213954498396
6783,152,156,MAE|SAE,1.842778460047386
6784,152,204,MAE|SAE,15.98434958214943
6785,152,163,MAE|SAE,3.9332407864827656
6786,152,170,MAE|SAE,10.535847911445408
6787,152,158,MAE|SAE,2.9933629987984256
6788,152,156,MAE|SAE,4.4812639938252135
6789,152,156,MAE|SAE,1.8165686256101636
6790,153,154,LAE|MAE,5.903831030773483
6791,153,155,LAE|MAE|SAE,1.4295695230470942
6792,153,154,LAE|MAE,2.666087734531797
6793,153,162,LAE|MAE|SAE,6.118139960193322
6794,153,164,LAE|MAE|SAE,3.1315647858136866
6795,151,155,SAE,9.807910615699859
6796,151,155,SAE,11.571159582848878
6797,151,155,SAE,10.482311984339148
6798,151,155,SAE,6.189494391663067
6799,151,155,SAE,11.52266573609919
6800,151,155,SAE,13.507552906545323
6801,151,156,MAE|SAE,4.8528660059187425
6802,151,159,SAE,9.010890762072723
6803,151,163,MAE|SAE,4.405190901671173
6804,151,155,SAE,7.73985446616998
6805,151,155,SAE,9.008740540995296
6806,152,160,MAE|SAE,3.076308810803044
6807,152,155,MAE|SAE,3.4252524176064214
6808,152,159,MAE|SAE,4.909813122452248
6809,152,158,MAE|SAE,2.856299380196057
6810,152,158,MAE|SAE,2.730707980758947
6811,152,167,LAE|MAE|SAE,5.984799039561994
6812,152,155,MAE|SAE,5.625403463192019
6813,152,155,MAE|SAE,2.807994813466712
6814,154,159,MAE|SAE,2.542826933267938
6815,154,155,MAE|SAE,3.96603061859657
6816,154,158,MAE|SAE,2.1680733947724558
6817,154,159,MAE|SAE,4.639952089518882
6818,154,188,LAE|MAE|SAE,7.3799461204682695
6819,154,162,MAE|SAE,5.323977000281682
6820,154,158,MAE|SAE,2.443318484068023
6821,154,160,MAE|SAE,3.233054330883556
6822,154,158,MAE|SAE,1.798177016571038
6823,154,156,MAE|SAE,1.5527215475959941
6824,154,155,MAE|SAE,1.557268347820404
6825,154,163,MAE|SAE,5.697861368022834
6826,154,155,MAE|SAE,1.383028229220528
6827,154,156,MAE|SAE,1.6604581261380233
6828,154,156,MAE|SAE,1.5235640164687245
6829,154,160,MAE|SAE,2.496649565854965
6830,154,156,MAE|SAE,1.5689111729850622
6831,154,155,MAE|SAE,0.8184273666968347
6832,154,173,LAE|MAE|SAE,5.9381303879314
6833,154,158,MAE|SAE,2.0969060583132095
6834,154,166,MAE|SAE,4.051610525018121
6835,154,155,MAE|SAE,1.8161961455083537
6836,154,163,MAE|SAE,6.035924045585376
6837,154,160,MAE|SAE,2.307448444342712
6838,154,159,MAE|SAE,1.9515002362558835
6839,154,160,MAE|SAE,2.2613931826058815
6840,154,155,MAE|SAE,2.295511099209569
6841,154,162,MAE|SAE,3.652700815093731
6842,154,155,MAE|SAE,4.186719342031444
6843,154,155,MAE|SAE,1.045325766915782
6844,154,155,MAE|SAE,2.257479185736492
6845,154,155,MAE|SAE,1.4607699117318125
6846,154,158,MAE|SAE,1.7560023944318859
6847,154,155,MAE|SAE,2.555042818187532
6848,154,155,MAE|SAE,3.003250119485652
6849,154,167,MAE|SAE,12.22179488303229
6850,154,155,MAE|SAE,1.4012193242954325
6851,154,166,MAE|SAE,7.292865450639545
6852,154,155,MAE|SAE,1.1983024484079754
6853,154,156,MAE|SAE,2.4195413270598434
6854,154,172,LAE|MAE|SAE,3.9249996037229935
6855,154,155,MAE|SAE,5.412328194635802
6856,152,164,MAE,15.70005886255576
6857,152,156,MAE,4.382519760828937
6858,152,160,MAE|SAE,2.9873567888201786
6859,152,156,MAE,2.1080460881237637
6860,152,156,MAE,3.8242758798067675
6861,152,156,MAE,5.666667357624616
6862,152,156,MAE,2.2741669925630115
6863,153,158,LAE|MAE,2.95382682403543
6864,154,156,MAE,4.009515749744562
6865,154,158,MAE,4.296641805428638
6866,154,165,LAE|MAE|SAE,5.960570361886342
6867,154,156,MAE,5.182526598194803
6868,154,162,LAE|MAE|SAE,5.035472278009982
6869,154,156,MAE,2.389629126731712
6870,154,160,MAE|SAE,2.409519608605194
6871,154,156,MAE,1.6023614515986062
6872,154,160,MAE|SAE,2.4656115275368244
6873,154,156,MAE,2.1881634736132067
6874,154,160,MAE,9.22858109288528
6875,154,158,MAE,6.640692158902242
6876,154,156,MAE,1.3456851690172233
6877,154,156,MAE,2.5746200441016245
6878,154,156,MAE,4.552805599714487
6879,154,168,MAE|SAE,13.769593774008552
6880,154,156,MAE,1.6359243794215115
6881,154,160,LAE|MAE|SAE,2.710620487190738
6882,155,163,MAE|SAE,3.648300196189047
6883,155,159,MAE|SAE,2.28702782646145
6884,155,156,MAE|SAE,2.424741231141489
6885,155,158,MAE|SAE,4.228472104944443
6886,155,175,MAE|SAE,7.559643923132125
6887,155,159,MAE|SAE,2.2714226389865018
6888,155,163,MAE|SAE,2.971461692983618
6889,155,159,MAE|SAE,4.340752090853855
6890,155,170,MAE|SAE,9.45892430241527
6891,155,158,MAE|SAE,1.880824518215605
6892,155,156,MAE|SAE,7.39784509944159
6893,155,159,MAE|SAE,3.5918815258297347
6894,155,156,MAE|SAE,6.791371740361621
6895,155,156,MAE|SAE,1.761549222334489
6896,155,158,MAE|SAE,3.993151842342626
6897,155,164,LAE|MAE|SAE,5.423592662262531
6898,155,166,MAE|SAE,3.847383166416875
6899,155,156,MAE|SAE,2.290516991304468
6900,155,159,MAE|SAE,2.0947687339322063
6901,155,156,MAE|SAE,4.024870817548366
6902,155,163,MAE|SAE,3.7899138602042863
6903,155,156,MAE|SAE,3.846678116354437
6904,155,160,LAE|MAE|SAE,2.3291598799264888
6905,155,156,MAE|SAE,2.4747849647171116
6906,155,156,MAE|SAE,3.9582192586906246
6907,155,160,MAE|SAE,2.1813266264596494
6908,155,158,MAE|SAE,2.7670420883526528
6909,155,163,MAE|SAE,3.506641305705589
6910,155,156,MAE|SAE,4.5358419053735535
6911,155,156,MAE|SAE,2.0583473252589797
6912,155,162,LAE|MAE|SAE,3.6444148006524957
6913,155,168,MAE|SAE,5.37183897184504
6914,155,156,MAE|SAE,4.004676920128356
6915,155,156,MAE|SAE,2.2188723201773657
6916,155,156,MAE|SAE,4.265014390004557
6917,155,156,MAE|SAE,2.190357999778131
6918,155,168,MAE|SAE,3.545147582257307
6919,155,156,MAE|SAE,3.0475444900200372
6920,155,168,LAE|MAE|SAE,5.19363084889475
6921,156,158,LAE|MAE,2.2768709130187688
6922,154,158,MAE,6.133762875207054
6923,154,158,MAE,5.872615990879409
6924,154,158,MAE,4.606313215407886
6925,154,166,MAE,9.910161202084343
6926,154,160,MAE|SAE,4.257491177311534
6927,154,160,MAE,2.481389667255137
6928,154,158,MAE,3.061102740219665
6929,154,158,MAE,5.597641423172333
6930,155,160,MAE|SAE,3.285623827699334
6931,155,171,MAE|SAE,7.789677133395822
6932,155,160,MAE|SAE,3.5953249999809507
6933,155,163,MAE|SAE,5.264175834592535
6934,155,159,MAE|SAE,4.367258259435434
6935,155,175,MAE|SAE,5.399747016725409
6936,155,158,MAE|SAE,4.254091819455132
6937,155,164,MAE|SAE,3.787193518611665
6938,155,167,MAE|SAE,5.332868986122232
6939,155,158,MAE|SAE,5.981410327000173
6940,155,160,MAE|SAE,4.084749683401036
6941,156,171,MAE|SAE,5.76173798930464
6942,156,158,MAE,3.8501811829225923
6943,156,205,LAE|MAE|SAE,9.395820206717985
6944,156,160,MAE,6.775620982553714
6945,156,170,MAE|SAE,3.634106911183716
6946,156,160,MAE|SAE,2.145230910402922
6947,156,158,MAE,1.7949710565406611
6948,156,160,MAE|SAE,6.532891178020631
6949,156,175,MAE|SAE,5.4259026628660205
6950,156,158,MAE,2.177800154982865
6951,156,163,MAE|SAE,5.428274448398332
6952,156,163,LAE|MAE|SAE,3.7213598047100276
6953,156,160,MAE,4.220672693167193
6954,156,163,MAE|SAE,13.211022410735191
6955,156,158,MAE,2.319213578250753
6956,156,164,MAE|SAE,7.359323792010632
6957,156,160,MAE|SAE,2.1267481070889294
6958,156,158,MAE,2.8975760431366244
6959,156,187,LAE|MAE|SAE,7.070421672143438
6960,155,159,SAE,4.6379920071878376
6961,155,159,SAE,4.9771048241604365
6962,155,160,MAE|SAE,5.023538309601332
6963,155,176,MAE|SAE,10.663534566211318
6964,155,162,MAE|SAE,6.719460669254234
6965,155,159,SAE,2.3801099506012413
6966,155,159,SAE,2.439003072900044
6967,155,159,SAE,3.6952431020923147
6968,155,159,SAE,12.474167567962013
6969,155,163,SAE,7.003671291250589
6970,155,159,SAE,10.735012081760413
6971,155,159,SAE,10.4308927704918
6972,155,164,MAE|SAE,5.855268982552327
6973,156,164,MAE|SAE,6.333568813004365
6974,156,168,MAE|SAE,3.738377539620938
6975,156,159,MAE|SAE,2.0590402913485257
6976,156,159,MAE|SAE,2.583677127260501
6977,156,160,MAE|SAE,2.279469849224042
6978,156,191,LAE|MAE|SAE,7.2391436332880525
6979,156,159,MAE|SAE,5.81446293897366
6980,156,176,LAE|MAE|SAE,5.0094194469406235
6981,158,160,MAE|SAE,3.2732691184578138
6982,158,160,MAE|SAE,3.7918604060723333
6983,158,172,LAE|MAE|SAE,4.56354851607637
6984,158,160,MAE|SAE,1.829686712833124
6985,158,172,MAE|SAE,4.605031368080333
6986,158,159,MAE|SAE,1.934970276994463
6987,158,176,MAE|SAE,6.772510540205142
6988,158,159,MAE|SAE,2.6224908661156956
6989,158,159,MAE|SAE,0.9001690554518761
6990,158,159,MAE|SAE,1.6739148393313972
6991,158,164,MAE|SAE,3.3057435554118157
6992,158,159,MAE|SAE,2.1083325493926313
6993,158,175,LAE|MAE|SAE,4.821910399437727
6994,158,163,MAE|SAE,6.323176009087807
6995,158,159,MAE|SAE,1.8711248207475566
6996,158,159,MAE|SAE,1.804974624594542
6997,158,159,MAE|SAE,1.2929596670774002
6998,158,159,MAE|SAE,1.5715482056583145
6999,158,167,MAE|SAE,2.574380397408522
7000,158,163,MAE|SAE,3.336642227095135
7001,158,164,MAE|SAE,2.981637706265082
7002,158,159,MAE|SAE,2.704185418578698
7003,158,159,MAE|SAE,1.962328589307184
7004,156,160,MAE,14.916702900903132
7005,156,160,MAE,4.3165164092585835
7006,156,164,MAE,3.6630346373508575
7007,156,162,LAE|MAE,4.283564206406506
7008,156,179,MAE|SAE,13.159462357243696
7009,156,160,MAE,3.424418052839167
7010,156,172,MAE|SAE,7.859841602907285
7011,156,163,MAE|SAE,5.0873288403579515
7012,157,161,LAE|MAE,4.935783980870181
7013,158,160,MAE,3.039638165678774
7014,158,176,LAE|MAE|SAE,5.362642035840185
7015,158,166,MAE,3.263511720508204
7016,158,160,MAE,9.082438501980382
7017,158,160,MAE,1.8146376684944818
7018,158,166,MAE,3.3289291779431855
7019,158,160,MAE,3.312900095521091
7020,158,160,MAE,3.224028392052481
7021,158,162,MAE,3.866129671933982
7022,158,171,MAE|SAE,3.2146637074758577
7023,158,164,MAE,5.475197545778382
7024,158,164,MAE|SAE,2.104069127439631
7025,158,172,MAE,18.225143809417865
7026,158,160,MAE,1.7486288772962824
7027,159,160,MAE|SAE,2.1297644935564635
7028,159,162,MAE|SAE,5.0581652423579495
7029,159,160,MAE|SAE,3.896098093110479
7030,159,160,MAE|SAE,2.9457600256522127
7031,159,176,LAE|MAE|SAE,7.0816612379355925
7032,159,164,MAE|SAE,5.233290576743229
7033,159,162,MAE|SAE,3.139638470385412
7034,159,164,MAE|SAE,3.115350551536859
7035,159,161,LAE|MAE|SAE,3.323254396469649
7036,159,162,MAE|SAE,6.178858327898125
7037,159,162,MAE|SAE,5.435061313606143
7038,159,160,MAE|SAE,4.115546579154097
7039,159,163,MAE|SAE,3.02406693891274
7040,159,164,MAE|SAE,5.692129385726622
7041,159,163,MAE|SAE,6.599307963997292
7042,159,162,MAE|SAE,2.088436334911266
7043,159,160,MAE|SAE,1.5110955131463693
7044,159,166,MAE|SAE,3.216263463406776
7045,159,162,MAE|SAE,3.2007276640388014
7046,159,171,MAE|SAE,3.5812941961352074
7047,159,165,LAE|MAE|SAE,2.9649016739948766
7048,159,160,MAE|SAE,3.4190226616609314
7049,159,162,MAE|SAE,2.5008575954335215
7050,159,163,MAE|SAE,6.7860702520610365
7051,160,171,LAE|MAE|SAE,3.034448385841675
7052,160,179,LAE|MAE|SAE,5.489449654817575
7053,158,162,MAE,21.08535315709904
7054,158,166,LAE|MAE,6.461018189061882
7055,158,190,MAE|SAE,7.336940991036039
7056,158,162,MAE,13.124909162728695
7057,158,185,LAE|MAE|SAE,10.8971017386369
7058,159,162,MAE|SAE,4.695467437489089
7059,159,163,MAE|SAE,3.2050058775420647
7060,159,180,MAE|SAE,9.829413565502556
7061,159,163,MAE|SAE,2.3643952155005126
7062,159,164,MAE|SAE,1.9464197176477174
7063,160,166,MAE,2.926352937959298
7064,160,164,MAE,5.200497686715283
7065,160,170,MAE|SAE,10.849775845843078
7066,160,162,MAE,5.344616473721056
7067,160,162,MAE,2.907053275564331
7068,160,172,MAE|SAE,3.6687468078230694
7069,160,167,MAE|SAE,4.6320558695999114
7070,160,167,MAE|SAE,2.288145907095845
7071,160,164,MAE|SAE,4.757850838606604
7072,160,186,MAE|SAE,6.111440148296242
7073,160,163,MAE|SAE,6.432426233518998
7074,160,163,MAE|SAE,2.8448843948032696
7075,160,168,MAE,15.779778924908152
7076,160,168,MAE|SAE,5.206945232716459
7077,160,172,MAE,16.617353313256654
7078,160,178,MAE|SAE,4.4666104317592685
7079,160,178,LAE|MAE|SAE,8.414340670016033
7080,160,167,MAE|SAE,2.8953121283046817
7081,160,174,MAE,6.978169886978865
7082,161,170,LAE|MAE|SAE,2.636369999801681
7083,161,164,LAE|MAE|SAE,3.9941617461152137
7084,161,163,LAE|MAE|SAE,3.687366893682046
7085,161,164,LAE|MAE,2.8392765126346653
7086,161,176,LAE|MAE,4.467090439220849
7087,161,187,LAE|MAE|SAE,5.532912271954528
7088,161,170,LAE|MAE|SAE,9.567563167261353
7089,159,163,SAE,3.0822989464165307
7090,159,163,SAE,3.113467364595965
7091,159,178,MAE|SAE,5.694413888088646
7092,159,163,SAE,9.273547001376508
7093,159,178,MAE|SAE,4.915322051619407
7094,159,163,SAE,5.342912613324971
7095,159,163,SAE,6.7849982850930495
7096,159,163,SAE,3.1997661471296976
7097,159,163,SAE,5.349722577071677
7098,159,163,SAE,10.56922077209253
7099,160,163,MAE|SAE,2.93185795519736
7100,160,163,MAE|SAE,1.9945176995586313
7101,160,163,MAE|SAE,7.352458659906433
7102,160,163,MAE|SAE,4.32655805113157
7103,160,163,MAE|SAE,5.8088849533321785
7104,162,175,LAE|MAE|SAE,4.721569733794348
7105,162,166,LAE|MAE|SAE,2.5775446694574184
7106,162,166,MAE|SAE,5.011405533797292
7107,162,163,MAE|SAE,1.315973455991014
7108,162,164,MAE|SAE,1.7321495210479287
7109,162,163,MAE|SAE,1.8970430315705888
7110,162,170,MAE|SAE,4.922497454625283
7111,162,168,MAE|SAE,2.4055218342212985
7112,162,167,MAE|SAE,2.6459235577260953
7113,162,168,LAE|MAE|SAE,2.599318614739515
7114,162,164,MAE|SAE,1.486909873091066
7115,162,172,MAE|SAE,3.6610535353968907
7116,162,163,MAE|SAE,4.058147384098719
7117,162,163,MAE|SAE,5.536564456390567
7118,162,164,MAE|SAE,1.6334356455349857
7119,162,163,MAE|SAE,1.3150662317701693
7120,162,168,MAE|SAE,2.4796443268328203
7121,162,167,MAE|SAE,1.6094614186052258
7122,162,164,MAE|SAE,1.6692387545343923
7123,162,163,MAE|SAE,1.2190380161086638
7124,162,166,MAE|SAE,9.716194323376332
7125,162,163,MAE|SAE,1.0375962765121713
7126,162,163,MAE|SAE,3.1959729558300136
7127,162,163,MAE|SAE,1.3294288943727868
7128,162,163,MAE|SAE,1.7031743245997752
7129,160,192,MAE,13.165031697894824
7130,160,164,MAE,4.4816196474613275
7131,161,171,LAE|MAE|SAE,2.652220810709122
7132,161,171,LAE|MAE|SAE,2.7016351980444187
7133,161,171,LAE|MAE|SAE,2.6083485820681642
7134,161,169,LAE|MAE,2.672054131301414
7135,161,171,LAE|MAE|SAE,2.82996884523848
7136,162,180,MAE|SAE,8.252171706093359
7137,162,194,MAE,12.861829488943746
7138,162,166,MAE,5.496374207348524
7139,162,164,MAE,4.054321600181239
7140,162,164,MAE,6.414208126135989
7141,162,168,MAE,52.337069595295496
7142,162,183,MAE|SAE,7.317632508098524
7143,162,164,MAE,5.933783300304962
7144,162,164,MAE,4.322859605174394
7145,162,182,MAE|SAE,13.692122705011815
7146,162,167,MAE|SAE,4.736051044420586
7147,162,171,MAE|SAE,5.714387505062761
7148,162,170,MAE,16.828467004165955
7149,162,167,MAE|SAE,4.933018325754526
7150,162,176,MAE|SAE,3.6985545375543873
7151,162,164,MAE,8.857897054461453
7152,162,167,MAE|SAE,5.503172902325976
7153,162,179,LAE|MAE|SAE,6.4105663742688135
7154,162,166,MAE,7.9786801781681245
7155,162,164,MAE,13.56752095408877
7156,162,164,MAE,2.599133197720836
7157,162,164,MAE,6.267663202729382
7158,162,168,MAE,7.871379420860497
7159,162,164,MAE,1.5780759403191573
7160,162,164,MAE,6.435826199182828
7161,162,204,LAE|MAE|SAE,8.133039187083384
7162,163,175,MAE|SAE,3.361810486927606
7163,163,172,MAE|SAE,3.005542649650837
7164,163,172,MAE|SAE,2.907424941947603
7165,163,172,MAE|SAE,3.177342314864916
7166,163,171,LAE|MAE|SAE,2.341084679459726
7167,163,168,MAE|SAE,2.1617602242290785
7168,163,168,MAE|SAE,2.754208115368857
7169,163,164,MAE|SAE,2.0804062881663703
7170,163,175,MAE|SAE,3.6676078044446005
7171,163,171,LAE|MAE|SAE,2.30695142511148
7172,163,164,MAE|SAE,1.8703455067965025
7173,163,168,MAE|SAE,2.6019626261789743
7174,163,168,MAE|SAE,2.4158657368793475
7175,163,166,MAE|SAE,3.3252934319448397
7176,163,171,LAE|MAE|SAE,2.298878244468785
7177,163,168,MAE|SAE,1.9444436516796777
7178,163,164,MAE|SAE,1.677465335837991
7179,163,170,MAE|SAE,2.841498149637924
7180,163,164,MAE|SAE,1.33880622298478
7181,163,164,MAE|SAE,1.9171466698685011
7182,163,167,MAE|SAE,1.7761008517662897
7183,161,165,LAE,2.8285830560574015
7184,161,165,LAE,53.518083660611694
7185,161,169,LAE,4.158645003066392
7186,161,168,LAE|MAE|SAE,2.8570035075274594
7187,162,168,LAE|MAE,2.6688638585046816
7188,164,168,LAE|MAE,54.189148748006644
7189,162,167,MAE|SAE,2.667852614525684
7190,162,176,LAE|MAE|SAE,4.587387787111216
7191,162,166,MAE,35.86697762063049
7192,162,166,MAE,5.026061390357304
7193,162,183,MAE|SAE,7.147580339287149
7194,162,168,MAE,4.612328671076873
7195,163,168,MAE|SAE,11.474750453014895
7196,163,170,MAE|SAE,2.362491194456283
7197,163,166,MAE|SAE,2.3790055745225676
7198,163,170,MAE|SAE,2.4254280657194105
7199,163,167,MAE|SAE,2.4637089352570953
7200,163,191,LAE|MAE|SAE,5.9907592311925475
7201,163,180,MAE|SAE,4.529102858419333
7202,163,171,MAE|SAE,3.9942699625560523
7203,163,170,MAE|SAE,2.4168785501489647
7204,164,171,MAE|SAE,2.8717986291156183
7205,164,182,LAE|MAE|SAE,4.434294828871681
7206,164,174,MAE|SAE,2.440284593783704
7207,164,166,MAE,10.92818833753383
7208,164,170,MAE,33.02401199081847
7209,164,171,MAE|SAE,2.2167778278355774
7210,164,168,MAE|SAE,2.1742886064005607
7211,164,167,MAE|SAE,1.1736420091623074
7212,164,179,MAE|SAE,3.7584816032666923
7213,164,180,LAE|MAE,13.03359592006086
7214,164,180,LAE|MAE|SAE,7.059257449223534
7215,164,170,MAE,7.905063102950941
7216,164,166,MAE,3.430553675753276
7217,164,175,MAE|SAE,5.567192257898925
7218,164,179,LAE|MAE|SAE,4.134052438771584
7219,164,166,MAE,4.470601931558533
7220,164,171,LAE|MAE|SAE,2.1086727251351953
7221,165,174,LAE|MAE|SAE,4.083878221223391
7222,165,172,LAE|MAE|SAE,2.0327412227809103
7223,165,166,LAE|MAE,3.6673216114259906
7224,165,170,LAE|MAE,2.0337674786944597
7225,165,182,LAE|MAE,9.105680428215168
7226,165,166,LAE|MAE,2.080568419971068
7227,163,167,SAE,2.17374971150041
7228,163,167,SAE,12.513277459888311
7229,163,167,SAE,5.05832718470143
7230,163,167,SAE,1.7567133856122232
7231,163,167,SAE,9.949167451961499
7232,163,167,SAE,7.935008171379647
7233,163,178,LAE|MAE|SAE,4.152345824980719
7234,163,167,SAE,5.831971257268862
7235,164,167,MAE|SAE,2.1732763426683928
7236,164,167,MAE|SAE,5.43214165608737
7237,166,167,MAE|SAE,0.8025883128245297
7238,166,167,MAE|SAE,2.7647837396091552
7239,166,179,MAE|SAE,3.1883318175977693
7240,166,167,MAE|SAE,2.579114976166946
7241,166,167,MAE|SAE,1.2793501175872986
7242,166,168,MAE|SAE,2.432702795602826
7243,166,167,MAE|SAE,4.605110322562296
7244,166,187,LAE|MAE|SAE,5.071869626357485
7245,166,184,LAE|MAE|SAE,4.332041977080232
7246,166,180,MAE|SAE,3.351276928977373
7247,166,168,MAE|SAE,4.279480228710946
7248,166,167,MAE|SAE,4.334052196913309
7249,166,176,MAE|SAE,4.888775703282907
7250,166,167,MAE|SAE,0.8238774433252517
7251,166,167,MAE|SAE,4.437456268224378
7252,166,167,MAE|SAE,1.3589220622098437
7253,166,168,MAE|SAE,4.59656181039408
7254,166,177,LAE|MAE|SAE,6.905905183721857
7255,166,168,MAE|SAE,1.1609442416057687
7256,166,179,MAE|SAE,6.464267763683154
7257,166,170,MAE|SAE,5.185473400257785
7258,166,168,MAE|SAE,1.697422187094536
7259,166,170,MAE|SAE,3.2413007742064393
7260,166,167,MAE|SAE,1.287325418752166
7261,166,175,MAE|SAE,3.63809169147699
7262,166,167,MAE|SAE,5.622826086010392
7263,166,167,MAE|SAE,4.4191723293857725
7264,166,168,MAE|SAE,2.0199560427654863
7265,166,179,MAE|SAE,4.609840515766956
7266,166,186,LAE|MAE|SAE,8.855781987736174
7267,166,180,LAE|MAE|SAE,5.168077940347614
7268,166,167,MAE|SAE,1.0803371476433794
7269,164,170,MAE,5.933665274515648
7270,164,184,MAE|SAE,7.239315903412848
7271,164,182,LAE|MAE|SAE,6.443385674453735
7272,164,172,MAE,9.533450125632244
7273,164,203,LAE|MAE|SAE,8.358482595959796
7274,165,172,LAE|MAE|SAE,1.9833113349987677
7275,165,168,LAE|MAE,3.8540230465299037
7276,165,171,LAE|MAE|SAE,2.0428537882130664
7277,165,176,LAE|MAE,3.858782073197582
7278,166,168,MAE,45.95009449615036
7279,166,174,MAE,13.840906915003234
7280,166,168,MAE,5.2225222054266
7281,166,168,MAE,7.077110595971296
7282,166,168,MAE,2.821252421842944
7283,166,168,MAE,12.110164079753519
7284,166,168,MAE,5.2806001226294494
7285,166,168,MAE,5.015256442467285
7286,166,176,MAE,12.907204594351784
7287,166,168,MAE,1.5888088307676784
7288,166,196,LAE|MAE|SAE,7.032595412342408
7289,166,168,MAE,4.957563726461267
7290,166,172,MAE,12.348868061480417
7291,166,172,MAE|SAE,1.9350917155776628
7292,166,168,MAE,5.255488837960674
7293,166,179,MAE|SAE,6.786135314928825
7294,166,168,MAE,1.693330326026768
7295,167,168,MAE|SAE,3.146699721706931
7296,167,174,LAE|MAE|SAE,3.321021530313885
7297,167,168,MAE|SAE,4.653869782812834
7298,167,168,MAE|SAE,1.386386273425274
7299,167,178,LAE|MAE|SAE,3.4269945568286477
7300,167,176,MAE|SAE,3.150100975386129
7301,167,168,MAE|SAE,2.166385734656051
7302,167,168,MAE|SAE,3.912224274441711
7303,167,176,MAE|SAE,3.3371739122421427
7304,167,171,MAE|SAE,3.507464178282362
7305,167,168,MAE|SAE,2.856630525711429
7306,167,168,MAE|SAE,4.2536623604938955
7307,167,168,MAE|SAE,1.3771643238158053
7308,167,178,LAE|MAE|SAE,3.324093503974169
7309,167,168,MAE|SAE,3.224588669569618
7310,167,179,MAE|SAE,3.3278497230978012
7311,167,168,MAE|SAE,10.068554181254779
7312,167,175,LAE|MAE|SAE,3.290270355098068
7313,167,178,LAE|MAE|SAE,3.35912525208009
7314,167,179,MAE|SAE,3.2810607869111084
7315,167,168,MAE|SAE,4.368114721210479
7316,167,182,MAE|SAE,4.744562931077379
7317,167,179,LAE|MAE|SAE,3.5528735833281875
7318,167,168,MAE|SAE,4.360789091877932
7319,167,168,MAE|SAE,1.7392165199012337
7320,167,182,LAE|MAE|SAE,3.824945280341447
7321,167,168,MAE|SAE,5.1398122650400895
7322,167,186,LAE|MAE|SAE,4.859373529009927
7323,167,168,MAE|SAE,2.397388010719697
7324,167,170,MAE|SAE,2.908181310844784
7325,167,175,MAE|SAE,2.218432601649524
7326,167,176,MAE|SAE,3.072103412393262
7327,167,172,MAE|SAE,3.787057891505417
7328,166,171,LAE|MAE|SAE,3.5210314008900157
7329,168,176,LAE|MAE|SAE,3.189899388633407
7330,168,178,LAE|MAE|SAE,3.281734021522435
7331,168,176,LAE|MAE|SAE,3.167044262745839
7332,168,169,LAE|MAE,3.3670103207439315
7333,168,175,LAE|MAE|SAE,3.3356061099058563
7334,168,179,LAE|MAE|SAE,3.19381912904284
7335,168,175,LAE|MAE|SAE,3.891846661286082
7336,166,172,MAE,11.300504489291242
7337,166,172,MAE,10.034699509765513
7338,166,170,MAE,42.77463363711672
7339,166,170,MAE,33.74673398231576
7340,166,174,MAE,7.097895325061159
7341,166,170,MAE,3.518328601251181
7342,166,183,MAE|SAE,7.085058332412343
7343,166,170,MAE,6.464618633089507
7344,167,171,MAE|SAE,1.968241078276739
7345,167,172,MAE|SAE,1.64098612848113
7346,167,175,MAE|SAE,3.088995097747875
7347,167,175,MAE|SAE,3.0682706978810628
7348,167,191,LAE|MAE|SAE,4.823326980197296
7349,167,179,MAE|SAE,3.85342790595421
7350,168,176,LAE|MAE|SAE,3.1595725453746257
7351,168,176,LAE|MAE|SAE,3.220551289817816
7352,168,171,MAE|SAE,3.19894439670588
7353,168,192,MAE,11.67686425025356
7354,168,199,MAE|SAE,8.333321172131233
7355,168,191,LAE|MAE|SAE,5.075529657190885
7356,168,176,MAE|SAE,3.2021492606157733
7357,168,175,MAE|SAE,3.2720188597679716
7358,168,184,LAE|MAE|SAE,3.8039644608458043
7359,168,174,MAE,12.213372554802946
7360,168,172,MAE|SAE,1.6192890590924405
7361,168,172,MAE,8.634703811712422
7362,168,182,LAE|MAE|SAE,3.3621629435610783
7363,168,178,MAE,18.209901886762367
7364,168,180,MAE|SAE,3.161174314287323
7365,168,191,LAE|MAE|SAE,4.735509739658201
7366,168,170,MAE,1.7389053833218966
7367,168,188,LAE|MAE|SAE,4.737747571394326
7368,168,178,MAE,6.582723271599909
7369,168,181,LAE|MAE,6.625625602119326
7370,168,170,MAE,9.905715535679535
7371,168,170,MAE,3.990883079456201
7372,168,170,MAE,4.544000907227386
7373,168,170,MAE,5.220102109529805
7374,168,187,LAE|MAE|SAE,4.579162603524142
7375,168,171,MAE|SAE,3.119160518503964
7376,168,189,LAE|MAE|SAE,5.648923738351095
7377,168,170,MAE,6.147604272309929
7378,168,178,MAE|SAE,3.5195420135523574
7379,169,176,LAE|MAE|SAE,2.8872629962396994
7380,169,186,LAE|MAE,8.525451168136039
7381,169,178,LAE|MAE|SAE,2.736112607542204
7382,167,171,SAE,51.17170785184566
7383,167,171,SAE,10.067311470004121
7384,167,171,SAE,13.726435596066551
7385,167,171,SAE,15.348992581990101
7386,167,171,SAE,19.160667386487674
7387,168,171,MAE|SAE,2.7706838712388726
7388,168,179,MAE|SAE,2.973862460501893
7389,168,190,MAE|SAE,5.133791200222878
7390,168,179,MAE|SAE,3.483339694834527
7391,168,171,MAE|SAE,2.09551698745296
7392,168,178,MAE|SAE,3.6858422973042204
7393,168,179,MAE|SAE,5.919828842465479
7394,168,171,MAE|SAE,2.5845378349283346
7395,168,174,MAE|SAE,2.0059687523509453
7396,168,191,LAE|MAE|SAE,5.093043823562661
7397,170,174,LAE|MAE|SAE,5.024129340882167
7398,170,171,MAE|SAE,1.2133193894550356
7399,170,171,MAE|SAE,1.098850083943338
7400,170,172,MAE|SAE,1.1742866764524906
7401,170,178,MAE|SAE,2.4491338272216194
7402,170,171,MAE|SAE,4.394169794931745
7403,170,180,LAE|MAE|SAE,5.966338064023005
7404,170,172,MAE|SAE,1.8348459216898287
7405,170,172,MAE|SAE,1.0493732673861853
7406,170,179,MAE|SAE,2.963417126429331
7407,170,178,MAE|SAE,5.14293370823656
7408,170,178,MAE|SAE,2.7033425444093324
7409,170,172,MAE|SAE,1.1382001093741376
7410,170,171,MAE|SAE,1.068216911345849
7411,170,175,MAE|SAE,2.800519295631405
7412,170,176,MAE|SAE,2.1364903041472028
7413,170,171,MAE|SAE,1.474799406827538
7414,170,172,MAE|SAE,2.7907381126096493
7415,170,172,MAE|SAE,2.9858849017138955
7416,170,175,MAE|SAE,2.1458551613260757
7417,170,171,MAE|SAE,1.2721690640717553
7418,170,176,MAE|SAE,2.3609085650313633
7419,170,172,MAE|SAE,2.1546288622920957
7420,170,175,MAE|SAE,6.028430399235624
7421,170,171,MAE|SAE,1.0534368672745797
7422,170,171,MAE|SAE,2.695031724161508
7423,170,198,MAE|SAE,6.559747110726056
7424,170,183,MAE|SAE,6.781087379010395
7425,170,177,LAE|MAE|SAE,5.769971852167091
7426,170,178,LAE|MAE|SAE,2.401553347736356
7427,170,172,MAE|SAE,1.6958431625216777
7428,170,174,MAE|SAE,3.197797253354676
7429,170,172,MAE|SAE,1.0703269154062711
7430,170,187,MAE|SAE,3.660183240120425
7431,170,171,MAE|SAE,2.3810272289404653
7432,170,171,MAE|SAE,2.4503026993395696
7433,170,172,MAE|SAE,1.1828597286449256
7434,170,172,MAE|SAE,1.1711708725684802
7435,170,176,MAE|SAE,6.033781461161476
7436,170,171,MAE|SAE,4.853370645845705
7437,170,191,LAE|MAE|SAE,4.299601558988983
7438,170,171,MAE|SAE,1.141395924911079
7439,170,174,MAE|SAE,8.656489873214879
7440,170,176,MAE|SAE,3.025356101520672
7441,170,188,MAE|SAE,5.08518668516638
7442,170,178,MAE|SAE,2.9034089620836347
7443,168,175,MAE|SAE,6.361534295032289
7444,168,172,MAE,1.8943262254062818
7445,168,192,LAE|MAE|SAE,7.559345559639498
7446,168,172,MAE,41.85542654521602
7447,168,207,LAE|MAE|SAE,7.559039603395921
7448,168,179,MAE|SAE,12.250931698729838
7449,168,179,MAE|SAE,6.026296932518772
7450,169,176,LAE|MAE,2.9133540150049564
7451,169,172,LAE|MAE,2.925927947170052
7452,169,175,LAE|MAE|SAE,2.968462021944428
7453,169,178,LAE|MAE|SAE,2.9594325454420094
7454,169,178,LAE|MAE|SAE,2.9813815729138686
7455,169,190,LAE|MAE|SAE,5.9143123190067515
7456,170,175,LAE|MAE|SAE,4.719066983874879
7457,170,188,MAE|SAE,8.848223475184247
7458,170,183,MAE|SAE,6.491285663163294
7459,170,172,MAE,40.06365973967416
7460,170,174,MAE,5.180853315540318
7461,170,191,LAE|MAE|SAE,5.199329572408398
7462,170,172,MAE,1.0800220580075033
7463,170,178,MAE|SAE,2.3622561500103365
7464,170,174,MAE,1.6293131252912318
7465,170,174,MAE,2.664922430095698
7466,170,204,LAE|MAE|SAE,10.027627748936633
7467,170,179,MAE|SAE,6.229064537023967
7468,170,179,LAE|MAE|SAE,5.7935357253249355
7469,170,175,LAE|MAE|SAE,3.2310247786935795
7470,170,178,MAE,2.2794682711754723
7471,170,174,MAE,2.777681998374883
7472,170,174,MAE,5.362246346090436
7473,170,190,LAE|MAE|SAE,4.573019600770007
7474,170,172,MAE,1.1796482786507263
7475,170,183,MAE|SAE,5.673561692127015
7476,170,192,LAE|MAE|SAE,4.890584668437248
7477,170,203,MAE|SAE,12.424104701970759
7478,170,172,MAE,1.0417371691434327
7479,170,175,MAE|SAE,1.564406151565711
7480,170,179,MAE|SAE,5.557328820014521
7481,171,176,MAE|SAE,2.7980918263999754
7482,171,183,LAE|MAE|SAE,3.3664560312054213
7483,171,179,MAE|SAE,2.7986561155931042
7484,171,172,MAE|SAE,6.0432868291853685
7485,171,178,MAE|SAE,3.531137330713093
7486,171,175,MAE|SAE,2.6326313441107407
7487,171,180,LAE|MAE|SAE,3.8624744626235463
7488,171,180,MAE|SAE,3.059286621443406
7489,171,172,MAE|SAE,1.9398815827998497
7490,171,172,MAE|SAE,8.611802804578199
7491,171,172,MAE|SAE,3.1550217040203914
7492,171,180,MAE|SAE,3.0897207553655512
7493,171,172,MAE|SAE,0.9188310647630343
7494,171,179,LAE|MAE|SAE,3.448320930788991
7495,171,172,MAE|SAE,2.0252049059204245
7496,171,179,LAE|MAE|SAE,5.974055211154768
7497,171,172,MAE|SAE,1.2286641497069262
7498,171,184,LAE|MAE|SAE,3.754024389795317
7499,171,172,MAE|SAE,1.5248734838587206
7500,171,182,MAE|SAE,3.338367401760856
7501,171,180,MAE|SAE,3.054266903992746
7502,171,172,MAE|SAE,1.0506010900748206
7503,171,182,LAE|MAE|SAE,3.418949762624719
7504,171,176,MAE|SAE,1.89012649971644
7505,171,176,MAE|SAE,3.442836741183444
7506,171,175,MAE|SAE,3.129693780120844
7507,171,183,MAE|SAE,4.892109371829736
7508,171,182,LAE|MAE|SAE,5.364948529446002
7509,171,172,MAE|SAE,0.9593611886092639
7510,171,175,MAE|SAE,2.1359913578452288
7511,171,174,MAE|SAE,2.323460679181032
7512,171,172,MAE|SAE,1.9398355755100292
7513,171,175,MAE|SAE,2.3287333834381703
7514,171,175,MAE|SAE,2.3235703596099784
7515,170,176,LAE|MAE|SAE,4.812976279061805
7516,172,175,LAE|MAE|SAE,1.8959296994273873
7517,172,187,LAE|MAE|SAE,3.7584920062874128
7518,172,173,LAE|MAE,5.158132004868345
7519,172,200,LAE|MAE|SAE,5.538797475025492
7520,172,175,LAE|MAE|SAE,3.7939403081969827
7521,172,178,LAE|MAE|SAE,5.536655697475696
7522,172,173,LAE|MAE,3.715166958538965
7523,172,180,LAE|MAE|SAE,4.211929236755972
7524,172,173,LAE|MAE,2.769443064470191
7525,172,181,LAE|MAE|SAE,5.266742378463024
7526,172,183,LAE|MAE|SAE,3.370287408389049
7527,172,188,LAE|MAE|SAE,5.397913666741746
7528,170,174,MAE,5.283682454182295
7529,170,192,MAE,13.000357261977069
7530,170,175,MAE|SAE,3.4020785713916295
7531,170,174,MAE,4.817659876805293
7532,170,174,MAE,2.737066714584336
7533,170,177,LAE|MAE,6.197051664179808
7534,170,174,MAE,2.443603590567876
7535,170,174,MAE,4.449727469925277
7536,170,178,MAE|SAE,2.614921488639441
7537,170,174,MAE,14.319590197200304
7538,170,174,MAE,3.5226684282338065
7539,171,174,MAE|SAE,2.5219726696497604
7540,171,176,MAE|SAE,2.8205094532484782
7541,171,181,LAE|MAE|SAE,4.358458834612984
7542,171,178,MAE|SAE,3.1373022811032203
7543,171,176,MAE|SAE,2.563348237847023
7544,171,174,MAE|SAE,2.587883658000539
7545,171,174,MAE|SAE,2.672277527405078
7546,172,174,MAE,1.5612568852268238
7547,172,184,LAE|MAE|SAE,5.481673101142052
7548,172,176,MAE|SAE,2.788895060842199
7549,172,175,MAE|SAE,4.34036955761998
7550,172,175,MAE|SAE,2.5520296560009994
7551,172,175,MAE|SAE,1.4929949303533607
7552,172,184,MAE|SAE,3.4210448395999924
7553,172,179,MAE|SAE,3.203798968590898
7554,172,180,MAE|SAE,2.5368416964501193
7555,172,199,MAE|SAE,11.644782912860622
7556,172,174,MAE,4.337053956383167
7557,172,176,MAE|SAE,4.320849231823592
7558,172,183,LAE|MAE|SAE,3.0965160839533628
7559,172,190,LAE|MAE,4.78323275720497
7560,172,182,MAE,55.47061803998486
7561,172,183,MAE|SAE,7.940896314418611
7562,172,179,MAE|SAE,4.2933812190267195
7563,172,178,MAE,3.9929895535626785
7564,172,176,MAE,41.5018788828158
7565,172,190,MAE|SAE,8.539776455650241
7566,172,176,MAE|SAE,4.713711700983816
7567,172,174,MAE,6.235135008741947
7568,172,178,MAE|SAE,4.252113723235185
7569,172,174,MAE,4.253969048158262
7570,172,194,MAE,43.35783536356072
7571,172,179,MAE|SAE,2.856437714711269
7572,172,176,MAE,1.7108196033739203
7573,172,178,MAE,6.596476098773178
7574,172,188,MAE|SAE,4.772200947509626
7575,172,203,MAE|SAE,6.6278885328508865
7576,172,178,MAE,43.757908454593824
7577,172,176,MAE,5.210598876759621
7578,172,176,MAE|SAE,2.4031006086153623
7579,172,174,MAE,4.345876925105462
7580,172,186,LAE|MAE|SAE,3.5398112950533758
7581,172,174,MAE,7.087957623781576
7582,172,183,MAE|SAE,2.81922305100838
7583,172,174,MAE,2.4312791707108627
7584,172,176,MAE,8.265335266864028
7585,172,207,MAE|SAE,12.30325559192405
7586,172,174,MAE,3.6086004154680325
7587,173,176,LAE|MAE,2.5424809629942513
7588,173,177,LAE|MAE,10.406257409488285
7589,173,188,LAE|MAE|SAE,3.7958329172847933
7590,173,174,LAE|MAE,2.181297807991159
7591,171,175,SAE,8.147565459540848
7592,171,175,SAE,4.977520669915097
7593,171,175,SAE,2.1412406482884925
7594,172,175,MAE|SAE,1.6046681803989937
7595,172,175,MAE|SAE,5.377669714449879
7596,172,183,MAE|SAE,5.78667701265082
7597,172,178,MAE|SAE,2.109996946787672
7598,172,175,MAE|SAE,4.185945123074682
7599,172,175,MAE|SAE,3.107244638640106
7600,174,175,MAE|SAE,1.8234755398377016
7601,174,177,LAE|MAE|SAE,2.876479193368742
7602,174,187,MAE|SAE,3.235119684047809
7603,174,175,MAE|SAE,4.504608872760261
7604,174,176,MAE|SAE,2.0831490314644183
7605,174,182,MAE|SAE,8.273167244735225
7606,174,176,MAE|SAE,3.6276901432512645
7607,174,175,MAE|SAE,1.1437829480090218
7608,174,175,MAE|SAE,1.6443958488929054
7609,174,179,MAE|SAE,2.4346297432686472
7610,174,175,MAE|SAE,3.3021428186669506
7611,174,175,MAE|SAE,2.11448987745993
7612,174,178,MAE|SAE,3.8377696384704243
7613,174,175,MAE|SAE,2.0306117345529757
7614,174,175,MAE|SAE,3.864774744000087
7615,174,175,MAE|SAE,2.100294163266897
7616,174,176,MAE|SAE,1.5819272711450203
7617,174,176,MAE|SAE,1.1068728530823049
7618,174,184,LAE|MAE|SAE,3.207359202977283
7619,174,175,MAE|SAE,1.6824961543657566
7620,172,180,MAE,20.075736385873252
7621,172,182,MAE|SAE,6.717860157076322
7622,172,176,MAE,6.901506360010572
7623,172,176,MAE,7.30191531244326
7624,172,210,MAE,23.796200662562335
7625,172,176,MAE,6.591424699495085
7626,172,198,MAE,29.690070724553628
7627,172,180,MAE,12.85243099002582
7628,172,180,MAE|SAE,3.2053885958835524
7629,172,178,MAE,4.321677197063622
7630,173,184,LAE|MAE,4.3098848112349595
7631,173,184,LAE|MAE,5.23833618446332
7632,174,176,MAE,1.0005648169710626
7633,174,206,MAE,11.850094528303588
7634,174,176,MAE,1.2929265892751514
7635,174,210,MAE,27.558640649665467
7636,174,176,MAE,1.8380766392209427
7637,174,215,MAE|SAE,11.017671983954896
7638,174,179,MAE|SAE,4.051326596929243
7639,174,176,MAE,1.7825534048403155
7640,174,176,MAE,59.586324771121255
7641,174,178,MAE,5.526620176485703
7642,174,210,MAE,41.50887016345333
7643,174,176,MAE,32.599185856305716
7644,174,188,MAE,25.883009450461216
7645,174,195,LAE|MAE|SAE,5.694030703715781
7646,174,176,MAE,13.364212611448922
7647,174,203,MAE|SAE,10.726693490506113
7648,174,178,MAE,5.451090487196345
7649,174,178,MAE,7.596750666152889
7650,174,190,MAE|SAE,4.635648835994222
7651,174,176,MAE,2.745152820896714
7652,174,203,LAE|MAE|SAE,6.76341404117441
7653,174,176,MAE,7.909759448361651
7654,174,176,MAE,51.27625351336868
7655,174,192,LAE|MAE|SAE,5.660566898791998
7656,174,176,MAE,1.6783187316290173
7657,174,179,MAE|SAE,6.289669393277895
7658,174,180,MAE,5.2341768485727895
7659,174,176,MAE,37.77642391065646
7660,174,176,MAE,2.1379250928438074
7661,175,178,MAE|SAE,1.8101126740901583
7662,175,206,LAE|MAE|SAE,8.151443716472192
7663,175,176,MAE|SAE,4.221332408184101
7664,175,177,LAE|MAE|SAE,4.473091797493241
7665,175,176,MAE|SAE,1.3765417964328908
7666,175,176,MAE|SAE,1.9713916089583898
7667,175,196,LAE|MAE|SAE,5.442504982826021
7668,175,176,MAE|SAE,5.605652930177835
7669,175,179,MAE|SAE,1.873075856314608
7670,175,176,MAE|SAE,1.3851323882418838
7671,175,176,MAE|SAE,9.106823546896077
7672,175,184,MAE|SAE,9.450398562541032
7673,175,182,MAE|SAE,2.9093095369055217
7674,175,179,MAE|SAE,4.692579178515905
7675,175,184,MAE|SAE,3.5608804030218666
7676,175,192,LAE|MAE|SAE,4.795971361899098
7677,175,179,MAE|SAE,2.109943215857642
7678,175,196,LAE|MAE|SAE,4.573731140529116
7679,175,184,MAE|SAE,2.836188260627826
7680,175,184,MAE|SAE,3.5961582739753775
7681,175,176,MAE|SAE,1.5233953141828305
7682,175,178,MAE|SAE,2.205197813274422
7683,175,176,MAE|SAE,1.999749385616591
7684,173,181,LAE,4.154330141808645
7685,173,177,LAE,3.3267866914709603
7686,173,181,LAE|MAE,5.2652540050083205
7687,173,177,LAE,3.9146258284818884
7688,173,177,LAE,47.59654294061753
7689,174,180,LAE|MAE,5.090268860186883
7690,174,177,LAE|MAE,4.044148353690743
7691,176,186,LAE|MAE|SAE,2.8721626899393615
7692,176,177,LAE|MAE,2.345376146331002
7693,176,202,LAE|MAE|SAE,9.488061950998919
7694,176,177,LAE|MAE,2.1588084289287868
7695,176,177,LAE|MAE,2.6033521727378566
7696,176,194,LAE|MAE|SAE,4.831271902600604
7697,176,179,LAE|MAE|SAE,2.6259822615535997
7698,176,177,LAE|MAE,4.3896703497532865
7699,176,191,LAE|MAE|SAE,3.695099235901753
7700,176,195,LAE|MAE|SAE,5.102111772505475
7701,174,196,MAE,42.319308293897215
7702,174,187,MAE|SAE,4.458560594711264
7703,174,192,MAE,34.67752669963921
7704,174,182,MAE,25.076069556035222
7705,174,178,MAE,2.2347802599317923
7706,175,179,MAE|SAE,7.29615367032568
7707,175,207,LAE|MAE|SAE,7.715242202862504
7708,175,178,MAE|SAE,4.314750462252397
7709,175,179,MAE|SAE,10.59318549266706
7710,175,182,MAE|SAE,5.249656099659234
7711,175,191,MAE|SAE,5.26196756329473
7712,175,178,MAE|SAE,1.4825357460838755
7713,175,186,MAE|SAE,5.264276308126889
7714,175,199,MAE|SAE,7.689808788265725
7715,175,178,MAE|SAE,1.930694034530405
7716,175,183,MAE|SAE,2.1660699547588385
7717,175,207,LAE|MAE|SAE,11.336409646122972
7718,175,178,MAE|SAE,2.3962103386079217
7719,175,178,MAE|SAE,1.829953608122687
7720,175,191,MAE|SAE,5.425016150648416
7721,175,204,LAE|MAE|SAE,5.892239461618298
7722,176,178,MAE,3.066795757332489
7723,176,195,MAE|SAE,4.030395225540032
7724,176,180,MAE|SAE,1.529080756749991
7725,176,178,MAE,10.603899390286134
7726,176,178,MAE,3.6265809586168967
7727,176,178,MAE,3.2230000089551494
7728,176,184,MAE,46.83407735866545
7729,176,178,MAE,7.366113335567066
7730,176,196,MAE|SAE,4.547088500150284
7731,176,184,MAE|SAE,3.1086663827948358
7732,176,188,MAE|SAE,4.037670366167577
7733,176,188,MAE|SAE,3.6371303911254964
7734,176,191,LAE|MAE|SAE,3.4621088283026724
7735,176,192,MAE|SAE,4.395886978005938
7736,176,179,MAE|SAE,1.8446287266671786
7737,176,192,MAE|SAE,4.723948209832439
7738,176,196,MAE|SAE,4.915736492418558
7739,176,183,MAE|SAE,2.389693082863916
7740,176,191,LAE|MAE|SAE,5.533985932637403
7741,176,178,MAE,6.652201927685812
7742,176,179,MAE|SAE,7.141462250997537
7743,177,188,LAE|MAE|SAE,3.449813389722777
7744,177,186,LAE|MAE|SAE,2.4638724898991886
7745,177,179,LAE|MAE|SAE,4.198737978495901
7746,177,192,LAE|MAE|SAE,6.088354224278069
7747,175,179,SAE,11.366310359955035
7748,175,182,MAE|SAE,2.3154264248734893
7749,175,202,MAE|SAE,13.548691529450252
7750,175,179,SAE,3.9335830403472367
7751,175,179,SAE,3.541635886781699
7752,175,179,SAE,3.8583145701246706
7753,175,204,MAE|SAE,13.770126558386062
7754,175,183,SAE,9.390655668104468
7755,175,179,SAE,4.6531435536320735
7756,175,192,MAE|SAE,4.99278738035519
7757,175,179,SAE,2.07325437003481
7758,176,184,MAE|SAE,2.490649737546796
7759,176,191,LAE|MAE|SAE,3.609049369569935
7760,176,183,MAE|SAE,2.1097420190936362
7761,176,179,MAE|SAE,2.1386185939709748
7762,178,187,MAE|SAE,2.8387809269178867
7763,178,187,LAE|MAE|SAE,2.8187989210174473
7764,178,188,MAE|SAE,2.952092481648245
7765,178,191,LAE|MAE|SAE,4.445754112978806
7766,178,184,MAE|SAE,3.1302024390874656
7767,178,187,LAE|MAE|SAE,2.9328422430087846
7768,178,183,MAE|SAE,1.7892851509195058
7769,178,179,MAE|SAE,1.7625903331601644
7770,178,183,MAE|SAE,1.7372222729031555
7771,178,183,MAE|SAE,1.8749607668552468
7772,178,182,MAE|SAE,1.960850361514975
7773,178,179,MAE|SAE,1.9544095207941514
7774,178,184,MAE|SAE,2.1078272431984937
7775,178,184,MAE|SAE,2.389802615396956
7776,178,184,MAE|SAE,2.835684637856183
7777,178,179,MAE|SAE,1.5066486142681796
7778,178,199,MAE|SAE,4.564318548631697
7779,178,188,MAE|SAE,8.004652817608521
7780,178,183,MAE|SAE,2.7447379540060513
7781,178,179,MAE|SAE,1.3117415229516047
7782,178,180,MAE|SAE,7.95854215149263
7783,178,184,LAE|MAE|SAE,2.7260336477330354
7784,178,187,MAE|SAE,5.959163362345902
7785,178,179,MAE|SAE,5.2735631080356535
7786,178,184,MAE|SAE,2.8848855443051065
7787,178,191,MAE|SAE,4.076007863788793
7788,178,184,MAE|SAE,3.2671734772187295
7789,176,180,MAE,16.216961246970254
7790,176,180,MAE,17.17800027924976
7791,176,182,MAE,50.19612894538599
7792,177,188,LAE|MAE,4.534450845098816
7793,177,184,LAE|MAE,4.6076527118235715
7794,177,181,LAE|MAE,4.528711057874519
7795,177,192,LAE|MAE,4.692958728293894
7796,178,186,MAE,42.72816172326078
7797,178,186,LAE|MAE|SAE,2.9609612431613037
7798,178,191,MAE|SAE,6.969772382224621
7799,178,190,LAE|MAE,5.659848437790978
7800,178,193,LAE|MAE|SAE,5.74295225666102
7801,178,212,MAE,10.108459515798192
7802,178,184,MAE|SAE,7.598815702862851
7803,178,196,MAE|SAE,6.853009843105872
7804,178,184,MAE|SAE,7.849419097511016
7805,178,207,MAE|SAE,7.684006343026388
7806,178,186,MAE,11.97029672287299
7807,178,180,MAE,7.729050779948492
7808,178,187,LAE|MAE|SAE,3.3252643533709083
7809,178,180,MAE,10.157288486045799
7810,178,186,MAE,11.204641897493596
7811,178,180,MAE,8.891172887830445
7812,178,184,MAE,4.378598715780132
7813,178,188,MAE,4.57340000150218
7814,178,184,MAE,4.190047985630598
7815,178,183,MAE|SAE,2.108444211310505
7816,178,196,MAE|SAE,4.9143681946160225
7817,178,191,LAE|MAE|SAE,5.744214003757047
7818,179,188,LAE|MAE|SAE,2.9866136398221212
7819,179,192,LAE|MAE|SAE,3.7499277906709363
7820,179,182,MAE|SAE,8.601752245436543
7821,179,181,LAE|MAE|SAE,4.454711309648666
7822,179,186,MAE|SAE,2.1398255286545784
7823,179,187,LAE|MAE|SAE,2.8579937908548154
7824,179,182,MAE|SAE,9.898690749254278
7825,179,184,MAE|SAE,1.9362488084139549
7826,179,186,MAE|SAE,2.2160148435696834
7827,179,180,MAE|SAE,0.9929882326664755
7828,179,192,LAE|MAE|SAE,3.1601991289883093
7829,179,180,MAE|SAE,1.1075347995571727
7830,179,180,MAE|SAE,1.0288096442093593
7831,179,184,MAE|SAE,2.0048860608725962
7832,179,181,LAE|MAE|SAE,4.447225407136125
7833,179,183,MAE|SAE,1.6835404874626216
7834,179,191,LAE|MAE|SAE,2.901712720583349
7835,179,180,MAE|SAE,1.7063031299349056
7836,179,180,MAE|SAE,1.3497893672768988
7837,179,181,LAE|MAE|SAE,1.7340605536587559
7838,179,180,MAE|SAE,8.150976948526957
7839,179,191,LAE|MAE|SAE,2.834020701815242
7840,179,187,MAE|SAE,2.729356137353828
7841,177,181,LAE,3.0785436770624117
7842,177,191,LAE|MAE|SAE,3.188292907350945
7843,180,184,LAE|MAE|SAE,2.0303447586233476
7844,180,184,LAE|MAE,2.94761980379897
7845,180,190,LAE|MAE|SAE,3.573438113295478
7846,180,196,LAE|MAE|SAE,4.369465144732543
7847,180,181,LAE|MAE,5.119273424780835
7848,180,203,LAE|MAE|SAE,5.411267123113988
7849,180,187,LAE|MAE|SAE,2.9315284563747572
7850,180,183,LAE|MAE|SAE,2.024658463456651
7851,180,192,LAE|MAE,3.5565840298559483
7852,178,186,MAE,12.13444608387496
7853,178,188,MAE|SAE,10.14591726572899
7854,178,186,MAE|SAE,6.648771895941192
7855,179,186,MAE|SAE,5.318978564081857
7856,179,186,LAE|MAE|SAE,3.102364177208399
7857,179,184,MAE|SAE,2.227787271242141
7858,179,188,MAE|SAE,3.10485149917164
7859,179,186,MAE|SAE,3.2117826000617558
7860,179,187,MAE|SAE,2.45084215747792
7861,179,187,MAE|SAE,2.6172016165678023
7862,179,187,MAE|SAE,2.73334742797405
7863,179,192,MAE|SAE,4.037474028563627
7864,179,191,MAE|SAE,2.8502575595140587
7865,179,192,MAE|SAE,3.5264825013436045
7866,179,184,MAE|SAE,2.0234942131125404
7867,179,186,LAE|MAE|SAE,3.2003828916060013
7868,179,184,MAE|SAE,2.0609848336512746
7869,179,182,MAE|SAE,1.85454662795738
7870,179,182,MAE|SAE,1.7846396263683797
7871,179,183,MAE|SAE,1.6333374963354128
7872,179,187,MAE|SAE,2.7220571455807727
7873,179,183,MAE|SAE,1.9271135785352893
7874,180,182,MAE,1.5024640878481703
7875,180,192,MAE|SAE,8.360699047598828
7876,180,192,MAE,3.775683678664023
7877,180,187,MAE|SAE,2.725989390941866
7878,180,184,MAE|SAE,1.9613279829210424
7879,180,192,LAE|MAE|SAE,5.243442802578428
7880,180,183,MAE|SAE,2.752973568283289
7881,180,200,MAE|SAE,10.430351641507414
7882,180,192,MAE,3.654205477905308
7883,180,196,MAE|SAE,7.759257214862384
7884,180,184,MAE|SAE,2.128088199368501
7885,180,182,MAE,7.720518858365824
7886,180,194,MAE|SAE,4.497916158856065
7887,180,188,MAE|SAE,7.356240633414307
7888,180,186,MAE,36.1400024141825
7889,180,187,MAE|SAE,2.935065911101968
7890,180,187,MAE|SAE,9.412714391968102
7891,180,182,MAE,10.59325026123397
7892,180,195,MAE|SAE,3.8648297124394904
7893,180,203,MAE|SAE,11.340828692534354
7894,180,198,MAE|SAE,7.487610455472798
7895,180,182,MAE,1.4261778359780308
7896,180,196,MAE,51.421683060822204
7897,180,182,MAE,1.4228595090413634
7898,180,188,MAE,38.17596889092004
7899,180,186,MAE,5.065017478860669
7900,181,191,LAE|MAE|SAE,2.5613289423320684
7901,181,191,LAE|MAE|SAE,2.9972222084526745
7902,181,183,LAE|MAE|SAE,2.8990276143544103
7903,181,188,LAE|MAE|SAE,2.431817314821676
7904,179,202,MAE|SAE,5.570855914381553
7905,179,183,SAE,2.9307494451945955
7906,179,183,SAE,4.884022081364042
7907,179,183,SAE,8.597383785007585
7908,179,183,SAE,3.0238619513694296
7909,179,187,MAE|SAE,2.9558141206684274
7910,179,194,MAE|SAE,3.6765297629792295
7911,179,183,SAE,1.8301280320327926
7912,179,195,MAE|SAE,7.700633780490581
7913,179,183,SAE,10.817480883922205
7914,180,187,MAE|SAE,5.060039747336243
7915,180,204,LAE|MAE|SAE,9.82625378626364
7916,180,183,MAE|SAE,2.787758326857371
7917,180,196,MAE|SAE,7.366700549917133
7918,180,184,MAE|SAE,4.1826624216028385
7919,180,187,MAE|SAE,5.910024903001479
7920,180,183,MAE|SAE,10.472955725141006
7921,180,183,MAE|SAE,4.383923163752661
7922,180,184,MAE|SAE,7.078433182646505
7923,180,183,MAE|SAE,1.9239641327701185
7924,182,184,MAE|SAE,1.3737364682208222
7925,182,184,MAE|SAE,0.9449544823486103
7926,182,184,MAE|SAE,7.697921678479087
7927,182,183,MAE|SAE,1.393905276841036
7928,182,192,MAE|SAE,3.214242405473754
7929,182,194,LAE|MAE|SAE,4.917764838814378
7930,182,188,MAE|SAE,4.259634664214459
7931,182,183,MAE|SAE,1.4262922330430645
7932,182,183,MAE|SAE,2.4743375438472692
7933,182,196,MAE|SAE,3.604287692847676
7934,182,192,MAE|SAE,3.5761068654803982
7935,182,184,MAE|SAE,2.82975111965098
7936,182,195,MAE|SAE,5.026362175578367
7937,182,186,MAE|SAE,1.8600429726542833
7938,182,200,LAE|MAE|SAE,7.884333563047812
7939,182,195,MAE|SAE,3.5617406758034442
7940,182,183,MAE|SAE,1.244391376219929
7941,182,183,MAE|SAE,1.985892846937612
7942,182,183,MAE|SAE,4.043908081345006
7943,182,192,LAE|MAE|SAE,3.017190751772238
7944,182,184,MAE|SAE,1.5170709122484813
7945,182,195,LAE|MAE|SAE,3.5550855311142393
7946,182,184,MAE|SAE,1.6499965686802547
7947,182,184,MAE|SAE,1.3226830070914408
7948,182,186,MAE|SAE,1.8500907427153628
7949,180,191,MAE|SAE,3.1167263269979744
7950,180,184,MAE,2.8142262905446245
7951,180,184,MAE,1.9085880648153821
7952,180,188,MAE|SAE,12.48614161456307
7953,180,195,MAE|SAE,3.9841979595800305
7954,181,189,LAE|MAE,2.585982093907612
7955,181,192,LAE|MAE|SAE,2.9730529131587917
7956,181,191,LAE|MAE|SAE,2.9384007813067834
7957,182,188,MAE,9.876302889049489
7958,182,204,MAE|SAE,9.565737549967388
7959,182,188,MAE|SAE,10.996999117645515
7960,182,192,MAE,46.0969095907832
7961,182,187,MAE|SAE,1.9497269517019526
7962,182,187,MAE|SAE,2.4022476649254694
7963,182,187,LAE|MAE|SAE,2.761949010470581
7964,182,196,MAE,36.1802347581574
7965,182,186,LAE|MAE,2.2788049086093793
7966,182,186,MAE,3.292582248849303
7967,182,187,MAE|SAE,10.960024719847418
7968,182,184,MAE,7.2173211920934595
7969,182,200,MAE,29.91470584345278
7970,182,188,MAE,57.97393659614674
7971,182,186,MAE,3.375288753545863
7972,182,187,MAE|SAE,2.280807461910701
7973,182,184,MAE,8.507986940681485
7974,182,200,MAE|SAE,5.6824800976428715
7975,182,186,MAE,2.5226409655405333
7976,182,184,MAE,1.5124646308385035
7977,182,192,LAE|MAE|SAE,2.9968709864412344
7978,182,184,MAE,48.71097121422297
7979,182,206,MAE,54.40107437245524
7980,182,184,MAE,1.555336138932215
7981,182,187,MAE|SAE,3.7874604474199436
7982,182,188,MAE|SAE,2.187722018158532
7983,182,184,MAE,1.5001082105107426
7984,182,192,LAE|MAE|SAE,4.651260732692331
7985,182,187,MAE|SAE,1.8170486904984986
7986,182,204,LAE|MAE|SAE,4.741061597988576
7987,182,189,LAE|MAE,3.1860611675039556
7988,183,195,MAE|SAE,4.354799840752702
7989,183,184,MAE|SAE,0.9628719130062566
7990,183,195,LAE|MAE|SAE,3.5578733111340033
7991,183,186,MAE|SAE,14.130692175517183
7992,183,184,MAE|SAE,6.4008473361890434
7993,183,184,MAE|SAE,1.2718002146953096
7994,183,184,MAE|SAE,1.6395500409745671
7995,183,184,MAE|SAE,1.5533871380310509
7996,183,189,LAE|MAE|SAE,3.014058175582509
7997,183,187,MAE|SAE,1.3836063875179658
7998,183,187,MAE|SAE,4.199077698580621
7999,183,184,MAE|SAE,1.4295885827178358
8000,183,184,MAE|SAE,8.02022541644251
8001,183,188,MAE|SAE,3.7501751198846764
8002,183,184,MAE|SAE,0.9171975506262336
8003,183,184,MAE|SAE,1.3825161537696893
8004,183,207,MAE|SAE,9.552095746455702
8005,183,184,MAE|SAE,1.8291054639147242
8006,183,184,MAE|SAE,2.195369812626873
8007,183,184,MAE|SAE,1.3346229488911645
8008,183,187,MAE|SAE,1.3551610979159072
8009,181,185,LAE,2.6319917977028213
8010,182,185,LAE|MAE,5.409860418179987
8011,182,185,LAE|MAE,3.0706280054907316
8012,182,186,MAE,2.389619436495141
8013,182,186,MAE,49.732623784970535
8014,182,210,MAE,41.271318946292794
8015,182,194,MAE,39.325445838990824
8016,182,191,MAE|SAE,3.9199496060599643
8017,183,191,MAE|SAE,4.973596527436787
8018,183,187,MAE|SAE,4.56374886625706
8019,183,191,MAE|SAE,5.312808470175546
8020,183,186,MAE|SAE,4.297181824311937
8021,183,191,MAE|SAE,5.138912271028496
8022,183,186,MAE|SAE,4.7086927569795325
8023,183,190,MAE|SAE,2.271353026792654
8024,183,186,MAE|SAE,4.2811575806491105
8025,183,190,MAE|SAE,5.483867351345097
8026,183,190,MAE|SAE,8.44052574645938
8027,183,191,MAE|SAE,5.291935273655092
8028,183,186,MAE|SAE,1.8332322881236829
8029,183,186,MAE|SAE,2.0816766635176718
8030,183,191,MAE|SAE,5.887467331447067
8031,183,192,LAE|MAE|SAE,7.215378649501435
8032,184,186,MAE,3.21025687309549
8033,184,186,MAE,1.3538447209061948
8034,184,186,MAE,54.05627317190969
8035,184,186,MAE,1.6500003598501414
8036,184,192,MAE,52.05729915407658
8037,184,186,MAE,1.5130717168010164
8038,184,192,MAE,40.39645071505457
8039,184,186,MAE,54.642519389880945
8040,184,194,MAE,9.822820765194708
8041,184,200,MAE,40.5668087238548
8042,184,199,MAE|SAE,3.762243317366009
8043,184,194,MAE,32.526172385578754
8044,184,188,MAE|SAE,2.526805807034376
8045,184,187,MAE|SAE,1.8622666024750083
8046,184,188,MAE|SAE,10.676112335232894
8047,184,189,LAE|MAE,3.505350049119764
8048,184,204,LAE|MAE|SAE,4.4434935914849065
8049,184,188,MAE,4.579001753102794
8050,184,186,MAE,2.1645216425787774
8051,184,186,MAE,1.44361101025694
8052,184,195,MAE|SAE,4.355617638269386
8053,184,192,MAE|SAE,3.4313380168283834
8054,184,190,MAE|SAE,3.4823356118206483
8055,184,190,MAE,42.52670064379889
8056,184,186,MAE,3.1065908811691867
8057,184,187,MAE|SAE,1.5988727809201004
8058,184,196,MAE,42.215179357478675
8059,184,191,MAE|SAE,2.3134998413744152
8060,184,199,MAE|SAE,10.50238145070912
8061,184,196,MAE|SAE,9.31796771502198
8062,184,186,MAE,6.33137581823245
8063,184,186,MAE,7.381158099072375
8064,184,188,MAE|SAE,2.2333526799218744
8065,184,199,MAE|SAE,10.624753326131097
8066,184,200,MAE|SAE,5.27822781881086
8067,185,191,LAE|MAE|SAE,2.0763238705127445
8068,185,195,LAE|MAE|SAE,2.8727396715700193
8069,185,211,LAE|MAE|SAE,6.429212754043735
8070,185,187,LAE|MAE|SAE,3.433565802958486
8071,185,191,LAE|MAE|SAE,4.441243226162197
8072,185,186,LAE|MAE,1.6884125556164002
8073,183,191,SAE,10.29100225401848
8074,183,204,MAE|SAE,9.25070839803142
8075,183,187,SAE,5.6845414533834795
8076,183,207,MAE|SAE,8.924953548471922
8077,183,187,SAE,2.2787938941927033
8078,183,187,SAE,6.557781715759172
8079,183,191,SAE,8.073998810988494
8080,183,187,SAE,8.901608533771986
8081,184,192,LAE|MAE|SAE,2.702465104824178
8082,184,188,MAE|SAE,6.565763484317887
8083,184,187,MAE|SAE,1.372934074365074
8084,184,188,MAE|SAE,1.6518630646375214
8085,184,187,MAE|SAE,2.061143029565433
8086,186,203,MAE|SAE,4.00821445186797
8087,186,199,LAE|MAE|SAE,3.680955484014591
8088,186,187,MAE|SAE,4.779967855745833
8089,186,198,MAE|SAE,3.198020274238167
8090,186,188,MAE|SAE,7.852591507223099
8091,186,196,MAE|SAE,3.43613751610108
8092,186,196,MAE|SAE,3.397619031259371
8093,186,187,MAE|SAE,1.982565396214822
8094,186,199,LAE|MAE|SAE,8.155638906680846
8095,186,196,MAE|SAE,3.5375754308783844
8096,186,188,MAE|SAE,1.8564238131955675
8097,186,187,MAE|SAE,1.4149515290403794
8098,186,200,LAE|MAE|SAE,3.5028752600387145
8099,186,196,MAE|SAE,3.5156055270619238
8100,186,188,MAE|SAE,1.162920094598582
8101,186,207,MAE|SAE,7.799196719705938
8102,186,204,LAE|MAE|SAE,4.1581509656352456
8103,186,192,MAE|SAE,3.760816743525772
8104,186,203,MAE|SAE,4.6759260215765055
8105,186,195,LAE|MAE|SAE,2.823242527755738
8106,186,188,MAE|SAE,1.6411347624783874
8107,186,192,LAE|MAE|SAE,3.297474566784498
8108,186,187,MAE|SAE,3.083598595890507
8109,186,195,MAE|SAE,3.723710693251859
8110,186,190,MAE|SAE,6.330989310531285
8111,186,195,MAE|SAE,4.291295940577176
8112,186,196,LAE|MAE|SAE,3.380942780896306
8113,186,188,MAE|SAE,2.754724134740042
8114,186,191,LAE|MAE|SAE,9.136053917166238
8115,186,191,LAE|MAE|SAE,3.4077263160683082
8116,186,190,MAE|SAE,2.0969926037641953
8117,186,188,MAE|SAE,1.4811364575615362
8118,186,203,MAE|SAE,5.052154193948485
8119,186,187,MAE|SAE,0.8769935952217877
8120,186,196,LAE|MAE|SAE,2.815160148314008
8121,186,187,MAE|SAE,2.4585671183079354
8122,186,187,MAE|SAE,1.3305634205690808
8123,186,188,MAE|SAE,5.837454386031815
8124,184,188,MAE,58.27232465677801
8125,184,198,LAE|MAE|SAE,4.599725752608029
8126,184,188,MAE,10.09167794800682
8127,186,212,MAE|SAE,9.472686635787442
8128,186,188,MAE,3.207906448054789
8129,186,194,MAE,9.459035865257743
8130,186,196,LAE|MAE,4.290947705859586
8131,186,191,MAE|SAE,1.9318944877497264
8132,186,188,MAE,3.7631812535834186
8133,186,200,LAE|MAE|SAE,5.33504579121856
8134,186,210,MAE|SAE,9.287923817927311
8135,186,192,MAE,42.15214571129442
8136,186,192,MAE,36.265216826807865
8137,186,188,MAE,4.315821798733228
8138,186,202,MAE,53.85886518821202
8139,186,198,MAE,42.02744135342251
8140,186,210,MAE,56.449653700613005
8141,186,200,MAE,16.79897977408007
8142,186,192,MAE,26.1304921497278
8143,186,188,MAE,9.188255975427117
8144,186,196,MAE,40.74291042447632
8145,186,195,MAE|SAE,2.6541227934265117
8146,186,192,LAE|MAE|SAE,3.2093136236742628
8147,186,200,MAE,31.600843881206313
8148,186,196,MAE,35.44154339255802
8149,186,188,MAE,1.994638566881604
8150,186,190,MAE,7.923108898052858
8151,186,204,MAE,39.46816099784304
8152,186,211,MAE|SAE,10.329476365687006
8153,186,192,MAE,10.726058881995552
8154,186,188,MAE,8.864490420211268
8155,186,190,MAE,4.058655191626919
8156,186,192,MAE,4.718333960842645
8157,186,188,MAE,1.53972984581729
8158,186,192,MAE|SAE,2.502262783116348
8159,186,196,MAE|SAE,2.805252015439169
8160,186,194,LAE|MAE|SAE,2.9873082726650346
8161,186,200,MAE,4.654563396010518
8162,186,194,MAE,38.38380759650737
8163,186,207,MAE|SAE,6.108738078976189
8164,186,199,MAE|SAE,3.775730907609386
8165,187,188,MAE|SAE,9.279708857663227
8166,187,206,LAE|MAE|SAE,6.764601723605914
8167,187,210,LAE|MAE|SAE,12.837064774483789
8168,187,203,MAE|SAE,4.706896732474166
8169,187,189,LAE|MAE|SAE,4.063625879639743
8170,187,203,LAE|MAE|SAE,4.07662729955113
8171,187,196,LAE|MAE|SAE,5.730285641917769
8172,187,207,MAE|SAE,9.450131502342733
8173,187,196,MAE|SAE,3.018492592562809
8174,187,200,MAE|SAE,7.445185341705458
8175,187,196,MAE|SAE,7.058587543321169
8176,187,200,MAE|SAE,8.0975604807335
8177,187,206,MAE|SAE,7.966468856945786
8178,187,188,MAE|SAE,1.3759360861645265
8179,187,196,MAE|SAE,3.0981932068327565
8180,187,188,MAE|SAE,5.3910034608727395
8181,187,190,MAE|SAE,1.829225875367788
8182,187,188,MAE|SAE,1.5950846625651753
8183,187,188,MAE|SAE,1.5457274089540252
8184,187,196,MAE|SAE,4.915626367087203
8185,187,204,MAE|SAE,9.64574001361664
8186,187,188,MAE|SAE,1.8231773900519608
8187,186,189,LAE|MAE,4.285030815749345
8188,188,196,LAE|MAE|SAE,2.950736790919545
8189,188,194,LAE|MAE,2.5418110579561923
8190,186,190,MAE,4.13409162272291
8191,186,190,MAE,52.76666541240851
8192,186,207,MAE|SAE,9.869497928970697
8193,186,194,MAE,9.721149437997168
8194,187,191,MAE|SAE,2.821145353796419
8195,187,190,MAE|SAE,1.567851184869966
8196,187,190,MAE|SAE,2.9627738421139425
8197,187,196,MAE|SAE,3.2677877346204025
8198,187,190,MAE|SAE,4.333436158818957
8199,187,206,MAE|SAE,4.496560357596393
8200,187,191,MAE|SAE,1.6972078655072333
8201,187,196,MAE|SAE,10.84665604706355
8202,188,198,MAE,31.200833766107667
8203,188,190,MAE,14.061464709300664
8204,188,191,MAE|SAE,2.778972657087485
8205,188,206,MAE,54.14705741945582
8206,188,191,MAE|SAE,1.7261818838390184
8207,188,202,MAE,40.4634972366817
8208,188,200,MAE,53.89584152852227
8209,188,200,MAE|SAE,8.098160624453337
8210,188,190,MAE,8.83854437263112
8211,188,204,MAE,11.488828747552866
8212,188,203,LAE|MAE|SAE,9.383184103530844
8213,188,190,MAE,2.9082927857836998
8214,188,195,MAE|SAE,2.8228835345146535
8215,188,194,MAE,35.54974639278957
8216,188,211,MAE|SAE,8.144340342833992
8217,188,198,MAE,5.927871814806188
8218,188,198,MAE|SAE,41.23745022486458
8219,188,196,MAE,52.90499398585823
8220,188,190,MAE,2.840761059025481
8221,188,200,MAE,23.247397982739948
8222,188,194,MAE|SAE,2.7826995018821403
8223,188,208,MAE|SAE,9.973517976649063
8224,188,192,MAE,7.982430423066818
8225,188,196,MAE,40.99610710604142
8226,188,192,MAE,37.57925253787455
8227,188,190,MAE,5.297624162353767
8228,188,202,MAE,32.9797914422631
8229,188,196,MAE,43.479030678217455
8230,188,203,MAE|SAE,8.653716252029898
8231,188,192,MAE,2.863573283611251
8232,188,203,MAE|SAE,3.525610906236187
8233,188,198,MAE|SAE,2.7898942664986457
8234,188,192,MAE|SAE,2.2759673925116384
8235,188,196,MAE|SAE,2.859146729910956
8236,188,196,MAE,35.743634135481834
8237,188,196,MAE,46.256570387956685
8238,188,192,MAE,7.419729476799068
8239,188,204,MAE,19.59084425170866
8240,188,204,MAE|SAE,9.437979371055809
8241,188,198,MAE,20.652037470417028
8242,188,191,MAE|SAE,2.832870781429713
8243,188,192,MAE|SAE,5.991567809188569
8244,188,200,MAE|SAE,6.287889471382172
8245,188,198,MAE,53.65846964635879
8246,188,190,MAE,19.167319668215587
8247,188,191,MAE|SAE,2.9929614206390474
8248,188,190,MAE,9.46296326143353
8249,188,190,MAE,6.682885050121919
8250,188,195,MAE|SAE,2.2626538333155146
8251,188,200,MAE,28.42112348672925
8252,188,196,MAE|SAE,2.791853699971113
8253,188,190,MAE,1.574731803862772
8254,188,190,MAE,3.186925070322983
8255,188,200,MAE,29.751882504085536
8256,188,192,MAE|SAE,2.0198805146970655
8257,188,210,LAE|MAE|SAE,9.907374376517032
8258,188,205,LAE|MAE|SAE,3.927531149541142
8259,188,200,MAE|SAE,6.347006255918421
8260,189,196,LAE|MAE|SAE,7.612532212370393
8261,189,203,LAE|MAE|SAE,3.4236573020278054
8262,189,192,LAE|MAE,3.637156831542375
8263,189,191,LAE|MAE|SAE,1.3248532926854282
8264,189,190,LAE|MAE,2.661878265644234
8265,189,194,LAE|MAE|SAE,3.022837312403453
8266,189,203,LAE|MAE|SAE,7.782167817905435
8267,189,195,LAE|MAE|SAE,2.6471102257247114
8268,189,195,LAE|MAE|SAE,2.717000131298986
8269,187,191,SAE,4.734521851501398
8270,187,199,SAE,3.9174137618133513
8271,187,199,SAE,4.059212045696841
8272,187,195,SAE,5.0142985226615675
8273,187,195,MAE|SAE,3.656991187652889
8274,187,191,SAE,5.074472978374184
8275,187,191,SAE,3.1837053454656283
8276,187,195,SAE,8.886831453849023
8277,187,199,SAE,4.510161121591067
8278,187,191,SAE,5.035626272450331
8279,187,191,SAE,6.090187217811639
8280,187,191,SAE,4.588995600978706
8281,187,191,SAE,6.640908405400576
8282,187,195,SAE,5.393269491506291
8283,187,191,SAE,4.7829581018410225
8284,187,191,SAE,3.5844115682633966
8285,187,191,SAE,7.59121268791132
8286,187,191,SAE,2.2089468177963716
8287,187,191,SAE,3.4460059692693426
8288,188,191,MAE|SAE,1.4881247715266095
8289,188,196,MAE|SAE,3.9922172901273703
8290,188,192,MAE|SAE,1.4704273864667767
8291,188,195,MAE|SAE,4.1968314858792155
8292,188,194,MAE|SAE,4.820512670530821
8293,188,191,MAE|SAE,8.066180905836628
8294,188,191,MAE|SAE,4.212124024291812
8295,188,191,MAE|SAE,4.517616003021641
8296,190,191,MAE|SAE,3.9054343463284464
8297,190,192,MAE|SAE,1.4387454690462227
8298,190,191,MAE|SAE,1.415160878582375
8299,190,198,MAE|SAE,7.341843485952145
8300,190,192,MAE|SAE,7.883611059413767
8301,190,219,MAE|SAE,8.928764842391807
8302,190,191,MAE|SAE,1.179378433805912
8303,190,196,MAE|SAE,7.851963357016725
8304,190,192,MAE|SAE,1.8642891662907108
8305,190,192,MAE|SAE,1.683548474694217
8306,190,191,MAE|SAE,0.870420965421123
8307,190,196,MAE|SAE,2.319388904439568
8308,190,204,MAE|SAE,8.151096886639595
8309,190,191,MAE|SAE,4.259268637774466
8310,190,211,MAE|SAE,8.905016945587658
8311,190,192,MAE|SAE,8.963399391152903
8312,190,198,MAE|SAE,2.712257111066171
8313,190,192,MAE|SAE,2.128559285203934
8314,190,196,MAE|SAE,2.525456501010328
8315,190,195,MAE|SAE,8.76667122672268
8316,190,195,MAE|SAE,2.174700811353238
8317,190,192,MAE|SAE,1.6759305134578573
8318,190,192,MAE|SAE,7.452679798446272
8319,190,215,MAE|SAE,8.621248211670718
8320,190,195,MAE|SAE,2.448578774742583
8321,190,196,MAE|SAE,2.6033120337457305
8322,190,199,MAE|SAE,8.521569587432229
8323,190,195,MAE|SAE,8.925058230920603
8324,190,191,MAE|SAE,2.5591181144950705
8325,190,207,MAE|SAE,8.458157770770622
8326,190,191,MAE|SAE,1.3849904647311269
8327,190,194,MAE|SAE,2.505379006853071
8328,190,207,MAE|SAE,9.030780950804823
8329,190,192,MAE|SAE,1.8311714802452483
8330,190,192,MAE|SAE,2.4427525149357376
8331,190,194,MAE|SAE,2.46940912298439
8332,190,192,MAE|SAE,2.489375499137804
8333,190,194,MAE|SAE,1.9677504509005566
8334,190,195,MAE|SAE,8.623071669804187
8335,190,192,MAE|SAE,1.6589061180926596
8336,190,191,MAE|SAE,2.531623699162322
8337,190,195,MAE|SAE,9.423573121891783
8338,190,195,MAE|SAE,2.62857745907507
8339,190,194,MAE|SAE,2.4899077553583204
8340,190,194,MAE|SAE,2.4248697501111094
8341,190,192,MAE|SAE,2.066234441042465
8342,190,192,MAE|SAE,2.4739966962455147
8343,190,191,MAE|SAE,5.526773604048397
8344,190,191,MAE|SAE,6.382001665678445
8345,190,191,MAE|SAE,1.3605989333202828
8346,190,191,MAE|SAE,6.059143386785297
8347,190,195,MAE|SAE,2.0543726859259417
8348,190,191,MAE|SAE,6.415092468689933
8349,190,192,MAE|SAE,1.4585473914781348
8350,190,196,MAE|SAE,2.19715118280581
8351,190,191,MAE|SAE,2.0065262091028195
8352,188,198,MAE,36.59158539221218
8353,188,212,MAE,45.07070800750229
8354,188,194,MAE,39.99474771595381
8355,188,210,MAE,18.22201707947727
8356,188,192,MAE,29.52951080374573
8357,188,196,MAE,54.90821993158882
8358,188,196,MAE,37.54657920722711
8359,188,198,MAE,56.28515360424964
8360,188,194,MAE,32.78418588538665
8361,188,192,MAE,2.42388864318973
8362,189,200,LAE|MAE|SAE,3.1796740736742977
8363,189,192,LAE|MAE,3.083577488159898
8364,189,196,LAE|MAE,2.715210014047483
8365,190,194,MAE,53.646293467134576
8366,190,194,MAE,2.337678831172365
8367,190,192,MAE,45.297591044394984
8368,190,204,MAE,8.685106758022506
8369,190,198,MAE,38.84233492758639
8370,190,194,MAE,2.2628967945665077
8371,190,196,MAE,33.02286893020651
8372,190,196,MAE,31.415622630539843
8373,190,210,MAE,56.41443367861185
8374,190,196,MAE,8.962873981866101
8375,190,196,MAE,16.61977320425046
8376,190,206,MAE|SAE,8.026266858168224
8377,190,194,MAE,56.560570593489274
8378,190,192,MAE,2.3759288517703516
8379,190,192,MAE,10.34960309602498
8380,190,196,MAE,8.3929549528815
8381,190,207,MAE|SAE,9.648037655376282
8382,190,207,LAE|MAE|SAE,4.4637451106959904
8383,190,207,MAE|SAE,4.531145517260849
8384,190,203,MAE|SAE,8.286215037533575
8385,190,204,MAE|SAE,7.790636859035203
8386,190,200,MAE|SAE,3.0039886627400048
8387,190,192,MAE,5.486792043781059
8388,190,192,MAE,42.48137769110236
8389,190,211,LAE|MAE|SAE,8.304624243548268
8390,190,194,MAE,3.1420674532443793
8391,190,200,MAE,40.645089998478994
8392,190,200,MAE|SAE,3.4327555784507586
8393,190,200,LAE|MAE|SAE,5.938394026498355
8394,190,199,MAE|SAE,2.862918620766796
8395,190,204,MAE,8.625752913770425
8396,190,192,MAE,2.9647210021639503
8397,190,192,MAE,46.96354503465478
8398,190,192,MAE,1.5052943384438073
8399,190,198,MAE|SAE,2.5852330668857584
8400,190,200,MAE,44.44444370137297
8401,190,192,MAE,7.5288533643488185
8402,190,210,LAE|MAE|SAE,4.803735352412307
8403,190,192,MAE,23.613452839532577
8404,190,195,MAE|SAE,2.3520326964404923
8405,190,206,MAE,37.05688542533587
8406,190,192,MAE,1.9672817639578448
8407,190,192,MAE,9.50877204002843
8408,190,192,MAE,30.794945362433598
8409,190,196,MAE,2.3865334653343955
8410,191,192,MAE|SAE,2.826918250216853
8411,191,194,MAE|SAE,1.8940131441432864
8412,191,193,LAE|MAE|SAE,8.375475977480917
8413,191,195,MAE|SAE,2.343604530405798
8414,191,192,MAE|SAE,2.3004672564635733
8415,191,210,MAE|SAE,8.313854186845216
8416,191,203,MAE|SAE,4.2215571007251045
8417,191,198,MAE|SAE,6.981634062450319
8418,191,196,LAE|MAE|SAE,2.02380604830659
8419,191,194,MAE|SAE,1.8594887082312088
8420,191,199,LAE|MAE|SAE,2.8835205176607026
8421,191,194,LAE|MAE|SAE,1.757758692505382
8422,191,192,MAE|SAE,1.3698960152501207
8423,191,192,MAE|SAE,1.4315917449615172
8424,191,203,MAE|SAE,7.943809529381887
8425,191,207,MAE|SAE,4.693624722447374
8426,191,198,MAE|SAE,2.6181884679098393
8427,191,192,MAE|SAE,1.3349652468392312
8428,191,192,MAE|SAE,1.2855777639285113
8429,191,195,MAE|SAE,3.641413710314105
8430,191,198,MAE|SAE,7.024113935444621
8431,191,196,MAE|SAE,2.3560636939152944
8432,191,203,MAE|SAE,6.08197325866399
8433,191,195,MAE|SAE,2.3483849903077703
8434,191,192,MAE|SAE,0.7746582117758901
8435,191,192,MAE|SAE,1.3940623676207822
8436,189,193,LAE,3.764021228359347
8437,192,196,LAE|MAE|SAE,6.535354614323727
8438,192,195,LAE|MAE|SAE,1.8485218965634906
8439,192,198,LAE|MAE|SAE,6.7421012361425
8440,192,204,LAE|MAE|SAE,2.9720293203532826
8441,192,193,LAE|MAE,1.7981146285968295
8442,192,202,LAE|MAE|SAE,6.19959009222409
8443,192,200,LAE|MAE|SAE,7.741575164839006
8444,192,199,LAE|MAE|SAE,2.1595787042514663
8445,192,204,LAE|MAE|SAE,3.2583699989431505
8446,192,193,LAE|MAE,4.515622758337073
8447,190,196,MAE,50.315802111404984
8448,190,204,MAE,39.7707796911718
8449,190,214,MAE,34.415925542801766
8450,190,200,MAE,29.520531951594513
8451,190,196,MAE,47.3082712148881
8452,190,200,MAE,28.406587450666663
8453,190,212,MAE,32.904571187938814
8454,190,198,MAE,7.949668912148572
8455,190,194,MAE,30.176315192138922
8456,190,211,MAE|SAE,8.87897220038413
8457,190,194,MAE,2.330770733754571
8458,190,196,MAE,2.1143622983493597
8459,190,204,MAE,24.619443951294684
8460,190,202,MAE,26.919998169665888
8461,190,203,MAE|SAE,4.24402101332906
8462,190,194,MAE,23.26868378940033
8463,190,200,MAE|SAE,5.122171219244511
8464,190,224,LAE|MAE,30.812211762285063
8465,190,194,MAE,2.010127914625029
8466,191,214,LAE|MAE|SAE,6.341841914825323
8467,191,194,MAE|SAE,2.3709553214507118
8468,191,195,MAE|SAE,4.727247255977994
8469,191,194,MAE|SAE,9.361909933226743
8470,191,196,MAE|SAE,6.133966714402218
8471,191,194,MAE|SAE,5.17207678997986
8472,191,198,MAE|SAE,3.762712960235375
8473,191,195,MAE|SAE,2.9785087591937702
8474,191,194,MAE|SAE,4.124046479376673
8475,191,199,MAE|SAE,9.987634402422533
8476,192,211,LAE|MAE|SAE,8.008254010844801
8477,192,200,MAE,46.92650825717096
8478,192,194,MAE,36.45858170500255
8479,192,204,MAE,8.548845247879148
8480,192,195,MAE|SAE,1.7298837466903823
8481,192,203,MAE|SAE,4.2599579812279575
8482,192,198,MAE,9.21392172257849
8483,192,196,MAE,42.4122348607288
8484,192,206,LAE|MAE|SAE,8.920423210132105
8485,192,196,MAE,3.1988952616438087
8486,192,215,MAE|SAE,8.329744250158091
8487,192,194,MAE,2.002839505215325
8488,192,198,MAE,2.6785910423967896
8489,192,210,MAE,46.67119509302127
8490,192,207,MAE|SAE,7.982281041461989
8491,192,196,MAE,5.093590141202589
8492,192,199,MAE|SAE,8.251380158134348
8493,192,204,MAE,43.43770178362795
8494,192,207,MAE|SAE,8.386099246649804
8495,192,194,MAE,34.759921800784035
8496,192,204,LAE|MAE|SAE,3.1682639660366942
8497,192,196,MAE|SAE,7.587338330273659
8498,192,202,MAE,8.36687339287568
8499,192,196,MAE,1.606418767159376
8500,192,202,MAE|SAE,7.778106188403428
8501,192,211,LAE|MAE|SAE,8.689995881306865
8502,192,200,MAE,24.778137484012788
8503,192,205,LAE|MAE|SAE,8.714322638533538
8504,192,194,MAE,1.9668591526600858
8505,192,226,MAE,45.914942826060916
8506,192,210,MAE,56.480465504415015
8507,192,195,MAE|SAE,2.1528174815392522
8508,192,196,MAE,47.10025078146744
8509,192,207,MAE|SAE,8.936577109723157
8510,192,204,MAE|SAE,4.287369437990034
8511,192,207,MAE|SAE,4.739616958011312
8512,192,204,LAE|MAE|SAE,3.186968419483694
8513,192,200,MAE|SAE,2.9110584668018147
8514,192,200,MAE|SAE,2.4719500071854448
8515,192,204,MAE|SAE,9.604908241400894
8516,192,196,MAE,8.344862339987689
8517,192,195,MAE|SAE,2.163313170981088
8518,192,194,MAE,4.936615253749215
8519,192,194,MAE,9.996804949985005
8520,193,206,LAE|MAE|SAE,2.8506310217795656
8521,193,198,LAE|MAE|SAE,1.890362376406114
8522,193,194,LAE|MAE,1.0179212298915299
8523,193,196,LAE|MAE|SAE,1.6150412841695432
8524,191,222,MAE|SAE,7.410690440405234
8525,191,195,SAE,5.134082763385022
8526,191,195,SAE,6.99491868258049
8527,191,195,SAE,8.816653915735534
8528,191,199,SAE,6.9170516326677856
8529,191,195,SAE,8.225127506112917
8530,191,195,SAE,4.255434119541453
8531,192,195,MAE|SAE,6.827067251192943
8532,192,196,MAE|SAE,1.9845573355522312
8533,192,195,MAE|SAE,7.763340646363958
8534,192,196,MAE|SAE,1.847828515048549
8535,192,195,MAE|SAE,1.8065950220425395
8536,194,195,MAE|SAE,1.2098434522326778
8537,194,211,MAE|SAE,8.140110557152575
8538,194,196,MAE|SAE,1.4344398486850838
8539,194,195,MAE|SAE,1.2297118334658714
8540,194,195,MAE|SAE,1.8412740661372737
8541,194,196,MAE|SAE,6.110329408205299
8542,194,199,MAE|SAE,2.0802004865832457
8543,194,220,MAE|SAE,7.487397507732733
8544,194,200,MAE|SAE,2.0620190619276615
8545,194,199,MAE|SAE,7.755803342881292
8546,194,204,MAE|SAE,7.022820740155667
8547,194,204,LAE|MAE|SAE,2.783112555204356
8548,194,195,MAE|SAE,1.7028871854979766
8549,194,196,MAE|SAE,1.6064972119388952
8550,194,196,MAE|SAE,6.470046370932756
8551,194,195,MAE|SAE,1.1952789568948137
8552,194,204,MAE|SAE,7.45091778686745
8553,194,196,MAE|SAE,1.740614936892575
8554,194,200,MAE|SAE,1.8656624550273664
8555,194,215,LAE|MAE|SAE,7.200374820510057
8556,194,200,MAE|SAE,4.758801871595196
8557,194,196,MAE|SAE,1.524195230235712
8558,194,199,MAE|SAE,2.1093664591861616
8559,194,203,MAE|SAE,7.822638011702158
8560,194,196,MAE|SAE,1.2434148738277393
8561,194,202,MAE|SAE,6.9896241445480305
8562,194,196,MAE|SAE,1.2908442382274015
8563,194,196,MAE|SAE,2.030958853769195
8564,194,207,MAE|SAE,9.531877954658665
8565,194,203,MAE|SAE,4.085573631342677
8566,194,208,MAE|SAE,4.413737207431078
8567,194,204,MAE|SAE,3.370191896081506
8568,194,202,MAE|SAE,3.725814300911478
8569,194,196,MAE|SAE,1.7535965409528609
8570,194,200,MAE|SAE,4.400846476191708
8571,194,199,MAE|SAE,2.0309651765391923
8572,194,207,MAE|SAE,5.397118240472661
8573,194,195,MAE|SAE,3.216587232699245
8574,194,196,MAE|SAE,2.5812909212989115
8575,194,195,MAE|SAE,4.730247873687787
8576,194,196,MAE|SAE,1.6839298699902334
8577,194,195,MAE|SAE,8.582280090626659
8578,194,195,MAE|SAE,4.1560248479966475
8579,194,200,MAE|SAE,6.974593672370671
8580,194,195,MAE|SAE,4.568308008891617
8581,192,200,MAE,41.7643350072089
8582,192,200,MAE,7.410860947415108
8583,192,196,MAE,44.911655163339184
8584,192,196,MAE,2.1054567418847405
8585,192,200,MAE,9.672797297482346
8586,192,204,MAE,8.908736367985329
8587,192,196,MAE,20.951574058969868
8588,193,196,LAE|MAE,1.805215709560619
8589,193,196,LAE|MAE,2.575860499023825
8590,193,196,LAE|MAE,14.813464053246983
8591,194,211,LAE|MAE|SAE,8.60897920038218
8592,194,210,MAE,7.97635496636702
8593,194,198,MAE,2.901495608858207
8594,194,204,MAE|SAE,3.124568404980132
8595,194,196,MAE,7.338244870909031
8596,194,204,MAE,20.511474693695202
8597,194,203,MAE|SAE,8.405105859948328
8598,194,196,MAE,7.767198152515242
8599,194,202,MAE,20.14329592725032
8600,194,211,MAE|SAE,7.042753220188284
8601,194,204,MAE,6.770912150872059
8602,194,219,LAE|MAE|SAE,7.3131810336535
8603,194,198,MAE,2.329102275922876
8604,194,207,MAE|SAE,7.99324835992546
8605,194,196,MAE,52.691209518385
8606,194,196,MAE,28.329599247936425
8607,194,204,MAE,53.48064896818757
8608,194,207,MAE|SAE,6.267136456570498
8609,194,200,MAE|SAE,1.9455491949840709
8610,194,198,MAE,7.474975203473119
8611,194,198,MAE,31.598421441751203
8612,194,196,MAE,8.51953534873576
8613,194,204,MAE,20.395204264735288
8614,194,210,LAE|MAE|SAE,5.246881051007543
8615,194,196,MAE,5.9499705978368835
8616,194,219,MAE|SAE,7.9051374441014985
8617,194,219,MAE|SAE,8.61359592366942
8618,194,198,MAE,6.647369705205986
8619,194,200,MAE|SAE,2.024412825403538
8620,194,198,MAE,26.75694387633422
8621,194,204,MAE,8.089005509638637
8622,194,210,MAE,45.91820455239973
8623,194,198,MAE,7.0815201526335
8624,194,199,MAE|SAE,8.303246764882928
8625,194,196,MAE,8.115693439506012
8626,194,196,MAE,45.20239457485751
8627,194,206,MAE,34.813427075852054
8628,194,206,LAE|MAE|SAE,8.05330111836096
8629,194,200,MAE,12.37234642069454
8630,194,196,MAE,7.476035875120572
8631,194,196,MAE,7.292206318314734
8632,194,196,MAE,3.9231101838187894
8633,194,196,MAE,2.376952561050127
8634,194,196,MAE,8.197946516030902
8635,194,204,LAE|MAE,2.8230688728324465
8636,194,196,MAE,1.7192322070133397
8637,194,199,MAE|SAE,1.7281050074133324
8638,194,199,MAE|SAE,1.7354455520986642
8639,194,211,MAE|SAE,8.936003777085604
8640,194,211,MAE|SAE,9.208739842686553
8641,194,196,MAE,1.6180020931112933
8642,195,204,LAE|MAE|SAE,2.693421437545179
8643,195,196,MAE|SAE,1.5524092502248423
8644,195,196,MAE|SAE,6.983497308049997
8645,195,202,MAE|SAE,5.877850475107874
8646,195,196,MAE|SAE,1.03181886676166
8647,195,199,MAE|SAE,1.7657438900231501
8648,195,196,MAE|SAE,1.8718374406823508
8649,195,204,LAE|MAE|SAE,2.656228406377223
8650,195,199,MAE|SAE,2.2837892239210413
8651,195,205,LAE|MAE|SAE,2.6432684923475116
8652,195,196,MAE|SAE,6.158376782543129
8653,195,196,MAE|SAE,6.72383273797713
8654,195,196,MAE|SAE,5.684117066848518
8655,195,202,MAE|SAE,2.769597755822244
8656,195,208,MAE|SAE,6.5103888788097555
8657,195,199,MAE|SAE,2.5412846446294926
8658,195,196,MAE|SAE,1.6391102994721498
8659,195,203,MAE|SAE,6.771644317392779
8660,195,204,LAE|MAE|SAE,2.6943901599521185
8661,195,196,MAE|SAE,1.7433926330943983
8662,195,196,MAE|SAE,1.7345143936772836
8663,195,199,MAE|SAE,1.8002589780196006
8664,195,203,MAE|SAE,4.129657902354694
8665,195,196,MAE|SAE,2.44166792810577
8666,195,202,MAE|SAE,8.010614366220056
8667,195,204,MAE|SAE,5.783861250406363
8668,195,196,MAE|SAE,3.8863462205717103
8669,195,196,MAE|SAE,0.8657093102616014
8670,195,204,LAE|MAE|SAE,6.545852011427969
8671,195,207,MAE|SAE,8.467958258353672
8672,195,204,MAE|SAE,8.136792627087306
8673,195,196,MAE|SAE,1.7063189296800303
8674,195,197,LAE|MAE|SAE,1.2499152587510878
8675,195,208,MAE|SAE,9.837514527825928
8676,195,196,MAE|SAE,5.656003886901427
8677,195,204,MAE|SAE,2.8814650656823284
8678,195,211,LAE|MAE|SAE,6.065758889942541
8679,194,197,LAE|MAE,3.1587149191103054
8680,194,197,LAE|MAE,1.5284551021262207
8681,196,204,LAE|MAE|SAE,2.470263039841529
8682,196,200,LAE|MAE,2.21755714314035
8683,196,199,LAE|MAE|SAE,1.654737589633928
8684,196,204,LAE|MAE|SAE,2.5412791948800146
8685,194,200,MAE,27.478284899132667
8686,194,200,MAE,56.286487535951025
8687,194,200,MAE,35.33270397689939
8688,194,198,MAE,42.96816361645691
8689,194,202,MAE,39.12769047047903
8690,194,208,MAE|SAE,8.77577626049735
8691,194,219,MAE|SAE,8.388832097631054
8692,194,200,MAE,54.900537876485465
8693,194,202,MAE,38.62271647465133
8694,194,200,MAE,46.75504419172981
8695,194,198,MAE,44.840447951931125
8696,194,198,MAE,7.834396792005545
8697,194,200,MAE,30.013637085636827
8698,194,210,MAE,18.207103274525725
8699,194,198,MAE,19.254241091642093
8700,194,206,MAE,39.09612547151284
8701,194,202,MAE,26.80143344566418
8702,194,198,MAE,23.5387552175793
8703,194,204,MAE,27.82512224257214
8704,194,198,MAE,7.485825992325631
8705,195,215,MAE|SAE,7.725636400820182
8706,195,198,MAE|SAE,2.8061636852416383
8707,195,198,MAE|SAE,1.5695100308668202
8708,195,208,MAE|SAE,7.832084854097525
8709,195,198,MAE|SAE,7.24050727119463
8710,195,198,MAE|SAE,1.6206102027501728
8711,195,200,MAE|SAE,7.90863782571699
8712,195,198,MAE|SAE,1.6277423091504741
8713,195,199,MAE|SAE,3.6097150113560064
8714,195,198,MAE|SAE,1.8004022452254218
8715,195,199,MAE|SAE,4.061887427819092
8716,195,207,LAE|MAE|SAE,4.376560455916349
8717,195,204,MAE|SAE,2.4183631752194845
8718,196,198,MAE,6.174750883915515
8719,196,198,MAE,40.46074367931775
8720,196,202,MAE,42.65122769943211
8721,196,198,MAE,7.4905626565276515
8722,196,208,MAE,30.889598266869694
8723,196,202,MAE,4.585277628268603
8724,196,200,MAE,41.44376042697301
8725,196,202,MAE,7.577658590368624
8726,196,199,MAE|SAE,1.4770064962643346
8727,196,200,MAE,46.18159999258518
8728,196,206,MAE,59.17266550087289
8729,196,206,LAE|MAE|SAE,2.49927999362068
8730,196,202,MAE,33.316217199744315
8731,196,198,MAE,49.28791599410388
8732,196,198,MAE,5.775952077544682
8733,196,200,MAE|SAE,7.126977814744313
8734,196,200,MAE,19.550292035426725
8735,196,200,MAE|SAE,2.1635863477493613
8736,196,211,MAE|SAE,6.9514324830649805
8737,196,200,MAE,28.579874016859975
8738,196,198,MAE,6.539096237679631
8739,196,198,MAE,34.27281531276534
8740,196,200,MAE|SAE,2.191033464950337
8741,196,207,MAE|SAE,3.4478028658591304
8742,196,220,MAE,42.38930146481888
8743,196,200,MAE|SAE,2.0655065276762836
8744,196,198,MAE,6.37316446860047
8745,196,200,MAE|SAE,2.31332666225595
8746,196,203,MAE|SAE,2.903329389490817
8747,196,202,MAE,5.922705194245032
8748,196,200,MAE,14.451881683399554
8749,196,198,MAE,3.982628830755306
8750,196,198,MAE,2.811340024387058
8751,196,212,MAE,27.024988692622358
8752,196,199,MAE|SAE,2.5341333188244337
8753,197,207,LAE|MAE|SAE,6.843838455159478
8754,197,201,LAE|MAE,2.8896653447080083
8755,195,199,SAE,8.975396921047007
8756,195,203,SAE,5.986373684232018
8757,195,199,SAE,8.445584155724331
8758,195,199,SAE,6.307310814311041
8759,195,215,MAE|SAE,7.568632522697213
8760,195,199,SAE,8.189297064169022
8761,195,199,SAE,5.638526567403827
8762,195,199,SAE,8.276325610326548
8763,195,199,SAE,7.026992982780634
8764,195,199,SAE,6.732298353818562
8765,195,207,SAE,7.411476251466181
8766,195,199,SAE,5.013759585423603
8767,195,199,SAE,7.735003550585176
8768,196,199,MAE|SAE,4.670271035278719
8769,196,199,MAE|SAE,1.8256252449679462
8770,196,199,MAE|SAE,7.640222624846338
8771,196,199,MAE|SAE,1.8584805567440323
8772,196,199,MAE|SAE,8.30451351483806
8773,196,200,MAE|SAE,2.9795311199187564
8774,196,200,MAE|SAE,1.910318338038721
8775,198,199,MAE|SAE,6.566954691096759
8776,198,206,LAE|MAE|SAE,6.867957739148634
8777,198,203,LAE|MAE|SAE,2.179996855361798
8778,198,203,MAE|SAE,1.968085514434191
8779,198,200,MAE|SAE,1.49175010874099
8780,198,199,MAE|SAE,0.9914822048562915
8781,198,203,MAE|SAE,1.860831765816327
8782,198,199,MAE|SAE,0.8899504974216788
8783,198,202,MAE|SAE,1.764730972024795
8784,198,199,MAE|SAE,3.897838084060733
8785,198,207,MAE|SAE,2.274867626404783
8786,198,202,MAE|SAE,6.730338207161392
8787,198,199,MAE|SAE,1.882523985313284
8788,198,203,MAE|SAE,6.787860110268926
8789,198,199,MAE|SAE,2.179657815063719
8790,198,207,MAE|SAE,4.25814255964366
8791,198,204,LAE|MAE|SAE,2.201932273682195
8792,198,200,MAE|SAE,3.9843743462506427
8793,198,199,MAE|SAE,4.286107534014715
8794,198,202,MAE|SAE,5.163747062691079
8795,198,219,MAE|SAE,7.598901548788739
8796,198,203,MAE|SAE,2.3147047148417403
8797,198,203,MAE|SAE,7.596990069646649
8798,198,219,MAE|SAE,7.4531441852193785
8799,198,200,MAE|SAE,2.3131919182668264
8800,198,199,MAE|SAE,4.249742509472997
8801,198,204,MAE|SAE,2.984107206206181
8802,198,204,MAE|SAE,7.810852163588493
8803,198,200,MAE|SAE,1.3786536425753664
8804,198,208,MAE|SAE,5.428767153965824
8805,198,200,MAE|SAE,1.3342416266124748
8806,196,200,MAE,8.676633383732812
8807,196,202,MAE,25.653143756006145
8808,196,210,MAE,37.78513598804029
8809,196,208,MAE,19.121975940500132
8810,196,200,MAE,7.045149236232559
8811,196,200,MAE,7.138295814958277
8812,196,200,MAE,34.255020607186516
8813,197,204,LAE|MAE|SAE,2.4422471556584715
8814,197,203,LAE|MAE|SAE,2.7133360502875643
8815,198,200,MAE,39.759952765013374
8816,198,204,MAE|SAE,6.926898324433552
8817,198,204,MAE,37.44758121263702
8818,198,200,MAE,6.0892834338758846
8819,198,206,MAE,23.16080932910596
8820,198,212,MAE,24.91206294239499
8821,198,200,MAE,39.799224041361505
8822,198,200,MAE,1.3871339856064535
8823,198,200,MAE,42.40634307115469
8824,198,202,MAE,43.43458791778688
8825,198,200,MAE,19.82102623180097
8826,198,200,MAE,7.117830149892724
8827,198,200,MAE,7.068772498755106
8828,198,200,MAE,4.375750155043858
8829,198,202,MAE,32.473070627911206
8830,198,204,MAE,30.08246136290199
8831,198,208,MAE|SAE,4.650679622110886
8832,198,200,MAE,6.170067443390786
8833,198,204,MAE|SAE,2.23583136561126
8834,198,212,MAE,54.865247612692414
8835,198,204,MAE,32.38785392857601
8836,198,206,MAE|SAE,4.457447650328769
8837,198,200,MAE,6.401028525088544
8838,198,203,MAE|SAE,1.8154830410400362
8839,198,212,MAE,59.46905441646417
8840,198,200,MAE,3.9932070136883913
8841,198,200,MAE,35.582501065153416
8842,198,200,MAE,33.902801157525644
8843,198,204,MAE|SAE,7.694328205028541
8844,198,202,MAE,25.9914651765771
8845,198,200,MAE,21.935554442658283
8846,198,207,MAE|SAE,7.4342916711507785
8847,198,200,MAE,38.266572041923766
8848,198,200,MAE,1.2355047812221247
8849,198,200,MAE,7.255780425024558
8850,198,211,MAE|SAE,5.5879401032924525
8851,198,200,MAE,40.120230487574176
8852,198,200,MAE,28.909716662626934
8853,198,203,MAE|SAE,4.308031607406309
8854,198,200,MAE,18.166236943883092
8855,198,203,MAE|SAE,3.599849935052549
8856,198,208,MAE,25.58778040549043
8857,198,200,MAE,4.0142196652062
8858,198,212,MAE,48.475768366329966
8859,198,200,MAE,1.1111457409809282
8860,198,200,MAE,4.123806215892175
8861,198,212,MAE,15.694980918852378
8862,198,202,MAE,33.14197669681557
8863,198,202,MAE,32.94338632440308
8864,198,200,MAE,28.051782210235878
8865,198,210,MAE,24.521325411692
8866,198,207,LAE|MAE|SAE,4.235945457856329
8867,198,202,MAE,3.1127345453537156
8868,199,200,MAE|SAE,0.8926404412613573
8869,199,200,MAE|SAE,1.2083506684042125
8870,199,207,LAE|MAE|SAE,2.8266869401409527
8871,199,206,MAE|SAE,7.3813818449111634
8872,199,200,MAE|SAE,2.0947411861776906
8873,199,200,MAE|SAE,0.8938264199752313
8874,199,207,MAE|SAE,5.779806171258699
8875,199,207,MAE|SAE,4.384265189950004
8876,199,200,MAE|SAE,2.125156339440038
8877,199,200,MAE|SAE,3.2076761096773287
8878,199,200,MAE|SAE,1.452092968317765
8879,199,203,MAE|SAE,2.521561346763865
8880,199,200,MAE|SAE,1.152292189960474
8881,199,203,MAE|SAE,1.7944886608772928
8882,197,201,LAE,6.716726051330873
8883,197,201,LAE,2.3151363826728377
8884,200,201,LAE|MAE,4.022622606455616
8885,200,204,LAE|MAE|SAE,7.747352046149142
8886,200,204,LAE|MAE|SAE,6.576071367362865
8887,198,202,MAE,13.305431013843293
8888,198,202,MAE,38.3076696694784
8889,198,210,MAE,15.763531488624169
8890,198,210,MAE,36.41412238552727
8891,198,206,MAE,22.945491452548442
8892,198,210,MAE,27.282848699347714
8893,198,202,MAE,46.20914185839829
8894,198,210,MAE,36.01334099479242
8895,198,212,MAE,28.911541406314665
8896,198,218,MAE,44.262827594012414
8897,198,210,MAE,46.338888635810726
8898,198,212,MAE,41.017770753701846
8899,198,204,MAE,52.67425688097369
8900,198,202,MAE,5.165722816646591
8901,198,202,MAE,33.29581106153317
8902,198,202,MAE,47.26695393498577
8903,198,207,MAE|SAE,3.9617868713648985
8904,199,203,MAE|SAE,8.406206195910258
8905,199,211,MAE|SAE,6.308343927679243
8906,199,203,MAE|SAE,2.051423329259666
8907,199,203,MAE|SAE,2.060403722294409
8908,199,211,MAE|SAE,3.941989652069205
8909,199,202,MAE|SAE,5.509775694495941
8910,200,202,MAE,6.540115949913343
8911,200,210,MAE|SAE,7.54196306459316
8912,200,202,MAE,1.3366202298085568
8913,200,202,MAE,1.4590065957796685
8914,200,202,MAE,40.51454882175279
8915,200,214,MAE,7.764734641558431
8916,200,210,MAE,43.72802889328642
8917,200,211,MAE|SAE,7.559635992337167
8918,200,202,MAE,22.633880456818623
8919,200,207,MAE|SAE,6.2143539928128755
8920,200,208,MAE,52.16045635321298
8921,200,215,LAE|MAE|SAE,4.492951383998829
8922,200,204,MAE,45.75800692681149
8923,200,207,MAE|SAE,3.84419344802221
8924,200,207,MAE|SAE,5.079056200120655
8925,200,203,MAE|SAE,1.646455688977493
8926,200,205,LAE|MAE|SAE,6.631726453434197
8927,200,206,MAE,40.41727770976913
8928,200,202,MAE,48.808111723513534
8929,200,203,MAE|SAE,1.824126419451816
8930,200,202,MAE,20.931069879814313
8931,200,204,MAE|SAE,6.202539200513707
8932,200,202,MAE,57.30893509899284
8933,200,204,MAE|SAE,2.301796553483772
8934,200,206,MAE,26.126718358646343
8935,200,220,MAE,35.53017935174492
8936,200,206,MAE|SAE,7.5904410702184775
8937,200,206,MAE,35.086366850841685
8938,200,202,MAE,2.5536378686526993
8939,200,202,MAE,1.9493658894536567
8940,200,203,MAE|SAE,6.5959651371592525
8941,200,204,MAE,41.60882562183365
8942,200,202,MAE,7.598232630410178
8943,200,207,MAE|SAE,4.139487526266368
8944,200,219,MAE|SAE,7.789762495493893
8945,200,211,MAE|SAE,3.5059708670435863
8946,200,214,MAE,38.42048023537129
8947,200,204,MAE,2.1612398503615635
8948,200,202,MAE,25.588792747924277
8949,201,202,LAE|MAE,1.317528892989254
8950,201,204,LAE|MAE|SAE,3.656376445487589
8951,201,202,LAE|MAE,5.022578889082621
8952,199,211,SAE,8.07101451460136
8953,199,203,SAE,6.399393633105326
8954,199,203,SAE,5.832464381220475
8955,199,204,MAE|SAE,2.3290463190404798
8956,199,208,LAE|MAE|SAE,2.889736171100797
8957,199,211,MAE|SAE,9.000472466251248
8958,199,203,SAE,8.593390429480394
8959,200,204,MAE|SAE,7.924248712517456
8960,200,211,MAE|SAE,7.593556759852306
8961,200,203,MAE|SAE,1.935099959606055
8962,202,203,MAE|SAE,6.326708701245857
8963,202,204,MAE|SAE,5.6086297904510785
8964,202,206,MAE|SAE,6.766191491580272
8965,202,208,MAE|SAE,6.272350198917205
8966,202,204,MAE|SAE,5.852144785942268
8967,202,204,MAE|SAE,1.213902710732858
8968,202,203,MAE|SAE,1.4540183560850177
8969,202,204,MAE|SAE,5.897407915742364
8970,202,203,MAE|SAE,0.9249300594060488
8971,202,203,MAE|SAE,6.099095692330361
8972,202,204,MAE|SAE,5.909525450059004
8973,202,211,MAE|SAE,6.729760437210125
8974,202,203,MAE|SAE,3.699294128461167
8975,202,203,MAE|SAE,3.424331614902428
8976,202,205,LAE|MAE|SAE,1.8122739007387416
8977,202,203,MAE|SAE,1.7137330490371918
8978,202,207,MAE|SAE,6.514881215410502
8979,202,203,MAE|SAE,1.2777579123400264
8980,202,203,MAE|SAE,2.102004659272266
8981,202,210,MAE|SAE,6.899871177594241
8982,202,215,MAE|SAE,4.302947172898982
8983,202,203,MAE|SAE,1.5119155979007148
8984,202,215,MAE|SAE,15.06431537425311
8985,202,203,MAE|SAE,1.350528024564044
8986,202,207,MAE|SAE,3.0859345184648372
8987,202,203,MAE|SAE,0.8990979759581467
8988,202,203,MAE|SAE,1.4510525430244692
8989,202,206,MAE|SAE,6.570516444519746
8990,202,204,MAE|SAE,1.537483744852506
8991,202,204,MAE|SAE,3.620885863379267
8992,202,203,MAE|SAE,1.5926888574529168
8993,200,204,MAE,6.498404079629284
8994,200,204,MAE,58.90917498975292
8995,200,210,MAE,41.45360184355623
8996,200,204,MAE,4.965699117898856
8997,200,204,MAE,6.4753820140450635
8998,200,204,MAE,7.77045302648716
8999,200,204,MAE,42.337366262782915
9000,200,218,MAE,60.024779303684504
9001,200,211,MAE|SAE,3.8806439139223348
9002,200,204,MAE,1.8955153608221087
9003,201,208,LAE|MAE|SAE,3.4673746944786754
9004,202,204,MAE,7.223478108069356
9005,202,206,MAE,36.44915084314148
9006,202,210,MAE,34.02947995529848
9007,202,210,MAE,40.424916151424924
9008,202,204,MAE,6.744085006521282
9009,202,212,MAE,54.72288650462027
9010,202,204,MAE,57.945795678563364
9011,202,208,MAE,8.656605108367112
9012,202,212,MAE,34.324521286686924
9013,202,210,MAE,58.09630355185141
9014,202,212,MAE,18.631148927984796
9015,202,204,MAE,30.660433662088554
9016,202,204,MAE,50.665033851398604
9017,202,208,MAE,34.76824508728653
9018,202,212,MAE,28.974742125757956
9019,202,212,MAE,21.560232069210418
9020,202,212,MAE,49.51654006982125
9021,202,204,MAE,51.05521323290499
9022,202,212,MAE,32.045985590420614
9023,202,208,MAE,34.698167057213176
9024,202,210,MAE,28.932050326944523
9025,202,212,MAE,35.507110437535786
9026,202,208,MAE,39.94954903193542
9027,202,214,MAE,50.520832825030844
9028,202,212,MAE,32.309499202517046
9029,202,204,MAE,51.20843546059945
9030,202,204,MAE,1.3665621192754531
9031,202,204,MAE,55.437073935805934
9032,202,218,MAE,31.967858407705265
9033,202,210,MAE,31.556915699488943
9034,202,212,MAE,32.73928484122726
9035,202,204,MAE,50.572966586830184
9036,202,204,MAE,6.374953890761516
9037,202,214,MAE,58.568637479458545
9038,202,216,MAE,25.49345040293124
9039,202,212,LAE|MAE|SAE,3.4676220758265788
9040,202,204,MAE,41.83887053746101
9041,202,212,MAE,20.292487540920188
9042,202,204,MAE,7.140415835677181
9043,202,220,MAE,7.101663474004633
9044,202,204,MAE,34.98901718683005
9045,202,204,MAE,24.391874008458235
9046,202,208,MAE,33.333397075784085
9047,202,204,MAE,28.09885534373666
9048,202,204,MAE,1.7169195827697104
9049,202,210,MAE,29.437564126835404
9050,202,210,MAE,59.10833086987507
9051,202,210,MAE,34.003697472628986
9052,202,204,MAE,33.12458423390993
9053,202,204,MAE,46.885267468608895
9054,202,212,MAE,26.747233917064545
9055,202,206,MAE,42.96158859177839
9056,202,211,MAE|SAE,3.2318619660432564
9057,202,204,MAE,6.863683785191944
9058,202,204,MAE,20.405132190472106
9059,202,204,MAE,51.3882347107288
9060,202,212,MAE,53.27957308296718
9061,203,204,MAE|SAE,1.3530723635947668
9062,203,207,MAE|SAE,5.86254639156625
9063,203,206,MAE|SAE,6.646804534032297
9064,203,204,MAE|SAE,1.1242952199299774
9065,203,211,MAE|SAE,2.653456624907324
9066,203,207,MAE|SAE,7.114217348306227
9067,203,206,MAE|SAE,6.266168725160845
9068,203,204,MAE|SAE,1.5152782516454282
9069,203,204,MAE|SAE,1.3293413592032381
9070,203,208,MAE|SAE,5.625447601398124
9071,203,204,MAE|SAE,1.7057116038105415
9072,203,207,MAE|SAE,3.466036506185608
9073,203,207,MAE|SAE,2.055300300191098
9074,203,211,MAE|SAE,6.304361591059448
9075,203,210,MAE|SAE,7.257431840263709
9076,203,212,LAE|MAE|SAE,3.693242256804076
9077,203,207,MAE|SAE,2.1319617255869723
9078,203,207,MAE|SAE,2.163406335996867
9079,203,207,MAE|SAE,3.1970489262066075
9080,203,206,MAE|SAE,6.5598599580656645
9081,204,208,LAE|MAE,6.25649651490983
9082,204,210,LAE|MAE|SAE,2.9222991192225813
9083,202,206,MAE,31.016998453392397
9084,202,210,MAE,40.93973316706929
9085,202,210,MAE,45.269758469105966
9086,202,220,MAE,37.513369741759455
9087,202,206,MAE,59.86990901664616
9088,202,210,MAE,59.39710002093221
9089,202,212,MAE,47.23449927524194
9090,202,212,MAE,22.710665901598613
9091,202,206,MAE,58.240566471995415
9092,202,210,MAE,36.740966814476906
9093,202,212,MAE,36.41845684408706
9094,202,212,MAE,33.34497456820752
9095,202,206,MAE,48.69485350493819
9096,202,210,MAE,44.36530688440041
9097,202,206,MAE,47.016117914480645
9098,202,206,MAE,50.28819238152117
9099,202,218,MAE,27.817054804688784
9100,202,210,MAE,50.839267189276136
9101,202,206,MAE,43.13674887547873
9102,202,210,MAE,26.799549375165984
9103,203,206,MAE|SAE,6.298103462786476
9104,203,207,MAE|SAE,3.3559464287714182
9105,203,211,MAE|SAE,3.3203290290752348
9106,203,212,MAE|SAE,6.405485824230664
9107,203,208,MAE|SAE,7.513336672086219
9108,203,211,MAE|SAE,7.85376589214899
9109,204,210,MAE,37.86908727292638
9110,204,212,MAE,33.86450723482424
9111,204,212,MAE,34.03611022663866
9112,204,207,MAE|SAE,2.7101272101900236
9113,204,212,MAE,43.69101648970611
9114,204,210,MAE,35.07361019013883
9115,204,210,MAE,35.789883776794554
9116,204,210,MAE,42.3345708424129
9117,204,215,MAE|SAE,3.1337992917458077
9118,204,212,MAE,28.946221430481504
9119,204,212,MAE,42.3013335098433
9120,204,210,MAE|SAE,2.6719004475861
9121,204,206,MAE,6.134398047358113
9122,204,212,MAE,42.37284776483282
9123,204,206,MAE,6.120133231333391
9124,204,212,MAE,53.42359355291809
9125,204,212,MAE,50.917556066060605
9126,204,212,MAE,26.71031126632206
9127,204,216,MAE,25.60811799088051
9128,204,212,MAE,33.61165502495256
9129,204,214,MAE,36.78410304273377
9130,204,210,MAE,48.9420372622553
9131,204,210,MAE,49.36368193564649
9132,204,219,MAE|SAE,4.2715809831577465
9133,204,212,MAE,30.84893849949
9134,204,210,MAE,42.596024161339855
9135,204,212,MAE,46.317449881951134
9136,204,206,MAE,25.156087081389607
9137,204,210,MAE,19.86048052561595
9138,204,212,MAE,42.78929587672876
9139,204,210,MAE,41.463129106489546
9140,204,210,MAE,23.880328376462604
9141,204,212,MAE,32.925047902899415
9142,204,212,MAE,38.11676823828547
9143,204,212,MAE,59.69815072006986
9144,204,210,MAE,47.06584876762177
9145,204,210,MAE,35.80429610092277
9146,204,206,MAE,39.02828618581628
9147,204,210,MAE,46.37231869933211
9148,204,206,MAE,27.9104097103599
9149,204,210,MAE,32.54441571489325
9150,204,210,MAE,27.3169853885181
9151,204,210,MAE,40.26674780172181
9152,204,210,MAE,41.151281330906386
9153,204,208,MAE|SAE,2.206965365171908
9154,204,218,MAE,24.61571681696812
9155,204,207,MAE|SAE,6.420339594533405
9156,204,212,MAE,34.88857718090032
9157,204,208,MAE,58.77777126882242
9158,204,212,MAE,33.56327234697084
9159,205,207,LAE|MAE|SAE,1.5756085056252738
9160,205,206,LAE|MAE,6.278983123883406
9161,203,207,SAE,4.702186746252808
9162,203,211,MAE|SAE,6.864782770845327
9163,203,211,SAE,4.68169093427922
9164,203,215,MAE|SAE,7.043472436999038
9165,203,207,SAE,6.3472196658240705
9166,203,207,SAE,7.499300051032586
9167,203,211,MAE|SAE,3.4018120744844706
9168,203,207,SAE,6.325834626184348
9169,203,211,SAE,5.1439704530222095
9170,203,207,SAE,4.989266949201805
9171,204,212,MAE|SAE,2.759503195794539
9172,204,208,MAE|SAE,2.5408068766333596
9173,204,207,MAE|SAE,2.0847581748141146
9174,204,207,MAE|SAE,1.7196262904748936
9175,206,207,MAE|SAE,2.6392859609233237
9176,206,207,MAE|SAE,1.984644972122744
9177,206,208,MAE|SAE,1.3982969652650838
9178,206,207,MAE|SAE,0.92161330302178
9179,206,207,MAE|SAE,1.4302559304784248
9180,206,211,MAE|SAE,1.9953757917353565
9181,206,212,MAE|SAE,4.802873372166241
9182,206,207,MAE|SAE,2.684705186014484
9183,206,208,MAE|SAE,1.2630395744322762
9184,206,211,MAE|SAE,1.9185894441916624
9185,206,208,MAE|SAE,1.9217754604201363
9186,206,211,MAE|SAE,2.434350818878314
9187,206,208,MAE|SAE,5.467778675213769
9188,206,208,MAE|SAE,2.497570366747109
9189,206,215,MAE|SAE,2.466358912681005
9190,206,207,MAE|SAE,3.1364657970206764
9191,206,207,MAE|SAE,0.9332275153374197
9192,206,215,MAE|SAE,3.2152320031839303
9193,206,207,MAE|SAE,1.4073980727612603
9194,206,207,MAE|SAE,1.0847504716317877
9195,206,207,MAE|SAE,2.0019633108807744
9196,206,211,MAE|SAE,2.292726126872058
9197,206,207,MAE|SAE,1.0857551983216023
9198,206,207,MAE|SAE,1.8110832409390263
9199,206,207,MAE|SAE,1.9431911762061254
9200,206,208,MAE|SAE,1.7731771911091572
9201,204,210,MAE,19.588001978563856
9202,204,212,MAE,44.83097045136046
9203,204,210,MAE,34.501406293265894
9204,204,210,MAE,56.45970172880736
9205,204,208,MAE,37.290395479801646
9206,204,208,MAE,24.967980105440695
9207,204,208,MAE,59.69895402014736
9208,204,210,MAE,34.32367207804394
9209,204,208,MAE,6.72121483995241
9210,204,212,MAE,40.71877259922424
9211,204,210,MAE,2.8241280670994118
9212,204,210,MAE,52.524543039597916
9213,204,210,MAE,40.58465621311727
9214,204,212,MAE,54.53859145846445
9215,204,212,MAE,43.27907311008421
9216,204,216,MAE,14.814888073829788
9217,204,210,MAE,10.835575103279131
9218,204,210,MAE,34.955804066163395
9219,204,210,MAE,31.869872701403168
9220,204,212,MAE,24.512031970431202
9221,205,212,LAE|MAE,5.0403597052177345
9222,206,208,MAE,52.71929210926629
9223,206,214,MAE,41.21787038271618
9224,206,208,MAE,51.19726257766957
9225,206,212,MAE,41.90894755964222
9226,206,210,MAE,29.649444764724763
9227,206,215,LAE|MAE|SAE,2.8053046387216467
9228,206,208,MAE,43.287139808490444
9229,206,210,MAE,23.978467894763906
9230,206,210,MAE,44.47068206153786
9231,206,212,MAE,35.771254345461465
9232,206,210,LAE|MAE,3.6265210550411697
9233,206,208,MAE,2.8554437526699155
9234,206,212,MAE,35.763937687555945
9235,206,214,MAE,57.36329481995149
9236,206,208,MAE,58.046561561081056
9237,206,211,MAE|SAE,6.029700910095793
9238,206,208,MAE,5.655808603230879
9239,206,218,MAE,37.27446165266414
9240,206,208,MAE,51.62033741617516
9241,206,208,MAE,6.378115673117075
9242,206,210,MAE,30.257430805991728
9243,206,220,MAE,59.386210945235504
9244,206,210,MAE,54.66888033552972
9245,206,212,MAE,45.94139848708513
9246,206,212,MAE,27.89458457253069
9247,206,216,MAE,7.133165552908925
9248,206,212,MAE,6.525196762743137
9249,206,210,MAE,32.0172267960514
9250,206,210,MAE,19.806305277649695
9251,206,212,MAE,35.37714838843854
9252,206,214,MAE,27.15348177859035
9253,206,208,MAE,39.67471416343617
9254,206,208,MAE,30.061154824852213
9255,206,212,MAE,21.57608821554219
9256,206,210,MAE,6.331750505268145
9257,206,212,MAE,41.19658821768268
9258,206,208,MAE,43.660810953683175
9259,206,208,MAE,32.52374620170651
9260,206,214,MAE,29.756885721794745
9261,206,212,MAE,33.905047518840405
9262,206,210,MAE,41.22695903939488
9263,206,210,MAE,28.969895882560753
9264,206,210,MAE,36.2035798781575
9265,206,212,MAE,32.78494352669985
9266,206,208,MAE,32.50471359450313
9267,206,212,MAE,29.53827212557153
9268,206,214,MAE,35.06946306250803
9269,206,208,MAE,45.622339673857674
9270,206,215,MAE|SAE,3.4091782731337905
9271,206,208,MAE,39.10129017808346
9272,206,210,MAE,39.414024630165486
9273,206,208,MAE,38.67967822266245
9274,206,210,MAE,50.57099439012443
9275,206,208,MAE,43.08487206479526
9276,206,208,MAE,15.126671901617128
9277,206,208,MAE,41.90108618150527
9278,206,210,MAE,28.730564556189368
9279,206,218,MAE,57.941253364392935
9280,206,212,MAE,34.17072360856033
9281,206,210,MAE,18.01989911752759
9282,206,210,MAE,30.57135367899164
9283,206,212,MAE,42.28915417592774
9284,207,215,MAE|SAE,3.1101736881654602
9285,207,208,MAE|SAE,1.1693989136156198
9286,207,208,MAE|SAE,1.3155070599590901
9287,207,211,MAE|SAE,2.815936293392894
9288,207,209,LAE|MAE|SAE,1.6080920060129078
9289,207,208,MAE|SAE,1.3308455562316226
9290,207,211,MAE|SAE,1.6951064371345945
9291,207,211,MAE|SAE,1.7957116697266051
9292,207,208,MAE|SAE,2.7397015782783862
9293,207,211,MAE|SAE,2.1843647820718
9294,207,208,MAE|SAE,1.0600180205886658
9295,207,210,MAE|SAE,2.741917651390298
9296,207,211,MAE|SAE,1.6582249467944727
9297,207,215,LAE|MAE|SAE,2.4142076639247287
9298,207,208,MAE|SAE,6.205714086147861
9299,207,212,MAE|SAE,2.3622117011788664
9300,207,211,MAE|SAE,3.0741482764923638
9301,208,215,LAE|MAE|SAE,3.1278226114093193
9302,208,209,LAE|MAE,1.2589280525568955
9303,206,210,MAE,43.273187654804616
9304,206,212,MAE,35.6298260337862
9305,206,212,MAE,41.739206640083644
9306,206,210,MAE,49.89388430351462
9307,206,212,MAE,42.69847862400853
9308,206,210,MAE,30.12499260323673
9309,206,210,MAE,35.76090020225379
9310,206,210,MAE,28.796943908857127
9311,206,210,MAE,42.84497277215752
9312,206,212,MAE,38.74783095326851
9313,206,210,MAE,30.795347799177662
9314,206,212,MAE,49.481342871270584
9315,206,210,MAE,51.11835494770015
9316,206,210,MAE,16.347859768813805
9317,206,210,MAE,36.36800685816072
9318,206,210,MAE,35.720089209683344
9319,206,212,MAE,35.10113347849054
9320,206,210,MAE,33.416109886500905
9321,206,210,MAE,25.45553118859958
9322,206,212,MAE,7.687042548740412
9323,206,220,MAE,27.14844864021664
9324,206,210,MAE,29.40654734771604
9325,206,210,MAE,51.407107464649044
9326,206,210,MAE,45.58016423379636
9327,207,210,MAE|SAE,2.6327621088082367
9328,207,211,MAE|SAE,2.1763414463372697
9329,207,211,MAE|SAE,1.9081241338562989
9330,207,210,MAE|SAE,3.1935187408637806
9331,207,212,MAE|SAE,7.227787186574355
9332,207,210,MAE|SAE,6.596532978322462
9333,208,210,MAE,23.984883089240462
9334,208,212,MAE,26.6314768442363
9335,208,210,MAE,33.42424696219636
9336,208,216,MAE,30.442032228596982
9337,208,212,MAE,34.07581711563216
9338,208,215,LAE|MAE|SAE,3.1151021632094866
9339,208,212,MAE,31.558125186822004
9340,208,215,MAE|SAE,2.4458870019622236
9341,208,210,MAE,18.548896153970027
9342,208,216,MAE,45.652090467109495
9343,208,214,MAE,6.608993260907308
9344,208,210,MAE,21.262419153550095
9345,208,210,MAE,41.584345155344444
9346,208,210,MAE,36.778073488358906
9347,208,210,MAE,23.653474785131202
9348,208,210,MAE,34.3428255580614
9349,208,210,MAE,41.638146289952296
9350,208,210,MAE,25.05500578308074
9351,208,212,MAE,34.567102862158826
9352,208,211,MAE|SAE,1.5855679251259576
9353,208,215,MAE|SAE,5.6440284193713275
9354,208,210,MAE,2.3007497010834888
9355,208,210,MAE,5.917791698743821
9356,208,210,MAE,43.61731818125704
9357,208,210,MAE,2.1718275782232976
9358,208,215,MAE|SAE,2.72421109046144
9359,208,210,MAE,1.7358177486234825
9360,208,210,MAE,50.58497697504291
9361,208,216,MAE,34.27040752703558
9362,208,210,MAE,3.250999983709906
9363,208,210,MAE,49.39453515725521
9364,208,210,MAE,50.79640538882682
9365,208,212,MAE,17.216652296556713
9366,208,210,MAE,25.64870231257306
9367,208,214,MAE,32.19777347264027
9368,208,215,MAE|SAE,3.1838220646809505
9369,208,212,MAE,41.07862826502425
9370,208,210,MAE,2.211125955082254
9371,208,210,MAE,30.40976000981216
9372,208,212,MAE,40.14095622795865
9373,208,210,MAE,51.20318975688102
9374,208,211,MAE|SAE,1.6882713022574773
9375,208,210,MAE,5.4716854679193005
9376,208,210,MAE,58.620081878442214
9377,208,212,MAE,31.992135028850157
9378,208,210,MAE,53.40771518932405
9379,208,210,MAE,23.939566600830744
9380,208,212,MAE,43.847801413901685
9381,209,210,LAE|MAE,1.2237477506659729
9382,207,211,SAE,4.411712866470835
9383,207,211,SAE,2.377716418287476
9384,207,211,SAE,3.750345951120872
9385,207,211,SAE,4.587425934393595
9386,207,211,SAE,5.827705370528143
9387,207,211,SAE,5.487792986690636
9388,207,211,SAE,4.638545499100125
9389,207,211,SAE,3.9426111435623095
9390,207,211,SAE,4.028246638608391
9391,207,211,SAE,2.995464212487909
9392,207,211,SAE,6.234403416819906
9393,207,211,SAE,3.7069624006632313
9394,207,211,SAE,6.1698671658188
9395,207,222,MAE|SAE,4.309164726246904
9396,207,211,SAE,6.113419210918128
9397,207,211,SAE,3.103955902394067
9398,207,211,SAE,2.8426359713509606
9399,207,212,MAE|SAE,1.9359979115804204
9400,207,211,SAE,4.760308072973035
9401,207,215,SAE,3.3818985548715244
9402,207,211,SAE,2.8048805656706883
9403,207,215,SAE,2.6862423050299533
9404,207,219,SAE,5.887683069312027
9405,207,211,SAE,7.0709842051407845
9406,207,211,SAE,2.4604008758688307
9407,207,211,SAE,2.410918805076229
9408,207,219,SAE,6.766682976127189
9409,207,211,SAE,2.808730033432075
9410,207,211,SAE,3.8941244669151245
9411,207,211,SAE,5.808939950956952
9412,207,211,SAE,2.654936139521871
9413,207,211,SAE,6.096085822672371
9414,207,211,SAE,2.6621909891414526
9415,207,211,SAE,1.9214127470688085
9416,207,211,SAE,4.901511771896636
9417,207,211,SAE,2.726707846591597
9418,207,211,SAE,5.896952074463791
9419,207,212,MAE|SAE,2.091776410528415
9420,207,211,SAE,3.285258232653718
9421,207,211,SAE,6.074179073873102
9422,207,211,SAE,8.059641438611191
9423,207,211,SAE,5.4405945007445204
9424,207,211,SAE,4.521859410468482
9425,207,211,SAE,5.21578960195132
9426,207,211,SAE,1.8042485913551976
9427,207,211,SAE,4.256816353910979
9428,207,211,SAE,4.4800951399895315
9429,207,211,SAE,2.935169151801283
9430,207,211,SAE,4.186288391372964
9431,208,211,MAE|SAE,1.8423575019830043
9432,210,213,LAE|MAE|SAE,2.3305188041036256
9433,210,211,MAE|SAE,2.0099997850989166
9434,210,211,MAE|SAE,1.228575891507884
9435,210,211,MAE|SAE,0.8444803614865967
9436,210,211,MAE|SAE,2.4049636884401817
9437,210,211,MAE|SAE,1.4514496078188521
9438,210,215,LAE|MAE|SAE,2.185975598961651
9439,210,211,MAE|SAE,4.25351689933036
9440,210,211,MAE|SAE,2.834428592579509
9441,210,211,MAE|SAE,1.219999396658811
9442,210,211,MAE|SAE,1.8729836242088187
9443,210,211,MAE|SAE,5.8970295874073555
9444,208,220,MAE,23.967631541863565
9445,208,220,MAE,23.850402690893155
9446,208,212,MAE,24.437445620111312
9447,208,214,MAE,51.69610433505302
9448,208,212,MAE,41.66755631051498
9449,208,212,MAE,43.38877807706144
9450,208,212,MAE,32.96629875204629
9451,208,212,MAE,54.83644135239707
9452,208,212,MAE,41.902059154032024
9453,208,212,MAE,35.35465986227747
9454,208,218,MAE,36.07789124330476
9455,208,228,MAE|SAE,37.97383709501707
9456,208,212,MAE,40.49986411326918
9457,208,224,MAE,32.07941827795702
9458,208,212,MAE,29.110172618866187
9459,208,212,MAE,20.35753808618454
9460,208,212,MAE,2.450272066844043
9461,208,217,LAE|MAE,20.621516934959995
9462,208,214,MAE,37.35157145408631
9463,208,216,MAE,29.314051402887117
9464,208,212,MAE,17.432025392988475
9465,208,212,MAE,44.441032089046054
9466,208,212,MAE,56.851729412106586
9467,208,214,MAE,49.27777387852503
9468,210,214,MAE,36.186728126074726
9469,210,214,MAE,29.10916298258704
9470,210,212,MAE,31.561338773345696
9471,210,212,MAE,47.09859504155695
9472,210,212,MAE,33.125043898522705
9473,210,218,MAE,39.36940200291491
9474,210,214,MAE,46.41557223483509
9475,210,212,MAE,36.74768920864372
9476,210,212,MAE,38.911259849416325
9477,210,212,MAE,6.2915291291833375
9478,210,212,MAE,39.480527344940825
9479,210,212,MAE,19.9917006355623
9480,210,212,MAE,1.5016015714449895
9481,210,212,MAE,51.48209648918819
9482,210,212,MAE,56.65490232479556
9483,210,212,MAE,42.11500647205119
9484,210,212,MAE,30.23794786582061
9485,210,212,MAE,34.75021048837982
9486,210,212,MAE,29.41644880409785
9487,210,212,MAE,3.7502113278247737
9488,210,212,MAE,24.838085691619547
9489,210,212,MAE,5.477484784443043
9490,210,212,MAE,34.743038392992325
9491,210,212,MAE,39.42055989256935
9492,210,216,MAE,30.479986550155076
9493,210,216,MAE,6.308788374156913
9494,210,212,MAE,45.76241801538319
9495,210,244,LAE|MAE|SAE,16.338972415077933
9496,210,212,MAE,4.206618303511441
9497,210,214,MAE,35.10143306718474
9498,210,214,MAE,25.67939734386493
9499,210,218,MAE,32.56631712800036
9500,210,219,MAE|SAE,3.0253315476741274
9501,210,212,MAE,54.268657549309445
9502,210,212,MAE,31.686245129540023
9503,210,212,MAE,20.686847374783273
9504,210,212,MAE,17.275813801763114
9505,210,212,MAE,29.8426397976835
9506,210,212,MAE,3.8863448244832655
9507,211,212,MAE|SAE,1.0111113463325003
9508,211,212,MAE|SAE,1.0240412928580689
9509,211,212,MAE|SAE,1.175769807393402
9510,211,212,MAE|SAE,2.16340902617296
9511,211,212,MAE|SAE,1.4511343935727978
9512,211,215,MAE|SAE,1.9223886291245822
9513,211,212,MAE|SAE,1.3946348038009198
9514,211,216,LAE|MAE|SAE,3.348242002610132
9515,211,212,MAE|SAE,3.2425817142181375
9516,211,212,MAE|SAE,1.142044636390038
9517,211,212,MAE|SAE,2.633665698751563
9518,209,213,LAE,30.808433463506915
9519,212,222,LAE|MAE|SAE,4.385338398797955
9520,212,219,LAE|MAE|SAE,2.789976318589917
9521,212,226,LAE|MAE|SAE,4.496051771196041
9522,210,214,MAE,58.5407184454688
9523,210,222,MAE,29.376300249812545
9524,210,224,MAE,26.524910815155355
9525,212,216,MAE,34.57316582726849
9526,212,216,MAE,26.21021640767196
9527,212,214,MAE,2.594046364002535
9528,212,214,MAE,25.669866165486194
9529,212,220,MAE,50.2977479665093
9530,212,214,MAE,56.67068992523523
9531,212,214,MAE,59.0095065976787
9532,212,214,MAE,36.77483071169095
9533,212,219,MAE|SAE,3.0767642256972247
9534,212,214,MAE,33.74259689436063
9535,212,214,MAE,5.810428390456392
9536,212,220,MAE,24.167342382964662
9537,212,214,MAE,54.61867516930527
9538,212,220,MAE,20.31567476224334
9539,212,214,MAE,31.55235726708005
9540,212,214,MAE,24.668286196027974
9541,212,220,MAE,43.54107079732845
9542,212,214,MAE,20.262563683382183
9543,212,214,MAE,23.14293904703701
9544,212,214,MAE,19.24254073064139
9545,212,218,MAE,19.02738130288354
9546,212,226,MAE,14.455594820516945
9547,212,225,LAE|MAE,57.46974263984242
9548,212,214,MAE,24.204268934921096
9549,212,218,MAE,9.601367072414453
9550,212,222,LAE|MAE|SAE,4.0167471299389845
9551,212,214,MAE,11.180246928149574
9552,212,218,MAE,54.499111874134044
9553,212,216,MAE,51.60267997602231
9554,213,214,LAE|MAE,3.359917743908465
9555,211,215,SAE,2.4561206667789732
9556,211,224,MAE|SAE,5.817136576737006
9557,211,219,SAE,4.006931369942339
9558,211,219,SAE,5.579058719335788
9559,211,215,SAE,2.999790788365048
9560,212,215,MAE|SAE,2.5168137465841287
9561,214,215,MAE|SAE,1.339465932001857
9562,214,215,MAE|SAE,1.4132058163241852
9563,214,215,MAE|SAE,2.101346298638139
9564,214,215,MAE|SAE,1.5975239074168734
9565,214,217,LAE|MAE|SAE,4.01362611561171
9566,214,217,LAE|MAE|SAE,1.868482831577311
9567,214,215,MAE|SAE,2.1111974510534908
9568,214,219,MAE|SAE,2.026593474511542
9569,214,219,MAE|SAE,2.652763136116876
9570,214,219,MAE|SAE,2.382291135326985
9571,214,215,MAE|SAE,1.7879528080512603
9572,214,216,MAE|SAE,2.632775013452476
9573,214,215,MAE|SAE,2.341173854308415
9574,214,215,MAE|SAE,1.8435400133422586
9575,212,216,MAE,51.007436721354985
9576,212,220,MAE,31.63811085301041
9577,212,220,MAE,30.11314548013887
9578,212,216,MAE,25.574274064795922
9579,212,218,MAE,52.72774063247763
9580,212,216,MAE,28.35356716045622
9581,214,218,MAE,25.49772290014536
9582,214,220,MAE,25.27903891043644
9583,214,216,MAE,25.63359497750138
9584,214,216,MAE,42.06681992366466
9585,214,216,MAE,23.48598682872051
9586,214,220,MAE,30.2658171192715
9587,214,218,MAE,7.544474265724221
9588,214,216,MAE,22.128250013937333
9589,214,218,MAE,30.924439481579416
9590,214,216,MAE,55.712301440216976
9591,214,218,MAE,45.882498049136785
9592,214,216,MAE,29.938625031981502
9593,214,218,MAE,5.918499569697351
9594,214,216,MAE,37.247682034917965
9595,214,220,MAE,49.202957341913155
9596,214,216,MAE,29.543824363204944
9597,214,216,MAE,32.3586547104855
9598,214,220,MAE,30.68206058604664
9599,214,218,MAE,5.468903959566808
9600,214,216,MAE,29.87259843326545
9601,214,216,MAE,28.776496837213003
9602,214,216,MAE,30.441144273555444
9603,214,224,LAE|MAE|SAE,3.6359939308462286
9604,214,218,MAE,34.17262370917283
9605,214,216,MAE,31.86875943515601
9606,214,216,MAE,2.314660985506088
9607,214,220,MAE,29.439395136362055
9608,214,216,MAE,29.962923091705257
9609,214,216,MAE,21.216987362615363
9610,214,218,MAE,12.814114333412437
9611,214,216,MAE,58.075082757875286
9612,214,222,MAE,34.8150227089367
9613,214,216,MAE,40.484721229607175
9614,214,216,MAE,57.55519483352293
9615,214,220,MAE,19.812728377627277
9616,214,216,MAE,38.9138458314527
9617,214,224,MAE,40.73156277958644
9618,214,216,MAE,40.75900433754838
9619,214,226,MAE,28.227362401317627
9620,214,220,MAE,32.260230529053096
9621,214,220,MAE,42.75292501979409
9622,214,216,MAE,31.773079612608697
9623,214,233,LAE|MAE,34.22770694437758
9624,214,216,MAE,34.017237253193514
9625,214,220,MAE,51.93535432136669
9626,214,230,MAE,35.10181324391972
9627,214,218,MAE,31.30353664236698
9628,214,216,MAE,53.22639306559244
9629,214,216,MAE,44.740884833014285
9630,214,216,MAE,40.62131827482663
9631,214,224,LAE|MAE|SAE,3.9827182383028323
9632,214,224,MAE,31.02739209888002
9633,214,220,MAE,59.2538514533028
9634,214,245,LAE|MAE|SAE,39.028880335265576
9635,214,270,LAE|MAE|SAE,34.34042764415139
9636,214,216,MAE,50.07488580395693
9637,214,220,MAE,35.96324253405347
9638,214,218,MAE,40.34173420178378
9639,214,216,MAE,37.124250364293914
9640,214,220,MAE,36.53803197819416
9641,214,220,MAE,30.10592596992481
9642,214,220,MAE,31.969625232673227
9643,214,218,MAE,49.75324573918517
9644,214,220,MAE,44.301730769743386
9645,215,219,MAE|SAE,2.078769201526835
9646,215,220,LAE|MAE|SAE,2.496312082855277
9647,215,216,MAE|SAE,2.0587243018917865
9648,215,216,MAE|SAE,3.366020725805082
9649,215,219,MAE|SAE,2.206763395948894
9650,215,219,MAE|SAE,2.3132313760375984
9651,215,219,LAE|MAE|SAE,2.042973774344291
9652,216,219,LAE|MAE|SAE,2.1869019198969055
9653,214,218,MAE,43.764784722911415
9654,214,218,MAE,53.40206300565194
9655,214,218,MAE,25.83798057862574
9656,214,218,MAE,51.03306022541201
9657,214,218,MAE,38.58045839866736
9658,214,218,MAE,37.816884467120694
9659,214,218,MAE,35.93217454144701
9660,214,220,MAE,25.29182397552266
9661,214,218,MAE,33.71662423441362
9662,214,220,MAE,46.62719055422886
9663,214,218,MAE,22.963785066488974
9664,214,220,MAE,38.95281747311971
9665,214,218,MAE,39.271053991471945
9666,214,218,MAE,37.28023339074779
9667,214,218,MAE,23.66087436940277
9668,214,218,MAE,45.61494129789032
9669,214,220,MAE,32.00702644431941
9670,214,218,MAE,32.31031084335872
9671,214,220,MAE,29.37594835642557
9672,214,218,MAE,30.622163118002597
9673,214,220,MAE,27.69798430746611
9674,214,218,MAE,31.87891991292566
9675,214,220,MAE,38.897734643646274
9676,214,222,MAE,37.532077126430615
9677,214,218,MAE,45.42896086537315
9678,214,220,MAE,34.79915295196915
9679,214,218,MAE,34.80138550726195
9680,214,218,MAE,47.173911532755255
9681,214,218,MAE,33.889846986522734
9682,214,218,MAE,21.775018192159244
9683,214,218,MAE,36.34936423750555
9684,214,218,MAE,52.8900567112721
9685,214,224,MAE,5.3420788940887824
9686,214,220,MAE,27.74518062928059
9687,214,218,MAE,56.53498054297861
9688,214,218,MAE,46.24693395567023
9689,214,231,MAE|SAE,32.342541432138596
9690,215,222,MAE|SAE,3.8546457157076146
9691,215,219,MAE|SAE,1.8300948542363247
9692,215,220,MAE|SAE,2.3684239197026615
9693,216,222,MAE,23.545352689352004
9694,216,229,LAE|MAE,30.412880731913887
9695,216,218,MAE,47.923786932945426
9696,216,218,MAE,29.467788468621364
9697,216,218,MAE,38.34699531158167
9698,216,218,MAE,44.75372834257419
9699,216,218,MAE,47.33234525534652
9700,216,222,MAE,44.71031113840457
9701,216,218,MAE,40.895817584503256
9702,216,220,MAE,40.98083739472599
9703,216,233,LAE|MAE|SAE,35.27396080300174
9704,216,218,MAE,35.93263355279868
9705,216,218,MAE,19.635106298006242
9706,216,228,LAE|MAE,44.08266550366607
9707,216,218,MAE,45.95464322003697
9708,216,218,MAE,46.24370348105235
9709,216,218,MAE,39.266723721565775
9710,216,218,MAE,31.984080919946525
9711,216,218,MAE,37.0455856770909
9712,216,218,MAE,25.581282481594258
9713,216,218,MAE,29.90288335265394
9714,216,218,MAE,41.20822667939338
9715,216,218,MAE,35.9327430110072
9716,216,218,MAE,41.935529764645814
9717,216,218,MAE,38.54719967770107
9718,216,218,MAE,41.92024658425051
9719,216,218,MAE,54.87042860000297
9720,216,218,MAE,22.14362567937431
9721,216,218,MAE,44.7193904150715
9722,216,218,MAE,22.055520660566657
9723,215,219,SAE,3.099824669181821
9724,215,219,SAE,4.050952030311218
9725,215,219,SAE,34.59162483799973
9726,215,220,MAE|SAE,1.9724446893153158
9727,215,219,SAE,4.106329263416958
9728,215,219,SAE,18.47273534615962
9729,215,219,SAE,28.0025444954032
9730,215,219,SAE,3.194981603537864
9731,215,219,SAE,2.4899867825975774
9732,215,219,SAE,3.284013100425197
9733,215,219,SAE,2.500048381366663
9734,215,219,SAE,3.829655530840843
9735,215,219,SAE,2.5867655498246607
9736,215,219,SAE,31.390497440284943
9737,215,219,SAE,3.5094862942518477
9738,215,219,SAE,2.6817607718290675
9739,215,219,SAE,3.184091539379933
9740,215,219,SAE,4.383434307818058
9741,215,219,SAE,31.856677540096744
9742,215,219,SAE,5.348290836628982
9743,215,219,SAE,4.097547119224065
9744,215,219,SAE,3.6419417643172567
9745,215,219,SAE,3.167351040938717
9746,215,219,SAE,2.141478676013361
9747,215,219,SAE,2.9594049820503003
9748,215,219,SAE,28.019619189374488
9749,215,219,SAE,59.25054952122547
9750,215,219,SAE,3.1981207989091462
9751,215,219,SAE,2.1420069373503927
9752,215,219,SAE,1.8971521499972224
9753,215,219,SAE,3.315503707581196
9754,215,219,SAE,3.9456629288098037
9755,215,219,SAE,4.127358938131892
9756,215,219,SAE,2.595884031528968
9757,215,219,SAE,43.22577775911754
9758,215,219,SAE,4.260577968609611
9759,215,219,SAE,3.5369311236422183
9760,215,219,SAE,4.308173734051572
9761,218,219,MAE|SAE,1.9141900780476433
9762,218,219,MAE|SAE,1.2372019110655816
9763,218,219,MAE|SAE,0.8191587628128468
9764,218,219,MAE|SAE,1.2904123969752046
9765,218,219,MAE|SAE,1.2075816212170098
9766,218,219,MAE|SAE,1.1907723033022266
9767,218,219,MAE|SAE,2.2565491513913947
9768,218,219,MAE|SAE,0.8764685818006165
9769,218,219,MAE|SAE,1.949233102349764
9770,218,219,MAE|SAE,1.145269841581154
9771,216,239,LAE|MAE|SAE,36.087961447160914
9772,216,220,MAE,49.47436019077767
9773,216,220,MAE,24.84831369945544
9774,216,228,LAE|MAE,31.44002714375279
9775,216,220,MAE,14.50446950470804
9776,216,224,MAE,37.46143298115267
9777,216,230,MAE,29.47779510531001
9778,216,220,MAE,52.83793205357419
9779,216,220,MAE,41.320621113052205
9780,216,220,MAE,30.587934411150222
9781,216,220,MAE,22.67449749242069
9782,216,220,MAE,42.17263951713317
9783,216,220,MAE,45.822893294087116
9784,216,220,MAE,14.736459422864696
9785,216,220,MAE,30.092505382463766
9786,216,220,MAE,48.57685153111101
9787,216,226,LAE|MAE,29.08260521459272
9788,216,226,MAE,38.03885247263337
9789,216,220,MAE,19.59222669285405
9790,216,220,MAE,31.92249958352314
9791,216,220,MAE,46.71351432015847
9792,216,220,MAE,43.48920655699287
9793,216,222,MAE,29.894390816626455
9794,216,222,MAE,38.57470731586633
9795,216,222,MAE,29.85989120046231
9796,216,226,MAE,31.57135479760257
9797,216,220,MAE,57.67905566599061
9798,216,220,MAE,5.2678444629841445
9799,216,220,MAE,26.62059385037495
9800,216,220,MAE,29.93748515067616
9801,216,220,MAE,41.21009653327227
9802,216,220,MAE,48.528369289135085
9803,216,224,MAE,32.65773442843034
9804,216,220,MAE,27.60207690158802
9805,216,220,MAE,30.944968931802634
9806,216,220,MAE,12.547758395715155
9807,216,221,LAE|MAE,38.48004739654163
9808,216,224,MAE,24.19062178278859
9809,216,220,MAE,48.88116953775123
9810,216,220,MAE,29.71839447999114
9811,216,220,MAE,27.47371054238125
9812,216,220,MAE,35.22384775070541
9813,216,220,MAE,31.643235169091597
9814,216,220,MAE,30.577059318613365
9815,216,220,MAE,27.35170215868613
9816,216,220,MAE,29.77592065311664
9817,216,220,MAE,33.14213762077598
9818,216,220,MAE,33.63448095184511
9819,216,220,MAE,21.08065869793065
9820,216,224,MAE,51.444841086604065
9821,216,220,MAE,29.274726019042507
9822,217,237,LAE|MAE|SAE,30.824719397816608
9823,218,220,MAE,28.919012020025132
9824,218,220,MAE,35.53334854062931
9825,218,220,MAE,47.660075564008054
9826,218,220,MAE,25.035079645492132
9827,218,228,MAE,30.807932041506195
9828,218,220,MAE,45.594816770319404
9829,218,222,MAE,3.596715385805439
9830,218,220,MAE,25.331547853014886
9831,218,220,MAE,26.9150182391367
9832,218,220,MAE,2.3744264119929994
9833,218,220,MAE,48.449220369398354
9834,218,224,MAE,52.19561185665955
9835,218,226,MAE,49.61331158547942
9836,218,226,MAE,19.701004081155272
9837,218,220,MAE,9.647754010956476
9838,218,220,MAE,25.52200089931237
9839,218,220,MAE,41.303564157031424
9840,218,224,LAE|MAE|SAE,43.25128602475319
9841,218,220,MAE,55.00074224615326
9842,218,220,MAE,47.032362811679626
9843,218,220,MAE,55.5030870948742
9844,218,220,MAE,48.13160388919987
9845,218,220,MAE,57.716676389379714
9846,218,220,MAE,40.66748333104027
9847,218,220,MAE,51.758270158526756
9848,218,220,MAE,43.680411091141636
9849,218,220,MAE,26.56556305969009
9850,218,220,MAE,28.25040763301427
9851,218,220,MAE,47.011335540407714
9852,218,227,MAE|SAE,54.01702407235939
9853,218,220,MAE,45.949865907066474
9854,218,220,MAE,22.806839273229947
9855,218,220,MAE,52.57516492957926
9856,218,220,MAE,24.893331879222323
9857,218,224,MAE,14.553459944939949
9858,218,226,MAE,40.55227137298552
9859,218,220,MAE,27.269525051341642
9860,218,220,MAE,21.822221148550447
9861,218,220,MAE,27.923969292882454
9862,219,220,MAE|SAE,1.7509486501198006
9863,219,220,MAE|SAE,1.836958397027488
9864,219,220,MAE|SAE,1.103817602471613
9865,219,222,MAE|SAE,3.7322033185154235
9866,220,230,LAE|MAE,9.667107583539263
9867,220,225,LAE|MAE,20.860591669826658
9868,220,233,LAE|MAE,24.819571781082935
9869,218,222,MAE,23.312454918847447
9870,218,222,MAE,31.694545099432794
9871,218,224,MAE,31.920630881764154
9872,218,222,MAE,53.224996764833165
9873,218,229,LAE|MAE,28.146652176264478
9874,218,224,MAE,27.146358727240653
9875,218,222,MAE,12.686466830427193
9876,218,222,MAE,24.29306306228825
9877,218,226,MAE,4.9279373028063445
9878,218,224,MAE,54.02182903565808
9879,218,226,MAE,40.468713006484506
9880,218,222,MAE,21.166860867678313
9881,218,224,MAE,37.83829854585518
9882,219,226,MAE|SAE,3.3029701056942296
9883,219,222,MAE|SAE,3.9004017714666714
9884,220,226,MAE,28.255771695271015
9885,220,222,MAE,26.202411121183054
9886,220,222,MAE,46.99081189750115
9887,220,222,MAE,35.81383024930217
9888,220,224,MAE,2.4835332741023635
9889,220,224,MAE,26.023414342176288
9890,220,230,MAE,42.22662063735669
9891,220,225,LAE|MAE|SAE,2.8953437923937697
9892,220,222,MAE,17.29827918759086
9893,220,222,MAE,32.88713169392346
9894,220,226,MAE,9.983854715093468
9895,221,224,LAE|MAE|SAE,2.6945050844066456
9896,221,224,LAE|MAE|SAE,2.7414561545889162
9897,221,223,LAE|MAE|SAE,2.5046831740911766
9898,221,223,LAE|MAE|SAE,29.917039220613905
9899,221,224,LAE|MAE,34.941462595890854
9900,221,228,LAE|MAE|SAE,4.111410018381477
9901,221,225,LAE|MAE,59.81777143156018
9902,221,222,LAE|MAE,2.2627314147906588
9903,221,222,LAE|MAE,2.3100792693413856
9904,219,223,SAE,3.6935520383852167
9905,222,228,LAE|MAE|SAE,3.066108570674182
9906,222,230,LAE|MAE|SAE,2.3874745922624054
9907,222,224,MAE|SAE,2.924267556484578
9908,222,225,LAE|MAE|SAE,2.326923509895589
9909,222,223,MAE|SAE,2.2651120295175295
9910,222,224,MAE|SAE,4.95103355818616
9911,222,233,LAE|MAE|SAE,19.183901720511194
9912,222,225,LAE|MAE|SAE,2.2645427515260277
9913,222,226,MAE|SAE,28.567101261950985
9914,222,223,MAE|SAE,1.1706778338513286
9915,222,224,MAE|SAE,1.2054615487516775
9916,222,223,MAE|SAE,2.297436908941435
9917,222,223,MAE|SAE,1.1544854301394554
9918,222,223,MAE|SAE,2.546104507044042
9919,220,224,MAE,38.05020135952731
9920,220,224,MAE,31.533074105896876
9921,220,224,MAE,38.44610631690896
9922,220,224,MAE,29.929217423934837
9923,220,224,MAE,26.03232417481956
9924,220,230,MAE,17.320393992586087
9925,220,224,MAE,49.72855229576342
9926,220,224,MAE,35.045096473468774
9927,222,224,MAE,47.78866496786281
9928,222,224,MAE,47.309666680270496
9929,222,224,MAE,59.65424252362067
9930,222,226,MAE,43.28544880893447
9931,222,226,MAE,29.160347730629663
9932,222,224,MAE,56.04294564174384
9933,222,224,MAE,1.8518250854271987
9934,222,230,MAE,40.94724762342601
9935,222,224,MAE,38.77515336340022
9936,222,224,MAE,27.34779086390504
9937,222,230,LAE|MAE,14.631968536276297
9938,222,228,MAE,10.476818897490663
9939,222,230,MAE,25.968691769855223
9940,222,230,MAE,6.480928901377657
9941,222,234,LAE|MAE,31.314638661968612
9942,222,224,MAE,28.876052433769146
9943,222,224,MAE,22.752732565886923
9944,222,224,MAE,3.194990835990258
9945,222,228,MAE,28.112182708701873
9946,222,224,MAE,49.81704898339809
9947,222,224,MAE,46.94563618641491
9948,222,228,MAE,21.692606859149294
9949,222,234,LAE|MAE,4.146070584915645
9950,222,230,MAE,3.645313422545472
9951,222,228,MAE,29.120176585522817
9952,222,224,MAE,29.092428195825523
9953,222,230,MAE,4.922734758729989
9954,222,224,MAE,27.131786094289296
9955,222,224,MAE,38.47062408404986
9956,222,228,MAE,29.322351651873017
9957,222,230,MAE,5.70235069886824
9958,222,226,MAE,33.73251514863772
9959,222,224,MAE,30.963512175407008
9960,222,224,MAE,32.129670802748706
9961,222,233,LAE|MAE|SAE,25.45113466462261
9962,222,224,MAE,41.72973334633737
9963,222,224,MAE,20.664601750252093
9964,222,224,MAE,3.9335647604391695
9965,222,224,MAE,1.8321453374974577
9966,222,228,LAE|MAE,2.689228748064895
9967,222,226,MAE,48.14394180867031
9968,222,226,MAE,33.86054821764092
9969,222,224,MAE,27.62966184040998
9970,222,224,MAE,39.98993855956369
9971,222,228,MAE,26.353577567854316
9972,222,224,MAE,28.99510668213706
9973,222,224,MAE,30.841093586001794
9974,222,230,MAE,8.78720003059126
9975,222,228,LAE|MAE,2.93476563811969
9976,222,224,MAE,33.49353655787259
9977,222,224,MAE,33.93827655382514
9978,222,226,MAE,30.55841781600899
9979,222,224,MAE,4.137049288588505
9980,222,224,MAE,1.5657722319255172
9981,222,224,MAE,24.650215047817202
9982,222,226,MAE,4.770190555798599
9983,222,224,MAE,28.283638827986593
9984,222,232,MAE,9.136492789170543
9985,222,224,MAE,1.6321675714887405
9986,222,228,MAE,16.536845405099992
9987,223,224,MAE|SAE,11.73862883570077
9988,223,230,LAE|MAE|SAE,4.104392029476072
9989,223,224,MAE|SAE,1.3046298028771752
9990,223,229,LAE|MAE|SAE,21.437009512111885
9991,221,233,LAE,31.600489757097794
9992,221,236,LAE|MAE|SAE,6.793441593616566
9993,222,228,LAE|MAE,39.68273003299993
9994,222,225,LAE|MAE,2.5786521769752953
9995,222,225,LAE|MAE,2.7436446440531723
9996,222,225,LAE|MAE,23.864991663587393
9997,222,226,LAE|MAE,4.715575875929241
9998,224,225,LAE|MAE,3.2216103093321697
9999,224,226,LAE|MAE,1.2391458810676232
10000,224,228,LAE|MAE|SAE,30.08401838327969
10001,222,228,MAE,29.858441827327976
10002,222,230,MAE,33.068649847305196
10003,222,230,MAE,28.09683032660004
10004,222,226,MAE,42.10545322525779
10005,222,228,MAE|SAE,25.68712943976116
10006,222,226,MAE,24.23556844620851
10007,222,232,MAE,50.0986050718483
10008,222,230,MAE,48.41909354285671
10009,222,228,MAE,27.02876250537398
10010,222,226,MAE,50.85315763334856
10011,222,226,MAE,21.4896994883207
10012,222,226,MAE,23.035548472805203
10013,222,226,MAE,36.36957769007984
10014,222,226,MAE,4.999798477478716
10015,222,226,MAE,4.864461635113982
10016,222,228,MAE,19.527826340156818
10017,222,226,MAE,30.45808202602495
10018,222,226,MAE,24.883790749184264
10019,224,232,MAE,8.19195100656563
10020,224,226,MAE,29.311053054451605
10021,224,228,MAE,5.657812831747263
10022,224,226,MAE,3.6116098217011405
10023,224,226,MAE,20.25086050476416
10024,224,228,MAE,23.869265853036666
10025,224,229,LAE|MAE,5.353879423028449
10026,224,226,MAE,27.37680010761097
10027,224,230,MAE,46.21709209886244
10028,224,226,MAE,24.47423805874999
10029,224,226,MAE,43.06993868950842
10030,224,230,MAE,41.54924383221401
10031,224,226,MAE,51.812800765643544
10032,224,226,MAE,9.37842750845627
10033,224,226,MAE,45.66866502712742
10034,224,226,MAE,34.68100358270012
10035,224,226,MAE,29.06880318981839
10036,224,230,MAE,33.82289765278457
10037,224,226,MAE,2.72403488785915
10038,224,226,MAE,30.480875095388296
10039,224,228,MAE,8.840585512339926
10040,224,226,MAE,29.842913985187813
10041,224,226,MAE,54.8373474373125
10042,225,226,LAE|MAE,0.9032478438197
10043,225,226,LAE|MAE,1.119497882041108
10044,225,226,LAE|MAE,1.4091452779753924
10045,225,226,LAE|MAE,24.88329795137069
10046,225,226,LAE|MAE,0.8986126985178523
10047,223,227,SAE,27.91133843622742
10048,223,227,SAE,24.3792512814917
10049,223,230,MAE|SAE,26.188831677542016
10050,223,231,SAE,25.241202490732302
10051,223,228,MAE|SAE,24.90322014348468
10052,223,227,SAE,29.95904971953349
10053,223,227,SAE,24.34559902009434
10054,223,231,SAE,25.48837926780649
10055,223,227,SAE,26.892802706315795
10056,223,227,SAE,30.234671306546495
10057,223,227,SAE,27.6806389124848
10058,223,227,SAE,47.367846535860785
10059,223,231,SAE,32.61867340564397
10060,223,231,SAE,24.00728202079524
10061,223,227,SAE,24.53262535351606
10062,223,231,SAE,26.805099665042736
10063,223,227,SAE,19.511060131889813
10064,223,231,SAE,26.774772531310987
10065,224,231,MAE|SAE,49.03302678010808
10066,224,230,MAE|SAE,19.220637949037716
10067,226,228,MAE|SAE,22.64871104961123
10068,226,227,MAE|SAE,22.88974816650052
10069,226,227,MAE|SAE,30.238981365858034
10070,226,227,MAE|SAE,25.659505624655775
10071,226,228,MAE|SAE,22.740900294514592
10072,226,227,MAE|SAE,20.958206071689897
10073,226,227,MAE|SAE,3.7979238625667904
10074,226,227,MAE|SAE,50.68463589695944
10075,226,228,MAE|SAE,17.94137064881496
10076,224,228,MAE,35.367504869944426
10077,224,230,MAE,24.165060706197725
10078,224,228,MAE,2.3060809797733803
10079,224,230,MAE,13.40916186173159
10080,224,229,LAE|MAE,4.646690823925591
10081,224,228,MAE,6.428100014701865
10082,225,228,LAE|MAE,1.830773206881565
10083,225,228,LAE|MAE,1.7737548431132755
10084,225,228,LAE|MAE,1.510946780873794
10085,225,232,LAE|MAE,25.635882353888615
10086,226,228,MAE,37.97395485581242
10087,226,238,MAE|SAE,53.578686729256354
10088,226,229,LAE|MAE,2.416405157672002
10089,226,228,MAE,45.45579757884362
10090,226,230,MAE,20.98331213845131
10091,226,228,MAE,22.97830724486858
10092,226,230,MAE,36.69312058028289
10093,226,230,MAE,20.99626029772737
10094,226,228,MAE,23.156414055575077
10095,226,228,MAE,3.4238461176699735
10096,226,228,MAE,28.980959733876812
10097,226,228,MAE,48.19613665565508
10098,226,228,MAE,36.20108200276358
10099,226,229,LAE|MAE,1.9069791862981238
10100,226,234,MAE,10.274481394622526
10101,226,230,MAE,28.90646271175366
10102,226,230,MAE,9.902063700526009
10103,226,228,MAE,38.4883073673589
10104,226,228,MAE,48.36108578326275
10105,226,232,MAE,7.314118891140368
10106,226,228,MAE,21.05256444036023
10107,226,230,MAE,34.54333320389214
10108,226,230,MAE,30.01335135137016
10109,226,228,MAE,5.4930065073156475
10110,226,228,MAE,20.100420118225447
10111,226,228,MAE,2.6438480584577992
10112,227,233,LAE|MAE|SAE,3.2280553111223096
10113,227,234,LAE|MAE|SAE,2.948783563231974
10114,227,230,LAE|MAE|SAE,1.8797234777294634
10115,227,238,MAE|SAE,21.273777664356743
10116,227,228,MAE|SAE,21.487547836999273
10117,227,230,MAE|SAE,23.209401656259093
10118,227,229,LAE|MAE|SAE,1.8455131914720024
10119,225,233,LAE|MAE,7.135422822564377
10120,225,229,LAE,6.016937857832063
10121,225,229,LAE,32.900851852555014
10122,225,229,LAE,29.17781231125039
10123,226,233,LAE|MAE,3.1750596225318373
10124,226,229,LAE|MAE,37.06381896317522
10125,226,229,LAE|MAE,49.02330352773277
10126,228,239,LAE|MAE|SAE,10.79985077914413
10127,228,229,LAE|MAE,1.769563370732619
10128,228,229,LAE|MAE,3.3291832717339043
10129,228,230,LAE|MAE,26.084307348236873
10130,228,230,LAE|MAE,2.7227872601477534
10131,228,229,LAE|MAE,2.4703919801453553
10132,228,230,LAE|MAE,1.477959458856683
10133,228,229,LAE|MAE,2.75324431342241
10134,228,229,LAE|MAE,24.28018762745515
10135,228,231,LAE|MAE|SAE,3.1165188424774923
10136,228,229,LAE|MAE,3.780944616623164
10137,228,233,LAE|MAE,2.541123131468103
10138,228,234,LAE|MAE,26.114735613697743
10139,228,229,LAE|MAE,22.140824765853797
10140,228,229,LAE|MAE,1.865837077096716
10141,228,229,LAE|MAE,1.3306979157092145
10142,228,229,LAE|MAE,1.5014720177079324
10143,228,229,LAE|MAE,3.2052292235418953
10144,228,230,LAE|MAE,1.773169965725535
10145,228,238,LAE|MAE|SAE,6.697038602202972
10146,228,229,LAE|MAE,1.6916190735783196
10147,228,233,LAE|MAE,4.877081650611852
10148,228,233,LAE|MAE,2.6679135883337266
10149,226,230,MAE,25.8096811641377
10150,226,230,MAE,5.318670338146209
10151,226,230,MAE,4.342142998548626
10152,226,230,MAE,45.89066357291901
10153,226,238,MAE|SAE,28.486188157505953
10154,226,241,MAE|SAE,9.08923460344049
10155,226,230,MAE,21.65524594050063
10156,226,230,MAE,19.616014306726015
10157,227,230,MAE|SAE,23.070467675719776
10158,227,230,MAE|SAE,52.96379327592665
10159,228,230,MAE,4.329890381044365
10160,228,230,MAE,49.474555841366644
10161,228,230,MAE,52.6042967400014
10162,228,230,MAE,6.676224218162035
10163,228,230,MAE,37.776461667627224
10164,228,233,LAE|MAE,3.211727380501393
10165,228,230,MAE,50.714172149479246
10166,228,230,MAE,26.999444957412702
10167,228,230,MAE,20.874298209519402
10168,228,248,LAE|MAE|SAE,8.659025253617942
10169,228,230,MAE,4.011167077897641
10170,228,230,MAE,1.7721621604614912
10171,228,236,LAE|MAE|SAE,28.2325875734008
10172,228,230,MAE,5.534987624171594
10173,228,230,MAE,9.71271172811195
10174,228,230,MAE,9.08910809322612
10175,228,230,MAE,27.648606640377416
10176,228,230,MAE,54.260221855403074
10177,228,230,MAE,1.9695185403430375
10178,228,238,MAE|SAE,12.456701287825533
10179,228,235,MAE|SAE,22.40154813474267
10180,228,239,LAE|MAE|SAE,7.361447914644126
10181,228,230,MAE,4.5163040510932415
10182,228,230,MAE,3.104094504622133
10183,228,230,MAE,27.862459266132056
10184,228,230,MAE,23.990417398905738
10185,228,230,MAE,7.197432152061443
10186,228,230,MAE,15.820845076419774
10187,228,230,MAE,3.9257056337697422
10188,228,230,MAE,12.7066553228361
10189,228,232,MAE,6.5550315906030905
10190,228,230,MAE,5.1548659436775806
10191,228,230,MAE,21.54199879631367
10192,228,230,MAE,22.154778767201957
10193,228,230,MAE,14.884792968402653
10194,228,230,MAE,30.805656241523607
10195,228,230,MAE,4.4886183394760915
10196,228,230,MAE,20.956026776135403
10197,228,230,MAE,36.23441795438719
10198,228,230,MAE,48.0805803868685
10199,228,230,MAE,27.499302757275338
10200,229,230,LAE|MAE,1.124503662515853
10201,229,243,LAE|MAE,44.031902341712644
10202,229,236,LAE|MAE|SAE,22.177173802507628
10203,229,230,LAE|MAE,1.8056807003905238
10204,229,244,LAE|MAE,37.67843105718952
10205,229,230,LAE|MAE,3.767415041815195
10206,229,230,LAE|MAE,2.5794758574379966
10207,229,234,LAE|MAE,6.555264904629018
10208,229,230,LAE|MAE,8.780077650012956
10209,229,234,LAE|MAE,32.170591793841815
10210,229,233,LAE|MAE,2.930211102604674
10211,229,230,LAE|MAE,1.02799010905734
10212,227,231,SAE,44.21051981387419
10213,227,231,SAE,24.842106126705602
10214,227,231,SAE,43.50287618083259
10215,227,231,SAE,25.62014861701082
10216,227,231,SAE,30.993826493343878
10217,227,235,SAE,36.12119513305429
10218,227,231,SAE,21.13522172949984
10219,227,235,SAE,43.688648149476386
10220,227,231,SAE,51.959676503682026
10221,227,231,SAE,24.09039420070284
10222,227,231,SAE,21.529983555905794
10223,227,231,SAE,30.091146354593178
10224,227,231,SAE,40.14054283646536
10225,227,231,SAE,37.886974226236475
10226,227,231,SAE,47.794025447230354
10227,227,231,SAE,23.7196225286289
10228,227,231,SAE,33.72768794295254
10229,227,231,SAE,30.013885002272318
10230,227,231,SAE,23.144342633518903
10231,227,231,SAE,23.591376592243318
10232,227,231,SAE,19.544899819259825
10233,227,231,SAE,19.216409075460373
10234,227,231,SAE,35.332531134528004
10235,227,231,SAE,22.568863486780863
10236,227,231,SAE,36.71719609409358
10237,227,231,SAE,18.762602338293636
10238,227,231,SAE,10.607567146194585
10239,227,231,SAE,39.06734569841581
10240,227,231,SAE,23.29651971212499
10241,227,231,SAE,10.982009668087414
10242,227,231,SAE,35.59064884774379
10243,228,231,MAE|SAE,26.37822046880568
10244,228,231,MAE|SAE,3.6221159691632723
10245,228,231,MAE|SAE,21.30363919688106
10246,230,231,MAE|SAE,3.6208926208182493
10247,228,232,MAE,8.198004496367899
10248,228,232,MAE,57.37910268937221
10249,228,232,MAE,3.311387250718507
10250,228,233,LAE|MAE,22.5897866099893
10251,229,233,LAE|MAE,38.467372596693636
10252,229,232,LAE|MAE,1.9050541409763562
10253,229,237,LAE|MAE|SAE,2.9527067265676323
10254,229,232,LAE|MAE,3.7979562815668313
10255,229,234,LAE|MAE,4.307626107478892
10256,229,234,LAE|MAE,2.71118281954086
10257,229,232,LAE|MAE,2.707147203839462
10258,229,233,LAE|MAE,2.9229423017786695
10259,229,232,LAE|MAE,10.15849373732062
10260,229,234,LAE|MAE,3.8348393610482314
10261,230,236,MAE|SAE,24.601110121470935
10262,230,232,MAE,1.3719668563505054
10263,230,234,LAE|MAE,8.343196183650464
10264,230,234,LAE|MAE,1.7025512966130576
10265,230,232,MAE,4.80107703959295
10266,230,236,MAE|SAE,6.547266892776878
10267,230,232,MAE,22.721817933228273
10268,230,232,MAE,2.338090333906129
10269,230,232,MAE,2.6901906598045966
10270,230,232,MAE,30.628987525777784
10271,230,232,MAE,2.575253414209748
10272,230,232,MAE,1.4130604944611151
10273,230,232,MAE,2.643390867899007
10274,231,232,MAE|SAE,23.42760761901111
10275,231,232,MAE|SAE,29.903413796744392
10276,231,234,MAE|SAE,2.5736729859934577
10277,231,232,MAE|SAE,2.4776829779970937
10278,229,233,LAE,30.598003635902618
10279,229,234,LAE|MAE,3.2951892975519566
10280,229,233,LAE,36.51056734403016
10281,229,233,LAE,57.074194694039164
10282,229,233,LAE,54.58947255115289
10283,232,233,LAE|MAE,38.765212374006914
10284,232,234,LAE|MAE,2.3527070042277427
10285,232,236,LAE|MAE|SAE,4.488946045573442
10286,232,234,LAE|MAE,19.033446055198347
10287,232,234,LAE|MAE,6.5328955848887365
10288,232,233,LAE|MAE,22.804112495048166
10289,232,234,LAE|MAE,26.47116209737268
10290,232,233,LAE|MAE,2.407302318103833
10291,232,236,LAE|MAE|SAE,45.57297454620578
10292,232,233,LAE|MAE,1.2504473917546308
10293,232,234,LAE|MAE,2.867584923749464
10294,232,239,LAE|MAE|SAE,31.79519907358872
10295,232,236,LAE|MAE|SAE,24.361124238451197
10296,232,233,LAE|MAE,1.5583076611881677
10297,232,234,LAE|MAE,1.7395820677261982
10298,232,234,LAE|MAE,1.1969009032469058
10299,232,235,LAE|MAE|SAE,19.823767994971075
10300,232,234,LAE|MAE,3.3495794254391735
10301,232,234,LAE|MAE,6.13938053491722
10302,232,234,LAE|MAE,2.3317021818261248
10303,232,238,LAE|MAE|SAE,4.473746982106276
10304,232,234,LAE|MAE,22.238309504831328
10305,232,239,LAE|MAE|SAE,22.0317747506533
10306,232,233,LAE|MAE,15.653744179844129
10307,232,234,LAE|MAE,2.132726822151423
10308,232,234,LAE|MAE,17.090108489331534
10309,232,238,LAE|MAE|SAE,23.13973957189963
10310,232,234,LAE|MAE,2.1621994780760714
10311,232,233,LAE|MAE,21.807860899399046
10312,232,233,LAE|MAE,2.219033696527876
10313,232,233,LAE|MAE,2.2996825394759126
10314,232,233,LAE|MAE,2.254900587991771
10315,232,233,LAE|MAE,23.85436354366242
10316,230,234,MAE,6.04342302356325
10317,230,234,MAE,36.33392620159715
10318,230,244,LAE|MAE|SAE,10.343423915494373
10319,230,234,MAE,5.336864754729501
10320,232,236,MAE|SAE,37.39120647914188
10321,232,236,MAE|SAE,2.641430967330607
10322,232,236,MAE|SAE,20.943365458662413
10323,232,242,MAE|SAE,6.686354669056774
10324,232,234,MAE,16.6604948090718
10325,232,236,MAE|SAE,17.383111977551675
10326,232,238,MAE|SAE,28.69131421442213
10327,232,236,MAE|SAE,40.60694397577143
10328,232,234,MAE,59.13897903961659
10329,232,234,MAE,13.687912099719389
10330,232,241,MAE|SAE,27.712663775148954
10331,232,234,MAE,2.4440191593066958
10332,232,234,MAE,33.903968324624536
10333,232,234,MAE,4.010446326217709
10334,232,236,MAE|SAE,18.096000411744672
10335,232,236,MAE|SAE,20.542129071197454
10336,232,234,MAE,39.78668050222187
10337,232,238,MAE|SAE,35.227878624555025
10338,232,236,MAE|SAE,25.898976974930353
10339,232,234,MAE,2.1575085677527994
10340,232,236,MAE|SAE,46.03651087055754
10341,232,238,MAE|SAE,59.506086620363654
10342,232,236,MAE|SAE,55.71561556131995
10343,232,234,MAE,55.130511123562734
10344,232,234,MAE,31.77320537122867
10345,232,236,MAE|SAE,21.589136352909712
10346,232,234,MAE,19.73032099179467
10347,232,234,MAE,2.766118692867544
10348,232,234,MAE,11.6063619502662
10349,232,236,MAE|SAE,18.62375121928062
10350,232,236,MAE|SAE,19.013474000085427
10351,232,238,MAE|SAE,4.317019362836032
10352,232,236,MAE|SAE,48.138346262554485
10353,232,237,MAE,22.028611903229418
10354,232,234,MAE,22.979471448783766
10355,232,234,MAE,1.7277901025233229
10356,232,237,MAE,22.388498967702564
10357,232,236,MAE|SAE,20.77560700661157
10358,232,234,MAE,2.4848051215274367
10359,232,236,MAE|SAE,4.261654077727174
10360,232,239,MAE|SAE,15.30340451702763
10361,232,234,MAE,4.974803358319149
10362,232,234,MAE,23.225157732410885
10363,232,234,MAE,4.912664940279187
10364,232,234,MAE,7.104159196191373
10365,232,234,MAE,21.6581270402331
10366,232,234,MAE,42.001766906142585
10367,232,236,MAE|SAE,49.492440214456145
10368,232,234,MAE,49.18037521038816
10369,232,236,MAE|SAE,22.444832506178358
10370,232,236,MAE|SAE,7.036796862935778
10371,232,234,MAE,1.3633994553517357
10372,232,234,MAE,19.757697575650834
10373,232,234,MAE,2.2996172686899317
10374,232,236,MAE|SAE,24.809726252620443
10375,232,234,MAE,22.911960617408994
10376,232,234,MAE,2.679676908525128
10377,232,238,MAE|SAE,4.805117275732711
10378,232,234,MAE,4.132739119215945
10379,233,238,LAE|MAE|SAE,3.790059838606893
10380,233,236,LAE|MAE|SAE,4.5713152108752615
10381,233,234,LAE|MAE,2.3068902495439483
10382,233,234,LAE|MAE,26.064598090075805
10383,233,241,LAE|MAE|SAE,24.060411010387483
10384,233,234,LAE|MAE,1.526169931245534
10385,233,236,LAE|MAE|SAE,4.725817114478553
10386,233,234,LAE|MAE,3.78917650853356
10387,233,238,LAE|MAE|SAE,3.6439894152415353
10388,233,234,LAE|MAE,1.8489152921298404
10389,233,234,LAE|MAE,3.638939050369621
10390,233,234,LAE|MAE,2.2518855052198123
10391,233,234,LAE|MAE,2.252674271134187
10392,231,235,SAE,29.179272172285707
10393,231,235,SAE,32.660186000618395
10394,231,235,SAE,35.39448620466068
10395,231,235,SAE,20.931394697011946
10396,231,235,SAE,28.381238998420724
10397,232,235,MAE|SAE,20.51173537729016
10398,232,235,MAE|SAE,8.856599713578591
10399,234,235,MAE|SAE,2.9003117452919875
10400,234,236,MAE|SAE,22.753232067311636
10401,234,242,LAE|MAE|SAE,26.675659573348835
10402,234,235,MAE|SAE,2.084382716510867
10403,234,235,MAE|SAE,2.0440080427830374
10404,232,236,MAE|SAE,28.393298507653324
10405,232,236,MAE|SAE,53.32940554097184
10406,232,236,MAE|SAE,22.044621384250362
10407,232,236,MAE|SAE,21.91617852155921
10408,232,237,MAE|SAE,56.525430616466494
10409,232,236,MAE|SAE,4.573272795414648
10410,232,236,MAE|SAE,4.702263868325188
10411,232,236,MAE|SAE,4.145079017124074
10412,232,236,MAE|SAE,5.941332026248671
10413,232,236,MAE|SAE,3.841447609115893
10414,232,236,MAE|SAE,21.9689826899874
10415,232,236,MAE|SAE,23.737028819698075
10416,232,244,LAE|MAE|SAE,23.154451481730725
10417,232,236,MAE|SAE,20.595955737256162
10418,232,236,MAE|SAE,6.458652565592538
10419,232,236,MAE|SAE,47.67104974206408
10420,232,236,MAE|SAE,32.3708172740581
10421,234,238,MAE|SAE,3.475500171758683
10422,234,236,MAE|SAE,24.10478476410762
10423,234,238,MAE|SAE,4.143383769223802
10424,234,236,MAE|SAE,2.111157328307129
10425,234,236,MAE|SAE,33.78711760428904
10426,234,236,MAE|SAE,40.51321537326943
10427,234,241,LAE|MAE|SAE,22.759090304555336
10428,234,236,MAE|SAE,29.58974688185063
10429,234,236,MAE|SAE,3.750409017773821
10430,234,236,MAE|SAE,5.517530670256402
10431,234,236,MAE|SAE,28.47406700604606
10432,234,237,MAE|SAE,2.135592694415358
10433,234,242,MAE|SAE,4.680000118226433
10434,234,236,MAE|SAE,2.015975221175307
10435,234,236,MAE|SAE,3.846943206338495
10436,234,238,MAE|SAE,4.339083422456011
10437,234,238,MAE|SAE,39.97201494966919
10438,234,240,LAE|MAE|SAE,20.99741631844388
10439,234,238,MAE|SAE,43.26845879782394
10440,234,236,MAE|SAE,4.275012807231098
10441,234,238,MAE|SAE,25.352813859024003
10442,234,236,MAE|SAE,3.4983572196079535
10443,234,236,MAE|SAE,4.42802433304144
10444,234,236,MAE|SAE,2.060276575541441
10445,234,237,MAE|SAE,7.083084693220748
10446,234,236,MAE|SAE,2.296804199118762
10447,235,239,MAE|SAE,26.037905330045255
10448,235,236,SAE,23.430656559024925
10449,235,236,SAE,37.877147770962715
10450,235,236,SAE,1.9678789335388702
10451,233,237,LAE|MAE,4.344345521136244
10452,233,239,LAE|MAE,4.124114815973016
10453,233,241,LAE|MAE,5.335412538840699
10454,233,237,LAE|MAE,24.107974952920213
10455,233,237,LAE|MAE,29.191426381322028
10456,233,288,LAE|MAE|SAE,53.80099704092632
10457,233,237,LAE|MAE,3.8074733440976307
10458,233,237,LAE|MAE,27.302639176371596
10459,233,239,LAE|MAE,53.71860394565562
10460,233,237,LAE|MAE,3.83857437149468
10461,233,239,LAE|MAE,3.7525596738786553
10462,234,239,MAE,58.09820907519485
10463,236,237,MAE|SAE,46.449639201121414
10464,236,239,MAE|SAE,20.44987048239008
10465,236,237,MAE|SAE,8.623045953785297
10466,236,237,MAE|SAE,1.3195702540721306
10467,236,237,MAE|SAE,37.57452315950395
10468,236,239,MAE|SAE,1.7327698528698197
10469,236,240,LAE|MAE|SAE,27.967926102491475
10470,236,240,LAE|MAE|SAE,24.363953024239304
10471,236,237,MAE|SAE,20.27979240265995
10472,236,237,MAE|SAE,1.304334298103866
10473,236,248,LAE|MAE|SAE,7.16783273971621
10474,236,237,MAE|SAE,42.41889587233142
10475,236,237,MAE|SAE,1.695686217138613
10476,236,239,MAE|SAE,27.074043502170397
10477,236,237,MAE|SAE,33.00302665187633
10478,236,237,MAE|SAE,2.040057778805771
10479,236,237,MAE|SAE,1.5542748865460019
10480,234,238,MAE|SAE,4.73213588259539
10481,234,238,MAE|SAE,32.06456428243406
10482,234,238,MAE|SAE,3.8844890343478338
10483,234,238,MAE|SAE,30.819047636516956
10484,235,238,SAE,57.122242467158934
10485,235,238,SAE,57.844310225944824
10486,236,238,SAE,23.600704265528922
10487,236,238,SAE,5.246650533588254
10488,236,238,SAE,4.273216400012068
10489,236,238,SAE,17.94090499007289
10490,236,238,SAE,34.42054105650544
10491,236,238,SAE,41.605207535032996
10492,236,238,SAE,4.670705698710212
10493,237,238,MAE|SAE,3.636416654161156
10494,237,240,LAE|MAE|SAE,3.071790084110529
10495,237,238,MAE|SAE,1.4994197079074356
10496,237,239,MAE|SAE,12.005816828130255
10497,237,238,MAE|SAE,1.438449881852456
10498,237,238,MAE|SAE,1.4575190874616917
10499,237,244,LAE|MAE|SAE,27.117807398491173
10500,237,244,LAE|MAE|SAE,32.02791750481951
10501,237,238,MAE|SAE,1.5181687184996342
10502,235,239,MAE|SAE,17.417376694626594
10503,236,242,MAE|SAE,9.224882109534727
10504,236,248,LAE|MAE|SAE,38.78113436298264
10505,236,240,LAE|MAE|SAE,19.267256231939285
10506,236,239,MAE|SAE,25.239912067797647
10507,236,241,LAE|MAE|SAE,28.504390316485892
10508,236,239,MAE|SAE,22.88962767556993
10509,237,239,MAE,2.6259726558359175
10510,237,241,MAE,2.70423412544241
10511,237,239,MAE,1.4867110859929378
10512,237,239,MAE,25.039006915868676
10513,237,243,MAE,3.38363673348504
10514,237,241,MAE,3.880876436143907
10515,237,241,LAE|MAE,2.7017802124309678
10516,237,244,LAE|MAE,2.942825529666714
10517,237,240,LAE|MAE,3.1200354587665844
10518,237,240,LAE|MAE,42.72581217927983
10519,237,245,LAE|MAE,2.814820702501643
10520,237,244,LAE|MAE,13.78812858437599
10521,237,239,MAE,2.9928211400802773
10522,237,239,MAE,2.5031695696479574
10523,237,239,MAE,6.417827791566716
10524,237,240,LAE|MAE,2.9560123235583817
10525,237,239,MAE,2.981557447701362
10526,237,239,MAE,24.287649176958276
10527,237,239,MAE,20.258510250962797
10528,237,239,MAE,6.852153599230699
10529,237,239,MAE,3.141646666221041
10530,237,244,LAE|MAE,3.5662082362178587
10531,237,241,MAE,6.459974044678962
10532,237,245,LAE|MAE,3.0655481099028927
10533,237,240,LAE|MAE,2.9509894806381634
10534,237,243,LAE|MAE,13.135152736088534
10535,237,242,LAE|MAE|SAE,2.981135056093691
10536,237,239,MAE,3.6924268050152604
10537,237,241,MAE,4.4092982830944125
10538,237,239,MAE,2.605427816664642
10539,237,240,LAE|MAE,30.072582268168187
10540,237,240,LAE|MAE,2.9110397576851703
10541,238,242,MAE|SAE,27.320047150540383
10542,238,240,LAE|MAE|SAE,24.703063272145695
10543,237,240,LAE|MAE,2.614817376835462
10544,237,240,LAE|MAE,2.5219966228760153
10545,237,241,LAE|MAE,2.9443707769540595
10546,237,244,LAE|MAE,3.395799013336247
10547,237,256,LAE|MAE|SAE,22.792386202612526
10548,237,241,LAE|MAE,2.774226583327617
10549,237,240,LAE|MAE,27.79797318554075
10550,237,244,LAE|MAE,2.8185576618373007
10551,237,240,LAE|MAE,23.37930322086731
10552,239,240,LAE|MAE,51.838895692522115
10553,239,240,LAE|MAE,28.162747511996034
10554,239,241,LAE|MAE,2.2552851773330578
10555,239,240,LAE|MAE,1.8463424940604176
10556,239,240,LAE|MAE,26.51252863413372
10557,239,241,LAE|MAE,2.3810207013417033
10558,239,248,LAE|MAE,29.9191780752011
10559,239,241,LAE|MAE,2.627196393519028
10560,239,240,LAE|MAE,1.8815863419547747
10561,239,244,LAE|MAE,2.5295920939944048
10562,239,242,LAE|MAE|SAE,1.8543005280507783
10563,239,241,LAE|MAE,25.508896350498784
10564,239,240,LAE|MAE,1.7491464364821105
10565,239,240,LAE|MAE,2.559057804783405
10566,239,240,LAE|MAE,55.60862794977352
10567,239,247,LAE|MAE|SAE,43.94986164900781
10568,239,244,LAE|MAE,30.178299962234938
10569,239,245,LAE|MAE,3.1335889007713957
10570,239,240,LAE|MAE,20.05256981235979
10571,239,240,LAE|MAE,20.252032251939998
10572,239,241,LAE|MAE,2.214904247669539
10573,239,240,LAE|MAE,29.45455032391539
10574,239,241,LAE|MAE,2.5378675914242748
10575,239,240,LAE|MAE,1.4705907201642374
10576,239,241,LAE|MAE,2.5002215626565487
10577,239,240,LAE|MAE,25.555344325219046
10578,239,240,LAE|MAE,21.955901849678376
10579,239,244,LAE|MAE,36.43046758034608
10580,239,240,LAE|MAE,1.8796171111333964
10581,239,240,LAE|MAE,19.658612437623468
10582,239,244,LAE|MAE,2.5147355553556134
10583,239,241,LAE|MAE,1.664524673663937
10584,239,240,LAE|MAE,27.919829092581768
10585,237,241,MAE,4.447802552916812
10586,237,241,MAE,3.953717385381109
10587,238,241,MAE|SAE,30.502996208929087
10588,238,241,MAE|SAE,4.27977979853472
10589,238,241,MAE|SAE,18.42468064437825
10590,239,244,LAE|MAE,3.678344814084097
10591,239,241,MAE,2.758546239522721
10592,239,241,MAE,4.590233418744474
10593,239,241,MAE,3.2112028017133527
10594,239,241,MAE,2.15419068475632
10595,239,244,LAE|MAE,3.7412559962495897
10596,239,241,MAE,3.726697774187972
10597,239,241,MAE,2.4269338628052664
10598,239,241,MAE,20.186566030139417
10599,239,244,LAE|MAE,4.071790282057269
10600,239,241,MAE,4.25231859623112
10601,239,241,MAE,2.2775274893632105
10602,239,241,MAE,3.8481048894366334
10603,239,245,MAE,3.708567830599298
10604,239,241,MAE,2.892768034587611
10605,239,241,MAE,2.793343177566103
10606,239,241,MAE,28.95505740464684
10607,240,241,LAE|MAE,1.8953758741640776
10608,240,241,LAE|MAE,0.9738388712503324
10609,240,244,LAE|MAE,2.3352016249150274
10610,240,241,LAE|MAE,1.4017341134456682
10611,240,241,LAE|MAE,2.212181234431988
10612,240,245,LAE|MAE,2.3371845537266283
10613,240,244,LAE|MAE,19.54612142661487
10614,240,241,LAE|MAE,4.149434557169099
10615,240,241,LAE|MAE,4.187904420163871
10616,240,241,LAE|MAE,2.1412924369082216
10617,240,241,LAE|MAE,18.03378405405187
10618,240,254,LAE|MAE|SAE,8.029397662068734
10619,240,241,LAE|MAE,20.613297439289433
10620,240,241,LAE|MAE,17.37329067684382
10621,240,241,LAE|MAE,22.45437125058923
10622,240,241,LAE|MAE,29.443445379026457
10623,240,241,LAE|MAE,25.78798687983588
10624,240,242,LAE|MAE|SAE,17.584629164803648
10625,240,243,LAE|MAE|SAE,15.714041807506325
10626,240,241,LAE|MAE,28.919569608574037
10627,240,244,LAE|MAE,5.268483270838191
10628,240,242,LAE|MAE|SAE,19.51922584636903
10629,240,241,LAE|MAE,1.65354985478841
10630,240,241,LAE|MAE,24.767270261737963
10631,240,241,LAE|MAE,4.046802770128683
10632,240,241,LAE|MAE,1.5049434265906905
10633,238,242,SAE,3.5669163778946067
10634,238,242,SAE,19.89225314097612
10635,238,242,SAE,12.212258493049418
10636,238,242,SAE,2.497494143937634
10637,238,246,SAE,44.78856407727128
10638,238,242,SAE,3.0765860136601324
10639,238,242,SAE,22.024810732544598
10640,238,242,SAE,22.374278660991752
10641,238,242,SAE,23.42874138209605
10642,238,242,SAE,40.58849929951768
10643,238,242,SAE,20.52042439393631
10644,238,242,SAE,19.494819557317008
10645,238,242,SAE,27.31500995901053
10646,241,244,LAE|MAE|SAE,29.854135381271067
10647,241,244,LAE|MAE|SAE,2.096513846256322
10648,241,242,MAE|SAE,27.09272515233173
10649,241,242,MAE|SAE,2.1638422000320108
10650,241,242,MAE|SAE,2.1273286197884747
10651,241,245,MAE|SAE,20.61127142029671
10652,239,244,LAE|MAE,2.215840061405295
10653,239,247,LAE|MAE|SAE,23.10573093746676
10654,239,245,MAE,3.8234911109388614
10655,239,243,MAE,3.860150809319854
10656,239,244,LAE|MAE,47.6758951153368
10657,239,243,MAE,11.549651277188397
10658,240,244,LAE|MAE,2.2766796596649432
10659,241,243,MAE,3.6151547890004414
10660,241,243,MAE,2.0320527616516433
10661,241,244,LAE|MAE,2.210539704609138
10662,241,243,MAE,3.6412595313351988
10663,241,243,MAE,3.6960417032277215
10664,241,245,MAE,3.082441310448308
10665,241,243,MAE,1.9047398463973215
10666,241,243,MAE,2.1834915625751963
10667,241,243,MAE,31.647146446722523
10668,241,243,MAE,3.481211725730762
10669,242,243,MAE|SAE,33.195417872378314
10670,242,243,MAE|SAE,2.3611912370547348
10671,242,243,MAE|SAE,26.073606071839492
10672,242,245,MAE|SAE,28.72724437682961
10673,240,244,LAE,2.1864599645125664
10674,240,244,LAE,2.58023965711587
10675,240,244,LAE,3.610638215305502
10676,240,244,LAE,12.129688592658605
10677,240,244,LAE,2.3917649738635784
10678,240,244,LAE,22.370592357644227
10679,240,244,LAE,2.4013172491887587
10680,240,244,LAE,2.3578764348492625
10681,240,244,LAE,4.140901066995034
10682,240,244,LAE,2.165080905111294
10683,240,244,LAE,19.52593348964551
10684,240,244,LAE,35.43764251266807
10685,240,244,LAE,34.17650757469235
10686,241,244,LAE|MAE,2.0681971818558713
10687,241,244,LAE|MAE,22.021381104522778
10688,241,244,LAE|MAE,42.343275966408974
10689,241,244,LAE|MAE,2.240168161911542
10690,241,244,LAE|MAE,9.422388287736775
10691,243,244,LAE|MAE,1.724245593753993
10692,243,244,LAE|MAE,1.535999601051843
10693,243,247,LAE|MAE|SAE,17.48024838100897
10694,243,244,LAE|MAE,1.7881435974671045
10695,243,244,LAE|MAE,1.5654131543121517
10696,243,250,LAE|MAE|SAE,23.014233919008937
10697,243,244,LAE|MAE,22.472529038417623
10698,243,244,LAE|MAE,1.716813148364882
10699,243,244,LAE|MAE,1.7023875189603923
10700,243,248,LAE|MAE,1.8935302026458711
10701,243,244,LAE|MAE,22.922766532025
10702,243,245,LAE|MAE,3.571083303985633
10703,241,245,MAE,15.403376630584518
10704,243,245,MAE,3.797630568173204
10705,243,245,MAE,1.645987135374474
10706,243,245,MAE,2.625202333754813
10707,243,245,MAE,1.7014616884081217
10708,243,245,MAE,2.328344149137486
10709,243,247,MAE|SAE,1.677550307610322
10710,243,245,MAE,1.6932290153203113
10711,243,245,MAE,2.4196243361997123
10712,243,245,MAE,1.6499537992216942
10713,244,245,LAE|MAE,1.5232592271111725
10714,244,245,LAE|MAE,1.545915250023803
10715,244,249,LAE|MAE,25.109253918031218
10716,244,247,LAE|MAE|SAE,1.5310497797277738
10717,244,245,LAE|MAE,1.327626000318698
10718,244,259,LAE|MAE|SAE,22.299829148782354
10719,244,258,LAE|MAE|SAE,22.805570351992056
10720,244,245,LAE|MAE,20.918843936225844
10721,244,245,LAE|MAE,1.62825374879154
10722,244,250,LAE|MAE|SAE,6.977631480189632
10723,244,247,LAE|MAE|SAE,1.5839993350097101
10724,244,245,LAE|MAE,1.615654162039275
10725,244,245,LAE|MAE,1.5719841662705247
10726,242,246,SAE,21.57297676618133
10727,242,246,SAE,4.977750472488664
10728,242,246,SAE,18.586866798988382
10729,242,246,SAE,17.278822293724396
10730,245,246,MAE|SAE,16.301203194844902
10731,245,246,MAE|SAE,21.51738790472967
10732,243,247,MAE|SAE,3.3024289658248396
10733,243,247,MAE|SAE,49.873677906843646
10734,243,250,MAE|SAE,24.01271208909303
10735,245,247,MAE|SAE,2.021329338872159
10736,245,247,MAE|SAE,1.3852825074615658
10737,245,247,MAE|SAE,3.2642737279612377
10738,245,250,LAE|MAE|SAE,46.62816362828829
10739,245,247,MAE|SAE,1.392148383830469
10740,245,247,MAE|SAE,2.898669286954075
10741,245,248,LAE|MAE|SAE,3.0871811522532058
10742,245,247,MAE|SAE,1.34163745274899
10743,246,254,MAE|SAE,19.93455452919423
10744,246,247,SAE,16.859572488044968
10745,246,258,MAE|SAE,17.07306896537129
10746,246,249,MAE|SAE,20.0786325285893
10747,244,251,LAE|MAE,22.413841041889675
10748,244,251,LAE|MAE,34.58270149983382
10749,244,249,LAE|MAE,3.4817039948379973
10750,244,252,LAE,23.459862866610113
10751,244,260,LAE,23.23279293568425
10752,244,248,LAE,20.900712745238113
10753,244,249,LAE|MAE,24.825229297460602
10754,244,272,LAE|MAE,31.28855677622707
10755,244,260,LAE,19.90396394413242
10756,245,248,LAE|MAE,2.74817909333955
10757,245,251,LAE|MAE,2.810061460170201
10758,246,262,MAE|SAE,31.429991050096792
10759,247,261,MAE|SAE,20.85733450652049
10760,247,274,MAE|SAE,30.52547228219784
10761,247,249,MAE|SAE,2.241524453546439
10762,247,250,MAE|SAE,40.667256798232685
10763,247,263,LAE|MAE|SAE,22.551694144423905
10764,247,251,MAE|SAE,2.686040492587529
10765,247,252,LAE|MAE|SAE,1.9974157366510255
10766,247,257,LAE|MAE|SAE,21.08998964574481
10767,247,255,MAE|SAE,16.26045776374004
10768,247,258,MAE|SAE,6.378726040068244
10769,247,255,MAE|SAE,16.105575802558192
10770,247,254,MAE|SAE,19.67042846502023
10771,247,254,MAE|SAE,26.593538607265494
10772,247,259,MAE|SAE,20.216308567753412
10773,247,259,LAE|MAE|SAE,18.191888754709087
10774,247,252,LAE|MAE|SAE,2.372725712541169
10775,248,249,LAE|MAE,0.9866816205131576
10776,248,249,LAE|MAE,0.9889639116373652
10777,248,249,LAE|MAE,0.8718958876787841
10778,248,249,LAE|MAE,0.9562689562572784
10779,248,249,LAE|MAE,2.0813983676989496
10780,248,251,LAE|MAE,2.2331897156186
10781,248,249,LAE|MAE,0.9278831975919924
10782,248,250,LAE|MAE|SAE,1.67812559394069
10783,248,250,LAE|MAE|SAE,0.9638491964718745
10784,248,249,LAE|MAE,2.3230586243189157
10785,248,278,LAE|MAE|SAE,30.16923151705127
10786,248,253,LAE|MAE|SAE,21.683891739414708
10787,248,261,LAE|MAE|SAE,20.242295461355408
10788,248,249,LAE|MAE,0.9495243003762464
10789,248,275,LAE|MAE|SAE,27.835516795435122
10790,248,255,LAE|MAE|SAE,17.753291194597008
10791,248,249,LAE|MAE,0.9678443356014933
10792,248,253,LAE|MAE|SAE,2.0325986658177526
10793,248,249,LAE|MAE,1.4265823592791314
10794,248,251,LAE|MAE,2.431737781407962
10795,248,260,LAE|MAE|SAE,19.619926873513048
10796,248,250,LAE|MAE|SAE,15.535960790947726
10797,248,249,LAE|MAE,1.8355373899284058
10798,248,255,LAE|MAE|SAE,17.979424426100042
10799,248,265,LAE|MAE|SAE,22.687540904651613
10800,248,262,LAE|MAE|SAE,15.684562455662324
10801,248,253,LAE|MAE,2.1933844111357943
10802,248,252,LAE|MAE|SAE,20.429706714119437
10803,248,255,LAE|MAE|SAE,17.269337697577804
10804,248,249,LAE|MAE,1.6574454673694452
10805,248,249,LAE|MAE,1.1325455906120157
10806,248,253,LAE|MAE,2.3179923449573088
10807,248,249,LAE|MAE,2.321515374329376
10808,248,252,LAE|MAE|SAE,45.87741900548709
10809,248,259,LAE|MAE,23.541580940505987
10810,248,277,LAE|MAE|SAE,27.907093597476752
10811,248,251,LAE|MAE|SAE,31.658633622658794
10812,248,253,LAE|MAE|SAE,3.402355727799145
10813,248,249,LAE|MAE,19.086495716298632
10814,248,254,LAE|MAE|SAE,4.6485122122729
10815,248,250,LAE|MAE|SAE,26.2461369080028
10816,248,250,LAE|MAE|SAE,1.6202323956385134
10817,248,252,LAE|MAE,17.074210954258856
10818,246,258,SAE,18.955303416951416
10819,247,261,LAE|MAE|SAE,21.40225220039431
10820,247,257,LAE|MAE|SAE,17.87126964909843
10821,247,250,SAE,38.06089312403431
10822,247,250,SAE,30.424585018498735
10823,247,254,SAE,21.16364813141185
10824,247,250,SAE,2.264849517390645
10825,247,257,MAE|SAE,23.20280715806697
10826,247,262,LAE|MAE|SAE,30.57995798547633
10827,249,253,MAE|SAE,14.464540931464159
10828,249,250,MAE|SAE,13.702077833925408
10829,249,260,LAE|MAE|SAE,16.669537430730752
10830,249,260,LAE|MAE|SAE,17.421830041936538
10831,249,250,MAE|SAE,14.242230778378765
10832,249,250,MAE|SAE,16.589703000197744
10833,249,279,LAE|MAE|SAE,56.97388736426178
10834,249,257,LAE|MAE|SAE,21.255648217109062
10835,249,254,LAE|MAE|SAE,22.076500227229637
10836,249,252,LAE|MAE|SAE,14.927887724228025
10837,249,250,MAE|SAE,16.918771991983935
10838,249,250,MAE|SAE,1.1285196243446745
10839,249,250,MAE|SAE,17.54851754074947
10840,249,267,LAE|MAE|SAE,32.45816128725764
10841,249,250,MAE|SAE,15.72848105623928
10842,249,254,MAE|SAE,15.420557166939696
10843,249,250,MAE|SAE,40.0377513142995
10844,249,254,MAE|SAE,17.267954670705894
10845,249,251,MAE|SAE,1.4474138496810154
10846,249,254,LAE|MAE|SAE,15.261398950372895
10847,249,251,MAE|SAE,20.165701687988026
10848,249,250,MAE|SAE,0.7370821901841478
10849,249,250,MAE|SAE,1.063570612999954
10850,249,251,MAE|SAE,28.871764140356508
10851,249,250,MAE|SAE,14.266020563443512
10852,249,254,MAE|SAE,28.91638475883906
10853,249,250,MAE|SAE,20.57304393996737
10854,249,250,MAE|SAE,0.8383781831211082
10855,249,250,MAE|SAE,1.4575230658178435
10856,249,260,LAE|MAE|SAE,17.39133660042548
10857,249,250,MAE|SAE,0.7143122960839027
10858,249,251,MAE|SAE,16.270701310274454
10859,249,250,MAE|SAE,18.59968783908318
10860,249,258,MAE|SAE,28.68030913767283
10861,249,253,MAE|SAE,18.931885503030678
10862,249,254,MAE|SAE,18.778137255585534
10863,249,254,MAE|SAE,55.008332738169806
10864,249,250,MAE|SAE,16.215520271243246
10865,249,250,MAE|SAE,34.17345764098317
10866,249,250,MAE|SAE,23.809626760159585
10867,249,255,MAE|SAE,16.58710257068426
10868,249,250,MAE|SAE,1.2605652290844036
10869,249,256,LAE|MAE|SAE,32.185090853853815
10870,249,264,LAE|MAE|SAE,37.67036966664355
10871,249,250,MAE|SAE,30.193044078781597
10872,249,258,MAE|SAE,17.526927936444118
10873,249,250,MAE|SAE,26.4888922664243
10874,249,254,MAE|SAE,15.500908790500082
10875,249,250,MAE|SAE,0.7167250409866246
10876,249,250,MAE|SAE,15.161654692991986
10877,249,254,LAE|MAE|SAE,59.090361627159915
10878,249,250,MAE|SAE,15.226127427697545
10879,249,257,MAE|SAE,17.679114342760943
10880,249,250,MAE|SAE,2.0753812138499166
10881,249,252,LAE|MAE|SAE,24.93331628390676
10882,249,253,MAE|SAE,26.968336447931264
10883,249,254,MAE|SAE,29.956074749470122
10884,249,250,MAE|SAE,0.7337007539083219
10885,249,250,MAE|SAE,1.1802629256146455
10886,249,250,MAE|SAE,20.449547762819286
10887,249,250,MAE|SAE,3.6687839664699244
10888,249,250,MAE|SAE,16.04158428191521
10889,249,250,MAE|SAE,0.7192229197750968
10890,249,250,MAE|SAE,28.882768535564118
10891,249,250,MAE|SAE,1.0753698527275777
10892,249,250,MAE|SAE,0.9674827212258427
10893,249,250,MAE|SAE,1.689952678281529
10894,249,250,MAE|SAE,18.04424200660211
10895,249,250,MAE|SAE,32.57551691026283
10896,249,254,LAE|MAE|SAE,22.401458106415596
10897,249,257,LAE|MAE|SAE,29.13979093542229
10898,249,260,LAE|MAE|SAE,42.310104519466606
10899,249,258,LAE|MAE|SAE,17.943044291682515
10900,249,250,MAE|SAE,1.1535672420327199
10901,249,250,MAE|SAE,59.161349179819126
10902,249,259,MAE|SAE,18.639760683790673
10903,249,251,MAE|SAE,4.436964427861226
10904,249,254,MAE|SAE,27.27230277938126
10905,249,257,MAE|SAE,16.03206790260501
10906,247,255,MAE|SAE,2.5134548192437913
10907,248,254,LAE|MAE|SAE,2.2132263105949215
10908,248,254,LAE|MAE|SAE,16.84649499512335
10909,248,251,LAE|MAE,3.949107048669322
10910,248,251,LAE|MAE,18.766936386439262
10911,248,252,LAE|MAE,2.0993663277222425
10912,248,260,LAE|MAE|SAE,20.126707134047415
10913,248,257,LAE|MAE|SAE,15.767885412569106
10914,249,251,MAE,1.8670987021281495
10915,249,252,LAE|MAE,3.221227236870766
10916,249,254,MAE|SAE,23.851880015412924
10917,249,251,MAE,1.937340172271702
10918,249,253,LAE|MAE,2.063590285538814
10919,249,251,MAE,20.76755517476305
10920,249,252,LAE|MAE,1.4365683277836199
10921,249,251,MAE,45.99965823476688
10922,249,251,MAE,1.5169508667571128
10923,250,257,LAE|MAE|SAE,3.6598501204976124
10924,250,253,LAE|MAE|SAE,1.8183673459537193
10925,250,254,LAE|MAE|SAE,4.056544071686034
10926,250,251,MAE|SAE,1.0268027893921459
10927,250,254,LAE|MAE|SAE,18.080256015470457
10928,250,264,LAE|MAE|SAE,20.981105769265735
10929,250,251,MAE|SAE,15.245117146795323
10930,250,259,LAE|MAE|SAE,5.05311753178931
10931,250,265,LAE|MAE|SAE,20.9672160879196
10932,250,251,MAE|SAE,52.65871451320288
10933,250,251,MAE|SAE,0.8038535499253248
10934,250,251,MAE|SAE,1.564105287268207
10935,250,257,MAE|SAE,15.332633614087445
10936,250,251,MAE|SAE,17.965865944659217
10937,250,251,MAE|SAE,2.9179096759612086
10938,250,251,MAE|SAE,24.809900870759307
10939,250,251,MAE|SAE,17.84096531759773
10940,248,252,LAE,17.413155313050694
10941,248,257,LAE|MAE,34.659479950915646
10942,248,252,LAE,15.63588452197204
10943,248,252,LAE,15.952680721026676
10944,248,256,LAE,15.534438470060618
10945,249,252,LAE|MAE,17.07716337709834
10946,249,252,LAE|MAE,14.395110204094115
10947,249,257,LAE|MAE,55.23164362102092
10948,249,252,LAE|MAE,2.9849924100424827
10949,251,254,LAE|MAE|SAE,1.5818541889494915
10950,251,252,LAE|MAE,1.490134656689014
10951,251,253,LAE|MAE,2.1688136521932044
10952,251,253,LAE|MAE,1.613070620299529
10953,251,253,LAE|MAE,1.5653131755101775
10954,251,253,LAE|MAE,1.5453989701296962
10955,251,252,LAE|MAE,1.2773283856925095
10956,251,252,LAE|MAE,1.1145267135092813
10957,251,255,LAE|MAE|SAE,1.6268954242746767
10958,251,252,LAE|MAE,1.606236536927269
10959,251,254,LAE|MAE|SAE,1.607662510470359
10960,251,252,LAE|MAE,1.1005276821752197
10961,251,255,LAE|MAE|SAE,1.988755672290776
10962,251,252,LAE|MAE,1.9795684940131328
10963,251,254,LAE|MAE|SAE,1.3790628868193224
10964,251,252,LAE|MAE,2.1451320642331138
10965,251,252,LAE|MAE,1.0445643143275192
10966,251,252,LAE|MAE,1.610318256179065
10967,251,254,LAE|MAE|SAE,1.7337469680179556
10968,251,252,LAE|MAE,0.8664975953633081
10969,251,262,LAE|MAE|SAE,49.94256851028928
10970,251,254,LAE|MAE|SAE,1.4763939795487286
10971,251,254,LAE|MAE|SAE,1.7069680033954047
10972,251,252,LAE|MAE,1.1252894622935792
10973,251,256,LAE|MAE|SAE,2.125288972642465
10974,251,254,LAE|MAE|SAE,1.5784713603318885
10975,251,254,LAE|MAE|SAE,1.63800429064643
10976,251,252,LAE|MAE,1.098272360991818
10977,251,252,LAE|MAE,0.7785199392791894
10978,251,252,LAE|MAE,1.9273040432777526
10979,251,253,LAE|MAE,1.8645482309121755
10980,251,254,LAE|MAE|SAE,2.3945726596201595
10981,250,258,LAE|MAE|SAE,18.04956284732703
10982,250,273,MAE|SAE,50.23290728775931
10983,250,260,LAE|MAE|SAE,18.74297374489795
10984,250,261,LAE|MAE|SAE,18.075908441715306
10985,250,254,MAE|SAE,14.193385984991638
10986,250,253,MAE|SAE,2.5714993483066957
10987,250,254,MAE|SAE,13.754565667402284
10988,251,253,MAE,1.1777251340180972
10989,251,253,MAE,1.0927584093566873
10990,251,253,MAE,1.0968706608180503
10991,251,254,MAE|SAE,1.600661364419108
10992,251,253,MAE,37.26880269021485
10993,251,253,MAE,1.5741583358995292
10994,251,254,MAE|SAE,1.458314575358782
10995,252,253,LAE|MAE,1.1098407137460438
10996,252,253,LAE|MAE,1.7723997007842278
10997,252,260,LAE|MAE|SAE,43.992312472129875
10998,252,253,LAE|MAE,1.5725838362682565
10999,252,255,LAE|MAE,1.8229437269154056
11000,252,253,LAE|MAE,1.558841866379675
11001,252,253,LAE|MAE,1.4895422258344844
11002,252,253,LAE|MAE,1.4784288550466325
11003,252,253,LAE|MAE,1.7198170669313055
11004,252,253,LAE|MAE,1.6309381371423994
11005,252,253,LAE|MAE,1.2948908273142654
11006,252,253,LAE|MAE,1.2219213692820758
11007,252,254,LAE|MAE|SAE,1.5083698470725624
11008,252,253,LAE|MAE,1.4891862631043027
11009,252,253,LAE|MAE,1.623143112105259
11010,252,253,LAE|MAE,1.294555248219025
11011,252,253,LAE|MAE,1.7543487284422565
11012,252,253,LAE|MAE,1.7396943662750677
11013,252,253,LAE|MAE,1.586846437343476
11014,252,253,LAE|MAE,0.9198557702240577
11015,252,253,LAE|MAE,1.4213932769074147
11016,252,253,LAE|MAE,1.6594138550820476
11017,252,260,LAE|MAE,19.234715139014845
11018,252,253,LAE|MAE,1.7980730337946833
11019,252,255,LAE|MAE|SAE,2.0375755355033696
11020,252,253,LAE|MAE,1.3650391225451577
11021,250,262,LAE|MAE|SAE,58.41736937245622
11022,250,254,SAE,16.58133563131189
11023,250,259,MAE|SAE,16.563628464583402
11024,250,254,SAE,17.483184114735206
11025,250,258,MAE|SAE,20.69608372161011
11026,250,261,LAE|MAE|SAE,20.890974266346742
11027,250,254,SAE,23.419038378462158
11028,250,254,SAE,16.06161694245204
11029,250,262,LAE|MAE|SAE,19.375242037033736
11030,250,260,LAE|MAE|SAE,14.766367851667145
11031,250,257,MAE|SAE,17.861887696962217
11032,250,262,LAE|MAE|SAE,21.768102415757205
11033,250,254,SAE,21.03958241543476
11034,251,254,MAE|SAE,2.0395762832224196
11035,251,254,MAE|SAE,2.755375011607403
11036,251,254,MAE|SAE,28.477565985636417
11037,251,286,LAE|MAE|SAE,45.97125379565944
11038,251,254,MAE|SAE,19.404104682582112
11039,251,254,MAE|SAE,14.310735692276607
11040,253,254,MAE|SAE,25.178214822723756
11041,253,255,MAE|SAE,1.9557694830737296
11042,253,254,MAE|SAE,1.2606311615413417
11043,253,254,MAE|SAE,1.07746372237078
11044,253,258,MAE|SAE,59.60794781240888
11045,253,254,MAE|SAE,1.4574090084630127
11046,253,255,MAE|SAE,1.2199999623692046
11047,253,256,LAE|MAE|SAE,3.1290394647663837
11048,253,254,MAE|SAE,15.558917623081255
11049,253,261,LAE|MAE|SAE,40.041579124128496
11050,253,254,MAE|SAE,1.313538473015252
11051,253,254,MAE|SAE,0.9605792298039985
11052,253,254,MAE|SAE,1.0732812718266855
11053,253,254,MAE|SAE,1.1956932561493276
11054,253,255,MAE|SAE,1.6536348340431728
11055,251,333,LAE|MAE|SAE,53.941062976171104
11056,252,255,LAE|MAE,52.95267492051903
11057,252,255,LAE|MAE,1.9899950499159673
11058,252,258,LAE|MAE|SAE,35.39687958277736
11059,252,255,LAE|MAE,1.8570351168320036
11060,252,255,LAE|MAE,3.2627272782655123
11061,252,255,LAE|MAE,2.2536221946228268
11062,253,257,LAE|MAE,1.6843592674292427
11063,253,255,MAE,2.1664856503831307
11064,253,255,MAE,3.046458876112039
11065,253,255,MAE,1.6356616171429912
11066,253,255,MAE,1.5471447380500498
11067,253,255,MAE,1.7864013640396892
11068,253,255,MAE,1.9350021727557343
11069,253,255,MAE,1.8616363650709478
11070,253,255,MAE,1.2416635473508448
11071,253,255,MAE,1.536893433978446
11072,253,255,MAE,1.8067324149552204
11073,254,267,LAE|MAE|SAE,47.13810165007177
11074,254,255,MAE|SAE,18.85242291991373
11075,254,255,MAE|SAE,20.89303233730379
11076,254,255,MAE|SAE,1.2735650219504018
11077,254,261,LAE|MAE|SAE,52.97026609012745
11078,254,259,MAE|SAE,51.16605395994639
11079,254,260,LAE|MAE|SAE,15.979682915975765
11080,254,268,LAE|MAE|SAE,55.2104171815107
11081,254,255,MAE|SAE,0.8691916275117201
11082,254,255,MAE|SAE,21.45751717312829
11083,254,255,MAE|SAE,6.992722644739934
11084,254,255,MAE|SAE,1.302721982598254
11085,254,256,LAE|MAE|SAE,14.750299168210198
11086,254,256,LAE|MAE|SAE,13.60279155816693
11087,254,255,MAE|SAE,15.105686123549228
11088,254,255,MAE|SAE,17.93104076776193
11089,252,272,LAE|MAE,37.72056828077886
11090,255,256,LAE|MAE,1.049974857126457
11091,255,256,LAE|MAE,1.1144113824146606
11092,255,256,LAE|MAE,18.573014814941587
11093,255,256,LAE|MAE,1.3216423829243122
11094,255,257,LAE|MAE,1.2563115503891262
11095,255,258,LAE|MAE|SAE,12.28391733567433
11096,255,256,LAE|MAE,1.050081648494052
11097,255,256,LAE|MAE,58.94787017531072
11098,255,261,LAE|MAE,50.03639959291137
11099,255,256,LAE|MAE,11.849627005779306
11100,255,264,LAE|MAE,6.664283203285684
11101,255,256,LAE|MAE,1.3999906816936358
11102,255,256,LAE|MAE,1.3183535479366013
11103,255,260,LAE|MAE|SAE,1.5876396568789086
11104,255,256,LAE|MAE,1.1984398305822734
11105,255,256,LAE|MAE,2.068878478517262
11106,255,260,LAE|MAE,2.1239377075775105
11107,254,257,MAE|SAE,14.450919288234687
11108,254,264,LAE|MAE|SAE,18.93076257543547
11109,254,261,LAE|MAE|SAE,16.763971167806194
11110,254,257,MAE|SAE,23.022289191768927
11111,254,258,MAE|SAE,13.819265614801516
11112,255,257,MAE,59.87008892166738
11113,255,260,LAE|MAE,56.51180565298804
11114,255,266,LAE|MAE|SAE,55.33581619617055
11115,255,259,MAE,14.355458701578808
11116,256,258,LAE|MAE|SAE,1.1189466482883672
11117,256,257,LAE|MAE,1.2019234049531962
11118,256,258,LAE|MAE|SAE,1.0830190110894349
11119,256,258,LAE|MAE|SAE,0.9733844106560695
11120,256,258,LAE|MAE|SAE,0.970443353080247
11121,256,260,LAE|MAE|SAE,1.2492148255549274
11122,256,258,LAE|MAE|SAE,1.0347672417772467
11123,256,257,LAE|MAE,1.153939709660512
11124,256,257,LAE|MAE,1.5597811136901854
11125,256,257,LAE|MAE,0.8668437175500827
11126,256,257,LAE|MAE,4.782797060873629
11127,256,257,LAE|MAE,1.0884163463559904
11128,256,257,LAE|MAE,1.3630642240518251
11129,256,257,LAE|MAE,0.8729697327566851
11130,256,257,LAE|MAE,1.0430436713322342
11131,256,257,LAE|MAE,0.9755757333669903
11132,256,260,LAE|MAE,13.098072922713138
11133,256,257,LAE|MAE,0.9157543906464357
11134,256,257,LAE|MAE,0.984544853421707
11135,256,257,LAE|MAE,1.0900388817399946
11136,256,258,LAE|MAE|SAE,1.560975887451935
11137,256,257,LAE|MAE,1.1380345198126707
11138,256,257,LAE|MAE,0.9024800011006936
11139,256,257,LAE|MAE,1.1032702892067106
11140,256,257,LAE|MAE,1.2609468391945753
11141,256,259,LAE|MAE|SAE,14.519510006012155
11142,256,258,LAE|MAE|SAE,1.0454039275260878
11143,256,257,LAE|MAE,1.2743715150899122
11144,256,257,LAE|MAE,0.9127308638312853
11145,256,257,LAE|MAE,0.8630311868997431
11146,256,257,LAE|MAE,0.9312391174094892
11147,256,257,LAE|MAE,1.2952183238138546
11148,256,257,LAE|MAE,0.8775668203388844
11149,256,257,LAE|MAE,2.4017755674137358
11150,256,257,LAE|MAE,1.1241468598805955
11151,256,257,LAE|MAE,1.1078350279796658
11152,256,257,LAE|MAE,0.7862692283374164
11153,256,257,LAE|MAE,1.0347658435478306
11154,256,257,LAE|MAE,1.4147017026922668
11155,256,260,LAE|MAE,55.397448167419064
11156,256,257,LAE|MAE,1.3362786584118602
11157,256,257,LAE|MAE,1.000461475132778
11158,256,257,LAE|MAE,0.9379372881051995
11159,256,257,LAE|MAE,1.0107534713082216
11160,256,258,LAE|MAE|SAE,2.2169464072855534
11161,256,260,LAE|MAE,14.94869880797701
11162,256,261,LAE|MAE|SAE,12.831033782584075
11163,256,257,LAE|MAE,0.9691801549646919
11164,256,257,LAE|MAE,12.83053390652411
11165,256,257,LAE|MAE,0.9640679358605933
11166,254,260,LAE|MAE|SAE,12.131108437072896
11167,254,263,LAE|MAE|SAE,17.18906160823057
11168,254,259,MAE|SAE,16.511249053053668
11169,254,258,SAE,19.910389568570743
11170,254,258,SAE,14.572382863807922
11171,255,268,LAE|MAE|SAE,44.16553693623497
11172,255,258,MAE|SAE,9.59153992678352
11173,255,261,MAE|SAE,20.57967129734988
11174,255,258,MAE|SAE,16.386181078149658
11175,257,258,MAE|SAE,1.6028440941193032
11176,257,258,MAE|SAE,1.2593395762790434
11177,257,258,MAE|SAE,1.3612834242703482
11178,257,259,MAE|SAE,1.8746151379544602
11179,257,260,LAE|MAE|SAE,39.93346131082108
11180,257,258,MAE|SAE,1.442634580319027
11181,257,258,MAE|SAE,1.0383983042370297
11182,257,259,MAE|SAE,1.0076939276583878
11183,257,258,MAE|SAE,1.0908530183724598
11184,257,261,LAE|MAE|SAE,4.629306639122805
11185,257,258,MAE|SAE,3.022005677700563
11186,257,258,MAE|SAE,0.9745092041922564
11187,257,258,MAE|SAE,2.5247134081004288
11188,257,266,LAE|MAE|SAE,56.61218238397382
11189,257,259,MAE|SAE,6.78084753973785
11190,257,258,MAE|SAE,1.0780063092406276
11191,257,265,LAE|MAE|SAE,16.520059771821717
11192,257,264,LAE|MAE|SAE,21.033587089581165
11193,257,258,MAE|SAE,1.0369945420971307
11194,257,267,LAE|MAE|SAE,3.8902084604241076
11195,257,260,LAE|MAE|SAE,2.370871618271316
11196,257,258,MAE|SAE,0.814453164103453
11197,257,264,LAE|MAE|SAE,21.231692170059056
11198,257,258,MAE|SAE,1.7660487801713376
11199,257,258,MAE|SAE,1.0672053237049615
11200,257,263,LAE|MAE|SAE,1.9075243052579227
11201,255,274,LAE|MAE|SAE,25.316278705723075
11202,256,260,LAE|MAE,14.548772438943802
11203,256,259,LAE|MAE,15.935462133808853
11204,256,264,LAE|MAE,33.61954251611814
11205,256,259,LAE|MAE,16.690890911627616
11206,256,263,LAE|MAE|SAE,19.99050171189255
11207,256,263,LAE|MAE|SAE,15.29333090545253
11208,256,262,LAE|MAE|SAE,58.35207356270165
11209,257,260,LAE|MAE,15.286644734162408
11210,257,269,MAE,50.64698933061039
11211,257,262,LAE|MAE|SAE,17.1709325967314
11212,257,259,MAE,7.7587194930512
11213,257,273,LAE|MAE|SAE,52.49916760821103
11214,257,259,MAE,1.1784099646849873
11215,257,260,LAE|MAE,1.4332513765323363
11216,257,259,MAE,52.961254787581495
11217,258,259,MAE|SAE,1.0651622917044468
11218,258,260,LAE|MAE|SAE,1.0049791024508725
11219,258,261,LAE|MAE|SAE,14.812795169525657
11220,258,265,LAE|MAE|SAE,4.404503257869751
11221,258,263,LAE|MAE|SAE,1.5001647906810427
11222,258,260,LAE|MAE|SAE,2.1870700062557145
11223,258,263,MAE|SAE,31.573703220756446
11224,258,259,MAE|SAE,11.614614736185263
11225,258,270,LAE|MAE|SAE,4.755426283828645
11226,258,259,MAE|SAE,0.8462725612180098
11227,258,259,MAE|SAE,6.707746713595275
11228,258,259,MAE|SAE,1.2156026775946496
11229,258,263,LAE|MAE|SAE,1.9263285686623342
11230,258,259,MAE|SAE,0.9452948971578037
11231,258,259,MAE|SAE,1.1472204717882504
11232,258,275,LAE|MAE|SAE,19.311082860984197
11233,256,263,LAE|MAE,41.65596144221455
11234,256,270,LAE|MAE|SAE,4.688558823639943
11235,259,260,LAE|MAE,1.3282434280388815
11236,259,280,LAE|MAE|SAE,20.938379762329216
11237,259,275,LAE|MAE|SAE,6.598702682859756
11238,259,260,LAE|MAE,14.760347572770153
11239,259,260,LAE|MAE,37.01434099003792
11240,259,260,LAE|MAE,0.7624581019407876
11241,259,260,LAE|MAE,0.8048315009791973
11242,259,260,LAE|MAE,1.9850257893370131
11243,259,260,LAE|MAE,1.3874972215030288
11244,259,260,LAE|MAE,1.4732150246332185
11245,259,260,LAE|MAE,16.527406952939458
11246,259,260,LAE|MAE,1.0714842171181285
11247,259,260,LAE|MAE,1.4808541203395915
11248,259,260,LAE|MAE,0.8084075870929818
11249,259,260,LAE|MAE,1.222438047533794
11250,259,262,LAE|MAE|SAE,3.225991341294842
11251,259,267,LAE|MAE,57.89983181318248
11252,259,264,LAE|MAE,29.07291798051692
11253,259,262,LAE|MAE|SAE,1.5713656105891196
11254,259,261,LAE|MAE,15.452306784577203
11255,259,268,LAE|MAE|SAE,12.808692788716021
11256,259,260,LAE|MAE,0.8719656753708165
11257,259,260,LAE|MAE,12.721650335116978
11258,259,260,LAE|MAE,20.63254670470854
11259,259,260,LAE|MAE,1.4551291846913386
11260,259,264,LAE|MAE|SAE,19.028211958049084
11261,259,260,LAE|MAE,3.0220808480090446
11262,259,260,LAE|MAE,1.3732933793878594
11263,259,268,LAE|MAE|SAE,2.109153976942344
11264,259,260,LAE|MAE,59.5766286093831
11265,259,260,LAE|MAE,0.8576285186260748
11266,259,260,LAE|MAE,13.605776103208068
11267,259,260,LAE|MAE,15.842468052176336
11268,259,260,LAE|MAE,1.6017273535161622
11269,259,280,LAE|MAE|SAE,21.688272265120407
11270,259,260,LAE|MAE,0.8452387663946686
11271,259,264,LAE|MAE,2.252632593917683
11272,259,260,LAE|MAE,15.573429729519678
11273,258,269,MAE|SAE,12.858894263603469
11274,258,264,LAE|MAE|SAE,28.03609409861975
11275,258,264,LAE|MAE|SAE,43.09273039248067
11276,258,262,MAE|SAE,2.076337765673586
11277,258,268,LAE|MAE|SAE,35.39819266528035
11278,259,263,MAE|SAE,1.6326568720669192
11279,259,261,MAE,14.314620528664479
11280,259,261,MAE,0.979678171823061
11281,259,261,MAE,1.7771023356697986
11282,259,262,MAE|SAE,14.21493519930719
11283,259,261,MAE,14.20731009756829
11284,259,263,MAE|SAE,40.612119458987586
11285,259,286,LAE|MAE|SAE,23.26392333523627
11286,259,285,LAE|MAE|SAE,36.54889936673157
11287,260,263,LAE|MAE|SAE,15.272379550095351
11288,260,262,LAE|MAE|SAE,1.1871167898508448
11289,260,261,LAE|MAE,33.69098717685454
11290,260,261,LAE|MAE,1.964838576922355
11291,260,264,LAE|MAE|SAE,1.822891166157704
11292,260,262,LAE|MAE|SAE,1.2394055531384007
11293,260,267,LAE|MAE,56.14024016064367
11294,260,265,LAE|MAE,42.59110246733323
11295,260,261,LAE|MAE,0.9391591475829549
11296,260,263,LAE|MAE|SAE,1.2269695144580253
11297,260,262,LAE|MAE|SAE,0.9647114164450022
11298,260,263,LAE|MAE|SAE,31.967197337330628
11299,260,261,LAE|MAE,1.2883790914718891
11300,260,266,LAE|MAE|SAE,15.63760623339785
11301,260,261,LAE|MAE,1.266617726979916
11302,260,273,LAE|MAE,50.89943694209206
11303,260,261,LAE|MAE,1.128280274775422
11304,260,272,LAE|MAE|SAE,57.119332511626006
11305,260,261,LAE|MAE,0.9180133361532271
11306,260,261,LAE|MAE,0.8229430420998197
11307,260,261,LAE|MAE,1.041765189888856
11308,260,265,LAE|MAE|SAE,3.4368781736064995
11309,260,261,LAE|MAE,1.9728379619261236
11310,260,261,LAE|MAE,27.390055052178244
11311,260,264,LAE|MAE,2.1780759189007197
11312,258,264,LAE|MAE|SAE,17.7336139427147
11313,258,274,MAE|SAE,52.4476209882524
11314,258,262,SAE,38.313772972541585
11315,258,262,SAE,57.814164693063276
11316,258,262,SAE,16.65700129751877
11317,258,264,LAE|MAE|SAE,15.880005232781013
11318,259,265,MAE|SAE,2.063598885717639
11319,261,263,MAE|SAE,14.262491016397215
11320,261,263,MAE|SAE,1.3777143469031798
11321,261,264,LAE|MAE|SAE,1.2305847937301795
11322,261,262,MAE|SAE,0.7808672200289798
11323,261,266,MAE|SAE,3.192758086119526
11324,261,262,MAE|SAE,1.6342866387480202
11325,261,272,LAE|MAE|SAE,44.163322393343954
11326,261,262,MAE|SAE,0.8284555474790287
11327,261,270,LAE|MAE|SAE,4.245553596337148
11328,261,264,LAE|MAE|SAE,1.2642867239095148
11329,261,263,MAE|SAE,1.276872720637137
11330,261,263,MAE|SAE,59.85907347145848
11331,261,263,MAE|SAE,1.6496970851787738
11332,261,263,MAE|SAE,1.6938031645120941
11333,261,262,MAE|SAE,15.894106684859215
11334,261,262,MAE|SAE,15.607332965031018
11335,261,262,MAE|SAE,48.087307871339256
11336,261,264,LAE|MAE|SAE,15.383729589740064
11337,261,266,LAE|MAE|SAE,1.7638833467388815
11338,261,266,MAE|SAE,3.9328166976716226
11339,261,263,MAE|SAE,1.0305404772990168
11340,261,262,MAE|SAE,1.5478493421620507
11341,261,262,MAE|SAE,13.872081451726425
11342,261,262,MAE|SAE,13.069994687498763
11343,261,265,LAE|MAE|SAE,3.230968275428074
11344,261,262,MAE|SAE,0.8633379604413269
11345,261,276,LAE|MAE|SAE,21.243045169941723
11346,261,262,MAE|SAE,5.0986041884525495
11347,261,262,MAE|SAE,1.2572048661906456
11348,261,263,MAE|SAE,14.284197289385263
11349,261,263,MAE|SAE,1.841440587656963
11350,261,263,MAE|SAE,16.86469007872703
11351,261,262,MAE|SAE,1.1463871320914794
11352,261,262,MAE|SAE,2.921609128219373
11353,261,267,LAE|MAE|SAE,2.8718809725063164
11354,261,262,MAE|SAE,0.8646914785876929
11355,261,263,MAE|SAE,14.645694277823821
11356,261,262,MAE|SAE,0.8864425822605496
11357,261,262,MAE|SAE,16.39547305627364
11358,261,263,MAE|SAE,1.2468928556140857
11359,261,262,MAE|SAE,1.7023897489354562
11360,261,262,MAE|SAE,37.913196151011
11361,261,262,MAE|SAE,15.512133222970403
11362,261,262,MAE|SAE,57.4634261882114
11363,259,273,MAE,51.34269068582118
11364,259,273,LAE|MAE|SAE,54.408779949669466
11365,259,288,LAE|MAE|SAE,28.663653409443906
11366,260,263,LAE|MAE,41.39658279362337
11367,260,268,LAE|MAE,23.454592347164596
11368,260,268,LAE|MAE,11.863966756414722
11369,260,263,LAE|MAE,15.112357200087015
11370,260,263,LAE|MAE,1.6848931836132812
11371,260,265,LAE|MAE,6.042951394493887
11372,261,263,MAE,1.0620653007142322
11373,261,263,MAE,1.104396751252686
11374,261,275,LAE|MAE|SAE,32.39144124963599
11375,261,263,MAE,1.4181325965783138
11376,261,263,MAE,3.673021708337769
11377,261,263,MAE,15.088169114843533
11378,262,263,MAE|SAE,15.269029789469416
11379,262,264,LAE|MAE|SAE,1.3518633232845256
11380,262,263,MAE|SAE,14.0450255288424
11381,262,263,MAE|SAE,0.8562168538358068
11382,262,264,LAE|MAE|SAE,56.00068864313388
11383,262,263,MAE|SAE,1.1868681881651844
11384,262,265,LAE|MAE|SAE,1.9242942763951458
11385,262,263,MAE|SAE,1.2177217679540586
11386,262,266,LAE|MAE|SAE,16.790542800418304
11387,262,265,LAE|MAE|SAE,36.213493334664925
11388,262,263,MAE|SAE,16.098637341888498
11389,262,283,LAE|MAE|SAE,32.4954620185156
11390,262,267,MAE|SAE,56.746927898468925
11391,262,264,LAE|MAE|SAE,0.9721364791060523
11392,262,263,MAE|SAE,0.7719176839297536
11393,262,275,LAE|MAE|SAE,17.46126619556371
11394,262,264,LAE|MAE|SAE,20.674804806786987
11395,262,279,LAE|MAE|SAE,52.059640894039134
11396,262,263,MAE|SAE,0.9444858776064755
11397,262,264,LAE|MAE|SAE,14.88696360623799
11398,262,285,LAE|MAE|SAE,11.262303714611607
11399,262,263,MAE|SAE,0.8482671419731993
11400,262,263,MAE|SAE,30.464677143465064
11401,262,267,MAE|SAE,54.28523701807399
11402,262,263,MAE|SAE,0.9184168226534192
11403,262,269,LAE|MAE|SAE,51.651054480817315
11404,262,263,MAE|SAE,0.7843808070582946
11405,262,264,LAE|MAE|SAE,0.970458280041581
11406,262,263,MAE|SAE,3.867491713654579
11407,262,263,MAE|SAE,1.8074965773401996
11408,262,263,MAE|SAE,17.45751157333134
11409,262,264,LAE|MAE|SAE,1.279732685056219
11410,262,267,MAE|SAE,47.26000683618343
11411,262,263,MAE|SAE,1.0739429101811693
11412,262,279,LAE|MAE|SAE,20.526193481077947
11413,262,263,MAE|SAE,1.027716144646318
11414,262,263,MAE|SAE,0.9707448172431434
11415,262,263,MAE|SAE,2.1806128999518215
11416,262,263,MAE|SAE,0.7648501397900351
11417,262,263,MAE|SAE,15.742782791974696
11418,262,263,MAE|SAE,3.7143435887620706
11419,260,264,LAE,43.2264333793075
11420,260,264,LAE,14.391734560430587
11421,260,280,LAE|MAE,21.512573974496764
11422,260,268,LAE,54.82187438496603
11423,261,270,LAE|MAE|SAE,19.793071862489565
11424,261,264,LAE|MAE,1.35047202132726
11425,263,264,LAE|MAE,0.9301134472082078
11426,263,264,LAE|MAE,0.9049401638005811
11427,263,264,LAE|MAE,17.649011223747635
11428,263,266,LAE|MAE|SAE,52.51406092000784
11429,263,266,LAE|MAE|SAE,1.0928116049072572
11430,263,264,LAE|MAE,0.8583654631463267
11431,263,266,LAE|MAE|SAE,1.6222980174550703
11432,263,265,LAE|MAE,1.3582258454507623
11433,263,264,LAE|MAE,1.9124275007041545
11434,263,265,LAE|MAE,14.987633981173836
11435,263,265,LAE|MAE,4.107357627705875
11436,263,264,LAE|MAE,0.8873897966656857
11437,263,267,LAE|MAE|SAE,3.907880437052639
11438,263,267,LAE|MAE,4.272972882784465
11439,263,264,LAE|MAE,0.8943398230968874
11440,263,264,LAE|MAE,2.42375239788097
11441,263,264,LAE|MAE,0.9295604098633732
11442,263,267,LAE|MAE|SAE,2.337065741637553
11443,263,264,LAE|MAE,1.204437918442828
11444,263,265,LAE|MAE,1.0976670539213924
11445,263,264,LAE|MAE,0.7939845487381771
11446,263,264,LAE|MAE,0.8729565661445651
11447,263,268,LAE|MAE|SAE,6.2270963694028145
11448,263,265,LAE|MAE,2.351315021422947
11449,263,264,LAE|MAE,16.21962434001426
11450,263,265,LAE|MAE,0.9960512808134124
11451,263,264,LAE|MAE,0.7593668712270681
11452,263,264,LAE|MAE,29.939246202139792
11453,263,265,LAE|MAE,35.88578937826631
11454,263,266,LAE|MAE|SAE,22.47383903822757
11455,263,264,LAE|MAE,0.8905485682057983
11456,263,270,LAE|MAE|SAE,17.6745527416063
11457,263,266,LAE|MAE|SAE,1.9085647468326732
11458,263,286,LAE|MAE|SAE,23.67581653865113
11459,263,282,LAE|MAE|SAE,20.533251617691626
11460,263,264,LAE|MAE,1.3606598698664154
11461,263,264,LAE|MAE,0.8558748293702367
11462,263,264,LAE|MAE,0.9250107503467847
11463,263,265,LAE|MAE,1.3873222943424202
11464,261,268,LAE|MAE|SAE,10.126867629875983
11465,261,273,MAE,56.12348035705922
11466,262,278,MAE|SAE,22.63438164995322
11467,262,270,MAE|SAE,5.511101217862975
11468,262,270,MAE|SAE,33.617209209659606
11469,262,272,LAE|MAE|SAE,40.64556977989474
11470,262,265,MAE|SAE,30.164797382731493
11471,262,269,MAE|SAE,2.0913862988806295
11472,262,265,MAE|SAE,30.9717628601572
11473,262,265,MAE|SAE,60.017363720187475
11474,262,287,LAE|MAE|SAE,17.8783451654391
11475,262,267,MAE|SAE,1.472882479334553
11476,263,265,MAE,0.9730334057909996
11477,263,266,MAE|SAE,3.899776565424529
11478,263,265,MAE,1.0685752614777413
11479,263,265,MAE,0.9681331516283246
11480,263,280,LAE|MAE|SAE,26.56513027902952
11481,263,271,LAE|MAE|SAE,5.88578584329682
11482,263,265,MAE,1.1357591286987305
11483,263,269,LAE|MAE|SAE,30.146711080975507
11484,263,319,LAE|MAE|SAE,22.45577822084786
11485,263,267,MAE|SAE,1.5737924956255456
11486,264,269,LAE|MAE|SAE,1.9582171432674917
11487,264,267,LAE|MAE|SAE,12.022413002407086
11488,264,269,LAE|MAE|SAE,9.61801435407905
11489,264,265,LAE|MAE,0.7582346288586167
11490,264,265,LAE|MAE,50.62246974229082
11491,264,343,LAE|MAE|SAE,52.990051802329525
11492,264,265,LAE|MAE,0.7499352909007454
11493,264,265,LAE|MAE,0.7973654349975691
11494,264,265,LAE|MAE,0.7260752031420098
11495,264,265,LAE|MAE,1.0281533710219786
11496,264,265,LAE|MAE,1.4431539932045006
11497,264,265,LAE|MAE,3.1577023442384426
11498,264,269,LAE|MAE|SAE,48.20429402836604
11499,264,266,LAE|MAE|SAE,1.7557852618446632
11500,264,266,LAE|MAE|SAE,1.1753960687448446
11501,264,265,LAE|MAE,3.6820497343251914
11502,264,265,LAE|MAE,0.7139261120197671
11503,264,265,LAE|MAE,1.033983365548371
11504,264,268,LAE|MAE|SAE,42.951539730175476
11505,264,267,LAE|MAE|SAE,21.67886214740554
11506,264,273,LAE|MAE|SAE,3.910214712182133
11507,264,265,LAE|MAE,0.8439988474946011
11508,264,265,LAE|MAE,15.098339717136211
11509,262,273,MAE|SAE,20.336782329742405
11510,262,268,LAE|MAE|SAE,24.2701545417379
11511,262,273,LAE|MAE|SAE,35.06350206288228
11512,262,266,SAE,31.67932710346314
11513,263,267,MAE|SAE,3.8475261037753863
11514,263,269,MAE|SAE,34.87470855715394
11515,263,268,LAE|MAE|SAE,19.668327085423115
11516,263,269,LAE|MAE|SAE,55.15919509669945
11517,263,266,MAE|SAE,3.928690355359257
11518,265,267,MAE|SAE,1.0330291219230454
11519,265,266,MAE|SAE,1.3469835631821634
11520,265,266,MAE|SAE,19.81001154380063
11521,265,266,MAE|SAE,58.50897568934537
11522,265,268,LAE|MAE|SAE,2.4075997074035356
11523,265,267,MAE|SAE,56.70143722671061
11524,265,269,LAE|MAE|SAE,4.031603201899474
11525,265,268,LAE|MAE|SAE,48.96974816628354
11526,265,283,LAE|MAE|SAE,17.532367678191115
11527,265,268,LAE|MAE|SAE,15.670434191106466
11528,265,268,LAE|MAE|SAE,3.5291441132519963
11529,265,266,MAE|SAE,1.6975371293084833
11530,265,267,MAE|SAE,1.0553355501932042
11531,265,275,LAE|MAE|SAE,22.425590986671374
11532,265,266,MAE|SAE,1.0988516856868107
11533,265,266,MAE|SAE,37.77594654070707
11534,265,267,MAE|SAE,4.029587027169787
11535,265,267,MAE|SAE,0.9694828013766648
11536,265,268,LAE|MAE|SAE,48.41061695295862
11537,265,266,MAE|SAE,6.2573711592311945
11538,265,272,LAE|MAE|SAE,18.105174816061215
11539,265,267,MAE|SAE,1.0618843654004193
11540,265,268,LAE|MAE|SAE,21.571307332819543
11541,265,268,LAE|MAE|SAE,5.012514416069816
11542,265,266,MAE|SAE,51.66550702390246
11543,265,271,LAE|MAE|SAE,24.353260467789312
11544,265,267,MAE|SAE,1.0070889048229057
11545,265,268,LAE|MAE|SAE,18.24855485973985
11546,265,266,MAE|SAE,1.0468914010698904
11547,265,280,LAE|MAE|SAE,5.006061959866833
11548,265,268,LAE|MAE|SAE,2.4619197156182335
11549,265,266,MAE|SAE,1.1257307226303725
11550,265,287,LAE|MAE|SAE,10.241774221427058
11551,265,267,MAE|SAE,1.9669301825269871
11552,265,266,MAE|SAE,0.928239605767113
11553,265,266,MAE|SAE,0.7598696910155206
11554,265,270,MAE|SAE,41.23300878299578
11555,265,267,MAE|SAE,1.812961295920034
11556,265,266,MAE|SAE,1.2582538567467878
11557,265,266,MAE|SAE,13.541290524870167
11558,265,267,MAE|SAE,1.282331086574391
11559,265,267,MAE|SAE,1.4202913092153506
11560,265,285,LAE|MAE|SAE,43.0617730740018
11561,265,266,MAE|SAE,0.868430045574552
11562,265,270,MAE|SAE,45.48233166055746
11563,265,268,LAE|MAE|SAE,3.1320212781668513
11564,263,267,MAE,41.315060534672995
11565,263,275,MAE|SAE,43.56726572609163
11566,264,271,LAE|MAE,5.343285346188913
11567,264,268,LAE|MAE,4.366281504877352
11568,264,267,LAE|MAE,5.281145183626453
11569,264,269,LAE|MAE,6.238444384408132
11570,264,267,LAE|MAE,14.013233397312037
11571,264,267,LAE|MAE,1.1885588635230409
11572,264,273,LAE|MAE|SAE,14.75862114101918
11573,264,267,LAE|MAE,34.78289224505935
11574,264,268,LAE|MAE,41.61024039877104
11575,264,271,LAE|MAE,31.60550280424605
11576,264,274,LAE|MAE|SAE,12.592447784792695
11577,265,268,LAE|MAE,5.343848344656016
11578,265,267,MAE,44.14195724048747
11579,265,267,MAE,1.021736074902377
11580,265,267,MAE,1.1583258989062506
11581,265,267,MAE,49.56142453898457
11582,266,267,MAE|SAE,3.8275038305351416
11583,266,272,LAE|MAE|SAE,19.02944745166783
11584,266,267,MAE|SAE,0.930506433926876
11585,266,267,MAE|SAE,1.2705959526489787
11586,266,278,LAE|MAE|SAE,20.019368194149813
11587,266,267,MAE|SAE,6.335280478255277
11588,266,270,LAE|MAE|SAE,2.3465868011482707
11589,266,269,MAE|SAE,46.03727059153904
11590,266,267,MAE|SAE,0.9375344886586028
11591,266,269,LAE|MAE|SAE,5.002362976899781
11592,266,268,LAE|MAE|SAE,0.9445895903424291
11593,266,268,LAE|MAE|SAE,0.906883381167292
11594,266,267,MAE|SAE,1.1389884019202192
11595,266,267,MAE|SAE,0.7242264054200577
11596,266,268,LAE|MAE|SAE,53.34253492370761
11597,266,269,MAE|SAE,11.941531716804455
11598,266,267,MAE|SAE,0.837223794105994
11599,266,268,LAE|MAE|SAE,1.254604743914967
11600,266,268,LAE|MAE|SAE,1.2389052689338185
11601,266,267,MAE|SAE,1.0607102312768393
11602,266,268,LAE|MAE|SAE,59.81950984082919
11603,266,276,LAE|MAE|SAE,32.890337416799774
11604,266,267,MAE|SAE,1.0089522753154878
11605,266,288,LAE|MAE|SAE,23.801723661481844
11606,266,267,MAE|SAE,0.8180068399196597
11607,266,267,MAE|SAE,0.9167881699770509
11608,266,267,MAE|SAE,48.12339642371075
11609,266,267,MAE|SAE,11.568968585531165
11610,266,267,MAE|SAE,9.766547039980601
11611,266,273,MAE|SAE,31.72846421645
11612,266,267,MAE|SAE,3.919297431996757
11613,266,267,MAE|SAE,37.2172992896048
11614,266,267,MAE|SAE,5.088986119727913
11615,266,270,MAE|SAE,48.399182312024045
11616,266,270,LAE|MAE|SAE,15.475616752282903
11617,264,268,LAE,55.29583594485479
11618,264,272,LAE,58.936574095464586
11619,264,268,LAE,24.363068160328762
11620,264,274,LAE|MAE|SAE,57.10295902459184
11621,265,268,LAE|MAE,39.73879395188863
11622,265,268,LAE|MAE,3.7287576514931424
11623,267,271,LAE|MAE|SAE,15.291118191310687
11624,267,269,LAE|MAE,1.465875769463713
11625,267,269,LAE|MAE,1.958993075553667
11626,267,268,LAE|MAE,1.4809443273954863
11627,267,268,LAE|MAE,0.8069314687009399
11628,267,269,LAE|MAE,10.013659689682163
11629,267,272,LAE|MAE,18.427990015822495
11630,267,268,LAE|MAE,20.97216308816863
11631,267,271,LAE|MAE,1.5657892818412624
11632,267,268,LAE|MAE,2.158511454759542
11633,267,273,LAE|MAE|SAE,21.26092375281918
11634,267,268,LAE|MAE,0.812823231595481
11635,267,268,LAE|MAE,3.7022982811755707
11636,267,268,LAE|MAE,0.8453174716177356
11637,267,268,LAE|MAE,1.2631662616096577
11638,267,268,LAE|MAE,58.58579065816008
11639,267,272,LAE|MAE|SAE,43.556854606460234
11640,267,271,LAE|MAE|SAE,35.17525838234746
11641,267,268,LAE|MAE,0.8052527621731529
11642,267,268,LAE|MAE,31.030966795870114
11643,267,279,LAE|MAE|SAE,17.202141204935906
11644,267,269,LAE|MAE,1.2650151639500853
11645,267,270,LAE|MAE|SAE,17.349575830508705
11646,267,354,LAE|MAE|SAE,39.94930550257021
11647,267,268,LAE|MAE,0.8656700632804877
11648,267,268,LAE|MAE,0.7768757122955652
11649,267,286,LAE|MAE|SAE,44.903196296338265
11650,267,268,LAE|MAE,0.9016598689165403
11651,267,268,LAE|MAE,21.131147752226628
11652,267,271,LAE|MAE|SAE,1.530746363812693
11653,267,269,LAE|MAE,12.749778068592423
11654,265,269,MAE,44.69248661708882
11655,265,274,MAE|SAE,14.59502301090022
11656,265,272,LAE|MAE|SAE,32.7470106020202
11657,266,270,MAE|SAE,18.12308895804713
11658,266,278,LAE|MAE|SAE,20.0319958029192
11659,266,269,MAE|SAE,50.42168320578928
11660,266,269,MAE|SAE,32.51893561559514
11661,266,269,MAE|SAE,10.36928875315648
11662,266,269,MAE|SAE,33.69045151995286
11663,266,274,LAE|MAE|SAE,16.23926005030745
11664,266,277,LAE|MAE|SAE,17.05629883705089
11665,266,269,MAE|SAE,59.16058753785477
11666,266,271,MAE|SAE,50.56305330478935
11667,267,278,LAE|MAE|SAE,18.49262995491211
11668,267,271,MAE|SAE,5.7810648204007675
11669,267,271,MAE,1.3294512221776074
11670,267,269,MAE,0.9345139422472009
11671,267,273,MAE,7.107261483807706
11672,267,270,MAE|SAE,1.325881773325752
11673,267,277,LAE|MAE|SAE,18.53409823242384
11674,267,272,LAE|MAE,52.054625808255146
11675,268,269,LAE|MAE,0.9821377910653659
11676,268,269,LAE|MAE,0.7548762238873488
11677,268,269,LAE|MAE,3.439777989353164
11678,268,269,LAE|MAE,1.422085834504732
11679,268,276,LAE|MAE|SAE,16.60851435452684
11680,268,269,LAE|MAE,3.898427622416154
11681,268,269,LAE|MAE,13.92761543454552
11682,268,269,LAE|MAE,1.291909073982754
11683,268,269,LAE|MAE,0.9167538117083661
11684,268,269,LAE|MAE,3.4673420441563687
11685,268,273,LAE|MAE|SAE,1.6513854290072572
11686,268,269,LAE|MAE,0.7232643076958947
11687,268,269,LAE|MAE,17.817022135641327
11688,268,275,LAE|MAE|SAE,5.140071207547765
11689,268,269,LAE|MAE,0.8583860557952914
11690,268,276,LAE|MAE|SAE,14.552786706703836
11691,268,273,LAE|MAE,12.272294505989894
11692,268,269,LAE|MAE,1.7234563947108115
11693,268,269,LAE|MAE,31.39701556863477
11694,268,273,LAE|MAE|SAE,33.74147688223973
11695,268,271,LAE|MAE,38.77524973105688
11696,268,270,LAE|MAE|SAE,7.798166096131641
11697,268,269,LAE|MAE,30.57794001711291
11698,268,271,LAE|MAE,2.1602529771033305
11699,268,269,LAE|MAE,2.9693569452446975
11700,268,269,LAE|MAE,1.2431154264015876
11701,268,270,LAE|MAE|SAE,1.1562596858196479
11702,268,269,LAE|MAE,0.7761477803241663
11703,268,269,LAE|MAE,0.9707232189119569
11704,268,269,LAE|MAE,1.4642498702039886
11705,268,269,LAE|MAE,31.351218060373416
11706,268,270,LAE|MAE|SAE,1.3363086962227448
11707,268,280,LAE|MAE|SAE,13.931355242802042
11708,268,270,LAE|MAE|SAE,12.029661830048644
11709,268,292,LAE|MAE|SAE,31.85843868782408
11710,268,269,LAE|MAE,31.41133399331215
11711,268,276,LAE|MAE|SAE,11.847615306605382
11712,268,270,LAE|MAE|SAE,0.9364153714054602
11713,268,291,LAE|MAE|SAE,25.945805619145492
11714,268,272,LAE|MAE,1.8653252436659404
11715,268,275,LAE|MAE|SAE,13.94924275274046
11716,268,270,LAE|MAE|SAE,1.4658740032706945
11717,268,269,LAE|MAE,54.5730536961757
11718,268,270,LAE|MAE|SAE,1.6234484909452376
11719,268,269,LAE|MAE,0.9887068140064706
11720,266,271,MAE|SAE,41.06436090306117
11721,266,270,SAE,41.07761605150505
11722,266,278,LAE|MAE|SAE,14.815996905871696
11723,266,272,LAE|MAE|SAE,17.379888147151703
11724,266,278,MAE|SAE,49.74721084209867
11725,266,270,SAE,21.35996911538906
11726,266,277,MAE|SAE,15.234573490139889
11727,267,271,MAE|SAE,13.757344627297163
11728,267,270,MAE|SAE,47.828135460579446
11729,267,270,MAE|SAE,2.9366009601535707
11730,269,287,LAE|MAE|SAE,11.235930872574219
11731,269,285,LAE|MAE|SAE,12.430463153190352
11732,269,275,LAE|MAE|SAE,15.743652276307966
11733,269,270,MAE|SAE,7.872141109617914
11734,269,285,LAE|MAE|SAE,19.1895806594495
11735,269,270,MAE|SAE,7.695342151717439
11736,269,272,LAE|MAE|SAE,12.107792051671815
11737,269,270,MAE|SAE,1.199163460121829
11738,269,270,MAE|SAE,5.381931906127158
11739,269,270,MAE|SAE,1.0101294704873112
11740,269,270,MAE|SAE,1.8501035458177337
11741,269,279,LAE|MAE|SAE,39.74564298293652
11742,269,270,MAE|SAE,0.8734405731968188
11743,269,275,LAE|MAE|SAE,16.287175372819423
11744,269,270,MAE|SAE,7.223438658131765
11745,269,278,LAE|MAE|SAE,22.36124922434884
11746,269,274,LAE|MAE|SAE,57.081455468819584
11747,269,270,MAE|SAE,17.038732259891532
11748,269,273,MAE|SAE,28.302493535449685
11749,269,272,LAE|MAE|SAE,1.0679805844107262
11750,269,270,MAE|SAE,1.2980697998222652
11751,269,270,MAE|SAE,10.343591615560976
11752,269,270,MAE|SAE,16.249352100782698
11753,269,274,LAE|MAE|SAE,27.91425829128473
11754,269,272,LAE|MAE|SAE,1.8107040592682502
11755,269,276,LAE|MAE|SAE,13.946539282231994
11756,269,270,MAE|SAE,18.745671608492152
11757,269,277,LAE|MAE|SAE,15.11696870298682
11758,269,270,MAE|SAE,1.7095113729362554
11759,269,273,MAE|SAE,24.44116397361429
11760,269,273,LAE|MAE|SAE,14.718292026202677
11761,269,270,MAE|SAE,5.175318562625069
11762,267,271,MAE,2.7865394182217673
11763,267,271,MAE,59.005457943648715
11764,267,274,MAE|SAE,14.302488386531772
11765,268,275,LAE|MAE,16.249283563090774
11766,268,271,LAE|MAE,57.17418373157581
11767,268,272,LAE|MAE,15.370217384677428
11768,268,272,LAE|MAE,15.72291437610007
11769,268,271,LAE|MAE,8.073958166048431
11770,268,271,LAE|MAE,52.97495999770483
11771,268,271,LAE|MAE,7.77283989462881
11772,268,323,LAE|MAE|SAE,45.295865169237125
11773,268,274,LAE|MAE|SAE,29.4507662016195
11774,268,271,LAE|MAE,10.979164642844122
11775,268,274,LAE|MAE|SAE,22.239093247165382
11776,268,276,LAE|MAE,13.0769841150643
11777,268,275,LAE|MAE,32.72141595087905
11778,269,271,MAE,1.027485155284774
11779,269,274,LAE|MAE|SAE,2.555217084324975
11780,269,271,MAE,0.9580199630631141
11781,269,274,LAE|MAE|SAE,1.4710503268071033
11782,269,271,MAE,1.7328380529556542
11783,269,271,MAE,0.9618586604524062
11784,269,272,LAE|MAE,1.2400970725910518
11785,269,275,LAE|MAE|SAE,1.7928743389695982
11786,269,291,MAE,26.395233054619677
11787,269,271,MAE,35.95004056856403
11788,269,271,MAE,11.160711899988263
11789,269,275,LAE|MAE,19.453657646836138
11790,269,283,LAE|MAE|SAE,17.663477082743874
11791,270,271,MAE|SAE,10.335592898152234
11792,270,272,LAE|MAE|SAE,54.112469587557186
11793,270,271,MAE|SAE,4.737293626371176
11794,270,276,LAE|MAE|SAE,4.91641894902411
11795,270,271,MAE|SAE,17.049993387112718
11796,270,271,MAE|SAE,1.0106447986697642
11797,270,272,LAE|MAE|SAE,1.524974626590189
11798,270,271,MAE|SAE,5.00914335798144
11799,270,272,LAE|MAE|SAE,1.1295066868194752
11800,270,271,MAE|SAE,2.807189008119519
11801,270,273,LAE|MAE|SAE,4.850458833384251
11802,270,285,LAE|MAE|SAE,35.612449370306685
11803,270,272,LAE|MAE|SAE,1.2685908432916373
11804,270,272,LAE|MAE|SAE,0.8741390824621375
11805,270,271,MAE|SAE,8.194656887815434
11806,270,276,LAE|MAE|SAE,58.16831585123245
11807,270,273,MAE|SAE,42.43211446400886
11808,270,274,MAE|SAE,14.478800429708103
11809,270,272,LAE|MAE|SAE,1.5303610686347477
11810,270,274,MAE|SAE,19.38477513665715
11811,270,273,LAE|MAE|SAE,4.844435181920971
11812,270,271,MAE|SAE,0.6944588126327707
11813,270,271,MAE|SAE,15.694427102422763
11814,270,282,LAE|MAE|SAE,16.532962731079408
11815,270,271,MAE|SAE,2.7740956540926054
11816,270,285,MAE|SAE,20.97434550331455
11817,270,271,MAE|SAE,0.8884043404943629
11818,270,273,LAE|MAE|SAE,1.2596785580129304
11819,270,290,LAE|MAE|SAE,14.819966654835012
11820,270,272,LAE|MAE|SAE,0.9558074133137558
11821,270,271,MAE|SAE,0.8371526625622933
11822,270,271,MAE|SAE,2.0978942938965512
11823,270,277,LAE|MAE|SAE,19.284248504367774
11824,270,272,LAE|MAE|SAE,33.827947372215775
11825,270,276,LAE|MAE|SAE,12.367865915820323
11826,270,272,LAE|MAE|SAE,0.9871743777408044
11827,268,272,LAE,35.71243631752882
11828,268,276,LAE,18.001556962640482
11829,268,272,LAE,20.19572529305062
11830,268,277,LAE|MAE,18.24232536799088
11831,268,272,LAE,30.799656114782504
11832,269,281,LAE|MAE|SAE,4.468195475295729
11833,269,272,LAE|MAE,18.227332651774383
11834,269,272,LAE|MAE,31.063867684132376
11835,269,272,LAE|MAE,23.845979221589698
11836,269,279,LAE|MAE|SAE,16.727108141718734
11837,269,272,LAE|MAE,39.125847842835064
11838,271,272,LAE|MAE,1.1633327228203485
11839,271,276,LAE|MAE|SAE,1.4680151880883447
11840,271,272,LAE|MAE,0.8594018455797782
11841,271,273,LAE|MAE,15.371204000838489
11842,271,272,LAE|MAE,1.1872613107441432
11843,271,282,LAE|MAE|SAE,28.38053107677962
11844,271,273,LAE|MAE,1.67343182790312
11845,271,273,LAE|MAE,1.1100500133966344
11846,271,272,LAE|MAE,1.3949198375939884
11847,271,274,LAE|MAE|SAE,4.702058278021868
11848,271,272,LAE|MAE,1.4635274360689152
11849,271,272,LAE|MAE,0.8251983183489591
11850,271,272,LAE|MAE,4.789251694534062
11851,271,272,LAE|MAE,1.6440917425429216
11852,271,279,LAE|MAE|SAE,17.501693395789903
11853,271,272,LAE|MAE,0.9000820404356038
11854,271,272,LAE|MAE,0.7988136788498822
11855,271,272,LAE|MAE,2.734121358689721
11856,271,272,LAE|MAE,1.1728593604597546
11857,271,274,LAE|MAE|SAE,14.10983096919656
11858,271,272,LAE|MAE,44.88127470129084
11859,271,273,LAE|MAE,1.993881685983563
11860,271,287,LAE|MAE|SAE,36.08136008507793
11861,271,272,LAE|MAE,40.2385764260366
11862,271,272,LAE|MAE,0.9337677947920431
11863,271,287,LAE|MAE|SAE,26.717374217178765
11864,271,276,LAE|MAE,33.471742021577946
11865,271,279,LAE|MAE|SAE,21.974201667545472
11866,271,272,LAE|MAE,1.358362957287588
11867,271,272,LAE|MAE,1.6476686465619759
11868,271,292,LAE|MAE|SAE,55.07455108987517
11869,271,276,LAE|MAE|SAE,33.968276079821855
11870,271,272,LAE|MAE,38.032176807427014
11871,271,272,LAE|MAE,15.885769291887554
11872,271,272,LAE|MAE,38.563781391117544
11873,271,272,LAE|MAE,0.8344787623876385
11874,271,272,LAE|MAE,1.121754422915088
11875,269,280,LAE|MAE,26.541125522562336
11876,269,273,MAE,49.88804262445958
11877,270,277,MAE|SAE,15.088449454000314
11878,270,273,MAE|SAE,15.002434380722265
11879,270,317,LAE|MAE|SAE,53.74204856177968
11880,270,273,MAE|SAE,12.700578659586101
11881,270,273,MAE|SAE,34.07209975560643
11882,270,273,MAE|SAE,1.2534174953122217
11883,270,293,LAE|MAE|SAE,19.534607225290085
11884,271,274,MAE|SAE,41.87034677702655
11885,271,274,MAE|SAE,1.0997514531702073
11886,271,273,MAE,54.61923626661872
11887,271,280,LAE|MAE|SAE,26.012512878445726
11888,271,273,MAE,0.9212501029254103
11889,271,273,MAE,1.2804358837332774
11890,271,273,MAE,9.596308155006412
11891,271,273,MAE,24.70690043959775
11892,271,273,MAE,1.9448106274395875
11893,271,274,MAE|SAE,1.4147991881419333
11894,271,275,MAE|SAE,2.893587843330498
11895,271,276,LAE|MAE|SAE,24.00638306863877
11896,271,273,MAE,58.27116370955526
11897,271,275,MAE,13.463576818114175
11898,271,273,MAE,2.037918044275007
11899,271,278,LAE|MAE|SAE,14.385957366050143
11900,272,273,LAE|MAE,0.9750177568118511
11901,272,276,LAE|MAE|SAE,37.84021335593416
11902,272,273,LAE|MAE,1.202296265440915
11903,272,276,LAE|MAE,2.6398066908967075
11904,272,284,LAE|MAE|SAE,44.100390674604604
11905,272,273,LAE|MAE,1.8036096143986986
11906,272,274,LAE|MAE|SAE,1.5939305512697797
11907,272,276,LAE|MAE|SAE,10.961454866352106
11908,272,273,LAE|MAE,0.9006971195557644
11909,272,273,LAE|MAE,0.9623368201303549
11910,272,273,LAE|MAE,0.9970124688399833
11911,272,273,LAE|MAE,0.8117460675753946
11912,272,276,LAE|MAE|SAE,32.031178841389824
11913,272,273,LAE|MAE,40.183648476573865
11914,272,275,LAE|MAE|SAE,2.2896388418234888
11915,272,273,LAE|MAE,1.4678851774662
11916,272,284,LAE|MAE|SAE,33.78490869241534
11917,272,273,LAE|MAE,13.129023637539323
11918,272,273,LAE|MAE,0.9329549735251893
11919,272,274,LAE|MAE|SAE,14.114982223897833
11920,272,274,LAE|MAE|SAE,30.580773151702786
11921,272,273,LAE|MAE,22.023368282943075
11922,272,278,LAE|MAE|SAE,18.288058944130498
11923,270,284,LAE|MAE|SAE,39.37727104123316
11924,270,275,MAE|SAE,14.555659638185004
11925,270,282,LAE|MAE|SAE,39.964681661098005
11926,270,274,SAE,59.83096768685626
11927,271,275,MAE|SAE,1.424360941842678
11928,271,274,MAE|SAE,4.057653479348906
11929,271,276,LAE|MAE|SAE,59.725822369264904
11930,271,282,LAE|MAE|SAE,18.501226886536315
11931,271,274,MAE|SAE,39.01781615102346
11932,271,274,MAE|SAE,35.759872733721615
11933,273,288,LAE|MAE|SAE,13.737452633112234
11934,273,276,LAE|MAE|SAE,16.669416591055967
11935,273,276,LAE|MAE|SAE,17.28186896192139
11936,273,274,MAE|SAE,0.8662126703018665
11937,273,275,MAE|SAE,1.0261986284120908
11938,273,274,MAE|SAE,0.8613546195766107
11939,273,274,MAE|SAE,0.8949043978488526
11940,273,276,LAE|MAE|SAE,1.511533122076609
11941,273,274,MAE|SAE,0.78545631783582
11942,273,274,MAE|SAE,36.86926136668813
11943,273,281,LAE|MAE|SAE,19.250393680214838
11944,273,279,LAE|MAE|SAE,14.183528595900082
11945,273,274,MAE|SAE,0.8400392005408883
11946,273,276,LAE|MAE|SAE,16.40030016933617
11947,273,286,LAE|MAE|SAE,44.32575279458238
11948,273,274,MAE|SAE,1.4501808776967797
11949,273,274,MAE|SAE,1.7241887071781306
11950,273,277,LAE|MAE|SAE,19.936349369138636
11951,273,274,MAE|SAE,36.54754798538998
11952,273,275,MAE|SAE,23.868219343648505
11953,273,275,MAE|SAE,1.9126949099547834
11954,273,302,LAE|MAE|SAE,14.934575706480507
11955,273,275,MAE|SAE,20.251913505441458
11956,273,274,MAE|SAE,1.582845934992575
11957,273,274,MAE|SAE,35.074050904772825
11958,273,274,MAE|SAE,5.289133530542779
11959,273,275,MAE|SAE,1.131829376044273
11960,273,274,MAE|SAE,18.51700326479441
11961,273,281,LAE|MAE|SAE,14.952439081398099
11962,273,278,LAE|MAE|SAE,47.891355621585625
11963,273,275,MAE|SAE,3.510238581640768
11964,273,281,MAE|SAE,44.31636021820205
11965,273,276,LAE|MAE|SAE,14.476090443022244
11966,273,291,MAE|SAE,38.36622426759216
11967,273,276,LAE|MAE|SAE,30.699751489890208
11968,273,274,MAE|SAE,17.28947067874826
11969,273,274,MAE|SAE,40.863455219735
11970,273,274,MAE|SAE,0.8810042714435556
11971,271,278,LAE|MAE|SAE,16.932090774073398
11972,272,276,LAE|MAE,38.6579014571357
11973,272,275,LAE|MAE,11.880445810917438
11974,272,275,LAE|MAE,18.82745181972358
11975,272,279,LAE|MAE,18.763219412155696
11976,272,275,LAE|MAE,47.59065550342514
11977,272,275,LAE|MAE,49.7893779591979
11978,273,275,MAE,1.310804699930585
11979,273,276,LAE|MAE,2.5510538033853183
11980,273,275,MAE,1.5006097646935104
11981,273,275,MAE,13.96909137539659
11982,273,275,MAE,55.5257428850377
11983,273,279,LAE|MAE,19.65992469501473
11984,273,289,LAE|MAE|SAE,18.44200056580514
11985,273,282,LAE|MAE|SAE,20.16803731350114
11986,274,275,MAE|SAE,0.8583732623117701
11987,274,275,MAE|SAE,0.9850928671409198
11988,274,275,MAE|SAE,0.8492237776777911
11989,274,276,LAE|MAE|SAE,15.91390308747098
11990,274,275,MAE|SAE,0.7978088423857507
11991,274,275,MAE|SAE,32.486937841824954
11992,274,278,MAE|SAE,23.351738503018307
11993,274,275,MAE|SAE,0.8689928148371769
11994,274,275,MAE|SAE,0.9820556238019912
11995,274,275,MAE|SAE,16.168549008731752
11996,274,275,MAE|SAE,22.7785331091355
11997,274,276,LAE|MAE|SAE,14.536738667305993
11998,274,275,MAE|SAE,1.0199098652677439
11999,274,276,LAE|MAE|SAE,0.9539396506836721
12000,274,275,MAE|SAE,0.8045534761554838
12001,274,277,LAE|MAE|SAE,1.3243793776840265
12002,274,275,MAE|SAE,1.045080350377976
12003,274,275,MAE|SAE,1.0770740322400647
12004,274,275,MAE|SAE,51.424658967691826
12005,274,275,MAE|SAE,2.6155777679802616
12006,274,275,MAE|SAE,16.17195962873041
12007,274,281,LAE|MAE|SAE,1.8642746900045113
12008,274,277,MAE|SAE,1.461193258017079
12009,274,276,LAE|MAE|SAE,1.1926632762641223
12010,274,275,MAE|SAE,0.9936202191460337
12011,274,275,MAE|SAE,1.5943735989160344
12012,274,275,MAE|SAE,39.843024638126344
12013,274,276,LAE|MAE|SAE,3.627886014894221
12014,274,276,LAE|MAE|SAE,0.9938667552330401
12015,274,276,LAE|MAE|SAE,1.4409608466079837
12016,274,275,MAE|SAE,22.71396729034739
12017,272,280,LAE,58.13537294327326
12018,272,276,LAE,17.467902828107416
12019,272,280,LAE|MAE,16.65007362371091
12020,272,276,LAE,19.15774475258686
12021,272,276,LAE,59.72468950186037
12022,272,301,LAE|MAE|SAE,12.088452068750854
12023,273,285,LAE|MAE,9.521705574117576
12024,273,276,LAE|MAE,47.847146956439644
12025,273,281,LAE|MAE,28.956727558909314
12026,273,282,LAE|MAE|SAE,13.363205638856392
12027,275,276,LAE|MAE,1.083939515003403
12028,275,276,LAE|MAE,1.1144941698261164
12029,275,277,LAE|MAE,54.193767082425104
12030,275,277,LAE|MAE,47.4159829454258
12031,275,276,LAE|MAE,1.0567572889102648
12032,275,276,LAE|MAE,20.587783891100877
12033,275,276,LAE|MAE,0.837982873351474
12034,275,277,LAE|MAE,11.836063318738091
12035,275,286,LAE|MAE|SAE,36.891481435785835
12036,275,276,LAE|MAE,0.8006982138855834
12037,275,276,LAE|MAE,47.50495737573508
12038,275,285,LAE|MAE|SAE,23.226641521950413
12039,275,276,LAE|MAE,11.551584325238071
12040,275,279,LAE|MAE|SAE,1.4191113963854605
12041,275,277,LAE|MAE,31.13053667474758
12042,275,277,LAE|MAE,9.967200062189221
12043,275,276,LAE|MAE,0.8555667051766614
12044,275,276,LAE|MAE,0.800407241207955
12045,275,277,LAE|MAE,1.116005057770864
12046,275,277,LAE|MAE,1.0824041581278698
12047,275,276,LAE|MAE,0.8172206360996738
12048,275,276,LAE|MAE,0.952055645283172
12049,275,276,LAE|MAE,0.8171230741681719
12050,275,277,LAE|MAE,10.773129788383207
12051,275,278,LAE|MAE|SAE,1.3050821794353957
12052,275,276,LAE|MAE,1.0436276739408117
12053,275,277,LAE|MAE,17.533982632028774
12054,275,276,LAE|MAE,2.4324002183913307
12055,275,276,LAE|MAE,1.0332345614491376
12056,275,277,LAE|MAE,1.712673452270429
12057,275,278,LAE|MAE|SAE,4.271436269662293
12058,275,279,LAE|MAE|SAE,24.452032313000117
12059,273,285,MAE|SAE,9.957880044326965
12060,273,277,MAE,17.14391730498404
12061,274,277,MAE|SAE,25.137689355146573
12062,274,279,MAE|SAE,23.09156139510585
12063,274,277,MAE|SAE,15.590842470356707
12064,274,278,MAE|SAE,19.356617768818513
12065,274,287,LAE|MAE|SAE,18.32287952955039
12066,274,281,MAE|SAE,45.448511352706596
12067,274,287,MAE|SAE,35.35538729283749
12068,274,280,LAE|MAE|SAE,36.31125140350375
12069,274,281,MAE|SAE,14.33582238049674
12070,275,277,MAE,36.88197872326766
12071,275,277,MAE,58.792107948834214
12072,275,310,LAE|MAE|SAE,18.980882296212773
12073,275,288,LAE|MAE|SAE,47.07079067245739
12074,275,279,MAE|SAE,15.587186753180214
12075,275,303,LAE|MAE|SAE,15.10210073055323
12076,275,279,MAE,16.561413293264362
12077,275,279,MAE|SAE,16.745654787467217
12078,275,277,MAE,16.893908892919654
12079,276,277,LAE|MAE,0.8848293496718291
12080,276,277,LAE|MAE,0.8993512868789105
12081,276,277,LAE|MAE,0.8935075877339914
12082,276,277,LAE|MAE,0.9118940746419778
12083,276,280,LAE|MAE|SAE,15.682444691655082
12084,276,277,LAE|MAE,1.184139983761937
12085,276,277,LAE|MAE,1.794657082089478
12086,276,277,LAE|MAE,0.7525948718398837
12087,276,277,LAE|MAE,4.03937311597499
12088,276,277,LAE|MAE,25.355588577410387
12089,276,277,LAE|MAE,10.749004942744603
12090,276,277,LAE|MAE,1.1360980911940513
12091,276,277,LAE|MAE,0.8858272192943946
12092,276,277,LAE|MAE,3.3624808294176116
12093,276,280,LAE|MAE|SAE,18.944909514211936
12094,276,277,LAE|MAE,0.9532397492156738
12095,276,277,LAE|MAE,15.618657986268715
12096,276,277,LAE|MAE,0.9934222716408365
12097,276,281,LAE|MAE|SAE,51.83901722990818
12098,276,277,LAE|MAE,2.097865460751514
12099,276,277,LAE|MAE,2.169730096065241
12100,276,278,LAE|MAE|SAE,15.615395664005366
12101,276,280,LAE|MAE,1.936463303480942
12102,276,277,LAE|MAE,1.016706129904452
12103,276,277,LAE|MAE,1.0994285791442628
12104,276,279,LAE|MAE,16.557876697950135
12105,276,280,LAE|MAE|SAE,1.410104471962336
12106,276,277,LAE|MAE,34.457183772873506
12107,274,282,MAE|SAE,16.782516288279762
12108,274,278,SAE,55.43089372768575
12109,274,287,LAE|MAE|SAE,39.82792730194399
12110,274,281,MAE|SAE,3.6897296961527886
12111,274,278,SAE,21.474026678821488
12112,275,279,MAE|SAE,11.207829876419094
12113,275,322,LAE|MAE|SAE,49.63100361207378
12114,275,278,MAE|SAE,10.152470432404169
12115,275,278,MAE|SAE,11.298265432678875
12116,275,278,MAE|SAE,2.6911551555568347
12117,277,287,LAE|MAE|SAE,16.966933961943244
12118,277,279,MAE|SAE,1.0468110574018235
12119,277,286,LAE|MAE|SAE,36.78838138465051
12120,277,278,MAE|SAE,18.16650873948201
12121,277,286,LAE|MAE|SAE,15.734065488039823
12122,277,278,MAE|SAE,20.398581909786177
12123,277,281,LAE|MAE|SAE,1.3975506387114451
12124,277,282,LAE|MAE|SAE,14.27908336526435
12125,277,278,MAE|SAE,0.9376707455740009
12126,277,279,MAE|SAE,50.40582203546074
12127,277,278,MAE|SAE,0.9966150526453619
12128,277,286,LAE|MAE|SAE,21.61693652122304
12129,277,278,MAE|SAE,1.0388143589936596
12130,277,347,LAE|MAE|SAE,58.44587388281471
12131,277,301,LAE|MAE|SAE,33.21011603782456
12132,277,281,MAE|SAE,1.6536177999442376
12133,277,281,LAE|MAE|SAE,1.6626653391952293
12134,277,282,LAE|MAE|SAE,5.686366940879925
12135,277,283,LAE|MAE|SAE,18.57662275579602
12136,277,278,MAE|SAE,22.39451654056329
12137,277,279,MAE|SAE,11.412188437661895
12138,277,278,MAE|SAE,0.9042693473598928
12139,277,279,MAE|SAE,37.12572044614265
12140,277,299,LAE|MAE|SAE,21.24664871258442
12141,277,288,LAE|MAE|SAE,50.86117609869801
12142,277,293,LAE|MAE|SAE,3.5758553298264912
12143,277,279,MAE|SAE,2.7373275560269517
12144,277,278,MAE|SAE,22.89282367362871
12145,275,280,LAE|MAE,20.994341064175465
12146,275,289,LAE|MAE|SAE,28.543817682129706
12147,275,279,MAE,22.29167641781036
12148,276,279,LAE|MAE,39.76017978947907
12149,276,286,LAE|MAE|SAE,9.279952641615962
12150,276,286,LAE|MAE|SAE,17.3588013131203
12151,276,288,LAE|MAE,24.571226278351322
12152,276,279,LAE|MAE,1.9204551949328585
12153,276,279,LAE|MAE,20.405895958033412
12154,276,280,LAE|MAE,6.499950919314385
12155,276,279,LAE|MAE,43.91647676297272
12156,276,292,LAE|MAE|SAE,53.803418182693854
12157,277,279,MAE,36.70793859745058
12158,277,279,MAE,23.341139116105335
12159,277,281,LAE|MAE,54.36962693513488
12160,277,284,LAE|MAE,49.3344083482164
12161,278,287,LAE|MAE|SAE,42.6251813528659
12162,278,290,LAE|MAE|SAE,36.07428426090367
12163,278,284,LAE|MAE|SAE,32.81485946669604
12164,278,279,MAE|SAE,34.76238167524591
12165,278,296,LAE|MAE|SAE,21.588396747049334
12166,278,279,MAE|SAE,0.6873139018799131
12167,278,279,MAE|SAE,1.9443291797494426
12168,278,282,LAE|MAE|SAE,3.831023721543386
12169,278,281,LAE|MAE|SAE,1.908782930158307
12170,278,281,LAE|MAE|SAE,35.706049816329354
12171,278,291,LAE|MAE|SAE,10.517122515423464
12172,278,316,LAE|MAE|SAE,52.337579245898596
12173,278,282,MAE|SAE,23.627105213739252
12174,278,279,MAE|SAE,1.1820362625294052
12175,278,280,LAE|MAE|SAE,1.5764142716085914
12176,278,279,MAE|SAE,2.9262129142756983
12177,278,282,LAE|MAE|SAE,2.4376710760365072
12178,278,279,MAE|SAE,2.009690212919418
12179,278,355,LAE|MAE|SAE,42.646268041871615
12180,278,286,LAE|MAE|SAE,48.81438879745038
12181,278,281,LAE|MAE|SAE,18.525593730137174
12182,278,286,LAE|MAE|SAE,14.341462110258533
12183,278,280,LAE|MAE|SAE,11.545659899978032
12184,278,279,MAE|SAE,1.1494935810215914
12185,278,280,LAE|MAE|SAE,1.1226125412469705
12186,278,279,MAE|SAE,0.7873863749826377
12187,278,285,LAE|MAE|SAE,26.137306851707674
12188,278,279,MAE|SAE,1.9883924699038742
12189,278,280,LAE|MAE|SAE,0.97263840192165
12190,278,281,LAE|MAE|SAE,2.9564684330281636
12191,278,279,MAE|SAE,1.2965943225855603
12192,278,280,LAE|MAE|SAE,2.4206723933589345
12193,278,279,MAE|SAE,1.0322698992507107
12194,278,279,MAE|SAE,11.9559396400793
12195,278,279,MAE|SAE,0.9686895934135274
12196,278,280,LAE|MAE|SAE,13.936876792787697
12197,278,279,MAE|SAE,1.527892482496686
12198,276,281,LAE|MAE,47.787809235414144
12199,276,330,LAE|MAE|SAE,44.907096987043154
12200,276,280,LAE,52.78512918957726
12201,276,280,LAE,59.637335385538364
12202,276,304,LAE|MAE,56.978760135537314
12203,276,280,LAE,16.008179817196165
12204,277,280,LAE|MAE,49.025110608114886
12205,277,282,LAE|MAE|SAE,1.501956944335398
12206,277,320,LAE|MAE|SAE,19.876563286307412
12207,277,280,LAE|MAE,54.72523446062486
12208,277,281,LAE|MAE,51.32875937796322
12209,277,281,LAE|MAE,1.603750780750808
12210,279,286,LAE|MAE|SAE,40.64718838869366
12211,279,280,LAE|MAE,1.0428793996537333
12212,279,280,LAE|MAE,2.3279964904861115
12213,279,280,LAE|MAE,1.187989447467898
12214,279,283,LAE|MAE|SAE,1.6519099389961698
12215,279,284,LAE|MAE|SAE,5.551759712494069
12216,279,280,LAE|MAE,0.7858526371113719
12217,279,281,LAE|MAE,1.0012463946792196
12218,279,280,LAE|MAE,30.24295940427209
12219,279,283,LAE|MAE|SAE,24.09095095297737
12220,279,301,LAE|MAE|SAE,47.1040244478675
12221,279,280,LAE|MAE,1.3230409224155906
12222,279,281,LAE|MAE,0.8958836344742398
12223,279,280,LAE|MAE,33.42861811185898
12224,279,288,LAE|MAE,17.860707008398297
12225,279,280,LAE|MAE,1.2322033096290697
12226,279,280,LAE|MAE,4.088399168980613
12227,279,281,LAE|MAE,2.0230215838783976
12228,279,280,LAE|MAE,55.38657919502341
12229,279,281,LAE|MAE,43.23075786222306
12230,279,280,LAE|MAE,2.77864496434904
12231,279,280,LAE|MAE,24.132413155928525
12232,279,292,LAE|MAE|SAE,10.866245187732787
12233,279,281,LAE|MAE,15.547662958569783
12234,279,285,LAE|MAE,51.6920319175498
12235,279,289,LAE|MAE|SAE,16.638124737160528
12236,279,284,LAE|MAE|SAE,18.300954809650825
12237,279,280,LAE|MAE,1.0544053681856755
12238,279,282,LAE|MAE|SAE,41.88954766616442
12239,279,280,LAE|MAE,1.06302292637449
12240,279,280,LAE|MAE,1.419107521246096
12241,279,280,LAE|MAE,16.214905527615734
12242,279,280,LAE|MAE,0.9090935365542342
12243,279,281,LAE|MAE,58.04291199702841
12244,279,281,LAE|MAE,15.181758812222201
12245,279,288,LAE|MAE,42.15850346278552
12246,279,282,LAE|MAE|SAE,26.40373591817323
12247,279,280,LAE|MAE,0.7560008997505254
12248,279,280,LAE|MAE,1.090695574988423
12249,279,284,LAE|MAE|SAE,31.20462239846004
12250,278,281,MAE|SAE,16.7495041737301
12251,278,281,MAE|SAE,19.444165446712603
12252,278,286,MAE|SAE,46.56386019669506
12253,278,281,MAE|SAE,14.204307374406888
12254,278,282,MAE|SAE,2.2069939891224433
12255,278,288,LAE|MAE|SAE,5.8857050142266285
12256,278,286,MAE|SAE,21.159007623966954
12257,278,281,MAE|SAE,32.24084063882447
12258,278,281,MAE|SAE,15.698012549930512
12259,278,294,LAE|MAE|SAE,4.035110866885793
12260,279,281,MAE,1.268856483123527
12261,279,281,MAE,33.54616565922787
12262,279,290,LAE|MAE|SAE,45.43259784731368
12263,279,285,MAE|SAE,3.6900554854838736
12264,279,288,LAE|MAE|SAE,16.05490809097507
12265,279,281,MAE,1.881795459657583
12266,279,281,MAE,57.896391843421654
12267,279,283,MAE|SAE,53.67303462448018
12268,279,281,MAE,57.53573314200722
12269,280,281,LAE|MAE,0.9818433122138288
12270,280,287,LAE|MAE|SAE,48.30760457908202
12271,280,283,LAE|MAE,53.337040602994456
12272,280,355,LAE|MAE|SAE,50.79931401866572
12273,280,281,LAE|MAE,0.9348045897703312
12274,280,282,LAE|MAE|SAE,0.9616368744812354
12275,280,281,LAE|MAE,2.0408038868612226
12276,280,284,LAE|MAE,1.44925607988508
12277,280,281,LAE|MAE,1.0449774273633694
12278,280,282,LAE|MAE|SAE,1.273523164911915
12279,280,283,LAE|MAE,1.3777048902282862
12280,280,281,LAE|MAE,16.018216592180885
12281,280,281,LAE|MAE,46.79903486212005
12282,280,281,LAE|MAE,15.346550891452344
12283,280,293,LAE|MAE|SAE,19.197918118281255
12284,280,281,LAE|MAE,39.27490351888598
12285,280,347,LAE|MAE|SAE,54.58663718088254
12286,280,281,LAE|MAE,0.975483483724096
12287,280,281,LAE|MAE,0.9825214639655849
12288,280,282,LAE|MAE|SAE,44.95740268879524
12289,280,281,LAE|MAE,41.99774525237859
12290,280,355,LAE|MAE|SAE,52.36477715185303
12291,280,281,LAE|MAE,1.9849388818249996
12292,280,284,LAE|MAE,1.9706159291712695
12293,280,283,LAE|MAE|SAE,24.273372453442423
12294,280,282,LAE|MAE|SAE,8.995915607159215
12295,280,282,LAE|MAE|SAE,34.18905743133336
12296,280,289,LAE|MAE|SAE,14.232621022765361
12297,280,315,LAE|MAE|SAE,34.74031730610777
12298,280,281,LAE|MAE,1.0210680886128658
12299,280,281,LAE|MAE,18.463090930204693
12300,280,283,LAE|MAE|SAE,45.21408547936376
12301,280,283,LAE|MAE,2.2490007257861815
12302,280,281,LAE|MAE,1.8470445846452825
12303,280,281,LAE|MAE,1.5672443588194378
12304,280,291,LAE|MAE|SAE,10.316637781772181
12305,280,281,LAE|MAE,0.8058645577862955
12306,280,282,LAE|MAE|SAE,1.112995678735322
12307,280,281,LAE|MAE,1.0231347549314291
12308,280,287,LAE|MAE|SAE,29.991364165750376
12309,280,283,LAE|MAE,3.955566994996336
12310,280,281,LAE|MAE,25.702197641879533
12311,280,281,LAE|MAE,1.6498676312993157
12312,280,281,LAE|MAE,1.7339925146882116
12313,278,285,MAE|SAE,41.40146486248242
12314,278,286,MAE|SAE,15.573206484765784
12315,278,285,MAE|SAE,31.050707879490595
12316,278,282,SAE,17.898313925186393
12317,278,282,SAE,40.097711988391474
12318,281,282,MAE|SAE,28.209023420981342
12319,281,283,MAE|SAE,13.105077754165055
12320,281,284,LAE|MAE|SAE,7.377576452660052
12321,281,285,LAE|MAE|SAE,2.670580976554902
12322,281,282,MAE|SAE,23.807808823984015
12323,281,282,MAE|SAE,15.715492299075235
12324,281,282,MAE|SAE,2.3795481673300483
12325,281,283,MAE|SAE,2.1420680559790193
12326,281,285,LAE|MAE|SAE,44.81192646864533
12327,281,282,MAE|SAE,8.980417161681569
12328,281,285,MAE|SAE,56.80182713475828
12329,281,282,MAE|SAE,0.9747605415361945
12330,281,298,LAE|MAE|SAE,37.90563691262347
12331,281,282,MAE|SAE,0.96943906864066
12332,281,283,MAE|SAE,15.372824213745726
12333,281,282,MAE|SAE,0.7784404516998693
12334,281,285,LAE|MAE|SAE,2.497929866180206
12335,281,282,MAE|SAE,10.836058370025318
12336,281,308,LAE|MAE|SAE,32.43931221155138
12337,281,282,MAE|SAE,26.71915042897225
12338,281,283,MAE|SAE,12.193874833249762
12339,281,283,MAE|SAE,32.04955753552463
12340,281,282,MAE|SAE,10.473410218020659
12341,281,282,MAE|SAE,1.2413558827386464
12342,281,282,MAE|SAE,41.580519249932266
12343,281,282,MAE|SAE,0.8542540690631415
12344,281,355,LAE|MAE|SAE,32.7580359599131
12345,281,285,MAE|SAE,59.61122290442425
12346,281,285,MAE|SAE,26.558574955751954
12347,281,283,MAE|SAE,23.270726360511127
12348,281,284,LAE|MAE|SAE,10.76771596677849
12349,281,282,MAE|SAE,0.7837180022327723
12350,281,282,MAE|SAE,11.11394136222792
12351,281,282,MAE|SAE,19.8624920308723
12352,281,284,LAE|MAE|SAE,1.0741940213928707
12353,281,282,MAE|SAE,26.365886901216335
12354,281,282,MAE|SAE,1.5155577312517858
12355,281,282,MAE|SAE,1.0170668257726487
12356,281,287,LAE|MAE|SAE,1.897742529168065
12357,281,282,MAE|SAE,4.1070082932756415
12358,281,282,MAE|SAE,2.342418288464665
12359,281,287,LAE|MAE|SAE,14.245717771715183
12360,281,283,MAE|SAE,2.4308923353474334
12361,281,282,MAE|SAE,16.430468482936906
12362,281,291,LAE|MAE|SAE,44.134391907901275
12363,279,330,LAE|MAE|SAE,47.83263492799177
12364,279,315,LAE|MAE,48.34791947789127
12365,279,283,MAE,48.68721640832108
12366,280,291,LAE|MAE|SAE,5.123725886957518
12367,280,297,LAE|MAE|SAE,51.206289264444976
12368,280,284,LAE|MAE,17.099132115158014
12369,280,283,LAE|MAE,19.221262515538683
12370,280,283,LAE|MAE,1.6549715081402812
12371,280,283,LAE|MAE,58.68840105156431
12372,280,284,LAE|MAE,3.740522432308111
12373,280,284,LAE|MAE,42.2604601847075
12374,280,288,LAE|MAE,13.410610240199782
12375,280,283,LAE|MAE,53.594345261075674
12376,280,287,LAE|MAE,44.0647769523283
12377,281,285,LAE|MAE,14.521629463189404
12378,281,297,LAE|MAE|SAE,14.39373576787675
12379,281,347,LAE|MAE|SAE,55.76981660987338
12380,281,284,LAE|MAE,30.19100349454081
12381,281,283,MAE,13.128426607033205
12382,281,285,LAE|MAE,1.4673089845146554
12383,281,283,MAE,30.79640044449954
12384,281,283,MAE,1.0348844793395664
12385,281,283,MAE,14.336999474284132
12386,281,283,MAE,27.57504832341835
12387,282,283,MAE|SAE,1.4028972143511347
12388,282,283,MAE|SAE,0.852659502793793
12389,282,284,LAE|MAE|SAE,1.2060326888562252
12390,282,301,LAE|MAE|SAE,44.988906065653396
12391,282,283,MAE|SAE,51.570464230017286
12392,282,287,LAE|MAE|SAE,18.729229335369645
12393,282,284,LAE|MAE|SAE,1.015155383827025
12394,282,283,MAE|SAE,1.76021359122675
12395,282,303,LAE|MAE|SAE,44.69463229907619
12396,282,283,MAE|SAE,8.621025520659558
12397,282,283,MAE|SAE,0.7847437450697856
12398,282,283,MAE|SAE,0.7725869000721672
12399,282,283,MAE|SAE,0.7233411203052192
12400,282,284,LAE|MAE|SAE,30.242314757621294
12401,282,283,MAE|SAE,1.2248261349855194
12402,282,292,LAE|MAE|SAE,15.031078960140587
12403,282,286,MAE|SAE,57.28729634330327
12404,282,283,MAE|SAE,1.2928077921766186
12405,282,284,LAE|MAE|SAE,1.5338055071544174
12406,282,283,MAE|SAE,0.8814822139235621
12407,282,289,LAE|MAE|SAE,15.427882952987584
12408,282,285,LAE|MAE|SAE,37.84754624328404
12409,282,284,LAE|MAE|SAE,1.3853000540944573
12410,282,283,MAE|SAE,17.125618642728355
12411,282,283,MAE|SAE,11.9209829695271
12412,282,299,LAE|MAE|SAE,16.472149745847098
12413,282,283,MAE|SAE,14.395356080518066
12414,282,289,LAE|MAE|SAE,28.64948008802655
12415,282,283,MAE|SAE,0.733821975271426
12416,282,343,LAE|MAE|SAE,51.97100917126785
12417,282,283,MAE|SAE,1.1948762334009808
12418,280,284,LAE,25.389438216861986
12419,280,284,LAE,20.61693371397569
12420,280,310,LAE|MAE|SAE,54.51114237857392
12421,280,288,LAE,56.76584588083618
12422,281,284,LAE|MAE,15.57226949476531
12423,281,286,LAE|MAE|SAE,23.26606978727976
12424,281,284,LAE|MAE,1.8913671399495156
12425,281,284,LAE|MAE,29.84621826519854
12426,281,284,LAE|MAE,8.95839186733329
12427,281,300,LAE|MAE|SAE,30.107524540257305
12428,283,284,LAE|MAE,2.2153160241335
12429,283,284,LAE|MAE,33.005587039975076
12430,283,298,LAE|MAE|SAE,37.23986786277776
12431,283,286,LAE|MAE|SAE,1.1895047472426694
12432,283,284,LAE|MAE,0.8876009036424403
12433,283,284,LAE|MAE,0.7310117468702673
12434,283,285,LAE|MAE,0.9920084443094422
12435,283,286,LAE|MAE|SAE,1.111050041960011
12436,283,285,LAE|MAE,50.35270689015191
12437,283,285,LAE|MAE,1.1993753206317128
12438,283,285,LAE|MAE,17.28570921735792
12439,283,284,LAE|MAE,0.8324960490365403
12440,283,287,LAE|MAE|SAE,19.80844051267168
12441,283,284,LAE|MAE,2.2483977983888916
12442,283,284,LAE|MAE,49.18876576857515
12443,283,287,LAE|MAE|SAE,1.5305332527826618
12444,283,284,LAE|MAE,31.885783058171633
12445,283,284,LAE|MAE,0.8749424584818027
12446,283,286,LAE|MAE|SAE,13.981914535896546
12447,283,284,LAE|MAE,40.623825530272306
12448,283,286,LAE|MAE|SAE,14.161332121625657
12449,283,286,LAE|MAE|SAE,30.90927076316506
12450,283,352,LAE|MAE|SAE,39.67647274569534
12451,283,286,LAE|MAE|SAE,36.72465608830651
12452,283,289,LAE|MAE,27.01596629416261
12453,283,300,LAE|MAE|SAE,33.94742947070057
12454,283,284,LAE|MAE,23.41824762969702
12455,283,284,LAE|MAE,1.0408523467897288
12456,283,286,LAE|MAE|SAE,14.409581038668124
12457,283,287,LAE|MAE,12.893448244680483
12458,283,284,LAE|MAE,11.190177531847732
12459,283,287,LAE|MAE|SAE,16.26958492010135
12460,281,287,MAE|SAE,14.034360046908157
12461,281,294,MAE|SAE,55.21679550756309
12462,281,289,LAE|MAE|SAE,35.51513785612944
12463,281,286,MAE|SAE,14.731946812055448
12464,282,285,MAE|SAE,25.522174405478538
12465,282,286,MAE|SAE,2.3024474017932506
12466,282,285,MAE|SAE,15.639210347343836
12467,282,285,MAE|SAE,29.102081748622876
12468,282,285,MAE|SAE,16.09229633630408
12469,282,290,LAE|MAE|SAE,39.05656822668237
12470,282,289,MAE|SAE,14.38624252739533
12471,282,285,MAE|SAE,20.128022372124985
12472,282,298,LAE|MAE|SAE,48.75025790324493
12473,282,285,MAE|SAE,44.79968079034785
12474,282,285,MAE|SAE,18.42763275509244
12475,282,285,MAE|SAE,7.666023837464682
12476,282,285,MAE|SAE,1.6083403825715075
12477,282,285,MAE|SAE,53.3651253253544
12478,282,286,MAE|SAE,15.585365682580033
12479,282,285,MAE|SAE,24.564156569879195
12480,283,287,MAE|SAE,44.69050479482398
12481,283,285,MAE,1.306474133421349
12482,283,289,LAE|MAE|SAE,15.213640045799092
12483,283,285,MAE,35.155018152703875
12484,283,286,MAE|SAE,29.28081949933676
12485,283,287,MAE,57.73246159500777
12486,283,293,LAE|MAE,58.959653796880296
12487,283,313,LAE|MAE|SAE,33.326720572826744
12488,283,289,LAE|MAE,41.046688392270724
12489,283,287,MAE|SAE,50.442026446581835
12490,284,285,LAE|MAE,1.9834729198303938
12491,284,285,LAE|MAE,24.4654615457485
12492,284,286,LAE|MAE|SAE,47.48801467845045
12493,284,286,LAE|MAE|SAE,16.175950126350234
12494,284,294,LAE|MAE|SAE,15.37231106627111
12495,284,285,LAE|MAE,57.37580256560113
12496,284,285,LAE|MAE,2.178965731031443
12497,284,285,LAE|MAE,52.0194581553417
12498,284,285,LAE|MAE,1.0907902213183527
12499,284,285,LAE|MAE,18.566467178271836
12500,284,296,LAE|MAE|SAE,32.925975853898045
12501,284,285,LAE|MAE,0.9052482579470765
12502,284,285,LAE|MAE,0.9412393067060697
12503,284,301,LAE|MAE|SAE,13.916257511197612
12504,284,289,LAE|MAE,16.299121453178333
12505,284,289,LAE|MAE|SAE,21.98688883826436
12506,284,285,LAE|MAE,11.217376031055002
12507,284,292,LAE|MAE,53.46908579685921
12508,284,287,LAE|MAE,36.45166871924652
12509,284,293,LAE|MAE|SAE,2.3378870824117217
12510,282,286,SAE,25.37569295291862
12511,282,286,SAE,17.890857436675187
12512,283,286,MAE|SAE,23.40857841064132
12513,283,297,MAE|SAE,47.80716868151827
12514,283,286,MAE|SAE,16.505322173264783
12515,283,286,MAE|SAE,40.37121807862071
12516,283,286,MAE|SAE,12.869183180803757
12517,285,289,LAE|MAE|SAE,40.04263311892499
12518,285,290,LAE|MAE|SAE,27.531531910683523
12519,285,286,MAE|SAE,13.793215482600118
12520,285,286,MAE|SAE,58.50845541769325
12521,285,286,MAE|SAE,50.409305539582164
12522,285,286,MAE|SAE,33.96449125779037
12523,285,287,MAE|SAE,54.57829373213838
12524,285,286,MAE|SAE,1.1423500649259144
12525,285,319,LAE|MAE|SAE,44.167972928330435
12526,285,286,MAE|SAE,44.374574611487546
12527,285,287,MAE|SAE,30.641328819839472
12528,285,355,LAE|MAE|SAE,29.762414327733374
12529,285,289,LAE|MAE|SAE,36.39748672458719
12530,285,287,MAE|SAE,1.2919378749130919
12531,285,286,MAE|SAE,25.834363778853064
12532,285,288,LAE|MAE|SAE,33.33364099792394
12533,285,288,LAE|MAE|SAE,1.8579544677762077
12534,285,286,MAE|SAE,42.081871175878504
12535,285,287,MAE|SAE,14.427745522074106
12536,285,288,LAE|MAE|SAE,16.866387151337126
12537,285,286,MAE|SAE,44.39110076603593
12538,285,287,MAE|SAE,1.5226416926480435
12539,285,286,MAE|SAE,1.1992345089605418
12540,285,290,MAE|SAE,34.812783799003256
12541,285,286,MAE|SAE,1.1761704793423033
12542,285,286,MAE|SAE,36.51588109646537
12543,283,287,MAE,28.35294950696755
12544,284,287,LAE|MAE,29.48690190163123
12545,284,287,LAE|MAE,41.25118143625492
12546,284,287,LAE|MAE,15.216806718759178
12547,284,287,LAE|MAE,49.67690887096223
12548,284,331,LAE|MAE|SAE,52.154991071887096
12549,284,287,LAE|MAE,53.34253492370761
12550,284,287,LAE|MAE,19.56385768060872
12551,284,290,LAE|MAE|SAE,18.64920122858256
12552,284,293,LAE|MAE|SAE,14.696104732409745
12553,285,320,LAE|MAE|SAE,16.38202647665959
12554,285,298,LAE|MAE|SAE,4.985328480246327
12555,285,287,MAE,8.946299151038861
12556,285,287,MAE,34.60540168826899
12557,285,305,LAE|MAE,35.03113538165581
12558,285,287,MAE,31.572870810062486
12559,285,287,MAE,41.40781359785001
12560,285,287,MAE,35.32165876395802
12561,285,288,LAE|MAE,30.334800708192684
12562,286,287,MAE|SAE,1.0525463169773204
12563,286,289,LAE|MAE|SAE,12.852783249895285
12564,286,287,MAE|SAE,0.7382779048670278
12565,286,288,LAE|MAE|SAE,1.726383945551403
12566,286,288,LAE|MAE|SAE,0.8905788384776447
12567,286,287,MAE|SAE,29.824760784655595
12568,286,288,LAE|MAE|SAE,1.4144490228353312
12569,286,287,MAE|SAE,0.8327631792360791
12570,286,287,MAE|SAE,17.163970726564337
12571,286,305,LAE|MAE|SAE,11.103441035060833
12572,286,287,MAE|SAE,1.4352565007728508
12573,286,289,LAE|MAE|SAE,1.3376554601413262
12574,286,287,MAE|SAE,0.8623907276463281
12575,286,289,MAE|SAE,1.2213342961521345
12576,286,287,MAE|SAE,0.8216268730449082
12577,286,289,LAE|MAE|SAE,2.8824665626733452
12578,286,292,LAE|MAE|SAE,17.578685381968512
12579,286,288,LAE|MAE|SAE,1.5855534240027107
12580,286,288,LAE|MAE|SAE,1.168437705592707
12581,286,287,MAE|SAE,13.27384418355422
12582,286,287,MAE|SAE,0.8526364151551914
12583,286,287,MAE|SAE,1.0489636033142247
12584,286,287,MAE|SAE,17.480354154082992
12585,286,290,LAE|MAE|SAE,1.538731425279578
12586,286,287,MAE|SAE,0.8805703758048253
12587,286,288,LAE|MAE|SAE,21.085341358491632
12588,286,287,MAE|SAE,43.37216333990183
12589,286,288,LAE|MAE|SAE,1.010585978147992
12590,286,289,LAE|MAE|SAE,19.314094387982273
12591,286,290,MAE|SAE,14.301790227618588
12592,286,319,LAE|MAE|SAE,19.63431488834073
12593,286,300,LAE|MAE|SAE,11.584663414248878
12594,286,292,LAE|MAE|SAE,1.5850835771093277
12595,286,288,LAE|MAE|SAE,0.9114598223724742
12596,286,287,MAE|SAE,0.8317828276471689
12597,286,287,MAE|SAE,0.9897620574932665
12598,286,288,LAE|MAE|SAE,9.100092602990458
12599,286,287,MAE|SAE,1.7390097961621775
12600,286,287,MAE|SAE,1.7558404540945542
12601,286,288,LAE|MAE|SAE,1.096135429613592
12602,286,287,MAE|SAE,0.9802866648467525
12603,286,287,MAE|SAE,1.6380892631649893
12604,286,328,LAE|MAE|SAE,11.461827918289764
12605,286,287,MAE|SAE,45.028127074290964
12606,286,288,LAE|MAE|SAE,1.7121922148038715
12607,286,287,MAE|SAE,1.0748084397157354
12608,284,299,LAE|MAE|SAE,37.23955525266599
12609,284,288,LAE,14.959655871270815
12610,285,288,LAE|MAE,41.490280022487845
12611,285,288,LAE|MAE,7.846499172554894
12612,285,288,LAE|MAE,32.759555405436565
12613,285,355,LAE|MAE|SAE,37.830595536691646
12614,285,299,LAE|MAE|SAE,29.107268008102853
12615,285,288,LAE|MAE,31.907008372489297
12616,287,288,LAE|MAE,30.507328945033663
12617,287,303,LAE|MAE|SAE,49.087211835367334
12618,287,289,LAE|MAE,0.9660803055877336
12619,287,288,LAE|MAE,0.7545064379688822
12620,287,288,LAE|MAE,0.8186203415203666
12621,287,289,LAE|MAE,1.4064582608795853
12622,287,288,LAE|MAE,23.168953330420383
12623,287,288,LAE|MAE,1.0440198310204214
12624,287,288,LAE|MAE,0.8988790259477052
12625,287,288,LAE|MAE,0.8555785136252705
12626,287,289,LAE|MAE,8.372294166051894
12627,287,288,LAE|MAE,46.275597617538274
12628,287,288,LAE|MAE,0.9651805269703794
12629,287,288,LAE|MAE,15.3025560953884
12630,287,311,LAE|MAE|SAE,14.434333583404467
12631,287,289,LAE|MAE,1.1898775934888743
12632,287,290,LAE|MAE|SAE,2.6425162907416024
12633,287,288,LAE|MAE,7.646976738886898
12634,287,288,LAE|MAE,0.9677669063522482
12635,287,295,LAE|MAE|SAE,12.806429872919617
12636,287,289,LAE|MAE,33.08492762211263
12637,287,288,LAE|MAE,6.004327470859514
12638,287,294,LAE|MAE|SAE,12.811633056176257
12639,287,288,LAE|MAE,0.996954305481516
12640,287,288,LAE|MAE,1.103658653154915
12641,287,288,LAE|MAE,35.66572871282376
12642,287,291,LAE|MAE,18.88279838841963
12643,287,292,LAE|MAE|SAE,24.59998866691898
12644,287,288,LAE|MAE,1.283173445836987
12645,287,288,LAE|MAE,0.9980056388280314
12646,287,306,LAE|MAE|SAE,15.943448046712327
12647,287,288,LAE|MAE,0.8997188900307221
12648,287,299,LAE|MAE|SAE,34.96635671466381
12649,287,289,LAE|MAE,13.688014831676666
12650,287,288,LAE|MAE,0.8960826476073608
12651,287,288,LAE|MAE,0.7471351057167174
12652,287,288,LAE|MAE,4.015648331164169
12653,287,288,LAE|MAE,0.983395084269265
12654,285,289,MAE,39.83347641119037
12655,285,297,LAE|MAE,20.248553003837802
12656,285,289,MAE,32.50839203389364
12657,285,289,MAE,28.31378834859474
12658,285,327,LAE|MAE|SAE,20.929101137737025
12659,285,289,MAE,30.608515937192504
12660,285,289,MAE,21.397346085364248
12661,286,289,MAE|SAE,1.8068672103307142
12662,286,306,LAE|MAE|SAE,20.349559970229883
12663,286,290,MAE|SAE,18.948175849301347
12664,286,289,MAE|SAE,59.53084885901797
12665,286,295,LAE|MAE|SAE,17.211228497914618
12666,286,291,MAE|SAE,11.99646614566424
12667,286,290,MAE|SAE,36.85966178782867
12668,286,289,MAE|SAE,22.996483693888962
12669,287,296,LAE|MAE,43.87912504978665
12670,287,289,MAE,1.3295669146731701
12671,287,289,MAE,39.331691364139026
12672,287,292,LAE|MAE|SAE,1.4484263196446594
12673,287,289,MAE,29.559958172589603
12674,287,294,LAE|MAE|SAE,8.83859901211471
12675,287,292,LAE|MAE,15.164905887353111
12676,287,298,LAE|MAE|SAE,4.056563933893835
12677,288,296,LAE|MAE|SAE,35.563611290770424
12678,288,311,LAE|MAE|SAE,39.90198106247654
12679,288,290,LAE|MAE|SAE,0.9643574170262356
12680,288,289,LAE|MAE,1.2251087465297883
12681,288,290,LAE|MAE|SAE,8.29252124005712
12682,288,289,LAE|MAE,3.8304572669933776
12683,288,289,LAE|MAE,0.7253509739940399
12684,288,301,LAE|MAE|SAE,10.878826229600044
12685,288,296,LAE|MAE|SAE,30.633432220428993
12686,288,289,LAE|MAE,0.7495397954358355
12687,288,290,LAE|MAE|SAE,21.986939605463785
12688,288,293,LAE|MAE|SAE,30.349280179970563
12689,288,289,LAE|MAE,1.0359181488961866
12690,288,290,LAE|MAE|SAE,12.780985981421633
12691,288,298,LAE|MAE|SAE,9.640170270758542
12692,288,303,LAE|MAE|SAE,29.030660202479837
12693,288,289,LAE|MAE,16.121843466251843
12694,288,289,LAE|MAE,16.046460029664242
12695,288,291,LAE|MAE,44.01696681326848
12696,288,296,LAE|MAE|SAE,6.380266806684815
12697,288,291,LAE|MAE|SAE,50.797657202332964
12698,288,298,LAE|MAE|SAE,10.770709271032839
12699,288,291,LAE|MAE|SAE,11.664822143393442
12700,288,289,LAE|MAE,1.1050484349734158
12701,288,289,LAE|MAE,50.59795458393815
12702,288,291,LAE|MAE|SAE,1.5590573690628826
12703,288,289,LAE|MAE,5.815682748202084
12704,288,314,LAE|MAE|SAE,32.60937751828753
12705,288,290,LAE|MAE|SAE,6.965507592618311
12706,288,290,LAE|MAE|SAE,20.13791397494535
12707,288,311,LAE|MAE|SAE,13.216498239588253
12708,288,289,LAE|MAE,41.24315352385312
12709,286,291,MAE|SAE,55.05380264219375
12710,286,290,SAE,44.32460510214103
12711,286,290,SAE,6.036035078479095
12712,286,292,LAE|MAE|SAE,24.44294628814686
12713,286,294,MAE|SAE,18.33956780970813
12714,287,296,LAE|MAE|SAE,46.81908849896937
12715,287,290,MAE|SAE,34.471365007199964
12716,287,291,MAE|SAE,15.411287504567582
12717,287,290,MAE|SAE,33.65866564110983
12718,289,295,MAE|SAE,38.98171516845593
12719,289,290,MAE|SAE,26.071896584554953
12720,289,290,MAE|SAE,13.433495700341739
12721,289,290,MAE|SAE,4.548666309835416
12722,289,290,MAE|SAE,1.0980396170249869
12723,289,290,MAE|SAE,26.88272880497138
12724,289,291,MAE|SAE,1.1735171138605394
12725,289,291,MAE|SAE,1.0027133290505128
12726,289,291,MAE|SAE,18.90067383062298
12727,289,292,LAE|MAE|SAE,2.0311746384791314
12728,289,290,MAE|SAE,12.831860296480773
12729,289,290,MAE|SAE,17.763865415779033
12730,289,290,MAE|SAE,39.02400807802718
12731,289,295,MAE|SAE,41.96379034881475
12732,289,290,MAE|SAE,47.750664334115
12733,289,292,LAE|MAE|SAE,32.03206453818656
12734,289,296,LAE|MAE|SAE,57.734714857149484
12735,289,290,MAE|SAE,18.82707991458926
12736,289,290,MAE|SAE,0.7471556850764193
12737,289,290,MAE|SAE,1.6554022392239132
12738,289,290,MAE|SAE,24.137740036374378
12739,289,290,MAE|SAE,0.8259408468513713
12740,289,290,MAE|SAE,7.871164559080695
12741,289,290,MAE|SAE,28.637362864180353
12742,289,291,MAE|SAE,22.59280809782434
12743,289,290,MAE|SAE,1.085228960272072
12744,289,292,LAE|MAE|SAE,16.1595355207786
12745,287,292,LAE|MAE,45.101731934694214
12746,287,291,MAE,38.57093065589621
12747,287,297,MAE,37.93802965644375
12748,287,297,LAE|MAE,27.4499046874574
12749,287,297,MAE,39.277255667373026
12750,287,300,LAE|MAE|SAE,22.238101355605906
12751,287,291,MAE,8.143062543744826
12752,288,306,LAE|MAE|SAE,47.53088124451949
12753,288,291,LAE|MAE,3.4466885191890513
12754,288,301,LAE|MAE,39.21168927524232
12755,288,295,LAE|MAE|SAE,22.72543162694377
12756,288,291,LAE|MAE,9.929554314593199
12757,288,296,LAE|MAE,30.70824314551435
12758,288,291,LAE|MAE,17.833724660678666
12759,289,292,LAE|MAE,28.37636029286765
12760,289,292,LAE|MAE,1.0658055130554964
12761,289,291,MAE,40.81494093764122
12762,289,292,LAE|MAE,1.0282862196905918
12763,289,291,MAE,1.066491196614764
12764,289,297,MAE|SAE,25.351971484594717
12765,290,291,MAE|SAE,48.11666106069514
12766,290,295,MAE|SAE,14.125273358445934
12767,290,293,MAE|SAE,45.32564169187665
12768,290,292,LAE|MAE|SAE,1.13091249810281
12769,290,307,LAE|MAE|SAE,40.67104362811415
12770,290,291,MAE|SAE,0.9957253221104321
12771,290,291,MAE|SAE,7.948891204479142
12772,290,292,LAE|MAE|SAE,1.5141549606304987
12773,290,301,LAE|MAE|SAE,58.836648327732256
12774,290,292,LAE|MAE|SAE,0.9431550187883185
12775,290,291,MAE|SAE,19.195093611956263
12776,290,291,MAE|SAE,0.852076835854141
12777,290,293,MAE|SAE,53.08383010638326
12778,290,292,LAE|MAE|SAE,0.9948070890502341
12779,290,291,MAE|SAE,1.0403338788830805
12780,290,291,MAE|SAE,42.79304494526991
12781,290,291,MAE|SAE,12.301669093986929
12782,290,291,MAE|SAE,0.8921240777926064
12783,290,292,LAE|MAE|SAE,5.703111739103209
12784,290,295,LAE|MAE|SAE,31.319690371567646
12785,290,297,MAE|SAE,31.922539013905144
12786,290,291,MAE|SAE,1.2021498400117039
12787,290,291,MAE|SAE,4.710856855909731
12788,290,294,MAE|SAE,15.55390314811789
12789,290,294,LAE|MAE|SAE,15.075799896715754
12790,290,291,MAE|SAE,30.822544664409907
12791,290,294,LAE|MAE|SAE,32.755140203903615
12792,290,291,MAE|SAE,14.047744940612649
12793,290,293,MAE|SAE,1.5865640304701873
12794,288,293,LAE|MAE,19.711702517620097
12795,288,292,LAE,18.780364562124387
12796,288,297,LAE|MAE|SAE,27.643052486461084
12797,288,354,LAE|MAE|SAE,24.928954414864045
12798,289,296,LAE|MAE,28.476578194170163
12799,289,292,LAE|MAE,14.848205856460277
12800,289,292,LAE|MAE,37.73164155116035
12801,289,293,LAE|MAE,47.74234142720935
12802,289,295,LAE|MAE,10.249293350704253
12803,291,296,LAE|MAE,33.03249984320873
12804,291,294,LAE|MAE|SAE,1.3458136954297784
12805,291,292,LAE|MAE,0.8481029430871888
12806,291,292,LAE|MAE,6.489800520251703
12807,291,292,LAE|MAE,0.8206118080357534
12808,291,293,LAE|MAE,1.0779775886207903
12809,291,292,LAE|MAE,19.354397441986837
12810,291,293,LAE|MAE,10.668399175996463
12811,291,292,LAE|MAE,1.0140048515819469
12812,291,294,LAE|MAE|SAE,1.4035107522856065
12813,291,294,LAE|MAE|SAE,1.7282919011432747
12814,291,292,LAE|MAE,0.8537780347083963
12815,291,301,LAE|MAE|SAE,12.385996505657834
12816,291,294,LAE|MAE|SAE,37.503474237257464
12817,291,293,LAE|MAE,59.77114534087744
12818,291,302,LAE|MAE|SAE,36.42693794877392
12819,291,292,LAE|MAE,0.8025903730587506
12820,291,297,LAE|MAE,39.215334689117356
12821,291,292,LAE|MAE,1.6678092671998768
12822,291,306,LAE|MAE|SAE,4.191579110380976
12823,291,292,LAE|MAE,0.8006786002811196
12824,291,292,LAE|MAE,0.8255464181823033
12825,291,310,LAE|MAE|SAE,48.98271134127434
12826,291,295,LAE|MAE,56.20028626057252
12827,291,292,LAE|MAE,4.412833469214117
12828,291,292,LAE|MAE,12.730445597493446
12829,291,292,LAE|MAE,25.01869808432195
12830,291,292,LAE|MAE,1.006396316765961
12831,291,292,LAE|MAE,0.7539606032946957
12832,291,292,LAE|MAE,40.722292553547454
12833,291,292,LAE|MAE,0.7775464039445422
12834,291,301,LAE|MAE,27.243445050896405
12835,291,292,LAE|MAE,7.0913100248470124
12836,291,292,LAE|MAE,0.790532859905111
12837,291,292,LAE|MAE,1.028502321084713
12838,291,292,LAE|MAE,1.0675823048028938
12839,291,293,LAE|MAE,58.67703620247494
12840,289,296,LAE|MAE|SAE,13.686765646658944
12841,289,298,MAE|SAE,14.40616770311484
12842,289,301,LAE|MAE|SAE,51.08949121106004
12843,290,294,MAE|SAE,11.306198179094627
12844,290,308,LAE|MAE|SAE,49.568752582743805
12845,290,298,MAE|SAE,28.05950562645115
12846,290,293,MAE|SAE,45.99920619209107
12847,290,293,MAE|SAE,53.98289976124072
12848,291,293,MAE,15.001641662572379
12849,291,293,MAE,35.918855856443656
12850,291,293,MAE,44.9754998308215
12851,291,295,MAE,16.82600604902976
12852,291,296,LAE|MAE,11.46349005771675
12853,291,296,LAE|MAE,54.29647380904021
12854,291,297,MAE|SAE,7.6273216420531345
12855,291,301,LAE|MAE|SAE,46.49151079879036
12856,291,302,LAE|MAE|SAE,2.416801586625887
12857,291,303,LAE|MAE,58.68895112424355
12858,291,320,LAE|MAE,7.292502772493533
12859,291,293,MAE,59.789271007452726
12860,291,293,MAE,1.3180403884189744
12861,292,297,LAE|MAE|SAE,37.27139905013266
12862,292,293,LAE|MAE,15.032862551753295
12863,292,303,LAE|MAE|SAE,40.792081156598584
12864,292,295,LAE|MAE,36.32994415880322
12865,292,310,LAE|MAE|SAE,24.67114411301947
12866,292,312,LAE|MAE|SAE,12.453562130008944
12867,292,296,LAE|MAE|SAE,1.525889755916093
12868,292,293,LAE|MAE,0.7295775807917353
12869,292,293,LAE|MAE,0.9888112573478751
12870,292,296,LAE|MAE,12.42990458557845
12871,292,293,LAE|MAE,27.132340474632162
12872,292,295,LAE|MAE|SAE,1.3381762041750944
12873,292,296,LAE|MAE|SAE,34.671925335489945
12874,292,297,LAE|MAE,43.940652250723545
12875,292,293,LAE|MAE,0.8365888492247284
12876,292,293,LAE|MAE,31.673473178808656
12877,292,293,LAE|MAE,45.33674421809788
12878,292,295,LAE|MAE,1.431907201681725
12879,292,293,LAE|MAE,30.026133574776992
12880,292,295,LAE|MAE|SAE,27.97432417191503
12881,292,295,LAE|MAE|SAE,17.398069835496553
12882,292,293,LAE|MAE,2.1051608662743972
12883,292,299,LAE|MAE|SAE,7.183647660091869
12884,292,293,LAE|MAE,1.004335692038818
12885,292,293,LAE|MAE,33.1571177182982
12886,292,298,LAE|MAE|SAE,57.11423038732819
12887,292,295,LAE|MAE,46.54105557169113
12888,292,293,LAE|MAE,41.191460535046225
12889,292,293,LAE|MAE,1.03102530899231
12890,292,308,LAE|MAE|SAE,31.061790373389773
12891,292,293,LAE|MAE,55.12222436277729
12892,292,297,LAE|MAE,3.4363271834395737
12893,292,293,LAE|MAE,35.141786982278965
12894,292,293,LAE|MAE,0.8593674286686627
12895,292,303,LAE|MAE,41.251537660660446
12896,290,305,LAE|MAE|SAE,16.16073847367475
12897,290,294,SAE,36.272958810464175
12898,290,294,SAE,24.701912065803736
12899,290,298,MAE|SAE,11.818738522635222
12900,290,294,SAE,17.604010059807933
12901,290,294,SAE,29.689443173925852
12902,290,337,MAE|SAE,45.21482902864054
12903,293,294,MAE|SAE,0.8688115816583774
12904,293,297,MAE|SAE,1.2833393141185887
12905,293,301,LAE|MAE|SAE,9.076124608538477
12906,293,294,MAE|SAE,12.949708370169581
12907,293,294,MAE|SAE,1.1397509893461346
12908,293,294,MAE|SAE,0.7432952208162142
12909,293,294,MAE|SAE,0.8412610651008443
12910,293,294,MAE|SAE,0.8245849072463652
12911,293,294,MAE|SAE,28.713135893781917
12912,293,303,LAE|MAE|SAE,53.509850925657894
12913,293,300,LAE|MAE|SAE,34.27902736357354
12914,293,296,LAE|MAE|SAE,39.2922250797347
12915,293,296,LAE|MAE|SAE,11.772088165954566
12916,293,294,MAE|SAE,24.71068164718853
12917,293,304,LAE|MAE|SAE,15.630870464574265
12918,293,301,LAE|MAE|SAE,11.676663288653693
12919,293,303,LAE|MAE|SAE,33.82535767439465
12920,293,296,LAE|MAE|SAE,14.598607300133596
12921,293,294,MAE|SAE,23.031545095604518
12922,293,304,LAE|MAE|SAE,6.759971560813265
12923,293,294,MAE|SAE,21.409020356206593
12924,293,299,MAE|SAE,11.776379330323776
12925,293,294,MAE|SAE,0.8686331577168667
12926,293,296,LAE|MAE|SAE,4.04956315840777
12927,293,300,LAE|MAE|SAE,13.713007340711846
12928,293,294,MAE|SAE,0.8923481950254257
12929,293,294,MAE|SAE,1.409774267348724
12930,293,294,MAE|SAE,1.083679759533685
12931,293,294,MAE|SAE,1.4490641750318354
12932,293,302,LAE|MAE|SAE,6.83615138055987
12933,293,294,MAE|SAE,1.1071040415300326
12934,293,294,MAE|SAE,24.058562637716992
12935,291,295,MAE,14.927231043762035
12936,291,295,MAE,8.658836597004065
12937,291,296,LAE|MAE,36.482371602258624
12938,291,295,MAE,44.62026116539353
12939,291,295,MAE,59.2089364716481
12940,291,297,MAE,49.317274693739854
12941,291,297,LAE|MAE,28.5179104235313
12942,292,295,LAE|MAE,45.26598972251943
12943,292,304,LAE|MAE|SAE,7.191543110950788
12944,292,297,LAE|MAE,2.0487634001239714
12945,292,295,LAE|MAE,37.81021233222716
12946,292,296,LAE|MAE,28.542864510495566
12947,293,300,LAE|MAE,45.45567717822073
12948,293,306,LAE|MAE|SAE,23.352253588709146
12949,293,298,LAE|MAE|SAE,44.15280205742917
12950,293,298,LAE|MAE|SAE,6.539061844006324
12951,293,308,LAE|MAE|SAE,21.757872962039812
12952,293,295,MAE,18.85671702470837
12953,293,342,LAE|MAE|SAE,46.954922445396676
12954,293,295,MAE,1.128386014057993
12955,293,299,MAE,7.465185310946829
12956,293,303,LAE|MAE|SAE,7.18180568647259
12957,294,297,LAE|MAE|SAE,43.875446523142145
12958,294,295,MAE|SAE,1.2237552420937676
12959,294,296,LAE|MAE|SAE,16.42423595957334
12960,294,295,MAE|SAE,26.60508064125504
12961,294,295,MAE|SAE,33.21370289558603
12962,294,295,MAE|SAE,1.180609248659455
12963,294,296,LAE|MAE|SAE,16.71596968367974
12964,294,295,MAE|SAE,35.44450698312664
12965,294,295,MAE|SAE,20.905772588665183
12966,294,295,MAE|SAE,13.831718158492908
12967,294,304,LAE|MAE|SAE,27.968921089668207
12968,294,295,MAE|SAE,19.34305621541035
12969,294,298,MAE|SAE,36.439689998979524
12970,294,295,MAE|SAE,17.569409002754217
12971,294,295,MAE|SAE,1.3232873718460674
12972,294,299,MAE|SAE,18.956258443252928
12973,294,297,LAE|MAE|SAE,2.725090238530786
12974,294,295,MAE|SAE,46.624192259634846
12975,294,303,LAE|MAE|SAE,30.029901668445977
12976,294,308,LAE|MAE|SAE,12.019241988530881
12977,294,295,MAE|SAE,1.7447302407055159
12978,294,295,MAE|SAE,11.200074974603327
12979,292,296,LAE,42.75279620497644
12980,292,296,LAE,42.28166960517285
12981,293,299,LAE|MAE,7.646224079396494
12982,293,296,LAE|MAE,42.221135335285396
12983,293,296,LAE|MAE,24.51389865466936
12984,293,297,LAE|MAE,18.58569680202453
12985,293,296,LAE|MAE,56.06143899005525
12986,295,314,LAE|MAE|SAE,13.148074385026238
12987,295,296,LAE|MAE,31.936182785005766
12988,295,296,LAE|MAE,31.445738300492668
12989,295,298,LAE|MAE|SAE,5.887141175291693
12990,295,299,LAE|MAE,2.6754989597257333
12991,295,300,LAE|MAE|SAE,2.5857282590537265
12992,295,296,LAE|MAE,39.84268115012723
12993,295,297,LAE|MAE,17.73267031216022
12994,295,298,LAE|MAE|SAE,1.7019439987303306
12995,295,297,LAE|MAE,1.6030584951241373
12996,295,296,LAE|MAE,11.738865502431205
12997,295,296,LAE|MAE,31.73902142767699
12998,295,296,LAE|MAE,0.8946964794858695
12999,295,303,LAE|MAE|SAE,50.90229194472482
13000,295,342,LAE|MAE|SAE,37.567581084023956
13001,295,297,LAE|MAE,0.9292572967234931
13002,295,299,LAE|MAE|SAE,16.16567862059446
13003,295,296,LAE|MAE,1.609992220338636
13004,295,296,LAE|MAE,38.48808467577472
13005,295,296,LAE|MAE,45.228971592567376
13006,295,296,LAE|MAE,1.1068297225220332
13007,295,296,LAE|MAE,1.460508167223136
13008,295,297,LAE|MAE,13.54492730153408
13009,295,303,LAE|MAE|SAE,23.33071873526669
13010,295,296,LAE|MAE,0.8735474873685108
13011,295,301,LAE|MAE|SAE,8.612054884302331
13012,293,297,MAE,5.713060001750875
13013,293,300,LAE|MAE,11.007258009853189
13014,293,301,MAE,41.52295632136755
13015,294,298,MAE|SAE,11.688302041436215
13016,294,297,MAE|SAE,6.901487090659932
13017,294,299,MAE|SAE,40.16254008882302
13018,294,298,MAE|SAE,29.317631632781392
13019,294,313,LAE|MAE|SAE,37.191707020464904
13020,294,298,MAE|SAE,42.503663582691615
13021,294,298,MAE|SAE,30.1085427326624
13022,295,303,LAE|MAE|SAE,51.971251667665925
13023,295,315,LAE|MAE|SAE,12.241736054642391
13024,295,311,LAE|MAE|SAE,10.257123262178794
13025,295,300,LAE|MAE|SAE,37.597520825616925
13026,295,297,MAE,1.8039545827943992
13027,295,302,LAE|MAE|SAE,8.025817044256478
13028,295,302,LAE|MAE|SAE,34.350343660443585
13029,295,299,MAE|SAE,1.8785048602900989
13030,295,297,MAE,1.0266672169567088
13031,296,297,LAE|MAE,0.8552433563614702
13032,296,297,LAE|MAE,0.8739126295257137
13033,296,297,LAE|MAE,0.8938855673118334
13034,296,301,LAE|MAE,42.30593449131033
13035,296,298,LAE|MAE|SAE,1.175867839016095
13036,296,297,LAE|MAE,1.4080985173979383
13037,296,299,LAE|MAE,1.473038262271782
13038,296,297,LAE|MAE,6.376290077489061
13039,296,298,LAE|MAE|SAE,2.427441526610322
13040,296,297,LAE|MAE,0.9055999096153633
13041,296,300,LAE|MAE|SAE,24.35593564217156
13042,296,297,LAE|MAE,0.7919251311630451
13043,296,299,LAE|MAE|SAE,51.27198498093235
13044,296,297,LAE|MAE,9.77562614591007
13045,296,301,LAE|MAE,39.108706418737874
13046,296,297,LAE|MAE,1.7513933018632062
13047,296,297,LAE|MAE,1.070441973013444
13048,296,307,LAE|MAE|SAE,40.138951994188744
13049,296,299,LAE|MAE|SAE,2.0583236188267153
13050,296,297,LAE|MAE,0.8986734435973751
13051,296,297,LAE|MAE,0.9571505669576258
13052,296,303,LAE|MAE,21.809813079917078
13053,296,299,LAE|MAE|SAE,1.4707268345999442
13054,296,298,LAE|MAE|SAE,40.40595381570624
13055,296,298,LAE|MAE|SAE,23.730223569421593
13056,296,302,LAE|MAE|SAE,14.620317849050059
13057,296,302,LAE|MAE|SAE,7.8072930747244005
13058,296,307,LAE|MAE|SAE,49.85644172678849
13059,296,301,LAE|MAE|SAE,6.8199138349622155
13060,296,301,LAE|MAE|SAE,40.70108433012431
13061,296,306,LAE|MAE|SAE,7.4064883128716446
13062,296,301,LAE|MAE|SAE,30.407285713274256
13063,296,303,LAE|MAE|SAE,25.010634687774182
13064,296,311,LAE|MAE|SAE,34.76354289692047
13065,296,297,LAE|MAE,19.664621582629998
13066,296,297,LAE|MAE,2.0868319858326356
13067,296,297,LAE|MAE,0.8050089143868197
13068,294,298,SAE,36.05789273646849
13069,294,298,SAE,17.03860024306964
13070,295,298,MAE|SAE,23.663079683251134
13071,295,298,MAE|SAE,9.89234203676898
13072,295,298,MAE|SAE,18.13514567637277
13073,297,298,MAE|SAE,0.9486032521141153
13074,297,300,LAE|MAE|SAE,5.631504131345047
13075,297,303,LAE|MAE|SAE,8.663514169918392
13076,297,298,MAE|SAE,0.9668946066648282
13077,297,298,MAE|SAE,1.3445020418953986
13078,297,298,MAE|SAE,0.9564383517411784
13079,297,299,MAE|SAE,18.406427947233627
13080,297,299,MAE|SAE,1.5969376455703328
13081,297,353,LAE|MAE|SAE,49.142887576900804
13082,297,310,LAE|MAE|SAE,11.100936006080287
13083,297,298,MAE|SAE,54.548370620495824
13084,297,304,LAE|MAE|SAE,25.69645321002542
13085,297,299,MAE|SAE,56.646018460807795
13086,297,298,MAE|SAE,1.0228518670623485
13087,297,299,MAE|SAE,1.481052786771084
13088,297,303,LAE|MAE|SAE,15.028524520749327
13089,297,306,LAE|MAE|SAE,14.51501650957748
13090,297,298,MAE|SAE,6.087409878043282
13091,297,304,LAE|MAE|SAE,35.550466255896666
13092,297,299,MAE|SAE,46.8694025830901
13093,297,298,MAE|SAE,1.0370770061884707
13094,297,302,MAE|SAE,4.786514961018713
13095,297,298,MAE|SAE,1.651192817578797
13096,297,298,MAE|SAE,1.5456058782956912
13097,297,299,MAE|SAE,1.5555577084376229
13098,297,339,LAE|MAE|SAE,32.274827306170714
13099,297,310,LAE|MAE|SAE,38.010321926805
13100,297,298,MAE|SAE,56.56513837570765
13101,297,305,LAE|MAE|SAE,18.979948504204252
13102,297,305,LAE|MAE|SAE,3.1585471309111424
13103,297,298,MAE|SAE,1.834222144570296
13104,297,298,MAE|SAE,26.782315190080727
13105,297,299,MAE|SAE,1.9269567090801882
13106,297,298,MAE|SAE,0.8317572075363366
13107,295,309,LAE|MAE,30.5266299810707
13108,296,301,LAE|MAE,41.75390695488591
13109,296,300,LAE|MAE,5.246350759217268
13110,296,301,LAE|MAE,5.585329489371248
13111,296,310,LAE|MAE|SAE,9.7906678964468
13112,296,299,LAE|MAE,27.547283172447127
13113,297,300,LAE|MAE,11.236973744196417
13114,297,299,MAE,5.877750496948874
13115,297,299,MAE,1.3411963255204062
13116,297,299,MAE,17.1983345075846
13117,298,303,LAE|MAE|SAE,5.607040519686041
13118,298,300,LAE|MAE|SAE,22.27175309489191
13119,298,299,MAE|SAE,9.516026207674667
13120,298,314,LAE|MAE|SAE,37.44265286799204
13121,298,299,MAE|SAE,0.7653608398819403
13122,298,299,MAE|SAE,1.027755096112717
13123,298,300,LAE|MAE|SAE,0.8691706229836756
13124,298,299,MAE|SAE,0.9210421078186768
13125,298,299,MAE|SAE,1.3238579301121745
13126,298,300,LAE|MAE|SAE,1.6914177959279728
13127,298,306,LAE|MAE|SAE,42.191174625847225
13128,298,308,LAE|MAE|SAE,12.851585352944618
13129,298,300,LAE|MAE|SAE,9.402063210147578
13130,298,306,LAE|MAE|SAE,46.3213468855113
13131,298,299,MAE|SAE,6.9093690452026415
13132,298,309,LAE|MAE|SAE,14.693139077592347
13133,298,299,MAE|SAE,5.616150906169326
13134,298,299,MAE|SAE,1.1524671163007787
13135,298,299,MAE|SAE,19.280284126193397
13136,298,304,LAE|MAE|SAE,5.4631941374743915
13137,298,299,MAE|SAE,1.3936803124195523
13138,298,304,LAE|MAE|SAE,17.25206457854801
13139,298,302,LAE|MAE|SAE,17.680445992503213
13140,298,302,MAE|SAE,1.8059590674392882
13141,298,302,LAE|MAE|SAE,18.7041086027335
13142,298,300,LAE|MAE|SAE,1.611628674180996
13143,298,300,LAE|MAE|SAE,22.126537321177466
13144,298,299,MAE|SAE,20.54848376632157
13145,296,300,LAE,16.228949261483688
13146,296,300,LAE,52.4682237704866
13147,296,300,LAE,32.24436547092723
13148,296,302,LAE|MAE|SAE,8.840130203890466
13149,297,301,LAE|MAE,16.32586768102919
13150,297,300,LAE|MAE,6.030208496159842
13151,297,300,LAE|MAE,1.612883980253435
13152,299,306,LAE|MAE|SAE,56.315979498812844
13153,299,306,LAE|MAE|SAE,1.9232189818872933
13154,299,301,LAE|MAE,51.33736465224228
13155,299,300,LAE|MAE,0.7208600403254861
13156,299,300,LAE|MAE,0.7571417409075061
13157,299,300,LAE|MAE,0.865460074381437
13158,299,313,LAE|MAE|SAE,58.15023171882331
13159,299,307,LAE|MAE|SAE,42.70436140113208
13160,299,300,LAE|MAE,36.810653899678734
13161,299,300,LAE|MAE,37.948627880318334
13162,299,307,LAE|MAE|SAE,39.263330852083755
13163,299,300,LAE|MAE,1.593943324445383
13164,299,306,LAE|MAE|SAE,6.07680844120847
13165,299,307,LAE|MAE|SAE,16.83279100236055
13166,299,300,LAE|MAE,0.8812824061639907
13167,299,309,LAE|MAE|SAE,3.3687802831186624
13168,299,300,LAE|MAE,36.30742826149304
13169,299,307,LAE|MAE|SAE,30.992815155994254
13170,299,300,LAE|MAE,5.639752001464857
13171,299,306,LAE|MAE|SAE,27.64824430337564
13172,299,300,LAE|MAE,1.2051091736410322
13173,299,300,LAE|MAE,5.538948169684289
13174,299,300,LAE|MAE,54.710485642429624
13175,299,305,LAE|MAE,14.622097491215209
13176,297,304,LAE|MAE|SAE,13.283278064664369
13177,297,301,MAE,7.316430012326667
13178,297,303,MAE|SAE,9.11432329713845
13179,298,301,MAE|SAE,2.2616915741895958
13180,298,301,MAE|SAE,20.681935646844597
13181,298,302,MAE|SAE,9.199095894997514
13182,298,301,MAE|SAE,1.8418473655707424
13183,298,309,LAE|MAE|SAE,31.056052491118795
13184,298,305,LAE|MAE|SAE,24.381783581094332
13185,298,304,LAE|MAE|SAE,5.263220488020427
13186,298,311,LAE|MAE|SAE,35.973962651305335
13187,298,302,MAE|SAE,20.768303427454814
13188,299,301,MAE,37.34420884033353
13189,299,301,MAE,32.49567992788486
13190,299,301,MAE,1.0431766372840354
13191,299,301,MAE,50.17999536286898
13192,299,302,MAE|SAE,44.5246155621266
13193,299,301,MAE,1.758292279490452
13194,299,301,MAE,16.269821343842686
13195,299,301,MAE,41.152464546311556
13196,299,301,MAE,52.07752736247564
13197,300,307,LAE|MAE,46.651583508324315
13198,300,301,LAE|MAE,20.72533666532915
13199,300,301,LAE|MAE,0.9117189271292097
13200,300,304,LAE|MAE|SAE,15.119318159314396
13201,300,302,LAE|MAE|SAE,2.942982417635328
13202,300,303,LAE|MAE|SAE,21.38587103708023
13203,300,301,LAE|MAE,1.2067099340942142
13204,300,306,LAE|MAE|SAE,18.069071030106986
13205,300,301,LAE|MAE,29.307122874865286
13206,300,315,LAE|MAE|SAE,41.17774328381865
13207,300,301,LAE|MAE,1.2034561653798441
13208,300,302,LAE|MAE|SAE,33.18373803344376
13209,300,301,LAE|MAE,42.74032154931258
13210,300,301,LAE|MAE,39.390180019171936
13211,300,301,LAE|MAE,25.721302431580256
13212,300,302,LAE|MAE|SAE,17.76443249602426
13213,300,301,LAE|MAE,46.98206037599588
13214,300,303,LAE|MAE,15.174061046639462
13215,300,301,LAE|MAE,0.8307419874875371
13216,300,301,LAE|MAE,40.24745883335473
13217,300,301,LAE|MAE,27.397326506415652
13218,300,304,LAE|MAE|SAE,18.529322113319104
13219,300,314,LAE|MAE|SAE,34.42304557476727
13220,298,304,LAE|MAE|SAE,39.29269936296046
13221,298,302,SAE,6.354594542199746
13222,298,316,LAE|MAE|SAE,27.30531432878777
13223,298,314,LAE|MAE|SAE,39.62794813282952
13224,298,302,SAE,28.910860474076408
13225,298,302,SAE,14.90732627950153
13226,299,302,MAE|SAE,41.20505773272505
13227,299,305,LAE|MAE|SAE,37.428944364236536
13228,299,302,MAE|SAE,11.412020998546932
13229,299,338,LAE|MAE|SAE,37.77024928735127
13230,299,306,LAE|MAE|SAE,30.134495441182462
13231,301,302,MAE|SAE,28.914263753477222
13232,301,302,MAE|SAE,34.426665912184795
13233,301,306,LAE|MAE|SAE,32.13701817083391
13234,301,302,MAE|SAE,38.383403853853345
13235,301,308,LAE|MAE|SAE,12.414541440542296
13236,301,302,MAE|SAE,31.364335983593357
13237,301,302,MAE|SAE,21.832399601469703
13238,301,303,MAE|SAE,6.398006927695322
13239,301,304,LAE|MAE|SAE,4.312036554156053
13240,301,310,MAE|SAE,29.003565761048467
13241,301,304,LAE|MAE|SAE,25.88951560621547
13242,301,302,MAE|SAE,0.9318759108097711
13243,301,310,LAE|MAE|SAE,17.203316596661686
13244,301,302,MAE|SAE,1.1323733433357934
13245,301,303,MAE|SAE,33.31104123837812
13246,301,302,MAE|SAE,37.27132908609859
13247,301,303,MAE|SAE,5.590754382065295
13248,301,302,MAE|SAE,0.8374773503802253
13249,301,314,LAE|MAE|SAE,18.30393613131971
13250,301,304,LAE|MAE|SAE,1.9771597113665684
13251,301,302,MAE|SAE,42.61823410130156
13252,301,315,LAE|MAE|SAE,15.075958938757205
13253,301,304,LAE|MAE|SAE,14.417978861785205
13254,301,309,LAE|MAE|SAE,2.843980428680961
13255,301,302,MAE|SAE,5.581312017473337
13256,301,304,LAE|MAE|SAE,5.1537926836512815
13257,301,302,MAE|SAE,24.47303043235124
13258,301,302,MAE|SAE,1.0384488822634474
13259,301,302,MAE|SAE,10.843526091227927
13260,301,302,MAE|SAE,5.985609769368298
13261,299,303,MAE,5.271500844229529
13262,299,307,MAE,2.404620927845001
13263,299,303,MAE,23.30992562853092
13264,300,308,LAE|MAE,29.066387276117133
13265,300,303,LAE|MAE,32.416233608326486
13266,300,303,LAE|MAE,34.12911075538035
13267,300,304,LAE|MAE,22.775884180116005
13268,300,326,LAE|MAE|SAE,21.34705833026201
13269,300,303,LAE|MAE,1.3831906632708715
13270,300,303,LAE|MAE,26.778495678726742
13271,300,303,LAE|MAE,44.88837901931788
13272,300,307,LAE|MAE,17.001330661336944
13273,300,303,LAE|MAE,1.5215588942198601
13274,301,303,MAE,30.33140688243534
13275,301,305,MAE,1.2671896735354737
13276,301,307,MAE|SAE,29.235474536856735
13277,301,303,MAE,33.150162208169974
13278,301,313,LAE|MAE|SAE,46.47141462006465
13279,301,304,LAE|MAE,22.45129447367123
13280,301,313,LAE|MAE|SAE,3.951568507789708
13281,301,305,MAE,4.73870527171153
13282,302,305,LAE|MAE|SAE,32.953358039025446
13283,302,311,LAE|MAE|SAE,30.88688388745103
13284,302,304,LAE|MAE|SAE,27.49515663404655
13285,302,303,MAE|SAE,1.1977020085099819
13286,302,313,LAE|MAE|SAE,33.76426746435774
13287,302,304,LAE|MAE|SAE,30.554287441117555
13288,302,303,MAE|SAE,35.35048598963227
13289,302,303,MAE|SAE,1.0177126411660506
13290,302,303,MAE|SAE,13.765106673314945
13291,302,303,MAE|SAE,17.590734862584384
13292,302,305,MAE|SAE,1.5931641881069525
13293,302,303,MAE|SAE,5.279973694379383
13294,302,314,LAE|MAE|SAE,35.57978712635866
13295,302,307,LAE|MAE|SAE,12.914803671369471
13296,302,303,MAE|SAE,0.8504327455220717
13297,302,308,LAE|MAE|SAE,22.939497756012756
13298,302,307,MAE|SAE,31.92511001794401
13299,302,311,LAE|MAE|SAE,39.93336212080562
13300,302,303,MAE|SAE,0.8321340058451331
13301,302,304,LAE|MAE|SAE,46.524385897218956
13302,302,305,MAE|SAE,5.090403951574259
13303,302,307,MAE|SAE,15.13660675787847
13304,302,312,LAE|MAE|SAE,5.568904576123509
13305,302,303,MAE|SAE,17.819611352821777
13306,302,313,LAE|MAE|SAE,53.98543716763275
13307,300,355,LAE|MAE|SAE,55.05494179931047
13308,300,304,LAE,8.73791208182262
13309,300,304,LAE,12.510585727900246
13310,301,308,LAE|MAE,18.346786775329395
13311,301,308,LAE|MAE,14.792693128220876
13312,301,304,LAE|MAE,27.185451934706293
13313,303,304,LAE|MAE,0.918171139585784
13314,303,304,LAE|MAE,13.089054182462657
13315,303,307,LAE|MAE,1.931086685368003
13316,303,305,LAE|MAE,18.80536439024002
13317,303,304,LAE|MAE,1.1520419775837354
13318,303,306,LAE|MAE|SAE,18.46332924014054
13319,303,307,LAE|MAE|SAE,20.71263697081398
13320,303,309,LAE|MAE|SAE,1.5715596864696892
13321,303,305,LAE|MAE,21.804599215703494
13322,303,304,LAE|MAE,12.484589487175766
13323,303,353,LAE|MAE|SAE,36.1917461303411
13324,303,304,LAE|MAE,0.8079071909136347
13325,303,311,LAE|MAE|SAE,51.444364420666766
13326,303,308,LAE|MAE,2.3504422856329645
13327,303,304,LAE|MAE,1.0660407966267647
13328,303,304,LAE|MAE,5.402131306628028
13329,303,305,LAE|MAE,26.009056296625133
13330,303,308,LAE|MAE,4.739068834862583
13331,303,307,LAE|MAE,17.641468657602797
13332,303,305,LAE|MAE,5.098694397315335
13333,303,316,LAE|MAE,40.06987134097479
13334,303,311,LAE|MAE|SAE,28.865991180610123
13335,303,304,LAE|MAE,26.749374572438004
13336,303,304,LAE|MAE,0.7890026109085513
13337,301,310,MAE|SAE,2.9380284220077444
13338,301,305,MAE,32.65673702887858
13339,301,305,MAE,2.1401420566971585
13340,301,307,MAE|SAE,34.99081213837181
13341,301,307,MAE,59.850651376157145
13342,302,305,MAE|SAE,18.71497422508401
13343,302,305,MAE|SAE,23.56943633626375
13344,302,314,MAE|SAE,20.564457919398127
13345,302,315,LAE|MAE|SAE,34.89685150281655
13346,302,305,MAE|SAE,9.73863200781338
13347,302,306,MAE|SAE,1.46746108033212
13348,303,310,MAE|SAE,22.23272897642049
13349,303,308,LAE|MAE|SAE,59.1425064576464
13350,303,305,MAE,14.567314923020527
13351,303,317,MAE,45.36485219390443
13352,303,305,MAE,19.321154049110604
13353,303,317,LAE|MAE,5.8365005799549525
13354,304,305,LAE|MAE,0.737575815132682
13355,304,305,LAE|MAE,0.8192850809584624
13356,304,307,LAE|MAE,34.37413161397023
13357,304,305,LAE|MAE,38.0240842067353
13358,304,307,LAE|MAE|SAE,1.6684649643217293
13359,304,307,LAE|MAE|SAE,1.0774474944953882
13360,304,311,LAE|MAE|SAE,16.075327724937143
13361,304,305,LAE|MAE,1.6958813600774019
13362,304,308,LAE|MAE|SAE,14.622822453985382
13363,304,310,LAE|MAE|SAE,15.593869509842243
13364,304,305,LAE|MAE,1.7952579023394477
13365,304,305,LAE|MAE,12.108339495287328
13366,304,305,LAE|MAE,16.564460417835484
13367,304,306,LAE|MAE|SAE,24.540364946559343
13368,304,309,LAE|MAE|SAE,45.25606767940343
13369,304,307,LAE|MAE|SAE,1.0610313923182022
13370,304,305,LAE|MAE,18.340594327549606
13371,304,305,LAE|MAE,10.759873178189471
13372,304,305,LAE|MAE,1.0363616384695271
13373,304,305,LAE|MAE,5.1634618095494575
13374,304,310,LAE|MAE|SAE,22.233633342901587
13375,304,305,LAE|MAE,0.841204980006504
13376,304,305,LAE|MAE,1.387455276888241
13377,304,306,LAE|MAE|SAE,1.3221898418020734
13378,304,305,LAE|MAE,0.7779773100992743
13379,304,315,LAE|MAE|SAE,18.539467407365926
13380,304,305,LAE|MAE,0.795636948998604
13381,302,306,SAE,26.472345147051346
13382,302,319,LAE|MAE|SAE,20.02431435289251
13383,302,313,MAE|SAE,37.66971794513813
13384,302,310,MAE|SAE,35.724292321876256
13385,303,314,LAE|MAE|SAE,16.933643808543998
13386,303,306,MAE|SAE,41.87358600182753
13387,305,306,MAE|SAE,44.74797057853499
13388,305,316,LAE|MAE|SAE,25.52651882869237
13389,305,306,MAE|SAE,1.6457850180754103
13390,305,308,LAE|MAE|SAE,1.414524628914811
13391,305,317,LAE|MAE|SAE,4.307899438279326
13392,305,306,MAE|SAE,8.177558369432383
13393,305,307,MAE|SAE,1.5646971832712964
13394,305,308,LAE|MAE|SAE,16.1578836797801
13395,305,313,LAE|MAE|SAE,9.4126723697123
13396,305,306,MAE|SAE,33.28330597841059
13397,305,307,MAE|SAE,1.4664572783117118
13398,305,313,LAE|MAE|SAE,32.569846736144086
13399,305,314,LAE|MAE|SAE,34.136072103597485
13400,305,309,LAE|MAE|SAE,5.358101875151224
13401,305,306,MAE|SAE,20.609439819638983
13402,305,307,MAE|SAE,46.36260324381368
13403,305,307,MAE|SAE,25.780429568466868
13404,305,309,MAE|SAE,23.353634213798887
13405,305,306,MAE|SAE,22.538807473488863
13406,305,350,LAE|MAE|SAE,14.505467285088061
13407,305,306,MAE|SAE,0.7711633231099955
13408,305,306,MAE|SAE,1.3482958133598075
13409,305,306,MAE|SAE,0.7812995226480713
13410,305,306,MAE|SAE,54.121636662177124
13411,305,309,LAE|MAE|SAE,2.544940169417637
13412,305,306,MAE|SAE,14.322583122735928
13413,303,309,LAE|MAE,10.850053888923982
13414,304,307,LAE|MAE,1.1697860367488415
13415,304,311,LAE|MAE,29.301850368241425
13416,304,311,LAE|MAE,55.83093284052417
13417,304,311,LAE|MAE,20.35129017633671
13418,304,310,LAE|MAE|SAE,17.239086610080726
13419,305,307,MAE,34.61839967486658
13420,305,307,MAE,25.732629713837124
13421,305,309,MAE,5.003738025079867
13422,305,312,LAE|MAE,5.926651221592614
13423,305,307,MAE,30.472363856881543
13424,305,317,LAE|MAE,6.130170301494846
13425,305,309,MAE,5.956694150535166
13426,305,311,LAE|MAE|SAE,8.444710901507804
13427,305,313,LAE|MAE|SAE,32.88545189394802
13428,306,308,LAE|MAE|SAE,0.9199713009535893
13429,306,315,LAE|MAE|SAE,24.50790158864979
13430,306,307,MAE|SAE,47.070735816725666
13431,306,308,LAE|MAE|SAE,29.687662643672997
13432,306,307,MAE|SAE,38.379177202511556
13433,306,313,LAE|MAE|SAE,25.078462686068576
13434,306,308,LAE|MAE|SAE,29.27390073824598
13435,306,320,LAE|MAE|SAE,30.587519052775352
13436,306,310,MAE|SAE,29.016406994955126
13437,306,310,MAE|SAE,32.82180008010734
13438,306,307,MAE|SAE,1.0952955282547427
13439,306,307,MAE|SAE,46.34473593176315
13440,306,308,LAE|MAE|SAE,0.969486647826788
13441,306,309,LAE|MAE|SAE,1.6490716167398922
13442,306,309,LAE|MAE|SAE,27.332593438682704
13443,306,312,LAE|MAE|SAE,39.559535016455555
13444,306,310,LAE|MAE|SAE,1.2741222543265072
13445,306,346,LAE|MAE|SAE,54.221437878184105
13446,306,313,LAE|MAE|SAE,3.9492412396319425
13447,306,308,LAE|MAE|SAE,20.673527842527836
13448,306,307,MAE|SAE,1.0874778850303581
13449,306,310,LAE|MAE|SAE,17.920685991814082
13450,306,316,LAE|MAE|SAE,13.973521733615451
13451,306,308,LAE|MAE|SAE,1.3007623773924322
13452,306,307,MAE|SAE,50.07051467458111
13453,306,315,MAE|SAE,55.85575760137743
13454,306,313,LAE|MAE|SAE,23.281086221026854
13455,306,307,MAE|SAE,25.990995312796368
13456,306,307,MAE|SAE,14.997617799755236
13457,306,307,MAE|SAE,0.7564726130205547
13458,306,307,MAE|SAE,4.8151930708576485
13459,306,307,MAE|SAE,13.913682509341061
13460,306,307,MAE|SAE,0.7446202976320294
13461,306,309,MAE|SAE,31.677838634424667
13462,306,313,LAE|MAE|SAE,38.42434440571815
13463,306,310,LAE|MAE|SAE,6.221097947283015
13464,306,307,MAE|SAE,45.02369934623532
13465,306,308,LAE|MAE|SAE,4.008312422186171
13466,304,308,LAE,10.37863637091638
13467,304,315,LAE|MAE,11.729490368430845
13468,304,316,LAE|MAE,49.92158045268429
13469,304,311,LAE|MAE,50.57317628444274
13470,304,308,LAE,27.67548015491553
13471,304,331,LAE|MAE,32.049562643782444
13472,305,308,LAE|MAE,1.7016392827519182
13473,305,308,LAE|MAE,1.9508924082619672
13474,305,310,LAE|MAE|SAE,28.52043259531641
13475,305,308,LAE|MAE,27.434484335788756
13476,307,310,LAE|MAE|SAE,1.2991063768057816
13477,307,313,LAE|MAE|SAE,18.835579137209567
13478,307,314,LAE|MAE|SAE,43.888986184408274
13479,307,310,LAE|MAE|SAE,54.21520275990342
13480,307,312,LAE|MAE,32.166952131795654
13481,307,308,LAE|MAE,21.416156832205363
13482,307,309,LAE|MAE,38.55341358319438
13483,307,308,LAE|MAE,0.7424232419224713
13484,307,309,LAE|MAE,25.804937769165257
13485,307,318,LAE|MAE|SAE,37.341684175630185
13486,307,319,LAE|MAE|SAE,25.597353880850395
13487,307,310,LAE|MAE|SAE,22.069782463083843
13488,307,308,LAE|MAE,36.99947065759619
13489,307,308,LAE|MAE,28.33142236791159
13490,307,308,LAE|MAE,27.394737859011446
13491,307,310,LAE|MAE|SAE,25.847791313291644
13492,307,309,LAE|MAE,16.169081971520818
13493,307,309,LAE|MAE,43.60975045858752
13494,307,308,LAE|MAE,31.23353230731403
13495,307,325,LAE|MAE,40.52699385636983
13496,307,308,LAE|MAE,33.69716646685814
13497,307,320,LAE|MAE|SAE,15.679023551718249
13498,307,311,LAE|MAE|SAE,40.6115477768313
13499,307,308,LAE|MAE,1.0795470756589785
13500,307,312,LAE|MAE|SAE,5.520891768550499
13501,307,308,LAE|MAE,24.748039639696017
13502,307,309,LAE|MAE,21.23029345758212
13503,307,311,LAE|MAE|SAE,1.6375699531041317
13504,307,308,LAE|MAE,41.81324284129743
13505,307,354,LAE|MAE|SAE,38.952550796698276
13506,305,309,MAE,13.073287230657643
13507,305,312,LAE|MAE|SAE,21.414081670542668
13508,305,309,MAE,9.662117587975894
13509,305,309,MAE,3.4514649363999927
13510,305,310,MAE|SAE,3.4490700919340385
13511,306,313,LAE|MAE|SAE,9.589350997846315
13512,306,310,MAE|SAE,1.7737109816409848
13513,306,312,LAE|MAE|SAE,24.10278079132301
13514,306,309,MAE|SAE,19.772054186021315
13515,306,310,MAE|SAE,4.103063020662404
13516,306,321,LAE|MAE|SAE,29.112147874909823
13517,306,329,MAE|SAE,26.88453233321199
13518,306,309,MAE|SAE,48.90846388454764
13519,306,310,MAE|SAE,1.3916854968258758
13520,306,310,MAE|SAE,19.129213716335435
13521,306,314,MAE|SAE,41.70338789748472
13522,307,313,MAE,28.287546065046364
13523,307,310,MAE|SAE,1.0207651492667034
13524,307,313,MAE,9.842560148879343
13525,307,309,MAE,53.00215634630543
13526,307,320,LAE|MAE|SAE,19.920116750181553
13527,307,309,MAE,9.274798381489651
13528,307,311,MAE,22.957458127656604
13529,307,309,MAE,3.8443528886383938
13530,307,316,LAE|MAE|SAE,36.06810779170974
13531,307,309,MAE,28.69655270728205
13532,307,310,MAE|SAE,26.653788463518055
13533,307,317,LAE|MAE,15.218554468765593
13534,307,309,MAE,26.061768707292398
13535,308,313,LAE|MAE|SAE,32.51396601851829
13536,308,312,LAE|MAE|SAE,26.440426938583368
13537,308,318,LAE|MAE|SAE,4.14360569334861
13538,308,309,LAE|MAE,12.064053527836878
13539,308,313,LAE|MAE|SAE,36.79587655265485
13540,308,310,LAE|MAE|SAE,42.41437901168855
13541,308,313,LAE|MAE|SAE,3.880905040336981
13542,308,309,LAE|MAE,27.284747081586413
13543,308,309,LAE|MAE,8.844377667575815
13544,308,309,LAE|MAE,48.962974101221725
13545,308,324,LAE|MAE,45.919118858493874
13546,308,354,LAE|MAE|SAE,11.741797400052032
13547,308,319,LAE|MAE,52.59169062144675
13548,308,311,LAE|MAE|SAE,44.06914017470294
13549,308,312,LAE|MAE,9.590923013294322
13550,308,309,LAE|MAE,1.247994351885729
13551,308,315,LAE|MAE|SAE,25.981090892138145
13552,308,316,LAE|MAE|SAE,45.946838521088544
13553,308,309,LAE|MAE,28.564823284778402
13554,308,310,LAE|MAE|SAE,28.70835537361486
13555,308,309,LAE|MAE,48.87285410326608
13556,308,310,LAE|MAE|SAE,14.95126886087749
13557,308,312,LAE|MAE|SAE,35.19102999668723
13558,308,309,LAE|MAE,0.8607414084881533
13559,308,355,LAE|MAE|SAE,46.52770146840082
13560,308,309,LAE|MAE,38.68835167184039
13561,308,309,LAE|MAE,0.9496191061865734
13562,308,310,LAE|MAE|SAE,51.493309517712696
13563,308,311,LAE|MAE|SAE,19.74932111624311
13564,306,311,MAE|SAE,16.56639207992095
13565,306,311,MAE|SAE,16.227673605264442
13566,306,314,MAE|SAE,26.1879627423045
13567,306,310,SAE,37.96948713287684
13568,306,314,LAE|MAE|SAE,44.96940648773157
13569,306,310,SAE,18.114806492358355
13570,307,317,LAE|MAE|SAE,2.049535855975159
13571,307,312,LAE|MAE|SAE,23.484015434287134
13572,307,310,MAE|SAE,31.542275165961236
13573,307,312,LAE|MAE|SAE,1.5832613558466335
13574,307,310,MAE|SAE,17.42825622411127
13575,307,313,MAE|SAE,4.893770661356581
13576,307,321,MAE|SAE,17.538417343422143
13577,307,310,MAE|SAE,9.001991563679093
13578,307,316,LAE|MAE|SAE,28.334623081738382
13579,307,310,MAE|SAE,32.9642651406379
13580,307,310,MAE|SAE,2.380695478061735
13581,307,314,MAE|SAE,1.9088606343859085
13582,309,318,LAE|MAE|SAE,3.7949099934271726
13583,309,312,LAE|MAE|SAE,1.8615924937032942
13584,309,311,MAE|SAE,4.471337139738224
13585,309,310,MAE|SAE,9.986838991665428
13586,309,310,MAE|SAE,4.5183470632708245
13587,309,312,LAE|MAE|SAE,55.380795823001
13588,309,310,MAE|SAE,0.8726540594390758
13589,309,313,LAE|MAE|SAE,27.359620250808973
13590,309,310,MAE|SAE,26.92973689004731
13591,309,310,MAE|SAE,0.8406919364834993
13592,309,310,MAE|SAE,25.07228251293155
13593,309,311,MAE|SAE,1.6472157918781867
13594,309,310,MAE|SAE,4.7187488231703085
13595,309,313,LAE|MAE|SAE,3.8447002447132794
13596,309,310,MAE|SAE,1.283103429741413
13597,309,312,LAE|MAE|SAE,27.134600200960975
13598,309,310,MAE|SAE,30.211835724794355
13599,309,313,MAE|SAE,33.18384023812157
13600,309,317,LAE|MAE|SAE,3.896900303022743
13601,309,319,LAE|MAE|SAE,37.08212377717401
13602,309,310,MAE|SAE,1.4520037637642431
13603,309,310,MAE|SAE,0.9650215147149492
13604,309,313,LAE|MAE|SAE,1.8821069602156795
13605,309,310,MAE|SAE,9.101499909780168
13606,309,311,MAE|SAE,48.40409473603508
13607,309,310,MAE|SAE,3.372335160974047
13608,309,310,MAE|SAE,3.7913899817094605
13609,309,310,MAE|SAE,8.681854640285144
13610,309,310,MAE|SAE,4.6360601921393165
13611,309,310,MAE|SAE,32.32177615073839
13612,309,310,MAE|SAE,16.72515340261252
13613,307,311,MAE,26.197936096853564
13614,307,311,MAE,32.78116559239638
13615,308,311,LAE|MAE,10.2427748343432
13616,308,311,LAE|MAE,20.49466897802699
13617,308,311,LAE|MAE,3.8814572872371023
13618,308,311,LAE|MAE,29.046068773044006
13619,308,311,LAE|MAE,16.176632136869873
13620,308,312,LAE|MAE,42.28683747391712
13621,308,315,LAE|MAE,16.5364139044748
13622,309,315,MAE|SAE,30.958394207770223
13623,309,316,LAE|MAE|SAE,5.537223030991594
13624,309,354,LAE|MAE|SAE,45.509898693611134
13625,309,311,MAE,1.31103582937969
13626,309,313,MAE,6.0409718953661855
13627,309,312,LAE|MAE,41.021041019963505
13628,309,311,MAE,1.1095807897327323
13629,309,311,MAE,27.38502946015669
13630,309,311,MAE,22.229036461226013
13631,309,311,MAE,44.943049380812056
13632,309,316,LAE|MAE|SAE,3.779924091329249
13633,309,311,MAE,5.0969439707460715
13634,310,316,LAE|MAE|SAE,3.904310453954029
13635,310,312,LAE|MAE|SAE,0.9011983857655956
13636,310,314,LAE|MAE|SAE,38.91931432980737
13637,310,312,LAE|MAE|SAE,26.609660465655768
13638,310,311,MAE|SAE,16.965921816949187
13639,310,312,LAE|MAE|SAE,1.0852793839253603
13640,310,314,LAE|MAE|SAE,39.171400831647404
13641,310,311,MAE|SAE,0.8563639007071421
13642,310,311,MAE|SAE,0.8048605541108543
13643,310,311,MAE|SAE,36.902983973175814
13644,310,311,MAE|SAE,1.1249129238161657
13645,310,311,MAE|SAE,2.8727219500639842
13646,310,311,MAE|SAE,5.037217407692214
13647,310,311,MAE|SAE,1.4349287364099894
13648,310,311,MAE|SAE,1.0316433622109877
13649,310,311,MAE|SAE,24.847455425070905
13650,310,313,LAE|MAE|SAE,27.34186646287456
13651,310,311,MAE|SAE,0.8055702874012828
13652,310,311,MAE|SAE,1.7307619963226095
13653,310,311,MAE|SAE,14.962902131793022
13654,310,311,MAE|SAE,3.0435988743528517
13655,310,313,LAE|MAE|SAE,3.9220083157277386
13656,310,311,MAE|SAE,0.8341504239823947
13657,310,312,LAE|MAE|SAE,2.014649858745682
13658,310,323,LAE|MAE|SAE,27.160234534832973
13659,308,315,LAE|MAE|SAE,59.26396608319252
13660,308,313,LAE|MAE,18.172856042654917
13661,308,313,LAE|MAE,58.400368154696665
13662,308,312,LAE,6.522361662052503
13663,309,320,LAE|MAE,6.543468560488744
13664,309,312,LAE|MAE,41.420628323499805
13665,309,312,LAE|MAE,3.3869627242455267
13666,309,354,LAE|MAE|SAE,45.339847061812215
13667,311,312,LAE|MAE,1.0595600620971666
13668,311,314,LAE|MAE|SAE,3.6925718095682516
13669,311,313,LAE|MAE,43.9855647382864
13670,311,319,LAE|MAE|SAE,47.48961221940024
13671,311,312,LAE|MAE,34.808299053921154
13672,311,312,LAE|MAE,23.051977207106745
13673,311,312,LAE|MAE,1.213659890664158
13674,311,315,LAE|MAE,20.88439064876908
13675,311,312,LAE|MAE,0.8360896284281544
13676,311,313,LAE|MAE,30.12320906764275
13677,311,314,LAE|MAE|SAE,29.78381254378704
13678,311,325,LAE|MAE,48.61312246157693
13679,311,318,LAE|MAE|SAE,56.73198495593617
13680,311,312,LAE|MAE,32.43571090109596
13681,311,312,LAE|MAE,13.746950745084153
13682,311,323,LAE|MAE|SAE,24.749108734405773
13683,311,312,LAE|MAE,31.736199110989645
13684,309,325,LAE|MAE|SAE,18.11901186030287
13685,309,317,MAE,12.904863584126053
13686,309,313,MAE,6.310988556827849
13687,309,317,MAE,7.28933774394032
13688,310,313,MAE|SAE,1.305832276670858
13689,310,318,LAE|MAE|SAE,32.838310280338575
13690,311,315,MAE,19.808070651329015
13691,311,313,MAE,22.74864436180732
13692,311,313,MAE,36.19833558367164
13693,311,313,MAE,38.602330657989405
13694,311,313,MAE,47.18944091784832
13695,311,315,MAE|SAE,26.139975211112777
13696,311,313,MAE,2.703283990327552
13697,312,315,LAE|MAE,3.5112207856044053
13698,312,313,LAE|MAE,0.6807550272329475
13699,312,315,LAE|MAE,7.7218145447989635
13700,312,314,LAE|MAE|SAE,32.422609400138754
13701,312,313,LAE|MAE,29.014644125450296
13702,312,315,LAE|MAE,1.713346771214011
13703,312,313,LAE|MAE,24.389915180346193
13704,312,313,LAE|MAE,4.23861412382173
13705,312,313,LAE|MAE,32.19094670810979
13706,312,319,LAE|MAE,22.774231280251858
13707,312,313,LAE|MAE,1.4520066888134846
13708,312,313,LAE|MAE,0.9719097480302774
13709,312,313,LAE|MAE,0.7166341765274528
13710,312,314,LAE|MAE|SAE,1.0627870161579227
13711,312,315,LAE|MAE|SAE,40.31695204124853
13712,312,317,LAE|MAE,31.4948793677912
13713,312,313,LAE|MAE,0.7212572979184075
13714,312,316,LAE|MAE,3.5605420927034643
13715,312,314,LAE|MAE|SAE,32.72427843270408
13716,312,319,LAE|MAE|SAE,22.292758581362815
13717,312,313,LAE|MAE,24.965897725161188
13718,312,313,LAE|MAE,1.5607511305434196
13719,310,318,MAE|SAE,35.513764289277496
13720,310,332,LAE|MAE|SAE,49.81865506038597
13721,311,315,MAE|SAE,32.25240802900208
13722,311,314,MAE|SAE,30.416041115927925
13723,311,325,MAE|SAE,8.620647433553057
13724,311,314,MAE|SAE,3.0593064812811157
13725,313,314,MAE|SAE,24.277356486811833
13726,313,318,LAE|MAE|SAE,2.7514927189967966
13727,313,315,MAE|SAE,1.0395912761772428
13728,313,314,MAE|SAE,1.18184233462232
13729,313,314,MAE|SAE,19.343008036630366
13730,313,315,MAE|SAE,4.90251832406783
13731,313,314,MAE|SAE,33.33853240467121
13732,313,315,MAE|SAE,1.290163886119699
13733,313,314,MAE|SAE,21.249242822003815
13734,313,315,MAE|SAE,11.898897949956957
13735,313,315,MAE|SAE,8.925650751166584
13736,313,315,MAE|SAE,21.296656684630165
13737,313,319,MAE|SAE,46.42690880914633
13738,313,314,MAE|SAE,3.670112562109952
13739,313,315,MAE|SAE,8.524115423468007
13740,313,323,LAE|MAE|SAE,42.20476238386733
13741,313,315,MAE|SAE,26.2929701719502
13742,313,317,MAE|SAE,41.949295571660606
13743,313,321,LAE|MAE|SAE,22.48722241164603
13744,313,314,MAE|SAE,53.093734559010784
13745,311,315,MAE,24.031255736979205
13746,311,354,LAE|MAE|SAE,36.89238390799196
13747,311,318,LAE|MAE|SAE,45.48670163947535
13748,312,323,LAE|MAE|SAE,15.75022601193054
13749,312,353,LAE|MAE|SAE,48.044161440009496
13750,312,321,LAE|MAE|SAE,3.3753923720333923
13751,312,319,LAE|MAE,29.317615954410513
13752,312,339,LAE|MAE|SAE,43.33652472436291
13753,313,315,MAE,0.9932439566239215
13754,313,315,MAE,26.882112317783765
13755,313,318,LAE|MAE|SAE,37.06155067896829
13756,313,322,MAE|SAE,13.336778398921886
13757,313,315,MAE,40.47036606204926
13758,313,315,MAE,2.757260721058007
13759,314,315,MAE|SAE,0.7998009608117008
13760,314,317,MAE|SAE,3.0535596090980954
13761,314,315,MAE|SAE,12.707799815511331
13762,314,315,MAE|SAE,17.182035117521824
13763,314,315,MAE|SAE,0.8411172679808926
13764,314,315,MAE|SAE,0.8088243088407567
13765,314,321,LAE|MAE|SAE,45.39552932197404
13766,314,315,MAE|SAE,0.7950069837197228
13767,314,315,MAE|SAE,0.972328639897181
13768,314,315,MAE|SAE,2.6387636472772282
13769,314,315,MAE|SAE,2.8697865762831185
13770,314,317,LAE|MAE|SAE,1.639166586827971
13771,314,322,LAE|MAE|SAE,41.28588766555713
13772,314,315,MAE|SAE,1.2379307540085298
13773,314,315,MAE|SAE,3.710441710962532
13774,314,318,MAE|SAE,33.94697750964836
13775,314,315,MAE|SAE,3.5930814590811684
13776,314,322,LAE|MAE|SAE,13.168085192443444
13777,314,316,LAE|MAE|SAE,1.0115101576309344
13778,314,319,LAE|MAE|SAE,3.4183313308913785
13779,314,315,MAE|SAE,46.37485648468477
13780,314,315,MAE|SAE,3.314026447813927
13781,314,315,MAE|SAE,3.4015982862051275
13782,314,323,LAE|MAE|SAE,22.0652218235165
13783,314,315,MAE|SAE,0.8137318941417794
13784,314,316,LAE|MAE|SAE,22.802642894871642
13785,314,315,MAE|SAE,30.557734097104685
13786,312,316,LAE,42.35704924261523
13787,312,316,LAE,49.08676805467682
13788,313,316,LAE|MAE,9.517779743408704
13789,315,316,LAE|MAE,0.8608355226401223
13790,315,316,LAE|MAE,1.6264055691411874
13791,315,316,LAE|MAE,0.9682942401553268
13792,315,316,LAE|MAE,42.839618199476455
13793,315,316,LAE|MAE,2.914270437939482
13794,315,316,LAE|MAE,26.894469202666055
13795,315,334,LAE|MAE|SAE,59.12733037911362
13796,315,333,LAE|MAE|SAE,31.09349173434678
13797,315,316,LAE|MAE,1.2191471717446247
13798,315,333,LAE|MAE|SAE,19.756435981940548
13799,315,316,LAE|MAE,1.81237836888055
13800,315,316,LAE|MAE,3.031833583972161
13801,315,328,LAE|MAE|SAE,32.19095471024863
13802,315,316,LAE|MAE,0.905886620649751
13803,315,316,LAE|MAE,30.16967793322708
13804,315,317,LAE|MAE,2.5536181125345387
13805,313,317,MAE,2.686326302013182
13806,313,337,MAE,48.7040037706835
13807,314,317,MAE|SAE,2.9825943888872173
13808,314,317,MAE|SAE,3.2528679349071723
13809,314,319,MAE|SAE,29.509956964864475
13810,315,317,MAE,0.9157857109112414
13811,315,317,MAE,48.258264873749994
13812,315,355,LAE|MAE|SAE,48.23498579745508
13813,316,318,LAE|MAE|SAE,16.814018061718453
13814,316,317,LAE|MAE,0.735854434865451
13815,316,317,LAE|MAE,3.1303427391522747
13816,316,320,LAE|MAE|SAE,2.185193005208611
13817,316,318,LAE|MAE|SAE,3.062446014537203
13818,316,317,LAE|MAE,18.032347778792538
13819,316,320,LAE|MAE|SAE,5.288322741569484
13820,316,317,LAE|MAE,2.818243839688449
13821,316,355,LAE|MAE|SAE,38.200184978386595
13822,316,317,LAE|MAE,3.257524669888218
13823,316,317,LAE|MAE,20.422578375555236
13824,316,317,LAE|MAE,0.8717894531268691
13825,316,317,LAE|MAE,2.9358827007798687
13826,316,320,LAE|MAE,37.210635681101934
13827,316,317,LAE|MAE,25.133865776736318
13828,316,317,LAE|MAE,26.164391316661998
13829,316,328,LAE|MAE|SAE,36.153202114668936
13830,316,319,LAE|MAE|SAE,33.81509583664206
13831,316,318,LAE|MAE|SAE,3.1163614501329184
13832,316,317,LAE|MAE,3.527690446198507
13833,316,317,LAE|MAE,26.31028606016392
13834,316,317,LAE|MAE,0.8828857818260273
13835,316,317,LAE|MAE,0.7469088511015426
13836,316,331,LAE|MAE,59.95764042161978
13837,316,320,LAE|MAE,40.41593171406595
13838,316,324,LAE|MAE,2.2352349651599117
13839,316,317,LAE|MAE,29.27574800527443
13840,316,318,LAE|MAE|SAE,33.7221096063425
13841,316,318,LAE|MAE|SAE,2.8631783293645237
13842,316,317,LAE|MAE,3.0363675019662404
13843,316,317,LAE|MAE,2.7284055920061974
13844,316,318,LAE|MAE|SAE,17.52913915422954
13845,316,318,LAE|MAE|SAE,3.0368393690646283
13846,316,317,LAE|MAE,45.19159995255021
13847,316,325,LAE|MAE,39.75923569113966
13848,316,321,LAE|MAE,53.578686729256354
13849,316,317,LAE|MAE,2.292148359904055
13850,316,317,LAE|MAE,54.10498139983466
13851,316,317,LAE|MAE,2.9678491057304632
13852,316,330,LAE|MAE|SAE,56.112869249938015
13853,316,317,LAE|MAE,3.8813689265212448
13854,316,320,LAE|MAE|SAE,43.37464499413739
13855,316,317,LAE|MAE,2.7187882673155856
13856,314,318,SAE,16.076031047364822
13857,314,318,SAE,59.54959130308934
13858,314,318,SAE,27.912598828594
13859,314,318,SAE,31.353396661527903
13860,315,323,MAE|SAE,3.633047694139218
13861,315,318,MAE|SAE,3.827689429840028
13862,317,318,MAE|SAE,4.355419061453074
13863,317,326,MAE|SAE,2.541105684586416
13864,317,318,MAE|SAE,2.695901857593604
13865,317,318,MAE|SAE,2.6953441044255717
13866,317,318,MAE|SAE,3.215042508460599
13867,317,318,MAE|SAE,2.626162067278659
13868,317,322,MAE|SAE,20.139667683533407
13869,317,320,LAE|MAE|SAE,15.716657295147304
13870,317,318,MAE|SAE,26.079634729483978
13871,317,318,MAE|SAE,2.96206484995643
13872,317,327,MAE|SAE,39.34912130974262
13873,317,318,MAE|SAE,1.3492212922540103
13874,317,355,LAE|MAE|SAE,25.449424209538662
13875,317,318,MAE|SAE,2.4804031202255827
13876,317,318,MAE|SAE,2.637758407718879
13877,317,318,MAE|SAE,22.531256217989306
13878,317,318,MAE|SAE,2.791764725011479
13879,317,322,LAE|MAE|SAE,39.10328219352384
13880,317,318,MAE|SAE,2.9118659965949636
13881,317,322,LAE|MAE|SAE,26.25699217964089
13882,317,318,MAE|SAE,2.790869132957324
13883,317,355,LAE|MAE|SAE,51.294606666929155
13884,317,318,MAE|SAE,1.5904405384384592
13885,317,320,LAE|MAE|SAE,3.2416190757776673
13886,317,318,MAE|SAE,4.237438891706315
13887,317,326,MAE|SAE,53.619144648579244
13888,317,326,LAE|MAE|SAE,35.09677768631825
13889,317,322,LAE|MAE|SAE,45.26338398719207
13890,317,318,MAE|SAE,26.621455028593786
13891,317,320,LAE|MAE|SAE,2.2559523472978147
13892,317,318,MAE|SAE,26.202685240719198
13893,316,324,LAE|MAE,14.682015081311425
13894,316,323,LAE|MAE,27.10057619480325
13895,316,319,LAE|MAE,2.729164008316576
13896,316,327,LAE|MAE,51.370068990379636
13897,316,342,LAE|MAE|SAE,36.474858048407604
13898,316,335,LAE|MAE,49.156657683895624
13899,316,319,LAE|MAE,3.468801223940883
13900,316,322,LAE|MAE|SAE,2.627180802986702
13901,316,338,LAE|MAE|SAE,46.20451121807846
13902,317,332,LAE|MAE|SAE,25.71342082375549
13903,317,319,MAE,27.94771680070674
13904,317,328,LAE|MAE|SAE,21.797900850044584
13905,317,325,MAE,31.246368229946718
13906,317,321,MAE,16.533921889258867
13907,317,319,MAE,58.6334953478038
13908,317,355,LAE|MAE|SAE,42.363285011850934
13909,318,319,MAE|SAE,1.4387127558753945
13910,318,320,LAE|MAE|SAE,2.598075169355718
13911,318,319,MAE|SAE,3.336519740524634
13912,318,319,MAE|SAE,40.9436506834831
13913,318,319,MAE|SAE,27.97214927885824
13914,318,325,LAE|MAE|SAE,21.246509847956535
13915,318,323,MAE|SAE,24.773483524857276
13916,318,326,LAE|MAE|SAE,19.10898029129873
13917,318,323,LAE|MAE|SAE,3.123911539323647
13918,318,322,LAE|MAE|SAE,28.005486268497563
13919,318,319,MAE|SAE,23.440253833270933
13920,318,320,LAE|MAE|SAE,36.169794852629245
13921,318,319,MAE|SAE,31.203431680007455
13922,318,325,MAE|SAE,56.88098547647454
13923,318,323,MAE|SAE,38.26788117082485
13924,318,320,LAE|MAE|SAE,1.4236331518687833
13925,318,323,LAE|MAE|SAE,54.746148469065574
13926,318,325,LAE|MAE|SAE,32.704710021263715
13927,318,322,MAE|SAE,52.898944238137965
13928,318,323,LAE|MAE|SAE,24.95489674228179
13929,318,319,MAE|SAE,3.0733483782140207
13930,318,320,LAE|MAE|SAE,2.0874289112935758
13931,318,325,LAE|MAE|SAE,48.610219995872185
13932,316,324,LAE,40.93504897703803
13933,316,320,LAE,7.493446279945343
13934,316,320,LAE,46.535980988926816
13935,316,320,LAE,2.759899741066766
13936,317,343,LAE|MAE,58.21972475009406
13937,317,320,LAE|MAE,44.781130831438766
13938,317,320,LAE|MAE,3.267939095722821
13939,319,320,LAE|MAE,29.31336063416146
13940,319,324,LAE|MAE|SAE,40.28734963547321
13941,319,336,LAE|MAE,20.94862099854653
13942,319,321,LAE|MAE,1.8796273224929583
13943,319,320,LAE|MAE,15.900067932806744
13944,319,325,LAE|MAE|SAE,19.592353385478713
13945,319,320,LAE|MAE,1.0738191118657774
13946,319,321,LAE|MAE,28.672668910860462
13947,319,338,LAE|MAE|SAE,24.654405289776516
13948,319,324,LAE|MAE|SAE,16.872330700796027
13949,319,320,LAE|MAE,21.266964602141634
13950,319,321,LAE|MAE,39.90427041572268
13951,319,320,LAE|MAE,3.9794500378207944
13952,319,326,LAE|MAE|SAE,20.770847872953535
13953,319,324,LAE|MAE,1.9287713779623217
13954,319,322,LAE|MAE|SAE,23.533703511514435
13955,319,320,LAE|MAE,17.216546907531235
13956,319,320,LAE|MAE,1.09597831033526
13957,319,320,LAE|MAE,1.3612692001467686
13958,319,320,LAE|MAE,2.0153589379963504
13959,319,324,LAE|MAE,35.926550450139274
13960,319,320,LAE|MAE,19.438567482008274
13961,319,320,LAE|MAE,1.590056582043557
13962,319,321,LAE|MAE,2.6792925181910645
13963,319,324,LAE|MAE|SAE,16.963041032495113
13964,319,320,LAE|MAE,17.50069436799864
13965,319,324,LAE|MAE|SAE,25.527229654059013
13966,319,331,LAE|MAE|SAE,30.548682524042924
13967,319,325,LAE|MAE|SAE,46.42405870318525
13968,319,320,LAE|MAE,1.019912281223646
13969,319,320,LAE|MAE,1.6108536180777286
13970,319,324,LAE|MAE,1.8875128816936382
13971,317,325,LAE|MAE,51.32291675461738
13972,317,322,MAE|SAE,17.459595708279913
13973,317,325,LAE|MAE|SAE,53.93425925563816
13974,318,321,MAE|SAE,14.498836942205921
13975,318,326,LAE|MAE|SAE,2.4245877570007663
13976,318,330,LAE|MAE|SAE,49.96734612766989
13977,318,355,LAE|MAE|SAE,26.916592053771154
13978,318,321,MAE|SAE,3.4126389416585248
13979,318,321,MAE|SAE,37.9165149107401
13980,318,321,MAE|SAE,37.886342056460386
13981,318,343,LAE|MAE|SAE,35.07733061691016
13982,318,340,LAE|MAE|SAE,49.24212889864323
13983,318,325,MAE|SAE,50.66246063320942
13984,318,323,MAE|SAE,19.053721918036814
13985,318,321,MAE|SAE,24.51414944892556
13986,318,321,MAE|SAE,16.46119960294901
13987,318,321,MAE|SAE,15.886030670003827
13988,318,321,MAE|SAE,15.633282399102853
13989,319,321,MAE,1.7574842878842978
13990,319,322,MAE|SAE,28.366276088410853
13991,319,327,LAE|MAE|SAE,1.7890971875883868
13992,319,321,MAE,1.2197145075568372
13993,319,338,LAE|MAE|SAE,54.841367493559716
13994,319,336,LAE|MAE,3.437031128086344
13995,319,321,MAE,32.17425430387855
13996,319,321,MAE,34.033793812755135
13997,319,354,LAE|MAE|SAE,7.717407310314761
13998,319,321,MAE,6.781506967810733
13999,319,323,MAE,23.829236592583364
14000,319,321,MAE,1.7932516330522574
14001,320,327,LAE|MAE|SAE,22.224938259070406
14002,320,324,LAE|MAE|SAE,2.925160160914686
14003,320,322,LAE|MAE|SAE,1.5048405333682406
14004,320,321,LAE|MAE,36.32461206012223
14005,320,324,LAE|MAE,1.507950958180381
14006,320,321,LAE|MAE,1.2521723354873704
14007,320,326,LAE|MAE|SAE,2.168574646194683
14008,320,321,LAE|MAE,2.086360510878805
14009,320,321,LAE|MAE,51.9148551994583
14010,320,322,LAE|MAE|SAE,1.9683575977490522
14011,320,321,LAE|MAE,1.6524341866386976
14012,320,321,LAE|MAE,1.8420173631782004
14013,320,321,LAE|MAE,1.7146805318356946
14014,320,325,LAE|MAE,1.8050258263916161
14015,320,331,LAE|MAE|SAE,18.920574775195703
14016,320,323,LAE|MAE|SAE,28.220715636161728
14017,320,322,LAE|MAE|SAE,18.22345855498445
14018,320,321,LAE|MAE,1.1536473368106748
14019,320,333,LAE|MAE|SAE,31.05748623840961
14020,318,322,SAE,58.337775450128625
14021,318,323,MAE|SAE,29.351790053070705
14022,321,325,LAE|MAE|SAE,1.582781833865301
14023,321,327,LAE|MAE|SAE,1.5406718142431441
14024,321,325,LAE|MAE|SAE,21.783072628696246
14025,321,326,LAE|MAE|SAE,1.3396482735513389
14026,321,322,MAE|SAE,0.8054479957507891
14027,321,327,LAE|MAE|SAE,27.461602906797747
14028,321,327,LAE|MAE|SAE,48.111909138685014
14029,321,328,LAE|MAE|SAE,37.504124685378834
14030,321,324,LAE|MAE|SAE,27.21592252107094
14031,321,325,LAE|MAE|SAE,21.36505161436915
14032,321,323,MAE|SAE,29.30022744889473
14033,321,323,MAE|SAE,43.731130625151565
14034,321,329,LAE|MAE|SAE,21.19428878943251
14035,321,324,LAE|MAE|SAE,1.5355767523889223
14036,321,322,MAE|SAE,58.91135495509495
14037,321,322,MAE|SAE,31.82514378300776
14038,321,322,MAE|SAE,1.9103367355269514
14039,321,322,MAE|SAE,19.89559849408293
14040,321,322,MAE|SAE,37.500090671313096
14041,321,322,MAE|SAE,1.6841035894871064
14042,321,322,MAE|SAE,18.282391162984457
14043,321,322,MAE|SAE,28.703446897262424
14044,321,322,MAE|SAE,26.564939827113115
14045,321,322,MAE|SAE,1.935704458472854
14046,321,324,LAE|MAE|SAE,20.231083490119214
14047,321,324,LAE|MAE|SAE,32.8999996518356
14048,321,322,MAE|SAE,1.1087047838864432
14049,319,324,LAE|MAE,32.76870128935254
14050,319,326,MAE|SAE,32.806864203409276
14051,319,323,MAE,41.75074142431707
14052,320,323,LAE|MAE,1.5208267147758479
14053,320,323,LAE|MAE,2.949343269241789
14054,320,323,LAE|MAE,47.9539105449139
14055,320,323,LAE|MAE,15.720569165775137
14056,320,328,LAE|MAE,18.449363718046932
14057,320,327,LAE|MAE|SAE,1.6920658940067645
14058,320,355,LAE|MAE|SAE,18.110971644868037
14059,320,324,LAE|MAE,20.801962055001066
14060,320,323,LAE|MAE,52.89638781871829
14061,320,324,LAE|MAE,22.22406932229524
14062,320,337,LAE|MAE|SAE,51.92549553619469
14063,320,323,LAE|MAE,28.885397191684344
14064,320,323,LAE|MAE,12.740843687057524
14065,320,323,LAE|MAE,50.34099955554155
14066,321,327,LAE|MAE|SAE,33.40209598151522
14067,321,325,MAE,1.4448042804577859
14068,321,323,MAE,1.318602117055013
14069,321,323,MAE,44.73903047777409
14070,321,338,LAE|MAE|SAE,32.33699796170571
14071,322,323,MAE|SAE,42.49300457222803
14072,322,323,MAE|SAE,1.6797722125375685
14073,322,323,MAE|SAE,27.036023646294286
14074,322,327,LAE|MAE|SAE,1.3580002191859635
14075,322,327,LAE|MAE|SAE,42.47484347101363
14076,322,323,MAE|SAE,21.41457221417538
14077,322,325,MAE|SAE,2.8800186417411187
14078,322,334,LAE|MAE|SAE,49.86550140852526
14079,322,326,LAE|MAE|SAE,2.2400580684919844
14080,322,326,LAE|MAE|SAE,1.8052120479027793
14081,322,323,MAE|SAE,1.7354290142678106
14082,322,323,MAE|SAE,30.872187164648516
14083,322,323,MAE|SAE,56.16535140610418
14084,322,326,LAE|MAE|SAE,2.219411954909909
14085,322,323,MAE|SAE,40.3769712983003
14086,322,325,LAE|MAE|SAE,18.436811366937054
14087,322,324,LAE|MAE|SAE,1.2003602487763607
14088,322,323,MAE|SAE,22.259277667079974
14089,322,326,LAE|MAE|SAE,33.30286984598216
14090,322,323,MAE|SAE,0.6692435418794801
14091,322,323,MAE|SAE,5.097697397044679
14092,322,323,MAE|SAE,25.006664331728643
14093,322,323,MAE|SAE,43.78733411657235
14094,322,323,MAE|SAE,35.87078565813652
14095,322,323,MAE|SAE,54.30989012888291
14096,322,323,MAE|SAE,1.3803395732543149
14097,320,324,LAE,3.1035150332840313
14098,320,324,LAE,18.40050238030149
14099,320,324,LAE,4.999156031248546
14100,320,325,LAE|MAE,16.626078613306934
14101,320,324,LAE,32.889006539983356
14102,320,324,LAE,1.5168107578289827
14103,320,324,LAE,1.6574809266341606
14104,321,340,LAE|MAE,12.770799448672259
14105,321,324,LAE|MAE,23.885205266642224
14106,321,328,LAE|MAE,1.997463773583193
14107,323,324,LAE|MAE,1.2726207959069968
14108,323,327,LAE|MAE|SAE,2.101807993902781
14109,323,324,LAE|MAE,2.769809539494518
14110,323,325,LAE|MAE,1.3015912568521324
14111,323,333,LAE|MAE|SAE,14.216446834488787
14112,323,325,LAE|MAE,2.0809739436635497
14113,323,324,LAE|MAE,1.3239769134879902
14114,323,324,LAE|MAE,21.05359099556996
14115,323,324,LAE|MAE,1.3084528039540597
14116,323,326,LAE|MAE|SAE,27.559236347902097
14117,323,330,LAE|MAE|SAE,2.2753858625320142
14118,323,324,LAE|MAE,2.5037798994731295
14119,323,324,LAE|MAE,1.0064064245428699
14120,323,329,LAE|MAE,57.26567380636818
14121,323,326,LAE|MAE|SAE,1.5658547234886468
14122,323,324,LAE|MAE,29.898703027478202
14123,323,324,LAE|MAE,28.47014504228945
14124,323,324,LAE|MAE,1.6256135077962004
14125,323,324,LAE|MAE,15.514013449624208
14126,323,324,LAE|MAE,15.722551667680534
14127,323,326,LAE|MAE|SAE,1.3097774925267642
14128,323,324,LAE|MAE,14.520846229826493
14129,323,328,LAE|MAE,46.94051495683201
14130,323,326,LAE|MAE|SAE,2.099983233614997
14131,323,325,LAE|MAE,32.8524527017356
14132,323,330,LAE|MAE|SAE,43.578831009806905
14133,321,325,MAE,51.881452736569585
14134,322,325,MAE|SAE,48.005204615204754
14135,322,355,LAE|MAE|SAE,12.171919727431757
14136,322,325,MAE|SAE,1.829681258243744
14137,322,338,MAE|SAE,1.8078225760902316
14138,322,325,MAE|SAE,3.1129582082037826
14139,322,349,LAE|MAE|SAE,17.208288413763416
14140,322,326,MAE|SAE,1.7421619441816543
14141,322,325,MAE|SAE,21.608997836618872
14142,323,326,MAE|SAE,52.41166180841261
14143,323,325,MAE,27.42391440853412
14144,323,325,MAE,19.897233221057782
14145,323,327,MAE|SAE,6.5772010500354146
14146,323,326,MAE|SAE,1.358071618312091
14147,323,325,MAE,1.6602765280949285
14148,323,328,LAE|MAE,17.13764088349721
14149,323,327,MAE|SAE,1.9888589307713513
14150,323,355,LAE|MAE,32.71373781045913
14151,323,326,MAE|SAE,50.28498773429902
14152,323,325,MAE,2.3247790065915988
14153,323,333,LAE|MAE|SAE,2.3342590985512626
14154,323,355,LAE|MAE|SAE,16.00498094156219
14155,323,337,LAE|MAE|SAE,18.085556706978537
14156,323,325,MAE,4.29653625282471
14157,323,354,LAE|MAE|SAE,29.08743243178176
14158,323,329,MAE,55.48244515717517
14159,323,325,MAE,57.83302864225357
14160,324,325,LAE|MAE,1.1252951380763716
14161,324,325,LAE|MAE,1.1656374066512527
14162,324,325,LAE|MAE,1.7815431873913956
14163,324,327,LAE|MAE|SAE,4.1852225998218
14164,324,325,LAE|MAE,1.6055391264096601
14165,324,325,LAE|MAE,2.4035191370558118
14166,324,325,LAE|MAE,2.242036896106282
14167,324,355,LAE|MAE|SAE,11.515018806880242
14168,324,326,LAE|MAE|SAE,17.87071586812558
14169,324,326,LAE|MAE|SAE,1.9539781383768564
14170,324,328,LAE|MAE|SAE,1.5811284969761512
14171,324,325,LAE|MAE,2.88773032264995
14172,324,335,LAE|MAE,3.0709467912195065
14173,324,325,LAE|MAE,0.9383096603856097
14174,324,347,LAE|MAE|SAE,28.19685034506708
14175,324,325,LAE|MAE,2.4210732043187178
14176,324,337,LAE|MAE|SAE,2.393662515561301
14177,324,326,LAE|MAE|SAE,1.471270572696905
14178,324,325,LAE|MAE,0.9086258587668673
14179,324,328,LAE|MAE,40.39119279672904
14180,324,327,LAE|MAE,2.906932938365723
14181,324,325,LAE|MAE,3.8181290624128184
14182,324,327,LAE|MAE,1.1117490738735163
14183,324,355,LAE|MAE|SAE,33.155396424542495
14184,324,353,LAE|MAE|SAE,32.51543892888877
14185,324,355,LAE|MAE,47.08871124776974
14186,324,325,LAE|MAE,20.684217120696868
14187,324,325,LAE|MAE,1.755386224201081
14188,324,327,LAE|MAE,44.356696635957036
14189,324,325,LAE|MAE,19.163096811497727
14190,322,326,SAE,2.462117260569713
14191,322,327,MAE|SAE,33.328533222752434
14192,322,326,SAE,35.836285980185885
14193,322,330,SAE,28.779522844367328
14194,323,326,MAE|SAE,1.1834276681999905
14195,323,327,MAE|SAE,2.1588365428573564
14196,323,326,MAE|SAE,30.289444802582842
14197,325,327,MAE|SAE,1.8237727997435642
14198,325,326,MAE|SAE,0.848521503405929
14199,325,328,LAE|MAE|SAE,1.4485615529736204
14200,325,337,LAE|MAE|SAE,12.136444739551708
14201,325,338,LAE|MAE|SAE,28.26881268168529
14202,325,327,MAE|SAE,2.044860038918775
14203,325,326,MAE|SAE,27.29284115681645
14204,325,326,MAE|SAE,1.361337861168568
14205,325,331,MAE|SAE,20.8921016614485
14206,325,327,MAE|SAE,16.797936325268374
14207,325,331,MAE|SAE,2.4355797091923406
14208,325,333,LAE|MAE|SAE,5.329849836494759
14209,325,326,MAE|SAE,4.005672208487347
14210,325,328,LAE|MAE|SAE,41.43331576452577
14211,325,326,MAE|SAE,1.8003196040917877
14212,325,332,LAE|MAE|SAE,2.0997936789469858
14213,325,327,MAE|SAE,1.0640876114003481
14214,325,333,LAE|MAE|SAE,2.0624377676420336
14215,325,327,MAE|SAE,0.9631493984290915
14216,323,333,LAE|MAE|SAE,2.310861444074254
14217,323,334,LAE|MAE|SAE,52.625532753659414
14218,323,339,MAE,29.805992022419716
14219,323,327,MAE,17.34829087441377
14220,324,327,LAE|MAE,1.2134548142414021
14221,324,328,LAE|MAE,47.79945209978511
14222,324,327,LAE|MAE,28.40459966770557
14223,324,331,LAE|MAE|SAE,34.72810804373889
14224,324,334,LAE|MAE|SAE,22.14363054558009
14225,325,355,LAE|MAE|SAE,37.48182524755236
14226,325,327,MAE,1.327953095580341
14227,325,327,MAE,20.27161020789905
14228,325,327,MAE,0.8849684279847159
14229,325,327,MAE,50.11318093983651
14230,325,327,MAE,1.1127713182433396
14231,325,338,LAE|MAE|SAE,40.12727205455995
14232,326,327,MAE|SAE,1.7323434177829784
14233,326,328,LAE|MAE|SAE,31.545527823829666
14234,326,329,LAE|MAE|SAE,1.271704072870144
14235,326,330,MAE|SAE,27.675716975403038
14236,326,331,MAE|SAE,1.9016104782572945
14237,326,355,LAE|MAE|SAE,42.55083515854903
14238,326,355,LAE|MAE|SAE,27.2678121700281
14239,326,327,MAE|SAE,27.265364138268733
14240,326,327,MAE|SAE,1.2512127226043437
14241,326,341,LAE|MAE|SAE,2.692795775613802
14242,326,327,MAE|SAE,1.6953622438269318
14243,326,333,LAE|MAE|SAE,24.89274589590884
14244,326,328,LAE|MAE|SAE,1.7394029773853752
14245,326,327,MAE|SAE,49.871126337902886
14246,326,346,LAE|MAE|SAE,22.060050366628673
14247,326,337,LAE|MAE|SAE,14.696553302743206
14248,326,327,MAE|SAE,1.1263620418003215
14249,326,327,MAE|SAE,54.15096829429581
14250,326,327,MAE|SAE,0.9721010081494499
14251,326,328,LAE|MAE|SAE,2.0822047176047263
14252,324,328,LAE,45.15469858085361
14253,324,328,LAE,52.88948206012085
14254,325,334,LAE|MAE|SAE,2.9418196404846078
14255,325,328,LAE|MAE,29.904999904692772
14256,325,355,LAE|MAE|SAE,7.18360225388815
14257,325,328,LAE|MAE,3.1428836229126706
14258,325,329,LAE|MAE,13.984536306389696
14259,325,328,LAE|MAE,13.997579677648892
14260,325,333,LAE|MAE,3.7645252414111323
14261,327,331,LAE|MAE|SAE,1.8025442840502857
14262,327,339,LAE|MAE|SAE,9.651239695514695
14263,327,355,LAE|MAE|SAE,35.32394039708695
14264,327,328,LAE|MAE,3.6134025251922988
14265,327,328,LAE|MAE,0.96077299881819
14266,327,330,LAE|MAE|SAE,1.773434423520429
14267,327,335,LAE|MAE,36.40291839406342
14268,327,333,LAE|MAE|SAE,1.870371463930343
14269,327,330,LAE|MAE|SAE,0.9807607558237924
14270,327,348,LAE|MAE|SAE,34.593753995934634
14271,327,332,LAE|MAE|SAE,1.1748844939965777
14272,327,328,LAE|MAE,29.652489863740087
14273,327,329,LAE|MAE,1.0289801872866198
14274,327,334,LAE|MAE|SAE,38.62939117376676
14275,325,329,MAE,3.351798286882653
14276,325,332,LAE|MAE,2.44186635147724
14277,325,339,LAE|MAE|SAE,20.452497010670456
14278,327,329,MAE,37.020698888504704
14279,327,329,MAE,12.902507482998189
14280,328,329,LAE|MAE,0.7347198648615767
14281,328,336,LAE|MAE|SAE,2.0747045728497544
14282,328,341,LAE|MAE,4.572788232271879
14283,328,329,LAE|MAE,1.5034244204399112
14284,328,329,LAE|MAE,0.8101228040324924
14285,328,329,LAE|MAE,0.8106187549810989
14286,328,329,LAE|MAE,1.4151756383540568
14287,328,330,LAE|MAE|SAE,31.906575768547725
14288,328,329,LAE|MAE,0.7986835226645124
14289,328,345,LAE|MAE,39.31862997465772
14290,328,332,LAE|MAE|SAE,28.541702917259194
14291,328,333,LAE|MAE|SAE,1.5818098405523908
14292,328,330,LAE|MAE|SAE,1.5711250129161851
14293,328,330,LAE|MAE|SAE,1.5946649939101036
14294,328,330,LAE|MAE|SAE,0.9981565959425996
14295,328,331,LAE|MAE,1.5402174010953429
14296,328,329,LAE|MAE,1.9001832139465418
14297,328,330,LAE|MAE|SAE,1.5873117187067316
14298,328,331,LAE|MAE|SAE,26.199057478639173
14299,328,329,LAE|MAE,0.8005262252884111
14300,327,355,LAE|MAE|SAE,51.24747805440517
14301,327,330,MAE|SAE,1.7497436101531618
14302,327,330,MAE|SAE,45.66922144597246
14303,327,330,MAE|SAE,51.235009262088454
14304,327,330,MAE|SAE,43.892726348357684
14305,327,334,MAE|SAE,43.53691680992988
14306,327,331,MAE|SAE,44.99757298704553
14307,329,332,LAE|MAE|SAE,0.8964722306244552
14308,329,332,LAE|MAE|SAE,40.37226863280565
14309,329,330,MAE|SAE,28.0874924697978
14310,329,330,MAE|SAE,0.9017543684326303
14311,329,333,LAE|MAE|SAE,1.5156015409986254
14312,329,330,MAE|SAE,0.988984714175665
14313,329,330,MAE|SAE,0.9608486174528637
14314,329,331,MAE|SAE,1.4194611350642061
14315,329,330,MAE|SAE,36.20163001285395
14316,329,332,LAE|MAE|SAE,25.11217512317542
14317,329,340,LAE|MAE|SAE,43.733225931826375
14318,329,330,MAE|SAE,1.0039155155949242
14319,329,330,MAE|SAE,2.0602504518274967
14320,329,330,MAE|SAE,54.8671873848795
14321,329,333,MAE|SAE,1.4498335756595426
14322,329,330,MAE|SAE,1.8046221461804437
14323,329,330,MAE|SAE,20.908231296932293
14324,329,334,MAE|SAE,1.7815435577527232
14325,329,330,MAE|SAE,1.0450066491530114
14326,329,332,LAE|MAE|SAE,1.671829564079973
14327,329,330,MAE|SAE,1.6598272626827588
14328,329,334,LAE|MAE|SAE,31.23242309420305
14329,329,337,LAE|MAE|SAE,15.505595831997248
14330,329,330,MAE|SAE,31.992106027433433
14331,329,337,LAE|MAE|SAE,36.219983364889664
14332,329,331,MAE|SAE,1.1883674742736865
14333,329,330,MAE|SAE,22.107372164775875
14334,329,340,LAE|MAE|SAE,35.81653960397429
14335,327,337,MAE,2.5504297485414265
14336,327,331,MAE,34.94132041860306
14337,328,331,LAE|MAE,4.163783606938471
14338,328,355,LAE|MAE|SAE,24.63644042177356
14339,328,331,LAE|MAE,2.4505337804858502
14340,328,335,LAE|MAE,15.619394509822977
14341,328,333,LAE|MAE,4.278798054854693
14342,328,332,LAE|MAE,30.372546064470658
14343,328,338,LAE|MAE|SAE,1.7658931445085049
14344,328,331,LAE|MAE,57.139319362266725
14345,328,334,LAE|MAE|SAE,3.736216461305782
14346,328,331,LAE|MAE,4.740936354605053
14347,329,331,MAE,1.534674268683872
14348,329,332,LAE|MAE,2.659707132343245
14349,329,331,MAE,3.1794716889381327
14350,329,334,MAE|SAE,34.92329743753722
14351,329,331,MAE,1.309422989658502
14352,329,331,MAE,3.058829664732309
14353,329,331,MAE,49.472466487957625
14354,329,331,MAE,3.2473096477195544
14355,329,333,MAE,3.1073734188064135
14356,329,331,MAE,2.782579633491632
14357,329,332,LAE|MAE,1.296476199230753
14358,329,354,LAE|MAE|SAE,15.418857010389443
14359,329,336,LAE|MAE|SAE,1.962312949992217
14360,330,331,MAE|SAE,0.7374700347090989
14361,330,336,LAE|MAE|SAE,3.284342631867694
14362,330,332,LAE|MAE|SAE,1.4814902340493104
14363,330,331,MAE|SAE,1.3936660878585887
14364,330,331,MAE|SAE,0.9149270826671964
14365,330,331,MAE|SAE,19.13611060790217
14366,330,331,MAE|SAE,29.42141859235264
14367,330,331,MAE|SAE,20.541767634138676
14368,330,331,MAE|SAE,1.758429454869771
14369,330,355,LAE|MAE|SAE,22.636466621116973
14370,330,331,MAE|SAE,0.9547276227582714
14371,330,334,LAE|MAE|SAE,23.223537095048812
14372,330,331,MAE|SAE,18.914922771357922
14373,330,337,LAE|MAE|SAE,34.97719895338524
14374,330,332,LAE|MAE|SAE,1.4036827531135037
14375,330,331,MAE|SAE,1.1182597498131914
14376,330,332,LAE|MAE|SAE,23.34672450810626
14377,330,331,MAE|SAE,0.8876619462442766
14378,330,331,MAE|SAE,1.3658816596437502
14379,328,332,LAE,1.8899287151522957
14380,328,332,LAE,3.143460251223248
14381,328,332,LAE,51.734878742500044
14382,328,340,LAE|MAE,11.390347505010903
14383,328,332,LAE,13.046360628504292
14384,329,334,LAE|MAE|SAE,1.203053775054934
14385,329,336,LAE|MAE,1.9533456029579161
14386,329,334,LAE|MAE|SAE,1.8271482659431262
14387,329,332,LAE|MAE,30.184147567264638
14388,329,332,LAE|MAE,56.626692039355625
14389,329,332,LAE|MAE,9.242786308396935
14390,331,332,LAE|MAE,2.0851153732580046
14391,331,335,LAE|MAE|SAE,2.029858728577432
14392,331,355,LAE|MAE,3.128189035465261
14393,331,332,LAE|MAE,0.8702291145904624
14394,331,334,LAE|MAE|SAE,38.670920475893475
14395,331,333,LAE|MAE,1.2138819479615275
14396,331,341,LAE|MAE|SAE,2.4978067810520685
14397,331,336,LAE|MAE,3.0522621552625484
14398,331,333,LAE|MAE,1.3732100288469926
14399,331,332,LAE|MAE,1.2601652993977275
14400,331,339,LAE|MAE,11.44102391188365
14401,331,332,LAE|MAE,22.449690349071872
14402,331,339,LAE|MAE|SAE,1.6006150736136942
14403,331,333,LAE|MAE,1.4504591124157342
14404,331,332,LAE|MAE,13.76229282588868
14405,331,333,LAE|MAE,1.0668393743703126
14406,331,347,LAE|MAE|SAE,27.57501689312425
14407,331,351,LAE|MAE,5.323662193377799
14408,331,333,LAE|MAE,45.42442920184532
14409,331,355,LAE|MAE|SAE,3.049051583937294
14410,331,334,LAE|MAE|SAE,23.548143576206584
14411,331,335,LAE|MAE,1.0801798748242892
14412,331,332,LAE|MAE,32.73671861864481
14413,331,336,LAE|MAE,23.62001253073063
14414,331,332,LAE|MAE,4.646643887200529
14415,331,332,LAE|MAE,10.375751795978186
14416,331,332,LAE|MAE,42.75249644897539
14417,331,332,LAE|MAE,1.163127916761004
14418,329,333,MAE,1.5351452209248193
14419,329,333,MAE,3.1426668861803826
14420,330,333,MAE|SAE,27.3434360970918
14421,330,346,MAE|SAE,41.51978875806652
14422,330,333,MAE|SAE,1.572232590960934
14423,330,334,MAE|SAE,1.709988884977441
14424,330,345,MAE|SAE,14.22079567096059
14425,330,346,LAE|MAE|SAE,48.59593444865585
14426,330,333,MAE|SAE,3.2091161548448754
14427,330,336,LAE|MAE|SAE,4.543019037722125
14428,330,342,LAE|MAE|SAE,33.1170553478624
14429,330,337,MAE|SAE,29.54462206300392
14430,330,333,MAE|SAE,26.86727640050482
14431,330,333,MAE|SAE,6.6222778142198715
14432,330,335,MAE|SAE,47.104378734794516
14433,330,333,MAE|SAE,2.0930663182416285
14434,331,333,MAE,19.79381273374093
14435,331,335,MAE|SAE,24.327985831261476
14436,331,336,LAE|MAE,1.4529101260677457
14437,331,333,MAE,1.7948291124060944
14438,331,355,LAE|MAE|SAE,5.2280814080588165
14439,331,333,MAE,1.2674701283954668
14440,331,333,MAE,4.9489815236729955
14441,331,336,LAE|MAE|SAE,16.546237032640946
14442,331,333,MAE,2.2368352879234226
14443,331,333,MAE,3.337896658039993
14444,331,336,LAE|MAE,10.83237316390361
14445,331,339,MAE,5.45748183260344
14446,332,346,LAE|MAE|SAE,16.99434036156203
14447,332,334,LAE|MAE|SAE,1.5615156046552188
14448,332,334,LAE|MAE|SAE,0.9202583510474601
14449,332,333,LAE|MAE,0.8311266311183764
14450,332,333,LAE|MAE,0.8702569809780338
14451,332,333,LAE|MAE,1.0645878221464415
14452,332,347,LAE|MAE,2.207172886768424
14453,332,336,LAE|MAE,1.5126403645323239
14454,332,336,LAE|MAE|SAE,34.075333926525545
14455,332,337,LAE|MAE,2.880185571281945
14456,332,335,LAE|MAE,22.572841175504628
14457,332,333,LAE|MAE,27.6989992292412
14458,332,336,LAE|MAE|SAE,46.92559831456471
14459,332,333,LAE|MAE,1.884989908165937
14460,332,355,LAE|MAE|SAE,22.23561494679205
14461,332,333,LAE|MAE,22.173050844518148
14462,332,340,LAE|MAE|SAE,3.208407344390397
14463,332,345,LAE|MAE|SAE,19.573922650048043
14464,332,334,LAE|MAE|SAE,44.446900852997615
14465,332,333,LAE|MAE,1.323884474882329
14466,330,334,SAE,24.760562735391723
14467,330,334,SAE,16.406755697335434
14468,330,334,SAE,10.548793616846343
14469,330,334,SAE,9.091269374513798
14470,330,355,LAE|MAE|SAE,38.08702620012934
14471,330,334,SAE,39.79540341381008
14472,331,334,MAE|SAE,21.411998054072775
14473,331,334,MAE|SAE,45.56030765867029
14474,331,342,MAE|SAE,44.503685553923106
14475,333,338,MAE|SAE,1.41695152575185
14476,333,334,MAE|SAE,46.48322243434764
14477,333,338,MAE|SAE,1.204132349698702
14478,333,337,MAE|SAE,17.206819779239254
14479,333,334,MAE|SAE,1.3730492777228194
14480,333,334,MAE|SAE,0.8272855033418799
14481,333,334,MAE|SAE,1.2842172024695315
14482,333,334,MAE|SAE,31.99082423882384
14483,333,334,MAE|SAE,0.8256822441253729
14484,333,336,LAE|MAE|SAE,26.35453755950511
14485,331,335,MAE,1.569590675188497
14486,332,339,LAE|MAE,2.4471586522133286
14487,332,336,LAE|MAE,41.930762221612525
14488,332,340,LAE|MAE|SAE,2.1755238716456264
14489,332,353,LAE|MAE|SAE,46.95446524901639
14490,332,339,LAE|MAE,47.752833342729325
14491,332,352,LAE|MAE|SAE,4.282149838792346
14492,333,355,LAE|MAE,2.6281234315452924
14493,333,336,LAE|MAE,17.464189145584847
14494,333,335,MAE,1.9018975986773292
14495,334,338,MAE|SAE,1.8990802045129649
14496,334,338,LAE|MAE|SAE,1.2344047058056897
14497,334,335,MAE|SAE,0.6559275399341005
14498,334,354,LAE|MAE|SAE,1.7326342410640847
14499,334,343,MAE|SAE,29.686864775943736
14500,334,335,MAE|SAE,2.6636780036527643
14501,334,337,LAE|MAE|SAE,1.7457080546659989
14502,334,336,LAE|MAE|SAE,29.62798991785523
14503,334,337,LAE|MAE|SAE,26.15744501825211
14504,334,335,MAE|SAE,0.9240795495446331
14505,334,336,LAE|MAE|SAE,22.46627320506816
14506,334,335,MAE|SAE,2.70298524974944
14507,334,339,LAE|MAE|SAE,3.094212402384129
14508,334,339,MAE|SAE,1.3572863649538418
14509,334,335,MAE|SAE,0.6801571912341944
14510,334,336,LAE|MAE|SAE,1.1248154030167188
14511,332,336,LAE,1.835635372935643
14512,332,336,LAE,51.252136420407524
14513,332,355,LAE|MAE|SAE,4.883701766941072
14514,332,353,LAE|MAE,34.817453796067895
14515,332,336,LAE,17.141424253793115
14516,332,336,LAE,32.415327859768574
14517,332,336,LAE,21.318656504553648
14518,333,336,LAE|MAE,1.4316976485689261
14519,333,337,LAE|MAE,3.5874912326375976
14520,333,341,LAE|MAE,2.4745056956209623
14521,335,341,LAE|MAE,2.6027195747949503
14522,335,336,LAE|MAE,1.303282498136474
14523,335,346,LAE|MAE|SAE,1.2613631843595052
14524,335,338,LAE|MAE|SAE,2.899615772038747
14525,335,336,LAE|MAE,0.6586958215229406
14526,335,346,LAE|MAE|SAE,48.69480237078446
14527,335,337,LAE|MAE,23.20671452759107
14528,335,336,LAE|MAE,15.135726627211923
14529,335,338,LAE|MAE|SAE,32.992491869246734
14530,335,337,LAE|MAE,1.7545922106141565
14531,335,337,LAE|MAE,1.1511375787804308
14532,335,339,LAE|MAE,1.1603795092932951
14533,335,355,LAE|MAE|SAE,1.3816020637801056
14534,333,345,MAE,51.75319925306075
14535,333,337,MAE,3.530340216332185
14536,334,343,LAE|MAE|SAE,1.644502721797164
14537,334,338,MAE|SAE,22.665350825463552
14538,334,338,MAE|SAE,1.0915027703009492
14539,334,337,MAE|SAE,4.9372234541332
14540,334,337,MAE|SAE,1.0365631588155457
14541,334,346,MAE|SAE,38.22294239552948
14542,334,338,MAE|SAE,23.52727219501027
14543,334,337,MAE|SAE,37.371495954774716
14544,334,337,MAE|SAE,13.572576383024867
14545,334,337,MAE|SAE,17.469529567563505
14546,334,353,LAE|MAE|SAE,8.923719488772333
14547,334,337,MAE|SAE,47.54374557895999
14548,335,337,MAE,53.62498494920631
14549,335,337,MAE,1.0315901711439162
14550,335,340,LAE|MAE|SAE,1.0330095240685075
14551,335,354,LAE|MAE|SAE,2.7988694947455586
14552,335,353,MAE,5.228615610421124
14553,335,346,MAE|SAE,2.8572667261534326
14554,336,341,LAE|MAE|SAE,1.3577210346699997
14555,336,337,LAE|MAE,0.9583222352212277
14556,336,339,LAE|MAE,1.0071455816828472
14557,336,355,LAE|MAE|SAE,4.0939181100982935
14558,336,343,LAE|MAE,2.523577467007937
14559,336,337,LAE|MAE,20.141269099605697
14560,336,345,LAE|MAE,4.09786081546054
14561,336,355,LAE|MAE,3.0000663339590306
14562,336,339,LAE|MAE|SAE,1.3311045325811437
14563,336,347,LAE|MAE|SAE,27.876640414861818
14564,336,341,LAE|MAE,4.918894981419856
14565,336,338,LAE|MAE|SAE,1.1759049502357362
14566,336,338,LAE|MAE|SAE,53.201967737277094
14567,336,337,LAE|MAE,0.9970863205315107
14568,336,341,LAE|MAE,0.9217218537413119
14569,336,355,LAE|MAE|SAE,37.61851035317482
14570,336,339,LAE|MAE,1.3868783184987632
14571,334,340,LAE|MAE|SAE,33.284667294257545
14572,334,345,MAE|SAE,25.958545068138843
14573,334,346,MAE|SAE,50.83344801517912
14574,334,338,SAE,17.22563786253684
14575,334,345,MAE|SAE,2.004629478701421
14576,334,338,SAE,15.610892034643864
14577,334,355,LAE|MAE|SAE,27.974318218615196
14578,334,338,SAE,0.9325429694527861
14579,335,341,MAE|SAE,1.1673100032026935
14580,337,339,MAE|SAE,27.187457723977385
14581,337,338,MAE|SAE,0.7577455107936372
14582,337,338,MAE|SAE,1.6639461101840771
14583,337,340,LAE|MAE|SAE,0.8908408408905131
14584,337,348,LAE|MAE|SAE,0.9967035383589892
14585,337,338,MAE|SAE,30.790218449860376
14586,337,338,MAE|SAE,1.0637145287408745
14587,337,339,MAE|SAE,1.1597237489172982
14588,337,355,LAE|MAE|SAE,1.9652341438696053
14589,337,355,LAE|MAE|SAE,26.743430071843466
14590,337,338,MAE|SAE,35.35395596527317
14591,337,351,LAE|MAE|SAE,23.2636173032596
14592,337,338,MAE|SAE,31.860558689179776
14593,337,355,LAE|MAE|SAE,1.582149313473944
14594,337,340,LAE|MAE|SAE,44.1023983419015
14595,337,354,LAE|MAE|SAE,1.9707534454178746
14596,337,355,LAE|MAE|SAE,19.48325997307228
14597,337,342,MAE|SAE,52.108150283187705
14598,335,339,MAE,19.555033336468274
14599,335,339,MAE,48.37661430849783
14600,336,339,LAE|MAE,20.228752795064988
14601,336,341,LAE|MAE,2.7895440991265734
14602,336,340,LAE|MAE,1.296217861717667
14603,336,355,LAE|MAE|SAE,9.499329935187896
14604,336,339,LAE|MAE,1.0119500076697239
14605,336,339,LAE|MAE,0.9023832099003337
14606,336,355,LAE|MAE,1.9829963036122111
14607,336,340,LAE|MAE,47.855178449652506
14608,336,340,LAE|MAE,45.02851815813679
14609,337,343,MAE,0.9744416082138371
14610,337,339,MAE,0.8754487228961513
14611,337,339,MAE,0.6274567297163033
14612,337,355,LAE|MAE,2.7810849810024867
14613,337,341,LAE|MAE,26.93866945150412
14614,337,341,MAE,4.732307234437596
14615,337,342,MAE|SAE,1.1684231467418131
14616,337,339,MAE,46.89679388110756
14617,337,345,MAE|SAE,5.534869082804621
14618,337,339,MAE,3.058790382267519
14619,338,339,MAE|SAE,1.5187560576675783
14620,338,341,LAE|MAE|SAE,0.6394241654153043
14621,338,343,MAE|SAE,1.3018094438612644
14622,338,340,LAE|MAE|SAE,0.7270541325000069
14623,338,343,MAE|SAE,33.150851171119065
14624,338,339,MAE|SAE,0.7920410040835876
14625,338,342,MAE|SAE,18.273003510810106
14626,338,354,LAE|MAE|SAE,1.5700844983814555
14627,338,339,MAE|SAE,42.12525994144425
14628,338,339,MAE|SAE,2.243306015057164
14629,336,340,LAE,3.148353813956532
14630,336,355,LAE|MAE|SAE,1.891409914853119
14631,336,340,LAE,2.6967435091085545
14632,336,355,LAE|MAE|SAE,53.63366353811602
14633,336,340,LAE,1.230498711191172
14634,336,340,LAE,1.6068938687703849
14635,336,340,LAE,2.0075354924268254
14636,337,355,LAE|MAE|SAE,1.4312654304927086
14637,337,347,LAE|MAE,30.324918806609848
14638,339,340,LAE|MAE,0.9695513740474129
14639,339,340,LAE|MAE,0.6048299134337543
14640,339,345,LAE|MAE|SAE,0.7578507218664193
14641,339,340,LAE|MAE,0.7472464352562089
14642,339,340,LAE|MAE,23.397577169984114
14643,339,340,LAE|MAE,6.026793637379637
14644,339,342,LAE|MAE|SAE,33.948640805880764
14645,339,341,LAE|MAE,22.75563820818733
14646,339,340,LAE|MAE,1.2142255337189374
14647,337,341,MAE,0.803615832902185
14648,338,341,MAE|SAE,0.690790812316529
14649,338,354,MAE|SAE,28.253194387351027
14650,338,355,MAE|SAE,16.800800711873066
14651,338,343,MAE|SAE,1.2209639045690484
14652,338,341,MAE|SAE,0.6625201382261925
14653,338,341,MAE|SAE,1.198035761294198
14654,338,341,MAE|SAE,27.731332661386908
14655,338,355,LAE|MAE|SAE,1.0106475455193622
14656,338,355,MAE|SAE,29.908847121302333
14657,338,355,LAE|MAE|SAE,22.430405777993485
14658,338,354,MAE|SAE,1.8644586195873316
14659,338,344,LAE|MAE|SAE,9.414961462024392
14660,339,343,MAE|SAE,0.9496204200962217
14661,339,341,MAE,0.9155650116649093
14662,339,341,MAE,13.562492325992796
14663,339,341,MAE,0.8889926377202774
14664,339,341,MAE,2.675129759301197
14665,339,341,MAE,0.9354625810776424
14666,339,341,MAE,0.6515273212010702
14667,340,355,LAE|MAE,1.8586702864195137
14668,340,355,LAE|MAE|SAE,1.3195198249321631
14669,340,341,LAE|MAE,27.946878347159846
14670,340,355,LAE|MAE|SAE,1.4383550188133747
14671,340,341,LAE|MAE,2.461851538914945
14672,340,341,LAE|MAE,0.6542707520197338
14673,340,342,LAE|MAE|SAE,0.6664298954298952
14674,340,341,LAE|MAE,23.2246655733291
14675,340,342,LAE|MAE|SAE,22.67392903451138
14676,340,344,LAE|MAE,0.9207580800374582
14677,340,341,LAE|MAE,0.8932001798572184
14678,340,354,LAE|MAE|SAE,8.771383869988487
14679,340,341,LAE|MAE,0.84102403910666
14680,340,341,LAE|MAE,2.407523197232859
14681,340,354,LAE|MAE|SAE,47.11863215001753
14682,338,343,MAE|SAE,1.779409933499614
14683,338,342,SAE,1.0951590506088407
14684,338,342,SAE,1.487028553936724
14685,338,347,MAE|SAE,22.157825664587946
14686,338,342,SAE,4.114583722642383
14687,338,342,SAE,17.181182189942135
14688,338,346,LAE|MAE|SAE,1.0702460881933389
14689,339,355,LAE|MAE|SAE,0.7425991623014562
14690,339,350,LAE|MAE|SAE,34.0231730202126
14691,339,342,MAE|SAE,55.902305415455665
14692,339,342,MAE|SAE,26.687904973568024
14693,339,345,MAE|SAE,1.7818286322350532
14694,339,355,LAE|MAE|SAE,30.956999170803623
14695,339,342,MAE|SAE,23.477429147633817
14696,339,346,MAE|SAE,37.56954504403742
14697,341,355,LAE|MAE|SAE,38.40827937207156
14698,341,343,MAE|SAE,5.991886686375635
14699,341,355,LAE|MAE|SAE,24.734335588528708
14700,341,342,MAE|SAE,2.6947683999390115
14701,341,342,MAE|SAE,2.392329559697742
14702,341,345,LAE|MAE|SAE,0.7425468937333719
14703,341,348,LAE|MAE|SAE,28.041572128191618
14704,341,354,LAE|MAE|SAE,25.14879078302669
14705,341,342,MAE|SAE,0.6622070458535579
14706,341,346,MAE|SAE,25.803677994216194
14707,341,355,LAE|MAE|SAE,1.0533480858130597
14708,341,342,MAE|SAE,1.0509452661701284
14709,341,354,LAE|MAE|SAE,31.913204458141514
14710,339,343,MAE,0.9554714399543981
14711,340,348,LAE|MAE,0.7113794105820885
14712,340,343,LAE|MAE,30.49717354022401
14713,340,354,LAE|MAE|SAE,23.848684275094005
14714,340,343,LAE|MAE,11.495421874199216
14715,340,355,LAE|MAE,3.9030016650283783
14716,340,354,LAE|MAE|SAE,1.3463731648661714
14717,340,346,LAE|MAE|SAE,1.0930236955703334
14718,341,343,MAE,1.0487835659062552
14719,341,343,MAE,0.9433265385763444
14720,341,355,LAE|MAE,0.8490703158774867
14721,341,355,MAE|SAE,1.4113867395533113
14722,341,344,LAE|MAE,1.4871976718097517
14723,341,343,MAE,0.8085533904142159
14724,341,355,LAE|MAE|SAE,47.33169373434984
14725,342,344,LAE|MAE|SAE,0.9877455611061049
14726,342,343,MAE|SAE,19.708052063063242
14727,342,354,MAE|SAE,0.7401532901981883
14728,342,354,LAE|MAE|SAE,27.32759979715706
14729,342,350,MAE|SAE,0.7954678574941526
14730,342,346,LAE|MAE|SAE,0.6945155892178627
14731,342,350,MAE|SAE,1.179311558533943
14732,342,351,LAE|MAE|SAE,27.72422786868114
14733,342,343,MAE|SAE,0.7999163958459165
14734,342,355,LAE|MAE|SAE,0.8355464066687192
14735,342,349,LAE|MAE|SAE,56.89911607055509
14736,342,345,MAE|SAE,0.8816127180231824
14737,342,347,MAE|SAE,1.3697677175143868
14738,342,353,LAE|MAE|SAE,18.431944808726765
14739,340,344,LAE,6.362398120068945
14740,340,344,LAE,9.457828795252286
14741,340,352,LAE,27.229066727733137
14742,340,344,LAE,1.2250220856153755
14743,340,351,LAE|MAE,1.0405384414993248
14744,340,345,LAE|MAE,0.9283681949316581
14745,340,347,LAE|MAE,0.9058587242421641
14746,340,344,LAE,1.0626091532182256
14747,340,344,LAE,2.468420189097259
14748,341,351,LAE|MAE,2.7046476205934593
14749,341,344,LAE|MAE,37.76889119772545
14750,341,355,LAE|MAE|SAE,51.014221218977745
14751,341,348,LAE|MAE,31.722386082298343
14752,341,344,LAE|MAE,29.01270025235465
14753,341,354,LAE|MAE|SAE,30.179201027626405
14754,343,347,LAE|MAE,1.5405673762939358
14755,343,355,LAE|MAE,2.958932310947051
14756,343,344,LAE|MAE,0.9089399507812375
14757,343,347,LAE|MAE,30.351571454394527
14758,343,344,LAE|MAE,0.7757302965795169
14759,343,355,LAE|MAE|SAE,14.169705193787474
14760,343,348,LAE|MAE,1.5957041282736353
14761,343,344,LAE|MAE,1.2043334542784587
14762,341,354,LAE|MAE|SAE,30.419015650888987
14763,342,354,MAE|SAE,14.669140143393218
14764,342,352,LAE|MAE|SAE,22.535628336222317
14765,342,353,LAE|MAE|SAE,24.590739823356977
14766,342,345,MAE|SAE,9.308054668392755
14767,342,355,MAE|SAE,0.9501364268689197
14768,342,345,MAE|SAE,28.363309478947563
14769,343,351,MAE|SAE,0.6822474260758061
14770,343,355,LAE|MAE|SAE,2.4493176083379042
14771,343,355,LAE|MAE|SAE,24.53434585814759
14772,343,347,MAE|SAE,3.4369399982368134
14773,343,355,MAE|SAE,0.8346982570604645
14774,343,345,MAE,0.8090031081854172
14775,343,352,LAE|MAE,0.7640924980829465
14776,343,345,MAE,3.881095514170657
14777,343,345,MAE,0.7443107565376456
14778,343,355,LAE|MAE|SAE,25.24726567471441
14779,344,345,LAE|MAE,2.315186485850011
14780,344,355,LAE|MAE|SAE,0.5864456670306616
14781,344,355,LAE|MAE|SAE,41.186973271237
14782,344,353,LAE|MAE|SAE,1.0269936663078802
14783,344,346,LAE|MAE|SAE,0.8263973316047688
14784,344,348,LAE|MAE|SAE,0.6656413949971871
14785,344,355,LAE|MAE|SAE,27.262406536616975
14786,344,347,LAE|MAE,17.86282900850506
14787,344,349,LAE|MAE,15.641340588068553
14788,344,345,LAE|MAE,0.5861300364664019
14789,344,354,LAE|MAE|SAE,10.723631447450868
14790,344,347,LAE|MAE|SAE,50.08662630111216
14791,344,345,LAE|MAE,2.4119966131797828
14792,344,346,LAE|MAE|SAE,0.8074902849237263
14793,344,345,LAE|MAE,0.6219323023618959
14794,344,350,LAE|MAE|SAE,31.130519635536974
14795,344,345,LAE|MAE,0.7360765220003862
14796,344,355,LAE|MAE|SAE,0.8278417639515032
14797,344,348,LAE|MAE,0.6486897578081187
14798,344,345,LAE|MAE,2.3562365267876584
14799,342,348,LAE|MAE|SAE,51.51356210078048
14800,342,353,MAE|SAE,25.333490099980185
14801,342,354,MAE|SAE,42.51736961858538
14802,342,346,SAE,18.802357068693507
14803,343,351,MAE|SAE,0.8815789177888305
14804,343,346,MAE|SAE,1.2550443364581274
14805,345,355,LAE|MAE|SAE,2.468680289450258
14806,345,348,LAE|MAE|SAE,0.8247520519281966
14807,345,352,LAE|MAE|SAE,29.71051462510868
14808,345,349,LAE|MAE|SAE,0.8317070800827537
14809,345,354,MAE|SAE,20.178150980413815
14810,345,355,LAE|MAE|SAE,26.928877200232048
14811,345,346,MAE|SAE,26.819093591241266
14812,345,346,MAE|SAE,58.15534010543326
14813,345,355,LAE|MAE|SAE,0.8459067996706662
14814,345,355,LAE|MAE|SAE,2.7153670419536033
14815,345,355,MAE|SAE,44.62860100286464
14816,344,347,LAE|MAE,21.05028745258697
14817,344,347,LAE|MAE,57.026862307342235
14818,344,347,LAE|MAE,0.6336187874066227
14819,344,355,LAE|MAE|SAE,36.366865259707765
14820,344,355,LAE|MAE,34.95551103183511
14821,344,347,LAE|MAE,10.555914186740717
14822,344,347,LAE|MAE,1.0204545746465157
14823,344,352,LAE|MAE,1.0550135092615707
14824,344,347,LAE|MAE,42.07473385214566
14825,344,355,LAE|MAE|SAE,0.830715724657316
14826,345,347,MAE,0.7460827091540364
14827,345,354,LAE|MAE|SAE,0.6495259813047205
14828,345,355,LAE|MAE,4.126091002408382
14829,345,351,MAE|SAE,20.448582010267227
14830,345,353,LAE|MAE,2.4386261671991614
14831,345,348,LAE|MAE,37.314761978181714
14832,346,350,MAE|SAE,19.782280747316616
14833,346,351,MAE|SAE,20.091501697316595
14834,346,355,MAE|SAE,48.79280944616651
14835,346,347,MAE|SAE,7.659723412030704
14836,346,349,MAE|SAE,0.558656984224866
14837,346,355,LAE|MAE|SAE,1.3085984502210448
14838,346,355,LAE|MAE|SAE,1.3348076408711314
14839,346,352,LAE|MAE|SAE,1.5751690955522946
14840,346,350,MAE|SAE,0.8215956384631495
14841,346,355,LAE|MAE|SAE,36.30260998373091
14842,346,350,MAE|SAE,1.3230837676309881
14843,346,355,MAE|SAE,21.129934230505473
14844,344,355,LAE|MAE|SAE,36.97698506423362
14845,344,352,LAE|MAE,30.544965807612915
14846,344,352,LAE|MAE,0.62762198806878
14847,344,353,LAE|MAE,2.7320540628167964
14848,344,348,LAE,2.769789689530207
14849,344,351,LAE|MAE,0.7658557860828118
14850,344,348,LAE,54.94119050507885
14851,344,355,LAE|MAE|SAE,42.591775243099164
14852,344,348,LAE,1.0316592494918295
14853,344,348,LAE,0.8961143445363255
14854,344,355,LAE|MAE|SAE,8.868834404296406
14855,344,348,LAE,1.0082565477547598
14856,345,348,LAE|MAE,1.9405719247688116
14857,345,352,LAE|MAE,0.8481514076718899
14858,345,355,LAE|MAE,1.1994113297730913
14859,347,349,LAE|MAE,13.627863307523068
14860,347,349,LAE|MAE,1.3595202329924119
14861,347,352,LAE|MAE,1.4476625874484252
14862,347,349,LAE|MAE,22.049563455392224
14863,347,350,LAE|MAE|SAE,11.376919499648785
14864,347,349,LAE|MAE,1.2569590428231188
14865,347,355,LAE|MAE|SAE,23.785950155870665
14866,347,355,LAE|MAE|SAE,42.90213627630058
14867,347,352,LAE|MAE,12.988053909579307
14868,347,350,LAE|MAE|SAE,0.9096658578827161
14869,346,354,MAE|SAE,15.109756849224528
14870,346,353,LAE|MAE|SAE,1.0643104151745466
14871,346,349,MAE|SAE,0.7417868000076667
14872,346,349,MAE|SAE,19.650480104068777
14873,347,350,MAE|SAE,30.78406205383616
14874,347,349,MAE,0.6988480216939961
14875,347,351,MAE,1.067317204502941
14876,347,355,LAE|MAE,51.22655454611812
14877,347,349,MAE,36.649696352964945
14878,347,353,MAE,0.691527981966701
14879,347,355,MAE|SAE,0.6973168237217509
14880,347,349,MAE,1.2009133410118753
14881,348,355,LAE|MAE,3.3438136548296207
14882,348,352,LAE|MAE,0.7558167458456249
14883,348,349,LAE|MAE,0.754437961195264
14884,348,355,LAE|MAE|SAE,30.845295637230123
14885,348,349,LAE|MAE,16.718662565159036
14886,348,349,LAE|MAE,32.09439987013848
14887,348,355,LAE|MAE,48.92241292175749
14888,348,351,LAE|MAE,1.5276491517664181
14889,348,349,LAE|MAE,0.7528785772589809
14890,348,353,LAE|MAE,45.8355334857304
14891,348,349,LAE|MAE,3.7026564306217407
14892,348,349,LAE|MAE,1.1960734254563241
14893,348,354,LAE|MAE|SAE,0.9015136389983568
14894,346,350,SAE,0.7549007632325354
14895,346,350,SAE,0.7330572066086634
14896,346,351,MAE|SAE,0.8600721479239706
14897,346,350,SAE,1.0264285716835355
14898,346,350,SAE,51.39924248326163
14899,346,350,SAE,0.7039446282631981
14900,346,351,MAE|SAE,1.4841194087395972
14901,346,350,SAE,0.725698738365185
14902,346,350,SAE,1.4801712971535117
14903,346,350,SAE,0.7010672215681978
14904,346,350,SAE,17.48420142572279
14905,347,350,MAE|SAE,0.616386231705694
14906,347,350,MAE|SAE,0.7742674003363964
14907,347,351,MAE|SAE,0.633838318770215
14908,349,351,MAE|SAE,0.6971296874113577
14909,349,350,MAE|SAE,1.1159522093891334
14910,349,350,MAE|SAE,2.265037529140204
14911,349,353,MAE|SAE,15.969744759233782
14912,349,350,MAE|SAE,0.6704989885039849
14913,347,353,LAE|MAE,3.9367937912793862
14914,347,352,LAE|MAE,1.1617177628517634
14915,347,351,MAE,4.569211411634287
14916,347,353,MAE,59.78534113932266
14917,347,355,MAE,1.4235619006483209
14918,347,354,LAE|MAE|SAE,36.14197837995957
14919,347,351,MAE,3.5148931638987495
14920,347,355,MAE,1.9610530961772714
14921,348,351,LAE|MAE,20.7220832548539
14922,348,351,LAE|MAE,0.9455992386064105
14923,348,355,LAE|MAE,12.89286646501421
14924,348,351,LAE|MAE,1.0152452820441138
14925,348,351,LAE|MAE,43.535192192694296
14926,348,352,LAE|MAE,40.725282840766724
14927,349,354,MAE|SAE,1.2022307916774642
14928,349,351,MAE,0.8908204276821307
14929,349,351,MAE,0.6696649033209928
14930,349,353,MAE,1.3282035578817588
14931,349,351,MAE,1.2651842895187315
14932,349,351,MAE,0.8501914267737164
14933,350,355,MAE|SAE,34.64891782590004
14934,350,351,MAE|SAE,1.0095746828633791
14935,348,352,LAE,57.383055847409004
14936,348,352,LAE,16.559447154776933
14937,348,352,LAE,1.4648622529722124
14938,349,353,LAE|MAE,0.903316698008075
14939,349,352,LAE|MAE,13.777567889263842
14940,349,352,LAE|MAE,44.77889682135038
14941,351,352,LAE|MAE,0.7507417294443024
14942,351,354,LAE|MAE|SAE,56.39750757349853
14943,351,352,LAE|MAE,0.7658553514981098
14944,351,353,LAE|MAE,0.598241889931591
14945,351,352,LAE|MAE,1.6551344542683175
14946,351,355,LAE|MAE,33.35316407906713
14947,351,353,LAE|MAE,0.7218697260413746
14948,351,355,LAE|MAE,0.6787516934880063
14949,351,352,LAE|MAE,0.7800202872593566
14950,351,355,LAE|MAE,11.992644869825543
14951,349,353,MAE,3.146761782736395
14952,349,353,MAE,0.6252121506978323
14953,349,353,MAE,40.00408893498114
14954,349,353,MAE,3.869527157259837
14955,349,353,MAE,0.7569701349580102
14956,349,353,MAE,2.677019885037886
14957,349,353,MAE,2.8571638577952134
14958,350,353,MAE|SAE,0.8924570413363958
14959,350,353,MAE|SAE,0.8603324355178299
14960,350,353,MAE|SAE,0.696230457441162
14961,350,353,MAE|SAE,0.7792554273822327
14962,350,354,MAE|SAE,36.27419358666743
14963,350,354,MAE|SAE,28.942789487731545
14964,350,353,MAE|SAE,1.2460922657025753
14965,351,354,MAE|SAE,1.3236777475396047
14966,351,353,MAE,0.6899552249878047
14967,351,353,MAE,1.3811639186958713
14968,351,354,MAE|SAE,15.55721431101961
14969,351,353,MAE,33.703135251373325
14970,351,355,MAE,0.5888176349728056
14971,352,354,LAE|MAE|SAE,29.797280547883236
14972,352,353,LAE|MAE,0.7750544411393887
14973,352,353,LAE|MAE,0.866880883444342
14974,352,355,LAE|MAE,0.809470062376548
14975,352,353,LAE|MAE,1.1690867644705931
14976,352,355,LAE|MAE,20.90913744599656
14977,352,354,LAE|MAE|SAE,38.24523230827768
14978,352,354,LAE|MAE|SAE,48.88579970819195
14979,352,353,LAE|MAE,2.3550026635936283
14980,352,353,LAE|MAE,44.30971269708796
14981,352,355,LAE|MAE,0.8863037797288079
14982,352,355,LAE|MAE,3.7073191673074617
14983,352,354,LAE|MAE|SAE,0.8029885442479602
14984,352,353,LAE|MAE,22.114306768871185
14985,350,354,SAE,0.5834041418636939
14986,350,354,SAE,13.73629496625839
14987,350,354,SAE,1.562540701050472
14988,350,354,SAE,20.35989577999273
14989,350,354,SAE,38.12471799398469
14990,350,354,SAE,29.80150217540348
14991,350,354,SAE,30.675780960761262
14992,350,354,SAE,27.138741684039378
14993,350,354,SAE,19.346022502268163
14994,350,354,SAE,33.06422770680504
14995,350,354,SAE,52.475401103997676
14996,350,354,SAE,27.435623082124412
14997,350,354,SAE,0.8291388019748722
14998,350,354,SAE,1.2776654974776869
14999,351,354,MAE|SAE,33.96118714516888
15000,351,354,MAE|SAE,0.8880778081033772
15001,351,354,MAE|SAE,24.680852920836653
15002,353,354,MAE|SAE,1.2738320963773218
15003,353,355,MAE|SAE,0.6413989263290579
15004,353,354,MAE|SAE,25.474783019099974
15005,353,354,MAE|SAE,20.48201947922179
15006,353,354,MAE|SAE,22.470838187963977
15007,351,355,MAE,2.636490306230149
15008,351,355,MAE,51.892063231877444
15009,351,355,MAE,32.47060067229344
15010,351,355,MAE,37.278496673172775
15011,352,355,LAE|MAE,1.3885463739834358
15012,352,355,LAE|MAE,1.2845881302968094
15013,352,355,LAE|MAE,13.458288788590332
15014,352,355,LAE|MAE,29.35612748500543
15015,352,355,LAE|MAE,0.737070988094375
15016,352,355,LAE|MAE,7.990772985013881
15017,352,355,LAE|MAE,23.852601717819464
15018,352,355,LAE|MAE,30.040924196547923
15019,352,355,LAE|MAE,43.85149729463917
15020,353,355,MAE,2.2412116655941405
15021,353,355,MAE,4.510131597744122
15022,353,355,MAE,0.7174637133164561
15023,353,355,MAE,39.94452201915323
15024,353,355,MAE,26.130690246670014
15025,353,355,MAE,36.04901509736686
15026,353,355,MAE,4.68557070811304
15027,353,355,MAE,2.8059480255824765
15028,353,355,MAE,0.6242807775160218
15029,353,355,MAE,0.7703508962495156
15030,353,355,MAE,0.806143014340519
15031,354,355,MAE|SAE,16.901902783596544
15032,354,355,MAE|SAE,25.33480189358797
15033,354,355,MAE|SAE,24.850974007754218
15034,354,355,MAE|SAE,1.5227991730533406
15035,354,355,MAE|SAE,17.828513317435288
15036,354,355,MAE|SAE,1.234517556921976
15037,354,355,MAE|SAE,0.835654444428335
15038,354,355,MAE|SAE,53.22657247893767
15039,354,355,MAE|SAE,1.2651021682309413
