landmark_id,first_frame_idx,last_frame_idx,slots_seen,creation_depth_m
0,0,25,LAE,4.924776569917891
1,0,20,LAE,3.2957858751261098
2,0,19,LAE,3.9252625710303497
3,0,13,LAE,4.829648359853059
4,0,11,LAE,0.8693431089023526
5,0,8,LAE,0.9743878340861754
6,0,6,LAE,6.722396885628168
7,0,21,LAE,7.636294785012811
8,0,18,LAE,7.671524204966653
9,0,6,LAE,0.7074551189434809
10,0,11,LAE,3.5038116884310733
11,0,1,LAE,6.9352859038789845
12,0,9,LAE,9.986706460430932
13,0,4,LAE,3.5264568708785533
14,0,13,LAE,9.95732803613898
15,0,11,LAE,11.045209437959478
16,0,9,LAE,3.87893564473142
17,0,18,LAE,6.7271789302709974
18,0,11,LAE,7.693700445362478
19,0,6,LAE,0.9558396732887243
20,0,10,LAE,10.74018068485599
21,0,18,LAE,11.697270119420033
22,0,13,LAE,6.087565040493787
23,0,7,LAE,1.1326224546375365
24,0,16,LAE,3.6673914084562735
25,0,7,LAE,3.4521206232712447
26,0,7,LAE,5.752358953590964
27,0,14,LAE,3.9427284213865
28,0,16,LAE,6.0174011788081065
29,0,9,LAE,9.794233618673088
30,0,10,LAE,10.047166443732873
31,0,22,LAE,3.8982479343141105
32,0,7,LAE,4.825860639684076
33,0,18,LAE,4.460128021867145
34,0,14,LAE,2.3957023136987585
35,0,14,LAE,0.7817928943158905
36,0,8,LAE,7.17936589534084
37,0,19,LAE,3.261023440813123
38,0,12,LAE,0.714576121896721
39,0,10,LAE,0.6849970295491965
40,0,13,LAE,37.5978960891473
41,0,10,LAE,0.7933474329535652
42,0,10,LAE,1.052375362305246
43,0,9,LAE,8.208871256508118
44,0,11,LAE,0.8145976533897025
45,0,11,LAE,1.5888893658009555
46,0,13,LAE,0.8853307777746797
47,0,16,LAE,3.0327850548489232
48,0,11,LAE,3.4146941397937494
49,0,8,LAE,0.6097852653767191
50,0,12,LAE,3.4002734990183754
51,0,20,LAE,6.43633434618446
52,0,12,LAE,1.2887110118536704
53,0,11,LAE,1.3346365195070582
54,0,7,LAE,0.7306020517859815
55,0,4,LAE,1.4933895007920572
56,0,1,LAE,0.5310759181918634
57,0,13,LAE,1.188459324162484
58,0,11,LAE,3.797207571691629
59,0,6,LAE,0.9705236515378204
60,0,6,LAE,1.9962862127886698
61,0,23,LAE,4.069395038329613
62,0,19,LAE,3.482581548585876
63,0,22,LAE,5.139178664048492
64,0,24,LAE,9.793400658519124
65,0,6,LAE,20.91973162857528
66,0,11,LAE,0.7025396395868991
67,0,7,LAE,0.7297003656734226
68,0,15,LAE,4.483178880901783
69,0,11,LAE,0.7202670045052245
70,0,10,LAE,7.475932160624862
71,0,7,LAE,0.580441131248212
72,0,12,LAE,6.905574960401045
73,0,8,LAE,1.0265876389890272
74,0,10,LAE,3.4590664399203828
75,0,19,LAE,3.43550638941868
76,0,9,LAE,2.0675818231146765
77,0,17,LAE,4.157848363763231
78,0,6,LAE,1.6297894180302197
79,0,10,LAE,2.173488334290833
80,0,15,LAE,0.9634584579773944
81,0,25,LAE,6.76689536586482
82,0,9,LAE,2.0734502479384163
83,0,39,LAE,6.969168647158329
84,0,12,LAE,4.55594783282814
85,0,18,LAE,3.437343936587157
86,0,7,LAE,3.274794248917323
87,0,7,LAE,0.84142048404585
88,0,23,LAE,6.959597846030313
89,0,13,LAE,1.4779591063348163
90,0,6,LAE,4.2871925205003825
91,0,13,LAE,4.043366566954094
92,0,6,LAE,0.6445913257735494
93,0,6,LAE,6.685074472488819
94,0,9,LAE,0.7859551741009406
95,0,6,LAE,0.9249054710033677
96,0,6,LAE,3.644010525574773
97,0,7,LAE,5.1411521182861275
98,0,12,LAE,1.5052881646338199
99,0,13,LAE,3.9110287541591475
100,0,8,LAE,5.039785307273784
101,0,26,LAE,4.742251507121465
102,0,9,LAE,1.9822265672091042
103,0,5,LAE,4.489883042545075
104,0,14,LAE,8.104831855599015
105,0,6,LAE,0.6631827103926984
106,0,9,LAE,1.730097520572377
107,0,11,LAE,1.2794666140379898
108,0,34,LAE,4.070846042863068
109,0,6,LAE,52.57417183066281
110,0,15,LAE,6.788304342636791
111,0,16,LAE,1.2839997648957273
112,0,26,LAE,4.312528736705396
113,0,6,LAE,4.77217385207296
114,0,10,LAE,0.7280834999571048
115,0,9,LAE,0.908630444407257
116,0,6,LAE,0.6066303312144022
117,0,8,LAE,5.3094374610966115
118,0,6,LAE,3.9497855365724233
119,0,9,LAE,1.4237471343651378
120,0,24,LAE,5.848375408257641
121,0,15,LAE,3.1246992949375607
122,0,6,LAE,1.2381339826600286
123,0,20,LAE,5.198159267914645
124,0,26,LAE,4.710331162169377
125,0,6,LAE,0.7818373863062809
126,0,10,LAE,18.625293221257195
127,0,15,LAE,0.9312206384459507
128,0,19,LAE,4.511516890242555
129,0,4,LAE,6.786496902989269
130,0,13,LAE,0.7126079037970221
131,0,18,LAE,5.405558648092675
132,0,17,LAE,2.320065270242105
133,0,1,LAE,1.0199503293105696
134,0,15,LAE,3.9900199898689936
135,0,6,LAE,0.9375762163887681
136,0,8,LAE,0.9370759895963167
137,0,4,LAE,4.441665055383228
138,0,7,LAE,1.1251961432103563
139,0,16,LAE,4.273436489012845
140,0,6,LAE,0.953285531116638
141,0,12,LAE,1.1200000267972572
142,0,17,LAE,0.9384987616539008
143,0,6,LAE,6.362574682012935
144,0,9,LAE,10.87157138724842
145,0,2,LAE,11.889070126394879
146,0,1,LAE,0.9649185476522874
147,0,1,LAE,0.698040211170167
148,0,10,LAE,0.6308977639143102
149,0,3,LAE,4.485757761874642
150,0,4,LAE,1.3066213465803505
151,0,6,LAE,0.5315868569998989
152,0,7,LAE,0.7328836825100955
153,0,9,LAE,0.756015146733802
154,0,6,LAE,0.7608006497004329
155,0,1,LAE,4.596183121731081
156,0,6,LAE,0.6587896540600419
157,0,6,LAE,1.6973450593487747
158,0,8,LAE,3.1644116594397684
159,0,2,LAE,3.086551487267962
160,0,2,LAE,4.158296792787018
161,0,2,LAE,11.239949216565837
162,0,16,LAE,3.4535588734687064
163,0,9,LAE,3.2339833188421623
164,0,6,LAE,0.6195762470698785
165,0,16,LAE,23.985584865396074
166,0,2,LAE,1.567423060571751
167,0,5,LAE,3.3986600940655274
168,0,13,LAE,11.26358173884935
169,0,34,LAE,4.7198675460405255
170,0,7,LAE,1.6836906283301591
171,0,2,LAE,0.5455618852204743
172,0,22,LAE,4.3564590370658705
173,0,7,LAE,4.238937929887095
174,0,2,LAE,0.6275327983314027
175,0,6,LAE,0.9617772002893359
176,0,2,LAE,10.314047229582593
177,0,8,LAE,6.266351223818695
178,0,6,LAE,12.939672402504943
179,0,12,LAE,0.9544861159234981
180,1,8,LAE,6.217060755369208
181,1,5,LAE,3.9631667536336708
182,1,21,LAE,3.882609212193148
183,1,6,LAE,5.567140254211884
184,1,6,LAE,3.8197709965040048
185,1,7,LAE,0.6851793154022208
186,1,2,LAE,7.506115384380857
187,1,8,LAE,1.6559853994045464
188,1,11,LAE,3.91696635674626
189,1,5,LAE,3.5200148856709785
190,1,13,LAE,5.230014206708306
191,1,4,LAE,0.6332779053143952
192,1,13,LAE,4.910234610294026
193,1,8,LAE,5.354262868643809
194,1,2,LAE,1.241858840836575
195,1,12,LAE,3.270586605067085
196,1,8,LAE,0.5902507963705168
197,1,7,LAE,7.616956797360494
198,1,7,LAE,0.6387757146318139
199,0,3,LAE,10.453833171122014
200,0,32,LAE,3.9631667536336708
201,0,3,LAE,1.100080364676764
202,0,15,LAE,22.875113525677296
203,0,6,LAE,1.7161815806286917
204,0,23,LAE,2.305803650426242
205,0,7,LAE,5.942300463324237
206,0,13,LAE,3.5329803044394565
207,0,6,LAE,0.7431909417117133
208,0,4,LAE,17.709238664126868
209,1,24,LAE,3.463835991198225
210,1,15,LAE,1.4177574977354188
211,1,15,LAE,3.925861948222125
212,1,7,LAE,5.6725016589357
213,1,3,LAE,5.402875455976235
214,1,12,LAE,5.003857742538568
215,2,10,LAE,5.8696972563820555
216,2,6,LAE,3.4195424559714334
217,2,3,LAE,10.760783326006752
218,2,9,LAE,1.0208851165761395
219,2,20,LAE,23.566144680996146
220,2,9,LAE,10.08752531182694
221,0,7,LAE,3.3159898424462133
222,0,6,LAE,0.7392534003555308
223,0,4,LAE,3.4747337962409572
224,0,4,LAE,3.9136814458097673
225,0,4,LAE,6.356418972665741
226,0,7,LAE,8.267202054656984
227,0,6,LAE,0.8080893164683558
228,0,5,LAE,0.925960529245594
229,0,6,LAE,1.0099141260774047
230,1,4,LAE,1.549555034896445
231,1,8,LAE,8.490364927590461
232,1,6,LAE,5.059161009478195
233,1,13,LAE,1.5943166069972439
234,2,6,LAE,1.5283157502081022
235,2,11,LAE,3.4563962769762546
236,2,6,LAE,0.595645354979372
237,2,37,LAE,3.980663432681585
238,2,4,LAE,1.7372312702977577
239,2,4,LAE,5.415929206243052
240,2,4,LAE,4.762721467215105
241,3,15,LAE,4.72344625730866
242,3,10,LAE,0.724240849139132
243,3,10,LAE,4.904313764369194
244,3,4,LAE,5.850250972295468
245,3,7,LAE,3.618405998139792
246,3,4,LAE,4.798955940143116
247,3,4,LAE,0.6387292481402804
248,3,5,LAE,1.8404358960011151
249,1,6,LAE,0.9623995250402744
250,1,11,LAE,0.9505643600087305
251,1,5,LAE,6.446977842021807
252,1,18,LAE,4.538032628754973
253,1,5,LAE,0.6322437205160708
254,2,23,LAE,6.685774766601075
255,2,7,LAE,0.7183751809071383
256,2,7,LAE,0.9680685732238911
257,2,5,LAE,5.609509469271686
258,2,14,LAE,3.4747337962409572
259,2,6,LAE,4.6036308935865655
260,2,7,LAE,7.547719095754117
261,2,7,LAE,4.4481648634296365
262,2,5,LAE,0.7472070029680535
263,3,5,LAE,6.589317945730131
264,3,14,LAE,4.509430288156985
265,3,10,LAE,3.313185165757822
266,3,5,LAE,26.317725665601824
267,3,20,LAE,3.4752237944398456
268,4,9,LAE,0.969451614298737
269,4,5,LAE,0.5861491299364257
270,4,5,LAE,0.9211504868898847
271,2,6,LAE,8.673615388531458
272,2,6,LAE,4.336773445868013
273,3,13,LAE,4.260270165092217
274,3,6,LAE,3.285484971962409
275,4,6,LAE,0.5481328897183055
276,5,7,LAE,6.264103731797299
277,5,6,LAE,0.5633327797185558
278,5,14,LAE,5.968275096768253
279,5,7,LAE,4.820496480710093
280,5,7,LAE,0.8884738778103817
281,5,15,LAE,1.1827249996267928
282,5,6,LAE,7.163937243849205
283,3,11,LAE,9.799558445847811
284,3,7,LAE,6.446977842021807
285,4,19,LAE,4.956311971897002
286,4,29,LAE,3.455969668018591
287,4,7,LAE,19.690409256613094
288,5,8,LAE,19.543920512668716
289,5,7,LAE,4.088240548563235
290,5,7,LAE,8.503517979320312
291,5,9,LAE,3.4400623090004694
292,5,7,LAE,7.302772131587482
293,5,7,LAE,6.4627549120578704
294,5,18,LAE,1.6273358874596084
295,5,16,LAE,4.44101742887648
296,5,8,LAE,3.368681485188445
297,6,23,LAE,3.5732734754820026
298,6,13,LAE,3.3831251869354344
299,6,7,LAE,5.675569615514504
300,6,11,LAE,3.8341697554437237
301,4,19,LAE,6.55674828333509
302,4,8,LAE,6.446977842021807
303,4,8,LAE,1.9156961384089821
304,4,12,LAE,9.799558445847811
305,4,12,LAE,18.55349894641052
306,4,11,LAE,4.965219672966798
307,4,35,LAE,6.230380122507825
308,4,21,LAE,3.9121810945898297
309,5,15,LAE,31.569327278569066
310,5,8,LAE,5.6725016589357
311,5,8,LAE,3.5329188708644947
312,6,12,LAE,0.7242735852912061
313,6,16,LAE,3.529543623401364
314,7,9,LAE,1.355072013666724
315,7,8,LAE,1.6401008441729878
316,7,10,LAE,0.622080448303435
317,7,18,LAE,1.2681471575704368
318,7,8,LAE,8.887751663272622
319,7,10,LAE,1.023382057157174
320,7,23,LAE,7.188687269412311
321,7,21,LAE,4.061532966260847
322,7,29,LAE,6.947234568461492
323,7,12,LAE,11.889070126394879
324,7,12,LAE,10.769889924801225
325,7,16,LAE,4.603209893427316
326,7,13,LAE,6.920388657324461
327,7,14,LAE,0.9563062864043136
328,7,15,LAE,1.4053924633430785
329,7,22,LAE,4.635914025358746
330,7,9,LAE,0.692094284779602
331,7,8,LAE,1.3495803185739605
332,7,18,LAE,5.949119179849452
333,7,8,LAE,29.001705262974802
334,7,8,LAE,5.432786399821327
335,7,15,LAE,1.0967908768703583
336,7,15,LAE,1.710528199892662
337,7,15,LAE,4.158296792787018
338,7,22,LAE,3.420972493951888
339,7,17,LAE,3.3703652795156103
340,7,8,LAE,4.700388476272496
341,7,11,LAE,0.6875716790557964
342,7,16,LAE,0.9746183650453675
343,7,12,LAE,8.421361241197971
344,5,20,LAE,5.213638628404639
345,5,9,LAE,6.55674828333509
346,5,9,LAE,9.799558445847811
347,5,12,LAE,6.79991296014311
348,5,9,LAE,3.9121810945898297
349,5,23,LAE,5.695243362381669
350,5,25,LAE,3.372641166782386
351,6,9,LAE,19.690409256613094
352,6,9,LAE,0.8587774931368104
353,6,10,LAE,53.441255407582176
354,7,10,LAE,1.344317968976365
355,7,9,LAE,3.33573997571996
356,7,9,LAE,2.5939778677529732
357,7,25,LAE,8.147210387628743
358,7,10,LAE,3.6671420048008048
359,7,11,LAE,4.960032723828651
360,7,18,LAE,7.344092523576384
361,7,9,LAE,0.7303983455506364
362,7,14,LAE,58.58179629068258
363,7,9,LAE,0.8807188109670752
364,7,11,LAE,0.9065917133625376
365,7,9,LAE,0.7906531311010353
366,7,22,LAE,27.033591475448496
367,7,9,LAE,0.9567255879388462
368,8,11,LAE,0.6501930926361192
369,8,16,LAE,3.440966703610405
370,8,20,LAE,7.110728166350359
371,8,19,LAE,3.225555565306713
372,8,9,LAE,1.3299728235002584
373,8,14,LAE,6.590545784632868
374,8,19,LAE,3.325322223893074
375,8,9,LAE,18.39386855143326
376,8,30,LAE,4.451941790242503
377,8,10,LAE,1.5157487570012642
378,8,12,LAE,5.3825513100440325
379,8,21,LAE,3.6519034088827875
380,8,32,LAE,4.766379119818805
381,8,10,LAE,11.245941590872627
382,8,10,LAE,0.6535455197762223
383,8,38,LAE,6.9929410619587955
384,8,9,LAE,6.061011002626946
385,8,11,LAE,4.885694091470112
386,8,11,LAE,0.7327931043096754
387,8,12,LAE,7.016569997241635
388,8,11,LAE,4.724919261249723
389,8,11,LAE,3.357157040762155
390,8,9,LAE,1.966153296184813
391,6,10,LAE,6.55674828333509
392,6,14,LAE,9.799558445847811
393,6,10,LAE,6.446977842021807
394,6,10,LAE,7.188238852206172
395,6,14,LAE,4.965219672966798
396,6,13,LAE,4.070846042863068
397,6,19,LAE,18.009586897108786
398,6,14,LAE,6.348013807712928
399,6,14,LAE,5.942300463324237
400,7,13,LAE,1.168579733475866
401,7,20,LAE,3.911621933938214
402,7,24,LAE,7.201652628344102
403,7,15,LAE,2.2186823969137532
404,7,10,LAE,0.6558007394537053
405,7,10,LAE,6.125890781360253
406,8,10,LAE,4.341120550480859
407,8,13,LAE,0.9741439911367381
408,8,10,LAE,11.001059329252241
409,8,10,LAE,4.219379898294922
410,8,21,LAE,13.899611049592906
411,8,13,LAE,4.371918024647614
412,8,10,LAE,1.3595818886688833
413,8,10,LAE,0.6465306525094218
414,8,15,LAE,4.82045651253981
415,8,10,LAE,3.496291751327617
416,8,11,LAE,0.9803768468390506
417,8,10,LAE,1.367526245209487
418,8,16,LAE,3.336745827463052
419,8,10,LAE,3.4232984622818283
420,9,17,LAE,1.9088788635776948
421,9,10,LAE,7.178080113695015
422,9,10,LAE,0.6976284288389717
423,9,13,LAE,6.525959753591054
424,9,10,LAE,3.7797234525555234
425,9,10,LAE,0.6711268045155767
426,9,17,LAE,6.957386746989234
427,9,12,LAE,1.7209914438825604
428,9,15,LAE,17.81342248307266
429,9,10,LAE,3.4602488989224782
430,9,10,LAE,0.7964220625993135
431,9,11,LAE,1.0134625541777766
432,9,21,LAE,20.379533154310494
433,9,20,LAE,4.052878082614528
434,9,13,LAE,1.0656164114648823
435,9,10,LAE,19.813196360978832
436,9,13,LAE,5.18800318582814
437,9,10,LAE,0.6230225534219739
438,9,13,LAE,3.282504463587647
439,9,23,LAE,12.757159693691554
440,9,10,LAE,7.605656009166845
441,7,11,LAE,9.923659668312542
442,7,15,LAE,18.55349894641052
443,7,30,LAE,7.506115384380857
444,7,17,LAE,10.973924904021858
445,7,14,LAE,9.770974257521322
446,7,11,LAE,0.6675092734706911
447,7,11,LAE,6.337628513408773
448,7,11,LAE,0.6456019015311597
449,7,18,LAE,6.067879149204437
450,7,11,LAE,6.062510916433888
451,8,12,LAE,0.8144718520069686
452,8,11,LAE,1.091801012248959
453,8,14,LAE,1.6106701223679658
454,8,11,LAE,0.9535322648047091
455,8,13,LAE,6.901848304324125
456,8,11,LAE,10.591801328716562
457,8,12,LAE,0.9333705426307743
458,8,16,LAE,22.63729982532232
459,8,11,LAE,0.85881821612272
460,8,11,LAE,6.769134463752694
461,8,11,LAE,1.293477257142802
462,8,11,LAE,0.956290455383077
463,9,16,LAE,1.5406872935339195
464,9,20,LAE,16.58676701942903
465,9,16,LAE,6.360109374307738
466,9,11,LAE,1.2082427429919589
467,9,11,LAE,10.673898235840584
468,9,15,LAE,0.9183693178165514
469,9,11,LAE,2.770212132952066
470,9,11,LAE,6.8852012022503395
471,9,11,LAE,38.146800063954714
472,9,12,LAE,0.7892543690133701
473,9,11,LAE,0.7858927046474017
474,10,14,LAE,4.631670589419961
475,10,16,LAE,3.261152075839887
476,10,11,LAE,0.9189120532186297
477,10,11,LAE,1.385354041807355
478,10,11,LAE,0.8724365274990394
479,10,13,LAE,7.022456763912732
480,10,11,LAE,3.290849054709213
481,10,14,LAE,9.834264497869663
482,10,11,LAE,0.8409779566325656
483,10,11,LAE,6.928024659442553
484,10,11,LAE,40.66637063419181
485,8,12,LAE,9.427876100980122
486,8,12,LAE,1.035170178750241
487,8,13,LAE,5.435679118438209
488,8,17,LAE,2.235417079446684
489,9,20,LAE,5.036056575294152
490,9,21,LAE,3.385448586710326
491,9,18,LAE,4.995616925869266
492,9,13,LAE,4.950692573641076
493,10,12,LAE,6.883035227839154
494,10,15,LAE,7.634976737141332
495,10,12,LAE,1.2417122654936892
496,10,12,LAE,4.046674501852625
497,10,14,LAE,23.568362710276006
498,10,14,LAE,9.350124018882061
499,10,12,LAE,1.076425936232361
500,10,16,LAE,2.3605140021867586
501,11,12,LAE,0.6725585101535589
502,11,12,LAE,0.653944576126696
503,11,12,LAE,1.3210530795098894
504,11,14,LAE,0.708987306164733
505,11,12,LAE,4.814464503714092
506,11,12,LAE,3.067044564643596
507,11,12,LAE,0.7119033303430171
508,11,12,LAE,1.7981074532091366
509,11,12,LAE,1.9295930331503013
510,11,18,LAE,1.8406859158751219
511,11,12,LAE,0.7579531810841339
512,11,12,LAE,0.9114033578517665
513,11,12,LAE,0.6943040066129444
514,11,12,LAE,3.963335913670916
515,11,12,LAE,6.106520429621352
516,11,12,LAE,1.0250292167143662
517,11,17,LAE,5.006097814975071
518,11,12,LAE,2.7500624411041
519,11,12,LAE,3.296855711708512
520,9,13,LAE,7.780706744650355
521,9,13,LAE,0.8002263815773206
522,9,13,LAE,3.7881612804383393
523,9,14,LAE,4.588757938196895
524,9,13,LAE,18.914738343151996
525,10,17,LAE,1.4925607045878007
526,10,16,LAE,1.8168797642576942
527,10,17,LAE,3.4618141515087415
528,10,20,LAE,6.976164378376012
529,10,17,LAE,3.8635224955390153
530,10,13,LAE,1.450787688658851
531,10,14,LAE,4.249518982195387
532,10,14,LAE,4.079777191685867
533,11,22,LAE,3.434758317760327
534,11,13,LAE,1.3160227202415495
535,11,17,LAE,10.457648566133988
536,11,26,LAE,5.917735828611767
537,11,14,LAE,4.6609738408753785
538,11,14,LAE,10.404047789631303
539,11,13,LAE,3.4393025884248862
540,12,18,LAE,4.459536274033606
541,12,19,LAE,1.3308672754046085
542,12,28,LAE,3.425246454512245
543,12,14,LAE,1.180088271077086
544,12,13,LAE,5.349080095991696
545,12,13,LAE,7.35064702357708
546,12,13,LAE,6.04025942891844
547,12,13,LAE,1.691460635646336
548,12,15,LAE,18.795741123482316
549,12,13,LAE,0.6534265566057812
550,12,16,LAE,7.611418722742087
551,12,13,LAE,8.4739866319092
552,12,19,LAE,18.035891109773292
553,12,13,LAE,0.6827463233844697
554,12,23,LAE,2.5081004603369355
555,12,13,LAE,0.6732348251217647
556,12,14,LAE,0.7897861279490002
557,12,13,LAE,5.936900016540145
558,12,13,LAE,3.09550946214298
559,12,18,LAE,7.561574976911346
560,10,18,LAE,8.436972864602629
561,10,14,LAE,1.3449047911630119
562,10,14,LAE,3.7008584650203287
563,10,22,LAE,1.934098346916909
564,10,14,LAE,0.8270543421817491
565,10,21,LAE,8.95810048870122
566,10,21,LAE,2.399910532692021
567,11,16,LAE,6.589288869102674
568,11,14,LAE,0.7163761545450623
569,11,14,LAE,3.2770161727167446
570,11,21,LAE,4.3731682337561395
571,11,14,LAE,0.7137007731318261
572,11,15,LAE,5.315559391554312
573,12,25,LAE,4.854478854302807
574,12,15,LAE,0.8966237828940257
575,12,14,LAE,1.0618713512274875
576,12,16,LAE,7.492974897099264
577,12,16,LAE,4.002966903114281
578,12,14,LAE,10.122729796681488
579,12,18,LAE,5.82712118358558
580,12,16,LAE,8.842487493404494
581,12,14,LAE,4.120053077559571
582,12,14,LAE,2.1962462285038487
583,12,14,LAE,7.0658951968176815
584,12,14,LAE,5.411075630957194
585,12,17,LAE,4.287992807555051
586,12,16,LAE,1.004947442283254
587,12,14,LAE,6.438442789992222
588,12,14,LAE,4.258098173734608
589,12,14,LAE,4.8509133778180615
590,12,14,LAE,33.567389344994574
591,12,15,LAE,4.880999354124863
592,13,17,LAE,0.8238253768549626
593,13,14,LAE,0.761296983573851
594,13,14,LAE,1.0077465875201437
595,13,19,LAE,1.1565544070827818
596,13,14,LAE,4.899124768065759
597,13,14,LAE,1.174271398677902
598,13,17,LAE,0.8776246087344477
599,13,14,LAE,0.6424948266101531
600,13,20,LAE,1.5843466717957928
601,13,14,LAE,12.521429896995613
602,13,14,LAE,7.097166593083185
603,13,14,LAE,4.297016269561928
604,13,15,LAE,0.9421217965306621
605,13,15,LAE,3.206263735775158
606,13,14,LAE,1.0838650256934188
607,13,16,LAE,1.0528967095220028
608,13,18,LAE,7.426967307004867
609,13,14,LAE,0.687312339420692
610,13,19,LAE,1.4649754997753799
611,11,29,LAE,4.719694813779914
612,11,15,LAE,16.84842597145051
613,11,26,LAE,5.465732621302577
614,11,15,LAE,6.076926622276677
615,12,20,LAE,4.596676603650615
616,12,15,LAE,12.112486061126274
617,12,15,LAE,4.580159721990678
618,12,19,LAE,11.352840159844323
619,12,15,LAE,12.555273435633584
620,12,15,LAE,0.7258068415773491
621,12,15,LAE,1.0420097574009433
622,13,15,LAE,4.593040770856837
623,13,17,LAE,2.377601641368366
624,13,15,LAE,1.6097004448896333
625,13,16,LAE,3.370046088838465
626,13,15,LAE,3.376453454637748
627,13,17,LAE,22.22441102483844
628,13,15,LAE,1.2390982827448622
629,13,15,LAE,1.491278446673096
630,13,16,LAE,10.372490003904549
631,14,16,LAE,2.2230796126200754
632,14,15,LAE,0.8570761781898932
633,14,16,LAE,0.8424227165284852
634,14,22,LAE,3.8491617297155045
635,14,15,LAE,1.1511074930501042
636,14,15,LAE,13.38883360424722
637,14,20,LAE,3.2664433762767726
638,14,18,LAE,1.2006162018130209
639,14,18,LAE,1.1664728586622781
640,14,20,LAE,6.051167384043215
641,14,16,LAE,0.9632222794849936
642,14,26,LAE,4.561526475694094
643,14,15,LAE,0.8171678701039015
644,14,19,LAE,1.8830970148874386
645,14,15,LAE,2.1055387087028117
646,14,15,LAE,0.7420096419593686
647,14,15,LAE,0.7651107818565153
648,14,15,LAE,2.8236481632006827
649,14,15,LAE,0.7750879473548716
650,14,28,LAE,4.422568552441503
651,14,15,LAE,0.8289534897314781
652,14,18,LAE,7.189073806327809
653,14,15,LAE,1.540312918653272
654,12,21,LAE,1.895350758185999
655,12,17,LAE,1.2178470250487277
656,12,16,LAE,4.4609683691358395
657,12,16,LAE,10.156697090311095
658,12,16,LAE,4.235698851594592
659,12,16,LAE,1.453823665214625
660,13,23,LAE,4.222799054938673
661,13,22,LAE,2.0385624032373952
662,13,21,LAE,6.847406034126563
663,13,16,LAE,9.063969995870563
664,14,16,LAE,8.243693919254762
665,14,16,LAE,26.87246672859036
666,14,16,LAE,1.3537845272073268
667,14,16,LAE,1.4596202962016438
668,14,17,LAE,5.82586944603769
669,14,17,LAE,1.3456111901474368
670,14,16,LAE,1.2133294235857253
671,14,16,LAE,1.1680046822556531
672,14,27,LAE,3.40450718658656
673,14,21,LAE,3.7756181934581154
674,15,16,LAE,1.008753267539027
675,15,19,LAE,4.109297211547665
676,15,16,LAE,0.9595538960554829
677,15,16,LAE,7.9284527843315376
678,15,16,LAE,1.580417039793948
679,15,21,LAE,24.089069514529807
680,15,16,LAE,0.9846134796159136
681,15,16,LAE,1.0684686717233092
682,15,16,LAE,22.557729700638344
683,15,16,LAE,1.6497771115217132
684,15,16,LAE,3.2654582974652557
685,15,16,LAE,2.064697367290993
686,15,18,LAE,1.2081753243240307
687,15,16,LAE,1.494431063233694
688,15,16,LAE,28.50352975042841
689,15,17,LAE,0.912414536195568
690,15,16,LAE,1.1778900514703132
691,15,20,LAE,16.8690703812291
692,13,17,LAE,6.3245117672034405
693,13,18,LAE,0.8978674016730482
694,13,19,LAE,1.7488909236759034
695,13,17,LAE,7.3321134779823405
696,13,17,LAE,24.891898938788273
697,13,20,LAE,3.91818576978812
698,13,18,LAE,4.607384675874696
699,14,17,LAE,3.4103279670643736
700,14,17,LAE,0.8342083279464949
701,14,17,LAE,4.575477645617973
702,14,17,LAE,1.0191441170955358
703,14,21,LAE,8.517866662540431
704,14,21,LAE,4.526335424809324
705,14,17,LAE,2.5235372292342086
706,14,17,LAE,4.400142460155359
707,14,17,LAE,0.8906010880927797
708,15,17,LAE,1.9104647186582515
709,15,19,LAE,6.484202900082308
710,15,17,LAE,1.61092360629095
711,15,19,LAE,4.0477440783935625
712,15,18,LAE,1.2622093436211004
713,15,17,LAE,8.501584520666347
714,15,17,LAE,4.919863975478039
715,15,27,LAE,3.2047158433197103
716,16,17,LAE,0.7835046477268505
717,16,17,LAE,4.0303204319519885
718,16,17,LAE,4.200530411578278
719,16,17,LAE,1.1123013236726804
720,16,18,LAE,1.5933389711570594
721,16,19,LAE,10.040410047880384
722,16,17,LAE,0.7336470200027233
723,16,18,LAE,1.162706626330845
724,16,17,LAE,0.8346625449150749
725,16,23,LAE,1.6614596605720997
726,16,17,LAE,1.195153526115639
727,16,17,LAE,9.606540153303612
728,16,20,LAE,1.3283294138960045
729,16,20,LAE,22.32387027595288
730,16,17,LAE,1.1819215042970221
731,16,21,LAE,1.457157906478594
732,16,22,LAE,5.186734420223323
733,14,25,LAE,1.6766659896234033
734,14,18,LAE,2.818920111921042
735,14,18,LAE,6.0680686168372615
736,14,25,LAE,2.4448786080665728
737,14,19,LAE,6.112983436025409
738,15,22,LAE,1.16161906093645
739,15,20,LAE,1.1746227871947639
740,15,18,LAE,2.350929079226627
741,15,21,LAE,4.349912207086941
742,15,18,LAE,3.185159508637071
743,15,18,LAE,5.96289195891963
744,16,19,LAE,1.0611886490087779
745,16,18,LAE,5.629591735144868
746,16,18,LAE,6.714556800257833
747,16,24,LAE,3.258336893937979
748,16,18,LAE,8.238091050802636
749,16,18,LAE,0.8181136132517154
750,16,24,LAE,7.037147627250733
751,16,18,LAE,6.636290274416894
752,16,23,LAE,3.2581147688759042
753,16,24,LAE,1.8386990377041945
754,16,18,LAE,4.6688415040680376
755,16,18,LAE,20.00287832593239
756,17,18,LAE,1.4450982072981318
757,17,18,LAE,5.786557602149495
758,17,18,LAE,0.7001448390955625
759,17,18,LAE,8.39374422813347
760,17,18,LAE,0.7031844052260549
761,17,18,LAE,1.8199979563319801
762,17,18,LAE,6.050365518566213
763,17,20,LAE,0.9239485015118785
764,17,18,LAE,1.2452458243028406
765,17,22,LAE,4.231065511186875
766,17,18,LAE,4.263165253975921
767,17,18,LAE,1.6435777980691135
768,17,22,LAE,1.5433597792914044
769,17,22,LAE,1.7295661397433297
770,17,24,LAE,4.636057163638874
771,17,18,LAE,0.706696052964965
772,15,23,LAE,23.572157868815815
773,15,19,LAE,11.070710997861838
774,15,23,LAE,16.5359543223549
775,15,24,LAE,3.883503050721833
776,15,19,LAE,2.4656403094322252
777,15,19,LAE,3.3800191226592196
778,16,20,LAE,3.199047347978776
779,16,19,LAE,0.7862255549163449
780,16,19,LAE,3.7949686064569574
781,16,19,LAE,1.2818791237403437
782,16,24,LAE,4.258008151668911
783,16,19,LAE,3.523589619147182
784,17,19,LAE,3.110376599564202
785,17,19,LAE,1.3035702009011139
786,17,19,LAE,2.9130617208728626
787,17,19,LAE,1.4819662664199755
788,17,19,LAE,1.7404542903591635
789,17,20,LAE,20.08614184462897
790,17,20,LAE,2.328392335143296
791,17,19,LAE,10.41926573960546
792,17,19,LAE,7.1341548310109495
793,17,19,LAE,3.6011177231453333
794,17,23,LAE,1.6945001703020324
795,18,19,LAE,1.0325363436640425
796,18,26,LAE,30.736726144511202
797,18,21,LAE,6.211845368569999
798,18,22,LAE,1.8959243277629236
799,18,21,LAE,1.1787640767113101
800,18,21,LAE,1.352770847598339
801,18,19,LAE,6.328633757939269
802,18,22,LAE,1.5901503717723018
803,18,22,LAE,3.999512686962209
804,18,20,LAE,1.3713504783648987
805,18,19,LAE,9.359981110325094
806,18,19,LAE,3.029868090262542
807,18,21,LAE,9.805363902765661
808,18,19,LAE,1.363814596239114
809,18,21,LAE,0.918439255936016
810,18,19,LAE,2.981776566473264
811,18,19,LAE,10.385934967301829
812,18,23,LAE,1.674632590747253
813,18,27,LAE,1.626974862442225
814,18,19,LAE,1.2587447549559017
815,18,21,LAE,5.06020379129552
816,18,19,LAE,0.744973374448809
817,18,19,LAE,4.4006476782007775
818,18,19,LAE,3.556832340837551
819,18,19,LAE,3.034667010186719
820,18,23,LAE,1.9987551367629888
821,18,19,LAE,3.065828464199003
822,18,19,LAE,1.2403973169105211
823,16,20,LAE,3.2170645040389543
824,16,22,LAE,1.720033133673167
825,16,20,LAE,12.454784883888465
826,16,20,LAE,1.0200822377988799
827,16,20,LAE,3.313693095558741
828,16,23,LAE,10.966693264700888
829,16,24,LAE,5.416624141627328
830,16,20,LAE,6.791853687362188
831,16,20,LAE,1.293592686790326
832,17,20,LAE,11.061344430468807
833,17,20,LAE,1.5406350147282761
834,17,20,LAE,1.479397773212048
835,17,20,LAE,3.201889780817695
836,17,20,LAE,1.7850148833864137
837,18,20,LAE,2.828264396842253
838,18,20,LAE,6.029942841494747
839,18,21,LAE,4.235439020980305
840,18,20,LAE,2.964798069837832
841,18,30,LAE,21.75985042627278
842,18,20,LAE,7.967017985144382
843,18,20,LAE,1.3627578073429598
844,18,20,LAE,0.9959661126122753
845,18,24,LAE,5.104501918764131
846,18,28,LAE,7.762773599347409
847,18,20,LAE,2.615241697190521
848,18,24,LAE,4.067092741588735
849,19,20,LAE,1.1047501323264957
850,19,20,LAE,2.8042298968116923
851,19,20,LAE,11.314724438240681
852,19,22,LAE,1.3522802169581507
853,19,21,LAE,3.22928247037952
854,19,20,LAE,0.9130193553650037
855,19,30,LAE,5.490908961566988
856,19,21,LAE,5.3567245418036995
857,19,20,LAE,18.023730509535703
858,19,20,LAE,7.1921893546584155
859,19,21,LAE,4.344597941129596
860,19,20,LAE,1.167738826448614
861,19,30,LAE,2.5054082020403707
862,19,22,LAE,1.9211302332565525
863,19,20,LAE,1.1694128438214855
864,19,20,LAE,1.1502892721529845
865,19,24,LAE,1.487029064574977
866,19,21,LAE,2.595420084727942
867,19,28,LAE,2.1499734741187115
868,19,20,LAE,0.9875100080038355
869,19,20,LAE,0.8758902559771127
870,19,30,LAE,3.3470823764821573
871,19,20,LAE,3.8339561699911267
872,19,21,LAE,1.483469594740342
873,19,23,LAE,1.1607381495576348
874,19,20,LAE,1.1054729316919316
875,19,26,LAE,3.836588379783252
876,19,20,LAE,10.58785420439514
877,19,20,LAE,6.308601196789261
878,19,20,LAE,0.935894444674957
879,17,21,LAE,18.864550718001322
880,17,21,LAE,17.509396380096828
881,17,22,LAE,1.895134169443868
882,17,22,LAE,4.554239770888715
883,17,21,LAE,8.174555259392426
884,18,21,LAE,1.0043642734464293
885,18,21,LAE,1.467230051616614
886,18,21,LAE,4.507697454538921
887,19,21,LAE,0.8733996012961187
888,19,75,LAE,11.185282885868402
889,19,21,LAE,21.040603365676127
890,19,23,LAE,1.7066158392562143
891,19,21,LAE,2.8116246945756225
892,19,22,LAE,1.307131126455263
893,19,21,LAE,4.846531484095278
894,19,21,LAE,1.3356342994852006
895,19,22,LAE,1.194091433994419
896,20,21,LAE,4.019868133772451
897,20,21,LAE,3.780117275437389
898,20,21,LAE,1.1687029778278626
899,20,21,LAE,4.081462433059936
900,20,26,LAE,6.808184119052067
901,20,25,LAE,1.3427354875270958
902,20,21,LAE,0.8735529816411125
903,20,21,LAE,4.393210176947484
904,20,23,LAE,1.302097804891505
905,20,25,LAE,7.296797398745413
906,20,21,LAE,7.651495179885061
907,20,21,LAE,10.040966742454348
908,20,22,LAE,0.8277020457772472
909,20,21,LAE,0.9417998525644732
910,20,23,LAE,1.4719895873077917
911,20,28,LAE,8.582997459513814
912,18,24,LAE,7.24908747842871
913,18,22,LAE,1.4635675285453145
914,18,22,LAE,1.4480917404779048
915,18,22,LAE,1.5942773560685974
916,19,30,LAE,7.545343636528923
917,19,22,LAE,11.678845770540564
918,19,23,LAE,1.9453315775918316
919,19,22,LAE,4.245791434443519
920,20,22,LAE,1.5855378749228655
921,20,22,LAE,20.38093451271828
922,20,22,LAE,1.1683229893172649
923,20,23,LAE,1.6086533472930038
924,20,22,LAE,17.422074186384638
925,20,22,LAE,1.2905561573333286
926,20,22,LAE,6.257756067241201
927,20,23,LAE,3.782530070320744
928,20,22,LAE,1.168228084243354
929,21,26,LAE,4.215518557386499
930,21,22,LAE,0.9524134444089808
931,21,23,LAE,1.298256589866009
932,21,24,LAE,1.0366355750983582
933,21,22,LAE,1.0439111365936782
934,21,22,LAE,1.2358696247572054
935,21,23,LAE,1.353090604377741
936,21,22,LAE,1.3280485791832242
937,21,22,LAE,25.888094752276174
938,21,22,LAE,10.72602323083329
939,21,22,LAE,0.9603886776060341
940,21,23,LAE,3.9026190256040865
941,21,22,LAE,25.34709542048025
942,21,25,LAE,1.487010707953472
943,21,23,LAE,0.9466208271394095
944,21,30,LAE,1.667510782726983
945,21,25,LAE,1.3057156571893007
946,21,23,LAE,1.1507714863386442
947,19,24,LAE,3.598923267505342
948,19,23,LAE,4.78871562759978
949,20,28,LAE,5.703241847185491
950,20,23,LAE,5.156326294930994
951,20,23,LAE,6.482158049856088
952,20,24,LAE,1.799948527416145
953,20,24,LAE,5.194275387300553
954,20,23,LAE,2.5604354032152146
955,20,23,LAE,4.166489033532969
956,21,23,LAE,4.050856475187732
957,21,33,LAE,6.349012415867576
958,21,24,LAE,2.4880780250611614
959,21,23,LAE,1.3696791125960799
960,21,23,LAE,2.178339348211528
961,21,23,LAE,1.477124084222985
962,21,23,LAE,2.30245609375102
963,21,23,LAE,1.22615978601441
964,21,23,LAE,1.1557909236174835
965,21,23,LAE,9.16108958071631
966,21,23,LAE,1.1460796325325238
967,21,27,LAE,2.6331422567692258
968,21,23,LAE,3.765103828988838
969,21,28,LAE,18.155167220463202
970,21,24,LAE,17.403727712586296
971,21,24,LAE,1.692102737141638
972,22,25,LAE,0.9778149109625237
973,22,23,LAE,1.2906665914269397
974,22,26,LAE,1.0237507365259173
975,22,23,LAE,4.373405847499237
976,22,23,LAE,1.3543913728079993
977,22,26,LAE,2.527305741438105
978,22,25,LAE,1.3127357788882175
979,22,23,LAE,1.2097636257163453
980,22,26,LAE,5.299820920156523
981,22,23,LAE,1.1035851375040573
982,22,25,LAE,0.9786424100892104
983,22,23,LAE,5.343043686711518
984,22,23,LAE,1.643148678735813
985,22,23,LAE,1.9295541059083037
986,22,24,LAE,1.2282033863565796
987,22,29,LAE,1.521556203076864
988,22,24,LAE,0.972100581924996
989,22,23,LAE,1.2043493565496894
990,22,23,LAE,0.7216868337205095
991,22,23,LAE,1.1349868327190458
992,22,25,LAE,1.3835269468016496
993,22,24,LAE,3.9199917968519444
994,22,23,LAE,1.4704292347873955
995,22,23,LAE,0.9612044272589223
996,22,23,LAE,3.796036314410498
997,22,25,LAE,1.2613200417626227
998,21,26,LAE,1.3966330523318957
999,21,24,LAE,5.588536384832774
1000,21,24,LAE,6.12965339072003
1001,22,24,LAE,0.9193172291079361
1002,22,30,LAE,1.4039057340468624
1003,22,24,LAE,1.1697408745717088
1004,22,24,LAE,1.2767491226874472
1005,22,24,LAE,2.1677908108602835
1006,22,24,LAE,4.32570510137248
1007,23,26,LAE,1.2017233516890458
1008,23,24,LAE,6.61495050192909
1009,23,24,LAE,9.590541337014535
1010,23,24,LAE,1.3671024020774123
1011,23,24,LAE,2.9931767167469427
1012,23,29,LAE,3.1182005920208518
1013,23,29,LAE,3.0772305553259067
1014,23,25,LAE,2.66023868522273
1015,23,24,LAE,0.7607203226268915
1016,23,25,LAE,1.2201529580104216
1017,23,27,LAE,7.100883418490191
1018,23,24,LAE,0.8846426449470339
1019,23,26,LAE,19.361788408547113
1020,21,28,LAE,4.906102698573834
1021,21,25,LAE,9.70706832701587
1022,21,25,LAE,1.309276126819192
1023,22,25,LAE,1.181521524853391
1024,22,30,LAE,27.32815077410875
1025,22,25,LAE,1.5202155291366723
1026,22,25,LAE,1.0430396996222466
1027,22,26,LAE,3.80043974427704
1028,23,30,LAE,1.4342749551187215
1029,23,25,LAE,4.128502515930446
1030,23,25,LAE,4.657300864497205
1031,23,25,LAE,3.080218012345096
1032,23,25,LAE,1.2465344906705895
1033,24,25,LAE,0.946938706472643
1034,24,26,LAE,1.5438964327181768
1035,24,26,LAE,5.8801433259692155
1036,24,30,LAE,6.298608062543316
1037,24,25,LAE,11.588789096150663
1038,24,27,LAE,1.057888049887003
1039,24,25,LAE,1.3853005542636707
1040,24,25,LAE,0.8196228661651748
1041,24,28,LAE,4.326540527877064
1042,24,25,LAE,0.713128652014028
1043,24,25,LAE,2.347363577128943
1044,24,27,LAE,1.135558990324109
1045,24,25,LAE,1.1461226882109163
1046,24,28,LAE,2.42154943675132
1047,24,25,LAE,5.797670519563045
1048,24,26,LAE,1.014369899412339
1049,23,26,LAE,19.28330974542582
1050,23,26,LAE,1.0618063272785248
1051,23,26,LAE,2.6570226239821517
1052,23,26,LAE,4.454812590224068
1053,23,36,LAE,5.492211564889185
1054,23,27,LAE,5.894011303060285
1055,23,30,LAE,3.9042946253767017
1056,23,26,LAE,20.907165271286008
1057,23,29,LAE,1.232822012678692
1058,23,26,LAE,1.7212729376476192
1059,24,30,LAE,3.524475336920457
1060,24,27,LAE,1.5149183832636661
1061,24,26,LAE,0.9357975275083918
1062,24,28,LAE,2.4339854082049186
1063,24,26,LAE,4.1296266041984575
1064,24,26,LAE,8.5641407755706
1065,24,26,LAE,1.0823147827296085
1066,24,26,LAE,1.401475593436996
1067,24,28,LAE,1.207351665800602
1068,25,26,LAE,3.552702993982773
1069,25,27,LAE,9.461315932900824
1070,25,26,LAE,0.9587496590250578
1071,25,26,LAE,8.665211354436433
1072,25,30,LAE,3.6166091174309707
1073,25,26,LAE,1.1534138501206008
1074,25,26,LAE,23.183792773920537
1075,25,28,LAE,2.433384557890276
1076,25,26,LAE,1.0609133270774738
1077,25,32,LAE,2.248911050702788
1078,25,29,LAE,1.1569564582268377
1079,25,26,LAE,1.2789605463258458
1080,25,30,LAE,1.10825684505166
1081,25,26,LAE,1.486765263013435
1082,25,26,LAE,0.7795144490402943
1083,25,33,LAE,3.028658543788813
1084,25,26,LAE,0.6899886246011436
1085,23,27,LAE,5.4700714874765275
1086,24,44,LAE,6.957021951448753
1087,24,27,LAE,3.4016110666797412
1088,24,27,LAE,1.236082780366086
1089,24,36,LAE,3.89485751797498
1090,25,27,LAE,2.432435781054351
1091,25,28,LAE,2.394573970408904
1092,25,27,LAE,2.5086079960625516
1093,25,27,LAE,1.001867099112546
1094,25,28,LAE,9.946469747772955
1095,25,41,LAE,12.449271982432617
1096,25,27,LAE,1.028181907236743
1097,25,27,LAE,0.848748376076944
1098,25,30,LAE,3.377856231816509
1099,25,27,LAE,1.3666092742962215
1100,25,28,LAE,2.4883241047921465
1101,25,27,LAE,3.3593623323817283
1102,25,27,LAE,1.1429277286626232
1103,25,29,LAE,0.958483579631275
1104,26,34,LAE,5.962594384143857
1105,26,28,LAE,17.464917653793968
1106,26,27,LAE,2.3048688735917895
1107,26,37,LAE,9.608993938808197
1108,26,27,LAE,1.0372099965955779
1109,26,28,LAE,5.965109386014772
1110,26,29,LAE,1.0073529545061042
1111,26,30,LAE,1.2249784029188944
1112,26,29,LAE,1.740111444915744
1113,26,27,LAE,3.475381959603763
1114,26,36,LAE,16.519084126199637
1115,26,30,LAE,1.6153811945887082
1116,26,27,LAE,1.1184607315177384
1117,26,27,LAE,0.9236079752457211
1118,26,39,LAE,5.811031468031775
1119,26,33,LAE,5.666992772576328
1120,26,33,LAE,2.961353567307447
1121,26,27,LAE,0.7527940217753938
1122,26,30,LAE,1.3069195620534435
1123,26,29,LAE,1.489954238737322
1124,26,27,LAE,8.182242230919233
1125,26,27,LAE,1.2912610700563305
1126,26,29,LAE,2.754788896138785
1127,24,28,LAE,1.33951590694105
1128,24,29,LAE,2.522858929651576
1129,25,28,LAE,1.0855053493125133
1130,25,29,LAE,2.3755023056674744
1131,25,28,LAE,0.9180625602229071
1132,25,28,LAE,5.244997453824645
1133,25,28,LAE,10.639535204283831
1134,25,28,LAE,1.4956261666811814
1135,26,29,LAE,0.9885520787304367
1136,26,28,LAE,4.186913245022151
1137,26,28,LAE,1.086568882870139
1138,26,28,LAE,1.0230315420503218
1139,26,28,LAE,1.7951642101828817
1140,26,28,LAE,22.31463672751915
1141,26,33,LAE,2.883365181455191
1142,26,28,LAE,0.9444408455550661
1143,26,36,LAE,5.698519567878909
1144,26,30,LAE,1.0477468388709188
1145,26,28,LAE,9.966854663109716
1146,26,28,LAE,2.309758258240762
1147,26,31,LAE,18.665691588655463
1148,26,28,LAE,2.2909754870769343
1149,26,30,LAE,3.36774208089485
1150,26,28,LAE,1.6736459213638601
1151,26,28,LAE,0.9909785694647637
1152,26,29,LAE,1.526874897655485
1153,27,28,LAE,0.9987294477829608
1154,27,30,LAE,1.3965767787056234
1155,27,28,LAE,2.244618292591629
1156,27,30,LAE,1.0316877525083124
1157,27,29,LAE,1.4210089048214234
1158,27,28,LAE,1.1998766484789274
1159,27,28,LAE,0.8297192137557895
1160,27,28,LAE,2.3107361787299303
1161,27,29,LAE,0.8913149517935199
1162,27,28,LAE,19.239104553394114
1163,27,30,LAE,0.9186452726185554
1164,27,28,LAE,0.7276629273512577
1165,27,28,LAE,1.5264896277353284
1166,27,29,LAE,1.1563589236739895
1167,27,29,LAE,5.6621285834643675
1168,27,29,LAE,0.8912270346546298
1169,27,28,LAE,0.971792489922393
1170,27,28,LAE,0.8812689706689236
1171,27,30,LAE,1.000263659383745
1172,27,29,LAE,2.2091171589773317
1173,27,28,LAE,0.8035021318021366
1174,27,28,LAE,1.0458549704098268
1175,27,29,LAE,2.0380832870064665
1176,27,28,LAE,9.53337695712058
1177,27,28,LAE,0.8656245977112507
1178,27,28,LAE,0.9624434209634363
1179,25,36,LAE,9.717487218159162
1180,25,31,LAE,4.307207089674014
1181,25,33,LAE,3.5298744678161467
1182,25,29,LAE,2.4324547145300905
1183,25,29,LAE,10.762681692378685
1184,25,75,LAE,9.202432882568742
1185,26,29,LAE,2.2509859300897443
1186,26,29,LAE,9.855400717320327
1187,26,31,LAE,1.1163924431851449
1188,26,31,LAE,2.22402701532248
1189,26,29,LAE,4.737665243196591
1190,27,29,LAE,0.9878517768457512
1191,27,29,LAE,1.0572631545613533
1192,27,31,LAE,4.695178470908912
1193,27,29,LAE,1.2914294511759585
1194,27,29,LAE,0.9279049768943626
1195,27,29,LAE,0.9876809606555194
1196,27,29,LAE,1.228521194637049
1197,27,41,LAE,7.614422973050032
1198,28,29,LAE,0.9297003112854342
1199,28,30,LAE,1.0896140443211946
1200,28,29,LAE,0.8318930954190628
1201,28,31,LAE,1.7026085187022375
1202,28,40,LAE,18.153176827533475
1203,28,29,LAE,1.1535182894067337
1204,28,29,LAE,2.557692813076384
1205,28,33,LAE,1.4384977832813783
1206,28,29,LAE,0.7455963050002334
1207,28,29,LAE,2.3288486272917526
1208,28,29,LAE,0.8075804911505423
1209,28,29,LAE,0.8134785117739364
1210,28,29,LAE,0.7412035114956258
1211,28,30,LAE,1.1074318085512551
1212,28,29,LAE,1.0220999872508596
1213,28,32,LAE,17.6834791643105
1214,28,29,LAE,1.044419199601898
1215,28,31,LAE,3.2187705070518087
1216,28,30,LAE,0.9895766368769368
1217,28,30,LAE,0.9749726220613167
1218,28,29,LAE,0.9334783581003394
1219,28,29,LAE,2.0899922495812273
1220,28,77,LAE,9.128436594606987
1221,28,29,LAE,5.995049198988448
1222,28,29,LAE,5.7096945725433565
1223,28,30,LAE,0.8095432623705309
1224,26,42,LAE,14.949742891766183
1225,27,32,LAE,1.4008748967314932
1226,27,30,LAE,1.0965077426248369
1227,27,30,LAE,9.78939114644725
1228,27,34,LAE,7.284662648531542
1229,27,30,LAE,1.085203064867809
1230,27,30,LAE,7.599469917512335
1231,27,30,LAE,5.515008528883333
1232,28,30,LAE,1.281347982673051
1233,28,30,LAE,1.118683162465993
1234,28,30,LAE,1.149880134243873
1235,28,30,LAE,1.010554408482078
1236,28,31,LAE,1.3410357001246738
1237,28,31,LAE,1.3709851849125863
1238,28,30,LAE,1.0221778710478464
1239,28,31,LAE,1.104684336477937
1240,28,31,LAE,0.9344494820374327
1241,28,30,LAE,0.816375353546548
1242,28,30,LAE,1.2914753636566967
1243,28,33,LAE,5.7529297788658
1244,28,30,LAE,1.1795335538352831
1245,28,30,LAE,1.124351044356948
1246,28,35,LAE,3.1994049409009464
1247,28,30,LAE,1.0436484096208811
1248,28,30,LAE,0.9653169151702434
1249,28,30,LAE,1.865110987583304
1250,29,32,LAE,1.9689475901739877
1251,29,30,LAE,0.8862416131833255
1252,29,31,LAE,0.8507658174436231
1253,29,30,LAE,4.327693336137349
1254,29,30,LAE,2.1517577865494135
1255,29,30,LAE,0.8518496984593121
1256,29,30,LAE,0.7584870253373246
1257,29,30,LAE,0.8908769950064668
1258,29,30,LAE,5.589242287487886
1259,29,30,LAE,0.7721909642694946
1260,29,30,LAE,1.9785628180058108
1261,27,35,LAE,4.653287923235749
1262,27,35,LAE,2.168506512494141
1263,27,31,LAE,3.5342214448606364
1264,28,34,LAE,1.7509938881281908
1265,28,31,LAE,1.13317732274728
1266,28,35,LAE,3.803977070704347
1267,28,32,LAE,7.1299218717487705
1268,28,31,LAE,3.35912436585657
1269,28,31,LAE,9.429495897544133
1270,28,31,LAE,6.498766508186935
1271,29,31,LAE,2.1248937396371006
1272,29,31,LAE,1.2266726747389622
1273,29,43,LAE,4.879377097918911
1274,29,31,LAE,4.708267611011147
1275,29,33,LAE,2.031581062783186
1276,29,31,LAE,1.1366799088529242
1277,29,75,LAE,9.160340342603114
1278,29,34,LAE,2.088435832411632
1279,29,31,LAE,1.5980196589016162
1280,29,31,LAE,0.8546986508389651
1281,29,31,LAE,2.1062101304547904
1282,29,32,LAE,7.343790291478548
1283,29,35,LAE,2.1412344840051247
1284,29,31,LAE,4.220521707203533
1285,29,31,LAE,0.862369282953199
1286,29,31,LAE,0.8368619839495532
1287,29,31,LAE,1.0913358044536094
1288,30,31,LAE,0.8529513080779819
1289,30,31,LAE,1.1447532094871644
1290,30,34,LAE,1.3611929287192799
1291,30,31,LAE,0.8429874058782165
1292,30,31,LAE,0.7533465560255378
1293,30,31,LAE,12.145390935513184
1294,30,31,LAE,9.973654828838027
1295,30,35,LAE,1.9508849029884636
1296,30,31,LAE,1.308458997542426
1297,30,36,LAE,5.432527186385533
1298,30,31,LAE,6.7796546224866905
1299,30,33,LAE,3.368958254315805
1300,30,31,LAE,0.723466900538656
1301,30,38,LAE,7.31413098029012
1302,30,31,LAE,0.7626964048621987
1303,30,31,LAE,4.931943960644495
1304,30,32,LAE,1.2820633257710365
1305,30,31,LAE,3.3446320248169705
1306,30,39,LAE,4.524118643228009
1307,28,34,LAE,5.819969285672606
1308,28,32,LAE,2.0123362004563883
1309,28,32,LAE,6.853329882583904
1310,29,37,LAE,3.19997262606061
1311,29,32,LAE,7.682563908024822
1312,30,38,LAE,8.574659241156859
1313,30,32,LAE,3.180799644995262
1314,30,36,LAE,3.6953419419357916
1315,30,32,LAE,0.9348646953347739
1316,30,36,LAE,3.37436451440589
1317,30,32,LAE,0.8362669124806779
1318,30,32,LAE,0.9423504240275048
1319,30,33,LAE,1.0018206224648887
1320,31,32,LAE,1.9115199219228658
1321,31,33,LAE,2.880602385802422
1322,31,33,LAE,0.8913874292994451
1323,31,32,LAE,0.9174515938427745
1324,31,45,LAE,3.4366529051720676
1325,31,32,LAE,3.1085514320685097
1326,31,33,LAE,0.8735477928809631
1327,31,32,LAE,0.7441376338098242
1328,31,32,LAE,1.5495248609438268
1329,31,33,LAE,1.0860796411073435
1330,31,32,LAE,1.2734966343855725
1331,31,32,LAE,1.05344708225575
1332,31,32,LAE,3.2626263883414097
1333,31,33,LAE,1.7362946145066311
1334,31,34,LAE,1.3123088764268322
1335,31,34,LAE,1.7440377325409957
1336,31,34,LAE,8.834752484553796
1337,29,33,LAE,9.539146979179804
1338,30,33,LAE,3.110345804557834
1339,30,33,LAE,4.713729743780025
1340,30,36,LAE,1.985557110973076
1341,31,33,LAE,1.2972500088387617
1342,31,33,LAE,6.211404618367624
1343,31,33,LAE,10.183402706244431
1344,31,35,LAE,4.397782725153637
1345,31,42,LAE,4.720833666772619
1346,31,41,LAE,5.466116565932701
1347,31,33,LAE,6.864136983091706
1348,31,33,LAE,0.8849404962646673
1349,31,45,LAE,5.375412403225415
1350,32,33,LAE,1.11010627419959
1351,32,35,LAE,1.789289474847298
1352,32,33,LAE,1.159381799234392
1353,32,33,LAE,0.858283009824707
1354,32,46,LAE,3.4443780687423025
1355,32,37,LAE,6.111384904498818
1356,32,33,LAE,0.8957564988531348
1357,32,33,LAE,9.93647950098413
1358,32,33,LAE,1.1010032783061532
1359,32,34,LAE,0.983200818399764
1360,32,34,LAE,18.609861081165363
1361,32,34,LAE,0.9112387232844563
1362,32,33,LAE,8.613748801672797
1363,32,33,LAE,0.874869771584519
1364,32,33,LAE,0.8815332927941544
1365,32,33,LAE,20.268370657698014
1366,32,37,LAE,8.284564159271019
1367,32,33,LAE,0.823379378614857
1368,32,33,LAE,1.0907498535096087
1369,32,33,LAE,1.4674056931909256
1370,32,35,LAE,1.0251175809042805
1371,32,33,LAE,4.43395586340479
1372,32,33,LAE,0.9492573931680154
1373,32,33,LAE,1.1288528398499347
1374,32,36,LAE,3.313309865725148
1375,32,33,LAE,0.7436278101879875
1376,30,34,LAE,19.270125685293596
1377,30,34,LAE,4.9511269629380825
1378,30,34,LAE,1.992779693910132
1379,30,35,LAE,22.17895945799863
1380,31,34,LAE,1.4820959228409618
1381,31,34,LAE,5.907391834082844
1382,31,34,LAE,2.3415401916663576
1383,31,34,LAE,2.2515758337334195
1384,31,34,LAE,1.6434793604079976
1385,31,37,LAE,19.82931146567014
1386,32,34,LAE,1.171707582980428
1387,32,34,LAE,2.9694088542885186
1388,32,34,LAE,1.1838730357034921
1389,32,34,LAE,1.0063772429941409
1390,32,35,LAE,16.878760137315634
1391,32,34,LAE,2.756545488885018
1392,32,34,LAE,5.226801101347153
1393,32,34,LAE,1.1625419433788295
1394,32,35,LAE,2.1922352401302585
1395,32,37,LAE,5.92126192848817
1396,32,34,LAE,0.9351490373636576
1397,33,34,LAE,1.213259425690705
1398,33,35,LAE,19.28647062438309
1399,33,34,LAE,9.918847089025196
1400,33,34,LAE,1.4255517122839614
1401,33,44,LAE,5.153862201878931
1402,33,34,LAE,0.9407436177512806
1403,33,35,LAE,19.083063507961256
1404,33,34,LAE,0.9188459372445067
1405,33,34,LAE,1.1684341194504084
1406,33,34,LAE,16.49880194793182
1407,33,36,LAE,4.338005635099524
1408,33,34,LAE,1.341916662786002
1409,33,34,LAE,1.0969062552811217
1410,33,34,LAE,3.184543261566663
1411,33,34,LAE,2.9286386408525487
1412,33,34,LAE,3.3368190501645465
1413,33,34,LAE,22.056975897435866
1414,33,44,LAE,8.17635974072702
1415,33,35,LAE,16.898848155685016
1416,33,34,LAE,23.116614983875333
1417,33,34,LAE,0.7813202182532369
1418,33,34,LAE,5.2874028622682
1419,33,34,LAE,1.8122818402843115
1420,33,34,LAE,1.1750357513369745
1421,31,35,LAE,10.119198051996927
1422,31,35,LAE,4.357013521858606
1423,31,43,LAE,5.51714270436242
1424,32,36,LAE,1.6436275770491513
1425,32,37,LAE,1.2261589131572592
1426,32,36,LAE,1.3288454444064584
1427,32,35,LAE,1.9020385293339155
1428,32,35,LAE,1.0866318727620512
1429,32,35,LAE,1.7365578149359144
1430,32,35,LAE,1.3098210788038096
1431,32,35,LAE,1.040661992035532
1432,33,37,LAE,1.284864892079838
1433,33,36,LAE,0.9737000461337558
1434,33,35,LAE,0.9263530676787688
1435,33,40,LAE,1.60055813112985
1436,33,37,LAE,1.0326818087362544
1437,33,35,LAE,5.226871771703901
1438,33,35,LAE,8.517150732334484
1439,33,35,LAE,1.1039694964619489
1440,33,35,LAE,3.2868947463371634
1441,33,45,LAE,3.2509441791092106
1442,33,35,LAE,0.9420296221229876
1443,33,35,LAE,44.35786345693789
1444,33,35,LAE,9.200457744540383
1445,33,37,LAE,7.437224057008655
1446,33,41,LAE,7.213732489107059
1447,33,40,LAE,1.4414985352188892
1448,34,37,LAE,19.71410435248326
1449,34,35,LAE,17.813688016731234
1450,34,37,LAE,4.939753268956658
1451,34,35,LAE,4.382410336141411
1452,34,35,LAE,4.858089569025509
1453,34,42,LAE,4.3201875589111784
1454,34,35,LAE,19.638403307664774
1455,34,38,LAE,21.20549049356505
1456,34,35,LAE,6.425167098064735
1457,34,38,LAE,20.924403428464746
1458,34,37,LAE,1.4998496069414646
1459,34,35,LAE,1.3722588478846531
1460,34,36,LAE,5.887432312292858
1461,34,35,LAE,4.972705720036831
1462,34,35,LAE,2.5183548678225023
1463,34,35,LAE,4.230725776755798
1464,34,37,LAE,19.67332810137007
1465,34,40,LAE,5.097193404103389
1466,32,37,LAE,3.720838186152948
1467,32,44,LAE,6.078124603154231
1468,32,40,LAE,2.348214286881514
1469,32,39,LAE,5.334020687790732
1470,32,36,LAE,3.487169092612244
1471,33,36,LAE,1.615656262355258
1472,33,39,LAE,3.0521396551831574
1473,33,36,LAE,5.084166945129603
1474,33,36,LAE,2.6151717348732495
1475,34,36,LAE,19.091082617786302
1476,34,36,LAE,1.543435280747613
1477,34,39,LAE,5.846353813078329
1478,34,36,LAE,8.74857142642875
1479,34,36,LAE,9.995915614277846
1480,34,36,LAE,23.379329969563262
1481,34,36,LAE,2.3370670429079983
1482,34,36,LAE,8.733475817176316
1483,34,48,LAE,6.296527782806599
1484,34,36,LAE,4.625353497018919
1485,35,38,LAE,1.1704219699446454
1486,35,36,LAE,0.8230625738039498
1487,35,41,LAE,1.4382244542209113
1488,35,36,LAE,0.796030363886974
1489,35,36,LAE,1.36512474658449
1490,35,37,LAE,1.3249679897870494
1491,35,36,LAE,1.1069775587212052
1492,35,36,LAE,0.8979245746079824
1493,35,36,LAE,0.8687532680689988
1494,35,36,LAE,0.8442129769844278
1495,35,37,LAE,0.8603080134444033
1496,35,40,LAE,1.2914202448493641
1497,35,38,LAE,1.0485712984650668
1498,35,36,LAE,0.8289923900146534
1499,35,36,LAE,3.0313754790758436
1500,35,37,LAE,1.2047364132085996
1501,35,36,LAE,0.7819072788449742
1502,35,36,LAE,1.062857509007313
1503,35,36,LAE,0.9380012088870415
1504,35,36,LAE,1.4123451458159921
1505,35,36,LAE,0.7900414501523156
1506,35,36,LAE,0.9230132699910353
1507,35,36,LAE,0.7482881000042065
1508,35,36,LAE,0.7729258025565237
1509,33,37,LAE,3.2468512327074643
1510,33,37,LAE,4.780714070397112
1511,33,76,LAE,8.81557904869786
1512,33,37,LAE,1.5222927287600156
1513,34,37,LAE,7.8606707880044375
1514,34,37,LAE,1.311095305745284
1515,34,45,LAE,5.042291255925278
1516,34,37,LAE,8.079516396215526
1517,35,37,LAE,0.7896108944469672
1518,35,39,LAE,1.1792521365221256
1519,35,37,LAE,1.3398550658023396
1520,35,37,LAE,9.357850549983619
1521,35,40,LAE,4.298070969707627
1522,35,39,LAE,1.4408759048799251
1523,35,37,LAE,0.8898252726714998
1524,35,37,LAE,1.1139788422417491
1525,35,37,LAE,1.498083981584121
1526,35,37,LAE,1.0695499264747834
1527,35,38,LAE,1.3159256282585952
1528,35,37,LAE,1.4877305868857684
1529,35,39,LAE,7.01250573724167
1530,35,37,LAE,1.2969982275077128
1531,35,46,LAE,5.150929796354387
1532,36,38,LAE,0.9195503218454508
1533,36,37,LAE,0.8391856003370145
1534,36,37,LAE,0.8483272348447561
1535,36,37,LAE,0.9109045374437001
1536,36,37,LAE,0.8975727123281477
1537,36,37,LAE,3.865811665680032
1538,36,42,LAE,4.061813275706253
1539,36,39,LAE,1.0594868627768026
1540,36,37,LAE,4.4364664055636345
1541,36,37,LAE,0.8312524179553435
1542,36,38,LAE,1.4213124320734007
1543,36,37,LAE,1.3242056993978306
1544,36,37,LAE,0.8755792796671049
1545,34,38,LAE,5.2970733454431915
1546,35,38,LAE,1.050150423393963
1547,35,38,LAE,1.3144362465322168
1548,35,45,LAE,5.061928741906555
1549,35,39,LAE,1.260382698397152
1550,36,41,LAE,1.8140873871105954
1551,36,38,LAE,1.408155754483819
1552,36,38,LAE,1.8473701641302869
1553,36,38,LAE,1.0622354081464132
1554,36,41,LAE,6.250386920651482
1555,36,38,LAE,4.423593197373656
1556,36,40,LAE,1.0542975176084415
1557,36,40,LAE,1.2254482613999114
1558,36,46,LAE,5.094708386232166
1559,36,38,LAE,1.1160950217817083
1560,37,38,LAE,1.1179641564480018
1561,37,38,LAE,3.282054196037444
1562,37,38,LAE,1.144591704245649
1563,37,40,LAE,1.220042311534944
1564,37,39,LAE,4.692866325737984
1565,37,45,LAE,2.0793929278647423
1566,37,42,LAE,7.968468294182842
1567,37,39,LAE,1.1686130326279243
1568,37,41,LAE,1.538578867771797
1569,37,39,LAE,1.0413948541258258
1570,37,40,LAE,1.1285104305996287
1571,37,49,LAE,6.632140113196463
1572,37,74,LAE,8.374984931157814
1573,37,42,LAE,5.706112458889081
1574,37,42,LAE,4.8622138616965715
1575,37,38,LAE,2.011994678193254
1576,37,40,LAE,24.672987400102965
1577,37,40,LAE,1.3148825175666077
1578,37,38,LAE,0.8715088467247798
1579,37,39,LAE,0.7992964348910164
1580,35,40,LAE,1.2343584556237457
1581,36,39,LAE,0.9827784407351551
1582,36,41,LAE,4.904168749318629
1583,36,39,LAE,1.2174931544035454
1584,36,39,LAE,1.2497263543556048
1585,36,39,LAE,4.880819588935146
1586,37,39,LAE,21.372296085054728
1587,37,39,LAE,2.674168288606328
1588,37,41,LAE,1.2075353717874975
1589,37,39,LAE,0.9145531261312522
1590,37,39,LAE,1.0149574838417268
1591,37,39,LAE,0.9371336940058926
1592,37,41,LAE,1.195587888863403
1593,37,43,LAE,6.037669693474505
1594,37,40,LAE,20.522099283471295
1595,37,48,LAE,5.066234899810764
1596,37,39,LAE,1.3260006920778835
1597,37,40,LAE,1.0234070451503907
1598,38,39,LAE,0.8084193632121025
1599,38,39,LAE,0.7567147386161638
1600,38,39,LAE,1.0288604489134832
1601,38,40,LAE,0.9192503874726478
1602,38,39,LAE,1.2687555745920216
1603,38,39,LAE,1.1734998935214989
1604,38,39,LAE,0.8168354138313209
1605,38,39,LAE,17.90974195189691
1606,38,39,LAE,1.0939036408080907
1607,38,39,LAE,1.002824115225525
1608,38,39,LAE,0.8872889691543101
1609,38,39,LAE,0.7396385148917028
1610,38,40,LAE,0.9185228200571818
1611,38,39,LAE,1.024595023557526
1612,38,39,LAE,4.981916312295779
1613,38,39,LAE,0.8061098579801093
1614,38,39,LAE,1.2084426685742442
1615,38,42,LAE,3.8933034895533045
1616,38,39,LAE,0.8256860346903873
1617,38,39,LAE,4.139208759065621
1618,38,39,LAE,1.0183357956658552
1619,38,41,LAE,2.6835319575933867
1620,38,39,LAE,1.2713192450579096
1621,38,41,LAE,1.0960422921654858
1622,38,40,LAE,1.0968667809518966
1623,38,41,LAE,1.012334954479093
1624,38,39,LAE,1.0628334042202947
1625,38,39,LAE,1.052320048956755
1626,38,39,LAE,1.0447243401240844
1627,38,39,LAE,1.0458772534974363
1628,38,39,LAE,0.7935486580493296
1629,38,39,LAE,1.1149842250160833
1630,38,41,LAE,1.0504514828891274
1631,38,42,LAE,5.920454834511334
1632,38,39,LAE,1.0204705747012368
1633,38,44,LAE,2.7598559790037647
1634,38,39,LAE,1.2915247307960285
1635,38,39,LAE,0.9372950645533689
1636,38,39,LAE,0.7478827738117956
1637,38,41,LAE,1.269428985242324
1638,38,39,LAE,0.8201190655633163
1639,38,47,LAE,6.801991285101652
1640,38,49,LAE,4.533407624707115
1641,38,39,LAE,4.063324333405937
1642,38,40,LAE,1.0929353388045429
1643,38,39,LAE,2.5890470672857386
1644,38,39,LAE,5.539987549912492
1645,38,39,LAE,0.8755973574634983
1646,38,42,LAE,1.1422176204504098
1647,38,39,LAE,0.7620374779193192
1648,38,39,LAE,3.054784830445343
1649,38,41,LAE,1.2006023761030995
1650,36,40,LAE,5.2326054803554305
1651,36,50,LAE,5.607290084569649
1652,36,40,LAE,5.110928434650379
1653,37,45,LAE,5.784226751023679
1654,37,40,LAE,7.118613405123777
1655,37,40,LAE,1.461769023501777
1656,38,41,LAE,0.9375506400391742
1657,38,40,LAE,0.8518297980476224
1658,38,40,LAE,5.448863295451768
1659,38,40,LAE,16.16329312871487
1660,38,41,LAE,1.094467156311648
1661,38,46,LAE,4.697192253856319
1662,38,40,LAE,0.9543233039330501
1663,38,40,LAE,1.283009100211196
1664,39,41,LAE,0.964206367589593
1665,39,40,LAE,0.9472925529558547
1666,39,40,LAE,0.8758315359185346
1667,39,46,LAE,4.493260607496704
1668,39,40,LAE,2.260256122605197
1669,39,45,LAE,2.618026598112365
1670,39,40,LAE,0.8147909032076092
1671,39,40,LAE,0.8743134992710326
1672,39,40,LAE,8.36012925538383
1673,39,40,LAE,0.8678802483175411
1674,39,40,LAE,4.564548941501124
1675,39,40,LAE,2.0525748545719824
1676,39,41,LAE,7.733017964861138
1677,39,40,LAE,7.397204032742465
1678,39,46,LAE,4.569813076237049
1679,39,43,LAE,5.854815749606593
1680,39,40,LAE,0.9155454846371839
1681,39,42,LAE,0.9856204115080942
1682,39,40,LAE,1.5628156874127694
1683,39,40,LAE,0.8115590598644676
1684,39,42,LAE,1.042082845868717
1685,39,40,LAE,0.9385344895845531
1686,39,40,LAE,0.9861210650478563
1687,39,40,LAE,7.944126855820437
1688,39,40,LAE,2.05925681469263
1689,39,40,LAE,1.1149561420235203
1690,39,40,LAE,0.7429564480956111
1691,39,40,LAE,0.8650795952502932
1692,39,40,LAE,0.9468471481386158
1693,39,41,LAE,1.1670147725532753
1694,39,40,LAE,15.135122216651997
1695,39,40,LAE,0.9597393384708028
1696,39,40,LAE,17.932467164386686
1697,39,40,LAE,0.8857346594491963
1698,39,41,LAE,1.2006024266892428
1699,37,41,LAE,5.848235943651714
1700,37,44,LAE,10.917312042799683
1701,37,49,LAE,8.735598653611662
1702,38,41,LAE,1.1613523506956438
1703,38,41,LAE,3.7369883671476383
1704,38,41,LAE,1.0116371166439349
1705,38,41,LAE,1.0409759040993058
1706,38,44,LAE,1.4043778445706914
1707,38,45,LAE,4.6588976995594535
1708,38,42,LAE,4.1510939573584436
1709,38,41,LAE,2.3156867848842166
1710,38,54,LAE,4.3428993671176634
1711,38,41,LAE,8.529851465355659
1712,39,43,LAE,13.680408160026799
1713,39,41,LAE,2.6330138235573823
1714,39,41,LAE,1.3014899109750848
1715,39,41,LAE,4.972272268255505
1716,39,44,LAE,1.3645937223096598
1717,39,41,LAE,0.860421478565772
1718,39,76,LAE,7.955527581783843
1719,39,75,LAE,8.045327369651691
1720,39,43,LAE,1.2014013140745028
1721,39,43,LAE,1.2758165950298557
1722,39,42,LAE,3.7483442368000843
1723,39,41,LAE,1.0807310477608356
1724,39,45,LAE,4.574726136035615
1725,39,41,LAE,4.843205430539815
1726,39,41,LAE,2.654143545936339
1727,39,88,LAE,36.53973258042229
1728,39,76,LAE,8.331226136778419
1729,40,42,LAE,7.572334009909969
1730,40,46,LAE,6.274734134757947
1731,40,45,LAE,2.7715943002744514
1732,40,41,LAE,3.1992339088717148
1733,40,48,LAE,4.51505142559829
1734,40,42,LAE,4.4212174099805255
1735,40,45,LAE,2.547705079896433
1736,40,41,LAE,0.7475963862199979
1737,40,41,LAE,0.7359240331975183
1738,40,41,LAE,0.8550343648525676
1739,40,41,LAE,0.9069475389524494
1740,40,41,LAE,0.732725152420462
1741,40,41,LAE,1.1000331541811381
1742,40,41,LAE,0.8340259159944095
1743,40,41,LAE,0.8583239967207417
1744,40,41,LAE,1.4006753380487447
1745,40,41,LAE,0.9264370987109964
1746,40,41,LAE,0.9154994420263467
1747,40,42,LAE,1.1147480019963134
1748,40,43,LAE,1.098337833344697
1749,40,43,LAE,1.5085221049307185
1750,40,42,LAE,0.8826477269068712
1751,40,41,LAE,0.8351966535624631
1752,40,49,LAE,2.2174029144027103
1753,40,42,LAE,0.9810437518440528
1754,40,42,LAE,0.8697369428852846
1755,40,41,LAE,0.8064553091921643
1756,40,42,LAE,1.0653150652753156
1757,40,42,LAE,1.0177920968987735
1758,40,41,LAE,0.8570158093920027
1759,40,45,LAE,2.5584235557723534
1760,40,41,LAE,1.9614421473262467
1761,40,41,LAE,0.99637863869494
1762,40,41,LAE,1.3626653636002801
1763,38,42,LAE,19.6655593089413
1764,38,42,LAE,3.823105105805308
1765,39,42,LAE,1.3428630025498574
1766,39,43,LAE,1.1601103219859048
1767,39,52,LAE,4.898011680956334
1768,39,44,LAE,2.6521169874654102
1769,39,48,LAE,4.7036408941692995
1770,40,42,LAE,0.8652603110194557
1771,40,43,LAE,15.099518473759554
1772,40,43,LAE,8.255195334465329
1773,40,75,LAE,7.800860384160356
1774,40,42,LAE,5.3009987408963655
1775,40,42,LAE,0.9666581239142611
1776,41,42,LAE,2.6990280720903006
1777,41,42,LAE,3.874434748416332
1778,41,42,LAE,3.7339901717042214
1779,41,42,LAE,0.8267865022721298
1780,41,42,LAE,3.5413651410522196
1781,41,43,LAE,1.1719787988282406
1782,41,42,LAE,0.8046040168121057
1783,41,52,LAE,4.436671046402847
1784,41,45,LAE,1.1466852206955973
1785,41,46,LAE,8.84768849717447
1786,41,42,LAE,3.8710497964178754
1787,41,44,LAE,1.0817767168062866
1788,41,42,LAE,1.508315864811043
1789,41,42,LAE,5.421643111612555
1790,41,43,LAE,0.8676262519049884
1791,41,42,LAE,0.7715410899414634
1792,41,42,LAE,0.7841487022211768
1793,41,42,LAE,0.9662735859848475
1794,41,42,LAE,0.9232197746483757
1795,41,52,LAE,3.508275315266926
1796,41,47,LAE,4.0254757422838505
1797,41,42,LAE,0.7206986644983854
1798,41,44,LAE,2.369878922236998
1799,41,42,LAE,3.712746419032729
1800,41,50,LAE,3.4559657692231696
1801,41,42,LAE,1.1106746597245811
1802,41,56,LAE,44.96991712387155
1803,41,43,LAE,4.687169549321046
1804,41,44,LAE,5.6440745553977
1805,41,42,LAE,1.0667114561388016
1806,41,42,LAE,0.803887965086206
1807,41,42,LAE,0.7432817368703203
1808,41,45,LAE,4.137461999542946
1809,41,42,LAE,0.7778092903879289
1810,41,42,LAE,1.4414764903400912
1811,41,42,LAE,7.47458418697338
1812,41,46,LAE,18.49496070301898
1813,41,43,LAE,4.114112557555632
1814,41,43,LAE,3.4229901017040785
1815,41,42,LAE,0.7813808700417922
1816,41,42,LAE,0.8856422508083812
1817,41,42,LAE,0.7739866049727864
1818,41,43,LAE,1.6474863122826235
1819,41,42,LAE,0.9448763055664204
1820,41,44,LAE,1.0836593656506817
1821,41,43,LAE,3.752647177731498
1822,41,43,LAE,0.9093674912644141
1823,41,42,LAE,0.7661608867353051
1824,39,43,LAE,8.238899577835678
1825,39,43,LAE,7.603784471612847
1826,39,43,LAE,5.931200147372207
1827,39,43,LAE,8.321786927147247
1828,40,49,LAE,7.8241925928069564
1829,40,43,LAE,1.1333741475183154
1830,40,43,LAE,6.103210437755412
1831,40,46,LAE,2.4509902259147616
1832,41,51,LAE,3.5668453500711634
1833,41,50,LAE,3.466862194595609
1834,41,43,LAE,2.401889465923624
1835,41,44,LAE,1.0698759789836012
1836,41,43,LAE,0.9353325155895389
1837,41,43,LAE,2.2845422202498114
1838,41,44,LAE,1.488889686891611
1839,41,43,LAE,2.901941451018365
1840,41,47,LAE,6.304750511543952
1841,41,43,LAE,3.231982828043185
1842,41,43,LAE,3.287385138167904
1843,42,43,LAE,4.87414473672624
1844,42,43,LAE,2.1075710445406903
1845,42,50,LAE,11.350423248882135
1846,42,43,LAE,2.5402040609333634
1847,42,45,LAE,1.0331930697514333
1848,42,44,LAE,1.342692452263371
1849,42,44,LAE,0.9133318531035205
1850,42,50,LAE,2.6309303316743886
1851,42,44,LAE,1.0756914159958697
1852,42,48,LAE,2.918698932306839
1853,42,43,LAE,0.7697639285980571
1854,42,43,LAE,1.7284322884349983
1855,42,51,LAE,6.956628119532965
1856,42,46,LAE,17.521675928890645
1857,42,44,LAE,1.0160322738143148
1858,42,43,LAE,3.477671610548709
1859,42,50,LAE,4.150454408475231
1860,42,43,LAE,0.8394204154138093
1861,42,43,LAE,0.9387593727675805
1862,42,44,LAE,1.060322432966645
1863,42,44,LAE,1.027275782644547
1864,42,43,LAE,0.9077410430727092
1865,42,43,LAE,0.861265307777633
1866,42,44,LAE,0.9347834088172705
1867,42,43,LAE,0.830043440992083
1868,42,43,LAE,3.641762475964185
1869,42,43,LAE,2.2240388526336914
1870,42,43,LAE,0.7755953045942516
1871,42,44,LAE,4.113890915839162
1872,42,43,LAE,1.1133906281443882
1873,42,43,LAE,2.69277728772113
1874,42,43,LAE,0.9835284513829978
1875,42,45,LAE,1.0039457478660536
1876,42,43,LAE,0.800784009510329
1877,42,45,LAE,6.806112550807734
1878,42,44,LAE,2.2832200694935687
1879,42,44,LAE,4.177027115117961
1880,42,43,LAE,3.324673525975072
1881,42,44,LAE,1.018948091440242
1882,42,43,LAE,1.2175723235832352
1883,42,45,LAE,3.8103228071952433
1884,42,44,LAE,16.757820129635313
1885,42,44,LAE,1.1301535213924256
1886,42,44,LAE,3.805872084201212
1887,42,48,LAE,3.3865503484723667
1888,42,75,LAE,7.747876720496353
1889,42,43,LAE,0.9213245349644492
1890,42,44,LAE,4.599648524382225
1891,40,44,LAE,5.551935744234791
1892,40,50,LAE,4.4991826454581245
1893,41,52,LAE,2.4170094479521476
1894,41,44,LAE,5.9566463305866035
1895,41,46,LAE,2.982046130963681
1896,41,45,LAE,2.1590201095429915
1897,41,50,LAE,3.19691256199718
1898,41,44,LAE,1.637804998335677
1899,42,49,LAE,7.88826577281985
1900,42,48,LAE,3.2140439968925736
1901,42,44,LAE,4.175392244423677
1902,42,44,LAE,4.705530816551768
1903,42,45,LAE,1.5201505007560028
1904,42,50,LAE,2.5383765139293293
1905,42,44,LAE,0.8942855550854364
1906,42,47,LAE,2.142517659143868
1907,42,60,LAE,11.39486058467685
1908,42,45,LAE,3.4369816464641563
1909,42,44,LAE,2.008225077635074
1910,42,45,LAE,2.2320543693739796
1911,42,44,LAE,2.244792681786414
1912,42,44,LAE,5.294192816922338
1913,42,62,LAE,4.310851790366977
1914,42,44,LAE,0.884927196075043
1915,43,44,LAE,0.8554642307945048
1916,43,46,LAE,8.16873434925145
1917,43,44,LAE,1.6325889880416256
1918,43,44,LAE,3.648368964289874
1919,43,45,LAE,3.951058490347188
1920,43,47,LAE,1.6823963313537629
1921,43,45,LAE,1.9391252833714374
1922,43,44,LAE,0.9244322938915096
1923,43,44,LAE,0.7845272153121421
1924,43,44,LAE,0.7947285579722947
1925,43,44,LAE,0.7475251453164484
1926,43,44,LAE,5.415766628331763
1927,43,44,LAE,0.7111942025707134
1928,43,44,LAE,0.7323178851975981
1929,43,46,LAE,7.705712625841609
1930,43,50,LAE,1.6088573531315267
1931,43,47,LAE,7.063434470189812
1932,43,44,LAE,0.7297524778201201
1933,43,44,LAE,0.8508422816583397
1934,43,94,LAE,8.763186571655405
1935,43,44,LAE,0.7273126278344652
1936,43,45,LAE,17.970261401611754
1937,43,44,LAE,1.952849253037709
1938,43,44,LAE,0.8402555057245976
1939,43,46,LAE,1.2224336811917906
1940,43,44,LAE,0.9887257835729641
1941,43,49,LAE,3.6518530563190046
1942,43,44,LAE,7.711145992234065
1943,43,44,LAE,0.8492691354886125
1944,43,44,LAE,1.5596243327611388
1945,43,48,LAE,3.375059064825172
1946,43,44,LAE,0.9757345023951771
1947,43,45,LAE,4.8673493364831355
1948,43,44,LAE,0.8236766630151907
1949,43,44,LAE,0.866037513848604
1950,43,46,LAE,3.8865964283824725
1951,43,44,LAE,4.136362625904664
1952,43,44,LAE,3.902939887673879
1953,43,44,LAE,3.353964788380814
1954,43,44,LAE,1.5999060212634382
1955,43,49,LAE,43.14805989618771
1956,43,44,LAE,0.7357644502176194
1957,43,90,LAE,7.692497171889361
1958,43,46,LAE,1.6212565272269002
1959,43,45,LAE,0.8744765567900237
1960,43,51,LAE,3.3050633150519872
1961,41,51,LAE,3.4866878814137197
1962,41,48,LAE,2.4986019451379518
1963,41,46,LAE,13.107068505675398
1964,42,45,LAE,17.277130595976722
1965,42,45,LAE,2.812679019622664
1966,42,47,LAE,3.4686603412713732
1967,42,52,LAE,4.161696131242687
1968,43,48,LAE,3.12728752945067
1969,43,45,LAE,1.0019556655574136
1970,43,45,LAE,6.517757000680737
1971,43,46,LAE,2.2933229246562092
1972,43,50,LAE,8.206158203088593
1973,43,45,LAE,1.7469191633554697
1974,43,51,LAE,3.866163439581485
1975,44,48,LAE,3.1173642277254126
1976,44,45,LAE,4.440604801211943
1977,44,48,LAE,3.2521802474866432
1978,44,49,LAE,1.881308374488046
1979,44,45,LAE,1.5681680467416914
1980,44,45,LAE,0.74947868411426
1981,44,48,LAE,3.1290237733931034
1982,44,46,LAE,6.334639591577586
1983,44,45,LAE,18.044271973560875
1984,44,48,LAE,6.626817956512262
1985,44,46,LAE,3.8361931128828566
1986,44,45,LAE,0.8746302547324343
1987,44,45,LAE,1.1883908168398074
1988,44,47,LAE,2.4563282878122985
1989,44,46,LAE,17.00945978638258
1990,44,45,LAE,0.7170150292953273
1991,44,45,LAE,0.7319779575174942
1992,44,46,LAE,0.9118698066331756
1993,44,46,LAE,4.715183774602142
1994,44,46,LAE,5.351729467383532
1995,44,49,LAE,3.519752428279202
1996,44,46,LAE,1.758537366835688
1997,44,45,LAE,1.8019793941455151
1998,44,46,LAE,4.0087104902299195
1999,44,45,LAE,1.9833028010160652
2000,44,45,LAE,16.161385080443896
2001,44,46,LAE,6.860725065600008
2002,44,45,LAE,4.1554169075937475
2003,44,48,LAE,3.0810659118821144
2004,42,51,LAE,2.52564934981727
2005,42,50,LAE,4.7643188584712615
2006,43,47,LAE,1.833181130486954
2007,43,48,LAE,1.6717431439166153
2008,43,46,LAE,2.3382089768926337
2009,43,46,LAE,18.691269433036783
2010,43,46,LAE,1.457383656914952
2011,43,48,LAE,2.1889988737074595
2012,43,48,LAE,1.8118903030717064
2013,43,51,LAE,2.5556284648043546
2014,43,50,LAE,4.838003467753492
2015,44,47,LAE,1.4896914486476163
2016,44,46,LAE,2.716052949387327
2017,44,46,LAE,18.80942355930138
2018,44,46,LAE,3.6286953991397866
2019,44,48,LAE,2.719479984573645
2020,44,46,LAE,6.274835749156602
2021,44,46,LAE,7.467695824150361
2022,44,46,LAE,1.6178631206538432
2023,44,52,LAE,8.382600992165095
2024,44,46,LAE,1.788543871658236
2025,45,50,LAE,2.9886985469591645
2026,45,47,LAE,27.73641089888114
2027,45,46,LAE,0.765248391549645
2028,45,49,LAE,8.167933818720597
2029,45,46,LAE,1.4913308821143136
2030,45,50,LAE,8.302608239529013
2031,45,64,LAE,4.057532641416939
2032,45,47,LAE,1.3305224091289585
2033,45,48,LAE,4.06528134188509
2034,45,99,LAE,26.806211702349284
2035,45,49,LAE,5.414020614755282
2036,45,46,LAE,3.0816674645950455
2037,45,46,LAE,1.607458939265775
2038,45,54,LAE,4.677068275344509
2039,45,52,LAE,7.297482241653168
2040,45,53,LAE,3.206932219067225
2041,45,46,LAE,1.5377608016476931
2042,45,46,LAE,1.6858143027829013
2043,45,50,LAE,4.277493426285239
2044,45,49,LAE,3.7511440029668437
2045,45,46,LAE,1.4480265986594258
2046,45,46,LAE,42.53854044593297
2047,45,93,LAE,9.296766604141633
2048,45,47,LAE,0.9398803846365187
2049,45,73,LAE,7.090803753748311
2050,45,48,LAE,3.691933730139501
2051,45,47,LAE,1.598563465709514
2052,45,46,LAE,1.2371348953634649
2053,45,48,LAE,29.031709696285954
2054,45,49,LAE,1.9386404110318778
2055,45,51,LAE,1.58746341476402
2056,45,48,LAE,6.409845557394607
2057,43,51,LAE,3.078870808704781
2058,44,51,LAE,47.93016528603634
2059,44,47,LAE,3.958635023220503
2060,44,50,LAE,1.7037037651219815
2061,44,49,LAE,1.7461385729547403
2062,44,47,LAE,3.546008785797812
2063,45,49,LAE,1.7662087673738662
2064,45,47,LAE,8.024968213602635
2065,45,48,LAE,3.6892071835097298
2066,45,48,LAE,6.790262426007525
2067,45,51,LAE,1.8756821750739634
2068,45,122,LAE,14.370906716282617
2069,45,59,LAE,53.286175250151274
2070,45,47,LAE,1.822580015725526
2071,45,48,LAE,1.722459460061757
2072,45,62,LAE,3.5468813969650004
2073,45,47,LAE,1.647207914720795
2074,45,50,LAE,2.0502776960781794
2075,45,55,LAE,9.27387340158263
2076,46,85,LAE,27.000289638960066
2077,46,47,LAE,1.8207499197880472
2078,46,48,LAE,1.1449285944989764
2079,46,47,LAE,4.176110343561514
2080,46,47,LAE,0.7551909872805264
2081,46,47,LAE,0.914580107412651
2082,46,47,LAE,1.9269629959279433
2083,46,47,LAE,1.1888555856465475
2084,46,50,LAE,2.804646472207032
2085,46,50,LAE,2.995755076397295
2086,46,47,LAE,3.269657246030079
2087,46,49,LAE,1.5183476673517244
2088,46,47,LAE,0.7380219586682196
2089,46,47,LAE,1.037653017188401
2090,46,48,LAE,4.485287404761218
2091,46,76,LAE,6.7708602834123175
2092,46,48,LAE,2.6942943299040043
2093,46,47,LAE,1.7363004269342566
2094,46,53,LAE,1.7359912779522695
2095,46,47,LAE,1.693271183633599
2096,46,47,LAE,2.021394297728922
2097,46,47,LAE,0.7893167868412897
2098,46,47,LAE,1.1858156533012445
2099,46,47,LAE,1.3020706920663192
2100,46,51,LAE,3.863236645344301
2101,46,47,LAE,1.6271516271264286
2102,46,47,LAE,1.6038075836536974
2103,46,49,LAE,2.038762690989356
2104,46,47,LAE,8.787137209697361
2105,46,49,LAE,1.697342310654593
2106,46,47,LAE,1.408529001670882
2107,46,47,LAE,1.7486982319246094
2108,46,48,LAE,1.2966814697817064
2109,46,47,LAE,19.653712556890937
2110,46,52,LAE,2.1198861161758575
2111,46,53,LAE,1.6210457258012252
2112,46,47,LAE,49.36988266630273
2113,46,50,LAE,1.8765120069242454
2114,46,79,LAE,6.9043409930181365
2115,46,47,LAE,0.9835498215362026
2116,46,47,LAE,1.481066908130242
2117,46,91,LAE,8.907511167971922
2118,46,47,LAE,1.4188004298597463
2119,46,50,LAE,3.853592058797095
2120,46,47,LAE,1.1782221882470043
2121,46,47,LAE,6.7965848605176395
2122,46,52,LAE,2.930360247510334
2123,44,49,LAE,3.8280500449709467
2124,44,48,LAE,1.6603488019788153
2125,44,53,LAE,56.955448347459395
2126,45,52,LAE,6.315113449174352
2127,45,51,LAE,2.213488998956827
2128,45,51,LAE,5.95051461435647
2129,45,52,LAE,3.0565216839733975
2130,45,48,LAE,1.455704511408578
2131,45,53,LAE,5.498395653770811
2132,45,48,LAE,7.446221992097282
2133,45,48,LAE,2.4632239551901534
2134,45,75,LAE,7.232866298267054
2135,45,53,LAE,1.9224591345018265
2136,46,49,LAE,5.489225128267837
2137,46,48,LAE,7.959728577215715
2138,46,51,LAE,3.8665871320334104
2139,46,50,LAE,1.605087324478591
2140,46,53,LAE,2.291423324539366
2141,46,48,LAE,0.9486224722762155
2142,46,52,LAE,4.431312560679369
2143,46,90,LAE,7.083891755840528
2144,46,89,LAE,6.953933872535796
2145,46,48,LAE,4.7580959036999255
2146,46,48,LAE,4.269042571369406
2147,46,51,LAE,3.103962541009486
2148,47,48,LAE,1.2025012607704146
2149,47,48,LAE,2.2552403144087707
2150,47,51,LAE,3.4911864088605666
2151,47,48,LAE,1.0835761877465193
2152,47,48,LAE,7.421046019369346
2153,47,48,LAE,3.8255519758554906
2154,47,48,LAE,6.992243256846215
2155,47,52,LAE,2.7983453867728705
2156,47,48,LAE,0.8500316975132558
2157,47,51,LAE,1.6263403581801321
2158,47,48,LAE,1.4390286229295404
2159,47,49,LAE,5.02184827192039
2160,47,50,LAE,1.419825708795288
2161,47,50,LAE,3.741090636659656
2162,47,48,LAE,5.288720136757773
2163,47,48,LAE,1.1421249073503539
2164,47,48,LAE,2.5190007550134355
2165,47,48,LAE,2.751665136256042
2166,47,48,LAE,1.3015795245460475
2167,47,49,LAE,5.148713214007206
2168,47,49,LAE,1.5113176399482493
2169,47,51,LAE,2.5872384274544835
2170,47,48,LAE,7.675930362806604
2171,47,50,LAE,5.01228914411222
2172,47,48,LAE,1.2149388312353824
2173,47,50,LAE,1.1458300019898748
2174,47,48,LAE,2.6435601647049594
2175,47,52,LAE,2.789539767521739
2176,47,48,LAE,1.448765046316837
2177,47,58,LAE,10.299923367922373
2178,47,48,LAE,1.5045327106222974
2179,47,49,LAE,1.2322618344121823
2180,47,48,LAE,3.521453169770498
2181,47,49,LAE,1.4129163337207382
2182,45,49,LAE,16.77482725260611
2183,45,49,LAE,7.743061714872716
2184,45,49,LAE,3.2094237210076355
2185,45,49,LAE,2.892797756057486
2186,45,73,LAE,21.507365824195045
2187,46,49,LAE,2.8037119491551636
2188,46,49,LAE,1.6677982474580102
2189,46,49,LAE,1.4080889725458803
2190,46,50,LAE,1.5055775616074396
2191,46,52,LAE,4.138875044734323
2192,46,50,LAE,7.3328931359662315
2193,46,55,LAE,2.6353903928009026
2194,46,61,LAE,2.9986707896895504
2195,46,51,LAE,1.8637664703785852
2196,46,50,LAE,1.509390598095209
2197,47,49,LAE,1.4898114682420784
2198,47,49,LAE,1.5356820884186462
2199,47,49,LAE,1.3711438114829688
2200,47,49,LAE,2.707384866302379
2201,47,49,LAE,1.41104057837203
2202,47,51,LAE,2.8970609172199207
2203,47,49,LAE,1.6108741163859825
2204,47,55,LAE,36.36840789863457
2205,47,49,LAE,1.8614356755278174
2206,47,54,LAE,3.3594028515228196
2207,47,49,LAE,3.87625424047716
2208,47,49,LAE,1.947412182295
2209,47,49,LAE,1.2733186286387523
2210,47,52,LAE,3.984296822953555
2211,47,49,LAE,1.5239961999570062
2212,47,50,LAE,3.5958247777153916
2213,47,50,LAE,3.0397517973726056
2214,47,52,LAE,38.33757808343456
2215,47,49,LAE,3.3126828069564382
2216,47,52,LAE,5.725570139437805
2217,47,49,LAE,1.3897402566185684
2218,47,77,LAE,7.429397959865318
2219,47,52,LAE,2.11013742309646
2220,48,51,LAE,2.616427898402806
2221,48,50,LAE,2.669401221354392
2222,48,51,LAE,6.1597292539160575
2223,48,49,LAE,2.740865452005224
2224,48,49,LAE,1.328196817249936
2225,48,50,LAE,4.25267980890638
2226,48,49,LAE,7.342357726241706
2227,48,53,LAE,46.961640470188435
2228,48,119,LAE,20.915273594053787
2229,48,51,LAE,3.2523999561286585
2230,48,74,LAE,6.47955831114766
2231,48,54,LAE,26.447450553653916
2232,48,49,LAE,5.156825742047375
2233,48,49,LAE,1.2347773988256239
2234,48,74,LAE,6.420013071264608
2235,48,49,LAE,6.851854365424186
2236,48,49,LAE,7.812103802172427
2237,48,49,LAE,2.116738161890837
2238,48,49,LAE,3.6185655719301844
2239,48,105,LAE,8.56778187323199
2240,48,49,LAE,3.500567029953225
2241,48,49,LAE,5.555423737482994
2242,48,135,LAE,14.922113117269436
2243,48,69,LAE,6.29958702237268
2244,46,50,LAE,4.434391756934178
2245,46,54,LAE,3.9942015759947584
2246,46,76,LAE,6.64126416272439
2247,47,50,LAE,1.58950100619241
2248,47,50,LAE,1.578539998023111
2249,47,50,LAE,3.4020084146609078
2250,47,50,LAE,3.0959425420959055
2251,47,51,LAE,4.289161539521158
2252,47,50,LAE,1.137517603191887
2253,48,50,LAE,1.7042122778737394
2254,48,50,LAE,3.149777842778964
2255,48,50,LAE,2.3922563169545072
2256,48,50,LAE,0.9773864127368991
2257,48,61,LAE,22.75279639291811
2258,48,50,LAE,2.5298570236272893
2259,48,75,LAE,6.256515825234269
2260,48,51,LAE,1.6786869088561993
2261,48,50,LAE,1.554595338231607
2262,48,50,LAE,1.4740063758075306
2263,48,50,LAE,1.8700439870977443
2264,48,53,LAE,3.8455306132618268
2265,48,51,LAE,1.8383386442521124
2266,48,51,LAE,1.5229322225459998
2267,48,50,LAE,2.7965240791190054
2268,48,58,LAE,3.2761922909870735
2269,48,52,LAE,1.4479909311815713
2270,48,50,LAE,1.5458809031093446
2271,48,60,LAE,3.3727465987371694
2272,48,62,LAE,3.8917527740893303
2273,48,52,LAE,2.5044783994799578
2274,48,51,LAE,1.4935472663571376
2275,48,51,LAE,1.8156415727648345
2276,48,50,LAE,12.747064249786625
2277,48,91,LAE,8.50680731535894
2278,48,91,LAE,8.646662707803475
2279,48,50,LAE,1.1934278815848134
2280,48,50,LAE,4.321320593635131
2281,48,63,LAE,3.575993577396542
2282,48,51,LAE,1.696035702132354
2283,48,50,LAE,3.8747785602174196
2284,48,144,LAE,14.28346882930803
2285,48,56,LAE,6.834759939980791
2286,48,50,LAE,10.535918768242437
2287,48,51,LAE,1.325985309644176
2288,48,66,LAE,38.746525985164645
2289,48,51,LAE,1.8114738976504812
2290,48,51,LAE,3.271284928603712
2291,49,50,LAE,1.484906441205069
2292,49,50,LAE,2.447021520900095
2293,49,50,LAE,2.375041985115239
2294,49,51,LAE,2.5935134836054687
2295,49,50,LAE,6.9988471258604505
2296,49,50,LAE,7.160047441088566
2297,49,52,LAE,5.562068694496447
2298,49,63,LAE,4.929049404782788
2299,49,51,LAE,1.3433395734117428
2300,49,50,LAE,5.4537072995398574
2301,49,52,LAE,2.9801776878906785
2302,49,54,LAE,5.952090034027232
2303,49,50,LAE,1.1735416766233853
2304,49,50,LAE,1.8555304316010481
2305,49,50,LAE,1.5861463610925126
2306,49,50,LAE,1.7178463409013445
2307,49,107,LAE,8.696719320234598
2308,49,50,LAE,2.3649460015636747
2309,49,52,LAE,6.797632624939861
2310,49,52,LAE,1.2108634186656901
2311,49,53,LAE,44.98941157116532
2312,49,53,LAE,1.7113511760822908
2313,49,51,LAE,3.1984831459823924
2314,49,52,LAE,1.4995862994800653
2315,49,51,LAE,1.323668613887649
2316,49,50,LAE,7.232268123714201
2317,49,50,LAE,3.096612851803514
2318,47,51,LAE,18.309795002266767
2319,47,51,LAE,3.881847511891905
2320,48,51,LAE,1.9509499943351227
2321,48,51,LAE,51.14735296173783
2322,48,51,LAE,6.320237011305256
2323,48,51,LAE,48.33652178089456
2324,48,51,LAE,1.7557759415802425
2325,48,51,LAE,1.8927066913545547
2326,48,52,LAE,2.7607765078215563
2327,48,51,LAE,8.296396852260944
2328,48,78,LAE,5.378707400965163
2329,48,51,LAE,1.975333835954631
2330,48,51,LAE,2.130319878448625
2331,48,51,LAE,6.032325899829654
2332,48,51,LAE,2.5067167600965674
2333,48,51,LAE,3.695445109930502
2334,49,55,LAE,5.566955021807079
2335,49,54,LAE,2.792491352936939
2336,49,52,LAE,1.7602253245814488
2337,49,89,LAE,6.661853190428181
2338,49,54,LAE,58.14760900365383
2339,49,91,LAE,6.336555837940228
2340,49,51,LAE,3.7032826783593285
2341,49,53,LAE,1.2379386323908463
2342,49,115,LAE,10.195812615030382
2343,49,90,LAE,6.612158878933241
2344,49,51,LAE,5.577011897780522
2345,49,76,LAE,6.824336516009243
2346,49,58,LAE,24.879643397178597
2347,50,51,LAE,3.0417605950576716
2348,50,54,LAE,1.2862006877451346
2349,50,54,LAE,1.1342502861552213
2350,50,53,LAE,5.752981280138274
2351,50,53,LAE,2.483151346056758
2352,50,51,LAE,1.616519213105064
2353,50,54,LAE,2.456027324678522
2354,50,51,LAE,1.3327165177491864
2355,50,51,LAE,2.4128842128830774
2356,50,53,LAE,1.5587772632357868
2357,50,51,LAE,1.1239383848466966
2358,50,61,LAE,2.4569334075239015
2359,50,53,LAE,1.0236860786095692
2360,50,51,LAE,5.883735959606116
2361,50,53,LAE,1.171797019339116
2362,50,52,LAE,6.440064933293812
2363,50,51,LAE,6.400262558057869
2364,50,51,LAE,2.1712814457459384
2365,50,51,LAE,3.446579054590413
2366,50,74,LAE,6.483940635670432
2367,50,62,LAE,4.165040290484781
2368,50,51,LAE,2.3638693599762033
2369,50,53,LAE,2.5738243355274784
2370,50,53,LAE,2.5730310683082616
2371,50,52,LAE,1.1093299793159748
2372,50,51,LAE,0.8616633363411633
2373,50,51,LAE,1.693066921367243
2374,50,51,LAE,2.4528734553323
2375,50,51,LAE,1.483423716488941
2376,50,53,LAE,2.867562598652311
2377,50,63,LAE,6.438554365842495
2378,50,51,LAE,3.722020152573715
2379,50,52,LAE,2.44603227886054
2380,50,51,LAE,2.545735658691431
2381,50,51,LAE,1.7039889893632416
2382,50,91,LAE,38.855597494285284
2383,50,52,LAE,1.5435452758899115
2384,50,54,LAE,4.807160821963164
2385,50,54,LAE,15.498056920330226
2386,48,52,LAE,3.754900837433235
2387,49,52,LAE,1.2824486870917213
2388,49,52,LAE,1.381614807658924
2389,49,52,LAE,2.2748363789947206
2390,49,52,LAE,1.2951613861267792
2391,49,52,LAE,1.3689681316003037
2392,49,53,LAE,1.3440739227905696
2393,49,53,LAE,1.3246067276418156
2394,49,52,LAE,1.1559565739380513
2395,49,64,LAE,9.829529803919499
2396,49,54,LAE,4.006661651747177
2397,49,52,LAE,1.8486913620455185
2398,49,52,LAE,2.4858347509840044
2399,49,52,LAE,9.709325852275358
2400,49,52,LAE,2.756803089882312
2401,49,52,LAE,1.4914732331867437
2402,49,52,LAE,3.784841857672705
2403,49,53,LAE,1.458014305388121
2404,49,52,LAE,2.5702231084046363
2405,49,52,LAE,6.96952457021088
2406,49,52,LAE,2.616858888665668
2407,49,52,LAE,1.27432750459708
2408,49,54,LAE,1.6441455282437307
2409,50,52,LAE,1.0975698306988644
2410,50,52,LAE,2.359262091942487
2411,50,52,LAE,5.7287605180034955
2412,51,52,LAE,3.3156383076700395
2413,51,81,LAE,35.471322384044896
2414,51,52,LAE,1.8694114411296907
2415,51,53,LAE,34.05130629447729
2416,51,52,LAE,7.601653944791497
2417,51,53,LAE,1.4516154368044558
2418,51,90,LAE,6.675474075988934
2419,51,52,LAE,6.387046704867795
2420,51,52,LAE,3.3286597876690047
2421,51,52,LAE,1.340857710408936
2422,51,75,LAE,6.639484344874594
2423,51,54,LAE,2.9636237078407337
2424,49,54,LAE,1.66051267521248
2425,49,53,LAE,2.771333310363161
2426,50,97,LAE,8.354715812997371
2427,50,66,LAE,3.601858001822178
2428,50,53,LAE,2.4657319080807425
2429,50,76,LAE,5.7199054464008725
2430,50,77,LAE,6.5385194832466675
2431,50,77,LAE,6.574477695964864
2432,50,53,LAE,1.6615732895027016
2433,50,53,LAE,9.759443199409496
2434,50,106,LAE,8.602486927482465
2435,51,53,LAE,1.1210489190261475
2436,51,53,LAE,1.1170907448814553
2437,51,53,LAE,3.754452562321324
2438,51,53,LAE,2.4669768032364727
2439,51,53,LAE,1.0611757077638242
2440,51,57,LAE,2.1405649416913874
2441,51,54,LAE,1.0469906547295158
2442,51,53,LAE,1.0013251071347236
2443,51,61,LAE,48.62957314819942
2444,51,56,LAE,3.4615850019124776
2445,51,58,LAE,6.44770393131044
2446,51,54,LAE,6.676187934360707
2447,51,76,LAE,6.252809594323319
2448,51,53,LAE,2.380055811658227
2449,51,87,LAE,6.522907618204033
2450,51,55,LAE,26.24886516456402
2451,51,63,LAE,3.359621544592184
2452,51,56,LAE,2.3566597506494205
2453,51,53,LAE,2.4146899313127204
2454,52,54,LAE,1.1536209175631704
2455,52,54,LAE,2.304575834463866
2456,52,53,LAE,55.77396915011133
2457,52,53,LAE,0.9875394123396027
2458,52,54,LAE,1.9976120583489618
2459,52,53,LAE,24.66858399784477
2460,52,53,LAE,1.752471702591895
2461,52,53,LAE,6.365090766774383
2462,52,53,LAE,1.2901234977004983
2463,52,53,LAE,2.3905792141655904
2464,52,53,LAE,1.916016534238801
2465,52,53,LAE,1.731664871982869
2466,52,53,LAE,0.8234494307451987
2467,52,53,LAE,0.8656909435695217
2468,52,53,LAE,1.2290323982941587
2469,52,53,LAE,0.892601007539383
2470,52,53,LAE,6.10625621898579
2471,52,53,LAE,2.203748490381311
2472,52,53,LAE,1.138850322857419
2473,52,53,LAE,1.4866870513749153
2474,52,54,LAE,1.2519433204531167
2475,52,53,LAE,0.9022962720648482
2476,52,53,LAE,1.228159264633746
2477,52,53,LAE,5.878374711340973
2478,52,53,LAE,2.275918665180039
2479,52,53,LAE,2.0743589113289076
2480,52,53,LAE,1.0967533177675468
2481,52,53,LAE,3.6047889458739046
2482,52,53,LAE,1.4395866592340456
2483,52,54,LAE,1.7464864080446862
2484,52,53,LAE,1.2722726374804878
2485,52,61,LAE,21.09058857562728
2486,52,54,LAE,1.5185001688317135
2487,52,76,LAE,6.138208972032441
2488,52,53,LAE,5.136224985839737
2489,52,54,LAE,3.7208794470964084
2490,52,61,LAE,40.61875527377748
2491,52,54,LAE,2.0989699499639887
2492,52,55,LAE,2.7621451742395404
2493,52,53,LAE,3.668433529738489
2494,50,60,LAE,2.6180194768270324
2495,50,74,LAE,6.5997932565263735
2496,50,54,LAE,2.0940214300395477
2497,50,54,LAE,5.642617674165256
2498,50,76,LAE,6.278438055015043
2499,51,75,LAE,5.9682572689988485
2500,51,54,LAE,2.2381682660424866
2501,51,88,LAE,8.37293393949122
2502,51,85,LAE,5.538394560511422
2503,51,54,LAE,6.838176462317532
2504,52,54,LAE,1.3450106528579946
2505,52,54,LAE,0.9047416406105991
2506,52,54,LAE,1.5088379266586378
2507,52,54,LAE,6.162998959875758
2508,52,55,LAE,1.7137815045729001
2509,52,55,LAE,2.9829046825915326
2510,52,54,LAE,4.834719448797435
2511,52,76,LAE,6.133253987006947
2512,52,54,LAE,3.55357176345928
2513,52,54,LAE,1.2421001058662111
2514,53,54,LAE,0.8595280711361045
2515,53,54,LAE,0.820296564764526
2516,53,54,LAE,0.7233563823168381
2517,53,54,LAE,3.2187924988670846
2518,53,55,LAE,0.8188930322171193
2519,53,55,LAE,1.0464734385640748
2520,53,55,LAE,0.816868427068036
2521,53,54,LAE,0.7200965680628498
2522,53,54,LAE,0.832129287273887
2523,53,54,LAE,5.5246811216376015
2524,53,54,LAE,0.7292370713210515
2525,53,54,LAE,2.62867317946113
2526,53,54,LAE,0.8667626225804845
2527,53,54,LAE,0.8834007012016797
2528,53,61,LAE,2.468102370338664
2529,53,54,LAE,0.8672173745040033
2530,53,55,LAE,0.8681829215601901
2531,53,54,LAE,1.0872909262450356
2532,53,54,LAE,2.4014020498387576
2533,53,54,LAE,0.8384745572766734
2534,53,113,LAE,10.050662898288515
2535,53,59,LAE,1.8874107858771467
2536,53,54,LAE,0.874868038169716
2537,53,54,LAE,1.7151939198864243
2538,53,54,LAE,1.271531223528807
2539,53,64,LAE,2.9726162941280516
2540,53,54,LAE,0.7022486128733527
2541,53,54,LAE,0.7109183499020489
2542,53,101,LAE,7.427250079687725
2543,53,54,LAE,2.956384732079878
2544,53,54,LAE,0.7261263474579259
2545,53,55,LAE,1.4562191461226703
2546,53,54,LAE,0.9750086636280186
2547,53,54,LAE,0.7494708314887405
2548,53,54,LAE,0.9440726756076986
2549,53,64,LAE,2.8764422956645674
2550,51,62,LAE,3.5151827762077272
2551,51,65,LAE,3.412166245777065
2552,52,55,LAE,1.79464658763863
2553,52,55,LAE,1.5848478419938001
2554,52,55,LAE,5.821788598493282
2555,53,106,LAE,7.84697120671287
2556,53,56,LAE,6.37269698327057
2557,53,55,LAE,2.037857317855683
2558,53,59,LAE,1.8677412062623862
2559,53,89,LAE,5.797544976251677
2560,53,61,LAE,2.4625901660451026
2561,54,55,LAE,2.315177830121846
2562,54,61,LAE,27.190056504269716
2563,54,55,LAE,2.725079935133265
2564,54,58,LAE,6.734129354196149
2565,54,55,LAE,0.7254370555285082
2566,54,55,LAE,1.2679888973778348
2567,54,58,LAE,2.9082089757694876
2568,54,55,LAE,1.3227197855428634
2569,54,63,LAE,2.74404972800029
2570,54,57,LAE,2.8435036298295113
2571,54,55,LAE,3.112718683012173
2572,54,55,LAE,2.5327050198415564
2573,54,56,LAE,0.8821334189108331
2574,54,55,LAE,2.093363961509382
2575,54,55,LAE,1.547488374013789
2576,54,55,LAE,0.7425268818410629
2577,54,55,LAE,0.9101592956444424
2578,54,55,LAE,2.2369327477088072
2579,54,76,LAE,4.388932091972133
2580,54,89,LAE,5.323711400228016
2581,54,60,LAE,2.1144149555117204
2582,54,67,LAE,2.837763485476203
2583,54,63,LAE,2.7785563187388975
2584,54,55,LAE,3.38305845423078
2585,54,55,LAE,5.670682886275499
2586,54,59,LAE,2.57214611469716
2587,54,55,LAE,0.9558061128455966
2588,54,55,LAE,3.0551002408692804
2589,54,55,LAE,0.9776907113102378
2590,54,69,LAE,4.090008575944813
2591,54,55,LAE,1.01619507208771
2592,54,98,LAE,7.930420955813763
2593,54,57,LAE,6.125042136010178
2594,54,57,LAE,1.5291218668974695
2595,54,56,LAE,3.2056976068704763
2596,54,56,LAE,5.284284458478767
2597,54,56,LAE,0.9422866186162799
2598,54,61,LAE,2.0996828530945444
2599,54,55,LAE,0.953634185853804
2600,54,60,LAE,2.1414033377915334
2601,54,85,LAE,5.2954198656393885
2602,54,57,LAE,2.7942334984205934
2603,54,55,LAE,0.7350406557756861
2604,54,55,LAE,2.764230214355959
2605,54,60,LAE,24.48444130633477
2606,54,129,LAE,14.044926908500791
2607,54,78,LAE,5.376362157703865
2608,54,88,LAE,6.032014082329185
2609,54,58,LAE,1.915132618074942
2610,54,55,LAE,2.587236582798474
2611,54,98,LAE,7.474262901168881
2612,53,56,LAE,2.6780925008950995
2613,53,56,LAE,2.547693114850096
2614,54,72,LAE,3.465996809277557
2615,54,56,LAE,2.5755719065738725
2616,54,86,LAE,5.245965916770479
2617,54,89,LAE,5.8952875735737065
2618,54,61,LAE,3.7258658948625385
2619,54,62,LAE,2.808042102527308
2620,54,62,LAE,2.834086371815457
2621,54,76,LAE,5.314827033990572
2622,54,65,LAE,4.327983015233117
2623,54,75,LAE,5.703935685791405
2624,54,56,LAE,2.8600806596899133
2625,54,64,LAE,5.564746848834119
2626,55,58,LAE,0.9502753581985681
2627,55,57,LAE,0.821631446043569
2628,55,59,LAE,1.1165154853523012
2629,55,57,LAE,0.9525200331985946
2630,55,57,LAE,2.59757160999534
2631,55,56,LAE,0.6904980984011889
2632,55,56,LAE,0.9484663576754498
2633,55,57,LAE,0.8490350639600095
2634,55,58,LAE,0.9796705430262903
2635,55,56,LAE,1.377340493853917
2636,55,58,LAE,1.0078954387668122
2637,55,56,LAE,0.8814419016338184
2638,55,57,LAE,0.9301309575142211
2639,55,57,LAE,0.8583523230691473
2640,55,56,LAE,0.8632932376648427
2641,55,56,LAE,0.7514000963907118
2642,55,58,LAE,0.9714208881097152
2643,55,57,LAE,1.0219475392065107
2644,55,56,LAE,1.6456245922172839
2645,55,57,LAE,4.755398896979694
2646,55,60,LAE,1.6877780462444685
2647,55,56,LAE,1.13450419423805
2648,55,57,LAE,0.8003318524009495
2649,55,69,LAE,3.6798454087281933
2650,55,58,LAE,0.9968843212566325
2651,55,58,LAE,1.002192334604234
2652,55,60,LAE,2.371777350911428
2653,55,57,LAE,0.9896419879530083
2654,55,58,LAE,6.643602391229068
2655,55,61,LAE,1.7140897711024397
2656,55,58,LAE,1.0032876517411164
2657,55,56,LAE,1.3785230527289423
2658,55,56,LAE,0.7453305634182539
2659,55,57,LAE,0.7719541174380791
2660,55,57,LAE,1.393314284748789
2661,55,81,LAE,5.048471659519465
2662,55,56,LAE,5.40215471822516
2663,55,57,LAE,0.9932315093113939
2664,55,57,LAE,5.808644621347636
2665,53,57,LAE,3.471933515747715
2666,54,57,LAE,4.652552850000586
2667,55,57,LAE,0.9531107675759672
2668,55,57,LAE,1.2258909673253175
2669,55,57,LAE,0.9105606181916572
2670,55,57,LAE,1.0039656579007596
2671,55,57,LAE,0.9043894428174201
2672,55,57,LAE,1.1543753876438478
2673,55,74,LAE,5.624841321480655
2674,55,57,LAE,0.8679045177985131
2675,55,57,LAE,1.153228266211833
2676,55,57,LAE,0.8260696694884565
2677,55,57,LAE,0.8025233960005408
2678,55,57,LAE,1.0093582355482327
2679,55,57,LAE,0.8410487610815938
2680,55,121,LAE,9.625648309747904
2681,55,59,LAE,1.1796124171426972
2682,55,57,LAE,0.9265281353630905
2683,55,57,LAE,0.8134474570424544
2684,55,60,LAE,1.7657063333089669
2685,55,68,LAE,2.6884158994847605
2686,55,57,LAE,2.749733605799123
2687,55,62,LAE,2.6298684738875586
2688,56,57,LAE,1.2192189129106583
2689,56,60,LAE,1.430278158451715
2690,56,57,LAE,1.1841534405201972
2691,56,57,LAE,1.0626008648980736
2692,56,57,LAE,5.197238906515327
2693,56,60,LAE,2.6232961859458745
2694,56,57,LAE,0.8870891283404468
2695,56,57,LAE,1.4268686710311258
2696,56,66,LAE,2.115517638888278
2697,56,57,LAE,4.930062691214997
2698,56,57,LAE,0.789181251752972
2699,56,57,LAE,1.6581123145210512
2700,56,58,LAE,0.8171429092980501
2701,56,57,LAE,0.9555444415932571
2702,56,58,LAE,2.213417622012128
2703,56,57,LAE,0.9423510071700112
2704,56,63,LAE,2.5880007956483557
2705,56,59,LAE,1.0608559757493206
2706,56,58,LAE,1.1274095949420462
2707,56,57,LAE,0.7628263044376197
2708,56,57,LAE,1.0447145738433516
2709,56,74,LAE,4.88511790819323
2710,56,65,LAE,2.5576513950118747
2711,56,58,LAE,0.904436613976939
2712,56,78,LAE,5.103150973198937
2713,56,57,LAE,0.8483800237007404
2714,56,65,LAE,2.5709439023461353
2715,56,57,LAE,0.9033255805889304
2716,56,59,LAE,2.3715560096736055
2717,56,85,LAE,5.152201812459288
2718,56,68,LAE,3.9642023249804903
2719,56,62,LAE,2.622291831567918
2720,56,57,LAE,0.752823138544449
2721,56,57,LAE,4.737369504958616
2722,56,60,LAE,1.9315209270773843
2723,56,57,LAE,2.6254759220371438
2724,56,57,LAE,0.9384490995758844
2725,56,57,LAE,1.0087341694703338
2726,56,105,LAE,16.7455007358973
2727,56,57,LAE,4.477360430551592
2728,56,57,LAE,1.2269635707318702
2729,56,58,LAE,0.8201339997406245
2730,56,57,LAE,2.086181203433892
2731,56,57,LAE,1.635687804300912
2732,54,60,LAE,2.8194348160111598
2733,54,74,LAE,5.849969176437284
2734,54,104,LAE,7.555882696201561
2735,54,118,LAE,9.502149912311728
2736,56,90,LAE,21.45646600870457
2737,56,62,LAE,2.6276051070130935
2738,56,58,LAE,2.5254224751197305
2739,56,60,LAE,9.704396208876437
2740,56,58,LAE,1.0529759377234384
2741,56,58,LAE,0.9366843858324488
2742,56,58,LAE,1.1312446167968835
2743,56,63,LAE,2.5255904651987695
2744,56,58,LAE,2.4677397432366788
2745,56,62,LAE,1.851849625993397
2746,56,59,LAE,2.5956772737455873
2747,56,58,LAE,1.130331045155171
2748,56,58,LAE,1.12192295713546
2749,56,62,LAE,2.542317700432151
2750,56,102,LAE,9.51380271817875
2751,56,65,LAE,2.6009110222807883
2752,57,58,LAE,1.1603776681347246
2753,57,58,LAE,0.7849210284279973
2754,57,60,LAE,1.6995081472148665
2755,57,58,LAE,1.1773051482710426
2756,57,60,LAE,2.377224329645411
2757,57,58,LAE,0.9330711970501144
2758,57,90,LAE,5.553428805482077
2759,57,130,LAE,12.094243081187393
2760,57,58,LAE,22.485312251837097
2761,57,60,LAE,47.39472468546737
2762,57,58,LAE,0.7819122178153857
2763,57,58,LAE,1.0670070634256679
2764,57,64,LAE,2.4978995759025207
2765,57,58,LAE,0.9026528046846427
2766,57,141,LAE,12.96213641703842
2767,57,58,LAE,0.9095707467239962
2768,57,58,LAE,0.6577100572435826
2769,57,78,LAE,5.6022146549000285
2770,57,61,LAE,4.465471097703002
2771,57,61,LAE,1.9648365407968325
2772,55,70,LAE,3.108572551325052
2773,56,59,LAE,1.3478873949637928
2774,56,65,LAE,2.596712645316697
2775,56,104,LAE,7.408867144755873
2776,56,63,LAE,2.2839453705260953
2777,57,59,LAE,2.567694653530021
2778,58,66,LAE,3.6115883493561873
2779,58,62,LAE,2.00835022524349
2780,58,60,LAE,13.417857914498823
2781,58,60,LAE,1.36795124069575
2782,58,76,LAE,5.6223847124048225
2783,58,62,LAE,29.944144496054616
2784,58,59,LAE,1.502994314815926
2785,58,60,LAE,1.4702533585483621
2786,58,60,LAE,1.5365472878447766
2787,58,82,LAE,4.571107417815536
2788,58,59,LAE,13.438707469847031
2789,58,60,LAE,3.5194816841166325
2790,58,60,LAE,1.4700771993854962
2791,58,59,LAE,0.7983603860819828
2792,58,62,LAE,22.028383760731842
2793,58,59,LAE,9.678069770889643
2794,58,61,LAE,3.2651744924039114
2795,58,59,LAE,1.3193596569256232
2796,58,60,LAE,1.4954224810225742
2797,58,62,LAE,56.45176374366457
2798,58,63,LAE,2.419582660465132
2799,58,69,LAE,51.36676732486383
2800,58,85,LAE,19.045206389179747
2801,58,176,LAE,15.812118532100065
2802,58,73,LAE,5.32308082300877
2803,58,76,LAE,5.029700708461423
2804,58,73,LAE,5.302661778961256
2805,58,59,LAE,1.184671799342521
2806,58,59,LAE,35.0264708638415
2807,58,59,LAE,1.4401222339777455
2808,58,59,LAE,3.3571164081289964
2809,58,62,LAE,2.6244395299524506
2810,58,62,LAE,2.2692518052652373
2811,58,68,LAE,3.6309735112937003
2812,58,74,LAE,5.2619025099769825
2813,58,60,LAE,1.3505830347838912
2814,58,59,LAE,0.8731378878441605
2815,58,60,LAE,2.4267774294981015
2816,58,59,LAE,5.460606553573271
2817,58,59,LAE,27.3877793765573
2818,58,59,LAE,1.43507886412135
2819,58,60,LAE,1.834082360889716
2820,58,59,LAE,20.619707287948756
2821,58,78,LAE,5.625137550089126
2822,58,65,LAE,2.36805823448242
2823,58,59,LAE,3.1371760279159324
2824,58,83,LAE,8.836083430768072
2825,58,62,LAE,5.4825271443814465
2826,56,62,LAE,2.5151250567147314
2827,56,60,LAE,1.6328466576783391
2828,56,62,LAE,24.44489455812575
2829,57,60,LAE,2.1198487125816654
2830,57,74,LAE,5.151926678718267
2831,57,102,LAE,10.029125574023722
2832,57,60,LAE,3.6620243935724908
2833,57,62,LAE,3.3882235682486606
2834,57,65,LAE,4.632458107101246
2835,57,61,LAE,2.397478380238036
2836,57,73,LAE,5.474687770477349
2837,57,75,LAE,5.3332692315264545
2838,57,86,LAE,34.2005079352738
2839,57,60,LAE,1.5931686423137603
2840,58,60,LAE,1.2556197107568592
2841,58,84,LAE,8.62921037182784
2842,58,77,LAE,5.406250097905863
2843,58,60,LAE,1.214007522975792
2844,58,60,LAE,1.543664122983238
2845,58,60,LAE,1.5241264604235527
2846,58,60,LAE,1.331908007235958
2847,58,60,LAE,4.803422014821875
2848,58,63,LAE,2.3567181020911834
2849,58,77,LAE,5.224195037113095
2850,58,60,LAE,1.4051565510854527
2851,58,60,LAE,1.487977439663263
2852,58,60,LAE,1.9873295233066066
2853,58,74,LAE,4.98701011506949
2854,58,60,LAE,1.505618458454346
2855,58,62,LAE,2.4387819909407975
2856,58,62,LAE,3.5903596522091616
2857,58,66,LAE,2.9576436066809038
2858,59,62,LAE,3.422848778641888
2859,59,66,LAE,5.296832542507439
2860,59,64,LAE,5.539495621456437
2861,59,60,LAE,1.1300175195766624
2862,59,65,LAE,2.285155340470658
2863,59,61,LAE,1.751928686125768
2864,59,61,LAE,1.873532134154203
2865,59,66,LAE,5.344323865481763
2866,59,60,LAE,2.546657500965672
2867,59,60,LAE,2.371901184581913
2868,59,66,LAE,5.369057334292813
2869,59,62,LAE,1.5723801137580418
2870,59,65,LAE,5.186816357126604
2871,59,66,LAE,5.266141714792951
2872,59,76,LAE,16.8097701178666
2873,59,62,LAE,2.358563546321686
2874,59,63,LAE,5.225514041788052
2875,59,74,LAE,5.47484983611063
2876,59,100,LAE,33.65585829605651
2877,59,60,LAE,45.52329453223263
2878,59,66,LAE,5.081960416661777
2879,59,60,LAE,1.9246590347580785
2880,57,74,LAE,4.0373880487661795
2881,57,61,LAE,2.214412163830431
2882,57,61,LAE,1.632324407515705
2883,57,78,LAE,5.469648154040433
2884,57,76,LAE,5.171234916929111
2885,57,64,LAE,2.5315790353996257
2886,57,61,LAE,2.5848913501002033
2887,57,80,LAE,5.691420615647821
2888,57,106,LAE,24.9029453710513
2889,58,63,LAE,1.5856422984401604
2890,58,64,LAE,2.4333667735215663
2891,58,74,LAE,5.02251414898026
2892,59,65,LAE,3.553459680278125
2893,59,84,LAE,48.152264662982034
2894,59,78,LAE,5.46053455828368
2895,59,63,LAE,4.582238424185065
2896,59,61,LAE,1.823740728664977
2897,60,66,LAE,1.4839718673745184
2898,60,62,LAE,2.2021416030275334
2899,60,65,LAE,1.4533070390102303
2900,60,69,LAE,5.22599091439953
2901,60,61,LAE,2.226808250365949
2902,60,64,LAE,4.54147692729909
2903,60,64,LAE,1.5130576573007235
2904,60,66,LAE,5.250246745906515
2905,60,63,LAE,2.1759775938799604
2906,60,64,LAE,1.1510950948765466
2907,60,65,LAE,4.802014459999133
2908,60,65,LAE,2.8133500466790706
2909,60,64,LAE,4.619933952192594
2910,60,66,LAE,2.249697166426368
2911,60,65,LAE,5.665785739092922
2912,60,65,LAE,2.901920057116488
2913,60,62,LAE,1.4043689136758835
2914,60,65,LAE,5.108851617476435
2915,60,65,LAE,25.997808728235302
2916,60,63,LAE,4.152584656936683
2917,60,66,LAE,4.841352702831865
2918,60,63,LAE,4.805791762042801
2919,60,66,LAE,1.3816328508275952
2920,60,78,LAE,5.286882503843414
2921,60,76,LAE,4.05651489252654
2922,60,62,LAE,2.1120327642230725
2923,60,64,LAE,4.572138573322346
2924,60,65,LAE,4.916222407376752
2925,60,68,LAE,4.98012401139363
2926,60,66,LAE,2.8643051514709548
2927,60,63,LAE,4.04304703757633
2928,60,82,LAE,4.162632797094623
2929,60,65,LAE,4.937579730603692
2930,60,63,LAE,4.894683069572356
2931,60,67,LAE,5.290374937888269
2932,60,65,LAE,4.905181170329198
2933,60,88,LAE,5.600771405508587
2934,60,61,LAE,2.2244623043563534
2935,60,61,LAE,2.0914718675006423
2936,60,62,LAE,2.2688481752470633
2937,60,61,LAE,2.212554169459738
2938,60,66,LAE,5.235572611749704
2939,60,64,LAE,4.840501355288243
2940,60,65,LAE,4.941209647031427
2941,60,63,LAE,4.668803294166035
2942,60,61,LAE,2.0843709799470402
2943,60,87,LAE,4.966526258611842
2944,60,63,LAE,4.745310166211192
2945,60,64,LAE,5.826917522433333
2946,60,64,LAE,4.651640874053103
2947,60,63,LAE,4.636160734468459
2948,60,64,LAE,2.249835446741077
2949,60,61,LAE,5.7682083538210165
2950,60,68,LAE,5.425316099461292
2951,60,63,LAE,4.252050581615045
2952,60,64,LAE,5.343466077800423
2953,60,64,LAE,5.2090797234015564
2954,60,74,LAE,4.977895698199661
2955,60,61,LAE,1.9213599921687141
2956,60,74,LAE,5.130066817411759
2957,60,116,LAE,8.672127198244924
2958,60,66,LAE,1.6364825814599506
2959,60,80,LAE,4.257700209945195
2960,60,65,LAE,2.568457213862268
2961,60,73,LAE,2.9548751902605144
2962,60,63,LAE,3.7795395927711515
2963,60,65,LAE,4.674039924382815
2964,60,61,LAE,1.156624661572335
2965,60,73,LAE,5.339330464436361
2966,58,98,LAE,6.935853504203954
2967,58,64,LAE,2.40375904883128
2968,58,62,LAE,1.9901581597084348
2969,58,62,LAE,1.797202753896513
2970,59,62,LAE,4.85185859598872
2971,59,102,LAE,7.2929570311003165
2972,59,63,LAE,1.7993763631098447
2973,59,62,LAE,1.4512381079850176
2974,59,62,LAE,2.2658397834476376
2975,59,66,LAE,5.40652190165987
2976,59,66,LAE,5.033015764568594
2977,59,95,LAE,7.422840507394897
2978,59,88,LAE,41.22054194544489
2979,59,68,LAE,5.49784885432049
2980,59,67,LAE,5.555273736736169
2981,59,62,LAE,3.150082191919583
2982,59,75,LAE,5.524037043334966
2983,59,92,LAE,7.341167091036941
2984,59,97,LAE,7.3949497812519
2985,59,62,LAE,41.451031240896334
2986,60,62,LAE,1.942934841061572
2987,60,85,LAE,12.916315320393975
2988,60,62,LAE,2.256041355350677
2989,60,63,LAE,2.251128464647259
2990,60,65,LAE,2.264523952836086
2991,60,62,LAE,1.7271902481035415
2992,60,65,LAE,4.775874610072943
2993,60,109,LAE,12.953122019311635
2994,60,66,LAE,3.006854210299877
2995,60,66,LAE,2.3444997375092784
2996,60,66,LAE,5.225700189792837
2997,60,62,LAE,4.9829150739497745
2998,60,64,LAE,5.148505953342547
2999,60,64,LAE,5.055695761795513
3000,61,62,LAE,1.0861500043684051
3001,61,66,LAE,2.266750953349421
3002,61,63,LAE,4.269046625422565
3003,61,64,LAE,4.778661578858912
3004,61,62,LAE,2.1240907687284483
3005,61,66,LAE,5.399244609199277
3006,61,64,LAE,2.202394295558045
3007,61,63,LAE,5.417461117992541
3008,61,90,LAE,5.274851162546762
3009,61,65,LAE,5.1934630698113615
3010,61,64,LAE,4.80940739072703
3011,61,67,LAE,4.994756308960249
3012,61,62,LAE,1.735246233174955
3013,61,65,LAE,5.483547032869821
3014,61,63,LAE,4.364775488159944
3015,61,65,LAE,4.862072919291027
3016,61,62,LAE,2.2497916222105854
3017,61,63,LAE,1.0294231385592256
3018,61,66,LAE,5.424784027228462
3019,61,62,LAE,1.0263593285364332
3020,61,62,LAE,1.5139784316177878
3021,61,63,LAE,5.000129041766541
3022,61,63,LAE,4.8887155227959065
3023,61,66,LAE,2.285581857811559
3024,61,65,LAE,4.681040249457131
3025,61,64,LAE,2.1632909933145053
3026,61,65,LAE,5.286409486465409
3027,61,65,LAE,5.145159978335956
3028,61,62,LAE,4.314184975992298
3029,59,65,LAE,5.382799437884695
3030,59,64,LAE,2.336225051514792
3031,60,66,LAE,2.8307128123028815
3032,60,65,LAE,2.9375216209910655
3033,60,65,LAE,2.8060544517405765
3034,60,63,LAE,2.92373180147269
3035,60,63,LAE,2.2311027207249903
3036,60,65,LAE,2.453260568588772
3037,60,68,LAE,1.8703506419319587
3038,60,63,LAE,6.020223074986245
3039,60,64,LAE,2.237504594379486
3040,60,63,LAE,5.027993433367564
3041,60,63,LAE,2.20997148605165
3042,60,63,LAE,5.029948770851769
3043,60,65,LAE,2.2569033474239792
3044,60,63,LAE,2.689640892794167
3045,60,67,LAE,4.794593758587978
3046,60,63,LAE,2.2661887821864464
3047,60,69,LAE,5.454741114517769
3048,60,80,LAE,4.8113212916639565
3049,61,63,LAE,5.057520343780145
3050,61,63,LAE,1.169926775242291
3051,61,77,LAE,2.717454425482175
3052,61,84,LAE,5.27698715371493
3053,61,66,LAE,1.54842469131755
3054,61,70,LAE,1.797095712989485
3055,61,63,LAE,1.1150878331251595
3056,61,66,LAE,1.4336004586332929
3057,61,66,LAE,2.131179842805569
3058,61,64,LAE,2.2133756698894813
3059,61,66,LAE,1.5838470404902352
3060,61,63,LAE,4.564217820584061
3061,61,66,LAE,5.50046750693512
3062,61,69,LAE,2.219654106455845
3063,61,63,LAE,2.2409845391006864
3064,61,81,LAE,3.0132626890516283
3065,61,67,LAE,5.417828059628065
3066,61,77,LAE,3.552093495269795
3067,61,63,LAE,4.952623814056656
3068,61,63,LAE,1.7988824284795266
3069,61,68,LAE,1.5295000419511673
3070,61,65,LAE,5.066372539151286
3071,61,79,LAE,2.7314439596065108
3072,61,69,LAE,2.270952896318203
3073,61,63,LAE,4.300783118321795
3074,61,63,LAE,4.5925641929528425
3075,61,63,LAE,4.63596525872675
3076,61,65,LAE,2.8577575205872083
3077,61,64,LAE,1.6168793932029184
3078,61,86,LAE,4.4326864356381375
3079,61,65,LAE,2.276106565301294
3080,61,66,LAE,1.3871608385384568
3081,61,76,LAE,5.624439085612277
3082,61,69,LAE,5.372749892780068
3083,61,68,LAE,5.628574960442135
3084,61,65,LAE,5.924223985716632
3085,61,63,LAE,4.810974691566632
3086,61,64,LAE,1.2889902928045351
3087,61,123,LAE,9.404868171887246
3088,61,63,LAE,3.5617031821850045
3089,61,68,LAE,5.029007559187383
3090,61,77,LAE,3.9038517629689555
3091,61,63,LAE,1.6136571424619297
3092,61,63,LAE,1.5888640321209155
3093,61,76,LAE,5.349924200805174
3094,61,64,LAE,1.1204112648993032
3095,61,89,LAE,4.333632970587206
3096,61,99,LAE,8.895559889008414
3097,61,125,LAE,12.132469901922256
3098,61,70,LAE,2.927331061481357
3099,61,63,LAE,4.8389126966218665
3100,61,63,LAE,5.547633787301515
3101,62,63,LAE,1.9753219732432237
3102,62,65,LAE,2.0674845522274747
3103,62,64,LAE,2.1188417717764536
3104,62,64,LAE,2.1250781496614706
3105,62,64,LAE,2.090318644563124
3106,62,65,LAE,2.129131132247242
3107,62,63,LAE,4.168769361483528
3108,62,90,LAE,5.021088647966994
3109,62,63,LAE,4.1111826505356825
3110,62,63,LAE,1.381232274188552
3111,62,65,LAE,2.100762350884869
3112,62,65,LAE,2.0954139068317916
3113,62,63,LAE,2.0411923175944184
3114,62,65,LAE,2.1423795127311083
3115,62,65,LAE,2.019412640955999
3116,62,64,LAE,4.855351649528282
3117,62,63,LAE,3.9810621043625773
3118,62,64,LAE,2.652994348768748
3119,62,63,LAE,4.2645303438013205
3120,62,63,LAE,3.96721145692639
3121,62,63,LAE,1.4930327118019109
3122,62,65,LAE,2.0544353509787414
3123,62,65,LAE,3.8441032124995336
3124,62,63,LAE,4.269365978942784
3125,62,91,LAE,4.57250059006413
3126,62,65,LAE,5.305379407918657
3127,61,65,LAE,2.2860411401963474
3128,61,64,LAE,5.434883240004838
3129,61,74,LAE,5.2456784890150825
3130,61,85,LAE,5.216330807125001
3131,61,66,LAE,1.5400303807434277
3132,61,106,LAE,8.706793604657443
3133,61,66,LAE,1.8710091454634357
3134,61,64,LAE,1.6782758494930567
3135,61,64,LAE,1.5554644559532984
3136,62,64,LAE,4.9991523771172846
3137,62,66,LAE,2.141872229382034
3138,62,64,LAE,4.845388160912731
3139,62,90,LAE,5.0807971184051635
3140,62,64,LAE,4.694994408779584
3141,62,85,LAE,4.681059783709984
3142,62,64,LAE,4.55474168662927
3143,62,67,LAE,5.036215691856794
3144,62,73,LAE,6.887347007454856
3145,62,64,LAE,4.348297369698686
3146,62,64,LAE,4.133221906988059
3147,63,67,LAE,1.4670588967530611
3148,63,66,LAE,1.3415341984409828
3149,63,66,LAE,1.2122938766826685
3150,63,64,LAE,1.9814896310933572
3151,63,65,LAE,1.610625572002469
3152,63,64,LAE,1.6125369245345813
3153,63,65,LAE,1.3394369751085644
3154,63,64,LAE,1.6018658646212136
3155,63,64,LAE,1.9027313274081428
3156,63,64,LAE,1.9830244495372913
3157,63,64,LAE,1.624282585610289
3158,63,68,LAE,1.721273193351778
3159,63,64,LAE,0.8623719350567295
3160,63,78,LAE,4.825101020553784
3161,63,64,LAE,0.8598132723993689
3162,63,64,LAE,1.3419872690364398
3163,63,65,LAE,2.058142425872066
3164,63,80,LAE,2.7731597407885062
3165,63,65,LAE,1.4219396997344511
3166,63,67,LAE,4.289174402009767
3167,63,66,LAE,1.9676636640079177
3168,63,64,LAE,1.6270776171564187
3169,63,65,LAE,1.557312406800833
3170,63,66,LAE,16.549271037542198
3171,63,64,LAE,1.922026405944829
3172,63,67,LAE,1.3680333504061557
3173,63,89,LAE,4.741763214257939
3174,63,64,LAE,0.8422887526851403
3175,63,64,LAE,1.0589899635446443
3176,63,64,LAE,1.0105093709311364
3177,63,69,LAE,1.4660579451417117
3178,63,64,LAE,0.8248300160517822
3179,63,64,LAE,1.9450178983559174
3180,63,64,LAE,1.1866363934963544
3181,63,67,LAE,1.727306940129423
3182,63,82,LAE,3.8338792102303745
3183,63,67,LAE,1.2365161733362189
3184,63,64,LAE,1.2256724689961613
3185,63,64,LAE,1.9344147404242218
3186,63,64,LAE,0.9021142097376973
3187,63,64,LAE,1.2190326881999245
3188,63,64,LAE,0.8306186017324146
3189,63,65,LAE,1.9409857657037832
3190,63,65,LAE,2.0882830379579733
3191,63,79,LAE,4.810952991260029
3192,63,67,LAE,1.5513651753508455
3193,63,64,LAE,1.9331798552487878
3194,63,64,LAE,2.2956649693081723
3195,63,64,LAE,1.3218937948195226
3196,63,64,LAE,1.2639095935261702
3197,63,65,LAE,1.901586670901816
3198,63,79,LAE,5.005314886614706
3199,61,65,LAE,5.114263517727719
3200,61,65,LAE,4.715301178046321
3201,61,66,LAE,5.729530309198933
3202,61,69,LAE,5.642738188473354
3203,61,65,LAE,4.675089561618902
3204,61,65,LAE,3.4482309715031993
3205,61,65,LAE,5.207652882530371
3206,61,84,LAE,6.602081907928367
3207,61,67,LAE,4.979089661991834
3208,61,75,LAE,5.421402896598267
3209,61,65,LAE,5.425900160295783
3210,62,65,LAE,2.7842264621600785
3211,62,69,LAE,4.927252239079441
3212,62,65,LAE,2.0703077623109243
3213,62,83,LAE,4.342661712061866
3214,62,65,LAE,2.1663842168984027
3215,63,66,LAE,1.9769808494146437
3216,63,65,LAE,1.911744837999727
3217,63,65,LAE,1.9984505250944473
3218,63,65,LAE,1.998201434606623
3219,63,65,LAE,1.9576776319666063
3220,63,67,LAE,2.1180139477823983
3221,63,77,LAE,3.2864635426929114
3222,63,85,LAE,5.348070795035989
3223,63,65,LAE,1.203660326953825
3224,63,90,LAE,4.448250246160452
3225,63,84,LAE,4.559533669224999
3226,63,65,LAE,2.6563962568191224
3227,63,65,LAE,5.339697685452746
3228,63,87,LAE,4.325462591246155
3229,63,66,LAE,1.5227301253559602
3230,63,65,LAE,1.3052836815857325
3231,63,67,LAE,1.498991543644164
3232,63,77,LAE,2.677686748347257
3233,63,65,LAE,4.735535128254751
3234,63,67,LAE,5.008689373214589
3235,63,72,LAE,2.6118219370117046
3236,63,67,LAE,5.089677492681201
3237,63,66,LAE,2.0206271477692344
3238,63,65,LAE,5.1521571046799695
3239,63,65,LAE,1.0736030808830594
3240,63,66,LAE,5.089856450023865
3241,63,65,LAE,4.697804872923084
3242,63,66,LAE,1.2111216666255906
3243,63,66,LAE,1.9622112491261567
3244,63,65,LAE,3.3944318923501378
3245,63,65,LAE,1.3059328927186098
3246,63,74,LAE,4.48705928039992
3247,63,74,LAE,5.160184058674698
3248,63,67,LAE,4.167998682913015
3249,63,65,LAE,5.056987607205112
3250,63,66,LAE,1.4925155124940692
3251,64,78,LAE,2.47568719084207
3252,64,65,LAE,1.8572156412636596
3253,64,66,LAE,1.3995428082241057
3254,64,81,LAE,2.86684084988111
3255,64,65,LAE,1.8729667716087763
3256,64,116,LAE,8.467235646871485
3257,64,70,LAE,2.343061492395528
3258,64,65,LAE,1.9227884822386585
3259,64,72,LAE,2.2336098084843257
3260,64,65,LAE,4.419915311799424
3261,64,107,LAE,6.659123773179827
3262,64,66,LAE,1.8968241800121988
3263,64,75,LAE,2.2890636700968026
3264,64,76,LAE,15.63431641696939
3265,64,65,LAE,1.2072191237612366
3266,64,65,LAE,1.8127793481132988
3267,64,65,LAE,1.2442114977347765
3268,64,65,LAE,1.7521159302743654
3269,64,65,LAE,1.2699559784270262
3270,62,170,LAE,15.488173325517572
3271,63,73,LAE,3.4895840684530546
3272,63,66,LAE,1.1895790926634062
3273,63,66,LAE,1.2953043355999814
3274,63,74,LAE,2.1196035314548447
3275,63,66,LAE,1.186851069189319
3276,63,69,LAE,1.3644020938682224
3277,64,66,LAE,5.087981792524138
3278,64,66,LAE,0.9563522881973419
3279,64,66,LAE,1.8605503210131755
3280,64,81,LAE,4.271812347674435
3281,64,66,LAE,3.1582718484164007
3282,64,66,LAE,3.112862061249612
3283,64,67,LAE,1.635115578544547
3284,64,76,LAE,2.3410256634876605
3285,64,66,LAE,1.0611106045058964
3286,64,66,LAE,1.3892635301220357
3287,64,66,LAE,3.1104824459507268
3288,64,66,LAE,1.2698408952789062
3289,64,69,LAE,1.3071014039892452
3290,64,99,LAE,6.657529086564539
3291,64,66,LAE,1.4516525223961283
3292,64,66,LAE,1.2538436303902933
3293,64,66,LAE,1.8923162989903597
3294,64,66,LAE,1.1735555808567413
3295,64,67,LAE,1.870642510641997
3296,64,66,LAE,4.942250843856663
3297,64,89,LAE,16.776700546379047
3298,64,72,LAE,2.601989659810632
3299,64,66,LAE,5.094036744913216
3300,64,66,LAE,1.8440477117043996
3301,64,66,LAE,0.970891196191115
3302,64,66,LAE,5.0663480357269375
3303,64,85,LAE,4.983234367568605
3304,64,66,LAE,1.0638526352054205
3305,64,67,LAE,0.9890556554113789
3306,64,105,LAE,6.309441209751154
3307,64,99,LAE,40.69288941709534
3308,65,74,LAE,4.000986883748015
3309,65,76,LAE,2.4607060030271337
3310,65,83,LAE,3.9140612462692235
3311,65,66,LAE,0.8507744278981644
3312,65,66,LAE,1.0593912931455707
3313,65,66,LAE,4.5788848820192865
3314,65,66,LAE,4.592097604577796
3315,65,79,LAE,3.5495777054720072
3316,65,87,LAE,4.303428729700646
3317,65,76,LAE,4.755081445120953
3318,65,81,LAE,2.4838794197727734
3319,65,77,LAE,4.879351815384729
3320,65,66,LAE,1.4594540570550087
3321,65,66,LAE,3.9470294684058542
3322,65,79,LAE,2.353687841411577
3323,65,67,LAE,1.8281689463793778
3324,65,76,LAE,3.311525603715503
3325,65,66,LAE,1.677163188741645
3326,65,73,LAE,2.1535335275928107
3327,65,69,LAE,4.693399368803911
3328,65,72,LAE,1.77378864276871
3329,65,66,LAE,4.943496250214207
3330,65,98,LAE,6.404902806422601
3331,65,68,LAE,1.1044492679483815
3332,65,66,LAE,4.39741478710764
3333,65,73,LAE,2.554311670150497
3334,63,67,LAE,5.237212007913921
3335,63,68,LAE,1.6306343702552326
3336,63,67,LAE,1.659104712480638
3337,63,75,LAE,3.131403878175988
3338,63,75,LAE,5.1723718477811484
3339,64,80,LAE,14.672698616527592
3340,64,67,LAE,1.4189518041433336
3341,64,67,LAE,1.3856786749291332
3342,65,74,LAE,4.9614517343253395
3343,65,68,LAE,1.4582926600939567
3344,65,67,LAE,4.650771060538695
3345,65,68,LAE,1.185749450580188
3346,65,74,LAE,4.719375433111105
3347,65,67,LAE,4.227086289504241
3348,65,76,LAE,4.911476161799964
3349,65,69,LAE,4.757482402478706
3350,65,80,LAE,4.280975820434233
3351,65,74,LAE,4.8272256141753624
3352,65,104,LAE,11.242406884724948
3353,65,70,LAE,4.620738540131052
3354,65,89,LAE,5.073510397882597
3355,66,67,LAE,0.8588454257390962
3356,66,67,LAE,0.8399506717617882
3357,66,71,LAE,1.9644867721614063
3358,66,67,LAE,1.3195793562255984
3359,66,69,LAE,1.3974101849759724
3360,66,67,LAE,1.423277536846599
3361,66,70,LAE,2.1999464810166276
3362,66,74,LAE,2.2526346123323813
3363,66,71,LAE,1.7382502767080728
3364,66,67,LAE,1.0575573161449336
3365,66,68,LAE,1.884516323542002
3366,66,67,LAE,1.0812158124013653
3367,66,67,LAE,1.0889461071588509
3368,66,80,LAE,4.4981398964172605
3369,66,69,LAE,1.4840914174252795
3370,66,67,LAE,0.7948516485159953
3371,66,69,LAE,1.03790453105501
3372,66,70,LAE,1.6649790573351981
3373,66,68,LAE,1.0874292958094565
3374,66,67,LAE,0.8732331827832238
3375,66,67,LAE,0.8962451568235072
3376,66,81,LAE,4.625698606696367
3377,66,93,LAE,6.51059652576204
3378,66,68,LAE,2.908813230592659
3379,66,67,LAE,0.8805200461964188
3380,66,67,LAE,0.9459050476945962
3381,66,69,LAE,1.0489920343697943
3382,66,91,LAE,6.540196045739214
3383,66,89,LAE,4.70721801087951
3384,66,68,LAE,2.6253726564311903
3385,66,84,LAE,6.921519294283953
3386,66,78,LAE,53.479564879499144
3387,66,67,LAE,1.189300724528949
3388,66,90,LAE,4.391752153362389
3389,66,75,LAE,2.3829565922248
3390,66,69,LAE,1.211403727241255
3391,66,79,LAE,2.2507015188990285
3392,66,67,LAE,1.3794520038475167
3393,66,71,LAE,2.4882489397608114
3394,66,67,LAE,1.3563734344779863
3395,66,67,LAE,1.6213087396174906
3396,66,67,LAE,1.3696130638916189
3397,66,71,LAE,4.048816232169353
3398,66,67,LAE,4.728447894551999
3399,66,77,LAE,4.692984083357052
3400,66,69,LAE,1.048240570743866
3401,66,67,LAE,0.9607377320090538
3402,66,74,LAE,4.883655727429598
3403,66,106,LAE,6.271343097818018
3404,66,76,LAE,4.763778849605315
3405,66,81,LAE,4.674717706795604
3406,65,69,LAE,4.423094707377159
3407,65,68,LAE,2.5013658920078656
3408,65,68,LAE,4.784985609773917
3409,65,107,LAE,6.410181757597404
3410,65,77,LAE,4.792699724290291
3411,65,87,LAE,5.10104538959579
3412,65,68,LAE,2.2102345494104187
3413,65,68,LAE,4.990051477962536
3414,65,73,LAE,5.425676747513073
3415,65,74,LAE,5.4626894504394405
3416,65,70,LAE,1.850302786671061
3417,65,80,LAE,6.020935110133024
3418,65,72,LAE,4.88717784615233
3419,65,73,LAE,5.849170525381366
3420,66,70,LAE,2.7024491020879053
3421,66,74,LAE,4.94903925082881
3422,66,75,LAE,12.4898047100083
3423,66,71,LAE,4.838883079317075
3424,66,68,LAE,4.662607260996194
3425,67,68,LAE,0.6791607693095773
3426,67,95,LAE,4.2870518061579865
3427,67,69,LAE,0.9956594855233531
3428,67,68,LAE,0.8468176458300032
3429,67,71,LAE,2.0774524573383286
3430,67,73,LAE,2.1284620643029686
3431,67,68,LAE,3.2333861150415766
3432,67,70,LAE,2.6463594686341443
3433,67,68,LAE,0.8316953044185948
3434,67,68,LAE,0.8547052226356678
3435,67,69,LAE,0.8591957241301039
3436,67,68,LAE,0.8450236626089461
3437,67,68,LAE,0.9541550963982997
3438,67,68,LAE,0.8995703375370862
3439,67,69,LAE,1.0320823126022476
3440,67,69,LAE,1.10893016231504
3441,67,69,LAE,0.881264670241515
3442,67,69,LAE,0.8541281561965289
3443,67,69,LAE,0.846297096455879
3444,67,68,LAE,1.3297414919436437
3445,67,68,LAE,1.0352823954753678
3446,67,75,LAE,4.464448248815842
3447,67,68,LAE,0.9777045633530684
3448,67,71,LAE,1.5022546454551633
3449,67,80,LAE,2.3750405791125067
3450,67,75,LAE,4.35856340596387
3451,67,88,LAE,4.342371422397394
3452,67,68,LAE,0.7864912465957488
3453,67,68,LAE,0.6642605043913985
3454,67,81,LAE,2.460201711411372
3455,67,76,LAE,4.630324571373564
3456,67,80,LAE,4.160193763819826
3457,67,73,LAE,4.497410192060123
3458,67,71,LAE,2.2666029080391414
3459,67,80,LAE,4.362875031890594
3460,67,68,LAE,0.8608654304256178
3461,67,68,LAE,0.926409919641395
3462,67,69,LAE,0.8918594460224439
3463,67,71,LAE,2.9722510782385845
3464,67,71,LAE,1.6151428849073635
3465,67,90,LAE,4.018711343677038
3466,67,71,LAE,3.02944014048869
3467,67,69,LAE,0.9817689568808791
3468,67,85,LAE,4.334824983236162
3469,67,89,LAE,4.26016919456989
3470,67,117,LAE,10.594168696918548
3471,67,68,LAE,8.444504508388352
3472,67,68,LAE,4.32783276913721
3473,67,68,LAE,0.7527792692267165
3474,67,91,LAE,3.9135884211711125
3475,67,69,LAE,1.8623859324635137
3476,67,74,LAE,31.399963641938847
3477,67,89,LAE,3.977449873086737
3478,67,80,LAE,2.5886373995543925
3479,67,73,LAE,2.130867963022811
3480,67,68,LAE,0.9166623747477431
3481,65,73,LAE,2.4443893705468724
3482,65,81,LAE,4.681888159220454
3483,65,69,LAE,2.7931605558961197
3484,66,75,LAE,2.411811802805027
3485,66,69,LAE,1.6864120805185754
3486,66,69,LAE,6.192367738806454
3487,67,70,LAE,0.9973521996579239
3488,67,77,LAE,3.0988343583754534
3489,67,73,LAE,3.3939619405977073
3490,67,71,LAE,2.1406809568212934
3491,67,116,LAE,8.275112763685412
3492,67,76,LAE,1.9115074520402422
3493,67,72,LAE,3.9859955368337077
3494,67,72,LAE,2.2404832482854125
3495,67,74,LAE,4.5939980411291845
3496,67,90,LAE,4.281791733064998
3497,67,80,LAE,7.677347948284019
3498,67,73,LAE,20.860558070738715
3499,67,69,LAE,43.87942121089455
3500,67,80,LAE,6.88888679281892
3501,68,69,LAE,1.1576336403616572
3502,68,80,LAE,3.5523476795216986
3503,68,69,LAE,2.3472054821337283
3504,68,69,LAE,0.800054577414144
3505,68,69,LAE,2.2190365886032675
3506,68,73,LAE,4.368874639774837
3507,68,74,LAE,4.380692942124531
3508,68,71,LAE,3.134594350457552
3509,68,75,LAE,4.406717657721588
3510,68,69,LAE,0.7314128621906351
3511,68,70,LAE,1.8842003744765623
3512,68,76,LAE,3.9734262778997156
3513,68,69,LAE,4.212658713649965
3514,68,74,LAE,4.467081048232752
3515,68,82,LAE,3.6837329383646935
3516,68,70,LAE,1.3554823386394002
3517,68,75,LAE,3.475306749681794
3518,68,69,LAE,1.7663469090253692
3519,68,75,LAE,4.05825958312766
3520,68,122,LAE,8.33658264280904
3521,68,79,LAE,2.20891130976577
3522,68,69,LAE,0.7131270989549995
3523,68,69,LAE,1.1436608410990163
3524,68,89,LAE,4.1312348678778585
3525,68,73,LAE,2.137950790436385
3526,68,112,LAE,12.795738794366732
3527,68,69,LAE,2.4757327935414417
3528,68,71,LAE,2.0957180779039994
3529,68,78,LAE,3.5813223334707196
3530,68,77,LAE,4.266850880406843
3531,68,71,LAE,2.0863495408910535
3532,68,79,LAE,3.5575423129257566
3533,68,74,LAE,3.215226321850638
3534,68,80,LAE,24.137847367376313
3535,68,69,LAE,0.7332891238578054
3536,68,137,LAE,13.027069185150157
3537,68,69,LAE,0.7884690199437043
3538,68,69,LAE,8.471087652025064
3539,68,78,LAE,3.8953772534324673
3540,68,73,LAE,4.4915042464717985
3541,68,80,LAE,4.169958688767018
3542,68,69,LAE,2.7709122435804567
3543,68,74,LAE,4.2553942686183275
3544,68,76,LAE,5.0620504929557475
3545,68,74,LAE,4.274532700350811
3546,68,85,LAE,5.6342963575348906
3547,68,79,LAE,4.228466421809645
3548,68,69,LAE,0.8717626534494415
3549,68,76,LAE,4.022774318196461
3550,68,81,LAE,2.2426111801249777
3551,68,75,LAE,1.9300237275913275
3552,68,85,LAE,3.686728337208845
3553,68,79,LAE,7.202687729217162
3554,68,74,LAE,2.845511061672161
3555,68,90,LAE,4.1444797062574565
3556,68,71,LAE,1.3794659836934564
3557,68,69,LAE,0.8191844311485278
3558,68,94,LAE,4.772058143359754
3559,68,122,LAE,8.083019383257481
3560,68,72,LAE,2.085232033418072
3561,68,69,LAE,1.4405573233237092
3562,66,90,LAE,4.578719668808113
3563,66,70,LAE,27.859109765470624
3564,66,70,LAE,4.988132289656115
3565,66,70,LAE,2.22313040997632
3566,66,144,LAE,12.027930799697364
3567,67,70,LAE,2.222823238479577
3568,67,70,LAE,1.4901743357968475
3569,67,85,LAE,3.69892377152004
3570,67,78,LAE,4.295081159714464
3571,68,73,LAE,2.160486201493669
3572,68,80,LAE,3.6951418203661452
3573,68,74,LAE,4.621255411386513
3574,68,70,LAE,1.6450849319832996
3575,68,72,LAE,2.002461127507195
3576,68,78,LAE,2.931248265296331
3577,68,84,LAE,3.464660026012155
3578,68,81,LAE,3.139010164438987
3579,68,83,LAE,3.6625213872236118
3580,68,70,LAE,4.315074297093883
3581,68,70,LAE,4.576544145400238
3582,68,70,LAE,3.0637035406352204
3583,69,79,LAE,2.1029842203196685
3584,69,71,LAE,2.150221733565987
3585,69,70,LAE,0.7222076236961621
3586,69,76,LAE,1.9903147847510136
3587,69,77,LAE,16.89913580501283
3588,69,70,LAE,0.7607572096687214
3589,69,77,LAE,4.423274188637614
3590,69,71,LAE,1.4937746473602154
3591,69,70,LAE,0.7321673337024883
3592,69,77,LAE,1.839932625247327
3593,69,77,LAE,1.7808247409545224
3594,69,70,LAE,0.8476993252184447
3595,69,70,LAE,0.7369879343384824
3596,69,84,LAE,3.842165603609246
3597,69,71,LAE,1.9527528199145245
3598,69,71,LAE,1.6578778786199333
3599,69,76,LAE,4.20621251844869
3600,69,70,LAE,2.208014098981547
3601,69,89,LAE,4.047228047806621
3602,69,79,LAE,4.195543090902706
3603,69,70,LAE,1.370727975667356
3604,69,75,LAE,4.136237035543761
3605,69,70,LAE,1.9491778661178267
3606,69,70,LAE,0.7221444085111413
3607,69,70,LAE,0.8256378247982334
3608,69,91,LAE,4.011494451512612
3609,69,70,LAE,0.8391207303292197
3610,69,70,LAE,0.7341249287653965
3611,69,79,LAE,3.8890824873493886
3612,69,77,LAE,3.742956813031934
3613,69,70,LAE,2.493956725636594
3614,69,156,LAE,22.366114322891978
3615,69,70,LAE,1.8243383549953327
3616,69,93,LAE,6.925837969205457
3617,69,70,LAE,1.4682185251814621
3618,69,87,LAE,6.846176994457007
3619,69,70,LAE,1.01698195254324
3620,69,70,LAE,0.7098028219267617
3621,69,76,LAE,4.255748483871091
3622,69,70,LAE,0.7595666722771821
3623,69,71,LAE,1.2592284931917195
3624,69,72,LAE,3.7561344513603103
3625,68,72,LAE,1.4785106097223049
3626,68,74,LAE,2.9068038058357897
3627,68,76,LAE,6.164036470136665
3628,68,88,LAE,35.962141733857756
3629,68,72,LAE,2.6478065123469543
3630,68,75,LAE,5.983556330496536
3631,68,93,LAE,7.219035148905308
3632,68,76,LAE,3.8713630973819178
3633,68,74,LAE,4.564497794154461
3634,68,81,LAE,4.2538047110186215
3635,69,74,LAE,4.494959059373958
3636,69,106,LAE,6.6370481863599595
3637,69,71,LAE,4.200754179426051
3638,69,79,LAE,4.513216529818922
3639,69,74,LAE,4.3338527196430485
3640,69,72,LAE,1.3132852083751212
3641,69,83,LAE,5.582225891912423
3642,70,75,LAE,35.75407374489207
3643,70,71,LAE,1.2408532933812284
3644,70,73,LAE,4.199404475505874
3645,70,73,LAE,4.013768068291032
3646,70,71,LAE,0.8095298559169016
3647,70,86,LAE,5.845266472444548
3648,70,71,LAE,0.8555857199768108
3649,70,74,LAE,4.094482157366867
3650,70,74,LAE,4.033750496962962
3651,70,75,LAE,2.731916053636876
3652,70,75,LAE,4.667440446649108
3653,70,75,LAE,3.3571947376477085
3654,70,90,LAE,33.81658851129233
3655,70,83,LAE,3.2263246795948928
3656,70,71,LAE,2.4029835858693627
3657,70,77,LAE,3.894330926198364
3658,70,71,LAE,1.430791470079342
3659,70,77,LAE,2.648109739389907
3660,70,79,LAE,4.293503144374181
3661,70,73,LAE,1.8546473673598927
3662,70,71,LAE,2.156142092602608
3663,70,72,LAE,3.958715490685863
3664,70,71,LAE,4.136314479166321
3665,70,73,LAE,1.427002194316707
3666,70,91,LAE,3.812294214657748
3667,70,76,LAE,3.9992619355776458
3668,70,82,LAE,2.940282108611792
3669,70,74,LAE,3.4967724503819997
3670,70,71,LAE,4.882727189778864
3671,70,73,LAE,20.85146508528636
3672,70,76,LAE,4.5683035112528545
3673,70,75,LAE,2.6423009569592324
3674,70,77,LAE,4.213203908192647
3675,68,75,LAE,3.5776282027227615
3676,68,72,LAE,5.270477407293464
3677,68,72,LAE,4.124045277435019
3678,69,72,LAE,2.3777614815739696
3679,69,73,LAE,1.9216838461345351
3680,69,72,LAE,2.330115036922899
3681,69,73,LAE,4.69732818574415
3682,69,75,LAE,3.066094396092614
3683,69,75,LAE,4.194627222073757
3684,70,73,LAE,3.963384844871308
3685,70,73,LAE,3.9715006589929063
3686,70,76,LAE,2.1189509238296673
3687,70,76,LAE,4.2541838184942495
3688,70,107,LAE,5.796329287003263
3689,70,73,LAE,2.218069347585166
3690,70,72,LAE,3.998339608628598
3691,70,73,LAE,4.436086679881938
3692,70,84,LAE,3.749476359048948
3693,71,75,LAE,3.153182022578183
3694,71,74,LAE,4.053673403788042
3695,71,72,LAE,1.9466676934850204
3696,71,73,LAE,1.461577012037559
3697,71,90,LAE,3.518374417692522
3698,71,85,LAE,4.0085687294085055
3699,71,85,LAE,4.046355735239774
3700,71,80,LAE,11.236740574576046
3701,71,76,LAE,3.3758094797418883
3702,71,73,LAE,29.911493549759275
3703,71,72,LAE,1.6987255026687538
3704,71,74,LAE,2.0028763483064673
3705,71,73,LAE,4.201379278892606
3706,71,79,LAE,3.9777999217595856
3707,71,79,LAE,3.815708894825199
3708,71,73,LAE,3.981541769865117
3709,71,75,LAE,3.952573778547318
3710,71,89,LAE,3.9727248554266663
3711,71,78,LAE,3.565072171502105
3712,71,74,LAE,4.026085009209214
3713,71,74,LAE,4.011093334472904
3714,71,90,LAE,3.428734430953626
3715,71,72,LAE,2.091005402246769
3716,71,77,LAE,2.3416982150956778
3717,71,74,LAE,3.863943902880386
3718,71,73,LAE,4.02199678986559
3719,71,74,LAE,1.7132346689810254
3720,71,72,LAE,3.8795183903742334
3721,71,94,LAE,4.9340022580300555
3722,71,73,LAE,3.1499169358609915
3723,71,89,LAE,6.135266629552713
3724,71,74,LAE,19.62420796354295
3725,71,74,LAE,3.635952018323066
3726,71,83,LAE,3.377364718145532
3727,71,123,LAE,7.697164164437458
3728,71,74,LAE,2.4122793084728777
3729,71,76,LAE,4.392397737226925
3730,71,74,LAE,3.930484381807475
3731,71,84,LAE,3.5570975784627374
3732,71,79,LAE,3.1923709021647366
3733,71,72,LAE,1.7644156375854378
3734,71,74,LAE,3.936737299035787
3735,71,74,LAE,1.422960622158443
3736,71,73,LAE,4.219218053241474
3737,71,74,LAE,3.715828815191824
3738,71,90,LAE,44.25263996875408
3739,71,98,LAE,10.086412617494068
3740,71,97,LAE,7.060441597845833
3741,71,75,LAE,3.6507583907487606
3742,71,72,LAE,1.730538384821521
3743,71,77,LAE,3.9857308107627123
3744,71,73,LAE,3.9284104678189764
3745,71,76,LAE,2.407675514392963
3746,71,72,LAE,2.0520173277223765
3747,71,72,LAE,1.8242445249130643
3748,71,73,LAE,2.0634049264252106
3749,71,75,LAE,2.2788855238767614
3750,71,74,LAE,3.8134171648240986
3751,71,76,LAE,2.9933719126636564
3752,71,72,LAE,4.102205925094655
3753,71,77,LAE,2.449093457731417
3754,71,73,LAE,3.175414616381058
3755,71,73,LAE,1.7528211885569631
3756,69,73,LAE,4.30744539394252
3757,69,74,LAE,4.212424900946641
3758,70,73,LAE,3.900302785161708
3759,70,81,LAE,4.035727820800433
3760,70,73,LAE,2.5582674670812775
3761,70,81,LAE,3.3034797125886546
3762,70,73,LAE,4.036369600138728
3763,70,73,LAE,4.391860759259536
3764,70,77,LAE,5.4458744688368075
3765,70,75,LAE,4.165208397511031
3766,71,73,LAE,49.554224001694934
3767,71,73,LAE,4.113228082580226
3768,71,73,LAE,3.9816699772586146
3769,71,74,LAE,4.593556582315811
3770,71,75,LAE,7.3367624601103865
3771,71,73,LAE,4.0526179572624805
3772,71,73,LAE,4.046546135491503
3773,71,73,LAE,3.2515273190254943
3774,71,82,LAE,7.35143648212838
3775,71,76,LAE,4.070766507246344
3776,71,73,LAE,3.950823235524667
3777,71,90,LAE,3.5460173296320225
3778,71,75,LAE,4.047101633398282
3779,71,81,LAE,2.6167623327763665
3780,71,85,LAE,5.122195460689857
3781,71,74,LAE,4.256483061053197
3782,71,79,LAE,4.103336372833444
3783,71,81,LAE,5.864502762662265
3784,72,85,LAE,3.679125001661449
3785,72,73,LAE,1.1359212066647255
3786,72,74,LAE,1.0978468293580153
3787,72,73,LAE,1.757146650421486
3788,72,73,LAE,2.359579687045729
3789,72,78,LAE,4.136598449422496
3790,72,73,LAE,3.687661345767614
3791,72,73,LAE,3.8619946339601894
3792,72,81,LAE,3.7910900947290096
3793,72,90,LAE,3.7102531500628815
3794,72,75,LAE,3.8693407454794855
3795,72,98,LAE,5.5864885065273056
3796,72,85,LAE,3.9771674129273014
3797,72,75,LAE,15.195523923090251
3798,72,90,LAE,3.4361544543400444
3799,72,85,LAE,3.53345554470976
3800,72,90,LAE,3.769897244115576
3801,72,73,LAE,3.59306415846362
3802,72,73,LAE,3.794805747085403
3803,72,91,LAE,3.4686545684792383
3804,72,76,LAE,3.3298555360751805
3805,72,76,LAE,2.491513209194947
3806,72,74,LAE,1.4344592001401237
3807,72,122,LAE,7.468463487627738
3808,72,73,LAE,2.6287764049708024
3809,72,74,LAE,1.5690686496058994
3810,72,74,LAE,3.952237132134807
3811,72,73,LAE,1.6416428991938454
3812,72,73,LAE,1.6596832421805365
3813,72,84,LAE,6.665355673446284
3814,72,87,LAE,3.158826456513626
3815,72,73,LAE,3.9294482075638055
3816,72,81,LAE,1.6872847100941446
3817,72,73,LAE,4.111962511616882
3818,72,78,LAE,4.298748469404815
3819,72,82,LAE,3.073467681511808
3820,72,74,LAE,2.1664171510069177
3821,72,74,LAE,3.9518810498083807
3822,72,73,LAE,4.176928820496905
3823,72,73,LAE,2.2876258478289335
3824,72,77,LAE,3.685830883071892
3825,72,74,LAE,1.5176460550377524
3826,72,75,LAE,4.101154562023418
3827,72,83,LAE,3.5117639991303267
3828,72,73,LAE,1.452850071272481
3829,72,73,LAE,4.400220279059663
3830,72,73,LAE,4.102837810123759
3831,70,74,LAE,3.47191438047029
3832,70,81,LAE,5.638151680930144
3833,70,78,LAE,39.094922089334055
3834,70,103,LAE,9.898894769039364
3835,71,79,LAE,16.180374287410384
3836,71,74,LAE,4.199740998183593
3837,71,77,LAE,3.0418381496969986
3838,71,79,LAE,3.9255799983841593
3839,71,74,LAE,4.10538054059912
3840,71,74,LAE,4.091503288393694
3841,71,79,LAE,6.740799351460822
3842,71,74,LAE,2.234975100826541
3843,71,76,LAE,3.9441841124481187
3844,72,74,LAE,3.942398145632366
3845,72,95,LAE,22.58859445111696
3846,72,74,LAE,3.9478511695885814
3847,72,74,LAE,3.915492442993932
3848,72,78,LAE,58.01205401704822
3849,72,74,LAE,8.78125747907453
3850,72,80,LAE,3.834671296842792
3851,72,76,LAE,3.9399748007228927
3852,73,77,LAE,3.745024337283762
3853,73,77,LAE,3.5784060403708504
3854,73,74,LAE,3.8237620236754872
3855,73,76,LAE,1.1149111500096085
3856,73,75,LAE,1.3717203409682612
3857,73,74,LAE,3.854373877991691
3858,73,85,LAE,3.6183531390315897
3859,73,75,LAE,1.136287167460007
3860,73,79,LAE,3.3733404242745766
3861,73,74,LAE,3.73658530998418
3862,73,74,LAE,1.406355777467543
3863,73,76,LAE,10.978921504806422
3864,73,74,LAE,3.9107162361577266
3865,73,74,LAE,3.825798595205818
3866,73,77,LAE,1.4841410283311351
3867,73,79,LAE,3.811933396190956
3868,73,79,LAE,3.7771998802247158
3869,73,80,LAE,3.163688186885848
3870,73,83,LAE,3.0639173288027988
3871,73,74,LAE,7.506143153248516
3872,73,76,LAE,3.6671265015050984
3873,73,75,LAE,1.3111615739582791
3874,73,74,LAE,1.4862125391122212
3875,73,76,LAE,3.844244612956895
3876,73,75,LAE,1.8495609787054208
3877,73,76,LAE,6.591725393835689
3878,73,74,LAE,1.9010562590533169
3879,73,76,LAE,3.795230222249197
3880,73,74,LAE,3.8945872172324982
3881,73,93,LAE,20.66920776521652
3882,73,98,LAE,6.21380304658309
3883,73,74,LAE,3.5560251289626925
3884,71,80,LAE,2.208101415190904
3885,71,76,LAE,2.662326270731921
3886,71,75,LAE,3.451855570297087
3887,71,75,LAE,4.176297074289164
3888,71,76,LAE,2.215841428829486
3889,72,80,LAE,2.085386127342492
3890,72,75,LAE,3.4895124568399463
3891,72,75,LAE,3.8433607883760046
3892,72,75,LAE,2.464941168102036
3893,72,83,LAE,2.639321233652872
3894,72,76,LAE,24.810670292716875
3895,72,96,LAE,7.14731572112311
3896,72,84,LAE,3.7753174654204664
3897,72,94,LAE,5.587690486919656
3898,73,75,LAE,3.128496303911445
3899,73,75,LAE,3.3986210067994227
3900,73,76,LAE,2.331718986664897
3901,73,125,LAE,10.73207323357849
3902,73,75,LAE,3.3129221707890273
3903,73,82,LAE,3.9801523642649705
3904,73,92,LAE,4.261759530079271
3905,74,78,LAE,1.2355943779516396
3906,74,84,LAE,3.618396988666449
3907,74,75,LAE,1.5555763109500738
3908,74,75,LAE,1.033444632610494
3909,74,75,LAE,1.2902840207847655
3910,74,75,LAE,50.062121572263116
3911,74,76,LAE,1.0560364453691984
3912,74,75,LAE,1.791493572352308
3913,74,87,LAE,3.0412708223103233
3914,74,94,LAE,20.152566995439507
3915,74,89,LAE,3.9425900716488558
3916,74,75,LAE,2.060525526413637
3917,74,100,LAE,10.978250372185988
3918,74,76,LAE,7.687909788715808
3919,74,75,LAE,3.66197243973829
3920,74,87,LAE,5.694972777987671
3921,74,77,LAE,1.1252217065501693
3922,74,76,LAE,1.1197843793419602
3923,74,75,LAE,2.019059351442023
3924,74,78,LAE,1.2444953518095776
3925,74,132,LAE,23.062771977000462
3926,74,89,LAE,27.89041610651744
3927,74,75,LAE,13.807023385253393
3928,74,92,LAE,3.199498114811976
3929,74,77,LAE,1.3652313029149334
3930,74,85,LAE,3.0485426953114185
3931,74,88,LAE,3.629147310616115
3932,74,96,LAE,31.043715874403386
3933,74,75,LAE,3.749023299019933
3934,74,89,LAE,3.09841233174109
3935,74,81,LAE,7.398195144116311
3936,74,117,LAE,7.491878156097334
3937,74,75,LAE,16.30384744102478
3938,74,75,LAE,3.7534320428059496
3939,74,77,LAE,3.289198334744429
3940,72,80,LAE,5.460373391281407
3941,72,84,LAE,7.85072487623901
3942,72,86,LAE,3.783372805924477
3943,72,175,LAE,10.05290054218787
3944,73,79,LAE,3.7053390362129126
3945,73,76,LAE,3.479375031083075
3946,73,89,LAE,3.719688271659702
3947,73,78,LAE,23.252010376041053
3948,73,76,LAE,1.886567621190785
3949,73,76,LAE,3.7964777416717035
3950,73,110,LAE,19.109894193077093
3951,74,81,LAE,3.0980782098286217
3952,74,92,LAE,3.411731043619945
3953,74,76,LAE,3.619835239597798
3954,74,76,LAE,3.26711451881318
3955,74,81,LAE,1.7365160549013692
3956,74,76,LAE,1.3839926374076694
3957,74,76,LAE,2.360158928504508
3958,74,100,LAE,4.776907348235221
3959,74,91,LAE,3.9804376803584303
3960,74,76,LAE,3.7554724852282617
3961,74,76,LAE,3.6842310338750304
3962,74,76,LAE,1.2422419354726733
3963,74,81,LAE,4.9701486148127385
3964,75,113,LAE,7.387519611325414
3965,75,76,LAE,1.4821567035867182
3966,75,77,LAE,3.7187705112256464
3967,75,77,LAE,1.1463438813533589
3968,75,80,LAE,2.3747849790395
3969,75,98,LAE,6.330927513589084
3970,75,81,LAE,2.173068176355325
3971,75,80,LAE,2.1305790660050756
3972,75,76,LAE,3.521949179840148
3973,75,80,LAE,1.6677932216632252
3974,75,76,LAE,3.6449268672894863
3975,75,80,LAE,2.012924735154541
3976,75,79,LAE,1.1686408832063904
3977,75,76,LAE,1.3322818730961412
3978,75,76,LAE,26.19768089511712
3979,75,77,LAE,3.438306564726064
3980,75,80,LAE,1.4853006768057972
3981,75,76,LAE,2.2716558496971353
3982,75,85,LAE,3.151749287829534
3983,75,78,LAE,2.1121277725177103
3984,75,76,LAE,3.6001938104619966
3985,75,80,LAE,3.5165244280293955
3986,75,77,LAE,1.9922793480490242
3987,75,79,LAE,6.461906964178432
3988,75,76,LAE,0.8451391872104692
3989,75,89,LAE,3.404205406997108
3990,75,80,LAE,1.478412937193537
3991,75,87,LAE,2.883143156705015
3992,75,84,LAE,5.208318441048852
3993,75,76,LAE,3.363160342982033
3994,75,76,LAE,0.9897765806817963
3995,75,88,LAE,3.109548315876954
3996,75,76,LAE,1.7398259606150033
3997,75,76,LAE,3.423096455489734
3998,75,78,LAE,1.1010030560705244
3999,75,76,LAE,0.862914690277919
4000,75,76,LAE,3.633243993770189
4001,75,76,LAE,1.2011368642248454
4002,75,89,LAE,2.996968921999477
4003,75,77,LAE,2.2118845893244403
4004,75,76,LAE,2.1440384422700327
4005,75,85,LAE,2.8778419560506685
4006,75,90,LAE,3.08285617146631
4007,75,83,LAE,2.2447572347605975
4008,75,77,LAE,5.548066143399036
4009,75,76,LAE,1.182847508214036
4010,75,76,LAE,1.069240299593196
4011,75,76,LAE,3.3684900475625463
4012,75,112,LAE,6.8222607314763755
4013,75,80,LAE,1.682160947749274
4014,75,79,LAE,3.5687982778234266
4015,75,76,LAE,3.330401462358616
4016,75,79,LAE,1.1230181602167242
4017,75,76,LAE,2.123934461504163
4018,73,77,LAE,38.46999701304241
4019,73,78,LAE,3.6917657344028294
4020,73,82,LAE,2.7589212135343657
4021,74,77,LAE,1.4153729163578268
4022,74,84,LAE,7.165110957616562
4023,74,77,LAE,1.094065199039771
4024,74,78,LAE,1.2250902038053557
4025,74,80,LAE,2.5161520153993644
4026,74,77,LAE,4.19730929928745
4027,74,77,LAE,6.953982849446185
4028,75,79,LAE,1.1971449499587343
4029,75,81,LAE,1.5976153538016993
4030,75,89,LAE,3.49819856165985
4031,75,80,LAE,1.3831743186154732
4032,75,83,LAE,6.223134814812717
4033,75,78,LAE,1.1027223875383105
4034,75,84,LAE,5.727933337116634
4035,75,90,LAE,3.0978226686679036
4036,75,107,LAE,5.400299499285894
4037,75,79,LAE,3.6475290011451023
4038,76,80,LAE,2.9866683465357746
4039,76,79,LAE,3.3383586109028087
4040,76,91,LAE,2.8961151361483903
4041,76,82,LAE,1.7007132842414008
4042,76,81,LAE,2.2094148763468064
4043,76,77,LAE,2.230269420454304
4044,76,81,LAE,1.8761567696696853
4045,76,92,LAE,2.8567876916197164
4046,76,81,LAE,1.9165155168056955
4047,76,78,LAE,0.8297192019192634
4048,76,86,LAE,2.816869154910983
4049,76,77,LAE,1.0303439503710892
4050,76,77,LAE,1.9222440180008502
4051,76,77,LAE,1.0377071289819024
4052,76,79,LAE,1.0152541750573236
4053,76,82,LAE,1.8254481710009767
4054,76,83,LAE,2.7489279625956926
4055,76,83,LAE,2.503865397304786
4056,76,80,LAE,2.3597803404767355
4057,76,79,LAE,1.4207850528809132
4058,76,77,LAE,1.6261916951947593
4059,76,79,LAE,2.533030806227311
4060,76,88,LAE,2.8938513295171
4061,76,98,LAE,4.2201137909065025
4062,76,87,LAE,3.439255810056239
4063,76,80,LAE,1.3516119179273658
4064,76,79,LAE,1.0383893857421873
4065,76,77,LAE,1.0941180623951388
4066,76,78,LAE,4.7790375962045255
4067,76,79,LAE,1.9678382573406095
4068,76,77,LAE,3.1691858058078286
4069,76,77,LAE,2.4853346596251984
4070,76,88,LAE,2.8893978043349064
4071,76,77,LAE,2.8973434458080516
4072,74,78,LAE,3.331995441142603
4073,75,80,LAE,1.3125173992760342
4074,75,80,LAE,1.2464827627173949
4075,75,89,LAE,3.480560746482917
4076,75,123,LAE,7.316616887016799
4077,75,90,LAE,2.8236907210730995
4078,76,78,LAE,1.150443223114928
4079,76,79,LAE,1.4642778863862802
4080,76,79,LAE,3.3267985858175346
4081,76,81,LAE,1.3081404618414878
4082,76,78,LAE,0.9996607083818639
4083,76,78,LAE,2.692599130448056
4084,76,83,LAE,3.686681014779941
4085,76,80,LAE,2.262901409914341
4086,76,80,LAE,1.1863860734600842
4087,76,78,LAE,1.8899547058727921
4088,77,79,LAE,0.8877922807299471
4089,77,85,LAE,2.464617867838898
4090,77,80,LAE,1.7915730863020796
4091,77,78,LAE,0.7593539574363577
4092,77,78,LAE,0.9809160806799181
4093,77,78,LAE,0.8406085902097323
4094,77,78,LAE,1.2687392597531453
4095,77,82,LAE,2.59280287921436
4096,77,91,LAE,3.275312098833003
4097,77,79,LAE,1.8633166480766932
4098,77,86,LAE,3.324602069679129
4099,77,80,LAE,1.2800473565995412
4100,77,78,LAE,1.6683649949385837
4101,77,88,LAE,18.151933699619345
4102,77,78,LAE,0.8827601165852559
4103,77,79,LAE,55.85696569143892
4104,77,78,LAE,0.8096010782600676
4105,77,90,LAE,2.454461395663069
4106,77,78,LAE,1.050752879508873
4107,77,78,LAE,0.9027347389993644
4108,77,137,LAE,22.64320244282441
4109,77,89,LAE,21.25706262755355
4110,77,79,LAE,1.800132558261214
4111,77,78,LAE,2.030788102604466
4112,77,90,LAE,2.8665205101890425
4113,77,78,LAE,0.9722451079773893
4114,77,78,LAE,2.554558948467482
4115,77,85,LAE,3.3222637020843355
4116,77,79,LAE,1.0787484077594345
4117,77,78,LAE,0.892711759057334
4118,77,79,LAE,1.8518181674914138
4119,77,78,LAE,0.8883590492138109
4120,77,78,LAE,1.4172413546529778
4121,77,79,LAE,1.1977341312514156
4122,77,78,LAE,0.749135365180677
4123,77,78,LAE,47.13694835076973
4124,77,79,LAE,3.181888531281427
4125,77,87,LAE,2.3051460656076608
4126,77,100,LAE,23.47679848144696
4127,77,78,LAE,1.5471639653172102
4128,77,81,LAE,2.552144347472717
4129,77,86,LAE,24.981245505710987
4130,77,79,LAE,1.9397984046360799
4131,77,78,LAE,4.080915804817754
4132,77,78,LAE,1.8415330946669035
4133,77,81,LAE,1.489436004400016
4134,77,78,LAE,0.8359511136580309
4135,77,78,LAE,3.350690930086443
4136,75,79,LAE,2.9649384261663165
4137,75,79,LAE,3.4720526448740645
4138,75,79,LAE,2.1876094645142286
4139,76,79,LAE,2.623233580267539
4140,76,79,LAE,3.01990832915114
4141,76,80,LAE,2.927214206539426
4142,76,95,LAE,56.99760495097298
4143,76,79,LAE,4.032164963429483
4144,77,79,LAE,3.2046822805790947
4145,77,84,LAE,2.3741149005261195
4146,77,79,LAE,3.409730207008194
4147,77,79,LAE,2.977853499101155
4148,77,85,LAE,4.622314112795611
4149,77,81,LAE,3.1668582399837906
4150,77,80,LAE,5.842555997924116
4151,77,79,LAE,5.698494629477649
4152,77,82,LAE,1.979168743189022
4153,78,86,LAE,3.183378203884732
4154,78,81,LAE,0.9976734695088582
4155,78,90,LAE,2.7411164596553137
4156,78,79,LAE,2.3883447839081935
4157,78,79,LAE,1.2501379348016346
4158,78,80,LAE,0.9416389741601509
4159,78,79,LAE,0.8477809557985948
4160,78,87,LAE,2.086463570036472
4161,78,86,LAE,3.3011267025262954
4162,78,79,LAE,1.3162770139162234
4163,78,81,LAE,0.9752529904110459
4164,78,79,LAE,1.5809605744990132
4165,78,79,LAE,2.809659720560665
4166,78,91,LAE,2.4902910074236515
4167,78,83,LAE,2.431788678412077
4168,78,80,LAE,1.5883092015186664
4169,78,80,LAE,0.8924143049214986
4170,78,81,LAE,1.4409678504682375
4171,78,80,LAE,17.844877064351746
4172,78,79,LAE,1.3464625207525927
4173,78,84,LAE,2.154883500970091
4174,78,81,LAE,1.727235210968313
4175,78,90,LAE,2.7224648641259193
4176,78,79,LAE,2.6530105193884466
4177,78,79,LAE,0.8345726872154294
4178,78,79,LAE,0.7470207842297708
4179,78,80,LAE,0.9976082224537804
4180,78,83,LAE,2.129769151479653
4181,78,79,LAE,0.7507177100004968
4182,78,79,LAE,0.7984850358306094
4183,78,90,LAE,3.380844948520008
4184,78,79,LAE,1.4384843090262287
4185,78,79,LAE,0.8291963322126629
4186,78,84,LAE,2.0482759104995734
4187,78,79,LAE,0.8499204222951222
4188,78,79,LAE,3.0154511851057144
4189,78,82,LAE,2.62967098843276
4190,78,90,LAE,2.857638212215137
4191,78,79,LAE,0.9213888561446936
4192,78,79,LAE,1.7703816781112112
4193,78,81,LAE,1.852708560733854
4194,78,84,LAE,3.1970780438155493
4195,78,100,LAE,4.868836990181952
4196,78,98,LAE,21.394131975123955
4197,78,86,LAE,2.4386713207144326
4198,78,79,LAE,46.548309424633196
4199,78,80,LAE,0.9348038345546943
4200,78,85,LAE,3.8819897009606836
4201,76,81,LAE,2.040032630509196
4202,76,80,LAE,1.9764717275335626
4203,76,80,LAE,3.3019667245251227
4204,76,90,LAE,2.987800268022361
4205,76,80,LAE,4.149828829694598
4206,77,83,LAE,2.5632191914856723
4207,77,87,LAE,45.912271452858356
4208,77,80,LAE,3.31317886361047
4209,77,96,LAE,5.0326906318835585
4210,77,90,LAE,3.0631546368351543
4211,78,80,LAE,2.4575817444416694
4212,78,80,LAE,57.338881435815004
4213,78,80,LAE,1.2801520923497198
4214,78,80,LAE,0.979836268727171
4215,78,89,LAE,2.696421421141646
4216,79,83,LAE,2.2173850747560895
4217,79,80,LAE,1.2426406874274227
4218,79,80,LAE,1.4623612309356444
4219,79,80,LAE,0.7804195958587444
4220,79,81,LAE,2.5125019978774668
4221,79,82,LAE,2.075772980280788
4222,79,82,LAE,2.4701494702930233
4223,79,80,LAE,1.2380435528275002
4224,79,80,LAE,2.2318986014293225
4225,79,97,LAE,3.3457301493746034
4226,79,80,LAE,1.567997343370474
4227,79,80,LAE,0.8119861176472106
4228,79,80,LAE,0.9301785982933484
4229,79,80,LAE,3.492516263275952
4230,79,80,LAE,35.90104211035403
4231,79,83,LAE,1.5485743310878808
4232,79,82,LAE,27.823194713893777
4233,79,80,LAE,1.3668912264187694
4234,79,82,LAE,3.095136407574189
4235,79,80,LAE,1.5867562743418484
4236,79,90,LAE,2.6417321962178812
4237,79,87,LAE,22.96276547692961
4238,79,81,LAE,1.6205025308976637
4239,79,80,LAE,1.2445874809566013
4240,79,115,LAE,7.303994499653612
4241,79,109,LAE,5.025662980950563
4242,79,82,LAE,2.86015827538641
4243,79,80,LAE,0.8230317508750855
4244,79,80,LAE,53.871785888384196
4245,79,80,LAE,3.9868226898979593
4246,79,80,LAE,1.0337641438407403
4247,79,82,LAE,1.0534929450857238
4248,77,82,LAE,57.824226204016206
4249,77,89,LAE,48.101729646147156
4250,77,81,LAE,2.622255603223555
4251,77,82,LAE,1.6374509440346212
4252,77,83,LAE,2.9397815472275926
4253,78,98,LAE,42.484663700421734
4254,78,89,LAE,5.090758834816393
4255,78,88,LAE,2.0263499157578626
4256,78,95,LAE,4.70259806186598
4257,78,86,LAE,3.468153474963403
4258,79,83,LAE,2.0610651672150526
4259,79,81,LAE,1.7293988953530506
4260,79,82,LAE,3.1994082782751554
4261,79,81,LAE,2.9825730431595057
4262,79,97,LAE,3.503144531335675
4263,79,84,LAE,2.3069797691862877
4264,79,89,LAE,1.94885646411857
4265,79,88,LAE,3.0410362596189477
4266,79,81,LAE,1.7400659245211514
4267,79,88,LAE,2.040141813764303
4268,79,91,LAE,2.4462127942081104
4269,79,87,LAE,2.81667568176985
4270,79,100,LAE,4.304856923029197
4271,80,81,LAE,0.966516110507573
4272,80,81,LAE,2.526118319205531
4273,80,81,LAE,15.017560952498373
4274,80,82,LAE,0.8609582587822213
4275,80,138,LAE,9.733904437930068
4276,80,90,LAE,18.127680085229265
4277,80,82,LAE,1.2098346686066628
4278,80,89,LAE,2.7276765409865518
4279,80,102,LAE,39.38401004781083
4280,80,81,LAE,2.2948167360740768
4281,80,88,LAE,2.5920801034068166
4282,80,81,LAE,1.0754808053033365
4283,80,81,LAE,2.7091148920007524
4284,80,81,LAE,2.9755336051717736
4285,80,84,LAE,2.277486410805733
4286,80,96,LAE,5.080812162011162
4287,80,81,LAE,1.0891378979240753
4288,78,88,LAE,4.178819167768352
4289,79,85,LAE,4.740886956293904
4290,79,101,LAE,10.260491413329191
4291,79,83,LAE,2.3077741319637126
4292,79,111,LAE,6.867966638086873
4293,80,83,LAE,1.6465327466614574
4294,80,82,LAE,43.85596619248755
4295,81,159,LAE,14.450325800533014
4296,81,90,LAE,2.5587572511581
4297,81,83,LAE,1.5871440654264313
4298,81,91,LAE,2.3912556875873565
4299,81,82,LAE,2.417144624189561
4300,81,89,LAE,2.2466083700908106
4301,81,89,LAE,2.160122582248507
4302,81,112,LAE,6.534382383072587
4303,81,92,LAE,2.8579241242824254
4304,81,91,LAE,2.0713495081434523
4305,81,92,LAE,2.9249788532385477
4306,81,113,LAE,6.7845817916648885
4307,81,91,LAE,2.549022103795646
4308,81,87,LAE,2.7145516997599817
4309,81,91,LAE,5.209863179341981
4310,81,104,LAE,5.016537185652414
4311,81,82,LAE,1.0405840535538466
4312,81,85,LAE,2.406208799634538
4313,81,121,LAE,6.64597361553318
4314,81,85,LAE,2.014567538930449
4315,81,89,LAE,2.538701697143513
4316,81,83,LAE,2.3566940576790834
4317,81,82,LAE,2.172449770794985
4318,81,86,LAE,3.7912401076227344
4319,81,118,LAE,6.582404528209694
4320,81,86,LAE,2.3124187838510286
4321,81,84,LAE,4.2399237039298985
4322,81,83,LAE,2.165118592503769
4323,81,82,LAE,1.0309769004514644
4324,81,87,LAE,2.7364088465637044
4325,81,82,LAE,1.8819265497512558
4326,81,82,LAE,2.6125691742111177
4327,81,86,LAE,2.6364896145230516
4328,81,82,LAE,1.4370353515593601
4329,81,89,LAE,2.54972340202199
4330,81,135,LAE,12.068011570858827
4331,81,83,LAE,1.5684451594742377
4332,81,95,LAE,3.2324791636936414
4333,81,97,LAE,7.749533024473496
4334,81,85,LAE,2.6779107170527414
4335,81,85,LAE,2.663770635166153
4336,81,88,LAE,5.182362438897943
4337,81,96,LAE,3.9351856520799795
4338,81,83,LAE,2.273656829083284
4339,81,86,LAE,2.545713265849677
4340,81,86,LAE,2.441893012372648
4341,81,99,LAE,3.663908760818358
4342,81,83,LAE,3.8388045549460337
4343,81,97,LAE,3.259707964441141
4344,81,90,LAE,4.683262216606823
4345,81,85,LAE,2.1018414523799254
4346,81,86,LAE,2.456493452606043
4347,81,90,LAE,2.6016704442336738
4348,81,84,LAE,2.3433682802863918
4349,81,94,LAE,4.864969445494242
4350,81,92,LAE,2.740173400123841
4351,81,83,LAE,2.4343868784109604
4352,81,85,LAE,1.763408050070539
4353,81,84,LAE,2.6265149402892227
4354,81,89,LAE,2.636638449405226
4355,81,89,LAE,2.475468333405282
4356,81,97,LAE,5.8240069937734305
4357,81,83,LAE,3.9954705578180207
4358,81,84,LAE,4.248368375754964
4359,81,85,LAE,1.7592235166352583
4360,81,90,LAE,2.652233607618626
4361,81,90,LAE,4.433550759714359
4362,81,82,LAE,8.633062710599672
4363,81,85,LAE,2.0980296753168988
4364,81,82,LAE,1.7569980881973324
4365,81,88,LAE,4.943755827881473
4366,81,89,LAE,2.4779986236472302
4367,81,82,LAE,3.3696179837432467
4368,81,89,LAE,2.4042477193635636
4369,81,89,LAE,4.230092547791609
4370,81,82,LAE,2.3414973625939917
4371,79,85,LAE,2.8266585057788154
4372,80,84,LAE,9.364744504795041
4373,80,89,LAE,1.8123035885753236
4374,81,83,LAE,2.2875281008462762
4375,81,83,LAE,51.98310184496058
4376,81,83,LAE,1.6198397798832962
4377,81,83,LAE,6.435562040025403
4378,81,103,LAE,4.358751145680943
4379,81,83,LAE,2.207037049231368
4380,81,83,LAE,2.8622213767251274
4381,81,84,LAE,1.992567138402238
4382,81,83,LAE,1.5392694393076178
4383,81,96,LAE,16.180460426524444
4384,81,91,LAE,2.528733609208113
4385,81,97,LAE,8.33193271931981
4386,81,85,LAE,16.108967861391193
4387,81,89,LAE,2.374635588899786
4388,81,92,LAE,3.637172399617253
4389,81,90,LAE,2.802134984164454
4390,82,90,LAE,2.4640198922083916
4391,82,85,LAE,2.8571998953391473
4392,82,85,LAE,1.9173821908855588
4393,82,93,LAE,7.918745045053108
4394,82,83,LAE,58.164752332102886
4395,82,89,LAE,4.099045755672317
4396,82,92,LAE,2.6761477553727433
4397,82,88,LAE,2.3268775358602127
4398,82,83,LAE,2.597304909334629
4399,82,91,LAE,2.5123843421440424
4400,82,90,LAE,2.564224786817777
4401,82,87,LAE,1.761311870151799
4402,82,91,LAE,2.284954977771251
4403,82,83,LAE,2.161528856158823
4404,82,98,LAE,3.9414419656711654
4405,82,83,LAE,2.561488485240053
4406,82,83,LAE,1.696664546859207
4407,82,85,LAE,1.9478640751889564
4408,82,86,LAE,18.751499690315363
4409,82,95,LAE,2.996819603954103
4410,82,85,LAE,3.1132810702887617
4411,82,84,LAE,1.9292470880113064
4412,82,106,LAE,4.275054997182489
4413,82,83,LAE,29.368921639182524
4414,82,96,LAE,5.428050710555349
4415,82,83,LAE,2.566264390615384
4416,82,83,LAE,2.003476443706652
4417,82,90,LAE,2.3626093564283894
4418,82,89,LAE,2.288220242420189
4419,82,86,LAE,1.760535336657427
4420,82,85,LAE,1.473846586155405
4421,82,84,LAE,2.5408079837572353
4422,82,90,LAE,2.27482181849944
4423,82,83,LAE,1.744475764604426
4424,82,95,LAE,3.0482285525918122
4425,82,89,LAE,1.6969919396776099
4426,82,90,LAE,2.7599372279397265
4427,82,83,LAE,5.114960354037802
4428,82,89,LAE,4.140245792348001
4429,82,83,LAE,2.5633734222138
4430,82,87,LAE,2.5730558322363297
4431,82,86,LAE,4.479087885120135
4432,82,98,LAE,5.125706512749152
4433,82,89,LAE,2.3130252253981802
4434,82,102,LAE,4.771808810655599
4435,82,97,LAE,3.3946045306070536
4436,82,85,LAE,2.79265625126058
4437,82,89,LAE,1.760286136046433
4438,82,96,LAE,5.530450494389671
4439,82,84,LAE,2.043027977857723
4440,82,89,LAE,2.3149170314019387
4441,82,83,LAE,5.334051222455013
4442,82,92,LAE,2.7350615116975554
4443,82,90,LAE,5.389853673063051
4444,82,119,LAE,8.548185952441845
4445,82,83,LAE,4.461465862507308
4446,82,87,LAE,2.5441478374008644
4447,82,83,LAE,1.9935755213898174
4448,82,84,LAE,2.503104938529496
4449,82,86,LAE,3.451162990588868
4450,80,84,LAE,2.4662111460066924
4451,80,84,LAE,1.7677807325976451
4452,81,95,LAE,4.006504416640026
4453,81,84,LAE,1.8680187090050466
4454,81,85,LAE,1.6085869990973929
4455,81,86,LAE,2.97388586823926
4456,82,84,LAE,1.3810416692752683
4457,82,84,LAE,2.4805300836874054
4458,82,87,LAE,2.425089661344343
4459,82,85,LAE,2.5021757967720477
4460,82,85,LAE,2.664596899440899
4461,82,85,LAE,1.9607371467726544
4462,82,84,LAE,2.321043293276908
4463,82,89,LAE,1.8129729940863035
4464,82,84,LAE,2.7077080693088003
4465,82,89,LAE,2.4357734837819103
4466,82,88,LAE,2.287470210187249
4467,82,89,LAE,2.6055678800332647
4468,83,87,LAE,1.3872184917089967
4469,83,85,LAE,1.0516489387635783
4470,83,85,LAE,1.2300744654299307
4471,83,92,LAE,3.334099072758213
4472,83,96,LAE,2.813731197537016
4473,83,89,LAE,18.257164800139037
4474,83,87,LAE,2.185154242198468
4475,83,85,LAE,2.080966683821874
4476,83,92,LAE,3.3220326485875273
4477,83,89,LAE,2.4524641865140477
4478,83,102,LAE,4.778601721588633
4479,83,89,LAE,2.2827031767693486
4480,83,84,LAE,1.1922069364884536
4481,83,84,LAE,2.4938012151832267
4482,83,88,LAE,2.360916585735914
4483,83,84,LAE,1.1725109356554941
4484,83,84,LAE,2.4274447432718484
4485,83,84,LAE,1.867886310082235
4486,83,84,LAE,0.714858115543673
4487,83,88,LAE,2.0666943974077383
4488,83,84,LAE,1.718448319311608
4489,83,90,LAE,2.641137343898041
4490,83,88,LAE,2.3901553681619854
4491,83,87,LAE,1.8641463842545636
4492,83,100,LAE,4.1612200865621745
4493,83,84,LAE,2.551886489650913
4494,83,90,LAE,2.033373762987004
4495,83,84,LAE,1.7195303103131498
4496,83,84,LAE,2.545374927363429
4497,83,85,LAE,2.806439332296385
4498,81,95,LAE,3.7904246823727306
4499,81,85,LAE,2.2832192506068307
4500,81,90,LAE,1.8729089441341882
4501,81,85,LAE,2.556067517668393
4502,81,109,LAE,4.746548420215193
4503,81,89,LAE,4.605198692256471
4504,81,85,LAE,3.512254472952371
4505,81,85,LAE,2.2944831824619034
4506,81,87,LAE,2.683203498367069
4507,81,85,LAE,2.275984171355581
4508,81,85,LAE,6.753782672680029
4509,82,87,LAE,2.326780053274156
4510,82,85,LAE,1.7101216946706739
4511,82,96,LAE,5.314750923136283
4512,82,104,LAE,5.085404607700924
4513,82,90,LAE,2.225268679206177
4514,82,103,LAE,4.199644727952295
4515,83,95,LAE,11.579424436654078
4516,83,87,LAE,1.4250159027329963
4517,83,90,LAE,2.3434683088380304
4518,83,85,LAE,4.951294582153166
4519,83,88,LAE,2.4806369596269175
4520,83,85,LAE,2.0514377579507928
4521,83,104,LAE,4.737515134306618
4522,83,91,LAE,2.453196121963443
4523,83,90,LAE,2.3736755085407975
4524,83,85,LAE,1.6673266228780113
4525,83,85,LAE,2.65066216640873
4526,83,85,LAE,1.2463841506097966
4527,83,89,LAE,2.4508290442217855
4528,83,93,LAE,2.098190274869428
4529,83,103,LAE,4.826564629399571
4530,84,88,LAE,2.208368749348676
4531,84,86,LAE,0.9986024132734942
4532,84,85,LAE,1.1039768985240126
4533,84,85,LAE,1.0361199607785265
4534,84,85,LAE,1.6875906618042018
4535,84,88,LAE,1.3766946124493764
4536,84,85,LAE,2.3399281281478594
4537,84,85,LAE,1.9828673883771233
4538,84,85,LAE,2.780319461012524
4539,84,89,LAE,1.9024261173169348
4540,84,90,LAE,2.2159251718170463
4541,84,86,LAE,1.0954776084091835
4542,84,87,LAE,2.215649724057788
4543,84,87,LAE,2.4254779608908676
4544,84,85,LAE,2.15071902412563
4545,84,89,LAE,1.3494229600166348
4546,84,85,LAE,2.406490210821596
4547,84,88,LAE,2.400744991382418
4548,84,85,LAE,2.1619629703894776
4549,84,85,LAE,40.19419891466921
4550,84,85,LAE,1.9492680174854102
4551,84,154,LAE,16.354210897842087
4552,84,90,LAE,2.0375763234420554
4553,84,85,LAE,2.1374553412325357
4554,84,86,LAE,2.544636560248242
4555,84,85,LAE,1.2447301129701527
4556,84,87,LAE,2.3682511568824
4557,84,85,LAE,2.3296951535905794
4558,84,88,LAE,58.316086992169566
4559,84,85,LAE,2.318790118065419
4560,84,100,LAE,3.01455885125692
4561,84,85,LAE,2.566897538978653
4562,84,85,LAE,1.7422385812525458
4563,84,85,LAE,0.9481025936052403
4564,84,85,LAE,2.209634918251992
4565,84,85,LAE,1.6174174891611701
4566,82,87,LAE,1.9050601773537827
4567,82,86,LAE,2.7068154942359213
4568,83,87,LAE,1.9740481452499286
4569,83,92,LAE,1.942814881480737
4570,83,90,LAE,4.946217596526539
4571,83,121,LAE,8.869707584955584
4572,84,132,LAE,9.856303666907825
4573,84,93,LAE,4.790748903441911
4574,84,94,LAE,2.2460656668728936
4575,85,88,LAE,2.6577715129933916
4576,85,89,LAE,2.2625106452507584
4577,85,87,LAE,1.5043971482193568
4578,85,88,LAE,1.5336793483641231
4579,85,87,LAE,2.259780270843619
4580,85,97,LAE,2.7357378475875063
4581,85,86,LAE,1.6539754797600155
4582,85,96,LAE,2.5594965064285686
4583,85,97,LAE,2.88347791459257
4584,85,86,LAE,1.8127438375081673
4585,85,89,LAE,1.895570565099971
4586,85,89,LAE,2.053915150038553
4587,85,142,LAE,17.802492031748518
4588,83,87,LAE,2.315082190136285
4589,83,87,LAE,3.2298766807951127
4590,83,123,LAE,6.239762843180259
4591,83,89,LAE,2.396054787572062
4592,84,87,LAE,1.6658728560220932
4593,84,102,LAE,4.257654706954876
4594,84,87,LAE,2.277599779182646
4595,84,87,LAE,2.363737767909475
4596,84,87,LAE,41.111836736174745
4597,85,87,LAE,1.0151627212269316
4598,85,87,LAE,2.22127318052813
4599,85,88,LAE,1.7791295742235158
4600,85,88,LAE,1.6166647483782026
4601,85,89,LAE,2.0989327686630173
4602,85,88,LAE,1.1411516695619317
4603,85,87,LAE,1.156012503216651
4604,85,87,LAE,2.457159899690708
4605,85,102,LAE,4.835103920608688
4606,85,87,LAE,3.7198978285351645
4607,85,88,LAE,2.4945163907669223
4608,86,91,LAE,1.6565243851909144
4609,86,88,LAE,1.1324270995253574
4610,86,88,LAE,1.5024944092538828
4611,86,89,LAE,1.9345494354395998
4612,86,96,LAE,2.5693836553356064
4613,86,91,LAE,1.7927810531370796
4614,86,92,LAE,1.6984926649785719
4615,86,87,LAE,2.043392399794901
4616,86,92,LAE,2.233079848761367
4617,86,88,LAE,1.475836176498212
4618,86,87,LAE,1.573534908625808
4619,86,92,LAE,1.608972716758233
4620,86,87,LAE,0.8762320058324531
4621,86,87,LAE,1.1621856969272732
4622,86,91,LAE,1.5306821501382437
4623,86,96,LAE,3.6909119372084183
4624,86,93,LAE,3.203459763187484
4625,86,87,LAE,1.1180780712930052
4626,86,87,LAE,0.9182974203474008
4627,86,89,LAE,2.6035643602417204
4628,86,96,LAE,4.528198291607392
4629,86,95,LAE,7.89053647961633
4630,86,91,LAE,1.822184964470027
4631,86,87,LAE,1.5877510254867264
4632,86,87,LAE,0.9002996518120585
4633,86,87,LAE,1.6919645963875247
4634,86,89,LAE,1.5109007946468929
4635,86,94,LAE,25.05545934577443
4636,86,87,LAE,0.8668212282347103
4637,86,89,LAE,2.004196161800935
4638,86,87,LAE,3.279194689426926
4639,86,90,LAE,1.915278245529263
4640,86,101,LAE,3.7809569717545117
4641,84,88,LAE,2.037427729929283
4642,84,88,LAE,1.8049165152057642
4643,84,91,LAE,4.7966135468422495
4644,84,89,LAE,1.4691602959401109
4645,85,91,LAE,1.5219317552651543
4646,85,88,LAE,3.916436150245675
4647,85,95,LAE,5.192708457943878
4648,85,98,LAE,2.9285483408753707
4649,85,91,LAE,9.309988136315107
4650,86,102,LAE,3.8172516907056924
4651,86,92,LAE,2.363747786066417
4652,86,97,LAE,2.1739534180684754
4653,86,89,LAE,1.8176524579922728
4654,86,88,LAE,1.239153332164048
4655,86,94,LAE,1.9198337463468536
4656,86,93,LAE,2.43261090678229
4657,86,89,LAE,1.784634450078504
4658,86,89,LAE,25.15792294410537
4659,86,104,LAE,3.6551374625019277
4660,87,94,LAE,2.080773065231007
4661,87,88,LAE,1.0364770039266507
4662,87,89,LAE,1.0292214151567645
4663,87,89,LAE,0.98092442496855
4664,87,89,LAE,1.570898308074401
4665,87,90,LAE,1.9014739659285158
4666,87,88,LAE,1.218374194024853
4667,87,112,LAE,7.768085280739998
4668,87,88,LAE,1.092230966661214
4669,87,96,LAE,4.420034554544912
4670,87,88,LAE,1.8085361872136752
4671,87,95,LAE,3.5407374909284144
4672,87,89,LAE,1.0738230746915622
4673,87,137,LAE,9.844866892818905
4674,87,133,LAE,13.18125856487981
4675,87,88,LAE,0.9694985992608998
4676,87,90,LAE,1.9626103896588454
4677,87,88,LAE,0.816177400126981
4678,87,89,LAE,1.8720390095863362
4679,87,95,LAE,3.856261919246254
4680,87,102,LAE,3.755418358644907
4681,87,102,LAE,4.630031526912921
4682,87,99,LAE,2.7869030627782916
4683,87,91,LAE,5.333545830033391
4684,87,99,LAE,2.924796035872996
4685,87,88,LAE,1.1496300217651771
4686,87,105,LAE,3.514811999256491
4687,87,91,LAE,2.2135772022686555
4688,87,88,LAE,1.08508097122714
4689,87,88,LAE,0.8425113711121115
4690,87,88,LAE,2.1111219133062953
4691,87,90,LAE,1.9917494384214796
4692,87,89,LAE,1.8244539275393208
4693,87,119,LAE,5.939066583426908
4694,87,88,LAE,1.9604569509678678
4695,87,145,LAE,9.800636615673218
4696,87,91,LAE,2.5666078353240596
4697,87,107,LAE,3.6578681123297914
4698,87,88,LAE,0.8907888873994788
4699,87,103,LAE,3.9602612111901196
4700,87,107,LAE,8.424691908074886
4701,87,96,LAE,5.227395209923164
4702,87,88,LAE,5.396603107818516
4703,87,88,LAE,2.0508603336470723
4704,87,96,LAE,6.934838999238648
4705,87,92,LAE,1.5851740592892074
4706,87,93,LAE,4.057185505187922
4707,87,89,LAE,1.8630206091706993
4708,87,88,LAE,0.9509969928234873
4709,87,88,LAE,1.1284390694544586
4710,87,96,LAE,2.7703203966259204
4711,87,88,LAE,3.631937978509315
4712,87,88,LAE,1.4748415663916457
4713,85,104,LAE,4.496193054674567
4714,86,97,LAE,3.2381393971663788
4715,86,102,LAE,3.9139261144103292
4716,86,89,LAE,4.080661165451931
4717,87,89,LAE,1.7048716397575214
4718,87,89,LAE,1.6149775996848674
4719,87,89,LAE,1.5099222289625547
4720,87,127,LAE,11.03815414332386
4721,87,92,LAE,1.5620590771644776
4722,87,92,LAE,2.149048794745291
4723,87,90,LAE,1.8962530032343714
4724,87,89,LAE,1.3472790316990015
4725,87,89,LAE,1.0592030902604062
4726,87,89,LAE,1.8344879991971537
4727,87,89,LAE,1.7332977552037216
4728,87,91,LAE,1.9453840092484753
4729,88,89,LAE,0.8181908116148752
4730,88,102,LAE,4.016614877100274
4731,88,92,LAE,1.9988389124029387
4732,88,134,LAE,16.48800571757199
4733,88,89,LAE,57.89963685117681
4734,88,102,LAE,3.0900813228726562
4735,88,89,LAE,2.0677973171568165
4736,88,91,LAE,1.4785324868962428
4737,88,91,LAE,1.5418750637846863
4738,88,102,LAE,4.543500265852325
4739,88,89,LAE,0.793361602898537
4740,88,92,LAE,4.425129784525975
4741,88,102,LAE,3.3439186767289875
4742,88,96,LAE,4.2651327408650905
4743,88,92,LAE,1.9303445354006636
4744,88,91,LAE,2.7487421671321575
4745,88,97,LAE,5.110284583329057
4746,88,100,LAE,3.9920508979290825
4747,88,89,LAE,1.6967635541201795
4748,88,89,LAE,4.748890344160084
4749,88,102,LAE,3.848695150680516
4750,88,89,LAE,2.091625690140715
4751,88,93,LAE,4.718791646896764
4752,88,90,LAE,1.126175571048217
4753,88,94,LAE,1.9383563803596315
4754,86,91,LAE,1.7450383641425415
4755,86,91,LAE,1.5500754448003708
4756,86,91,LAE,2.010460938988561
4757,86,107,LAE,3.867147593361338
4758,86,96,LAE,16.845396150983163
4759,86,90,LAE,2.5424073791377295
4760,86,90,LAE,5.577349786038406
4761,86,90,LAE,4.74303897097987
4762,87,90,LAE,4.057901487957884
4763,87,93,LAE,2.1121361032944312
4764,87,90,LAE,2.073217220680161
4765,87,97,LAE,4.0639426420909155
4766,87,98,LAE,2.971160506153888
4767,87,151,LAE,15.855983923489418
4768,87,96,LAE,2.4511341834202045
4769,87,96,LAE,47.03522804108439
4770,87,91,LAE,4.256813676192199
4771,87,104,LAE,4.360528856946702
4772,88,95,LAE,1.8894133165606968
4773,88,95,LAE,2.2558945615081467
4774,88,104,LAE,4.3659252141600335
4775,88,100,LAE,2.8787874034141074
4776,88,99,LAE,4.460506348062528
4777,88,94,LAE,2.013970370700343
4778,88,98,LAE,2.5915375081971876
4779,88,96,LAE,4.824110132799545
4780,88,92,LAE,1.5026841132289102
4781,88,96,LAE,2.83730616281255
4782,89,90,LAE,1.1628793481030704
4783,89,102,LAE,3.624966203029464
4784,89,97,LAE,4.497574521877632
4785,89,96,LAE,1.9199013515052366
4786,89,91,LAE,1.2254365917849768
4787,89,99,LAE,2.5569631421572767
4788,89,90,LAE,1.4678216396941237
4789,89,90,LAE,1.614729818763889
4790,89,96,LAE,1.8523206706567452
4791,89,102,LAE,2.818315870722846
4792,89,93,LAE,3.192608103550803
4793,89,117,LAE,8.809995094020564
4794,89,115,LAE,7.108261323061322
4795,89,91,LAE,2.01939628487639
4796,89,90,LAE,1.3040573131768902
4797,89,97,LAE,2.0290382746070903
4798,89,90,LAE,1.479266379566551
4799,89,90,LAE,0.9046676498509957
4800,89,91,LAE,1.6748831331606364
4801,89,103,LAE,3.5241326479608284
4802,89,98,LAE,4.511151747833084
4803,89,102,LAE,3.1988001256282943
4804,89,104,LAE,7.982849061434739
4805,89,93,LAE,2.001467174350696
4806,89,122,LAE,5.675111566182059
4807,89,102,LAE,3.5699144445476474
4808,89,105,LAE,4.2539077452583145
4809,87,100,LAE,2.5170854714376696
4810,87,91,LAE,2.1563422196681112
4811,87,91,LAE,1.4057044622169306
4812,87,95,LAE,2.527348544347542
4813,88,91,LAE,4.5216234155767046
4814,88,103,LAE,4.236350548176563
4815,88,92,LAE,1.878897563465197
4816,88,98,LAE,3.5890322501608938
4817,88,101,LAE,11.997431500837235
4818,89,91,LAE,1.5675027744732801
4819,89,98,LAE,3.28141018025787
4820,89,104,LAE,3.032788753232125
4821,89,95,LAE,42.31742952902742
4822,89,99,LAE,2.2787543893722604
4823,89,93,LAE,3.788367012288061
4824,89,91,LAE,2.671530433986504
4825,89,91,LAE,18.226833045062445
4826,89,91,LAE,20.777750853336133
4827,89,93,LAE,1.6510060470856938
4828,89,93,LAE,11.712662447268018
4829,89,94,LAE,1.8316422408439528
4830,89,91,LAE,1.0561195455948549
4831,89,91,LAE,2.2185310779279335
4832,89,94,LAE,2.7576290834960324
4833,89,91,LAE,1.8300325740030807
4834,89,107,LAE,3.494417830857981
4835,90,91,LAE,1.4202025931717936
4836,90,91,LAE,1.2564078320941574
4837,90,98,LAE,3.399565753696893
4838,90,92,LAE,1.108227887409728
4839,90,91,LAE,1.1107545311805367
4840,90,91,LAE,1.047475554098214
4841,90,104,LAE,3.2690331950313967
4842,90,94,LAE,2.041722026700719
4843,90,91,LAE,1.731983546258962
4844,90,95,LAE,1.5654593898426536
4845,90,96,LAE,1.9340681417586965
4846,90,95,LAE,1.7577423684201803
4847,90,91,LAE,0.8805365868915089
4848,90,95,LAE,1.721587503903554
4849,90,91,LAE,0.9513013154016663
4850,90,98,LAE,3.211542860585555
4851,90,91,LAE,1.4739093395462368
4852,90,91,LAE,2.19200803738497
4853,90,91,LAE,1.4890550404559846
4854,90,97,LAE,2.0356407266153256
4855,90,95,LAE,2.7593124484954927
4856,90,102,LAE,4.650299186128915
4857,90,91,LAE,1.359367998383676
4858,90,91,LAE,3.122351503013045
4859,90,102,LAE,2.7657727833126637
4860,90,102,LAE,3.1208629604892146
4861,90,94,LAE,1.9321955905195227
4862,90,91,LAE,1.4758456973341723
4863,90,100,LAE,2.4779083209173387
4864,90,100,LAE,2.3616584568325334
4865,90,91,LAE,0.910307904780485
4866,90,122,LAE,5.66270759232616
4867,90,100,LAE,4.118201386023698
4868,90,91,LAE,1.092850336989491
4869,90,92,LAE,1.620592542103066
4870,90,101,LAE,2.7797135666176143
4871,90,100,LAE,2.33467417182306
4872,90,108,LAE,6.865835322599306
4873,90,91,LAE,2.099368454436858
4874,90,91,LAE,4.143538294329372
4875,90,99,LAE,2.504116689314767
4876,90,97,LAE,2.028125547343198
4877,90,92,LAE,1.5566751591117656
4878,90,100,LAE,5.5692696252760125
4879,90,94,LAE,2.043281755542631
4880,90,91,LAE,1.0264223273139808
4881,90,94,LAE,11.366426473890105
4882,88,92,LAE,2.6915925743577263
4883,88,95,LAE,2.928105536709994
4884,88,98,LAE,5.7054448854694755
4885,88,96,LAE,4.875542767195344
4886,88,95,LAE,5.142544962142056
4887,89,95,LAE,2.571892015665829
4888,89,93,LAE,1.9349646887613596
4889,89,95,LAE,3.6864454043650507
4890,89,92,LAE,1.5611727114250589
4891,89,94,LAE,4.482411844893993
4892,89,92,LAE,2.24834247180781
4893,89,93,LAE,1.6837254185867563
4894,90,106,LAE,16.816352005331545
4895,90,92,LAE,3.235714113316554
4896,90,93,LAE,4.200347480197132
4897,90,106,LAE,14.476559837986132
4898,90,93,LAE,4.005430509552335
4899,90,105,LAE,4.375924591761669
4900,90,93,LAE,4.143750906950727
4901,90,92,LAE,1.4365672304096748
4902,90,100,LAE,5.929298054119401
4903,90,92,LAE,1.7394682735719966
4904,90,92,LAE,2.5554774570652836
4905,90,145,LAE,9.586489164230311
4906,91,119,LAE,5.2991184149127175
4907,91,92,LAE,1.1576969797105663
4908,91,96,LAE,2.014367653826606
4909,91,105,LAE,5.523663048373747
4910,91,122,LAE,5.556240720145032
4911,91,100,LAE,11.986231946380729
4912,91,92,LAE,1.38883721367651
4913,91,92,LAE,2.335105154026643
4914,91,92,LAE,1.6219121509648244
4915,91,101,LAE,5.351511769709036
4916,91,145,LAE,9.20121588940149
4917,91,93,LAE,2.7189788287494854
4918,91,98,LAE,6.200120104442266
4919,91,95,LAE,2.3136800871415333
4920,91,106,LAE,3.1669138555098333
4921,91,123,LAE,5.396304775467158
4922,91,97,LAE,2.8489284585125234
4923,91,93,LAE,1.7988871226646275
4924,91,94,LAE,1.5682028216843966
4925,91,95,LAE,2.469341354767381
4926,91,92,LAE,1.6489961085447384
4927,91,102,LAE,2.7469276952731376
4928,91,93,LAE,3.8181483631884032
4929,89,94,LAE,2.162859726762899
4930,90,99,LAE,3.938529285107791
4931,90,99,LAE,4.498750965581085
4932,90,100,LAE,2.798865253650198
4933,90,97,LAE,5.3220114445686955
4934,90,98,LAE,2.421509047786841
4935,90,110,LAE,6.1384643058336055
4936,90,103,LAE,5.21070454858886
4937,90,93,LAE,3.973563990033074
4938,90,93,LAE,1.7641511066137308
4939,91,93,LAE,1.4527144317157137
4940,91,108,LAE,3.3974538346673584
4941,91,97,LAE,5.419923649192335
4942,91,93,LAE,1.3033038694737162
4943,91,93,LAE,3.5730846957620104
4944,91,96,LAE,1.8865753132161178
4945,91,96,LAE,2.013954296414787
4946,91,100,LAE,2.201861547215383
4947,91,96,LAE,2.1550288890446856
4948,91,101,LAE,3.209692732245827
4949,91,93,LAE,3.3381677988360177
4950,91,95,LAE,1.7074103418143391
4951,91,98,LAE,3.026917278366742
4952,91,97,LAE,7.311805426496615
4953,91,104,LAE,2.806251516027077
4954,91,101,LAE,4.253529701191257
4955,91,95,LAE,1.455748323149097
4956,91,97,LAE,1.847787455412414
4957,91,93,LAE,1.938023142303478
4958,91,104,LAE,2.8245731553044666
4959,91,93,LAE,3.88430426111261
4960,92,95,LAE,1.1188577322229107
4961,92,130,LAE,11.69840008794952
4962,92,93,LAE,0.8867621255186282
4963,92,94,LAE,1.2830496187951876
4964,92,93,LAE,0.9678203895469232
4965,92,93,LAE,8.335960231574639
4966,92,93,LAE,0.8199380916383239
4967,92,95,LAE,2.027348538401876
4968,92,96,LAE,1.833016898469126
4969,92,93,LAE,25.502296816409885
4970,92,99,LAE,2.3069815318150884
4971,92,93,LAE,1.9069844944076462
4972,92,99,LAE,4.1156635747472
4973,92,98,LAE,6.599516250059115
4974,92,95,LAE,3.1132011147881684
4975,92,94,LAE,1.4230182257956108
4976,92,103,LAE,2.595739292202738
4977,92,94,LAE,1.6611365493985368
4978,92,107,LAE,2.892104218408249
4979,92,99,LAE,3.8483289586765568
4980,92,93,LAE,1.728219829221976
4981,92,95,LAE,2.574326201317591
4982,92,99,LAE,3.2996036773964
4983,92,102,LAE,5.693643230855619
4984,92,96,LAE,1.4555826890729084
4985,92,104,LAE,5.527490960101663
4986,92,97,LAE,2.676684167062608
4987,92,100,LAE,4.055720089625122
4988,92,93,LAE,1.6111264260782787
4989,92,93,LAE,3.5740610448435604
4990,92,103,LAE,2.9527040718882387
4991,92,102,LAE,2.475309891843271
4992,92,93,LAE,4.060012904540607
4993,92,103,LAE,22.217117139704396
4994,92,95,LAE,3.2070198340973675
4995,92,96,LAE,4.376569303933413
4996,92,101,LAE,3.8518902350876134
4997,92,95,LAE,4.00695877954597
4998,92,119,LAE,13.48968828534196
4999,92,93,LAE,1.44478440315188
5000,92,111,LAE,4.0078884892173035
5001,92,103,LAE,2.7103571597541936
5002,92,93,LAE,0.7712978904215257
5003,90,99,LAE,2.303852550800171
5004,90,97,LAE,2.004164674277216
5005,91,102,LAE,2.5906606035634927
5006,91,94,LAE,1.8032690382108771
5007,91,94,LAE,2.2582731362373627
5008,91,96,LAE,17.159516365762595
5009,91,162,LAE,11.14223012100174
5010,91,94,LAE,3.0701309716579877
5011,91,96,LAE,1.7518158680681926
5012,91,98,LAE,1.5365512667506263
5013,92,97,LAE,4.740981347208151
5014,92,96,LAE,1.4704731498954322
5015,92,97,LAE,1.69949668244952
5016,92,105,LAE,3.8199790689127906
5017,92,95,LAE,1.578080742284227
5018,92,101,LAE,3.2840827943261948
5019,92,95,LAE,1.5393978582683123
5020,92,107,LAE,5.495841330118974
5021,92,96,LAE,4.033004714045634
5022,92,117,LAE,6.459836954546262
5023,92,95,LAE,4.27876160567892
5024,92,101,LAE,3.737100831049414
5025,92,105,LAE,6.448462748312445
5026,93,99,LAE,2.0833432578088495
5027,93,94,LAE,1.4125926663791872
5028,93,96,LAE,1.5377849084698996
5029,93,94,LAE,0.807908408042814
5030,93,94,LAE,1.0433662436143945
5031,93,94,LAE,0.799962252555467
5032,93,94,LAE,2.196210979635759
5033,93,96,LAE,1.7770958662806609
5034,93,99,LAE,2.119720664536085
5035,93,98,LAE,8.98544520591151
5036,93,100,LAE,1.9632310075124568
5037,93,95,LAE,1.1993683309385406
5038,93,94,LAE,1.3601678005457565
5039,93,104,LAE,3.1784481221594008
5040,93,108,LAE,3.6940215224152477
5041,93,94,LAE,1.411735201413792
5042,93,95,LAE,1.4257392008588157
5043,93,95,LAE,1.673934809080314
5044,93,94,LAE,1.0884716677395767
5045,93,94,LAE,2.775894490991055
5046,93,106,LAE,6.987266564936708
5047,93,103,LAE,3.7736531603682035
5048,93,95,LAE,3.783804928142319
5049,93,94,LAE,0.8117452413829119
5050,93,105,LAE,5.614811019298439
5051,93,118,LAE,12.413012261995693
5052,93,109,LAE,4.013702531296915
5053,91,104,LAE,3.1873203082167176
5054,91,120,LAE,5.092353503767982
5055,91,123,LAE,9.268667365170769
5056,92,111,LAE,14.79617592928339
5057,92,101,LAE,2.986851270400194
5058,92,97,LAE,2.1795991197203204
5059,92,95,LAE,1.5417555380267816
5060,92,105,LAE,2.9544565525289297
5061,92,95,LAE,1.5149790826812854
5062,92,103,LAE,3.4613649951726546
5063,92,124,LAE,6.481667580847138
5064,92,95,LAE,3.8810515291390155
5065,92,95,LAE,3.5263888413768076
5066,92,95,LAE,2.277869390934501
5067,92,101,LAE,2.4036090382776156
5068,92,97,LAE,6.556456538188609
5069,93,95,LAE,1.5340878706388439
5070,93,95,LAE,1.07442074743366
5071,93,105,LAE,4.7803060948661695
5072,93,95,LAE,1.2249099785765885
5073,93,95,LAE,1.977688257157748
5074,93,96,LAE,41.03137786432779
5075,93,101,LAE,2.1552599753126978
5076,93,98,LAE,5.17643789930908
5077,93,102,LAE,2.4588173256258075
5078,93,95,LAE,1.4977015012578763
5079,93,95,LAE,1.4473973694056443
5080,93,175,LAE,23.816481068562773
5081,93,107,LAE,6.376557690382868
5082,93,95,LAE,2.4260544425404014
5083,93,95,LAE,1.9268096916068413
5084,93,95,LAE,6.144445994637536
5085,93,100,LAE,12.020769679137238
5086,93,95,LAE,4.190805183559723
5087,93,95,LAE,2.7161952697788507
5088,93,95,LAE,1.3277027615804573
5089,93,96,LAE,7.070663259712177
5090,94,100,LAE,1.605655022127743
5091,94,95,LAE,0.9209213391327943
5092,94,95,LAE,0.7632111441434964
5093,94,98,LAE,2.0131615747911664
5094,94,95,LAE,0.8947240261110709
5095,94,98,LAE,1.3472267182341917
5096,94,95,LAE,16.454237342280273
5097,94,95,LAE,1.0904971882555297
5098,94,95,LAE,0.7690183697050634
5099,94,96,LAE,1.4194607250687326
5100,94,95,LAE,2.7996707890670516
5101,94,95,LAE,1.2747990774029798
5102,94,102,LAE,3.8499888962010096
5103,94,101,LAE,3.4715404591076133
5104,94,101,LAE,2.9551858035524456
5105,94,95,LAE,1.208624893723022
5106,94,95,LAE,2.3154938966538574
5107,94,95,LAE,1.269524209140695
5108,94,95,LAE,1.0830528016992438
5109,94,95,LAE,1.7518300011088404
5110,94,96,LAE,1.49089136399491
5111,94,95,LAE,2.7334855553855
5112,94,104,LAE,2.6591780548962847
5113,94,98,LAE,1.6238379678238097
5114,94,95,LAE,0.8660293924048802
5115,94,99,LAE,3.5366543896027984
5116,94,95,LAE,0.8775225504795627
5117,94,102,LAE,2.202207273000258
5118,94,98,LAE,1.7905143937888715
5119,94,100,LAE,2.0671551602905156
5120,94,104,LAE,3.420101525629574
5121,94,95,LAE,1.2339140345701092
5122,94,96,LAE,3.692048096564381
5123,94,95,LAE,1.5255507334969323
5124,94,123,LAE,4.777210664250036
5125,94,98,LAE,2.284083804428181
5126,94,98,LAE,1.9745331503872066
5127,94,101,LAE,16.65799440868634
5128,94,102,LAE,3.290069282835021
5129,94,109,LAE,3.836277911738616
5130,94,95,LAE,0.9977380272252608
5131,94,96,LAE,3.210106556671398
5132,94,99,LAE,1.8834377574306767
5133,92,109,LAE,6.697537528888054
5134,93,96,LAE,2.132687622644577
5135,93,97,LAE,1.7974524603548607
5136,93,104,LAE,2.543917013596502
5137,93,103,LAE,3.6682336105253035
5138,93,96,LAE,5.140838594774318
5139,93,100,LAE,2.395982809671843
5140,93,108,LAE,4.066914147875635
5141,93,122,LAE,4.888888269785132
5142,93,96,LAE,3.138425812576284
5143,94,97,LAE,1.5312461772787964
5144,94,96,LAE,1.3185658361002577
5145,94,101,LAE,2.0341066995695725
5146,94,113,LAE,3.93627636253205
5147,94,107,LAE,2.9508500367079447
5148,94,100,LAE,2.0459973871616945
5149,94,97,LAE,1.1183032206798798
5150,94,122,LAE,5.271138736954472
5151,94,97,LAE,1.9903603018962521
5152,94,96,LAE,1.8157701204633048
5153,94,99,LAE,1.383220240412032
5154,94,104,LAE,2.6499626544372354
5155,94,97,LAE,1.1333659360916668
5156,94,98,LAE,1.6456627006011144
5157,94,99,LAE,2.3623562091885737
5158,94,97,LAE,1.4446801823034099
5159,94,97,LAE,1.4610403854490888
5160,94,104,LAE,3.0658868699029567
5161,94,105,LAE,2.5889753261619726
5162,94,99,LAE,1.6923773110685008
5163,94,99,LAE,2.2685180170259427
5164,94,127,LAE,8.134457996764333
5165,94,100,LAE,2.4637772876285924
5166,95,96,LAE,1.0683994358175701
5167,95,99,LAE,1.6272569336528337
5168,95,100,LAE,2.0768543670553425
5169,95,99,LAE,3.345410996000274
5170,95,102,LAE,3.308144206804291
5171,95,100,LAE,1.7182436914523191
5172,95,96,LAE,1.5693569881969467
5173,95,102,LAE,2.581244170067419
5174,95,102,LAE,5.867278298862316
5175,95,96,LAE,3.37512716824559
5176,95,96,LAE,1.3362262471311555
5177,95,96,LAE,0.9670163734730103
5178,95,174,LAE,14.108504196697115
5179,95,96,LAE,3.0632907402918867
5180,95,100,LAE,2.061229403678333
5181,95,109,LAE,4.922648532035882
5182,95,110,LAE,18.301048278014775
5183,95,96,LAE,1.7716188447770804
5184,95,107,LAE,7.054242383901001
5185,95,98,LAE,4.90959469425603
5186,95,107,LAE,13.177527746469796
5187,95,104,LAE,13.192168609846602
5188,95,96,LAE,1.0249852345980563
5189,95,97,LAE,0.9627085160605975
5190,95,104,LAE,2.4914473266165262
5191,95,122,LAE,5.1326218392472
5192,95,106,LAE,2.5006041471737914
5193,93,97,LAE,3.917983176355489
5194,94,97,LAE,1.653557381682105
5195,94,106,LAE,2.737973790889288
5196,94,102,LAE,3.443207932730276
5197,94,101,LAE,2.0805131659594243
5198,94,97,LAE,2.1250485361781664
5199,94,103,LAE,2.7677842206333003
5200,94,97,LAE,1.559455882772903
5201,94,102,LAE,3.572789714805545
5202,94,112,LAE,3.8869874887064393
5203,95,99,LAE,2.574261026631259
5204,95,104,LAE,2.4458497498596348
5205,95,97,LAE,1.8086400660240087
5206,95,101,LAE,2.0371668885643883
5207,95,121,LAE,5.020526336930125
5208,96,99,LAE,1.4429711501237696
5209,96,97,LAE,0.8460634196310783
5210,96,97,LAE,1.0415379287224005
5211,96,97,LAE,1.2049518019817103
5212,96,98,LAE,1.4601583272678862
5213,96,97,LAE,1.6108325413544615
5214,96,98,LAE,1.333745287071797
5215,96,104,LAE,2.8003837401034373
5216,96,108,LAE,2.5435108222080522
5217,96,108,LAE,2.3598244370156785
5218,96,98,LAE,1.267699213797962
5219,96,103,LAE,2.483707122296208
5220,96,111,LAE,3.7260829692602195
5221,96,102,LAE,2.1580681381940177
5222,96,97,LAE,1.4634497247929024
5223,96,97,LAE,1.5126819958493694
5224,96,106,LAE,2.4812773963694803
5225,96,105,LAE,2.554031320087937
5226,96,106,LAE,2.429402778555915
5227,96,100,LAE,2.02340778748305
5228,96,116,LAE,10.863131132177319
5229,96,97,LAE,1.0044429656205942
5230,96,97,LAE,1.2217370641173413
5231,96,99,LAE,2.466350914166587
5232,96,115,LAE,4.921903462619585
5233,94,100,LAE,1.7529886330650717
5234,94,98,LAE,2.787765049801699
5235,94,98,LAE,3.7760226696848584
5236,94,104,LAE,3.022852745350487
5237,94,101,LAE,2.334496001591317
5238,95,98,LAE,1.217147101745069
5239,95,98,LAE,3.629282610190575
5240,95,134,LAE,9.489825310198304
5241,95,100,LAE,2.63687152324631
5242,95,98,LAE,2.3858213557875705
5243,95,98,LAE,2.40737727305662
5244,95,120,LAE,8.194455804391788
5245,95,98,LAE,1.0191322974368935
5246,95,101,LAE,2.5388364778153285
5247,95,98,LAE,3.5768997616303477
5248,95,99,LAE,3.7158574534804045
5249,95,98,LAE,3.481237415145727
5250,95,102,LAE,6.553795599929422
5251,95,104,LAE,3.2663385176026636
5252,96,119,LAE,4.938982039152743
5253,96,98,LAE,1.6935833662972313
5254,96,101,LAE,3.98479172828644
5255,96,98,LAE,14.87565210348633
5256,96,98,LAE,1.1561196393102873
5257,96,100,LAE,1.4741707955860235
5258,96,98,LAE,1.187084293519926
5259,96,104,LAE,2.8282950945947647
5260,96,102,LAE,2.5935754908432336
5261,96,103,LAE,3.750841055708251
5262,96,101,LAE,4.889635806182414
5263,96,106,LAE,3.2747552783719764
5264,96,101,LAE,2.259091151018646
5265,96,111,LAE,3.396923087827298
5266,96,100,LAE,2.753360858800716
5267,96,101,LAE,2.30849926038519
5268,96,99,LAE,1.523019079557127
5269,96,98,LAE,1.3892760860878473
5270,96,98,LAE,1.7199810183662476
5271,96,103,LAE,2.2760397487778845
5272,96,102,LAE,1.9884567150069132
5273,96,103,LAE,2.968838956563332
5274,96,107,LAE,2.8748322075644634
5275,96,98,LAE,4.344393147183245
5276,96,100,LAE,1.5450532783866733
5277,96,103,LAE,3.0935214105313644
5278,96,101,LAE,3.277985616351543
5279,96,99,LAE,1.2497563375096337
5280,96,132,LAE,10.454743066985023
5281,96,102,LAE,3.2575681698340366
5282,96,106,LAE,10.425494121101732
5283,97,102,LAE,2.308668888929049
5284,97,100,LAE,1.9725236666319665
5285,97,98,LAE,1.1987089944659608
5286,97,100,LAE,1.7046679851054778
5287,97,98,LAE,20.152243233074046
5288,97,102,LAE,25.65409196082086
5289,97,102,LAE,1.634231492283826
5290,97,99,LAE,2.2814795960958563
5291,97,107,LAE,2.5485857287313314
5292,97,104,LAE,1.884203512863061
5293,95,103,LAE,2.64769988266748
5294,95,114,LAE,5.023677667385236
5295,95,99,LAE,1.9541344110135377
5296,95,99,LAE,2.6522604596721036
5297,95,107,LAE,9.71040346018385
5298,95,107,LAE,2.468917616863218
5299,96,100,LAE,1.4117149379326472
5300,96,100,LAE,2.0470269963002026
5301,96,104,LAE,4.080784953277353
5302,96,103,LAE,2.3539798202548914
5303,96,113,LAE,3.534239881173046
5304,96,107,LAE,3.3754843102634915
5305,96,172,LAE,16.815466972325364
5306,97,99,LAE,1.4010290847215474
5307,97,100,LAE,1.3531602373555514
5308,97,99,LAE,2.321380402660217
5309,97,110,LAE,2.923561999191517
5310,97,102,LAE,2.3199628351776305
5311,97,100,LAE,1.4549669106544376
5312,97,99,LAE,1.4618179121496113
5313,97,101,LAE,3.2683732813417383
5314,97,99,LAE,1.2187551686579816
5315,97,102,LAE,1.925513155528405
5316,97,99,LAE,1.6618421325563129
5317,97,104,LAE,4.509960119328396
5318,97,99,LAE,2.359738224879972
5319,97,99,LAE,6.252658044018459
5320,97,99,LAE,5.3217405308787455
5321,97,102,LAE,54.32560165787166
5322,98,103,LAE,1.6305719606832974
5323,98,100,LAE,1.3155877085554228
5324,98,99,LAE,0.7607504847410584
5325,98,99,LAE,0.9912810067795141
5326,98,104,LAE,1.9707202683705345
5327,98,99,LAE,0.721390452897511
5328,98,99,LAE,1.0219375227726104
5329,98,99,LAE,1.716437760390605
5330,98,104,LAE,3.0710290661555977
5331,98,99,LAE,0.8519991662174781
5332,98,99,LAE,1.1633727743739786
5333,98,100,LAE,2.4332934317472414
5334,98,100,LAE,1.5725782987676988
5335,98,108,LAE,2.5796206049781345
5336,98,139,LAE,7.880973236094873
5337,98,116,LAE,8.456372768678115
5338,98,100,LAE,1.0856503252540106
5339,98,103,LAE,1.7299896367940555
5340,98,100,LAE,24.533449821207196
5341,98,99,LAE,3.4142443668144344
5342,98,99,LAE,0.7408660872059882
5343,98,106,LAE,2.2747070163119254
5344,98,102,LAE,1.4209996222853258
5345,98,99,LAE,1.330590774640378
5346,98,104,LAE,2.7196889594163878
5347,98,99,LAE,2.255617543067677
5348,98,100,LAE,6.891323726446332
5349,96,113,LAE,8.335532857478755
5350,97,100,LAE,1.2619553779672694
5351,97,100,LAE,2.2164587747346447
5352,97,100,LAE,2.1696441150886785
5353,97,107,LAE,2.3486706174157974
5354,97,131,LAE,10.831655577079028
5355,97,100,LAE,2.4176236390945327
5356,98,108,LAE,2.6467129962050437
5357,98,107,LAE,2.5153811082730657
5358,98,137,LAE,7.681751462910612
5359,98,107,LAE,2.235892341036274
5360,98,127,LAE,8.142044520399562
5361,98,103,LAE,2.461547680959717
5362,98,104,LAE,5.258983864801579
5363,98,116,LAE,4.383671130788217
5364,98,102,LAE,3.662820165152163
5365,98,104,LAE,2.1302557471749504
5366,98,106,LAE,8.065974370496454
5367,98,112,LAE,7.043020763387577
5368,98,103,LAE,1.7434872995522621
5369,98,100,LAE,1.5642031633831686
5370,98,104,LAE,2.0771273379619815
5371,98,107,LAE,10.80810153024899
5372,98,107,LAE,2.6054339050101314
5373,98,100,LAE,6.32275731049125
5374,98,103,LAE,4.491221341755527
5375,99,104,LAE,1.7129851762758623
5376,99,100,LAE,1.0347691539975026
5377,99,106,LAE,2.319632318623948
5378,99,105,LAE,3.7268860033420133
5379,99,100,LAE,12.599956963006864
5380,99,113,LAE,4.293982767035538
5381,99,107,LAE,1.9903364420080367
5382,99,104,LAE,1.73597891804689
5383,99,100,LAE,2.3433039933864235
5384,99,102,LAE,9.96223420613117
5385,99,105,LAE,2.6528020916818607
5386,99,100,LAE,1.0290934145232253
5387,99,100,LAE,2.085051893497752
5388,99,100,LAE,1.368802136109542
5389,99,100,LAE,2.04803869434804
5390,99,102,LAE,1.266033208396325
5391,99,100,LAE,1.4695601604836963
5392,99,100,LAE,1.2020109781672956
5393,99,105,LAE,2.6051237733568198
5394,99,100,LAE,1.5043378276544743
5395,99,106,LAE,5.927639409890578
5396,99,102,LAE,1.3955341775664005
5397,97,101,LAE,7.1163515703445555
5398,97,101,LAE,56.75297080989644
5399,97,101,LAE,1.6178373928477576
5400,97,101,LAE,2.842101155970671
5401,98,101,LAE,2.1856500272690527
5402,98,101,LAE,3.4594006049352215
5403,98,101,LAE,6.753255540924072
5404,98,105,LAE,4.932294148340715
5405,98,101,LAE,2.183408056730968
5406,98,101,LAE,2.14663941437895
5407,98,101,LAE,4.795227234201641
5408,99,101,LAE,2.8166852273254612
5409,99,101,LAE,1.0992185207677387
5410,99,101,LAE,1.5874749778599897
5411,99,101,LAE,3.4047203549030067
5412,99,115,LAE,4.328580058140589
5413,99,112,LAE,3.2500906448603732
5414,99,101,LAE,2.839921526216575
5415,99,105,LAE,1.9410894323385897
5416,99,107,LAE,3.021811735516798
5417,99,101,LAE,2.6363086786577283
5418,100,103,LAE,1.8465303301500757
5419,100,104,LAE,1.8269037651590305
5420,100,105,LAE,3.393556759517897
5421,100,103,LAE,1.6144543223874073
5422,100,106,LAE,3.3740258845434363
5423,100,102,LAE,1.3462517377306653
5424,100,102,LAE,2.555714193288356
5425,100,102,LAE,2.058938777176717
5426,100,101,LAE,2.3012604938172747
5427,100,101,LAE,2.0621452193029586
5428,100,104,LAE,2.4789636427596
5429,100,103,LAE,1.4122870684428162
5430,100,102,LAE,3.046909153547282
5431,100,108,LAE,1.9935027080766663
5432,100,104,LAE,3.325752340069598
5433,100,111,LAE,3.046306508000062
5434,100,144,LAE,7.76835671725715
5435,100,108,LAE,2.111232515601878
5436,100,102,LAE,1.8315602564631224
5437,100,115,LAE,4.3117329091133305
5438,100,106,LAE,1.8862924022991452
5439,100,115,LAE,4.013573044843771
5440,100,107,LAE,2.0163319689578434
5441,100,101,LAE,1.2071531371766042
5442,100,101,LAE,4.767157365047685
5443,100,118,LAE,4.0254887428656945
5444,100,104,LAE,1.3049847465164748
5445,100,102,LAE,5.022251083682632
5446,100,107,LAE,1.6076167625310749
5447,98,110,LAE,3.344671648306742
5448,98,113,LAE,4.756097742857274
5449,98,111,LAE,3.6522269758782047
5450,98,102,LAE,1.8143110674318996
5451,98,102,LAE,2.649099736468891
5452,98,105,LAE,4.709384339860041
5453,98,102,LAE,1.647318172254834
5454,98,102,LAE,1.7069848557992806
5455,98,102,LAE,2.7062793486750496
5456,98,103,LAE,3.206163547247317
5457,98,141,LAE,10.923056319766685
5458,99,102,LAE,1.6082376791111548
5459,99,111,LAE,2.4485485167678758
5460,99,108,LAE,2.1068272245475352
5461,99,117,LAE,4.2362851628743305
5462,99,102,LAE,5.79092908548391
5463,99,108,LAE,3.7640431434444244
5464,100,107,LAE,2.04584399622509
5465,100,107,LAE,2.2221698569733497
5466,100,104,LAE,1.5689701094639634
5467,100,129,LAE,6.781738416530752
5468,100,106,LAE,1.7195251646018288
5469,100,102,LAE,7.115802486366921
5470,100,104,LAE,2.2317999042315635
5471,100,103,LAE,1.8006126237559337
5472,100,102,LAE,7.061940781557198
5473,100,106,LAE,2.374879660156156
5474,100,114,LAE,9.701247546722248
5475,100,120,LAE,5.071296751350743
5476,100,105,LAE,1.8128253506087115
5477,100,102,LAE,1.2531382210316055
5478,100,102,LAE,2.423762896729477
5479,100,102,LAE,1.06087443782879
5480,101,102,LAE,1.281423247134417
5481,101,102,LAE,1.9749881454124265
5482,101,105,LAE,2.2061800080829648
5483,101,106,LAE,1.8583343407413941
5484,101,104,LAE,1.7822714468742675
5485,101,107,LAE,1.5009173943300202
5486,101,102,LAE,1.0159077394562315
5487,101,102,LAE,2.4668743559837165
5488,101,102,LAE,2.7427488617694142
5489,101,108,LAE,3.351789988807723
5490,101,102,LAE,1.3117588805566778
5491,101,102,LAE,29.967274173808864
5492,101,102,LAE,2.2189080514077966
5493,101,104,LAE,2.86124919190861
5494,101,104,LAE,2.8703668908930537
5495,101,107,LAE,1.7858918634624406
5496,101,102,LAE,2.0933451404086285
5497,101,121,LAE,5.191849347653119
5498,101,109,LAE,2.577530676700349
5499,101,106,LAE,2.8396749465750855
5500,101,111,LAE,5.637438962617405
5501,101,102,LAE,2.462256533190308
5502,101,108,LAE,2.481258625046054
5503,99,117,LAE,3.827584193521158
5504,99,134,LAE,11.036921368250333
5505,99,116,LAE,9.372404214601874
5506,99,106,LAE,1.958024261293231
5507,100,107,LAE,2.024994995076102
5508,100,116,LAE,10.835798807169143
5509,100,118,LAE,6.141137160346144
5510,100,116,LAE,3.1358340790742183
5511,100,103,LAE,4.703262071120935
5512,100,105,LAE,2.5078165281338234
5513,101,135,LAE,7.303799284091884
5514,101,104,LAE,1.5700003952484376
5515,101,103,LAE,5.802700957371522
5516,101,103,LAE,1.1223702590437035
5517,101,112,LAE,13.108590754298971
5518,101,105,LAE,5.959115008008157
5519,101,124,LAE,5.2178295234645375
5520,101,106,LAE,18.50031225677653
5521,101,106,LAE,3.3754680724143844
5522,101,112,LAE,4.604179996434423
5523,101,104,LAE,1.6664546528670634
5524,101,116,LAE,6.32670492358837
5525,101,111,LAE,4.693374548626008
5526,101,104,LAE,3.4926046864252123
5527,102,103,LAE,3.081120991650556
5528,102,103,LAE,1.3990445915133805
5529,102,107,LAE,1.719121837914657
5530,102,113,LAE,3.362477655171568
5531,102,103,LAE,1.342751324344118
5532,102,103,LAE,1.140613678065016
5533,102,103,LAE,1.2228752325658463
5534,102,106,LAE,1.8002425239675308
5535,102,110,LAE,2.2113835469686114
5536,102,113,LAE,3.15457336785149
5537,102,111,LAE,2.541575107903859
5538,102,107,LAE,1.7721571315481288
5539,102,105,LAE,3.0528071977915374
5540,102,103,LAE,1.1180890154570704
5541,102,108,LAE,2.09259598198249
5542,102,106,LAE,1.5624520710332133
5543,102,108,LAE,5.036289286336267
5544,102,104,LAE,2.353347788421243
5545,102,115,LAE,2.9199078938360477
5546,102,103,LAE,2.769199059559931
5547,102,103,LAE,1.4574578877730542
5548,102,104,LAE,11.458465606595476
5549,102,113,LAE,3.625070298136773
5550,102,110,LAE,3.174537335690145
5551,102,108,LAE,2.7257330313908428
5552,102,137,LAE,7.014045739215931
5553,102,114,LAE,5.135013985047929
5554,102,106,LAE,1.6510986858539938
5555,102,120,LAE,6.683182268194095
5556,102,105,LAE,1.5238181287777075
5557,102,110,LAE,2.566818210857679
5558,102,109,LAE,2.2421267708111494
5559,100,104,LAE,1.3703791232388505
5560,100,104,LAE,2.09002735310425
5561,100,104,LAE,3.7049545327874607
5562,100,107,LAE,8.103401535176685
5563,100,116,LAE,5.124013179372104
5564,100,112,LAE,4.663078102748091
5565,100,106,LAE,6.826011930005003
5566,101,107,LAE,1.6723963571034883
5567,101,104,LAE,1.715823756412799
5568,101,104,LAE,1.924657529969174
5569,101,117,LAE,4.097231732599934
5570,101,104,LAE,4.273859824814338
5571,101,106,LAE,1.728110367389075
5572,101,104,LAE,1.9795837618899699
5573,101,104,LAE,2.3147263534871168
5574,101,104,LAE,4.388153190401445
5575,101,104,LAE,2.55431988073209
5576,102,107,LAE,2.8411574885034647
5577,102,107,LAE,4.051756037718122
5578,102,104,LAE,1.7823202901057051
5579,102,104,LAE,1.7423288156637482
5580,102,110,LAE,3.825492599799124
5581,102,104,LAE,1.1292000218751441
5582,102,140,LAE,12.936247055175706
5583,102,107,LAE,2.6775562758829934
5584,102,105,LAE,1.3504616667965856
5585,102,110,LAE,2.351068704786463
5586,102,104,LAE,4.007561182935443
5587,102,109,LAE,2.180681315846055
5588,102,118,LAE,3.8282034697978324
5589,102,107,LAE,2.3671538323829253
5590,102,104,LAE,1.3604426132063339
5591,102,104,LAE,2.429915642024902
5592,102,117,LAE,3.7156140684937444
5593,102,104,LAE,2.8221095647676777
5594,102,109,LAE,4.674489486593916
5595,102,104,LAE,5.111592672622068
5596,103,104,LAE,1.1231429708391176
5597,103,108,LAE,2.900406321705284
5598,103,108,LAE,2.807157960153764
5599,103,115,LAE,3.2876674616545407
5600,103,109,LAE,2.5999517411659876
5601,103,121,LAE,4.026806495507466
5602,103,114,LAE,4.742741431608841
5603,103,113,LAE,2.9948334601502697
5604,103,109,LAE,2.7149933710234735
5605,103,104,LAE,3.249100512752277
5606,103,106,LAE,2.575000728708103
5607,103,109,LAE,2.9709968444569363
5608,103,104,LAE,1.5290355878512603
5609,103,104,LAE,1.2424749349274018
5610,103,117,LAE,4.462383139511831
5611,103,122,LAE,3.9549613338717555
5612,103,104,LAE,1.3170811985666842
5613,103,118,LAE,3.477007349691579
5614,103,133,LAE,13.455222897046024
5615,103,111,LAE,2.527730015108576
5616,103,104,LAE,1.70376030484893
5617,103,114,LAE,8.495353349014817
5618,103,110,LAE,2.7061341701364623
5619,103,113,LAE,2.967853451004135
5620,103,104,LAE,13.978031229610812
5621,103,105,LAE,2.856203226746121
5622,103,104,LAE,2.1559919995101353
5623,103,107,LAE,2.754275020084135
5624,103,115,LAE,3.3635967090741814
5625,103,109,LAE,17.3695950074687
5626,103,104,LAE,1.3638108316172461
5627,103,109,LAE,2.9626963001884876
5628,103,106,LAE,1.5885955088802952
5629,103,106,LAE,1.2558758555131364
5630,103,109,LAE,2.9563823294534766
5631,103,109,LAE,3.1581305295478996
5632,101,110,LAE,2.951766032314649
5633,102,111,LAE,5.921115559155086
5634,102,105,LAE,4.125349365556045
5635,102,133,LAE,6.38852239694792
5636,102,105,LAE,1.320977034524967
5637,102,122,LAE,4.119880087422865
5638,102,108,LAE,2.8089952369700693
5639,102,141,LAE,7.954269993665451
5640,102,151,LAE,10.362446011705455
5641,102,105,LAE,3.5144494501816
5642,102,105,LAE,3.01397394408731
5643,102,123,LAE,13.984180619564913
5644,103,106,LAE,1.3927643656763176
5645,103,120,LAE,12.357243733539894
5646,103,113,LAE,3.237697346648096
5647,103,112,LAE,2.760473499599426
5648,103,158,LAE,12.562158486119682
5649,103,113,LAE,3.1804886422072984
5650,103,125,LAE,4.930006937137513
5651,103,105,LAE,1.727980086728505
5652,103,106,LAE,1.4677059462612005
5653,103,112,LAE,2.6132557138962693
5654,103,106,LAE,1.7286667069507062
5655,103,105,LAE,1.44418763608942
5656,103,105,LAE,2.8154216533512417
5657,103,125,LAE,4.786839434066693
5658,103,107,LAE,2.9307174781378187
5659,103,110,LAE,2.1779526704644265
5660,103,106,LAE,1.3773242261580523
5661,103,111,LAE,2.6782191123155186
5662,103,105,LAE,3.0307698412437216
5663,104,107,LAE,2.5389464120530527
5664,104,107,LAE,1.0251006574702701
5665,104,106,LAE,1.4647323021597107
5666,104,106,LAE,1.4150289039158865
5667,104,108,LAE,3.0058910838960338
5668,104,106,LAE,5.249873040656706
5669,104,118,LAE,4.074944792991565
5670,104,114,LAE,5.1151738805301274
5671,104,112,LAE,2.675769837614273
5672,104,115,LAE,2.960699333343501
5673,104,111,LAE,2.252665639977531
5674,104,156,LAE,12.096907550015246
5675,104,115,LAE,7.686485676122912
5676,104,108,LAE,3.15761007963891
5677,104,111,LAE,3.07071917110792
5678,104,107,LAE,1.686651182428573
5679,104,112,LAE,2.9255175165162277
5680,104,113,LAE,2.7127698419526554
5681,104,112,LAE,3.0543043363478457
5682,104,113,LAE,3.1086145887017653
5683,104,105,LAE,31.36995505549182
5684,104,111,LAE,2.8956434236261344
5685,104,105,LAE,3.913935853667163
5686,104,105,LAE,1.2109272105543165
5687,104,105,LAE,1.070613583216326
5688,104,105,LAE,35.59720905027953
5689,104,129,LAE,13.304635117846034
5690,104,111,LAE,2.7453344160832103
5691,104,112,LAE,2.59738231028198
5692,102,106,LAE,2.734157493073899
5693,102,109,LAE,2.875147224805714
5694,102,110,LAE,2.929297312620343
5695,102,111,LAE,2.47107836331898
5696,102,120,LAE,6.34263348826597
5697,102,106,LAE,1.6699799036371992
5698,102,111,LAE,9.536030088043827
5699,102,110,LAE,2.8011526175906933
5700,103,116,LAE,4.156413337124065
5701,103,114,LAE,3.280066035351459
5702,103,106,LAE,2.911442347572409
5703,103,106,LAE,2.691826842815034
5704,103,121,LAE,4.426959154911477
5705,103,114,LAE,9.469768121014638
5706,103,106,LAE,3.965265988895669
5707,103,115,LAE,3.281032889238592
5708,103,106,LAE,1.6737900705756625
5709,103,123,LAE,4.659965889480817
5710,104,110,LAE,3.15785661533309
5711,104,110,LAE,3.951350211102722
5712,104,109,LAE,54.105008201844186
5713,104,111,LAE,2.5861698114466
5714,104,121,LAE,4.293699058032348
5715,104,106,LAE,1.2968872449006628
5716,104,107,LAE,1.2873529523843075
5717,104,106,LAE,2.7870044811506682
5718,104,113,LAE,4.849650685809728
5719,104,106,LAE,2.093141852841552
5720,104,114,LAE,5.577093784381286
5721,104,107,LAE,1.7515480261898162
5722,104,115,LAE,5.359504678316461
5723,104,106,LAE,3.5358395100474556
5724,104,109,LAE,1.8520542739371
5725,104,113,LAE,5.818644620215182
5726,105,107,LAE,2.299191744327953
5727,105,111,LAE,2.43198612862543
5728,105,107,LAE,2.3188225452580697
5729,105,106,LAE,4.322914628372213
5730,105,111,LAE,2.429133683127734
5731,105,114,LAE,2.8779947145536
5732,105,118,LAE,3.4426594814516007
5733,105,110,LAE,1.9773500206414745
5734,105,106,LAE,1.9441626511258727
5735,105,120,LAE,5.022255337703963
5736,105,111,LAE,2.5974411800425736
5737,105,106,LAE,1.1754669606282193
5738,105,119,LAE,3.3756066888267404
5739,105,106,LAE,1.2339254915900904
5740,105,109,LAE,2.417400167525945
5741,105,111,LAE,2.2704705054469385
5742,105,114,LAE,2.9038422362981087
5743,105,109,LAE,2.3131325431278125
5744,105,119,LAE,15.30250087630902
5745,105,107,LAE,2.883216609519936
5746,105,120,LAE,27.004587970132597
5747,105,106,LAE,2.5838161896751055
5748,105,108,LAE,2.8848684503613504
5749,105,106,LAE,1.0843166737462797
5750,105,115,LAE,2.9074048437691253
5751,105,109,LAE,2.553157645443927
5752,105,109,LAE,3.0040887421144484
5753,105,106,LAE,3.0131015368653316
5754,105,110,LAE,3.8111107103392943
5755,105,106,LAE,1.04848341614786
5756,105,111,LAE,2.312234249337343
5757,105,112,LAE,2.387259855121553
5758,105,108,LAE,2.4675638191796225
5759,105,107,LAE,3.0290986259485138
5760,105,113,LAE,2.805793680072667
5761,105,107,LAE,2.669358965771745
5762,105,112,LAE,5.610526483859507
5763,105,106,LAE,2.2738468350087593
5764,105,109,LAE,1.5893647773770767
5765,103,113,LAE,4.114516855486716
5766,103,107,LAE,4.152448654709742
5767,103,107,LAE,11.013993368050853
5768,103,111,LAE,3.0621696688502675
5769,103,107,LAE,3.7726601647476286
5770,103,107,LAE,5.597944339103191
5771,103,113,LAE,11.407755889543196
5772,103,118,LAE,4.804569364435839
5773,103,122,LAE,3.7222799588031736
5774,104,107,LAE,3.8201708200794124
5775,104,107,LAE,1.6774972237175612
5776,104,111,LAE,3.0210230659906077
5777,104,116,LAE,3.156436765537365
5778,104,107,LAE,4.788787113961166
5779,104,121,LAE,3.7059489024415337
5780,104,112,LAE,5.751585167524739
5781,104,113,LAE,4.991254311104193
5782,104,109,LAE,3.116074657709933
5783,104,110,LAE,4.568886925162187
5784,104,107,LAE,1.7346025802346985
5785,104,115,LAE,3.113077241182972
5786,104,108,LAE,2.4387201932131584
5787,105,108,LAE,1.7065940656890657
5788,105,107,LAE,2.3329659693800378
5789,105,123,LAE,4.956321392441154
5790,105,107,LAE,1.8505815858543362
5791,105,107,LAE,1.6418782633321156
5792,105,107,LAE,1.3289630764551454
5793,105,108,LAE,1.295140193092619
5794,105,113,LAE,3.129931116991267
5795,105,108,LAE,2.9725777238835387
5796,105,120,LAE,4.034538668302796
5797,105,111,LAE,2.365256050556762
5798,105,110,LAE,3.1796337028369495
5799,105,107,LAE,2.498805439862423
5800,105,114,LAE,2.7889694232868183
5801,105,107,LAE,3.4742615682974294
5802,106,107,LAE,0.9584096074069475
5803,106,107,LAE,0.9510166325694772
5804,106,115,LAE,2.5262348052193877
5805,106,136,LAE,7.004256710683842
5806,106,107,LAE,2.2168626376837097
5807,106,137,LAE,6.730734630015471
5808,106,107,LAE,0.7464158376403479
5809,106,112,LAE,2.3293857750215303
5810,106,112,LAE,3.863833353047291
5811,106,109,LAE,2.516091954820885
5812,106,111,LAE,1.8682695595631595
5813,106,107,LAE,1.4932707652954735
5814,106,107,LAE,0.7116439941937864
5815,106,109,LAE,2.482596661869038
5816,106,107,LAE,1.3345006534609638
5817,106,111,LAE,2.7452097253379115
5818,106,112,LAE,2.3571256978557726
5819,106,109,LAE,2.306359897624682
5820,106,107,LAE,2.2662947242360256
5821,106,113,LAE,2.2050182319533778
5822,106,110,LAE,2.3249092494539143
5823,106,107,LAE,2.25383242127292
5824,106,110,LAE,4.789613832386095
5825,106,115,LAE,2.9583890820282885
5826,106,125,LAE,11.946120423068091
5827,106,112,LAE,2.2905908328889195
5828,106,107,LAE,1.5076280333046688
5829,104,110,LAE,5.233566343486184
5830,105,114,LAE,3.1000710497897206
5831,105,112,LAE,2.4380177149068767
5832,105,111,LAE,2.863774350884756
5833,105,113,LAE,2.614266682606801
5834,105,108,LAE,2.564932843727782
5835,105,119,LAE,3.2753453870386644
5836,105,124,LAE,4.090154994541191
5837,105,108,LAE,2.3497898574359692
5838,105,108,LAE,1.7442458307395112
5839,105,114,LAE,5.018987131917004
5840,106,108,LAE,1.1673827069291831
5841,106,109,LAE,1.4714586582386002
5842,106,109,LAE,1.46292607756238
5843,106,109,LAE,1.742241652592805
5844,106,114,LAE,2.493774392863873
5845,106,108,LAE,1.6940898048558908
5846,106,110,LAE,1.8158588455340843
5847,106,112,LAE,2.5117000713771733
5848,106,111,LAE,2.2671734100774192
5849,106,109,LAE,2.317726525080443
5850,106,109,LAE,2.085319605914156
5851,106,114,LAE,2.464829675821616
5852,106,111,LAE,1.780035334092568
5853,106,109,LAE,2.0510640369872557
5854,106,115,LAE,3.037744440584536
5855,106,108,LAE,1.8091621447599866
5856,106,110,LAE,2.242163003681933
5857,106,108,LAE,1.1333519812317807
5858,106,112,LAE,2.2541173527705394
5859,106,122,LAE,3.2351200436239393
5860,106,108,LAE,4.442864593832229
5861,106,113,LAE,2.812975265503076
5862,106,109,LAE,4.576220130485148
5863,106,119,LAE,3.747213224447432
5864,106,110,LAE,15.751888267906565
5865,107,108,LAE,1.0413523080637554
5866,107,108,LAE,1.0756877771778788
5867,107,108,LAE,1.5474164613797008
5868,107,109,LAE,1.8953572586944238
5869,107,109,LAE,2.6055411311380405
5870,107,125,LAE,4.202417679931111
5871,107,111,LAE,2.1630263594912416
5872,107,108,LAE,1.00407347925895
5873,107,108,LAE,1.8959407723392052
5874,107,115,LAE,3.1290684581270174
5875,107,116,LAE,3.3435319294672925
5876,107,108,LAE,1.3046913114124656
5877,107,112,LAE,1.8070644655785795
5878,107,108,LAE,1.8160212141260776
5879,107,115,LAE,2.6507406282677994
5880,107,111,LAE,2.849739522298262
5881,107,109,LAE,1.9627305335702725
5882,107,109,LAE,1.5520557393053163
5883,107,109,LAE,1.8390619681415106
5884,107,115,LAE,2.9124337772649946
5885,107,108,LAE,1.8559565844499475
5886,107,108,LAE,2.911591041204672
5887,107,117,LAE,4.275960835541333
5888,107,118,LAE,2.78988150703086
5889,107,113,LAE,2.92284638968888
5890,107,111,LAE,1.7339754950091353
5891,107,113,LAE,2.688977262098076
5892,107,111,LAE,1.730120113657426
5893,107,114,LAE,5.0691014081912265
5894,107,109,LAE,1.2823448164541977
5895,107,109,LAE,2.1181103134899297
5896,107,115,LAE,4.420301934579409
5897,107,113,LAE,2.1634195795847617
5898,107,111,LAE,2.378472283014241
5899,107,108,LAE,2.2718291394315018
5900,105,109,LAE,2.616659466164532
5901,106,111,LAE,3.6973628755621357
5902,106,113,LAE,2.2147034558249965
5903,106,114,LAE,2.1070830559798095
5904,106,109,LAE,3.220065356810749
5905,106,109,LAE,3.486847158917996
5906,106,109,LAE,5.388356922548591
5907,106,109,LAE,1.7990379913286811
5908,107,113,LAE,2.730154873695307
5909,107,111,LAE,2.7182886921443425
5910,107,114,LAE,3.6383471725690932
5911,107,112,LAE,2.1855443804413754
5912,107,113,LAE,2.295363092993878
5913,107,111,LAE,2.906729355356943
5914,107,110,LAE,4.175014521259405
5915,107,109,LAE,2.6423089200307706
5916,107,109,LAE,2.0582598602638678
5917,107,110,LAE,2.5349250177565836
5918,107,119,LAE,4.858554851376239
5919,107,129,LAE,12.091917341681416
5920,107,110,LAE,3.4416973708461445
5921,107,113,LAE,2.395062299362474
5922,107,145,LAE,6.828517806475476
5923,107,109,LAE,6.368675354885623
5924,107,113,LAE,1.9600366362713324
5925,107,109,LAE,2.1256625562983187
5926,108,123,LAE,2.9915271986314047
5927,108,122,LAE,8.641713835936022
5928,108,111,LAE,1.3932739473349842
5929,108,109,LAE,0.8886891009691602
5930,108,114,LAE,2.8563863758338566
5931,108,109,LAE,1.1475074716137024
5932,108,114,LAE,2.668932146408291
5933,108,121,LAE,3.1039494540099333
5934,108,129,LAE,5.045611296256993
5935,108,109,LAE,1.555441174583287
5936,108,112,LAE,2.260621314553272
5937,108,119,LAE,3.105057858573244
5938,108,110,LAE,3.2977038161122167
5939,108,112,LAE,1.7956336890362337
5940,108,113,LAE,1.9298518083339176
5941,108,111,LAE,1.6146122936270286
5942,108,176,LAE,15.038439159328538
5943,108,109,LAE,1.8674659253561545
5944,108,111,LAE,1.9171275797310041
5945,108,113,LAE,1.799656003440855
5946,108,115,LAE,1.9810069260458907
5947,108,122,LAE,3.0534427034235843
5948,108,116,LAE,3.0547419955405206
5949,108,113,LAE,1.852529420563595
5950,108,111,LAE,4.782687897623394
5951,108,109,LAE,1.9839120853894168
5952,108,113,LAE,7.35882968594872
5953,108,115,LAE,7.193338253004978
5954,108,111,LAE,2.169045531710538
5955,108,119,LAE,12.75440798390914
5956,108,111,LAE,1.1082310119590024
5957,108,177,LAE,11.766973294844082
5958,108,113,LAE,1.9931159916216095
5959,108,111,LAE,1.9231536803033658
5960,108,116,LAE,2.3613943121655674
5961,108,120,LAE,4.826492835668644
5962,108,112,LAE,4.110471708093022
5963,108,129,LAE,5.277739860551981
5964,108,112,LAE,1.92675142353372
5965,108,129,LAE,6.488400873217574
5966,106,114,LAE,2.737450811215204
5967,106,110,LAE,3.700802676773572
5968,106,112,LAE,2.8534418393959697
5969,106,112,LAE,3.097824160873776
5970,106,112,LAE,5.150642269300784
5971,107,114,LAE,3.3232157198700594
5972,107,115,LAE,2.8474104797668787
5973,107,110,LAE,2.48976212018069
5974,107,121,LAE,5.429620410896659
5975,107,117,LAE,2.6496840217631776
5976,108,113,LAE,2.9984801861907617
5977,108,114,LAE,3.1897332413400417
5978,108,113,LAE,2.177736850112034
5979,108,110,LAE,1.962581712937524
5980,108,110,LAE,4.059975358162526
5981,108,110,LAE,2.0824060254144134
5982,108,112,LAE,4.621215177414765
5983,108,111,LAE,1.77778927930071
5984,108,111,LAE,2.3040061791708015
5985,108,114,LAE,3.064193106783711
5986,108,114,LAE,3.7668099298782334
5987,108,110,LAE,2.06280228219611
5988,108,112,LAE,4.745358759911098
5989,108,112,LAE,2.0062783630127736
5990,108,110,LAE,2.173526703500793
5991,108,116,LAE,2.0478512702435423
5992,108,110,LAE,4.00518527779833
5993,108,115,LAE,3.412233549002483
5994,108,110,LAE,13.658500020529017
5995,108,112,LAE,1.6006798009997896
5996,108,110,LAE,1.660484951027017
5997,109,112,LAE,1.4731709478518713
5998,109,113,LAE,1.8895352517080912
5999,109,112,LAE,2.024681937542142
6000,109,110,LAE,2.8525575423982117
6001,109,110,LAE,1.8013865675217806
6002,109,114,LAE,9.08214656218598
6003,109,123,LAE,4.127514033425626
6004,109,126,LAE,4.269470403047026
6005,109,112,LAE,1.9910376535718761
6006,109,110,LAE,1.628910490679423
6007,109,111,LAE,13.090923664014849
6008,109,114,LAE,1.8818467464383417
6009,109,110,LAE,1.614903938272939
6010,109,110,LAE,1.3152278258191505
6011,109,144,LAE,6.659740204655825
6012,109,110,LAE,1.3837167512177262
6013,109,110,LAE,1.5793817839024626
6014,109,114,LAE,2.7524068911738464
6015,109,110,LAE,1.9370946231117376
6016,109,113,LAE,3.847471212251499
6017,109,110,LAE,1.6089693752829375
6018,109,127,LAE,4.227221503762317
6019,109,113,LAE,2.1062907719375246
6020,109,110,LAE,0.9569245079909602
6021,109,112,LAE,1.833499467726819
6022,109,120,LAE,3.525442027659803
6023,107,111,LAE,3.561567893461118
6024,107,111,LAE,4.634670851058713
6025,107,111,LAE,3.4709148004254122
6026,107,111,LAE,1.7469395022058747
6027,107,112,LAE,2.9544618137479697
6028,107,111,LAE,4.932857384082467
6029,108,111,LAE,2.1254966991634787
6030,108,128,LAE,4.339901411650584
6031,108,116,LAE,2.6046450812676603
6032,108,111,LAE,2.0152196119376495
6033,108,114,LAE,2.234689830679506
6034,108,111,LAE,1.8022336205434455
6035,108,181,LAE,14.131022388129622
6036,109,111,LAE,1.7227991603710717
6037,109,111,LAE,2.2505890057680618
6038,109,124,LAE,4.896868048654427
6039,109,112,LAE,2.250045636929384
6040,109,112,LAE,1.353996121694871
6041,109,111,LAE,18.903727451415538
6042,109,117,LAE,2.391969881246884
6043,109,113,LAE,1.876676822680899
6044,109,114,LAE,3.216673518890299
6045,110,124,LAE,3.1680654814641036
6046,110,115,LAE,2.118610087421071
6047,110,117,LAE,4.2163556193629255
6048,110,116,LAE,2.8249319823575902
6049,110,111,LAE,1.6260788460546942
6050,110,111,LAE,3.74187221824011
6051,110,128,LAE,6.22917044526491
6052,110,113,LAE,1.6776405269232613
6053,110,111,LAE,10.865614592999602
6054,110,119,LAE,2.43587299388233
6055,110,114,LAE,1.8490571555505522
6056,110,111,LAE,1.327998454363498
6057,110,112,LAE,1.316861393137159
6058,110,112,LAE,2.1758394808958124
6059,110,111,LAE,1.5983166187047828
6060,110,113,LAE,1.8168650726820754
6061,110,113,LAE,1.4867234412011343
6062,110,112,LAE,2.03188736574237
6063,110,113,LAE,1.4193743877503497
6064,110,113,LAE,10.03684065066843
6065,110,111,LAE,4.40338851702877
6066,110,146,LAE,7.596123520906109
6067,110,120,LAE,2.8652944409351924
6068,110,112,LAE,1.7300650921701473
6069,110,114,LAE,2.512526079334266
6070,110,113,LAE,2.457183951148385
6071,110,116,LAE,2.1443353718558757
6072,110,115,LAE,2.134389478960547
6073,110,111,LAE,2.875785190161839
6074,110,130,LAE,6.144928845494193
6075,110,111,LAE,1.8184117644862758
6076,110,117,LAE,2.3258555071574354
6077,110,113,LAE,1.041705118943219
6078,108,116,LAE,2.6049043019207505
6079,108,112,LAE,1.6047713184043566
6080,108,112,LAE,1.6197800862312985
6081,108,116,LAE,2.1982983710144213
6082,108,112,LAE,2.8138662054298167
6083,108,114,LAE,2.4236546152745198
6084,109,116,LAE,4.2498667118036755
6085,109,117,LAE,3.047453850209425
6086,109,113,LAE,2.076679412841821
6087,109,112,LAE,2.2837192867321705
6088,109,113,LAE,2.257438957407873
6089,109,119,LAE,6.594128272358806
6090,109,119,LAE,5.0050847572062205
6091,109,118,LAE,4.752233593273793
6092,110,115,LAE,1.829681670789964
6093,110,112,LAE,1.3135749704580608
6094,110,114,LAE,2.273112105604818
6095,110,112,LAE,2.492037856796145
6096,110,112,LAE,1.9787161500527475
6097,110,118,LAE,2.7658991731373854
6098,110,130,LAE,12.65263308925552
6099,110,121,LAE,2.911491471788385
6100,110,117,LAE,2.0864467359913412
6101,110,123,LAE,2.8438842805223965
6102,110,112,LAE,7.602137497202385
6103,110,112,LAE,1.7944988408796854
6104,110,115,LAE,2.858463228509418
6105,110,119,LAE,2.5745903614535313
6106,110,121,LAE,2.83050835271543
6107,110,112,LAE,1.4441787623788325
6108,110,144,LAE,6.028386256179495
6109,111,124,LAE,3.0959007825087173
6110,111,132,LAE,9.356568159821515
6111,111,112,LAE,3.2817177145668888
6112,111,114,LAE,4.248110967435759
6113,111,112,LAE,4.934108993907111
6114,111,122,LAE,2.8351908638292014
6115,111,114,LAE,1.6897140793258822
6116,111,127,LAE,4.544548843654967
6117,111,113,LAE,1.3235032922968935
6118,111,116,LAE,2.4322707561754853
6119,111,120,LAE,3.473488683500321
6120,111,117,LAE,2.0743386129083374
6121,111,118,LAE,5.730080136327169
6122,111,112,LAE,3.9132063682660623
6123,111,112,LAE,2.317657151731935
6124,111,125,LAE,3.5840137413386253
6125,111,116,LAE,3.6135579721283375
6126,111,112,LAE,4.146421847175662
6127,111,116,LAE,3.249652198837815
6128,111,119,LAE,4.245402145676046
6129,111,118,LAE,4.139989571423005
6130,111,115,LAE,2.188238765135939
6131,111,117,LAE,4.393901720236462
6132,111,114,LAE,1.585952076791115
6133,111,115,LAE,12.536769680479672
6134,111,145,LAE,12.534104752635331
6135,111,112,LAE,2.2159034367850947
6136,111,112,LAE,3.6205845962811383
6137,111,113,LAE,1.87892261600437
6138,111,118,LAE,2.0810336279414283
6139,111,112,LAE,4.580093995948343
6140,109,166,LAE,10.958287407914124
6141,109,120,LAE,3.91147338386729
6142,109,116,LAE,7.969249182301786
6143,109,115,LAE,4.037408096779179
6144,109,121,LAE,2.768106016731432
6145,109,114,LAE,1.8044408617364196
6146,109,176,LAE,11.328155276215394
6147,110,114,LAE,2.7944550709458857
6148,110,116,LAE,4.136992126054231
6149,110,113,LAE,8.839663845299025
6150,110,114,LAE,3.896776119831133
6151,110,116,LAE,7.795851544100385
6152,110,125,LAE,3.8665146419349607
6153,110,113,LAE,3.898900872467717
6154,110,113,LAE,1.90827453017019
6155,110,113,LAE,2.3906203078662585
6156,111,116,LAE,3.705170846038646
6157,111,122,LAE,2.6828608770015587
6158,111,113,LAE,1.7614652575048668
6159,111,115,LAE,8.812812650237731
6160,111,113,LAE,1.7535981697648675
6161,111,113,LAE,1.9007781752281823
6162,111,123,LAE,3.1865484027155753
6163,111,113,LAE,1.4923942607435237
6164,111,115,LAE,2.18862669844427
6165,111,118,LAE,2.4408284031015106
6166,111,114,LAE,5.305634866271059
6167,111,113,LAE,1.3054362388508867
6168,111,113,LAE,1.5043497606272982
6169,111,114,LAE,1.6970586307260846
6170,111,113,LAE,2.584381320889348
6171,111,119,LAE,4.901291151608537
6172,111,122,LAE,4.267790749719126
6173,111,122,LAE,2.6514635221046907
6174,112,115,LAE,3.4438137755792506
6175,112,113,LAE,1.528299522134881
6176,112,119,LAE,3.444412488776258
6177,112,119,LAE,3.391238788376505
6178,112,123,LAE,2.556685694034056
6179,112,116,LAE,2.0865481145779654
6180,112,116,LAE,3.4893128029609985
6181,112,126,LAE,3.685695482253413
6182,112,120,LAE,4.313776799970825
6183,112,129,LAE,4.3739617131057695
6184,112,115,LAE,1.9694087187729263
6185,112,126,LAE,3.6123957634935286
6186,112,120,LAE,2.5988591483181587
6187,112,116,LAE,1.781260354658972
6188,112,127,LAE,5.345979587528493
6189,112,115,LAE,3.3691692882990214
6190,112,131,LAE,4.3835192737776385
6191,112,116,LAE,2.081266678842069
6192,112,122,LAE,3.1566048409089875
6193,112,118,LAE,2.5245511114463994
6194,112,137,LAE,5.772259946749778
6195,112,113,LAE,1.996894308442929
6196,112,113,LAE,1.0579097539507087
6197,112,121,LAE,3.297739112964947
6198,112,113,LAE,4.277570690262536
6199,112,117,LAE,1.6697865312560494
6200,112,118,LAE,4.762966795047801
6201,112,117,LAE,1.910300333350252
6202,112,116,LAE,1.5745624750926053
6203,112,126,LAE,4.169602231716766
6204,112,117,LAE,2.564955037615302
6205,112,142,LAE,10.959322448025535
6206,112,113,LAE,1.315428764129491
6207,112,128,LAE,4.8656406154114915
6208,112,113,LAE,8.8659535611019
6209,112,140,LAE,5.583316906243518
6210,110,129,LAE,5.052123931486805
6211,110,116,LAE,3.9782623031623685
6212,110,114,LAE,2.4133316826707434
6213,110,114,LAE,2.399714242010359
6214,110,120,LAE,4.81805754375923
6215,110,118,LAE,4.415413141747549
6216,110,129,LAE,4.88724699026018
6217,111,114,LAE,2.1383138250697833
6218,111,115,LAE,3.856471592901857
6219,111,117,LAE,4.276241298326838
6220,111,114,LAE,3.1716480538548506
6221,111,116,LAE,4.176154072220582
6222,111,117,LAE,3.6406290885633736
6223,111,148,LAE,8.543887415402454
6224,112,114,LAE,2.550865511222946
6225,112,126,LAE,4.218946393902611
6226,112,115,LAE,3.4327172636783945
6227,112,119,LAE,2.730096976274635
6228,112,127,LAE,4.008021712483833
6229,112,121,LAE,4.588561682394189
6230,112,114,LAE,2.340668049873487
6231,112,119,LAE,2.9707919436299504
6232,112,124,LAE,4.073331016308788
6233,112,125,LAE,4.446786763972765
6234,112,114,LAE,3.1813929859094983
6235,112,118,LAE,5.815883468730112
6236,112,114,LAE,1.7806816677270407
6237,112,118,LAE,2.1409639627816475
6238,112,119,LAE,2.8334877171095747
6239,112,118,LAE,4.878620160532073
6240,112,117,LAE,3.367476023931459
6241,113,115,LAE,2.3443082015751466
6242,113,121,LAE,4.017424436337791
6243,113,115,LAE,1.5503441323106468
6244,113,116,LAE,1.4315134806113459
6245,113,128,LAE,3.8476904998960375
6246,113,114,LAE,1.9914551284882134
6247,113,127,LAE,4.0216486712755
6248,113,114,LAE,3.317648454749966
6249,113,130,LAE,4.502027626262111
6250,113,115,LAE,3.279607176260917
6251,113,118,LAE,3.84944304159954
6252,113,114,LAE,4.500319130257937
6253,113,118,LAE,1.812551781271784
6254,113,115,LAE,1.8437549014543302
6255,113,128,LAE,7.467301406857053
6256,113,115,LAE,1.2486960031128451
6257,113,122,LAE,3.561778001931956
6258,113,123,LAE,4.877068545948196
6259,113,116,LAE,1.969188482044777
6260,113,114,LAE,2.4948518420424963
6261,113,122,LAE,6.050531048806357
6262,113,114,LAE,14.312199624370306
6263,113,114,LAE,1.5111127411057386
6264,113,114,LAE,3.6398653095703244
6265,113,121,LAE,4.064928772915637
6266,111,124,LAE,4.114439267625205
6267,111,115,LAE,5.680043002774331
6268,111,115,LAE,2.209922110150232
6269,111,127,LAE,3.3223397805030674
6270,111,135,LAE,10.571754713217695
6271,111,120,LAE,2.887936451521294
6272,111,117,LAE,2.894589202541143
6273,112,127,LAE,4.670257073419143
6274,112,115,LAE,3.11321703959051
6275,112,116,LAE,3.5087945405479934
6276,112,147,LAE,7.306559451056616
6277,112,115,LAE,6.1580055896715375
6278,113,117,LAE,1.8090943968560802
6279,113,116,LAE,2.4895594007430137
6280,113,115,LAE,1.3977453029997289
6281,113,116,LAE,3.6048193388847016
6282,113,115,LAE,4.390817486162866
6283,113,115,LAE,19.970807104210625
6284,113,120,LAE,5.843802935707493
6285,113,121,LAE,2.519052170690064
6286,113,124,LAE,3.20485348971733
6287,113,145,LAE,5.958528575757022
6288,114,118,LAE,1.8836686507018991
6289,114,138,LAE,6.927537577309521
6290,114,123,LAE,3.0285000471335377
6291,114,121,LAE,4.086692328926658
6292,114,123,LAE,2.7632401954549177
6293,114,119,LAE,2.5110518829766746
6294,114,120,LAE,2.1374810934971133
6295,114,118,LAE,4.493384949031071
6296,114,117,LAE,2.1387504966900455
6297,114,115,LAE,3.531012924072074
6298,114,124,LAE,2.9965357418139513
6299,114,116,LAE,2.2212537532263585
6300,114,115,LAE,3.640499536890487
6301,114,116,LAE,1.8804457159215164
6302,114,120,LAE,2.851264435744759
6303,114,145,LAE,5.703992905862455
6304,114,116,LAE,1.6273559413288878
6305,114,115,LAE,1.4270531496741568
6306,114,115,LAE,2.0241731214878627
6307,114,127,LAE,4.167625262846163
6308,114,122,LAE,2.2169638559168803
6309,114,134,LAE,4.2336039924381295
6310,114,115,LAE,3.817284714311107
6311,114,118,LAE,3.024207779275598
6312,114,118,LAE,4.096971523405559
6313,114,115,LAE,1.2910607849539075
6314,114,124,LAE,5.403457068697222
6315,114,115,LAE,1.9212893686685255
6316,112,120,LAE,4.461231715126359
6317,112,116,LAE,3.908661593714191
6318,112,120,LAE,2.5911043792191113
6319,112,116,LAE,2.548321487362881
6320,112,116,LAE,2.6596456192456435
6321,112,116,LAE,2.4461961656827524
6322,112,118,LAE,4.467430110962816
6323,112,116,LAE,3.809612973609323
6324,112,121,LAE,4.637023509436873
6325,112,123,LAE,3.434574428000996
6326,113,121,LAE,3.601137958573265
6327,113,116,LAE,1.6107289966318439
6328,113,116,LAE,1.8368600245663556
6329,114,116,LAE,19.94862503806983
6330,114,116,LAE,4.100420522911518
6331,114,118,LAE,1.9276548962582054
6332,114,123,LAE,2.1964962275137694
6333,114,130,LAE,7.465967160497259
6334,114,116,LAE,2.2870287276770784
6335,114,125,LAE,3.3705428626231284
6336,114,117,LAE,2.6342390920374714
6337,114,145,LAE,5.71491854216032
6338,114,116,LAE,3.405256983266826
6339,114,119,LAE,3.0902568315332446
6340,115,123,LAE,3.8508254704310567
6341,115,116,LAE,1.2580959314652935
6342,115,118,LAE,3.0984615914391025
6343,115,116,LAE,1.303935776033731
6344,115,118,LAE,1.7882889057858027
6345,115,120,LAE,10.338636443524354
6346,115,121,LAE,3.8554370439869086
6347,115,116,LAE,1.1437731599728826
6348,115,117,LAE,3.8172398470897697
6349,115,118,LAE,3.9937018263808755
6350,115,117,LAE,2.1422994997533547
6351,115,121,LAE,7.714807193742579
6352,115,119,LAE,3.3605593726972764
6353,115,117,LAE,3.371484123912451
6354,115,124,LAE,3.6315180746130293
6355,115,116,LAE,1.4024859043283624
6356,115,123,LAE,4.175188715907883
6357,115,116,LAE,4.5515695954969875
6358,115,118,LAE,3.632235477999394
6359,115,123,LAE,4.732594791607307
6360,115,124,LAE,4.201521039179954
6361,115,119,LAE,2.1469713145293596
6362,115,122,LAE,2.0825072475108035
6363,115,118,LAE,4.28105988180257
6364,113,117,LAE,3.0115372708389834
6365,113,117,LAE,12.613530012026853
6366,113,131,LAE,4.361489449604549
6367,113,117,LAE,2.1843635200423956
6368,113,117,LAE,18.844036850829255
6369,113,132,LAE,6.67351321346875
6370,114,120,LAE,2.25703331009001
6371,114,128,LAE,7.353720617028849
6372,114,117,LAE,2.038823670411106
6373,115,118,LAE,2.0213711759584894
6374,115,135,LAE,6.480141127046011
6375,115,117,LAE,2.788376724633828
6376,115,120,LAE,12.999387804222968
6377,115,132,LAE,4.189399674895615
6378,115,120,LAE,5.643257861357109
6379,115,117,LAE,3.4488405541418565
6380,116,125,LAE,2.8378520613987535
6381,116,120,LAE,3.0051974553354874
6382,116,147,LAE,6.589386233161943
6383,116,118,LAE,1.8022184837633815
6384,116,117,LAE,1.971158960016919
6385,116,117,LAE,10.806505584272257
6386,116,117,LAE,3.464886236366351
6387,116,117,LAE,2.3352277255780294
6388,116,124,LAE,2.9985382200533786
6389,116,129,LAE,3.777600764232573
6390,116,117,LAE,4.800880605846178
6391,116,131,LAE,3.7849111128214967
6392,116,117,LAE,1.6462971851037382
6393,116,121,LAE,2.1605045606154802
6394,116,122,LAE,2.903580784442566
6395,116,120,LAE,3.8212891042738937
6396,116,125,LAE,2.694693474836193
6397,116,118,LAE,1.995027207981683
6398,116,119,LAE,3.3628926063375513
6399,116,117,LAE,1.2350164905350227
6400,116,117,LAE,3.6717319592111837
6401,116,117,LAE,1.6570928321250613
6402,116,119,LAE,1.9846080821617764
6403,116,117,LAE,1.334578998316893
6404,116,117,LAE,1.8968866034595175
6405,116,122,LAE,4.25997020884281
6406,114,123,LAE,7.353208766349501
6407,114,119,LAE,2.2694966537368835
6408,114,118,LAE,2.2709290067469623
6409,115,127,LAE,3.9580287529465648
6410,115,122,LAE,3.6824340456420965
6411,115,118,LAE,3.7896221040646725
6412,115,130,LAE,10.687129053616443
6413,115,145,LAE,7.967235591855919
6414,115,119,LAE,2.2638028604959115
6415,115,118,LAE,11.939787363441953
6416,115,145,LAE,5.605601166160303
6417,115,118,LAE,5.698796555410046
6418,116,118,LAE,2.001226376256679
6419,116,118,LAE,3.674081428493824
6420,116,122,LAE,2.151624266581139
6421,116,121,LAE,2.1843158942286895
6422,116,131,LAE,3.797824029174456
6423,116,118,LAE,2.1377387441722
6424,116,124,LAE,3.5236033800694484
6425,116,129,LAE,6.202836488752219
6426,116,125,LAE,3.0844019218255094
6427,116,118,LAE,1.4734024214174322
6428,116,118,LAE,3.755591942260505
6429,116,133,LAE,6.972613263728811
6430,116,120,LAE,3.7170983196699052
6431,116,118,LAE,4.95544885123675
6432,116,130,LAE,3.7934522087675195
6433,117,125,LAE,3.457132096616311
6434,117,124,LAE,2.4805562688425242
6435,117,123,LAE,2.3476633083301173
6436,117,127,LAE,3.4757942833140802
6437,117,122,LAE,1.7812434153260994
6438,117,120,LAE,2.3809057155886606
6439,117,118,LAE,1.2120729273457693
6440,117,123,LAE,2.0324077259116327
6441,117,132,LAE,6.258665592688685
6442,117,127,LAE,3.834653805719398
6443,117,122,LAE,1.8825943063848964
6444,117,119,LAE,4.9427572427447375
6445,117,122,LAE,1.860709405253567
6446,117,120,LAE,1.5990908229282672
6447,117,118,LAE,1.2832774856307245
6448,117,118,LAE,3.6336073664469244
6449,117,118,LAE,3.6751411516781767
6450,117,120,LAE,2.1111345006293663
6451,117,120,LAE,1.9006709789659126
6452,117,118,LAE,1.7770139706680963
6453,117,122,LAE,1.9854163778231289
6454,117,135,LAE,6.257055308629307
6455,115,131,LAE,5.560548623262228
6456,115,119,LAE,1.9565431237408806
6457,115,127,LAE,2.90572065110963
6458,115,129,LAE,4.0269917653503375
6459,115,123,LAE,4.951799173961402
6460,115,119,LAE,4.08136020385162
6461,116,119,LAE,5.132525752660425
6462,116,122,LAE,9.49810676704639
6463,116,123,LAE,2.5731561226456834
6464,117,119,LAE,2.1737407182423842
6465,117,126,LAE,5.1186485285006995
6466,117,129,LAE,3.560354922836748
6467,117,119,LAE,3.541304507127242
6468,117,123,LAE,2.2566525957046393
6469,117,122,LAE,2.4131883362170723
6470,117,125,LAE,2.8063358168156753
6471,117,120,LAE,3.9331608778230067
6472,117,121,LAE,5.508170774016442
6473,117,130,LAE,3.5550185982480134
6474,117,121,LAE,6.428185627635787
6475,117,120,LAE,1.8501380733919885
6476,117,123,LAE,6.1638381710617125
6477,118,129,LAE,3.3724332199889613
6478,118,129,LAE,3.1856950693022017
6479,118,122,LAE,2.3626836378892078
6480,118,126,LAE,2.566699842528537
6481,118,121,LAE,3.4365557274759815
6482,118,129,LAE,3.359292858942229
6483,118,122,LAE,1.6175408370850997
6484,118,122,LAE,2.017866615676304
6485,118,119,LAE,1.6514458064997155
6486,118,126,LAE,3.4773676199197023
6487,118,119,LAE,5.04685817967041
6488,118,119,LAE,1.7003330958908927
6489,118,120,LAE,7.800913847154051
6490,118,119,LAE,1.7796763526502766
6491,118,119,LAE,3.15741733897777
6492,118,126,LAE,3.031671239830778
6493,118,121,LAE,1.4932145471440927
6494,118,123,LAE,2.230972291940244
6495,118,141,LAE,8.480799406789474
6496,118,119,LAE,1.1781017527489395
6497,118,119,LAE,2.99887985432831
6498,118,130,LAE,3.4582527861920394
6499,118,119,LAE,3.4375983637959466
6500,118,131,LAE,3.522861763666441
6501,118,122,LAE,2.635712839856685
6502,118,119,LAE,4.25178054130798
6503,118,119,LAE,1.5813256810251914
6504,118,145,LAE,5.0329319209506025
6505,118,126,LAE,3.218113842285381
6506,118,119,LAE,1.405368185586285
6507,118,119,LAE,10.276516466113076
6508,116,120,LAE,1.9589885341616826
6509,116,124,LAE,6.073841613926252
6510,116,129,LAE,3.625054781338545
6511,116,120,LAE,2.6532410552041124
6512,116,124,LAE,9.504992883715914
6513,116,121,LAE,3.5548285263769452
6514,117,120,LAE,1.6888314615714932
6515,117,120,LAE,5.499486783573269
6516,117,120,LAE,3.8253502358742653
6517,117,120,LAE,12.288342753662398
6518,117,120,LAE,3.866767094132387
6519,117,139,LAE,4.4973199620518
6520,117,120,LAE,3.5930259701366456
6521,118,121,LAE,1.7393975990527244
6522,118,121,LAE,2.5068099919571054
6523,118,121,LAE,1.8391028625015273
6524,118,128,LAE,2.79885501955598
6525,118,140,LAE,9.483646255225914
6526,118,120,LAE,2.470646420117541
6527,118,120,LAE,6.415353777483157
6528,118,120,LAE,2.040414281522429
6529,118,129,LAE,3.640875565168699
6530,118,120,LAE,1.665431221910472
6531,118,123,LAE,4.190023887392422
6532,118,123,LAE,4.390883154538708
6533,118,120,LAE,5.033933729536608
6534,118,127,LAE,5.124560656073717
6535,119,121,LAE,3.4616027703501415
6536,119,127,LAE,3.453285540740717
6537,119,123,LAE,1.7799495444174065
6538,119,120,LAE,1.3877557161562695
6539,119,129,LAE,3.411406425445989
6540,119,133,LAE,12.170456792599902
6541,119,135,LAE,5.334579496055259
6542,119,129,LAE,3.2582509810422056
6543,119,125,LAE,5.187248653556212
6544,119,121,LAE,1.5612745651182365
6545,119,120,LAE,3.476439697698079
6546,119,120,LAE,1.8573325609011875
6547,119,120,LAE,3.8075268205311295
6548,119,128,LAE,3.513219754083677
6549,119,122,LAE,3.26362688582631
6550,119,123,LAE,3.266406882954373
6551,119,125,LAE,2.6401419036406204
6552,119,120,LAE,1.5406600106952675
6553,119,122,LAE,5.129936639732568
6554,119,125,LAE,5.72077322740016
6555,119,126,LAE,3.2098904823181735
6556,119,123,LAE,1.6179878315701397
6557,119,123,LAE,5.279785102454534
6558,119,124,LAE,3.6444324476094665
6559,117,121,LAE,3.649332548615075
6560,117,121,LAE,3.5133625419733905
6561,117,125,LAE,6.74773215327228
6562,117,121,LAE,1.9008742355714132
6563,117,121,LAE,3.2919846132267785
6564,118,121,LAE,4.625007200679558
6565,118,121,LAE,5.2182833301413964
6566,118,121,LAE,1.762690027574685
6567,118,129,LAE,3.221902988194904
6568,118,121,LAE,1.487126641839391
6569,118,122,LAE,2.1991187063542847
6570,118,127,LAE,4.754411697277927
6571,118,138,LAE,13.458215926953107
6572,118,121,LAE,9.265020458913863
6573,118,129,LAE,3.5669201548213176
6574,118,129,LAE,3.5698491483277963
6575,119,123,LAE,2.3395022560709435
6576,119,123,LAE,11.038419506475938
6577,119,121,LAE,2.6750220664249835
6578,119,121,LAE,5.155412663058575
6579,119,125,LAE,2.79833301623023
6580,119,128,LAE,4.621153703179381
6581,119,132,LAE,5.0321367348718695
6582,119,121,LAE,4.917835174293315
6583,119,121,LAE,5.7800505986986215
6584,119,122,LAE,5.594614053364266
6585,119,128,LAE,3.3010695750209034
6586,119,132,LAE,5.619804746276531
6587,119,121,LAE,2.6674982633206485
6588,119,125,LAE,3.4351409277435496
6589,119,145,LAE,10.634989201366173
6590,119,121,LAE,3.725781470742587
6591,119,121,LAE,2.3841433690179112
6592,119,124,LAE,2.4766883869265657
6593,119,130,LAE,3.2578767844725784
6594,119,125,LAE,6.012619878262843
6595,120,132,LAE,4.843286477556975
6596,120,134,LAE,5.67804310800284
6597,120,126,LAE,37.142562646277696
6598,120,123,LAE,1.3823125849755782
6599,120,126,LAE,9.834632003956091
6600,120,139,LAE,9.123748374904789
6601,120,121,LAE,1.462914430429168
6602,120,124,LAE,3.1894486058724363
6603,120,121,LAE,2.989031977864388
6604,120,127,LAE,2.2570347838216778
6605,120,121,LAE,3.5363833606229282
6606,120,123,LAE,1.3605423341225897
6607,120,121,LAE,1.8450227527068042
6608,120,129,LAE,2.854538735796144
6609,120,121,LAE,2.020043288779247
6610,120,122,LAE,4.411379552640617
6611,120,127,LAE,3.3128616305006844
6612,120,121,LAE,1.395536162027929
6613,120,121,LAE,1.5934503415197685
6614,120,123,LAE,1.312554248995533
6615,120,129,LAE,4.6388798848558475
6616,120,149,LAE,10.244748793849029
6617,120,121,LAE,1.3194574023887797
6618,120,130,LAE,2.7206758952461647
6619,120,125,LAE,7.674116702991987
6620,120,133,LAE,5.976602873923052
6621,120,122,LAE,4.85665099735778
6622,120,125,LAE,3.0903776321639183
6623,120,121,LAE,4.737423745262438
6624,118,126,LAE,3.3207755403830808
6625,118,122,LAE,6.22076039717656
6626,118,122,LAE,10.051490512871933
6627,118,127,LAE,8.734518974417623
6628,119,127,LAE,2.2725167360822303
6629,119,124,LAE,4.154879863761018
6630,119,146,LAE,4.797276778901572
6631,119,127,LAE,5.677988112398421
6632,119,129,LAE,5.00397705034207
6633,119,123,LAE,1.4414452801444795
6634,119,123,LAE,2.6244725963562843
6635,119,122,LAE,4.146507933525569
6636,119,122,LAE,1.826156493249082
6637,119,129,LAE,3.110831148569436
6638,119,134,LAE,6.320396954380897
6639,119,140,LAE,5.7914187914656186
6640,120,122,LAE,1.330551125965637
6641,120,133,LAE,3.80542782857868
6642,120,133,LAE,5.236366674212954
6643,120,125,LAE,12.790558900753398
6644,120,136,LAE,5.539832774496635
6645,120,131,LAE,3.4297080214053315
6646,120,126,LAE,3.2015693136630867
6647,120,123,LAE,2.2176423972279977
6648,120,127,LAE,3.0920144568689683
6649,120,131,LAE,5.3930975828335885
6650,120,136,LAE,5.594952850304332
6651,120,133,LAE,5.594417755728518
6652,121,122,LAE,1.276157086822203
6653,121,125,LAE,2.0070202666580843
6654,121,123,LAE,1.3268792907803852
6655,121,123,LAE,1.5988176091900783
6656,121,122,LAE,11.430103229268058
6657,121,131,LAE,3.020916572498591
6658,121,135,LAE,4.542155057958326
6659,121,131,LAE,3.1593880987806444
6660,121,136,LAE,4.5145285649788205
6661,121,124,LAE,4.034030713396039
6662,121,125,LAE,2.219975600730864
6663,121,135,LAE,3.779199129107079
6664,121,127,LAE,2.4838319710988395
6665,121,122,LAE,2.068300626697098
6666,121,139,LAE,4.37742814421889
6667,121,122,LAE,1.1780987280312052
6668,121,128,LAE,2.601411982931047
6669,121,122,LAE,4.700366067090143
6670,121,127,LAE,2.9665041988650147
6671,121,125,LAE,2.236923346069962
6672,121,128,LAE,6.401228478376169
6673,121,126,LAE,5.114163712609285
6674,121,127,LAE,2.242766178067679
6675,121,124,LAE,1.5162222961617764
6676,121,124,LAE,4.674125876959011
6677,121,127,LAE,2.035763660952905
6678,121,122,LAE,4.560269813818242
6679,121,127,LAE,2.2729996501303926
6680,121,132,LAE,3.3143983912683685
6681,121,123,LAE,2.6541090362843707
6682,121,124,LAE,3.194293885201049
6683,121,132,LAE,4.0018225638628415
6684,121,122,LAE,1.5361447903855099
6685,121,123,LAE,1.2599814133858864
6686,121,122,LAE,3.9753060901611508
6687,121,122,LAE,4.409652155753245
6688,121,127,LAE,3.9658847240729145
6689,119,126,LAE,5.627162873922006
6690,119,123,LAE,5.541347370613023
6691,119,123,LAE,4.263647245612997
6692,119,123,LAE,3.0911152758558345
6693,120,127,LAE,3.6272971908556166
6694,120,126,LAE,6.013429666471567
6695,120,124,LAE,5.385444296987129
6696,120,125,LAE,6.644087437733979
6697,120,127,LAE,4.785095126417481
6698,120,123,LAE,1.3580457580617624
6699,120,123,LAE,2.7887918444136934
6700,120,130,LAE,3.5574607741727022
6701,120,123,LAE,5.44313691383103
6702,120,142,LAE,5.166104951729972
6703,120,127,LAE,2.671761375642963
6704,120,123,LAE,3.9001283453905877
6705,121,128,LAE,3.0531014052142313
6706,121,124,LAE,5.667554352678604
6707,121,123,LAE,1.6296466969289558
6708,121,123,LAE,2.2478051699163037
6709,121,130,LAE,5.170777369808651
6710,121,123,LAE,1.2170235835018504
6711,121,129,LAE,2.542746838229265
6712,121,127,LAE,4.2407587401775375
6713,121,127,LAE,2.4570634665697706
6714,121,128,LAE,2.3749427165330173
6715,121,125,LAE,5.645065431489806
6716,121,128,LAE,3.185859512767296
6717,121,124,LAE,5.859585656237267
6718,121,123,LAE,1.614370508375645
6719,121,141,LAE,6.28569530483519
6720,121,132,LAE,5.944938069313371
6721,121,123,LAE,7.147266396960059
6722,122,124,LAE,1.551114095681205
6723,122,123,LAE,3.575053459824444
6724,122,126,LAE,4.982473764997501
6725,122,131,LAE,6.140950126661709
6726,122,134,LAE,5.146431428640904
6727,122,131,LAE,4.914421104577379
6728,122,132,LAE,4.814728774743226
6729,122,131,LAE,6.1620270095622915
6730,122,131,LAE,2.5270287614558655
6731,122,123,LAE,5.353448727111662
6732,122,129,LAE,5.3968131040598175
6733,122,123,LAE,1.2430967992390318
6734,122,127,LAE,4.777011260079109
6735,122,126,LAE,4.069230171761077
6736,122,123,LAE,2.933691715642695
6737,122,135,LAE,4.347776867648508
6738,122,132,LAE,5.676613743851759
6739,122,123,LAE,4.214137783136127
6740,122,130,LAE,7.13108312048392
6741,120,124,LAE,4.49813819608919
6742,120,124,LAE,3.42562246523377
6743,120,127,LAE,3.667932969069505
6744,120,128,LAE,6.168368544734984
6745,120,127,LAE,4.477185811317763
6746,121,125,LAE,4.308804071739154
6747,121,124,LAE,3.062315172759835
6748,121,124,LAE,3.9338975688256417
6749,121,135,LAE,4.771240199954798
6750,121,130,LAE,2.9751905517571644
6751,121,128,LAE,4.2967625926380855
6752,121,129,LAE,4.9931746303996585
6753,121,125,LAE,2.1961934332403192
6754,121,124,LAE,1.8548938581534413
6755,121,124,LAE,5.102010142071794
6756,121,152,LAE,8.412664543091656
6757,121,126,LAE,4.333793886607559
6758,121,130,LAE,4.93558168351142
6759,122,124,LAE,1.2520399956064605
6760,122,124,LAE,4.947109083039666
6761,122,134,LAE,5.157011520169
6762,122,146,LAE,4.4349771939691
6763,122,135,LAE,5.290651211671322
6764,122,124,LAE,5.244110022422402
6765,122,128,LAE,4.791997871137838
6766,122,131,LAE,4.9160906543462195
6767,122,131,LAE,3.103557057233694
6768,122,124,LAE,1.5223385338219944
6769,122,124,LAE,2.4366134803112516
6770,122,125,LAE,6.517812257375338
6771,122,124,LAE,2.082921019877504
6772,122,130,LAE,3.125240219003456
6773,122,133,LAE,5.85360685200103
6774,122,153,LAE,5.617349009037623
6775,122,128,LAE,4.791579404587571
6776,122,124,LAE,4.045830191675207
6777,122,125,LAE,2.6902664128407823
6778,122,128,LAE,4.593643392248021
6779,123,124,LAE,3.6493169465064637
6780,123,130,LAE,5.132801897574097
6781,123,138,LAE,4.248902280092243
6782,123,131,LAE,4.8964701887379825
6783,123,127,LAE,4.861802450259891
6784,123,127,LAE,10.046934827378387
6785,123,124,LAE,1.513532625310904
6786,123,124,LAE,3.635275093763358
6787,123,132,LAE,5.589255258527932
6788,123,153,LAE,8.547063175140632
6789,123,126,LAE,4.914588333218435
6790,123,130,LAE,5.283778206500218
6791,123,124,LAE,10.203217664371046
6792,123,125,LAE,2.3375079231449245
6793,123,126,LAE,2.1024472561779177
6794,121,125,LAE,5.243714018561689
6795,121,126,LAE,2.3788813545560363
6796,121,130,LAE,5.033226716467364
6797,121,138,LAE,5.7115586671236125
6798,121,125,LAE,5.742095064147027
6799,121,125,LAE,4.64837737942053
6800,122,137,LAE,4.577468138165365
6801,122,129,LAE,5.333170019729028
6802,122,148,LAE,5.568815733807511
6803,122,129,LAE,7.818557529013663
6804,122,125,LAE,8.572130533275228
6805,122,132,LAE,6.09124236039312
6806,122,127,LAE,2.301587471543572
6807,122,125,LAE,3.0798557487599596
6808,122,126,LAE,5.41433953515445
6809,122,125,LAE,2.1229939846663624
6810,123,126,LAE,6.069382115453225
6811,123,130,LAE,2.7827302643307177
6812,123,133,LAE,5.103510395549018
6813,123,125,LAE,3.573183465818027
6814,123,130,LAE,2.341538434708815
6815,123,125,LAE,1.3743417786561338
6816,123,139,LAE,5.636948027113784
6817,123,125,LAE,1.877883230771475
6818,123,128,LAE,2.7466827221596217
6819,123,129,LAE,4.395028283513492
6820,123,129,LAE,5.995115047584627
6821,123,137,LAE,4.106177229219493
6822,123,125,LAE,2.6891533224447843
6823,123,132,LAE,10.168195652007
6824,123,132,LAE,6.000523001591762
6825,123,125,LAE,3.8501773899583247
6826,123,125,LAE,1.1560487806824746
6827,124,126,LAE,4.256779392021788
6828,124,126,LAE,4.290412773793706
6829,124,130,LAE,3.208304239140082
6830,124,137,LAE,5.083934955943323
6831,124,130,LAE,4.895081503586129
6832,124,129,LAE,4.857454878488918
6833,124,125,LAE,1.6511249045971335
6834,124,132,LAE,2.397652053981531
6835,124,125,LAE,3.9171990137473287
6836,124,136,LAE,3.9536877926918903
6837,124,127,LAE,3.9327251255460967
6838,124,131,LAE,3.4386787420506044
6839,124,125,LAE,3.7885231568544713
6840,124,144,LAE,4.295553880454473
6841,124,143,LAE,5.549671794669024
6842,124,125,LAE,4.8529221105284295
6843,124,127,LAE,4.782059871327405
6844,124,128,LAE,2.5667554823997767
6845,122,126,LAE,4.393259650787158
6846,122,174,LAE,9.9356694153799
6847,122,126,LAE,4.978481731408306
6848,122,129,LAE,4.153833249297822
6849,122,126,LAE,5.298724478721924
6850,122,132,LAE,4.379090799361413
6851,122,126,LAE,4.508044325245179
6852,123,126,LAE,4.292114610200694
6853,123,127,LAE,5.553506473853723
6854,123,133,LAE,5.122982298840277
6855,123,126,LAE,4.481988010705807
6856,123,126,LAE,4.277989670925902
6857,123,128,LAE,4.183882339536334
6858,123,126,LAE,4.217797948532586
6859,123,126,LAE,8.606255398026015
6860,124,129,LAE,2.474803377673984
6861,124,126,LAE,1.4947632320492021
6862,124,132,LAE,3.0230944518411214
6863,124,128,LAE,2.67532377974451
6864,124,126,LAE,4.193836398229577
6865,124,126,LAE,2.355221257846615
6866,124,127,LAE,1.7603599492846425
6867,124,131,LAE,3.3186828601981118
6868,124,135,LAE,3.6552099205385673
6869,124,126,LAE,4.323878456836589
6870,124,127,LAE,1.4323676139533799
6871,124,126,LAE,1.9622047342652265
6872,124,126,LAE,2.511401839629148
6873,124,126,LAE,5.181444650934613
6874,124,126,LAE,3.8215037547565944
6875,124,129,LAE,7.816824521215664
6876,124,130,LAE,11.563544806494289
6877,124,127,LAE,2.6862130420185766
6878,125,138,LAE,3.8530701406268304
6879,125,134,LAE,14.555315505856125
6880,125,126,LAE,4.799663950704828
6881,125,126,LAE,1.8914534758590278
6882,125,129,LAE,3.640380007660929
6883,125,131,LAE,5.355936388708288
6884,125,140,LAE,9.088008042056545
6885,125,132,LAE,5.487058082449558
6886,125,131,LAE,5.627657140145818
6887,125,132,LAE,2.819275996517932
6888,125,134,LAE,5.265684290015151
6889,125,131,LAE,5.2692594999785225
6890,125,136,LAE,5.765544459845471
6891,125,127,LAE,2.215672353172092
6892,125,132,LAE,2.4134649553436898
6893,125,126,LAE,3.842291280228091
6894,125,126,LAE,1.462689889286631
6895,125,126,LAE,11.872530931695463
6896,125,136,LAE,4.892205754329976
6897,125,126,LAE,3.8582902397491634
6898,123,131,LAE,5.432640655829922
6899,123,130,LAE,4.746563785622225
6900,123,127,LAE,5.173827138602805
6901,123,129,LAE,4.940008132176992
6902,123,132,LAE,11.0609690714821
6903,124,131,LAE,5.204856775110571
6904,124,135,LAE,5.158894284166457
6905,124,127,LAE,4.093597104809364
6906,124,127,LAE,2.4425870211005978
6907,124,128,LAE,11.03530757159072
6908,124,127,LAE,5.41665642747155
6909,125,127,LAE,3.9162668811056878
6910,125,131,LAE,5.7635857892213735
6911,125,127,LAE,4.870912649150801
6912,125,141,LAE,5.911963510024273
6913,125,127,LAE,4.528062745112283
6914,125,129,LAE,5.005724855357598
6915,125,129,LAE,4.680259619195681
6916,125,127,LAE,1.8800303431746967
6917,125,127,LAE,5.005252452558491
6918,125,133,LAE,4.752135219738669
6919,125,131,LAE,5.441032218128306
6920,125,155,LAE,6.9465135829197235
6921,125,129,LAE,1.9006416929194874
6922,125,127,LAE,6.036772341758587
6923,125,132,LAE,6.631256777045201
6924,125,127,LAE,4.30161718016392
6925,125,133,LAE,4.869974185272717
6926,125,138,LAE,5.817151877729565
6927,125,127,LAE,8.919825985985884
6928,126,131,LAE,1.8825744040544108
6929,126,150,LAE,5.180530891506593
6930,126,127,LAE,1.093321149756794
6931,126,128,LAE,1.9207915123581851
6932,126,128,LAE,1.70614329307719
6933,126,127,LAE,1.3675794357122126
6934,126,151,LAE,5.555575071632461
6935,126,127,LAE,4.158275740235573
6936,126,128,LAE,1.6050428320737784
6937,126,135,LAE,3.482986104936117
6938,126,143,LAE,3.9149480513266717
6939,126,154,LAE,6.0117722940999325
6940,126,132,LAE,2.245014910706027
6941,126,168,LAE,8.492614668060021
6942,126,127,LAE,5.716273673760358
6943,126,149,LAE,5.443061114112727
6944,126,140,LAE,5.359310469596363
6945,126,146,LAE,5.517180509172058
6946,126,127,LAE,1.1135914888536718
6947,126,134,LAE,4.338188262974133
6948,126,136,LAE,5.293158642673355
6949,126,131,LAE,4.98497482691054
6950,126,132,LAE,5.084798374832646
6951,126,146,LAE,5.226988261558218
6952,126,127,LAE,4.426246550845712
6953,126,132,LAE,4.621036116460855
6954,126,127,LAE,3.9467301090240294
6955,126,127,LAE,2.138534964253437
6956,126,141,LAE,4.101649864599096
6957,126,141,LAE,4.114596053929786
6958,126,127,LAE,5.284610782683525
6959,124,128,LAE,8.306957735268792
6960,124,133,LAE,5.1740470541385655
6961,124,128,LAE,2.514596411365468
6962,124,129,LAE,2.072174152022183
6963,124,138,LAE,4.368176894714756
6964,125,131,LAE,5.818667260722915
6965,125,132,LAE,5.336531577470495
6966,125,130,LAE,4.812602824759883
6967,125,128,LAE,2.569429334978762
6968,125,132,LAE,3.0643462767905665
6969,125,133,LAE,5.4600522179607225
6970,125,128,LAE,1.8361269648345468
6971,125,128,LAE,3.741686841062745
6972,126,132,LAE,5.629066565714921
6973,126,169,LAE,8.622269179488345
6974,126,137,LAE,5.853018207728218
6975,126,130,LAE,2.5477863955111673
6976,126,139,LAE,3.734340485015737
6977,126,147,LAE,8.085991801917725
6978,126,168,LAE,8.789900624498847
6979,126,128,LAE,1.411279709845235
6980,126,128,LAE,5.142608186149795
6981,126,128,LAE,19.1816926893765
6982,126,159,LAE,5.839879921080922
6983,126,171,LAE,6.948732638280642
6984,126,133,LAE,2.6507712844372007
6985,126,128,LAE,3.0344602415620403
6986,126,129,LAE,4.903709949327226
6987,126,152,LAE,7.6385682920262
6988,126,131,LAE,4.339604463527814
6989,127,128,LAE,4.8383198526617255
6990,127,131,LAE,5.419294245482684
6991,127,134,LAE,2.980552409025054
6992,127,138,LAE,4.587675613506303
6993,127,138,LAE,3.601821728716619
6994,127,131,LAE,1.5764188315887793
6995,127,134,LAE,7.3206162712923835
6996,127,135,LAE,3.6345073417549467
6997,127,131,LAE,3.7717581699280713
6998,127,130,LAE,4.627234559565647
6999,127,131,LAE,5.682938391666677
7000,127,129,LAE,1.6299690128731397
7001,127,172,LAE,7.543322148037168
7002,127,129,LAE,1.8870899615569823
7003,127,144,LAE,4.887243853966768
7004,127,128,LAE,1.7807718728126702
7005,127,140,LAE,3.1500448386230873
7006,127,128,LAE,5.618536050430688
7007,127,128,LAE,5.196801886122165
7008,127,128,LAE,5.520686462318731
7009,127,128,LAE,1.7652779310767694
7010,127,137,LAE,11.464222281596102
7011,127,132,LAE,3.017669864576559
7012,127,132,LAE,2.0270932757702322
7013,127,128,LAE,4.682298996136958
7014,125,129,LAE,4.9141852558432895
7015,125,129,LAE,5.358332515853898
7016,125,133,LAE,4.4668196273864265
7017,125,132,LAE,3.2027779713763436
7018,125,129,LAE,3.6651437151030692
7019,126,133,LAE,4.580633352470322
7020,126,129,LAE,3.8733342831657476
7021,126,130,LAE,2.4508314233948405
7022,126,131,LAE,7.813274866634641
7023,126,129,LAE,4.760865937423277
7024,126,143,LAE,6.641666320897772
7025,126,129,LAE,4.901159645284287
7026,126,132,LAE,7.947513756018886
7027,126,129,LAE,5.612715422563846
7028,126,143,LAE,6.371775351546553
7029,126,132,LAE,7.824225463610729
7030,127,129,LAE,4.793606469576314
7031,127,130,LAE,4.880175755572514
7032,127,132,LAE,2.1590249392068044
7033,127,129,LAE,4.412009798266584
7034,127,135,LAE,4.857733147834431
7035,127,131,LAE,5.46566538521896
7036,127,129,LAE,4.223740327383766
7037,127,135,LAE,2.7046048422770617
7038,127,129,LAE,9.037973126849018
7039,127,130,LAE,3.6800667939942073
7040,127,143,LAE,9.754607067844907
7041,127,135,LAE,2.5083609269225238
7042,127,129,LAE,4.266545300307335
7043,127,129,LAE,4.79862012046342
7044,127,129,LAE,11.470596015131855
7045,128,129,LAE,3.631614239473174
7046,128,131,LAE,3.7924210539109633
7047,128,135,LAE,5.329512799178761
7048,128,132,LAE,5.003174511816062
7049,128,129,LAE,4.450824996352379
7050,128,131,LAE,3.783220974601703
7051,128,129,LAE,2.0534324084807216
7052,128,132,LAE,2.0802445888003347
7053,128,130,LAE,3.8202443918701854
7054,128,131,LAE,4.01793479224905
7055,128,131,LAE,1.9176037438192404
7056,128,129,LAE,3.6547362735196436
7057,128,131,LAE,4.115770385621261
7058,128,138,LAE,5.194355791686868
7059,128,129,LAE,1.743928880094108
7060,128,129,LAE,1.456849343026435
7061,128,172,LAE,8.612228091018483
7062,128,135,LAE,5.536461234563075
7063,128,131,LAE,5.506263150586359
7064,128,136,LAE,4.588355715133772
7065,128,131,LAE,1.863323564299629
7066,128,130,LAE,1.7334066931088665
7067,128,129,LAE,3.9974929920101467
7068,128,129,LAE,4.387727563615337
7069,128,134,LAE,5.163781703714152
7070,128,136,LAE,4.718024625207038
7071,128,129,LAE,3.903735843721392
7072,128,129,LAE,4.298597584008214
7073,128,132,LAE,1.9300749089004323
7074,128,132,LAE,5.246285077536398
7075,128,129,LAE,4.045840185437152
7076,126,130,LAE,3.0319368098471844
7077,126,130,LAE,2.322935615336285
7078,126,135,LAE,3.1963825226841163
7079,126,130,LAE,3.1621320107826962
7080,126,134,LAE,5.133568121535124
7081,126,148,LAE,4.38201254690454
7082,127,139,LAE,5.049887886871992
7083,127,130,LAE,6.528584186436636
7084,127,131,LAE,4.078535156732107
7085,127,130,LAE,2.253809208382977
7086,127,131,LAE,4.571053490343561
7087,127,130,LAE,4.133433244458424
7088,128,130,LAE,3.798319067295044
7089,128,130,LAE,3.601246948103667
7090,128,134,LAE,3.920267526993553
7091,128,137,LAE,3.575372375801132
7092,128,132,LAE,4.0007853196946535
7093,128,131,LAE,4.615177448772405
7094,128,133,LAE,2.528008107285666
7095,128,130,LAE,3.278786952997293
7096,128,130,LAE,3.625880847566025
7097,128,131,LAE,1.9245033766597834
7098,128,130,LAE,1.1684831283341606
7099,128,143,LAE,3.409373932542133
7100,128,131,LAE,5.244316495080287
7101,128,130,LAE,4.54653813269847
7102,128,145,LAE,3.7363927678451394
7103,128,130,LAE,3.6214428773986644
7104,128,131,LAE,3.526225616738286
7105,128,141,LAE,6.517724578410372
7106,128,131,LAE,4.047670510211659
7107,128,132,LAE,3.9185103285373857
7108,129,141,LAE,3.0802590489776343
7109,129,142,LAE,5.102720313313332
7110,129,133,LAE,4.981124922089017
7111,129,141,LAE,2.7011888438590943
7112,129,132,LAE,1.6609436360877048
7113,129,132,LAE,3.4580542378538963
7114,129,130,LAE,1.0349142506440634
7115,129,130,LAE,4.333054612239457
7116,129,135,LAE,4.8777245564632645
7117,129,144,LAE,3.4620686917037946
7118,129,130,LAE,4.628108831190366
7119,129,130,LAE,1.3619809611016616
7120,129,133,LAE,4.047889159022828
7121,129,132,LAE,1.8965493245184004
7122,129,141,LAE,5.041166633285524
7123,127,131,LAE,4.008823489931789
7124,127,173,LAE,6.388068396320811
7125,127,133,LAE,4.574705598934386
7126,127,131,LAE,4.692464092207107
7127,127,134,LAE,11.41277545964283
7128,127,133,LAE,4.950632503152727
7129,128,131,LAE,2.1780026122858365
7130,128,132,LAE,4.683899013384218
7131,128,133,LAE,4.155026821083565
7132,128,131,LAE,6.3393254633024005
7133,128,132,LAE,4.138513154990492
7134,128,131,LAE,4.106583965223458
7135,128,145,LAE,10.525010424289723
7136,129,136,LAE,6.005429430858168
7137,129,132,LAE,1.5879963063451032
7138,129,131,LAE,4.658760543404955
7139,129,142,LAE,3.5791865894002446
7140,129,147,LAE,4.71583762962227
7141,129,131,LAE,3.3348452482431297
7142,129,133,LAE,4.62619515650758
7143,129,136,LAE,4.772179255196399
7144,129,131,LAE,1.5275682321142319
7145,129,141,LAE,6.477488990655664
7146,129,132,LAE,4.328483282241297
7147,129,132,LAE,5.028757172380365
7148,129,131,LAE,5.307307739436964
7149,129,131,LAE,5.0258344061742
7150,129,131,LAE,4.135145659433287
7151,129,131,LAE,5.2199068462132505
7152,129,133,LAE,4.321726299627698
7153,129,131,LAE,1.9176739551859496
7154,129,131,LAE,5.327248763418223
7155,130,136,LAE,4.519168529940706
7156,130,132,LAE,1.2206302778529001
7157,130,168,LAE,10.541764085156434
7158,130,174,LAE,10.300863852307975
7159,130,137,LAE,3.3469569741198417
7160,130,133,LAE,3.613432617752065
7161,130,140,LAE,3.828020196166123
7162,130,131,LAE,1.6458299225149022
7163,130,151,LAE,4.566677703029861
7164,130,157,LAE,5.718502237620605
7165,130,133,LAE,4.088305319434224
7166,130,132,LAE,4.340726267031745
7167,130,138,LAE,4.336949130058851
7168,130,131,LAE,5.35686880985287
7169,130,133,LAE,4.307310401357168
7170,130,131,LAE,4.109745948829241
7171,130,131,LAE,1.2902328858423047
7172,130,134,LAE,3.2482071295311314
7173,130,158,LAE,7.629788965423901
7174,130,131,LAE,3.601019086300507
7175,130,131,LAE,2.00604068452501
7176,128,132,LAE,4.730518656435216
7177,128,132,LAE,4.94977485216682
7178,128,135,LAE,4.748832380757712
7179,128,132,LAE,7.923585171983025
7180,128,132,LAE,4.874471037149855
7181,128,133,LAE,4.705181356842472
7182,128,132,LAE,4.4193750798213065
7183,128,136,LAE,10.633492554557856
7184,128,134,LAE,6.634988721306528
7185,128,132,LAE,4.245915407579195
7186,128,132,LAE,4.714620780751538
7187,128,132,LAE,3.909486021401273
7188,129,146,LAE,3.575516954590252
7189,129,132,LAE,4.156151968550522
7190,129,132,LAE,4.4594925246758965
7191,129,132,LAE,3.991106017472924
7192,129,135,LAE,5.051562705073038
7193,129,133,LAE,4.419900905557198
7194,129,135,LAE,8.279566522155603
7195,129,132,LAE,3.7847709262584037
7196,129,132,LAE,4.112546568515728
7197,129,132,LAE,12.327954563351007
7198,129,132,LAE,4.23459308519697
7199,129,132,LAE,4.835983878478484
7200,129,132,LAE,1.940925323455569
7201,130,132,LAE,3.469641231367336
7202,130,133,LAE,2.1410343627338384
7203,130,146,LAE,3.8401589717566074
7204,130,132,LAE,3.9870122198973696
7205,130,132,LAE,3.3468662378998486
7206,130,132,LAE,3.8896072179914305
7207,130,132,LAE,4.503032783596222
7208,130,132,LAE,4.026172085986293
7209,130,133,LAE,4.741840830883507
7210,130,146,LAE,3.694637068676528
7211,130,132,LAE,5.193732147515664
7212,130,132,LAE,8.34431309511093
7213,130,132,LAE,3.5786048327516253
7214,130,152,LAE,5.087039081992273
7215,130,132,LAE,4.721956684306625
7216,130,132,LAE,1.6646618907138149
7217,130,132,LAE,4.460888998680875
7218,130,132,LAE,4.290376433704896
7219,130,132,LAE,4.123313934301004
7220,131,134,LAE,11.031580142271622
7221,131,132,LAE,4.464141029555906
7222,131,144,LAE,4.948186305702247
7223,131,132,LAE,10.512250683784115
7224,131,132,LAE,2.5216934837983485
7225,131,132,LAE,3.7377222093989038
7226,131,134,LAE,1.802802169166389
7227,131,132,LAE,4.377839228117924
7228,131,132,LAE,1.9591115042463423
7229,131,136,LAE,3.1447547098773065
7230,131,142,LAE,13.081929329636527
7231,131,132,LAE,4.035257608077981
7232,131,133,LAE,4.166412949094783
7233,131,132,LAE,1.631455988648238
7234,131,132,LAE,3.5830424221141604
7235,131,147,LAE,4.715316129989011
7236,131,132,LAE,4.664597515795446
7237,131,140,LAE,4.261493085697978
7238,131,132,LAE,6.315938073819177
7239,131,132,LAE,1.42253802232094
7240,131,135,LAE,4.241285205598617
7241,131,132,LAE,4.516397082951106
7242,131,133,LAE,5.3261315027762475
7243,131,132,LAE,1.96254902490868
7244,131,132,LAE,4.0094741236009925
7245,131,132,LAE,8.511386496116796
7246,131,132,LAE,3.4148436317371216
7247,129,136,LAE,3.4849784970253053
7248,129,133,LAE,3.9443124085878303
7249,129,140,LAE,5.903881660230471
7250,129,133,LAE,4.398108182651305
7251,130,133,LAE,4.681527403517873
7252,130,133,LAE,3.2088582836057733
7253,130,133,LAE,4.122366912717578
7254,130,133,LAE,4.626313392442266
7255,130,138,LAE,11.901664038882442
7256,130,134,LAE,4.222261235264997
7257,130,133,LAE,4.033348640593436
7258,130,133,LAE,4.9297067858206125
7259,130,137,LAE,5.076316498624309
7260,130,133,LAE,4.670208416122586
7261,131,133,LAE,3.138075630478904
7262,131,133,LAE,4.4025690447144425
7263,131,133,LAE,4.504555181647075
7264,131,133,LAE,4.800122388452672
7265,131,145,LAE,4.781643497929033
7266,131,135,LAE,6.568887885324569
7267,131,133,LAE,4.129545799901111
7268,131,146,LAE,5.098054380077808
7269,132,134,LAE,4.083241227004198
7270,132,135,LAE,2.94944239421558
7271,132,133,LAE,2.066934265322106
7272,132,147,LAE,7.766875391441949
7273,132,136,LAE,2.412501727472121
7274,132,151,LAE,4.41851692185643
7275,132,143,LAE,2.90368420214852
7276,132,135,LAE,2.635918713768076
7277,132,133,LAE,3.8880609834857993
7278,132,172,LAE,7.150147070108825
7279,132,137,LAE,2.1509100322157737
7280,132,133,LAE,4.588614257937898
7281,132,133,LAE,2.0921065005703174
7282,132,152,LAE,4.284916543384205
7283,132,168,LAE,7.300459467442576
7284,132,144,LAE,4.47708259888975
7285,132,171,LAE,7.78794034807159
7286,132,145,LAE,9.26898846711423
7287,132,138,LAE,3.0670842801967946
7288,132,136,LAE,6.377211848666969
7289,132,140,LAE,7.608576045949714
7290,132,135,LAE,2.935161329028003
7291,132,133,LAE,4.58039705233442
7292,132,151,LAE,4.112341690164595
7293,132,146,LAE,2.8667809269240925
7294,132,155,LAE,6.39967375147973
7295,132,142,LAE,4.580699105518622
7296,132,134,LAE,1.3911349972398321
7297,130,134,LAE,3.920837194355947
7298,130,134,LAE,9.39248423232279
7299,130,134,LAE,5.055053842546965
7300,130,134,LAE,12.717352765979497
7301,131,134,LAE,5.482831360446215
7302,131,135,LAE,1.7866699665180832
7303,131,145,LAE,3.568697795977958
7304,131,142,LAE,5.725815865056776
7305,131,134,LAE,4.26564052432479
7306,131,160,LAE,6.872412731855683
7307,131,137,LAE,4.366503173288518
7308,132,148,LAE,6.871296292248937
7309,132,134,LAE,2.7462277790668983
7310,132,134,LAE,3.6889846794522914
7311,132,145,LAE,6.4896124938517925
7312,133,152,LAE,4.005220522332418
7313,133,142,LAE,2.253202812610164
7314,133,145,LAE,2.5898675763046204
7315,133,148,LAE,4.033126013965285
7316,133,134,LAE,1.900565645520532
7317,133,144,LAE,2.6343104364636747
7318,133,136,LAE,3.938492070613579
7319,133,139,LAE,1.836318610728929
7320,133,144,LAE,2.5388876298438823
7321,133,136,LAE,2.0987625540884363
7322,133,142,LAE,2.0764469122929925
7323,133,137,LAE,10.848729062492753
7324,133,138,LAE,2.124142388421799
7325,133,146,LAE,5.12783108403075
7326,133,136,LAE,3.5157342359914203
7327,133,134,LAE,12.175972889882043
7328,133,134,LAE,1.6178177282218704
7329,133,137,LAE,1.6004918527988539
7330,133,174,LAE,7.411911330172701
7331,133,159,LAE,7.974521312896198
7332,133,134,LAE,1.744022539374316
7333,133,134,LAE,1.3327931297447546
7334,133,142,LAE,4.155781132939986
7335,133,135,LAE,2.5943471864653413
7336,133,137,LAE,2.2615121699681136
7337,133,137,LAE,4.854182290377364
7338,133,134,LAE,1.5599235054628866
7339,131,135,LAE,4.086691058605859
7340,131,168,LAE,7.424705285198976
7341,131,147,LAE,3.7348098700796712
7342,131,136,LAE,4.649288819445677
7343,132,137,LAE,4.695986093182431
7344,132,138,LAE,3.1412176561487146
7345,132,138,LAE,4.490655598987791
7346,132,138,LAE,5.779552980540977
7347,133,138,LAE,2.5682354935274923
7348,133,135,LAE,1.7453031098475276
7349,133,137,LAE,2.657133850985418
7350,133,139,LAE,5.4529108988065484
7351,133,148,LAE,3.574392564171237
7352,133,142,LAE,5.318434663129839
7353,133,135,LAE,1.4166078043382837
7354,133,141,LAE,5.131213411308539
7355,133,138,LAE,5.174003020803078
7356,133,139,LAE,11.023684862743353
7357,133,135,LAE,1.365666624869207
7358,133,145,LAE,4.490989868117669
7359,133,171,LAE,6.718030366390578
7360,133,143,LAE,4.38115312834496
7361,133,135,LAE,3.7495109381552196
7362,133,136,LAE,4.1680237451995215
7363,133,135,LAE,4.930157678895224
7364,133,135,LAE,3.9566517740461378
7365,133,147,LAE,3.9861960232234246
7366,134,135,LAE,4.581134812993917
7367,134,139,LAE,2.092669554095535
7368,134,135,LAE,2.1134711960930863
7369,134,138,LAE,3.91159755769738
7370,134,139,LAE,2.427344257787808
7371,134,151,LAE,3.7194399221542347
7372,134,142,LAE,2.510943609046093
7373,134,155,LAE,6.2558633364456595
7374,134,141,LAE,2.500284032701213
7375,134,139,LAE,2.2400072590750884
7376,134,135,LAE,5.572420638899838
7377,134,135,LAE,3.1510663155889826
7378,134,135,LAE,1.7227290941733595
7379,134,143,LAE,4.574770799606546
7380,134,144,LAE,5.782187542080094
7381,134,136,LAE,4.29126329574734
7382,134,136,LAE,3.712431053253823
7383,134,135,LAE,1.3294030727992412
7384,134,135,LAE,1.4978648068095637
7385,132,136,LAE,6.607458257562827
7386,132,136,LAE,2.9926776252161944
7387,133,138,LAE,4.172591293810937
7388,133,154,LAE,4.312184853163192
7389,133,146,LAE,6.52695297280207
7390,133,145,LAE,5.09176053076401
7391,134,136,LAE,1.846623640462575
7392,134,136,LAE,2.4150691575302434
7393,134,148,LAE,6.824308079112571
7394,134,136,LAE,1.963757179547745
7395,134,140,LAE,4.603443960240384
7396,134,139,LAE,1.632638709449686
7397,134,139,LAE,2.2023179522201604
7398,134,136,LAE,1.4138097094886912
7399,134,156,LAE,5.870331126789994
7400,134,158,LAE,7.362567048569141
7401,134,137,LAE,9.60382889180707
7402,134,160,LAE,4.77556532311476
7403,134,139,LAE,7.005206674278778
7404,134,153,LAE,3.9957581958638286
7405,134,136,LAE,3.978559299838039
7406,135,147,LAE,3.657002726059531
7407,135,138,LAE,1.7159292604751717
7408,135,138,LAE,4.637658711634122
7409,135,138,LAE,2.3833987369993066
7410,135,144,LAE,4.659470618442251
7411,135,136,LAE,1.670121306543685
7412,135,136,LAE,3.5004173487481673
7413,135,149,LAE,5.850586269234378
7414,135,137,LAE,4.349863784667587
7415,135,149,LAE,3.4697288875354624
7416,135,144,LAE,2.285129248547116
7417,135,138,LAE,3.438701290119571
7418,135,140,LAE,1.7362169042615143
7419,135,136,LAE,4.431851841445145
7420,135,153,LAE,7.925272176771796
7421,135,136,LAE,3.532709229914301
7422,135,137,LAE,3.24432098473906
7423,135,141,LAE,2.010425008947916
7424,135,145,LAE,2.286240716738967
7425,135,136,LAE,1.1021661277983963
7426,135,138,LAE,4.632444548981506
7427,135,144,LAE,4.128500129068496
7428,133,145,LAE,10.059574829676254
7429,133,137,LAE,5.192897923448243
7430,133,143,LAE,4.463143786353894
7431,133,137,LAE,3.862587586199451
7432,134,144,LAE,4.638136289536608
7433,134,137,LAE,8.065073412349374
7434,134,137,LAE,2.3989402159903133
7435,134,137,LAE,2.7040049450759636
7436,134,166,LAE,7.941010627464748
7437,135,142,LAE,5.819015635712229
7438,135,141,LAE,3.991419990906298
7439,135,144,LAE,3.7928861620898244
7440,135,142,LAE,3.507890948389074
7441,135,152,LAE,7.048037672290674
7442,136,161,LAE,4.760169212061061
7443,136,158,LAE,4.4972646855594265
7444,136,151,LAE,5.05919932017143
7445,136,161,LAE,4.849089751356265
7446,136,137,LAE,1.2460226966924233
7447,136,137,LAE,1.6619260068098698
7448,136,139,LAE,1.7624233117466783
7449,136,155,LAE,4.3366522007282295
7450,136,171,LAE,5.8184694117195646
7451,136,137,LAE,6.2184170600050175
7452,136,141,LAE,2.3893023055115528
7453,136,137,LAE,1.559058575229086
7454,136,141,LAE,2.8677959264282946
7455,136,139,LAE,1.4761325761251276
7456,136,145,LAE,2.145183091091267
7457,136,139,LAE,2.1632349529243515
7458,136,146,LAE,5.236998541002002
7459,136,141,LAE,2.2377589758960648
7460,136,145,LAE,2.1046791682084196
7461,136,140,LAE,6.877943206463655
7462,136,137,LAE,1.4929226773393898
7463,136,137,LAE,1.572363409561103
7464,136,137,LAE,9.235637261806065
7465,136,145,LAE,9.79264584428378
7466,134,140,LAE,4.889839026690489
7467,134,146,LAE,3.8709503914697074
7468,134,138,LAE,4.096587118910742
7469,135,138,LAE,5.228042007329478
7470,135,144,LAE,5.467249536676752
7471,135,138,LAE,10.030273845502798
7472,135,138,LAE,3.6559483617899105
7473,135,138,LAE,3.1523649324416767
7474,135,138,LAE,3.963781575392733
7475,135,138,LAE,2.115838557866237
7476,135,144,LAE,7.598232249431582
7477,135,138,LAE,1.828616927573795
7478,136,146,LAE,2.316986190031919
7479,136,141,LAE,5.188274116847447
7480,136,138,LAE,2.1371794825281696
7481,136,138,LAE,2.1634331615233475
7482,136,140,LAE,1.7190822765314604
7483,136,138,LAE,6.927384335218002
7484,136,138,LAE,2.3031552809194635
7485,136,151,LAE,6.031722408287677
7486,136,139,LAE,2.2177033397498507
7487,136,143,LAE,2.1060972702676355
7488,136,160,LAE,6.443278506798099
7489,137,142,LAE,3.2802361308335817
7490,137,143,LAE,1.9378459198430213
7491,137,142,LAE,11.12790013656417
7492,137,142,LAE,1.9698122410573289
7493,137,138,LAE,2.0926581491909992
7494,137,140,LAE,4.831118209535067
7495,137,140,LAE,1.4506904629385136
7496,137,157,LAE,5.961698754001132
7497,137,149,LAE,9.109936813431803
7498,137,141,LAE,2.2981380494617354
7499,137,141,LAE,2.1613387976720237
7500,137,138,LAE,4.059298671048024
7501,137,151,LAE,6.213072545986109
7502,137,171,LAE,7.076786091102447
7503,137,138,LAE,2.4048084422303586
7504,137,176,LAE,6.401832137697735
7505,135,139,LAE,3.5608483910850057
7506,136,150,LAE,6.882234160798795
7507,136,144,LAE,4.010663455344999
7508,136,144,LAE,2.377028525779541
7509,136,152,LAE,4.315051799221292
7510,137,140,LAE,1.3587813555206942
7511,137,142,LAE,1.7951473993858518
7512,137,139,LAE,1.9468369367411182
7513,137,157,LAE,3.995451846353727
7514,137,147,LAE,9.001717178967127
7515,137,139,LAE,2.0568799677216765
7516,137,144,LAE,1.996726759943828
7517,137,139,LAE,2.088491751585988
7518,137,139,LAE,1.9776715523861572
7519,137,139,LAE,2.313923443446084
7520,137,140,LAE,2.2946305308136563
7521,137,141,LAE,3.473142976105648
7522,137,139,LAE,3.8716979625415218
7523,137,169,LAE,5.989700955866596
7524,137,160,LAE,6.598939239132231
7525,137,139,LAE,1.8483893878439877
7526,137,139,LAE,2.4857452315115185
7527,137,139,LAE,1.7923919464136422
7528,138,143,LAE,1.7833489006369097
7529,138,145,LAE,1.8227459088727032
7530,138,155,LAE,6.02753236217664
7531,138,152,LAE,5.447293195418751
7532,138,147,LAE,2.5072212111754744
7533,138,139,LAE,2.6459602314224124
7534,138,139,LAE,2.845178766701409
7535,138,162,LAE,6.825434171604184
7536,138,139,LAE,5.126374339394347
7537,138,139,LAE,5.021138979384189
7538,138,144,LAE,4.729828634739459
7539,138,171,LAE,6.625397374661966
7540,138,139,LAE,5.968550244822212
7541,138,146,LAE,5.124319208427988
7542,136,145,LAE,9.538468161271298
7543,136,140,LAE,2.8627157693600815
7544,137,142,LAE,3.5327698610214693
7545,137,143,LAE,2.815626745094333
7546,138,144,LAE,3.9285672457514575
7547,138,140,LAE,3.7289445805762176
7548,138,140,LAE,4.41849478320237
7549,138,146,LAE,3.2815237083055884
7550,138,140,LAE,3.183190507904561
7551,138,142,LAE,1.6984522370820543
7552,138,144,LAE,5.196676515747777
7553,138,140,LAE,4.216896376851491
7554,138,147,LAE,6.152995911660377
7555,138,144,LAE,5.765944369528259
7556,138,140,LAE,4.9305954381445325
7557,138,151,LAE,7.229610940718221
7558,138,144,LAE,5.071433058800327
7559,138,142,LAE,1.8215896182086564
7560,138,142,LAE,1.3309782348550063
7561,138,143,LAE,3.154162890760593
7562,138,145,LAE,5.300137403167667
7563,138,150,LAE,4.88404350122775
7564,138,161,LAE,5.83036786865919
7565,138,143,LAE,2.37043572878189
7566,138,143,LAE,3.497655678397676
7567,138,142,LAE,1.3613360103154926
7568,138,140,LAE,4.767049941838016
7569,138,140,LAE,1.762122785746828
7570,139,180,LAE,7.927892040354384
7571,139,149,LAE,3.036629395784084
7572,139,155,LAE,3.9600738034662952
7573,139,154,LAE,3.7071138079107024
7574,139,140,LAE,1.8853983600930784
7575,139,141,LAE,1.4695686347404162
7576,139,142,LAE,1.445904122350376
7577,139,145,LAE,1.629597449537857
7578,139,159,LAE,5.372952069661281
7579,139,151,LAE,4.132876840954836
7580,139,140,LAE,1.0098473715602114
7581,139,145,LAE,7.070451154722685
7582,139,143,LAE,1.9036523149541233
7583,139,159,LAE,5.069519432407792
7584,139,160,LAE,5.397327732767286
7585,139,162,LAE,4.271652806568672
7586,139,140,LAE,1.4567542857291758
7587,139,156,LAE,5.189820411040355
7588,139,141,LAE,6.076133007559298
7589,137,142,LAE,3.4194184652872734
7590,137,141,LAE,4.8316513426117815
7591,137,147,LAE,4.85001164279785
7592,137,143,LAE,6.180425143824002
7593,137,141,LAE,3.241977780474269
7594,138,169,LAE,6.231586039658611
7595,138,146,LAE,6.53953320446838
7596,138,141,LAE,4.993144299355337
7597,138,141,LAE,5.322424057920397
7598,138,141,LAE,3.4858422715586355
7599,138,150,LAE,5.1986745936240855
7600,138,141,LAE,4.6196928961265895
7601,138,166,LAE,5.539400986049662
7602,139,143,LAE,9.970378242606971
7603,139,164,LAE,5.2222761294476685
7604,139,141,LAE,8.865794156006983
7605,139,141,LAE,6.429426777503847
7606,139,141,LAE,2.970439891388392
7607,139,157,LAE,3.955198750648165
7608,139,141,LAE,9.958359797339732
7609,139,141,LAE,4.172077586186793
7610,139,143,LAE,4.6809859674458
7611,139,141,LAE,1.5950448462268703
7612,140,145,LAE,3.936478482121105
7613,140,152,LAE,6.043675573740283
7614,140,152,LAE,5.667544484063926
7615,140,144,LAE,4.860142118053306
7616,140,144,LAE,2.6579146641376292
7617,140,151,LAE,5.817158783947235
7618,140,144,LAE,3.4402496996967153
7619,140,157,LAE,3.8412343247010785
7620,140,142,LAE,4.095817143903776
7621,140,141,LAE,1.9103814528398197
7622,140,160,LAE,4.361199361701997
7623,140,141,LAE,2.96408886269879
7624,140,152,LAE,6.109067772353273
7625,140,141,LAE,1.5675407159875576
7626,140,158,LAE,4.350605037747001
7627,140,141,LAE,1.7513795015157136
7628,140,146,LAE,6.937979924111183
7629,140,142,LAE,1.5771657138997093
7630,140,163,LAE,4.284709601397884
7631,140,159,LAE,5.4852755418695915
7632,140,149,LAE,9.592569047851766
7633,140,141,LAE,1.2927627309206502
7634,140,146,LAE,6.606220654554609
7635,140,144,LAE,6.640712406227534
7636,139,146,LAE,2.614045978485385
7637,139,142,LAE,5.092859253785226
7638,139,150,LAE,4.9351931065707
7639,139,147,LAE,2.6214816847455666
7640,139,144,LAE,4.515952068130827
7641,140,142,LAE,3.2821112385778397
7642,140,146,LAE,4.80823187458627
7643,140,149,LAE,4.8264297641976395
7644,140,145,LAE,4.008190614187542
7645,140,144,LAE,1.2722494840540508
7646,140,146,LAE,4.2854978364633745
7647,140,146,LAE,6.525957735899808
7648,140,142,LAE,3.192221332007742
7649,140,143,LAE,1.5715705803227076
7650,140,146,LAE,3.055427939320165
7651,140,142,LAE,1.5221627498803911
7652,140,162,LAE,4.849099970713843
7653,141,156,LAE,3.311991819906313
7654,141,153,LAE,3.809711268015127
7655,141,144,LAE,2.9270803442326767
7656,141,152,LAE,3.282730664725806
7657,141,153,LAE,3.294270013286569
7658,141,152,LAE,3.6709461126060896
7659,141,143,LAE,1.5199793305829696
7660,141,152,LAE,3.36703798365766
7661,141,157,LAE,3.7265043985154716
7662,141,157,LAE,3.9399483514392033
7663,141,152,LAE,5.701921264556488
7664,141,142,LAE,10.04606311669972
7665,141,142,LAE,3.94033407795989
7666,141,148,LAE,2.659894150966403
7667,141,143,LAE,3.133615385016218
7668,141,171,LAE,4.974889461732254
7669,141,153,LAE,3.278987755599106
7670,141,160,LAE,5.681579154518012
7671,141,148,LAE,3.2727492490688284
7672,141,143,LAE,2.215506322384964
7673,141,142,LAE,4.504629089709511
7674,141,144,LAE,3.082446950535452
7675,141,159,LAE,4.4108883137757635
7676,141,142,LAE,2.0277004484552315
7677,141,162,LAE,5.893170712687815
7678,139,143,LAE,9.402183950498667
7679,139,143,LAE,9.250442710904133
7680,139,162,LAE,4.856124939064698
7681,139,143,LAE,5.477170800363379
7682,140,146,LAE,4.835777158684575
7683,140,152,LAE,5.715157573682688
7684,140,143,LAE,1.6322495017561631
7685,140,148,LAE,4.507448858783841
7686,140,143,LAE,4.267134976855788
7687,140,156,LAE,3.6389410878985924
7688,140,164,LAE,6.273659630983501
7689,140,148,LAE,6.187925885287705
7690,140,147,LAE,2.814938858756142
7691,140,143,LAE,4.921177213045365
7692,141,152,LAE,3.41128065667511
7693,141,149,LAE,5.932320724239048
7694,141,143,LAE,1.3792823073891514
7695,141,152,LAE,3.642421344358645
7696,141,150,LAE,4.536440335901137
7697,141,144,LAE,2.941906315642863
7698,141,161,LAE,4.087783303189931
7699,141,166,LAE,5.053906709132131
7700,141,151,LAE,3.8275404027992916
7701,141,143,LAE,3.5890721639697767
7702,141,150,LAE,5.939203072942552
7703,141,157,LAE,4.200786253126482
7704,141,147,LAE,8.02238227510429
7705,141,147,LAE,4.856992402536395
7706,141,148,LAE,5.99715412158403
7707,142,153,LAE,3.042078389989451
7708,142,146,LAE,2.893039235365553
7709,142,152,LAE,2.872145755542557
7710,142,152,LAE,3.2098389522124426
7711,142,160,LAE,4.091118028802879
7712,142,150,LAE,2.6769516196546124
7713,142,153,LAE,2.5669200548820372
7714,142,145,LAE,1.978855625846945
7715,142,152,LAE,3.3920012011174343
7716,142,148,LAE,2.70948541335432
7717,142,146,LAE,11.715378010458679
7718,142,149,LAE,2.0693492620125324
7719,142,143,LAE,2.0188341672739867
7720,142,165,LAE,7.387812639177652
7721,142,169,LAE,5.2476912209189015
7722,142,144,LAE,1.1607596889291814
7723,142,143,LAE,1.7722535676852058
7724,142,168,LAE,5.770999363912313
7725,142,143,LAE,1.407421420495683
7726,142,160,LAE,3.821089110762501
7727,142,144,LAE,1.3929624997260233
7728,142,146,LAE,2.8861825650137947
7729,142,148,LAE,2.668083914975311
7730,142,146,LAE,1.4218268764738595
7731,140,146,LAE,4.8298203489560025
7732,140,144,LAE,1.586995408087571
7733,141,144,LAE,4.387164777360946
7734,141,144,LAE,4.790727229986329
7735,141,144,LAE,4.651016491844358
7736,141,144,LAE,4.461524867463993
7737,141,157,LAE,4.197983732371041
7738,141,144,LAE,3.328130088493655
7739,141,153,LAE,2.9496258655851566
7740,141,157,LAE,9.218605334890857
7741,141,144,LAE,2.4323753028466424
7742,142,144,LAE,1.802686833968166
7743,142,144,LAE,4.531249034381966
7744,142,144,LAE,6.904928878921864
7745,142,144,LAE,5.290759849370945
7746,142,167,LAE,4.484343004239053
7747,143,152,LAE,2.6869842315650057
7748,143,148,LAE,2.675217772756205
7749,143,153,LAE,2.7220136171224936
7750,143,147,LAE,2.6136166393870885
7751,143,147,LAE,8.656041439954477
7752,143,151,LAE,5.986011632864609
7753,143,149,LAE,2.736329666784742
7754,143,147,LAE,3.7460971560104563
7755,143,151,LAE,2.90373987762085
7756,143,147,LAE,2.029266454991995
7757,143,147,LAE,2.0583904478974913
7758,143,167,LAE,3.886080207992203
7759,143,148,LAE,8.328126173001078
7760,143,144,LAE,1.113389038537836
7761,143,144,LAE,2.657815664791007
7762,143,172,LAE,5.664299962491912
7763,143,146,LAE,1.1116156166404476
7764,143,170,LAE,5.912072495224659
7765,143,144,LAE,2.6540578465507707
7766,143,167,LAE,6.331130253495974
7767,143,148,LAE,2.3642556137487394
7768,143,151,LAE,5.824686615246858
7769,141,145,LAE,1.3676044100752187
7770,141,145,LAE,3.389617229796541
7771,141,148,LAE,2.3168876496987507
7772,142,145,LAE,3.8091836398164243
7773,142,159,LAE,4.532661253991598
7774,142,145,LAE,5.7402417055785895
7775,142,145,LAE,4.3724301536630135
7776,142,145,LAE,6.620634859117162
7777,142,167,LAE,5.311732339221818
7778,142,153,LAE,5.836143184244332
7779,143,155,LAE,3.1323930985018245
7780,143,154,LAE,2.705434707543728
7781,143,153,LAE,3.3892509859348734
7782,143,146,LAE,2.669709336723121
7783,143,153,LAE,2.827653216092797
7784,143,145,LAE,5.642271663503666
7785,143,151,LAE,2.560149463191814
7786,143,165,LAE,5.49038256423425
7787,143,145,LAE,8.636306083814832
7788,143,145,LAE,4.214235448625429
7789,143,158,LAE,7.882437771562175
7790,143,146,LAE,2.3330448948987303
7791,143,145,LAE,3.1846694490452916
7792,143,148,LAE,2.4671171212428664
7793,143,145,LAE,2.4137181338041462
7794,144,150,LAE,2.1005673473137407
7795,144,149,LAE,2.4913139567938978
7796,144,146,LAE,1.1945844339389913
7797,144,153,LAE,2.5307609248649485
7798,144,149,LAE,2.56119492675957
7799,144,167,LAE,4.805151351525
7800,144,149,LAE,2.2647479824169987
7801,144,150,LAE,2.5739006371483
7802,144,167,LAE,5.849671460626191
7803,144,145,LAE,1.3286157279025255
7804,144,145,LAE,2.3632171256908676
7805,144,150,LAE,2.5472362108647526
7806,144,145,LAE,0.8795613464037071
7807,144,170,LAE,5.049561425888709
7808,144,171,LAE,5.220473101135082
7809,144,145,LAE,2.6211506590702154
7810,144,168,LAE,5.43007676186003
7811,144,148,LAE,2.670092882135334
7812,144,149,LAE,2.5314692670536214
7813,144,145,LAE,6.533005365271757
7814,142,163,LAE,4.370104352858698
7815,142,146,LAE,6.745848041694506
7816,142,150,LAE,5.049857231364376
7817,143,146,LAE,1.9704136880798653
7818,143,158,LAE,5.000382770952599
7819,143,146,LAE,2.515263215810199
7820,143,150,LAE,10.171097852367419
7821,143,149,LAE,6.324231253534272
7822,143,151,LAE,5.970505514409682
7823,143,150,LAE,8.348075384026222
7824,143,146,LAE,6.424104836568342
7825,143,149,LAE,4.258258915159774
7826,143,146,LAE,5.87943992759184
7827,143,166,LAE,4.901409600645451
7828,144,146,LAE,4.847719724333654
7829,144,160,LAE,5.959699270990832
7830,144,153,LAE,6.725479574292787
7831,144,161,LAE,3.929903316756058
7832,144,166,LAE,6.551100374233105
7833,144,166,LAE,4.313950404683738
7834,144,146,LAE,1.1911480893968955
7835,144,150,LAE,5.048517492351037
7836,144,154,LAE,4.851834733964316
7837,144,151,LAE,5.736171810489403
7838,145,153,LAE,2.7321423442532797
7839,145,146,LAE,1.1950505040897843
7840,145,153,LAE,2.4921489104446155
7841,145,146,LAE,0.8378434213299081
7842,145,165,LAE,3.98361675143133
7843,145,146,LAE,2.3555439063214987
7844,145,149,LAE,1.7825917925581305
7845,145,151,LAE,5.171220981937067
7846,145,149,LAE,1.9999188535763972
7847,145,150,LAE,2.7285807076966755
7848,145,146,LAE,1.6498016668594007
7849,145,149,LAE,1.724228528463596
7850,145,149,LAE,5.367584844344367
7851,145,170,LAE,5.023481245676704
7852,145,146,LAE,1.2620137196597867
7853,145,165,LAE,4.205969426393232
7854,145,149,LAE,2.4160309797922843
7855,145,151,LAE,9.061989885182593
7856,145,154,LAE,5.571666256697694
7857,145,146,LAE,1.1702635886752901
7858,145,146,LAE,4.599814238149301
7859,145,150,LAE,5.043689186396468
7860,143,151,LAE,2.891004670247219
7861,143,150,LAE,3.26670848588199
7862,143,165,LAE,4.238037779316701
7863,143,147,LAE,4.064854480314057
7864,144,147,LAE,2.5795734050547194
7865,144,148,LAE,5.7634874191821615
7866,144,151,LAE,3.910902759060643
7867,144,147,LAE,7.38077506241962
7868,144,147,LAE,2.6583104722816304
7869,144,148,LAE,2.6818834339413624
7870,144,166,LAE,4.699680266408251
7871,145,151,LAE,2.401160405603145
7872,145,149,LAE,1.9460175188938882
7873,145,172,LAE,5.596786543085092
7874,145,153,LAE,2.3881745383569295
7875,145,154,LAE,5.849447726880769
7876,145,150,LAE,5.382532351084706
7877,145,147,LAE,3.788467990879495
7878,145,148,LAE,5.3447350187915434
7879,145,147,LAE,2.3696325234871405
7880,145,147,LAE,5.094176949652335
7881,145,147,LAE,5.17086085011897
7882,145,147,LAE,2.4027923265177815
7883,145,150,LAE,1.9087595349918784
7884,146,148,LAE,1.6361892242376121
7885,146,151,LAE,1.6456520553167058
7886,146,147,LAE,1.2738005768387448
7887,146,150,LAE,2.9843437102250485
7888,146,149,LAE,1.6648426203496594
7889,146,167,LAE,4.484235185518346
7890,146,149,LAE,1.3368387876217223
7891,146,150,LAE,1.7330766416496566
7892,146,150,LAE,2.2522404917458316
7893,146,155,LAE,4.005391817643063
7894,146,152,LAE,4.273490440260547
7895,146,152,LAE,3.9510214828897974
7896,146,152,LAE,1.7890165316452151
7897,146,151,LAE,2.741604565434808
7898,146,153,LAE,3.034269930572249
7899,146,147,LAE,1.267199911030287
7900,146,150,LAE,8.568607381215951
7901,146,153,LAE,3.687619947693456
7902,144,148,LAE,2.2815099048150453
7903,144,152,LAE,4.798623670711067
7904,144,152,LAE,5.1538193845073765
7905,144,148,LAE,3.8626790373370925
7906,144,150,LAE,2.6104501591987197
7907,144,165,LAE,6.063148061194316
7908,144,148,LAE,2.8875847145578986
7909,144,151,LAE,3.0458914992579014
7910,144,156,LAE,5.595363900582464
7911,144,148,LAE,2.585842032801122
7912,145,148,LAE,1.5547751002252514
7913,145,149,LAE,1.8057064292501162
7914,145,165,LAE,4.433869123219024
7915,145,170,LAE,5.586953185227648
7916,145,153,LAE,2.3748589929175807
7917,145,166,LAE,3.469905466435277
7918,145,170,LAE,5.242520337057648
7919,145,151,LAE,4.33377105941047
7920,146,148,LAE,6.6559832670766035
7921,146,148,LAE,1.7326464231585137
7922,146,171,LAE,5.008107969202055
7923,146,149,LAE,1.8068848639120092
7924,146,148,LAE,1.8068055340461442
7925,146,161,LAE,3.7430226368467787
7926,146,150,LAE,2.220688360478307
7927,146,158,LAE,5.3459177829095035
7928,146,153,LAE,2.1423028208851855
7929,146,152,LAE,2.7742730110965703
7930,147,149,LAE,1.3260704161844572
7931,147,150,LAE,1.3629639381933925
7932,147,148,LAE,3.373531766819386
7933,147,170,LAE,9.691031150071776
7934,147,153,LAE,6.968104992935163
7935,147,170,LAE,5.389291149898088
7936,147,149,LAE,1.4240410400477355
7937,147,148,LAE,3.130234438119492
7938,147,148,LAE,4.638321449489757
7939,147,148,LAE,1.3840998511960818
7940,147,161,LAE,5.340408394454391
7941,147,151,LAE,1.5914149941415998
7942,147,155,LAE,3.577564934499479
7943,147,151,LAE,3.0864394677885065
7944,147,156,LAE,4.278752687387346
7945,147,164,LAE,5.696648304544974
7946,147,150,LAE,2.0563129858847855
7947,147,155,LAE,4.0349834913624605
7948,147,148,LAE,3.628065755785025
7949,147,149,LAE,3.7791950761555775
7950,147,152,LAE,3.722700499371942
7951,147,173,LAE,4.757713002937807
7952,145,149,LAE,1.9657497942304438
7953,145,151,LAE,5.248325667037066
7954,145,149,LAE,4.2146198375305755
7955,145,152,LAE,3.481393607831543
7956,145,149,LAE,3.718313730225127
7957,146,153,LAE,4.052022947464625
7958,146,166,LAE,4.113739331137325
7959,146,159,LAE,5.315452513336069
7960,146,172,LAE,5.274054162749241
7961,147,149,LAE,1.3720313386745608
7962,147,149,LAE,1.5561062534168477
7963,147,151,LAE,2.2124171709219227
7964,147,149,LAE,1.4844598219060827
7965,147,158,LAE,5.843047847663942
7966,147,174,LAE,5.3065474258292085
7967,147,165,LAE,5.153645588034346
7968,148,150,LAE,3.374708790697319
7969,148,152,LAE,3.623000428836743
7970,148,149,LAE,1.1942562608350462
7971,148,152,LAE,3.6314568646607444
7972,148,151,LAE,1.481282617667923
7973,148,170,LAE,4.982711072782648
7974,148,149,LAE,0.959868210846744
7975,148,151,LAE,1.7966946743314183
7976,148,160,LAE,3.1700074159727443
7977,148,149,LAE,1.4131459288012869
7978,148,150,LAE,4.5525913027068565
7979,148,151,LAE,2.0735404199545298
7980,148,167,LAE,4.056768300578827
7981,148,149,LAE,1.1546163258913247
7982,148,150,LAE,1.2077509206793844
7983,148,152,LAE,2.4038561431259127
7984,148,149,LAE,4.317113845654928
7985,148,155,LAE,3.043130366069615
7986,146,150,LAE,3.830952044188982
7987,146,156,LAE,5.248790789788704
7988,146,157,LAE,5.329832482861881
7989,146,150,LAE,5.006216911417467
7990,147,150,LAE,2.510867945771272
7991,147,150,LAE,2.6327114332595922
7992,148,151,LAE,3.55670984153799
7993,148,150,LAE,3.1962376883172428
7994,148,152,LAE,3.52258751409098
7995,148,153,LAE,2.165986357015489
7996,148,158,LAE,5.587010254670412
7997,148,174,LAE,5.162281337569822
7998,148,152,LAE,1.9645142546180103
7999,148,158,LAE,4.281393152281099
8000,148,150,LAE,5.471619253085636
8001,148,150,LAE,1.146982449650913
8002,148,169,LAE,5.222579189050902
8003,148,172,LAE,4.702294168830843
8004,149,159,LAE,4.289783730669197
8005,149,166,LAE,3.704342778462306
8006,149,150,LAE,1.3460039383065139
8007,149,151,LAE,1.245399703013353
8008,149,153,LAE,2.5152913804864787
8009,149,151,LAE,1.96846492368318
8010,149,172,LAE,6.40131040226505
8011,149,150,LAE,1.0182077023879732
8012,149,151,LAE,1.8170881194727324
8013,149,154,LAE,2.0585111408279513
8014,149,169,LAE,4.992906764984687
8015,149,150,LAE,1.8479321549137304
8016,149,156,LAE,4.907134337892771
8017,149,170,LAE,4.624718044627276
8018,149,165,LAE,3.780834608138281
8019,149,170,LAE,4.346894568878479
8020,149,150,LAE,4.965731929938658
8021,149,150,LAE,6.822328158223987
8022,149,150,LAE,5.04424369457957
8023,149,158,LAE,3.814703909247864
8024,149,150,LAE,1.735079296925765
8025,149,150,LAE,1.9332029123689833
8026,147,163,LAE,5.94624559483063
8027,147,151,LAE,1.7590817004861985
8028,147,151,LAE,3.518944455766092
8029,147,177,LAE,8.50748498654009
8030,147,175,LAE,4.971597288813512
8031,148,162,LAE,5.4836382136345705
8032,149,152,LAE,2.4232047413310145
8033,149,153,LAE,2.363423349653582
8034,149,180,LAE,5.756954635622836
8035,149,159,LAE,5.260906194075239
8036,149,154,LAE,3.7282775200221487
8037,149,152,LAE,4.414587642043234
8038,149,151,LAE,4.690872324274227
8039,149,151,LAE,1.9432738243392456
8040,149,151,LAE,3.3192262163881585
8041,149,151,LAE,1.5953986954546153
8042,149,151,LAE,1.2358523781438822
8043,150,152,LAE,1.6387735398137555
8044,150,161,LAE,2.7311888579780885
8045,150,152,LAE,1.7496101769057166
8046,150,152,LAE,1.6350297274003724
8047,150,157,LAE,3.9331647740116074
8048,150,151,LAE,4.745527775981911
8049,150,151,LAE,1.645704751046024
8050,150,169,LAE,4.200208812051656
8051,150,160,LAE,2.904501779658982
8052,150,152,LAE,2.0878464571569344
8053,150,162,LAE,5.0257537241114125
8054,150,156,LAE,2.380731489588994
8055,150,165,LAE,4.468342999468405
8056,150,152,LAE,5.66526933339713
8057,150,169,LAE,7.154807221740741
8058,150,153,LAE,5.149737127794338
8059,150,160,LAE,2.969422618318895
8060,150,157,LAE,3.348452724442229
8061,150,152,LAE,1.642068465481593
8062,150,157,LAE,2.542833707626881
8063,150,151,LAE,1.6708705976931773
8064,150,151,LAE,1.6545673802883119
8065,150,172,LAE,4.805795454996848
8066,150,166,LAE,4.839174004614492
8067,150,151,LAE,1.6633315906262083
8068,150,162,LAE,5.410939418343042
8069,150,170,LAE,4.807763781254638
8070,150,172,LAE,5.157715106548952
8071,148,152,LAE,3.777328800219468
8072,148,164,LAE,3.462127384598216
8073,148,152,LAE,4.467399576163404
8074,149,153,LAE,1.481726350394274
8075,149,152,LAE,2.8123502246563516
8076,149,152,LAE,4.224226832001431
8077,149,152,LAE,5.265005600180573
8078,149,173,LAE,6.846652175522006
8079,149,154,LAE,7.1014343400300834
8080,150,152,LAE,1.4973863216789414
8081,150,155,LAE,4.646744668843534
8082,150,169,LAE,4.184679366594786
8083,150,153,LAE,2.241401698694635
8084,150,163,LAE,3.3004582735754426
8085,150,154,LAE,2.584063657366359
8086,150,175,LAE,4.938069287954568
8087,150,152,LAE,1.2717155336925037
8088,150,162,LAE,3.8001357012090136
8089,150,157,LAE,1.8042418905187956
8090,150,152,LAE,4.94376839279739
8091,150,171,LAE,4.386655129769325
8092,150,161,LAE,3.381520717537034
8093,150,152,LAE,4.271004440047799
8094,150,169,LAE,4.610518666177789
8095,150,152,LAE,4.444457446996619
8096,151,169,LAE,3.9185254306292827
8097,151,152,LAE,1.472207328349726
8098,151,158,LAE,4.069614622110919
8099,151,154,LAE,6.914286287145294
8100,151,152,LAE,1.1731274668737268
8101,151,152,LAE,1.493797099024877
8102,151,155,LAE,4.72272535540637
8103,151,169,LAE,3.8367291589135184
8104,151,171,LAE,4.505341912057428
8105,151,152,LAE,1.5988126175509971
8106,151,165,LAE,10.127593825523242
8107,151,152,LAE,2.753955408477534
8108,151,152,LAE,1.5295917403937789
8109,151,171,LAE,4.197748559898686
8110,151,161,LAE,6.201005510648118
8111,151,162,LAE,8.732946436133675
8112,151,152,LAE,0.9902312695917368
8113,151,153,LAE,1.3596449063166232
8114,151,165,LAE,3.3902045650005213
8115,151,152,LAE,3.2971467347772365
8116,149,153,LAE,4.524444116911092
8117,151,157,LAE,2.407774481265289
8118,151,153,LAE,1.1724093304322336
8119,151,163,LAE,3.6380318648722256
8120,151,164,LAE,3.1299149811317912
8121,151,163,LAE,5.14460963261692
8122,151,165,LAE,5.603007023014907
8123,151,153,LAE,5.731554367454324
8124,151,184,LAE,6.093647308637214
8125,151,159,LAE,4.659581574066421
8126,151,160,LAE,5.305154641331964
8127,151,153,LAE,2.464477623141943
8128,151,170,LAE,4.702738336457129
8129,151,153,LAE,3.2252026762207175
8130,151,153,LAE,4.4854978258281255
8131,152,153,LAE,4.402155562368318
8132,152,153,LAE,3.3813052809300035
8133,152,155,LAE,1.4352932816545214
8134,152,154,LAE,1.209028018572942
8135,152,154,LAE,1.6852154047312566
8136,152,166,LAE,2.8739824709281576
8137,152,153,LAE,2.1190757626204997
8138,152,163,LAE,5.240863658127932
8139,152,165,LAE,4.44548430913994
8140,152,173,LAE,5.554696080443617
8141,152,154,LAE,1.5336465322791206
8142,152,157,LAE,10.994620557754189
8143,152,167,LAE,3.607431643139922
8144,152,177,LAE,4.723979057035237
8145,152,169,LAE,5.9034462502341185
8146,150,154,LAE,4.085020332154051
8147,150,156,LAE,4.306752284922145
8148,150,162,LAE,4.414004528998608
8149,151,154,LAE,3.3729458542970137
8150,151,163,LAE,4.743632956976329
8151,151,163,LAE,5.345622040985956
8152,152,156,LAE,1.4627016673978634
8153,152,155,LAE,3.434925210187557
8154,152,161,LAE,4.18631951860561
8155,152,167,LAE,3.7347675150455086
8156,152,170,LAE,4.265949374952029
8157,152,154,LAE,1.9651932116051691
8158,152,171,LAE,4.25966838559693
8159,152,161,LAE,6.775718203929627
8160,152,172,LAE,4.868956599759181
8161,152,165,LAE,4.3340349743174755
8162,152,158,LAE,3.128164590005022
8163,152,157,LAE,2.4298988885909143
8164,152,171,LAE,4.287848567667464
8165,153,157,LAE,2.1344496373839195
8166,153,156,LAE,1.5102919081228416
8167,153,157,LAE,1.6852269541689981
8168,153,167,LAE,3.5714605926960235
8169,153,156,LAE,1.518242993923488
8170,153,154,LAE,4.244240312537971
8171,153,154,LAE,4.15169804198878
8172,153,154,LAE,7.888534877389239
8173,153,158,LAE,3.561949260434192
8174,153,154,LAE,5.272287483120565
8175,153,168,LAE,4.12077229087579
8176,153,154,LAE,4.5967432237745145
8177,153,180,LAE,4.78605283491248
8178,151,155,LAE,3.395128123946635
8179,151,176,LAE,4.90918606627778
8180,151,167,LAE,4.464279846690693
8181,151,171,LAE,4.690215392228784
8182,151,162,LAE,4.565861671456751
8183,151,155,LAE,3.9685000862420554
8184,153,157,LAE,2.115686707016698
8185,153,171,LAE,4.243465440498144
8186,153,155,LAE,2.0600332407308177
8187,153,156,LAE,1.8426759766490732
8188,153,161,LAE,2.482196238656582
8189,153,174,LAE,4.713485732000206
8190,153,171,LAE,4.107310915819546
8191,153,155,LAE,2.652876349925476
8192,153,171,LAE,4.259437794559042
8193,153,165,LAE,6.716310166908055
8194,153,155,LAE,4.04256543952687
8195,154,162,LAE,4.1540588837067745
8196,154,160,LAE,3.8671623676139033
8197,154,155,LAE,1.246841375150764
8198,154,161,LAE,4.914783023926548
8199,154,155,LAE,1.3972781413073532
8200,154,159,LAE,4.008207902940453
8201,154,157,LAE,1.8249423244171459
8202,154,155,LAE,4.228736596183144
8203,154,160,LAE,1.9981775509997155
8204,154,155,LAE,1.1760655025797495
8205,154,157,LAE,1.8532676052562054
8206,154,172,LAE,4.774862963391287
8207,154,155,LAE,1.3763578350350696
8208,154,156,LAE,1.9310795911612537
8209,154,155,LAE,1.8174591522312515
8210,154,155,LAE,1.5198540485702425
8211,154,155,LAE,0.7973680898274038
8212,154,155,LAE,1.7364226893495907
8213,154,157,LAE,4.846645671981872
8214,154,155,LAE,6.935054187591811
8215,154,173,LAE,4.100738840236494
8216,154,155,LAE,1.6924635672240749
8217,154,162,LAE,4.324929767409398
8218,154,156,LAE,1.1767635113791417
8219,154,155,LAE,1.5557462610517314
8220,154,155,LAE,5.780812612599202
8221,154,155,LAE,1.5159202656435433
8222,154,165,LAE,3.592346656013671
8223,154,161,LAE,2.3077496034256546
8224,154,162,LAE,4.417763928721523
8225,154,155,LAE,1.3825211567359394
8226,152,168,LAE,4.454275953254801
8227,152,156,LAE,4.003331440957291
8228,152,165,LAE,4.665361626642616
8229,152,164,LAE,5.527264444124311
8230,152,164,LAE,4.407052178441732
8231,153,161,LAE,4.890046592634183
8232,153,157,LAE,1.3715914145347423
8233,153,168,LAE,4.293636588591608
8234,153,167,LAE,3.785253946274771
8235,153,156,LAE,4.472402730926306
8236,153,176,LAE,4.579194418118945
8237,153,170,LAE,4.204443667662056
8238,154,156,LAE,3.011728634937389
8239,154,156,LAE,1.5340145941221155
8240,154,156,LAE,3.1765881006224093
8241,154,160,LAE,4.277254417548295
8242,154,156,LAE,1.5750654489866085
8243,154,156,LAE,1.8659991695618723
8244,154,175,LAE,4.2327761046502905
8245,154,157,LAE,1.7468831630074177
8246,154,156,LAE,3.3147965939392043
8247,154,157,LAE,5.983542641341327
8248,154,156,LAE,1.768490238536912
8249,155,157,LAE,1.0005189004919453
8250,155,160,LAE,2.016570542268497
8251,155,172,LAE,3.9404618991041187
8252,155,157,LAE,1.4073988311344707
8253,155,158,LAE,4.445595970723169
8254,155,157,LAE,1.4981781280319089
8255,155,156,LAE,3.9054040461667454
8256,155,156,LAE,1.0555421609149538
8257,155,157,LAE,1.3779156494054123
8258,155,156,LAE,1.0369668390569389
8259,155,160,LAE,4.160116020512008
8260,155,167,LAE,4.305095761862024
8261,155,156,LAE,1.9884913658508288
8262,155,175,LAE,4.74989846945665
8263,155,162,LAE,1.8670497972640183
8264,155,167,LAE,3.897663543218056
8265,155,175,LAE,4.117009752892668
8266,155,156,LAE,1.5553121991054417
8267,155,165,LAE,4.508590790752851
8268,155,161,LAE,4.196426729412769
8269,155,156,LAE,1.4225610255824197
8270,155,181,LAE,4.999431329105068
8271,155,156,LAE,1.610226010521488
8272,155,157,LAE,2.2532465728480955
8273,155,157,LAE,3.5064618063699227
8274,155,177,LAE,4.279169330742969
8275,155,170,LAE,5.734950298536754
8276,155,156,LAE,4.400559104604113
8277,155,156,LAE,1.6869965338440815
8278,155,165,LAE,2.377350056945157
8279,155,158,LAE,3.638947139351656
8280,153,169,LAE,4.260166735593131
8281,153,157,LAE,3.508029105754938
8282,153,164,LAE,4.49964617480473
8283,154,162,LAE,4.782902234822241
8284,154,177,LAE,6.008755119977973
8285,154,157,LAE,5.039205559184746
8286,154,168,LAE,4.273977459341116
8287,154,158,LAE,3.3511193556869956
8288,154,174,LAE,4.502185446051469
8289,154,157,LAE,1.5509950807581372
8290,155,157,LAE,1.0219689717826443
8291,155,157,LAE,1.3937842575575032
8292,155,159,LAE,2.6115937293396487
8293,155,181,LAE,5.546924079397343
8294,155,164,LAE,2.2268177392211626
8295,155,163,LAE,1.9864329352721166
8296,155,157,LAE,2.4827126009441423
8297,155,167,LAE,3.758811890872214
8298,155,176,LAE,4.929624859012949
8299,155,159,LAE,3.9122892287739166
8300,155,157,LAE,2.1622137357060214
8301,155,161,LAE,1.7230491740263856
8302,155,157,LAE,4.452978821080649
8303,155,158,LAE,1.4330622837937292
8304,155,161,LAE,5.4349530167237114
8305,155,157,LAE,4.190798457086903
8306,155,158,LAE,6.489842611345129
8307,156,164,LAE,3.86070210061543
8308,156,168,LAE,3.906030771467742
8309,156,171,LAE,3.741595098726723
8310,156,191,LAE,4.69494377091986
8311,156,160,LAE,1.3644774273334461
8312,156,176,LAE,4.330790759724297
8313,156,158,LAE,1.3963414309487265
8314,156,171,LAE,3.82479403730622
8315,156,160,LAE,2.48424001451845
8316,156,179,LAE,5.165883445846881
8317,156,160,LAE,2.851480987342057
8318,156,157,LAE,1.1238768239185672
8319,156,157,LAE,3.3783923856940232
8320,156,159,LAE,2.078843304755463
8321,156,158,LAE,2.3594860187382554
8322,156,157,LAE,3.53023047933203
8323,156,160,LAE,2.4758330224176492
8324,156,158,LAE,1.2476709277879776
8325,156,157,LAE,2.7743557998473074
8326,156,157,LAE,3.582060482146828
8327,154,158,LAE,4.238602932909304
8328,154,169,LAE,6.327563698521131
8329,155,158,LAE,4.760665867445332
8330,155,167,LAE,4.3837087770041885
8331,155,166,LAE,4.065099271317163
8332,155,188,LAE,6.478315632158919
8333,155,164,LAE,1.8990344078751038
8334,156,162,LAE,3.7784328275295493
8335,156,173,LAE,3.9369042001090904
8336,156,163,LAE,1.7344050508114015
8337,156,162,LAE,3.7775397671611866
8338,156,158,LAE,3.806276854283569
8339,156,158,LAE,4.006062213621318
8340,156,170,LAE,6.372182615770348
8341,156,172,LAE,5.7437169205560465
8342,156,174,LAE,4.4127909866634925
8343,156,158,LAE,1.748978446064755
8344,156,159,LAE,1.6871042875525355
8345,156,158,LAE,1.2369923218212815
8346,157,160,LAE,2.19226505739842
8347,157,161,LAE,1.59938570601936
8348,157,171,LAE,3.794667801057935
8349,157,159,LAE,1.127996963095789
8350,157,170,LAE,3.458976925333976
8351,157,165,LAE,2.994991447198019
8352,157,163,LAE,2.992522123833283
8353,157,159,LAE,1.413709275494911
8354,157,159,LAE,1.5689238431751884
8355,157,163,LAE,4.883928403087582
8356,157,194,LAE,7.010466364763814
8357,157,162,LAE,1.934282167363402
8358,157,158,LAE,1.639605950361872
8359,157,165,LAE,4.7558054208734655
8360,157,162,LAE,4.834941498028125
8361,157,167,LAE,2.602058158191922
8362,157,170,LAE,3.7030649448206474
8363,157,166,LAE,2.1699386770511726
8364,157,160,LAE,4.58690135647489
8365,157,158,LAE,0.9448984187162295
8366,157,158,LAE,4.19139659202879
8367,157,160,LAE,1.2671985979778304
8368,157,161,LAE,3.3114383390359645
8369,155,159,LAE,4.326511030143151
8370,155,167,LAE,6.44033953393273
8371,155,170,LAE,4.528046801976107
8372,156,168,LAE,3.1860351919863064
8373,156,159,LAE,1.8813314536747856
8374,156,165,LAE,3.7721283131921743
8375,157,170,LAE,3.3888275861061667
8376,157,197,LAE,7.0808030790055065
8377,157,162,LAE,4.398130171042792
8378,157,159,LAE,3.024379057689254
8379,157,159,LAE,4.154063374339289
8380,157,159,LAE,3.0207848684476937
8381,157,160,LAE,4.21883230999639
8382,157,159,LAE,3.8033663885158355
8383,158,159,LAE,1.2367803827649837
8384,158,162,LAE,1.4265456176995823
8385,158,159,LAE,1.3910670900007165
8386,158,163,LAE,2.012274187417396
8387,158,159,LAE,1.259939031464721
8388,158,160,LAE,1.3903981587470668
8389,158,159,LAE,1.1889223759203007
8390,158,166,LAE,2.4344581450516385
8391,158,171,LAE,3.7070143784571075
8392,158,159,LAE,1.123716102960786
8393,158,159,LAE,1.193630558865204
8394,158,159,LAE,1.4130239962583895
8395,158,164,LAE,23.11514160565662
8396,158,166,LAE,3.807413491614063
8397,158,163,LAE,1.7267126431654543
8398,158,161,LAE,1.1362332809609408
8399,158,168,LAE,2.7795627154832583
8400,158,159,LAE,1.5738150303229663
8401,158,162,LAE,1.7379720237611112
8402,158,159,LAE,0.9767433187991251
8403,157,164,LAE,3.9522744545916972
8404,157,173,LAE,3.226025851273371
8405,157,163,LAE,3.64112571516025
8406,157,160,LAE,6.78069028141817
8407,157,160,LAE,4.448359801520696
8408,157,160,LAE,4.149241061354777
8409,158,167,LAE,3.606761350289191
8410,158,168,LAE,2.609644821884659
8411,158,167,LAE,5.0762268349157775
8412,158,163,LAE,3.701297295261408
8413,158,164,LAE,5.8167255683328625
8414,158,160,LAE,1.410818358881074
8415,158,164,LAE,2.4652452669488807
8416,158,166,LAE,7.1478530836153675
8417,158,160,LAE,1.0399716853067447
8418,158,160,LAE,3.606588898646843
8419,158,160,LAE,3.452737200074945
8420,159,160,LAE,3.7380096324754093
8421,159,161,LAE,1.4169740934263968
8422,159,160,LAE,3.499040490990873
8423,159,162,LAE,1.080510240299371
8424,159,160,LAE,3.6544192541645244
8425,159,168,LAE,3.601618223289164
8426,159,160,LAE,1.1174435633125628
8427,159,160,LAE,4.008988608921498
8428,159,160,LAE,1.078676547545258
8429,159,165,LAE,5.159785093089918
8430,159,163,LAE,1.4088143999681813
8431,159,160,LAE,3.4358012750695535
8432,159,163,LAE,1.7691836175259503
8433,159,173,LAE,5.788727228127663
8434,159,164,LAE,2.1644577074612408
8435,159,160,LAE,1.539900666185647
8436,159,160,LAE,1.4016834379115128
8437,159,169,LAE,2.6533802146960475
8438,159,160,LAE,1.230452570681905
8439,159,196,LAE,5.524330904367625
8440,159,160,LAE,1.2970416008480143
8441,159,166,LAE,5.046535463647844
8442,159,160,LAE,1.4243736797148117
8443,159,187,LAE,9.937873809141067
8444,159,162,LAE,3.779135696674745
8445,159,161,LAE,1.5194106369607343
8446,159,160,LAE,1.3998909503682775
8447,159,160,LAE,3.5195442753706137
8448,159,162,LAE,4.83418161921434
8449,157,163,LAE,9.95483604633258
8450,158,166,LAE,2.5089630662590925
8451,158,173,LAE,3.9114575847713655
8452,158,168,LAE,2.8458145635751997
8453,158,164,LAE,2.9043890016773664
8454,158,161,LAE,1.9676639550592072
8455,159,162,LAE,4.723310353579201
8456,159,161,LAE,1.4230739478554668
8457,159,162,LAE,3.44877731578875
8458,159,169,LAE,4.8627220441154835
8459,159,163,LAE,1.3583540781333823
8460,159,161,LAE,1.3870703159650535
8461,159,172,LAE,3.6580119586502367
8462,159,173,LAE,3.1298512798472555
8463,159,161,LAE,2.184904380108037
8464,160,164,LAE,1.2856605837368733
8465,160,163,LAE,1.1016648914764313
8466,160,179,LAE,4.220943084349501
8467,160,162,LAE,1.0766889848792267
8468,160,169,LAE,2.9453898215817724
8469,160,172,LAE,3.381075660483968
8470,160,161,LAE,0.8454989386027805
8471,160,162,LAE,1.1819011213309814
8472,160,162,LAE,1.4166173628246872
8473,160,161,LAE,0.8636256790674058
8474,160,173,LAE,3.429402857894593
8475,160,161,LAE,1.0079177017933523
8476,160,163,LAE,2.1102499815501696
8477,160,161,LAE,1.439888456319855
8478,160,161,LAE,2.9902414595916875
8479,160,161,LAE,1.4171428272961837
8480,160,165,LAE,1.6414395121273941
8481,160,165,LAE,2.385036721952284
8482,160,161,LAE,2.035990648268558
8483,160,164,LAE,4.089991960564174
8484,160,172,LAE,3.320296480330869
8485,160,163,LAE,1.1882368009310635
8486,158,162,LAE,4.363613742296075
8487,158,167,LAE,4.920426253966171
8488,158,162,LAE,3.127093296669881
8489,158,170,LAE,3.746653544266744
8490,159,162,LAE,4.239808078142025
8491,159,162,LAE,4.724405704326691
8492,159,165,LAE,4.485369102187224
8493,159,168,LAE,3.325598074405927
8494,159,162,LAE,3.935377380903181
8495,159,168,LAE,2.8416384194138837
8496,159,163,LAE,1.6908940436247788
8497,159,164,LAE,2.039938263034887
8498,159,168,LAE,3.184316086025437
8499,159,162,LAE,3.152196372558993
8500,159,169,LAE,2.5713508769420614
8501,160,163,LAE,3.4552644304164777
8502,160,163,LAE,1.2073286937759593
8503,160,177,LAE,5.832050706794641
8504,160,165,LAE,2.6996850874519622
8505,160,164,LAE,4.6791547591450575
8506,160,168,LAE,4.016087198404737
8507,160,162,LAE,1.9063731318217205
8508,160,162,LAE,7.1885512846823
8509,160,165,LAE,4.985140936082992
8510,160,162,LAE,7.850731696842713
8511,161,164,LAE,1.0794193957717495
8512,161,167,LAE,2.0555071045568276
8513,161,179,LAE,6.130322859538248
8514,161,171,LAE,2.7097958953595964
8515,161,163,LAE,2.6663571434937894
8516,161,164,LAE,1.1156141234694896
8517,161,162,LAE,2.639192239146359
8518,161,168,LAE,3.7109733592486567
8519,161,163,LAE,1.109360115957919
8520,161,181,LAE,3.5945622240743558
8521,161,165,LAE,1.6021805540892824
8522,161,164,LAE,1.0733078428828111
8523,161,180,LAE,6.044278025394344
8524,161,165,LAE,1.3918664339511562
8525,161,163,LAE,6.035746480856345
8526,161,163,LAE,2.7994712465711213
8527,161,162,LAE,3.249972369534422
8528,161,162,LAE,3.070071709720565
8529,159,179,LAE,5.882189286753751
8530,159,164,LAE,6.290368497981936
8531,159,163,LAE,2.304933952931671
8532,160,167,LAE,3.6571061359885797
8533,160,163,LAE,4.089456036885334
8534,160,179,LAE,3.8868747120967733
8535,160,166,LAE,4.053018024508073
8536,160,168,LAE,3.1523265670678993
8537,161,168,LAE,2.4833277934245777
8538,161,165,LAE,2.5633127344777513
8539,161,163,LAE,3.442391968956596
8540,161,173,LAE,3.1734842867218878
8541,161,171,LAE,3.1950291222802396
8542,161,171,LAE,3.0234199544945977
8543,161,167,LAE,1.9110478862650633
8544,161,167,LAE,1.6130818744201296
8545,161,199,LAE,8.039242372156558
8546,161,166,LAE,8.921941830095388
8547,161,171,LAE,2.7681084306749018
8548,161,172,LAE,3.0294372606973496
8549,161,163,LAE,3.418316066559359
8550,161,173,LAE,3.2436767395163337
8551,161,165,LAE,1.45214063606277
8552,161,163,LAE,1.793981415562035
8553,162,163,LAE,3.2150473302929865
8554,162,163,LAE,1.2565029283751412
8555,162,164,LAE,0.9252850280489547
8556,162,164,LAE,1.2589788134287783
8557,162,166,LAE,1.2845979716430824
8558,162,165,LAE,1.5659040067165249
8559,162,164,LAE,1.3851604937921207
8560,162,163,LAE,3.418049809675037
8561,162,168,LAE,2.3891701216322594
8562,162,173,LAE,3.3098318508447404
8563,162,163,LAE,1.4046571248106723
8564,162,170,LAE,2.217421536177289
8565,162,165,LAE,1.6125556882187058
8566,162,163,LAE,2.4290667205900682
8567,162,164,LAE,1.7903024594327006
8568,162,163,LAE,1.1029641507191497
8569,162,164,LAE,1.5678141601244715
8570,162,165,LAE,1.4631811317121464
8571,162,166,LAE,8.308670981176018
8572,162,172,LAE,6.331328583719153
8573,160,164,LAE,3.2032796259034315
8574,161,164,LAE,2.410404260462998
8575,161,164,LAE,1.490848675648212
8576,161,165,LAE,1.5372433768956366
8577,161,193,LAE,5.337451024890261
8578,161,164,LAE,1.9483127985003699
8579,161,164,LAE,5.988649965274461
8580,161,164,LAE,2.844206210784588
8581,162,175,LAE,5.101023803794533
8582,162,166,LAE,3.7877966598364567
8583,162,166,LAE,3.13962578067141
8584,162,168,LAE,4.319108402870414
8585,162,172,LAE,2.736936867821034
8586,162,167,LAE,1.8642322489144805
8587,162,164,LAE,1.3006142021796474
8588,162,164,LAE,1.7176042365990003
8589,162,167,LAE,1.9341357075733618
8590,162,165,LAE,1.622151890365697
8591,162,164,LAE,1.7519404744820488
8592,162,164,LAE,3.207802064991298
8593,162,164,LAE,1.8884620613017506
8594,162,169,LAE,2.2266730654066347
8595,162,164,LAE,4.637804635418544
8596,162,171,LAE,2.820401545969844
8597,162,164,LAE,3.52405114189785
8598,162,166,LAE,1.8950492349872257
8599,163,176,LAE,3.0407267249626386
8600,163,164,LAE,1.4755470566957214
8601,163,164,LAE,1.297923176403959
8602,163,164,LAE,1.3771978864163612
8603,163,168,LAE,1.9566280356824786
8604,163,173,LAE,2.872103072662724
8605,163,194,LAE,8.822034314965466
8606,163,164,LAE,1.6582614170811185
8607,163,165,LAE,1.3742033913022793
8608,163,167,LAE,3.2283157679750665
8609,163,164,LAE,2.474927690111848
8610,163,166,LAE,5.904527886873388
8611,163,173,LAE,2.9871440526856254
8612,163,164,LAE,1.531315277391973
8613,163,171,LAE,4.895444561201639
8614,163,165,LAE,1.202708447107105
8615,163,186,LAE,5.832595970629489
8616,163,178,LAE,3.358281815022022
8617,163,166,LAE,1.5838258544663937
8618,163,181,LAE,4.46566314829832
8619,163,167,LAE,6.139950504172752
8620,163,166,LAE,3.103023375256841
8621,163,167,LAE,1.5406290245538785
8622,163,164,LAE,1.6788074892112788
8623,163,165,LAE,1.0937555901226423
8624,163,165,LAE,2.4725229253889993
8625,163,169,LAE,3.0798752970035235
8626,163,164,LAE,4.5029524325202095
8627,163,164,LAE,1.6607233522212996
8628,161,184,LAE,4.742323755915036
8629,161,187,LAE,5.569624311558735
8630,161,169,LAE,2.7734823733503657
8631,161,165,LAE,2.106265416228261
8632,162,172,LAE,5.077346168824101
8633,162,181,LAE,4.258237219674136
8634,162,166,LAE,2.7210762533350867
8635,162,170,LAE,2.8304400020222107
8636,162,168,LAE,4.345254687096194
8637,163,166,LAE,1.6577375098650895
8638,163,174,LAE,2.846044829076818
8639,163,169,LAE,2.378485345408143
8640,163,165,LAE,4.156755962477886
8641,163,165,LAE,2.7294298227338603
8642,163,165,LAE,3.988934062510556
8643,163,165,LAE,1.6994427000781271
8644,163,165,LAE,2.762994090065004
8645,163,167,LAE,1.7712193525954503
8646,163,168,LAE,3.0861909964763914
8647,163,181,LAE,3.8946154328410882
8648,163,165,LAE,1.8699823911082003
8649,163,175,LAE,3.0134714253665886
8650,163,165,LAE,5.554379368005923
8651,163,166,LAE,1.7244286268721212
8652,163,169,LAE,1.9197533688580621
8653,164,167,LAE,1.3577861029291034
8654,164,167,LAE,1.4359805929027112
8655,164,165,LAE,1.0876728609680946
8656,164,168,LAE,1.7650580927163158
8657,164,174,LAE,2.8292662891056453
8658,164,165,LAE,3.3783687192140244
8659,164,179,LAE,3.6454255441285515
8660,164,198,LAE,8.986972087027606
8661,164,165,LAE,1.5181244411913528
8662,164,165,LAE,1.26170498888415
8663,164,165,LAE,3.262066681102537
8664,164,165,LAE,1.1267521273104482
8665,164,165,LAE,0.8917779049642127
8666,164,175,LAE,2.976700039330103
8667,164,172,LAE,2.477742267362149
8668,164,165,LAE,0.8278042516566779
8669,164,166,LAE,1.0408545395278663
8670,164,165,LAE,1.1088272010578668
8671,164,169,LAE,1.9018610418629298
8672,164,168,LAE,1.7365048965922159
8673,164,172,LAE,2.740660478025982
8674,164,174,LAE,3.0226939099926393
8675,164,165,LAE,1.1547636827656738
8676,164,179,LAE,4.271340031409231
8677,164,165,LAE,1.4551408417738085
8678,164,167,LAE,1.26726476177166
8679,164,173,LAE,2.7138289026662994
8680,164,173,LAE,4.393757693654685
8681,164,200,LAE,7.666496432580213
8682,164,185,LAE,5.882890178934244
8683,164,165,LAE,2.255755101765282
8684,164,165,LAE,1.2773855138234853
8685,164,170,LAE,3.0020486158447692
8686,164,172,LAE,2.438579666322871
8687,162,166,LAE,3.992052397685268
8688,162,170,LAE,2.499962321030516
8689,162,166,LAE,3.460918439500465
8690,162,170,LAE,2.560098416055272
8691,163,166,LAE,9.135525359338715
8692,163,167,LAE,1.7400389000923084
8693,163,169,LAE,3.438870078476167
8694,163,168,LAE,1.8555364379319657
8695,163,183,LAE,5.285875563871362
8696,163,166,LAE,3.3834780453379008
8697,164,168,LAE,2.921678826227077
8698,164,171,LAE,2.9361561031384835
8699,164,166,LAE,3.175727057474625
8700,164,168,LAE,3.5752501144411153
8701,164,166,LAE,3.1376647620053837
8702,164,172,LAE,2.541033683007679
8703,164,167,LAE,4.002574117080607
8704,164,170,LAE,2.8107193657961864
8705,164,166,LAE,1.4438090102193422
8706,164,180,LAE,3.61825092498817
8707,165,166,LAE,1.3322104137128183
8708,165,167,LAE,0.8937784566980185
8709,165,167,LAE,0.90742087889144
8710,165,173,LAE,2.230760047668521
8711,165,175,LAE,3.0277913927976647
8712,165,167,LAE,1.3646769206338294
8713,165,166,LAE,4.764683340490255
8714,165,167,LAE,1.1464309487333522
8715,165,175,LAE,2.695081041804059
8716,165,167,LAE,0.9439176819157549
8717,165,176,LAE,3.092785121950059
8718,165,166,LAE,1.550828635038457
8719,165,167,LAE,1.3411099800675819
8720,165,171,LAE,2.51226637076839
8721,165,188,LAE,5.343140979875543
8722,165,175,LAE,2.7527277610117404
8723,165,172,LAE,4.563072457328496
8724,165,166,LAE,3.7020033657412896
8725,165,167,LAE,1.341245305017061
8726,165,166,LAE,3.3759463780633285
8727,165,167,LAE,1.3295525873692915
8728,165,190,LAE,5.672801713473149
8729,165,180,LAE,5.280586857280285
8730,165,166,LAE,1.5145045142961917
8731,165,166,LAE,1.2118816407098538
8732,165,166,LAE,1.7053331998604904
8733,165,174,LAE,2.4258529669686104
8734,165,172,LAE,2.8972393834806165
8735,165,176,LAE,2.7744367824134772
8736,165,169,LAE,3.7602619021912647
8737,165,173,LAE,2.2635959958970724
8738,165,166,LAE,1.8160686860972646
8739,165,180,LAE,3.2657529216233043
8740,165,167,LAE,1.5949614389462063
8741,165,168,LAE,2.003910452117171
8742,165,166,LAE,1.762558259730137
8743,163,167,LAE,3.205987969257789
8744,163,173,LAE,3.122199351504263
8745,164,173,LAE,2.6227537176590077
8746,164,171,LAE,2.6313389625844503
8747,164,167,LAE,1.8514502392586731
8748,164,167,LAE,3.0689473071492412
8749,164,167,LAE,3.4294406559401587
8750,164,189,LAE,5.455133298335667
8751,165,187,LAE,4.70659515701189
8752,165,167,LAE,3.60376380211664
8753,165,167,LAE,1.5647702512185298
8754,165,168,LAE,3.0091740224583288
8755,165,169,LAE,1.6857512228472187
8756,165,169,LAE,1.493629371624168
8757,165,167,LAE,1.6943995862471264
8758,165,167,LAE,1.631234059361163
8759,165,174,LAE,5.1953126880154565
8760,165,167,LAE,2.7470943464503472
8761,166,173,LAE,2.1160801851737823
8762,166,168,LAE,1.8041482135371456
8763,166,169,LAE,1.5381579956299174
8764,166,171,LAE,2.344973295982813
8765,166,167,LAE,1.148277755724509
8766,166,167,LAE,1.435235290777926
8767,166,170,LAE,1.8406521475617734
8768,166,172,LAE,2.3136443117077894
8769,166,170,LAE,1.681257767000044
8770,166,171,LAE,2.365858952898997
8771,166,169,LAE,2.0184532990780513
8772,166,167,LAE,2.2577990390339586
8773,166,168,LAE,3.6808871321578724
8774,166,169,LAE,2.298794701521614
8775,166,170,LAE,1.3890483749292237
8776,166,167,LAE,1.152813667097466
8777,166,173,LAE,2.357698306269912
8778,166,174,LAE,3.639914445585489
8779,166,171,LAE,2.074973223763316
8780,166,169,LAE,2.641765105020587
8781,166,168,LAE,1.287883767595735
8782,166,173,LAE,2.072388302890878
8783,166,167,LAE,2.5597439671607085
8784,166,167,LAE,2.3311362022639077
8785,164,172,LAE,2.6688530877379812
8786,165,168,LAE,1.7444493466029791
8787,165,172,LAE,2.5762283350415376
8788,165,172,LAE,6.369961519353528
8789,165,170,LAE,3.166263278509617
8790,166,170,LAE,2.7019979507956995
8791,166,168,LAE,1.622453815618414
8792,166,171,LAE,2.7188150730024194
8793,166,168,LAE,1.6163851788378085
8794,166,168,LAE,1.590496770955903
8795,166,168,LAE,1.6932543969543943
8796,166,168,LAE,2.6677626561157974
8797,166,168,LAE,1.9833160146696747
8798,166,174,LAE,2.6787594812675692
8799,167,171,LAE,1.9429855015251218
8800,167,170,LAE,1.6147883160443581
8801,167,168,LAE,1.099206291832298
8802,167,172,LAE,1.7934910231977679
8803,167,184,LAE,4.36964689926171
8804,167,171,LAE,1.7678382114006603
8805,167,168,LAE,2.6455287400693184
8806,167,168,LAE,1.7856761280383588
8807,167,172,LAE,2.25386033086441
8808,167,168,LAE,1.3531083048160988
8809,167,168,LAE,2.0886016239504106
8810,167,173,LAE,2.2605165253894897
8811,167,171,LAE,2.0795945002245606
8812,167,168,LAE,1.0571208541851265
8813,167,172,LAE,2.0634886246904376
8814,167,177,LAE,6.568122232664259
8815,167,171,LAE,1.8609160570039438
8816,167,185,LAE,4.120774692015557
8817,167,170,LAE,1.806153008767654
8818,167,171,LAE,2.2054212172638255
8819,167,174,LAE,2.3775604604553306
8820,167,169,LAE,1.640308386873623
8821,167,168,LAE,2.1262451204100583
8822,167,190,LAE,7.440421472758149
8823,167,170,LAE,1.552516310856035
8824,167,168,LAE,1.3352830837039682
8825,167,168,LAE,1.1933478625736402
8826,167,174,LAE,2.670080451472061
8827,167,187,LAE,4.706423042736933
8828,167,171,LAE,2.3247045547824303
8829,167,171,LAE,1.91751117636805
8830,167,172,LAE,4.438346687098147
8831,167,169,LAE,0.9450357789770782
8832,165,169,LAE,4.236856865914885
8833,166,170,LAE,2.7274822808369503
8834,166,169,LAE,5.993571797712336
8835,166,170,LAE,1.9301927597977768
8836,166,169,LAE,1.7492693023551729
8837,166,169,LAE,2.154138191430756
8838,167,178,LAE,3.3051729424973653
8839,167,174,LAE,4.415428582124738
8840,167,169,LAE,1.4348727379757948
8841,167,186,LAE,4.134904780627506
8842,167,169,LAE,1.089298600856778
8843,168,179,LAE,8.047240485949207
8844,168,169,LAE,0.9485978331375226
8845,168,169,LAE,0.8981598463223371
8846,168,191,LAE,7.461237636284817
8847,168,170,LAE,1.0156195441901126
8848,168,170,LAE,0.980851166318941
8849,168,173,LAE,5.205211556319534
8850,168,171,LAE,1.3660619693507046
8851,168,172,LAE,1.9752995535099045
8852,168,170,LAE,0.9467007682374851
8853,168,174,LAE,7.789382979434106
8854,168,173,LAE,1.6880811854267903
8855,168,172,LAE,1.9118132723386494
8856,168,173,LAE,1.8799928978873948
8857,168,171,LAE,2.361313287579369
8858,168,179,LAE,8.536017632532474
8859,168,169,LAE,2.396197037648065
8860,168,181,LAE,2.6444090187136395
8861,168,175,LAE,2.3319280516807854
8862,168,182,LAE,4.853275113296896
8863,168,180,LAE,4.317832897425519
8864,168,172,LAE,2.012952803933349
8865,168,172,LAE,1.9890712301252653
8866,168,173,LAE,3.312654710089072
8867,168,171,LAE,1.6436953573070587
8868,168,170,LAE,0.9223329341513643
8869,168,169,LAE,2.59506980923073
8870,168,169,LAE,1.481682249305633
8871,168,170,LAE,1.8480768437855448
8872,168,192,LAE,4.931613118434718
8873,168,172,LAE,7.9072343528450855
8874,168,169,LAE,6.021220546725078
8875,166,170,LAE,2.1656917106775215
8876,166,172,LAE,4.558537932227912
8877,166,170,LAE,4.455613812104468
8878,167,184,LAE,8.126847273219186
8879,167,170,LAE,4.152500386362359
8880,167,170,LAE,1.7271471116165031
8881,167,175,LAE,2.2445265009007858
8882,167,170,LAE,2.172312299370378
8883,168,171,LAE,6.972480526733247
8884,168,176,LAE,2.493023839556857
8885,168,170,LAE,1.7053695474655546
8886,168,184,LAE,4.128830637387408
8887,168,177,LAE,3.741914256520414
8888,168,171,LAE,1.9876703504616902
8889,168,170,LAE,2.2955561772861253
8890,168,171,LAE,1.16330985997159
8891,168,170,LAE,1.468072795860274
8892,169,185,LAE,4.121755704757882
8893,169,170,LAE,1.6883711813190678
8894,169,170,LAE,2.275808461298432
8895,169,170,LAE,1.5995040791863084
8896,169,177,LAE,7.040053651831381
8897,169,190,LAE,7.545275700236574
8898,169,172,LAE,1.6074661355237527
8899,169,187,LAE,3.9663106971847255
8900,169,170,LAE,1.6079881147324666
8901,169,170,LAE,1.2874189556091233
8902,169,170,LAE,1.9934502299628531
8903,169,171,LAE,1.8824231843357029
8904,169,173,LAE,1.8723256241677833
8905,169,170,LAE,6.429038911343465
8906,169,171,LAE,1.8298452664166378
8907,169,172,LAE,2.0488635865962923
8908,169,172,LAE,4.836015209792732
8909,169,172,LAE,1.30060323220722
8910,169,170,LAE,1.5643937345380723
8911,169,170,LAE,1.4090385912552426
8912,169,172,LAE,1.8714282913704243
8913,169,175,LAE,3.16111538683936
8914,169,174,LAE,1.6028937966652523
8915,169,172,LAE,1.3317108961733601
8916,169,176,LAE,2.5491528096396867
8917,169,172,LAE,5.149251622936334
8918,169,170,LAE,0.8544319341634925
8919,169,170,LAE,1.1073533013178847
8920,169,171,LAE,1.8625672804552396
8921,169,170,LAE,1.329374117515137
8922,169,175,LAE,2.1314916313122914
8923,169,172,LAE,1.3867215518975002
8924,169,187,LAE,6.509180179364093
8925,169,172,LAE,1.8289840063402913
8926,169,170,LAE,1.6678873504223146
8927,169,174,LAE,1.887794971177953
8928,167,172,LAE,4.8242653218719
8929,167,171,LAE,3.902494399633407
8930,167,174,LAE,4.019345841724868
8931,167,173,LAE,4.616891816620068
8932,167,174,LAE,4.441251391425496
8933,167,171,LAE,5.551559603280093
8934,168,171,LAE,3.476256621102481
8935,168,172,LAE,3.6898630279884097
8936,168,173,LAE,2.4207510956713865
8937,168,173,LAE,1.8880337906738207
8938,168,171,LAE,2.1935107704266463
8939,169,176,LAE,2.1559670591635545
8940,169,172,LAE,4.011824609966136
8941,169,174,LAE,4.21684418076796
8942,169,178,LAE,2.987426068453944
8943,169,172,LAE,1.9188905233631341
8944,169,171,LAE,4.4963386716055185
8945,169,176,LAE,2.158143142603203
8946,170,171,LAE,1.3961459641622607
8947,170,172,LAE,1.1380099648111732
8948,170,173,LAE,1.5399452453028786
8949,170,172,LAE,1.582017341045849
8950,170,186,LAE,4.751737452621927
8951,170,199,LAE,8.72649572411332
8952,170,181,LAE,6.592038074145049
8953,170,172,LAE,1.73011623984436
8954,170,172,LAE,1.2005798206246858
8955,170,172,LAE,1.7135010599388505
8956,170,177,LAE,4.343657043919882
8957,170,190,LAE,6.375457562416596
8958,170,181,LAE,3.1655274405287934
8959,170,173,LAE,4.7471790456350575
8960,170,171,LAE,0.8737091919297153
8961,170,176,LAE,4.447203262417278
8962,170,172,LAE,1.3685324201278557
8963,170,175,LAE,2.023007041555415
8964,170,171,LAE,1.74822172737788
8965,170,171,LAE,3.4232646993487483
8966,170,171,LAE,1.253817219726679
8967,170,179,LAE,4.575128528244169
8968,170,175,LAE,1.728329170740389
8969,170,174,LAE,8.246169477814925
8970,170,173,LAE,1.4724251037742897
8971,170,171,LAE,1.1321327114012243
8972,170,174,LAE,4.8808683877439165
8973,170,171,LAE,0.8175793232592027
8974,170,175,LAE,4.741218158733177
8975,170,171,LAE,6.488552218073453
8976,170,171,LAE,1.654448323440078
8977,170,171,LAE,2.093270466862495
8978,170,171,LAE,1.7139406606903465
8979,170,172,LAE,1.6832324635422684
8980,170,171,LAE,1.6944968251541188
8981,168,176,LAE,4.9755565849251235
8982,169,173,LAE,2.07467528869289
8983,169,172,LAE,1.6385677101728282
8984,170,174,LAE,2.0171727800326598
8985,170,172,LAE,1.699708425158005
8986,170,174,LAE,5.831724573854676
8987,170,172,LAE,1.4106459692539481
8988,170,173,LAE,1.7992972661096738
8989,170,173,LAE,1.8383413376579993
8990,170,176,LAE,4.69969729118193
8991,170,177,LAE,1.8970120340796737
8992,170,172,LAE,4.6900608567429325
8993,170,172,LAE,3.6852695198583265
8994,170,176,LAE,3.7195867205494975
8995,170,172,LAE,1.4272447078118597
8996,170,173,LAE,5.369638502135098
8997,170,172,LAE,5.155621775131153
8998,170,172,LAE,1.514750721834904
8999,171,172,LAE,1.8402449087011548
9000,171,173,LAE,1.0105650907242216
9001,171,172,LAE,1.511246043046255
9002,171,173,LAE,1.320865790438079
9003,171,175,LAE,4.098169594114869
9004,171,173,LAE,1.056959918401707
9005,171,176,LAE,3.8944774376110085
9006,171,172,LAE,1.2010050490341608
9007,171,172,LAE,1.746632367549589
9008,171,172,LAE,3.462444549253989
9009,171,173,LAE,2.051236120546426
9010,171,172,LAE,3.4628492294483624
9011,171,172,LAE,1.537878487546898
9012,171,178,LAE,4.600169012738085
9013,171,177,LAE,4.111151924769622
9014,171,172,LAE,1.3780528978336142
9015,171,172,LAE,1.5376669378736731
9016,171,172,LAE,1.1134219647096744
9017,171,172,LAE,1.1407016558751375
9018,171,173,LAE,1.0573700112082303
9019,171,175,LAE,1.597835584132734
9020,171,172,LAE,3.924146171072254
9021,171,172,LAE,1.8068489359366555
9022,171,176,LAE,3.8204033258358496
9023,171,172,LAE,1.5457923885885063
9024,171,175,LAE,1.8079580330812506
9025,171,172,LAE,3.3583349789828207
9026,171,172,LAE,1.5251683117489612
9027,171,176,LAE,1.7991964313250244
9028,171,172,LAE,1.5434626801384408
9029,171,172,LAE,1.5077498561813618
9030,171,185,LAE,6.327863300053367
9031,171,172,LAE,0.7842702008978806
9032,171,173,LAE,1.3349560647312813
9033,171,172,LAE,4.668573956079503
9034,171,172,LAE,1.5678610624234293
9035,171,172,LAE,4.435678930841631
9036,171,173,LAE,1.6630513232254949
9037,169,173,LAE,6.4934981112109655
9038,169,175,LAE,4.614549868030295
9039,169,186,LAE,5.0727984343733405
9040,170,177,LAE,3.7470022773031877
9041,170,175,LAE,2.210153970571817
9042,170,185,LAE,4.30941913451825
9043,170,183,LAE,4.516585717905744
9044,171,173,LAE,1.628491060099921
9045,171,178,LAE,3.8461929624515663
9046,171,175,LAE,4.119734589845371
9047,171,173,LAE,4.469740187704581
9048,171,173,LAE,5.625559926671093
9049,171,177,LAE,5.979395884693003
9050,171,173,LAE,1.248953456705962
9051,171,176,LAE,4.137471316032362
9052,171,173,LAE,7.1957534935618055
9053,171,173,LAE,1.5672899393891917
9054,171,177,LAE,2.166507759886762
9055,171,173,LAE,1.5503347195793822
9056,172,175,LAE,1.469144389691525
9057,172,173,LAE,1.7712871996299766
9058,172,173,LAE,1.2700336465732285
9059,172,176,LAE,8.564059807390564
9060,172,188,LAE,7.6131537304245915
9061,172,175,LAE,5.946332853532276
9062,172,174,LAE,1.7840889747442212
9063,172,177,LAE,6.809445051148108
9064,172,173,LAE,1.0446395562121527
9065,172,173,LAE,1.4108594834672172
9066,172,175,LAE,1.5114055832410163
9067,172,173,LAE,3.3652265450681633
9068,172,175,LAE,7.600291166745888
9069,172,181,LAE,2.623134606454163
9070,172,173,LAE,1.4972158425791493
9071,172,182,LAE,3.147654251969657
9072,172,173,LAE,1.3567551116428755
9073,172,176,LAE,1.6890549175952088
9074,172,175,LAE,1.929270806531591
9075,172,175,LAE,4.907206681929291
9076,172,182,LAE,3.3492978598718883
9077,172,174,LAE,1.7643174402985429
9078,172,181,LAE,2.6407143549768097
9079,172,189,LAE,4.3754154549015425
9080,172,173,LAE,1.3568483785284056
9081,172,176,LAE,1.538759651620932
9082,172,181,LAE,3.112669502964191
9083,172,174,LAE,1.347905954889573
9084,172,174,LAE,1.3598576662095758
9085,172,173,LAE,4.293040640182619
9086,172,177,LAE,1.9515620151475344
9087,172,176,LAE,1.414448636796526
9088,172,182,LAE,3.6421782106959886
9089,172,178,LAE,4.232244400899291
9090,172,173,LAE,3.5435727852488785
9091,170,184,LAE,17.348530490015992
9092,170,178,LAE,3.9504408506419324
9093,170,178,LAE,3.3495035166394715
9094,171,174,LAE,3.5888384096502493
9095,171,182,LAE,4.1216891326899425
9096,171,176,LAE,3.6519116407244083
9097,171,183,LAE,3.2309039078160358
9098,171,177,LAE,4.198324797304744
9099,171,180,LAE,5.099349393145332
9100,172,179,LAE,4.333245514743779
9101,172,179,LAE,8.46025845375884
9102,172,174,LAE,4.126652655285245
9103,172,182,LAE,6.7634260707008025
9104,172,174,LAE,1.0120891970037644
9105,172,175,LAE,7.539397203028469
9106,172,175,LAE,1.808210688030091
9107,172,174,LAE,3.798385482903861
9108,172,174,LAE,3.7693942482466483
9109,172,176,LAE,3.164338709451578
9110,172,178,LAE,3.609407808671112
9111,172,178,LAE,2.3320363691194927
9112,172,176,LAE,1.9972296317113465
9113,172,174,LAE,3.417192646903865
9114,173,175,LAE,1.032249625934195
9115,173,177,LAE,1.9768487682815568
9116,173,184,LAE,5.106042459229205
9117,173,179,LAE,2.277429783090386
9118,173,175,LAE,1.5953570143540705
9119,173,174,LAE,0.973188896014448
9120,173,190,LAE,7.663641961880636
9121,173,178,LAE,7.252660712977352
9122,173,174,LAE,1.3967601095463578
9123,173,184,LAE,2.912956636392417
9124,173,174,LAE,1.0180948259139626
9125,173,182,LAE,3.8971369170137247
9126,173,181,LAE,7.104739503903359
9127,173,174,LAE,1.1792587157680317
9128,173,175,LAE,1.0368582561811344
9129,173,175,LAE,1.2586299122694764
9130,173,176,LAE,1.6905588124632651
9131,173,177,LAE,1.5415808057689575
9132,173,177,LAE,1.953852440952698
9133,173,178,LAE,3.9977152778258342
9134,173,176,LAE,2.310763231316432
9135,173,174,LAE,3.5243264396198994
9136,173,176,LAE,4.018122591196105
9137,173,179,LAE,5.758694710874073
9138,173,180,LAE,2.1067432613910477
9139,173,175,LAE,1.6100221285566487
9140,173,179,LAE,3.0271035633024868
9141,173,174,LAE,1.6955830195038042
9142,173,176,LAE,2.5855971811723615
9143,173,175,LAE,1.086423828624463
9144,173,176,LAE,1.4384261195607013
9145,173,182,LAE,3.1381292538669814
9146,173,175,LAE,1.5548325319477605
9147,173,198,LAE,6.446445190833149
9148,173,183,LAE,2.8477131215579075
9149,173,174,LAE,1.5144845197411865
9150,173,174,LAE,4.229619684292842
9151,173,174,LAE,3.804089860171535
9152,173,174,LAE,3.611365770203693
9153,173,178,LAE,3.0957400048839627
9154,173,174,LAE,1.0141521273399157
9155,173,180,LAE,6.573319577237238
9156,173,200,LAE,7.271379892938569
9157,173,184,LAE,3.016161285071787
9158,173,174,LAE,0.9359665002094487
9159,173,177,LAE,1.5594602431017393
9160,173,180,LAE,2.246104131419001
9161,171,187,LAE,3.598106143193988
9162,171,194,LAE,8.6256688652416
9163,171,183,LAE,8.037437094297097
9164,172,185,LAE,2.967965486095656
9165,173,176,LAE,1.139724185557172
9166,173,195,LAE,7.709861233194872
9167,173,185,LAE,2.756871624513887
9168,173,175,LAE,1.4772156710552136
9169,173,178,LAE,1.86700564131811
9170,173,185,LAE,3.247410587509424
9171,173,175,LAE,4.034108806356288
9172,173,177,LAE,1.4340461090929
9173,173,183,LAE,9.735038246628905
9174,173,177,LAE,1.5591575048271717
9175,173,176,LAE,2.814506382179458
9176,173,176,LAE,1.4593730775367288
9177,173,175,LAE,1.7886662510992926
9178,173,179,LAE,1.6904520334890325
9179,173,175,LAE,1.3413368546848081
9180,173,177,LAE,5.663013619996731
9181,173,181,LAE,3.3401135192237454
9182,173,182,LAE,2.9458478112850432
9183,173,183,LAE,2.720353068915625
9184,173,175,LAE,1.5517963867473794
9185,174,175,LAE,7.42625640024054
9186,174,176,LAE,0.9111169828816522
9187,174,177,LAE,4.009903544060847
9188,174,176,LAE,0.992269764928798
9189,174,175,LAE,0.8748647175761793
9190,174,181,LAE,1.7377939544856598
9191,174,177,LAE,1.37050492685419
9192,174,176,LAE,1.0466067624421105
9193,174,175,LAE,0.7427896524880451
9194,174,177,LAE,1.4093172533863119
9195,174,187,LAE,7.284262487652664
9196,174,176,LAE,4.073152382323362
9197,174,175,LAE,0.8506322595735439
9198,174,182,LAE,6.62843800186104
9199,174,176,LAE,0.9556603701411698
9200,174,179,LAE,4.207331328523092
9201,174,180,LAE,6.600796295337213
9202,174,178,LAE,1.570401765004904
9203,174,175,LAE,0.8888826157138792
9204,174,184,LAE,2.799588054024427
9205,174,175,LAE,1.447300822755649
9206,174,175,LAE,0.8387547736102333
9207,174,179,LAE,7.090376291927602
9208,174,176,LAE,0.9580056050679756
9209,174,176,LAE,1.4610126248090978
9210,174,178,LAE,7.112263027639486
9211,174,177,LAE,1.2980022969321436
9212,174,184,LAE,8.10994427329923
9213,174,178,LAE,1.4080001829653892
9214,174,187,LAE,3.460443400098988
9215,174,183,LAE,7.245027990265431
9216,174,184,LAE,3.0701993827065333
9217,174,181,LAE,1.7159539269949418
9218,174,178,LAE,1.5858974070345688
9219,174,177,LAE,3.7729465166932665
9220,174,182,LAE,3.455831073991658
9221,174,177,LAE,1.2345840650774793
9222,174,190,LAE,4.028624381224279
9223,172,177,LAE,4.04265280654472
9224,172,176,LAE,2.53450333675118
9225,173,176,LAE,1.2977136894630097
9226,173,176,LAE,3.8517610063245566
9227,173,176,LAE,4.434043310574485
9228,174,179,LAE,1.7481936003606366
9229,174,177,LAE,1.4686009381136294
9230,174,176,LAE,1.1394929366290345
9231,174,176,LAE,2.9812723079839096
9232,174,183,LAE,7.058617642083631
9233,174,183,LAE,6.904348966539901
9234,174,176,LAE,1.3656475261627294
9235,174,177,LAE,3.9743426925314527
9236,174,176,LAE,3.7798191474508713
9237,174,182,LAE,7.110877692911408
9238,174,185,LAE,6.201044579051179
9239,174,183,LAE,8.042157716673787
9240,174,176,LAE,3.6953011935676097
9241,174,180,LAE,1.787623610037872
9242,174,177,LAE,1.7270600966465304
9243,174,182,LAE,3.1019790936064244
9244,174,179,LAE,2.944580196654578
9245,174,179,LAE,3.7203844912901762
9246,174,178,LAE,2.1589478583457318
9247,174,177,LAE,1.146555856689072
9248,175,176,LAE,0.9618651352557647
9249,175,176,LAE,1.3958430160337205
9250,175,176,LAE,5.678837010568643
9251,175,180,LAE,1.727695880110754
9252,175,176,LAE,3.80362121238156
9253,175,177,LAE,0.9051841422824215
9254,175,179,LAE,1.5647502267323803
9255,175,177,LAE,1.0935945512714484
9256,175,188,LAE,3.9193670823429207
9257,175,180,LAE,2.1834019603495722
9258,175,183,LAE,6.68276830550205
9259,175,178,LAE,1.8074151393642244
9260,175,176,LAE,0.8367787311679405
9261,175,176,LAE,3.7235361456398897
9262,175,177,LAE,3.793050606145761
9263,175,177,LAE,3.594943685214189
9264,175,177,LAE,1.293030613538256
9265,175,180,LAE,1.6937403560980109
9266,175,191,LAE,4.038957031889896
9267,175,178,LAE,1.200461769485977
9268,175,184,LAE,3.1750244746116794
9269,175,182,LAE,3.037834060119435
9270,175,176,LAE,4.265072804281169
9271,175,192,LAE,4.9770552349867865
9272,175,176,LAE,1.0426137056579612
9273,175,176,LAE,1.6395688569222642
9274,175,188,LAE,3.3263617801200285
9275,175,187,LAE,6.347101537220151
9276,175,179,LAE,5.8552329672850245
9277,175,197,LAE,6.861837757366858
9278,175,176,LAE,6.089204493887242
9279,175,178,LAE,1.0505580518676247
9280,175,179,LAE,2.9838439618131405
9281,175,179,LAE,2.963252450281602
9282,175,178,LAE,5.642809506812473
9283,175,178,LAE,1.1459551942477568
9284,175,176,LAE,0.7893290273107364
9285,175,176,LAE,3.5759252344617893
9286,175,183,LAE,7.857424709814021
9287,175,178,LAE,1.6060480629387819
9288,173,191,LAE,4.484581465056053
9289,173,177,LAE,1.9018449588743576
9290,173,185,LAE,4.7665249448600235
9291,173,177,LAE,3.895225263622532
9292,174,189,LAE,4.093187919916204
9293,174,183,LAE,2.3427332147633537
9294,174,179,LAE,3.7550873453750766
9295,174,184,LAE,6.283127293303303
9296,174,177,LAE,3.590125870441378
9297,174,177,LAE,4.105515912235506
9298,175,180,LAE,2.1135784178611594
9299,175,177,LAE,1.1065335721703502
9300,175,177,LAE,5.672761918836043
9301,175,177,LAE,1.2068499828931174
9302,175,177,LAE,3.9267457788951994
9303,175,177,LAE,1.5394216199393684
9304,175,177,LAE,4.588216804055622
9305,175,182,LAE,3.3812825325302267
9306,175,178,LAE,6.736147410246954
9307,175,184,LAE,2.848401563600288
9308,175,183,LAE,2.987649739360512
9309,175,178,LAE,3.912769057219174
9310,175,179,LAE,2.663152290223407
9311,175,177,LAE,3.4935485036363034
9312,176,177,LAE,1.0803485781482518
9313,176,177,LAE,0.9059445647209793
9314,176,178,LAE,1.156456356003352
9315,176,186,LAE,4.5479681508807035
9316,176,185,LAE,6.789010961057767
9317,176,177,LAE,0.7990150951888633
9318,176,177,LAE,1.1872841111283952
9319,176,177,LAE,1.0872100424664226
9320,176,184,LAE,6.072915128773451
9321,176,177,LAE,0.7838863330591515
9322,176,177,LAE,0.7631172302545062
9323,176,178,LAE,0.928540793593953
9324,176,177,LAE,0.7518480250472708
9325,176,177,LAE,0.7100552818924111
9326,176,178,LAE,1.1962673982505394
9327,176,177,LAE,1.3291592484820183
9328,176,177,LAE,0.8954345496416972
9329,176,186,LAE,6.588994572060549
9330,176,178,LAE,1.1348100568177877
9331,176,190,LAE,6.582567804118187
9332,176,177,LAE,0.9859256472638971
9333,176,180,LAE,1.3076161180688415
9334,176,186,LAE,2.594301063199667
9335,176,179,LAE,1.776597003001912
9336,176,182,LAE,2.296314005181019
9337,176,179,LAE,1.4343697835482752
9338,176,177,LAE,3.45918204623579
9339,176,184,LAE,7.015517308064429
9340,176,177,LAE,0.9726205079545374
9341,176,186,LAE,3.559551795734103
9342,176,179,LAE,5.607789385650672
9343,176,183,LAE,2.555281259644681
9344,176,177,LAE,1.8360691528412914
9345,176,179,LAE,3.55705024542273
9346,176,178,LAE,1.826032191724134
9347,176,178,LAE,1.3346234405741908
9348,176,192,LAE,4.398517514123563
9349,176,184,LAE,2.8679154629221872
9350,176,178,LAE,1.2236498613834266
9351,176,177,LAE,6.613645333670484
9352,176,177,LAE,2.146937389589133
9353,176,177,LAE,0.7492410578838721
9354,176,191,LAE,3.5697059322842435
9355,176,179,LAE,1.5017350109295893
9356,174,187,LAE,7.53016691664547
9357,174,184,LAE,7.282403355662287
9358,174,186,LAE,7.146568901966865
9359,175,179,LAE,2.6101256107219295
9360,175,178,LAE,5.744453912761826
9361,175,178,LAE,2.4032011270383573
9362,175,178,LAE,2.5462560755773853
9363,175,189,LAE,3.821817483362959
9364,176,180,LAE,1.9449364864942997
9365,176,178,LAE,7.2045765762826415
9366,176,178,LAE,3.6586974115994497
9367,176,178,LAE,1.0188342653190594
9368,176,185,LAE,3.6408132290734785
9369,176,178,LAE,1.3715069128654083
9370,176,178,LAE,1.3559300886767793
9371,176,178,LAE,1.8274417292084808
9372,176,178,LAE,1.3250399371851949
9373,176,183,LAE,2.2245179414826106
9374,176,178,LAE,0.9895839304542543
9375,176,178,LAE,1.8016053985704947
9376,176,178,LAE,1.2874507865559583
9377,176,178,LAE,1.0312335142377944
9378,176,178,LAE,1.631286172561267
9379,177,180,LAE,1.3254726741621823
9380,177,187,LAE,3.6158114521139573
9381,177,178,LAE,0.8905243364866923
9382,177,178,LAE,0.8499975114787579
9383,177,181,LAE,2.185765891071008
9384,177,179,LAE,1.6429940500378086
9385,177,179,LAE,1.6413479001752724
9386,177,187,LAE,7.164869901920953
9387,177,199,LAE,6.134291570251325
9388,177,179,LAE,1.5897703369610914
9389,177,189,LAE,6.003069017707094
9390,177,183,LAE,6.825813106103921
9391,177,185,LAE,2.6821656120614685
9392,177,181,LAE,5.774005795264272
9393,177,190,LAE,5.914560069968085
9394,177,187,LAE,5.9982873175756275
9395,177,178,LAE,0.9789537806207177
9396,177,200,LAE,6.430980566383579
9397,177,186,LAE,3.21892430605203
9398,177,187,LAE,5.971042323986623
9399,177,178,LAE,1.6137837386100675
9400,177,178,LAE,1.5213233674942723
9401,177,181,LAE,4.75877046689873
9402,177,187,LAE,6.839888917047402
9403,177,182,LAE,3.306964884514949
9404,177,186,LAE,5.552777651429116
9405,177,184,LAE,2.9622081007994607
9406,177,178,LAE,4.299524032650382
9407,177,187,LAE,6.985041884418495
9408,177,178,LAE,1.0047858542497619
9409,177,178,LAE,0.979000278021616
9410,177,182,LAE,3.3982179906863057
9411,177,179,LAE,1.261120796360061
9412,177,179,LAE,4.908652203632653
9413,177,181,LAE,3.2461234795842517
9414,177,178,LAE,1.0826752441049803
9415,177,187,LAE,7.251197735723224
9416,177,179,LAE,6.729445352455693
9417,177,179,LAE,1.5175191593415922
9418,177,185,LAE,6.389182593941846
9419,177,178,LAE,1.3303684882523543
9420,177,188,LAE,9.135173024782928
9421,177,182,LAE,2.4104040792615593
9422,177,182,LAE,3.165224048439401
9423,177,180,LAE,1.8643394330896124
9424,177,181,LAE,1.5909813960862929
9425,177,185,LAE,2.6093843387221005
9426,177,188,LAE,2.9551010800812842
9427,175,179,LAE,5.859606087193649
9428,176,179,LAE,1.55775013236609
9429,176,179,LAE,3.282612758530557
9430,176,179,LAE,5.877537029231335
9431,176,180,LAE,1.5673074990799885
9432,176,179,LAE,2.4071491911314893
9433,176,181,LAE,2.207767678042628
9434,177,187,LAE,6.002555127503187
9435,177,179,LAE,7.236064893630776
9436,177,186,LAE,5.993593298264423
9437,177,180,LAE,1.4612457971772785
9438,177,199,LAE,4.149473867345006
9439,177,180,LAE,6.28307701581318
9440,177,187,LAE,2.353289874987407
9441,177,183,LAE,3.865690210513074
9442,177,181,LAE,2.022320204479343
9443,177,179,LAE,1.708478257683946
9444,177,184,LAE,6.888755675837248
9445,177,179,LAE,8.455548729999
9446,177,180,LAE,1.7880574823321824
9447,177,185,LAE,7.189207568535257
9448,178,183,LAE,3.2830185216841787
9449,178,180,LAE,1.2373447318316733
9450,178,180,LAE,5.809056088743519
9451,178,184,LAE,3.9574830088922925
9452,178,183,LAE,1.8012967363108257
9453,178,179,LAE,1.2302445929563204
9454,178,183,LAE,6.717607098270306
9455,178,190,LAE,3.2412675186790803
9456,178,181,LAE,1.7264762736142587
9457,178,180,LAE,1.4957735636228218
9458,178,179,LAE,1.3508022068634418
9459,178,197,LAE,4.064890883575377
9460,178,179,LAE,0.9810953433737265
9461,178,183,LAE,6.287872206077679
9462,178,183,LAE,2.349008866574692
9463,178,190,LAE,6.789205210638202
9464,178,186,LAE,2.7531314479653552
9465,178,179,LAE,3.2332686521716716
9466,178,183,LAE,5.752906146979757
9467,178,184,LAE,6.2295232721699545
9468,178,179,LAE,1.2923439947580733
9469,178,183,LAE,3.155174386965407
9470,178,183,LAE,5.767223396212325
9471,178,188,LAE,6.66841373569193
9472,178,181,LAE,2.7470231967300607
9473,178,179,LAE,0.8498899481785247
9474,178,187,LAE,6.088108006379121
9475,178,179,LAE,1.2695060129520268
9476,178,179,LAE,1.0771634249076973
9477,178,187,LAE,2.89293652204145
9478,178,183,LAE,5.947108245485546
9479,178,179,LAE,1.3021103866441994
9480,178,179,LAE,2.9651215975628036
9481,178,179,LAE,2.1727683775892297
9482,178,179,LAE,3.4681372006763214
9483,178,186,LAE,6.321144785945293
9484,178,181,LAE,3.2277710078801385
9485,178,181,LAE,1.3153466069464574
9486,178,184,LAE,1.6037228583370775
9487,178,189,LAE,2.8477770466655046
9488,178,179,LAE,0.9287893554473909
9489,178,179,LAE,1.5827830017125328
9490,176,190,LAE,3.700678568766777
9491,176,184,LAE,2.572919173164868
9492,176,196,LAE,4.842139594455758
9493,177,189,LAE,6.271053324119511
9494,177,181,LAE,2.7068259418788507
9495,177,186,LAE,5.919069180089879
9496,178,180,LAE,1.0227823487717478
9497,178,196,LAE,6.52922500131278
9498,178,185,LAE,4.514125551708627
9499,178,180,LAE,6.895365091082671
9500,178,181,LAE,5.9894057461234445
9501,178,182,LAE,6.811060143011259
9502,178,198,LAE,5.2857399851296165
9503,178,180,LAE,1.480550757952794
9504,178,180,LAE,6.979637754397865
9505,178,181,LAE,2.8995558096276595
9506,178,184,LAE,6.434501109584703
9507,178,187,LAE,6.876890703565409
9508,178,183,LAE,2.8320087038787736
9509,179,180,LAE,0.8199388764803719
9510,179,181,LAE,1.2783165758482051
9511,179,183,LAE,6.122849623547266
9512,179,180,LAE,1.166568562584921
9513,179,187,LAE,6.3418477234991
9514,179,187,LAE,6.689475213651796
9515,179,180,LAE,1.203036056822155
9516,179,180,LAE,1.5608587545395294
9517,179,181,LAE,1.267858224246993
9518,179,183,LAE,6.521354673779211
9519,179,180,LAE,0.7845481406935811
9520,179,180,LAE,0.8255197049853438
9521,179,184,LAE,6.083706913176125
9522,179,182,LAE,5.192853539723541
9523,179,181,LAE,1.3377370500807602
9524,179,180,LAE,0.8264842929471926
9525,179,180,LAE,3.4058870703141273
9526,179,180,LAE,5.607084942749977
9527,179,180,LAE,0.8211913804391962
9528,179,180,LAE,1.3864990601721987
9529,179,180,LAE,1.7938540705546404
9530,179,181,LAE,5.763842675605233
9531,179,182,LAE,6.144220868936806
9532,179,184,LAE,2.1303886442157793
9533,179,185,LAE,3.161250254651969
9534,179,186,LAE,2.4427376332738207
9535,179,187,LAE,6.618597926972388
9536,179,180,LAE,5.7389042856888235
9537,179,187,LAE,6.18360441485141
9538,179,180,LAE,1.6636338363291154
9539,179,187,LAE,6.422586864550989
9540,179,184,LAE,1.7060544409574585
9541,179,193,LAE,3.770913921028247
9542,179,182,LAE,1.5485853482006489
9543,179,192,LAE,6.709512623706204
9544,179,180,LAE,1.5748756504252983
9545,179,183,LAE,3.4912313880872
9546,179,192,LAE,3.3418178876201394
9547,179,186,LAE,2.938130747798081
9548,179,183,LAE,2.0809256422083005
9549,179,182,LAE,1.8419409080063422
9550,179,181,LAE,1.4450979020693628
9551,179,183,LAE,5.231427211935009
9552,179,182,LAE,1.8290316351182827
9553,179,180,LAE,5.3748253673797315
9554,179,182,LAE,1.5166471083301762
9555,179,180,LAE,1.1523268082867473
9556,179,182,LAE,5.356796147318266
9557,179,185,LAE,2.0738586505937207
9558,179,186,LAE,2.7591144964929195
9559,177,183,LAE,7.699979526781747
9560,177,183,LAE,7.212035465716588
9561,177,187,LAE,3.525856294951329
9562,178,183,LAE,6.295501171793981
9563,178,182,LAE,2.497850912901979
9564,178,188,LAE,6.731319505866943
9565,178,183,LAE,6.1699786345678165
9566,178,181,LAE,1.380115169789841
9567,179,184,LAE,1.9674610234795233
9568,179,181,LAE,1.3698051281491752
9569,179,189,LAE,3.0698361242444303
9570,179,183,LAE,2.0774938046536398
9571,179,183,LAE,6.816180221602269
9572,179,199,LAE,4.228114389479597
9573,179,181,LAE,2.818948734736422
9574,179,181,LAE,3.0259920992133997
9575,179,181,LAE,1.4971839787139525
9576,179,181,LAE,6.145052089912454
9577,179,190,LAE,5.704320819045077
9578,180,187,LAE,2.5336194702355623
9579,180,181,LAE,6.000171850818815
9580,180,183,LAE,1.1874377410096806
9581,180,183,LAE,1.9757813465711733
9582,180,181,LAE,0.8661430095985172
9583,180,182,LAE,5.702377594914608
9584,180,183,LAE,6.002045134537042
9585,180,193,LAE,3.4450502793246107
9586,180,181,LAE,1.005161125474926
9587,180,181,LAE,0.79394934886325
9588,180,185,LAE,5.935280360706666
9589,180,187,LAE,6.196787026562066
9590,180,186,LAE,1.926367031851286
9591,180,181,LAE,1.717562054578047
9592,180,184,LAE,1.4616880835195196
9593,180,184,LAE,6.631691395694606
9594,180,200,LAE,4.608253702175766
9595,180,181,LAE,2.0793664398944602
9596,180,184,LAE,1.8849673432300917
9597,180,181,LAE,2.870591260643414
9598,180,181,LAE,2.679961302372934
9599,180,181,LAE,1.1578151573413622
9600,180,184,LAE,1.9233857128692085
9601,180,186,LAE,2.003084201002736
9602,180,183,LAE,1.5399444718087716
9603,180,188,LAE,3.8291032853053673
9604,180,181,LAE,1.2844386660714313
9605,180,188,LAE,2.5610346259881176
9606,180,187,LAE,5.910906154382385
9607,180,181,LAE,2.209601529671236
9608,180,182,LAE,1.808032573605668
9609,180,193,LAE,4.253411518132341
9610,180,193,LAE,4.463450803499265
9611,180,188,LAE,7.286274079694142
9612,180,181,LAE,0.9135972283951627
9613,180,181,LAE,1.7493402285276856
9614,180,181,LAE,1.6788446893001512
9615,180,197,LAE,6.2650052354762895
9616,180,192,LAE,4.905972513580057
9617,180,183,LAE,1.5137864903491836
9618,178,183,LAE,2.5392236001959305
9619,178,182,LAE,3.4741834987721374
9620,178,183,LAE,3.1037492161484375
9621,178,186,LAE,2.9195520638881463
9622,179,186,LAE,7.653707525597445
9623,179,187,LAE,6.345346291548401
9624,179,182,LAE,1.8935931472651844
9625,179,184,LAE,4.142199126425562
9626,179,186,LAE,6.055026867975692
9627,179,182,LAE,5.257296105385402
9628,180,182,LAE,1.4313616012913055
9629,180,182,LAE,1.2878429790440022
9630,180,183,LAE,1.7527675388394874
9631,180,182,LAE,1.8554925506993762
9632,180,186,LAE,6.191067240917317
9633,180,183,LAE,6.04731865500188
9634,180,182,LAE,1.8390962134457796
9635,180,185,LAE,6.4841703373420305
9636,180,200,LAE,6.97088346170557
9637,180,182,LAE,2.20614225759266
9638,180,190,LAE,3.527085330603957
9639,181,183,LAE,0.9806470361695896
9640,181,182,LAE,5.80538005979318
9641,181,182,LAE,0.7484624576141202
9642,181,186,LAE,2.151369958632222
9643,181,182,LAE,1.0835799877568861
9644,181,187,LAE,6.238564170198187
9645,181,190,LAE,3.31069276163908
9646,181,183,LAE,6.1495209617905
9647,181,184,LAE,1.8574446167963858
9648,181,182,LAE,0.8749920152675285
9649,181,187,LAE,5.5254500112645495
9650,181,182,LAE,0.8410295979517587
9651,181,182,LAE,5.011226939180232
9652,181,182,LAE,1.252892485417727
9653,181,185,LAE,5.684088004619735
9654,181,184,LAE,1.8682183958525937
9655,181,194,LAE,3.524066657466094
9656,181,185,LAE,1.3338768177285778
9657,181,189,LAE,2.840014451323509
9658,181,188,LAE,3.0334290857630943
9659,181,183,LAE,1.3363768688587243
9660,181,182,LAE,1.5089064645839454
9661,181,186,LAE,6.562413497790289
9662,181,182,LAE,0.9571985982037587
9663,181,182,LAE,2.509686385576616
9664,181,182,LAE,5.534925874113269
9665,181,182,LAE,5.7556002324127675
9666,181,189,LAE,2.355012460532999
9667,181,189,LAE,3.0737348156843813
9668,181,193,LAE,3.5825987506334642
9669,181,191,LAE,3.4547491659172986
9670,181,182,LAE,5.860882726180628
9671,181,182,LAE,1.6024824194545475
9672,181,183,LAE,6.417379703603756
9673,181,183,LAE,2.087377814517055
9674,181,182,LAE,2.7583061824540134
9675,181,182,LAE,1.8164517359103296
9676,181,182,LAE,1.4087269663453945
9677,179,183,LAE,6.1987353091131485
9678,179,183,LAE,5.2626675774417375
9679,179,186,LAE,7.105511377161068
9680,179,187,LAE,6.601238247470648
9681,180,184,LAE,3.093859476666169
9682,180,184,LAE,2.2815746952089153
9683,180,186,LAE,2.137574999523395
9684,180,183,LAE,1.3952334958588244
9685,180,183,LAE,7.418781392079237
9686,180,188,LAE,2.85555924759174
9687,180,186,LAE,2.0698710132382048
9688,181,189,LAE,3.000303291153187
9689,181,201,LAE,5.142705548724578
9690,181,183,LAE,2.526955691364498
9691,181,184,LAE,1.6522042019379652
9692,181,184,LAE,1.5078257125026542
9693,181,183,LAE,1.358428063812925
9694,181,190,LAE,2.755272366351857
9695,181,183,LAE,3.3951164837771812
9696,181,188,LAE,2.512275105547407
9697,181,190,LAE,2.722601286573124
9698,182,183,LAE,0.8055568698848454
9699,182,185,LAE,1.070204736098264
9700,182,185,LAE,2.3126995129891217
9701,182,183,LAE,0.8475724969391726
9702,182,184,LAE,1.4206148930130258
9703,182,195,LAE,3.726038178755602
9704,182,197,LAE,5.971011707959147
9705,182,185,LAE,1.6077320334549694
9706,182,186,LAE,1.6592392846184751
9707,182,190,LAE,2.7928198862767424
9708,182,183,LAE,1.2995773899687384
9709,182,184,LAE,1.2320201866548846
9710,182,185,LAE,5.894672219062453
9711,182,183,LAE,5.035954550144011
9712,182,183,LAE,2.671267316836327
9713,182,183,LAE,2.0741225285235374
9714,182,184,LAE,1.6072694787176471
9715,182,185,LAE,1.6668844971289074
9716,182,183,LAE,1.4829920783789485
9717,182,185,LAE,6.418227147854574
9718,182,186,LAE,6.211671204524455
9719,182,190,LAE,5.511210436459916
9720,182,183,LAE,6.022772171422605
9721,182,183,LAE,1.1794379131234112
9722,182,184,LAE,1.2735085600025617
9723,182,188,LAE,4.470434833607163
9724,182,183,LAE,1.2653638541443721
9725,182,183,LAE,1.098415637756469
9726,182,183,LAE,1.3713816113948638
9727,182,183,LAE,5.6531027253229365
9728,182,183,LAE,5.913333412345219
9729,182,188,LAE,5.606334529370741
9730,182,183,LAE,2.465735844771487
9731,182,185,LAE,1.9330559096538014
9732,182,183,LAE,1.1658538018491353
9733,182,183,LAE,3.298461456436393
9734,180,184,LAE,1.976396620670904
9735,180,189,LAE,7.210394971514807
9736,181,184,LAE,6.4725919336070685
9737,181,184,LAE,5.741250027458991
9738,181,185,LAE,5.575318374058303
9739,181,187,LAE,6.431591261419459
9740,181,188,LAE,2.1404660199264645
9741,182,184,LAE,2.8140649015922166
9742,182,194,LAE,2.533673171165806
9743,182,184,LAE,1.200264617205186
9744,182,184,LAE,5.744178044423699
9745,182,188,LAE,2.262767775289727
9746,182,194,LAE,3.3958937450141815
9747,182,184,LAE,2.6921570911307313
9748,182,188,LAE,2.6523101989983973
9749,182,192,LAE,3.5958721321807885
9750,182,193,LAE,3.9882164435829375
9751,183,190,LAE,3.1864258644147387
9752,183,184,LAE,3.4996167159903386
9753,183,184,LAE,6.214259608777998
9754,183,184,LAE,1.34638542654538
9755,183,191,LAE,2.450190602012257
9756,183,192,LAE,2.617196788414573
9757,183,187,LAE,1.5162220913671005
9758,183,185,LAE,1.4186796410413292
9759,183,184,LAE,1.688071909555869
9760,183,185,LAE,0.9275985181648587
9761,183,191,LAE,3.2639732529777943
9762,183,184,LAE,1.1561346160968453
9763,183,184,LAE,1.624365687449718
9764,183,185,LAE,1.8400819737605343
9765,183,187,LAE,1.6212820328234059
9766,183,185,LAE,1.0877947184137726
9767,183,184,LAE,1.2001704846897048
9768,183,185,LAE,2.6304901901724858
9769,183,186,LAE,1.9047210219304342
9770,183,186,LAE,1.264767399564198
9771,183,194,LAE,3.826654485533122
9772,183,195,LAE,3.0389686391150876
9773,183,186,LAE,1.393349965770789
9774,183,184,LAE,5.408636886552371
9775,183,184,LAE,1.7544815321810594
9776,183,186,LAE,1.185362075171317
9777,183,190,LAE,2.753486994828251
9778,183,186,LAE,1.1405426398912852
9779,183,186,LAE,3.4700299801295156
9780,183,190,LAE,2.3351147779570653
9781,183,187,LAE,2.523694001564862
9782,183,185,LAE,1.3142144728720933
9783,183,185,LAE,2.4131800932821097
9784,183,186,LAE,6.719617024627817
9785,183,185,LAE,1.576471033849953
9786,183,184,LAE,1.4444465895696623
9787,183,186,LAE,1.3539089407536007
9788,181,197,LAE,6.292440833868875
9789,181,187,LAE,3.0149589852248537
9790,181,190,LAE,3.526950103224144
9791,181,190,LAE,5.002508640835257
9792,181,197,LAE,5.569449396032326
9793,182,188,LAE,1.9505375467227812
9794,182,185,LAE,5.170804860336861
9795,182,189,LAE,3.5591209204755536
9796,182,202,LAE,6.115707553967641
9797,182,193,LAE,7.033342956782741
9798,182,185,LAE,2.166846287501258
9799,183,186,LAE,1.6302874799952392
9800,183,191,LAE,2.513249912689463
9801,183,185,LAE,1.1621227707208157
9802,183,189,LAE,5.3285532604519945
9803,183,204,LAE,4.6013161721404305
9804,183,185,LAE,1.0937579041578869
9805,183,186,LAE,1.734859317517476
9806,183,189,LAE,3.201264270709367
9807,183,185,LAE,1.2895726144358788
9808,183,185,LAE,4.425695096881837
9809,184,185,LAE,0.7759545250070846
9810,184,192,LAE,2.526465373137338
9811,184,185,LAE,0.7297730937951379
9812,184,185,LAE,1.883122542072085
9813,184,185,LAE,1.0622814637175744
9814,184,185,LAE,1.6565250252014139
9815,184,185,LAE,1.2600730302727883
9816,184,190,LAE,1.627424522476206
9817,184,185,LAE,0.9975277442692801
9818,184,193,LAE,2.093854153273238
9819,184,188,LAE,1.5799457233177887
9820,184,185,LAE,4.923195882754561
9821,184,187,LAE,1.496563889050447
9822,184,185,LAE,1.507252579397344
9823,184,185,LAE,0.9965622377533151
9824,184,185,LAE,1.7900649434412368
9825,184,187,LAE,3.8958764180699674
9826,184,185,LAE,0.9177761509255149
9827,184,185,LAE,1.8493011877431045
9828,184,185,LAE,0.7612119960886928
9829,184,185,LAE,0.7853236845569342
9830,184,185,LAE,6.271277285507111
9831,184,188,LAE,3.0076155764135635
9832,184,185,LAE,5.168926163946546
9833,184,185,LAE,1.6768722055359906
9834,184,194,LAE,2.715767007613415
9835,184,188,LAE,1.9887107983905747
9836,184,192,LAE,2.280452960883001
9837,184,187,LAE,5.303833514529125
9838,184,186,LAE,5.103414781826204
9839,182,188,LAE,6.6558320912321385
9840,183,188,LAE,1.7815335657884677
9841,184,194,LAE,3.326930395775742
9842,184,189,LAE,3.3263363419959058
9843,184,188,LAE,1.6177480682032948
9844,184,188,LAE,1.7985905801639461
9845,184,190,LAE,2.4170116346824995
9846,184,198,LAE,3.9033692319467983
9847,184,186,LAE,1.1466805020127988
9848,185,187,LAE,1.0434819026053974
9849,185,189,LAE,1.6928982011090967
9850,185,187,LAE,1.0474782617470693
9851,185,186,LAE,1.1334375177358156
9852,185,187,LAE,1.0731376883675643
9853,185,186,LAE,1.8477544502191767
9854,185,187,LAE,1.0031512592692706
9855,185,187,LAE,5.7674536329942026
9856,185,186,LAE,1.26389310775263
9857,185,195,LAE,2.6839730383680265
9858,185,191,LAE,3.1267231234509762
9859,185,187,LAE,2.013509569227484
9860,185,186,LAE,0.8343725153265737
9861,185,186,LAE,1.127278580000748
9862,185,186,LAE,1.4316276733181637
9863,185,187,LAE,2.320193464772418
9864,185,186,LAE,2.2223915436801844
9865,185,197,LAE,4.342047882598507
9866,185,188,LAE,2.1257706821665243
9867,185,194,LAE,4.658769812898049
9868,185,189,LAE,1.6708425924676489
9869,185,186,LAE,1.6336285747705614
9870,185,197,LAE,4.151072085270275
9871,185,197,LAE,5.2184865546862955
9872,185,186,LAE,5.611704090240919
9873,185,192,LAE,2.310525836745441
9874,185,188,LAE,4.917167489150543
9875,185,186,LAE,1.9141053572407538
9876,185,186,LAE,1.293880496738938
9877,185,204,LAE,5.1630075007833165
9878,185,189,LAE,1.3822833511322528
9879,185,187,LAE,1.6001041449340452
9880,185,187,LAE,1.3201991207548545
9881,185,187,LAE,1.0509462814981996
9882,185,186,LAE,2.8950310239581234
9883,185,188,LAE,1.899598699868502
9884,185,198,LAE,5.040481950066887
9885,185,187,LAE,0.9452133942569009
9886,185,186,LAE,3.3401394870628303
9887,185,188,LAE,2.2498572606856846
9888,185,188,LAE,1.9370976358481349
9889,185,187,LAE,1.2188507323648012
9890,185,186,LAE,5.146098507591195
9891,185,195,LAE,3.186806915433461
9892,185,186,LAE,1.1983497186722625
9893,185,186,LAE,1.2345155624268096
9894,185,192,LAE,2.906834224085152
9895,185,186,LAE,5.538012002990837
9896,185,186,LAE,1.095637592658866
9897,185,188,LAE,1.4922350071771227
9898,185,195,LAE,3.014857851589284
9899,185,186,LAE,1.461458220040155
9900,185,191,LAE,1.9306204769471151
9901,185,197,LAE,3.630338919816557
9902,185,187,LAE,5.608889903735801
9903,185,186,LAE,1.4430063718360833
9904,183,187,LAE,6.533247140230196
9905,183,187,LAE,7.702180226251975
9906,184,187,LAE,6.240201006200976
9907,184,189,LAE,6.001895130027467
9908,184,187,LAE,7.639831779314028
9909,184,187,LAE,2.7762781810150523
9910,185,187,LAE,1.7901668938774749
9911,185,187,LAE,4.848161715594289
9912,185,187,LAE,6.036370943137076
9913,185,187,LAE,1.855283100017331
9914,185,190,LAE,2.35145959405125
9915,185,187,LAE,1.9746959553267054
9916,185,187,LAE,1.6206885335376475
9917,185,194,LAE,20.995459331887293
9918,185,188,LAE,1.5467883726682192
9919,185,189,LAE,2.9213611613981993
9920,185,187,LAE,3.085861871309063
9921,185,187,LAE,2.366890143905016
9922,185,187,LAE,3.5742175977091972
9923,186,190,LAE,3.2675842144590637
9924,186,200,LAE,3.4725876131802167
9925,186,187,LAE,0.8654391871356828
9926,186,187,LAE,0.9825374586061566
9927,186,195,LAE,3.2112865943529916
9928,186,187,LAE,0.9111918928060986
9929,186,188,LAE,3.226684182211695
9930,186,190,LAE,3.0274008986170915
9931,186,187,LAE,5.517184715822042
9932,186,191,LAE,2.9253849344889735
9933,186,193,LAE,2.4289537960575363
9934,186,188,LAE,3.150262925385021
9935,186,187,LAE,1.3300632984450345
9936,186,187,LAE,5.4458384011219385
9937,186,196,LAE,3.031346502999828
9938,186,199,LAE,5.140943640997363
9939,186,188,LAE,1.554929286155389
9940,186,189,LAE,2.0548678139896035
9941,186,189,LAE,1.808233670574859
9942,186,191,LAE,2.358677489102194
9943,186,187,LAE,4.449128867911479
9944,186,189,LAE,2.404198685601731
9945,186,188,LAE,1.7382370250739443
9946,186,187,LAE,0.8952403233299343
9947,186,192,LAE,2.0307390884586543
9948,186,187,LAE,1.2110743500729433
9949,186,193,LAE,2.9546094268844234
9950,186,197,LAE,3.132088807979466
9951,186,187,LAE,1.1455784495415942
9952,186,189,LAE,1.3198221896760416
9953,186,188,LAE,1.109182127122836
9954,186,193,LAE,3.0824807120938704
9955,186,188,LAE,2.1657810839700877
9956,186,193,LAE,3.7546947401791897
9957,186,187,LAE,4.739472782883363
9958,186,189,LAE,1.310970442383234
9959,186,191,LAE,3.028175747137712
9960,186,187,LAE,2.633602052647622
9961,186,187,LAE,2.0626294771187057
9962,186,187,LAE,0.9445379634850665
9963,186,188,LAE,3.7961790616551703
9964,186,201,LAE,23.26614401079587
9965,184,188,LAE,6.006948985529269
9966,184,188,LAE,2.3526705997019675
9967,184,188,LAE,3.280000624760893
9968,185,189,LAE,2.272990936082995
9969,185,190,LAE,2.3094563859329065
9970,185,189,LAE,5.0282599618353325
9971,186,193,LAE,2.9055511385790997
9972,186,196,LAE,3.2511340446744224
9973,186,190,LAE,3.0613259087214226
9974,186,189,LAE,3.0107706729123094
9975,186,188,LAE,4.845303741811943
9976,186,195,LAE,5.068410338043482
9977,186,188,LAE,1.4250876255093194
9978,186,188,LAE,1.1290114802092976
9979,187,189,LAE,1.160471909205443
9980,187,188,LAE,1.3153762637284883
9981,187,188,LAE,1.112357253286909
9982,187,197,LAE,3.916341555590316
9983,187,188,LAE,0.9225597893186024
9984,187,188,LAE,1.1339910785248108
9985,187,195,LAE,2.9123934140915364
9986,187,188,LAE,1.5693017576252626
9987,187,188,LAE,1.2003875493495648
9988,187,198,LAE,3.0920469098113843
9989,187,189,LAE,2.7194344203758183
9990,187,188,LAE,2.207950518983866
9991,187,188,LAE,1.1158646346346839
9992,187,188,LAE,1.1311506568336003
9993,187,192,LAE,1.750097200237857
9994,187,189,LAE,2.1843012678116294
9995,187,188,LAE,1.215263938175795
9996,187,189,LAE,1.9741535734279956
9997,187,190,LAE,3.301302690329403
9998,187,191,LAE,2.5780571845657407
9999,187,202,LAE,3.484418411783513
10000,187,190,LAE,2.849700585799081
10001,187,188,LAE,1.6950153947391715
10002,187,192,LAE,1.9760805225644797
10003,187,192,LAE,2.025853726377958
10004,187,189,LAE,1.4078832285665623
10005,187,188,LAE,0.8823250274501995
10006,187,194,LAE,3.408018686754066
10007,187,188,LAE,0.8959768777906295
10008,187,188,LAE,5.648825734197364
10009,187,188,LAE,1.6320961040927546
10010,187,188,LAE,1.4858110161445826
10011,187,188,LAE,5.842242733146952
10012,187,193,LAE,3.6363455350532257
10013,185,189,LAE,3.2111527643908824
10014,185,189,LAE,4.229522437948782
10015,186,189,LAE,1.882444362776248
10016,186,189,LAE,2.164261957184321
10017,186,189,LAE,2.8997366553344928
10018,186,200,LAE,3.684213366489092
10019,187,196,LAE,2.808060739602865
10020,187,193,LAE,2.839891385636557
10021,187,190,LAE,2.7666539647564794
10022,187,189,LAE,5.578529658419403
10023,187,199,LAE,3.3962207310656214
10024,187,190,LAE,5.593301004475312
10025,187,190,LAE,1.8630390885250463
10026,187,190,LAE,1.7090632758817645
10027,187,189,LAE,1.8353824219366714
10028,187,189,LAE,2.040389476993698
10029,187,198,LAE,3.470217659158527
10030,188,189,LAE,2.1082171653171433
10031,188,191,LAE,1.879580479342884
10032,188,193,LAE,2.425057520743512
10033,188,192,LAE,2.976300077156865
10034,188,189,LAE,1.3036353727910586
10035,188,194,LAE,2.7380891261035005
10036,188,191,LAE,1.8733262581562593
10037,188,191,LAE,1.4004688958769813
10038,188,190,LAE,2.521495395070577
10039,188,195,LAE,2.707686744585298
10040,188,189,LAE,0.7855496610183699
10041,188,197,LAE,4.5173448567810155
10042,188,192,LAE,2.5488021738628346
10043,188,191,LAE,1.9624645938564618
10044,188,189,LAE,2.575082191328837
10045,188,189,LAE,0.9926065679262331
10046,188,189,LAE,1.1297894147750247
10047,188,199,LAE,3.740131738800179
10048,188,189,LAE,1.7043021430489635
10049,188,194,LAE,2.6204233062230937
10050,188,193,LAE,1.4240024607182973
10051,188,189,LAE,2.631968077242258
10052,188,190,LAE,4.862647167306017
10053,188,193,LAE,1.6497156112586238
10054,188,197,LAE,2.7561545418554534
10055,188,189,LAE,1.3958912172639397
10056,188,193,LAE,3.986208747201511
10057,188,189,LAE,0.8009943880926647
10058,188,189,LAE,2.7081279847084256
10059,188,201,LAE,4.585648321896932
10060,188,189,LAE,3.042024526797349
10061,188,191,LAE,1.5205289957249013
10062,188,200,LAE,3.513434773771939
10063,188,189,LAE,2.8882156260391882
10064,188,193,LAE,2.590035102914645
10065,188,189,LAE,4.851920013705249
10066,188,189,LAE,2.4686665657787614
10067,188,192,LAE,1.897106798959358
10068,188,189,LAE,3.7830778037069743
10069,188,196,LAE,4.62384963136614
10070,188,191,LAE,2.373436354667075
10071,188,190,LAE,2.4617561888132062
10072,188,189,LAE,1.136609690799377
10073,188,194,LAE,2.556778489811708
10074,188,189,LAE,1.9633994210600512
10075,188,189,LAE,1.4899182976713645
10076,188,189,LAE,1.0181031270227474
10077,188,196,LAE,2.949278319150041
10078,188,189,LAE,3.233223811239115
10079,188,189,LAE,2.6442543229243025
10080,188,192,LAE,1.603626406969315
10081,186,190,LAE,4.556854585221344
10082,187,190,LAE,2.1199835660501685
10083,188,190,LAE,1.4173622321777046
10084,188,199,LAE,3.2813625446588692
10085,188,192,LAE,2.5451676799573124
10086,188,190,LAE,1.4672847626030017
10087,188,198,LAE,2.82211826589051
10088,188,195,LAE,2.6434232917647633
10089,188,192,LAE,3.547034370765282
10090,188,190,LAE,2.6842935942921975
10091,188,191,LAE,5.596730700920064
10092,188,190,LAE,5.310667951226322
10093,188,190,LAE,4.9526356931571085
10094,188,192,LAE,1.5715538401348954
10095,188,190,LAE,14.377900046961225
10096,188,190,LAE,1.883465685212232
10097,188,193,LAE,3.0133184612764037
10098,189,190,LAE,1.435455712674003
10099,189,191,LAE,1.200466147728761
10100,189,190,LAE,2.499932588266151
10101,189,193,LAE,2.6152373716374275
10102,189,202,LAE,4.595030539669237
10103,189,196,LAE,2.4962638035394913
10104,189,191,LAE,1.3565658287327322
10105,189,192,LAE,1.425463315971208
10106,189,190,LAE,1.9220997502282873
10107,189,192,LAE,1.3113381089581206
10108,189,205,LAE,3.639358460189548
10109,189,193,LAE,1.4591873271466984
10110,189,190,LAE,1.0647841998563348
10111,189,190,LAE,4.446310932370988
10112,189,190,LAE,0.9982754199188001
10113,189,194,LAE,2.404315371502911
10114,189,190,LAE,2.1862465688790764
10115,189,190,LAE,1.6870946291589273
10116,189,200,LAE,3.6947630689953335
10117,189,190,LAE,2.4154030294654936
10118,189,190,LAE,1.7104711753695216
10119,189,190,LAE,2.613731305087885
10120,189,193,LAE,2.3573532917004334
10121,189,190,LAE,2.756973142932833
10122,189,192,LAE,1.7234061142458146
10123,189,194,LAE,1.608675403926613
10124,189,195,LAE,2.4352198002951098
10125,189,204,LAE,4.70324960975199
10126,189,190,LAE,1.118851094635825
10127,189,190,LAE,1.4855051829039394
10128,189,192,LAE,1.1414068756477216
10129,189,198,LAE,4.289012911430855
10130,189,194,LAE,2.6668817294071463
10131,189,190,LAE,1.6723954977768196
10132,189,197,LAE,5.101664489810777
10133,189,190,LAE,1.784642978768173
10134,189,192,LAE,3.0158306572601203
10135,189,190,LAE,0.9870497027399238
10136,189,190,LAE,2.2656318641715645
10137,189,191,LAE,1.1974151671712308
10138,189,197,LAE,23.498441168262026
10139,189,190,LAE,3.2053878261163815
10140,189,191,LAE,1.1932463758827774
10141,189,198,LAE,2.7049756165435035
10142,189,200,LAE,21.510798516325426
10143,189,194,LAE,2.5015344843500578
10144,189,190,LAE,1.6535851941199056
10145,189,192,LAE,1.6631449805512952
10146,189,190,LAE,2.3799590422482693
10147,189,196,LAE,3.2343169195831054
10148,189,190,LAE,2.3681901648965016
10149,189,195,LAE,23.91680179130046
10150,188,191,LAE,1.8190932013559202
10151,188,198,LAE,4.825780492576735
10152,188,198,LAE,3.0697513701497843
10153,188,203,LAE,3.560895724657496
10154,188,191,LAE,2.712377860005324
10155,188,195,LAE,2.8376705151638224
10156,188,191,LAE,5.280878957225633
10157,188,192,LAE,4.893591045669956
10158,188,197,LAE,3.7427342687308887
10159,188,191,LAE,5.2594689276663695
10160,189,191,LAE,4.4037071900575935
10161,189,192,LAE,2.3201097630445444
10162,189,191,LAE,2.817372321707122
10163,189,214,LAE,17.66758118651726
10164,189,191,LAE,4.6431716014163955
10165,190,196,LAE,3.211634135661231
10166,190,191,LAE,1.5831018302164475
10167,190,192,LAE,1.3046849221167072
10168,190,191,LAE,1.149354178790685
10169,190,191,LAE,1.2915054947161655
10170,190,191,LAE,1.0119517939677718
10171,190,191,LAE,0.8031491725900396
10172,190,191,LAE,1.3601171690996652
10173,190,191,LAE,1.5622835314198031
10174,190,192,LAE,1.556400907742862
10175,190,193,LAE,1.4679697374118934
10176,190,204,LAE,19.12167194358825
10177,190,198,LAE,19.16754883806021
10178,190,191,LAE,1.1603869538586822
10179,190,199,LAE,4.641628719441934
10180,190,196,LAE,2.412357913390107
10181,190,196,LAE,2.1605671121085077
10182,190,196,LAE,2.6952708506115446
10183,190,194,LAE,1.347159087900474
10184,190,192,LAE,3.5050770594753997
10185,190,195,LAE,22.976642423443003
10186,190,191,LAE,1.5359585914362117
10187,190,193,LAE,2.6444636485799276
10188,190,194,LAE,14.987186404173478
10189,190,194,LAE,2.4359657951146962
10190,190,196,LAE,2.946374222795876
10191,190,191,LAE,2.7787557844995625
10192,190,192,LAE,1.319739239787369
10193,190,193,LAE,1.180200040027943
10194,190,199,LAE,4.9480851174518445
10195,190,191,LAE,1.5418509638937719
10196,190,194,LAE,4.703897108667861
10197,190,191,LAE,1.1861318013015085
10198,190,191,LAE,1.589491291623761
10199,190,191,LAE,0.834776169749019
10200,190,192,LAE,4.286848867852594
10201,190,192,LAE,1.8261519815258604
10202,190,193,LAE,1.9794435427303716
10203,190,192,LAE,2.4043969680976662
10204,190,192,LAE,0.9243926463158043
10205,190,191,LAE,16.74425858182666
10206,190,191,LAE,14.137309541439581
10207,190,192,LAE,2.725952639600808
10208,190,191,LAE,1.1890015272347993
10209,190,192,LAE,4.453296043364971
10210,190,191,LAE,2.3510065066639396
10211,190,191,LAE,0.8176200405343618
10212,190,192,LAE,1.5385342059524623
10213,190,191,LAE,3.0445183794810524
10214,190,197,LAE,4.09477356453571
10215,188,195,LAE,2.6948142219730484
10216,189,192,LAE,4.9798147031251965
10217,189,193,LAE,2.4326195174095
10218,189,192,LAE,2.998008407614581
10219,190,192,LAE,1.608498810041422
10220,190,199,LAE,14.28568112025875
10221,190,197,LAE,19.80657395764945
10222,190,193,LAE,4.001754916091371
10223,190,192,LAE,2.790269040332003
10224,190,192,LAE,1.2014975253884908
10225,190,204,LAE,31.541310033576874
10226,191,192,LAE,2.2820073044482916
10227,191,194,LAE,1.5735992362401032
10228,191,194,LAE,1.1386895463006208
10229,191,192,LAE,2.6504923643922087
10230,191,193,LAE,2.9158150371896925
10231,191,196,LAE,2.467965438719957
10232,191,192,LAE,2.036314892416426
10233,191,192,LAE,0.7799077970701032
10234,191,192,LAE,1.308205753222238
10235,191,201,LAE,5.9415676999363365
10236,191,195,LAE,2.36360413247333
10237,191,193,LAE,1.0092507173634178
10238,191,192,LAE,2.4205232065664495
10239,191,192,LAE,0.8034290589405573
10240,191,198,LAE,3.930688485129134
10241,191,193,LAE,2.105064759540237
10242,191,192,LAE,2.7634428239213835
10243,191,192,LAE,1.3525672638756692
10244,191,192,LAE,2.1522064644883776
10245,191,192,LAE,0.9469764426852372
10246,191,197,LAE,2.1310595327333712
10247,191,192,LAE,1.269535722390251
10248,191,193,LAE,1.4001450152004111
10249,191,192,LAE,1.3647633447629948
10250,191,195,LAE,2.2121635764132566
10251,191,197,LAE,2.513383614251246
10252,191,196,LAE,1.9596670350189427
10253,191,193,LAE,1.1251981636557886
10254,191,195,LAE,2.593852842524089
10255,191,198,LAE,2.7652033251151664
10256,191,196,LAE,2.303329443951803
10257,191,196,LAE,2.051972300436881
10258,191,192,LAE,1.8806714928088564
10259,191,194,LAE,2.0241919477289394
10260,191,194,LAE,4.11292626579293
10261,191,196,LAE,2.540558347475255
10262,191,197,LAE,3.2306592796018783
10263,191,192,LAE,4.295710105755336
10264,191,192,LAE,2.6129993582084436
10265,191,195,LAE,1.8128389438755756
10266,191,195,LAE,2.4344206288758716
10267,191,192,LAE,0.8437728228021849
10268,191,192,LAE,2.534594158240174
10269,191,192,LAE,4.594759938298471
10270,191,196,LAE,20.828486134630186
10271,191,194,LAE,2.603980664622588
10272,191,201,LAE,4.087032760692375
10273,191,197,LAE,2.6239058765464227
10274,191,196,LAE,2.3298659693207817
10275,191,192,LAE,2.923279379767344
10276,191,192,LAE,3.5421548104695084
10277,191,192,LAE,3.3339017657037404
10278,191,192,LAE,1.2423520631716587
10279,191,196,LAE,2.5109443420504065
10280,191,194,LAE,2.087182912752412
10281,191,192,LAE,2.638369864034799
10282,191,192,LAE,2.402159102534629
10283,191,195,LAE,4.926774653672799
10284,191,193,LAE,4.2537218423015215
10285,191,192,LAE,1.1227936994449144
10286,191,193,LAE,1.5886935660888315
10287,189,194,LAE,3.9467769907849144
10288,190,194,LAE,1.8646973345847913
10289,190,196,LAE,4.64134133115114
10290,190,193,LAE,2.518175616931638
10291,190,204,LAE,22.00861492902492
10292,190,194,LAE,4.277832278762244
10293,190,195,LAE,3.630467676712644
10294,191,193,LAE,1.9193237205978864
10295,191,197,LAE,2.6135258728767017
10296,191,197,LAE,2.586565324084877
10297,191,195,LAE,2.2201871483123545
10298,191,201,LAE,3.286266125564656
10299,191,193,LAE,4.799327683509191
10300,191,193,LAE,1.9685505712209437
10301,191,193,LAE,2.1117552656684837
10302,191,196,LAE,1.7214585907491633
10303,191,193,LAE,2.7740010998852562
10304,191,193,LAE,2.7490510504922985
10305,191,193,LAE,2.0341028057118042
10306,191,198,LAE,2.575840304433373
10307,191,195,LAE,22.937864185980683
10308,191,193,LAE,1.4646653362987705
10309,192,197,LAE,17.690051366118272
10310,192,193,LAE,1.253090138444412
10311,192,196,LAE,1.3970769528513203
10312,192,193,LAE,1.435485361419613
10313,192,195,LAE,1.8874481816879691
10314,192,199,LAE,2.4003348966411515
10315,192,199,LAE,2.7307538578741557
10316,192,193,LAE,2.811665979064693
10317,192,197,LAE,2.5496465229495606
10318,192,193,LAE,0.9749058472087698
10319,192,193,LAE,0.8357775240495781
10320,192,193,LAE,1.2074341290242767
10321,192,194,LAE,2.3618498929650094
10322,192,193,LAE,1.07064516395594
10323,192,203,LAE,24.143798498670836
10324,192,193,LAE,2.7983210558467513
10325,192,196,LAE,2.2643714174091825
10326,192,193,LAE,1.2769616802882173
10327,192,199,LAE,3.4814891079448675
10328,192,194,LAE,1.9440688523934688
10329,192,193,LAE,2.832075809893595
10330,192,193,LAE,3.432868434210622
10331,192,194,LAE,21.734739203335295
10332,192,193,LAE,1.3363451178098558
10333,192,197,LAE,2.123294684301455
10334,192,193,LAE,1.0163947878006874
10335,192,195,LAE,1.3036353906520692
10336,192,197,LAE,2.6486701210889203
10337,192,195,LAE,1.7067485889321479
10338,192,195,LAE,2.182705717591866
10339,192,195,LAE,2.78372150506253
10340,192,195,LAE,1.1283641534011932
10341,192,193,LAE,21.156567151572048
10342,192,194,LAE,2.7271572314062675
10343,192,193,LAE,0.9258029655200295
10344,192,196,LAE,21.622766311065092
10345,192,197,LAE,3.226048619592622
10346,192,199,LAE,2.7438375396083434
10347,192,193,LAE,1.7441403982401666
10348,192,193,LAE,0.9882920754336646
10349,192,193,LAE,3.334154748436097
10350,192,193,LAE,1.695805305898002
10351,192,196,LAE,1.997033363348884
10352,192,197,LAE,1.9800175324582665
10353,192,202,LAE,4.0722126008695865
10354,192,193,LAE,0.8407369234228742
10355,192,194,LAE,1.9811316688529717
10356,192,197,LAE,2.3188765691099826
10357,192,197,LAE,2.1574498833869415
10358,192,197,LAE,1.570195900205674
10359,192,193,LAE,0.8090273495733756
10360,192,193,LAE,0.9039491928269704
10361,192,193,LAE,3.1091977052853164
10362,192,200,LAE,3.415243112579451
10363,190,194,LAE,2.2325001831017532
10364,190,194,LAE,2.5604886783715246
10365,191,195,LAE,2.3332045069863794
10366,191,194,LAE,4.283892941698351
10367,191,194,LAE,2.4790316517240782
10368,191,198,LAE,3.117793405130253
10369,191,194,LAE,1.9077399188213744
10370,191,196,LAE,3.6954525405740255
10371,191,194,LAE,3.4594680401856386
10372,192,194,LAE,1.9399299111924289
10373,192,194,LAE,2.066452086879866
10374,192,202,LAE,4.068642240518419
10375,192,194,LAE,1.8191273378631445
10376,192,196,LAE,14.358479132041285
10377,193,197,LAE,2.450657804680948
10378,193,194,LAE,1.4632661443817565
10379,193,196,LAE,1.7392246467633035
10380,193,194,LAE,1.5235147910192313
10381,193,196,LAE,1.7925183269778726
10382,193,197,LAE,1.9663419691763218
10383,193,195,LAE,2.3251840536258523
10384,193,195,LAE,2.4280514031152127
10385,193,195,LAE,1.750208103768931
10386,193,195,LAE,1.7239832586231476
10387,193,194,LAE,1.9150167782867331
10388,193,194,LAE,0.9569809746376764
10389,193,199,LAE,18.775288251106733
10390,193,199,LAE,2.224975070066992
10391,193,198,LAE,2.0102045134520012
10392,193,199,LAE,2.7378314022263868
10393,193,194,LAE,1.008276362733006
10394,193,197,LAE,2.1067843955315047
10395,193,194,LAE,2.655589722842366
10396,193,198,LAE,2.3771438698073117
10397,193,194,LAE,1.7015326018535006
10398,193,194,LAE,0.9611057439533439
10399,193,194,LAE,0.8918640095425245
10400,193,200,LAE,17.23184747193285
10401,193,194,LAE,1.1876325645058254
10402,193,197,LAE,17.650697835811428
10403,193,194,LAE,0.9082269348180555
10404,193,194,LAE,0.9561236423745987
10405,193,194,LAE,1.6862162864398524
10406,193,194,LAE,2.4679094851794043
10407,193,194,LAE,1.411386422910519
10408,193,200,LAE,22.07873190819787
10409,193,194,LAE,17.13632629918397
10410,193,195,LAE,1.1601600079056769
10411,193,203,LAE,3.906475246750692
10412,193,194,LAE,3.0248501287037985
10413,193,194,LAE,1.349549986212504
10414,193,194,LAE,0.8817163492696394
10415,193,195,LAE,2.9375992930466337
10416,193,194,LAE,2.8122399917776364
10417,193,195,LAE,1.9857742394610072
10418,193,194,LAE,0.8569724763001123
10419,193,194,LAE,0.8631249301433837
10420,193,197,LAE,25.263683800080983
10421,193,206,LAE,4.491896242240939
10422,193,194,LAE,2.588554719561997
10423,193,194,LAE,0.9242801568058628
10424,193,199,LAE,16.871771384474595
10425,193,198,LAE,3.9375302277884385
10426,193,194,LAE,2.987069486331866
10427,191,195,LAE,2.6820336269221574
10428,192,195,LAE,3.975009252832327
10429,192,195,LAE,2.1476239867330817
10430,193,196,LAE,2.8680777354504623
10431,193,198,LAE,2.269513831420782
10432,193,198,LAE,4.94467085733858
10433,193,197,LAE,2.5112984406506973
10434,193,196,LAE,3.40906150006496
10435,193,195,LAE,1.6725977187107732
10436,193,198,LAE,14.09563618970433
10437,193,195,LAE,1.7702420163260677
10438,194,196,LAE,2.9581576455736456
10439,194,196,LAE,1.5459989171449022
10440,194,201,LAE,2.147654788339758
10441,194,197,LAE,1.8526937790692328
10442,194,196,LAE,1.8980006501241764
10443,194,197,LAE,1.8558437086644914
10444,194,195,LAE,1.3535451272016468
10445,194,204,LAE,3.4599323220176483
10446,194,195,LAE,1.7126434260918983
10447,194,196,LAE,1.394387249439523
10448,194,197,LAE,2.431100456948178
10449,194,200,LAE,2.479744580622052
10450,194,197,LAE,1.748760092408402
10451,194,203,LAE,3.3728814914441982
10452,194,196,LAE,1.9210632976046949
10453,194,196,LAE,1.6290943019917146
10454,194,197,LAE,1.4998712274200974
10455,194,197,LAE,1.8593961409922914
10456,194,197,LAE,4.721467442958621
10457,194,195,LAE,3.0196288427160014
10458,194,200,LAE,2.103781967963725
10459,194,204,LAE,2.501314331039513
10460,194,197,LAE,3.435705640673664
10461,194,202,LAE,3.084119805756864
10462,194,196,LAE,1.2292818988602205
10463,194,195,LAE,0.8736831396642167
10464,194,196,LAE,1.0521647203450346
10465,194,199,LAE,2.016918425289319
10466,194,201,LAE,2.1821547122852047
10467,194,197,LAE,1.6188299930221624
10468,194,195,LAE,2.638184438192308
10469,194,196,LAE,1.965013740543066
10470,194,196,LAE,2.740518157426247
10471,194,196,LAE,3.831235433905703
10472,194,198,LAE,3.0195340557398245
10473,194,201,LAE,2.471595392513898
10474,194,195,LAE,1.9035427813923367
10475,194,196,LAE,1.4916180149519767
10476,194,195,LAE,1.7565388310178738
10477,194,195,LAE,1.4073908009095493
10478,194,198,LAE,4.251056391583938
10479,194,200,LAE,2.6870664313217865
10480,194,198,LAE,22.579678964963694
10481,194,198,LAE,3.119596662829883
10482,194,195,LAE,0.9419594007924988
10483,194,197,LAE,25.079365734435704
10484,194,195,LAE,2.863216625369606
10485,194,202,LAE,13.528937828340343
10486,194,195,LAE,2.780264290034231
10487,194,196,LAE,1.8207498096899952
10488,194,198,LAE,3.741784593176523
10489,194,197,LAE,2.9468927610200484
10490,194,196,LAE,2.7815080454713934
10491,194,205,LAE,4.008585107784085
10492,194,197,LAE,1.8954253766685116
10493,194,195,LAE,1.931665015019004
10494,194,197,LAE,1.3323840476868558
10495,194,195,LAE,21.798810909749164
10496,194,198,LAE,20.624149941158052
10497,194,199,LAE,2.2434601534781433
10498,194,195,LAE,1.738930373466788
10499,194,197,LAE,1.505289603748267
10500,194,200,LAE,2.855220842502331
10501,194,201,LAE,15.930137447043355
10502,194,195,LAE,2.7112110303168198
10503,194,198,LAE,1.6569144657114743
10504,194,196,LAE,2.883101359975706
10505,194,195,LAE,2.7336614251802307
10506,194,195,LAE,2.0807597364063204
10507,194,195,LAE,2.8361225160718035
10508,194,195,LAE,2.571535115594323
10509,194,198,LAE,16.4772716183031
10510,194,203,LAE,21.103220956222415
10511,194,197,LAE,2.73768955184073
10512,194,195,LAE,2.7312358318744163
10513,194,195,LAE,2.8069016125362882
10514,194,195,LAE,0.8419512746805815
10515,194,195,LAE,3.08975876947428
10516,194,195,LAE,0.8493087528858849
10517,194,195,LAE,19.232935307966535
10518,194,202,LAE,2.5219831823831753
10519,194,199,LAE,3.7905670923867216
10520,194,197,LAE,1.8971912507554554
10521,194,200,LAE,1.7224171801203974
10522,194,201,LAE,2.4363190445438345
10523,194,197,LAE,2.084966579301588
10524,194,195,LAE,0.8589564265626325
10525,194,203,LAE,2.59536591090955
10526,194,198,LAE,29.054764391531446
10527,192,196,LAE,2.5867606450699587
10528,193,196,LAE,1.772865257529836
10529,193,200,LAE,3.3295127743143405
10530,193,196,LAE,34.43621381048221
10531,193,196,LAE,3.2845530062563437
10532,193,196,LAE,2.117958490935831
10533,193,198,LAE,21.35466168310232
10534,194,196,LAE,1.8198696628525606
10535,194,196,LAE,4.1599245334237445
10536,194,196,LAE,28.054988748231946
10537,194,201,LAE,22.015312416926275
10538,194,201,LAE,2.4302032269993292
10539,194,205,LAE,3.439532593617162
10540,194,201,LAE,2.2278383370734396
10541,194,199,LAE,1.971992478266166
10542,194,197,LAE,1.35915598413421
10543,194,201,LAE,3.0343768808411538
10544,194,197,LAE,52.72608475357222
10545,195,197,LAE,1.5631835051085272
10546,195,208,LAE,3.3013351709919307
10547,195,198,LAE,1.6255763148953766
10548,195,197,LAE,2.7986158197140303
10549,195,198,LAE,1.7804424343938277
10550,195,196,LAE,1.6649607278883636
10551,195,197,LAE,1.8551382898294444
10552,195,196,LAE,1.5100513064485646
10553,195,198,LAE,1.6031196130794059
10554,195,200,LAE,2.100012593223108
10555,195,196,LAE,2.5925399469685777
10556,195,196,LAE,2.8242182295097766
10557,195,205,LAE,3.494575916891139
10558,195,197,LAE,1.3708809213168618
10559,195,199,LAE,33.07295767589796
10560,195,198,LAE,1.849894481269053
10561,195,201,LAE,4.332034440056667
10562,195,196,LAE,2.697267989377253
10563,195,196,LAE,2.6439810177567113
10564,195,200,LAE,2.6651811455446524
10565,195,198,LAE,24.693339990071674
10566,195,196,LAE,2.718311523385548
10567,195,200,LAE,3.585118917235283
10568,195,196,LAE,1.7935534234267627
10569,195,196,LAE,2.732650398288377
10570,195,201,LAE,2.1853218509304093
10571,195,196,LAE,2.9331380038986357
10572,195,196,LAE,2.6649909379381795
10573,195,197,LAE,3.4450469860272364
10574,195,198,LAE,16.48205976397806
10575,195,199,LAE,23.714856039252094
10576,195,196,LAE,2.5201987297365642
10577,195,198,LAE,17.669127467413944
10578,195,196,LAE,2.8917546847405293
10579,195,200,LAE,3.4186672381501277
10580,195,196,LAE,2.726956788756252
10581,195,196,LAE,2.881952435358698
10582,195,196,LAE,4.053935663028527
10583,195,197,LAE,2.168243157788691
10584,195,197,LAE,2.5121685621325134
10585,195,197,LAE,2.3865173051379083
10586,195,199,LAE,2.504602341779432
10587,195,197,LAE,10.390844059460052
10588,195,196,LAE,1.7204599211636131
10589,195,198,LAE,2.147055721627946
10590,195,196,LAE,4.0432550999077925
10591,195,196,LAE,0.9446878919853051
10592,195,197,LAE,5.690247852256592
10593,195,204,LAE,3.492593541691553
10594,195,196,LAE,1.4129297553766835
10595,195,196,LAE,2.8261199767703356
10596,195,196,LAE,2.73887725842469
10597,195,199,LAE,19.43109523859779
10598,193,197,LAE,2.3805764864142867
10599,193,197,LAE,5.264349987855473
10600,193,197,LAE,16.069126936123627
10601,194,206,LAE,36.31201961455986
10602,194,197,LAE,18.189585064505042
10603,194,199,LAE,3.149026337367671
10604,194,197,LAE,2.5477959324391053
10605,194,197,LAE,2.7489783428093144
10606,194,198,LAE,19.678009239290958
10607,195,198,LAE,2.4853570833454404
10608,195,198,LAE,1.2469103128232129
10609,195,197,LAE,1.7045213277851778
10610,195,197,LAE,1.3198763319796598
10611,195,197,LAE,21.41009736484613
10612,195,199,LAE,3.748593879822697
10613,195,197,LAE,2.444395265421135
10614,195,197,LAE,1.4701155064801483
10615,196,198,LAE,1.7919250138519653
10616,196,199,LAE,1.7181626345316408
10617,196,198,LAE,2.382453212109716
10618,196,197,LAE,2.573420620376622
10619,196,197,LAE,1.5672571041726149
10620,196,203,LAE,2.548351949497292
10621,196,198,LAE,1.558773334190923
10622,196,197,LAE,16.396905023788616
10623,196,197,LAE,1.0770498583422736
10624,196,197,LAE,1.1799196407491483
10625,196,204,LAE,4.295381778136213
10626,196,197,LAE,1.457845036454694
10627,196,200,LAE,2.1136950227997766
10628,196,198,LAE,1.890481558680018
10629,196,197,LAE,25.503249504791246
10630,196,199,LAE,1.7444527866645991
10631,196,200,LAE,16.358249975009723
10632,196,197,LAE,2.823708815055956
10633,196,197,LAE,1.512481843173407
10634,196,198,LAE,15.124370732323031
10635,196,198,LAE,1.459042413779291
10636,196,202,LAE,2.9363473249986156
10637,196,200,LAE,2.434680038650779
10638,196,197,LAE,1.3326220623260923
10639,196,199,LAE,5.020551210529962
10640,196,198,LAE,1.725253131295486
10641,196,197,LAE,21.733319110474625
10642,196,203,LAE,16.3163388080718
10643,196,200,LAE,2.914703321081304
10644,196,198,LAE,1.0937878066874924
10645,196,200,LAE,17.839664817444277
10646,196,203,LAE,2.8966380755279233
10647,196,201,LAE,2.3197451569042364
10648,196,202,LAE,2.499871666750069
10649,196,198,LAE,4.406026637327721
10650,196,197,LAE,15.390551775311987
10651,196,197,LAE,0.9527058604275047
10652,196,197,LAE,26.341508343851878
10653,196,200,LAE,1.9444778525714572
10654,196,197,LAE,2.374476827134267
10655,196,199,LAE,13.114580819137243
10656,196,197,LAE,2.1248743832964934
10657,196,197,LAE,1.6123116095824928
10658,196,197,LAE,1.5390452361622857
10659,196,199,LAE,1.8182047220187658
10660,196,202,LAE,4.457487893538059
10661,196,197,LAE,1.517388514487817
10662,196,198,LAE,1.9059047286553135
10663,196,197,LAE,17.71079358896548
10664,196,199,LAE,3.33928808764496
10665,196,197,LAE,19.412980416295614
10666,196,199,LAE,24.559021440712296
10667,196,197,LAE,1.4380552962824136
10668,196,199,LAE,23.389922596606198
10669,196,198,LAE,5.022874115015868
10670,196,202,LAE,19.14954308615204
10671,196,198,LAE,3.217493249806253
10672,196,197,LAE,1.8930512012302712
10673,196,202,LAE,2.4618809385355007
10674,196,197,LAE,25.50799293421694
10675,196,199,LAE,2.631600835645204
10676,195,200,LAE,3.0446801708649733
10677,195,201,LAE,2.869769088531327
10678,195,198,LAE,22.767487419898146
10679,195,199,LAE,18.124038296455133
10680,196,199,LAE,1.7051651008771016
10681,196,198,LAE,2.889006090284267
10682,196,198,LAE,1.4891437273703507
10683,196,198,LAE,1.8406935251787997
10684,196,202,LAE,19.73973809393635
10685,196,198,LAE,2.1700460791638863
10686,196,203,LAE,2.7621227492568394
10687,196,199,LAE,4.670860883401611
10688,196,199,LAE,1.7643546451235468
10689,197,199,LAE,2.0270545506646487
10690,197,204,LAE,14.638053187693513
10691,197,198,LAE,22.006099028766847
10692,197,199,LAE,1.4247784325711055
10693,197,207,LAE,50.99326487083785
10694,197,206,LAE,19.603366668119506
10695,197,202,LAE,1.769155107848657
10696,197,202,LAE,1.7581494963803197
10697,197,199,LAE,1.790099921050506
10698,197,198,LAE,1.5196186170454211
10699,197,207,LAE,16.390895051058887
10700,197,199,LAE,2.808226403261316
10701,197,200,LAE,1.6152535922471105
10702,197,198,LAE,15.792750244210191
10703,197,202,LAE,2.974214734045634
10704,197,204,LAE,2.503256217802261
10705,197,200,LAE,18.761321891376813
10706,197,199,LAE,20.936562042403157
10707,197,199,LAE,1.5406875843152905
10708,197,198,LAE,23.578568641827292
10709,197,198,LAE,1.5968458453134333
10710,197,199,LAE,3.496275264264665
10711,197,198,LAE,20.465213896990015
10712,197,199,LAE,1.707302814775541
10713,197,198,LAE,10.726236748126302
10714,197,198,LAE,1.5652149053394684
10715,197,202,LAE,22.935280899294067
10716,197,198,LAE,1.3985658731215356
10717,197,198,LAE,2.7606666433797065
10718,197,201,LAE,2.0680456409876156
10719,197,199,LAE,4.5385026149549255
10720,197,199,LAE,1.754855819596689
10721,197,198,LAE,1.3850182517322518
10722,197,198,LAE,30.99319150187861
10723,197,199,LAE,3.922554204992371
10724,197,198,LAE,54.2204798755998
10725,197,200,LAE,1.6598131820216908
10726,197,198,LAE,1.6261312205605316
10727,197,199,LAE,0.9470266860660965
10728,197,207,LAE,2.68784995776843
10729,197,203,LAE,18.461195843176277
10730,197,198,LAE,26.31402004248113
10731,197,199,LAE,2.8080586329719766
10732,197,206,LAE,20.034176290358666
10733,197,198,LAE,17.548893129049983
10734,197,199,LAE,1.721778711987967
10735,196,203,LAE,27.91275922193255
10736,196,200,LAE,12.95985104572917
10737,196,199,LAE,1.7626437273715114
10738,196,205,LAE,2.8307037057226485
10739,197,205,LAE,2.4033027861391143
10740,197,202,LAE,2.735487815559645
10741,197,206,LAE,23.057260498500746
10742,197,200,LAE,3.390572712055211
10743,197,206,LAE,2.79361159634908
10744,197,199,LAE,1.809578647563571
10745,197,202,LAE,25.83838664074391
10746,198,199,LAE,18.66939586997336
10747,198,199,LAE,0.9346747481374239
10748,198,199,LAE,22.517516222066703
10749,198,203,LAE,12.005771095375867
10750,198,202,LAE,1.7097815632652422
10751,198,199,LAE,1.4591249916430515
10752,198,200,LAE,1.6931725502495492
10753,198,199,LAE,2.79397623061285
10754,198,202,LAE,1.8030366224613468
10755,198,204,LAE,1.9607370726851931
10756,198,199,LAE,1.4901498422720407
10757,198,201,LAE,1.1716089864806138
10758,198,204,LAE,2.0255468019728005
10759,198,200,LAE,17.438622953159598
10760,198,202,LAE,2.6169611499305425
10761,198,202,LAE,12.643346166334885
10762,198,204,LAE,2.867486506153274
10763,198,202,LAE,3.2240456923515475
10764,198,202,LAE,2.052372825933522
10765,198,205,LAE,3.321773747117202
10766,198,199,LAE,1.027340414383683
10767,198,201,LAE,1.5760307817162929
10768,198,203,LAE,2.063364207858146
10769,198,200,LAE,1.4021167233426572
10770,198,199,LAE,1.442982768051862
10771,198,206,LAE,2.6331670920748707
10772,198,202,LAE,17.156597657474986
10773,198,200,LAE,1.6533256983367592
10774,198,199,LAE,1.8049155537637538
10775,198,199,LAE,1.725098555070327
10776,198,202,LAE,2.300322593185074
10777,198,199,LAE,1.496864950689547
10778,198,199,LAE,1.5364509196361147
10779,198,199,LAE,3.671258610825353
10780,198,199,LAE,21.706442304904847
10781,198,202,LAE,1.9038711509985664
10782,198,199,LAE,2.1058880986901616
10783,198,203,LAE,3.6666003190593717
10784,198,199,LAE,1.783060388236041
10785,198,199,LAE,3.016364318279655
10786,198,199,LAE,1.148120576650475
10787,198,199,LAE,4.293180171063872
10788,198,199,LAE,1.9326843024170297
10789,198,199,LAE,0.7922768786741561
10790,198,202,LAE,1.9573388368401905
10791,198,200,LAE,2.0256311209439315
10792,198,201,LAE,1.8271729583990564
10793,198,199,LAE,19.897521327511562
10794,198,200,LAE,1.1350914559794627
10795,198,204,LAE,1.9203330647846002
10796,198,203,LAE,22.535114343841265
10797,198,203,LAE,22.93240276354145
10798,198,203,LAE,29.660465395620204
10799,198,199,LAE,1.7686291743528653
10800,198,199,LAE,14.15985254885527
10801,198,199,LAE,1.9353635881434048
10802,198,200,LAE,2.1877950639704227
10803,198,200,LAE,3.9457447641903056
10804,198,200,LAE,2.943821011193914
10805,198,204,LAE,2.61763542338717
10806,198,201,LAE,2.588130269293343
10807,198,199,LAE,1.5340110881275348
10808,198,200,LAE,4.091835323535942
10809,198,203,LAE,23.795020860109137
10810,198,201,LAE,3.608588010455401
10811,198,201,LAE,1.9858353825814608
10812,198,201,LAE,3.3533626915820656
10813,198,202,LAE,27.103444254780072
10814,198,201,LAE,3.22584874448175
10815,198,201,LAE,1.6357163217240438
10816,198,201,LAE,13.511152097756188
10817,198,200,LAE,3.983996596433551
10818,198,199,LAE,0.9626696693139686
10819,198,204,LAE,18.825548948093353
10820,198,202,LAE,4.889613366601814
10821,198,201,LAE,1.6842059388523432
10822,198,199,LAE,21.17536304515723
10823,198,202,LAE,23.56361945584832
10824,198,205,LAE,2.901158150569112
10825,196,200,LAE,13.600575312886173
10826,197,200,LAE,22.282982934929457
10827,197,200,LAE,17.4187153554482
10828,197,203,LAE,19.221381031866038
10829,198,202,LAE,1.882005186772127
10830,198,204,LAE,2.2000898450833772
10831,198,204,LAE,3.063179062955051
10832,198,202,LAE,2.402619938875553
10833,198,200,LAE,1.5329617732103509
10834,198,200,LAE,1.8077514557272882
10835,198,201,LAE,5.314118368484651
10836,198,201,LAE,1.5426047797954077
10837,198,201,LAE,3.6918447643834043
10838,198,200,LAE,28.97793360686365
10839,198,203,LAE,2.0874994168287273
10840,198,202,LAE,55.354230239570754
10841,198,200,LAE,13.594130702311714
10842,199,204,LAE,2.1679108026391534
10843,199,201,LAE,1.087671945977162
10844,199,200,LAE,19.354637814764768
10845,199,200,LAE,3.539448567328805
10846,199,206,LAE,15.503977095101748
10847,199,200,LAE,1.3136425009346606
10848,199,203,LAE,1.7976245192061984
10849,199,200,LAE,6.604305644312106
10850,199,203,LAE,2.2240295347734333
10851,199,201,LAE,12.214000041766745
10852,199,200,LAE,1.29119548258329
10853,199,203,LAE,2.236974650071812
10854,199,205,LAE,2.3350735239033753
10855,199,209,LAE,2.86790301074003
10856,199,200,LAE,2.7523872886036846
10857,199,207,LAE,25.825056753154637
10858,199,200,LAE,2.9155018411338927
10859,199,206,LAE,18.10412029620834
10860,199,200,LAE,0.8204592055681941
10861,199,200,LAE,0.8118595623477299
10862,199,200,LAE,21.88104420676234
10863,199,201,LAE,2.881789433608544
10864,199,209,LAE,3.4368735246734023
10865,199,200,LAE,2.8555847015437794
10866,199,200,LAE,40.69798103256955
10867,199,204,LAE,2.6363650538576704
10868,199,203,LAE,17.44768336922163
10869,199,202,LAE,2.14515043654385
10870,199,200,LAE,19.52570168600129
10871,199,206,LAE,2.3641575391327785
10872,199,203,LAE,2.405117618482824
10873,199,205,LAE,2.952396401372242
10874,199,200,LAE,14.913516995823333
10875,199,200,LAE,1.4500410394391006
10876,199,200,LAE,2.323039483057671
10877,199,200,LAE,1.4117123311018762
10878,199,200,LAE,4.254630440270968
10879,199,202,LAE,1.1130951016347417
10880,199,206,LAE,2.529988144346227
10881,199,204,LAE,21.040598958850364
10882,199,202,LAE,26.269717823733384
10883,199,201,LAE,1.3448941909905667
10884,199,200,LAE,2.1441068845140503
10885,199,201,LAE,3.746861820756699
10886,199,200,LAE,16.288244392403936
10887,199,204,LAE,3.262535671122271
10888,199,200,LAE,2.1388710060728653
10889,199,201,LAE,1.6140559656301467
10890,199,201,LAE,1.6261399631254114
10891,199,200,LAE,3.3261390814633214
10892,199,202,LAE,23.19393489961715
10893,199,201,LAE,3.046935910229194
10894,199,206,LAE,2.701045112820136
10895,199,203,LAE,2.5453224115396877
10896,199,203,LAE,51.248332480321444
10897,199,201,LAE,3.0002232356290777
10898,199,205,LAE,2.7079189347421897
10899,199,207,LAE,36.82280487383142
10900,199,200,LAE,1.3277160032476834
10901,199,202,LAE,3.671154762122393
10902,199,201,LAE,2.7388532720986167
10903,199,209,LAE,3.3537713273897825
10904,199,201,LAE,4.653230819633271
10905,199,201,LAE,2.655662947165295
10906,199,200,LAE,1.2682051295381362
10907,199,204,LAE,2.4460982107921594
10908,198,201,LAE,2.498527051247171
10909,198,201,LAE,3.5768685728636758
10910,198,208,LAE,4.860632095018717
10911,198,201,LAE,3.207795359777406
10912,198,201,LAE,36.22283943548949
10913,199,203,LAE,1.776530649835856
10914,199,201,LAE,2.8454287134516036
10915,199,203,LAE,11.430848368807162
10916,199,207,LAE,26.72959707611762
10917,199,202,LAE,1.9741703577962255
10918,199,202,LAE,2.648489614252456
10919,199,201,LAE,1.1010864115067744
10920,199,204,LAE,47.32658912070717
10921,199,201,LAE,3.000180678680428
10922,199,201,LAE,1.4668569831559077
10923,199,201,LAE,36.59743168553598
10924,199,202,LAE,1.7847071139066766
10925,199,201,LAE,26.613680364969955
10926,199,201,LAE,3.0441911142438776
10927,200,205,LAE,11.221894966434395
10928,200,206,LAE,2.484061217181302
10929,200,202,LAE,1.7780158616118267
10930,200,202,LAE,32.81065032507486
10931,200,205,LAE,2.22619124313345
10932,200,201,LAE,3.2131107222636697
10933,200,203,LAE,2.21421745033457
10934,200,201,LAE,1.4232350896888817
10935,200,201,LAE,2.7208044287562667
10936,200,203,LAE,1.4089314987731218
10937,200,204,LAE,2.131551153308448
10938,200,211,LAE,27.498554484813035
10939,200,204,LAE,2.354743729735923
10940,200,201,LAE,2.1774218146941373
10941,200,201,LAE,1.6037646352988557
10942,200,203,LAE,5.430421899949943
10943,200,205,LAE,2.436364088645747
10944,200,214,LAE,13.115960002842982
10945,200,206,LAE,14.086840864145534
10946,200,206,LAE,2.414906453880406
10947,200,201,LAE,2.1130063352740245
10948,200,202,LAE,2.0301632725129988
10949,200,205,LAE,2.122425298245976
10950,200,204,LAE,34.33853040180349
10951,200,201,LAE,20.305172579602257
10952,200,202,LAE,2.2817110040346718
10953,200,201,LAE,23.654912911058165
10954,200,201,LAE,1.0574895944410196
10955,200,203,LAE,16.854390534194692
10956,200,207,LAE,2.631760320568894
10957,200,205,LAE,29.36236340246364
10958,200,201,LAE,17.78320940246002
10959,200,202,LAE,1.0225581298630757
10960,200,201,LAE,1.1658813350364117
10961,200,201,LAE,1.082750469906453
10962,200,201,LAE,1.4702861681550843
10963,200,201,LAE,3.9553949966575863
10964,200,205,LAE,24.90153169740561
10965,200,201,LAE,1.495631939067056
10966,200,209,LAE,4.2722500737549
10967,200,201,LAE,1.8193637552477222
10968,200,203,LAE,14.886251715178954
10969,200,204,LAE,34.8632292509733
10970,200,202,LAE,17.39233267548889
10971,200,201,LAE,1.3830680819645933
10972,200,204,LAE,3.749031389064542
10973,200,201,LAE,1.8186655439010269
10974,200,205,LAE,17.76333682552801
10975,200,201,LAE,1.379677221555952
10976,200,201,LAE,1.278268161469931
10977,200,202,LAE,35.35952387678913
10978,200,204,LAE,44.71125295227879
10979,200,203,LAE,1.8676508447087132
10980,198,202,LAE,2.5953611179410916
10981,198,202,LAE,2.791009770663652
10982,198,208,LAE,2.753809093596015
10983,198,202,LAE,2.451704250418114
10984,198,202,LAE,19.690397521118868
10985,198,205,LAE,25.346657854431868
10986,199,202,LAE,28.155548380384
10987,200,206,LAE,3.331673071634334
10988,200,203,LAE,18.521404663807722
10989,200,206,LAE,2.465425919884934
10990,200,203,LAE,3.4435424112665847
10991,200,202,LAE,22.0042756870689
10992,200,202,LAE,14.056703791170829
10993,200,211,LAE,21.711505724641636
10994,200,202,LAE,12.618505640681557
10995,200,204,LAE,1.983441129391893
10996,200,202,LAE,48.100845593011286
10997,200,205,LAE,2.709164674720466
10998,200,202,LAE,28.202170802280996
10999,200,202,LAE,25.910659815958994
11000,200,204,LAE,21.377204056528466
11001,200,206,LAE,2.458849521444471
11002,200,216,LAE,11.643415550854165
11003,200,208,LAE,2.7557429503853195
11004,200,207,LAE,17.689209126484112
11005,200,202,LAE,34.19513516453864
11006,200,204,LAE,17.65544643763944
11007,200,203,LAE,1.851749583867082
11008,201,202,LAE,2.055500739957991
11009,201,206,LAE,2.652624097563261
11010,201,205,LAE,2.5103055954607574
11011,201,203,LAE,2.293417171514125
11012,201,207,LAE,3.189233599777966
11013,201,202,LAE,1.4664344591970582
11014,201,202,LAE,21.55198839403011
11015,201,202,LAE,3.145586655661999
11016,201,202,LAE,2.1947739322663455
11017,201,202,LAE,1.6029515167376773
11018,201,202,LAE,16.036072418840043
11019,201,202,LAE,4.490856562886751
11020,201,203,LAE,1.582278532613135
11021,201,202,LAE,2.0787167929815404
11022,201,203,LAE,1.3457286625285672
11023,201,204,LAE,2.046866989501206
11024,201,206,LAE,46.94890724265511
11025,201,202,LAE,4.5358847105719375
11026,201,210,LAE,2.730294104922248
11027,201,202,LAE,25.953276856122603
11028,201,202,LAE,2.2116015642029594
11029,201,204,LAE,4.258559295694708
11030,201,207,LAE,13.44267488163019
11031,201,202,LAE,16.930924893382553
11032,201,202,LAE,17.639018407137335
11033,201,203,LAE,1.8633828819933236
11034,201,202,LAE,5.080735985161629
11035,201,204,LAE,35.72243485325265
11036,201,204,LAE,3.088292231317284
11037,201,204,LAE,2.3711129638081574
11038,201,205,LAE,2.2906293198023784
11039,201,202,LAE,1.282408719104336
11040,201,205,LAE,1.7293252774482903
11041,201,204,LAE,1.5931958913208388
11042,201,202,LAE,1.877422008782034
11043,201,212,LAE,46.53290317649244
11044,201,206,LAE,21.61897267450935
11045,201,202,LAE,2.218391071752316
11046,201,202,LAE,1.259637957065117
11047,201,203,LAE,2.6881065723138855
11048,201,202,LAE,18.795098187457338
11049,199,206,LAE,28.158899570321406
11050,199,203,LAE,17.57560284362761
11051,200,203,LAE,14.248137608066255
11052,200,205,LAE,15.80712429793405
11053,200,203,LAE,16.792083252001408
11054,200,204,LAE,13.118766516120848
11055,201,203,LAE,1.6182829990536696
11056,201,203,LAE,3.4434932123226774
11057,201,205,LAE,2.369898063156717
11058,201,207,LAE,3.584331331425145
11059,201,203,LAE,23.56743012866615
11060,201,220,LAE,19.20739199464696
11061,201,203,LAE,22.73366544548822
11062,201,203,LAE,1.5524906969535484
11063,202,203,LAE,1.1542667476864577
11064,202,205,LAE,15.354046828778376
11065,202,203,LAE,18.790756404430642
11066,202,203,LAE,17.08193992592144
11067,202,207,LAE,2.551737443754112
11068,202,208,LAE,2.4127363444712646
11069,202,203,LAE,1.993440811443541
11070,202,203,LAE,1.3250473995752134
11071,202,203,LAE,17.70201191265375
11072,202,204,LAE,1.5737991909734543
11073,202,203,LAE,1.9295984079000057
11074,202,208,LAE,2.378977655558395
11075,202,219,LAE,15.544243051163273
11076,202,208,LAE,2.315680752306879
11077,202,203,LAE,32.74552603005122
11078,202,206,LAE,20.45198000320496
11079,202,223,LAE,22.042405185656083
11080,202,204,LAE,1.432482780563083
11081,202,204,LAE,1.6760448726351322
11082,202,203,LAE,2.319737234353608
11083,202,204,LAE,1.9874770892841795
11084,202,208,LAE,50.15094374269687
11085,202,203,LAE,18.123032156777633
11086,202,205,LAE,2.114835057278494
11087,202,205,LAE,18.121348680882136
11088,202,204,LAE,15.123251621656106
11089,202,203,LAE,5.125221738920157
11090,202,206,LAE,1.8516507251358316
11091,202,205,LAE,1.6414870618018602
11092,202,203,LAE,30.15522475701367
11093,202,204,LAE,1.6613310178183363
11094,202,204,LAE,4.394374801412598
11095,202,203,LAE,1.43571666391762
11096,202,205,LAE,2.0659905541297454
11097,202,203,LAE,1.1593259865303198
11098,202,205,LAE,1.8846122684107287
11099,202,204,LAE,2.384896411005531
11100,202,203,LAE,1.115577924593865
11101,202,203,LAE,0.8640523534327545
11102,202,214,LAE,20.38907730509078
11103,202,203,LAE,24.372876806889415
11104,202,204,LAE,2.4162612618171937
11105,202,205,LAE,1.8391792191431156
11106,202,208,LAE,2.6981481827423415
11107,202,205,LAE,4.174656199188638
11108,202,208,LAE,21.792945190570144
11109,202,203,LAE,15.266029887547992
11110,202,208,LAE,25.182446996800476
11111,202,205,LAE,2.5559277204790813
11112,202,206,LAE,35.87924830293975
11113,202,206,LAE,23.475482347984943
11114,202,203,LAE,16.746877958798994
11115,202,203,LAE,3.4435782796895418
11116,202,203,LAE,21.98393659612426
11117,202,205,LAE,37.754433934841
11118,202,204,LAE,1.7340731565113063
11119,202,208,LAE,18.23178779048597
11120,202,203,LAE,1.0767931762639047
11121,200,204,LAE,45.06205931819726
11122,201,210,LAE,21.37373538741199
11123,201,204,LAE,24.380992396062506
11124,201,204,LAE,30.548339212066296
11125,201,204,LAE,2.3111101081600514
11126,201,204,LAE,28.378760115124972
11127,202,206,LAE,2.2532246588392972
11128,202,204,LAE,25.750516470237518
11129,202,204,LAE,2.165602918180381
11130,202,208,LAE,2.9839760856512063
11131,202,213,LAE,21.373315519730998
11132,202,204,LAE,2.1838657581262
11133,202,205,LAE,21.724039714959225
11134,202,204,LAE,2.714115352749713
11135,202,206,LAE,2.007337747212853
11136,202,204,LAE,43.69261602896773
11137,202,204,LAE,14.768374644359643
11138,202,205,LAE,20.7658783216361
11139,202,204,LAE,2.112834536467141
11140,202,204,LAE,19.632224958321654
11141,202,204,LAE,18.442084064001858
11142,203,204,LAE,2.299242395666057
11143,203,206,LAE,1.9646943284598564
11144,203,215,LAE,26.163829512018467
11145,203,204,LAE,2.234572469416375
11146,203,207,LAE,1.7737904023288338
11147,203,209,LAE,26.046346594104254
11148,203,204,LAE,1.0878571661344554
11149,203,205,LAE,1.6270640713872861
11150,203,204,LAE,1.1897597230755217
11151,203,204,LAE,5.084915583806224
11152,203,204,LAE,1.2723397907469454
11153,203,208,LAE,2.3503157584102072
11154,203,212,LAE,20.91923094772608
11155,203,204,LAE,1.386550003289772
11156,203,205,LAE,2.121011821507969
11157,203,204,LAE,2.484586224895078
11158,203,205,LAE,3.8862515030099303
11159,203,209,LAE,2.443492845491933
11160,203,204,LAE,22.777056113882992
11161,203,210,LAE,2.775686671053249
11162,203,213,LAE,19.868616732761687
11163,203,207,LAE,2.0425526033105537
11164,203,206,LAE,2.4365749815476883
11165,203,207,LAE,2.2750741047188963
11166,203,208,LAE,17.728881360436823
11167,203,206,LAE,5.703771955298987
11168,203,206,LAE,2.236390118259939
11169,203,205,LAE,2.1760069348911184
11170,203,206,LAE,18.72442303488707
11171,203,208,LAE,2.227794986023239
11172,203,204,LAE,1.7806227163786166
11173,203,204,LAE,2.213265859792715
11174,203,210,LAE,21.34602964035312
11175,203,204,LAE,1.8536043389325074
11176,203,206,LAE,2.1667202608979186
11177,203,205,LAE,7.665459908596345
11178,203,204,LAE,2.4704693771351836
11179,203,208,LAE,2.4185927963792957
11180,203,207,LAE,1.8436300510332013
11181,203,204,LAE,4.939970459065216
11182,203,205,LAE,21.824466705811705
11183,203,204,LAE,5.189984588348928
11184,203,204,LAE,9.68712329420686
11185,203,205,LAE,1.44979074819428
11186,203,207,LAE,2.089404051190489
11187,203,204,LAE,35.870383118049205
11188,203,204,LAE,2.2913294308111967
11189,203,204,LAE,1.764144386847885
11190,203,204,LAE,25.039725378578837
11191,203,204,LAE,21.151528108668018
11192,203,204,LAE,2.0169616195046296
11193,203,204,LAE,2.8317217752918067
11194,203,204,LAE,20.775885328106636
11195,203,204,LAE,2.839907665934915
11196,203,204,LAE,1.4311644876256522
11197,203,207,LAE,19.866526016329658
11198,203,207,LAE,2.2224106552243157
11199,203,204,LAE,1.2344270001261684
11200,201,205,LAE,15.551879562041321
11201,201,205,LAE,2.9728442901084353
11202,202,206,LAE,13.258749369559876
11203,202,205,LAE,18.05214383003543
11204,202,205,LAE,16.568889050508634
11205,202,205,LAE,18.908379248698637
11206,202,205,LAE,18.31858949935741
11207,202,208,LAE,19.4826456032675
11208,202,205,LAE,19.71397108066391
11209,203,207,LAE,2.1311222468464712
11210,203,205,LAE,2.1780103962187196
11211,203,205,LAE,27.182965540722776
11212,203,205,LAE,17.56077739129014
11213,203,207,LAE,2.551501201916873
11214,203,205,LAE,19.203447767660638
11215,203,211,LAE,17.02553003915996
11216,203,205,LAE,16.868793675069114
11217,203,205,LAE,1.3835474916156327
11218,203,208,LAE,1.9462745651317728
11219,203,207,LAE,22.8863435892899
11220,204,207,LAE,10.842677211455422
11221,204,213,LAE,36.07285108249058
11222,204,205,LAE,1.6385629430012303
11223,204,205,LAE,20.846162466515402
11224,204,206,LAE,18.95736716130178
11225,204,205,LAE,1.4190141363357618
11226,204,205,LAE,12.339164244624083
11227,204,205,LAE,14.107451914377503
11228,204,207,LAE,52.48470946656751
11229,204,209,LAE,15.788766175621241
11230,204,207,LAE,3.1178922311202166
11231,204,205,LAE,20.437826729205394
11232,204,205,LAE,28.63304992304519
11233,204,206,LAE,2.1015240281857013
11234,204,208,LAE,17.71719083747859
11235,204,206,LAE,18.434704927588406
11236,204,206,LAE,2.6776832244905155
11237,204,206,LAE,2.0313348274680294
11238,204,205,LAE,6.196045646453137
11239,204,207,LAE,2.1830405431760065
11240,204,205,LAE,20.929176799928925
11241,204,206,LAE,2.202830970327645
11242,204,205,LAE,1.7559218476194367
11243,204,206,LAE,35.88198886675978
11244,204,205,LAE,3.054790348070763
11245,204,205,LAE,45.64265444664868
11246,204,205,LAE,2.4607550776016747
11247,204,205,LAE,2.2436684842458647
11248,204,205,LAE,2.914206389766744
11249,204,205,LAE,2.7283172454126827
11250,204,209,LAE,3.5975085131702005
11251,202,206,LAE,24.00160004529642
11252,202,207,LAE,27.679506484436867
11253,202,206,LAE,23.427575856545843
11254,203,207,LAE,25.68645969812932
11255,203,206,LAE,8.157506895787023
11256,203,207,LAE,2.5410041771858034
11257,203,206,LAE,22.384068217599264
11258,203,206,LAE,2.075199633028248
11259,203,206,LAE,44.32616123946387
11260,203,228,LAE,17.23710930485834
11261,204,209,LAE,2.055610328486308
11262,204,208,LAE,1.818269209453505
11263,204,206,LAE,42.24285631011772
11264,204,206,LAE,3.377318710774118
11265,204,206,LAE,28.03087558077641
11266,204,206,LAE,24.028263709765973
11267,204,208,LAE,2.6645772667648453
11268,204,206,LAE,26.659148794435833
11269,204,206,LAE,2.2511494240658863
11270,204,206,LAE,2.362042153480499
11271,204,206,LAE,2.3192749337031597
11272,204,206,LAE,2.71497361966594
11273,204,206,LAE,2.190167757345369
11274,204,208,LAE,23.85581326554992
11275,204,207,LAE,29.983149159185924
11276,204,206,LAE,2.189763160468903
11277,204,207,LAE,24.73235502606208
11278,205,208,LAE,18.71996231684657
11279,205,209,LAE,5.776856793933464
11280,205,209,LAE,22.395100146701623
11281,205,206,LAE,1.0061482537495299
11282,205,210,LAE,36.90091542208346
11283,205,210,LAE,53.96644355758202
11284,205,206,LAE,21.702869997331305
11285,205,212,LAE,21.34513016961153
11286,205,210,LAE,17.500191021638326
11287,205,209,LAE,24.229698679743752
11288,205,206,LAE,16.769687040533835
11289,205,206,LAE,2.2061319828835337
11290,205,206,LAE,22.992032970000086
11291,205,207,LAE,2.149738049653692
11292,205,216,LAE,31.304244429515915
11293,205,209,LAE,30.138303573015193
11294,205,208,LAE,13.247027606998545
11295,205,206,LAE,2.1812330495586547
11296,205,208,LAE,1.475513232874575
11297,205,209,LAE,24.600638829199976
11298,205,206,LAE,43.892731221938874
11299,205,206,LAE,45.24896704686633
11300,205,206,LAE,3.7006624795551804
11301,205,208,LAE,48.655596311123475
11302,205,206,LAE,4.398689071858469
11303,205,208,LAE,17.431778728733644
11304,205,212,LAE,23.576106457749468
11305,205,207,LAE,5.653296408070826
11306,205,208,LAE,2.4193998396016325
11307,205,206,LAE,1.9689703799250862
11308,205,206,LAE,16.48870328577263
11309,205,206,LAE,2.391537192763347
11310,205,206,LAE,1.7040014985584717
11311,205,208,LAE,2.449869647431816
11312,204,207,LAE,13.833131713375302
11313,204,207,LAE,2.149086231233993
11314,204,207,LAE,2.4058519391536315
11315,204,208,LAE,21.424325351508404
11316,204,208,LAE,2.1649255088372357
11317,204,207,LAE,56.31038356994066
11318,205,210,LAE,22.167193364677885
11319,205,207,LAE,2.0411097084538983
11320,205,207,LAE,27.41788778350669
11321,205,207,LAE,1.8682533983100507
11322,205,207,LAE,19.423940175103212
11323,205,208,LAE,2.058360439343716
11324,205,207,LAE,51.64269372729307
11325,205,207,LAE,1.8316923011617323
11326,205,207,LAE,11.868991403022797
11327,205,209,LAE,20.80904757699987
11328,205,207,LAE,20.514736416279536
11329,205,207,LAE,13.297415197984432
11330,205,207,LAE,27.90909834838161
11331,205,207,LAE,27.50206106017635
11332,205,207,LAE,18.553206540075507
11333,205,207,LAE,31.836514526743386
11334,206,208,LAE,2.841072003244543
11335,206,219,LAE,4.791409646715623
11336,206,210,LAE,1.8666514835062358
11337,206,209,LAE,1.5286549939441143
11338,206,207,LAE,18.213281926876217
11339,206,210,LAE,23.077450556161693
11340,206,207,LAE,5.539646472977508
11341,206,207,LAE,2.0298864808110166
11342,206,207,LAE,1.718566339859074
11343,206,213,LAE,5.568841382751257
11344,206,209,LAE,1.9149004428472878
11345,206,207,LAE,3.0470236174765897
11346,206,212,LAE,3.0176985927096887
11347,206,207,LAE,2.5904297814247332
11348,206,207,LAE,6.18305114453076
11349,206,210,LAE,28.561526811949484
11350,206,208,LAE,44.18328473212862
11351,206,219,LAE,5.442974995317466
11352,206,208,LAE,14.442402970234696
11353,206,209,LAE,13.681166000332366
11354,206,208,LAE,2.2216357298594214
11355,206,208,LAE,46.9386994304814
11356,206,209,LAE,15.646907409957594
11357,206,208,LAE,4.255151044992762
11358,206,208,LAE,10.80789753700154
11359,206,211,LAE,26.78845412167346
11360,206,213,LAE,26.91136763146354
11361,206,208,LAE,2.409016244240631
11362,206,207,LAE,16.28744055944533
11363,206,210,LAE,20.908817948538235
11364,206,207,LAE,1.77992646409625
11365,206,207,LAE,18.311102042078346
11366,206,207,LAE,24.55149844404375
11367,206,208,LAE,21.296332308020357
11368,206,209,LAE,20.879494573625223
11369,206,211,LAE,20.344135780199693
11370,206,207,LAE,23.616513855053068
11371,206,208,LAE,22.884367557520843
11372,206,208,LAE,1.7941535625991842
11373,206,208,LAE,8.762974441667838
11374,206,210,LAE,1.7883143507146382
11375,206,209,LAE,1.5895314624408114
11376,206,207,LAE,5.8991658048818785
11377,206,207,LAE,1.4639091140864098
11378,206,207,LAE,21.600414574942207
11379,206,207,LAE,23.80909304982305
11380,206,207,LAE,22.40501633215333
11381,206,207,LAE,11.47677987150754
11382,206,211,LAE,49.52626872911132
11383,204,212,LAE,27.1513112957893
11384,204,208,LAE,22.436039319299592
11385,205,208,LAE,11.301214765257155
11386,205,208,LAE,11.930259986847835
11387,205,210,LAE,2.8470540797109045
11388,205,208,LAE,19.539117073279808
11389,206,208,LAE,1.841127068304338
11390,206,210,LAE,1.7922830053509122
11391,206,208,LAE,18.477936157537517
11392,206,208,LAE,27.16358154444427
11393,206,208,LAE,21.113802410986434
11394,206,211,LAE,16.63785448178772
11395,206,208,LAE,2.1166519831403927
11396,206,211,LAE,2.913049721679793
11397,206,214,LAE,2.8093717562973732
11398,206,209,LAE,1.851955122190233
11399,206,210,LAE,2.1657472828103375
11400,206,208,LAE,38.22502579507028
11401,207,219,LAE,25.316515536055537
11402,207,208,LAE,1.3328706607159142
11403,207,208,LAE,24.190537581156352
11404,207,218,LAE,7.973419296534389
11405,207,217,LAE,19.691622960578293
11406,207,208,LAE,30.03392755207367
11407,207,209,LAE,28.82217731082727
11408,207,210,LAE,11.853428404198441
11409,207,208,LAE,13.492146844529147
11410,207,209,LAE,1.7197422528440542
11411,207,208,LAE,1.7408974100913082
11412,207,211,LAE,14.676086415232524
11413,207,208,LAE,1.3693275812252208
11414,207,208,LAE,1.738443921982586
11415,207,208,LAE,1.8348483605384915
11416,207,208,LAE,31.25942702718404
11417,207,217,LAE,25.363452006031146
11418,207,208,LAE,1.241506111615948
11419,207,208,LAE,1.693202982684298
11420,207,209,LAE,14.549192210338171
11421,207,216,LAE,26.35511327479191
11422,207,208,LAE,23.549022355858657
11423,207,208,LAE,22.47385854750685
11424,207,208,LAE,21.10369441639242
11425,207,214,LAE,2.995072172499592
11426,207,208,LAE,43.66824898297595
11427,207,210,LAE,17.5454758611823
11428,207,208,LAE,4.989115391167464
11429,207,208,LAE,6.047848221297435
11430,207,209,LAE,24.028045869475772
11431,207,208,LAE,24.94832292837006
11432,207,208,LAE,17.720729515373097
11433,207,212,LAE,30.870342305948785
11434,207,211,LAE,5.464375852579478
11435,207,209,LAE,2.21407028057865
11436,207,208,LAE,21.2672501049963
11437,207,209,LAE,1.8358347035767901
11438,207,208,LAE,6.311820822630497
11439,207,220,LAE,19.71640825380969
11440,207,210,LAE,1.6387279936691006
11441,207,208,LAE,2.128752366978982
11442,207,213,LAE,2.580963116542574
11443,207,208,LAE,12.794976592674406
11444,207,210,LAE,30.065308071336624
11445,207,209,LAE,1.4753996477339668
11446,207,209,LAE,3.089771183594744
11447,205,209,LAE,9.954131012542561
11448,205,209,LAE,25.976135616550877
11449,206,209,LAE,19.83396384521717
11450,206,209,LAE,14.640033571728344
11451,207,209,LAE,24.773789183230758
11452,207,209,LAE,29.119260496283395
11453,207,223,LAE,29.70058603895196
11454,207,212,LAE,25.968252356193176
11455,207,212,LAE,18.14699027595251
11456,207,209,LAE,18.417551148388053
11457,207,210,LAE,15.779442578137406
11458,207,209,LAE,2.029013081790145
11459,208,209,LAE,9.179996511378793
11460,208,210,LAE,53.16251461806168
11461,208,209,LAE,47.28649072022442
11462,208,211,LAE,5.417747971785861
11463,208,209,LAE,20.114520504280467
11464,208,216,LAE,21.86983708727313
11465,208,210,LAE,2.994524392412896
11466,208,211,LAE,19.302436435544156
11467,208,215,LAE,17.871706572233453
11468,208,213,LAE,17.336612259112464
11469,208,214,LAE,8.640575640743444
11470,208,209,LAE,20.311061159235294
11471,208,209,LAE,28.698457324050267
11472,208,213,LAE,24.41641337758386
11473,208,218,LAE,15.916072513011368
11474,208,209,LAE,1.355930915955865
11475,208,215,LAE,15.080594600135102
11476,208,215,LAE,19.37122852259651
11477,208,211,LAE,1.6265021456492132
11478,208,209,LAE,1.7494630028866536
11479,208,209,LAE,12.022052815304056
11480,208,209,LAE,21.828420909402908
11481,208,255,LAE,18.475088564961826
11482,208,209,LAE,20.44046369645007
11483,208,209,LAE,11.493577200627893
11484,208,214,LAE,18.268640195166522
11485,208,209,LAE,1.3378149514755644
11486,208,219,LAE,12.093953066932333
11487,208,210,LAE,5.468295280248831
11488,208,216,LAE,18.761167283833654
11489,208,211,LAE,15.710879399599122
11490,208,209,LAE,44.15417938167816
11491,208,209,LAE,2.444854293262846
11492,206,210,LAE,24.663364043446762
11493,206,214,LAE,24.974862083176344
11494,206,210,LAE,44.375827762586574
11495,206,210,LAE,14.174439009129975
11496,207,210,LAE,24.372442861333656
11497,207,217,LAE,16.665712410922378
11498,207,210,LAE,29.673699013764576
11499,208,212,LAE,17.371201695077293
11500,208,210,LAE,4.966829339495997
11501,208,210,LAE,22.449737447612964
11502,208,210,LAE,16.699360265354724
11503,208,210,LAE,1.7102403555806038
11504,208,220,LAE,9.25092182557225
11505,208,212,LAE,4.405068323367229
11506,208,210,LAE,22.409174223006808
11507,208,210,LAE,1.4414125092669745
11508,208,210,LAE,1.6190139828046997
11509,208,210,LAE,2.134316195230991
11510,208,214,LAE,15.341927680536584
11511,209,214,LAE,53.25665171538758
11512,209,212,LAE,14.582714808132037
11513,209,210,LAE,3.332647381232721
11514,209,210,LAE,15.031405601643664
11515,209,216,LAE,19.768334590105066
11516,209,211,LAE,5.154230762473116
11517,209,212,LAE,2.9026000121844873
11518,209,210,LAE,10.292477064890981
11519,209,211,LAE,1.516805199823915
11520,209,214,LAE,29.3809325998766
11521,209,213,LAE,26.3255705634789
11522,209,210,LAE,15.642012299676873
11523,209,212,LAE,16.38712111170234
11524,209,259,LAE,22.839311836641503
11525,209,210,LAE,17.739413619041112
11526,209,210,LAE,4.777990258839955
11527,209,214,LAE,2.2059774831180836
11528,209,210,LAE,1.3808962224088104
11529,209,210,LAE,22.731371988176043
11530,209,210,LAE,10.616509163125702
11531,209,210,LAE,21.839310176730688
11532,209,214,LAE,5.067259178060592
11533,209,210,LAE,19.927305190279206
11534,209,213,LAE,19.286640396730974
11535,209,210,LAE,15.805581388154303
11536,209,215,LAE,19.590195164945452
11537,207,211,LAE,45.17806590370419
11538,207,212,LAE,32.64654303813516
11539,207,221,LAE,32.516073460158
11540,207,212,LAE,27.435346572975867
11541,208,213,LAE,18.226984142374725
11542,208,212,LAE,18.73219492816806
11543,209,211,LAE,10.256766006949487
11544,209,211,LAE,49.77449444632126
11545,209,211,LAE,33.38323294158241
11546,209,211,LAE,12.867994562821519
11547,209,211,LAE,10.293591841663176
11548,209,216,LAE,24.018500415965914
11549,209,215,LAE,3.2816682274739044
11550,209,218,LAE,15.737263268831265
11551,210,211,LAE,1.5820795952041702
11552,210,211,LAE,24.09893584973694
11553,210,211,LAE,5.653759561835261
11554,210,214,LAE,1.6590760153775028
11555,210,215,LAE,26.561441349206035
11556,210,216,LAE,10.900356506022332
11557,210,211,LAE,11.008314674940552
11558,210,211,LAE,4.772627566925356
11559,210,213,LAE,12.48196191888478
11560,210,215,LAE,9.988048754590956
11561,210,217,LAE,12.127031085472579
11562,210,211,LAE,1.8601740965643818
11563,210,218,LAE,4.86811793763852
11564,210,211,LAE,2.2325126492061624
11565,210,211,LAE,1.5689304340801347
11566,210,211,LAE,1.5540541481081744
11567,210,212,LAE,1.5007983178104352
11568,210,215,LAE,8.739415406100312
11569,210,212,LAE,1.6988630773321458
11570,210,211,LAE,3.1695219245055513
11571,210,221,LAE,9.950170888607284
11572,210,211,LAE,11.79151974113192
11573,210,216,LAE,20.344948027717624
11574,210,214,LAE,9.553988974741896
11575,210,211,LAE,1.1769664263607988
11576,210,213,LAE,2.6201010987205313
11577,210,213,LAE,28.320514593499148
11578,210,211,LAE,3.2695142437908213
11579,210,215,LAE,9.636368514356363
11580,210,214,LAE,10.1222212717088
11581,210,226,LAE,9.126829302429261
11582,210,211,LAE,22.271289991394386
11583,208,212,LAE,22.99647912230748
11584,208,217,LAE,20.310309786665623
11585,209,212,LAE,20.825176814341926
11586,209,213,LAE,23.707691162715786
11587,209,212,LAE,18.74089951697654
11588,209,217,LAE,22.894676911093903
11589,210,212,LAE,1.2447577088476054
11590,210,212,LAE,17.470213304191834
11591,210,214,LAE,19.194795995223714
11592,210,216,LAE,2.407071618752679
11593,210,212,LAE,21.78255077026513
11594,210,212,LAE,1.0898696701737376
11595,210,212,LAE,17.026430650684897
11596,210,212,LAE,1.2672279967416065
11597,210,213,LAE,3.000998608706735
11598,210,212,LAE,13.015478727687935
11599,210,213,LAE,14.873373281277285
11600,210,216,LAE,19.265812990316324
11601,210,213,LAE,1.245418773178939
11602,211,212,LAE,24.616907238688665
11603,211,212,LAE,19.319907362359658
11604,211,212,LAE,1.6814934722572008
11605,211,259,LAE,22.073666327051455
11606,211,212,LAE,4.78666235460156
11607,211,212,LAE,15.329867898606281
11608,211,212,LAE,9.490548541422864
11609,211,213,LAE,11.33006430163941
11610,211,212,LAE,18.824272409677373
11611,211,218,LAE,19.875810563559465
11612,211,217,LAE,16.840421734392194
11613,211,214,LAE,14.327311792495392
11614,211,212,LAE,2.675874695632245
11615,211,212,LAE,23.120028629533873
11616,211,212,LAE,23.67856179212719
11617,211,212,LAE,5.336684220423654
11618,211,212,LAE,1.435770156057961
11619,211,219,LAE,20.548879197059602
11620,211,212,LAE,1.344949535715385
11621,211,212,LAE,4.382787016516425
11622,211,220,LAE,34.80184610919562
11623,211,219,LAE,11.169291110984167
11624,211,215,LAE,4.406763210669197
11625,211,217,LAE,42.6367652556326
11626,209,213,LAE,16.415984687912825
11627,209,218,LAE,18.83809240371892
11628,209,213,LAE,42.713982118313396
11629,209,213,LAE,19.799267988672977
11630,209,214,LAE,31.464299059713074
11631,210,213,LAE,4.611133673456042
11632,210,213,LAE,4.885667081081699
11633,210,213,LAE,26.229587857239157
11634,210,214,LAE,19.55920683693482
11635,210,213,LAE,18.177590363419586
11636,210,219,LAE,4.7563154117829765
11637,210,213,LAE,23.712966176642475
11638,211,213,LAE,20.48941962858448
11639,211,213,LAE,11.07752754473399
11640,211,214,LAE,4.828027525912888
11641,211,213,LAE,4.550877006912684
11642,211,213,LAE,17.943342150551178
11643,211,215,LAE,10.441106839704878
11644,211,213,LAE,1.46861449025611
11645,211,213,LAE,14.586029154526353
11646,212,216,LAE,32.51140437936229
11647,212,216,LAE,19.534039810901334
11648,212,216,LAE,4.4759980417132175
11649,212,213,LAE,23.291021490967232
11650,212,214,LAE,12.128817841428312
11651,212,214,LAE,19.276981625221335
11652,212,213,LAE,1.0522303931077592
11653,212,216,LAE,24.97472872783564
11654,212,214,LAE,1.748050560096495
11655,212,213,LAE,9.57879385377662
11656,212,218,LAE,24.801997264439688
11657,212,213,LAE,1.8964907129632933
11658,212,213,LAE,1.4501673026803406
11659,212,213,LAE,1.1247586898848845
11660,212,215,LAE,4.629163441714382
11661,212,215,LAE,16.856441408505383
11662,212,218,LAE,51.04843890246578
11663,212,216,LAE,2.224511820192351
11664,212,215,LAE,17.96937464034311
11665,212,213,LAE,6.471140169318135
11666,212,219,LAE,23.177996741297335
11667,212,214,LAE,25.76219078561269
11668,212,213,LAE,12.826215146339694
11669,212,214,LAE,16.715097477635105
11670,212,213,LAE,10.057397066987066
11671,212,213,LAE,1.1650800335557856
11672,212,213,LAE,24.866575584295504
11673,212,214,LAE,1.208699374487552
11674,210,214,LAE,21.113286267092093
11675,210,222,LAE,29.52765877474141
11676,210,214,LAE,2.732717757616939
11677,210,217,LAE,49.64484990492243
11678,211,216,LAE,4.927333009690673
11679,211,214,LAE,10.696091229195883
11680,211,219,LAE,18.413147732239615
11681,212,215,LAE,22.965339472033016
11682,212,214,LAE,27.331191547778367
11683,212,214,LAE,1.5899753498244302
11684,212,215,LAE,16.214308650939145
11685,212,214,LAE,2.483449835693481
11686,212,217,LAE,15.740866184243531
11687,212,214,LAE,9.593978674687863
11688,212,214,LAE,8.79925893143278
11689,212,214,LAE,1.2629244081209
11690,212,214,LAE,14.142018815944622
11691,212,214,LAE,15.024521574809825
11692,212,214,LAE,10.795176498567294
11693,213,218,LAE,1.6605725992638944
11694,213,218,LAE,31.801442984330837
11695,213,214,LAE,57.34117114960735
11696,213,214,LAE,4.141629316351503
11697,213,214,LAE,59.312602982940334
11698,213,214,LAE,8.939542003797953
11699,213,216,LAE,1.5687094835897732
11700,213,214,LAE,9.67231295378557
11701,213,214,LAE,2.518135251198602
11702,213,217,LAE,19.34111652422967
11703,213,216,LAE,1.828583574245508
11704,213,214,LAE,11.536204453479423
11705,213,217,LAE,20.66244321405923
11706,213,225,LAE,10.16347172822637
11707,213,218,LAE,1.9711598991144061
11708,213,219,LAE,5.541042152932793
11709,213,218,LAE,25.49180357029335
11710,213,215,LAE,18.60121298313226
11711,213,214,LAE,20.385340394223615
11712,213,214,LAE,1.3682777615589916
11713,213,225,LAE,20.371792707007472
11714,213,214,LAE,1.9542442577673342
11715,213,214,LAE,4.79100409205741
11716,213,218,LAE,24.351725240238338
11717,213,215,LAE,26.08329223307234
11718,213,214,LAE,21.017785921212866
11719,213,218,LAE,18.287883670029352
11720,213,214,LAE,24.501688177024946
11721,213,214,LAE,4.767268380280697
11722,213,217,LAE,5.368033886262089
11723,213,215,LAE,1.1810605577941191
11724,213,218,LAE,31.006847960661773
11725,213,214,LAE,2.211583095461311
11726,213,218,LAE,25.11071311089125
11727,213,214,LAE,1.2515349308470565
11728,213,214,LAE,1.5731285222758435
11729,213,214,LAE,20.645608828138666
11730,213,215,LAE,9.282352510638312
11731,211,219,LAE,16.877182553091686
11732,211,215,LAE,23.088663111346673
11733,211,215,LAE,10.890496145988786
11734,211,215,LAE,18.26704051313613
11735,212,218,LAE,20.074352915346726
11736,212,215,LAE,11.789500953622767
11737,212,215,LAE,1.9379971687948745
11738,212,215,LAE,2.4017199863662597
11739,212,215,LAE,46.65887339918162
11740,212,215,LAE,9.235993325479573
11741,213,220,LAE,6.213775217829827
11742,213,215,LAE,32.44286531551663
11743,213,219,LAE,16.29324832256329
11744,213,217,LAE,28.412264094028885
11745,213,215,LAE,29.51578947317957
11746,213,215,LAE,21.29602602901865
11747,214,216,LAE,11.87174531964526
11748,214,218,LAE,19.748174348513672
11749,214,215,LAE,1.0063649788340947
11750,214,215,LAE,0.9117387295419122
11751,214,219,LAE,15.465038975244386
11752,214,216,LAE,1.0749425146620377
11753,214,215,LAE,20.697285676184034
11754,214,217,LAE,19.879816306967815
11755,214,218,LAE,22.32828679830731
11756,214,215,LAE,1.3976618794978084
11757,214,215,LAE,12.21577934201311
11758,214,215,LAE,21.291323441505853
11759,214,217,LAE,4.840902955909161
11760,214,224,LAE,10.96764625761698
11761,214,215,LAE,1.0288350791865706
11762,214,215,LAE,1.514664216686432
11763,214,219,LAE,2.0731132045671448
11764,214,216,LAE,24.11384850028279
11765,214,225,LAE,20.919628813073494
11766,214,216,LAE,1.4741641495659674
11767,214,219,LAE,12.026700211583709
11768,212,217,LAE,13.309597012666186
11769,212,216,LAE,4.349929626737309
11770,212,217,LAE,16.103529245048815
11771,212,218,LAE,1.9288065322462433
11772,212,216,LAE,9.460817806891345
11773,212,216,LAE,1.944065751219749
11774,212,216,LAE,36.42679155055667
11775,212,216,LAE,27.18013000922898
11776,212,224,LAE,17.350184287730347
11777,212,216,LAE,50.9704707422145
11778,213,218,LAE,4.213963767766954
11779,213,216,LAE,17.919769964302457
11780,213,216,LAE,6.651155187004173
11781,214,219,LAE,1.7120016035032815
11782,214,216,LAE,9.916428984888736
11783,214,216,LAE,4.503857495857238
11784,214,221,LAE,6.601560023682258
11785,214,217,LAE,11.175779726296817
11786,214,216,LAE,5.0877471689278755
11787,214,217,LAE,2.085342587247258
11788,214,216,LAE,1.4399825990669102
11789,214,216,LAE,6.677464564065302
11790,214,216,LAE,48.172875579929794
11791,215,216,LAE,42.929315919823445
11792,215,216,LAE,1.0526278243619491
11793,215,222,LAE,18.441310728721742
11794,215,216,LAE,15.760964032277549
11795,215,217,LAE,8.662897878728314
11796,215,216,LAE,48.373532171132155
11797,215,219,LAE,22.15852838572051
11798,215,216,LAE,4.759764091686069
11799,215,216,LAE,1.163144508615338
11800,215,216,LAE,34.43963773982626
11801,215,216,LAE,4.2677439758601174
11802,215,218,LAE,2.083878238830263
11803,215,216,LAE,2.6699334119372673
11804,215,216,LAE,18.820955734164812
11805,215,216,LAE,4.500120011550585
11806,215,217,LAE,20.95965578355247
11807,215,216,LAE,2.2050871745174616
11808,215,216,LAE,16.592555128180063
11809,215,218,LAE,38.933008723645905
11810,215,218,LAE,22.743041031601653
11811,215,216,LAE,11.434503421528536
11812,215,218,LAE,1.668456202257218
11813,215,216,LAE,1.1747602122998109
11814,215,216,LAE,1.3594005909326639
11815,215,220,LAE,1.5866298995234802
11816,215,216,LAE,20.537290804676644
11817,215,216,LAE,17.933342663840286
11818,215,217,LAE,28.506883282294652
11819,213,218,LAE,19.06743677491447
11820,213,217,LAE,25.580543333961813
11821,213,217,LAE,22.912794739095194
11822,214,218,LAE,26.380119594880203
11823,214,217,LAE,1.8191050649203042
11824,214,217,LAE,4.079625427628859
11825,214,223,LAE,19.72727572727776
11826,214,217,LAE,2.6675988344382393
11827,214,217,LAE,9.42192494974856
11828,214,219,LAE,36.62323103766596
11829,214,219,LAE,11.969260825054048
11830,215,217,LAE,4.406183169369387
11831,215,224,LAE,13.850500307365973
11832,215,217,LAE,12.91203879038747
11833,215,217,LAE,13.98347606938461
11834,215,217,LAE,1.5340219808116664
11835,215,217,LAE,16.093144920468003
11836,216,219,LAE,1.4387864279436824
11837,216,217,LAE,10.797872167404057
11838,216,218,LAE,23.98383538217029
11839,216,218,LAE,19.04921014294518
11840,216,227,LAE,16.401875554789797
11841,216,217,LAE,1.5919640243015902
11842,216,218,LAE,1.4594284688843135
11843,216,217,LAE,3.8666528997770184
11844,216,219,LAE,2.5294023669667087
11845,216,217,LAE,1.2276893134714377
11846,216,217,LAE,3.439442997710742
11847,216,217,LAE,1.4281428325605534
11848,216,218,LAE,1.4226334857802594
11849,216,217,LAE,12.409801759712206
11850,216,217,LAE,15.353673666011588
11851,216,217,LAE,50.658720906107
11852,216,217,LAE,1.4236644909250429
11853,216,217,LAE,11.234010257251434
11854,214,218,LAE,10.98817845278027
11855,214,218,LAE,29.98104660551342
11856,215,218,LAE,23.66729151215917
11857,215,218,LAE,4.735971015723101
11858,215,218,LAE,26.610810371926267
11859,215,218,LAE,57.168827821182795
11860,216,218,LAE,17.926410061930852
11861,216,218,LAE,13.664127909792786
11862,216,220,LAE,24.911092382921126
11863,216,218,LAE,10.464671851463907
11864,216,218,LAE,1.9078480245823417
11865,216,218,LAE,25.694253142440306
11866,216,218,LAE,15.776742477515665
11867,216,222,LAE,55.602450001175846
11868,216,218,LAE,16.338098254963516
11869,216,218,LAE,4.104435779534944
11870,216,218,LAE,2.8746860906001634
11871,216,218,LAE,4.9215119441604545
11872,217,226,LAE,9.141444327227688
11873,217,219,LAE,13.586179417135796
11874,217,222,LAE,9.974632075988955
11875,217,220,LAE,1.1641138295309699
11876,217,219,LAE,21.10489526346722
11877,217,218,LAE,1.1782220196245723
11878,217,221,LAE,43.746989875800324
11879,217,218,LAE,17.890276962235568
11880,217,218,LAE,35.99119613837302
11881,217,218,LAE,1.6951871555766955
11882,217,218,LAE,15.867858710405669
11883,217,218,LAE,26.603755261428905
11884,217,218,LAE,1.0414528022905154
11885,217,218,LAE,12.967856181381375
11886,217,221,LAE,17.408536201590408
11887,217,218,LAE,11.025635684742108
11888,217,225,LAE,45.76346048322151
11889,217,220,LAE,57.583181313517166
11890,217,218,LAE,16.78576705859939
11891,217,218,LAE,18.410934570551763
11892,217,218,LAE,39.40136181968331
11893,217,218,LAE,22.71188820299561
11894,217,219,LAE,1.3566485857121515
11895,215,219,LAE,45.450746433834794
11896,215,219,LAE,21.962827091890293
11897,215,219,LAE,55.952022305884874
11898,216,219,LAE,34.703796298799
11899,216,219,LAE,1.475351468309587
11900,216,220,LAE,1.6665286289305152
11901,216,219,LAE,28.75357347596967
11902,216,219,LAE,1.8520310412576382
11903,216,223,LAE,11.629259613251664
11904,216,223,LAE,22.223001034439022
11905,216,220,LAE,13.092459044794227
11906,216,219,LAE,1.3578729132796437
11907,217,222,LAE,4.366758445157845
11908,217,219,LAE,19.023933964418372
11909,217,219,LAE,9.942004464956767
11910,217,219,LAE,4.125476135842681
11911,217,221,LAE,5.514162485083325
11912,217,219,LAE,5.450709253743342
11913,217,219,LAE,1.2777386889060698
11914,218,219,LAE,1.1449134074626117
11915,218,219,LAE,1.4341184081860376
11916,218,219,LAE,9.317435888890198
11917,218,219,LAE,3.4457016278631394
11918,218,219,LAE,22.597554793478125
11919,218,222,LAE,27.684789052536228
11920,218,219,LAE,31.47192101488401
11921,218,219,LAE,24.302264706940505
11922,218,220,LAE,1.1923061927318341
11923,218,219,LAE,15.188194427659655
11924,218,219,LAE,0.9013655708125943
11925,218,219,LAE,0.8635498678671448
11926,218,220,LAE,29.860411051560316
11927,218,219,LAE,0.8952705889991099
11928,218,219,LAE,1.2137917575917958
11929,218,219,LAE,1.449073060237759
11930,218,219,LAE,1.6193689430750484
11931,218,220,LAE,49.705933487830194
11932,218,220,LAE,5.665214944498257
11933,218,219,LAE,20.60427698438049
11934,218,222,LAE,41.22240690923336
11935,218,223,LAE,4.249808421237625
11936,218,220,LAE,1.5984531446918366
11937,218,219,LAE,1.5414348104058024
11938,218,219,LAE,19.82597990470548
11939,216,220,LAE,22.67917924064358
11940,216,225,LAE,23.838286063910555
11941,217,220,LAE,18.792309002496854
11942,218,222,LAE,18.006465402595232
11943,218,220,LAE,1.1635275187892347
11944,218,223,LAE,32.09289111839826
11945,218,226,LAE,27.841743423068333
11946,218,222,LAE,24.165359948693474
11947,218,220,LAE,4.15342644217347
11948,218,220,LAE,18.35865793860271
11949,218,221,LAE,14.813918539633192
11950,219,220,LAE,31.67220059450393
11951,219,220,LAE,27.776018789548154
11952,219,222,LAE,9.87087903706015
11953,219,222,LAE,9.415474372626074
11954,219,220,LAE,15.245573463423467
11955,219,220,LAE,42.90622589137855
11956,219,220,LAE,22.645376947467557
11957,219,220,LAE,32.019018169707486
11958,219,297,LAE,46.39765769990261
11959,219,220,LAE,1.334690387690767
11960,219,222,LAE,11.454704994714321
11961,219,225,LAE,9.468714281873483
11962,219,225,LAE,30.34934619523051
11963,219,224,LAE,17.525304957368338
11964,219,221,LAE,1.2391909674510977
11965,219,223,LAE,28.8828978596359
11966,219,226,LAE,11.736271947055409
11967,217,221,LAE,25.30660096674006
11968,218,221,LAE,4.027309711131351
11969,219,221,LAE,17.820740288654694
11970,219,221,LAE,0.8348398560109218
11971,220,221,LAE,10.088099088099659
11972,220,222,LAE,21.264533468210836
11973,220,230,LAE,20.02571214800076
11974,220,221,LAE,1.0602398018577341
11975,220,224,LAE,1.7136315525798065
11976,220,221,LAE,17.6000332980646
11977,220,223,LAE,10.081806636281573
11978,220,227,LAE,12.117089622651031
11979,220,221,LAE,14.023011838652447
11980,220,221,LAE,9.921279652348101
11981,220,223,LAE,16.84639845681813
11982,220,221,LAE,4.13088070673926
11983,220,221,LAE,20.427408047420016
11984,220,221,LAE,9.59502113251253
11985,220,221,LAE,18.07691025500608
11986,220,223,LAE,23.23985520234598
11987,220,224,LAE,9.665050394927114
11988,220,221,LAE,1.8815070793798356
11989,220,225,LAE,10.119475957779983
11990,220,221,LAE,4.410000944078501
11991,220,223,LAE,28.556692016024407
11992,220,221,LAE,4.930023785339752
11993,220,221,LAE,0.9529586377364996
11994,220,221,LAE,1.711236378479672
11995,220,221,LAE,0.8872984006532287
11996,220,223,LAE,8.80713835919542
11997,220,221,LAE,18.981621789848774
11998,220,227,LAE,20.469617036369478
11999,220,223,LAE,37.63910969072948
12000,220,221,LAE,37.916675878154656
12001,220,224,LAE,19.199356644850678
12002,220,222,LAE,17.080096337124854
12003,220,221,LAE,19.67304405601371
12004,220,221,LAE,18.5313037084709
12005,220,221,LAE,43.7279076978486
12006,220,225,LAE,10.420816995205922
12007,220,221,LAE,3.4639775392817405
12008,220,222,LAE,29.674643147408588
12009,220,221,LAE,8.97142887725672
12010,218,222,LAE,38.49651829983258
12011,219,222,LAE,5.0497767339790665
12012,219,222,LAE,19.907153223038783
12013,219,230,LAE,15.5937809175085
12014,219,222,LAE,11.786042201318898
12015,219,222,LAE,49.75872486528245
12016,220,222,LAE,17.4388265904274
12017,220,241,LAE,21.784400155561386
12018,220,222,LAE,15.290139259129276
12019,220,222,LAE,16.437476319914456
12020,220,222,LAE,24.108759133095965
12021,220,222,LAE,31.54626479644879
12022,220,222,LAE,4.802725438843286
12023,220,223,LAE,2.7708479909086035
12024,220,222,LAE,15.590652089141225
12025,220,223,LAE,9.008993400671645
12026,220,223,LAE,34.62443305530209
12027,221,225,LAE,9.89829168486756
12028,221,223,LAE,17.539019608230895
12029,221,224,LAE,30.05912928028052
12030,221,233,LAE,19.240546141975486
12031,221,245,LAE,33.4402955735475
12032,221,222,LAE,20.118834219965045
12033,221,223,LAE,27.893776512309067
12034,221,222,LAE,14.507601953795346
12035,221,222,LAE,20.95286402046449
12036,221,222,LAE,27.649989953779688
12037,221,222,LAE,14.257319135973544
12038,221,222,LAE,9.369805898029517
12039,221,224,LAE,14.964880735180786
12040,221,222,LAE,18.80621968959905
12041,221,223,LAE,19.048131365623778
12042,220,223,LAE,14.852861809084647
12043,220,223,LAE,36.99674721100346
12044,221,223,LAE,18.413538576296613
12045,221,225,LAE,11.825124064158683
12046,221,223,LAE,21.788161994687876
12047,221,223,LAE,51.961361963583116
12048,221,223,LAE,33.96218875378531
12049,221,224,LAE,2.028251423952235
12050,221,226,LAE,11.209009792170805
12051,221,223,LAE,18.23236436107016
12052,221,226,LAE,18.715939313815845
12053,221,223,LAE,16.37947170384414
12054,221,223,LAE,19.984886047260257
12055,221,223,LAE,27.594129769433565
12056,221,224,LAE,28.659194367164496
12057,221,223,LAE,11.953039381941014
12058,221,223,LAE,24.880688988295827
12059,221,225,LAE,21.37330092486873
12060,221,223,LAE,14.368367587363096
12061,222,223,LAE,3.5768237310073947
12062,222,225,LAE,26.39715460827431
12063,222,224,LAE,1.3388443451716032
12064,222,223,LAE,42.23634673460222
12065,222,225,LAE,9.25305090886761
12066,222,224,LAE,4.399829508080598
12067,222,223,LAE,2.5761187393138205
12068,222,223,LAE,12.234206845323255
12069,222,223,LAE,12.047205934629195
12070,222,228,LAE,15.790008077986588
12071,222,223,LAE,18.199141821524318
12072,222,223,LAE,9.514495743495308
12073,222,223,LAE,20.46487323738484
12074,222,223,LAE,9.174581932748085
12075,222,223,LAE,16.335752811889623
12076,222,223,LAE,2.2977507154117904
12077,222,223,LAE,40.59656969153009
12078,222,224,LAE,40.87192814019769
12079,222,223,LAE,9.787177612398265
12080,222,223,LAE,1.4713558555847408
12081,222,223,LAE,27.41905358456596
12082,222,224,LAE,21.178983432338207
12083,222,223,LAE,1.350502579311897
12084,222,223,LAE,18.47971312142824
12085,222,223,LAE,9.951306446098418
12086,222,225,LAE,23.75135323621125
12087,220,225,LAE,19.634969262306218
12088,220,224,LAE,28.973916378246344
12089,220,224,LAE,17.70917926450625
12090,220,239,LAE,20.778060034006685
12091,220,224,LAE,46.522078120422165
12092,220,224,LAE,24.273221322126595
12093,220,224,LAE,36.703111682287826
12094,220,226,LAE,18.053230102021555
12095,221,224,LAE,43.001671131341624
12096,221,224,LAE,26.964992953472123
12097,221,224,LAE,34.93590309044208
12098,221,224,LAE,45.93392330610694
12099,222,225,LAE,28.549188871839906
12100,222,224,LAE,10.407457095050734
12101,222,224,LAE,55.426548491201736
12102,222,224,LAE,20.69900334767105
12103,222,224,LAE,46.89335484083152
12104,222,224,LAE,11.69349956243143
12105,222,224,LAE,9.035824301559478
12106,222,224,LAE,44.80095569882378
12107,223,227,LAE,18.14529078695685
12108,223,228,LAE,12.941681563814804
12109,223,225,LAE,19.50975637360728
12110,223,224,LAE,2.1079154518614045
12111,223,224,LAE,35.1673114429872
12112,223,226,LAE,42.014710274071284
12113,221,225,LAE,11.632898798119324
12114,221,305,LAE,22.44175469434003
12115,222,225,LAE,45.32458426954529
12116,222,225,LAE,19.9204537600663
12117,222,225,LAE,17.797952010999033
12118,222,230,LAE,9.865695910128933
12119,222,225,LAE,9.762028162682846
12120,222,225,LAE,29.86606834208515
12121,223,225,LAE,17.39440039225904
12122,223,229,LAE,11.118501983486063
12123,223,225,LAE,20.581645048517526
12124,223,225,LAE,22.743529622843123
12125,223,225,LAE,30.957410031229777
12126,223,225,LAE,33.3563034587293
12127,223,229,LAE,14.725851047639784
12128,223,232,LAE,22.88280785795091
12129,223,225,LAE,27.887665140141465
12130,224,226,LAE,20.853418208945193
12131,224,225,LAE,13.788504388227768
12132,224,233,LAE,30.074067382726717
12133,224,225,LAE,15.167383557631602
12134,224,228,LAE,21.209318300201264
12135,224,225,LAE,17.873633472762496
12136,224,225,LAE,13.928627789708704
12137,224,225,LAE,12.814335811399276
12138,224,225,LAE,12.169044159573296
12139,224,225,LAE,14.428911597345666
12140,224,231,LAE,20.55978094483428
12141,224,225,LAE,24.434818222887646
12142,224,225,LAE,39.5345765040324
12143,224,225,LAE,15.000565724958564
12144,224,225,LAE,28.907478806362352
12145,222,226,LAE,17.516418507141616
12146,222,226,LAE,25.82002632692884
12147,222,226,LAE,21.161601274836794
12148,223,226,LAE,22.994154937108686
12149,223,226,LAE,10.35126359951574
12150,224,226,LAE,19.19763942537106
12151,224,226,LAE,20.332573799693623
12152,224,226,LAE,2.351518298622917
12153,224,226,LAE,16.235255167145812
12154,224,227,LAE,15.880561614561566
12155,224,226,LAE,31.171789066692707
12156,224,226,LAE,25.666582746320426
12157,224,226,LAE,20.184499089642628
12158,224,226,LAE,58.75784043659141
12159,224,229,LAE,12.601558669701596
12160,224,226,LAE,21.67449062903434
12161,224,229,LAE,21.940464349442102
12162,224,226,LAE,1.6561228244825879
12163,224,226,LAE,6.167371542448814
12164,224,226,LAE,10.185889418751696
12165,224,226,LAE,20.58361897175642
12166,224,226,LAE,25.93281316596327
12167,224,226,LAE,15.525888197929108
12168,225,231,LAE,18.342676503808445
12169,225,226,LAE,1.3562537282582066
12170,225,226,LAE,4.194382606308236
12171,225,233,LAE,25.769332311217674
12172,225,226,LAE,1.7958344871659042
12173,225,243,LAE,23.309390083604054
12174,225,226,LAE,24.717851874145055
12175,225,226,LAE,26.13276714354825
12176,225,226,LAE,1.4579517058023594
12177,225,228,LAE,4.1972236570297285
12178,225,226,LAE,16.141704166627537
12179,225,232,LAE,2.267375635781049
12180,225,226,LAE,2.185639210698362
12181,225,236,LAE,26.4131275982521
12182,225,226,LAE,10.829328242526625
12183,225,226,LAE,46.06669486008245
12184,225,226,LAE,1.4400684280892466
12185,223,229,LAE,19.93851332374127
12186,224,227,LAE,1.7447075615249166
12187,224,227,LAE,21.98234471747927
12188,224,227,LAE,2.9691952826082924
12189,224,227,LAE,21.54932700328515
12190,224,227,LAE,4.978357000530363
12191,224,227,LAE,12.835802449611474
12192,225,236,LAE,17.334542546657367
12193,225,228,LAE,26.08983509143709
12194,225,228,LAE,16.63471632571515
12195,225,229,LAE,22.17528419052602
12196,225,227,LAE,2.6623515408752305
12197,225,307,LAE,24.242551056823583
12198,225,229,LAE,20.12080029720733
12199,225,227,LAE,23.75261747314787
12200,225,227,LAE,24.51346639608575
12201,225,227,LAE,20.46330259667197
12202,226,227,LAE,16.075268987321078
12203,226,227,LAE,57.234172761843546
12204,226,227,LAE,17.41851483665265
12205,226,230,LAE,23.888622430307628
12206,226,228,LAE,39.387061895217784
12207,226,230,LAE,17.064385500976503
12208,226,227,LAE,26.352621034512023
12209,226,227,LAE,18.052565853931704
12210,226,227,LAE,16.76610076700264
12211,226,227,LAE,2.0932092175855646
12212,226,227,LAE,30.24085862369467
12213,226,231,LAE,22.69250077815029
12214,226,237,LAE,30.625152204749146
12215,226,227,LAE,19.647780441393387
12216,226,227,LAE,1.9732651213255483
12217,224,228,LAE,15.245314168243663
12218,224,242,LAE,30.712078232630393
12219,225,228,LAE,41.484593505164774
12220,225,228,LAE,14.424971920087737
12221,225,228,LAE,24.397403509221526
12222,225,228,LAE,17.70345846238246
12223,225,228,LAE,16.624911804156152
12224,225,236,LAE,19.001600354060248
12225,226,232,LAE,18.209323274716187
12226,226,228,LAE,16.503537794149906
12227,227,228,LAE,2.1436241265912677
12228,227,228,LAE,17.853692284792654
12229,227,228,LAE,10.67673417094243
12230,227,233,LAE,20.503162376552247
12231,227,228,LAE,11.709731233670077
12232,227,228,LAE,32.22827391316473
12233,227,233,LAE,25.17203366754736
12234,227,230,LAE,14.797749602213816
12235,227,228,LAE,1.3270952433118248
12236,227,228,LAE,10.235494419617153
12237,227,228,LAE,3.125935295045351
12238,227,229,LAE,20.404832341994364
12239,227,233,LAE,2.595262587569892
12240,227,228,LAE,11.066742738589394
12241,227,228,LAE,12.26324235646808
12242,227,228,LAE,31.879747905001828
12243,227,232,LAE,35.67354654553892
12244,227,228,LAE,23.476278016052206
12245,227,231,LAE,25.853320231080698
12246,227,228,LAE,35.83996730578773
12247,227,228,LAE,19.518066882417532
12248,227,228,LAE,1.877187494444211
12249,225,230,LAE,9.57053124987742
12250,225,229,LAE,23.087393540996665
12251,225,229,LAE,15.170041927841488
12252,225,229,LAE,21.330869977806437
12253,225,229,LAE,17.525775356862425
12254,226,229,LAE,25.64643266022846
12255,227,229,LAE,37.93287843169993
12256,227,232,LAE,38.61024548517795
12257,227,233,LAE,17.360693309834513
12258,227,233,LAE,16.631004250028376
12259,227,229,LAE,17.94158840682184
12260,227,229,LAE,18.848791168165334
12261,227,233,LAE,19.608600119362016
12262,227,229,LAE,3.0790884158210803
12263,227,229,LAE,1.2640628248088297
12264,228,229,LAE,18.091696394931947
12265,228,230,LAE,26.246410311253435
12266,228,229,LAE,21.909351193710123
12267,228,229,LAE,21.15193800901948
12268,228,230,LAE,18.541088148034486
12269,228,229,LAE,26.692764392989837
12270,228,232,LAE,15.097676026497725
12271,228,229,LAE,2.1290604682567076
12272,228,229,LAE,22.30214809023177
12273,228,230,LAE,1.4110635858480038
12274,228,233,LAE,15.719233713439712
12275,228,231,LAE,28.812997544141492
12276,228,229,LAE,16.484020403193863
12277,228,230,LAE,15.935531515935253
12278,228,229,LAE,4.475986144129319
12279,228,229,LAE,1.2399871039903991
12280,228,231,LAE,1.6838122268121167
12281,228,229,LAE,22.883656679832658
12282,228,229,LAE,13.915525917554895
12283,228,233,LAE,45.95720813206122
12284,228,229,LAE,17.822826431537496
12285,228,238,LAE,13.285409177383197
12286,228,229,LAE,1.9048617989004542
12287,228,229,LAE,20.439589530632414
12288,228,232,LAE,19.55264355149354
12289,228,229,LAE,32.847096834729754
12290,228,229,LAE,18.71045205407324
12291,228,230,LAE,17.661154493646507
12292,228,233,LAE,38.75988502424988
12293,228,229,LAE,1.7328425530668456
12294,228,229,LAE,16.633798593623847
12295,228,229,LAE,20.12316392863209
12296,226,243,LAE,19.751252142831508
12297,226,232,LAE,31.31568526308002
12298,226,230,LAE,17.055794519908343
12299,226,231,LAE,17.201201691138056
12300,227,230,LAE,17.858635602666425
12301,227,238,LAE,15.157607221598736
12302,227,230,LAE,18.956744929917654
12303,227,232,LAE,37.67846506646631
12304,227,230,LAE,31.374354627272695
12305,228,233,LAE,26.182134292997006
12306,228,230,LAE,19.993339980166528
12307,228,232,LAE,44.08963812114938
12308,228,230,LAE,45.75354783372651
12309,228,230,LAE,17.663610624197158
12310,228,230,LAE,36.031397814747876
12311,228,232,LAE,2.0090038914085073
12312,228,241,LAE,17.222404888721396
12313,228,230,LAE,19.207988430716053
12314,228,230,LAE,30.66362497265469
12315,228,230,LAE,26.65921939117955
12316,228,233,LAE,21.181787201253677
12317,228,230,LAE,19.3107850851027
12318,228,230,LAE,24.857808517972032
12319,228,230,LAE,17.252022351224827
12320,228,230,LAE,36.385710719086504
12321,228,233,LAE,43.1028318700451
12322,228,236,LAE,16.709950071142853
12323,229,230,LAE,17.150378010260855
12324,229,230,LAE,0.7157690382394454
12325,229,230,LAE,1.5879886831617889
12326,229,230,LAE,3.0157475999855614
12327,229,232,LAE,15.308889214839615
12328,229,230,LAE,19.957850116450473
12329,229,230,LAE,22.736320492060802
12330,229,230,LAE,20.971717433124663
12331,229,231,LAE,23.782894439848654
12332,229,232,LAE,30.06092181093135
12333,229,235,LAE,19.52661715679536
12334,229,232,LAE,42.786422311258775
12335,229,230,LAE,2.0442876053301844
12336,229,230,LAE,22.360855104657276
12337,229,230,LAE,22.403933314004625
12338,229,234,LAE,22.26441612600414
12339,229,232,LAE,13.113649964505226
12340,229,233,LAE,9.222989406288436
12341,229,230,LAE,28.861613582907815
12342,229,237,LAE,14.519674895227766
12343,229,230,LAE,1.1590340487269766
12344,229,230,LAE,0.8584703569053862
12345,229,230,LAE,22.02581660332469
12346,229,231,LAE,8.449417558108784
12347,227,236,LAE,23.108112552886194
12348,227,231,LAE,18.251649636262755
12349,227,231,LAE,39.281075783379784
12350,227,231,LAE,16.017386721166474
12351,227,233,LAE,21.410941180303322
12352,227,231,LAE,38.465996606711194
12353,227,231,LAE,19.117602437498867
12354,227,231,LAE,25.481474989961416
12355,227,231,LAE,11.371469915880525
12356,228,231,LAE,20.433708675485327
12357,228,231,LAE,1.7595379520479932
12358,228,231,LAE,1.8946771348542084
12359,229,231,LAE,15.842464296143598
12360,229,232,LAE,14.925491164171937
12361,229,231,LAE,1.5492839724781053
12362,229,231,LAE,17.682895714466188
12363,229,231,LAE,22.052190223860613
12364,230,231,LAE,0.844540702124034
12365,230,233,LAE,8.33940704344896
12366,230,232,LAE,35.79431618486875
12367,230,231,LAE,20.476639883576908
12368,230,231,LAE,1.4098143305312136
12369,230,234,LAE,39.79819976655898
12370,230,231,LAE,0.9585817212584946
12371,230,231,LAE,1.6701083392498663
12372,230,231,LAE,1.2106717663855884
12373,228,232,LAE,19.181053645470065
12374,228,232,LAE,18.511015054948164
12375,228,232,LAE,16.202952932390005
12376,228,234,LAE,31.62706571324896
12377,228,232,LAE,16.337691474797566
12378,229,232,LAE,31.43543722740957
12379,229,236,LAE,39.96366337239203
12380,229,232,LAE,24.540455301873294
12381,229,232,LAE,16.0261189918873
12382,230,232,LAE,22.746808360802778
12383,230,238,LAE,19.80779209582142
12384,230,236,LAE,19.742647469383527
12385,230,235,LAE,12.850500668184663
12386,230,232,LAE,18.17058439621088
12387,230,232,LAE,23.42726823714137
12388,230,232,LAE,26.56534863274227
12389,230,232,LAE,25.12331446317771
12390,230,234,LAE,22.698857123209457
12391,230,237,LAE,12.578667557182861
12392,230,235,LAE,13.38614444300942
12393,230,233,LAE,15.563536502299076
12394,231,232,LAE,26.94423792298498
12395,231,232,LAE,16.495933078846797
12396,231,236,LAE,16.78285956804542
12397,231,238,LAE,36.794623250421644
12398,231,233,LAE,18.233839202594158
12399,231,232,LAE,15.94868403806529
12400,231,233,LAE,15.777798312035983
12401,231,232,LAE,18.42578228689884
12402,231,233,LAE,35.16593547105962
12403,231,232,LAE,18.697751491343098
12404,231,232,LAE,21.649838862128544
12405,231,233,LAE,23.938598411663218
12406,229,233,LAE,19.935764834640437
12407,229,233,LAE,24.070204212098066
12408,229,233,LAE,22.305749348950023
12409,229,233,LAE,16.691211672042897
12410,229,233,LAE,27.308939458900134
12411,229,233,LAE,14.699421086201585
12412,229,233,LAE,17.021568938536518
12413,229,233,LAE,4.24002156915427
12414,229,233,LAE,18.41869750921773
12415,229,233,LAE,15.210408483725454
12416,230,233,LAE,20.589882313125457
12417,230,233,LAE,27.773353245752176
12418,230,233,LAE,18.510980938074887
12419,230,235,LAE,37.455873904591435
12420,230,233,LAE,19.818478765206724
12421,230,233,LAE,38.45278119248065
12422,230,233,LAE,25.526368585755236
12423,230,233,LAE,26.95948087526284
12424,230,237,LAE,18.560616639943152
12425,230,233,LAE,13.616813755011396
12426,230,235,LAE,11.137763998351852
12427,230,233,LAE,18.53807011566763
12428,230,233,LAE,30.883754457944118
12429,231,233,LAE,16.717372181312683
12430,231,235,LAE,9.598067553550807
12431,231,233,LAE,18.124211302624612
12432,231,233,LAE,22.201436289544414
12433,231,233,LAE,24.465543602345427
12434,231,234,LAE,10.332082064428917
12435,231,233,LAE,30.81472624850424
12436,232,233,LAE,18.07914407594125
12437,232,233,LAE,3.24072977669473
12438,232,234,LAE,18.058977957444316
12439,232,233,LAE,19.33678327567312
12440,232,233,LAE,21.7179974566135
12441,232,243,LAE,19.30188236959968
12442,232,234,LAE,28.006475374321155
12443,232,233,LAE,14.870704335882396
12444,232,233,LAE,2.2670511953924852
12445,232,233,LAE,17.146200739454304
12446,232,238,LAE,21.285411198785813
12447,232,238,LAE,16.729023122493288
12448,232,233,LAE,14.084924211660834
12449,232,233,LAE,20.30148022511568
12450,232,233,LAE,20.065974087092222
12451,232,233,LAE,22.421208925466352
12452,232,233,LAE,29.423562920838236
12453,232,233,LAE,11.384110785869172
12454,232,233,LAE,1.4055372148470222
12455,232,234,LAE,17.06192252599551
12456,232,233,LAE,26.835111207747214
12457,232,233,LAE,18.707634927227367
12458,232,233,LAE,33.05049554912924
12459,232,236,LAE,46.321812753713516
12460,232,233,LAE,2.320676290297943
12461,232,237,LAE,1.8395877765510922
12462,232,233,LAE,4.822259926571539
12463,230,239,LAE,14.796780987120702
12464,231,234,LAE,26.227347146937806
12465,231,238,LAE,18.41690303719401
12466,231,235,LAE,18.022264480799272
12467,231,235,LAE,21.729967960082323
12468,231,234,LAE,28.30727086216325
12469,231,236,LAE,9.58488456890763
12470,231,249,LAE,43.862685782215216
12471,231,234,LAE,2.7542037445822145
12472,231,234,LAE,1.8977845931270816
12473,232,238,LAE,14.123819494446723
12474,232,238,LAE,26.733962208976426
12475,232,234,LAE,9.164388227729672
12476,232,234,LAE,38.47976923886396
12477,232,237,LAE,54.020180471293834
12478,232,262,LAE,50.35887158614922
12479,233,235,LAE,19.950174337550045
12480,233,234,LAE,21.191523408986967
12481,233,244,LAE,20.281406576753024
12482,233,236,LAE,28.926498737704133
12483,231,239,LAE,27.512798393458002
12484,231,235,LAE,14.056662439989772
12485,231,241,LAE,14.849038011364243
12486,231,235,LAE,21.61407050319456
12487,232,247,LAE,16.49678349333935
12488,232,235,LAE,20.47915698408933
12489,232,235,LAE,1.6481643999256916
12490,232,238,LAE,23.006455195627222
12491,232,241,LAE,37.442095065692605
12492,232,235,LAE,23.2650483326218
12493,233,235,LAE,13.417359188190474
12494,233,238,LAE,25.477171736094057
12495,233,238,LAE,15.924598617767293
12496,233,235,LAE,17.527414512918696
12497,233,235,LAE,16.906802857948982
12498,234,235,LAE,2.5949993524686734
12499,234,260,LAE,11.760024407587164
12500,234,236,LAE,14.661106254852273
12501,234,235,LAE,3.8797784944963363
12502,234,238,LAE,14.11642848530297
12503,234,239,LAE,21.27994111503862
12504,234,235,LAE,18.416428554330547
12505,234,237,LAE,23.606244762298108
12506,234,237,LAE,33.12778599613293
12507,234,252,LAE,16.432196343591944
12508,234,235,LAE,28.898082652004707
12509,234,235,LAE,0.9625411973043544
12510,234,235,LAE,19.708584827850217
12511,234,235,LAE,15.773922619106699
12512,234,235,LAE,15.644947223497633
12513,234,235,LAE,30.028466333705495
12514,234,241,LAE,22.54354199869625
12515,234,235,LAE,15.715294678992029
12516,234,240,LAE,23.051503157312258
12517,234,235,LAE,15.746192087832874
12518,234,241,LAE,26.440214352556655
12519,234,241,LAE,36.46915090986272
12520,234,238,LAE,16.085620961603
12521,234,235,LAE,14.780594949035128
12522,234,236,LAE,8.42044600516267
12523,234,243,LAE,38.399342937689305
12524,234,235,LAE,15.560009692158454
12525,234,238,LAE,12.754245362767282
12526,234,241,LAE,14.415355928291195
12527,234,235,LAE,33.25035960416918
12528,234,235,LAE,15.308321320698605
12529,234,235,LAE,0.8771676208934381
12530,234,235,LAE,12.865156785660037
12531,234,238,LAE,26.54457891001847
12532,234,235,LAE,1.248491418329858
12533,234,238,LAE,23.120104888657757
12534,234,235,LAE,8.894951171871888
12535,234,241,LAE,54.0652861920796
12536,234,235,LAE,0.9862766572733236
12537,234,235,LAE,26.157543753122564
12538,232,237,LAE,20.308839020161834
12539,232,240,LAE,15.868109995878767
12540,233,236,LAE,19.87553212637585
12541,233,238,LAE,14.474448148696611
12542,233,237,LAE,15.183876176277426
12543,233,237,LAE,14.672211208049413
12544,233,236,LAE,47.569303160332844
12545,234,236,LAE,1.2783513252840912
12546,234,236,LAE,15.980533472744023
12547,234,236,LAE,15.39761549044566
12548,234,237,LAE,14.919987146772403
12549,234,236,LAE,25.138764496778965
12550,234,236,LAE,2.059114346923433
12551,234,240,LAE,16.525609153914708
12552,234,243,LAE,17.584673828752003
12553,234,237,LAE,16.63255218752491
12554,234,236,LAE,17.71967559049943
12555,234,238,LAE,34.83231918790391
12556,234,252,LAE,26.889501405961155
12557,234,236,LAE,20.305741718084413
12558,234,239,LAE,13.916229352012287
12559,234,236,LAE,9.989839087416923
12560,234,236,LAE,26.570360210813675
12561,234,236,LAE,45.74087160555484
12562,235,236,LAE,37.39719161599887
12563,235,251,LAE,17.44735492561078
12564,235,236,LAE,18.111220797914562
12565,235,236,LAE,18.759260920919054
12566,235,236,LAE,15.488962055043721
12567,235,236,LAE,10.317055638416992
12568,235,236,LAE,8.281318309252356
12569,235,238,LAE,2.208769024590209
12570,235,236,LAE,17.16795254867525
12571,235,236,LAE,20.540166013837865
12572,235,246,LAE,21.643231590380562
12573,235,241,LAE,17.022541642054883
12574,235,237,LAE,21.667839313058526
12575,235,236,LAE,0.9407237683954934
12576,235,240,LAE,23.49216645787289
12577,235,247,LAE,15.095253871604296
12578,235,239,LAE,6.790820705045055
12579,235,236,LAE,19.939877475394564
12580,235,236,LAE,42.596356722777564
12581,235,239,LAE,16.268760739460717
12582,235,238,LAE,14.96001738387694
12583,235,236,LAE,17.91144245520362
12584,235,242,LAE,17.220874620316444
12585,235,236,LAE,24.75589329136485
12586,233,241,LAE,16.4613460104289
12587,234,238,LAE,27.59219108620243
12588,234,237,LAE,17.921756908872652
12589,234,237,LAE,21.228227558101384
12590,234,237,LAE,11.252828324549181
12591,234,237,LAE,42.56381353861611
12592,234,238,LAE,19.329510183949953
12593,234,254,LAE,21.307423709471088
12594,235,237,LAE,21.507518958505855
12595,235,238,LAE,8.597642614202256
12596,235,237,LAE,18.600444026192072
12597,235,237,LAE,1.9159824255196267
12598,235,237,LAE,29.975331041045827
12599,235,237,LAE,39.263002910605266
12600,236,237,LAE,1.3595938359636786
12601,236,237,LAE,9.551751795174775
12602,236,240,LAE,33.304466933387054
12603,236,270,LAE,25.597591111004
12604,236,237,LAE,1.5116816149678618
12605,236,237,LAE,1.7559786513440718
12606,236,241,LAE,28.96589004042911
12607,236,238,LAE,1.2396759596313445
12608,236,237,LAE,13.918544334459172
12609,236,237,LAE,21.659055465278946
12610,236,237,LAE,18.185399942367514
12611,236,237,LAE,23.46607051682717
12612,236,237,LAE,11.905862921056151
12613,236,237,LAE,0.9178843259253503
12614,236,245,LAE,46.64933273038928
12615,236,240,LAE,18.534325692877868
12616,236,237,LAE,8.8696877131892
12617,236,237,LAE,24.553750146279228
12618,236,240,LAE,12.636235157159676
12619,236,241,LAE,33.03389505293446
12620,236,238,LAE,17.5475220671025
12621,236,237,LAE,12.606749359731337
12622,236,237,LAE,25.609516432536328
12623,236,238,LAE,1.4016384586384614
12624,236,237,LAE,10.803820807225682
12625,236,237,LAE,18.308139847989356
12626,236,237,LAE,1.2797825353506818
12627,236,237,LAE,20.282081381570837
12628,236,238,LAE,23.009317561369453
12629,236,237,LAE,1.001646633386892
12630,236,237,LAE,20.30240588891241
12631,236,238,LAE,1.342147031042166
12632,234,238,LAE,16.686628774404436
12633,234,238,LAE,16.355176297828987
12634,235,238,LAE,14.344802834452686
12635,235,238,LAE,24.15366946388035
12636,235,238,LAE,39.83420040858006
12637,236,268,LAE,35.34875879275697
12638,236,248,LAE,15.490657269763995
12639,236,243,LAE,14.820889077846143
12640,236,238,LAE,12.028314960823721
12641,236,238,LAE,12.075542792257597
12642,236,238,LAE,37.061673576881496
12643,237,239,LAE,44.44758267839274
12644,237,238,LAE,1.1108534452326957
12645,237,238,LAE,13.771394544641275
12646,237,239,LAE,17.39429088113525
12647,237,238,LAE,24.44787485701466
12648,237,238,LAE,15.120823610451932
12649,237,239,LAE,37.13818306350421
12650,237,238,LAE,19.01010618009188
12651,237,238,LAE,13.631245155192875
12652,237,238,LAE,38.905828177231705
12653,237,241,LAE,22.3214980662881
12654,237,239,LAE,20.831164990679127
12655,237,238,LAE,22.2880766996027
12656,237,238,LAE,11.615204458530924
12657,237,242,LAE,23.441079564878347
12658,237,239,LAE,19.9157970650202
12659,237,241,LAE,15.237869241958116
12660,237,245,LAE,15.952432460893485
12661,237,238,LAE,1.6476508855634806
12662,237,240,LAE,13.133139018412997
12663,237,238,LAE,1.4899308726272558
12664,237,261,LAE,11.72223935684986
12665,237,238,LAE,22.683208741767608
12666,235,239,LAE,34.242651061180666
12667,236,239,LAE,59.76883680445276
12668,236,239,LAE,22.090156456723353
12669,236,254,LAE,19.861074684179147
12670,237,242,LAE,19.330235899718247
12671,237,239,LAE,14.98781980281545
12672,237,239,LAE,16.69023961658278
12673,237,240,LAE,20.892222321874637
12674,237,239,LAE,13.351292747883871
12675,238,241,LAE,13.181090060253249
12676,238,239,LAE,23.851665619937414
12677,238,239,LAE,19.84744022066327
12678,238,239,LAE,10.410919536677854
12679,238,239,LAE,21.068810913224688
12680,238,242,LAE,28.524782264793004
12681,236,240,LAE,15.292099180248275
12682,236,240,LAE,15.252741965129983
12683,237,243,LAE,56.52846721858855
12684,237,246,LAE,20.511071215872168
12685,237,240,LAE,18.255420917478595
12686,237,246,LAE,40.55050876901595
12687,238,241,LAE,26.172458643505685
12688,238,240,LAE,4.260003525168463
12689,238,240,LAE,28.4779316629696
12690,238,240,LAE,27.395458324267565
12691,238,241,LAE,35.73997822831334
12692,238,240,LAE,21.14576987850676
12693,238,240,LAE,20.088511768673385
12694,238,241,LAE,14.211633014860663
12695,238,242,LAE,19.191278799138438
12696,238,254,LAE,22.389077233057822
12697,239,240,LAE,2.188001089794517
12698,239,248,LAE,52.04209836762688
12699,239,240,LAE,20.73767131400195
12700,239,241,LAE,33.054723112252965
12701,239,240,LAE,15.971176690110346
12702,239,240,LAE,24.684518382799403
12703,237,241,LAE,20.392336341308003
12704,238,241,LAE,57.630373155502134
12705,238,241,LAE,15.562958638114022
12706,238,241,LAE,23.827667504663438
12707,238,241,LAE,11.722984427585695
12708,238,241,LAE,9.763132759421188
12709,238,241,LAE,31.829621857424527
12710,238,245,LAE,21.792985115087745
12711,238,248,LAE,16.188049253438184
12712,239,242,LAE,17.90747710907644
12713,239,241,LAE,25.533830215928855
12714,239,241,LAE,27.747151986200684
12715,239,241,LAE,15.689022242191399
12716,239,241,LAE,20.76254250170882
12717,239,241,LAE,21.979962191952392
12718,240,241,LAE,15.82539744029221
12719,240,241,LAE,1.0562009060124993
12720,240,247,LAE,24.378230561104505
12721,240,241,LAE,14.330802132631373
12722,240,241,LAE,15.990794392539183
12723,240,242,LAE,26.355083611209082
12724,240,241,LAE,1.7396642380534073
12725,240,241,LAE,15.000942242704957
12726,240,243,LAE,31.72035383648229
12727,240,241,LAE,46.27404427532281
12728,240,241,LAE,25.679434495192325
12729,240,252,LAE,18.39821134596896
12730,240,241,LAE,13.129546068674955
12731,240,241,LAE,16.300797570599585
12732,240,242,LAE,14.715395281710173
12733,240,241,LAE,0.7609425598100156
12734,240,241,LAE,40.412726890493346
12735,240,241,LAE,28.622597217301568
12736,240,244,LAE,26.143579319174915
12737,240,241,LAE,14.298039335469177
12738,240,241,LAE,15.006705388086884
12739,240,245,LAE,14.897354151435744
12740,240,259,LAE,14.84422691029296
12741,240,255,LAE,44.816128969248375
12742,240,241,LAE,16.968614607298818
12743,240,247,LAE,14.572889040285574
12744,240,267,LAE,15.320375588980482
12745,240,241,LAE,19.609534800560372
12746,240,242,LAE,21.404918737300566
12747,240,243,LAE,14.244794844855452
12748,240,241,LAE,21.372602752687037
12749,240,241,LAE,22.46221043402935
12750,240,241,LAE,31.400054390209213
12751,240,241,LAE,1.5203386544242943
12752,240,255,LAE,26.38433104443991
12753,240,241,LAE,14.632517367865926
12754,240,243,LAE,51.343977879334986
12755,240,241,LAE,18.98057318884778
12756,240,242,LAE,8.52189834881287
12757,238,242,LAE,10.127528395460736
12758,238,242,LAE,16.984745739913432
12759,238,252,LAE,13.819433552088357
12760,239,243,LAE,27.496766770926133
12761,239,242,LAE,19.69160771977192
12762,239,247,LAE,18.019097779658395
12763,239,242,LAE,13.895041600020694
12764,239,242,LAE,24.642210834505004
12765,239,242,LAE,16.576106289157163
12766,239,244,LAE,15.075528467213253
12767,240,242,LAE,23.827951579596117
12768,240,246,LAE,29.223559447943117
12769,240,242,LAE,18.57550900182947
12770,240,242,LAE,15.46005147455879
12771,240,283,LAE,22.674167490948186
12772,240,242,LAE,14.467420682826207
12773,240,242,LAE,21.915446507064306
12774,240,242,LAE,21.42115372207557
12775,241,258,LAE,24.765130669271084
12776,241,252,LAE,23.02068241204114
12777,241,242,LAE,18.264550278529075
12778,241,242,LAE,17.528748557436767
12779,241,242,LAE,1.4092241409823782
12780,241,242,LAE,23.770536137242594
12781,241,243,LAE,1.702875477907362
12782,241,247,LAE,13.98429423166292
12783,241,244,LAE,15.622241491583502
12784,241,242,LAE,17.92608727549551
12785,241,248,LAE,15.691034509417912
12786,241,242,LAE,1.0060883933705553
12787,241,245,LAE,13.430409034984212
12788,241,242,LAE,1.5756943750993737
12789,241,242,LAE,19.275548184922037
12790,239,243,LAE,22.900841423488178
12791,239,243,LAE,13.693436059408088
12792,239,243,LAE,31.778820207904165
12793,240,244,LAE,18.056803621143025
12794,240,243,LAE,22.359469538467426
12795,240,243,LAE,14.874435819369559
12796,240,243,LAE,16.650246436336708
12797,240,248,LAE,20.25366170164177
12798,240,249,LAE,13.092737823190394
12799,240,246,LAE,10.735437202295001
12800,241,244,LAE,12.803358109106624
12801,241,243,LAE,15.144490051227894
12802,241,246,LAE,24.47095004576002
12803,241,243,LAE,13.586023777483478
12804,241,243,LAE,6.692206370704495
12805,241,243,LAE,16.76217403055782
12806,241,243,LAE,16.748115620374612
12807,241,244,LAE,17.341337395015497
12808,241,245,LAE,1.811084726577059
12809,241,243,LAE,17.259580650672547
12810,241,243,LAE,1.8137322033042391
12811,241,246,LAE,14.322824890105112
12812,241,262,LAE,13.798864746885707
12813,242,245,LAE,21.981846195633626
12814,242,251,LAE,18.036403368407857
12815,242,244,LAE,1.4573032452792134
12816,242,243,LAE,0.8152188907482485
12817,242,246,LAE,20.413024138622077
12818,242,243,LAE,20.677690481452238
12819,242,244,LAE,23.048557281723856
12820,242,244,LAE,1.7177259843238106
12821,242,247,LAE,20.1246469047243
12822,242,243,LAE,17.931121923212288
12823,242,243,LAE,1.8001397160776667
12824,242,243,LAE,19.965852842779693
12825,242,243,LAE,26.354661838573573
12826,242,243,LAE,20.365539016883357
12827,242,243,LAE,0.9341326454879516
12828,242,245,LAE,3.5144839548742017
12829,242,243,LAE,2.5447126387783556
12830,242,243,LAE,14.785214347300972
12831,242,243,LAE,15.352365469433032
12832,242,245,LAE,34.842096689767615
12833,242,243,LAE,19.30219859949098
12834,242,247,LAE,11.678187036110808
12835,242,243,LAE,21.643382413023083
12836,242,244,LAE,41.274267383379666
12837,242,243,LAE,10.167453900615866
12838,242,243,LAE,0.9606957614408775
12839,242,243,LAE,1.0497029880862478
12840,242,243,LAE,18.429963337651024
12841,242,244,LAE,0.9046940662801265
12842,242,243,LAE,17.174388886766117
12843,242,246,LAE,11.23951205822259
12844,242,243,LAE,1.67884889080494
12845,240,244,LAE,12.764759143726769
12846,240,251,LAE,42.28500740860662
12847,240,244,LAE,14.05628522034512
12848,240,244,LAE,29.88229011542557
12849,240,244,LAE,15.121449317082524
12850,240,244,LAE,22.218815880168947
12851,240,244,LAE,10.968959287976332
12852,241,244,LAE,14.337684795047082
12853,241,248,LAE,24.401959480537066
12854,241,244,LAE,10.602241162870882
12855,241,244,LAE,20.153464930662132
12856,242,248,LAE,14.771509459485722
12857,242,245,LAE,16.798760338269812
12858,242,244,LAE,24.39644250622718
12859,243,244,LAE,33.86278887947883
12860,243,244,LAE,1.082882096301658
12861,243,244,LAE,0.9396834449421917
12862,243,246,LAE,2.729352180297707
12863,243,246,LAE,22.016184122389998
12864,243,244,LAE,19.66901869767757
12865,243,245,LAE,12.281542144231672
12866,243,248,LAE,13.131257111367036
12867,243,248,LAE,14.550406434029812
12868,243,244,LAE,1.452063761818907
12869,243,244,LAE,0.8967201462313907
12870,243,244,LAE,0.7827377513155378
12871,243,244,LAE,19.38484164258412
12872,243,244,LAE,1.1744797564388345
12873,243,244,LAE,17.071870451838276
12874,243,244,LAE,32.8601933568721
12875,243,244,LAE,1.2177552158027978
12876,243,244,LAE,1.4877918156064909
12877,243,251,LAE,20.472114433757895
12878,241,245,LAE,17.67202824862896
12879,241,246,LAE,15.227993694202093
12880,241,245,LAE,18.837109684953013
12881,241,247,LAE,27.16212067869889
12882,241,245,LAE,18.035072859223018
12883,241,246,LAE,18.19605407370041
12884,241,256,LAE,12.734022227226733
12885,241,247,LAE,17.67475619230381
12886,241,246,LAE,19.908879034567082
12887,242,245,LAE,1.5625456541353961
12888,242,245,LAE,17.884176105503247
12889,243,246,LAE,22.27057752702865
12890,243,245,LAE,1.1525867287190006
12891,243,258,LAE,13.417940997344033
12892,243,245,LAE,20.892269419423716
12893,243,245,LAE,13.900249780973814
12894,243,254,LAE,45.855272131686334
12895,243,245,LAE,14.290263959752977
12896,243,245,LAE,7.2581663391518
12897,243,247,LAE,2.533127436931802
12898,243,245,LAE,43.38143382636949
12899,244,246,LAE,34.12348221396098
12900,244,245,LAE,0.9399139656717176
12901,244,245,LAE,17.215525696881713
12902,244,250,LAE,13.409202618612087
12903,244,247,LAE,28.68525881700133
12904,244,247,LAE,14.242368448660807
12905,244,245,LAE,19.911031117999283
12906,244,245,LAE,15.053797033007562
12907,244,245,LAE,2.557944892889949
12908,244,247,LAE,20.89673713331308
12909,244,247,LAE,1.247210611914809
12910,244,252,LAE,17.20139781321532
12911,244,248,LAE,2.5184384766428147
12912,244,245,LAE,1.358674091027806
12913,244,248,LAE,2.528159631726934
12914,244,245,LAE,11.038193382852576
12915,244,253,LAE,40.28900410107414
12916,244,253,LAE,34.17726839483621
12917,244,245,LAE,17.0452725873899
12918,242,246,LAE,34.27367963530655
12919,242,258,LAE,22.883884923104244
12920,242,246,LAE,21.454163088782575
12921,242,246,LAE,20.2159503499732
12922,242,246,LAE,17.80844556956443
12923,242,247,LAE,19.190651436429192
12924,242,246,LAE,14.65324575108159
12925,242,247,LAE,18.542960130358694
12926,243,246,LAE,2.7734452700533514
12927,243,246,LAE,18.30340301705293
12928,243,246,LAE,38.06673162640751
12929,243,246,LAE,2.9558641569837434
12930,243,246,LAE,21.55708609563942
12931,243,246,LAE,2.69002504521912
12932,243,246,LAE,15.37709949434013
12933,243,256,LAE,20.05098663259085
12934,243,247,LAE,17.689565879489482
12935,243,246,LAE,22.523421795132727
12936,243,258,LAE,17.132559015886848
12937,243,246,LAE,58.64679941913494
12938,244,248,LAE,19.333195283405292
12939,244,246,LAE,16.442209177925605
12940,244,246,LAE,15.932272095449841
12941,244,246,LAE,19.399833717660883
12942,244,246,LAE,43.18969520968642
12943,244,246,LAE,19.49677691605211
12944,244,246,LAE,18.937036939667124
12945,244,247,LAE,19.294368352254867
12946,244,246,LAE,25.234438550980773
12947,244,247,LAE,31.07218494334366
12948,245,251,LAE,15.509010546728543
12949,245,248,LAE,14.784944977419114
12950,245,247,LAE,14.48688855725258
12951,245,258,LAE,15.731763645944113
12952,245,246,LAE,38.546082744918934
12953,245,246,LAE,21.493332657832614
12954,245,246,LAE,34.27761597289281
12955,245,246,LAE,19.9317704626901
12956,245,246,LAE,17.86931001194629
12957,245,251,LAE,26.571612700973066
12958,245,247,LAE,13.796097661057566
12959,245,249,LAE,25.841276204856676
12960,245,246,LAE,19.495145541674137
12961,245,246,LAE,24.673589742862028
12962,245,247,LAE,19.08225080790528
12963,245,268,LAE,13.45921788747324
12964,245,247,LAE,46.36928930511764
12965,245,246,LAE,24.978344015604836
12966,245,247,LAE,18.859640853488166
12967,245,248,LAE,22.214171016204574
12968,245,246,LAE,2.558385600983705
12969,245,246,LAE,10.865057885609156
12970,243,247,LAE,21.11513212685692
12971,243,247,LAE,17.74023996567739
12972,243,248,LAE,17.109978545775757
12973,244,247,LAE,59.11850054767383
12974,245,247,LAE,21.09278898013326
12975,245,248,LAE,12.86489362309567
12976,245,247,LAE,19.292348887686057
12977,245,247,LAE,21.800394473921237
12978,245,256,LAE,23.359639922836006
12979,245,248,LAE,2.434709585587952
12980,245,247,LAE,2.985010781297139
12981,245,247,LAE,14.731248568159018
12982,245,247,LAE,21.559627662729334
12983,245,247,LAE,22.356917296795356
12984,245,249,LAE,14.93152212192777
12985,245,247,LAE,14.931774902293865
12986,246,247,LAE,0.9879838946999798
12987,246,247,LAE,37.02575001641272
12988,246,248,LAE,20.356697032301206
12989,246,248,LAE,21.00087417878743
12990,246,253,LAE,18.362982188370683
12991,246,247,LAE,19.978355238950503
12992,246,247,LAE,18.317075151866476
12993,246,255,LAE,20.34541223687798
12994,246,248,LAE,14.73971314816068
12995,246,251,LAE,15.272773212344001
12996,246,247,LAE,16.55902403488787
12997,246,259,LAE,14.315351648970712
12998,246,247,LAE,23.669517746795073
12999,246,248,LAE,12.788035788048344
13000,246,247,LAE,3.3417864129390633
13001,246,247,LAE,14.447875658825842
13002,246,251,LAE,16.31819005693453
13003,246,247,LAE,17.69584973595882
13004,246,249,LAE,11.844776139959096
13005,246,247,LAE,16.372939773860473
13006,246,249,LAE,16.390551660474923
13007,246,247,LAE,14.733507410246725
13008,246,248,LAE,13.087971751524302
13009,244,248,LAE,17.941489215563134
13010,244,248,LAE,15.656137703060393
13011,244,252,LAE,13.633995056684405
13012,244,248,LAE,27.891449403808174
13013,244,250,LAE,11.768630077277843
13014,245,249,LAE,28.80801892376064
13015,245,248,LAE,1.8228706167866748
13016,245,248,LAE,19.32128173436662
13017,245,248,LAE,12.80282115155824
13018,245,248,LAE,13.561796938766067
13019,245,248,LAE,11.37074434192753
13020,246,248,LAE,15.07530881671331
13021,246,251,LAE,19.71658862372823
13022,246,248,LAE,18.405917062366797
13023,246,248,LAE,26.000490666903822
13024,246,248,LAE,16.528090908464083
13025,246,248,LAE,29.084119426953617
13026,246,256,LAE,10.513332939802975
13027,246,248,LAE,9.97876924107939
13028,247,249,LAE,16.12785399719182
13029,247,251,LAE,19.074949193215335
13030,247,248,LAE,1.0160614850249594
13031,247,248,LAE,25.93384728422098
13032,247,254,LAE,30.65654158958547
13033,247,252,LAE,10.837151571231766
13034,247,248,LAE,12.982647161282797
13035,247,253,LAE,19.186047964522118
13036,247,248,LAE,19.46552635172735
13037,247,252,LAE,15.727997092582791
13038,247,248,LAE,16.360736612638227
13039,247,248,LAE,21.60697140484898
13040,247,252,LAE,2.563605565778694
13041,247,248,LAE,19.158218790200543
13042,247,253,LAE,23.140230217683758
13043,247,248,LAE,46.95229256513229
13044,247,253,LAE,12.828099184639838
13045,247,249,LAE,19.804776186526798
13046,247,249,LAE,25.3020472909177
13047,247,252,LAE,14.67576673814644
13048,247,248,LAE,12.144958570217218
13049,247,248,LAE,1.4897619278680785
13050,247,249,LAE,19.057946141245022
13051,247,251,LAE,20.364965432623773
13052,245,249,LAE,11.249182171002017
13053,245,249,LAE,20.028774818576046
13054,246,253,LAE,15.795875547973427
13055,246,249,LAE,21.618041366611372
13056,246,249,LAE,17.416443979433573
13057,246,249,LAE,25.883415204880826
13058,246,249,LAE,1.4764718930114225
13059,247,252,LAE,12.256986731473617
13060,247,252,LAE,25.893690324429038
13061,247,249,LAE,43.98579878664147
13062,247,249,LAE,21.314181569285207
13063,247,249,LAE,2.559534048132675
13064,247,257,LAE,13.808822448964742
13065,247,249,LAE,13.256438914077775
13066,247,249,LAE,53.79086690210433
13067,247,249,LAE,22.969983869512426
13068,247,252,LAE,1.9220774720798421
13069,248,251,LAE,20.056740285187544
13070,248,249,LAE,21.4664004931458
13071,248,249,LAE,20.204385699060815
13072,248,249,LAE,2.1303231610519764
13073,248,249,LAE,20.14715480974625
13074,248,249,LAE,17.09515425051146
13075,248,254,LAE,9.696898092160362
13076,248,249,LAE,20.041921657340275
13077,248,249,LAE,14.283385701017517
13078,248,249,LAE,1.1828860692250565
13079,248,249,LAE,16.943328852313794
13080,248,249,LAE,1.1791147933423247
13081,248,249,LAE,13.389904811876743
13082,248,249,LAE,19.468844939830362
13083,248,249,LAE,0.9662136626107025
13084,248,249,LAE,17.148231567690154
13085,248,249,LAE,13.75306741117913
13086,248,249,LAE,15.183825556374803
13087,248,249,LAE,8.422830888911346
13088,248,249,LAE,18.51703929240074
13089,246,254,LAE,15.847409767056007
13090,246,250,LAE,20.602674466372534
13091,246,251,LAE,15.508969689309138
13092,247,250,LAE,17.17091636366709
13093,247,253,LAE,1.9681890694356625
13094,247,252,LAE,21.55031702705778
13095,247,250,LAE,14.863013544988302
13096,247,250,LAE,10.762471479324418
13097,247,252,LAE,13.62997068102086
13098,247,250,LAE,50.14099932606806
13099,247,250,LAE,16.462431569289794
13100,248,258,LAE,14.052513187440425
13101,248,250,LAE,14.908947498734353
13102,248,250,LAE,14.554678457795918
13103,248,252,LAE,14.456574891431588
13104,248,250,LAE,40.203106572935766
13105,248,258,LAE,17.091174797453057
13106,248,250,LAE,22.324619111644363
13107,248,250,LAE,18.177547754515462
13108,248,250,LAE,9.268658397142286
13109,248,250,LAE,28.94046092283732
13110,249,250,LAE,13.885929773415247
13111,249,250,LAE,26.35157454581493
13112,249,250,LAE,18.122349428993285
13113,249,250,LAE,27.247644259098834
13114,249,250,LAE,10.06656091476602
13115,249,250,LAE,19.997242287408742
13116,249,251,LAE,14.248829601016983
13117,249,250,LAE,23.55996887943922
13118,249,250,LAE,33.92574959387324
13119,249,251,LAE,27.948598494732106
13120,249,251,LAE,24.10760982078764
13121,249,251,LAE,16.593614055935074
13122,249,251,LAE,1.091983273911721
13123,249,250,LAE,1.1677423819316128
13124,249,250,LAE,18.430070974213848
13125,249,250,LAE,33.25305476688512
13126,249,250,LAE,20.301657293868743
13127,249,250,LAE,45.935934443202065
13128,249,251,LAE,25.888457742912337
13129,249,253,LAE,17.72651007975631
13130,249,250,LAE,24.69900641721528
13131,249,250,LAE,14.851821702263946
13132,247,251,LAE,19.357937476215344
13133,247,251,LAE,17.944806235945265
13134,247,251,LAE,20.87985964907566
13135,248,251,LAE,12.226878278008869
13136,248,251,LAE,25.808118052191265
13137,248,251,LAE,24.142591586385116
13138,248,251,LAE,20.725177251778035
13139,248,255,LAE,14.879025529163961
13140,248,251,LAE,19.48629877771323
13141,249,251,LAE,31.46731572793047
13142,249,252,LAE,15.488024728051952
13143,249,251,LAE,15.096161344776094
13144,249,251,LAE,24.6630056187458
13145,249,252,LAE,19.192608395987484
13146,249,256,LAE,13.744113509496083
13147,249,253,LAE,18.275623219085713
13148,249,252,LAE,17.908998616895975
13149,249,251,LAE,14.922853138009224
13150,249,252,LAE,13.873426025812472
13151,249,251,LAE,20.326205394597665
13152,249,251,LAE,43.05037807056855
13153,249,251,LAE,24.909309418083375
13154,249,251,LAE,1.262027240179328
13155,250,256,LAE,34.15577971463346
13156,250,256,LAE,15.512081002625242
13157,250,251,LAE,0.818958886158079
13158,250,255,LAE,11.009114137054032
13159,250,251,LAE,17.453457857346486
13160,250,256,LAE,12.784594983752521
13161,250,251,LAE,44.84029327891408
13162,250,256,LAE,20.66274094932843
13163,250,253,LAE,17.245670390876658
13164,250,254,LAE,15.060782737235325
13165,250,259,LAE,25.522282544693393
13166,250,253,LAE,19.616376923964463
13167,250,251,LAE,1.5211573985006386
13168,250,264,LAE,10.403788598581396
13169,250,260,LAE,16.78658405041921
13170,250,251,LAE,37.19751516767396
13171,250,251,LAE,34.87193091282295
13172,250,258,LAE,10.739270728535356
13173,250,251,LAE,13.820005540578384
13174,250,251,LAE,15.791051087634123
13175,250,254,LAE,13.403766717135127
13176,248,252,LAE,21.12646543655249
13177,248,252,LAE,18.2814310124229
13178,248,252,LAE,14.10693096751912
13179,249,252,LAE,17.616605600406977
13180,249,252,LAE,27.002918498894413
13181,249,252,LAE,20.250557081188635
13182,249,255,LAE,17.88463536412537
13183,250,252,LAE,11.797685630864198
13184,250,253,LAE,17.075759179454174
13185,250,252,LAE,1.170504812149606
13186,250,258,LAE,16.975963668449435
13187,250,252,LAE,20.540711497856822
13188,250,261,LAE,21.792444516716632
13189,250,255,LAE,18.90731247322267
13190,250,252,LAE,1.8037507558496229
13191,250,255,LAE,17.147238433233873
13192,251,255,LAE,16.582345366199185
13193,251,253,LAE,1.4127092058271
13194,251,266,LAE,15.530516384173215
13195,251,255,LAE,12.410997708762647
13196,251,252,LAE,13.31541916727599
13197,251,256,LAE,24.034724013203316
13198,251,252,LAE,18.814195742511686
13199,251,256,LAE,24.64900425154993
13200,251,252,LAE,21.884375331631674
13201,251,257,LAE,22.213222428575264
13202,251,254,LAE,20.380733479195904
13203,251,252,LAE,19.507099657602293
13204,251,252,LAE,15.041234357734757
13205,251,252,LAE,1.9170924971172658
13206,251,255,LAE,47.85199023186218
13207,251,253,LAE,48.02265688496525
13208,251,252,LAE,50.909146544743976
13209,251,257,LAE,13.20556254632232
13210,251,252,LAE,18.4493743618572
13211,251,255,LAE,8.73759479568254
13212,251,252,LAE,44.889854373720205
13213,251,252,LAE,13.16913274355929
13214,251,252,LAE,17.32988166983979
13215,251,253,LAE,15.136134596027652
13216,251,254,LAE,26.64470285079341
13217,251,256,LAE,33.826871551142276
13218,251,254,LAE,21.491129355349702
13219,251,268,LAE,16.138020627155232
13220,251,261,LAE,14.927039756190496
13221,251,252,LAE,23.146437473329716
13222,251,253,LAE,21.51758262436051
13223,251,253,LAE,31.489647690875554
13224,251,252,LAE,16.84778264028971
13225,249,253,LAE,22.229502429683677
13226,249,253,LAE,15.913336552401935
13227,249,253,LAE,2.500377558168705
13228,249,253,LAE,13.775926232969843
13229,249,253,LAE,21.795733395738676
13230,250,253,LAE,19.843215118595968
13231,250,258,LAE,14.253753200823512
13232,250,253,LAE,19.322902198842243
13233,250,253,LAE,11.341932194538161
13234,250,253,LAE,25.604200582054283
13235,250,253,LAE,14.738135577037992
13236,250,253,LAE,15.354634167442894
13237,250,253,LAE,23.18838582815907
13238,250,260,LAE,19.56027661701915
13239,250,253,LAE,21.76537607072993
13240,250,253,LAE,27.20776162454091
13241,250,253,LAE,9.85351805126708
13242,250,253,LAE,8.435341606480106
13243,250,253,LAE,14.799881374676199
13244,251,253,LAE,12.108874257986812
13245,251,256,LAE,14.199973743727375
13246,251,254,LAE,14.835299668850691
13247,251,253,LAE,14.286944970601917
13248,251,253,LAE,15.939445415810125
13249,252,253,LAE,15.101582464170654
13250,252,253,LAE,1.0673010529872962
13251,252,255,LAE,17.678581829927513
13252,252,253,LAE,2.133979214072724
13253,252,255,LAE,12.802530364775551
13254,252,253,LAE,39.834502196822484
13255,252,263,LAE,19.708852006626785
13256,252,254,LAE,17.174683974557468
13257,252,255,LAE,29.750483235651174
13258,252,253,LAE,14.154434671961802
13259,252,253,LAE,14.262857611484225
13260,252,253,LAE,14.729992401030643
13261,252,255,LAE,26.44160692030717
13262,252,253,LAE,1.5194177422636983
13263,252,261,LAE,13.975189547419593
13264,250,270,LAE,14.753525362106773
13265,250,254,LAE,25.0670741515091
13266,251,254,LAE,2.256402963070173
13267,251,254,LAE,18.003832040318454
13268,251,267,LAE,12.444920749117987
13269,251,258,LAE,15.001380970943735
13270,251,254,LAE,2.403129018634488
13271,251,254,LAE,1.6460076715170142
13272,251,259,LAE,1.9804165834638567
13273,251,254,LAE,17.159027621208715
13274,251,256,LAE,10.26879695849237
13275,251,254,LAE,2.0837162726953258
13276,252,254,LAE,1.8488716929077376
13277,252,254,LAE,14.11255519936521
13278,252,257,LAE,19.683322787023414
13279,252,255,LAE,16.864001201975316
13280,252,254,LAE,20.779475923430443
13281,252,254,LAE,16.593234752279635
13282,252,254,LAE,15.703056592309963
13283,252,254,LAE,1.8118960008500222
13284,252,254,LAE,19.940078882113916
13285,252,255,LAE,15.011006233586244
13286,252,254,LAE,20.75666194649596
13287,252,254,LAE,11.968355217726186
13288,252,254,LAE,13.809985478365267
13289,252,256,LAE,38.643690179653085
13290,253,254,LAE,20.53187794127236
13291,253,254,LAE,21.01715136264129
13292,253,254,LAE,21.49758775017643
13293,253,254,LAE,37.43634151320042
13294,253,254,LAE,8.965166200856322
13295,253,254,LAE,23.467959207855337
13296,253,254,LAE,18.860440955666363
13297,253,257,LAE,14.186023240113649
13298,253,254,LAE,13.441484224190727
13299,253,255,LAE,2.5648770390497124
13300,253,254,LAE,32.27567952070719
13301,253,255,LAE,24.328229319351653
13302,253,254,LAE,23.076758998782484
13303,253,254,LAE,23.75082858142603
13304,253,254,LAE,1.5853795949151397
13305,253,254,LAE,1.6083202259907068
13306,253,254,LAE,19.484093456671534
13307,253,254,LAE,31.506043665538186
13308,251,255,LAE,12.401382975088202
13309,251,265,LAE,14.168172560000176
13310,251,255,LAE,16.812725748723956
13311,252,258,LAE,30.19456049478006
13312,252,257,LAE,19.814681998826575
13313,252,255,LAE,11.116368423872135
13314,252,256,LAE,23.30188708929936
13315,252,255,LAE,14.23384092153605
13316,252,255,LAE,22.09977862964334
13317,252,259,LAE,32.32201687896342
13318,252,262,LAE,31.999396655176596
13319,253,258,LAE,31.584693685291377
13320,253,261,LAE,19.04504271993562
13321,253,258,LAE,13.5749921128552
13322,253,258,LAE,9.353700971054383
13323,253,256,LAE,15.019153427761097
13324,253,255,LAE,29.601129214066034
13325,253,256,LAE,21.166346639191993
13326,253,262,LAE,15.061957112737812
13327,253,255,LAE,46.63960532912294
13328,253,255,LAE,18.376111029390195
13329,253,264,LAE,18.19679001873119
13330,254,255,LAE,13.02854537758726
13331,254,258,LAE,24.179762650198253
13332,254,255,LAE,15.944183613332985
13333,254,255,LAE,44.198896190121076
13334,254,255,LAE,1.2208870722918324
13335,254,255,LAE,1.4853566613009122
13336,254,266,LAE,26.557791251440616
13337,254,256,LAE,1.6611020071221532
13338,254,257,LAE,14.402532383802624
13339,254,255,LAE,18.917634618136795
13340,254,255,LAE,18.83706660071551
13341,254,259,LAE,16.565162234927435
13342,254,255,LAE,21.68109894191145
13343,254,256,LAE,12.195434919414073
13344,254,255,LAE,18.809171134747185
13345,254,256,LAE,36.53411511010601
13346,254,255,LAE,13.652420934429959
13347,254,255,LAE,12.184754915791997
13348,254,260,LAE,14.290277796229164
13349,254,255,LAE,1.30008275176532
13350,254,255,LAE,12.998972671739107
13351,254,255,LAE,13.8480310942049
13352,254,257,LAE,26.378416848622393
13353,254,256,LAE,11.557530682881966
13354,254,260,LAE,53.31351827883221
13355,252,256,LAE,12.422236818909026
13356,252,256,LAE,8.200591816333231
13357,252,256,LAE,30.215639094610555
13358,252,256,LAE,15.8232999765365
13359,253,257,LAE,51.129017273201484
13360,253,256,LAE,14.197913702478475
13361,253,256,LAE,35.604076004782975
13362,253,256,LAE,35.61536908209941
13363,253,256,LAE,24.579069384864965
13364,253,257,LAE,20.684236960143778
13365,253,256,LAE,14.79807048695457
13366,254,256,LAE,15.511631350423254
13367,254,256,LAE,21.575109373189438
13368,254,256,LAE,23.830055741910098
13369,254,259,LAE,10.408338149644878
13370,254,256,LAE,21.579128550905168
13371,254,259,LAE,18.488784388417496
13372,254,258,LAE,21.650404590015377
13373,254,256,LAE,23.47471778750699
13374,254,256,LAE,20.26819600577777
13375,254,256,LAE,55.823349972480315
13376,254,256,LAE,1.6275059345919056
13377,254,256,LAE,9.153883519239674
13378,254,256,LAE,24.314458979497118
13379,254,256,LAE,26.644325763687686
13380,255,257,LAE,23.062729488178125
13381,255,256,LAE,8.705248837072915
13382,255,256,LAE,17.890179009936364
13383,255,256,LAE,16.089755152933055
13384,255,256,LAE,1.6540959695791353
13385,255,256,LAE,14.982001428389909
13386,255,256,LAE,1.6406973791325143
13387,255,256,LAE,24.778563723300692
13388,255,256,LAE,1.496294293693863
13389,255,256,LAE,24.460538843675714
13390,255,258,LAE,5.683686334526435
13391,255,256,LAE,19.902364073472146
13392,255,256,LAE,53.01256022043232
13393,255,256,LAE,0.9464638540906964
13394,255,260,LAE,12.966598864539572
13395,255,256,LAE,25.13313933027211
13396,255,258,LAE,15.559836093541703
13397,255,256,LAE,10.56683850135498
13398,255,257,LAE,15.9679217514554
13399,255,256,LAE,13.17956837470845
13400,255,272,LAE,31.811285884245414
13401,255,257,LAE,23.736302321187978
13402,255,257,LAE,17.349197224525785
13403,255,256,LAE,15.113464214060775
13404,255,260,LAE,15.72157497986985
13405,255,259,LAE,13.309781856210675
13406,255,261,LAE,14.328815686897642
13407,255,257,LAE,13.514719388896653
13408,255,256,LAE,14.745055644641685
13409,255,256,LAE,14.976533327793664
13410,255,259,LAE,18.817492343441046
13411,254,257,LAE,24.52971575001111
13412,254,258,LAE,12.511723872008952
13413,254,261,LAE,7.669504273531613
13414,255,257,LAE,17.620974412663884
13415,255,258,LAE,17.301895877901813
13416,255,259,LAE,11.897953600230082
13417,255,257,LAE,12.311042419052976
13418,255,257,LAE,14.146516401533198
13419,255,259,LAE,1.727825518857148
13420,255,257,LAE,13.624766992386638
13421,255,258,LAE,58.68564764920974
13422,255,257,LAE,2.334251840878481
13423,255,257,LAE,22.256572665465235
13424,255,260,LAE,12.788954019906493
13425,256,257,LAE,13.369878652113567
13426,256,259,LAE,27.315129836806932
13427,256,257,LAE,20.483639028856807
13428,256,257,LAE,4.402993841032052
13429,256,258,LAE,21.18848642888222
13430,256,258,LAE,21.167377653401765
13431,256,260,LAE,27.085471429442094
13432,256,257,LAE,13.261068545648149
13433,256,257,LAE,14.343221574396194
13434,256,257,LAE,12.899141050820052
13435,256,257,LAE,15.065823114244383
13436,256,258,LAE,27.213877602358075
13437,256,257,LAE,33.79784014510172
13438,256,259,LAE,24.273613816793663
13439,256,257,LAE,12.323125838348243
13440,256,273,LAE,13.265578529350726
13441,256,258,LAE,12.414235300662748
13442,256,257,LAE,19.379950248521503
13443,256,258,LAE,20.884486746156462
13444,256,258,LAE,1.600442409605648
13445,254,259,LAE,16.72642186986292
13446,254,260,LAE,13.094551456362883
13447,254,297,LAE,42.82238344071436
13448,254,258,LAE,12.669419663886625
13449,254,258,LAE,18.60131721575973
13450,254,258,LAE,25.65998504910067
13451,255,258,LAE,16.367680373468396
13452,255,258,LAE,7.031394489821602
13453,255,263,LAE,16.83290685699911
13454,255,259,LAE,10.027394337222034
13455,255,261,LAE,19.778020184962642
13456,255,259,LAE,15.642291308326248
13457,256,258,LAE,31.065689179442042
13458,256,259,LAE,34.49727539882924
13459,256,258,LAE,17.18498626994506
13460,256,258,LAE,15.657373297354766
13461,256,258,LAE,23.863785798551206
13462,256,266,LAE,12.271174048830183
13463,256,262,LAE,13.518978301507756
13464,256,265,LAE,17.590874514071768
13465,256,258,LAE,1.4148326984474127
13466,256,258,LAE,13.492594763650478
13467,256,263,LAE,7.890549245650896
13468,256,258,LAE,14.34015066230672
13469,256,258,LAE,23.66063350630113
13470,256,259,LAE,18.63015849209112
13471,256,263,LAE,14.1367076811788
13472,257,258,LAE,12.60735575807046
13473,257,261,LAE,15.449859793400096
13474,257,259,LAE,26.825710103991412
13475,257,258,LAE,19.354169457487224
13476,257,262,LAE,12.450420888439231
13477,257,258,LAE,1.4243965518358455
13478,257,258,LAE,11.791721931484444
13479,257,261,LAE,11.56372427364257
13480,257,258,LAE,14.504550658075232
13481,257,258,LAE,18.77602458131323
13482,257,260,LAE,13.086120228738448
13483,257,258,LAE,10.908985827938874
13484,257,258,LAE,17.172130055051788
13485,257,258,LAE,12.435109040609781
13486,257,258,LAE,21.64206739009989
13487,257,258,LAE,18.679797320580874
13488,257,258,LAE,25.440448007863388
13489,257,258,LAE,12.655958669905676
13490,257,258,LAE,12.493669443331264
13491,257,262,LAE,22.001344795969796
13492,257,258,LAE,2.0059594453569094
13493,257,258,LAE,22.576941002748022
13494,256,262,LAE,15.184233501000522
13495,256,266,LAE,20.0083987755492
13496,256,294,LAE,13.987708710639376
13497,256,259,LAE,22.721762180873164
13498,257,262,LAE,18.7417818940602
13499,257,259,LAE,18.119021595247073
13500,257,259,LAE,16.105923893094584
13501,257,259,LAE,1.4573162570904197
13502,257,259,LAE,22.488358337900642
13503,257,270,LAE,16.571137358362893
13504,257,259,LAE,12.87630028444932
13505,257,259,LAE,1.2430655326235884
13506,257,260,LAE,20.19356233313788
13507,257,259,LAE,9.593404392544224
13508,257,260,LAE,46.66230674860152
13509,257,259,LAE,15.040941759932712
13510,257,259,LAE,1.5403919928796115
13511,257,259,LAE,23.274118301602385
13512,257,259,LAE,14.57802677421224
13513,257,263,LAE,14.646098043843155
13514,258,259,LAE,11.517865343551957
13515,258,259,LAE,21.17731631462819
13516,258,259,LAE,14.292680143073138
13517,258,260,LAE,1.5237923394930777
13518,258,259,LAE,15.635517180638642
13519,258,259,LAE,16.593290338580065
13520,258,259,LAE,17.83884456768426
13521,258,264,LAE,18.79935886336608
13522,258,262,LAE,12.512273946559239
13523,258,259,LAE,15.39444184017247
13524,256,260,LAE,24.113080494628377
13525,256,264,LAE,26.641813852423446
13526,256,260,LAE,16.381863248707855
13527,257,260,LAE,15.13919618055586
13528,257,266,LAE,16.511996303542624
13529,257,260,LAE,13.288911314281735
13530,258,270,LAE,41.0177334523831
13531,258,272,LAE,51.96405482460296
13532,258,277,LAE,27.11039937427602
13533,259,260,LAE,21.486621759006088
13534,259,260,LAE,17.44660577424287
13535,259,260,LAE,18.15878811614227
13536,259,349,LAE,38.019283777617865
13537,259,260,LAE,33.236600098771554
13538,259,260,LAE,15.390149206868195
13539,259,260,LAE,1.3966473015963352
13540,259,260,LAE,12.817660743383419
13541,259,264,LAE,12.481092032173654
13542,259,260,LAE,22.181448832293334
13543,259,260,LAE,2.229657750389972
13544,259,261,LAE,2.7917870916440175
13545,259,260,LAE,12.933528788027406
13546,259,260,LAE,16.080637258647933
13547,259,262,LAE,16.91439245388361
13548,259,260,LAE,1.882393606881556
13549,259,260,LAE,16.272773880620417
13550,259,262,LAE,11.022264012924907
13551,259,263,LAE,25.685836324084477
13552,259,262,LAE,12.079764510861875
13553,259,262,LAE,12.69810040032339
13554,259,263,LAE,12.8393143790908
13555,259,262,LAE,2.44650769824144
13556,259,260,LAE,25.213859239002325
13557,257,261,LAE,14.881036140144724
13558,257,261,LAE,18.903904908445153
13559,257,284,LAE,20.51588029530134
13560,257,261,LAE,21.313271426200714
13561,258,261,LAE,59.60793987701376
13562,258,264,LAE,10.701540948424606
13563,258,262,LAE,21.493022900085816
13564,258,261,LAE,23.117745792182166
13565,259,265,LAE,12.322980650821037
13566,259,261,LAE,12.962121337250222
13567,259,261,LAE,22.962152383963804
13568,259,263,LAE,16.345072349577098
13569,259,261,LAE,21.166251203679465
13570,259,268,LAE,15.64593260207898
13571,259,261,LAE,40.08274918024359
13572,259,262,LAE,24.125308801770473
13573,259,261,LAE,44.163703236250356
13574,259,263,LAE,58.20141090290733
13575,260,264,LAE,17.19233720415982
13576,260,261,LAE,19.120589203955415
13577,260,264,LAE,20.28897996852185
13578,260,262,LAE,18.31344974686049
13579,260,261,LAE,17.15106923221874
13580,260,261,LAE,14.754647985751564
13581,260,262,LAE,12.674444678515522
13582,260,261,LAE,12.582074749485182
13583,260,261,LAE,13.671860820894624
13584,260,264,LAE,16.523778295266656
13585,260,276,LAE,18.487500652858596
13586,260,268,LAE,29.989605875567833
13587,260,262,LAE,15.454854203165569
13588,260,267,LAE,13.860671101776758
13589,260,261,LAE,18.03100915867304
13590,260,261,LAE,28.104353114945265
13591,260,271,LAE,18.385849167584897
13592,260,276,LAE,18.636059380434848
13593,260,274,LAE,40.286893926471144
13594,260,261,LAE,41.06881532927409
13595,260,261,LAE,23.754610574643422
13596,260,261,LAE,20.602282901512485
13597,260,265,LAE,14.186863543868611
13598,260,263,LAE,21.93194602511264
13599,260,261,LAE,17.335803460988682
13600,260,279,LAE,48.16476240801782
13601,260,265,LAE,16.366603062080667
13602,260,262,LAE,24.64367908185018
13603,260,261,LAE,13.421890127130192
13604,258,262,LAE,18.409386673588802
13605,259,270,LAE,10.054269336348936
13606,259,262,LAE,22.906155613297962
13607,259,265,LAE,24.96766630904813
13608,259,267,LAE,17.62354119281432
13609,259,262,LAE,14.929035457648206
13610,259,262,LAE,23.65187255906909
13611,260,266,LAE,20.560986471884483
13612,260,264,LAE,28.87738178264206
13613,260,264,LAE,21.94328458693222
13614,260,262,LAE,13.713112881535844
13615,260,264,LAE,40.31433176767325
13616,260,265,LAE,41.27258515917794
13617,260,264,LAE,16.992910497925035
13618,261,263,LAE,14.61384700519635
13619,261,262,LAE,25.821068701762808
13620,261,266,LAE,13.321647263374365
13621,261,263,LAE,14.794406531929717
13622,261,262,LAE,1.5543384550058732
13623,261,265,LAE,13.016702554206502
13624,261,264,LAE,14.186255780558303
13625,261,265,LAE,12.090903267748365
13626,261,262,LAE,12.658395353320543
13627,261,262,LAE,26.236716938945353
13628,261,262,LAE,24.942496338563334
13629,261,265,LAE,18.726233110715658
13630,261,265,LAE,23.437862042911934
13631,261,262,LAE,21.14882407350214
13632,261,266,LAE,20.346134200135886
13633,261,264,LAE,12.051367267099701
13634,261,263,LAE,12.942807853362691
13635,261,270,LAE,23.381072215451233
13636,261,264,LAE,18.94944297823021
13637,261,263,LAE,3.5960997385035154
13638,261,266,LAE,17.32637289707169
13639,259,265,LAE,11.455325160285565
13640,259,263,LAE,12.926672006704496
13641,259,263,LAE,37.01347293243626
13642,259,263,LAE,15.38033513327505
13643,260,271,LAE,19.90917548629412
13644,260,263,LAE,20.155171184673925
13645,260,263,LAE,39.531256209457624
13646,260,267,LAE,15.198047830820258
13647,261,275,LAE,16.205774284264162
13648,261,265,LAE,15.914610711342732
13649,261,263,LAE,12.952580308379131
13650,261,265,LAE,12.974657933378166
13651,261,263,LAE,20.343052310588675
13652,261,268,LAE,17.069306740274435
13653,261,263,LAE,14.234526068647012
13654,261,263,LAE,2.5517539458069645
13655,261,265,LAE,20.412033253229666
13656,261,264,LAE,20.776674311318093
13657,262,265,LAE,15.114590174814062
13658,262,263,LAE,17.82587704174846
13659,262,263,LAE,1.503204510986092
13660,262,267,LAE,30.94490031585692
13661,262,266,LAE,11.707266683241727
13662,262,263,LAE,3.5187832067637275
13663,262,264,LAE,1.3986526371610675
13664,262,263,LAE,15.592662633506823
13665,262,267,LAE,13.999219421636113
13666,262,263,LAE,19.571971360280465
13667,262,263,LAE,25.350879137295887
13668,262,263,LAE,19.93837654598585
13669,262,263,LAE,12.810260930892342
13670,262,263,LAE,16.445654616888593
13671,262,263,LAE,10.099781963052777
13672,262,274,LAE,8.807884004605109
13673,262,266,LAE,12.127163794890086
13674,262,266,LAE,12.891019872082826
13675,262,263,LAE,9.883939330102598
13676,260,266,LAE,17.3965274497454
13677,260,269,LAE,16.05677540088093
13678,260,278,LAE,18.588006545484635
13679,261,269,LAE,31.799804428163764
13680,261,265,LAE,17.70664793345565
13681,261,266,LAE,23.64054723488899
13682,261,264,LAE,42.857442152303754
13683,261,264,LAE,19.278802000004674
13684,261,271,LAE,17.72455469509688
13685,261,264,LAE,13.07683826708774
13686,261,264,LAE,34.1228485654718
13687,261,277,LAE,24.346582842292374
13688,261,265,LAE,21.27308306085308
13689,262,267,LAE,12.01699365698056
13690,262,266,LAE,10.880445153594216
13691,262,264,LAE,18.04330311199212
13692,262,264,LAE,51.353363054234826
13693,262,264,LAE,24.75607566977501
13694,262,267,LAE,20.183252787532496
13695,262,265,LAE,27.082070948457012
13696,262,264,LAE,2.4197710038971554
13697,262,264,LAE,2.2753531554460547
13698,263,265,LAE,29.95290353365184
13699,263,264,LAE,11.430487497989969
13700,263,268,LAE,14.282129134824842
13701,263,264,LAE,46.53432428056795
13702,263,271,LAE,17.842436911100794
13703,263,266,LAE,14.328429144985257
13704,263,264,LAE,16.873477093727423
13705,263,264,LAE,12.220516614075606
13706,263,266,LAE,20.633371878466555
13707,263,267,LAE,17.410621702187964
13708,263,264,LAE,14.711537245609842
13709,263,264,LAE,1.435495245117615
13710,263,266,LAE,31.46915212595015
13711,263,267,LAE,18.16088409371937
13712,263,267,LAE,13.036949733066347
13713,263,272,LAE,13.638888534747943
13714,263,267,LAE,17.28035876047518
13715,263,268,LAE,14.886191903684356
13716,263,266,LAE,18.361148448640126
13717,263,264,LAE,14.441963562022138
13718,261,265,LAE,21.524399995636134
13719,261,265,LAE,20.496618190743014
13720,261,265,LAE,12.512084476200224
13721,261,274,LAE,47.05753945727234
13722,261,265,LAE,18.20834809132647
13723,261,265,LAE,12.819345027236572
13724,262,265,LAE,20.987496762463913
13725,262,265,LAE,17.76112670916893
13726,262,315,LAE,13.809939212000032
13727,262,269,LAE,16.466148159418783
13728,262,265,LAE,11.473157170441656
13729,262,265,LAE,23.85384605445006
13730,262,265,LAE,18.00636644273223
13731,262,265,LAE,44.902745566215266
13732,262,265,LAE,33.72355362379505
13733,262,265,LAE,12.16780778417729
13734,262,265,LAE,16.524093715273573
13735,263,265,LAE,16.507074185527234
13736,263,279,LAE,16.332517203088873
13737,263,292,LAE,18.688634664610902
13738,263,265,LAE,2.291201908158882
13739,263,268,LAE,11.680447619283509
13740,263,268,LAE,12.743212996560276
13741,263,265,LAE,15.636537275988712
13742,263,266,LAE,16.981486297172125
13743,263,265,LAE,2.241035077365139
13744,263,266,LAE,12.22020841226199
13745,263,270,LAE,16.085107047331793
13746,264,266,LAE,15.94597012973739
13747,264,265,LAE,20.54704649044262
13748,264,265,LAE,14.952902736805928
13749,264,268,LAE,14.426689070171246
13750,264,269,LAE,15.773443020489813
13751,264,265,LAE,12.711823349222756
13752,264,265,LAE,13.844037358480552
13753,264,265,LAE,18.45344062257068
13754,264,270,LAE,12.938522663040159
13755,264,266,LAE,1.6980727548471153
13756,264,265,LAE,23.379379201119672
13757,264,266,LAE,13.373643494819866
13758,264,265,LAE,38.898387609572275
13759,262,266,LAE,8.871853414066244
13760,262,269,LAE,17.88021697206786
13761,262,276,LAE,37.090523205288186
13762,262,266,LAE,14.885339521467944
13763,263,266,LAE,34.85336763098143
13764,263,266,LAE,11.696682901495242
13765,263,266,LAE,8.598587974558008
13766,263,266,LAE,40.8727945279797
13767,263,270,LAE,19.018249358745596
13768,263,266,LAE,37.21690177657356
13769,263,266,LAE,18.156375279616473
13770,263,266,LAE,29.837918844763227
13771,263,267,LAE,24.94786016130758
13772,263,268,LAE,17.637874525539143
13773,263,266,LAE,17.857030703137262
13774,264,266,LAE,15.396788418229248
13775,264,267,LAE,17.852152076549782
13776,264,267,LAE,31.634166286319896
13777,264,271,LAE,15.480353281050075
13778,264,272,LAE,13.18813163524216
13779,264,266,LAE,22.634670522758572
13780,264,270,LAE,13.980844538929711
13781,265,268,LAE,3.0330556093538137
13782,265,267,LAE,14.123200724563864
13783,265,270,LAE,19.13669534696569
13784,265,266,LAE,8.321961291984382
13785,265,266,LAE,14.867365500215888
13786,265,266,LAE,21.31244403699631
13787,265,268,LAE,15.336551694705433
13788,265,266,LAE,9.241022885927277
13789,265,269,LAE,19.380860670397002
13790,265,268,LAE,14.947215858303306
13791,265,266,LAE,39.31398392935284
13792,265,266,LAE,2.986093411985562
13793,265,266,LAE,4.1765122938135875
13794,265,273,LAE,10.174657404175965
13795,265,269,LAE,16.774817274697824
13796,265,266,LAE,19.39215279648251
13797,265,266,LAE,8.282053836865911
13798,265,342,LAE,17.91932609076796
13799,265,266,LAE,20.61711943369289
13800,265,267,LAE,24.295545851083805
13801,263,316,LAE,11.252115292729657
13802,263,269,LAE,25.50136165451561
13803,263,267,LAE,18.24980633553555
13804,263,267,LAE,16.404462458360435
13805,263,267,LAE,17.63397658831986
13806,263,269,LAE,10.1572814576897
13807,264,280,LAE,16.9890536933658
13808,264,271,LAE,21.763627455062444
13809,264,267,LAE,42.427622137600956
13810,264,267,LAE,11.314961942989338
13811,264,270,LAE,8.502068858925767
13812,264,267,LAE,15.098016952304812
13813,264,267,LAE,10.538224857725414
13814,265,276,LAE,19.20712198214794
13815,265,267,LAE,13.577041912594677
13816,265,267,LAE,14.543228493596237
13817,265,270,LAE,13.217153478045049
13818,265,267,LAE,42.00913274279283
13819,265,267,LAE,15.202859351124475
13820,266,267,LAE,8.507633056212914
13821,266,267,LAE,12.479106502578984
13822,266,273,LAE,16.979811357408526
13823,266,267,LAE,10.165568548136775
13824,266,267,LAE,45.00121752230123
13825,266,269,LAE,12.066744706448532
13826,266,267,LAE,39.079880178495806
13827,266,273,LAE,26.30456935901269
13828,266,267,LAE,7.798674976140175
13829,266,267,LAE,23.414891074487567
13830,266,268,LAE,18.763691984198232
13831,266,267,LAE,14.816362077947181
13832,266,267,LAE,13.752737189934232
13833,266,268,LAE,24.73224392032033
13834,264,268,LAE,20.19196990643438
13835,264,271,LAE,14.067705894132004
13836,264,271,LAE,9.374214565384277
13837,264,271,LAE,15.851412867223443
13838,265,273,LAE,15.641284915579917
13839,265,268,LAE,10.59512955643627
13840,265,269,LAE,20.107030602745695
13841,265,281,LAE,38.67738018412413
13842,266,268,LAE,22.8832818457046
13843,266,268,LAE,55.4183847293774
13844,266,268,LAE,13.813142428453117
13845,266,284,LAE,14.781487990317467
13846,266,277,LAE,13.459650899541112
13847,266,268,LAE,4.061086169838595
13848,266,268,LAE,11.852107856052173
13849,267,268,LAE,13.57458752432276
13850,267,268,LAE,14.509646596374841
13851,267,271,LAE,20.19319084146633
13852,267,268,LAE,46.16675879054108
13853,267,269,LAE,13.052550728945302
13854,267,271,LAE,14.704413399286775
13855,267,271,LAE,15.300703529195241
13856,267,269,LAE,11.080881187593793
13857,267,288,LAE,12.870627282179447
13858,267,268,LAE,40.60124563869639
13859,267,268,LAE,12.328560365274834
13860,267,268,LAE,18.529075118033372
13861,267,268,LAE,27.51601394791393
13862,267,270,LAE,20.4756654437098
13863,267,268,LAE,37.99692867963727
13864,267,284,LAE,14.995697701377132
13865,267,268,LAE,2.548353002763844
13866,265,271,LAE,16.753502320318738
13867,266,269,LAE,22.05550910095816
13868,267,269,LAE,20.639644524331505
13869,267,269,LAE,13.837247820478362
13870,267,273,LAE,14.608380909725973
13871,267,269,LAE,14.175684643049658
13872,267,276,LAE,23.402520633546395
13873,267,269,LAE,15.217259385298217
13874,267,273,LAE,16.173806614319442
13875,267,269,LAE,12.041788850697241
13876,267,269,LAE,1.9766657807900956
13877,268,273,LAE,22.043161599973505
13878,268,269,LAE,17.779579231562884
13879,268,269,LAE,15.768761288089758
13880,268,269,LAE,38.17382563642324
13881,268,273,LAE,19.97636563074147
13882,268,274,LAE,20.4429647316713
13883,268,270,LAE,17.538285360600273
13884,268,269,LAE,0.9489464610265849
13885,268,276,LAE,12.050395071228792
13886,268,269,LAE,2.7093572469105456
13887,268,270,LAE,10.467716423638155
13888,268,269,LAE,16.06172552939635
13889,268,278,LAE,12.604016200812303
13890,268,269,LAE,24.65855746971199
13891,268,270,LAE,33.68072441615177
13892,268,271,LAE,25.26060747180058
13893,268,269,LAE,20.83024593091418
13894,268,275,LAE,42.89349876871457
13895,266,276,LAE,19.98327780666549
13896,266,270,LAE,9.250082162403592
13897,266,271,LAE,49.36288357650254
13898,266,272,LAE,11.754433887856033
13899,266,270,LAE,29.40217018962858
13900,266,270,LAE,18.429016806265942
13901,267,271,LAE,18.61679694889911
13902,267,275,LAE,14.29527366403373
13903,267,270,LAE,20.171420117363905
13904,267,274,LAE,17.750163619281867
13905,267,273,LAE,10.586653965817716
13906,267,273,LAE,13.140074187950276
13907,268,272,LAE,8.493932478508233
13908,268,271,LAE,21.150489754183006
13909,268,271,LAE,12.75812583707388
13910,268,274,LAE,14.849498669441632
13911,268,274,LAE,14.81284713099829
13912,268,270,LAE,8.02080514823082
13913,268,272,LAE,32.45167709870469
13914,268,270,LAE,19.78607532135649
13915,268,271,LAE,10.273377001597353
13916,268,271,LAE,25.72369354222683
13917,268,281,LAE,9.989989062554002
13918,268,270,LAE,15.888111377266988
13919,269,270,LAE,19.087789047546774
13920,269,270,LAE,19.415023928415295
13921,269,270,LAE,12.926636205909
13922,269,270,LAE,14.411237070072183
13923,269,276,LAE,3.0329712855991877
13924,269,274,LAE,18.464754342828694
13925,269,282,LAE,15.45340153873695
13926,269,270,LAE,13.4927398126566
13927,267,271,LAE,15.755438599701009
13928,267,272,LAE,9.724897237632755
13929,267,275,LAE,16.383729766967544
13930,268,274,LAE,2.490827012970412
13931,268,271,LAE,14.012344609952363
13932,268,271,LAE,48.026278864956765
13933,268,276,LAE,22.705921021358034
13934,268,271,LAE,2.701055424148929
13935,268,275,LAE,29.95562946686116
13936,269,271,LAE,12.624877166624318
13937,269,271,LAE,13.412392696999195
13938,269,271,LAE,8.273494817199865
13939,269,271,LAE,49.81691512403069
13940,269,271,LAE,1.8227964958373677
13941,270,271,LAE,15.387634960831104
13942,270,271,LAE,1.6489961167928835
13943,270,271,LAE,56.946413382233615
13944,270,275,LAE,12.565170438342616
13945,270,271,LAE,12.421669747584513
13946,270,271,LAE,14.675484842111544
13947,270,284,LAE,14.157155994863347
13948,270,271,LAE,9.260440511518635
13949,270,271,LAE,6.357374986361328
13950,270,271,LAE,14.566521658341404
13951,270,273,LAE,18.547494005956086
13952,270,271,LAE,25.83269167913742
13953,270,274,LAE,19.744210429692075
13954,270,274,LAE,28.107737515531554
13955,270,271,LAE,3.583871728313195
13956,270,271,LAE,9.406797404137885
13957,270,274,LAE,12.635405425723407
13958,270,271,LAE,13.259976764465009
13959,270,271,LAE,29.764765237292547
13960,270,282,LAE,11.030024776546224
13961,270,280,LAE,18.01847716467415
13962,270,271,LAE,32.13635781560488
13963,270,271,LAE,1.9405273162615144
13964,270,275,LAE,34.24094340255246
13965,270,271,LAE,11.666142761941849
13966,270,272,LAE,40.91299567605818
13967,270,271,LAE,10.391791239977826
13968,270,272,LAE,18.472295856081345
13969,270,272,LAE,34.64328466102112
13970,268,274,LAE,12.671463366635772
13971,268,272,LAE,15.473031392847414
13972,268,273,LAE,12.832008397117692
13973,268,273,LAE,17.11147421362314
13974,269,275,LAE,26.287762869338472
13975,269,272,LAE,8.611894328785542
13976,270,272,LAE,16.54120380058138
13977,270,276,LAE,17.88794223728927
13978,270,272,LAE,20.966179727664713
13979,270,274,LAE,1.6171980894790619
13980,270,272,LAE,48.141807839197
13981,270,273,LAE,45.88963679587987
13982,270,272,LAE,14.617885845976737
13983,270,272,LAE,22.03531950953858
13984,270,272,LAE,17.412567642110222
13985,271,276,LAE,1.5271363463453798
13986,271,273,LAE,16.471843537460213
13987,271,275,LAE,41.33263120301134
13988,271,277,LAE,14.546662253750304
13989,271,272,LAE,1.422431344574022
13990,271,273,LAE,1.4964352829370888
13991,271,272,LAE,13.919389726476986
13992,271,276,LAE,19.998700491395486
13993,271,272,LAE,23.365939711582826
13994,271,272,LAE,1.2751095151797016
13995,271,274,LAE,51.14771732166144
13996,271,273,LAE,18.770893452269455
13997,271,273,LAE,14.098163125597626
13998,271,276,LAE,11.049044601518238
13999,271,280,LAE,10.477771635470713
14000,271,272,LAE,14.694765642103379
14001,271,274,LAE,13.823487118940285
14002,271,272,LAE,1.0185118382653977
14003,271,274,LAE,1.2865891934663922
14004,269,273,LAE,20.538814180309817
14005,270,274,LAE,15.352304803638605
14006,270,281,LAE,16.249293451755563
14007,270,273,LAE,3.4137632985666015
14008,270,273,LAE,10.602820937023973
14009,270,280,LAE,11.052899791070011
14010,271,279,LAE,11.777154751968611
14011,271,275,LAE,18.281953452548965
14012,271,273,LAE,18.51279096839148
14013,271,273,LAE,10.583866265065923
14014,271,274,LAE,19.733976209385457
14015,272,273,LAE,40.40156238013032
14016,272,273,LAE,1.4514549685405918
14017,272,273,LAE,17.22445952080022
14018,272,273,LAE,52.029270344126594
14019,272,276,LAE,35.33682967270909
14020,272,281,LAE,45.39927591818212
14021,272,273,LAE,1.4441223478649452
14022,272,284,LAE,20.276017547433064
14023,272,281,LAE,18.494822520776967
14024,272,273,LAE,21.87240385518029
14025,272,273,LAE,18.429875577564715
14026,272,273,LAE,19.23590370243103
14027,272,273,LAE,21.123170225275153
14028,272,273,LAE,15.099469591711108
14029,272,273,LAE,14.518069606803936
14030,272,274,LAE,17.402716261820284
14031,272,277,LAE,14.611914983093348
14032,272,273,LAE,1.1880435253049502
14033,272,286,LAE,24.211295461818697
14034,272,275,LAE,47.83264757116487
14035,272,273,LAE,1.85464763578463
14036,272,273,LAE,18.47225565326119
14037,272,273,LAE,26.19010488612811
14038,272,276,LAE,17.38174852239053
14039,270,274,LAE,19.275586393595898
14040,270,295,LAE,12.734483354131404
14041,270,274,LAE,13.217800705022132
14042,271,278,LAE,14.025020898288004
14043,271,275,LAE,16.092979879072686
14044,271,305,LAE,16.02888206140019
14045,271,274,LAE,8.889310556980696
14046,271,274,LAE,17.05693343114841
14047,271,274,LAE,32.08545886089654
14048,271,287,LAE,11.681523679701197
14049,271,280,LAE,12.95446109132084
14050,271,282,LAE,11.23204242332817
14051,271,280,LAE,16.228819386346476
14052,271,283,LAE,19.646220903764696
14053,272,284,LAE,13.480119935384852
14054,272,274,LAE,18.148630769897284
14055,272,274,LAE,8.741801368116812
14056,272,274,LAE,18.97643929988079
14057,272,275,LAE,3.4504028284158736
14058,272,274,LAE,13.60083927264548
14059,273,274,LAE,10.852729000395307
14060,273,282,LAE,10.540893742166924
14061,273,275,LAE,9.401046170841747
14062,273,277,LAE,21.725156963437808
14063,273,274,LAE,29.130810351094265
14064,273,274,LAE,16.642926065847885
14065,273,274,LAE,2.3234012333892533
14066,273,275,LAE,3.1865645442939026
14067,273,290,LAE,16.792487655957213
14068,273,280,LAE,10.208866637998367
14069,273,274,LAE,10.725242544399435
14070,273,274,LAE,11.874768844959538
14071,273,274,LAE,14.40259335637262
14072,271,275,LAE,9.978310757003221
14073,272,277,LAE,2.927489227218886
14074,272,275,LAE,21.55362792216793
14075,272,275,LAE,15.514121791856772
14076,273,275,LAE,1.5209484324810751
14077,273,275,LAE,2.011712288936145
14078,273,275,LAE,2.748778697838222
14079,273,275,LAE,1.3173952527651163
14080,273,278,LAE,8.688085116656877
14081,273,409,LAE,44.736917481567666
14082,273,279,LAE,15.060821254690827
14083,273,275,LAE,1.030496939666897
14084,273,275,LAE,18.285189135956642
14085,273,275,LAE,13.71398063751301
14086,273,276,LAE,18.585246480930007
14087,273,279,LAE,23.680334317835435
14088,274,276,LAE,25.61629237272597
14089,274,276,LAE,29.73567537721523
14090,274,275,LAE,11.854892599367453
14091,274,276,LAE,14.312663202966313
14092,274,276,LAE,9.82509783814986
14093,274,277,LAE,29.483997940492955
14094,274,275,LAE,46.52132172734572
14095,274,275,LAE,34.40341239857054
14096,274,275,LAE,17.559123783265992
14097,274,275,LAE,35.804573589487894
14098,274,276,LAE,1.066549871908765
14099,274,275,LAE,1.0537649742217636
14100,274,275,LAE,19.39193798805293
14101,274,283,LAE,37.19533108626035
14102,272,278,LAE,24.693520500815122
14103,272,277,LAE,16.487469732518566
14104,272,278,LAE,12.644204695398106
14105,272,281,LAE,8.423975874097804
14106,273,276,LAE,7.431332427555579
14107,273,279,LAE,7.797004235697305
14108,273,279,LAE,16.583543806016234
14109,273,276,LAE,13.928522225896623
14110,274,276,LAE,10.971578364611931
14111,274,277,LAE,12.037607735782188
14112,274,277,LAE,8.7936096317813
14113,274,277,LAE,15.343938488016331
14114,274,280,LAE,9.907193165386301
14115,274,281,LAE,18.971643801269764
14116,274,277,LAE,2.3092970437590883
14117,274,276,LAE,17.08810380757603
14118,274,276,LAE,16.54012215677179
14119,274,278,LAE,13.042899866916706
14120,274,278,LAE,17.437897267267278
14121,274,298,LAE,15.681035104562516
14122,274,282,LAE,14.040638982639392
14123,274,283,LAE,12.522793509226073
14124,274,279,LAE,13.889809697801377
14125,275,276,LAE,12.403315498686638
14126,275,276,LAE,10.518507759340748
14127,275,278,LAE,1.8895515244720826
14128,275,278,LAE,14.147499450668775
14129,275,276,LAE,0.8753146681120448
14130,275,278,LAE,12.128412627062746
14131,275,279,LAE,11.886966263186896
14132,275,276,LAE,1.6015096047230284
14133,275,276,LAE,26.55230207920505
14134,275,276,LAE,17.24831415083015
14135,275,276,LAE,1.2130787393691929
14136,275,276,LAE,9.571999352495174
14137,275,276,LAE,0.9211387592156377
14138,275,277,LAE,2.487306590467095
14139,275,276,LAE,18.404924087969448
14140,275,283,LAE,22.255968085478163
14141,275,276,LAE,15.10373585166544
14142,275,276,LAE,13.369563098146031
14143,273,277,LAE,27.445745683692614
14144,274,278,LAE,12.98269808283605
14145,274,278,LAE,40.07923895587453
14146,274,279,LAE,14.815953357767775
14147,274,277,LAE,3.3980242016728583
14148,274,277,LAE,11.971523787746808
14149,274,277,LAE,8.23852730747571
14150,274,278,LAE,57.93352651774594
14151,274,278,LAE,12.526642246161535
14152,275,277,LAE,1.575841560578886
14153,275,281,LAE,11.782801282512835
14154,275,277,LAE,3.3341837267383303
14155,275,277,LAE,28.18754572237176
14156,275,281,LAE,13.949638764679118
14157,275,280,LAE,37.08734313723212
14158,275,281,LAE,19.05564229382018
14159,275,277,LAE,13.839619421888917
14160,275,279,LAE,11.152021162430136
14161,276,277,LAE,12.523211667875277
14162,276,277,LAE,15.900020674168308
14163,276,277,LAE,15.346681514407624
14164,276,278,LAE,24.727152591923534
14165,276,279,LAE,10.31907707025801
14166,276,277,LAE,18.713365684021195
14167,276,277,LAE,12.648775816925689
14168,276,283,LAE,12.235676322766846
14169,276,277,LAE,3.3487353539904263
14170,276,277,LAE,7.818895731398739
14171,276,278,LAE,15.979645008957291
14172,276,278,LAE,17.15804124845891
14173,276,277,LAE,32.35331522436065
14174,276,278,LAE,17.841581851237024
14175,276,280,LAE,12.450937419927143
14176,276,278,LAE,16.047493135179494
14177,276,280,LAE,11.332392199649739
14178,276,278,LAE,20.405399574684733
14179,276,291,LAE,9.74534762730753
14180,276,282,LAE,2.012555684213814
14181,276,277,LAE,32.807079005391195
14182,276,277,LAE,11.599695571548564
14183,276,281,LAE,9.888751544093571
14184,276,277,LAE,0.763648499384561
14185,276,277,LAE,2.250817553534738
14186,276,281,LAE,8.440363813819044
14187,274,286,LAE,19.47658308201817
14188,274,278,LAE,22.47823236807396
14189,275,278,LAE,14.068420984693867
14190,275,278,LAE,1.5083089957077531
14191,275,278,LAE,11.561929812989105
14192,275,278,LAE,16.213050099075723
14193,275,279,LAE,1.9509025622736669
14194,275,278,LAE,24.798496146621908
14195,276,281,LAE,9.651321064673741
14196,276,284,LAE,14.979548777458547
14197,276,278,LAE,11.229346408184389
14198,276,278,LAE,9.068123139765627
14199,276,278,LAE,11.020512717646763
14200,276,282,LAE,15.5353926050104
14201,276,278,LAE,2.136790972868497
14202,276,281,LAE,45.617386251415404
14203,277,283,LAE,16.468905701195887
14204,277,278,LAE,10.00600924433598
14205,277,287,LAE,11.50973523354098
14206,277,282,LAE,14.055897413980418
14207,277,278,LAE,18.011603616286934
14208,277,281,LAE,16.67074965638636
14209,277,278,LAE,9.15045066426569
14210,277,282,LAE,16.837589669843915
14211,277,278,LAE,21.898011905314686
14212,277,278,LAE,0.9979920418436815
14213,277,278,LAE,18.40778251268089
14214,277,280,LAE,11.709067216268759
14215,277,294,LAE,15.80254164335725
14216,277,279,LAE,1.3470645099855638
14217,277,279,LAE,22.135970141553788
14218,277,278,LAE,24.145031702975544
14219,277,278,LAE,0.8685763816358723
14220,277,278,LAE,22.31036999152873
14221,277,281,LAE,14.880750225537719
14222,277,283,LAE,53.31835196363911
14223,277,278,LAE,1.111813649820307
14224,277,278,LAE,16.205944267864375
14225,277,278,LAE,55.45878626793331
14226,277,287,LAE,2.4029394372160606
14227,277,278,LAE,12.809665418681172
14228,277,278,LAE,0.7938989764276998
14229,275,280,LAE,1.4489284137982184
14230,275,279,LAE,11.490842941844692
14231,275,279,LAE,9.15847580834963
14232,275,279,LAE,14.344979667728584
14233,275,279,LAE,21.09579735504756
14234,276,279,LAE,30.560050798938896
14235,276,279,LAE,22.20346500870648
14236,276,279,LAE,1.8086809470251117
14237,276,292,LAE,17.168744482560204
14238,277,284,LAE,25.0509782105981
14239,277,281,LAE,14.907583095994811
14240,277,282,LAE,26.49407800492629
14241,277,282,LAE,11.216977889763905
14242,277,283,LAE,25.72435214885601
14243,277,279,LAE,9.414951814741979
14244,277,280,LAE,2.367002005265808
14245,277,280,LAE,11.564105354885827
14246,277,283,LAE,16.56575083914296
14247,277,279,LAE,13.632582084154741
14248,277,279,LAE,16.179751276832167
14249,278,279,LAE,1.4001458925907329
14250,278,288,LAE,12.2743014041133
14251,278,283,LAE,11.842504400724321
14252,278,282,LAE,2.317733583798809
14253,278,279,LAE,24.983907503795443
14254,278,279,LAE,1.1845046968232091
14255,278,279,LAE,16.20599764797833
14256,278,283,LAE,3.515244630125185
14257,278,279,LAE,12.20972020656609
14258,278,279,LAE,34.36253253541001
14259,278,279,LAE,1.1136824506178047
14260,278,280,LAE,1.5547409254955105
14261,278,279,LAE,9.063323997123138
14262,278,281,LAE,29.150466305846813
14263,278,280,LAE,39.18292313613819
14264,278,281,LAE,15.901389374941207
14265,278,283,LAE,25.7120429543493
14266,278,288,LAE,3.6439516364225737
14267,278,279,LAE,11.669537966447153
14268,278,283,LAE,10.33725568397283
14269,278,280,LAE,1.92111061426341
14270,278,279,LAE,8.91130959497334
14271,276,285,LAE,13.404449582074484
14272,276,280,LAE,8.467525445365181
14273,276,283,LAE,17.18842872551338
14274,276,282,LAE,12.034978459283547
14275,277,280,LAE,11.989238615757062
14276,277,283,LAE,28.55584591815693
14277,277,282,LAE,15.635580109747456
14278,277,281,LAE,13.40534381052111
14279,277,281,LAE,1.6980175399124844
14280,277,280,LAE,9.278153284771843
14281,277,280,LAE,2.7864799581108675
14282,277,280,LAE,2.1096605833595294
14283,277,286,LAE,13.952052004596233
14284,277,280,LAE,11.960795479959613
14285,277,280,LAE,24.50416279083811
14286,277,280,LAE,10.834279467043743
14287,278,280,LAE,20.93477474323694
14288,278,280,LAE,1.5006932421683927
14289,278,280,LAE,10.05879312363436
14290,278,280,LAE,12.158930475359577
14291,278,280,LAE,16.09617564080272
14292,278,280,LAE,12.721733406084136
14293,279,281,LAE,15.510587599255224
14294,279,281,LAE,7.018328912501666
14295,279,280,LAE,9.432310816361415
14296,279,280,LAE,20.67264066975914
14297,279,288,LAE,18.220619981970124
14298,279,281,LAE,12.361351340519496
14299,279,282,LAE,14.523770953394
14300,279,280,LAE,20.07052173134978
14301,279,280,LAE,13.437084617899082
14302,279,280,LAE,13.563049040213553
14303,279,280,LAE,17.459102232421944
14304,279,281,LAE,14.17574507256119
14305,279,280,LAE,21.347935612176396
14306,279,280,LAE,13.854292494805799
14307,279,281,LAE,1.0789960918958523
14308,279,283,LAE,10.682415685065244
14309,279,280,LAE,17.890724652194834
14310,279,281,LAE,18.618187635288784
14311,279,280,LAE,19.089947283278953
14312,279,280,LAE,10.917984189591103
14313,279,280,LAE,0.9791861000869329
14314,277,281,LAE,32.882363288369845
14315,277,287,LAE,23.755395406691772
14316,278,281,LAE,17.054634975992247
14317,278,281,LAE,10.325641726048714
14318,278,281,LAE,12.794680910328257
14319,279,282,LAE,21.467031051595004
14320,279,281,LAE,1.6647260229567586
14321,279,292,LAE,16.335553626155832
14322,279,281,LAE,12.516213995600994
14323,279,281,LAE,19.2421534524297
14324,279,281,LAE,14.083632489340806
14325,279,282,LAE,13.813329386185172
14326,279,285,LAE,2.5353101438583083
14327,280,282,LAE,18.975524064926965
14328,280,281,LAE,16.563521665142247
14329,280,281,LAE,11.731693087217712
14330,280,283,LAE,28.8044473117638
14331,280,281,LAE,7.210599488291869
14332,280,281,LAE,10.462805418788204
14333,280,281,LAE,10.383758906663443
14334,280,284,LAE,19.809488819786107
14335,280,281,LAE,18.451768306394072
14336,280,284,LAE,20.633537053755067
14337,280,291,LAE,20.994406472381552
14338,280,284,LAE,10.418415576934791
14339,280,283,LAE,15.006884535354764
14340,280,284,LAE,21.569820632769204
14341,280,283,LAE,13.45955688228969
14342,280,285,LAE,11.074482748000968
14343,280,281,LAE,15.089031164245254
14344,280,281,LAE,1.0613779016383993
14345,280,287,LAE,18.14152161144111
14346,280,287,LAE,11.025247270933281
14347,280,282,LAE,18.644527685801325
14348,280,281,LAE,1.031247179644032
14349,280,287,LAE,37.65944293993652
14350,280,281,LAE,50.00794222527284
14351,278,282,LAE,9.085796925793476
14352,278,283,LAE,16.474960153954306
14353,279,282,LAE,12.71622569479147
14354,279,282,LAE,15.196472958552068
14355,279,282,LAE,9.609201283568936
14356,279,282,LAE,8.806139100623708
14357,280,290,LAE,20.128019638620685
14358,280,282,LAE,11.292437808768476
14359,280,309,LAE,8.84094535883113
14360,280,283,LAE,22.025410418998142
14361,280,286,LAE,11.81151663546771
14362,280,288,LAE,8.885672743441546
14363,280,282,LAE,1.2274895403343278
14364,280,286,LAE,2.949133869280464
14365,280,285,LAE,16.94865570375355
14366,281,283,LAE,1.0158231049319373
14367,281,282,LAE,14.650436432696356
14368,281,282,LAE,5.276402890241968
14369,281,282,LAE,0.9140242298352237
14370,281,282,LAE,12.10560987361885
14371,281,290,LAE,48.695346715851066
14372,281,282,LAE,26.91020147322147
14373,281,286,LAE,12.624397638811137
14374,281,283,LAE,1.0820700747276453
14375,281,282,LAE,31.488685991171074
14376,281,282,LAE,10.438980975418067
14377,281,282,LAE,16.01816032015479
14378,281,282,LAE,9.36434821441829
14379,281,282,LAE,1.797594333495959
14380,281,284,LAE,19.716699852303623
14381,281,284,LAE,1.90952378824246
14382,279,287,LAE,2.7704957291755026
14383,279,283,LAE,17.97369287130783
14384,279,288,LAE,3.2707536461607694
14385,279,396,LAE,33.55633589015095
14386,279,283,LAE,15.873868689467308
14387,280,283,LAE,11.548710826948005
14388,280,283,LAE,13.24336348824592
14389,281,284,LAE,13.748267523096803
14390,281,284,LAE,41.49329586034829
14391,281,283,LAE,18.74005519683499
14392,281,285,LAE,19.610502302695238
14393,281,287,LAE,10.014697254801241
14394,281,283,LAE,10.33591421554962
14395,281,283,LAE,20.68379715397713
14396,281,283,LAE,49.70876942011191
14397,281,283,LAE,1.0518016135667214
14398,282,283,LAE,15.2269244033674
14399,282,283,LAE,18.763207849800487
14400,282,285,LAE,8.703196625750856
14401,282,292,LAE,20.570787082334927
14402,282,285,LAE,19.93376174688369
14403,282,283,LAE,11.892246973091183
14404,282,283,LAE,10.973094557532791
14405,282,283,LAE,1.2965333417010472
14406,282,283,LAE,14.597772202746418
14407,282,284,LAE,23.21707865182473
14408,282,283,LAE,12.510741883339094
14409,282,285,LAE,8.138250528339139
14410,282,283,LAE,11.736043639951946
14411,282,288,LAE,11.729772810575659
14412,280,284,LAE,8.817418135349083
14413,280,284,LAE,27.580580660917985
14414,281,284,LAE,16.0662847194416
14415,281,302,LAE,7.727732227937219
14416,281,284,LAE,44.508199375239656
14417,282,284,LAE,8.433812430684727
14418,282,284,LAE,16.539619604741763
14419,282,287,LAE,21.997041296439658
14420,282,288,LAE,2.610467039567428
14421,282,284,LAE,11.383270473115541
14422,282,284,LAE,1.7782172545387351
14423,282,284,LAE,19.98653462772224
14424,282,295,LAE,14.522037081472957
14425,282,284,LAE,24.03879111987643
14426,282,288,LAE,9.754844089428664
14427,283,284,LAE,2.0454239398573115
14428,283,284,LAE,1.7025628126169625
14429,283,284,LAE,12.160006670789246
14430,283,284,LAE,14.272081517483638
14431,283,285,LAE,13.462248594498828
14432,283,284,LAE,19.53874156566385
14433,283,284,LAE,1.2599019354695522
14434,283,284,LAE,14.567424015439059
14435,283,284,LAE,1.6013229553306496
14436,283,284,LAE,0.8116713365943035
14437,283,284,LAE,34.26604623715178
14438,283,286,LAE,14.15281019322152
14439,283,284,LAE,16.191000755422277
14440,283,288,LAE,2.046661448690255
14441,283,285,LAE,22.39076126852158
14442,283,285,LAE,1.8841800859233018
14443,283,286,LAE,2.0119951507155394
14444,283,286,LAE,12.802661906920498
14445,283,284,LAE,8.724038165330482
14446,283,286,LAE,1.663320166031969
14447,283,286,LAE,1.477700047705388
14448,281,285,LAE,10.342397124040497
14449,281,290,LAE,21.30032854734217
14450,281,293,LAE,43.10967462123873
14451,281,285,LAE,1.6547161074886587
14452,281,285,LAE,15.606271671993204
14453,281,285,LAE,1.8372816489803419
14454,282,287,LAE,14.421460687630116
14455,282,288,LAE,4.487342524405151
14456,282,285,LAE,24.18637129345391
14457,282,290,LAE,34.64077176743165
14458,282,287,LAE,43.138355812852595
14459,283,285,LAE,14.361233186957037
14460,283,285,LAE,21.06197460498768
14461,283,286,LAE,42.782612264973
14462,283,285,LAE,14.016319147413913
14463,283,285,LAE,43.37702300289405
14464,283,291,LAE,7.528562060484648
14465,283,285,LAE,14.721413098388421
14466,283,295,LAE,14.15551840856291
14467,283,285,LAE,13.59712930428694
14468,283,287,LAE,2.2285161985897077
14469,284,285,LAE,1.051828815612725
14470,284,285,LAE,17.160947607758757
14471,284,289,LAE,9.196312718366125
14472,284,291,LAE,25.11609633685259
14473,284,286,LAE,9.897641166244998
14474,284,285,LAE,1.1524050243064567
14475,284,288,LAE,1.8237564307716256
14476,284,292,LAE,7.623387986735843
14477,284,285,LAE,1.097005059072974
14478,284,288,LAE,55.85827275069355
14479,284,285,LAE,7.454359833514759
14480,284,285,LAE,1.2880542050719206
14481,284,285,LAE,49.40590175469534
14482,284,292,LAE,29.184481922058037
14483,284,290,LAE,12.419531028534225
14484,284,289,LAE,23.302396045563167
14485,284,287,LAE,30.339853564407417
14486,284,285,LAE,1.3381775510522333
14487,284,289,LAE,12.035630822604189
14488,282,293,LAE,11.90008898294683
14489,283,286,LAE,11.114591769926244
14490,283,286,LAE,11.549863581171735
14491,283,286,LAE,36.50026811858853
14492,283,288,LAE,16.208787246241002
14493,283,286,LAE,19.453760756984583
14494,283,290,LAE,56.30571920740244
14495,283,306,LAE,8.338519399597251
14496,284,286,LAE,17.292501338915464
14497,284,286,LAE,12.168938054463437
14498,284,288,LAE,17.51401490320149
14499,284,289,LAE,56.16615631230168
14500,284,286,LAE,1.6709649968716407
14501,284,287,LAE,1.8690199233335114
14502,284,286,LAE,19.112247651405234
14503,284,286,LAE,1.5588046954554733
14504,284,286,LAE,2.1779068532613026
14505,285,286,LAE,0.9337836941686731
14506,285,288,LAE,7.794968552837334
14507,285,294,LAE,27.498444049570256
14508,285,286,LAE,22.920648218834714
14509,285,286,LAE,56.268675172874325
14510,285,286,LAE,24.054483739380604
14511,285,290,LAE,9.645533897943166
14512,285,301,LAE,9.052995601750828
14513,285,286,LAE,19.44258439445661
14514,285,286,LAE,1.0105966024762927
14515,285,286,LAE,38.83756700744973
14516,285,288,LAE,16.887260572571986
14517,285,286,LAE,15.118176038014635
14518,285,286,LAE,9.056632588826805
14519,285,287,LAE,1.4033320187657694
14520,285,287,LAE,9.551019429282944
14521,283,291,LAE,15.125144290451026
14522,283,287,LAE,15.140490239053085
14523,284,288,LAE,1.5839030197594115
14524,284,287,LAE,8.931043324420575
14525,284,291,LAE,19.190303604797894
14526,284,287,LAE,10.86136705322003
14527,284,294,LAE,8.42788787605128
14528,284,287,LAE,37.98916386298537
14529,284,287,LAE,13.793074589613944
14530,285,288,LAE,25.109284505031304
14531,285,287,LAE,9.30111876328296
14532,285,287,LAE,22.924754248353878
14533,285,290,LAE,22.25518809222594
14534,285,287,LAE,10.189040356130949
14535,285,288,LAE,2.5033645916695413
14536,285,289,LAE,12.30290125206774
14537,285,319,LAE,14.279998949033574
14538,286,290,LAE,8.052718775342441
14539,286,287,LAE,0.819328138054187
14540,286,287,LAE,12.053403185695975
14541,286,287,LAE,1.9696574381057466
14542,286,287,LAE,1.2347860329871287
14543,286,288,LAE,27.09957289968804
14544,286,290,LAE,7.580220996555399
14545,286,287,LAE,24.68630536714247
14546,286,287,LAE,0.7067879403133298
14547,286,288,LAE,10.163112637551018
14548,286,288,LAE,1.3689309086061383
14549,286,289,LAE,12.191301645582138
14550,286,290,LAE,8.387228911806236
14551,286,288,LAE,20.349595067468982
14552,286,287,LAE,1.4833144432948264
14553,286,289,LAE,23.808428631444347
14554,284,288,LAE,20.199076141252128
14555,284,288,LAE,13.120845610011223
14556,284,288,LAE,9.26063278339625
14557,284,289,LAE,19.677588767366153
14558,284,302,LAE,16.26093877209839
14559,285,292,LAE,8.361285285638841
14560,285,288,LAE,13.205580688368514
14561,285,288,LAE,9.666618182126083
14562,285,288,LAE,17.76714896683812
14563,286,288,LAE,19.03748263331061
14564,286,288,LAE,5.527168136277508
14565,286,289,LAE,2.433925940617224
14566,286,293,LAE,19.32303269001053
14567,286,292,LAE,2.9452719867253254
14568,286,288,LAE,40.58928510537559
14569,286,288,LAE,1.2548263834577442
14570,286,288,LAE,15.4193150996202
14571,286,288,LAE,21.345613373546893
14572,286,303,LAE,9.485253462378305
14573,286,290,LAE,37.42597570959974
14574,287,288,LAE,1.13152318892231
14575,287,288,LAE,1.058388760212789
14576,287,289,LAE,2.259543093014207
14577,287,291,LAE,2.768126608066706
14578,287,288,LAE,1.7968943101244519
14579,287,291,LAE,10.591549580757702
14580,287,288,LAE,0.7936034970143206
14581,287,288,LAE,1.4316830936378169
14582,287,288,LAE,1.6991577066130161
14583,287,288,LAE,17.393100239875594
14584,287,288,LAE,37.614472383747504
14585,287,292,LAE,1.699086971914499
14586,287,291,LAE,11.181992888775095
14587,287,291,LAE,6.939049405580346
14588,287,292,LAE,10.875673431390835
14589,287,288,LAE,10.303719967724343
14590,287,288,LAE,6.645972967977958
14591,287,288,LAE,11.24667162488243
14592,287,288,LAE,35.55045951856381
14593,287,288,LAE,13.61503972199454
14594,287,303,LAE,8.605498644026191
14595,287,289,LAE,31.09277104880603
14596,287,289,LAE,11.6501031222921
14597,287,288,LAE,1.104992475616518
14598,287,288,LAE,2.3214496257713386
14599,285,290,LAE,7.080892108660523
14600,285,293,LAE,8.58153722852495
14601,285,289,LAE,24.154744059781155
14602,286,292,LAE,10.014198452022976
14603,286,289,LAE,8.253281230922905
14604,287,297,LAE,16.868345599912825
14605,287,289,LAE,37.520322389486154
14606,287,289,LAE,17.814037552117014
14607,287,289,LAE,15.617492926304667
14608,287,289,LAE,13.409630950013582
14609,287,289,LAE,27.38745751956109
14610,287,291,LAE,6.685528498322978
14611,288,294,LAE,6.313701209311016
14612,288,289,LAE,13.464065939528847
14613,288,289,LAE,26.3412913668551
14614,288,289,LAE,1.5486084109964566
14615,288,296,LAE,11.11917639149348
14616,288,300,LAE,11.280449151788396
14617,288,290,LAE,1.3410948631039317
14618,288,295,LAE,12.332629406401177
14619,288,291,LAE,6.479857981753449
14620,288,294,LAE,10.781188994452561
14621,288,291,LAE,1.453286074676043
14622,288,293,LAE,43.71130553559152
14623,288,290,LAE,14.677512688505526
14624,288,290,LAE,19.33011757388324
14625,288,290,LAE,19.701269218797652
14626,288,296,LAE,19.041431821721382
14627,288,289,LAE,1.7398848350016287
14628,288,289,LAE,18.453203525781745
14629,288,293,LAE,13.147113006847972
14630,288,289,LAE,13.367837441296777
14631,286,291,LAE,13.044082936717853
14632,287,290,LAE,7.833238687555409
14633,288,290,LAE,0.95508494081778
14634,288,291,LAE,22.208098522044445
14635,288,292,LAE,7.8971479776064415
14636,288,290,LAE,6.165633060169893
14637,288,290,LAE,1.0006055235443458
14638,288,291,LAE,4.013698958568147
14639,288,290,LAE,4.880414345619191
14640,288,290,LAE,6.236991547182992
14641,289,290,LAE,10.9098969148198
14642,289,295,LAE,13.836568589329856
14643,289,290,LAE,13.74977598742764
14644,289,290,LAE,11.114558626237644
14645,289,291,LAE,14.061286308547954
14646,289,297,LAE,13.826895735312268
14647,289,302,LAE,9.458800825238004
14648,289,290,LAE,9.519393870473017
14649,289,290,LAE,1.7101359491199457
14650,289,290,LAE,7.5837164139149165
14651,289,292,LAE,2.395358517145592
14652,289,290,LAE,15.629271608939812
14653,289,291,LAE,18.308341202596697
14654,289,290,LAE,15.840552057681727
14655,289,290,LAE,11.770762455133097
14656,289,290,LAE,12.166393173909576
14657,289,291,LAE,30.598171535370838
14658,289,290,LAE,14.74185340660092
14659,289,292,LAE,18.642223119900013
14660,289,291,LAE,12.861595626264764
14661,289,293,LAE,13.804306155152046
14662,289,301,LAE,9.168781957683361
14663,289,293,LAE,20.530343050065873
14664,289,290,LAE,20.94785836695634
14665,289,290,LAE,45.37857026589527
14666,289,301,LAE,15.209685114882289
14667,289,290,LAE,1.0302253979990654
14668,289,294,LAE,11.271606964482316
14669,289,290,LAE,18.26599682685712
14670,289,290,LAE,17.973668054594913
14671,289,290,LAE,14.389963317618879
14672,287,291,LAE,8.15045992902115
14673,287,291,LAE,2.1162306561055413
14674,287,298,LAE,7.005433256752679
14675,287,292,LAE,23.105030215622683
14676,287,295,LAE,12.565447269487143
14677,287,291,LAE,12.89425256337877
14678,288,292,LAE,12.07118752672854
14679,288,303,LAE,9.99505221521362
14680,288,291,LAE,10.371122607110465
14681,288,292,LAE,14.063138879027791
14682,288,293,LAE,12.20219792785515
14683,288,291,LAE,21.129544167838592
14684,288,291,LAE,11.09227451234282
14685,288,291,LAE,16.594240197447284
14686,289,291,LAE,9.42339068806773
14687,289,295,LAE,39.16363902334597
14688,289,292,LAE,1.6259189064609771
14689,289,291,LAE,12.953761537583961
14690,289,291,LAE,30.4529750447077
14691,289,305,LAE,14.337224411354963
14692,289,292,LAE,15.592928595592012
14693,290,291,LAE,17.66559967941669
14694,290,299,LAE,47.26681347121124
14695,290,291,LAE,0.828077144701503
14696,290,292,LAE,9.439172416790486
14697,290,292,LAE,9.292855761012301
14698,290,293,LAE,15.713404258192163
14699,290,291,LAE,0.7527851984943709
14700,290,291,LAE,9.825637006148607
14701,290,300,LAE,14.510200895231389
14702,290,291,LAE,1.8619556713008591
14703,290,292,LAE,23.155940343487828
14704,290,291,LAE,21.074361660709762
14705,290,291,LAE,12.814935574164489
14706,290,292,LAE,23.086099526266985
14707,290,291,LAE,7.323226006249806
14708,290,291,LAE,2.5903895721280956
14709,290,291,LAE,19.107582021352712
14710,290,291,LAE,27.247287108939023
14711,288,304,LAE,10.307479853971344
14712,288,295,LAE,6.812490719994504
14713,288,292,LAE,10.705085463903092
14714,289,296,LAE,26.67125402017531
14715,289,292,LAE,11.822394923994294
14716,289,292,LAE,43.994744826150495
14717,289,292,LAE,1.3613352069070273
14718,289,294,LAE,12.84992440717349
14719,289,294,LAE,12.286953529083172
14720,289,292,LAE,1.5808016917917926
14721,290,293,LAE,9.408180134107411
14722,290,301,LAE,12.552406532147247
14723,290,292,LAE,8.877185283416459
14724,290,292,LAE,7.993901879944886
14725,290,292,LAE,7.5367300369692956
14726,290,292,LAE,19.00279157919572
14727,290,292,LAE,24.640882942645042
14728,291,292,LAE,55.501702110041656
14729,291,292,LAE,9.661992226889803
14730,291,293,LAE,21.30797366377247
14731,291,297,LAE,34.35614279925211
14732,291,292,LAE,8.357949699317686
14733,291,292,LAE,1.9843351792736958
14734,291,292,LAE,2.842598248126674
14735,291,292,LAE,7.314192212653623
14736,291,292,LAE,1.4069646406040028
14737,291,292,LAE,0.9452524261591989
14738,291,292,LAE,11.62499272432836
14739,291,292,LAE,18.247727886353935
14740,291,294,LAE,1.6165314974635685
14741,291,292,LAE,1.56878995879133
14742,291,292,LAE,4.416763368526868
14743,291,292,LAE,38.30204029090458
14744,291,292,LAE,11.956581274024067
14745,291,303,LAE,11.302431622084196
14746,291,298,LAE,9.463623696372764
14747,291,298,LAE,6.215143936069997
14748,291,295,LAE,7.871326465471102
14749,291,296,LAE,2.450130895075452
14750,291,293,LAE,14.456118169773724
14751,291,344,LAE,26.824965192940322
14752,291,297,LAE,16.761249801728663
14753,291,296,LAE,8.905068332553833
14754,291,292,LAE,8.175167313817315
14755,291,292,LAE,12.59516879444184
14756,291,294,LAE,1.6124921662386327
14757,291,292,LAE,12.020849199655602
14758,291,292,LAE,15.933491902774026
14759,291,292,LAE,27.75814846922044
14760,291,292,LAE,10.057283983237834
14761,291,292,LAE,8.355468123054706
14762,291,293,LAE,8.540462865600354
14763,289,293,LAE,10.573078923930872
14764,289,293,LAE,18.45425375071082
14765,289,294,LAE,18.29605847901961
14766,289,293,LAE,10.911590900029477
14767,289,293,LAE,14.85350655334323
14768,289,293,LAE,12.608927427154864
14769,289,297,LAE,24.596677707066892
14770,289,300,LAE,17.19166267767765
14771,289,296,LAE,15.099187270151512
14772,290,300,LAE,12.177601203355879
14773,290,293,LAE,10.804485991471728
14774,290,302,LAE,15.84917943986065
14775,291,293,LAE,36.62656625393829
14776,291,293,LAE,51.91033804591426
14777,292,293,LAE,27.32921832533081
14778,292,293,LAE,19.06118045192117
14779,292,293,LAE,0.7472254118881055
14780,292,296,LAE,14.988686794425423
14781,292,295,LAE,1.8376194174301848
14782,292,293,LAE,1.0681814304463273
14783,292,293,LAE,8.512236626636353
14784,292,293,LAE,1.402739258377885
14785,292,293,LAE,1.181557699611967
14786,292,348,LAE,29.455170194317848
14787,292,293,LAE,1.2907104690561075
14788,290,294,LAE,12.388948885309722
14789,290,294,LAE,10.203297567576177
14790,290,294,LAE,22.800545776788727
14791,291,294,LAE,15.846111877562821
14792,291,298,LAE,43.816949271341024
14793,291,294,LAE,3.8766729905425232
14794,292,294,LAE,13.230580976541686
14795,292,294,LAE,12.627198203952018
14796,292,294,LAE,14.117404712862177
14797,292,294,LAE,36.46997576718253
14798,292,294,LAE,18.945990775933645
14799,292,298,LAE,2.093612059320348
14800,292,294,LAE,1.38069310160735
14801,293,294,LAE,11.098125765812604
14802,293,294,LAE,8.882848277246586
14803,293,294,LAE,8.311518775728416
14804,293,298,LAE,4.392288495868349
14805,293,294,LAE,59.81092413103451
14806,293,295,LAE,17.727636910811167
14807,293,296,LAE,11.04937557539782
14808,293,295,LAE,10.229289679408902
14809,293,294,LAE,9.33991661637406
14810,293,301,LAE,11.774822337835667
14811,293,294,LAE,17.00376386504769
14812,293,297,LAE,1.738034852206109
14813,293,298,LAE,37.49044812471612
14814,293,298,LAE,13.081179942864996
14815,293,294,LAE,54.70837836265344
14816,293,313,LAE,37.483949584745844
14817,293,297,LAE,24.096534258779148
14818,293,298,LAE,27.92940954110403
14819,293,332,LAE,33.1401204310373
14820,293,297,LAE,38.478215320166726
14821,291,312,LAE,12.805567016143993
14822,291,296,LAE,32.37311284785142
14823,291,296,LAE,10.966984215698394
14824,292,295,LAE,1.3871057520258956
14825,292,296,LAE,37.07351798671135
14826,292,299,LAE,25.823297884876016
14827,292,297,LAE,2.1576502222890737
14828,292,295,LAE,9.615507101654467
14829,292,300,LAE,9.392704353287337
14830,292,295,LAE,10.249566674204138
14831,292,306,LAE,25.751540703336453
14832,292,296,LAE,36.52329046479551
14833,292,295,LAE,22.625918031998246
14834,292,295,LAE,14.822364304753675
14835,293,295,LAE,19.880764990311413
14836,293,295,LAE,10.752014110074672
14837,293,299,LAE,26.830789619583754
14838,293,297,LAE,45.50793769119732
14839,293,295,LAE,11.407224513366959
14840,293,296,LAE,1.4656044067486642
14841,293,299,LAE,2.5573060835176062
14842,293,299,LAE,14.294277593833765
14843,294,298,LAE,8.97010187456135
14844,294,298,LAE,25.88246959556784
14845,294,302,LAE,2.4834983726339823
14846,294,297,LAE,7.994402217861722
14847,294,295,LAE,13.93882109692666
14848,294,296,LAE,10.686232564826415
14849,294,297,LAE,21.375769336244314
14850,294,295,LAE,1.9041056450633072
14851,294,296,LAE,9.67126296823317
14852,294,296,LAE,1.7770903606068722
14853,294,295,LAE,14.713732927160535
14854,294,301,LAE,5.4127770602600265
14855,294,312,LAE,6.700876717507928
14856,294,295,LAE,1.2842267030402232
14857,294,295,LAE,19.859021398744126
14858,294,314,LAE,18.289664460546064
14859,294,296,LAE,6.960432373543238
14860,294,304,LAE,7.496193233251258
14861,294,295,LAE,8.938458999105078
14862,294,295,LAE,14.311189922839997
14863,294,295,LAE,53.0613931980349
14864,294,295,LAE,5.428705837660314
14865,294,295,LAE,8.62562951731089
14866,294,295,LAE,22.891288161198833
14867,294,296,LAE,2.0627315086355953
14868,293,308,LAE,36.6499271440156
14869,293,296,LAE,18.714130110338044
14870,293,296,LAE,17.319456324305147
14871,293,296,LAE,36.02233288166808
14872,293,296,LAE,12.678278623721056
14873,294,296,LAE,20.45976365620845
14874,294,296,LAE,9.806592232376888
14875,294,296,LAE,22.17712202374013
14876,294,306,LAE,37.01038891018706
14877,294,296,LAE,23.218326312055996
14878,294,296,LAE,19.991754802055592
14879,294,297,LAE,14.059597123964458
14880,294,296,LAE,6.406150892703269
14881,294,296,LAE,15.863079081841173
14882,294,296,LAE,2.4134774235448346
14883,294,296,LAE,32.86633502748683
14884,294,296,LAE,13.706093846126544
14885,294,297,LAE,3.553197147961723
14886,295,296,LAE,0.7398989451190499
14887,295,298,LAE,14.250552809058743
14888,295,301,LAE,9.974406264792908
14889,295,296,LAE,10.011167465805057
14890,295,296,LAE,45.00928838460361
14891,295,297,LAE,14.022096542603531
14892,295,296,LAE,9.843633682839906
14893,295,296,LAE,13.508165183245469
14894,295,296,LAE,1.3281474534693896
14895,295,298,LAE,11.670920588044376
14896,295,296,LAE,11.300113385673686
14897,295,296,LAE,10.012125891756577
14898,295,296,LAE,1.1001251498990179
14899,295,296,LAE,11.088271374971246
14900,295,300,LAE,12.387500078435279
14901,295,300,LAE,2.579033595890031
14902,295,296,LAE,2.0655141593265425
14903,295,296,LAE,0.8382186268935444
14904,295,296,LAE,9.200447546956362
14905,295,299,LAE,31.192396100835143
14906,295,299,LAE,8.187855131238274
14907,295,297,LAE,7.459892047983411
14908,295,296,LAE,1.0896996213361119
14909,295,296,LAE,17.463545179775803
14910,295,296,LAE,1.2435076869374293
14911,295,299,LAE,12.005298564529582
14912,295,303,LAE,35.745552016365245
14913,293,297,LAE,39.16876816399497
14914,293,297,LAE,14.434259808577549
14915,293,297,LAE,29.385545757177375
14916,293,299,LAE,8.758249735589706
14917,294,297,LAE,12.65259448430112
14918,294,309,LAE,17.90144572061264
14919,294,297,LAE,1.3108775534746604
14920,294,297,LAE,32.39225082603109
14921,294,297,LAE,29.244252818305267
14922,294,297,LAE,1.363942900248796
14923,294,297,LAE,1.2106586789899334
14924,294,297,LAE,3.177156204913931
14925,294,297,LAE,1.1713993515285281
14926,294,297,LAE,1.406574024448609
14927,294,300,LAE,36.327401244570595
14928,295,301,LAE,27.136976223634893
14929,295,297,LAE,1.6071735007209547
14930,295,297,LAE,1.4014170560975892
14931,295,297,LAE,11.980113647792193
14932,295,298,LAE,10.764204942087863
14933,295,297,LAE,49.97938750773937
14934,295,299,LAE,15.332220416843754
14935,296,297,LAE,12.153821111943584
14936,296,300,LAE,31.670689235267844
14937,296,297,LAE,10.448703360833896
14938,296,297,LAE,6.775363250643064
14939,296,297,LAE,19.77857140601119
14940,296,298,LAE,7.999213901787441
14941,296,298,LAE,6.893826894781562
14942,296,298,LAE,9.81501639269992
14943,296,297,LAE,6.839971769448502
14944,296,297,LAE,11.929693567500156
14945,296,301,LAE,10.718850430606036
14946,296,297,LAE,22.12721655702808
14947,294,298,LAE,25.46830208458234
14948,294,306,LAE,39.464120653976615
14949,294,298,LAE,13.655006580638513
14950,294,298,LAE,8.450516485071487
14951,294,304,LAE,15.405206905279261
14952,294,298,LAE,37.469369799721854
14953,295,299,LAE,9.531783967364099
14954,295,303,LAE,55.101652439299265
14955,295,300,LAE,47.675918162260835
14956,295,301,LAE,8.874761978195119
14957,295,298,LAE,9.921627231206726
14958,295,303,LAE,12.119355080380103
14959,296,298,LAE,24.289394821415904
14960,296,298,LAE,8.310110200942935
14961,296,298,LAE,1.4370700468415474
14962,296,299,LAE,1.76815371279705
14963,296,300,LAE,8.66532217113655
14964,296,301,LAE,11.88251911141859
14965,296,303,LAE,11.416158417104707
14966,296,298,LAE,18.584419156557114
14967,296,298,LAE,51.60604403220072
14968,296,298,LAE,7.756732933395264
14969,296,298,LAE,1.4590830953939813
14970,296,300,LAE,17.33824299248989
14971,296,349,LAE,34.79283206185097
14972,297,298,LAE,15.049497629619822
14973,297,313,LAE,16.646617279871336
14974,297,299,LAE,10.857160201580223
14975,297,299,LAE,34.80181912800974
14976,297,298,LAE,18.24232536799088
14977,297,298,LAE,1.0140850976253228
14978,297,298,LAE,12.296244096206474
14979,297,298,LAE,12.798928769895062
14980,297,298,LAE,1.0672813638480343
14981,297,298,LAE,44.30826325006744
14982,297,298,LAE,23.121236821834703
14983,297,298,LAE,11.883422663444744
14984,297,299,LAE,6.9271632985166995
14985,297,304,LAE,10.21190017028539
14986,297,298,LAE,17.32294425539549
14987,297,299,LAE,42.36860327963479
14988,297,299,LAE,11.000792427900628
14989,295,303,LAE,15.456032777025106
14990,295,299,LAE,9.083083064216702
14991,295,301,LAE,7.303971224123252
14992,295,302,LAE,2.3755915419080016
14993,295,299,LAE,9.686460864605749
14994,295,299,LAE,35.81640932399565
14995,295,305,LAE,8.287544376933925
14996,295,299,LAE,4.95976434785293
14997,296,308,LAE,33.91897590178225
14998,296,300,LAE,13.083638916014213
14999,296,301,LAE,15.472276893540789
15000,296,299,LAE,40.83343161711463
15001,296,299,LAE,1.9713892609199184
15002,297,303,LAE,13.135000880832258
15003,297,299,LAE,7.503565673833803
15004,297,299,LAE,11.717503054599876
15005,297,306,LAE,9.027484979630696
15006,297,303,LAE,6.00372271536182
15007,297,304,LAE,6.946362836808979
15008,298,299,LAE,8.420393519570094
15009,298,299,LAE,6.428815048923431
15010,298,302,LAE,9.757597188108925
15011,298,301,LAE,1.3130165390990178
15012,298,299,LAE,15.71601121987257
15013,298,299,LAE,0.8311516120313621
15014,298,302,LAE,17.538291061383855
15015,298,306,LAE,2.112662949678217
15016,298,307,LAE,6.153504228997675
15017,298,299,LAE,17.452555199602855
15018,298,299,LAE,9.956418056420672
15019,298,310,LAE,4.802770146044453
15020,298,299,LAE,11.250139808404676
15021,298,301,LAE,1.8867771250404306
15022,298,302,LAE,55.430338069730304
15023,298,303,LAE,12.1388924737117
15024,298,299,LAE,11.974506811349904
15025,298,303,LAE,2.3376090004286545
15026,298,299,LAE,3.5477414490007306
15027,298,299,LAE,1.0400433363600048
15028,298,299,LAE,14.591620216166096
15029,298,318,LAE,12.941597998486863
15030,298,306,LAE,31.75703450992696
15031,298,300,LAE,10.080192124273617
15032,298,307,LAE,10.925787840877911
15033,298,299,LAE,14.794750015302485
15034,298,310,LAE,5.175348058059699
15035,298,299,LAE,10.465237782610565
15036,298,302,LAE,24.2560985462829
15037,298,305,LAE,16.903416654709375
15038,298,300,LAE,5.902828074577147
15039,298,337,LAE,31.940842520593307
15040,298,300,LAE,18.403091156100842
15041,298,299,LAE,15.056697712252385
15042,298,299,LAE,8.725811046896279
15043,298,304,LAE,24.4621613732695
15044,296,306,LAE,14.336073671905442
15045,296,307,LAE,29.537700502409553
15046,296,300,LAE,12.530647609380758
15047,296,306,LAE,17.186460491404837
15048,296,300,LAE,8.087796011484087
15049,296,302,LAE,8.584718925157823
15050,296,300,LAE,16.59402584151773
15051,297,300,LAE,10.98728611937481
15052,297,300,LAE,7.61310081084659
15053,297,300,LAE,23.15384292198668
15054,297,300,LAE,22.85253503753873
15055,297,300,LAE,18.703469270206682
15056,297,300,LAE,21.33316920381829
15057,298,302,LAE,1.912647422609264
15058,298,301,LAE,1.805156191563862
15059,298,300,LAE,43.22660556508853
15060,298,300,LAE,6.3055417045935025
15061,298,302,LAE,11.463904969141426
15062,298,305,LAE,36.9445728942446
15063,298,300,LAE,1.467678979443938
15064,299,300,LAE,11.019509157636934
15065,299,301,LAE,12.689059888974285
15066,299,304,LAE,25.847918589320628
15067,299,301,LAE,8.253459442719334
15068,299,300,LAE,8.571208067716652
15069,299,300,LAE,1.3947093240479547
15070,299,300,LAE,0.7779949652093956
15071,299,300,LAE,0.7183531117926188
15072,299,300,LAE,1.4994651714401037
15073,299,301,LAE,5.301662850113636
15074,299,301,LAE,15.484350874129284
15075,299,301,LAE,8.257461064733068
15076,299,300,LAE,33.43487670531903
15077,299,317,LAE,31.091971338691923
15078,297,301,LAE,10.282864891950744
15079,298,301,LAE,14.974660957239305
15080,298,301,LAE,12.343652337916739
15081,298,319,LAE,34.050076391208606
15082,298,301,LAE,13.2076931129986
15083,298,306,LAE,21.764279037500515
15084,298,301,LAE,21.49226893385455
15085,298,301,LAE,15.36289054632285
15086,298,301,LAE,8.085385513193675
15087,298,301,LAE,13.673249124344665
15088,298,302,LAE,1.6393852197135264
15089,298,311,LAE,11.636642463493574
15090,299,343,LAE,12.799912523583039
15091,299,301,LAE,27.825787393431767
15092,299,312,LAE,6.244962921967301
15093,299,307,LAE,11.13026558140955
15094,299,301,LAE,19.011182726550896
15095,299,314,LAE,20.860912495191474
15096,299,304,LAE,1.5242981686144879
15097,299,301,LAE,6.977149529490974
15098,299,301,LAE,10.360488732281215
15099,299,301,LAE,18.36519435910082
15100,299,301,LAE,12.036971238799874
15101,300,301,LAE,12.585904442990177
15102,300,302,LAE,1.106498847679285
15103,300,303,LAE,31.117719511190263
15104,300,306,LAE,17.529198524287608
15105,300,301,LAE,9.873676789427968
15106,300,301,LAE,27.031179612663855
15107,300,301,LAE,8.034367156731166
15108,300,302,LAE,5.32952268237454
15109,300,301,LAE,19.20655938643033
15110,300,301,LAE,1.3149601516386844
15111,300,301,LAE,9.912621875553073
15112,300,301,LAE,2.1673684051824815
15113,300,301,LAE,1.154270550707192
15114,300,304,LAE,16.352887626822508
15115,300,301,LAE,1.2097349630114016
15116,300,311,LAE,46.282418756005136
15117,300,301,LAE,40.34654965773121
15118,300,307,LAE,9.27452863577463
15119,298,303,LAE,19.848301126434993
15120,298,302,LAE,22.906023899904415
15121,298,306,LAE,2.5618592251467565
15122,299,302,LAE,12.01535981843303
15123,299,304,LAE,7.247749989496262
15124,299,302,LAE,7.504926510265044
15125,299,308,LAE,18.223589256420567
15126,299,302,LAE,17.59140179793905
15127,299,302,LAE,1.7259655701120347
15128,299,304,LAE,42.28528539512359
15129,300,303,LAE,6.44461298681097
15130,300,302,LAE,29.01464418377886
15131,300,304,LAE,32.26542127974689
15132,300,307,LAE,13.480658124191343
15133,300,306,LAE,24.07985327849753
15134,300,302,LAE,12.366942381184984
15135,300,306,LAE,15.934816887826882
15136,300,302,LAE,14.226692100811341
15137,300,302,LAE,12.775038809957708
15138,300,302,LAE,9.991062717438902
15139,300,303,LAE,11.068061113841132
15140,301,302,LAE,10.469425708026519
15141,301,306,LAE,1.9676255794052058
15142,301,318,LAE,12.853809309478832
15143,301,302,LAE,20.54681276703631
15144,301,303,LAE,10.720545405005906
15145,301,306,LAE,14.404967094752937
15146,301,306,LAE,8.145362065201878
15147,301,302,LAE,1.030910013260732
15148,301,302,LAE,0.9075065074236791
15149,301,302,LAE,10.73514769871317
15150,301,302,LAE,6.953870766450991
15151,301,302,LAE,10.3554737550446
15152,301,304,LAE,1.5380103410573875
15153,301,304,LAE,2.1269423814807435
15154,301,308,LAE,2.4965511568789553
15155,301,312,LAE,5.00278772285918
15156,301,305,LAE,1.9428115674954265
15157,301,305,LAE,14.208707924742464
15158,301,305,LAE,2.2523119944920085
15159,301,302,LAE,7.2487281689261405
15160,301,304,LAE,5.9606751173641745
15161,301,379,LAE,33.11819912913508
15162,301,302,LAE,43.945861323934075
15163,301,302,LAE,3.755359388693706
15164,301,302,LAE,2.8352044374003147
15165,299,306,LAE,10.369272570560023
15166,299,303,LAE,10.355491293311568
15167,299,321,LAE,14.072815901296874
15168,300,306,LAE,7.97026062230711
15169,300,307,LAE,5.17685184800885
15170,300,311,LAE,38.846343792834126
15171,300,303,LAE,11.922832685130874
15172,300,310,LAE,11.459039568344387
15173,301,303,LAE,10.652713909345715
15174,301,303,LAE,8.05476107418728
15175,301,303,LAE,35.879517243156265
15176,301,303,LAE,1.0455156656616202
15177,301,303,LAE,45.3254117977068
15178,301,306,LAE,11.173787721781103
15179,301,306,LAE,12.787242059683914
15180,301,303,LAE,41.06391912885111
15181,301,303,LAE,19.66625723480419
15182,301,303,LAE,16.25158643044397
15183,302,305,LAE,1.3186265588437014
15184,302,316,LAE,19.337672411930626
15185,302,303,LAE,0.852476215333576
15186,302,303,LAE,6.849796693766219
15187,302,303,LAE,8.952567572967766
15188,302,304,LAE,39.16844498545941
15189,302,305,LAE,28.807186310073437
15190,302,303,LAE,7.892733688491075
15191,302,303,LAE,0.9141751498160258
15192,302,306,LAE,16.568422317522803
15193,302,308,LAE,16.249128920207745
15194,302,312,LAE,17.445671579625426
15195,302,303,LAE,1.295823308031842
15196,302,303,LAE,17.369586812302913
15197,302,303,LAE,8.546199987907423
15198,302,303,LAE,7.012235990122152
15199,302,320,LAE,13.465268077617592
15200,300,304,LAE,14.168906594952869
15201,301,304,LAE,11.869997138713135
15202,301,311,LAE,13.432181115397618
15203,301,305,LAE,8.14658285020283
15204,301,310,LAE,14.944802783543581
15205,301,305,LAE,6.300621271761584
15206,301,304,LAE,14.475996541697022
15207,301,306,LAE,1.3593454439700066
15208,302,304,LAE,7.8417274112383835
15209,302,310,LAE,34.009024977411194
15210,302,304,LAE,13.267271676574502
15211,302,304,LAE,20.60071078216019
15212,302,310,LAE,20.976732171519696
15213,302,318,LAE,44.19227085582187
15214,303,319,LAE,5.427114753677147
15215,303,304,LAE,1.9870939132352545
15216,303,308,LAE,35.93382495899617
15217,303,304,LAE,10.574027046150528
15218,303,304,LAE,13.575973497727613
15219,303,305,LAE,1.1560584982222653
15220,303,304,LAE,6.616024131713367
15221,303,305,LAE,31.160338308559886
15222,303,306,LAE,1.3801520988673586
15223,303,304,LAE,18.672970973640336
15224,303,304,LAE,6.947515364158329
15225,303,307,LAE,20.039720919869392
15226,303,306,LAE,29.516672860321695
15227,303,312,LAE,9.553406261559209
15228,303,308,LAE,11.233309040805036
15229,303,304,LAE,28.59102211850273
15230,303,409,LAE,45.53067863512515
15231,301,305,LAE,5.734626994822419
15232,301,305,LAE,9.858654816308432
15233,301,311,LAE,24.516916028446026
15234,302,305,LAE,13.08416942503981
15235,302,305,LAE,14.452672444837713
15236,302,308,LAE,2.049555893080382
15237,302,311,LAE,11.060524837333048
15238,302,307,LAE,6.941095181096206
15239,303,305,LAE,24.850014057530984
15240,303,305,LAE,9.165814323339205
15241,303,306,LAE,8.197231039221547
15242,303,305,LAE,12.15234156152881
15243,303,307,LAE,9.63261008910832
15244,303,305,LAE,10.033131789400672
15245,303,305,LAE,5.9420283868359975
15246,303,305,LAE,9.85789401791386
15247,303,307,LAE,2.139620377289389
15248,304,306,LAE,10.994848887797671
15249,304,309,LAE,34.4337946928871
15250,304,305,LAE,11.476172504013606
15251,304,305,LAE,9.377699785900315
15252,304,306,LAE,21.45815939632026
15253,304,305,LAE,8.021846683742863
15254,304,305,LAE,14.405633165842888
15255,304,305,LAE,9.009120659500002
15256,304,311,LAE,19.233064436471867
15257,304,305,LAE,21.345102614534582
15258,304,307,LAE,12.127423771376982
15259,304,307,LAE,1.332520699833181
15260,304,307,LAE,1.7603115596971604
15261,304,307,LAE,23.51995562255036
15262,304,305,LAE,26.032854092436512
15263,304,311,LAE,35.5111769984928
15264,304,305,LAE,1.3619032430199542
15265,304,305,LAE,1.420286570337136
15266,304,307,LAE,2.9468680752476124
15267,304,307,LAE,13.47084770580582
15268,304,305,LAE,0.7827079435407008
15269,304,305,LAE,1.6433995687913996
15270,304,305,LAE,25.674179515113146
15271,304,306,LAE,14.642305669875775
15272,304,305,LAE,21.394183185856942
15273,304,309,LAE,5.636541549299642
15274,304,305,LAE,12.662852380930465
15275,302,306,LAE,12.061894956321355
15276,302,314,LAE,15.843394790217339
15277,302,306,LAE,10.88319527537068
15278,303,310,LAE,13.078071547725521
15279,303,307,LAE,10.607467279211685
15280,303,306,LAE,15.095791610918392
15281,303,306,LAE,14.681269105802448
15282,303,307,LAE,19.062064277851174
15283,303,306,LAE,16.71759118445936
15284,304,312,LAE,12.053245503563126
15285,304,307,LAE,21.293051592725313
15286,304,306,LAE,11.79164219835589
15287,304,306,LAE,28.17959322068077
15288,304,308,LAE,4.082262203470286
15289,304,307,LAE,9.21800984887974
15290,304,308,LAE,25.571402515746495
15291,304,307,LAE,13.598458114119722
15292,304,306,LAE,10.716817151447405
15293,304,306,LAE,2.6294943679118856
15294,304,306,LAE,14.688310351840622
15295,305,312,LAE,15.87291175642205
15296,305,307,LAE,9.501123127498483
15297,305,306,LAE,6.859724951534169
15298,305,308,LAE,8.978386171704786
15299,305,309,LAE,15.897604735848955
15300,305,310,LAE,19.824609390925303
15301,305,310,LAE,2.309772619888207
15302,305,306,LAE,37.883174517046655
15303,305,307,LAE,23.549089805868274
15304,305,306,LAE,5.33479367502509
15305,305,306,LAE,10.269880354816458
15306,305,306,LAE,14.877527699316019
15307,305,308,LAE,23.03014796415896
15308,305,306,LAE,11.761827398513
15309,305,307,LAE,17.924343026957196
15310,305,310,LAE,11.77516056067956
15311,305,307,LAE,1.1671785503468035
15312,305,307,LAE,16.964691970161425
15313,305,306,LAE,10.497952023239103
15314,305,306,LAE,9.532374490591868
15315,305,306,LAE,5.0978849892434805
15316,305,310,LAE,51.974375845134766
15317,305,308,LAE,2.0241866647324884
15318,305,307,LAE,1.5849633397454903
15319,305,306,LAE,12.090725500030112
15320,305,307,LAE,15.622802909254933
15321,305,311,LAE,1.636226732273359
15322,305,306,LAE,11.298332415052862
15323,305,313,LAE,36.82979499628771
15324,305,306,LAE,6.02527003464752
15325,305,306,LAE,10.219275025221375
15326,305,306,LAE,19.430286832631165
15327,305,307,LAE,15.521644986580329
15328,305,311,LAE,5.215977148430229
15329,303,315,LAE,16.27364909237279
15330,303,311,LAE,11.2173184547963
15331,303,307,LAE,12.898270289575365
15332,303,307,LAE,5.754740401252397
15333,304,307,LAE,6.670897414748781
15334,304,310,LAE,5.229407748452674
15335,304,308,LAE,21.794278275165105
15336,304,310,LAE,21.104891958232
15337,304,307,LAE,4.1682970099844185
15338,305,307,LAE,1.4427768559023537
15339,305,307,LAE,2.955169078683828
15340,305,307,LAE,7.390314247439917
15341,305,309,LAE,4.524913602687414
15342,306,312,LAE,12.243457514677848
15343,306,313,LAE,19.144268727987903
15344,306,311,LAE,2.259954987063817
15345,306,308,LAE,12.985490656073468
15346,306,310,LAE,16.24888802156985
15347,306,311,LAE,10.626437765543901
15348,306,307,LAE,7.257921200176606
15349,306,307,LAE,1.278256755723969
15350,306,307,LAE,2.034169587004043
15351,306,313,LAE,17.68854866758429
15352,306,307,LAE,15.12129099512596
15353,306,307,LAE,13.80393452592705
15354,306,307,LAE,14.872636461179486
15355,306,307,LAE,0.8793326613853426
15356,306,309,LAE,17.72193810942832
15357,306,310,LAE,7.332477106178743
15358,306,307,LAE,43.644931723356585
15359,306,307,LAE,15.926822520592752
15360,306,307,LAE,13.12779413899444
15361,306,307,LAE,1.0290701761300896
15362,306,307,LAE,0.9043586882439154
15363,306,317,LAE,36.62735478259808
15364,306,319,LAE,31.445498422110095
15365,306,307,LAE,10.590129414904832
15366,306,307,LAE,0.891699817608505
15367,304,308,LAE,19.4557295969074
15368,304,308,LAE,39.84160725463264
15369,304,308,LAE,12.678114579128883
15370,304,308,LAE,13.054327656294529
15371,305,310,LAE,8.448300489083364
15372,305,308,LAE,3.737011413638084
15373,305,308,LAE,17.26122972489784
15374,305,308,LAE,48.3174390645759
15375,305,308,LAE,14.440537832299318
15376,305,308,LAE,27.996447422938267
15377,305,312,LAE,16.494352017946557
15378,306,308,LAE,8.912421286392984
15379,306,308,LAE,4.051975804786806
15380,306,312,LAE,9.425577433474936
15381,306,309,LAE,11.408193482707146
15382,306,316,LAE,3.518828205053969
15383,306,308,LAE,18.951117495699574
15384,306,308,LAE,0.9131488471179341
15385,306,308,LAE,45.75095618700409
15386,307,310,LAE,10.26194571898442
15387,307,314,LAE,3.326092172033264
15388,307,310,LAE,38.40119990353598
15389,307,308,LAE,0.8240024912788966
15390,307,309,LAE,1.7607837399777821
15391,307,308,LAE,1.1090378154464073
15392,307,308,LAE,0.812501980153124
15393,307,322,LAE,31.965026702887563
15394,307,309,LAE,1.3833454617819552
15395,307,324,LAE,47.17420054095128
15396,307,308,LAE,1.6558984018893332
15397,307,308,LAE,1.4552236266623528
15398,307,311,LAE,17.723817473398338
15399,307,308,LAE,12.199207115886201
15400,307,308,LAE,34.11863939505606
15401,307,308,LAE,22.567946914203276
15402,307,308,LAE,8.093391161259158
15403,307,308,LAE,21.211865098902976
15404,305,309,LAE,17.311151916468592
15405,305,314,LAE,17.868258433725725
15406,305,309,LAE,3.3828866470599626
15407,305,323,LAE,16.396503280341914
15408,306,321,LAE,37.033707678380075
15409,306,310,LAE,5.107553210885528
15410,306,309,LAE,10.482181864236745
15411,306,309,LAE,43.892355638935776
15412,306,309,LAE,6.516947413600304
15413,306,309,LAE,8.102858708272796
15414,306,309,LAE,4.5102819337374696
15415,307,309,LAE,1.328003328859623
15416,307,310,LAE,11.44666268392837
15417,307,309,LAE,7.336752102306534
15418,307,310,LAE,1.972568737555229
15419,307,310,LAE,1.5176720677575732
15420,307,319,LAE,16.789789229291294
15421,307,311,LAE,47.80604880230156
15422,307,313,LAE,4.214862774678405
15423,307,409,LAE,28.647086894791475
15424,307,313,LAE,37.132626750179924
15425,307,313,LAE,18.307063118438133
15426,307,309,LAE,11.640331492222117
15427,307,313,LAE,47.934753059265404
15428,308,309,LAE,11.151990209988176
15429,308,309,LAE,15.636322522999354
15430,308,309,LAE,1.2967802537476787
15431,308,310,LAE,3.044986585523022
15432,308,309,LAE,2.7378893989304003
15433,308,309,LAE,7.5122084101878075
15434,308,318,LAE,13.909398347828047
15435,308,309,LAE,1.359620875566693
15436,308,311,LAE,4.075172573023403
15437,308,309,LAE,15.983281216097533
15438,308,310,LAE,36.124034009718585
15439,308,309,LAE,15.534076100694909
15440,308,310,LAE,13.189172863376802
15441,308,310,LAE,1.2030547642851905
15442,308,309,LAE,12.11411893686159
15443,308,313,LAE,2.5411025502444384
15444,308,312,LAE,8.006928669514622
15445,308,309,LAE,52.59605808944607
15446,308,309,LAE,11.21038534680397
15447,308,310,LAE,3.521886599944922
15448,308,312,LAE,14.773479695960308
15449,308,310,LAE,26.162575168968505
15450,308,317,LAE,14.062438064361798
15451,308,327,LAE,11.122406165807018
15452,306,310,LAE,5.162252153172261
15453,306,310,LAE,3.903784281205742
15454,306,327,LAE,12.775193863300915
15455,306,313,LAE,4.675318832704502
15456,306,327,LAE,5.716435221553163
15457,307,319,LAE,5.217995180941014
15458,307,310,LAE,12.65746963325083
15459,307,310,LAE,1.6936092284864297
15460,307,317,LAE,9.872360870615745
15461,308,310,LAE,2.8627193120479197
15462,308,310,LAE,1.319498285261182
15463,308,313,LAE,6.709717735578324
15464,308,323,LAE,45.68588382002127
15465,308,310,LAE,48.32973427966272
15466,308,330,LAE,12.735146155863315
15467,308,323,LAE,31.997982164738314
15468,309,315,LAE,30.3648344220385
15469,309,310,LAE,5.074554264625908
15470,309,312,LAE,10.361859488454428
15471,309,310,LAE,13.456438834141974
15472,309,310,LAE,8.975663908956605
15473,309,310,LAE,37.940396282222856
15474,309,310,LAE,4.6166231436437
15475,309,310,LAE,0.9146391979617942
15476,309,310,LAE,33.289164060384735
15477,309,310,LAE,12.020641978572991
15478,309,310,LAE,11.701460450719756
15479,309,311,LAE,27.573557965931865
15480,309,310,LAE,8.75714024665265
15481,309,310,LAE,9.9856860807437
15482,309,310,LAE,10.840101313862645
15483,309,312,LAE,22.02856187414011
15484,309,311,LAE,4.162890050963193
15485,309,310,LAE,27.2387524062737
15486,309,311,LAE,14.51551219286575
15487,309,315,LAE,7.236740521627608
15488,309,310,LAE,0.9234809750569886
15489,309,322,LAE,13.872115502273212
15490,309,311,LAE,15.983133115163293
15491,309,310,LAE,7.143141427729352
15492,309,310,LAE,0.7651552986981237
15493,309,310,LAE,8.133974002432478
15494,309,311,LAE,4.611142967631098
15495,309,310,LAE,32.275061131341474
15496,309,321,LAE,58.55956969352464
15497,309,332,LAE,9.976771660067833
15498,309,310,LAE,26.745847705378747
15499,309,310,LAE,12.274978489232243
15500,307,311,LAE,18.189342264685152
15501,307,317,LAE,5.8715653322806185
15502,307,315,LAE,30.469752508163293
15503,307,311,LAE,9.876961424380577
15504,308,311,LAE,14.349920487093096
15505,308,313,LAE,21.368542792094278
15506,308,311,LAE,16.160726496232765
15507,309,311,LAE,19.622292414334932
15508,309,314,LAE,12.248056233011164
15509,309,311,LAE,11.487060181701453
15510,309,311,LAE,16.99244971737191
15511,309,311,LAE,17.915494536933306
15512,309,311,LAE,11.228186937966958
15513,309,311,LAE,3.3961142143295118
15514,309,313,LAE,10.430809650547761
15515,310,311,LAE,7.859235137113967
15516,310,311,LAE,5.59252839767328
15517,310,311,LAE,1.2144000822040253
15518,310,311,LAE,1.3554725581342097
15519,310,315,LAE,1.631323119913798
15520,310,314,LAE,12.479056887132362
15521,310,313,LAE,13.14254382836315
15522,310,311,LAE,8.013836144054496
15523,310,311,LAE,1.0967738404087435
15524,310,311,LAE,7.15974311162576
15525,310,311,LAE,0.9206387459057797
15526,310,315,LAE,23.78116917211147
15527,310,312,LAE,45.80535625099423
15528,310,311,LAE,0.8387295995797885
15529,310,313,LAE,25.233708163546492
15530,310,314,LAE,46.41788182421805
15531,310,313,LAE,1.7791680362515614
15532,310,312,LAE,5.050905297368047
15533,310,313,LAE,1.9118610061627261
15534,310,311,LAE,6.896304878608032
15535,310,311,LAE,1.2207055174986694
15536,310,329,LAE,30.292422462948974
15537,310,314,LAE,15.044588306598621
15538,310,313,LAE,42.34788030950718
15539,310,313,LAE,6.253107918538862
15540,310,311,LAE,18.175684288443204
15541,310,314,LAE,23.918957854037295
15542,310,311,LAE,15.257262771606563
15543,310,313,LAE,19.411964497398834
15544,310,311,LAE,0.8848428329023166
15545,310,312,LAE,26.479682047324225
15546,310,311,LAE,16.650779326743567
15547,308,312,LAE,10.183769150108853
15548,308,314,LAE,13.733375689301932
15549,309,312,LAE,7.197019861194278
15550,309,338,LAE,16.405777967603175
15551,309,317,LAE,18.844304921890362
15552,309,312,LAE,18.055890864649772
15553,309,315,LAE,14.51614282678357
15554,309,312,LAE,23.446648282711088
15555,310,312,LAE,4.734299448054828
15556,310,324,LAE,12.58224738977906
15557,310,312,LAE,1.3104648638645262
15558,310,322,LAE,18.599507060170716
15559,310,316,LAE,11.690605816937106
15560,310,312,LAE,1.2195009044025726
15561,310,312,LAE,26.603641252079825
15562,310,312,LAE,24.042433168477462
15563,310,312,LAE,33.97122352259794
15564,310,315,LAE,38.06388612311139
15565,310,313,LAE,20.477865482972533
15566,311,312,LAE,14.911266286685482
15567,311,313,LAE,14.08265618838155
15568,311,314,LAE,1.049466134774284
15569,311,312,LAE,7.543695105235273
15570,311,315,LAE,2.0661983167084848
15571,311,312,LAE,0.8059827127379676
15572,311,312,LAE,12.428214934771537
15573,311,312,LAE,1.483959446543214
15574,311,312,LAE,6.825618324450944
15575,311,317,LAE,3.7288335908654204
15576,311,323,LAE,17.06951498587084
15577,311,322,LAE,5.291421242683773
15578,311,316,LAE,27.528784555076353
15579,311,313,LAE,22.758696170092062
15580,311,315,LAE,15.796051713449078
15581,311,326,LAE,10.793341477181588
15582,311,312,LAE,13.38037757521534
15583,311,315,LAE,1.4979632852039666
15584,311,312,LAE,10.465039649985414
15585,311,312,LAE,17.1320859170568
15586,311,312,LAE,16.01311780681886
15587,311,312,LAE,1.146143067405101
15588,309,313,LAE,11.600803536697986
15589,309,313,LAE,24.184264988721612
15590,309,314,LAE,12.189415077226558
15591,310,313,LAE,12.676453915440353
15592,310,313,LAE,17.491392694234978
15593,310,313,LAE,19.587117072855524
15594,310,313,LAE,17.216197827675288
15595,310,330,LAE,4.665596594781949
15596,310,313,LAE,12.191325916442816
15597,310,326,LAE,3.852852477162395
15598,311,315,LAE,15.59056333673392
15599,311,313,LAE,1.4943958102567247
15600,311,313,LAE,14.12833390846477
15601,311,315,LAE,2.007213598145576
15602,311,320,LAE,13.045397181678364
15603,311,313,LAE,11.554237011525311
15604,311,313,LAE,6.98792529347352
15605,311,313,LAE,5.236217944748224
15606,311,315,LAE,3.1255711954309264
15607,311,314,LAE,18.218627254604275
15608,311,313,LAE,19.553638854800298
15609,311,313,LAE,29.104960126661368
15610,312,316,LAE,12.794676605488418
15611,312,314,LAE,1.3772857135946988
15612,312,313,LAE,16.683685729278622
15613,312,315,LAE,1.8828847162562496
15614,312,313,LAE,10.834606240668831
15615,312,314,LAE,13.61464513462928
15616,312,318,LAE,8.597131820674031
15617,312,342,LAE,11.638052647355288
15618,312,314,LAE,2.828775457709733
15619,312,313,LAE,11.206320915729052
15620,312,313,LAE,8.79505083809135
15621,312,313,LAE,10.732590333227357
15622,312,313,LAE,14.562965999412084
15623,312,314,LAE,27.446283608038666
15624,312,319,LAE,12.276035962902133
15625,312,313,LAE,30.14899685585823
15626,312,315,LAE,1.5404163522360395
15627,312,313,LAE,11.367598450817527
15628,312,320,LAE,13.985321703065528
15629,312,345,LAE,10.727197085615288
15630,312,317,LAE,6.393637870482805
15631,312,313,LAE,12.54645407230805
15632,310,315,LAE,6.148819998496891
15633,310,314,LAE,16.8791736289147
15634,310,335,LAE,26.07950960831305
15635,310,314,LAE,31.908794392098763
15636,310,322,LAE,10.79723711766125
15637,310,314,LAE,43.02774000068862
15638,311,317,LAE,14.741309357398912
15639,311,339,LAE,11.809651286013244
15640,311,314,LAE,4.939129926483585
15641,311,314,LAE,12.298282307313881
15642,311,314,LAE,13.985335818867767
15643,311,314,LAE,7.580637732668089
15644,312,315,LAE,2.1329644167925563
15645,312,331,LAE,10.264133299938093
15646,312,316,LAE,11.903574238362719
15647,312,314,LAE,11.189388961314595
15648,312,316,LAE,11.05926991527378
15649,312,314,LAE,11.938688527782983
15650,312,314,LAE,11.337370776980398
15651,312,314,LAE,15.631961859839429
15652,312,315,LAE,11.398290384949778
15653,313,322,LAE,11.232607188258019
15654,313,314,LAE,7.459644460732357
15655,313,319,LAE,9.65860556078321
15656,313,314,LAE,0.7093028063960748
15657,313,314,LAE,12.765983345011614
15658,313,318,LAE,3.2954150915893257
15659,313,314,LAE,1.633806844165538
15660,313,316,LAE,14.919025036757919
15661,313,314,LAE,10.422524381158958
15662,313,314,LAE,27.170753782439782
15663,313,314,LAE,1.9699603821112783
15664,313,314,LAE,10.99427257825348
15665,313,315,LAE,33.628421921705446
15666,313,314,LAE,1.4254291826623802
15667,313,343,LAE,10.83739013997424
15668,313,314,LAE,0.8081523506480235
15669,313,314,LAE,0.7596135306414852
15670,313,314,LAE,17.015846384460144
15671,313,314,LAE,1.3671590211056617
15672,313,320,LAE,22.582315865930564
15673,313,314,LAE,14.378652804305323
15674,313,321,LAE,2.8888242574470455
15675,311,315,LAE,16.202031401586055
15676,311,316,LAE,42.46200067583074
15677,311,315,LAE,12.741068474534044
15678,311,318,LAE,52.0200819198569
15679,312,315,LAE,7.730727367420096
15680,312,315,LAE,8.79113460658666
15681,312,315,LAE,19.767990190461106
15682,312,330,LAE,11.225598923970727
15683,312,319,LAE,36.23657147116307
15684,313,315,LAE,11.741205989573356
15685,313,320,LAE,6.21209964115649
15686,313,315,LAE,1.3716752600109063
15687,313,315,LAE,3.341774186410598
15688,313,321,LAE,8.541060236318806
15689,313,321,LAE,11.413554735937042
15690,313,317,LAE,12.395289513266624
15691,313,315,LAE,15.414540604958678
15692,313,315,LAE,16.805919905915424
15693,313,315,LAE,34.733491513451234
15694,313,317,LAE,14.033520461894105
15695,313,318,LAE,2.0033529228823004
15696,313,315,LAE,7.701426449897076
15697,314,318,LAE,4.020131749258314
15698,314,315,LAE,22.28720175185931
15699,314,315,LAE,16.64948801696832
15700,314,315,LAE,0.9647157063698525
15701,314,318,LAE,3.2400280831612007
15702,314,315,LAE,5.379602875672309
15703,314,315,LAE,0.8538681798327161
15704,314,323,LAE,3.0900495264779253
15705,314,319,LAE,10.581834722827354
15706,314,315,LAE,0.9677625700923254
15707,314,318,LAE,16.147779449821808
15708,314,315,LAE,1.0884119813514423
15709,314,322,LAE,21.161882798810634
15710,314,317,LAE,4.927620859285674
15711,314,315,LAE,13.776271277083472
15712,314,335,LAE,5.214799023087791
15713,314,315,LAE,26.279798938127836
15714,314,316,LAE,11.982419285870513
15715,314,315,LAE,12.171587619593675
15716,314,323,LAE,11.130021345661747
15717,314,315,LAE,8.898478433727647
15718,314,315,LAE,15.051409776046773
15719,314,319,LAE,2.8472905702997444
15720,314,315,LAE,1.2827301821468593
15721,314,315,LAE,10.869665751298356
15722,314,315,LAE,1.1333016053997529
15723,314,315,LAE,19.183862239658495
15724,314,315,LAE,0.8749094188773275
15725,312,317,LAE,15.363947344832317
15726,312,316,LAE,14.462794819431945
15727,313,316,LAE,20.734305560418363
15728,313,316,LAE,22.176363107914206
15729,313,320,LAE,56.04658729374305
15730,313,316,LAE,11.952500966538684
15731,313,316,LAE,29.197808768131836
15732,313,318,LAE,15.317044197508523
15733,313,409,LAE,33.46856520286209
15734,313,336,LAE,35.16818565780229
15735,313,325,LAE,25.392962331968775
15736,314,321,LAE,16.423059406131035
15737,314,317,LAE,9.452740341129187
15738,314,316,LAE,20.171356829275425
15739,314,316,LAE,1.127798714597591
15740,314,316,LAE,9.506746819835127
15741,315,316,LAE,6.311541717257428
15742,315,335,LAE,5.226899157058228
15743,315,316,LAE,5.47488831755648
15744,315,316,LAE,4.029261597636785
15745,315,316,LAE,3.789206439588433
15746,315,319,LAE,3.4758465957132514
15747,315,318,LAE,19.52087738560562
15748,315,323,LAE,29.207907660791548
15749,315,316,LAE,15.225222442791248
15750,315,335,LAE,28.779690518295496
15751,315,317,LAE,52.67360337317505
15752,315,317,LAE,3.3201771609050277
15753,315,316,LAE,7.838370449728945
15754,315,316,LAE,2.38908155837567
15755,315,316,LAE,12.924735544333434
15756,315,316,LAE,10.993223486201641
15757,315,319,LAE,3.695977801394024
15758,315,324,LAE,13.07901903538399
15759,315,325,LAE,36.64242783336986
15760,313,321,LAE,29.045842738777562
15761,313,317,LAE,13.710348862885462
15762,313,317,LAE,15.30948328202925
15763,313,320,LAE,9.87461769910117
15764,314,318,LAE,3.2619978711168724
15765,314,318,LAE,31.03050400470956
15766,314,318,LAE,55.29812449713126
15767,314,317,LAE,28.648687283005085
15768,315,319,LAE,10.521345673871771
15769,315,409,LAE,27.602203451962225
15770,315,323,LAE,10.41532265097117
15771,315,317,LAE,10.267211510540394
15772,315,321,LAE,14.831033854186913
15773,315,317,LAE,6.447922410604713
15774,315,317,LAE,6.331860582891654
15775,315,317,LAE,56.18893696951353
15776,315,317,LAE,17.652106948550998
15777,315,321,LAE,1.669553322076997
15778,316,317,LAE,9.763311365601322
15779,316,318,LAE,23.943782441160415
15780,316,317,LAE,1.3216677140993431
15781,316,317,LAE,4.932998681038427
15782,316,319,LAE,2.042406255334623
15783,316,317,LAE,3.5532289668087205
15784,316,317,LAE,22.058162834889753
15785,316,322,LAE,11.443796659171602
15786,316,317,LAE,1.1450525741569308
15787,316,320,LAE,1.213873555004159
15788,316,319,LAE,3.4492408885455172
15789,316,317,LAE,10.323987867880671
15790,316,317,LAE,1.1609456941610745
15791,316,317,LAE,0.8519942432030007
15792,316,317,LAE,19.455377603102562
15793,316,321,LAE,15.284762364064077
15794,316,341,LAE,46.209730275862036
15795,316,318,LAE,3.0002826484047502
15796,316,320,LAE,9.221925849270036
15797,316,328,LAE,9.42545595950792
15798,316,317,LAE,14.621948357649323
15799,316,328,LAE,21.476188274905336
15800,316,317,LAE,1.2827628229055337
15801,316,317,LAE,0.9922412653212119
15802,316,317,LAE,1.6006058591526093
15803,316,321,LAE,52.30084272633079
15804,316,321,LAE,2.064643861625748
15805,314,346,LAE,11.560124881483661
15806,314,337,LAE,41.85904195335823
15807,315,318,LAE,26.815308505734333
15808,315,322,LAE,14.253707840718253
15809,315,330,LAE,30.334106128872957
15810,315,322,LAE,2.591890382637338
15811,315,318,LAE,3.140427554482701
15812,315,325,LAE,30.862673036152426
15813,316,321,LAE,13.796594897113549
15814,316,318,LAE,10.833095252233225
15815,316,318,LAE,48.95069581851336
15816,316,319,LAE,10.245517753111992
15817,316,318,LAE,18.830834137261295
15818,316,326,LAE,17.321143119610436
15819,316,318,LAE,3.4248909036587665
15820,316,325,LAE,4.490486536510788
15821,317,326,LAE,41.63773268757714
15822,317,319,LAE,21.574706484544965
15823,317,319,LAE,10.678723418950533
15824,317,322,LAE,14.03895642357841
15825,317,324,LAE,11.23177769807077
15826,317,318,LAE,43.511670148174794
15827,317,323,LAE,18.347182527336415
15828,317,321,LAE,2.8969316183420992
15829,317,318,LAE,3.302419842916946
15830,317,321,LAE,1.607774364595993
15831,317,318,LAE,30.958314726730354
15832,317,318,LAE,35.460255128697504
15833,317,318,LAE,10.416010313719678
15834,317,323,LAE,14.82325291609427
15835,317,319,LAE,19.333923692839317
15836,317,318,LAE,11.19461995087256
15837,317,409,LAE,29.613463707007796
15838,317,329,LAE,42.77789349666744
15839,317,326,LAE,19.625897060185995
15840,317,318,LAE,26.60541669683745
15841,317,318,LAE,0.8376264596266322
15842,316,319,LAE,16.113867709699885
15843,316,347,LAE,40.72666980709172
15844,316,326,LAE,5.0039113845119045
15845,316,323,LAE,42.16983572507508
15846,316,349,LAE,34.03546277925348
15847,317,332,LAE,21.63788461277331
15848,317,319,LAE,27.53380211119513
15849,317,319,LAE,10.562279140065062
15850,317,319,LAE,6.3264941257327285
15851,317,321,LAE,15.823315134129027
15852,317,319,LAE,3.4092516126861128
15853,317,322,LAE,14.103527519942226
15854,317,319,LAE,19.79293242054891
15855,317,332,LAE,14.140039535017289
15856,317,321,LAE,15.383985194996542
15857,317,330,LAE,5.0335596175758655
15858,317,319,LAE,6.131648746796718
15859,317,319,LAE,3.2971601785126854
15860,317,319,LAE,2.4846780444628536
15861,317,319,LAE,13.526928116848556
15862,317,319,LAE,12.014820577323675
15863,317,319,LAE,6.2454830903036465
15864,317,322,LAE,13.451263022252192
15865,318,325,LAE,2.7885402632425884
15866,318,324,LAE,10.43877914902409
15867,318,319,LAE,11.860359120382975
15868,318,324,LAE,2.9621468278845158
15869,318,320,LAE,29.186369537139154
15870,318,323,LAE,2.883781638854317
15871,318,320,LAE,0.9928402711790536
15872,318,319,LAE,2.907501327420815
15873,318,320,LAE,1.5805644860068313
15874,318,319,LAE,1.2569390497148365
15875,318,320,LAE,10.840453388496801
15876,318,319,LAE,25.012566948553943
15877,318,323,LAE,1.731570685717834
15878,318,319,LAE,8.894538058396874
15879,318,319,LAE,32.98047602356162
15880,318,319,LAE,10.510719740540944
15881,318,324,LAE,2.6397857207308806
15882,318,323,LAE,15.935857721100977
15883,318,321,LAE,2.2505535270110624
15884,318,319,LAE,11.969472822386212
15885,318,319,LAE,7.614891840042819
15886,318,322,LAE,2.8106016926144086
15887,316,326,LAE,18.566443311679922
15888,316,320,LAE,10.012140754883537
15889,316,320,LAE,9.259694029684908
15890,316,322,LAE,19.135801165114728
15891,317,321,LAE,9.519412617482338
15892,317,322,LAE,15.4000800464698
15893,317,324,LAE,10.73829772487137
15894,318,321,LAE,30.58317661012103
15895,318,322,LAE,2.361971515532426
15896,318,320,LAE,5.023386752475876
15897,318,320,LAE,3.2422519464445867
15898,318,320,LAE,16.67589711355731
15899,318,321,LAE,11.47626749623918
15900,318,320,LAE,18.382998749631174
15901,318,326,LAE,2.6435580971824497
15902,318,342,LAE,11.287435859535305
15903,318,358,LAE,36.03952671732931
15904,319,321,LAE,0.8852799028943472
15905,319,320,LAE,0.8382405718133695
15906,319,320,LAE,2.808565492210544
15907,319,320,LAE,41.44083828650022
15908,319,320,LAE,11.59838646267151
15909,319,325,LAE,26.544250422276665
15910,319,320,LAE,3.383814831290489
15911,319,320,LAE,14.50338197474096
15912,319,321,LAE,10.320961399055143
15913,319,320,LAE,31.324386130694705
15914,319,320,LAE,17.030225966826464
15915,319,320,LAE,23.531466473691484
15916,319,327,LAE,24.051233413587624
15917,317,327,LAE,33.38028190105811
15918,318,323,LAE,25.546468532108545
15919,318,332,LAE,45.22245415608432
15920,319,321,LAE,15.074352683364848
15921,319,325,LAE,8.289546151753251
15922,319,321,LAE,13.687661976292091
15923,319,329,LAE,19.38915664323389
15924,319,323,LAE,15.35620448002602
15925,319,322,LAE,9.457545291682372
15926,319,323,LAE,25.561569442946993
15927,319,321,LAE,3.3220458600668645
15928,320,321,LAE,7.953420841865163
15929,320,321,LAE,9.781974573485362
15930,320,347,LAE,10.025461420952864
15931,320,321,LAE,2.9254795784960774
15932,320,339,LAE,38.449521521537164
15933,320,322,LAE,3.400754434285619
15934,320,321,LAE,1.02751277653676
15935,320,324,LAE,12.768438986765535
15936,320,321,LAE,10.637702623009904
15937,320,331,LAE,4.659789426929953
15938,320,321,LAE,0.9573925680871048
15939,320,321,LAE,1.560017150438668
15940,320,321,LAE,1.3397613225459908
15941,320,330,LAE,27.195567235206287
15942,320,321,LAE,1.2771313624181597
15943,320,324,LAE,1.8546780123769682
15944,320,326,LAE,13.203523861279635
15945,320,336,LAE,36.93474170234619
15946,320,322,LAE,1.6983902693525021
15947,320,322,LAE,21.68372555902342
15948,320,347,LAE,10.426854190094755
15949,320,321,LAE,13.791576539683234
15950,320,324,LAE,19.84549690404568
15951,320,323,LAE,9.818318180169518
15952,320,321,LAE,21.494185718991577
15953,320,328,LAE,4.680376877847263
15954,320,324,LAE,17.420752252897394
15955,320,321,LAE,3.1324106198301953
15956,320,323,LAE,1.2004103261844403
15957,320,321,LAE,0.7835701081899873
15958,320,321,LAE,1.1223297378146972
15959,320,321,LAE,9.594698537067806
15960,320,322,LAE,19.22839527107633
15961,320,321,LAE,7.705605459051012
15962,320,321,LAE,4.491867374102642
15963,320,326,LAE,14.316190834163795
15964,320,325,LAE,2.852227059113372
15965,320,321,LAE,2.59101997018868
15966,320,321,LAE,9.897418238606399
15967,320,321,LAE,14.64381827706921
15968,318,323,LAE,4.903098328624347
15969,318,349,LAE,10.012315157280868
15970,319,327,LAE,9.24163558551048
15971,319,332,LAE,33.88267988733745
15972,319,322,LAE,33.58159057448871
15973,319,324,LAE,13.814580363702586
15974,319,324,LAE,27.719184548008517
15975,319,322,LAE,17.744937331110954
15976,319,322,LAE,10.236188001411342
15977,319,322,LAE,9.628249525007279
15978,320,331,LAE,4.657547220895696
15979,320,323,LAE,1.2442116865765074
15980,320,323,LAE,1.06646433919015
15981,320,322,LAE,29.70796869580374
15982,320,322,LAE,1.175382171294112
15983,320,322,LAE,7.650935876388808
15984,320,322,LAE,30.73196566279
15985,320,322,LAE,13.435024190989456
15986,320,409,LAE,33.991505903253675
15987,320,322,LAE,6.15156726657221
15988,320,322,LAE,12.129336162198486
15989,321,323,LAE,1.3821068396269225
15990,321,322,LAE,0.882450096494923
15991,321,322,LAE,0.8820912163046513
15992,321,333,LAE,7.44531836852174
15993,321,322,LAE,0.8567187193729121
15994,321,322,LAE,8.94195557167461
15995,321,322,LAE,7.491730245483239
15996,321,325,LAE,15.608808543539245
15997,321,346,LAE,10.618995329067905
15998,321,322,LAE,4.252117238421707
15999,321,322,LAE,6.044543988686646
16000,321,332,LAE,4.772069257183606
16001,321,322,LAE,8.213977706833122
16002,321,322,LAE,4.667614834083381
16003,321,322,LAE,9.726078412332166
16004,321,322,LAE,1.3643569910711948
16005,321,322,LAE,2.633748323150656
16006,321,322,LAE,24.665423885550336
16007,321,334,LAE,9.79358655426405
16008,321,322,LAE,21.34864426849458
16009,321,334,LAE,9.298986740739144
16010,319,326,LAE,4.716692309973564
16011,320,323,LAE,12.963255936233715
16012,320,323,LAE,11.341926723830476
16013,320,326,LAE,20.266282625977546
16014,320,323,LAE,5.087224234957995
16015,321,332,LAE,24.429929261634722
16016,321,323,LAE,1.6633508681898208
16017,321,324,LAE,3.2889845321321736
16018,321,323,LAE,26.622094503224737
16019,321,409,LAE,37.79752083571575
16020,321,328,LAE,36.73768582935372
16021,322,323,LAE,14.624656719618924
16022,322,330,LAE,11.021507688600435
16023,322,323,LAE,1.0853608714344385
16024,322,327,LAE,14.068033161592163
16025,322,323,LAE,15.134878196339177
16026,322,328,LAE,19.877154388933675
16027,322,324,LAE,9.902496110284916
16028,322,323,LAE,1.0200488049286545
16029,322,323,LAE,0.7661951654638337
16030,322,337,LAE,16.468155095480626
16031,322,323,LAE,2.4632808060525218
16032,322,325,LAE,23.79553089313441
16033,322,323,LAE,2.5782362945158006
16034,322,328,LAE,32.500145520263196
16035,322,323,LAE,14.647860118070273
16036,322,324,LAE,22.963779870497177
16037,322,327,LAE,3.5136369523885227
16038,322,324,LAE,1.3742970969839443
16039,322,327,LAE,11.879066059126739
16040,322,324,LAE,1.2910648735751908
16041,322,323,LAE,1.826925996001382
16042,322,331,LAE,32.349791653007436
16043,322,326,LAE,2.3476408994872062
16044,322,323,LAE,9.955125240454272
16045,322,323,LAE,25.631244832318696
16046,322,326,LAE,1.5878924946281479
16047,322,329,LAE,2.3606143411350478
16048,322,323,LAE,19.906684053786545
16049,322,324,LAE,13.631789412147029
16050,322,323,LAE,2.3321475278406547
16051,322,323,LAE,2.0571523592996614
16052,322,324,LAE,2.35620011288152
16053,320,326,LAE,11.625773019092025
16054,320,328,LAE,10.492593064372963
16055,320,325,LAE,10.030398492870486
16056,320,326,LAE,13.55968722496926
16057,321,325,LAE,1.9078346333890381
16058,321,324,LAE,1.3716337681111217
16059,321,330,LAE,22.58724039022701
16060,321,333,LAE,10.700542780209394
16061,321,324,LAE,18.571499483038604
16062,321,324,LAE,22.034727113391344
16063,321,324,LAE,10.120386616675741
16064,322,330,LAE,9.449570160080889
16065,322,324,LAE,4.470973685287094
16066,322,324,LAE,12.614815671771163
16067,322,330,LAE,15.840064837740984
16068,323,325,LAE,42.14310873791081
16069,323,324,LAE,16.15268290467169
16070,323,329,LAE,9.926496345923201
16071,323,329,LAE,31.963727710619636
16072,323,344,LAE,9.129807447603167
16073,323,328,LAE,30.08576424526186
16074,323,326,LAE,2.155540081454812
16075,323,340,LAE,9.2010680954822
16076,323,324,LAE,1.587227523390366
16077,323,325,LAE,13.314870773858955
16078,323,332,LAE,44.44470182581056
16079,323,324,LAE,11.85401298707461
16080,321,409,LAE,46.49165595118342
16081,321,325,LAE,32.47375813707378
16082,322,325,LAE,4.486643213221701
16083,322,326,LAE,15.585733189412723
16084,322,332,LAE,46.2219342348855
16085,322,332,LAE,9.182140946648323
16086,322,325,LAE,40.272325211675366
16087,322,325,LAE,27.600533870855543
16088,323,328,LAE,20.39713605445397
16089,323,333,LAE,15.318409022083216
16090,323,336,LAE,54.77918238380187
16091,323,326,LAE,8.513327773117103
16092,323,325,LAE,1.350491207991558
16093,323,325,LAE,18.620132902621148
16094,323,327,LAE,42.84778175649739
16095,323,325,LAE,2.4820476304399013
16096,323,331,LAE,6.972669210764702
16097,323,325,LAE,10.669847421553426
16098,323,335,LAE,22.99363852405535
16099,323,325,LAE,11.160617753663313
16100,323,325,LAE,1.4314704673111553
16101,324,325,LAE,3.260269567386834
16102,324,325,LAE,2.2377937436638473
16103,324,325,LAE,8.449770146412046
16104,324,325,LAE,2.021423640122123
16105,324,325,LAE,31.535773475268606
16106,324,328,LAE,7.592328479111265
16107,324,325,LAE,12.891299418569849
16108,324,335,LAE,8.505744015417672
16109,324,351,LAE,9.314508399433928
16110,324,325,LAE,1.4551478152776185
16111,324,326,LAE,14.885595702346931
16112,324,325,LAE,15.439592826418702
16113,324,325,LAE,27.289566687588568
16114,324,325,LAE,31.649230787285784
16115,324,325,LAE,17.582171631311958
16116,324,325,LAE,31.52879826365055
16117,324,328,LAE,18.049212127057903
16118,324,330,LAE,8.688726257509757
16119,324,325,LAE,1.3658713978900194
16120,324,339,LAE,12.166524356980325
16121,324,325,LAE,1.137649687411619
16122,324,325,LAE,28.44136014119442
16123,324,325,LAE,7.619325535428316
16124,324,331,LAE,13.17424644610889
16125,322,326,LAE,9.719594212068747
16126,322,326,LAE,9.747592865697394
16127,323,338,LAE,16.041371262242983
16128,323,329,LAE,4.518199176166023
16129,323,333,LAE,14.186682880921362
16130,323,336,LAE,10.872157262154523
16131,323,328,LAE,25.928576853811112
16132,323,329,LAE,9.789973936240013
16133,323,326,LAE,3.141184417269015
16134,323,326,LAE,19.9325678866014
16135,323,326,LAE,3.0502050030939976
16136,324,326,LAE,1.2444313457248308
16137,324,326,LAE,16.914322820801285
16138,324,326,LAE,2.376366363767442
16139,324,326,LAE,16.191641627688725
16140,324,326,LAE,23.793643015614236
16141,324,334,LAE,30.448505168877194
16142,324,328,LAE,7.736666786752434
16143,324,326,LAE,19.35784432001755
16144,324,327,LAE,9.400165395899176
16145,324,326,LAE,9.343908844822717
16146,324,328,LAE,40.96974573062404
16147,325,326,LAE,27.356085850869444
16148,325,326,LAE,40.29138028172594
16149,325,331,LAE,32.59074416865286
16150,325,333,LAE,9.872756081562072
16151,325,326,LAE,26.754962530272604
16152,325,329,LAE,11.536198481601401
16153,325,327,LAE,0.9533850158533606
16154,325,329,LAE,29.565052948847814
16155,325,328,LAE,40.74745378651602
16156,325,328,LAE,18.240165097707095
16157,325,326,LAE,3.4458800099283207
16158,325,326,LAE,16.643234700146127
16159,325,332,LAE,9.567914468639522
16160,325,328,LAE,16.51428732543425
16161,325,332,LAE,27.69274300399727
16162,325,330,LAE,15.134107677154567
16163,325,327,LAE,14.728672900734058
16164,325,352,LAE,10.000456172084428
16165,325,326,LAE,2.0702624238236353
16166,325,328,LAE,1.0292619171498218
16167,325,335,LAE,18.040028878629318
16168,325,358,LAE,25.356550761908867
16169,325,331,LAE,25.28601844635252
16170,325,326,LAE,6.67308534621605
16171,323,328,LAE,9.331598717499377
16172,323,327,LAE,35.971413465510274
16173,323,327,LAE,19.203329229647977
16174,323,327,LAE,13.360407451581676
16175,323,327,LAE,53.775069914536964
16176,323,327,LAE,12.89620300487535
16177,324,329,LAE,11.12379000557236
16178,324,327,LAE,40.46426807925106
16179,324,328,LAE,18.359931058775004
16180,324,327,LAE,8.095535883620302
16181,325,327,LAE,10.576432329717324
16182,325,331,LAE,5.334540411949019
16183,325,328,LAE,41.19164077247443
16184,325,327,LAE,8.262906751344499
16185,325,329,LAE,38.019566753138335
16186,325,335,LAE,3.07591617773979
16187,325,327,LAE,34.24802961546739
16188,325,329,LAE,6.353584397047289
16189,325,328,LAE,1.8443501212325097
16190,325,333,LAE,9.716461692951336
16191,325,327,LAE,7.538074681845448
16192,325,328,LAE,1.1762514337063987
16193,325,327,LAE,16.75801605485818
16194,326,328,LAE,15.13672011267176
16195,326,327,LAE,1.01576501412706
16196,326,327,LAE,20.029551198692396
16197,326,330,LAE,16.603890802628502
16198,326,332,LAE,20.1136790976961
16199,326,327,LAE,18.81360652983146
16200,326,330,LAE,18.05847327776534
16201,326,327,LAE,10.813802321921258
16202,326,327,LAE,7.298357183583828
16203,326,327,LAE,19.470095630190965
16204,326,327,LAE,7.860715896277499
16205,326,332,LAE,8.876353656265513
16206,326,328,LAE,12.485696408707925
16207,326,331,LAE,9.849896365353791
16208,326,327,LAE,7.197130986009617
16209,326,330,LAE,8.337953671473358
16210,326,328,LAE,1.6554937594569685
16211,326,327,LAE,23.64373237857144
16212,326,327,LAE,38.716431454767736
16213,326,327,LAE,0.9292354582930893
16214,326,328,LAE,9.039706153285406
16215,326,336,LAE,9.729158035942515
16216,326,348,LAE,30.37152708504397
16217,326,327,LAE,12.432742128000337
16218,326,328,LAE,16.38354719556692
16219,324,329,LAE,13.132659515343006
16220,324,328,LAE,17.71931848753584
16221,325,328,LAE,4.15785050748919
16222,325,328,LAE,17.10175452774857
16223,325,328,LAE,1.8553228652163627
16224,325,328,LAE,1.2192756164624081
16225,325,329,LAE,18.241292402353796
16226,325,330,LAE,13.652854583802913
16227,325,328,LAE,10.758335216165623
16228,325,336,LAE,47.630516158563715
16229,326,328,LAE,21.507744054795378
16230,326,328,LAE,52.013840387683956
16231,326,328,LAE,10.991027365481747
16232,326,330,LAE,12.61481080417719
16233,326,328,LAE,22.752595724172934
16234,326,329,LAE,7.517836718186795
16235,326,330,LAE,8.959193196788895
16236,326,409,LAE,38.14827762859508
16237,326,337,LAE,29.69363176862615
16238,326,331,LAE,1.5733069442438743
16239,326,328,LAE,6.6963394235948845
16240,326,328,LAE,7.28053712894057
16241,327,328,LAE,0.7541140540969647
16242,327,328,LAE,1.4107686035885654
16243,327,334,LAE,2.075837068952639
16244,327,328,LAE,25.289110945190902
16245,327,328,LAE,0.7781471259289273
16246,327,344,LAE,8.122457934607345
16247,327,328,LAE,13.040132275181687
16248,327,328,LAE,16.061106159162374
16249,327,328,LAE,9.15937265359538
16250,327,329,LAE,20.934536737996986
16251,327,329,LAE,8.4909341607786
16252,327,329,LAE,1.0072456311744304
16253,327,329,LAE,9.76217944673858
16254,327,332,LAE,39.49099172357753
16255,327,332,LAE,45.91921682941987
16256,327,333,LAE,3.8038185793586505
16257,327,328,LAE,12.367840942616573
16258,327,331,LAE,2.8687315933807263
16259,327,332,LAE,13.863855803226517
16260,327,333,LAE,12.561934032706784
16261,327,328,LAE,23.62731805188923
16262,325,332,LAE,12.164628517078944
16263,325,329,LAE,21.724375846905243
16264,325,336,LAE,5.15835701166153
16265,325,336,LAE,19.47376341581013
16266,326,329,LAE,40.69512847925242
16267,326,330,LAE,10.158045125925737
16268,326,329,LAE,2.242243491250492
16269,326,329,LAE,24.694726709051704
16270,326,338,LAE,36.62388217700063
16271,327,329,LAE,19.23223215607472
16272,327,338,LAE,22.11051001595486
16273,327,333,LAE,8.964403825604286
16274,327,329,LAE,13.757800411784842
16275,327,339,LAE,31.65355129376845
16276,327,329,LAE,17.75275072698491
16277,327,329,LAE,20.615786969182473
16278,327,329,LAE,40.00470097850353
16279,327,334,LAE,3.489644434142537
16280,327,333,LAE,8.888755332286387
16281,327,339,LAE,3.424656569786271
16282,328,329,LAE,59.36493977534094
16283,328,329,LAE,13.644302563646061
16284,328,329,LAE,6.339715528235082
16285,328,331,LAE,4.160178885377672
16286,328,329,LAE,19.494914634006
16287,328,329,LAE,8.323127528119713
16288,328,329,LAE,0.896094854551808
16289,328,329,LAE,20.13489898281209
16290,328,329,LAE,14.942088521373243
16291,328,338,LAE,13.013970865425042
16292,328,329,LAE,1.427811679632976
16293,328,329,LAE,17.661791769637162
16294,328,333,LAE,8.37063519945694
16295,328,332,LAE,10.555840786757587
16296,328,329,LAE,16.72856574623007
16297,328,329,LAE,1.0583826842614104
16298,328,338,LAE,8.6613191286779
16299,328,329,LAE,24.615223270734027
16300,328,329,LAE,1.4775224725908165
16301,328,329,LAE,6.739791312372305
16302,328,329,LAE,15.884070744439708
16303,328,329,LAE,0.9392993195922312
16304,328,337,LAE,23.91249105887586
16305,328,329,LAE,11.103303918822931
16306,328,329,LAE,10.185869597281366
16307,328,329,LAE,13.400570130212284
16308,328,334,LAE,10.042489631574037
16309,328,409,LAE,12.518333591857212
16310,328,338,LAE,10.970031649247009
16311,328,329,LAE,17.14565130628128
16312,328,329,LAE,8.656646881801422
16313,328,330,LAE,1.3571653391737917
16314,328,329,LAE,21.208858986737226
16315,326,330,LAE,14.44963338948171
16316,326,331,LAE,15.762033340849372
16317,327,333,LAE,2.6315412755031202
16318,327,341,LAE,51.59471889335595
16319,327,330,LAE,3.396049966482977
16320,327,333,LAE,7.386329174532345
16321,327,331,LAE,11.586830964030314
16322,327,330,LAE,6.392584646626109
16323,327,333,LAE,9.312792420237418
16324,328,335,LAE,24.57056589540461
16325,328,335,LAE,17.212640396363135
16326,328,336,LAE,8.078520838898024
16327,328,330,LAE,1.6964742818057645
16328,328,332,LAE,1.2803001194861345
16329,328,330,LAE,49.39804434429208
16330,328,340,LAE,5.820014654111963
16331,328,331,LAE,11.4680800086144
16332,328,333,LAE,2.7106872435955047
16333,328,330,LAE,1.789040826141287
16334,328,330,LAE,1.7623868510836067
16335,328,348,LAE,8.768186441141989
16336,328,336,LAE,1.8658891351694025
16337,328,331,LAE,2.1798478276423445
16338,328,331,LAE,7.30024424787215
16339,329,332,LAE,1.894981324224836
16340,329,332,LAE,7.767463891643835
16341,329,330,LAE,0.8415085675425451
16342,329,330,LAE,4.503530284236555
16343,329,330,LAE,23.442489122674203
16344,329,330,LAE,0.924470668670857
16345,329,331,LAE,27.877788892026352
16346,329,336,LAE,7.27155135912768
16347,329,330,LAE,8.313433058734658
16348,329,331,LAE,3.947417570747803
16349,329,330,LAE,1.5360491099007492
16350,329,332,LAE,1.0283014484117865
16351,329,330,LAE,11.330398600275691
16352,329,333,LAE,12.194845875710541
16353,329,330,LAE,7.9556861977464495
16354,329,330,LAE,45.22769458100236
16355,329,330,LAE,12.646923233099873
16356,329,338,LAE,4.304713852291838
16357,329,330,LAE,1.4421884538351724
16358,329,338,LAE,7.163843088041062
16359,329,336,LAE,2.5332199551610883
16360,329,330,LAE,52.19334381445442
16361,329,330,LAE,8.691270055827479
16362,329,335,LAE,33.93104422567366
16363,329,330,LAE,0.8531905636005119
16364,329,330,LAE,13.276685089796164
16365,329,330,LAE,23.753924720181598
16366,329,331,LAE,13.065059223461354
16367,329,330,LAE,1.5528526357529737
16368,329,330,LAE,0.9485735278555318
16369,329,334,LAE,8.020271960684095
16370,329,330,LAE,0.8532609146217326
16371,329,337,LAE,5.551393195982243
16372,329,333,LAE,10.227658565059317
16373,327,336,LAE,41.114771156553424
16374,327,340,LAE,10.835845554164871
16375,327,333,LAE,29.2464966061459
16376,328,331,LAE,27.285742781998856
16377,328,332,LAE,11.098577179761667
16378,329,333,LAE,8.535537970226084
16379,329,334,LAE,9.01430225737302
16380,329,331,LAE,9.995763699566863
16381,329,331,LAE,7.1894336947062145
16382,329,333,LAE,8.335470714393438
16383,329,331,LAE,16.34332932813814
16384,329,331,LAE,9.931361708556535
16385,329,333,LAE,25.461005924460512
16386,329,332,LAE,23.079179254671267
16387,329,332,LAE,25.57238224830211
16388,329,331,LAE,19.759757477812325
16389,329,331,LAE,15.908031947900739
16390,329,331,LAE,0.9435188514573903
16391,330,335,LAE,2.8970408773479863
16392,330,332,LAE,1.0807255606433415
16393,330,358,LAE,11.950925373466179
16394,330,334,LAE,2.511471134268579
16395,330,332,LAE,0.9928250280581015
16396,330,335,LAE,22.054348974042377
16397,330,331,LAE,8.31518402774403
16398,330,332,LAE,13.218047031392643
16399,330,333,LAE,1.0967349256403882
16400,330,331,LAE,10.312779343090302
16401,330,333,LAE,1.4645063478010272
16402,330,331,LAE,1.2343966793188716
16403,330,331,LAE,1.0968930563612524
16404,330,337,LAE,2.7187590613061032
16405,330,332,LAE,1.150429131642984
16406,330,331,LAE,8.017158709601556
16407,330,333,LAE,5.265570760187703
16408,330,335,LAE,28.738870166928766
16409,330,335,LAE,1.6780876942266076
16410,330,331,LAE,57.73772044362443
16411,330,331,LAE,5.891646044444561
16412,330,335,LAE,3.0906538863819146
16413,330,331,LAE,14.260008846393125
16414,330,335,LAE,1.470859857671373
16415,330,346,LAE,9.071883927880798
16416,330,331,LAE,1.0173238064187453
16417,330,331,LAE,2.0243035472408306
16418,330,331,LAE,6.09035943549548
16419,330,331,LAE,34.811508438583225
16420,330,331,LAE,1.7283157668774114
16421,330,331,LAE,3.577133629657337
16422,330,333,LAE,45.33597286144869
16423,328,332,LAE,3.3087943799871855
16424,328,344,LAE,44.06845387176332
16425,329,334,LAE,12.086469455786732
16426,329,332,LAE,40.46242964991541
16427,329,341,LAE,8.709708753983337
16428,330,332,LAE,15.96885787067049
16429,330,337,LAE,7.037609959345098
16430,330,333,LAE,1.410295365615905
16431,330,333,LAE,1.9043873135351472
16432,330,343,LAE,3.394269512144799
16433,330,335,LAE,8.096137253295845
16434,330,332,LAE,13.48993152595296
16435,330,332,LAE,9.703181848334701
16436,330,347,LAE,14.833354588003607
16437,330,332,LAE,27.95547994075782
16438,330,333,LAE,17.371335884735654
16439,330,336,LAE,11.66371509918527
16440,331,338,LAE,30.667952916298468
16441,331,332,LAE,5.834055172278624
16442,331,334,LAE,1.2414101866536098
16443,331,332,LAE,1.5885303438010567
16444,331,332,LAE,8.22690481811792
16445,331,332,LAE,6.819644031513298
16446,331,333,LAE,1.9396999027211042
16447,331,340,LAE,2.8658741538025425
16448,331,332,LAE,1.3705249183855044
16449,331,333,LAE,7.574770827892529
16450,331,332,LAE,8.606382801043726
16451,331,332,LAE,0.944330928620749
16452,331,334,LAE,1.129189694693803
16453,331,335,LAE,9.628157878069347
16454,331,332,LAE,0.8651485897093564
16455,331,332,LAE,11.215714831262384
16456,331,335,LAE,2.440391924029357
16457,331,332,LAE,31.11346300898649
16458,331,334,LAE,24.26163455949631
16459,331,332,LAE,1.0068906856675113
16460,331,332,LAE,1.5140650686723083
16461,331,332,LAE,7.300465528887988
16462,331,336,LAE,42.679206488308076
16463,331,332,LAE,1.487546034059539
16464,331,332,LAE,17.445019198834167
16465,331,332,LAE,11.179535245804137
16466,331,332,LAE,3.4177796089151804
16467,331,332,LAE,17.427483662616027
16468,331,337,LAE,10.206050593280843
16469,331,332,LAE,33.71203531363558
16470,329,333,LAE,13.823814280624047
16471,329,333,LAE,3.594908196490504
16472,329,337,LAE,22.04958899265306
16473,329,333,LAE,9.375465529993953
16474,330,333,LAE,54.87798382080678
16475,331,333,LAE,35.02388372571456
16476,331,335,LAE,7.53259887012216
16477,331,333,LAE,15.84791603176805
16478,331,333,LAE,2.895725941682382
16479,331,334,LAE,30.068789124770063
16480,331,334,LAE,13.785499472721524
16481,331,333,LAE,6.572542559369809
16482,331,333,LAE,1.7653265597737149
16483,331,339,LAE,19.815755541204
16484,331,333,LAE,12.72578775989839
16485,331,340,LAE,36.83757993228554
16486,331,333,LAE,7.22728643143556
16487,331,333,LAE,11.044187062022
16488,331,333,LAE,29.5191610472367
16489,331,334,LAE,3.018571246511862
16490,332,333,LAE,10.041119699910276
16491,332,334,LAE,9.797575720189615
16492,332,334,LAE,1.4304218578914911
16493,332,336,LAE,14.780928571866111
16494,332,333,LAE,12.771861800636735
16495,332,341,LAE,37.90214871493669
16496,332,333,LAE,42.275618595082
16497,332,333,LAE,7.7209381760702795
16498,332,333,LAE,25.229426767830653
16499,332,333,LAE,3.6628764097898516
16500,332,333,LAE,1.16479274960103
16501,332,334,LAE,33.3107591778636
16502,332,334,LAE,9.094005604846656
16503,332,334,LAE,21.996012874825578
16504,332,333,LAE,11.496845655741526
16505,332,333,LAE,15.823690313943464
16506,332,334,LAE,23.792194038479096
16507,332,333,LAE,17.43700615963773
16508,332,333,LAE,2.2301000207283086
16509,332,333,LAE,2.9249861280612754
16510,332,333,LAE,16.432354249306393
16511,332,333,LAE,8.038394159618347
16512,332,335,LAE,22.25057911262749
16513,332,333,LAE,0.9970355955995354
16514,332,339,LAE,15.317061341433753
16515,332,333,LAE,27.655006621970895
16516,332,333,LAE,3.389682798222007
16517,332,333,LAE,0.8867449874978851
16518,332,333,LAE,11.34113015132631
16519,332,339,LAE,33.14607346461015
16520,332,335,LAE,1.3747200261088446
16521,332,333,LAE,1.184000752312674
16522,332,333,LAE,1.3139056968000675
16523,330,338,LAE,6.853972090025748
16524,330,334,LAE,28.082709575706247
16525,331,334,LAE,9.297368064552034
16526,331,335,LAE,18.300687846331314
16527,331,334,LAE,26.136779596007283
16528,331,337,LAE,8.507888302733527
16529,331,334,LAE,7.535826487706184
16530,331,343,LAE,8.896757026111874
16531,331,354,LAE,17.536792161721216
16532,332,334,LAE,1.8651471851052395
16533,332,334,LAE,8.982206002626869
16534,332,334,LAE,15.337147933143026
16535,332,336,LAE,2.070734688374276
16536,332,339,LAE,10.364652271254947
16537,332,357,LAE,52.64909999200055
16538,332,334,LAE,1.7779487454907321
16539,332,334,LAE,8.69567662728479
16540,332,334,LAE,8.190533541258581
16541,332,341,LAE,20.357640244436663
16542,332,334,LAE,22.10829238774277
16543,333,336,LAE,1.204514848943916
16544,333,334,LAE,0.885362987763632
16545,333,340,LAE,36.636768638395104
16546,333,334,LAE,19.96080748693406
16547,333,334,LAE,16.11311631132505
16548,333,335,LAE,1.8651790290567698
16549,333,334,LAE,34.67219210336605
16550,333,334,LAE,9.392392422337508
16551,333,335,LAE,1.0783871945731878
16552,333,335,LAE,43.41413059857429
16553,333,334,LAE,15.624481965246972
16554,333,337,LAE,23.976061704902133
16555,333,334,LAE,18.36306337060444
16556,333,334,LAE,0.8244991930953766
16557,333,334,LAE,3.0023986578860464
16558,331,335,LAE,8.028073058880775
16559,332,335,LAE,47.481460338490415
16560,332,335,LAE,13.786994208318378
16561,332,350,LAE,8.313034309009753
16562,332,349,LAE,12.164124295314169
16563,332,363,LAE,39.62966627320047
16564,332,335,LAE,54.80794300876886
16565,332,335,LAE,18.9933189890877
16566,333,335,LAE,10.859369941720166
16567,333,335,LAE,14.341807394095929
16568,333,336,LAE,30.78093714002228
16569,333,336,LAE,20.626831721432612
16570,333,335,LAE,1.9717187620301637
16571,333,338,LAE,4.126975419455835
16572,334,335,LAE,18.652253285392266
16573,334,335,LAE,11.292600632222621
16574,334,337,LAE,30.291272766572096
16575,334,338,LAE,8.071174789325674
16576,334,337,LAE,17.920303680323514
16577,334,339,LAE,12.653450033424688
16578,334,338,LAE,2.492835959030659
16579,334,335,LAE,8.083560386841683
16580,334,337,LAE,3.009725318638229
16581,334,336,LAE,2.905540042120998
16582,334,335,LAE,8.585264078143737
16583,334,338,LAE,9.191833734451029
16584,334,335,LAE,1.0027531967077143
16585,334,335,LAE,23.093070332325286
16586,334,335,LAE,9.276794113695818
16587,334,335,LAE,32.872233589684036
16588,334,336,LAE,14.414593635625776
16589,334,336,LAE,8.260045157304548
16590,334,335,LAE,0.8527917645209688
16591,334,336,LAE,2.5657847662148483
16592,334,335,LAE,1.8028422648107219
16593,332,336,LAE,9.39628269138462
16594,333,336,LAE,11.81429143960376
16595,333,336,LAE,41.20760529351881
16596,333,336,LAE,9.206482484836888
16597,333,352,LAE,21.038501431646324
16598,334,336,LAE,13.207495644555696
16599,334,337,LAE,11.519686326395714
16600,334,336,LAE,16.21514846943973
16601,334,340,LAE,8.256271782263285
16602,334,336,LAE,1.0809176087166008
16603,335,336,LAE,11.804673628341035
16604,335,336,LAE,3.0446582703276026
16605,335,336,LAE,47.42083833972791
16606,335,336,LAE,44.35160559542631
16607,335,336,LAE,0.9272280574788441
16608,335,340,LAE,8.638324850925393
16609,335,336,LAE,12.930767337538782
16610,335,355,LAE,7.73185165016191
16611,335,337,LAE,17.25332214552673
16612,335,340,LAE,9.73558029600966
16613,335,338,LAE,3.8000774836090523
16614,335,339,LAE,11.19769666603403
16615,335,338,LAE,27.262385249998797
16616,335,342,LAE,2.4290059173581544
16617,335,341,LAE,52.20581437661948
16618,335,336,LAE,7.634870207695913
16619,335,336,LAE,15.25264866699754
16620,335,338,LAE,20.346386363653284
16621,335,336,LAE,9.475665256338818
16622,335,336,LAE,16.17884896433786
16623,335,339,LAE,2.0564925663803413
16624,335,336,LAE,2.889800758819142
16625,335,344,LAE,7.849344270525144
16626,335,336,LAE,2.8861281923365705
16627,335,336,LAE,12.97091684705162
16628,335,338,LAE,7.43316981703437
16629,335,336,LAE,14.620532160205421
16630,335,336,LAE,18.083818262331153
16631,335,336,LAE,22.943643225207616
16632,335,339,LAE,7.700085157300468
16633,335,338,LAE,7.99093183835842
16634,335,336,LAE,7.819015891835393
16635,335,336,LAE,2.3437070281351686
16636,335,336,LAE,20.632815968349384
16637,335,341,LAE,3.2452408903839483
16638,335,338,LAE,4.338547432216554
16639,335,338,LAE,23.4184928465783
16640,335,336,LAE,1.1057058720747328
16641,335,336,LAE,8.391653185611625
16642,335,351,LAE,11.046852100464434
16643,335,336,LAE,10.247586499148468
16644,335,349,LAE,26.263970359136596
16645,335,337,LAE,1.9530725603932648
16646,334,337,LAE,10.169529307661692
16647,334,339,LAE,15.810531392082671
16648,334,339,LAE,19.022418689343734
16649,334,337,LAE,1.6678534770276587
16650,335,340,LAE,12.569223676934396
16651,335,337,LAE,6.0766355367806435
16652,335,343,LAE,29.44576899899186
16653,335,339,LAE,12.514572237511567
16654,336,342,LAE,6.5080884243794195
16655,336,337,LAE,1.7372258142638743
16656,336,337,LAE,13.582223543222245
16657,336,337,LAE,1.0351344539341947
16658,336,337,LAE,34.60777916390111
16659,336,337,LAE,1.098589497409925
16660,336,337,LAE,0.9156774742149071
16661,336,344,LAE,7.479274443294714
16662,336,338,LAE,32.06217038516612
16663,336,341,LAE,46.44204475192321
16664,336,340,LAE,7.558372130713335
16665,336,337,LAE,1.5382650881997932
16666,336,337,LAE,5.972359400820646
16667,336,338,LAE,17.150010592300966
16668,336,337,LAE,4.822877993810159
16669,336,337,LAE,13.411064317361674
16670,336,340,LAE,21.081356747854002
16671,336,337,LAE,0.8537414853026895
16672,336,337,LAE,1.9979428131996109
16673,336,337,LAE,10.094261043076155
16674,336,337,LAE,1.061158264684627
16675,336,350,LAE,3.3158921713696095
16676,336,337,LAE,6.961305320598768
16677,336,337,LAE,2.7290861626663556
16678,336,337,LAE,14.921971489690936
16679,336,343,LAE,11.761104112172342
16680,336,341,LAE,8.859461649883546
16681,336,337,LAE,5.104309604157436
16682,336,342,LAE,5.828990088508315
16683,336,343,LAE,54.293882526217565
16684,336,340,LAE,1.9343460121601106
16685,336,340,LAE,24.67434618938462
16686,336,337,LAE,6.6840034050500705
16687,336,340,LAE,14.867890674309752
16688,334,348,LAE,7.966169256549805
16689,334,338,LAE,12.679771164455175
16690,334,338,LAE,32.332053133898214
16691,335,338,LAE,6.584087663014347
16692,335,338,LAE,6.795891363855112
16693,335,339,LAE,6.657709389007783
16694,335,340,LAE,16.306378746290992
16695,335,338,LAE,36.56159367532761
16696,335,347,LAE,7.706779554586424
16697,336,338,LAE,34.141886460159114
16698,336,338,LAE,7.49867549002681
16699,336,338,LAE,5.802160222790132
16700,336,347,LAE,4.274924725700645
16701,336,341,LAE,7.589682501971786
16702,336,338,LAE,13.308867174428919
16703,336,342,LAE,15.429530553382467
16704,336,338,LAE,1.4839851673699758
16705,336,339,LAE,11.147825777441712
16706,336,338,LAE,11.405834494194254
16707,336,338,LAE,10.848489036842443
16708,336,341,LAE,28.693793262739938
16709,336,343,LAE,13.698461733410982
16710,336,339,LAE,11.706094881461
16711,336,342,LAE,25.32270516330693
16712,337,339,LAE,30.23835522711271
16713,337,338,LAE,2.4835837854198033
16714,337,338,LAE,17.816691954550116
16715,337,346,LAE,6.659722942076136
16716,337,338,LAE,0.8158262457540316
16717,337,339,LAE,14.090835739751531
16718,337,339,LAE,32.77496737755733
16719,337,346,LAE,6.96867868320016
16720,337,342,LAE,17.95619610839404
16721,337,343,LAE,8.034793325638105
16722,337,339,LAE,4.330483690124983
16723,337,339,LAE,15.334162773951283
16724,337,368,LAE,38.155046706099846
16725,337,338,LAE,26.60929217868652
16726,337,338,LAE,28.35396370389647
16727,337,340,LAE,20.67388584111314
16728,337,339,LAE,5.49969274845963
16729,337,341,LAE,36.64312883705446
16730,337,340,LAE,26.949298467363718
16731,337,339,LAE,5.468967700852932
16732,337,339,LAE,14.996814188632495
16733,337,342,LAE,8.543375143317265
16734,337,348,LAE,39.5946727872873
16735,337,338,LAE,10.875876939399749
16736,337,338,LAE,9.913612169952533
16737,335,339,LAE,24.88412780023105
16738,336,339,LAE,11.810332559249364
16739,337,339,LAE,17.38246398726213
16740,337,340,LAE,11.729211209138029
16741,337,339,LAE,12.441579870169841
16742,337,339,LAE,19.615853955021603
16743,337,339,LAE,16.07301614287823
16744,337,339,LAE,6.417191818625643
16745,337,340,LAE,13.181406597168838
16746,338,339,LAE,18.276833457368507
16747,338,342,LAE,22.378445130966618
16748,338,339,LAE,14.370732932867016
16749,338,339,LAE,2.0064699668690626
16750,338,339,LAE,5.335070548660526
16751,338,339,LAE,25.000029901853146
16752,338,339,LAE,1.7307074730808945
16753,338,339,LAE,7.821908710809822
16754,338,341,LAE,7.333662084210888
16755,338,408,LAE,25.978903881303633
16756,338,343,LAE,56.182251632748994
16757,338,339,LAE,25.677856810056614
16758,338,341,LAE,1.769364598922565
16759,338,341,LAE,9.304598323277183
16760,338,339,LAE,10.371219188146299
16761,338,346,LAE,42.1936052613491
16762,338,339,LAE,6.887275093092674
16763,338,339,LAE,17.774817596003828
16764,338,343,LAE,34.16564003628338
16765,338,339,LAE,17.030650739523736
16766,338,339,LAE,0.948496698193428
16767,338,339,LAE,26.49495413734867
16768,338,343,LAE,35.89482227549912
16769,338,339,LAE,1.20799922973429
16770,338,339,LAE,1.924979696725592
16771,338,339,LAE,12.45805365089172
16772,338,339,LAE,7.9295280177626095
16773,338,339,LAE,0.8307701030918674
16774,338,339,LAE,8.363053426697055
16775,338,339,LAE,2.1477523725470786
16776,338,339,LAE,1.3586135192987419
16777,338,339,LAE,1.3334152478212737
16778,338,345,LAE,25.39350726569902
16779,338,344,LAE,15.066882543866209
16780,338,339,LAE,12.958422497944095
16781,338,345,LAE,3.2424883290604813
16782,338,346,LAE,24.749759889124785
16783,336,343,LAE,29.377577307048124
16784,336,343,LAE,57.82640351020094
16785,336,340,LAE,10.464810723077004
16786,337,342,LAE,8.651736858268674
16787,337,342,LAE,8.048030291908171
16788,337,342,LAE,22.294351920148753
16789,337,344,LAE,8.28270532520156
16790,337,341,LAE,2.6269187023969227
16791,337,342,LAE,2.6916311960837764
16792,337,342,LAE,19.941789993508145
16793,337,341,LAE,16.97268860709688
16794,337,340,LAE,6.517949353811979
16795,337,340,LAE,7.358079736409263
16796,337,348,LAE,12.433074141425813
16797,337,342,LAE,16.73042268360818
16798,338,340,LAE,19.819974815013172
16799,338,340,LAE,25.65098000253488
16800,338,341,LAE,10.983546704028205
16801,338,340,LAE,15.012570351134668
16802,338,341,LAE,9.657224763743711
16803,338,340,LAE,27.854002951573438
16804,338,340,LAE,47.446817797583336
16805,339,341,LAE,17.56317818892194
16806,339,343,LAE,51.86263596099561
16807,339,344,LAE,50.7167399545962
16808,339,351,LAE,13.457492771031363
16809,339,340,LAE,15.981369130524762
16810,339,345,LAE,16.28426821053606
16811,339,344,LAE,16.398442444813323
16812,339,340,LAE,11.569881619366559
16813,339,340,LAE,9.382074605594353
16814,339,340,LAE,17.61130917648424
16815,339,340,LAE,9.16028024954126
16816,339,340,LAE,14.971331843855125
16817,339,340,LAE,21.267384272723096
16818,339,340,LAE,6.643108704769027
16819,339,344,LAE,8.19616126196557
16820,339,342,LAE,7.662036130765308
16821,337,341,LAE,20.99959313276684
16822,337,353,LAE,47.373428271796996
16823,338,346,LAE,43.562775741948464
16824,338,341,LAE,7.6942689781190845
16825,339,342,LAE,1.436666355533925
16826,339,343,LAE,2.011722674517263
16827,339,341,LAE,7.244673442621097
16828,339,342,LAE,2.948270058344113
16829,339,341,LAE,14.164980297607295
16830,339,342,LAE,16.911497622957654
16831,339,344,LAE,6.88151338930974
16832,339,341,LAE,17.10860924032965
16833,339,347,LAE,35.95595365141252
16834,339,341,LAE,13.498660521115692
16835,340,349,LAE,28.344061477501825
16836,340,344,LAE,7.752586173017825
16837,340,341,LAE,4.061086066185024
16838,340,341,LAE,1.341306550951208
16839,340,341,LAE,12.724961827965844
16840,340,342,LAE,1.7487979837067027
16841,340,341,LAE,0.8362389705861164
16842,340,342,LAE,25.651963979777282
16843,340,344,LAE,6.880439730445508
16844,340,348,LAE,3.7341542482053622
16845,340,341,LAE,1.3142874640980264
16846,340,342,LAE,21.87240873412429
16847,340,342,LAE,27.853099828754175
16848,340,341,LAE,11.749125567454229
16849,340,342,LAE,2.626076296808311
16850,340,349,LAE,52.224291065039374
16851,340,343,LAE,38.391590378017405
16852,340,341,LAE,6.657862074316496
16853,340,341,LAE,7.764721734656875
16854,340,341,LAE,9.515530690652563
16855,340,344,LAE,2.1269159491092218
16856,340,342,LAE,8.164670939078349
16857,340,341,LAE,13.850148418716357
16858,340,341,LAE,10.5815274537311
16859,340,341,LAE,1.556876081951903
16860,340,341,LAE,12.488190458451689
16861,340,342,LAE,2.805931854260882
16862,340,341,LAE,14.055420498352513
16863,340,341,LAE,1.72675802207297
16864,340,341,LAE,10.631564848094246
16865,340,342,LAE,19.85640436771577
16866,340,341,LAE,1.224172877134885
16867,340,342,LAE,7.186492192612468
16868,340,341,LAE,0.9059470756933272
16869,340,341,LAE,7.0593835521356825
16870,340,346,LAE,2.957338778255824
16871,340,342,LAE,20.138967285041726
16872,340,341,LAE,7.754908721359974
16873,340,341,LAE,0.8406664223641993
16874,340,341,LAE,12.490345303594536
16875,340,341,LAE,25.543761952126108
16876,340,346,LAE,33.56236866625246
16877,340,341,LAE,31.520510817931985
16878,340,341,LAE,34.28194864124095
16879,340,343,LAE,22.85739688770676
16880,340,341,LAE,1.0759772676323098
16881,338,342,LAE,7.633050519264823
16882,338,342,LAE,7.89994934374192
16883,338,342,LAE,19.70685090469534
16884,339,353,LAE,24.742969813813833
16885,339,343,LAE,3.230567151714095
16886,339,342,LAE,16.221934696947553
16887,340,343,LAE,8.046990169034562
16888,340,344,LAE,16.524597710508374
16889,340,342,LAE,21.0463886586436
16890,340,351,LAE,11.230986384817651
16891,340,342,LAE,7.5166107745587
16892,340,345,LAE,12.30950533261459
16893,341,342,LAE,29.469574897778955
16894,341,342,LAE,9.017039294230944
16895,341,351,LAE,3.59325019707228
16896,341,342,LAE,10.21178618310012
16897,341,404,LAE,34.7541849788115
16898,341,342,LAE,36.336348801983476
16899,341,344,LAE,2.398353217237492
16900,341,344,LAE,7.276987187281695
16901,341,355,LAE,46.44529281632255
16902,341,342,LAE,40.384669364780876
16903,341,342,LAE,14.717378208112695
16904,341,349,LAE,4.380253025381161
16905,341,342,LAE,20.251654068590025
16906,341,342,LAE,17.79872459846422
16907,341,345,LAE,22.543407283681994
16908,341,342,LAE,16.97585533259278
16909,341,342,LAE,40.289977474171195
16910,341,354,LAE,51.97024547812924
16911,341,342,LAE,2.1444271320899624
16912,341,342,LAE,19.76961960513183
16913,341,342,LAE,10.809153829037044
16914,341,343,LAE,8.050973092119094
16915,341,342,LAE,22.818404547582887
16916,341,342,LAE,8.575723750746416
16917,341,344,LAE,1.4021990921991212
16918,339,343,LAE,8.147383764169966
16919,339,346,LAE,18.64409059407357
16920,339,344,LAE,5.970675050484653
16921,339,343,LAE,6.624025689453548
16922,339,343,LAE,7.072847528517456
16923,339,343,LAE,16.97945342489752
16924,340,343,LAE,42.881807966262286
16925,340,343,LAE,10.93586965976329
16926,340,343,LAE,12.948745719049484
16927,340,345,LAE,11.342794645162957
16928,341,343,LAE,29.536832762850242
16929,341,352,LAE,7.108384759741828
16930,341,343,LAE,3.9720728254369426
16931,341,346,LAE,8.267903798853006
16932,341,343,LAE,1.1796440185065793
16933,341,343,LAE,21.428014268381617
16934,341,343,LAE,7.720095649714821
16935,341,343,LAE,2.918649631813094
16936,342,344,LAE,14.653252236481249
16937,342,343,LAE,14.91846412252653
16938,342,343,LAE,38.352314573209675
16939,342,343,LAE,6.766042204175939
16940,342,343,LAE,10.285626382697266
16941,342,343,LAE,7.3340428107478255
16942,342,343,LAE,7.324369320472142
16943,342,347,LAE,6.518820280795294
16944,342,343,LAE,9.282712660467766
16945,342,343,LAE,1.628559432080245
16946,342,343,LAE,7.615330498860179
16947,342,343,LAE,10.928523560291458
16948,342,343,LAE,34.40194751089841
16949,342,343,LAE,53.43690369148972
16950,342,343,LAE,0.8969442947137279
16951,342,343,LAE,5.8169537658258665
16952,342,343,LAE,16.54617577193375
16953,342,343,LAE,1.11855291128747
16954,342,343,LAE,31.54622619552317
16955,342,343,LAE,3.1139279176122883
16956,342,345,LAE,39.47917758687998
16957,342,343,LAE,48.085324258026276
16958,340,344,LAE,55.36384101992352
16959,340,344,LAE,48.97156749533998
16960,340,344,LAE,15.944687703331473
16961,340,344,LAE,7.1711263831189616
16962,341,358,LAE,18.658969564745046
16963,342,344,LAE,26.079202324421445
16964,342,344,LAE,15.621670750055015
16965,342,344,LAE,17.03631677534708
16966,342,344,LAE,17.448220291719764
16967,342,344,LAE,1.414881095061588
16968,342,347,LAE,7.672723491142388
16969,342,352,LAE,20.900696278095154
16970,343,344,LAE,19.559823450426514
16971,343,344,LAE,0.7975247495287617
16972,343,348,LAE,21.933716339507026
16973,343,344,LAE,14.790374060494504
16974,343,344,LAE,1.6836288130660197
16975,343,344,LAE,12.246420402513214
16976,343,345,LAE,30.10266087176813
16977,343,349,LAE,6.901963115149115
16978,343,344,LAE,1.661950721074896
16979,343,344,LAE,15.784130071697017
16980,343,345,LAE,35.93852333967813
16981,343,344,LAE,1.7255214011366347
16982,343,347,LAE,29.524951763985705
16983,343,346,LAE,20.45657702532091
16984,343,344,LAE,3.318523692102425
16985,343,344,LAE,14.654254799499071
16986,343,344,LAE,39.97240439556856
16987,343,345,LAE,16.65700153556516
16988,343,344,LAE,0.8544841239587713
16989,343,344,LAE,19.54789237793887
16990,343,355,LAE,20.673413624532493
16991,343,345,LAE,9.798955973247528
16992,343,344,LAE,1.3471966979335896
16993,341,345,LAE,7.331194223993284
16994,341,348,LAE,2.3364106542393714
16995,341,345,LAE,19.822905086689143
16996,341,345,LAE,38.41478538715645
16997,341,345,LAE,13.84680666263568
16998,341,345,LAE,22.918925161714945
16999,341,351,LAE,47.21786821523995
17000,341,351,LAE,45.18299487989682
17001,342,347,LAE,12.802707110549106
17002,342,345,LAE,4.259299558464842
17003,342,346,LAE,5.200487382249919
17004,342,345,LAE,23.25890742149854
17005,342,347,LAE,56.10218502622817
17006,343,345,LAE,40.8095779507721
17007,343,345,LAE,5.3074002722478975
17008,343,345,LAE,1.3249959750092442
17009,343,351,LAE,3.021301851542564
17010,343,345,LAE,10.692947226419335
17011,343,346,LAE,3.2130940725166752
17012,343,345,LAE,9.630439276324896
17013,343,345,LAE,11.369255085733661
17014,343,364,LAE,7.372208746837527
17015,343,346,LAE,52.61082219096026
17016,343,345,LAE,14.913108476778286
17017,343,350,LAE,41.17119606666359
17018,343,345,LAE,1.842045079250667
17019,343,345,LAE,2.22189388417423
17020,343,357,LAE,3.0567449981035946
17021,344,347,LAE,2.0578680166454837
17022,344,348,LAE,3.1189495609394364
17023,344,352,LAE,5.549718074390615
17024,344,349,LAE,10.201360790279141
17025,344,367,LAE,6.7739113505369515
17026,344,348,LAE,7.122619241420745
17027,344,348,LAE,6.8951553301469195
17028,344,348,LAE,3.415466842100411
17029,344,352,LAE,19.859276638708682
17030,344,352,LAE,7.317607289071595
17031,344,351,LAE,3.4166120471804344
17032,344,345,LAE,26.970792073191546
17033,344,345,LAE,11.176608135694774
17034,344,345,LAE,1.473439944745082
17035,344,345,LAE,21.081660665903257
17036,344,345,LAE,20.22427368960247
17037,344,345,LAE,1.6045014937042894
17038,344,349,LAE,2.7462862089393942
17039,344,345,LAE,0.999951850324722
17040,344,359,LAE,18.511741658735183
17041,344,345,LAE,4.481540125063386
17042,344,347,LAE,6.295968325272465
17043,344,345,LAE,2.555107035361647
17044,344,345,LAE,17.786469897828297
17045,344,345,LAE,1.3339654117273207
17046,344,345,LAE,2.9322218916523703
17047,344,345,LAE,16.15864226252547
17048,344,345,LAE,6.512104828367085
17049,344,348,LAE,5.845443374624516
17050,344,349,LAE,10.863518212885525
17051,344,346,LAE,0.9696402558382383
17052,344,345,LAE,10.74662654871664
17053,342,355,LAE,7.48501328375342
17054,342,361,LAE,11.290725412460322
17055,342,348,LAE,6.433386364529609
17056,342,352,LAE,26.142334010051563
17057,342,351,LAE,7.240330799502782
17058,342,346,LAE,5.175409038003846
17059,342,363,LAE,7.126392211523644
17060,342,349,LAE,35.606826071840835
17061,342,346,LAE,25.879764554838477
17062,343,351,LAE,6.447467063772785
17063,343,350,LAE,7.017440354268482
17064,343,347,LAE,11.395394660965355
17065,343,349,LAE,17.654129259949446
17066,343,349,LAE,7.315283638868119
17067,343,346,LAE,14.818070897270655
17068,343,348,LAE,29.482772385653178
17069,344,353,LAE,4.130273438148721
17070,344,348,LAE,28.916985383822045
17071,344,347,LAE,2.2784841067471575
17072,344,350,LAE,6.898502810012627
17073,344,348,LAE,22.101687492471402
17074,344,351,LAE,10.061822152474136
17075,344,347,LAE,42.93593526001583
17076,344,346,LAE,8.160889776620465
17077,344,352,LAE,3.1343556680091695
17078,344,349,LAE,35.85842828782255
17079,344,349,LAE,7.462914633940652
17080,344,346,LAE,3.124534916897963
17081,345,352,LAE,6.075907788955786
17082,345,346,LAE,21.813015385299476
17083,345,350,LAE,10.924479660375315
17084,345,349,LAE,11.732036792034611
17085,345,346,LAE,0.78020499537598
17086,345,346,LAE,50.930260967474986
17087,345,346,LAE,1.098919232709935
17088,345,347,LAE,16.349899569189688
17089,345,350,LAE,10.03644977008255
17090,345,348,LAE,19.259972807737697
17091,345,346,LAE,15.398684085603312
17092,345,346,LAE,19.086339101672877
17093,345,347,LAE,6.652174078144214
17094,345,348,LAE,6.457467668639161
17095,345,351,LAE,2.8025333852894216
17096,345,346,LAE,17.818937714762434
17097,345,347,LAE,7.375244823554586
17098,345,346,LAE,43.176512108756164
17099,345,346,LAE,2.6229644772578484
17100,345,353,LAE,39.23723616067834
17101,345,346,LAE,17.592441582964753
17102,345,347,LAE,3.8116417552657444
17103,345,346,LAE,39.2909710741028
17104,345,346,LAE,1.8230047157261022
17105,345,346,LAE,4.475793775212752
17106,345,349,LAE,24.837809829550462
17107,345,349,LAE,6.0185190608277495
17108,345,346,LAE,4.335188313486713
17109,345,347,LAE,5.146611625088776
17110,345,350,LAE,8.663553763020822
17111,345,351,LAE,12.27149099389881
17112,343,347,LAE,8.946790826927979
17113,343,347,LAE,7.179092461354303
17114,343,347,LAE,42.50885770478574
17115,343,348,LAE,17.692391072000824
17116,343,347,LAE,6.796932351362812
17117,344,347,LAE,17.540249435718053
17118,344,351,LAE,12.196346509374086
17119,344,347,LAE,19.43826151658589
17120,344,347,LAE,15.976590231407652
17121,345,351,LAE,2.3132762970707583
17122,345,347,LAE,12.36057465132835
17123,345,348,LAE,19.65524362500698
17124,345,355,LAE,16.631815828526825
17125,345,350,LAE,2.000814339409919
17126,345,357,LAE,15.626987205068641
17127,345,348,LAE,38.463625899239396
17128,345,349,LAE,22.002972909681695
17129,346,347,LAE,1.5886103990015468
17130,346,351,LAE,20.545968396590407
17131,346,352,LAE,5.852109667644794
17132,346,348,LAE,13.914172956020277
17133,346,347,LAE,16.58624614019318
17134,346,351,LAE,2.195432338274126
17135,346,347,LAE,34.87836736138939
17136,346,347,LAE,0.9763481681264123
17137,346,356,LAE,7.099835447789029
17138,346,351,LAE,0.9512344433283864
17139,346,352,LAE,2.727730645467188
17140,346,349,LAE,2.0012731260362266
17141,346,348,LAE,9.465959571710028
17142,346,349,LAE,1.7703508256863483
17143,346,352,LAE,35.51748554912574
17144,346,348,LAE,1.2780643084896617
17145,346,348,LAE,2.7819072357637697
17146,346,349,LAE,2.9409745919734274
17147,346,350,LAE,6.07109893079292
17148,346,347,LAE,1.0800221663859122
17149,346,347,LAE,4.092713803549184
17150,346,347,LAE,18.918898490288676
17151,346,347,LAE,11.775805367585765
17152,346,347,LAE,2.090356284781504
17153,346,357,LAE,6.4066896941133376
17154,346,348,LAE,1.776838088658701
17155,346,365,LAE,53.02562469879264
17156,346,347,LAE,38.523902555072084
17157,346,347,LAE,6.291787240991806
17158,346,349,LAE,6.533036991579182
17159,346,349,LAE,6.484494470180875
17160,346,351,LAE,15.393951252457843
17161,346,349,LAE,7.163028163903434
17162,346,347,LAE,17.976206205188383
17163,346,349,LAE,2.1033664373528467
17164,346,347,LAE,1.5916829535076684
17165,346,347,LAE,12.76156356762316
17166,346,347,LAE,0.9913581600468492
17167,346,347,LAE,0.8509081836153446
17168,346,350,LAE,11.479607444781704
17169,346,352,LAE,2.4477809696023676
17170,346,350,LAE,31.25348310956633
17171,346,348,LAE,1.8286769283616555
17172,346,350,LAE,50.205711400446404
17173,346,347,LAE,33.261511854012475
17174,346,348,LAE,6.170783747339862
17175,344,349,LAE,12.750350492653773
17176,344,348,LAE,57.70174691105349
17177,344,353,LAE,41.950612550322596
17178,345,348,LAE,2.624287890467141
17179,345,349,LAE,19.66342414772672
17180,345,352,LAE,6.30277439160911
17181,345,348,LAE,9.827569572432703
17182,345,348,LAE,17.989387017014025
17183,345,348,LAE,1.5807807830821659
17184,346,348,LAE,1.7256374863874298
17185,346,348,LAE,13.285063143579018
17186,346,348,LAE,6.03964213357032
17187,346,355,LAE,11.99852774027015
17188,346,353,LAE,4.5301954038012795
17189,346,349,LAE,1.8559461119522929
17190,346,350,LAE,9.971210578004861
17191,346,361,LAE,6.680305318200833
17192,346,348,LAE,19.498579719520176
17193,346,348,LAE,6.54220875614463
17194,346,353,LAE,12.670297424643222
17195,347,349,LAE,13.894924278076891
17196,347,350,LAE,18.0190149159573
17197,347,364,LAE,33.66104948724674
17198,347,349,LAE,1.5036597973565835
17199,347,348,LAE,1.6490006502915218
17200,347,356,LAE,6.018080273350263
17201,347,348,LAE,14.161986105051039
17202,347,351,LAE,3.594538122541895
17203,347,348,LAE,0.809296360422158
17204,347,349,LAE,3.410762535692683
17205,347,349,LAE,4.1818467048557855
17206,347,351,LAE,5.079582274772197
17207,347,348,LAE,10.851411769790896
17208,347,350,LAE,3.5417678778129846
17209,347,348,LAE,17.45564838859372
17210,347,348,LAE,1.0801223822224415
17211,347,353,LAE,14.965994263639123
17212,347,352,LAE,3.058407013061726
17213,345,351,LAE,6.382749398968248
17214,346,349,LAE,1.7160391796341914
17215,346,353,LAE,2.264516409822146
17216,346,349,LAE,39.94230377175524
17217,346,350,LAE,7.07455979344365
17218,346,349,LAE,1.9347388411049637
17219,346,349,LAE,1.6051995739950675
17220,346,358,LAE,9.101144895284024
17221,347,349,LAE,16.00296599870246
17222,347,351,LAE,13.763383261312198
17223,347,349,LAE,2.5593755421193816
17224,347,349,LAE,5.765481297977155
17225,347,349,LAE,19.8976798703716
17226,347,351,LAE,44.786776337730004
17227,347,349,LAE,57.68959552932625
17228,347,349,LAE,1.8755825446144843
17229,347,352,LAE,2.331973470518101
17230,347,356,LAE,25.009632462406575
17231,347,351,LAE,8.872550170626688
17232,347,358,LAE,3.6707457977245563
17233,347,349,LAE,1.4912797167112846
17234,347,350,LAE,8.330034771675274
17235,347,349,LAE,4.647300700918673
17236,347,356,LAE,2.977882202759237
17237,347,351,LAE,3.61594874214454
17238,347,349,LAE,2.77628678757053
17239,347,352,LAE,2.56378862840272
17240,347,352,LAE,6.320581380203323
17241,348,349,LAE,4.22513514327054
17242,348,349,LAE,10.541424575306353
17243,348,349,LAE,21.00637980936427
17244,348,349,LAE,20.97155156865633
17245,348,349,LAE,18.63726565263627
17246,348,349,LAE,6.1906407413550735
17247,348,354,LAE,2.44882925514826
17248,348,350,LAE,0.9945167245572539
17249,348,353,LAE,27.916900844195897
17250,348,349,LAE,24.98274687277804
17251,348,349,LAE,20.36084523717681
17252,348,349,LAE,1.1956134455218834
17253,348,352,LAE,3.062651203684709
17254,348,349,LAE,1.1743736830161418
17255,348,362,LAE,3.4188189892580443
17256,348,352,LAE,5.600481035948695
17257,348,349,LAE,13.81829275235589
17258,348,349,LAE,1.308219839388914
17259,348,352,LAE,1.8517616709899503
17260,348,349,LAE,18.820769681820313
17261,348,350,LAE,8.418887648555566
17262,348,409,LAE,19.70523787779953
17263,348,349,LAE,13.860175044536915
17264,348,350,LAE,6.073463902853054
17265,348,349,LAE,13.939426703879292
17266,348,349,LAE,16.336668020410045
17267,348,349,LAE,23.02896945192674
17268,348,349,LAE,20.760392274955496
17269,348,349,LAE,6.975138925955119
17270,348,350,LAE,18.647188943796728
17271,348,349,LAE,31.961024502405856
17272,348,355,LAE,4.27460930408694
17273,348,355,LAE,28.83102983291217
17274,348,350,LAE,11.071995070119492
17275,346,364,LAE,28.595828725232973
17276,346,360,LAE,10.699972194152169
17277,346,359,LAE,41.12582214477958
17278,346,353,LAE,23.87777065216113
17279,347,358,LAE,31.729887038561607
17280,347,352,LAE,14.494724119567916
17281,347,350,LAE,12.298657592034829
17282,347,396,LAE,44.09450951345959
17283,348,350,LAE,15.097614579229292
17284,348,351,LAE,9.896432285811215
17285,348,356,LAE,48.02806630270986
17286,348,351,LAE,1.6193235057288815
17287,348,350,LAE,17.2588967878832
17288,348,354,LAE,4.248735354731643
17289,348,359,LAE,24.62498998816926
17290,348,351,LAE,8.300267589638361
17291,348,350,LAE,16.241721005272844
17292,348,350,LAE,29.441570304506143
17293,348,359,LAE,5.962740361618331
17294,348,357,LAE,50.715143046972514
17295,348,365,LAE,3.9638274376224687
17296,349,350,LAE,23.145679629258385
17297,349,356,LAE,6.028832912217071
17298,349,350,LAE,2.269135537627504
17299,349,350,LAE,1.0948942871454053
17300,349,352,LAE,6.390427217637984
17301,349,359,LAE,6.730865280653309
17302,349,351,LAE,19.906150135662934
17303,349,352,LAE,6.114421454702823
17304,349,351,LAE,8.93290988814428
17305,349,352,LAE,1.4441661231177854
17306,349,354,LAE,15.852006768736933
17307,349,350,LAE,20.36564399000735
17308,349,350,LAE,1.5652841109246922
17309,349,350,LAE,6.172800103112091
17310,349,351,LAE,20.96632716997222
17311,349,350,LAE,1.64774609789649
17312,349,353,LAE,14.809921694347532
17313,349,350,LAE,19.506960871597617
17314,349,350,LAE,2.0481937327834308
17315,349,353,LAE,6.10263576733187
17316,349,354,LAE,11.734224787269387
17317,349,352,LAE,6.783004326721249
17318,349,351,LAE,11.776271182593126
17319,349,350,LAE,31.794616465362456
17320,347,351,LAE,5.354149921728189
17321,348,351,LAE,1.2859745299405947
17322,348,351,LAE,2.2681698135691057
17323,348,351,LAE,17.99875133780071
17324,348,351,LAE,11.184820710378617
17325,348,357,LAE,19.581161483338814
17326,348,353,LAE,1.745014575441428
17327,348,356,LAE,31.592219564426397
17328,348,351,LAE,3.3407842997169888
17329,348,351,LAE,5.4033751205353635
17330,348,355,LAE,3.153010161133949
17331,349,351,LAE,3.303977648714329
17332,349,353,LAE,6.452418840638964
17333,349,354,LAE,8.592978566611468
17334,349,367,LAE,6.303688724222721
17335,349,355,LAE,15.278667394908977
17336,349,351,LAE,1.4480868603404211
17337,349,351,LAE,7.556158875241728
17338,349,351,LAE,6.013085307531061
17339,349,358,LAE,3.2690438208729
17340,349,351,LAE,6.536293533551204
17341,349,355,LAE,2.2746147265974908
17342,349,351,LAE,2.013175687407443
17343,349,372,LAE,24.600820420150065
17344,349,354,LAE,5.847386572246145
17345,349,362,LAE,5.11992506272014
17346,349,351,LAE,21.76511788380691
17347,350,351,LAE,0.9362618269931277
17348,350,353,LAE,52.044129913769055
17349,350,351,LAE,15.19417889677208
17350,350,353,LAE,20.86634902577218
17351,350,358,LAE,3.5215513272772014
17352,350,352,LAE,1.1408310823584802
17353,350,352,LAE,1.381466829084252
17354,350,351,LAE,17.06428374153778
17355,350,354,LAE,10.180950716386826
17356,350,351,LAE,2.126050611195118
17357,350,351,LAE,5.7747798741381295
17358,350,352,LAE,18.387676610510646
17359,350,359,LAE,3.282744562216451
17360,350,353,LAE,1.9295578497915933
17361,350,375,LAE,30.53667328472411
17362,350,355,LAE,38.35712627390058
17363,350,351,LAE,39.914845829987044
17364,350,351,LAE,11.028809094477007
17365,350,353,LAE,34.058956386751106
17366,350,351,LAE,7.498352914307695
17367,350,351,LAE,13.294320635689962
17368,350,355,LAE,10.073343574695299
17369,350,351,LAE,33.80910026934818
17370,350,351,LAE,11.987488593708168
17371,348,353,LAE,12.4628364452165
17372,348,364,LAE,31.925100151912766
17373,349,357,LAE,21.95059676721702
17374,349,352,LAE,11.905856229379603
17375,349,352,LAE,9.39385499474375
17376,349,355,LAE,30.542387485952588
17377,350,352,LAE,1.1047651067271151
17378,350,352,LAE,43.49322209562709
17379,350,352,LAE,1.6307939545932464
17380,350,359,LAE,9.848991413721976
17381,350,352,LAE,2.035403023306659
17382,350,364,LAE,3.161851649151679
17383,350,352,LAE,1.540965219911264
17384,350,352,LAE,3.450159715944366
17385,350,363,LAE,31.17191769644351
17386,350,352,LAE,34.426908158848775
17387,350,355,LAE,2.0228273801992547
17388,350,352,LAE,2.026854940626132
17389,350,352,LAE,1.5232890286646668
17390,350,355,LAE,9.564961781194322
17391,350,352,LAE,16.476666355638873
17392,350,356,LAE,6.205158652526949
17393,350,352,LAE,1.4654528636242325
17394,350,352,LAE,1.7897333220736127
17395,350,352,LAE,13.386456958323718
17396,350,352,LAE,1.5756840857269334
17397,350,352,LAE,3.6892987921234837
17398,350,352,LAE,1.5542094145010759
17399,350,352,LAE,1.151392493979693
17400,350,355,LAE,27.565178908092452
17401,350,352,LAE,6.405945980635563
17402,350,355,LAE,2.5853598522476973
17403,350,352,LAE,2.199016611859592
17404,351,353,LAE,12.365090067465546
17405,351,352,LAE,2.1839003982695493
17406,351,353,LAE,11.632187142941042
17407,351,356,LAE,14.668945076533193
17408,351,353,LAE,13.960032059127201
17409,351,353,LAE,11.298480166815708
17410,351,354,LAE,7.9840793822237
17411,351,352,LAE,23.03927937000898
17412,351,352,LAE,5.247616236393826
17413,351,352,LAE,3.499581002541717
17414,351,354,LAE,9.603872140202933
17415,351,352,LAE,3.288332597287055
17416,351,360,LAE,42.8721670925098
17417,351,352,LAE,31.11047970715124
17418,351,353,LAE,2.030704372480277
17419,351,353,LAE,28.61809055729268
17420,351,352,LAE,1.3460359254267906
17421,351,352,LAE,2.078487234803298
17422,351,352,LAE,11.992085200679973
17423,351,352,LAE,14.683212769107392
17424,351,352,LAE,2.0825964337987104
17425,349,353,LAE,45.800270366444195
17426,349,353,LAE,6.236558316344152
17427,350,353,LAE,10.770487536682893
17428,350,358,LAE,3.415606195900562
17429,351,354,LAE,8.307805821016435
17430,351,353,LAE,2.2882428251391653
17431,351,357,LAE,1.7389071493000101
17432,351,356,LAE,1.6016377857145805
17433,351,360,LAE,2.272120641561781
17434,351,353,LAE,1.2685824897544182
17435,351,355,LAE,20.482690031247184
17436,351,353,LAE,5.799681200639041
17437,351,357,LAE,5.433435492495531
17438,351,353,LAE,1.3675809589223562
17439,351,354,LAE,27.38120043314937
17440,351,353,LAE,8.487254495323626
17441,351,353,LAE,2.6124027498688696
17442,351,359,LAE,2.408446036825967
17443,351,353,LAE,2.9763307104679755
17444,351,360,LAE,5.464809359788367
17445,351,353,LAE,4.05994890783174
17446,352,353,LAE,5.267950540172608
17447,352,353,LAE,17.645459515954272
17448,352,363,LAE,6.242805550952671
17449,352,353,LAE,39.13185571037819
17450,352,362,LAE,10.8036737379873
17451,352,364,LAE,5.701656319844881
17452,352,353,LAE,20.715160152704236
17453,352,355,LAE,2.1338020964155375
17454,352,353,LAE,25.350831930273703
17455,352,353,LAE,23.05338961539163
17456,352,357,LAE,9.308119625041034
17457,352,353,LAE,1.5226837101585537
17458,352,354,LAE,16.347068025117817
17459,352,353,LAE,22.13011978383878
17460,352,353,LAE,1.1738093598592236
17461,352,353,LAE,6.161107033205441
17462,352,356,LAE,25.754583279020988
17463,352,353,LAE,58.326325129062525
17464,352,353,LAE,27.743194113696706
17465,352,355,LAE,16.897189508656055
17466,352,354,LAE,1.349762885128977
17467,352,353,LAE,12.802723285858985
17468,352,353,LAE,2.6283180862148736
17469,352,356,LAE,10.197463145187248
17470,352,358,LAE,7.145125906270041
17471,352,359,LAE,14.412480627824415
17472,352,353,LAE,12.464499947836847
17473,352,362,LAE,24.922096035539642
17474,350,354,LAE,28.75386246986024
17475,350,355,LAE,12.062780057755928
17476,350,354,LAE,45.51095586943469
17477,350,354,LAE,30.209420836453564
17478,351,354,LAE,3.8418820313697086
17479,351,354,LAE,17.554505961780162
17480,351,354,LAE,1.9843516824368082
17481,351,354,LAE,43.92708983906527
17482,351,358,LAE,24.310729333893534
17483,351,354,LAE,22.75654917955488
17484,351,354,LAE,1.854017030526989
17485,351,362,LAE,3.069098261830666
17486,351,354,LAE,9.301400796769677
17487,351,357,LAE,42.72550101545528
17488,351,409,LAE,26.60258680538691
17489,352,358,LAE,19.718771913909983
17490,352,354,LAE,1.0037713297383506
17491,352,359,LAE,32.69739909536476
17492,352,364,LAE,33.64968929196684
17493,352,354,LAE,10.070174826961102
17494,352,409,LAE,8.691884948634483
17495,352,357,LAE,7.254806752973215
17496,352,355,LAE,35.617409597959146
17497,352,354,LAE,2.5394094154471087
17498,353,367,LAE,17.13807877227196
17499,353,354,LAE,2.1846341292673253
17500,353,354,LAE,7.491659589912175
17501,353,354,LAE,1.0890019729957148
17502,353,356,LAE,40.319798223620026
17503,353,354,LAE,8.613644411688211
17504,353,354,LAE,13.329474206909094
17505,353,363,LAE,13.303468643451858
17506,353,357,LAE,3.248133324200939
17507,353,357,LAE,8.271097118677481
17508,353,356,LAE,5.4781102592647795
17509,353,354,LAE,18.089017654588947
17510,353,360,LAE,2.4623471160622525
17511,353,354,LAE,5.672802520014705
17512,353,358,LAE,2.623880380774659
17513,353,354,LAE,2.5084026937489083
17514,353,358,LAE,7.681826387184961
17515,353,355,LAE,23.44336642268837
17516,353,354,LAE,1.36255043258543
17517,353,356,LAE,2.475403828919221
17518,353,354,LAE,1.2168897770343483
17519,353,358,LAE,19.3187514769601
17520,353,354,LAE,6.095946497741661
17521,353,355,LAE,17.465957967055136
17522,353,356,LAE,1.701677550723593
17523,353,356,LAE,1.6322508322982574
17524,353,356,LAE,18.400489523402662
17525,353,354,LAE,12.60837216127689
17526,353,354,LAE,15.9866322185331
17527,353,354,LAE,5.075085685933083
17528,353,354,LAE,2.0513087020090954
17529,353,365,LAE,3.4276992586456854
17530,351,355,LAE,26.283940592276977
17531,351,355,LAE,8.729415676020286
17532,352,355,LAE,2.161630380648462
17533,352,361,LAE,2.770715925449526
17534,352,355,LAE,13.656843642196446
17535,352,357,LAE,6.796668546123001
17536,352,356,LAE,23.95502575256124
17537,352,358,LAE,1.7515071257397012
17538,352,355,LAE,4.769865669267202
17539,352,355,LAE,3.2247054272107687
17540,352,355,LAE,5.798419723891618
17541,352,363,LAE,6.421104902416756
17542,352,355,LAE,11.591774685930874
17543,352,355,LAE,13.920206385804665
17544,353,355,LAE,5.954152719260229
17545,353,355,LAE,19.78226948544161
17546,353,364,LAE,5.445651134860954
17547,353,358,LAE,1.9296129382354037
17548,353,360,LAE,27.529580245925207
17549,353,355,LAE,12.967318439466268
17550,353,405,LAE,28.099173760343216
17551,353,358,LAE,43.9392897120545
17552,354,355,LAE,12.98256864283972
17553,354,355,LAE,27.371267389173305
17554,354,355,LAE,15.848139674153034
17555,354,367,LAE,9.756578664387057
17556,354,361,LAE,4.899468455740718
17557,354,366,LAE,2.447739344107993
17558,354,355,LAE,1.8282747464524731
17559,354,358,LAE,31.21564921884834
17560,354,355,LAE,10.289347177558033
17561,354,355,LAE,21.078982900068254
17562,354,355,LAE,11.700093757430029
17563,354,355,LAE,14.182096928529278
17564,354,356,LAE,14.906054653774193
17565,354,358,LAE,2.5830411082537594
17566,354,368,LAE,44.88079052986715
17567,354,359,LAE,8.602397366929528
17568,354,355,LAE,2.937684674757951
17569,354,355,LAE,6.258851099089408
17570,354,364,LAE,5.935669760405582
17571,354,355,LAE,5.037740329837266
17572,354,355,LAE,9.242131252208383
17573,354,357,LAE,1.9471789880509343
17574,354,359,LAE,19.86096148620322
17575,354,364,LAE,5.7191218133482575
17576,354,367,LAE,28.26722296659555
17577,354,359,LAE,5.957205023103712
17578,354,358,LAE,5.596513922999578
17579,354,355,LAE,12.158504739471843
17580,354,364,LAE,52.123313440757265
17581,352,409,LAE,6.475060530674117
17582,352,356,LAE,17.84520465314931
17583,352,358,LAE,5.3035888670369715
17584,353,360,LAE,5.891133843563013
17585,353,356,LAE,15.341478392389403
17586,353,356,LAE,1.1396699044960212
17587,353,356,LAE,1.8394250874385407
17588,353,362,LAE,15.595367215472525
17589,353,360,LAE,10.43124739281286
17590,353,360,LAE,50.65591988985298
17591,354,357,LAE,1.7394311555053403
17592,354,357,LAE,2.393471509384267
17593,354,356,LAE,16.168205986834614
17594,354,357,LAE,17.084739613061217
17595,354,357,LAE,7.434712195335173
17596,354,361,LAE,1.592526607184888
17597,354,357,LAE,4.958407062256035
17598,354,357,LAE,46.00233388753515
17599,354,356,LAE,2.5226684692399135
17600,354,356,LAE,2.8306155900261176
17601,354,356,LAE,10.879162785984352
17602,354,366,LAE,12.409430796495613
17603,354,366,LAE,8.685884534576312
17604,354,356,LAE,15.332086262469472
17605,354,377,LAE,5.998096693843432
17606,354,364,LAE,13.369283064463234
17607,354,357,LAE,3.1879379673353863
17608,355,357,LAE,15.419115223838302
17609,355,361,LAE,8.449669871264947
17610,355,356,LAE,8.492096383663538
17611,355,364,LAE,9.014657531977486
17612,355,357,LAE,4.405803527442172
17613,355,356,LAE,17.176363522228154
17614,355,356,LAE,19.69243364145059
17615,355,356,LAE,11.896508228014477
17616,355,356,LAE,15.689589500705816
17617,355,356,LAE,18.47498398104211
17618,355,357,LAE,52.1971806551608
17619,355,358,LAE,7.272104913587959
17620,355,356,LAE,14.522457943592654
17621,355,356,LAE,21.97320135089011
17622,355,357,LAE,10.549181209953218
17623,355,359,LAE,40.059645038480646
17624,355,409,LAE,31.845266063824912
17625,355,356,LAE,28.96458155501057
17626,355,359,LAE,9.0345164982636
17627,355,356,LAE,19.175485172892166
17628,355,357,LAE,44.280901645485024
17629,355,361,LAE,18.01408675898938
17630,353,357,LAE,17.703357907631826
17631,353,357,LAE,10.852675742790087
17632,353,399,LAE,9.259321196900945
17633,354,359,LAE,2.0652259807753235
17634,354,363,LAE,3.9107918451602597
17635,354,370,LAE,11.708930094225938
17636,354,389,LAE,42.99990321489974
17637,354,357,LAE,2.424822892539413
17638,354,357,LAE,1.491227997366836
17639,354,361,LAE,19.05983498025469
17640,354,399,LAE,5.670270495735566
17641,354,357,LAE,1.1495356863447395
17642,354,360,LAE,3.556473760356928
17643,354,364,LAE,3.2259203672573866
17644,354,360,LAE,17.59398869960962
17645,354,363,LAE,16.80374804629158
17646,354,373,LAE,31.294500477592607
17647,354,377,LAE,37.789130651346355
17648,354,357,LAE,2.6325556999439064
17649,354,357,LAE,12.08851310446244
17650,354,357,LAE,1.8565004066636368
17651,355,357,LAE,1.325677936437375
17652,355,359,LAE,1.5405387501000436
17653,355,359,LAE,15.544236090196774
17654,355,409,LAE,25.15209976499665
17655,355,359,LAE,8.782934834908398
17656,355,359,LAE,1.0764107251987296
17657,355,357,LAE,5.095407828645232
17658,355,362,LAE,47.25866114463388
17659,355,357,LAE,5.485662592828559
17660,355,361,LAE,1.5907573535956476
17661,355,370,LAE,47.61925322283627
17662,355,359,LAE,1.7786421508825414
17663,355,357,LAE,5.334145644612188
17664,355,360,LAE,29.622386093250327
17665,355,357,LAE,51.43054594710232
17666,356,357,LAE,1.85806616732529
17667,356,359,LAE,1.236320229333563
17668,356,357,LAE,2.781438049520989
17669,356,371,LAE,12.222203038806786
17670,356,357,LAE,2.167332996752363
17671,356,357,LAE,0.8401467004496853
17672,356,360,LAE,2.1765165462353178
17673,356,357,LAE,1.0224686487907355
17674,356,362,LAE,1.7478345753002893
17675,356,361,LAE,1.8034799093539369
17676,356,360,LAE,2.6127850981786276
17677,356,360,LAE,1.591541164047449
17678,356,357,LAE,12.470590070143459
17679,356,361,LAE,2.416034720503036
17680,356,366,LAE,3.1857534863273353
17681,356,357,LAE,14.507067103819352
17682,356,362,LAE,17.561457608678875
17683,356,357,LAE,4.659275194713472
17684,356,357,LAE,14.51054023368678
17685,356,357,LAE,1.9440636323507503
17686,356,357,LAE,8.716068075288426
17687,356,363,LAE,2.9100240106118
17688,356,359,LAE,2.179333288122773
17689,354,363,LAE,35.46278948496392
17690,354,358,LAE,16.402689193814897
17691,354,358,LAE,9.293569712435165
17692,355,358,LAE,1.4903178825382855
17693,355,358,LAE,5.412359352576001
17694,355,362,LAE,2.4600910565548517
17695,355,359,LAE,14.653548500804213
17696,355,358,LAE,48.37910395132081
17697,355,358,LAE,1.3170827445775877
17698,355,358,LAE,12.962541940536973
17699,355,358,LAE,7.055189853175896
17700,355,358,LAE,2.597875963195953
17701,355,358,LAE,1.697537265344572
17702,355,358,LAE,1.7986319557884645
17703,355,367,LAE,5.925996714980237
17704,355,368,LAE,2.186863050174123
17705,355,360,LAE,4.833527977940346
17706,356,381,LAE,12.965503734222011
17707,356,358,LAE,13.365771044736332
17708,356,358,LAE,23.613500089974856
17709,356,358,LAE,38.686775149463394
17710,356,363,LAE,21.74944738845401
17711,356,358,LAE,1.7595109082807507
17712,357,381,LAE,2.5290252659324013
17713,357,360,LAE,30.246500087208016
17714,357,358,LAE,4.007149710127731
17715,357,358,LAE,4.917510047783818
17716,357,358,LAE,13.640701743509043
17717,357,360,LAE,15.148857117767614
17718,357,363,LAE,7.4514136595656435
17719,357,358,LAE,0.7629714807317736
17720,357,358,LAE,2.6854590878265463
17721,357,358,LAE,18.208626656365087
17722,357,359,LAE,5.25922282969105
17723,357,365,LAE,12.519945647356108
17724,357,365,LAE,5.448323313295732
17725,357,359,LAE,1.2917368415625996
17726,357,361,LAE,15.95987145262862
17727,357,359,LAE,18.367051673516773
17728,357,365,LAE,27.667127934185636
17729,357,358,LAE,25.36743672967734
17730,357,358,LAE,5.271721255832459
17731,357,359,LAE,11.987033985206983
17732,357,363,LAE,5.114528377571834
17733,357,359,LAE,28.403656813726823
17734,357,369,LAE,7.944533445498515
17735,357,358,LAE,15.068678051274023
17736,357,358,LAE,22.165934251170892
17737,357,365,LAE,2.1712577956518646
17738,357,359,LAE,1.3526867123463593
17739,357,361,LAE,2.964616106801632
17740,357,359,LAE,14.17416881518527
17741,355,359,LAE,2.000985977986963
17742,355,363,LAE,10.248951331961589
17743,356,362,LAE,21.9076392378995
17744,356,362,LAE,5.054854272266667
17745,356,375,LAE,2.1162696743872416
17746,356,359,LAE,29.585747692942924
17747,356,360,LAE,5.717091032157485
17748,356,372,LAE,6.264118469365627
17749,356,361,LAE,8.683081477730957
17750,356,408,LAE,5.742361366916023
17751,357,370,LAE,2.3976170470218476
17752,357,361,LAE,5.410117415753055
17753,357,359,LAE,1.3080846640396822
17754,357,367,LAE,40.33628334382126
17755,357,359,LAE,34.09773490016186
17756,357,373,LAE,2.704948246029994
17757,357,361,LAE,2.0882172712514477
17758,357,359,LAE,47.84739826515558
17759,357,359,LAE,15.271668459196587
17760,357,409,LAE,14.543866437793247
17761,357,363,LAE,28.172545011944663
17762,357,360,LAE,2.0403582509376035
17763,357,370,LAE,4.8182949183806665
17764,357,361,LAE,2.12371806185168
17765,357,365,LAE,1.7447875414206553
17766,357,368,LAE,19.073328057960886
17767,357,363,LAE,1.7317081389052214
17768,357,359,LAE,49.281083645870496
17769,357,375,LAE,26.580704247576598
17770,357,378,LAE,2.2652833587567396
17771,357,360,LAE,6.005029009532615
17772,357,363,LAE,1.351311156540667
17773,357,363,LAE,1.8016510283710974
17774,357,361,LAE,25.893282875056343
17775,357,361,LAE,6.909675185501321
17776,357,359,LAE,51.26543604149923
17777,357,363,LAE,13.917529328138901
17778,358,359,LAE,4.99283960281793
17779,358,359,LAE,22.859489704275095
17780,358,359,LAE,0.7536530375398954
17781,358,359,LAE,1.7943159217110916
17782,358,365,LAE,19.516243215444476
17783,358,360,LAE,14.589335926335167
17784,358,359,LAE,21.25819509156871
17785,358,359,LAE,29.0142827109754
17786,358,359,LAE,14.732898961871918
17787,358,365,LAE,1.2532027497046245
17788,358,363,LAE,28.374491973671255
17789,358,359,LAE,28.167172090432718
17790,358,372,LAE,27.417439519639487
17791,358,366,LAE,5.186615572869521
17792,358,363,LAE,8.579126911626089
17793,358,364,LAE,5.278756675863785
17794,356,360,LAE,9.529775880050664
17795,356,360,LAE,1.299914497457568
17796,356,361,LAE,3.791210011347145
17797,356,360,LAE,5.2985751624762525
17798,356,360,LAE,49.03653727217146
17799,356,360,LAE,4.223733047021822
17800,357,360,LAE,1.3441340040926768
17801,357,360,LAE,1.346347339351222
17802,357,360,LAE,3.0843172846701474
17803,357,369,LAE,8.785443755509094
17804,357,360,LAE,2.360172193883159
17805,357,360,LAE,1.0456154804024709
17806,357,363,LAE,26.851211576045667
17807,358,360,LAE,16.191931821751886
17808,358,360,LAE,15.512177693142808
17809,358,360,LAE,4.508307598937199
17810,358,362,LAE,12.655372829250675
17811,358,360,LAE,18.181469493029166
17812,358,360,LAE,31.18210301188403
17813,358,360,LAE,29.242300235093907
17814,358,360,LAE,12.177447485607557
17815,358,361,LAE,22.167256390514225
17816,358,363,LAE,1.2449732146784853
17817,359,360,LAE,4.691915598801384
17818,359,363,LAE,1.341741163533761
17819,359,362,LAE,0.8779131820011816
17820,359,360,LAE,24.82527514941884
17821,359,363,LAE,1.1094062517883942
17822,359,361,LAE,1.5276764724213623
17823,359,360,LAE,5.1281248876226515
17824,359,360,LAE,11.05639030877366
17825,359,360,LAE,35.7396891783393
17826,359,363,LAE,11.390954555392026
17827,359,360,LAE,1.1092062326416945
17828,359,361,LAE,3.751859543758509
17829,359,360,LAE,10.779709753665548
17830,359,360,LAE,1.0103614633967382
17831,359,375,LAE,35.6029649562019
17832,359,361,LAE,0.9282048729150205
17833,359,360,LAE,3.642952417563663
17834,359,360,LAE,49.19269886977082
17835,359,367,LAE,4.3035487843650895
17836,359,367,LAE,24.161084300350243
17837,359,364,LAE,4.910861483358646
17838,359,361,LAE,1.0771352162616454
17839,359,365,LAE,31.758149968846055
17840,359,360,LAE,1.9183219372992033
17841,359,366,LAE,8.796434788953329
17842,357,375,LAE,3.856556387444754
17843,357,361,LAE,9.069867160774482
17844,357,363,LAE,27.227282598245637
17845,357,365,LAE,4.3575298607234725
17846,357,361,LAE,35.6093660885412
17847,357,368,LAE,2.4291120638989607
17848,357,361,LAE,22.71784737349254
17849,358,409,LAE,6.4384078269655545
17850,358,366,LAE,24.61392714471681
17851,358,361,LAE,14.356756132485257
17852,358,361,LAE,8.839470356413726
17853,358,378,LAE,13.082472688566298
17854,358,364,LAE,4.824522227939738
17855,358,363,LAE,17.48182522814099
17856,359,409,LAE,22.223202512844008
17857,359,361,LAE,1.6986287623811358
17858,359,361,LAE,1.47894602578764
17859,359,365,LAE,7.980255441806861
17860,359,361,LAE,6.765361880035708
17861,359,366,LAE,16.661951745554994
17862,359,361,LAE,1.7007234346820141
17863,359,362,LAE,5.120375442312277
17864,359,361,LAE,1.1665786077947684
17865,359,368,LAE,2.551928828061318
17866,359,361,LAE,32.55923671503608
17867,359,361,LAE,1.7965325033344164
17868,359,362,LAE,1.115197993140948
17869,359,367,LAE,20.041597396620254
17870,359,361,LAE,1.722695430140134
17871,359,363,LAE,3.815811660896033
17872,359,380,LAE,17.734204348401907
17873,359,364,LAE,14.782918023713812
17874,359,366,LAE,8.275826924317998
17875,359,362,LAE,4.9255623342903645
17876,359,386,LAE,50.92167464486707
17877,359,370,LAE,7.3804606026412065
17878,359,363,LAE,2.009836813656837
17879,360,361,LAE,1.3530922847261646
17880,360,364,LAE,1.6773702880181416
17881,360,366,LAE,2.1160834873248873
17882,360,361,LAE,16.761857500784853
17883,360,361,LAE,10.485463347200138
17884,360,361,LAE,1.522198777891815
17885,360,367,LAE,1.5590080330635414
17886,360,361,LAE,20.916896174890766
17887,360,367,LAE,1.5053935884586551
17888,360,361,LAE,10.186109165050576
17889,360,364,LAE,2.466637073389545
17890,360,365,LAE,31.300905913757624
17891,360,361,LAE,1.7445588556766818
17892,360,365,LAE,29.017617420516352
17893,360,361,LAE,33.11955166083652
17894,360,361,LAE,17.072776396406024
17895,360,368,LAE,2.0392254130427254
17896,360,364,LAE,1.643138290539431
17897,360,362,LAE,4.628571787333859
17898,360,362,LAE,1.5379269845594885
17899,360,361,LAE,7.250807962597118
17900,360,365,LAE,2.2145149456640634
17901,360,361,LAE,22.397296420631736
17902,360,365,LAE,1.5518702355891723
17903,360,373,LAE,14.968115950136399
17904,360,409,LAE,21.588334315799937
17905,360,361,LAE,4.843853978496178
17906,360,361,LAE,18.004659649185193
17907,360,367,LAE,5.401913349428265
17908,360,361,LAE,23.809147964694457
17909,360,361,LAE,1.2616316518395747
17910,358,372,LAE,19.110599256504933
17911,358,362,LAE,19.848851033260935
17912,359,365,LAE,1.4373677780561287
17913,359,409,LAE,37.46765411074314
17914,359,362,LAE,1.6050750137838072
17915,359,362,LAE,0.9293364721323075
17916,359,362,LAE,2.2090489934861672
17917,359,365,LAE,10.86907489386343
17918,359,364,LAE,5.257036149820812
17919,359,362,LAE,1.150449975262927
17920,359,365,LAE,14.101142715441403
17921,359,369,LAE,19.684957651555987
17922,359,364,LAE,45.814887860196286
17923,359,363,LAE,1.6754102006328406
17924,360,362,LAE,6.11265810466932
17925,360,373,LAE,20.974545519507565
17926,360,362,LAE,7.006154429639007
17927,360,377,LAE,5.803296612543036
17928,360,370,LAE,26.910013189863783
17929,360,362,LAE,0.7727280043049017
17930,360,362,LAE,4.918792045991715
17931,360,365,LAE,2.490954614149026
17932,360,366,LAE,2.385244836093093
17933,360,362,LAE,30.12113221186286
17934,360,362,LAE,4.499832309912753
17935,361,378,LAE,40.78351516984548
17936,361,362,LAE,10.775334219010567
17937,361,364,LAE,7.714152456250263
17938,361,370,LAE,1.8988507782910171
17939,361,374,LAE,17.617334999458045
17940,361,362,LAE,9.28592073553199
17941,361,366,LAE,10.77115092028469
17942,361,362,LAE,1.0700845281373723
17943,361,368,LAE,1.770682776337531
17944,361,362,LAE,2.678241903617576
17945,361,387,LAE,7.6770647325967944
17946,361,363,LAE,1.6929491563758823
17947,361,363,LAE,3.156286255749815
17948,361,362,LAE,0.7660188660457069
17949,361,371,LAE,1.5955034449455208
17950,361,362,LAE,31.05913143891945
17951,361,369,LAE,30.738282656795185
17952,361,362,LAE,0.7536247390850725
17953,361,365,LAE,1.4543581965281676
17954,361,362,LAE,14.12188299104947
17955,361,362,LAE,18.333695254848237
17956,361,362,LAE,15.907265452385435
17957,361,362,LAE,39.66873665931273
17958,361,363,LAE,53.85453457092351
17959,361,365,LAE,1.5102851064069645
17960,361,381,LAE,30.182638490981745
17961,361,362,LAE,8.30012224774129
17962,361,366,LAE,31.346438526627573
17963,361,362,LAE,26.350223301328466
17964,361,362,LAE,13.879408225677453
17965,361,373,LAE,9.315825073489682
17966,361,362,LAE,4.956410751396051
17967,361,367,LAE,1.5609454881629246
17968,359,363,LAE,4.076289245148653
17969,359,363,LAE,9.361514467062056
17970,359,407,LAE,5.475572889506049
17971,359,387,LAE,5.272432633720088
17972,359,364,LAE,39.20184984785035
17973,360,365,LAE,7.493500046836652
17974,360,366,LAE,11.549218087390924
17975,360,367,LAE,41.789432568436936
17976,360,409,LAE,8.140337976841376
17977,360,363,LAE,31.299433817535256
17978,361,379,LAE,14.948970186594506
17979,361,375,LAE,16.91420864206209
17980,361,375,LAE,3.3472053500225885
17981,361,363,LAE,35.17302229154949
17982,361,370,LAE,1.871142131289071
17983,361,373,LAE,22.869041191614848
17984,361,363,LAE,0.9886400554090541
17985,361,376,LAE,2.301383803572244
17986,361,364,LAE,4.653327191129128
17987,361,374,LAE,16.159496128740006
17988,361,370,LAE,5.297431800314827
17989,361,363,LAE,58.000278753175316
17990,361,363,LAE,4.896755510411156
17991,361,367,LAE,9.482403341981435
17992,362,364,LAE,4.967083709521301
17993,362,363,LAE,0.8388223311942041
17994,362,363,LAE,0.7752937465954045
17995,362,363,LAE,3.9313742900121365
17996,362,363,LAE,10.75496362804584
17997,362,363,LAE,12.803595071646486
17998,362,400,LAE,35.11033655843603
17999,362,363,LAE,0.7957319513080164
18000,362,363,LAE,3.7741662985242304
18001,362,373,LAE,7.960028424397988
18002,362,371,LAE,13.712415062400702
18003,362,365,LAE,22.250827019870226
18004,362,363,LAE,32.886451043505645
18005,362,363,LAE,0.6630377602517459
18006,362,364,LAE,0.828799916876595
18007,362,364,LAE,0.8969885663817442
18008,362,363,LAE,20.060645882823987
18009,360,367,LAE,1.3023395014250632
18010,360,367,LAE,31.55503849048846
18011,360,365,LAE,5.065385307018527
18012,361,365,LAE,23.298858703870547
18013,361,364,LAE,1.2021515100411195
18014,361,364,LAE,35.9051959794573
18015,361,364,LAE,4.551778503063764
18016,361,365,LAE,17.018860475882374
18017,361,368,LAE,2.610337310092921
18018,361,409,LAE,33.79058571104078
18019,361,364,LAE,0.9185178464249143
18020,361,364,LAE,16.374691546054283
18021,361,364,LAE,13.291007704037817
18022,362,364,LAE,3.8664870988980997
18023,362,367,LAE,1.4156115645106966
18024,362,365,LAE,4.650118806130743
18025,362,375,LAE,57.92496658385964
18026,362,364,LAE,7.721139156741854
18027,362,364,LAE,9.995075753961869
18028,362,364,LAE,1.4815329972676428
18029,362,364,LAE,5.092975341706407
18030,363,365,LAE,20.883829973922943
18031,363,369,LAE,1.4984637538114098
18032,363,371,LAE,1.4655715520334591
18033,363,368,LAE,9.961463943525523
18034,363,378,LAE,20.593983648184267
18035,363,366,LAE,14.016389939864846
18036,363,367,LAE,7.582126009817425
18037,363,364,LAE,17.15241803997467
18038,363,368,LAE,1.7269901454033119
18039,363,364,LAE,32.090550308748576
18040,363,364,LAE,3.3610819554923483
18041,363,364,LAE,27.960736666276937
18042,363,367,LAE,1.0212925611432293
18043,363,370,LAE,1.1963637568690082
18044,363,366,LAE,1.5654886946833773
18045,363,364,LAE,0.730357070628538
18046,363,365,LAE,1.1137094280120226
18047,363,364,LAE,1.629102887924248
18048,363,368,LAE,0.928363079683651
18049,363,364,LAE,11.501702040270235
18050,363,367,LAE,1.9416152125286914
18051,363,366,LAE,13.530262655639914
18052,363,375,LAE,16.396207791735414
18053,363,364,LAE,1.3004395648183413
18054,363,364,LAE,21.114082717272403
18055,363,364,LAE,10.857333111682845
18056,363,364,LAE,7.877595945612835
18057,363,369,LAE,1.2013677287230964
18058,363,368,LAE,1.989328521072343
18059,363,409,LAE,2.876048957672905
18060,363,370,LAE,3.6695449223654046
18061,363,365,LAE,4.689347829829068
18062,363,364,LAE,8.447814496960833
18063,363,373,LAE,1.6895877447272338
18064,363,364,LAE,0.7158601120631578
18065,363,364,LAE,0.817919438901899
18066,363,364,LAE,0.7154657404519055
18067,363,370,LAE,1.3773961039436595
18068,363,365,LAE,12.824676837932678
18069,363,364,LAE,18.190529579123922
18070,363,364,LAE,16.050784142950235
18071,363,365,LAE,21.136166411522478
18072,363,375,LAE,2.5229887434022262
18073,363,369,LAE,1.5837481165765337
18074,363,364,LAE,4.645968732504353
18075,363,409,LAE,13.852127480226525
18076,363,364,LAE,4.768797278940249
18077,363,364,LAE,1.6536401368731102
18078,361,365,LAE,4.40621242706006
18079,361,365,LAE,14.789414662453868
18080,361,370,LAE,9.91568859464098
18081,361,365,LAE,1.2198413580231768
18082,361,365,LAE,2.1184756771895628
18083,361,367,LAE,13.125668399419242
18084,362,365,LAE,1.1727164766316114
18085,362,366,LAE,17.770123202585182
18086,362,365,LAE,1.223137873869864
18087,362,365,LAE,19.18269212038067
18088,362,365,LAE,21.012555300900793
18089,362,365,LAE,53.68065209343376
18090,362,375,LAE,29.83127830106633
18091,362,367,LAE,1.5251517854038839
18092,362,370,LAE,24.600236440653134
18093,362,365,LAE,0.9203609274115173
18094,362,380,LAE,1.757135140514244
18095,363,368,LAE,6.639001431204136
18096,363,379,LAE,1.573546633952508
18097,363,365,LAE,1.139289427956109
18098,363,367,LAE,0.9491654994875961
18099,363,368,LAE,1.7884685428572704
18100,363,365,LAE,36.05302500716184
18101,363,370,LAE,1.545802369038085
18102,363,367,LAE,1.0517948714542387
18103,363,365,LAE,0.7858094562497943
18104,363,365,LAE,45.21795471639717
18105,363,365,LAE,4.357659780227189
18106,363,365,LAE,5.392991559673573
18107,363,365,LAE,32.11138822551185
18108,363,366,LAE,5.067252308658143
18109,364,367,LAE,19.200826027735985
18110,364,377,LAE,8.27627291600418
18111,364,367,LAE,4.452467118390399
18112,364,365,LAE,1.035147455845148
18113,364,365,LAE,4.837058270835864
18114,364,383,LAE,2.1311746163582583
18115,364,368,LAE,1.4459936456866687
18116,364,365,LAE,13.260180488994608
18117,364,365,LAE,15.554141809120825
18118,364,367,LAE,1.7009246607531292
18119,364,367,LAE,1.4175427823374127
18120,364,366,LAE,16.7417119044239
18121,364,370,LAE,0.9797861781463333
18122,364,367,LAE,1.7289064179049993
18123,364,366,LAE,13.43087884884715
18124,364,370,LAE,1.8130371285131253
18125,364,366,LAE,8.67886299280337
18126,364,367,LAE,18.27245837090296
18127,364,365,LAE,3.995005053785206
18128,364,409,LAE,28.62905634975722
18129,364,365,LAE,1.684337591669308
18130,364,365,LAE,15.285681879054891
18131,364,365,LAE,5.113376246534074
18132,364,365,LAE,14.96968820008862
18133,362,370,LAE,7.755529099433928
18134,362,366,LAE,5.298394218890903
18135,362,366,LAE,18.706248727380483
18136,362,367,LAE,20.805682778077944
18137,362,374,LAE,14.527943744256342
18138,362,366,LAE,12.252528032025536
18139,362,367,LAE,15.977504031075815
18140,362,374,LAE,2.044445025620924
18141,363,366,LAE,1.3178086140223444
18142,363,408,LAE,45.92251891317562
18143,363,373,LAE,15.640287700469768
18144,363,366,LAE,1.0845173770888696
18145,363,384,LAE,1.5783303905740202
18146,364,374,LAE,2.1502944901812704
18147,364,366,LAE,21.159136347875233
18148,364,366,LAE,1.5829646196704923
18149,364,366,LAE,4.661123442219615
18150,364,370,LAE,1.9904738054935631
18151,364,374,LAE,1.431921236990813
18152,364,374,LAE,29.004073371635947
18153,364,371,LAE,1.3310956732850538
18154,364,366,LAE,1.1085391929532007
18155,364,368,LAE,11.556732020657455
18156,364,366,LAE,1.1113828624591124
18157,364,366,LAE,2.8813603003876502
18158,365,387,LAE,4.1817004904950315
18159,365,366,LAE,28.850117900059146
18160,365,368,LAE,21.346138359267268
18161,365,366,LAE,13.090805773751635
18162,365,370,LAE,32.79979241365003
18163,365,372,LAE,15.338220566342933
18164,365,378,LAE,4.87793620001114
18165,365,370,LAE,1.8755922494744885
18166,365,407,LAE,1.9210698244138007
18167,365,369,LAE,0.988778561145101
18168,365,366,LAE,23.54529660132429
18169,365,408,LAE,40.06826059538697
18170,365,366,LAE,10.424556809014314
18171,365,370,LAE,0.9580142337270321
18172,365,367,LAE,1.9839369011926524
18173,363,367,LAE,1.1060722393758455
18174,363,376,LAE,30.109972061068635
18175,363,367,LAE,4.7625236157001405
18176,363,367,LAE,9.689563941794942
18177,363,375,LAE,18.796697378781143
18178,364,408,LAE,4.118037326047752
18179,364,368,LAE,1.9980433226721714
18180,364,367,LAE,6.7841810367971656
18181,364,367,LAE,0.9420764058158942
18182,364,392,LAE,3.403890751164927
18183,364,370,LAE,46.95689407075714
18184,364,406,LAE,21.738295009577424
18185,365,368,LAE,1.7435424800892052
18186,365,409,LAE,7.8860376049409915
18187,365,369,LAE,0.952584207638325
18188,365,368,LAE,0.8708022585108343
18189,365,367,LAE,0.8659961595125056
18190,365,383,LAE,4.762531353769547
18191,365,381,LAE,17.99515823416057
18192,365,367,LAE,1.1759866579578813
18193,365,372,LAE,4.206964487867091
18194,365,385,LAE,1.9853569117160699
18195,365,367,LAE,4.609442798337992
18196,365,397,LAE,1.994399767754436
18197,365,367,LAE,21.141761322904227
18198,365,367,LAE,1.0275354506276884
18199,365,409,LAE,13.724014524965872
18200,366,368,LAE,28.959389682763096
18201,366,371,LAE,1.2826983705642707
18202,366,370,LAE,21.526208731872135
18203,366,367,LAE,2.7853006559691145
18204,366,367,LAE,14.168287379050637
18205,366,378,LAE,7.7629476181604105
18206,366,369,LAE,0.830962320760839
18207,366,367,LAE,0.6552644571110241
18208,366,367,LAE,4.151308531227054
18209,366,372,LAE,1.7632492221107567
18210,366,370,LAE,0.8394182590219571
18211,366,367,LAE,0.6950967947273261
18212,366,379,LAE,22.73208833770943
18213,366,369,LAE,53.49364514515445
18214,366,371,LAE,1.5327107973916305
18215,366,369,LAE,2.004394964916529
18216,366,369,LAE,0.8219365271244548
18217,366,370,LAE,21.05122067270409
18218,366,367,LAE,0.9014123858209059
18219,366,367,LAE,7.8859478796295885
18220,366,384,LAE,2.1200015945850423
18221,366,370,LAE,1.5268369378854483
18222,364,368,LAE,25.090702587354375
18223,364,401,LAE,7.718557326770612
18224,364,373,LAE,1.437292477207506
18225,364,409,LAE,17.8770454834095
18226,364,368,LAE,1.8799188635156618
18227,365,369,LAE,21.082382936568735
18228,365,405,LAE,7.536266287535362
18229,365,372,LAE,10.396385733333792
18230,365,368,LAE,8.697999889544096
18231,366,369,LAE,1.6066755911275832
18232,366,368,LAE,1.025843322622006
18233,366,372,LAE,1.6113752736851479
18234,366,371,LAE,0.9525928239174911
18235,366,373,LAE,1.1367775455979658
18236,366,369,LAE,0.9654793104185635
18237,366,368,LAE,0.8646468005808248
18238,366,368,LAE,1.3083319491347816
18239,366,374,LAE,7.299544913785702
18240,366,370,LAE,3.2128020453844206
18241,366,368,LAE,12.76419523746344
18242,366,409,LAE,2.1624216698126735
18243,366,370,LAE,4.065091041843974
18244,366,369,LAE,1.1159882982062974
18245,366,368,LAE,1.1932431245755049
18246,366,369,LAE,53.89061141852937
18247,366,368,LAE,0.7529748038001759
18248,366,376,LAE,1.9025734860279033
18249,367,377,LAE,1.0219598760556192
18250,367,379,LAE,6.864838383076992
18251,367,370,LAE,9.265814819555228
18252,367,369,LAE,29.952427227692873
18253,367,368,LAE,7.350904714404692
18254,367,372,LAE,10.628992335654178
18255,367,368,LAE,16.36741650674432
18256,367,371,LAE,1.0099832494569687
18257,367,383,LAE,54.00854971918153
18258,367,368,LAE,22.232380535498006
18259,367,368,LAE,41.849980295151724
18260,367,373,LAE,5.968302577346625
18261,367,384,LAE,27.63201326726332
18262,367,368,LAE,1.6802807809107287
18263,367,371,LAE,12.900910747505897
18264,367,370,LAE,3.6406027669725063
18265,367,373,LAE,4.727279012023923
18266,367,368,LAE,3.8914438429408835
18267,367,368,LAE,6.790968907134099
18268,367,409,LAE,4.798844953507175
18269,367,386,LAE,4.508309360560567
18270,365,369,LAE,21.530442150538097
18271,365,409,LAE,2.650482981322963
18272,365,371,LAE,1.33662064634509
18273,365,370,LAE,13.290563783814054
18274,366,369,LAE,0.8134834639734475
18275,366,409,LAE,7.195631543158567
18276,366,375,LAE,1.7930860092496643
18277,366,371,LAE,1.8773673158030866
18278,366,374,LAE,9.609343457722884
18279,366,371,LAE,1.0804889944107345
18280,366,376,LAE,1.7954174847694824
18281,367,384,LAE,4.679058450259484
18282,367,371,LAE,6.860191173836723
18283,367,369,LAE,0.7170120392131832
18284,367,374,LAE,17.733999285011375
18285,367,370,LAE,0.7533163676970084
18286,367,370,LAE,1.678152414114391
18287,367,369,LAE,11.042941006670874
18288,367,369,LAE,1.1201314491442367
18289,367,369,LAE,29.248631668339865
18290,367,385,LAE,10.103131182755929
18291,367,371,LAE,0.9753987374354928
18292,368,370,LAE,1.9081449505488681
18293,368,409,LAE,1.708084113701509
18294,368,372,LAE,0.9891016809929483
18295,368,378,LAE,1.1218457204337724
18296,368,369,LAE,0.7614458898970995
18297,368,370,LAE,1.5415691591901222
18298,368,369,LAE,1.344125121175151
18299,368,369,LAE,0.7943677285779316
18300,368,369,LAE,0.6937521894693224
18301,368,377,LAE,1.200655404745516
18302,368,369,LAE,13.972892834144677
18303,368,375,LAE,15.10606365746577
18304,368,373,LAE,17.914680920599693
18305,368,388,LAE,2.545631576971177
18306,368,387,LAE,34.53983412759048
18307,368,379,LAE,1.6587660651904226
18308,368,372,LAE,1.2932341617236163
18309,368,378,LAE,1.365532485860348
18310,368,378,LAE,0.9891715732746867
18311,368,369,LAE,0.6521303367173605
18312,368,369,LAE,2.359793225820549
18313,368,409,LAE,25.718270897563276
18314,368,409,LAE,5.109107461205263
18315,368,371,LAE,0.8023430202558852
18316,368,378,LAE,12.620803140301772
18317,368,395,LAE,15.043286727134408
18318,368,371,LAE,22.289511574018213
18319,368,369,LAE,8.93331856809085
18320,366,370,LAE,6.772234332125398
18321,367,370,LAE,4.751976950346912
18322,367,371,LAE,15.517790184577356
18323,367,370,LAE,1.806114818137805
18324,367,383,LAE,7.40637986870432
18325,368,371,LAE,17.782822533014045
18326,368,371,LAE,7.189691395533086
18327,368,409,LAE,34.37316767700874
18328,368,370,LAE,1.0261134892838075
18329,368,373,LAE,1.0043580184497178
18330,368,370,LAE,0.8951156847714489
18331,368,370,LAE,10.066691597899165
18332,368,370,LAE,0.7277716108503839
18333,368,370,LAE,8.576892094008112
18334,369,388,LAE,7.271829847564522
18335,369,387,LAE,34.78976480561251
18336,369,370,LAE,0.707412226930154
18337,369,371,LAE,15.049545160240827
18338,369,370,LAE,39.067288575913004
18339,369,383,LAE,32.11243153151478
18340,369,374,LAE,1.2390037667368041
18341,369,384,LAE,7.520381137188659
18342,369,370,LAE,0.671200170357127
18343,369,370,LAE,6.746873280915155
18344,369,372,LAE,30.288920956519558
18345,369,372,LAE,0.7954453103516822
18346,369,409,LAE,32.98259477431504
18347,369,373,LAE,25.922831887804392
18348,369,373,LAE,17.335286009762072
18349,369,373,LAE,44.107874851349195
18350,369,371,LAE,6.618955070068743
18351,369,370,LAE,0.7934560459627379
18352,369,371,LAE,3.8545780769052556
18353,369,374,LAE,1.7058476140869054
18354,369,370,LAE,5.158192167898751
18355,369,370,LAE,0.6537908578823548
18356,369,375,LAE,13.378299996286383
18357,369,372,LAE,7.74287987679843
18358,369,370,LAE,29.301530537243224
18359,369,374,LAE,16.94313565332073
18360,369,370,LAE,19.740156323486634
18361,367,380,LAE,7.932630649248714
18362,367,389,LAE,10.96178733804546
18363,367,393,LAE,3.17618050756368
18364,367,375,LAE,7.528874044829587
18365,367,371,LAE,1.013241117623894
18366,367,374,LAE,24.51538966086722
18367,368,377,LAE,2.0550348021888265
18368,368,372,LAE,6.654693729446745
18369,368,373,LAE,1.5264095000797453
18370,368,385,LAE,2.111805849737539
18371,368,371,LAE,7.037647102012169
18372,368,374,LAE,1.488708495350715
18373,369,387,LAE,27.256265649799328
18374,369,375,LAE,1.2617505050370477
18375,369,380,LAE,1.502279249926257
18376,369,375,LAE,11.661006157783063
18377,369,374,LAE,0.8818915251317277
18378,369,371,LAE,2.473503681422326
18379,369,373,LAE,0.7968858027235779
18380,369,372,LAE,1.3977050782294231
18381,369,371,LAE,18.561065227309594
18382,369,371,LAE,1.189565721945377
18383,369,371,LAE,3.669584454015321
18384,370,371,LAE,22.08329629352587
18385,370,372,LAE,13.023530594608854
18386,370,378,LAE,10.896913204446514
18387,370,371,LAE,18.836951375607565
18388,370,373,LAE,15.393589802630654
18389,370,382,LAE,15.771703565474475
18390,370,372,LAE,21.933844683514682
18391,370,374,LAE,20.99122159033496
18392,370,372,LAE,22.770512204770853
18393,370,380,LAE,0.9760616385977788
18394,370,374,LAE,10.453561923540386
18395,370,385,LAE,1.0769569456553671
18396,370,409,LAE,17.500805846479278
18397,370,373,LAE,0.767527516295299
18398,370,383,LAE,33.63060811403592
18399,370,373,LAE,1.2303902954667538
18400,370,379,LAE,19.88784293634752
18401,370,379,LAE,4.237325588247411
18402,370,393,LAE,15.028624844417859
18403,370,375,LAE,9.032115762372529
18404,370,385,LAE,31.71481926206903
18405,370,372,LAE,0.7242665861074664
18406,370,373,LAE,0.786308974783822
18407,370,371,LAE,14.374529572123974
18408,370,409,LAE,4.573757495104507
18409,370,375,LAE,0.8050207614796907
18410,370,379,LAE,7.389037238894344
18411,370,371,LAE,0.7963786862687768
18412,370,383,LAE,2.122645914608454
18413,370,375,LAE,13.217199590875223
18414,370,376,LAE,1.5607095997396523
18415,370,371,LAE,1.4620801209657843
18416,370,371,LAE,0.7842245827237165
18417,370,371,LAE,1.6292403066696735
18418,368,372,LAE,1.2718499153658627
18419,368,372,LAE,12.345980058173355
18420,368,409,LAE,3.6409927885296414
18421,368,372,LAE,7.301653947314794
18422,368,372,LAE,1.702679156457883
18423,369,375,LAE,8.94648779773057
18424,369,373,LAE,25.899231549992635
18425,369,375,LAE,14.619197967489463
18426,369,379,LAE,1.1061303092735504
18427,369,372,LAE,3.887163305542068
18428,369,376,LAE,56.93071939149021
18429,369,372,LAE,6.81137478905632
18430,369,372,LAE,3.537845776222447
18431,370,379,LAE,1.0528813032247386
18432,370,384,LAE,12.993393998698801
18433,370,373,LAE,13.589563808996113
18434,370,373,LAE,8.550574170863124
18435,370,378,LAE,1.749747424123343
18436,370,388,LAE,36.41204581729373
18437,370,372,LAE,2.326946497880081
18438,370,372,LAE,11.995862627660468
18439,370,375,LAE,1.1194499295631781
18440,370,372,LAE,1.317607971321485
18441,370,373,LAE,10.55678437425521
18442,370,378,LAE,13.574595917587889
18443,370,373,LAE,1.22680005579432
18444,370,372,LAE,11.98793859590522
18445,370,372,LAE,0.9048934628935847
18446,370,372,LAE,1.255414924427978
18447,371,372,LAE,0.6371533584232401
18448,371,394,LAE,1.19608800643268
18449,371,374,LAE,8.013952325537561
18450,371,375,LAE,0.8775277647013002
18451,371,373,LAE,0.9194630344749476
18452,371,372,LAE,19.308872382023488
18453,371,377,LAE,16.79069640476326
18454,371,373,LAE,8.470799545569527
18455,371,409,LAE,4.135770927859045
18456,371,372,LAE,14.105482577544384
18457,371,373,LAE,17.805008500649834
18458,371,381,LAE,16.640432996481916
18459,371,375,LAE,4.501857318800799
18460,371,372,LAE,0.6885873728360129
18461,371,378,LAE,7.544064348932715
18462,371,372,LAE,0.6545701237274609
18463,371,375,LAE,13.203041517951982
18464,371,372,LAE,0.6727016359896761
18465,371,374,LAE,17.108798664551355
18466,371,382,LAE,1.1728580292558666
18467,371,392,LAE,21.61224868067137
18468,371,374,LAE,1.397943073133944
18469,371,378,LAE,0.9710448501920128
18470,371,372,LAE,2.0738461583353653
18471,371,372,LAE,15.947118810504868
18472,371,373,LAE,16.166434841584987
18473,371,376,LAE,13.660685450793974
18474,371,376,LAE,4.726764300027539
18475,369,373,LAE,1.1406216890323768
18476,369,373,LAE,29.02915359298865
18477,369,385,LAE,34.094028087835746
18478,369,373,LAE,10.53121937762557
18479,369,377,LAE,7.599808965729246
18480,369,409,LAE,44.68768696361908
18481,370,377,LAE,10.137462194104836
18482,370,385,LAE,45.00497154930753
18483,370,373,LAE,48.737872440284065
18484,370,394,LAE,6.883594036906147
18485,370,388,LAE,24.472988274506864
18486,370,374,LAE,4.778780857867334
18487,370,384,LAE,4.477491008010623
18488,370,381,LAE,6.243652537344766
18489,371,373,LAE,31.076646931983085
18490,371,377,LAE,14.74328447556685
18491,371,409,LAE,21.099364900222064
18492,371,373,LAE,13.36138752259699
18493,371,375,LAE,12.010099508904727
18494,371,373,LAE,11.252636545680753
18495,371,376,LAE,39.78570039191137
18496,371,373,LAE,3.882094506201569
18497,371,373,LAE,28.194479784032715
18498,371,373,LAE,46.184603776435424
18499,372,396,LAE,1.1285744878996993
18500,372,373,LAE,20.65460933074699
18501,372,401,LAE,3.3438045399567278
18502,372,382,LAE,1.69031287012673
18503,372,373,LAE,1.9292483025942186
18504,372,409,LAE,4.720987648619629
18505,372,375,LAE,29.267517050362162
18506,372,376,LAE,0.7623988448920531
18507,372,373,LAE,23.29750177537897
18508,372,380,LAE,19.013721130963408
18509,372,374,LAE,10.601565407269925
18510,372,377,LAE,2.996900569882822
18511,372,376,LAE,0.7656249889924698
18512,372,373,LAE,7.484472523364143
18513,372,377,LAE,11.498444958699748
18514,372,381,LAE,16.16109359750405
18515,372,376,LAE,12.86365592998525
18516,372,373,LAE,6.839592236782928
18517,372,409,LAE,3.444965053100422
18518,372,379,LAE,1.7425035684248424
18519,372,374,LAE,3.8692717523471716
18520,372,378,LAE,14.780613515370746
18521,372,389,LAE,1.595038787361151
18522,372,373,LAE,9.756704356681306
18523,370,399,LAE,6.021844670638012
18524,370,374,LAE,14.171062765144425
18525,370,374,LAE,4.927121881250843
18526,371,374,LAE,1.479759820357836
18527,371,374,LAE,3.7569803345354784
18528,371,374,LAE,37.274490360864036
18529,371,380,LAE,15.411127064196512
18530,371,374,LAE,24.681646781546718
18531,371,374,LAE,11.919533392203476
18532,372,409,LAE,49.134367381075954
18533,372,374,LAE,0.6928718502788501
18534,372,374,LAE,22.574961771662146
18535,372,374,LAE,1.1053596558336625
18536,372,376,LAE,7.2114070102364165
18537,372,388,LAE,0.9861372172962539
18538,372,379,LAE,2.0881643047737337
18539,372,376,LAE,30.494122500484547
18540,372,388,LAE,0.9523168119640177
18541,372,374,LAE,0.7287582978338251
18542,372,383,LAE,3.0982191032808983
18543,372,374,LAE,4.596827757201611
18544,372,374,LAE,21.839174451925206
18545,372,379,LAE,1.7741423119499713
18546,372,374,LAE,0.9909690741063983
18547,372,383,LAE,1.2491038541479849
18548,372,374,LAE,3.3373542702736376
18549,373,409,LAE,20.65367034511315
18550,373,390,LAE,14.476026316127355
18551,373,375,LAE,33.67811435408197
18552,373,374,LAE,16.761725007180114
18553,373,375,LAE,12.652418157912829
18554,373,407,LAE,31.230335134146664
18555,373,380,LAE,26.26556159004624
18556,373,386,LAE,31.487942250396536
18557,373,374,LAE,1.4981924388938013
18558,373,374,LAE,9.221978755082072
18559,373,378,LAE,4.492945814229911
18560,373,386,LAE,20.91127638536534
18561,373,377,LAE,1.7679567901573117
18562,373,391,LAE,1.0297563454786318
18563,373,374,LAE,43.001561224344115
18564,373,375,LAE,33.702255601507595
18565,373,396,LAE,17.740670717578244
18566,373,374,LAE,11.748773105134852
18567,373,390,LAE,4.8386334683050505
18568,373,383,LAE,15.954113954992508
18569,373,374,LAE,1.576246625903063
18570,373,374,LAE,9.306111555891697
18571,371,409,LAE,15.210438139168183
18572,371,409,LAE,1.8308394355452735
18573,372,375,LAE,13.006819689807715
18574,372,375,LAE,2.9262191527303987
18575,373,382,LAE,11.16202204945808
18576,373,378,LAE,1.4211250467089747
18577,373,389,LAE,1.1753961438387357
18578,374,379,LAE,11.208167269149149
18579,374,376,LAE,48.341029279113854
18580,374,377,LAE,11.671018112689103
18581,374,376,LAE,0.6983716817182173
18582,374,376,LAE,18.56629068419214
18583,374,383,LAE,25.418926113658873
18584,374,392,LAE,19.111356504414772
18585,374,382,LAE,8.838532787593323
18586,374,408,LAE,1.7223615070926528
18587,374,376,LAE,20.25464816449646
18588,374,375,LAE,1.0795510463927631
18589,374,409,LAE,3.3185743556084746
18590,374,375,LAE,3.1714318364335874
18591,374,377,LAE,0.6804861951448141
18592,374,409,LAE,1.7225190080401467
18593,374,377,LAE,11.490163126987248
18594,374,375,LAE,0.6541387968894299
18595,374,378,LAE,14.591129750684884
18596,374,379,LAE,19.096605348738272
18597,374,375,LAE,8.068883218021018
18598,374,379,LAE,30.928709431686656
18599,374,408,LAE,22.082597115838645
18600,374,375,LAE,1.1713371405516226
18601,374,378,LAE,1.327761490592542
18602,374,391,LAE,10.29778787459298
18603,374,394,LAE,29.371520370137382
18604,374,384,LAE,4.314052693372224
18605,372,390,LAE,29.40706987158502
18606,373,409,LAE,16.332406953368057
18607,373,376,LAE,0.7518598936958443
18608,373,377,LAE,1.0304007987441197
18609,373,379,LAE,12.947959073230557
18610,373,382,LAE,1.5399849366306906
18611,374,380,LAE,0.7921698462233928
18612,374,385,LAE,16.25328573899585
18613,374,401,LAE,24.9862800524493
18614,374,379,LAE,3.014390647067038
18615,374,377,LAE,2.75600148204231
18616,374,394,LAE,1.3038681511153614
18617,374,376,LAE,27.703457470337696
18618,374,377,LAE,7.8686003041573604
18619,374,379,LAE,1.0120381470464408
18620,375,380,LAE,12.943343404907795
18621,375,378,LAE,0.6732278336382711
18622,375,392,LAE,18.361202809648187
18623,375,386,LAE,22.163450545607205
18624,375,409,LAE,2.374875109741326
18625,375,380,LAE,9.790894625517105
18626,375,379,LAE,7.512208054878889
18627,375,409,LAE,4.980896747731893
18628,375,377,LAE,1.3039195022518042
18629,375,383,LAE,1.5525394699324417
18630,375,384,LAE,27.495072913540774
18631,375,395,LAE,0.902780119957411
18632,375,378,LAE,11.563300987539709
18633,375,378,LAE,16.973511514352246
18634,375,377,LAE,0.6728591186707911
18635,375,382,LAE,1.7126453356999214
18636,375,395,LAE,0.9102194705524003
18637,375,376,LAE,7.144305573004534
18638,375,376,LAE,1.2853408187493116
18639,375,387,LAE,0.938541919712354
18640,375,382,LAE,0.8477031735471984
18641,375,379,LAE,0.8409161759075939
18642,373,409,LAE,7.819738643800469
18643,373,378,LAE,34.76108211514828
18644,373,388,LAE,3.6429621568942023
18645,373,377,LAE,44.06250471366607
18646,373,409,LAE,1.6632231237073822
18647,373,377,LAE,2.8333327621877697
18648,373,377,LAE,6.750797034534401
18649,373,382,LAE,14.626476527917179
18650,374,385,LAE,17.032518251862722
18651,374,377,LAE,0.8989637553029837
18652,374,402,LAE,14.403080833431376
18653,374,381,LAE,7.615833035415709
18654,374,409,LAE,54.317363264075404
18655,374,377,LAE,14.792469680511603
18656,374,377,LAE,4.473379059506342
18657,374,377,LAE,16.18874853321
18658,374,398,LAE,27.992966907652967
18659,375,391,LAE,1.7335984756395675
18660,375,377,LAE,14.378142774444612
18661,375,377,LAE,18.660210942110602
18662,375,396,LAE,14.35340927025889
18663,375,377,LAE,36.00577621359736
18664,375,379,LAE,1.1084271023840653
18665,375,380,LAE,0.986172313633669
18666,375,383,LAE,1.3272690574902384
18667,375,379,LAE,0.7191264894868533
18668,376,378,LAE,16.73931714146684
18669,376,381,LAE,9.000967508945003
18670,376,385,LAE,17.241965625719214
18671,376,377,LAE,0.5974842178662215
18672,376,378,LAE,1.7026303346423792
18673,376,409,LAE,14.70971448536828
18674,376,379,LAE,23.218326312055996
18675,376,377,LAE,0.8178132884920357
18676,376,381,LAE,29.504580236091943
18677,376,378,LAE,8.701997190894943
18678,376,379,LAE,1.2161283861946424
18679,376,383,LAE,1.318282197068709
18680,376,409,LAE,2.799609067460884
18681,376,377,LAE,8.225571480756066
18682,376,394,LAE,10.397791896116292
18683,376,379,LAE,27.251916265279025
18684,376,409,LAE,1.1124162817039642
18685,376,377,LAE,9.703616685449287
18686,376,377,LAE,8.847618500074004
18687,376,391,LAE,17.73911630014265
18688,376,409,LAE,1.2620327699297205
18689,376,379,LAE,1.6333908433632192
18690,376,377,LAE,1.2311187159514962
18691,376,377,LAE,37.47249935481778
18692,376,392,LAE,16.603554428992513
18693,374,379,LAE,20.187494700489427
18694,374,378,LAE,21.427812120492504
18695,374,378,LAE,12.636126411903936
18696,374,382,LAE,25.70810897285193
18697,374,378,LAE,17.82665144260539
18698,374,380,LAE,3.0371837183415527
18699,375,381,LAE,3.6827011732578687
18700,375,378,LAE,0.8750208376755523
18701,375,378,LAE,39.80431323656439
18702,375,378,LAE,26.05212173068681
18703,375,378,LAE,1.1316421581288134
18704,375,378,LAE,1.0633320158883701
18705,375,378,LAE,0.8760471267023358
18706,376,382,LAE,0.816527929560135
18707,376,409,LAE,3.233782216967003
18708,376,391,LAE,26.164071170500385
18709,376,378,LAE,2.1501982276172615
18710,376,400,LAE,0.9005433220103649
18711,376,391,LAE,0.9453536932869194
18712,376,391,LAE,7.455025570368825
18713,376,378,LAE,1.0003741462073115
18714,376,383,LAE,20.47996165375373
18715,376,383,LAE,0.9539315514941725
18716,376,409,LAE,3.6414434761532686
18717,376,397,LAE,0.9292014764117867
18718,376,378,LAE,0.6706528314877569
18719,376,378,LAE,0.7061980825961708
18720,376,380,LAE,0.8423693746988777
18721,377,379,LAE,0.7014441981185748
18722,377,409,LAE,3.2730409457791865
18723,377,381,LAE,0.7114571991307297
18724,377,399,LAE,1.3183805152322525
18725,377,383,LAE,5.592232967231956
18726,377,388,LAE,22.9030536109663
18727,377,378,LAE,4.614560658071074
18728,377,378,LAE,9.265181997889053
18729,377,386,LAE,14.799627958304889
18730,377,379,LAE,15.820506284270818
18731,377,378,LAE,0.8354885488910276
18732,377,409,LAE,11.465091914269573
18733,377,378,LAE,27.659237219861797
18734,377,378,LAE,9.92244748785492
18735,377,404,LAE,9.1967814608357
18736,377,378,LAE,1.0478979169582576
18737,377,378,LAE,12.566457609154874
18738,377,397,LAE,16.99507312472337
18739,375,385,LAE,18.2798500906603
18740,375,390,LAE,11.344668377835694
18741,375,382,LAE,0.9512648479178397
18742,376,379,LAE,4.674575588391324
18743,376,389,LAE,15.029954618345457
18744,376,379,LAE,1.194285751082588
18745,376,379,LAE,0.718607757704745
18746,376,380,LAE,11.890475924660944
18747,377,393,LAE,26.448116513308054
18748,377,395,LAE,0.8778854480110708
18749,377,408,LAE,1.8544410649416632
18750,377,397,LAE,12.78354298263463
18751,377,383,LAE,1.2738232820979383
18752,377,384,LAE,0.9841568035889321
18753,377,409,LAE,11.34952186618072
18754,377,379,LAE,24.91820663878364
18755,378,379,LAE,18.53058741064195
18756,378,409,LAE,9.942608072190069
18757,378,409,LAE,8.69252606779829
18758,378,381,LAE,10.292640213376174
18759,378,402,LAE,2.826353896670263
18760,378,389,LAE,1.2216929641878778
18761,378,379,LAE,46.92896484628803
18762,378,388,LAE,30.574855642483506
18763,378,381,LAE,4.3662388432832
18764,378,384,LAE,9.17174412210643
18765,378,379,LAE,13.233954018734678
18766,378,382,LAE,15.374094084845755
18767,378,381,LAE,17.95138053722019
18768,378,381,LAE,10.386961648679964
18769,378,395,LAE,9.103122761334605
18770,378,391,LAE,18.369586682536276
18771,378,383,LAE,3.0775606113217218
18772,378,389,LAE,7.7386019224703615
18773,378,382,LAE,12.68894476543604
18774,378,398,LAE,18.42801785273277
18775,378,379,LAE,7.13624654571675
18776,376,380,LAE,6.23288951765347
18777,376,380,LAE,15.68530379341019
18778,377,399,LAE,1.2841677042286102
18779,377,380,LAE,12.609621090205342
18780,377,409,LAE,1.7163521996934532
18781,377,409,LAE,1.2374631719224218
18782,377,386,LAE,16.394524111703273
18783,377,385,LAE,14.719652204612304
18784,378,386,LAE,8.095462416737174
18785,378,381,LAE,21.00031477025138
18786,378,380,LAE,3.678498095233706
18787,378,388,LAE,10.47903508327053
18788,378,393,LAE,0.9245650845423625
18789,378,380,LAE,1.5781484504299788
18790,378,388,LAE,8.618328488368531
18791,378,380,LAE,2.0450468897478395
18792,378,380,LAE,7.694106951142434
18793,379,385,LAE,0.7108388410562415
18794,379,382,LAE,0.6848211067928345
18795,379,407,LAE,4.603724546853783
18796,379,395,LAE,30.80251173352912
18797,379,380,LAE,3.223911824391421
18798,379,384,LAE,10.716779559400592
18799,379,380,LAE,1.5452717173973736
18800,379,380,LAE,3.4525853451357422
18801,379,381,LAE,38.650373279198625
18802,379,392,LAE,7.214823611527098
18803,379,382,LAE,38.50582536983514
18804,379,380,LAE,1.1340300348617955
18805,379,381,LAE,1.2055111231543623
18806,379,380,LAE,14.73328910697525
18807,379,380,LAE,0.8643302689858182
18808,379,380,LAE,9.561891000605552
18809,379,389,LAE,10.928907001491973
18810,379,383,LAE,1.0458744250976673
18811,379,399,LAE,3.0888536263147053
18812,379,380,LAE,17.4564396122114
18813,379,380,LAE,38.676156655127556
18814,379,382,LAE,24.673074723158397
18815,379,380,LAE,14.656120020405869
18816,379,380,LAE,0.6348766201529786
18817,378,387,LAE,23.599741592535917
18818,378,387,LAE,38.85255226264564
18819,378,402,LAE,0.9081350064097953
18820,378,381,LAE,31.666066118573934
18821,379,387,LAE,26.440229385994318
18822,379,381,LAE,16.843836300686906
18823,379,381,LAE,5.5739571188938335
18824,379,399,LAE,1.11970716463328
18825,379,382,LAE,14.164493016568066
18826,379,409,LAE,2.151827014709083
18827,379,383,LAE,10.423713080853041
18828,379,384,LAE,27.340909907663296
18829,379,385,LAE,21.811747522130123
18830,379,381,LAE,0.6577432864553473
18831,380,408,LAE,7.769435441403254
18832,380,407,LAE,20.978443963645773
18833,380,405,LAE,28.082482497287508
18834,380,385,LAE,51.28056882249647
18835,380,381,LAE,8.266721675068911
18836,380,384,LAE,21.797901412307773
18837,380,408,LAE,9.43587294700919
18838,380,400,LAE,7.982958839800223
18839,380,383,LAE,1.4926259833840216
18840,380,385,LAE,1.3100053375519887
18841,380,408,LAE,48.74095167322653
18842,380,381,LAE,11.94025281594646
18843,380,382,LAE,20.429432112788707
18844,380,381,LAE,7.3163413158603
18845,380,407,LAE,9.148968943603728
18846,380,405,LAE,15.126572978597965
18847,380,384,LAE,0.8020872712371901
18848,378,382,LAE,16.24317167082927
18849,378,382,LAE,26.083158847278934
18850,379,383,LAE,12.495606882563013
18851,379,388,LAE,8.909755082550644
18852,379,404,LAE,0.8901376016504069
18853,379,401,LAE,0.8095244062792043
18854,379,382,LAE,0.9059175812028426
18855,379,406,LAE,14.214265656467635
18856,380,385,LAE,19.886314481865785
18857,380,386,LAE,15.041947471252552
18858,380,409,LAE,1.3829229361305142
18859,380,383,LAE,15.314276435336302
18860,380,382,LAE,1.021661989736033
18861,380,383,LAE,5.95696263708818
18862,380,396,LAE,15.555793364183101
18863,380,385,LAE,10.264663978960401
18864,380,399,LAE,6.231632739264251
18865,380,383,LAE,3.2715443054889195
18866,380,386,LAE,5.780607330554465
18867,380,382,LAE,12.874757059578629
18868,380,386,LAE,55.97263583764678
18869,380,382,LAE,9.859580228412623
18870,381,409,LAE,3.1742347782532967
18871,381,382,LAE,24.48977664921898
18872,381,389,LAE,0.8366491189333646
18873,381,409,LAE,7.571339189540798
18874,381,385,LAE,10.838994887988093
18875,381,386,LAE,0.6881203346637665
18876,381,382,LAE,15.297210659662674
18877,381,384,LAE,0.6850805301734461
18878,381,382,LAE,28.06589614222655
18879,381,383,LAE,15.525603136375953
18880,381,384,LAE,13.580334889613116
18881,381,382,LAE,17.976811438363505
18882,381,385,LAE,0.624120206259115
18883,381,382,LAE,13.980523790609544
18884,381,390,LAE,39.26344229284752
18885,381,382,LAE,1.1582653787209518
18886,381,382,LAE,0.8893368360651248
18887,381,393,LAE,7.287778608879807
18888,381,382,LAE,12.809466864721712
18889,379,383,LAE,1.232855562113016
18890,379,385,LAE,0.6752755693099762
18891,379,407,LAE,1.2291149604279896
18892,379,383,LAE,50.23061173585197
18893,379,383,LAE,8.752984791351544
18894,380,394,LAE,7.3652472851017
18895,380,409,LAE,1.7519088347747074
18896,380,383,LAE,12.737968461091446
18897,380,383,LAE,14.161407257722065
18898,380,387,LAE,1.1991564694346655
18899,380,389,LAE,19.076441111777434
18900,380,390,LAE,4.285201704636035
18901,380,409,LAE,2.5195457201665543
18902,381,390,LAE,2.511138700461925
18903,381,387,LAE,8.237388210150188
18904,381,386,LAE,0.7219909160109318
18905,381,388,LAE,0.8321705492992718
18906,381,397,LAE,0.9606161882886457
18907,381,383,LAE,1.5303707470651065
18908,381,383,LAE,11.911775660518797
18909,381,387,LAE,3.229705993135118
18910,381,394,LAE,6.62338142940478
18911,381,387,LAE,3.0288713658005677
18912,382,395,LAE,9.615011426581084
18913,382,399,LAE,1.0998018515118597
18914,382,409,LAE,10.96993755953274
18915,382,385,LAE,1.0451196900478734
18916,382,383,LAE,9.758073761378043
18917,382,409,LAE,55.824107168287995
18918,382,391,LAE,6.664349358147953
18919,382,385,LAE,0.6628967520020683
18920,382,398,LAE,5.078440025549024
18921,382,409,LAE,1.6850342788589336
18922,382,383,LAE,10.896222331396222
18923,382,409,LAE,1.0602563696098941
18924,382,386,LAE,8.85256179410888
18925,382,402,LAE,27.423662191888702
18926,382,397,LAE,13.41049849850856
18927,382,387,LAE,4.3519071387845
18928,382,383,LAE,10.073337043413499
18929,382,383,LAE,12.687084706196897
18930,382,388,LAE,15.042204626349532
18931,382,390,LAE,6.331793142197273
18932,382,387,LAE,9.866053714330887
18933,382,386,LAE,0.9757752482261317
18934,382,388,LAE,10.296159151079612
18935,382,383,LAE,29.57223711873713
18936,382,386,LAE,0.865283813554807
18937,380,389,LAE,33.160465059080735
18938,380,386,LAE,3.150989353304631
18939,380,388,LAE,8.54099510574564
18940,381,385,LAE,13.500315046610194
18941,381,391,LAE,6.779022332513115
18942,381,384,LAE,28.300526378783033
18943,381,391,LAE,0.8616764292957776
18944,381,386,LAE,0.844656797948832
18945,381,409,LAE,18.51059272603192
18946,381,399,LAE,3.585355765986597
18947,381,409,LAE,8.35596539125781
18948,382,408,LAE,1.6067673663042754
18949,382,388,LAE,16.04544883174149
18950,382,393,LAE,1.0961345565140317
18951,382,396,LAE,2.5992152941216315
18952,382,409,LAE,1.605418227817289
18953,382,400,LAE,0.7547143606481126
18954,382,409,LAE,1.7567357041373917
18955,382,388,LAE,16.256745374858845
18956,382,384,LAE,38.80748335755055
18957,382,398,LAE,1.5644588026568451
18958,382,384,LAE,1.6142027770860534
18959,382,408,LAE,19.595708493954856
18960,382,385,LAE,0.7920199151616563
18961,382,384,LAE,2.012544980538564
18962,383,408,LAE,13.457078326709533
18963,383,389,LAE,1.0022137299893863
18964,383,385,LAE,14.457012735756692
18965,383,387,LAE,6.879340080332298
18966,383,387,LAE,0.9200831155717059
18967,383,409,LAE,28.842847482280867
18968,383,390,LAE,1.0146922915313867
18969,383,388,LAE,17.902863016822863
18970,383,384,LAE,0.8877197237667965
18971,383,409,LAE,3.009709638521443
18972,383,408,LAE,15.302606040925655
18973,383,384,LAE,1.0187699690583591
18974,383,387,LAE,1.2201959466342491
18975,383,403,LAE,19.289035228829636
18976,383,384,LAE,5.054514305473527
18977,383,409,LAE,0.9351070243716864
18978,381,391,LAE,44.91076132237094
18979,381,385,LAE,7.005833447871436
18980,381,407,LAE,9.550899038895329
18981,381,387,LAE,0.6735278666552962
18982,381,385,LAE,28.531633025310615
18983,382,409,LAE,0.7614660861537988
18984,382,391,LAE,1.5260114791654777
18985,382,409,LAE,0.7833882380683751
18986,382,408,LAE,0.8559804008745626
18987,382,388,LAE,1.1688042157265919
18988,382,385,LAE,1.1275717032564476
18989,383,385,LAE,11.667768210427928
18990,383,385,LAE,0.5828832111310155
18991,383,402,LAE,16.9781521407671
18992,383,385,LAE,9.261496421581171
18993,383,387,LAE,1.154276824429036
18994,383,409,LAE,1.228648140724544
18995,384,409,LAE,1.012400127360364
18996,384,407,LAE,21.71332055935458
18997,384,385,LAE,10.717735943357177
18998,384,389,LAE,5.739196201770716
18999,384,409,LAE,7.3189738216826035
19000,384,409,LAE,1.3927133767766977
19001,384,390,LAE,27.249803857174534
19002,384,395,LAE,6.810829665991123
19003,384,408,LAE,2.5775727032288165
19004,384,385,LAE,28.428760095335267
19005,384,392,LAE,31.678033683248806
19006,384,401,LAE,7.702951217707889
19007,384,385,LAE,11.439046002651443
19008,384,392,LAE,2.4571243695168885
19009,384,408,LAE,2.0528217033281124
19010,384,406,LAE,51.71050600782597
19011,384,396,LAE,4.4428121390956266
19012,384,387,LAE,0.5476828261444713
19013,384,391,LAE,4.349675385715256
19014,384,387,LAE,9.432818534084921
19015,384,389,LAE,9.51729739432638
19016,384,387,LAE,2.4322194940632347
19017,384,388,LAE,27.37236430481428
19018,384,409,LAE,0.8751523609260724
19019,382,386,LAE,8.104804193063867
19020,382,408,LAE,2.293165395772554
19021,382,386,LAE,0.9410002806201417
19022,382,409,LAE,21.215746160669315
19023,383,409,LAE,1.7780919317000765
19024,383,386,LAE,14.915526769347302
19025,383,386,LAE,2.6886142609869186
19026,383,388,LAE,33.4874675648919
19027,383,386,LAE,36.12869861995531
19028,383,386,LAE,5.75987498244259
19029,383,386,LAE,18.404189702336115
19030,383,386,LAE,33.75304019173035
19031,383,386,LAE,4.390923872928758
19032,384,395,LAE,18.692977253616103
19033,384,388,LAE,13.568768350654882
19034,384,391,LAE,7.27820695146996
19035,384,403,LAE,0.703355450718658
19036,384,403,LAE,1.6321755344760829
19037,384,389,LAE,17.26766014138412
19038,384,386,LAE,27.503469495239607
19039,385,409,LAE,13.69936175366083
19040,385,391,LAE,22.169703522943777
19041,385,390,LAE,1.4255478032453994
19042,385,387,LAE,1.0776894968343749
19043,385,388,LAE,23.660406374397756
19044,385,388,LAE,3.553876052400303
19045,385,387,LAE,4.524514201763774
19046,385,396,LAE,11.670727785765305
19047,385,394,LAE,4.423610711334023
19048,385,393,LAE,48.66454288368302
19049,385,386,LAE,11.086224727213716
19050,385,406,LAE,3.0596172326131525
19051,385,386,LAE,7.288804184111901
19052,385,386,LAE,4.489831976985067
19053,385,395,LAE,25.765227312920825
19054,385,409,LAE,1.2271861174989744
19055,383,387,LAE,3.2016940836095267
19056,383,392,LAE,1.48725907714553
19057,383,409,LAE,1.3032105171510162
19058,383,392,LAE,1.3087722925526941
19059,384,401,LAE,0.7583330318851248
19060,384,396,LAE,0.9058455477145145
19061,384,387,LAE,55.63028751399403
19062,384,396,LAE,15.186413267231023
19063,384,387,LAE,3.221305478065464
19064,384,406,LAE,14.087912555576821
19065,384,387,LAE,25.42044087799961
19066,384,409,LAE,1.0708496069143556
19067,384,396,LAE,13.015326774508106
19068,385,389,LAE,7.189453037414842
19069,385,387,LAE,27.854578397023225
19070,385,392,LAE,0.6274245724880532
19071,385,400,LAE,5.093706678475141
19072,385,387,LAE,17.078528820622026
19073,386,396,LAE,20.274986531480433
19074,386,406,LAE,11.441590807898761
19075,386,400,LAE,3.5155302856954287
19076,386,387,LAE,18.233305213354917
19077,386,388,LAE,12.620293883715407
19078,386,409,LAE,0.967780389030192
19079,386,394,LAE,2.1294240035829928
19080,386,396,LAE,6.953350227658405
19081,386,395,LAE,2.114998642228772
19082,386,403,LAE,26.390967787709304
19083,386,409,LAE,11.527636234972226
19084,386,402,LAE,8.83489244364668
19085,386,390,LAE,29.343614328967266
19086,386,388,LAE,12.792527143952002
19087,386,387,LAE,1.0261849699027081
19088,386,409,LAE,0.8967352872052576
19089,386,388,LAE,18.42325361383028
19090,386,390,LAE,25.709193244206105
19091,386,409,LAE,19.64241645311383
19092,386,387,LAE,1.9817257822570782
19093,384,409,LAE,7.309295905119707
19094,384,402,LAE,0.9044771107112752
19095,384,392,LAE,36.747851179902156
19096,384,401,LAE,51.732466215453925
19097,384,389,LAE,17.322960920518025
19098,385,388,LAE,1.4695834547609608
19099,385,396,LAE,0.7595784222017495
19100,385,388,LAE,24.81407722622028
19101,385,392,LAE,10.697514555544723
19102,385,388,LAE,22.768248079554965
19103,385,403,LAE,27.12205489833272
19104,386,393,LAE,7.773729254290092
19105,386,390,LAE,8.711978138131517
19106,386,388,LAE,17.257996263384733
19107,386,393,LAE,28.936213498133743
19108,386,388,LAE,32.131503086926195
19109,386,389,LAE,23.668547901091365
19110,386,400,LAE,1.8811875567403915
19111,386,389,LAE,1.2154809543746115
19112,386,397,LAE,0.7024166688821357
19113,386,388,LAE,0.9948209050374424
19114,386,388,LAE,37.744437209226476
19115,386,409,LAE,9.741586721342017
19116,386,388,LAE,3.7464565363241085
19117,386,388,LAE,1.0928903001267234
19118,387,389,LAE,31.296832220100026
19119,387,396,LAE,20.412552037761802
19120,387,391,LAE,0.6304796541028189
19121,387,388,LAE,9.412357765877193
19122,387,388,LAE,5.62173295164035
19123,387,392,LAE,12.886758767177996
19124,387,388,LAE,23.586295890094537
19125,387,388,LAE,2.2161375750377323
19126,387,391,LAE,0.6242045617574987
19127,387,388,LAE,19.561995534976052
19128,387,403,LAE,3.424511146190671
19129,387,406,LAE,14.105227427384843
19130,387,388,LAE,2.17512914966117
19131,387,391,LAE,14.43982999083356
19132,387,388,LAE,8.752353206602194
19133,387,388,LAE,6.511148969041428
19134,387,391,LAE,12.845105572361554
19135,387,390,LAE,36.424340964540725
19136,387,409,LAE,1.050427503168041
19137,385,389,LAE,0.7307354390360551
19138,385,389,LAE,14.610259986092949
19139,385,408,LAE,2.559612865610335
19140,386,400,LAE,0.7205489521191458
19141,386,391,LAE,16.6509405164631
19142,386,389,LAE,31.45028733376425
19143,386,408,LAE,3.171026073598217
19144,386,398,LAE,0.7199293241391045
19145,386,390,LAE,0.6170366234440452
19146,386,393,LAE,44.83361054405788
19147,386,408,LAE,1.6994644528239182
19148,386,391,LAE,0.6693618023370402
19149,387,398,LAE,14.422341208385637
19150,387,389,LAE,12.67290053001636
19151,387,389,LAE,16.042613573307964
19152,387,390,LAE,8.734333702015979
19153,387,409,LAE,1.0108054634680943
19154,387,408,LAE,19.627044227490597
19155,387,390,LAE,0.680895809021072
19156,387,393,LAE,10.47690836820783
19157,387,393,LAE,8.696993779933493
19158,387,392,LAE,4.331624031206639
19159,387,389,LAE,33.5044328104466
19160,387,389,LAE,3.165619502144022
19161,387,409,LAE,1.2364700470665801
19162,388,389,LAE,3.036034916566432
19163,388,395,LAE,35.506856182547196
19164,388,394,LAE,8.107588193812125
19165,388,390,LAE,21.942339435529423
19166,388,390,LAE,15.27285366619155
19167,388,409,LAE,1.075034947220143
19168,388,389,LAE,9.107754502803255
19169,388,408,LAE,8.140256100822718
19170,388,408,LAE,3.1025007184368163
19171,388,409,LAE,0.7423968830024097
19172,388,390,LAE,16.570347991903542
19173,388,399,LAE,9.164119202692738
19174,388,389,LAE,22.363419138533374
19175,386,394,LAE,36.02310737732799
19176,386,408,LAE,12.21231891980035
19177,387,391,LAE,0.824240266118542
19178,387,390,LAE,29.090124138290232
19179,387,393,LAE,35.600742155339525
19180,387,394,LAE,12.921063602943844
19181,387,391,LAE,3.03842595914271
19182,387,390,LAE,23.14748945659319
19183,388,409,LAE,14.307442006016027
19184,388,392,LAE,8.085440192045706
19185,388,395,LAE,0.6518945393407889
19186,388,390,LAE,14.788415185856365
19187,388,391,LAE,12.927960795882173
19188,388,390,LAE,1.5188409651234351
19189,388,390,LAE,0.5494122891389627
19190,388,390,LAE,29.16334458697842
19191,388,392,LAE,12.314221048883125
19192,388,398,LAE,13.157934406955365
19193,388,395,LAE,18.232110829263917
19194,388,392,LAE,11.25175982115882
19195,388,409,LAE,1.4002518902814227
19196,389,396,LAE,10.513193790553949
19197,389,390,LAE,22.144619064495053
19198,389,408,LAE,3.0663257741419545
19199,389,400,LAE,5.9455233707934525
19200,389,404,LAE,10.3018197841523
19201,389,390,LAE,1.2634753118205737
19202,389,394,LAE,8.897022754006878
19203,389,409,LAE,3.2250546930912836
19204,389,392,LAE,1.5278303694667053
19205,389,390,LAE,1.416196438360907
19206,387,397,LAE,7.63907335474891
19207,388,391,LAE,0.9078343485454103
19208,388,391,LAE,1.0246035063529793
19209,388,392,LAE,1.1603492029236937
19210,388,392,LAE,1.5762083746432218
19211,388,391,LAE,38.56442744992744
19212,388,391,LAE,0.8617526760584583
19213,388,391,LAE,7.030327189453315
19214,388,391,LAE,22.15992424763276
19215,388,409,LAE,18.96285739599545
19216,388,395,LAE,0.6595384861463829
19217,389,398,LAE,2.2919766805350372
19218,389,394,LAE,1.5512888767786346
19219,389,406,LAE,0.6302757719277811
19220,389,404,LAE,14.689959637808524
19221,389,409,LAE,41.53059426216338
19222,389,409,LAE,20.0118613756848
19223,389,403,LAE,1.353733091403077
19224,389,393,LAE,44.74704630987614
19225,389,391,LAE,18.840237213873475
19226,389,391,LAE,22.504084137632475
19227,389,401,LAE,1.0069507313077315
19228,389,394,LAE,28.482010910256033
19229,389,391,LAE,58.93600329255362
19230,389,391,LAE,1.2104367971715226
19231,390,397,LAE,0.610548456517429
19232,390,405,LAE,17.495042439875046
19233,390,407,LAE,12.829415165716425
19234,390,394,LAE,8.389207296410676
19235,390,395,LAE,0.9385645028933836
19236,390,393,LAE,9.977731299543072
19237,390,391,LAE,2.563914370268344
19238,390,394,LAE,13.398177308625884
19239,390,391,LAE,0.9334004371474011
19240,388,393,LAE,24.582108926792564
19241,388,409,LAE,10.135516757741726
19242,388,409,LAE,8.95502424142544
19243,388,392,LAE,9.504702523477073
19244,388,398,LAE,22.76706155854171
19245,388,394,LAE,20.585417358219694
19246,389,398,LAE,4.322561037054215
19247,389,396,LAE,16.958003190241648
19248,389,409,LAE,7.191774104046624
19249,389,409,LAE,6.905098948004835
19250,389,393,LAE,24.64901407710343
19251,389,394,LAE,38.11404891489097
19252,389,392,LAE,0.9432512098783388
19253,390,400,LAE,8.247203898818878
19254,390,409,LAE,0.6348436022089128
19255,390,397,LAE,1.038271687236216
19256,390,392,LAE,3.5158208966706823
19257,390,395,LAE,36.87604556483163
19258,390,401,LAE,43.94635167611964
19259,390,392,LAE,11.710439885181724
19260,391,409,LAE,3.9448110736360302
19261,391,399,LAE,14.890231358017953
19262,391,408,LAE,22.07444689552814
19263,391,392,LAE,0.750550760620345
19264,391,397,LAE,1.3499722343368596
19265,391,398,LAE,7.69277160612649
19266,391,392,LAE,20.55404113239586
19267,391,392,LAE,0.8010619498551472
19268,391,400,LAE,2.573293140278559
19269,391,408,LAE,17.171357784767935
19270,391,397,LAE,27.959751419489105
19271,389,409,LAE,8.779588336184018
19272,389,393,LAE,15.80708642128446
19273,389,409,LAE,3.972025238417508
19274,389,393,LAE,3.491547117908519
19275,389,393,LAE,20.177523157709487
19276,389,393,LAE,16.311849555535414
19277,390,393,LAE,3.2598115138005586
19278,390,409,LAE,0.9479055757180833
19279,390,393,LAE,2.069015587397555
19280,391,395,LAE,19.340415759414935
19281,391,393,LAE,9.447921581505575
19282,391,393,LAE,27.202926325597517
19283,391,394,LAE,16.309364339117128
19284,391,406,LAE,28.356132272199982
19285,391,393,LAE,14.39497890947558
19286,392,393,LAE,1.1876689631946842
19287,392,408,LAE,14.364259544658882
19288,392,399,LAE,16.12989963952172
19289,392,406,LAE,0.8179328996240174
19290,392,409,LAE,7.992748197670935
19291,392,408,LAE,3.5417220931148132
19292,392,395,LAE,12.347187891470735
19293,392,397,LAE,1.5988296411421983
19294,392,395,LAE,26.76482542459837
19295,392,409,LAE,1.1424067182530024
19296,392,400,LAE,11.649777177015372
19297,392,397,LAE,43.137570216126136
19298,392,393,LAE,9.869647869681906
19299,392,409,LAE,19.46565329214911
19300,392,408,LAE,11.438703996534135
19301,390,395,LAE,8.141275101613326
19302,390,394,LAE,21.45480627110134
19303,390,398,LAE,12.070477510329576
19304,390,394,LAE,42.66399237672977
19305,391,394,LAE,1.436749216251102
19306,391,409,LAE,20.72659321735569
19307,391,398,LAE,5.992286777321686
19308,391,409,LAE,0.7830893501579476
19309,391,401,LAE,2.535515334496789
19310,391,394,LAE,30.79879565556523
19311,392,396,LAE,22.58964068731533
19312,392,395,LAE,3.082830535703342
19313,392,401,LAE,22.762962645293385
19314,392,394,LAE,3.640614917902224
19315,392,394,LAE,11.0356210467111
19316,392,409,LAE,0.8989889983863931
19317,392,398,LAE,3.129957019513207
19318,392,394,LAE,1.9352864274346557
19319,393,409,LAE,9.354311872862507
19320,393,409,LAE,9.332019113273796
19321,393,394,LAE,15.112357200087015
19322,393,400,LAE,22.046137786851805
19323,393,409,LAE,1.5068453269300086
19324,393,394,LAE,10.442926205795182
19325,393,396,LAE,4.16425483175599
19326,393,396,LAE,7.314624006871599
19327,393,402,LAE,14.661221886606267
19328,393,394,LAE,5.74391539405353
19329,393,394,LAE,10.138176905895206
19330,393,409,LAE,23.601401468328742
19331,393,394,LAE,1.024308089277566
19332,393,394,LAE,2.01341712968009
19333,393,394,LAE,0.7511796291608287
19334,393,398,LAE,15.134738322854545
19335,393,394,LAE,42.7129879194104
19336,391,409,LAE,1.5824097744691457
19337,391,398,LAE,8.167619152480771
19338,391,409,LAE,1.0309332375903042
19339,391,399,LAE,2.7849379968664696
19340,391,409,LAE,11.493399897269294
19341,391,397,LAE,12.286823785208835
19342,392,407,LAE,0.90177151175282
19343,392,395,LAE,9.916287235634773
19344,392,396,LAE,21.061913199795722
19345,392,395,LAE,34.6855345448071
19346,392,401,LAE,22.29203397935446
19347,392,396,LAE,2.220943858992946
19348,392,408,LAE,2.358338269856504
19349,392,409,LAE,4.160108084317074
19350,392,395,LAE,28.67428436832533
19351,393,395,LAE,0.5702877377856121
19352,393,395,LAE,1.225949363022028
19353,393,395,LAE,5.667584014656006
19354,393,396,LAE,33.778275880338015
19355,393,399,LAE,0.9323325797635866
19356,393,404,LAE,28.67199356508697
19357,393,398,LAE,11.64719510952822
19358,393,409,LAE,37.20626968427153
19359,393,395,LAE,0.6685696566721652
19360,393,404,LAE,1.6224681323871244
19361,393,395,LAE,6.765119054358397
19362,393,403,LAE,29.873393727347615
19363,394,395,LAE,15.054886407201469
19364,394,409,LAE,0.9651668301138382
19365,394,401,LAE,5.951769756790747
19366,394,395,LAE,9.534823172523154
19367,394,401,LAE,25.77270851092624
19368,394,395,LAE,5.856512233305094
19369,394,396,LAE,3.8954712505577715
19370,394,398,LAE,1.319165680303293
19371,392,407,LAE,1.139842929501827
19372,392,400,LAE,0.6880892844505314
19373,392,396,LAE,26.638345440996048
19374,393,396,LAE,17.196528122253447
19375,393,396,LAE,3.178141696310922
19376,393,396,LAE,0.6891757249463054
19377,393,402,LAE,34.88264617610203
19378,393,396,LAE,10.49375719235144
19379,394,401,LAE,14.347462240996544
19380,394,409,LAE,3.1040877271277236
19381,394,409,LAE,17.039966861917684
19382,394,396,LAE,8.388372267882241
19383,394,404,LAE,0.6088087807124141
19384,394,407,LAE,23.129447761880648
19385,394,396,LAE,20.39352056447642
19386,394,396,LAE,5.841954309786576
19387,394,409,LAE,0.7305400523004086
19388,395,396,LAE,3.1933253551768623
19389,395,409,LAE,8.312729701707527
19390,395,409,LAE,2.7844157450896025
19391,395,397,LAE,1.2077757483845621
19392,395,397,LAE,6.290011715283054
19393,395,409,LAE,33.57006308854581
19394,393,397,LAE,0.9202000909877529
19395,393,397,LAE,1.0604221112296723
19396,393,399,LAE,21.09583658055689
19397,393,400,LAE,4.212130203190038
19398,393,397,LAE,12.905048738722032
19399,394,397,LAE,20.439050177484255
19400,394,398,LAE,12.655003421132351
19401,394,409,LAE,1.0097114252683366
19402,394,409,LAE,21.31033544347217
19403,394,400,LAE,8.87455652442191
19404,394,398,LAE,0.7135860832240483
19405,394,408,LAE,30.624030350106153
19406,394,399,LAE,4.293145604738472
19407,395,397,LAE,9.846506449788718
19408,395,399,LAE,13.262437043793618
19409,395,399,LAE,1.4960554156940573
19410,395,397,LAE,1.0197265388263914
19411,395,401,LAE,9.063900470104986
19412,395,401,LAE,40.80114738763304
19413,395,397,LAE,11.47255755647679
19414,395,409,LAE,0.6757489784436455
19415,395,402,LAE,14.301351475877174
19416,395,409,LAE,20.45743166868121
19417,395,397,LAE,16.076462793220664
19418,395,409,LAE,1.4433046821044921
19419,395,397,LAE,37.04643872983001
19420,395,402,LAE,1.3942362426344845
19421,396,408,LAE,28.126835649779395
19422,396,409,LAE,5.993295333495374
19423,396,404,LAE,47.6241733210422
19424,396,402,LAE,14.29318707747353
19425,396,397,LAE,8.174103471844921
19426,396,399,LAE,42.4786701386524
19427,396,400,LAE,1.3485149003592354
19428,394,400,LAE,1.0491308167810978
19429,394,401,LAE,0.6421606227722703
19430,395,409,LAE,8.682022887997851
19431,395,401,LAE,44.514539248528564
19432,396,398,LAE,1.0458528386423271
19433,396,407,LAE,1.6398218013567212
19434,396,400,LAE,7.212077855530553
19435,396,401,LAE,22.195061000692448
19436,396,398,LAE,32.56729992584866
19437,396,398,LAE,31.23898836864408
19438,397,409,LAE,12.501351622433205
19439,397,399,LAE,16.21410194331161
19440,397,399,LAE,0.9319559393119007
19441,397,403,LAE,0.7881674137954835
19442,397,400,LAE,0.6292500404115058
19443,397,398,LAE,1.0073996945546633
19444,397,406,LAE,0.7230992266047741
19445,397,398,LAE,11.169463566437443
19446,397,407,LAE,0.7696038507794586
19447,397,403,LAE,28.424101838604006
19448,397,408,LAE,0.8390807195242218
19449,397,398,LAE,8.669367616928712
19450,397,400,LAE,1.379874878168111
19451,397,401,LAE,6.39483814060239
19452,395,403,LAE,30.29286758177427
19453,395,399,LAE,16.09113471340087
19454,395,399,LAE,0.6273078157534188
19455,396,409,LAE,21.19849251944911
19456,396,407,LAE,0.6940505852024167
19457,396,399,LAE,10.049226400530655
19458,396,401,LAE,0.8803107921196757
19459,396,404,LAE,0.9952428495259881
19460,396,399,LAE,21.526054188849983
19461,397,409,LAE,24.783489203530525
19462,397,408,LAE,3.0525237821894473
19463,397,399,LAE,49.242200270516
19464,397,401,LAE,6.913482586366917
19465,397,402,LAE,7.082630076879596
19466,397,399,LAE,14.855849345205396
19467,398,404,LAE,2.707262508136017
19468,398,399,LAE,2.8391396125201145
19469,398,399,LAE,1.2258454798481426
19470,398,402,LAE,0.7829478943238454
19471,398,400,LAE,0.6060047883307599
19472,398,403,LAE,18.8665882204089
19473,398,399,LAE,2.415860144828155
19474,398,406,LAE,8.942692975073708
19475,398,403,LAE,45.81924069575002
19476,398,402,LAE,17.510899193809806
19477,398,399,LAE,29.133781573640572
19478,398,409,LAE,0.9426323064913968
19479,398,402,LAE,0.5928910026609341
19480,396,409,LAE,6.412130433357628
19481,396,400,LAE,1.419669976194424
19482,396,409,LAE,47.34066099850565
19483,397,408,LAE,14.980567969950886
19484,397,400,LAE,17.178075916324467
19485,397,401,LAE,14.54696660790123
19486,397,401,LAE,11.802274892519877
19487,397,405,LAE,16.028142317978222
19488,397,400,LAE,0.5965968506160356
19489,397,400,LAE,8.719166727139955
19490,397,400,LAE,21.740295535300366
19491,397,400,LAE,1.5625651297425438
19492,397,400,LAE,25.720648295641585
19493,397,408,LAE,2.387518994726321
19494,397,409,LAE,4.034643779510979
19495,397,402,LAE,2.6183775400467613
19496,398,400,LAE,1.1804041577387656
19497,398,407,LAE,2.4403691376423486
19498,398,400,LAE,3.0191508670333658
19499,398,406,LAE,0.619011618278821
19500,398,400,LAE,13.597155212733837
19501,398,408,LAE,34.764594715079625
19502,398,405,LAE,8.399554730925496
19503,398,400,LAE,36.83006759348368
19504,399,401,LAE,53.54538823485657
19505,399,402,LAE,0.6063511419909401
19506,399,400,LAE,11.571666502173091
19507,399,409,LAE,0.9185445873447302
19508,399,400,LAE,18.387921859868232
19509,399,409,LAE,8.774921797863577
19510,399,403,LAE,25.178613218061507
19511,399,405,LAE,1.4928492512741731
19512,399,404,LAE,4.182655474698555
19513,399,408,LAE,34.17298149966836
19514,399,400,LAE,17.673878446560643
19515,397,401,LAE,11.610332411819254
19516,397,401,LAE,4.667259254967644
19517,397,401,LAE,28.614190766020204
19518,397,406,LAE,21.044529822664444
19519,398,409,LAE,1.4663455404469838
19520,398,401,LAE,32.11935925297738
19521,398,401,LAE,0.6355785035934928
19522,399,401,LAE,18.478948780627647
19523,399,401,LAE,1.0710700008845264
19524,399,408,LAE,26.117842978399867
19525,399,408,LAE,6.59535297564832
19526,399,409,LAE,1.158738508316843
19527,399,401,LAE,27.42888257277395
19528,400,403,LAE,0.8842094348620817
19529,400,404,LAE,9.02811010225397
19530,400,409,LAE,5.594368256262802
19531,400,409,LAE,3.982700045461865
19532,400,406,LAE,9.58194927060141
19533,400,401,LAE,21.517227886665857
19534,400,403,LAE,0.6848915242949026
19535,400,401,LAE,15.904212236510224
19536,400,408,LAE,35.94811253355076
19537,400,409,LAE,14.753264309110376
19538,400,401,LAE,2.0084859020916075
19539,398,406,LAE,24.00285036780717
19540,398,402,LAE,2.725392951472611
19541,398,402,LAE,35.4237540178016
19542,399,403,LAE,20.274239842155417
19543,399,409,LAE,8.102584816459265
19544,399,408,LAE,14.862951397925036
19545,400,409,LAE,9.681317839676964
19546,400,402,LAE,6.378539930016799
19547,401,407,LAE,6.604027514128182
19548,401,404,LAE,3.2651463585762412
19549,401,408,LAE,18.617941568771545
19550,401,405,LAE,30.052375691834737
19551,401,404,LAE,17.315543291131714
19552,401,402,LAE,9.813456466899504
19553,401,402,LAE,5.700036507024073
19554,401,409,LAE,15.17208487634718
19555,401,402,LAE,11.899890119097059
19556,401,402,LAE,20.485385941929955
19557,401,406,LAE,34.52936445952138
19558,401,402,LAE,4.345142849210868
19559,399,407,LAE,12.860099982395662
19560,399,403,LAE,3.2400477610549085
19561,399,408,LAE,6.470733883022018
19562,400,403,LAE,23.754414409694157
19563,400,409,LAE,38.30710832848519
19564,400,407,LAE,0.6938768379556985
19565,400,407,LAE,28.454774891662176
19566,400,406,LAE,26.2489474383397
19567,400,404,LAE,12.16209591662649
19568,400,403,LAE,1.6034499632752852
19569,401,407,LAE,24.755573766834523
19570,401,403,LAE,16.80744801230744
19571,401,403,LAE,7.359876907605637
19572,401,409,LAE,6.683062222941101
19573,401,406,LAE,13.319166001816672
19574,401,408,LAE,0.7811997415783074
19575,401,404,LAE,1.3957387041640585
19576,401,403,LAE,39.157579471521935
19577,402,409,LAE,27.784915289121713
19578,402,403,LAE,6.846063265534654
19579,402,403,LAE,2.874882879035917
19580,402,409,LAE,28.058377985595055
19581,402,403,LAE,5.697343391701732
19582,402,403,LAE,7.377584173810687
19583,402,408,LAE,12.73142393430752
19584,402,408,LAE,14.310002745543432
19585,402,405,LAE,5.974933889058499
19586,402,403,LAE,1.1132910702391214
19587,402,409,LAE,12.523428456096058
19588,400,406,LAE,8.076683330226864
19589,400,405,LAE,35.57907504659319
19590,400,409,LAE,17.136557116293627
19591,401,408,LAE,10.320510328161818
19592,402,409,LAE,19.293962640678348
19593,402,404,LAE,20.545674189560938
19594,402,406,LAE,0.6152135588949129
19595,402,404,LAE,1.1916114126175354
19596,402,408,LAE,15.222486303277455
19597,402,409,LAE,3.5126360340364404
19598,402,405,LAE,7.74829540004435
19599,403,409,LAE,3.890032485688502
19600,403,404,LAE,4.491100623239284
19601,403,407,LAE,9.627019219994231
19602,403,408,LAE,0.7086404326884689
19603,403,407,LAE,14.1752296062111
19604,403,404,LAE,4.484622302379294
19605,403,404,LAE,7.177980916514673
19606,403,407,LAE,3.0719025781345346
19607,403,409,LAE,31.410995953728246
19608,403,408,LAE,18.352839552083033
19609,403,404,LAE,1.2745870657747977
19610,403,404,LAE,18.463991994023875
19611,403,409,LAE,33.38258333506067
19612,403,409,LAE,19.373554270154067
19613,403,409,LAE,6.597720825661352
19614,403,408,LAE,45.44742314476736
19615,403,408,LAE,0.9649462504636447
19616,403,406,LAE,26.787531916916098
19617,403,409,LAE,13.470297383538972
19618,401,407,LAE,14.196257093779945
19619,401,408,LAE,0.799886335751235
19620,401,408,LAE,45.04907430480529
19621,401,409,LAE,0.6306992241510768
19622,401,405,LAE,0.6218636591712134
19623,402,409,LAE,11.590626371645573
19624,402,405,LAE,12.257665012898263
19625,402,408,LAE,18.78315565250595
19626,403,405,LAE,14.191537608994237
19627,403,406,LAE,6.93610826496593
19628,403,409,LAE,19.49537337893959
19629,403,405,LAE,7.103884841628417
19630,403,406,LAE,32.462329494689754
19631,403,409,LAE,17.368403784999078
19632,403,409,LAE,16.014741700923956
19633,403,405,LAE,3.299037590645136
19634,403,406,LAE,19.98035854561399
19635,403,407,LAE,16.42005810416993
19636,403,405,LAE,6.519457695023745
19637,404,405,LAE,29.830450374227897
19638,404,408,LAE,17.16742042601214
19639,404,409,LAE,30.665939008660473
19640,404,409,LAE,24.663498650214237
19641,404,407,LAE,7.047793784870897
19642,404,409,LAE,7.377631464786071
19643,404,409,LAE,41.38529019013073
19644,404,409,LAE,14.76095304137067
19645,404,407,LAE,13.746535188636425
19646,404,405,LAE,24.308932709874703
19647,404,407,LAE,10.530312809123842
19648,404,408,LAE,0.8746293032956789
19649,404,405,LAE,4.742659493108217
19650,404,409,LAE,12.590045039784576
19651,404,409,LAE,9.205395367547426
19652,404,405,LAE,13.280573606537198
19653,404,409,LAE,10.552182402414305
19654,404,407,LAE,6.748777429624778
19655,404,405,LAE,21.992129255971786
19656,404,409,LAE,29.74050489340325
19657,402,406,LAE,18.61513331465208
19658,402,408,LAE,18.291003453129502
19659,402,406,LAE,0.7105560348227218
19660,402,409,LAE,25.894139000413038
19661,403,406,LAE,41.94500798974095
19662,403,406,LAE,36.812999797384734
19663,403,408,LAE,18.384996517541616
19664,404,408,LAE,2.3702538418332617
19665,404,409,LAE,12.989158314697292
19666,404,406,LAE,1.023381167548253
19667,404,407,LAE,0.899214606648032
19668,404,409,LAE,23.089928860998953
19669,404,406,LAE,14.477676728321931
19670,404,409,LAE,19.22505946516549
19671,404,408,LAE,0.9979485270663727
19672,404,409,LAE,0.7027874220303465
19673,404,406,LAE,0.6081783598261502
19674,404,407,LAE,2.993845281661666
19675,405,406,LAE,12.009764734905966
19676,405,407,LAE,1.1131709208213576
19677,405,406,LAE,6.703977875671262
19678,405,409,LAE,3.640614917902224
19679,405,406,LAE,21.789618334169145
19680,405,408,LAE,14.678877177876533
19681,405,408,LAE,14.403778757277548
19682,405,409,LAE,22.260174267159663
19683,405,409,LAE,20.4843986857743
19684,405,407,LAE,2.4943572509404617
19685,405,408,LAE,4.222966965038618
19686,405,406,LAE,3.3743691487340994
19687,405,406,LAE,11.821217186857066
19688,405,406,LAE,7.445094753928762
19689,405,409,LAE,0.9650077313963867
19690,405,406,LAE,2.8006654588455544
19691,405,407,LAE,4.890597407419484
19692,405,408,LAE,12.240630312733654
19693,403,409,LAE,1.3127148412117047
19694,403,409,LAE,2.8678151090106545
19695,404,408,LAE,6.061652538153366
19696,404,407,LAE,38.89187484521249
19697,404,408,LAE,22.3073837911727
19698,404,407,LAE,5.827208190298861
19699,404,409,LAE,24.857681665870274
19700,404,407,LAE,0.9225121078122269
19701,404,409,LAE,14.128642023100507
19702,404,408,LAE,6.991055480291095
19703,405,408,LAE,4.266348077343262
19704,405,408,LAE,21.086400515932983
19705,405,408,LAE,8.243728701924773
19706,405,409,LAE,14.334905326817628
19707,405,409,LAE,5.364160371943188
19708,406,407,LAE,4.006188262827094
19709,406,407,LAE,6.773563965522104
19710,406,408,LAE,7.463749070705118
19711,406,409,LAE,5.941560184417865
19712,406,409,LAE,7.120373386184681
19713,406,407,LAE,7.652681472351979
19714,406,408,LAE,4.858931024308333
19715,406,409,LAE,1.090769957333013
19716,406,407,LAE,11.659717133356091
19717,406,407,LAE,18.858866974161163
19718,406,407,LAE,6.002414696213478
19719,406,407,LAE,10.278710930270023
19720,406,409,LAE,41.996932950755294
19721,404,409,LAE,5.343090572238794
19722,404,408,LAE,14.39464202588747
19723,405,408,LAE,21.562419566648924
19724,405,409,LAE,6.097597406537248
19725,405,409,LAE,15.843142046826305
19726,406,408,LAE,4.559615007314784
19727,406,408,LAE,0.6839726522209044
19728,406,408,LAE,18.204415207150618
19729,407,408,LAE,2.9154110603473407
19730,407,408,LAE,1.88452961118336
19731,407,409,LAE,2.6755493140234576
19732,407,408,LAE,0.5586681981159818
19733,405,409,LAE,48.24570101291107
19734,405,409,LAE,12.616346496933666
19735,405,409,LAE,0.9671745585894742
19736,406,409,LAE,2.3510416022552576
19737,406,409,LAE,1.277059179222706
19738,407,409,LAE,37.47152735881393
19739,407,409,LAE,1.1540516143416888
19740,407,409,LAE,5.143820879111597
19741,407,409,LAE,6.702494828986581
19742,407,409,LAE,4.2578428083806985
19743,408,409,LAE,6.349048969594774
19744,408,409,LAE,9.854793713501074
19745,408,409,LAE,10.900076458465113
19746,408,409,LAE,0.6552557572164441
19747,408,409,LAE,1.4319449092217158
19748,408,409,LAE,6.575259972241827
19749,408,409,LAE,18.73496255710853
19750,408,409,LAE,0.598779900187504
19751,408,409,LAE,57.65205681779904
19752,408,409,LAE,12.434267256016998
